timestamp,roll,pitch,yaw,acc_x,acc_y,acc_z,gyro_x,gyro_y,gyro_z,acc magnitude,gyro magnitude
0.0,6.015763695668612,-4.868580066323882,-22.52090342115989,-0.0905799786612892,-0.00174700861405,0.0232967544063454,0.0,0.0,0.0,,
0.009504000000021,6.045248019179297,-4.941622249325151,-22.603770683317777,-0.0892498340306662,-0.0046401620410489,-0.0110715246621988,0.0,0.0,0.0,,
0.0190000000000054,6.083454095713726,-5.036837233807624,-22.73736368667986,-0.0981051445186807,-0.0095734671261259,-0.0126501260169572,0.001937859516879,-0.0426059847773894,-0.0341238365186743,,
0.0380470000000059,6.231114253720748,-5.351579017111982,-23.087948393630093,-0.1078622195314374,-0.0172047265392795,0.0159302161941203,0.0062601769524075,-0.06266827164099,-0.0466901250568436,,
0.0475460000000111,6.355144747427365,-5.528842034600297,-23.32883122075817,-0.113631597064098,-0.0124120965505,-0.0159347300114682,0.0115253037643283,-0.0679399379431122,-0.0540202839911036,,
0.0570660000000202,6.5083878553482,-5.74787029972609,-23.62968521031664,-0.1118111989787034,-0.0127977028238863,-0.0162776682731813,0.0134561902967142,-0.0776028689036669,-0.0630008896225418,,
0.0665740000000028,6.669185220323644,-6.020265466424728,-23.97902662252313,-0.1156083461958255,-0.0272848123057156,0.0499570743167944,0.0129801176128528,-0.0872206188293678,-0.0725509760525741,,
0.0760840000000087,6.854997128323493,-6.310998794385786,-24.32573162313127,-0.1163057070585359,-0.0274387047570446,0.062453228266667,0.0156098420788071,-0.0925013858931992,-0.0804497529127598,,
0.0855780000000265,7.067822251591343,-6.634323006960915,-24.69620324754494,-0.0952462082886039,-0.0238764369683274,-0.0165795959206609,0.0170979631837393,-0.0980545392768432,-0.0867776311346391,,
0.0950940000000173,7.302117555474049,-6.988451865500095,-25.12006664879988,-0.0811237900445418,-0.0258657823669458,-0.0151270725832104,0.0182788958559186,-0.1024366570831716,-0.090086068987438,,
0.1046150000000238,7.547290459097103,-7.358500992644649,-25.529841888034014,-0.056623372955178,-0.0377962968386988,-0.0123112099724937,0.0209062711082406,-0.1009098575538815,-0.0896356549787832,,
0.114134000000007,7.82077307107538,-7.695254130833395,-25.91442613101735,-0.0307067038061843,-0.0499309184929975,0.0429086163433635,0.0292136729567734,-0.0931417193112484,-0.0847921541163631,,
0.1236379999999996,8.118982086424705,-8.005081607312428,-26.282511143016915,-0.0310080093646811,-0.0467380283978638,0.0505361862048141,0.037927197272134,-0.0838088691599053,-0.0770936181292392,,
0.1331430000000182,8.451536470886554,-8.297250117243928,-26.5975391194556,0.0326736182995802,-0.0688110702594067,0.0340154289237566,0.047809803301931,-0.0747403818302128,-0.0674410227472109,,
0.1426620000000014,8.832144158721572,-8.56484454813386,-26.897725034277293,0.0624595516187728,-0.0632563486013433,-0.0198409056903743,0.0575787427573473,-0.0676645645425209,-0.0575388869784735,,
0.1521700000000123,9.234803570707983,-8.798136249920493,-27.19179696860115,0.0533068392019943,-0.0604189854081194,0.0067779775191567,0.0630958031167862,-0.066064587612148,-0.0507078710764936,,
0.1616750000000024,9.659171114596038,-8.974589291670295,-27.45768945184909,0.0324110447063323,-0.0280167572625084,0.0655664296199703,0.068707054608274,-0.0653093680347997,-0.0471973575290671,,
0.1711910000000216,10.095362728981495,-9.05507190781835,-27.713438689103576,-0.012240218237828,-0.004652339229757,0.0544174779528417,0.0751179047097204,-0.0578981356604776,-0.0469782329483021,,
0.1806900000000268,10.559659085263158,-9.04670200870678,-27.96142995588692,-0.0430118465285537,0.0143694025654516,0.0334835147426265,0.082707176864071,-0.0525145464865288,-0.0491483206161549,,
0.1902040000000227,11.01248507913887,-8.970319914016544,-28.229958087068727,-0.0697305880159127,0.0269445112643669,0.0363779802992827,0.0825294897419933,-0.044646013113158,-0.0535405880615575,,
0.1997120000000052,11.404539543413849,-8.813383988547653,-28.53283097360657,-0.0903879581014696,0.0403565843399058,0.0234269632441578,0.0786568254479665,-0.031003783415919,-0.0586010293976142,,
0.2092220000000111,11.79062900050401,-8.625344559432001,-28.86855348591556,-0.1102948799523829,0.0411938022113445,0.065556868565291,0.0778846979105846,-0.0272977115053454,-0.063917276070889,,
0.2186720000000264,12.13770447491891,-8.556606059645224,-29.22627541057168,-0.1081947387108949,0.0329106385583046,0.0967220994695857,0.066762740927931,-0.0212992119774176,-0.072202879964354,,
0.2282470000000103,12.411098605778196,-8.377812783385362,-29.639134607171144,-0.0866004825616985,0.0369571433297756,0.0353942994957326,0.0556257717131049,-0.0132893504276136,-0.0821277990618124,,
0.2377560000000187,12.68733854759867,-8.23294768155548,-30.10713929682664,-0.0837374133160121,0.0377804431489936,0.0286100313057451,0.0494117148828716,-0.0176685058516416,-0.0952423773869919,,
0.2472700000000145,12.941367693645375,-8.167408802508412,-30.659762253132023,-0.0586440574137644,0.0347646122672378,-0.0097844524218247,0.0391964115387443,-0.0259287764911746,-0.1122944467799389,,
0.2567820000000154,13.202971065994198,-8.13350807061487,-31.26771689920103,-0.0665662149228007,0.0297860833107964,0.0288017721470747,0.0388451647899432,-0.0336138489600431,-0.125566242885431,,
0.2662820000000181,13.47649950101656,-8.140617178765764,-31.92227670344875,-0.0650753756528405,0.0299785092474908,0.0276221538168156,0.0382978845870778,-0.043256630836225,-0.1340470021224012,,
0.2853139999999996,13.971594820680538,-8.275422802168737,-33.12636625226751,-0.0386893481429692,-0.0423149909174755,0.0637793038138112,0.0386326516508199,-0.0502279355042967,-0.1186587497276763,,
0.2948170000000232,14.188242616240125,-8.31996436116991,-33.5639301715185,-0.0308865492236569,-0.0367656392444037,0.0369960514629086,0.0381906101458103,-0.0386332369783566,-0.0929669569503587,,
0.3043410000000222,14.298380429713692,-8.400699400306268,-33.85739815832992,-0.0297810772578958,-0.048172668954288,-0.0142696039016055,0.0218695059036031,-0.0308646728950597,-0.0652319375664168,,
0.3138430000000198,14.40945817682889,-8.546846180697694,-34.02305719823801,0.0057292488345717,-0.067052890166619,-0.0072542088364278,0.016751627060665,-0.0345951763482941,-0.0338209029269051,,
0.3232959999999991,14.544756334372323,-8.6558481493495,-34.02799069690103,-0.0353924775921321,-0.0171516334974109,0.1296303038912399,0.0,0.0,0.0,,
0.3327950000000044,14.630683693221767,-8.8153445157747,-33.96073234640442,0.0069573109319408,-0.0390011612960372,-0.1776961228134287,0.0,0.0,0.0,,
0.3422840000000064,15.041679775462836,-8.934037372724555,-33.84640918762148,0.1603298389518754,-0.0664887469052839,-0.7990055780030528,0.0542493478918432,-0.0650585662279262,0.0276669621621994,,
0.3518190000000061,16.287421874450498,-8.796233121828877,-33.66332704010087,-0.0189351038913478,-0.2739220708057912,-0.2631041907793313,0.2202723971422946,-0.1139268766292144,0.0676956076626498,,
0.361327000000017,18.21582218556272,-8.425252202971784,-33.47101584250668,-0.5852486517065922,-0.2712129545678891,1.172840058956642,0.3592332645364978,-0.1490376461881564,0.0862160194286792,,
0.3708300000000122,19.63967959578075,-8.510965020142422,-33.563885207953234,-0.4345299616462076,-0.0164567647528527,0.473391400696772,0.2257614339555343,-0.1698281070954796,0.0041373612006614,,
0.3803560000000061,20.16465739247776,-9.27164766626187,-34.067464518337935,-0.2574116248475826,-0.0302234365630068,0.0222213332709142,0.001740329132542,-0.1843378036707014,-0.1121310842017678,,
0.3898709999999994,20.324391837824088,-9.97894015008474,-34.70150392734711,-0.1999190430313016,0.0448248088415041,0.0256164056832238,-0.0538190874936757,-0.1347388954381448,-0.145279257345488,,
0.399390000000011,20.08881392577385,-10.266566821150134,-35.25443007465767,-0.2128320948445537,0.1828295760462286,-0.0123447491162203,-0.071053382902547,-0.0206074169568581,-0.1310604551335975,,
0.4088950000000011,19.6863547281011,-10.534553048487348,-35.708399045949335,-0.1469549043438343,0.0924952054061634,-0.1841815917444241,-0.0956877903573338,0.0023106528334408,-0.1054418141071983,,
0.4184660000000235,19.542028988685058,-10.919593661323187,-35.86962929529455,-0.0678676559064158,0.0222136447064732,0.0493308932213822,-0.0681178322366982,-0.0459340566768082,-0.0376600904420558,,
0.4279280000000085,19.347333599043854,-11.467834228307582,-35.66194433297022,-0.1514717192872671,-0.0240701181960625,0.1277217465598771,-0.0951882046623524,-0.0667195178310341,0.034016125573924,,
0.4374810000000195,19.146862389154137,-12.45590680236595,-35.173130160438504,-0.2499877422034868,-0.0457700527565477,0.0534386920507085,-0.1466539479248907,-0.1384708729787926,0.0895531706388813,,
0.4469250000000215,18.92465416097543,-13.640188521199248,-34.32318200797611,-0.3017691429870848,0.0316276633734878,0.1563218542685637,-0.1706596315621841,-0.1702395508624747,0.1456909272984871,,
0.4565100000000086,18.371708760509826,-14.601331876765466,-33.240340040606945,-0.5481797360375907,0.211130951286792,-0.1073085559824747,-0.1961927796065153,-0.1003545158429547,0.1777346554164128,,
0.4660230000000069,17.76067794724117,-15.61937898460774,-32.25938443004381,-0.5276956292536287,0.3330719979756713,-0.1744567524855924,-0.2095799798499298,-0.1075959743814349,0.1583363145125799,,
0.4754410000000177,16.887639592017614,-16.550091331405746,-31.46670454215493,-0.3850592543716132,0.2468665015913041,0.1490806667445246,-0.2410006380027101,-0.0696843617757291,0.1025460708571773,,
0.4849760000000174,15.847628990382283,-17.132658817776818,-30.804894457536072,-0.1719245365316281,0.1646343725356422,0.0697223894906977,-0.2309062137580609,0.0031506465426919,0.06563504178253,,
0.5039820000000077,13.630571078079008,-18.92104813429896,-29.67597958008136,0.5851198783610674,-0.0281778058485642,0.0586703076615126,-0.3076386687962441,-0.0757925190350608,0.0260357340265739,,
0.5134720000000073,12.400781669614878,-20.27771156650472,-28.797188445801464,0.6669807331195284,-0.1072661527087708,0.3787072058463836,-0.3350125769710543,-0.1239358813176431,0.0790580456547734,,
0.5229960000000062,11.092639821149426,-22.0377810664547,-27.473642580250345,0.6208658840827688,-0.0324667922830928,0.6435409992360097,-0.3814783087641156,-0.1957788511737439,0.1577845682441051,,
0.5324990000000014,9.49012458035154,-24.338794086895632,-25.55322759889847,0.5545589917694188,0.0350672088381402,0.5613196293821148,-0.4693243672974465,-0.2810364455615384,0.2355354615391629,,
0.542016000000018,7.682877266186234,-27.02431352870277,-22.96643132259967,0.3673341342048805,0.1688422075887092,0.28916759680847,-0.5177989766265205,-0.3568697632220713,0.3312388929528711,,
0.5515430000000094,5.714796144076461,-29.88353239628515,-19.768042296296265,-0.0523205967229439,0.4479087818443919,0.1626905772510285,-0.5307136732925151,-0.4075760932043584,0.4220058221573876,,
0.5610460000000046,3.420418634157277,-32.74394626814948,-16.0727055238392,-0.4891249053264127,0.6048386232155014,0.1960281775139818,-0.5490299367842502,-0.424981656973797,0.4652462236554825,,
0.570557000000008,0.9729053586276322,-35.24136332821669,-12.042662528053548,-0.5320877738728904,0.5999815061851846,-0.023306505337788,-0.5149505386151587,-0.3872310748903883,0.4927264977800341,,
0.5800590000000057,-1.3859595309879578,-37.25758851114573,-7.9305744342180065,-0.5342996132673229,0.6388881428714891,-0.093715223420595,-0.4446878409798616,-0.3321150870041276,0.5124162805207726,,
0.5895880000000204,-3.701539462789909,-39.134679352885264,-3.869465975319797,-0.228438001862555,0.5238160879567686,-0.1453129575672488,-0.4007591564213674,-0.3367669659684558,0.5040019096976797,,
0.5990880000000232,-5.967269639790898,-41.03397815630686,0.2278106223471108,-0.1084917949366178,0.4396041971066782,0.1692050344584132,-0.358677017386613,-0.3693772275862962,0.5075592218741937,,
0.6085940000000107,-8.308705783699427,-42.958742113118106,4.577436565825106,-0.0694248180394024,0.3694991957027612,0.4629815170018675,-0.3314743392517629,-0.4000460019631963,0.5291087378925301,,
0.6181050000000141,-10.907323500189788,-44.90944342477013,9.358216292878774,0.0415895079931455,0.2994046746434411,0.6000029498081298,-0.3240464489693819,-0.4335107061932161,0.5692312237879716,,
0.62761500000002,-13.916053239105151,-46.850528362415815,14.749889973535886,0.0997750336894729,0.2493872491659445,0.4573161132720308,-0.3285503527538598,-0.4679416675950382,0.6255500572518171,,
0.6371340000000032,-17.60609455452612,-48.81166746029132,20.963074809454337,0.0480471029368149,0.2083409830439709,0.1554273917968431,-0.351170161023701,-0.5261312338630683,0.6722688479829391,,
0.6466570000000047,-22.141025016178663,-50.61430717144409,27.860876085856763,-0.3577781530190892,0.1257005018660901,0.0754727013080369,-0.3854913619332967,-0.5711776783326032,0.688044782541636,,
0.65615600000001,-27.06749530034628,-51.78193439454986,35.115050328062274,-0.7073436039643262,0.0877272763305483,-0.0015481323179257,-0.4049644572168374,-0.5220756727971063,0.6833456322769852,,
0.6656540000000177,-31.83919317584328,-52.116371005670366,42.06210158362951,-0.4653116717308008,0.0731796970815437,-0.3675234105022558,-0.4184538622190978,-0.4195710357169828,0.6383170920164084,,
0.6751830000000041,-36.39347713650361,-52.03089975799843,48.584775216947335,-0.348472898845933,0.0393431834839151,-0.529639548384343,-0.4061495316115548,-0.3864806677740122,0.5864498798826259,,
0.6847080000000005,-40.919029407492175,-51.852826320925686,54.89187751743621,-0.2486789680911922,0.0858372720371452,-0.3521257978612276,-0.373799608135775,-0.4164731386395972,0.5491107361135621,,
0.6942410000000052,-45.04128900290092,-51.33456620005741,60.733724398453,-0.4120577567905109,0.0863810686722797,-0.0138538531171494,-0.360846451897241,-0.3786420161832672,0.5226804205938657,,
0.7037450000000263,-48.464656231586815,-50.36924665117832,66.03534171017398,-0.1274896614163841,0.2185104042242437,0.079459809400767,-0.3665729147101773,-0.3002794164214307,0.5297724551018005,,
0.713232000000005,-51.43302018128506,-49.10363039915295,71.16206583480329,-0.0174965518000973,0.3523958020384676,0.1288570192476599,-0.3760285584266455,-0.2651626869363102,0.5728050066031308,,
0.7227400000000159,-54.45800327676948,-47.69125940793236,76.49504515744405,-0.0639488150579013,0.3870738680158715,0.0798125988241095,-0.3835305058616706,-0.3074667380758361,0.614691780907365,,
0.7322800000000029,-57.65854789317213,-46.11618604759236,81.99316768982312,-0.1824019235357469,0.1732000379959334,0.0317879230469523,-0.3914480269111631,-0.3712821787115976,0.6326789963766214,,
0.7417410000000189,-60.38847569540408,-44.26524100268297,87.2431134331694,-0.2706408468901051,0.0166242022059007,-0.0668550356827898,-0.4050446115401137,-0.3487602436310154,0.6631446009465239,,
0.7512730000000261,-62.35328408865718,-42.12393852967352,91.80850939607402,-0.3365727030025442,-0.1392400183702574,-0.3151410200433804,-0.4310899252082378,-0.283248929965186,0.6446311942577202,,
0.7607760000000212,-64.0499385803057,-39.936703538357385,95.86765833665054,-0.17492531896107,-0.2108907886140175,-0.4614337069358082,-0.4197961894824227,-0.2850081759956304,0.589563175729949,,
0.7702370000000087,-65.61664390785882,-37.81877630629548,99.59347922421512,-0.1935300465745063,-0.2112705644463978,-0.3836443255353173,-0.3873510386662222,-0.2990315115016214,0.5489605716552629,,
0.7797540000000254,-66.76821441073305,-35.637506497785495,102.7667499601496,-0.1414671005216897,-0.0648675040413435,-0.1639294191591823,-0.3926270726617044,-0.2659760705514936,0.4973624243660796,,
0.7892730000000086,-67.21042438175304,-33.30528442459328,105.41922602194602,-0.0432836894048885,0.1577409969892304,-0.0981101255759818,-0.4351642216431012,-0.1844992833476565,0.4808822641784838,,
0.7987740000000088,-67.3854016500928,-30.94466895724456,108.11043149736564,-0.1018793686761419,0.3224850492354331,-0.1187334991787597,-0.444036788627943,-0.1647410644466153,0.5201204214355656,,
0.8083180000000141,-67.74510797634946,-28.61213810543264,111.1132284546859,-0.2020921677010855,0.2743016216181045,-0.0704532435967346,-0.4189848132100023,-0.2156465124571196,0.565357293746499,,
0.8177960000000155,-68.04270600502844,-26.216244354563628,114.1986371315054,-0.1441286306630464,0.1174841707854564,-0.1484703862575557,-0.422358522992419,-0.2336049512300275,0.5902234712932586,,
0.8272940000000233,-67.97922546102271,-23.74626037956239,117.18040043254808,-0.0558460646823727,-0.1404699918378633,-0.2498656969099426,-0.4507058415878756,-0.2040064152729275,0.6022755912615941,,
0.8367980000000159,-67.43106097459206,-21.26799911202449,120.01436757294258,-0.0449863518908338,-0.2650922789194591,-0.3329313009048938,-0.4842557836464803,-0.1484769957403865,0.6093335324795697,,
0.8463390000000004,-66.56477194808917,-18.782046008472395,122.5490983779061,-0.3814870170615913,-0.5685763295837432,-0.3663150390254766,-0.5100472504256096,-0.1191642288478903,0.566808943826495,,
0.8558470000000113,-66.17024355788092,-16.3934071937511,124.8925441251926,-0.3050220891765958,-0.778335816240175,-0.4181750096191477,-0.4396266893376226,-0.2028719451296306,0.493001413298129,,
0.865366000000023,-66.27995935206192,-14.21254859703796,127.25433704806537,-0.490725505811025,-0.9381151287625444,-0.0058745782788741,-0.3404755347304851,-0.2742465368097648,0.4670159932337051,,
0.8748460000000193,-66.01004321505957,-12.106395369955166,129.3336254197809,-0.7466712437321111,-1.4704517187628348,0.3391757248268484,-0.3635954521514424,-0.2200246907784931,0.4285677072287194,,
0.8843710000000158,-64.90956308824488,-10.134493714554386,131.0911837792924,-0.208589834198877,-1.453817201306146,0.0848409661073774,-0.4411073694542343,-0.089780504941155,0.3943491144816173,,
0.8936990000000264,-63.36608420823399,-8.583574429789808,132.76361995265688,0.6073975380205147,-0.7416725951835913,-0.678223315282453,-0.4347853749678677,0.0193968304514154,0.385067004381249,,
0.9031970000000058,-61.64660524801725,-7.567200158494074,134.21380628468785,1.1961470557180556,-0.90585272871527,-0.5507531076307491,-0.3822276861474287,0.107272307087506,0.3386823332082678,,
0.912710000000004,-58.8368377423723,-6.999109696413335,135.18796054581705,0.941685217376974,-1.248758347673164,-0.5602751157239796,-0.4733652441491925,0.3166658797665929,0.2663195086606021,,
0.9222660000000076,-55.5066369979008,-6.630745213011558,135.1394303890202,0.909724154068194,-1.4926530271676073,-0.6569548908382773,-0.5214780773100961,0.4145258283546834,0.0694109017750235,,
0.9319100000000162,-52.145113261041416,-6.3277995240011,134.0450463502278,0.615067697217289,-1.143493877914182,-0.1767521587476796,-0.512692378641848,0.4336558003802379,-0.1430911252336758,,
0.9414250000000096,-48.16950227545018,-6.006951335761498,132.3097279862534,-0.2622178900954338,-0.7134323364670668,0.2846130490320958,-0.5883721102321445,0.5331813871591693,-0.2617693330345393,,
0.9509330000000203,-44.17852860655872,-5.815686709193495,130.61500857527594,-1.1345580480979542,0.0765532549308729,0.6873138449949342,-0.5549882694225333,0.5702989274068784,-0.2568661985025756,,
0.9604260000000124,-40.50100543330304,-5.543188018469177,129.31431063880547,-1.384647615058598,1.129834889219799,0.9895613937177116,-0.5124465923227406,0.526547005689656,-0.1874540047367966,,
0.9699510000000088,-36.37463308218688,-5.21856171797665,128.89424712342347,-1.3411384549165908,1.337372287674353,1.0787685001346556,-0.5692335543719229,0.59732361003147,-0.0065861523345261,,
0.9794510000000116,-31.77518678191053,-5.584880499296615,129.9829988341831,-1.4853936718710952,1.01704487209111,1.2894990361492962,-0.5258148546046761,0.7546684771042163,0.3045554840562712,,
0.9889720000000182,-27.43105970848601,-6.610519454514274,132.27271903015003,-1.4551830290001586,0.2831979704469223,2.109105406450008,-0.4142975522041519,0.7865656279852612,0.5505868858635725,,
0.9985080000000152,-23.63673172329852,-7.762714696063401,135.08144374088053,-0.7526927271621966,-0.4302347872739279,1.959403454055208,-0.3537963293474017,0.7045207037038815,0.6571526513201031,,
1.0080130000000054,-20.61869278045415,-8.971931057714029,137.95525042521328,-0.0149728885555756,-1.2015548603277386,1.8546617546973296,-0.2672754842620214,0.587133891668317,0.6631446280597304,,
1.0175160000000003,-18.66331694337228,-10.19190121790375,140.45747159365146,0.4577147872153519,-1.352108553832727,1.523507215603218,-0.1327120447881338,0.4371915666529929,0.566069265533928,,
1.027035000000012,-17.61543169896499,-10.97401802815231,142.23405344532807,0.5887780569813067,-1.2244289535009811,1.2465681446665855,-0.0632535349778717,0.2511339773143639,0.3942054115659159,,
1.036566000000022,-17.390913289963915,-11.280819694372417,143.28773357081715,0.4526508728523964,-0.9129384575207604,1.0130197863931574,0.0020576410639502,0.0756025690120254,0.2196297788144836,,
1.046075000000002,-18.10339035801848,-11.600217066946149,143.96448413544132,0.0605879138995356,-0.4466307637605391,0.8061939048532106,0.1505061260324299,-0.0314281200442015,0.1071921625614631,,
1.0555870000000027,-19.84043174104209,-12.173966462351611,144.68309856563096,-0.3366557132887874,-0.0681568864565217,0.7602316014132848,0.3434628234163055,-0.105174008928777,0.0722179320817758,,
1.065101000000027,-22.720178891135085,-12.99563657677203,145.7844142324593,-0.4351538306061484,0.0608338694514498,0.3849086019177525,0.5560855898521618,-0.1857695083411815,0.0948100884287244,,
1.074622000000005,-26.7956916491002,-14.28371002985577,147.5794044732267,-0.1908142343821195,0.0108790839623156,-0.0060354711535537,0.8042809364021813,-0.2201630773762763,0.1667766336431348,,
1.084142000000014,-31.85421103630636,-15.972799090465085,150.17084749213558,0.0703658535238915,-0.3074230831102766,-0.1550043988284314,1.0117221386653912,-0.216075401572986,0.2541297724786776,,
1.0936300000000188,-37.69600589831671,-17.496054218258113,153.21868899509778,0.4013833664034412,-0.3891940273988866,-0.6225868960064085,1.1307150930627887,-0.2628271874547586,0.2728748822919806,,
1.1029510000000189,-43.84538848354415,-18.61940174435589,156.42805683283743,0.5379359262232492,-0.5274305684713207,-0.8807417434399617,1.1549840041673314,-0.2946032066561601,0.2602924191878503,,
1.112470999999999,-50.16310090095705,-19.367211899055327,159.674935487615,0.2671133711564856,-0.2401643778729673,-1.106724601165161,1.1652676338176218,-0.308290239048484,0.2377555969803194,,
1.1220870000000218,-56.36560157575143,-19.651680621502404,162.7697811038886,-0.066941212281317,-0.0595842764821231,-1.1035482478816985,1.1265448677552916,-0.3228901032461277,0.2043283081448655,,
1.1314880000000187,-62.38871246433104,-19.6842456204012,165.72195809108072,-0.3213744860001332,-0.0700406155139027,-1.121871904500657,1.0940516774206408,-0.3042513508329538,0.2314971751410512,,
1.141007000000002,-68.5035020971138,-19.68003809567635,169.12684064348977,-0.4787501680965836,0.0504788064570968,-1.0718193504359237,1.1243243627776327,-0.254374811479663,0.3218068124693909,,
1.1505170000000078,-74.42928332393029,-19.528107165740906,172.83521146530833,-0.4022155769175813,-0.1799375431473578,-1.0619213858543688,1.0985473237695331,-0.2081021985158423,0.4045728359952187,,
1.1601020000000233,-80.10035126007917,-19.16643969506481,176.6807736939041,-0.08707194555634,-0.346125981127951,-1.3076743173203664,1.0597917957928775,-0.1727671933841731,0.4552785498137423,,
1.169622000000004,-85.7640352516845,-18.600290759007475,-179.4017809813145,0.2484824359737693,-0.2834462857639668,-1.3713440919748774,1.069576184789258,-0.1416930924230103,0.4814838983747401,,
1.1791190000000142,-90.9715676320559,-17.75829698380822,-175.75778994567003,0.3840784586752828,-0.1712858790769179,-1.3876223803980312,0.9964827016309606,-0.1293388845697333,0.4700466060319456,,
1.1886360000000025,-95.70648797185528,-16.61125379409663,-172.62276504308397,0.3741497441591386,-0.1666722452539334,-1.407008171572657,0.9239178369528842,-0.139181681972302,0.4099971090987999,,
1.198061000000024,-100.16648627408644,-15.117890094402298,-169.86573618661015,0.1133236304295334,0.2501964413009533,-1.118347687412633,0.8939987328454728,-0.167102703824347,0.3717827548944865,,
1.2075690000000066,-103.9047947930814,-13.21525463307937,-167.37263807570312,-0.4437323678459113,1.5256598918760296,-0.4236115303470346,0.7860058600947366,-0.2322225282467075,0.3773357355340963,,
1.2170890000000156,-106.3990910023457,-10.931457162517312,-165.16553725211045,-0.518959969030145,0.903164349879056,-0.4470318432492624,0.5821348765980835,-0.3296719543286383,0.3948834108632669,,
1.2267730000000086,-107.27877975556504,-8.379845959592318,-163.15310636761424,-1.25347860401933,3.0301989694919893,1.0283423036912178,0.3054472043242272,-0.4448300777940953,0.4282956712542958,,
1.2360980000000268,-104.12449702222204,-5.898929170375164,-162.12014078268405,1.1220938673230083,-3.1768225200205964,-1.3650165676003536,-0.4514470120902419,-0.6599924703372881,0.337608964652912,,
1.2551320000000032,-96.49580737464768,-2.3992275698670205,-157.80807406663678,1.296272633317807,2.467977984054448,0.0013617967943354,-0.6059051078824809,-0.5348394782689595,0.7856684990601419,,
1.2646260000000211,-88.6629416603495,-2.131272465395569,-156.7081023408751,2.180241631121091,-0.6021783574140702,-1.3193428533328757,-1.4265119009107683,-0.6509576722542697,0.3501214847501694,,
1.2741320000000087,-80.23563323596943,-2.920652714623388,-159.5321789937567,2.2744141965741256,0.4586884514329972,-1.83779556905685,-1.6245011131490503,-0.4771577058761908,-0.4241744764444169,,
1.2838400000000263,-73.15387291734415,-4.549799489804739,-162.82964979393063,0.9623049265754596,-1.39728380487312,0.0764975167968725,-1.4449700466308435,-0.1432782255703242,-0.4904748066374276,,
1.2933510000000012,-64.46618699819618,-5.950793491613523,-166.22307946193484,-1.4213034046872597,-0.9970530947385704,0.1206613358074419,-1.7449084274711897,-0.18566541550151,-0.4312532773495272,,
1.302847000000014,-54.6554770494615,-5.808017213807438,-170.40240379464865,-1.9626959525689192,-2.299164057070485,0.9349044857825648,-1.910596725358991,-0.4110181446284929,-0.4803657037198837,,
1.312375000000003,-45.72940817281898,-4.519622883208594,-172.58456536558498,-2.335066022114171,-0.5412650509470057,0.4187227322073791,-1.7235515340261225,-0.5138523083409599,-0.2209501507004802,,
1.3312850000000085,-26.234000940919326,-2.0667416380506745,-164.67779707824457,-0.4236272600136012,-1.5420132374056268,1.339187550046922,-1.900719614497616,-0.7049218089688536,0.7149049072846441,,
1.3407940000000167,-17.50751446638361,-1.3637775962519638,-160.79464726468606,1.1458845679616352,-0.3799721667455707,0.911969467543302,-1.6264746789439004,-0.6525925559787015,0.8282260464920628,,
1.350404000000026,-9.33623727401151,-1.7004287960419378,-157.23989409019055,2.179237381210668,0.3815354916456934,0.6929797819973789,-1.5514403464035065,-0.5229181867964157,0.7542248414961475,,
1.359921000000014,-1.1857199841217674,-2.503434012023587,-155.19819886293735,2.532262522189491,0.3367322998573556,1.336381470114172,-1.5572210271170406,-0.5107829682301728,0.4679233693093193,,
1.36943100000002,5.869630623262383,-2.185927893117117,-155.23183259086093,2.1137612486781494,0.8268692222408371,1.0472124657577246,-1.2548500117300945,-0.6493574263057929,0.0510683003813884,,
1.3789500000000032,12.53435409012481,-0.3896603843879053,-156.9624854134862,1.4165363338338843,0.8954764710048111,0.3818226375492514,-1.0742107844867133,-0.8690519418556871,-0.3160813635729745,,
1.3884470000000135,18.871121810827947,2.2406218337385937,-159.694290835137,0.4277024569896108,0.5595521952866883,1.0039195870453914,-0.9848673711944927,-0.957538921455704,-0.5667775270937745,,
1.397958000000017,23.183005512348213,5.264491571390852,-162.59989659993707,-0.399316119306971,0.7146560165780155,-0.0456529224285287,-0.6199041013125911,-0.8512197559939674,-0.6378377575072466,,
1.4073940000000107,26.760616359763613,7.970229785709742,-164.9450138997109,-0.2318819383834688,0.7839662367462209,-1.5009389634718453,-0.5319788009256785,-0.7189295701008444,-0.5518401198317665,,
1.416825000000017,30.8630576855862,9.390320535881514,-166.48983236379027,0.2371019295189521,0.8476651375467568,-1.0522396069713025,-0.71684935153656,-0.475781294563164,-0.4331170370737889,,
1.4263190000000066,34.44281524169491,9.157536485006,-167.36245735877182,0.7458010113011642,1.2268268175717454,-0.8413851320117053,-0.6996085044949967,-0.1146271102056088,-0.2901573162029787,,
1.4358310000000074,37.75665136971161,7.755856827291543,-167.4535062755809,1.4524359852325694,1.536580697797323,-0.7664460452456519,-0.7016940863429987,0.1307461616068756,-0.11579410890359,,
1.4453320000000076,40.91833344631974,5.738417498395704,-166.797003881149,2.0032382041791363,1.914203514265308,-0.0673017218125411,-0.7028687850222065,0.253599187231565,0.0570238381950685,,
1.4548530000000142,42.95555460618042,3.658909836273802,-165.44771134643952,1.7696328598757112,2.190163926632978,-0.0379746403567059,-0.494545575470422,0.3066612707986796,0.2366790966348315,,
1.4643520000000194,44.08551025406324,2.262754131723652,-162.88724460820774,0.7214732979089908,2.0994725303338755,0.2010799859875749,-0.2936582280047977,0.2072891349536091,0.5009055750756826,,
1.474047000000013,43.84312750337884,1.859520130919074,-158.85583131975488,-1.0052629741968906,1.8091946785683304,1.0928656613086636,0.0193789880755613,0.0921679313921009,0.8088636160957936,,
1.4930490000000134,37.96290448261374,3.3047935560484305,-147.61324341531602,-5.720095504972106,-1.5433944582599115,2.767056221194713,0.7520509917018654,0.1565951712450894,1.252013860535656,,
1.5024010000000203,33.313334286805386,5.762987911017537,-143.32205122739197,-4.013359020425477,-5.63112574092314,2.412329176328631,1.0437456671251415,0.1208915044936413,0.9321161084042968,,
1.511905000000013,28.425953591925342,9.660056364021289,-146.3139382229145,-3.0371926849972746,-4.135471481052454,-0.426085591596578,1.242115099365998,-0.0785257149055541,-0.4671000937133653,,
1.5213170000000105,24.331268487714205,11.494743168840897,-154.29419485184516,-2.626059523506516,-2.7360857723725425,-0.4169851835808765,0.8825714451365686,0.0803715815119751,-1.4464246674068766,,
1.5311030000000017,18.30870607721084,10.133854358396432,-162.66990845392854,-1.9149856153477287,-0.198030561531583,0.7030858627426384,1.0032090079048068,0.6874142790344485,-1.431753328780032,,
1.540442000000013,14.626599195582244,8.95094148191769,-168.5442827605876,0.161775796021926,1.2887407902510883,-1.254297043447449,0.6461162005281598,0.4093810182094674,-1.0240816601096605,,
1.5501410000000249,14.0964139401909,8.507171635928596,-171.24953307212058,3.117564753931584,1.3091609045095591,1.0921932618033547,0.0879153500719101,0.1057291572499423,-0.4822027471354964,,
1.559467000000012,11.873941608443902,8.720438798940313,-170.7330758153236,4.909641439298713,2.378112989310917,-1.110535549765771,0.4413005285232214,0.025751546476896,0.2205363770935189,,
1.5786670000000242,9.491016559660514,14.674836498117168,-168.53160202522287,0.9668219427611966,-0.1648148437185635,-0.1868295122998434,0.5530279931199724,-0.7226079083327375,0.2565895798593945,,
1.5880800000000193,7.465411026190276,19.4150533603874,-166.9063968728965,1.6237020489454204,0.7661770060691598,-2.988436869316096,0.5806733882052103,-0.8450068581102015,0.4502807922041615,,
1.597582000000017,9.163487657550126,21.39998109133732,-164.98968155527504,0.8560312033650834,-0.286470729149941,-1.9204842625354128,-0.2133235244568349,-0.4625899475473352,0.2987376700810489,,
1.6070980000000077,10.646532869300724,21.13359192892719,-163.44127411171382,0.2773159149687392,-0.3070367599614613,-2.0602717540281126,-0.2808695630610423,-0.0230636370609142,0.2748617634765461,,
1.616609000000011,12.428997142114977,19.94099384546045,-162.18807249648876,0.9682997159382616,0.3960273876333569,-2.5034638207604365,-0.3893463863385017,0.1308494279142243,0.2133056336496852,,
1.6260400000000177,15.678073628918815,17.058091264864423,-161.62213351235377,1.3725955504284977,0.4428339590985843,-0.4482874146674372,-0.764066577444621,0.3603945265342052,0.0116480762174818,,
1.6357200000000205,17.915480885891903,12.57824057474787,-162.022277702445,1.2166851165432162,1.1822602669053357,0.6674608984146368,-0.6874601261893157,0.7207140481445196,-0.0699706075044582,,
1.6452400000000011,19.69892100017371,8.764263114137472,-162.25978398491208,1.2091753285988192,1.6566307265892266,0.4276071011864042,-0.565375457715623,0.6217817755197133,-0.0077279814265063,,
1.6547450000000197,21.473173716193617,6.712832408420778,-161.61629099054394,0.8594351376834682,1.465311196157672,1.3198840791051618,-0.4610448600676057,0.2829388119300177,0.1609366381065259,,
1.6642470000000174,21.717688988103472,6.308856940710251,-160.25900435918777,-0.8971450629524512,1.0470594552136383,1.6491881406612838,-0.0721545757860207,0.0608431202522053,0.3556565559580487,,
1.673765000000003,21.12939363213425,7.8162457178158995,-157.78347391738205,-3.358866671759084,0.0154310460683034,2.7673449926840874,0.2165613297448495,-0.2406001637357522,0.5747431796365973,,
1.683275000000009,19.434146875922263,11.367460713460591,-154.40676141714658,-5.314078986154996,-1.6878521482943762,2.6635129816264995,0.593213966681413,-0.5156721097323518,0.7789063324927916,,
1.6926180000000102,16.60707188358235,15.162961734261344,-152.03201621106,-4.220740956739931,-4.108913621545971,0.4734175533818548,0.8336615411443438,-0.4315207720741541,0.6448604053076695,,
1.7021220000000028,12.87173244759052,17.672802871592836,-154.684139910467,-3.6489737249623526,-3.470079358549601,-0.9703907913982108,0.8664016182051092,-0.1283954179547035,-0.2902666855425127,,
1.7211320000000114,3.5931986780917065,14.8819997149156,-165.53731220483206,-1.5236069895985591,-0.3251742440017392,-0.5494691295596025,0.7105864231586683,0.833461550828716,-0.7512587655993209,,
1.7308340000000155,1.502757420222388,11.88020833378572,-169.2779293943829,0.2556216485418906,0.5777169321251003,0.0615056767184481,0.2682310526300243,0.6746677482430712,-0.5913133661980557,,
1.7403380000000084,1.0489976963068477,10.375536997876198,-170.95071143130212,2.671133477123208,0.8935011712593598,0.8929264669221233,0.0368920638527191,0.3120193254476268,-0.2591481780944786,,
1.7496849999999995,0.1812959008271987,10.526401519514389,-169.83002716104747,4.965844609398636,2.3253793507705365,-0.8015267153675664,0.1735035088335607,-0.0016913200030505,0.3128344621335889,,
1.7686960000000056,0.5559330545367847,15.625207370008718,-166.32594631899704,2.457461984130028,0.497894438035827,-0.6431217210778188,0.1981506512801537,-0.720395429454361,0.274671817105731,,
1.7782150000000172,0.5707646681168709,20.10764819301152,-165.17204317560507,2.47939925772414,0.7111280237400711,-1.7280677544896317,0.2188297323861668,-0.8704368740913063,0.2135608321836663,,
1.787727000000018,1.8068490741511865,22.1941543183017,-164.3819818401634,2.083725106979408,0.3138275995927533,-2.085088845032661,-0.1130399046459836,-0.4637119189207356,0.0688423409564159,,
1.797302000000002,3.0916783989168946,21.7590472834917,-164.27650541984644,1.308370382051426,0.374812429863209,-2.329882914888565,-0.253185654295317,0.0199618829750454,-0.0279626052888396,,
1.8067350000000035,5.090805370419346,20.037465234695528,-164.54689189645526,1.6467447290532715,0.7653639964577017,-2.040758803608753,-0.4521602015747227,0.2327999122063558,-0.1311528190511679,,
1.8162480000000016,8.269870938818132,16.33076602552284,-165.16324484043318,1.9185660569934035,0.8470173641144861,-0.5906343668559312,-0.7755844007806271,0.561133523142468,-0.2353725693404865,,
1.8259390000000053,11.379758161464125,10.909078209322615,-166.0782563195173,1.3833597487059757,1.3546023576225954,0.6746281982019617,-0.8514832744049441,0.9051960078849234,-0.2160769074361557,,
1.835452000000004,14.277011877509937,6.219980912089175,-166.2929132959485,0.9697563637167782,1.6765615029007663,0.4523377447584451,-0.7778298611094978,0.7780321791069705,-0.0259344952458608,,
1.8449390000000108,16.95791438011561,3.4934267784570663,-165.3026091842942,-0.2603467690670684,1.27609916783484,1.6777612903198462,-0.6501611532339728,0.4017066860363691,0.2863096507576513,,
1.8544740000000104,17.744991621285816,3.073883730691489,-162.567168145325,-2.9906014402549466,0.7484622657365556,3.8283275672114776,-0.1742940013831991,0.0379225312036536,0.6364760227282422,,
1.8639860000000112,16.769516907296083,5.76240864076077,-157.92614223107958,-6.791793207219289,-1.2272442463344413,4.426986466636633,0.3643547751218672,-0.4417714715493818,0.9956211587768664,,
1.8733060000000137,14.84690985883164,10.899761780592046,-153.8359729801244,-6.553917164350041,-5.360857004263414,2.280381040420832,0.7675367275110155,-0.7839536038443778,0.8951095089977646,,
1.8828090000000088,11.817653959272722,14.514347626121948,-156.7319062062417,-6.373659765342157,-3.911672398646731,-0.2221775208023469,0.8402269004659249,-0.4097000522193493,-0.4506352214774171,,
1.892341000000016,7.813605066803949,15.1680006071594,-163.09487318237143,-3.340155830722278,-2.5699464942911487,-1.451974356975435,0.7729331196601212,0.1438364825565797,-1.082740021139842,,
1.9018350000000053,2.9057090791859097,11.644596169456891,-169.26851195581068,-1.657173550217081,-0.01260167050076,-0.7691601066321491,0.7611967767976835,0.912427234553586,-0.9821198150926468,,
1.9115260000000087,1.407571809980359,8.116240517881762,-173.62089360971456,-0.6498764778688908,0.3989127294985704,1.0524402858392097,0.1890893308159276,0.7421973664275628,-0.7616374444987761,,
1.930366000000021,-0.7491826518871205,8.31904250147546,-173.95235941252335,6.077984457176245,2.5214347036871305,-1.4768883530227703,0.2761787192723064,-0.0878442081119987,0.3784941633326133,,
1.9398760000000264,-0.1560775366588121,9.908433168416945,-171.22761412092123,5.025749296287732,1.5070260258735142,0.2000736113716126,-0.0755131223772874,-0.330668067325041,0.5455994994738295,,
1.949387999999999,-0.1294232503807949,14.10174889044898,-169.9080352594557,3.6056522550820382,0.4464878471805836,-0.9972222804959426,0.1328332971700896,-0.8290715578418201,0.2523856842672691,,
1.958908000000008,-0.6263369865051974,18.683435273975583,-169.50976355195723,3.0612178670102645,0.8178702702014056,-1.925742759781972,0.2589099824776337,-0.8852413708881983,0.0797899574943235,,
1.968407000000013,0.3470645550067345,20.586075728010776,-169.60346349033955,2.6185968192651923,0.4630205144262196,-2.022433201290253,-0.1112160637915407,-0.4079898267391416,-0.0992922454840021,,
1.977994000000024,1.6207659447341698,19.38082468014493,-170.18423119471464,1.331641509620083,0.5177616119768863,-2.381773223901372,-0.2780126677878555,0.1959319854571431,-0.1689745628943338,,
1.987513000000007,3.788311113951934,16.94960056308234,-170.70096215293063,1.1234848603845988,0.8477793196974772,-2.076047986222396,-0.4862265870848907,0.4130075898709506,-0.1682065758955201,,
1.9969420000000184,7.195900272127982,13.16540014817468,-170.88541444368153,1.3719150729198428,0.8637372224929238,-0.645139441202596,-0.7687134674504825,0.6458251328329546,-0.1085144478056129,,
2.006638000000009,10.485873150288,7.806212388981368,-170.6564389065754,0.5850511814337567,1.3581901954475009,0.2460482539645576,-0.806442262963817,0.9593261502332208,0.0501309058007749,,
2.016156000000024,13.889234005562724,3.3056647083775816,-169.25716555586118,-0.2135947560097162,1.134819472509903,0.8115626358801422,-0.8212193881910973,0.7729617651864106,0.3306899926542488,,
2.0256550000000004,16.187572646802845,1.2201544727961282,-166.19694977954126,-1.5613624494734382,0.7431488665756585,2.8309179121687644,-0.5370703779955455,0.3121588390818861,0.6753492141059246,,
2.0351560000000006,16.309804397026987,1.7872443677424128,-161.9471705290092,-4.5496411213455845,0.1310110768436482,4.016446115459655,0.0071791267464056,-0.1159742296280625,0.9415819842515288,,
2.044661000000019,15.781686455284072,5.458507040424037,-156.79605055510578,-6.565205710996435,-2.783909251206682,3.757914553007023,0.3567634136445182,-0.65163278539726,1.07752148522974,,
2.0539910000000248,13.363895449850572,9.541258963694874,-156.11798056378953,-6.43113548917462,-4.030630021519717,0.0646981326023236,0.7665947812453986,-0.5575672305805032,0.1988661263782102,,
2.063515000000024,11.688055850726116,12.219670437339344,-161.195997602929,-5.021708122975519,-2.6824999438047983,0.546170924602224,0.5026556080258734,-0.3791072270252349,-0.97761878280544,,
2.073024000000004,6.860705534863103,11.320792259729323,-167.37488679265363,-2.1185082605755468,-1.4400986096697377,-1.3685285320590752,0.8621784016368631,0.4301135030018166,-1.0532480653904182,,
2.08271000000002,2.617136197711995,7.433228308403137,-172.75272884918925,-1.9963610669737253,0.711449135297932,0.5021871375303724,0.6930666350511588,0.9103325855636007,-0.9060272640413946,,
2.0922250000000133,2.2680313370258007,6.052860109587794,-176.02543789070202,1.4092875649689138,0.2296364567537764,-0.0735860658033484,0.0425384166055977,0.2818105349590026,-0.6084190188675969,,
2.101565000000022,1.1262330913831795,5.93752080532408,-177.00577222635368,3.721699198038461,0.6632419761353843,0.380889582965878,0.2255708591128694,0.0367070900646592,-0.1558560349645107,,
2.1110710000000097,-0.2709791971506052,6.661990533860972,-175.1156791540164,5.043116098753127,2.029504207890464,-2.187996470502039,0.2872728278373087,-0.1258966798588527,0.4318692607042032,,
2.120581000000016,0.6597856324056156,9.220887481673389,-172.77689807101515,4.146406062383944,0.476536388581547,-0.2176016078154929,-0.1296390257478286,-0.5289638690576939,0.4469720153472916,,
2.1300930000000164,0.3105174249463737,13.59684626820153,-171.33443792598027,3.4134772060009064,0.4105130753721688,-1.9079511645161884,0.1901610394588797,-0.8580601312262075,0.2718554621921113,,
2.139611000000002,0.6399571758590028,17.22337586556323,-170.50388674318305,3.69994649556669,0.9251472355781404,-2.501266194344825,0.0527822484402106,-0.7269949976353739,0.1177320570737987,,
2.14910900000001,2.5172177905941533,17.8030367293458,-170.50472384511508,3.223473387346677,0.4976991049820572,-1.973961642830628,-0.3343671248583027,-0.1736597437675653,-0.1174435605220806,,
2.1586200000000133,4.540219830810257,15.795533337169909,-171.44533537141962,2.622936080619556,0.8834218797810478,-2.01652081437116,-0.4453258498604019,0.3370671431746979,-0.2562869795362932,,
2.168136000000004,7.860729614791897,12.33293594463272,-172.74201221725153,2.5940305923308915,1.149325427898244,-1.3714019558994337,-0.7317840629158623,0.6008285692204683,-0.3266983936159932,,
2.177636000000007,12.102418932268472,7.5599060685649455,-173.8203704608342,2.5600165343409764,1.5999838438203915,-0.0430047666298663,-0.9380689172682468,0.8560101733006973,-0.2354104544434064,,
2.1871650000000216,16.05095601444008,2.781808421255709,-173.87504561443356,1.8459447997560807,1.6368388720053264,-1.1972058014610676,-0.8809762016864843,0.8710636697728597,0.038785667700715,,
2.196838000000014,20.266038671792103,-1.2933775108207424,-172.51787506570184,-0.617275539715129,0.9637062967083162,0.6488721174939216,-0.9313371084898856,0.7144012225565366,0.3716505139572727,,
2.206338000000017,22.26890457600595,-2.9680161535226346,-168.7265118993926,-3.428784357131313,1.0731609536092683,3.334826526007538,-0.4493180627949412,0.2669173247532965,0.8444055485359949,,
2.215851000000015,22.216751648917487,-0.8424933715927889,-162.50175909516233,-7.141546995620292,-0.3307184627420593,4.945084499755284,0.1146815132787495,-0.4102415183065002,1.3149085762227188,,
2.225188000000003,21.172824052829515,3.009788222826854,-157.66402471252246,-6.742153365423935,-4.847686226735691,2.2869851821961573,0.4587852208668517,-0.6546344770822795,0.9946058944006744,,
2.234694000000019,20.00927778678749,5.687592268614154,-160.3745367630354,-8.06305459469415,-1.845235662673378,3.495442353221401,0.4092101762672578,-0.4171650152607266,-0.5408118367679973,,
2.244207000000017,16.510809147533188,6.107728322759316,-164.90934941698856,-3.18297099805498,-2.129517405610798,-1.8052091777512844,0.6901998481886201,0.128101821176799,-0.8506510371175895,,
2.2539020000000107,13.040138274489989,1.5995887417896044,-170.25548537611593,-2.292096147261562,0.2752101867817004,1.1752944208051987,0.4845238809278071,1.0302050163089431,-0.9979807847087552,,
2.263405000000006,11.509381999279388,-1.0381350471113937,-174.15997487773876,-1.0033326461392258,0.0445740654901644,3.1960977670064468,0.2331129826912289,0.5644908684551335,-0.7400486290173105,,
2.2727450000000147,8.173640848723718,0.2884707600974304,-176.08901258684384,3.532504557238797,0.1801649322280742,-1.9180188365853263,0.688014577408959,-0.2080635371120772,-0.382569778984692,,
2.282266000000021,5.529156462578411,-0.1022686325308304,-176.5849977654973,3.757454799363393,1.3152741306384157,-0.7085165428443808,0.5234172181021522,0.1118914265444885,-0.098420815394343,,
2.291763000000003,4.811401174565444,1.1538824960145109,-174.81310014232665,3.908509989256809,0.5864755737263956,-1.132210841165333,0.1620191722888461,-0.2401420111488739,0.370941185158452,,
2.301265000000001,4.271738318703035,5.045953761382674,-172.84639935819948,3.6684336455357376,0.0515888631714246,-1.7627929584183828,0.1915143474292906,-0.7630985733583331,0.385894153140026,,
2.310789,3.9867868454392186,8.989980994250692,-171.3918609514174,3.712996258288845,0.3546883123600339,-2.3895378484786822,0.1658289146110336,-0.7741807939544908,0.2553768710658435,,
2.3202970000000107,4.947992698811472,11.35008782507233,-170.81450264033373,3.887070239170992,0.3818318301586627,-2.086984563599747,-0.1132723849186973,-0.4963452766941839,0.0439657672832153,,
2.32981700000002,6.469921015524724,11.346100857418689,-171.45280149654658,3.7604308420323536,0.624737564538099,-2.419743903884781,-0.2953151739382506,-0.0453570900433786,-0.1952304909168431,,
2.339316000000025,9.099202923569107,9.527186042767129,-173.0559559971961,3.6039230559762654,1.0782621711022309,-1.524128111867631,-0.561651966166409,0.2919837600204691,-0.3777844873765198,,
2.348827,12.359475483435848,7.227574521625761,-174.7920627902798,4.808299838334932,1.9790210527941807,-0.3760011981340919,-0.6897814881033855,0.3915320630196764,-0.371328611696364,,
2.358334000000013,15.393138048560283,4.52049106898405,-176.37897077804027,3.824479572236581,2.066581834592334,-2.2674603939948046,-0.6425594852680754,0.4959600502939639,-0.3027290796736319,,
2.3678490000000068,19.884094918614224,1.2473883441240492,-177.01351478258985,0.9709407056384955,1.057344407244874,-1.4667269088875088,-0.9321915637145288,0.6056598630484641,-0.0866184719835569,,
2.387051000000014,25.24960348140158,-3.745801698145719,-172.51609981355304,-3.281721960538232,1.0762823155322665,0.9968910374855924,-0.3368344513713207,0.3641891715540586,0.7606189278162024,,
2.396550000000019,26.16709224816257,-4.30435834233698,-166.91066906617206,-6.490845856941959,0.3874639770198061,4.539706793626756,-0.2001731047861831,0.077821490977974,1.1922185579295477,,
2.4060520000000167,25.30910931218129,-3.538298310393824,-161.6674205551696,-6.921208730061509,-3.587217694099844,3.775980722491521,0.206297863676467,-0.1019268487564798,1.1071575408434615,,
2.415582000000001,24.476515160991685,-2.264401194932099,-162.46741879438136,-7.175970046631318,-1.927009728898784,4.817994897900329,0.2367652873715807,-0.1916253720207636,-0.1474270102206175,,
2.4249060000000213,22.862693941992884,-0.9934340555196548,-166.71539951550253,-3.588841991341183,-1.7419996620652023,-0.0419639593608976,0.3791724495952418,-0.1593280656570427,-0.8710836266665025,,
2.434607,20.475724102648712,-3.30707840885476,-172.32582203001684,-2.5191535935643823,0.2262012498860236,1.836816796166292,0.3853448082319787,0.5427440471661417,-1.15080554327207,,
2.4534430000000214,13.851451574240562,-1.669156949678421,-177.9595833451059,1.7086275982855772,-0.2024346723699748,-1.807263307908824,0.7788893926076795,-0.5240523332910634,-0.3660372890586368,,
2.462943000000024,10.524178796995807,-0.737469131004746,-178.70089990688925,2.8362668157889974,0.3529926620908745,-1.0969207821242266,0.6714301772266248,-0.166185002026055,-0.1905115569671858,,
2.472459000000015,8.466365666347642,-0.7370488786183924,-178.60467749750794,1.522875266986535,0.3038489872262652,-0.5970456686800533,0.4118760076393714,0.0098411776398823,0.0006555599038828,,
2.4819780000000264,7.12452194398797,2.684803497755544,-177.21449999818518,2.71902108730468,-0.1656370480910427,-2.2564290230705306,0.2942802082923188,-0.6745288748488479,0.2560081683600556,,
2.491488000000004,6.602402089877125,6.772023417900845,-175.5289658746943,4.469270121895015,0.0452202883230488,-3.0731637383139865,0.157171747275115,-0.8098872732400281,0.3069493838525173,,
2.5009900000000016,7.507464889932704,8.510144195604846,-174.5095142357103,4.493755012776988,0.1732731653978349,-1.6297065285538794,-0.1481886685130064,-0.362512235733872,0.1462513793007175,,
2.5105070000000183,8.901815888312862,9.51008516719279,-174.81551078347735,5.827911177902023,0.817157399204895,-1.569676564667802,-0.2557635875261932,-0.2251724590886277,-0.1216101515917534,,
2.520025000000004,10.367946306713373,10.461897471749513,-177.34196366525475,6.119151640552528,1.5348506213876962,-1.6409024717396,-0.2752300668774179,-0.2101839626864928,-0.5794799103027924,,
2.5295250000000067,13.21175128882582,10.2350134735617,179.95265832978535,4.16159169644093,1.5134345364991066,-1.4659106444578878,-0.5611207361123223,0.0324637919271741,-0.651730559246293,,
2.53903600000001,17.53001352329115,8.703123761021903,178.91395067537994,2.472289706816116,0.7608322146054356,-1.3926148975555632,-0.8491835693032391,0.3167188826274819,-0.3039680013633784,,
2.5485450000000185,21.725283257281248,6.032465208129033,178.87217766035357,0.871619577227161,0.8489203599678881,-1.2035299597834253,-0.8205382371399285,0.5536403397640333,-0.0281427441175853,,
2.567752000000013,29.3956786732311,0.3991954036329315,-176.927671960998,-2.892212189011381,1.5245357692274666,2.0865863945049337,-0.7361347029397433,0.5118927813535721,0.6548551724819855,,
2.5772500000000207,30.26572269040737,-0.54245710590251,-171.59510098952518,-6.810054498101391,1.7156659810113557,5.124852236232993,-0.19185094762451,0.1706768846209971,1.1227783168740613,,
2.5867780000000096,28.415763204599624,1.2315752953701689,-165.23679348160687,-7.486881463347835,-2.5938998330506724,3.88683734123696,0.4337316439332654,-0.2748753640353137,1.334822008072357,,
2.596087000000012,25.968673907203684,3.993296828350576,-164.87281770888612,-6.9297204151600535,-3.724969849914953,2.945441319510432,0.615266042693387,-0.4083533483997163,0.110425012159847,,
2.6056020000000046,23.203471986728413,6.523057483441193,-170.55531705470713,-4.341457613873697,-1.671831870743694,0.0655066313538719,0.647253959090725,-0.3767780738763409,-1.116706600379428,,
2.6151060000000257,19.531425418367984,5.6872719790512924,-177.54629009162562,-2.487332471744354,-0.2989470086907325,0.1958420670628169,0.709831977228067,0.243405890836097,-1.3559425922359831,,
2.6248020000000167,16.271811708351265,3.674225314832228,176.83294652836423,-1.776867808538104,1.0700930057299345,1.8136254668986724,0.6530830404828177,0.3993340004974837,-1.0812548253755985,,
2.634151000000003,13.7248494751618,4.286476733529363,174.2474908516177,1.9812235801908349,0.2794200734311482,-1.391201785326781,0.4977358129599196,-0.1616675398430259,-0.4865427402611252,,
2.643642,11.81953613419969,4.370687639689433,173.9832012481344,3.8419721585044577,0.665458906960424,-0.2459315592686363,0.3766905979898145,-0.0556440675666286,-0.0318929663586188,,
2.6531590000000165,10.468868819204904,4.914905986401153,176.20634127588093,4.7965062583993,0.7083852656639188,-1.9718586377770464,0.2592677236539137,-0.1316243531118222,0.4669534552023756,,
2.662662000000012,10.77798198569391,7.297251681007959,178.58603196882046,4.436196733613894,-0.0029588990154194,-1.2453258643360912,-0.0831548283199007,-0.4737560329793828,0.4697725324552362,,
2.6721880000000056,10.98744397801887,10.780733934007674,-179.9972187908823,3.6286066357972255,-0.2915116074877552,-1.748551954379988,-0.0491891114672892,-0.6969958617121182,0.2499606721268973,,
2.6817000000000064,11.915039504477567,13.55226036178176,-179.33189068286055,4.085842659660668,0.0675388399782776,-2.539070415752989,-0.17761734463977,-0.5562018775159909,0.0649672523258138,,
2.69120700000002,14.7230180745728,13.854438182492864,-179.9767402207497,3.630328815486288,-0.097050044907098,-2.0265492130524367,-0.5458774751168052,-0.0636587061813138,-0.2569377035044305,,
2.700716,18.213346990847747,12.449289256784606,178.16843888203718,3.1119414932359004,0.5008893975254701,-1.053866669029499,-0.6752619393013066,0.2938346910878827,-0.4675506345330951,,
2.710230000000024,21.908614119478315,11.16437679926087,176.1149189895917,4.49615007622071,1.291971395672021,-1.3473652859527645,-0.7096205899460666,0.2953092163973673,-0.4880159365446409,,
2.71973300000002,26.112449798517893,9.887021615643892,174.0167301098751,3.92592269291436,1.4206673031855837,-1.1856821692333352,-0.8016078209570346,0.3282816597202037,-0.5058687484105275,,
2.729247000000015,30.338254582033333,7.961481771514208,172.7952745885597,0.7166000831371324,1.2612800288611792,-1.6792810446589908,-0.7848395709842069,0.4809656333659314,-0.3132449926137227,,
2.738929000000013,34.47263778854114,5.622259696510394,173.91240723023034,-1.8682138078516568,1.77914823739987,0.4951829741519886,-0.7603794892499148,0.5628373140332408,0.2061399704419658,,
2.7579620000000205,34.9233325542878,2.342566233332376,-174.0714115144378,-7.607680899370422,0.5570842411647509,3.845531980546221,0.165172452775232,0.3183154721748283,1.559198971904457,,
2.767454000000015,32.918993010344224,1.738156179571449,-167.62268998015665,-7.141903923742169,-3.790849427705805,4.544663659001099,0.3777118276608995,0.1817761485310206,1.4005003202669213,,
2.776971000000003,30.735618510278567,3.149997453374984,-168.34341549500596,-6.232101033853666,-2.891697755543537,2.981686074475262,0.4857487854862976,-0.1863221396749833,-0.0877441431286966,,
2.7863060000000246,29.17548828129516,4.490174517701671,-174.16957345726323,-3.861698491720735,-1.0720661259047517,0.1855440107822556,0.3491316781675687,-0.2176731785729181,-1.1597421950069031,,
2.795997,26.021251937422253,3.3884749644534846,179.39089460632204,-2.1937304448505217,0.6501719023751068,2.1198442242966014,0.6193917955069249,0.2498983026858353,-1.2729109696984946,,
2.805501000000021,22.25741167619085,3.033514627878227,174.95692379203027,-0.9717217431856268,1.1767151154544124,0.571406926971058,0.7551704838760357,0.0345322921064339,-0.8648257582428811,,
2.8148470000000145,19.81206527159887,4.840490268957471,173.37507457048534,2.440256121123608,-0.0083465710207935,-1.1555325067495654,0.4495843886441297,-0.4091098953558078,-0.3046935200234628,,
2.824349000000012,17.93988627263115,5.210104860619359,172.93527742253804,2.877528322440232,0.201848849156835,-0.1803470955507,0.3620364435407928,-0.1176713074128175,-0.0744727451269539,,
2.833859000000018,16.525985845059765,6.181369387643928,173.80171792352525,2.4507513001755434,0.2634272075815566,-1.073478337322459,0.257366378965116,-0.2256991305554901,0.2015486352843868,,
2.843369000000024,16.365050194091786,10.109915107581717,175.76287052401202,3.0530876049771467,-0.555317185300805,-1.6731542290518882,-0.0387150859090166,-0.7863309912326036,0.3665903634481839,,
2.852876000000009,16.59270916089783,14.283549235265337,177.64094566597956,3.753498844226767,-0.500039902378397,-2.0965793696866823,-0.0904754604047857,-0.8319833255891607,0.3085828575681567,,
2.8623830000000225,18.21986111086951,16.96391248207793,178.4440753102267,3.659334414787407,-0.3866352823936108,-2.192232738683068,-0.3308994809309734,-0.5262654160395707,0.0279086742956971,,
2.871898000000016,21.36872318760442,18.74958316550288,177.93915053234542,3.940457158784586,-0.6249768788678307,-2.2015053006727228,-0.6107244704524838,-0.3390723783056525,-0.321971610353324,,
2.8814080000000217,25.37426702755487,19.689380306517407,175.94293310863551,4.601946153747558,0.1285751229524038,-0.7046599406058346,-0.7663178878191251,-0.1477407838476308,-0.6730117324368902,,
2.900435000000016,34.67160216938377,21.881175213954126,168.81984983862526,5.017350334376413,0.8752909869456525,-1.1106752344840982,-0.9562788619289652,-0.1098627042140775,-1.112967234133809,,
2.909936000000016,41.63825270408433,22.456061054187185,166.70672753474344,1.5219875503088478,1.433862537251682,-1.4781514109785794,-1.2867841594876572,0.1634857761637681,-0.9133188875540398,,
2.9194540000000018,49.55513547851698,21.06663086683004,168.26335449756408,-0.3113274400257065,1.8460774432556049,-1.3530947542958838,-1.3745626020964394,0.5955542229346514,-0.1857800066066682,,
2.928947000000022,56.8148706945783,17.03084591226947,173.08906118766131,-1.4937514269905994,1.2648981948501148,-1.6595548809766594,-1.2194460504069553,1.0261106906059678,0.6236420784687019,,
2.938465000000008,63.27649501479724,9.751601682559093,179.11914920662792,-3.029413725146216,1.3432519074833584,-0.0893131512301329,-1.1467494469445505,1.546998964156456,1.0711625552915318,,
2.947981000000027,66.5256442811035,0.6725955858100026,-173.25294117240074,-6.150695455678919,2.533354171435237,2.320207663238087,-0.7411754530428548,1.782946631481659,1.4644762993546891,,
2.957488000000012,64.92625825507258,-7.095769535614641,-163.43743594578666,-7.203232198856464,-0.7109209566294031,3.827386461284588,-0.0008131128803746,1.5897211671539972,1.9441048636849168,,
2.9671900000000164,61.562292085658015,-9.812265921561082,-157.61642880539463,-4.701874100296075,-3.784081021572128,4.446671198843066,0.447066699846887,0.7349810484794852,1.0658540717852447,,
2.9767020000000173,59.443696423708765,-4.649187798346151,-161.96487018684635,-5.255154066097861,-1.4317989366621011,2.339320559803489,0.7523169830313914,-0.8247968107347711,-0.923353251375378,,
2.9860070000000007,56.851640483686296,2.634540964098755,-170.3959873328196,-3.181928768082668,-1.4324808025484967,0.2249522973258512,0.8532842160339644,-1.293014877543423,-1.6945950377766337,,
2.99570300000002,51.632747373442754,7.623611106969145,179.319299779901,-1.9587812677054413,1.83414838114288,1.7363203330343315,1.1169299694488133,-0.9152796954317304,-1.9629448793761,,
3.005051000000009,45.44825799290192,11.126876291878329,170.90157498966474,-0.0895115504425686,1.112722118053626,-1.5753339543329163,1.1585325907225388,-0.8028578902403998,-1.4814434981714917,,
3.0145530000000065,41.84757998784815,13.43932461152939,166.78797400662216,2.642552178288861,1.4100901403888224,-0.0930764678875145,0.6017033102025953,-0.5904637985423471,-0.6698298840554482,,
3.024058000000025,38.43744801351514,13.243079955095403,168.0866999056947,4.660141214812719,0.8167677742984777,-0.2203567733151396,0.6570360963099812,-0.106175870895132,0.4174953530213948,,
3.0335730000000183,36.6359013104164,12.495623808448936,172.26565526944464,3.607616783988951,-0.5214050410001594,-1.8216420173838603,0.3721350014818214,0.087453492032455,0.916923168253554,,
3.0430840000000217,37.53770040480215,13.03635202790273,176.7724960790848,1.949836489751072,-0.9338087643430868,-0.4167324883478011,-0.1856694659233301,-0.0909998419192357,0.8623732020000278,,
3.0525930000000017,38.65486649192544,15.152721395876489,-179.30889963233304,3.1026443507347223,-1.554027873853772,-1.9116836429408528,-0.2263136600081448,-0.4189290502943028,0.7299294698679955,,
3.0621050000000025,41.44706409440411,16.26773443464317,-178.68455571888654,3.613680913772359,-1.465603858877197,-1.622924799134297,-0.5341935025184279,-0.2326038960180985,-0.0264185993473152,,
3.071617000000004,44.94264410094572,15.882727941356707,178.03490183251296,2.396165981749506,-0.4719476865565368,-0.5388200284322795,-0.6722391357837361,0.0809178348304722,-0.8503947861772225,,
3.081119000000001,49.04192975826812,16.20860351891905,173.72990622580568,3.185610777352571,0.2192581989630757,-0.7610650239180331,-0.7917378550433595,-0.0083830745684444,-1.088414000880055,,
3.0906319999999994,55.51714363061551,17.798013399818608,169.91664292931966,5.5453506980305765,0.7305972667355966,0.6972601358417199,-1.2729368433288442,-0.1383491071238653,-1.1418007157826084,,
3.100146000000024,62.0222213923641,19.994085962355587,166.60938899811157,3.9081544221352553,1.6874716880079326,-0.5963941745755186,-1.2963389622705377,-0.1794008698046414,-1.083265201780934,,
3.1096600000000194,69.05807404023348,20.35348378930211,167.60362054684342,1.6630449078531349,1.79304935894081,-2.3871029075113404,-1.3049354805452165,0.2249774919298677,-0.2869980369130063,,
3.1191630000000146,76.21562479656328,17.181682506639174,173.94153238048457,0.3671521520320976,1.724764528554262,-1.366607740756658,-1.2379538181619705,0.8437109286450798,0.8059950601037322,,
3.12867,80.10037456620005,9.910547071880304,-179.03995555403475,-1.9706964840391727,1.35107561700201,-1.1891781103857275,-0.6914992572776216,1.488152972014872,1.2205233525396595,,
3.138181000000003,81.93580251081079,-0.1211691020511461,-172.4418115523477,-6.136826471083835,1.8664738877477645,0.3615462636793298,-0.5150216003108109,1.9766436305413604,1.2862044733220102,,
3.147701000000012,80.37058834294321,-9.638002527175146,-163.65771053670687,-7.086642765105948,-1.0161924215330227,3.489989593478956,-0.0887765653205976,1.93058165465228,1.7278846628997206,,
3.1572140000000104,77.60787080209057,-11.128019067038323,-160.51750941405055,-5.69046924831976,-3.59082593182375,1.815595821946872,0.4260300122381477,0.4511796132304004,0.5288559435032367,,
3.166897000000006,75.75672386513673,-5.638354267073466,-164.7351296780639,-3.934899230627252,-0.5045600558175417,1.9225144214785024,0.6784348914505083,-0.9396051411517624,-0.8977862373861882,,
3.1763710000000174,70.9636782629177,0.4698814466525952,-172.15334917703672,-1.910920749204224,0.3186181678968424,0.1837583744677054,1.1854177670494292,-1.0060796684752662,-1.5262519942299713,,
3.185922000000005,65.27610286695094,5.244503200026807,179.64212900954757,-1.5705253441726867,3.257959295267503,1.3558576144502938,1.1985767200236344,-0.8795116172711934,-1.5835647492139375,,
3.195258000000024,58.38987707705273,9.282507375842984,174.12480588999924,1.1906475874180635,0.1053028456532447,-0.7760344139577927,1.3224052422647226,-0.8809077275017848,-0.9285151513634056,,
3.2047600000000216,51.94654895368036,11.229981513149388,169.79448484397335,3.011647865087854,1.3281510142020925,0.2854453411152888,1.202711485243994,-0.5632979591627989,-0.6362917102908587,,
3.214269999999999,46.43321569868471,10.6032096651316,168.33259691096342,1.8961571763869904,1.1113101060374069,0.2155616071514431,1.0880157288125876,-0.0825099568266647,-0.0833974275675065,,
3.223956000000016,42.05519569279552,8.61099770769835,172.45521156812677,1.47971026786612,0.3822764601186355,1.2118399602494438,0.9190157512999416,0.248921402571185,0.9712155046309908,,
3.2332970000000216,37.64507060359939,7.729087035454562,178.8713015011948,1.6259072692970773,-0.8799946954165773,-0.9367884701269452,0.8854635174894553,0.1099273469534264,1.4093888966796857,,
3.2428040000000067,35.88345881964619,8.46440141274179,-175.2138261588553,1.897336524625724,-1.1334010227211169,-1.391420760764031,0.3539057888259254,-0.136096200586152,1.233763654075355,,
3.2523180000000025,35.64118063700814,9.670661814039592,-171.94571666900808,1.917178459250385,-1.2578141978715405,-0.4121035828980864,0.0746298374367526,-0.2347033623570491,0.6619106443731769,,
3.2618240000000185,34.24845142466879,11.023227986922144,-172.3085089725405,2.043651256837393,-1.3486200367339884,-1.384188996857007,0.3088369285963198,-0.2306753448916183,-0.0225485104580578,,
3.27133600000002,33.57168201027203,12.493312725699749,-175.78186762657452,2.3313588206165656,-1.2887941942883765,-1.847042913359312,0.162501226584653,-0.2790163336844115,-0.6677374864021017,,
3.28084800000002,34.231574667743395,13.55290929910982,178.66056845034925,2.486771700234367,-0.6203446017224817,-0.4804401118988116,-0.1234242149884471,-0.2153816269681314,-1.1423981709015674,,
3.2903490000000204,35.35113962999293,13.847458374509293,172.59749644545994,2.8581123584230936,0.50591221047841,-0.4760110621674045,-0.2217704087320987,-0.0421902339948583,-1.2669214594820797,,
3.299880999999999,38.76511619088594,14.068823415300422,169.76886672004173,4.126390529196979,0.5385773640331688,-1.2108702869768253,-0.6624405071355297,0.05792147389734,-0.7310380768553287,,
3.3093720000000246,43.814889027338886,12.8692234172487,169.8507582553043,3.142904701160554,0.9803039790199514,-0.2020046019618833,-0.9253158348668842,0.4102095570127024,-0.2191138843418455,,
3.318883,47.92195269159356,10.788542802259986,171.43845629367942,0.6656388875380517,1.14034305964956,-1.2900662570041788,-0.7265088266769698,0.541722160749798,0.149138856624082,,
3.3283870000000206,52.319403113732776,7.97203559810424,175.26703474924457,-0.2688726595499906,0.6602497596342204,-1.2258020760192796,-0.7977869477909586,0.6604870434230787,0.62248911941742,,
3.3379070000000013,56.129528544555214,3.6117964612919793,179.35256718558068,-1.5738145163108277,0.9202441504132938,-0.3246705127294877,-0.7174844788499588,0.9075052512787036,0.7402882250948483,,
3.347415000000012,57.97304707098235,-1.7887776421156645,-176.98979485969735,-3.557862268860072,1.766887606382408,0.7110214521334234,-0.3914818208639267,1.073550579741185,0.7258485703553829,,
3.356925000000018,57.42404305118702,-6.521792314217166,-172.37989855987985,-4.901707663580493,1.6253343887812013,1.4787655995019764,0.0214125333591585,0.9539653452081664,0.9144722821240744,,
3.366613000000001,54.84117937338832,-9.740565946054726,-168.01598737527377,-4.642129029811462,0.0861889016044024,2.7944942862139897,0.3949176147547464,0.7222457906354794,0.8001811593799351,,
3.376123000000007,49.95842929084591,-9.574064067362665,-167.27898873600836,-4.04862914585936,-0.5397834391847047,2.587764370119684,0.9485910673927084,0.1736245170260576,-0.0165398504241708,,
3.40467000000001,30.158768208511564,-1.1687281374564815,175.9316870937742,-1.1687631407034904,0.7398679560515796,0.3992335004207313,1.749265986330907,-0.4151759010923548,-1.4319742222855742,,
3.414178000000021,23.56682684813304,0.0959402871393345,170.7825668555218,0.7163485790629056,0.6481250153204058,0.9729645408468548,1.2821641776996608,-0.4040440152093719,-1.0420706855203026,,
3.42369100000002,16.525339731753494,0.4718128679160303,167.95410280106393,1.9629000103639385,-0.0337212524251744,1.6931575104125158,1.37193794287879,-0.3340149644622182,-0.5585786916221024,,
3.4331980000000044,8.21637344175857,0.3968216314857559,167.77155915571828,1.248374020134945,0.5349769560575377,0.5960757871221873,1.6295878423584167,-0.3351275386371287,-0.0238714001881339,,
3.44269300000002,1.4026494029641794,2.420932361201725,170.44935144820158,0.5702219553052728,-0.0803900147053727,0.6511855363766565,1.263040996371792,-0.6552505738377952,0.5689695212827023,,
3.452204000000023,-4.653550500604018,6.451299386495924,174.657836975921,0.1162836907206292,-0.913866627593218,0.014108492012747,1.0948486681451115,-0.9564065378183776,0.9352538769528408,,
3.461626000000024,-9.869739837018448,10.860297688832585,179.09847384874217,0.0098537718424754,-0.4317634497148278,-1.4338767174778837,0.98354343128832,-0.9374317354269264,1.0452343559338062,,
3.4711490000000254,-12.977155093443782,15.203287127207286,-177.19058351125764,0.1387016327619247,-0.7633074151491047,-1.5210241915084817,0.6208562587421584,-0.85935182438883,0.8827670066137591,,
3.490074000000021,-19.8815490345278,20.96109636963005,-174.68418746213953,2.414855909519899,-0.0216055969368291,-2.249327330135088,0.7786762931039933,-0.3259472879218157,0.3416506552719528,,
3.4995890000000145,-23.757898308893136,20.737897093839912,-175.79442465225745,2.971078876739387,-0.0202198629790771,-1.5839010886747036,0.7191818198097285,0.104106716554753,0.0732732920972347,,
3.509086000000025,-27.3277532724868,18.96620142334484,-177.8182674215055,3.6868129948551975,-0.0213910730628528,-1.2095557361700342,0.6521118975449821,0.390517418963563,-0.1270921596589792,,
3.518610000000024,-30.378388267422324,15.98126645495135,-179.9482122607163,4.027255011406597,0.3392871913547536,-1.0810947851868224,0.5727548406809775,0.6070432735106428,-0.1740927208898043,,
3.528116000000012,-32.2597985449372,12.620356903854818,178.41829965570966,3.4764661643025923,0.3090768555195401,-0.7880406668169005,0.3768080172074392,0.666384697210201,-0.1384926614776568,,
3.537635000000023,-33.09306239685035,10.039651504440767,177.38616557163667,3.1103294482313424,0.2375409054032973,-1.1012172278652317,0.1847530047868157,0.509534703973831,-0.0682586637544518,,
3.547139000000016,-33.653761615843635,8.657062152553628,176.97550338863576,2.6869658737212627,-0.045773408254962,-1.034600363138939,0.1253587689998812,0.2705385520643007,0.0292306001974307,,
3.5566440000000057,-33.954636238869064,7.941848728636127,177.16281955352693,1.702892183785733,-0.0141319613833534,-1.1969456978410062,0.0673700923100136,0.1397268462604396,0.1303829755804655,,
3.566158999999999,-33.55551536498461,7.511113413360009,177.56949921777496,0.7219052670426661,-0.11570881066057,-1.3837117023366077,-0.0748235099427093,0.0900613591894114,0.1515657089129547,,
3.575677000000013,-32.63192169590344,6.720388692305991,177.89028243498092,-0.4101410192605132,-0.3671312893592205,-1.220613935944243,-0.1764796266366974,0.1661180453382169,0.1254656656272435,,
3.585182000000003,-31.352836899075573,5.1189690460336905,177.66914097198045,-1.5693816325719538,-0.3756025619372096,-0.8425767986754725,-0.240450347360521,0.3314916388416419,0.0460824675599997,,
3.594697000000025,-29.46281398840951,2.934285314887436,176.59789334042478,-2.5843898830786625,-0.5821255578211882,0.2289509609329827,-0.352488406816559,0.4578027023670909,-0.1061673854098755,,
3.604387000000002,-26.83025832108851,0.3581563915191312,174.71612382317915,-3.468806716151326,-0.3376944499985534,1.274998095499188,-0.48269294610677,0.5573533603204596,-0.2398965393169597,,
3.613888000000003,-23.003812188796,-2.436759229578593,172.1559629338566,-4.3095862810318,-0.0219317350703563,2.019203323310484,-0.6912044793645321,0.649710034980427,-0.2875169874879497,,
3.6234129999999993,-18.57187720190852,-4.710651685258011,169.4519183262602,-4.715312394344794,0.3621465433359753,3.0374221411260187,-0.7958029856777281,0.5985946406011277,-0.2612259402658334,,
3.632924000000002,-13.894658563596336,-5.764474994969187,167.2328203680173,-4.2454946033747465,0.8065774391394901,3.019529938787693,-0.8669800822771558,0.4031997266190237,-0.141611167995894,,
3.642423000000008,-9.378450946944644,-5.856179483382338,166.16660823837694,-3.0911079015096465,0.6638609456832908,2.7665141127493293,-0.8693629897730158,0.2320617418957683,0.0689739434183483,,
3.6614330000000166,-3.635727576453784,-4.941875787547192,167.99390361068768,-0.5415863807032802,0.4411549692504168,1.1619754506655455,-0.4726453288114823,-0.0235939562429426,0.386098164147524,,
3.670946000000015,-2.1131105788612787,-3.510147453268027,169.7444676754118,0.6597142129361105,0.1957917678827327,0.5261719625056153,-0.3538974718170685,-0.2222346958062083,0.3949463393345757,,
3.680454000000026,-1.0460849517223492,-1.3892003375009865,171.23897659131032,1.4771059152898642,-0.0438735755863261,0.2046698186622167,-0.2803058091266854,-0.3838492476188425,0.2855035570656425,,
3.6899680000000217,-0.4906008280181604,1.0141277825196964,171.71051193837533,1.366770243866701,0.0039812756472572,0.257602697805696,-0.1813377828497722,-0.4594002999780806,0.0947543760938078,,
3.699484000000013,-0.3897465717436658,3.955718087795279,171.67932470638965,0.7927765663436241,0.2118184588017475,0.0543353495963775,-0.1028321954956872,-0.5802895913639202,-0.0944587952270852,,
3.7089990000000057,-0.7218831253247805,7.257033677314866,170.5760356714771,0.2700178923984974,0.3149707405836741,-0.2801043670666163,-0.0365501248531936,-0.6633178185640646,-0.21432554235979,,
3.718327000000016,-1.717824364855433,10.102800295976756,169.30017754336154,-0.125942620300756,0.4832162348590074,-0.8090574827769443,0.0945687166895299,-0.5954738613780773,-0.2252780215418736,,
3.727939000000021,-3.0936838339814026,12.27919148429118,168.39362114408192,-0.0628930978080964,0.6147655921881356,-1.3625769953860352,0.1808681537531274,-0.4798000828813648,-0.1279980954576127,,
3.7374560000000088,-4.425807107847556,13.977478027410548,168.39594929625798,0.6814715340621067,0.4131414848197817,-1.6064886586431515,0.1865204840482677,-0.3851048668684275,0.0331190437494159,,
3.746864000000016,-5.740467958720622,15.082257159449613,169.1657583986027,1.8839364490631016,0.1840505231438577,-1.7289367920952925,0.206993369963461,-0.2664888133464234,0.2133061489911198,,
3.756367000000012,-6.855414185114431,15.598502022138463,170.4968737731029,3.1115342503933667,-0.0820762331296545,-1.4977263931391664,0.1935585835148296,-0.1399057845080573,0.3438224249929897,,
3.76588000000001,-7.712795112488393,15.63742672630856,172.04817226743725,4.061480852463959,-0.3492524439853319,-1.0370462532125195,0.1621927314402172,-0.0330631974903288,0.395367098326494,,
3.7753739999999993,-8.372923266546103,15.492655045393647,173.52203381802255,4.664213640846776,-0.4960102197633129,-0.7264288426715648,0.1299957503531027,0.0125113807382531,0.3760546872476398,,
3.7848980000000254,-8.730391797133347,15.40599129946343,174.5853815091432,4.995458518619055,-0.5979187056634193,-0.925096509462932,0.0704413139352591,0.0099673511797751,0.2795267911060246,,
3.794411000000025,-8.73452614372657,15.08278946838906,174.8344082074685,4.330985089189111,-0.6227465793146125,-0.951042723860852,0.0069600986091174,0.0643444304087455,0.1201923972156637,,
3.803930000000008,-8.350525903827686,14.585073927008851,174.2558181050931,3.2813119340431736,-0.6252471686377831,-1.1274583094860675,-0.0641662320243732,0.1064810235999715,-0.0602257485747703,,
3.8134290000000135,-7.751687287242551,13.810613853907544,173.0944528888758,2.0470857961083,-0.5053548952259379,-1.452723727663624,-0.0980076493242791,0.1671925348098566,-0.2005385115273384,,
3.823025000000001,-6.989784590612089,12.27582464503047,171.62190295531747,0.7221782087920244,-0.2527739549600967,-1.6630180254645366,-0.1055954992341551,0.3246187718172969,-0.2693974682697064,,
3.832448,-5.956529634046084,9.707522345420283,170.12569582940935,-0.7364007177329531,0.0673925828248225,-1.3930091869627383,-0.1171150321993995,0.5403511479612024,-0.2598250236068448,,
3.84196,-4.599221156190255,6.695751753417509,168.8035337501419,-1.6281338122207851,0.3443284635355109,-0.8197034242251408,-0.151125525967738,0.6427756002565025,-0.1924981397031908,,
3.851471000000004,-2.951031446688918,3.4845817735103988,167.86617937225168,-2.0814313109610905,0.605611400759249,0.0284830520026413,-0.1880353235611654,0.6971831040531834,-0.08733150575076,,
3.86115700000002,-0.911748592226864,0.1216313728301999,167.49525420433238,-2.616020311518085,0.830711162826556,1.5509018249004554,-0.2512198797794283,0.746190813727082,0.0330494054469172,,
3.870670000000018,0.9836513381803124,-2.7166866102051483,167.668711705444,-3.195526495265294,1.0102499417360282,3.024968884656748,-0.2452358271024603,0.6377785118785737,0.1563633456817725,,
3.880178000000001,1.9629352964052784,-4.332535993267861,168.13687368517546,-3.6448247734283625,1.427906693423049,3.1193774375605936,-0.1212653917010761,0.358154579368847,0.2535154753805201,,
3.88969800000001,2.385986807921064,-4.855915560007454,169.2147289834626,-4.003877214435152,1.518961740421202,3.0285947507567146,-0.0617268831562759,0.1195904759065257,0.3165815652086109,,
3.8992020000000025,2.283275332858625,-4.492180894510972,170.53846700970706,-3.73551033370388,1.2410474321843068,2.6562288637088103,0.0072459133409131,-0.0753134176072125,0.3029910053216544,,
3.908706000000024,1.479849723331111,-3.649212386155365,171.47002886679843,-2.6492735813426944,0.7905538842574118,1.8927662271924464,0.1320986326620877,-0.1917976616864924,0.1750787078380812,,
3.91823100000002,0.0555149768400715,-3.0002804251134503,171.36141486019574,-1.3669002548815283,0.3368271920542734,0.9254174844691084,0.2621278862129276,-0.1709681285317456,-0.0382839995151092,,
3.92773200000002,-1.7776035771747696,-2.5508577199108102,170.13533671970245,-0.1447251027693847,-0.1611531690897354,0.4377202938956411,0.3473818259197498,-0.1477518539582321,-0.2632206840051471,,
3.937229000000002,-3.78858990978104,-1.6872584506398494,168.05617678361347,0.9791349732036064,-0.4564058434888232,-0.0950165855578667,0.3626124086373743,-0.2456443650139885,-0.4479519698052887,,
3.946577000000019,-5.640590688958143,-0.3313989913281718,165.64092661203304,1.750642007422558,-0.630772651305888,-0.383824326620059,0.2999291554825575,-0.348195197971058,-0.5308755552811053,,
3.956085999999999,-7.286956438635912,1.2743062963017633,163.49751701697733,1.7455277009046668,-0.3709666803191672,-0.5192995737458652,0.233138185787297,-0.3971088426154991,-0.4782495554736789,,
3.965596000000005,-8.261694335612843,3.689493308624328,162.20026496754684,1.2002874738918146,-0.231002998671597,-0.4761467474298005,0.0448502207870232,-0.5194924698674362,-0.3008944186345428,,
3.9846220000000017,-8.908836435562055,10.955215867318634,163.50494628295672,0.7970009456795977,-0.0716592232996148,-1.3874823818613544,-0.2064854535411129,-0.7192139337704245,0.1908004355987977,,
3.994216000000023,-7.909360648537857,14.115597205556146,165.56576267644755,0.775676499216887,-0.260827899040193,-1.5764454939194872,-0.356352967916494,-0.5582271995547451,0.3409883337521093,,
4.003727000000026,-6.427572373944273,16.610614005568152,167.71635549006908,1.4239444264598249,-0.4281291218372023,-1.9432177834912217,-0.3937993672832077,-0.4199329470564348,0.3518670373258318,,
4.013148000000001,-4.812639488273481,18.13782879942693,169.27358826102818,2.426845792993873,-0.6308319960027022,-1.877120123979061,-0.3635465169732051,-0.2378433358197892,0.2298424009822109,,
4.022649000000001,-3.3354920327788613,18.41345178759242,169.4755812302121,3.186969919597586,-0.8556368596994944,-1.2741808068924867,-0.2862087521680115,-0.0016975153499082,0.0083216128771061,,
4.032172000000003,-2.0913693130763376,17.653061426737086,168.17412923345023,3.705069440312765,-0.9624076637569596,-0.9749594646224256,-0.2021086682756521,0.1960679603548283,-0.2472377722658708,,
4.0416870000000245,-0.867383201601678,16.26455417134575,165.72043788144748,3.8030467687327714,-0.9393849109319232,-0.7611543383571395,-0.1642875062240441,0.3244562501153925,-0.4700845946524987,,
4.0511780000000215,0.5399316574919696,14.704235839099628,162.7289399780797,3.48149125669762,-0.6949920169525942,-0.8171896986926952,-0.1750518109283989,0.3751517503522728,-0.5898813157815314,,
4.060684000000009,2.2348476721483603,13.213690646785809,159.78033636680635,2.744153147232436,-0.321031522789694,-0.9453310190874672,-0.2141470463939252,0.3895076288187343,-0.5624369084212573,,
4.070220000000006,4.050230570451809,11.758449475863,157.6877694762601,1.7469753541566844,0.190551281126547,-1.2040901308741694,-0.223202300459591,0.401303327736717,-0.3903747445483039,,
4.079739000000018,5.859793573368563,10.089938941097618,156.84837961818752,0.6601138164949492,0.5885429020767367,-1.3013953166402412,-0.196721612205533,0.4466152461856265,-0.1169503672347075,,
4.089249000000024,7.369336366308971,7.624422757630387,157.35614589134428,-0.3734377563129007,0.9291338715642844,-1.259138451019751,-0.0800158590653833,0.5713827919897903,0.1776621780558077,,
4.098744000000011,8.507296049721448,4.075402692687108,158.76026407093983,-1.4295994223562158,1.2441264947306518,-0.606169154141517,0.0598346442378578,0.7435004321582985,0.3993274771268039,,
4.108439000000004,9.026134851172644,0.1827851060385844,160.58351171729575,-2.1489010461499816,1.4694378103687686,0.9919930246610144,0.178614928074285,0.7657932018114311,0.5168892155601915,,
4.117941000000002,8.592214879101109,-3.153250079234918,162.42161442082718,-2.664124886086942,1.6480853813670602,3.144039554142846,0.2981405828430935,0.6040663309441545,0.5106060691722196,,
4.127459000000016,7.202843771797569,-5.439517756061723,163.80587898248965,-3.430602017725408,1.5713288624229655,3.4963647844355776,0.399951763522991,0.3557478397329162,0.3534927297830433,,
4.136958000000021,5.249404173038739,-6.48686831052681,164.11442244641,-3.947515538484381,1.2756664590298272,3.5986359545106,0.431991790499373,0.0932037845976811,0.0652988500300025,,
4.14647100000002,2.651156987611509,-6.259727946639231,162.99128739247814,-3.7461813908148622,0.932788050780255,3.527646873531137,0.4830051456031124,-0.1900007259303877,-0.2825708393856101,,
4.155984000000018,-0.1126100310679039,-5.603075084481234,160.53484379372046,-2.9929325690792736,0.6723826370341934,2.2070680693416924,0.4820151054248527,-0.2966003287978861,-0.5743383399824082,,
4.165489000000008,-2.375568663484072,-5.187684557108776,157.41788179479752,-2.0749971560959986,0.2152700681361242,1.2496886526242583,0.3916005075156697,-0.2389992274565781,-0.6957520117613805,,
4.175003000000004,-4.662969778994127,-4.7712584425727,154.5232822678059,-0.9762699891129704,-0.0290957127505514,0.5622933920947524,0.3831401086890889,-0.2615257314920622,-0.6462421532782668,,
4.1845050000000015,-6.795070743155513,-3.861364252139642,152.64075889755176,0.1766282328773137,0.0364784114798079,-0.1996525196865949,0.300681361452682,-0.3521643017381217,-0.4395189942014376,,
4.194034000000016,-7.926390404847419,-2.1635236446786386,152.1928054070776,0.921640063527252,-0.3782911020085235,-0.3965164047267563,0.0435267322070862,-0.406005976911912,-0.125815576917104,,
4.203353000000021,-8.549613408713885,0.2319661905869742,153.16867085803122,1.0426698857017045,-0.6001651564782404,-0.4188793467406643,-0.1088908511211299,-0.4834929771560743,0.1753334266688136,,
4.212865000000022,-8.734781298733974,3.562593853872042,155.1357196986337,1.112645284581545,-0.4116351866720166,-1.0523361950713468,-0.2570733266385896,-0.6164829855791195,0.3826414574761881,,
4.222373000000005,-7.927222472950128,7.576999733259697,157.68542341717117,1.2395956635744096,-0.5606735778097776,-1.3547430412155617,-0.468108486269653,-0.6729955493288667,0.4575197842722813,,
4.231893000000014,-6.692728066468527,11.27781752616938,160.0612357879718,1.5833187092751115,-0.614898454211219,-1.7649200590700471,-0.4940129315449091,-0.6037632176890121,0.4134070683452125,,
4.241390000000024,-5.246247582381283,14.093449849841614,162.12451988866303,2.087337829131413,-0.6736118048022579,-2.1288597883290907,-0.4483045775098052,-0.4434916563724977,0.2610046262354525,,
4.250905000000017,-3.915992500386202,15.961436834822464,162.80016431619626,2.72159612623528,-1.0378268901415808,-1.8480719740024028,-0.3576805302240116,-0.2795036280100324,0.0403524412981309,,
4.2604200000000105,-3.270537256334665,16.483027854705323,162.02023663895966,3.609855791320358,-1.0546313040469972,-1.782683808255738,-0.1499188044577945,-0.0618950695040307,-0.1681965340350372,,
4.269929000000019,-2.401352904763045,15.394949132154933,160.05574297048517,3.903432317438865,-1.111515392350079,-1.369294489693302,-0.0866442152257343,0.260704930030231,-0.3674109357205651,,
4.279458000000005,-1.025721636018632,13.415423585612634,157.39332378202946,3.826437401148501,-1.114542663130344,-0.9959697367378664,-0.1025194271034521,0.4666749001064598,-0.4888559592546583,,
4.288963000000024,0.6896583405312312,11.474030713015644,154.7755743372972,3.70546263221468,-0.8738134152066175,-1.238451414426712,-0.1462831533982674,0.4921581086758591,-0.4686876137784403,,
4.298455000000018,2.901868335069523,9.640643355655271,152.92734397743968,2.9574581133359734,-0.5500096837981211,-1.1714755573509907,-0.2260329382177041,0.5227637113286633,-0.3143495592774078,,
4.307974999999999,5.180189642952306,7.887281302582978,152.03449989087068,1.724050091690846,-0.0775340045989626,-1.1267798164000629,-0.2344552071128603,0.5210897965569073,-0.1064855637284563,,
4.317488000000026,7.076812154638391,6.142557649040005,152.12741341642203,0.4894761121469316,0.4801169892482765,-1.179092127895136,-0.1665917153019609,0.4861442628110295,0.1096591291553486,,
4.3270020000000216,8.59338702228182,3.7357886490213,152.87415898404493,-0.7675572806308278,1.068622727342153,-0.916197355685152,-0.0423887258239116,0.5674079942833699,0.2642514691243166,,
4.336505000000017,9.684489398763064,0.5246653603289917,153.90225963522747,-2.0590986084614475,1.708659224873998,0.1085684057836914,0.096647033751565,0.6721032313922435,0.3294013997065828,,
4.346198000000015,9.953629665952072,-2.605109369337582,154.97795886896012,-2.7748770369635496,2.2038983542957,2.173240694369372,0.2246454261128107,0.5875089720918297,0.3285173212911063,,
4.365220000000022,7.193353828813079,-7.720212488213536,155.5687010481326,-3.74092494731578,2.074326407622616,3.307225614618339,0.5343634065551074,0.2738882277788591,-0.0079214588037541,,
4.374718000000001,4.718043443465259,-9.028316880478044,154.4796375976794,-3.343374491635163,1.600543419721911,3.566207760709779,0.5551121848465961,0.0297666642781869,-0.2662840843932457,,
4.384231,2.130550975180112,-9.244993848947264,152.49350934396003,-2.4652711725518905,1.10729023625837,2.6788330439867454,0.477171502646841,-0.1894053607464458,-0.4864196034095849,,
4.3937310000000025,0.0919663870413434,-8.97377036630026,150.03196231013482,-1.575519638138944,0.333271403104711,1.8356449017921528,0.3275886971105557,-0.2410526349526285,-0.5827835436663081,,
4.403251000000012,-2.120537585706937,-8.466893374906016,147.61103991785038,-0.7465088899857081,-0.1596068011512396,0.9458554058228024,0.3224204791955898,-0.3132539141553563,-0.5727956850814171,,
4.412774000000013,-4.587497507768537,-7.228105272726821,145.86009595192775,0.1348004824926163,-0.147658749955307,0.0676165478998,0.2735222614984113,-0.4755790779606313,-0.4361891637889684,,
4.422305000000023,-6.392638953175293,-5.127999715637977,145.25621559123843,0.7095053681673552,-0.4569567023831566,-0.33438061796768,0.0587944681475088,-0.5499775811758121,-0.1694451663940102,,
4.441113000000001,-8.356384238688811,0.6479230304430141,148.2392439556313,0.4532461248269049,-0.3703022027621994,-0.7646662254540554,-0.2264089258355263,-0.6191353592493005,0.340037484738668,,
4.450626,-8.010492998654804,4.298345021325345,150.90881503554226,0.3710280493085801,-0.4491452371123977,-1.044003736109974,-0.4275558481946515,-0.5968871957637689,0.4431621165287803,,
4.460132000000016,-7.0340689103674405,7.540542721165618,153.4855352436754,0.5311636211159622,-0.460358517526037,-1.372075225760536,-0.4731123308810055,-0.4852231463649908,0.4135080316957998,,
4.469722000000019,-5.745313857398787,9.984296332426652,155.08831953092175,1.0083487582313804,-0.4959530274174636,-1.801543428707954,-0.4419388601085324,-0.3303788681610224,0.2714084155641769,,
4.4791560000000175,-4.218583614367557,11.747381959167855,155.3766008175975,1.7194380762732984,-0.9218377741518,-1.828236049151412,-0.4209350931252802,-0.1937843729629976,0.0527759013367126,,
4.488664,-3.1365219733474805,12.822771708710803,154.47038247230606,2.6312057633671104,-1.330949919549304,-1.5720785734208509,-0.2833081856841524,-0.1044781088229329,-0.1612272271007816,,
4.498168000000021,-2.475822726650787,13.073313814162528,152.66567171107496,3.531206639670064,-1.4383142852555817,-1.5012289994681238,-0.1377467795956583,0.0128972383234803,-0.3198621110579985,,
4.507698000000005,-1.3877748869143725,12.686796967435786,150.40277956395346,3.802473640686532,-1.520346173786942,-0.9367076161481724,-0.1491884357862428,0.1698296383680363,-0.4154928510423604,,
4.517220000000009,-0.0855700885680739,12.39169539486912,148.36412203153452,4.18550959426356,-1.4321183451744617,-1.1072496960428158,-0.1881174199938122,0.1813526769346124,-0.35855997257083,,
4.526731000000012,1.8503522039582525,11.928672493425513,147.00244179503866,3.5679236231945706,-1.2222184519096144,-1.204443688551794,-0.2692024510135026,0.282337803790205,-0.2338425441633473,,
4.536231000000015,4.051438646338923,11.307262031870872,146.2531780011974,2.2995472446732577,-0.7140224937575739,-0.9532000467628592,-0.2900868218741401,0.3430487245170014,-0.1053778647124203,,
4.545738,5.993198159167682,10.608508170703288,146.36009982787868,1.6294742541104876,-0.2554868454818913,-1.869403686925582,-0.2383052439064399,0.3293612345395902,0.0642191685181166,,
4.555341000000027,8.217167378559633,8.772408817963019,146.93826888858734,0.4450883864562395,0.2759829829309488,-1.7600931853255195,-0.1616787319056167,0.5492462276178692,0.1623343600048022,,
4.56477000000001,10.134639116892757,5.688699486522916,147.6069151724383,-0.4109403788940479,0.6736503941557219,-1.3301813612872682,0.0173260901038346,0.725239352964191,0.2117866287215853,,
4.583949000000018,11.885200615635584,-2.2371343617373203,148.23781782746096,-0.4910300542594251,0.8194814697844982,-0.283093406205202,0.3436643095225397,0.7707363260001161,0.1318813906359903,,
4.593461000000019,11.701373476986063,-6.592378492828035,147.76994887334732,-0.3349584257968374,0.8236025829847159,0.632529179271295,0.495860031558762,0.7182709284156458,-0.0112548019109734,,
4.602972000000023,10.919446070258712,-10.147473498108829,146.8371609241023,-0.3446300521757405,0.9839097324608224,1.9925353830965584,0.516445187083688,0.5137807170211057,-0.1401330351694273,,
4.612477000000013,9.574509709381063,-12.150159091357969,145.68501951800485,-0.8567158625935589,1.199062077194046,3.152121645373336,0.4429969326079892,0.1853505780437864,-0.213271677094492,,
4.621986000000021,7.410288343174826,-12.768072131062294,144.7758799118713,-2.0255175834092785,1.7334304822445998,3.351119878044828,0.4179839977987987,-0.1401480918452576,-0.2500604135368233,,
4.631513000000012,4.825149752480209,-12.218855910948562,144.20742571875817,-3.1932187988457503,2.400528169376033,3.5959176589456874,0.3476476570014359,-0.3829164377300769,-0.2332706425464475,,
4.641002000000015,2.4424738793016605,-11.083537559937,143.92530862306802,-4.015233460866255,2.377178547068534,3.685797761489033,0.2456198390157249,-0.4578870659130943,-0.186268099787529,,
4.650529000000006,-0.4569016284698175,-10.1615125020064,143.71198208569416,-3.753786729237457,2.023598025749964,2.4346832613961027,0.3524452211368421,-0.4852096380021273,-0.1899561767505268,,
4.660041000000007,-3.3863511698006987,-10.05364488495466,143.51822623378936,-2.527722452656349,1.574148485091354,0.9294534816685542,0.4525984072535636,-0.3592690591385881,-0.1754170677359659,,
4.669451000000009,-5.272810748897662,-10.39995734521418,143.3122814590252,-1.264626741700242,0.3115958695613726,0.8634380189484027,0.3398063338731807,-0.1658749713355977,-0.1082907623291199,,
4.679060000000021,-6.933661637500904,-10.342432821982834,143.12501346300527,0.0683150794595523,-0.7725915834549881,0.2482818318239952,0.2548877888824775,-0.2053484713259136,-0.0739214940771586,,
4.688380000000024,-8.330544140794258,-9.363539441560643,143.06914714023355,1.2553049283331068,-1.0966833159223393,-0.6966930151520533,0.1023742388881784,-0.3222899024669141,-0.037546790173019,,
4.6979060000000175,-8.53219640310435,-7.5626299926849985,143.21178067604887,1.4852019361905784,-1.4708116994726232,-0.3886377768488702,-0.1846237866589102,-0.3123036530831408,0.0429584466286939,,
4.70757500000002,-8.347619672732428,-4.716692880648323,143.49012176728075,0.9933215107924466,-1.0218014341261714,-0.0354194373338269,-0.3699288536579033,-0.4349842998146767,0.0757630221640066,,
4.717104000000006,-7.816891360149028,-0.7103914305999545,144.07438714473565,0.5420689176472271,-0.2506783229807798,-0.4173262833858268,-0.5590539014118757,-0.5849753293679938,0.0998825475271027,,
4.726593000000008,-6.629925067891996,3.346772455587118,144.79905828401763,-0.1525635740462592,0.238606137202379,-0.4241325232984577,-0.6657717491388059,-0.5225884900085738,0.1395567376504627,,
4.735960000000006,-5.22441783011662,6.696223617727234,145.3022658038527,-0.7156535266488095,0.663882292913222,-0.7735779241813089,-0.6155362017007863,-0.3865998663364819,0.1679806827057844,,
4.745543000000026,-3.995643291776596,9.478093008586956,146.04500345358016,-0.3989332309295357,0.6447986054017686,-1.476401551371846,-0.5161246884801668,-0.3212413181847843,0.1748401685858347,,
4.755061000000012,-2.859759603701434,11.584052118878354,146.6778762100027,0.5605662409048368,0.080510021017342,-1.9308544564756585,-0.4203604360373847,-0.2260443390216897,0.1470613006464938,,
4.764465999999999,-1.949104265861273,12.894636370139752,146.93196407022975,1.7350509687855895,-0.7828982566703832,-1.808467648691381,-0.2931308741079232,-0.1211869130041116,0.0779125457772608,,
4.773980000000023,-1.464155429142967,13.805460184324224,146.72118140559323,3.0270629842174066,-1.6522975436078102,-1.7754386513985725,-0.179077223761128,-0.1005784883370619,-0.0167720647415672,,
4.783485000000013,-1.374447459466634,14.58429357195762,145.856394446592,3.932706928717152,-2.2292721500909543,-0.8299004969030829,-0.1013648970573388,-0.1197789827666848,-0.1147891885410125,,
4.793027000000024,-1.5627251326650136,15.984198444474211,145.17306592887593,5.465424272463944,-2.542203245167411,-1.095222435829209,-0.1294701439516438,-0.2512520457359267,-0.059265096131323,,
4.802514000000002,-0.6528798731105332,17.077063700569685,145.0958628151209,4.82995794677765,-2.809587048863103,-0.1920356184267994,-0.2686147593680423,-0.0789203990886154,-0.0006516072826081,,
4.812022000000013,-0.3459856701340995,17.986858929963063,144.60619727201265,3.386539093141089,-1.9883396871388344,-0.6139927069330341,-0.1531341442198578,-0.1147500672154748,-0.0467232719233187,,
4.821528000000001,0.0639900019102761,18.971054686167967,143.75507565809758,3.112118450334758,-1.4927664644164995,-1.9288381679349509,-0.1787664854492521,-0.1137468495564585,-0.1348314852390693,,
4.83104800000001,1.274571242278773,18.394956030688103,142.661156862279,1.485373899682769,-0.8548486836970882,-1.410697648587923,-0.1139654504856839,0.2303137421781578,-0.2131007677302881,,
4.840638000000013,1.8183198146801407,16.024359770326026,141.4638771276141,0.6090187509436199,0.1834935927093825,-2.214736438420738,0.2119335613490186,0.4372663442237766,-0.1595942429810717,,
4.850159000000019,2.7414734114411035,12.796193170174922,140.62706174191263,0.0034024106249669,0.5923737381724574,-1.9405073486845787,0.2701962072540462,0.6138614967607392,-0.0989854920873293,,
4.859584000000012,3.614828845026792,8.789405366147072,140.12384593370408,-0.0680653319126774,0.4055319001913322,-1.066123219225671,0.3829882805681721,0.7255639892653026,-0.0171196707924449,,
4.869081000000023,3.9160527124302686,3.703907866285413,139.73075734785496,0.2686754697761672,0.2917151500352538,-0.8121595315316722,0.6137364711244147,0.8147117438538379,0.0306158507651698,,
4.878775000000019,4.177788561615995,-1.6136787544023967,139.34833253041623,0.3888685161903447,-0.0962359307426506,0.1392947826907042,0.655209625273756,0.8408775878348816,0.036008794189719,,
4.888290000000012,3.861045183424368,-6.002181187010885,138.90485626746712,0.584668319287611,-0.4151758318290189,0.1275168972384925,0.6255343684054888,0.6203320550356551,0.0053785515171601,,
4.897789000000017,3.244541530266841,-9.28463361333659,138.28939028768096,0.3143006748293241,-0.2331702853001727,0.5629688745016009,0.5279681066749605,0.410086167960883,-0.0542095844218386,,
4.9073060000000055,2.472012807900065,-11.262716496615337,137.54292265546957,-0.5451440702856258,0.4274476764122716,1.955328732156867,0.379002535349848,0.1907577077966848,-0.1061032287908113,,
4.916823000000022,1.2807910464559469,-11.57370086011196,136.91432460200133,-1.7310188606178858,1.6877277667822876,2.7850673086086903,0.2137118026604534,-0.1134227283643279,-0.1338830910188946,,
4.926330000000007,0.1522873980852385,-10.654108292993442,136.50041556322023,-3.013149373084726,2.9486598801241763,2.83477295853486,0.0348949893661461,-0.286083894092824,-0.1078759050119003,,
4.935838000000018,-0.5882346862350049,-10.014853486835332,136.1489211256722,-4.313057096226938,3.794724720825399,3.214558164453058,0.0169075740349757,-0.1933237956451411,-0.0727322616315108,,
4.945348000000024,-1.4433469397301089,-10.159572988814553,135.5770980198606,-4.317051595702523,4.049372912767742,2.828867464400597,0.1409471313080561,-0.0968997315086663,-0.0945649579607715,,
4.954860000000025,-1.702765023886427,-11.095754157450914,134.85209885942004,-3.427119829461929,3.0188516910335266,2.544858392867688,0.16855434871047,0.0966061766148943,-0.0905857978982058,,
4.964365000000015,-2.156014023368215,-12.43713848062732,134.10320328577424,-1.904061419874221,1.434162283261569,2.082567304311134,0.2543119183460136,0.1239143336626619,-0.0902797127325425,,
4.973874000000023,-2.9337102703536173,-13.280253289879845,133.4949603390213,-0.3315756643785136,0.1894367897107959,0.8635940599069666,0.2269403772229405,0.0065128302005186,-0.0803055145742367,,
4.983382000000006,-3.458606048908825,-12.725185701610824,133.1121586239636,0.8908236945354266,-1.1987422250044488,-0.0161294654487553,-0.0110649733911445,-0.1507181650069729,-0.0361789632810389,,
4.9927160000000015,-4.059446053953973,-10.85296940666149,132.9784706675186,1.557526331557599,-1.7471321140489915,-0.5053902548865492,-0.1941403696608012,-0.3416177734739571,-0.0129154877155775,,
5.002235000000013,-4.474509458708129,-7.788190566180777,133.17003427559771,1.2442719016222223,-1.264056970950686,-0.1228514399237789,-0.3922357885630656,-0.4790000299135706,0.0248806970244468,,
5.021421000000004,-4.764521682158663,2.186575557997112,134.85164553736982,-0.1028442596343313,0.2719796494678949,-0.3624140779445188,-0.7331679606859192,-0.7546480935646153,0.1175028251150466,,
5.030765000000002,-4.539948014414671,6.378610613617075,136.11743753652615,-0.8149134746901119,1.0440891974344118,-0.99980732697575,-0.6188369913513065,-0.5688431771917115,0.1844524217895997,,
5.040282000000019,-3.995502103435604,9.659240822384712,137.2952967423569,-1.0547212384683249,1.0796318967732432,-1.3899553600078522,-0.5290219437407855,-0.4040719428188429,0.220549562830215,,
5.049866000000009,-3.647165299337557,12.104773618673928,138.2373397084866,-0.1916225517408999,0.4400285968168683,-2.1191601541628926,-0.3805287762969336,-0.3156941117868503,0.2248759252713194,,
5.059370999999999,-3.300059056267303,13.247000499201135,138.89492881813388,0.9216830614885324,-0.6346104173165362,-2.014772073486278,-0.202492373846585,-0.1260977288264844,0.1727173316150862,,
5.068799000000013,-3.1678685850339936,13.654368245432869,138.9389005094729,2.0042423887693115,-1.668767330486196,-1.5178196017021628,-0.0731383925561224,-0.0443435047085909,0.0721146929273352,,
5.078322000000014,-3.3093758794515,14.209072705148303,138.3362002740028,3.390633962952267,-2.7143550755444315,-1.4556815053938392,-0.053045257796882,-0.1013813948571518,-0.0483239653116806,,
5.087828999999999,-3.393015280121122,15.213693092826396,137.48378654010077,4.080239614773671,-3.045300029737736,-0.6771007816640799,-0.1232176045485213,-0.1598193695522099,-0.1083725709604483,,
5.097324000000015,-2.7242679416684124,17.032655622241144,137.3476888061398,5.329788489073422,-3.7223307818747458,-1.1088574531900326,-0.3416769803915757,-0.1801327590059014,0.0011595989817822,,
5.106854000000027,-1.4510683871095829,18.47963883701648,136.7583808727034,3.3189148688338075,-3.1349269349509523,0.3625943762338192,-0.375292235250769,-0.0451439866654413,-0.1038118292383039,,
5.11636900000002,-1.3997743196397123,20.281992657696385,135.58417853247863,3.20529415536725,-2.171865549835999,-1.753646249945678,-0.2576716251698197,-0.2528580028245029,-0.1691616782122948,,
5.125864000000007,-0.0138382231848416,21.01763728533277,134.4492219185216,2.1805178724731373,-1.5755598615102335,-1.8311618979595583,-0.2875486674641276,0.0802850344856739,-0.2535716841801314,,
5.135464000000013,1.535333858147365,19.50923474647142,133.27133901289744,0.8544620073152323,-0.5590998377474947,-1.8097237428652235,0.0184344564870862,0.4189895921372559,-0.2166511239589692,,
5.144968000000006,2.6677553526004325,16.502804628351356,132.5519574314441,0.4618284542993544,0.4251758344155385,-2.6574056420414287,0.2968639632590522,0.56632729130262,-0.0996219789569854,,
5.154476000000017,4.479385506681625,12.705556813659108,132.37949077897252,-0.0162939080578203,0.4108809763659873,-1.470020833537825,0.3271631911297686,0.770840435766159,-0.0256799198969216,,
5.163904000000002,5.475968215305075,7.6911817972961085,132.25217887843533,0.1652678649507392,0.3079335545981361,-0.9519142159008216,0.6139179124847799,0.8183437022127874,0.0449026865430792,,
5.173598000000027,6.03237210703286,1.8483986021574548,131.88951091848293,0.2950185787405592,0.2464179860184581,-0.4195897582429991,0.7982648540165245,0.8623840211835955,0.0314777491339123,,
5.1831140000000175,6.377992734342755,-3.42311168290438,131.26240422218933,0.3186876531867877,-0.2127473108608579,0.3733856035562816,0.7471105613297608,0.7487861848635501,-0.0189060460291919,,
5.192619000000008,5.991304726318441,-7.60910556230367,130.2001030407536,0.2828326611564909,-0.1508200265052357,0.379312180735015,0.6874991949114988,0.4855707097221396,-0.1225783958612215,,
5.202126000000021,5.437815788508615,-10.777904345529974,128.8087657479782,-0.3196306344777366,0.4601665219039489,1.6158422985872145,0.5602280995599129,0.3173101802985688,-0.2189415933983422,,
5.211632000000009,4.225190713953069,-12.45293016013755,127.45683413500082,-1.321575787484165,1.5651127364492858,2.6994530653075444,0.4107083971006411,0.0192008362261876,-0.2743537714230328,,
5.221149000000025,2.237169992852641,-12.49458412185918,126.47993316264149,-2.197376790682654,3.045701268839225,2.770955619273153,0.2401952036261582,-0.3056778914839089,-0.266288439629175,,
5.230659000000003,0.670351442368202,-11.917601094495572,126.00048819335628,-3.072220517382575,3.9499001368267854,3.145487539602175,0.088098502844972,-0.3156047238545084,-0.1623144885377231,,
5.240170000000006,-0.5904021468352761,-11.556249945994184,125.831875452896,-3.6245178927470927,4.330574656465304,3.0787310989981016,0.0861733041065766,-0.2426854141387214,-0.0646333804093238,,
5.249673999999999,-1.5360871132278493,-11.535912060603678,125.88790195180304,-3.0024480542235072,3.693282430236336,2.141933809438835,0.1051321417547453,-0.1529084442317337,0.01016796691446,,
5.259195000000005,-1.8991702437592104,-12.3210946330851,126.09103198773188,-1.9325090822377464,1.871646398030587,1.6175105667443843,0.1690832624921794,0.0344457102538907,0.0782049757801101,,
5.268712000000022,-2.4712792020578265,-13.441804893577304,126.26599719239624,-0.6735527128528673,0.2500073403287519,1.1279375566051333,0.2471719691279682,0.0415824528392909,0.0782951779918548,,
5.27821400000002,-2.976000700378986,-13.63276512976843,126.34798558524491,0.5517800727009493,-1.1533052083129824,-0.0970367119753652,0.0888332797691688,-0.0567777029392105,0.0551803144030994,,
5.287540000000007,-3.0196128907761555,-12.34538208453104,126.15680783898593,1.3529858849081824,-2.2715629153016184,-0.6933137568281994,-0.2032863966926879,-0.1587190288758298,0.0244356096241724,,
5.2970450000000255,-2.866578623422925,-10.025172222887765,125.7307494635203,1.3888841858881704,-2.1051542568436554,-0.3846030833104622,-0.3943445820250048,-0.2474249105925725,-0.0249237335987935,,
5.306562000000014,-2.5633283276222003,-6.152515203973206,125.27432357035094,1.0084929039683677,-1.2370448634334017,-0.0909970824536121,-0.6667472830945028,-0.4003999468488607,-0.0497121748635215,,
5.316279000000009,-2.106855587215241,-1.08642119889395,125.10879194476196,0.4783826020735298,-0.2862981123169263,-0.1495173051764352,-0.8816520220149988,-0.5098455224832689,-0.0228197809108102,,
5.3257600000000025,-1.5309300032161726,3.4548361932429072,125.32042895472335,-0.1375139530667229,0.5396913353951994,-0.4425817761758625,-0.8095532356093833,-0.4297655096822949,0.0496224564572012,,
5.3350930000000005,-1.0478627122853033,6.805864008219827,125.84107402500096,-0.4786461481583114,1.2192419360266318,-1.1036222217797236,-0.6023350982477245,-0.3109150088320755,0.1384236073309364,,
5.344702000000012,-0.4394711117142719,9.435251304158372,126.72640415368312,-0.1132299798157112,0.7498318454076449,-1.843230640056906,-0.4962466139662978,-0.2132157304092524,0.2120347548817438,,
5.354199000000023,0.2561009173227744,11.029622474582023,127.72086075589417,0.6662948571406497,-0.4314204622998033,-2.120567823122079,-0.3373157669548465,-0.0831636361285046,0.2296411917738456,,
5.363619,0.7381582287781511,11.485127053101085,128.376060082254,1.5864284964490842,-1.641891361702495,-1.7858409288774937,-0.130114340353122,0.0186989124590484,0.1766349867277805,,
5.373134000000022,1.0361306279851992,11.60008963064076,128.4290085137397,2.571220753272125,-2.9967274613900003,-1.4521989653283724,-0.0542648200026544,0.031656434629099,0.0605043093647187,,
5.382643000000002,1.0972694883020218,11.729874300649238,127.76927408392424,3.1955749827082545,-3.734087920533368,-0.6671025472863619,-0.0278624385166702,-0.0065361896386061,-0.0829395795797414,,
5.392167000000001,1.1457180988407254,12.464956012912625,127.31398143450356,4.403709907838888,-4.397732001886887,-1.4636978179568414,-0.1226223337082313,-0.0819550013442571,-0.0542800362227243,,
5.401665000000008,2.262370860113062,12.921550742971446,126.8533254351105,3.08286862953079,-3.8022397564950783,-0.2824184621677195,-0.2041624498185622,0.1193807620184073,-0.0854144947312589,,
5.411179000000004,2.62380466713494,13.653249652750672,125.77870957693422,2.337966380663587,-2.4294019992250644,-1.2130850560852515,-0.1598438962661429,-0.0295799625662981,-0.1695616212650262,,
5.420694000000026,3.452972234601842,14.23913417274681,124.52257660530545,1.808986557463837,-1.6655359234550355,-2.039402410167997,-0.1885418350593711,0.0646338839858908,-0.2400708355030057,,
5.430302000000012,4.60433317620917,13.048120578533355,123.21954172923614,0.6290155595951386,-0.3987457517577772,-1.7281404526951814,0.0740654985199454,0.3187091470531416,-0.2485269266287153,,
5.439778000000018,5.181928741896512,10.06471224205378,122.20385518969096,0.1288051950068866,0.8764997689078767,-2.339281737340145,0.4427641772766403,0.4166978102701265,-0.1502544015942523,,
5.449225000000013,6.169314084090968,6.237695765900076,121.82025638088795,-0.1990681124316843,1.0568191890068457,-1.5522623169878975,0.5479614666140293,0.5702570251715092,-0.0249006876065744,,
5.45872300000002,6.755711766541782,1.3418903248625649,121.85506222184684,-0.12705289753657,0.6857369676755372,-0.800028413290093,0.7730261202600048,0.6140670459216164,0.0762624490455517,,
5.468423000000001,6.734926175393532,-4.703846201602641,121.97437412704562,0.1497387973065396,0.3184857552467716,-0.3384234992981083,1.0316088628513571,0.6333675298704606,0.0915307895763525,,
5.477931000000012,6.543772871133828,-10.671844110723711,121.94883321049176,0.2268735602648626,-0.2642281527676556,0.4025241053930139,1.0356833702145525,0.5972495475387628,0.058541450376923,,
5.487436000000002,5.914442177776964,-15.548223375062497,121.61463086454572,0.2393234559393869,-0.4845738888617773,0.4142347517562217,0.8956283146163447,0.4077057948120938,-0.0396129221289026,,
5.506467000000015,4.4027488089922135,-21.33988833188625,119.73541091233308,-0.7719165720205615,1.2371024674237243,2.467723349796571,0.4406705052776339,0.0715083665949848,-0.2493429487358373,,
5.515978000000018,3.402484116726266,-21.4304791688184,118.61838334572214,-1.3866573347123434,2.68929231082304,3.04418445296227,0.1065851613964815,-0.1541112756703411,-0.2709728952933405,,
5.525487000000027,2.796378078213311,-20.448205558262,117.5955858951438,-1.9144008692084968,3.620983948334398,3.4526607703572294,-0.1204051759480321,-0.1924399173614568,-0.2096803156019603,,
5.534988000000027,2.339533586681321,-19.88892439242487,116.8934676982854,-2.1577730171692155,4.3085002423106245,3.267962154376123,-0.0604046133397774,-0.1275326620944609,-0.1445362915368802,,
5.544504000000018,2.100164463173539,-19.91516915486692,116.55140569433804,-1.721257258065036,3.604041906667088,2.670089811590286,0.0248972439170677,-0.0379300689511478,-0.0477280920819284,,
5.554012,1.9501310239679468,-20.724275601794808,116.56229478734016,-0.9687658390604622,1.927833756205931,1.754383545720672,0.1575952233406346,0.0469369809522731,0.0346364233097107,,
5.563522000000006,1.5624986490094304,-21.954623287455,116.7241147610919,-0.0699570520193465,0.1902026423967002,0.9922054527555602,0.2527134675601979,0.0452775218760194,0.0565168435340284,,
5.58236500000001,1.0159165589025725,-21.54666272137215,116.95221038465516,1.2209492978056262,-2.3963323556476563,-0.928251296288678,-0.1531489265853255,-0.1045642149713236,0.0297843333989358,,
5.59187,1.1842416779627818,-19.57399579712851,116.62452034249628,1.326286759112834,-2.3759756071638827,-0.5971992636009047,-0.3670446555654127,-0.1492820808376636,-0.0184848800851889,,
5.601393000000002,1.582355813182229,-16.210542736685333,116.21937288452804,1.0509218685971902,-1.5333702298418903,-0.0440328958131713,-0.6370214130314836,-0.2312960172737695,-0.0410146404641664,,
5.611084000000005,2.004411087332848,-11.728997426301715,115.97172938536232,0.6129011595407259,-0.4855750819555309,0.1279761843239297,-0.842023963939766,-0.3207974922659965,-0.0225849899561471,,
5.6206160000000125,2.3035854075606848,-7.655834425787718,116.01837074231616,0.1814860195942134,0.557434641241199,-0.194856025720578,-0.759044255809376,-0.3040847119435982,0.0279398107884267,,
5.629921000000024,2.532329503614434,-4.664686441725751,116.4887492373049,-0.1637007022337535,1.2573361443547302,-0.5741024023777727,-0.5573394180512339,-0.2239155330190374,0.1058293347213393,,
5.639522,2.7091512215859845,-2.3730479664192248,117.28126647718123,0.0236992703762233,0.8231056014339402,-1.4779643301735053,-0.425424229058782,-0.1755218112701115,0.185128795673798,,
5.649027000000018,3.010618121363844,-1.0035811507153851,117.93238582373912,0.5496236435073322,-0.4709358637605181,-2.04551335809115,-0.2712104674392038,-0.0726303874657178,0.2141811365915453,,
5.658447000000024,3.3237565819919688,-0.5341234513371399,118.32977443333894,1.2469292464743582,-1.9392110916360468,-1.827077347912652,-0.1124136731593796,0.0113768047841752,0.1637754800146901,,
5.667960000000022,3.713300903349024,-0.2149215016452201,118.31512664959465,1.959256039615156,-3.341188017318013,-1.6786638809999208,-0.093172382116708,0.0385618663923294,0.0530280252436164,,
5.686988000000014,5.281396566000358,1.7802035071357245,116.8466622649635,2.6788778578067065,-4.250867714789203,-1.7865339230938857,-0.3240091578509684,0.0403526461161779,-0.1293389398154862,,
5.696499000000017,6.891300368759898,3.1926217954335043,115.8957611293762,1.963908951861759,-3.400128234199424,-0.6891235218633215,-0.3960085623083286,0.1638982762669177,-0.1481993066030254,,
5.705998000000022,8.080028001636874,4.670017836976439,114.77402277512309,1.480462609211081,-1.8908090250922955,-1.3379635883486196,-0.3687432271780097,0.0889827165278494,-0.1827424247092553,,
5.715589000000023,9.57030232137906,5.3924004263186704,113.86283349619742,0.8348399984285616,-0.669306108628739,-1.7724700910732447,-0.2537776813615819,0.2118284581636645,-0.1619689070048429,,
5.725117000000012,10.973076778601706,4.103859855420466,113.10348915086952,0.1122345327965298,0.7848580282184271,-1.5454524660413078,0.1261525145323009,0.3591605868248038,-0.106839520311008,,
5.734530000000007,11.899513219171794,1.0060019374316662,112.80299148348436,-0.1549706020695443,1.759756805697558,-1.4791075700813598,0.5000032751693653,0.4111774421899009,-0.0054294814443026,,
5.744032000000004,12.69571769660487,-3.340916934064832,112.98816535715213,-0.1880721368769596,1.6136335407517897,-0.4148441253980106,0.7410480744362675,0.4835104303465781,0.1013194897232946,,
5.753720000000016,12.67692292448946,-8.884846527194671,113.29254222407526,0.0431189219329573,1.1994888153238086,0.410627668606648,1.023276502678615,0.4302533514014315,0.1173412711443877,,
5.763238999999999,12.028693034273903,-14.755076389500626,113.55293977365366,0.3333010347369591,0.6735174345963209,1.56167086500645,1.1297865607670454,0.3481630760960931,0.0749454130528966,,
5.772753000000023,10.855334062568533,-19.33208977838976,113.8215428987851,0.4170672318589938,0.2271072671804256,2.6292389222675943,0.9296901173026892,0.161121651953948,0.0167032294225004,,
5.782273000000004,9.25050134525824,-21.88304761370291,113.92617226705758,0.0810472921460665,0.4649189148729126,2.301936738989716,0.5887365137506988,-0.0686895166902703,-0.0788898874056499,,
5.791772000000009,7.717690827159882,-22.62417338536109,113.64221418500917,-0.4382175780450034,1.1121612866188686,2.2437096425961065,0.2503932782248506,-0.2000224880271961,-0.1790020605572448,,
5.801279000000022,6.3567146053750845,-21.39343903382709,112.93603008847111,-0.7571034650149018,1.713569675693938,2.978748563973076,-0.1261924054154931,-0.3295966970927144,-0.2612884116032766,,
5.810791000000023,5.322590712106096,-18.607278654144505,111.8939687038027,-0.8852310642494392,1.9009692532724345,2.515884527269371,-0.4409960624287228,-0.3931995632117407,-0.3096094966257457,,
5.820300000000003,4.737054947404682,-16.30911583502771,110.47178922984573,-1.025473695946112,2.0056896311324395,1.2592536847029423,-0.3884560877962021,-0.2708615570300897,-0.3367194194928908,,
5.8298260000000255,4.393986703063086,-15.11606463928372,108.96160160070023,-0.8440945128901766,1.836600362092012,0.8249923139293643,-0.2026318596709828,-0.1427597060268707,-0.3110304125816688,,
5.839328000000023,4.282241921586019,-14.198769633981565,107.88013262169312,-0.4476028029596197,1.079860406896632,0.2690138002523148,-0.1675001838000572,-0.0784006205667799,-0.1978651843076492,,
5.848840000000024,4.361933744460782,-13.27026577144196,107.48605691421145,0.0687318075386964,-0.1300963284174249,-0.3151272172328491,-0.1819044301213098,-0.0414017364781409,-0.0370386469152616,,
5.85817400000002,4.698167880138375,-12.402180774003304,107.73673577664994,0.5050713884251107,-1.176248723240619,-0.5259768545687519,-0.1855060668510288,0.0103886818426944,0.116120105069951,,
5.867684000000025,5.281216464609227,-11.19443146366952,108.4414753927579,0.7504440689423766,-1.7446890270118038,-0.6072547608871084,-0.2652771947917676,0.0341741006295286,0.2192114433614256,,
5.877186000000023,6.084783242377933,-9.124983669089962,109.29845645261416,0.8735811747431593,-1.761247100493741,-0.8636121616275061,-0.443275108874914,0.0169885896208891,0.258347569214197,,
5.886686000000026,7.298639410737692,-6.222745993545787,110.03567416580388,0.7346049501543066,-1.6043842692338215,-0.7357723897428424,-0.6281781976479605,0.0331141269726745,0.2470867168255822,,
5.896201000000019,8.303402365487697,-2.92983095783383,110.54645857574988,0.6453608332216282,-1.1472005746873508,-0.8908619995896399,-0.6880448060480029,-0.0390120366771657,0.1686588678927228,,
5.905726000000016,9.0446780986258,0.3593910172703005,110.65150984949229,0.6462624293120045,-0.7896810334642568,-1.4466242178277406,-0.6689199754705334,-0.0911002440716768,0.0822247393504521,,
5.915230000000008,9.704231293960786,3.265717629953578,110.43291933578588,0.6225972586797178,-0.9400827861310338,-1.6462843605589828,-0.5914461250569808,-0.0790179226717547,0.0126305643168919,,
5.9248210000000086,9.908941768739076,5.263738807386637,109.9819502570798,0.8431058074138081,-1.365176945313992,-2.02081839249523,-0.3897762699112699,-0.0989434733131017,-0.0413536943609602,,
5.934265000000011,10.039200654757888,6.0539221514170505,109.5131279489612,1.1549476053581544,-1.8469654919859924,-1.9884729442792863,-0.1577110056135498,-0.0288593954847866,-0.0718060385804833,,
5.943769000000003,10.42763293500592,5.780166711005346,109.03988389664072,1.3666901907500617,-2.301613536558248,-1.623704171472531,0.026319787235612,0.0910846714033233,-0.0729540710876714,,
5.953273000000024,11.002215416890785,4.612163594010146,108.6250260479682,1.5373445240871777,-2.5170892266138614,-1.4878411005912926,0.1846996628842466,0.1835911955177677,-0.0509034952995435,,
5.962795,11.85745760499762,2.845991212365493,108.40696402175456,1.505602958388845,-2.381571168870492,-1.3674618043731206,0.2816290180655165,0.273750658685357,-0.0066432190103764,,
5.972306000000003,12.802932472734597,0.8780134746933653,108.42424921409446,1.2884454127152491,-1.9644631481772064,-1.29009553477278,0.3147783125618412,0.3032797453200744,0.0502492444220361,,
5.981797,13.582396765112286,-1.1611064649094125,108.59500778068748,0.9642355574677484,-1.2932972801978264,-1.2464115228444512,0.3383151301555573,0.276756869085266,0.0929575423038102,,
5.991308000000004,14.034888842901664,-3.5407481780059817,108.84484964761845,0.5809565259873695,-0.3852112656949515,-1.099379975417373,0.4226982517186285,0.2377821274273126,0.1013825948860824,,
6.000819000000007,14.143878850921256,-6.5407550578735965,109.03882241713433,0.2053645084906816,0.6453295004487052,-0.6703336179975009,0.5614307416230405,0.2146729982709474,0.0765583323489595,,
6.010528000000022,13.97319651687786,-9.944605170446811,109.13871538848298,-0.0646867677669649,1.4481396673387334,0.1721888972337736,0.6553567553799629,0.1901257057420926,0.0428724426956969,,
6.020033000000012,13.437319309042827,-13.370363720126564,109.1213312520871,-0.1349816710419653,1.845536628822139,1.4975484265829218,0.6825954598654624,0.1248946452484004,-0.0051403521773884,,
6.029532000000017,12.418629215743907,-16.46654218735291,108.89098319354456,-0.1507956580635536,2.092368419421083,2.988490777239055,0.6503299757887667,0.0151850435798508,-0.0868837036896766,,
6.039064000000025,10.9745627437609,-18.85385680875699,108.36867707627516,-0.4088541468925811,2.3660864057642907,2.7594244241124946,0.5409607277274617,-0.1084067391662525,-0.1922640878525764,,
6.048560000000009,9.820287589062175,-20.39612731706673,107.39304440403896,-0.5220239024012979,2.263865727995772,2.466796571159388,0.3607303329721314,-0.1123760993126754,-0.272935620660193,,
6.058064999999999,9.134200649213904,-20.87920018276476,106.02436245135549,-0.4429306714279573,1.6119935059551322,2.8009567634486947,0.1296077774207224,-0.0953290447002606,-0.3224404454275081,,
6.067578000000026,8.500278307475671,-20.38185679924783,104.48640736347058,-0.2889798797247204,1.0514445202670493,1.819357743817204,-0.0648149167012137,-0.1408149337589822,-0.3526400244388972,,
6.077088000000003,8.127180632222519,-19.447430926819315,103.06950110713908,-0.1537595531990723,0.4706255913509096,1.002854198835186,-0.1649878655044071,-0.1127835147901094,-0.3091286259738732,,
6.086601999999999,7.747097947538426,-18.05577876579757,102.1363664977698,0.0266170028949397,-0.1619244627794477,0.5027706336995572,-0.2562093325770163,-0.1311314453917393,-0.2112891377146747,,
6.096117000000021,7.273180163422586,-16.149031295783697,101.81857689002916,0.2273375182846492,-0.5849084557562116,-0.1929082084525803,-0.3547839483092292,-0.1676634257980507,-0.072677139627701,,
6.105619000000019,7.0267803389180505,-13.990578014981187,102.127046035963,0.3226275338377112,-0.8845287088940144,-0.309090976989365,-0.4131111562917076,-0.1356069000901232,0.0851556683308695,,
6.115147000000007,6.930431343702829,-11.61837757869125,102.98396769368132,0.3605481392130261,-0.8356223178278978,-0.4646044003486458,-0.4597380055864349,-0.1208538189053939,0.2053378554981358,,
6.124479000000008,7.101729087703272,-9.037398660173594,104.1164690529459,0.3766204485061835,-0.7484424242623358,-0.8142468107303107,-0.5104848512478846,-0.0872917480065082,0.2770332179795697,,
6.133985000000024,7.750402496570888,-6.612950528152213,105.19606557661842,0.3383705332461688,-0.7737142053533386,-1.214443468512876,-0.5022062935649527,0.00277240014121,0.2841027589550955,,
6.143498000000022,8.70914486196408,-4.607182208733324,105.91533884867522,0.264812515964507,-0.9800665103420132,-1.3163855799230226,-0.4379415881746499,0.0774442604329486,0.2195280098675634,,
6.153083000000009,9.53716672062273,-2.955019644004856,106.16708469686864,0.4673104654149687,-1.3691202258909805,-1.8631592856133363,-0.3635005909845005,0.0683137315221684,0.1072999311927254,,
6.162522000000024,10.556393239795682,-1.7082198689217052,105.75253550486607,0.7144922919759615,-2.0038931322181166,-1.9631420196167533,-0.2957038152128418,0.128283056972356,-0.0070138536787355,,
6.172022000000027,11.66403144784922,-1.0415032743090835,104.85996434633512,0.910038674211232,-2.5429851403330708,-1.7492495988214436,-0.1868226980280797,0.1790933633413626,-0.114449670774169,,
6.181530000000009,12.665914913381886,-0.92622978195939,103.735887533331,1.1759693922345065,-2.7331750220823365,-1.8001284025431197,-0.0716198969165633,0.1887690150171027,-0.187725057608488,,
6.191030000000012,13.96546982227923,-1.035909386019893,102.57412679395584,1.296811087938907,-2.763470788026788,-1.7544375943543895,-0.0373074412952268,0.2584151309383597,-0.1821666643226007,,
6.200540000000018,15.534887959843312,-1.3415891849915016,101.72817109989184,1.282689754175933,-2.5275792913803428,-1.446474833485087,-0.0055986719827197,0.320028286651374,-0.1126628496825864,,
6.210058000000004,17.032609057382576,-2.065750127158829,101.40012093575416,1.1965820502894955,-1.907437100873724,-1.3327390651682371,0.0825756643003708,0.3225734404736079,-0.0126280942754416,,
6.219565000000017,18.38952459705704,-3.4399480466062418,101.6313974007384,0.9573171770995612,-1.0021129753829705,-1.2195142056725832,0.2159703293230797,0.3204779426214396,0.0986906595216871,,
6.2290740000000255,19.38978431371924,-5.786251901098368,102.27505899168516,0.6620842284922329,0.0127588178285012,-0.8811625140916663,0.4186506685292347,0.2920338171081051,0.1767573694819083,,
6.238589000000019,19.813907941920263,-9.238194703071589,103.07325352124175,0.4066481763704092,1.0496584764687875,-0.4908009188916688,0.6561024187361236,0.2331038865132581,0.195274835040174,,
6.248265000000004,19.76998771191176,-13.377139099672569,103.9086581911881,0.2472871542574893,1.7648190129775494,0.4972086729657795,0.8080325502002493,0.1842633541952172,0.1849852477840145,,
6.257783000000018,19.00275046666122,-17.531453071008727,104.71896922032325,0.3673163459170894,1.9361305249286165,2.174906448134001,0.8426172774699328,0.0617261847512144,0.1326822925416972,,
6.267286000000013,17.32986867810226,-21.001582053983924,105.289203404638,0.2973225317908291,1.94904700749629,3.2371035373353627,0.7528725027513947,-0.126023490112393,0.0166952195296006,,
6.276809000000014,15.045993385966293,-23.202206492346868,105.45712800885528,-0.1321085152514312,1.877910489871756,2.7012605473000337,0.5372475271944361,-0.2915402967279415,-0.1476818338102118,,
6.286313000000007,12.96527382168261,-23.955193787185827,104.89217887249598,-0.1610611148367007,1.3876212627418387,2.3817649797085947,0.2458807357103449,-0.3287506502687503,-0.309539550398321,,
6.295827000000003,11.66994208193444,-23.423518378940827,103.55990807311493,-0.1749299969018635,0.819427494576506,2.234733925853225,-0.0442736520236052,-0.2564972426918017,-0.4196723359746424,,
6.305344000000019,10.86679938206384,-21.95643355530354,101.68371260760269,-0.1614587702602631,0.5202546499159995,1.2442677688114323,-0.2538568933390124,-0.2094577187606422,-0.4796074076842297,,
6.3148490000000095,10.487257761934703,-19.972374649569574,99.71555762236244,-0.0619287131506859,0.0226935480259508,0.7198228956863163,-0.3770377616361272,-0.1439228372134374,-0.4466694093913328,,
6.324353000000002,10.13179351282821,-17.753851494344687,98.12758983330238,0.0181230264295216,-0.2165865815527643,0.306568391703683,-0.4283724527471667,-0.1355251122947944,-0.3455544918289209,,
6.333883000000014,9.659980628326585,-15.356910416316708,97.37405829249784,0.1796560205447067,-0.3679896765438264,-0.2017918385305076,-0.4633987097688987,-0.1542659691713981,-0.1681120535127587,,
6.343401,9.40060984492032,-12.90247466900897,97.6749113408226,0.2017491430738628,-0.4513748809136882,-0.284658373520233,-0.4806852175710605,-0.1139956036007996,0.0613792904623543,,
6.352889000000005,9.290127227811972,-10.414727984116478,98.80795231946018,0.2043150355104504,-0.4931620900647773,-0.4526880220950891,-0.4900071042513369,-0.0921424778830391,0.2552233028237535,,
6.362411000000009,9.514953776622889,-8.080669703130969,100.37535396384476,0.228588403496729,-0.5075599623701698,-0.6617685636531845,-0.4683052655336989,-0.03304823435117,0.3704278873749134,,
6.371734000000004,10.272350388623302,-6.109819426185279,101.92347682850226,0.17798738191485,-0.5702166344494516,-0.7951037952374537,-0.416125015023043,0.0722861930964859,0.3799481861635996,,
6.381246000000004,11.406707437151384,-4.530139309785961,102.94735877959836,0.1528952927850987,-0.72136980248012,-1.0271448001730503,-0.3572027428861992,0.1536138013100755,0.2817063166524861,,
6.390775000000019,12.6701429223906,-3.200218126549877,103.18152985666347,0.1640122645493364,-1.017097230635425,-1.0161439160760115,-0.3160443419818035,0.1863507846303158,0.1125986590488333,,
6.400283999999999,13.747300861355582,-1.9850013315316373,102.57731244596836,0.3307835457311628,-1.3984325686707164,-1.4197431023777527,-0.2849672685865412,0.1562553195252251,-0.0748545936719903,,
6.409784999999999,14.838713704996394,-0.8406139217729476,101.29556742804584,0.4412065511059387,-1.86638381066077,-1.6772609897024202,-0.2691105343204349,0.1667594708348684,-0.2167574308740226,,
6.4192890000000205,15.72550975261898,0.1831882668059068,99.7062245835132,0.5563842390213093,-2.259562349233417,-1.7887887609071524,-0.2337644870576763,0.1374897798088027,-0.2916991572476557,,
6.428800000000024,16.33258627807069,0.9200083791691176,98.16288612345582,0.8679965102010034,-2.4895027255486006,-2.0978947871693387,-0.1645223808275481,0.0973237627303955,-0.2878770845472668,,
6.438310999999999,17.26306168458554,1.0595778526854311,97.09022439757614,1.10303753566187,-2.6586571305292024,-1.9218717488343693,-0.0522250011010748,0.1809786261563226,-0.1935390483432121,,
6.4573330000000055,19.66176465435164,-0.5974753360944668,97.42679148015829,1.1470276142950384,-2.0644133953617883,-1.704758036826569,0.1842406530301242,0.2664634628801481,0.1612044814935796,,
6.466834000000006,21.14976052452464,-2.336296488100037,98.64899455593807,0.9030273313085986,-1.597818145393828,-1.708303418908525,0.3038566084742677,0.3429196574259879,0.3046068202828041,,
6.476343000000014,22.710893287107613,-5.004888091015127,99.97363078287458,0.603746368441471,-0.928564785714484,-1.3113214491181069,0.477748216559989,0.393148671606044,0.3413000860338889,,
6.485875000000021,23.828878563349747,-8.477222126283479,100.9985651536104,0.5064501276577795,-0.100500397356995,-0.9345475115791068,0.6438910210133394,0.343805122366359,0.2797414496971435,,
6.495546000000019,24.584986550660613,-12.320643304923578,101.5733591460609,0.4217907400161366,0.4885315627237064,-0.5260462623851979,0.7259396081400696,0.2956292422342341,0.1749629754503028,,
6.505046000000021,24.95998730199044,-16.256635598212938,101.51892684559505,0.4493757489830324,0.9209654745852914,0.1857973413475806,0.7577332587999301,0.2285123853959489,0.0237451706948885,,
6.514561000000015,24.91381084333798,-19.977139016389177,100.77503967998332,0.7016712121556579,1.168721367435804,1.4060704800372112,0.7325986075864597,0.1353926070336276,-0.1517339503033367,,
6.5240770000000055,24.351157068309647,-22.97055605981388,99.425177819603,0.8898532477211969,1.3516850603934765,2.947197068719369,0.608482256352113,0.001879316513012,-0.3114213570503419,,
6.533597000000015,22.839380214082347,-24.75233979244888,97.82743260126512,0.5443459209254676,1.756683797994127,3.059321953849093,0.3944567550447385,-0.2198651243558358,-0.4627187214614581,,
6.543091000000004,21.06919690841249,-25.603078638694544,95.92313104589158,0.2382340020006458,2.009855308717764,2.6544207914781524,0.2079997343667392,-0.2977787417547479,-0.568179102258892,,
6.552611000000013,19.41467062853169,-25.705643305188072,93.81857858751708,0.2973233745847665,1.704705122340498,3.386080772515363,0.0463907000666147,-0.2957567913926462,-0.6082938227517575,,
6.562121000000019,17.350859487226117,-24.772625496346567,91.99202999458426,0.2768738484065481,1.5800748978782568,2.216978301549079,-0.1668693041852885,-0.3831479479696074,-0.5869343867733466,,
6.571628000000004,15.640427599816578,-23.37347014102101,90.62671617311952,0.1412908596809257,1.0023193237179633,1.5107086251331063,-0.272391877069401,-0.3194929984204138,-0.4511574106273605,,
6.581132000000025,13.748486433117383,-21.816346983546595,89.89966867061194,0.0059989466703487,0.3020170652092817,1.3135709826602675,-0.3097478382649614,-0.3515433700009985,-0.3171331312891426,,
6.590647000000018,11.274659994756854,-19.90281954241904,90.04495744683562,0.07210272900961,-0.0616117792879745,0.1703307080346142,-0.3828939991719065,-0.463034021300693,-0.1676171194787031,,
6.600182000000018,9.333214692014884,-17.774338153418103,90.94405999571347,0.0061917600481573,-0.6352334222438709,-0.2309596146271347,-0.422947052768072,-0.3715864538547305,0.0544390880330797,,
6.609680000000026,8.002377519446737,-15.647345411608873,92.2640788746929,-0.1813763850060142,-0.9417905648997787,-0.0794920829012663,-0.4188442370672519,-0.2665998879266704,0.2122967036456261,,
6.61921000000001,7.023244322517869,-13.459744717779753,93.68916530104866,-0.0910105683663995,-0.8581369897182993,-0.4403400518956407,-0.4278800242420928,-0.2116364918129382,0.2694200121600478,,
6.628703000000002,7.11192323707044,-11.40952543637014,94.81855438549928,-0.2073102256142363,-0.768726080804307,-0.533333211598461,-0.4107004759791174,-0.0123325942921344,0.2758582073241922,,
6.638229000000024,7.803869999284437,-9.856444789298592,95.24624066982712,-0.1950183548205819,-0.6546511095222629,-0.4109024875376659,-0.3214378277733176,0.1091862040983474,0.1693671340686728,,
6.647535000000005,8.898364122510268,-8.892991815863247,94.80455466786734,-0.0307422918431124,-0.4891215577778495,-0.7867872163312463,-0.2105252768998901,0.1991037201527339,0.0137660543955315,,
6.657221000000021,10.586444709546829,-8.336921162646606,93.61739309578272,0.0308786566260932,-0.61802911639205,-0.5657977352204223,-0.1346565083185231,0.3254874246198269,-0.1226591421495989,,
6.666544000000016,12.40555632743027,-7.998531546676507,91.81211773287468,0.0960237881261939,-0.8040053714451572,-1.093440412269752,-0.0835397138504027,0.3572143027552352,-0.2320781436317501,,
6.676091000000014,14.418615663801912,-7.669483160097694,89.71480403449003,0.1006493832050998,-0.9900500729991354,-1.1441154484885965,-0.0696361818688253,0.3986735230178695,-0.2754896985699662,,
6.685587000000027,16.205519047581646,-6.959820686560872,87.81282547274661,0.0330102762070819,-1.1309350947400194,-1.5873270098636612,-0.1333348628811424,0.3582577492329951,-0.2675338556497863,,
6.695179000000024,17.593639864355946,-5.9364325894075884,86.24990488930901,0.0702636230582982,-1.2429612427398886,-1.825287591674944,-0.1898191224461618,0.2867599042873154,-0.2415826314705968,,
6.704593000000017,18.73008076901268,-5.014554601084917,84.82350392551055,0.3350284176439789,-1.389651448600908,-1.32959501341941,-0.166013184396257,0.2404489725713904,-0.2278960915766023,,
6.714109000000008,19.787980910083995,-4.633051304413434,83.3971510306841,0.4217212248483625,-1.5605910585229237,-1.3426274524101762,-0.0540573482186414,0.2178603531765776,-0.2400727121431838,,
6.723630000000014,21.026582890547456,-4.994358972982442,81.88064093031593,0.5246084186481846,-1.7596006839063378,-1.301128185626038,0.1036569895036733,0.2357167046439895,-0.2591126802378202,,
6.733145000000008,22.73990797753098,-5.841046401988086,80.38883795933673,0.5082470766164823,-2.037934537797159,-1.476616101499505,0.220495181791607,0.3110629830045147,-0.2394689132822564,,
6.742655000000013,25.052047825411915,-7.0066783791124,79.10040297057546,0.5165826482848428,-2.3367300490664342,-1.2852195612395296,0.3120353021422689,0.4107813260215622,-0.178615487081897,,
6.752157000000011,27.55721679449317,-8.351389914928774,78.2282293273885,0.5932829341805712,-2.289043285552785,-1.479110946522825,0.3621844756156341,0.4340650684519281,-0.0801373159773319,,
6.7616680000000144,30.22711199728985,-9.66012126121734,78.03791773296857,0.7923227026458742,-2.1105390590829782,-1.326569951869264,0.3657026195238091,0.4622632777289918,0.0817745734159315,,
6.771169000000015,32.82491869574377,-10.981087307663316,78.66775372457658,0.7991813595525475,-1.8399978524090368,-1.072083406462409,0.363036421178866,0.4472440874573756,0.2561212454542125,,
6.780694000000011,34.85067836281289,-12.78811596005747,79.9032113254894,0.7917049842516539,-1.3374789039902153,-0.7498184810741925,0.4296066621247698,0.3223209630269103,0.3545351715655031,,
6.790207000000009,35.69998892158344,-15.374334383623347,81.53801628168982,0.8872788490824663,-0.6312119663066104,-0.7780213101254526,0.5376848456038834,0.0791284948758128,0.376366078192379,,
6.799721000000005,35.650231510528506,-18.652214082640413,83.5973846010544,0.8573204361864002,-0.0916254114131625,-0.77167869021003,0.6495970667844766,-0.0943433977346193,0.4093240913364544,,
6.8094070000000215,34.71431796093484,-22.49459278309203,86.10184382977398,0.7169274524689141,0.0204761913296918,-0.3207858967628565,0.7506351641773987,-0.2434225664155144,0.4228448095675304,,
6.818906000000027,32.44872777888766,-26.652019956561706,89.03542784264954,0.7089409833985301,0.1075353726815251,-0.0098133461206489,0.8144401139485041,-0.4469252588397647,0.3800827873443531,,
6.828407000000027,29.169394138157305,-30.73803381411229,92.61808379682572,0.6646237100251043,-0.2273700686015111,0.5591239751717176,0.8268476750396054,-0.563171876484844,0.3725085460692036,,
6.837916000000007,24.753599252599223,-34.90032057884338,96.6425996329304,0.6251565901478772,-0.6876661624485487,1.0827778632546905,0.8913532717952424,-0.6719714657281018,0.287230462156157,,
6.84742700000001,19.186400026249537,-39.49131314608061,100.99344173404084,0.0234320471064297,0.1148707915665745,0.5283024428686365,1.0451941973152332,-0.7345904898805465,0.1488294945533184,,
6.866449000000017,5.805464552057768,-47.06210370172572,113.38180509477348,-0.8283054656502014,0.6451246775150583,1.543999475095816,0.9360114530034715,-0.7236509408451407,0.3564071802827911,,
6.875966000000005,-2.671290307027522,-49.16393886814921,122.17085795560628,-1.2853570300301045,1.005636333574664,1.290264351103408,0.900614776382476,-0.8051305640923162,0.4596770682768192,,
6.885485000000017,-11.79341848471008,-50.963882624169656,132.67574975707794,-1.5496688506085965,1.1857790286633982,1.8979153179406296,0.9981675264492392,-0.7114869610521667,0.6842411790286108,,
6.894992000000002,-20.268287819056912,-51.36506185184439,144.25093793271932,-1.6190423923999635,0.6839459842245044,2.2230013198570555,0.8494192115887279,-0.6453251798762335,0.9939236343915586,,
6.904492000000005,-26.79715835335917,-49.97967388239597,155.14248499090886,-1.1000512102903095,0.8064690132997616,0.994466012849368,0.5750240413754543,-0.6576639530340427,1.1838275065709545,,
6.914008000000024,-30.14930159734368,-48.37592626497873,164.8864723032242,-0.2952072426611473,0.4686139071660921,0.28064720693913,0.302057229425852,-0.4523279666220943,1.4767955561824984,,
6.92352600000001,-29.415283995187927,-47.18890655783545,172.81217263314565,0.4679875708468246,-0.1834993069205179,-0.2789104546114516,-0.1436582546811459,-0.2138690971440786,1.757923706737012,,
6.93284300000002,-24.027730620141657,-46.36750155782155,177.69857453544904,1.5466082671683008,-0.8886186781253667,-0.8371566303857381,-0.7509366415359592,-0.0998201092464002,1.853773837487664,,
6.9423710000000085,-14.791623742256396,-46.41102628569926,179.18738645558523,2.790800655543431,-1.3452625421785267,-0.2861441584551534,-1.275185243239452,0.0498789947163152,1.7536891501515288,,
6.952047000000022,-2.8312730219423674,-46.66863376928469,177.28660558281942,3.1069193425565045,-1.062042270420294,0.9003654398075056,-1.643898617973384,0.1109147069842144,1.482223580728279,,
6.961558000000025,10.015950286145587,-45.127118285629656,173.45564795169204,2.598132782583652,-0.0292580398056663,1.2573202425430252,-1.808407169247278,-0.1572182687978859,1.1396103585634452,,
6.97106500000001,21.93392747509796,-41.94699613222575,170.11232426883353,1.7280469102447018,0.675618123587174,1.0578219665076674,-1.801544538372376,-0.3825725609066952,0.9495406477998628,,
6.980572000000024,31.81205980832079,-38.6432474790013,168.01424269764564,0.8186596453219306,1.2639372354998717,1.069352255356484,-1.6055004505067456,-0.3640130067897511,0.8244589427077957,,
6.990089000000012,39.092101011157766,-35.92801699831403,167.5954251987688,0.0315844368827334,1.433294475180133,0.3491715858039104,-1.248146499703912,-0.2863600881492391,0.7865247689219751,,
6.999432000000013,44.39365307195124,-34.71603543847613,168.47952955817286,-0.2710447754207982,0.8685641177495049,-0.7858589533811813,-0.897674660962892,-0.0573479465828575,0.8002955073948774,,
7.008912000000009,48.63450288694536,-35.63522539527586,169.4243442532977,-0.0166552173828586,0.4393571078526339,-1.0130835710195851,-0.6454222928047051,0.3148149675932267,0.7219684023935179,,
7.018459000000007,51.18711084480405,-37.72387124205264,170.39766782356185,0.6582846268519407,0.576024254830667,-0.8869642063334562,-0.3289086929310196,0.4844999087887004,0.5689530001075932,,
7.028051000000005,51.80783751399208,-39.71670066926208,171.77109919788808,0.6363957815850376,-0.156576752494355,-1.6342103229590532,-0.0328670733817526,0.4093327158798235,0.4149071492238835,,
7.037537000000015,51.3253600956575,-41.06101069766737,173.00040407206512,1.015767383302225,-0.3600214946219474,-1.7288143855724174,0.1090916292302682,0.2568298437962998,0.228521313395544,,
7.0470450000000255,49.942592693571136,-41.30187200210629,173.5650639301039,0.7440022317965959,-1.0710852117479244,-1.94057692039638,0.2126040983696132,0.0232825249495298,-0.0440995655017183,,
7.056490000000025,47.688767434713206,-40.14057693235673,173.33259165748612,0.8871156843826183,-1.4255238235885783,-1.93183834346367,0.3132671836021578,-0.270003820716605,-0.3409576997050256,,
7.065995000000015,44.851589437182085,-37.94193071253064,171.96344449524992,0.653817694690417,-1.6569695133544766,-1.9575413859781885,0.3820706411814948,-0.4924731337833701,-0.6656724585828488,,
7.075510000000008,41.56422295052966,-35.14653065346961,169.88615498552875,0.6695983784672789,-1.6424681415815954,-1.5622389436059096,0.4356435688186799,-0.635020415212702,-0.8642960812796928,,
7.085015000000027,36.29353307176075,-32.36031909330811,167.51143773480726,1.2877267206459768,-1.430382291644317,-0.7879396348586508,0.7535872143758553,-0.7166570151585924,-1.1282663250637055,,
7.104047000000008,19.01459674816948,-31.074644956930147,163.2078171256388,1.5035041779104183,-0.8222101166134115,-0.1149086506271469,1.5671778179381777,-0.3837926774408537,-1.3732096923674089,,
7.113720000000001,7.242472201787476,-32.09963588654964,163.63933112935,1.5294062213717858,-1.48498263766844,0.598815565208872,1.9835550096093093,-0.3725483992015579,-1.1977914026872167,,
7.123230000000007,-7.580412609430893,-32.98312649287156,166.67106662109458,1.2528511800343771,-2.053702662260004,0.7021322375483062,2.463264440804567,-0.4662082424569425,-1.0340560775698204,,
7.13273700000002,-24.177348569313416,-32.98584111292702,171.92425050626167,0.8888220226595007,-2.881911458204044,1.0001590597948369,2.737506094142188,-0.5129404096149136,-0.7936852297616839,,
7.142081000000019,-41.097826047148175,-31.12373438200988,177.75272692688412,0.2250667863041827,-3.96327138748273,0.6928681137565503,2.8240064145702366,-0.6263564436067935,-0.6374333437917278,,
7.151577000000003,-57.12691448964499,-27.48491109731343,-177.5667062023006,-0.4337846664887212,-3.208521337388145,-0.6791294039835785,2.7990638051446024,-0.7165852197109377,-0.656914164912779,,
7.161100000000005,-70.94892702865431,-23.344150972301296,-174.68875099719742,-0.5896806280641451,-1.8713383974297684,-1.471836256322498,2.5497452344207847,-0.6525827244986734,-0.6279298585722682,,
7.170691000000005,-82.13786974009702,-19.96525187791708,-173.3509031416892,-0.6567665312347656,-0.7721706420143669,-1.817751501774532,2.141100471001033,-0.4537064469644916,-0.5597262049893373,,
7.180126999999999,-90.96403574389926,-18.20884097630578,-173.27421003626023,-0.8842262532911913,1.094590393966484,-1.5635311549708917,1.6995622088369446,-0.1541131226554803,-0.5625441929570265,,
7.18963500000001,-96.82743245318696,-18.577867841120472,-174.19760347763332,-0.9787842458283816,3.5692377101056225,-0.4058095502238358,1.099330450906362,0.1949332516295836,-0.5551538147464868,,
7.1991510000000005,-98.04763747678466,-21.083396206454736,-175.30500662436484,-0.6371346179797404,4.224166895490828,0.1184147260778665,0.1829886584081392,0.5205811597218539,-0.3045774061339562,,
7.208654000000024,-95.91296879123344,-25.21970807782376,-175.1177968277362,-0.7901953752327462,1.7075743771912817,-0.642914970306702,-0.4608219692932849,0.7924083599358676,0.2054856104126737,,
7.218338000000017,-93.41793116527036,-30.1154940839866,-173.2965128938279,-1.1434010963482375,2.1644421115647487,0.5881696482396477,-0.5392932919460587,0.93054848807533,0.5963348683232246,,
7.227869000000027,-87.86488093179909,-34.56986015294738,-172.02970350468135,-1.0936053556631375,0.6588058308033962,1.03796760669079,-1.0458174191842682,0.7640084971699889,0.8482387231292586,,
7.246701999999999,-66.65353135416379,-38.496665725251205,-173.71736605335283,0.0179642424647284,-0.9318619368865452,0.7051695157317948,-1.822880458042671,-0.0226520192940215,1.2160596737655232,,
7.25621000000001,-53.6465210931075,-37.236472873123255,-174.4104237685263,0.5010942283242201,-1.0841364441827472,0.7438207596534303,-2.018695242658588,-0.4624670803422929,1.4602541449663575,,
7.2657950000000255,-39.30749982027929,-34.08649925390969,-174.382872547409,1.555015728543467,-2.115629356998278,0.580285740819467,-2.2605296095363605,-0.8522179589149722,1.6795323991884494,,
7.275298000000021,-26.48417706379504,-30.86360213998409,-172.85699047606863,1.9258236130930184,-1.4603047593384693,1.0264761979926682,-2.0821399368693823,-0.8796281066400811,1.6833120924195564,,
7.284816000000006,-14.141940524985714,-28.48641899081694,-170.4631103454221,1.4793318382127705,-0.9775880332543878,1.0850247808711233,-2.056731539776784,-0.7809255167189675,1.701360798044204,,
7.294238000000007,-2.04982045422078,-26.67739410017564,-168.2389691886352,1.87841576289298,-0.8909309895131376,1.9735376547154952,-2.04322611894483,-0.7515239631884456,1.5650401151245072,,
7.303951000000012,7.92900685925744,-25.572100505673298,-166.8995529167178,1.0204281251716054,0.1239567936225078,0.9428714206786196,-1.7046568294949638,-0.6018444765437347,1.1474053140719582,,
7.313441000000012,17.24458199005657,-25.055927223238143,-166.73738116980405,0.2681539824276081,0.2279143568921998,0.3004009636510325,-1.6182132473902668,-0.4849157062611843,0.8299419744664366,,
7.322967000000005,25.829166523446364,-24.364396466016363,-167.58573673713715,0.3330715107518598,0.0677045710438105,0.4542014666977257,-1.4916269090068734,-0.4816762835111917,0.5489505160853212,,
7.332466000000011,31.741718060031484,-23.505284912129188,-169.3372647374507,-0.0089566762279695,-0.1983784832522586,-0.8673075259751787,-1.0257312015341298,-0.3847939672157567,0.1298807785579983,,
7.341881000000001,35.738590971339,-22.89343187653921,-171.83523479643296,-0.3229379200360775,-0.4528179802927031,-1.666596058063326,-0.7056085972088181,-0.241101856985035,-0.1846835691012897,,
7.351388000000014,38.38210209219408,-22.42963558464462,-174.52281625660677,-0.205471163844977,-0.910028969943378,-2.2828142031981726,-0.4739508866651705,-0.1501874315692614,-0.3340593354426155,,
7.360894000000002,39.52495789897368,-22.330117329747548,-177.25668494121493,-0.1100234979800485,-1.432556947555882,-2.710586801208958,-0.2096245182848742,-0.0350258944495493,-0.4601983555909987,,
7.370417000000003,38.59496407133931,-22.68691496388224,-179.8077046665103,0.4563274391084567,-1.0627459223263305,-1.857887376743321,0.1701645437559956,0.0758444506034911,-0.582001501215363,,
7.379924000000017,35.18667033159808,-23.480971784771658,178.1616919762746,0.5857524262785035,-1.2651920630589482,-2.1983145617417827,0.6300916443843966,0.1499397444568528,-0.6739928473275267,,
7.389360000000011,29.875095832063625,-24.757603508847,176.91241234733536,1.2349012638837225,-0.8984684453558471,-1.122209135008989,0.9808547830987056,0.2135078774590741,-0.684545404497605,,
7.398849000000013,22.15522709935467,-26.24925692533409,176.65904339006175,1.1974670657761226,-0.9138320806917826,-1.5269980643325622,1.4096990116189545,0.2195289153430223,-0.7162026706332114,,
7.408369000000022,13.12699069853678,-27.747398461565453,177.49760401906823,1.424643175438426,-0.7846880172810917,-1.0185778591922066,1.6237670309837489,0.2168418986200086,-0.6530453429718084,,
7.417868000000027,3.0010354021210204,-28.78797374881772,179.33534543113777,1.6712667464025623,-1.236484847995204,-0.2932174218815934,1.7904866502120225,0.1579078902205609,-0.5873084818010447,,
7.427384000000018,-8.579462725545387,-29.05664085298309,-178.13347532686578,1.2536801079243292,-1.3607793474891192,-0.33729170355277,2.028277609462093,0.0748801952843422,-0.6159578185468193,,
7.436903000000001,-20.238957428825824,-28.4609810941594,-175.31253264051554,0.7361332685091405,-1.3089531175962614,-0.2463603471442733,2.049407876195006,-0.0016611690153389,-0.5599396649571378,,
7.446602000000013,-30.841479003483844,-27.090574174627704,-172.65530456876488,0.3208291718560605,-1.5824791474761677,0.0366462054833221,1.8961945925847608,-0.075207653650947,-0.4585340073273777,,
7.456130999999999,-39.82691829241873,-25.29616231220252,-170.6068995079526,-0.3329553377574145,-0.8169550556798056,-0.3069460688169503,1.649074918751562,-0.1207414357194005,-0.3707610692771624,,
7.465433000000019,-45.43878008410324,-23.792971176999405,-169.0634946957923,-1.087313074653231,0.4758997063321455,-0.6158872803711682,1.058953764143766,-0.1167747842700293,-0.1329327704745174,,
7.47512900000001,-46.27068000470287,-23.08371446515354,-168.06875271725275,-0.9874284994055814,0.0937046562532907,-0.1171828888384561,0.1777022832153642,-0.1092736524281683,0.1823089100960679,,
7.484642000000008,-43.27519587786816,-23.519081958475564,-167.23200890272722,-0.5346312951397029,0.1629240411152308,0.8005986689002363,-0.5567662269377837,-0.0326749077026337,0.4047341591868897,,
7.494147000000026,-35.8573397810303,-25.17013618702868,-166.56191923070358,-0.2861702167899707,0.1592406680462382,1.546538434969572,-1.3929104988126657,0.0147531771324685,0.7462484561627879,,
7.5034820000000195,-23.386438938137545,-27.118236398778382,-166.4273994866926,0.935434201960423,-1.2833213013438194,2.7145408810356018,-2.2704194040754144,-0.145724570172761,1.127135342408515,,
7.513061000000022,-8.956261367966238,-28.53275000245322,-169.5507280858341,2.2717437652392807,-1.2120502768149188,3.839217967012429,-2.5625710981602525,-0.2015446107712852,1.2133964859992414,,
7.522503,4.959969383853661,-29.47666634938549,-170.78853312088447,1.824020097778453,0.523479480912761,2.614758458337086,-2.432815224343708,-0.2307109197678752,1.1042122802329666,,
7.532195999999999,19.87294891706978,-29.919975631032766,-172.1841304353506,1.6293106486370148,0.7972006371952115,2.374770884734166,-2.5776314869557924,-0.296627805998401,1.2011425921761731,,
7.541705000000007,34.03588945050522,-29.49650158742035,-173.35371507773988,1.519547209676667,1.5372106720616243,2.3725927204409185,-2.4323802307538207,-0.393633262831982,1.1721138228249166,,
7.551202000000018,46.01648494697612,-28.66266559908902,-174.20019264037086,0.3556003974117571,1.4610666321569004,0.7118373334257684,-2.0658166160853924,-0.3925706219020626,0.9968876305519964,,
7.560707000000008,57.31053153008168,-28.053511774078046,-174.89873695408804,-0.3194198820465179,0.9509744174759648,0.1637319806213961,-1.969245817097002,-0.3100112254219124,0.9345858276568804,,
7.570224000000024,67.66996470648708,-27.786978820666903,-175.47730857034225,-0.4800691042125679,0.738742505568255,0.0300053212082597,-1.8216971072571355,-0.2067574569604967,0.8556289795494164,,
7.579553000000004,76.50032549085627,-27.939236367849432,-176.30606787225446,-0.6580162143064372,-0.3024305651951537,-0.7704171412395857,-1.5610790180358116,-0.081617638341683,0.6606344503690448,,
7.589067,85.17309920595007,-28.488279817117427,-177.86652184704312,-0.5454291117691338,-1.199275750383285,-0.965338775096742,-1.5335369691849248,0.0318140191621713,0.5089876075770319,,
7.598588000000007,94.23841619946415,-29.142394645083144,179.93867001569382,-0.1233816248524349,-1.3788696624462835,-0.789791213547583,-1.5920981622294983,0.101926354780633,0.4361270861676113,,
7.608075000000014,103.52160793324926,-29.581273469636724,177.2807322165477,0.3113733820242388,-1.757752193387506,-0.8454583756016689,-1.6169081728859829,0.1269589160950345,0.3800880596240064,,
7.617422000000005,113.95422252203672,-29.51958110696912,174.13879651379014,0.755163116096445,-1.91378755436066,-0.8341136330423177,-1.8123426890302785,0.1236402341141344,0.4024267519395295,,
7.626890000000003,126.53005520418394,-28.728630740415927,170.6954568032937,1.2660135453298675,-0.682272178300299,-1.0591958602087437,-2.200218951318602,0.1338667353984333,0.5381781888527308,,
7.63651200000001,140.4360636023225,-27.33283852176261,167.75143345221295,1.7245344325123668,0.520186446976389,-2.375880319206573,-2.4652888195719203,0.1862638780902874,0.7212719792606238,,
7.646101000000016,155.4648215667106,-25.76598175014764,165.95019652498974,2.275000655893927,0.7701089022818988,-3.7675601267262,-2.6913288756605342,0.3084947258086182,0.9859669197647708,,
7.6556170000000066,171.97468897768962,-24.516567007323022,165.60664317734546,2.439407673042336,1.290411119242386,-5.589141194306759,-2.9614526802986427,0.4942769903754316,1.3359374346807051,,
7.665116000000012,-171.73852277706916,-24.48682186221176,167.06992127669247,1.7270494506308665,0.5318299119109907,-6.329244605095972,-2.8853486007921765,0.6952402216377032,1.6436088673830909,,
7.674641000000008,-155.87681792323448,-26.708053852477114,169.74839200981856,0.1922167289870912,-0.2273680813761286,-5.974765497893321,-2.7184518721496684,1.008929542946023,1.905476680137264,,
7.684072000000015,-140.724432904102,-31.028417925017184,172.3338459520804,-1.3406057971162897,-0.8452420595917189,-4.620330587406835,-2.4923549649668204,1.264049494716894,1.9799971086925825,,
7.693510000000003,-126.78330719096655,-36.50669114113885,173.928601936317,-2.4057035831057854,-1.1446903943681142,-1.948952602867731,-2.174728949458111,1.361738575532332,1.869860058827512,,
7.702998000000008,-112.01808942007278,-42.11150495277633,173.06043990122856,-2.873244571537396,-0.7486353465503066,0.5800005476414553,-2.1466049882174025,1.367824863507441,1.7003017941024825,,
7.712709000000018,-94.36457444801952,-45.94414189532251,169.24986481540594,-3.392613506200695,-0.254019116488582,2.2557191795207028,-2.392046950615123,1.1419250164268837,1.6973871154592082,,
7.722204000000005,-74.01072137873949,-46.32768229697613,164.73222192167293,-3.766939684379032,-0.2931793190235012,3.122989043179319,-2.73039759721798,0.7086614329746094,2.0382912082732028,,
7.731724000000014,-52.53606155106344,-43.22231461080744,163.35205246880395,-3.5345791745567854,-2.629747596746836,3.6754059405699833,-3.102357768179985,0.2483053876403153,2.7541849555340674,,
7.741316000000012,-33.357990183872886,-38.67895533066224,167.36672570180895,-1.0565718729319455,-5.955815986083468,4.715804031317265,-3.039097335021701,-0.1389077275107135,3.3164622596154225,,
7.750833,-16.59077417087425,-35.63507781359043,175.73869867902607,2.7349310719206086,-5.814269969210701,4.942147655346625,-2.74424010736456,-0.2060723746590335,3.696116372198557,,
7.7603440000000035,-0.5194672086550223,-36.02524864529121,-174.42788320420354,5.881047051619526,-3.3029764111310347,4.810180382233655,-2.619088117876431,0.0479098955722169,3.843889141636136,,
7.769845000000004,16.4226356893367,-40.375226378622365,-166.53191468022774,7.180867018096361,-0.0149791107434817,4.566949415420462,-2.780852134667285,0.4128619946953101,3.671244240941241,,
7.779347999999999,36.75384814310928,-46.32241191109446,-164.37650663375575,6.338168291828313,3.3368166008006743,4.029413463576898,-3.165243919515021,0.3970237099739266,3.22441001539859,,
7.788866000000013,62.05407615000434,-49.65335616070151,-169.6096278026125,3.895404771056586,5.187132465909209,3.158551255577662,-3.4441076156441865,-0.1235764864821114,2.7246478632367426,,
7.798109000000011,88.04160580727915,-47.485145934678165,-177.348805441773,1.004312756622487,6.149208451832723,2.34441996110929,-3.3620773721525947,-0.8123510482529814,2.3637375718252427,,
7.807618000000019,108.76424320123448,-41.4012139790562,179.41762879237933,-1.534884553083477,5.419655195165469,0.706519535737018,-2.9381236171562,-1.256845204433118,2.2632095610567755,,
7.817334000000017,125.81173860126611,-35.20311737794344,-179.42434704138478,-2.514185509285908,3.885983475981254,-0.8448786007567528,-2.680680369440232,-1.2321490169893337,2.34699050013496,,
7.826729,142.1268766056444,-31.11773010694452,-176.75131719052803,-2.7924731787751185,2.664469304209065,-2.492587166241642,-2.708304876587327,-0.903943591607156,2.3194327793744343,,
7.836309,159.44807731019853,-29.870630094204508,-174.79313519767683,-2.4348769908897943,1.439575132302472,-3.919615250020872,-2.963266992483642,-0.467662275847841,2.149587201882107,,
7.845816000000013,179.0578280294241,-30.728858746364857,-175.176763887328,-2.104592681171359,0.5995986319780914,-5.885274801349111,-3.391299891626596,-0.1267987257817418,1.9045292517498813,,
7.855329000000012,-159.63639695295268,-31.85792103691992,-178.3551854494811,-1.664239730321996,-1.5477428219264069,-7.381613108752675,-3.6490267196428174,0.0174545235368104,1.584682909937155,,
7.864861000000019,-137.11120875021265,-31.681512050321064,176.7626361190781,-0.6552607930774571,-3.817633147891647,-7.428893592120951,-3.829615549759951,0.0183780661894448,1.406067310385648,,
7.874278000000004,-114.32826015778345,-29.70115735141409,172.61552242957484,-0.3413871465399232,-6.266149583924067,-6.9475201387387004,-3.938029894194876,-0.0265209194808653,1.5062381540704324,,
7.883711000000005,-93.2589513457617,-27.288447718749644,170.7337697906147,-0.0092053650353946,-7.923822676409542,-4.735004405333508,-3.736073885043675,0.0642009266817549,1.6392786964613273,,
7.893223000000006,-74.65143066108978,-26.146428096028924,170.9496594343653,0.1676911184022801,-7.366634597567492,-1.8713549502143108,-3.3216529682066134,0.3059240928638562,1.717933111281604,,
7.902726999999999,-58.47654468814564,-27.033337599021223,172.32441675799998,-0.2389882138160582,-5.355034057608228,0.0867444651789624,-2.8403879407633235,0.5959115854139929,1.723347163389773,,
7.91243,-44.38495970211953,-29.4311024759163,173.5617384025948,-0.5143935858709255,-3.306119498935977,1.0486561353820307,-2.40903434621908,0.7796609419546087,1.5814680128996537,,
7.921926000000013,-31.46560464842248,-32.26544251852268,174.265715560601,0.0323036602218985,-1.9298815415228687,1.6818309923274106,-2.1488863665207285,0.7975143009979464,1.4669977511878527,,
7.931436000000019,-18.420194338764446,-34.805440111535255,174.96806636660756,1.1151299154916925,-1.0250872779919662,2.44356553861544,-2.1206089913894988,0.7085217664152835,1.5833009783119685,,
7.941034000000002,-4.141736838512001,-36.25504065852299,176.2496688657602,2.5476084131964742,-0.6742487008019856,3.161491251311736,-2.298435071185996,0.4661810303149098,1.9171540937988287,,
7.950538000000023,10.367120329350184,-36.48540514870383,178.50641498665703,4.296788505506629,0.3086085886311818,4.329178005107889,-2.335948415475889,0.1529164012242744,2.172958473919142,,
7.960063000000019,23.689839855044177,-36.29256143546949,-178.58547717826215,3.678603579767681,2.325606605466118,4.044553570983868,-2.1489491356676367,-0.0369991813655502,2.163091664437385,,
7.969660000000005,37.03225629869525,-36.32448816231789,-175.67011839781776,2.270012082464149,3.2119772612227906,4.245172579792815,-2.151927518169357,-0.1016114209080571,2.1638415443905785,,
7.979162000000002,49.10730603248172,-36.50019295942174,-173.32959093193514,0.6987513335296919,3.928282335756099,3.900960518749702,-1.9410795308924005,-0.1516988995472781,1.9026068953278048,,
7.988682000000011,59.40324580585224,-36.93739406686046,-172.37321425104324,-1.0449553883889715,2.731731218317178,2.0930357206389747,-1.6507407419821638,-0.1190368147382569,1.4236851616120645,,
7.998203000000018,69.46759050319447,-37.707889673566456,-173.55448627013232,-1.2502391865787563,2.1031664600235547,1.4272031693654827,-1.608995924788708,-0.0435555747914942,0.9856687078823704,,
8.00770700000001,78.06238270263891,-38.26667668575532,-176.29161449385074,-0.9564864478842608,1.833864790903844,0.5236087159498989,-1.3604603938291089,-0.0087524908615009,0.5118248528593529,,
8.017021,84.73447524775621,-38.21919441383561,-179.45024265567667,-0.5608619617597308,0.349553971079692,-0.7953654080295129,-1.0478729235331352,-0.0484268392022669,0.1949687267080089,,
8.026549000000017,90.45126077151812,-37.48166185167141,177.84625753717367,0.4204104040315448,0.4383998869813723,-1.2331246655889492,-0.9056212227631992,-0.1348439233981987,0.161355242368131,,
8.036072000000019,94.07552860702272,-36.03607612598171,176.044090062632,0.7928489903712395,0.2191033687651655,-1.4711097882866302,-0.5959136510192794,-0.2579308170659895,0.0735402400964095,,
8.045670000000001,95.51609535613788,-34.10864419196748,175.39733411652193,0.487632199355289,-0.6285827245354645,-1.6255193617188437,-0.2641962480567966,-0.3672111023909619,0.0362445783583841,,
8.055078000000009,96.1635692792948,-32.05143679509275,175.6182726451384,0.3433843643031228,-0.5442275761764297,-1.2976452306750066,-0.1405560161944302,-0.4021395554330879,0.1149588554350749,,
8.064608000000021,96.07891505591466,-30.08966738410333,175.9281235000317,0.0115021887014005,-0.9694958122603904,-0.9689945461951732,-0.0144720360198422,-0.3928086861033923,0.0532530823406741,,
8.074104000000005,95.94005016339952,-28.487033015845427,175.8094263277869,-0.3945761795574807,-1.8107183654510528,-0.8746588259377983,0.0010694140900422,-0.3218054181604638,-0.0373837192920319,,
8.08359900000002,96.6658848898974,-27.477866620577966,175.19576295260967,-0.3186879214429429,-2.094240443228834,-0.7810847953846695,-0.1437832131999972,-0.191369283008045,-0.0546789249271718,,
8.093079000000017,98.26976585699651,-27.08778596357091,174.00803607190377,-0.0709682688864515,-2.629475389177137,-0.9469866101140976,-0.2914718583477617,-0.0508939052067131,-0.0905850608501696,,
8.102636000000018,101.12419698992151,-27.225953440543982,172.28873888854267,0.3539159424029706,-2.689747179930744,-1.1625064027668086,-0.5015462379842479,0.0881377764078504,-0.0833080089768014,,
8.112154000000004,105.0223274616036,-27.70729633578557,170.4081228397546,0.96248286240103,-2.3664700507472003,-1.4753750490739537,-0.6700770971327382,0.1994201414547474,-0.0164154796350283,,
8.121642000000008,109.5446378330712,-28.27838784407632,168.63954675866918,1.3626928010563142,-2.7252901564570693,-1.88565500302448,-0.7653388090241803,0.257754735771077,0.0710466144776237,,
8.140667000000008,121.91025536552893,-29.472402761914907,165.69692191455206,2.1841490486585746,-0.8467702784701306,-2.25728200070122,-1.0462615034989031,0.3972144290771002,0.4936389278370666,,
8.15025300000002,127.29825192640742,-30.560265222175445,165.4749150349407,1.983641436034844,-0.8493317448595206,-2.546544846213457,-0.8470540987238696,0.4499614186355653,0.6739470943980351,,
8.159770000000009,132.14007184520764,-32.34318306523047,166.43493084390497,1.532655796514313,-0.1496286258257646,-2.656380543680316,-0.7114102691236455,0.5526137967795642,0.8817476774994764,,
8.169274000000001,135.38609077847696,-34.99848501486781,168.5979877209118,0.5836798909726122,0.7822575839349966,-2.450846951094332,-0.4085191040539901,0.6391427825937874,0.967008283746501,,
8.178710000000024,135.61054064431028,-38.282643574864,171.6339648235846,-0.6165799194321858,1.0551705847937929,-1.631121926037677,0.0816208163677855,0.6536053026485158,0.7848146992744617,,
8.188219000000004,132.60020733225622,-41.61689247389333,174.8649296487133,-1.929347773788114,1.318075784386381,-0.2351984409009116,0.5403071336885329,0.6058469415347199,0.3726014362696848,,
8.197912000000002,125.91387392489096,-44.96669765251366,178.31844918794627,-2.8101858076242965,2.016170234107024,1.3230481009816302,1.0145971598183638,0.60688269889623,-0.1413812971205999,,
8.207426000000027,115.52158715282988,-47.88358001060333,-177.8862410642954,-2.7055966280753925,3.069759068091502,2.659661737667633,1.4313228965677616,0.5875173952872628,-0.7487997380826587,,
8.216937000000001,102.18395572923498,-49.27767078298583,-175.80788815524932,-1.7437207582771903,4.677962935256108,3.950115610020785,1.748202700697452,0.3725804701643127,-1.5630086768639808,,
8.226440000000025,85.3508971004234,-48.70416888446363,-175.24167269969396,-0.1103844680727093,4.060693906553041,3.948900944254377,2.213253394544772,0.060332530782244,-2.4452006392065115,,
8.235956000000016,69.36644547848283,-46.22133004770546,-177.1103558492169,1.2260521908209123,3.1235555816208853,2.632021933379374,2.1942102582853225,-0.3442562934982576,-2.778043112564606,,
8.245474000000002,56.72692196991908,-42.71393852301776,178.31036831032992,3.251952509722122,2.213043416154493,2.5008487067859204,1.818174345735984,-0.6760144300634021,-2.755899051517295,,
8.254976,44.61959535552223,-39.14317109889379,172.10916081323455,3.732761018645681,0.0219744132265016,1.5861791491843111,1.772753975414031,-0.8574497947901901,-2.916968768814454,,
8.264301000000017,32.39838236318634,-36.573886375661765,165.57561013439226,3.635879916725955,-0.567406668850453,1.0539389036658728,1.804002643598023,-0.8702719162939498,-2.9100706686054534,,
8.273995000000014,19.978787919842816,-35.72702771912497,160.3768198028517,3.2749840405856623,-1.1885932208417185,1.773047060815958,1.87677174343116,-0.7419266001277894,-2.609607811522717,,
8.283503000000024,5.299290387080328,-35.846203380534384,157.83326442503125,2.2599322992554765,-2.32339138132428,2.727815983116044,2.2374163266590767,-0.8287442746529509,-2.226171989730493,,
8.293024000000003,-12.25602779272349,-35.59068284803907,159.08077098993866,0.5883183914599187,-2.8474089094058472,2.301475851128602,2.635053367359784,-1.0948126924944204,-1.8036381949221,,
8.302523000000008,-30.64123131170936,-33.93262686568221,163.03931185403354,-0.6012838293023492,-3.92487057046674,2.0118682134619017,2.751392090027967,-1.2918112981923624,-1.311087537720428,,
8.311847,-48.46847629531827,-30.21729761167768,166.87039389787068,-1.751628922165242,-5.528556196960455,0.9524747631357866,2.727857923578548,-1.4967362394967338,-1.1334976041163596,,
8.321356000000009,-65.53719359626947,-25.51401005241212,168.1296907917769,-1.9696437880567008,-5.712007260558414,-1.24338450044894,2.7474967455074912,-1.5663209517996255,-1.3472452117349911,,
8.33087900000001,-81.5249857360213,-22.16124189205825,166.88778821003086,-1.4273775562380362,-5.638838503143817,-3.241429948454545,2.715443445278101,-1.2848606026744367,-1.54106961345809,,
8.340464000000026,-96.7723735248632,-21.732123843791587,164.47948438187524,-1.198972561069465,-5.032103461850888,-5.071819389922657,2.723653793131819,-0.7832945627844667,-1.6206638401290236,,
8.349982000000011,-111.85012439115752,-24.1173104174366,162.53059187633505,-0.3532514810932665,-3.077754482740956,-5.314086611060549,2.8018821757162207,-0.3343365098982444,-1.5641957763609473,,
8.359486000000004,-126.02127213704176,-27.60287339121651,162.53824790790105,-0.2049288420044172,-2.0289554201219664,-5.0748483329791245,2.64417634593276,-0.1040538132085439,-1.2362150674209813,,
8.368989,-139.35249724935875,-30.60553035639349,164.26653594783355,-0.465432304625595,-0.9041572979408607,-4.396249342847878,2.405488058376084,-0.0926133479237044,-0.953636633843301,,
8.378517000000016,-151.72239259230142,-32.53160143989732,166.4235058028628,-0.1817818577892943,-0.2575610857962992,-2.926879182989472,2.138052909562409,-0.1621418949655572,-0.8660046427810913,,
8.388024000000001,-161.76151284195055,-33.20864833921416,167.95851713518346,0.2299281192669562,-0.1302179885484258,-1.7929462442481547,1.6757831275012889,-0.2423547630289602,-0.7840915463548225,,
8.397545000000008,-169.16356630297676,-33.59815291949662,168.24735943711875,0.3255607319988268,0.28245715024564,-1.8106401514506223,1.2265877319105902,-0.1788275163355675,-0.7580797528998812,,
8.40697800000001,-175.51469577307984,-34.65678184883451,167.66672533469142,0.9469043818812168,0.4858270808894651,-1.3189812312766964,1.0736578648323998,-0.0125251784245935,-0.8295443713529043,,
8.416463000000022,178.41873983241862,-36.580678410186266,166.9871522362366,1.0566008638596445,0.6002042454185312,-0.7657486913986384,1.0478283052747983,0.1588789647539778,-0.8433295872403056,,
8.425975000000022,171.68392057477493,-39.62831906338957,167.00859321993167,0.3661224085051947,1.2281901233171246,-0.3831386441660295,1.1710496535745107,0.3551639603315539,-0.8278548087510702,,
8.435586,162.3016942755442,-43.72103529882666,168.6184496783703,-0.6131636241695672,1.888367831857626,0.3050506787848249,1.5439376776935612,0.502894299576148,-0.9273957535843166,,
8.445189,149.15161420803364,-47.68696446544651,172.25026281227676,-1.636090121264111,2.752142872657677,1.1349658394409297,1.943377592273553,0.4737013686179342,-1.1594049837321456,,
8.454687000000007,132.19768082951978,-49.90963040596468,177.34504507755267,-2.0929922702173447,3.8055200536262137,2.1525648450051795,2.263643321114622,0.2386723008865319,-1.5550865947079229,,
8.473726,93.86348026190174,-46.12293407771582,-177.15163013189832,-0.4247752814097342,3.876796821635437,3.0755220238932712,2.5874721901680986,-0.5230291051560727,-2.571724845961831,,
8.48323000000002,77.35363868544748,-41.67431282828109,-179.37667425540036,1.5264463295102833,3.269362611756476,2.5281906598307864,2.4099037620621804,-0.8125731080010744,-2.7363139262265417,,
8.492742000000021,62.97229241505177,-37.44908085368789,174.97366435158065,2.815324045601652,1.7812375223310588,2.174519974888124,2.190214684007839,-0.9278088663133716,-2.961453948236895,,
8.502239000000003,49.42931414759548,-34.408602699475665,167.95732277644643,3.2696875138995862,0.6195249909311314,1.5074890627584945,2.0860390841933474,-0.9270024171504236,-2.9914203136436903,,
8.511752999999999,36.25174422104209,-33.03601380831552,161.4574221673085,3.9034110225344136,-0.2067307995788773,1.7265021912237477,2.0483135774224106,-0.8442053621802706,-2.762119784797731,,
8.521253000000002,21.89284311714712,-33.60223501822103,156.74439849630693,3.8328864886590654,-1.507125013262388,2.181823789299305,2.287461229870899,-0.752575894804313,-2.5193698334232133,,
8.530782000000016,5.193149361663033,-34.998434016651885,155.26011098461166,2.6983549192704004,-2.543303446078632,2.5257840837488272,2.637451057080901,-0.8701876738315357,-2.180046490734528,,
8.540284000000014,-13.52205717936793,-35.35989062903149,157.29434969011308,1.253441387874016,-3.9927419113303695,2.387280698245318,2.831493416329999,-1.1659618219417092,-1.7541116054731731,,
8.549609000000004,-33.55673847254847,-33.81078807950034,161.21711924199644,-0.2886351061074388,-5.625245399876828,1.700698081202458,2.9770115236463432,-1.4555042497210091,-1.49722570280295,,
8.559143000000006,-53.74716933443344,-30.298091648642284,164.46825099994342,-1.7780581195945058,-6.639048758333305,0.2979129689212081,3.066677853486517,-1.674685177282937,-1.499975628564635,,
8.568629000000016,-72.76215410418104,-25.978122006594173,165.17346506334144,-2.5520331763773862,-7.095507327342679,-1.9402321029394776,3.016004148508906,-1.7061184701902794,-1.655746024145207,,
8.578150000000022,-90.82964228470355,-22.88937266323318,163.6349173261055,-2.587229878954069,-6.4303795976902585,-4.599622346069001,3.008658082219963,-1.476786110718244,-1.80230906928053,,
8.587739,-108.47534016871067,-22.306248206826155,161.5021329053388,-1.7877105579977033,-4.316287610932639,-6.085537549282282,3.078518668089589,-1.088091861654305,-1.781680256893874,,
8.597246000000013,-125.08628067070998,-24.08115665060894,160.27920157536502,-0.7651223780930699,-2.2683782929350578,-6.250991934351792,3.004784184713591,-0.6675021628768951,-1.5532331699617077,,
8.606750000000005,-140.66476732755885,-27.08178380225812,160.93813602192552,0.0845448516683581,-0.5804832913540217,-5.507770642636379,2.851877809336271,-0.3708690762104586,-1.2156833434405268,,
8.616260000000011,-155.47666800201796,-29.95833305436356,163.46258528245622,0.5513774650839476,0.3167612945837956,-4.040368557347136,2.655219426317922,-0.2511372045231823,-0.9129269003100708,,
8.62578000000002,-169.0314625370215,-32.22246521300745,166.86659215733354,0.5749011851343493,0.592730395967724,-2.6578772472630914,2.361048779780018,-0.1587918524199037,-0.7223617636172659,,
8.635299000000003,178.92092522511763,-33.97694863413979,170.11269639002268,0.3124406871903533,0.7943425259598887,-1.903146189646144,2.0490098535601664,-0.0602167161965672,-0.6690767787355079,,
8.644740000000013,167.84009794998545,-35.51571531410211,172.62897523924929,-0.0307848174316343,1.085077511514537,-1.290796292085972,1.847747094230605,0.0301529607577114,-0.7617362554238967,,
8.654229000000015,156.988292030718,-37.31007646348715,174.49922288725776,-0.4495755338662565,1.3747631145826047,-0.6467269527753877,1.777001509072959,0.1617741265715314,-0.9399048220868136,,
8.663738000000023,145.47579676203546,-39.653992435167744,175.99513526965376,-1.0239579306356938,2.3081955332912214,-0.2004468779829436,1.8363812845664844,0.3172030472092656,-1.143665028137576,,
8.682760000000002,114.85794087608971,-44.8163981109493,-178.80898046999394,-1.53787818721065,4.978459469445302,1.8191731119345145,2.4467119994839828,0.4703814413795898,-1.7444316125891828,,
8.692450000000008,95.20149936283202,-45.77287345553989,-175.28846655705567,-0.6667344096467179,5.841101687269084,3.500428314709912,2.751568201447,0.3364203608832297,-2.136061450157253,,
8.701971000000015,74.20849847418027,-44.51635865132376,-172.96648119182058,1.2140793522559197,5.339521060213108,4.825758331972049,2.972097896311168,0.0557979457851225,-2.5174067187118467,,
8.711464000000007,54.12431649773448,-41.3575293114599,-173.5063854077718,2.9233723152662794,2.950786872013236,4.738791465265583,2.9981864751669645,-0.2749342337518477,-2.847139932012108,,
8.72098200000002,36.42315932930178,-37.84554244358129,-177.62828288049116,4.045221800707922,0.6948609753304659,4.385373677910826,2.7808866195316813,-0.4850909335408255,-3.080682396850206,,
8.730502999999999,20.151903019658675,-35.56167607626443,175.8589282141595,4.150346463847541,-1.5039947241929632,3.4178396432551006,2.610504054174073,-0.4955570240588398,-3.245399292653303,,
8.740003999999999,4.619631655658915,-35.221925921303374,168.81933897373273,3.595625691647112,-2.8596209330637503,2.6752438902330904,2.5093101791537427,-0.4059088890470316,-3.204799579733672,,
8.74951900000002,-10.922369936124456,-36.515795522369054,163.2937258920971,2.6372364091497538,-4.191494702399886,2.500046398905216,2.5137969163029443,-0.3584070475757438,-2.9251670388640507,,
8.759028,-28.09231900183249,-38.26212376751303,160.84066995930797,0.957370941533008,-4.874879061253429,1.9017597798471044,2.707747716876636,-0.5112732765068829,-2.576404210250718,,
8.768358000000006,-46.73853253826773,-38.75249388388118,161.63683043639398,-0.804972556452667,-4.490497666291583,1.146880908733115,2.796976276827931,-0.8472928422165371,-2.1659787591019377,,
8.777859000000007,-64.91105115324042,-36.777240476434585,163.9120445170059,-2.153127860398296,-4.138036261246412,0.1353959922765188,2.629838595280038,-1.225701410047917,-1.7753480882106725,,
8.787371000000007,-81.29019051526669,-32.7843511082238,165.39028194053628,-2.914948409758617,-3.827241254213176,-1.3662482275634356,2.387015312879054,-1.4783368808114556,-1.5765757757971732,,
8.796881000000013,-96.02305801188552,-28.375022641365984,165.04378274357737,-2.776649629651592,-3.2061155806569586,-2.7701293342679194,2.2321802051960025,-1.49718946084826,-1.5700351706772275,,
8.806483000000014,-109.24729273013364,-25.07310695838936,163.2904457116627,-1.8537071815118469,-2.643617114913508,-4.004518814410517,2.096511777024641,-1.278936670783292,-1.5404731944055174,,
8.81598600000001,-121.36110995288712,-23.74981314709183,161.377177033236,-0.7911391173022658,-1.939673267739077,-4.8100909221882455,2.024884262933046,-0.9220441834956116,-1.384220115084673,,
8.825497000000013,-132.70435534591724,-24.325959440092625,160.37795548741255,0.2650606718639132,-1.1946573130657103,-4.537723516091747,1.997573874844184,-0.5708912724136022,-1.1245973956757485,,
8.835004000000026,-142.62435023959517,-26.017946477640866,160.68438784476143,0.9277591649102004,-0.7937450160510401,-3.624656589269169,1.8073283087483536,-0.2804815618317954,-0.7835669324547087,,
8.844421000000011,-150.53628680463768,-27.98035199608952,162.1743543541936,0.8411304138570468,-0.5911409888507586,-3.3023366479983283,1.4628918842245386,-0.0751929301078685,-0.4592752411266741,,
8.854016000000001,-156.79577695564413,-29.80887331612111,163.99072427936247,0.9128132614800508,-0.4914813426957021,-2.374794902253034,1.156018376547464,0.032581602917524,-0.2805459818465549,,
8.863548000000009,-160.74414255517505,-31.221267926328416,165.42988147798985,0.8953285042011526,-0.4810888956178417,-1.5916569974763812,0.7312988361144863,0.0940684149542874,-0.1436449325726173,,
8.87305600000002,-162.0753285101708,-32.437268715354804,165.9899739401334,0.6125959351467344,-0.2371950045999819,-1.687626521404877,0.27937923626161,0.1802705429472943,-0.0470258992656823,,
8.882588000000027,-162.04275662368173,-33.871901691796445,165.70412841007408,0.8044564508322011,-0.1488783215390476,-1.568856042006209,0.0649446846488045,0.2798707086154633,-0.0536617846304861,,
8.892021,-161.44065915949605,-35.27587848808607,165.26239642056743,1.0144500017950138,-0.1961546608093309,-0.8046554295246935,-0.0256205144431687,0.297018812799779,-0.020029200409581,,
8.901696000000015,-160.286273221959,-36.792920399271495,165.2126809195733,0.6779023111676735,0.1211854833861442,-0.3996789659992649,-0.1035420556843179,0.3412803379180877,0.1118254576952381,,
8.911193000000026,-160.01667099130975,-38.953312687930335,165.7339647175177,0.2782601824689352,0.4799898728005317,0.0903594774335961,0.0672529959758108,0.4294414000532281,0.1374838291655059,,
8.920711000000011,-161.7134450681699,-41.813562618574586,167.1996105359132,0.4747297709894704,0.4983451064341297,1.6660229889223042,0.3855965023445281,0.4962138871278619,0.0732328459454565,,
8.93020900000002,-164.679225600405,-45.13236067759737,169.63282153099146,-0.2663086230859602,0.6268637943469291,2.350576770163672,0.5555364154851576,0.5643029051947439,0.0783663899621307,,
8.939728000000002,-169.32991083585273,-48.30529491079964,172.86720779897948,-0.5418109621798434,0.6203496814099443,3.129829750607793,0.727442620602712,0.5304149067472281,-0.0307143423167538,,
8.949236000000013,-175.08572984186935,-50.02833997176342,176.4328380817217,-0.5971659204355108,0.4926858359400047,3.8009494147542657,0.7821297080992612,0.2729170096085924,-0.1583664754846902,,
8.958748000000014,179.63071843970135,-49.71276167460633,179.11075228273577,-0.9327037488348366,0.3211152056093876,3.587625912577665,0.678732238147661,-0.0888583273223339,-0.2973670505561796,,
8.96825100000001,176.13667738896643,-47.84899829572132,179.83356126508204,-1.271146397523386,0.4245521743192703,2.4137206699939537,0.4581928238895819,-0.3764376026422976,-0.4247529263779,,
8.977757000000025,174.04153124115712,-45.17420335762359,178.73324793663213,-0.9093483720109043,0.3445556361801644,1.0387716663051547,0.2834503918258364,-0.5383875408288392,-0.5858193438417558,,
8.987280000000027,173.1691461435279,-42.22656531645124,176.46137782210462,-0.3044730824910091,0.1768821807956588,0.0755618929929157,0.1033149100165608,-0.5947385905284439,-0.6468342760960215,,
8.996782000000024,173.35159799330833,-39.755884228079424,173.59055144523848,0.2568200496268312,0.1916770189804825,-0.7369022946437027,-0.0689534831334613,-0.4907122960934461,-0.6158880864763342,,
9.006142000000011,174.1534866639116,-38.24447193985097,170.54620075205403,1.076521485982923,-0.0279188074582716,-0.933525558852676,-0.1646881820829551,-0.2829160504348412,-0.5601777141194472,,
9.015627000000023,175.8880503391291,-37.29783794639665,167.56844092313816,1.3991953685342786,-0.1088999563700912,-0.9146098225615086,-0.3052653524019669,-0.1344784744570696,-0.4206284130931359,,
9.025150000000025,178.56411001651304,-36.65713730516736,164.95667257228163,1.1422269572509152,0.0685246832421243,-0.9672538361149692,-0.4461694410465132,-0.0234765655608883,-0.2271204452748536,,
9.034647000000009,-178.1277705486864,-36.31011460741878,163.04005938850256,0.9397761394334304,0.0532591113857225,-0.9764050703574544,-0.5310884614486835,0.0793322191068797,-0.0192262765266106,,
9.044160000000003,-174.28020265217458,-35.70946985008484,161.85074638160182,0.6656776187276328,-0.1099416102077548,-1.1609899239021222,-0.6303628859188218,0.0728930716683698,0.1997214097967544,,
9.053744000000025,-169.7742103716035,-34.50241890641595,161.44966117142528,0.3002563494654411,-0.4811580864130848,-1.4668080679303004,-0.7765298585174587,0.0026853072308955,0.4273820606508114,,
9.063266,-164.0229128510417,-33.110389699523935,161.61411888226723,0.1414022553755207,-0.7208582029387172,-2.385569829570162,-0.9957512716559044,0.0385690121110089,0.6650734186879378,,
9.072778,-157.36672101725011,-31.87432670004351,162.13585822463818,0.6473663320693417,-1.2451516754748604,-2.5813379330833994,-1.145222045980443,0.1147326822006161,0.8202469081421959,,
9.082285000000011,-149.05545286400206,-30.89489080436084,162.89748996299346,0.6616099791268574,-1.460483468883874,-3.365424022264929,-1.4138580607568452,0.2400703674981255,1.0188639196859224,,
9.091781000000026,-139.63854882827968,-30.62526880937097,163.4475865208419,0.4787555529216828,-1.893550878831789,-3.9821571523566295,-1.5658294385639555,0.4199175758097818,1.109693335677269,,
9.101295000000022,-129.79807426761076,-31.24954734870957,163.6673884165391,0.5261161159013581,-2.145962671448525,-3.539253099240092,-1.5840701332259248,0.6019310706668495,1.1141967022145058,,
9.11080100000001,-119.28830431747195,-32.527106697051856,163.68605155461216,0.0593635368465269,-2.075969888101562,-3.0752538772572406,-1.640399407436877,0.7527694487357262,1.1957286621334362,,
9.120330000000024,-108.83503833712876,-34.220442939015925,164.36682218693653,-0.7181324187608676,-1.9142198135230184,-2.207733371295769,-1.5874584114092778,0.8061389404956311,1.2873274028695545,,
9.129767000000015,-98.92550151665932,-36.13158603450975,165.4539238223378,-1.3010898815374226,-1.381960626817118,-0.9887844564559958,-1.4667604592698518,0.7908996046694015,1.360266922725609,,
9.139271000000008,-89.34007940073697,-37.982962514108905,166.88739234524917,-1.6006052821786323,-0.7095664580441637,-0.0150591768831179,-1.3991526707849231,0.7254047228318329,1.4430662374273684,,
9.148949000000016,-79.61466996487509,-39.45054892474496,168.6624041748677,-1.758151465283477,-0.3764246479801287,0.6031030320710588,-1.4232679855835566,0.6084352243617279,1.572753657245622,,
9.15847500000001,-69.05616290752086,-40.22888791811738,170.81677305948318,-1.72761857688599,-0.5611462761148699,1.0532334075806795,-1.5702918273656732,0.4422655355425841,1.78491681438152,,
9.16797200000002,-56.55485102391727,-40.10411194182215,173.2592588087271,-1.3182899852910686,-1.799263690901712,1.649918174554518,-1.898876339121553,0.2404583019157916,2.102350221514799,,
9.17747700000001,-41.62977449930335,-39.11182761575052,175.89787423868924,0.1701932140800216,-3.5215964313256447,2.629154679713071,-2.3124029694515387,0.0208774289224548,2.4316819128037777,,
9.186988000000014,-25.383466485299017,-37.9832859367937,178.99956737301503,2.1413577851221284,-3.642133977817744,3.714600167329285,-2.5539774833159323,-0.1110772581827161,2.6455576694933187,,
9.19649800000002,-8.532896304141849,-37.62804696917624,-177.75532955991503,3.181536773514782,-2.280852635192739,4.124655075394885,-2.667471841684107,-0.0996578007854328,2.7149387669312643,,
9.206016000000004,8.839220887576243,-38.25228335854686,-175.49172447267725,3.606940773520872,-0.6093567371459159,4.35526001682364,-2.747681749165013,-0.0377867991933514,2.589672608600606,,
9.21551500000001,26.2152970552329,-39.32874709409443,-175.29206505301732,2.872653073947519,1.221064663338735,3.776165288829516,-2.720423869026496,-0.0046745169352347,2.2194352270173368,,
9.224916000000007,43.82613603292531,-39.93955080474269,-177.2560566510267,1.6697971471578696,2.14201399502033,2.924307704569905,-2.7163622049872767,-0.0553439849383576,1.857929348756296,,
9.234544,61.01482982871548,-39.41210605824413,179.6787661089278,0.9609334499328992,2.756082661229182,2.252312829241341,-2.644115707681449,-0.1606442479617716,1.5863268531548398,,
9.244044000000002,76.159526069779,-37.91744621652746,176.672051865293,0.1958493036888274,2.669754374142068,0.9542804048730876,-2.374524018802642,-0.2218309249475689,1.2947035230411887,,
9.25338100000002,89.194822602454,-36.0914181980876,174.3947896810357,-0.1873648201408048,1.9252744505168304,-0.2065570490728177,-2.1055103303486487,-0.2005242163457936,1.116251284801443,,
9.262900000000002,100.63955303346168,-34.60274135102976,172.95001761115097,-0.0044821958462734,1.4050113069043606,-0.8280636563379548,-1.8900088421952888,-0.0892493962622745,1.0370685295813111,,
9.27241600000002,110.48005116050712,-33.76826189754499,171.7477761108241,0.0702037135756653,0.5383053436625597,-1.218890028619949,-1.6372342155837547,0.0518019494809262,0.8667165318652857,,
9.281988000000013,119.5453739419488,-33.52850191525715,170.22950385972464,0.0673941459922376,-0.2606043598344967,-1.1944147304620951,-1.4994886361929236,0.1893159115336931,0.7021434135315621,,
9.291420000000016,128.7466932510741,-33.62707211274257,168.25132385352097,0.2324946342585375,-0.3659307731416866,-1.0894688159268553,-1.503817923343406,0.3058277991112959,0.6234105476510664,,
9.300927,138.1833403327591,-33.590768965733034,165.78550493597646,0.3717603170109813,-0.6158519184770747,-1.1298845217435094,-1.5344890284335455,0.3463224371979974,0.5528699533513876,,
9.310471000000009,148.6152065081826,-33.01316507650528,163.00434144460056,0.6355061937663437,-0.6618236130342887,-1.2810861939196974,-1.7117199610489178,0.358388415004632,0.5909880450681065,,
9.320033000000024,160.3750055457416,-31.884131338441843,160.43865017047875,0.9525498108449532,-0.0805060412879066,-2.250367580017439,-1.956582167878121,0.4091099306495489,0.7508801906308837,,
9.329356000000018,172.8037668216581,-30.48424659844524,158.61951843798,1.2896862543091552,-0.2193777395149673,-3.1976491168613195,-2.0914849365304167,0.4828260217955606,0.925315061682677,,
9.33906300000001,-173.80308760451095,-29.175684029353462,157.80260899733443,1.467568154710448,-0.3125259689204847,-4.081848462111125,-2.25649465488033,0.6211803651433404,1.1708429355372123,,
9.348575000000013,-159.56664176878425,-28.611496692280724,158.0782217729063,1.0749575098208983,-0.4384954083833506,-5.100303074787298,-2.35507897989482,0.8330961170474549,1.4321538125291329,,
9.358083000000022,-145.3408152029153,-29.428581660598503,159.2479105223055,0.1697049497405075,-1.089847260958101,-5.206329503389799,-2.261130467646918,1.058039272964986,1.6149243593236706,,
9.36758500000002,-131.2498607227708,-31.7681001377117,160.87981130286352,-0.8046027191135398,-1.3888917364225069,-3.959064097403985,-2.124738517944528,1.2666199172500372,1.7615305800484211,,
9.377081000000004,-116.85604806410386,-35.18954153195593,162.50399069188782,-2.2801206204393805,-1.393067560790142,-2.544171445386408,-2.069032081698988,1.4026603753683666,1.9137585823498429,,
9.386528000000029,-102.45602822905342,-38.96683111478414,163.4605264976336,-3.3550626603466136,-1.5944191251491204,-0.7041117360967878,-1.980099456563123,1.3930205904901307,1.9292698709196447,,
9.396218000000005,-87.46972362918144,-42.094441632737954,163.089819454426,-3.150610704649228,-1.2760987122313163,1.0013771647504637,-2.00497842554646,1.2525831696771454,1.87612326876919,,
9.40572800000001,-70.96122463134945,-43.42602513841341,162.52183035568126,-2.899733053133504,-1.4594129488553589,1.7480364160031905,-2.239732252930561,0.9701822286434344,2.130828743004932,,
9.415061000000009,-53.42859051445584,-42.72579864423305,163.6017325534991,-2.2728332963994684,-3.391344608597488,2.661996332120622,-2.4943600590370245,0.6141970402602526,2.612823400729716,,
9.424567000000025,-35.84836169888383,-40.51029753657774,166.7472474615681,0.0399743231248854,-4.740091227791529,3.3636534835949043,-2.659527835823569,0.2481861187337216,2.964917076624043,,
9.434155000000004,-19.03656957291589,-38.547291858156086,171.91714551199556,2.574570120993979,-4.058233761867775,3.5377610519232765,-2.628457372284523,0.097337694012028,3.173073974179254,,
9.44366500000001,-2.4192616564958853,-38.68943837207868,177.82714229854494,3.852365999852956,-2.574838004068235,3.626238695830374,-2.5919469238587505,0.2610166421501757,3.254765216635284,,
9.453181,14.860893894357252,-40.51795175577177,-177.9437623556561,4.694207544262313,-0.7330151893324836,3.9149234287629975,-2.6693560505244207,0.3665572890477269,3.0485329819379525,,
9.462689000000012,32.93835610647256,-42.649700993981526,-177.28170874388871,3.814288224363821,1.3388031363258666,3.271640921604412,-2.723424621260824,0.310213439239854,2.534454310859978,,
9.472127,52.47647828946775,-43.63630789526168,179.63515765488535,2.2581918574404325,2.6056528572441704,2.93983469784799,-2.8551922895387154,0.1368774054824711,2.061121917834558,,
9.481809000000029,71.513136465072,-42.25420622794369,175.4856674192576,1.0849924679380514,3.6319913051639534,2.2671845824423533,-2.7960410875056088,-0.1549590413024256,1.77024893195928,,
9.491151000000002,87.90116804725079,-39.27899747268252,172.51756917855812,0.0352412169454473,3.271049438730739,0.7703242833227582,-2.531802192680396,-0.3284519093351046,1.5509715259739805,,
9.50064900000001,102.12715006801534,-36.15447504561577,170.80259600242306,-0.4049665400430735,2.658670475447376,-0.3577856773886766,-2.3190202669788693,-0.2888735714367197,1.4004602548265987,,
9.510173000000009,114.4001229075485,-33.989309566246135,170.23662234855772,-0.2735975196023735,1.911022297801703,-1.2608264346674356,-2.0546346645040363,-0.0947030416328306,1.2989688080649464,,
9.519768,125.11346451844406,-33.23598193170279,169.96616220934413,0.193417965567912,0.808725031289037,-1.6407212699988685,-1.785495866913993,0.1589096139348166,1.1333420631560676,,
9.52926100000002,134.9454039375259,-33.36195528247226,168.83610566276613,0.2359461490930292,0.2877247756750427,-1.6945756568476975,-1.6123324526027467,0.3273103705518608,0.8548380088445694,,
9.53869400000002,144.47218816115287,-33.77103867425202,166.76255672419256,0.1610059584710271,-0.5049721495421089,-1.2055250879215709,-1.535759496335466,0.4156677909548396,0.6401117109375426,,
9.548293,154.7587974349326,-34.1898989793147,164.24449970178418,0.4404924406246176,-0.1707396535459899,-1.3472557771217422,-1.6319633687177146,0.5083287328103308,0.6478567590547452,,
9.557801000000012,165.2845926977836,-33.741060804808825,161.59910006034113,0.4786016775359511,-0.177603880260706,-1.6050592134299713,-1.6964799919484146,0.4274846396191649,0.6487535662932361,,
9.567331000000024,176.23719495709426,-32.19270904275885,159.47374415760268,0.4238106266367505,-0.3353826967195478,-1.904825751881036,-1.8371115353104204,0.3215164641828812,0.7686674625389992,,
9.576805000000007,-171.70273257193878,-30.279047017544688,158.44267633613578,0.4627641094000992,-0.1826816273162409,-2.8791975504309124,-2.063666605560854,0.3849258382424529,1.04627570997144,,
9.58631200000002,-158.8449754595627,-28.520059196953355,158.74798468313097,0.3811498494724251,-0.3749466883423494,-4.079723446674042,-2.216191833896201,0.4920035165395888,1.324647903437071,,
9.59567100000001,-145.7063506967941,-27.42134132576042,160.35704635578125,-0.0038941547287829,-1.0710734766925607,-4.71067934418731,-2.253998296111682,0.6065646813783115,1.5547892706527546,,
9.605164000000002,-132.20259756718218,-27.75300016358514,162.62861673158008,-0.3499353927514573,-1.7594361036926265,-4.394465150272183,-2.2522607178029177,0.8236554697603208,1.705139847705658,,
9.614685000000009,-117.9931850147845,-29.69649324237691,164.7123664210406,-0.9917702002556232,-2.3750307139099047,-3.831320998649429,-2.286368783138933,1.0734598652593272,1.7827894816158416,,
9.62410300000002,-103.54762165871009,-32.75092709257836,166.1924810111835,-1.5925783305999848,-2.556803232813506,-2.406549635925773,-2.2421391767797845,1.2105390616524487,1.79450124986722,,
9.633616000000018,-88.51243347386635,-36.15132529291849,166.71888012426288,-2.260708860053291,-2.525174565423724,-0.8112217908714328,-2.2553502042422333,1.2397037857371926,1.8080708031905235,,
9.643138000000022,-72.45075655583462,-38.94014523095565,165.85947955555105,-2.358397048355513,-2.8735729465523416,0.7095705611913765,-2.345356281176516,1.1430973683986367,1.788559350483993,,
9.652828,-55.6227025675068,-40.12855578040249,164.36393912260283,-1.6441741580810754,-2.545762819392932,2.1553070936627354,-2.4497527272312727,0.8956412880274592,1.8466264347559884,,
9.662330000000026,-37.59874905754301,-39.64970729598126,164.15755212908758,-0.9795631433299604,-2.921896462446024,3.0947350153620232,-2.6908336577064285,0.6595617676405012,2.2732580206537745,,
9.67190100000002,-19.548762833198367,-38.3203731571932,166.399709276156,0.8858756032106719,-3.698056803851175,4.580195932234892,-2.786189492319064,0.4589324805617107,2.720369019388328,,
9.681430000000006,-3.1370186574049805,-37.2963111901453,170.73569631080352,2.5997826825134456,-1.9317618491413424,4.377139853041066,-2.5886310899809204,0.3154241078371197,2.878821287892445,,
9.690945,13.30189919613869,-37.90047705015895,175.89817919665606,3.538117337964956,-0.7383029001174338,3.975944117951116,-2.58051848121198,0.4235096090982,3.0373320528777983,,
9.700378,29.636961428544108,-40.23162703426642,-179.92323941418678,4.198656256746488,1.1802273803729897,3.983208417242124,-2.5251385746794504,0.5532067276623712,2.894453588969536,,
9.719571000000002,62.80521024578402,-45.072304281162936,-179.34352212454658,2.0344454855448943,2.9674454560044,1.778165341420446,-2.487357164599696,0.3507472338252154,2.1651109519546745,,
9.72908000000001,79.8423927704995,-45.33891366086867,177.6214540255799,1.060342771107896,3.6502560721210986,1.2498395182459805,-2.4003564277417,0.089062497291377,1.8153266737114049,,
9.738416,94.45664600371668,-43.82878447246514,174.64855306802085,-0.191554281997674,2.537426301005992,0.139231873369262,-2.0981559286024694,-0.1594445585290257,1.460447016506658,,
9.747924000000012,107.3234772505967,-41.43350022550501,172.5347871252639,-0.4757281775006688,1.9217812215794503,-0.359783317881662,-1.936110147617012,-0.262930382396538,1.322672107537314,,
9.757428000000004,118.18870161661496,-39.00369961954143,171.28935892297417,-0.4486444017420986,1.480274905417391,-0.9106328960870044,-1.7125507288649071,-0.2464684140363341,1.1558336699756624,,
9.766943000000026,127.14750572757966,-37.04617498182888,170.47372869227453,-0.283775256266259,0.2149785282432719,-1.1486199675179394,-1.4569696254660496,-0.1622673969843705,0.9418513690087874,,
9.776341000000002,135.59678304177257,-35.709831489539994,169.52006357126572,-0.0463096424322611,-0.1773954985992383,-1.1735996277610012,-1.3875186245277502,-0.0264451064425497,0.8126274780654698,,
9.785788000000023,143.79829265431596,-34.91500388401626,168.2066618754925,0.1470635769041992,-0.4015649971321932,-1.1997204105916648,-1.3451700084404783,0.1029094450241476,0.6864899006422898,,
9.795287000000002,152.1723866030792,-34.38321171874091,166.47442925261913,0.3700535453378409,-0.7236340814477338,-1.1381596831573075,-1.3687366398578549,0.198529095743483,0.6068191478077167,,
9.804810000000003,161.52550828500003,-33.71708522358459,164.40690057628208,0.5509021306658313,-0.5222406821331345,-1.2860107239230223,-1.5347862556923535,0.2611600338708662,0.6351833007330099,,
9.814401000000004,171.67346290786128,-32.680877319588376,162.38863835075003,0.5711484743838294,-0.3266357773170639,-1.8374941305787824,-1.6879241693264266,0.287380275773231,0.7091372721257533,,
9.823914000000002,-177.45637167674448,-31.264345037993177,160.8781536424471,0.7064454135959294,-0.4156807543584863,-2.3210189795826843,-1.8408715558915307,0.3132851055276519,0.8506519120206639,,
9.833418000000025,-165.60887301131342,-29.6366792709982,160.3045731038625,0.7165395327664986,-0.3497040596125029,-3.118353984527563,-2.036375029347304,0.3731829948470801,1.08760361892965,,
9.852432000000022,-140.83035604183968,-28.00615620424313,162.64637680940453,0.1306994243928961,-1.1085515584654508,-4.108557108414537,-2.104796162844843,0.6232147379761457,1.515980799838147,,
9.86195600000002,-128.17989837320977,-29.06713278315927,164.94395114996274,-0.4212398864421196,-1.511818180262479,-3.68214077618067,-2.078506840281546,0.824486602290228,1.6684783456578236,,
9.87145700000002,-115.3741298816728,-31.487005947603624,167.23135431364247,-1.1802838024269682,-1.846199494325648,-2.796241115060098,-2.0342433764529413,1.0012157265383232,1.7491772556683136,,
9.880877000000028,-102.43556654162938,-34.76957218364193,168.91150603150575,-1.7154105341843378,-1.7613872201405083,-1.365797188990972,-1.9882392925488053,1.0891751151029994,1.751161188430026,,
9.890399000000002,-88.66623622723219,-38.06695177965919,169.49309289133907,-2.089964366082248,-1.6572781863792507,-0.2498605153257059,-2.0566304680816687,1.0612210872884196,1.7528831530096682,,
9.900087000000012,-74.0147204529959,-40.50869799782085,169.19402762982628,-2.158742899129088,-1.7927258845355034,0.9949308303582316,-2.14140452341268,0.8976781001686075,1.7979765151288667,,
9.909592000000004,-58.14512160883078,-41.34506719316125,168.7577622774789,-1.7276149156667926,-1.8949358231821647,2.0058889579699675,-2.3243364346036723,0.6223213171525147,1.994508742953326,,
9.919110000000018,-40.657036569995775,-40.44684369680935,169.47026874167946,-0.7636795659443756,-3.2213919911166964,2.807848127476284,-2.633481529684314,0.3247003956361594,2.434459133851605,,
9.92868900000002,-23.234613989308937,-38.80019682088555,172.29852636831438,1.4030523262766326,-3.682465829422637,4.008070501736689,-2.707418315677776,0.1027688856156559,2.788398635855945,,
9.938207000000006,-6.571022938057043,-37.857265168877205,176.88205731673148,2.984059952584808,-2.191770682939934,4.1194763439951165,-2.627322108604877,0.0602104875245676,2.982872766244423,,
9.947724000000022,10.349426091877264,-38.55374457614922,-178.1665515353584,3.8936034061169433,-0.8944875745846349,3.997786025486157,-2.6649144727577125,0.1685305662460113,3.0822248507627275,,
9.957149000000015,27.04947132341052,-40.70074945594771,-174.74296327615113,4.072138192986759,1.1794142118009272,3.646396457603035,-2.599878545537164,0.267033935849253,2.815239913764409,,
9.96673100000001,44.19785652204957,-43.12655269088816,-174.3700909442003,2.729993796126811,2.324267734545882,2.443062897188282,-2.589785079081089,0.2375431744080245,2.368175552177452,,
9.976254000000012,62.67845141091642,-44.3175254789296,-176.9636655508951,1.7631638511479475,3.109926468212883,2.1407455893723952,-2.6824002594390137,0.033680013670095,2.040661780223411,,
9.985762000000022,80.1186962679551,-43.41511188945757,179.36045714550377,0.6092243072029045,3.579219050562576,1.2552827041688015,-2.510800793141142,-0.2316483588618164,1.6868617421537748,,
9.99508800000001,95.01382649086923,-41.00392349246076,176.33901161282242,-0.4552436948835512,2.4277556575908905,0.0168445082368622,-2.2240783113041567,-0.396567269857534,1.400772155643231,,
10.004521000000013,108.28707727121866,-38.289366091277394,174.4916279789281,-0.4971266438081889,1.9312973525124963,-0.6236334686130393,-2.082393103068973,-0.3756536831379654,1.3269291580943396,,
10.014042000000018,119.62994183586474,-36.14179611332158,173.5718876304018,-0.2598915942776461,1.2644039004175591,-1.2682381145043955,-1.8431083430421489,-0.2381841330970494,1.1898400484388427,,
10.02362100000002,129.57957190704718,-34.90012448246334,172.73840318099863,-0.0758061658703493,0.0099272727963076,-1.4038989393314554,-1.6391456035221348,-0.0529836665262315,0.9907875306161404,,
10.033134000000018,139.53821376669953,-34.598207617022794,171.41858013914376,0.1049030664396994,-0.049712493276025,-1.499822088127739,-1.630616043961196,0.1660282899768036,0.8726504923624737,,
10.04263400000002,149.40967977874809,-34.89907225950797,169.42115889874947,0.2515924827010055,-0.36729121769762,-1.4990380098885168,-1.590846231228952,0.3294451877518833,0.7272464745411866,,
10.052073000000007,159.89744293134493,-35.14060125862762,166.71242622706842,0.4722686714303099,-0.562671669767317,-1.3460456113514798,-1.6718805419884342,0.4026211307995612,0.6636577090396591,,
10.061679000000026,171.3870702259685,-34.74411076888682,163.7327192508433,0.5458315780234141,-0.1581314710427835,-1.755814530017147,-1.8426959088848665,0.4042928783828505,0.7222861744630565,,
10.07117500000001,-176.95954485692062,-33.56046328269501,161.3016622787972,0.552612138885864,-0.1067572150769508,-2.4122114703467963,-1.911882958220204,0.3546430538088819,0.8242486948862515,,
10.080676000000013,-165.41992766276684,-31.83864040671652,160.13183258691873,0.7963440456713194,-0.4247990045359642,-2.555427840052816,-1.9482782680473865,0.3176823470626686,1.0145206262330293,,
10.090197000000018,-153.16499642441283,-30.225757918245097,160.5136324762525,0.5415881867989767,-0.3394565916798877,-3.556332117351362,-2.0881182547269224,0.4050333649754004,1.3411029211886474,,
10.099705,-141.05364101550967,-29.577761664193574,162.32434131124884,-0.0113728828078197,-0.915028747575711,-4.212830227423212,-2.0342878843319294,0.5474562128757667,1.57029522777261,,
10.109214000000009,-129.36997108869184,-30.411050282705343,165.0111467264475,-0.1759791954536172,-1.1738259055563909,-3.2534093092027376,-1.8983511126630768,0.7296393332314437,1.705896576462158,,
10.118732000000024,-116.96870217218184,-32.71492020459871,167.68870797452746,-0.9937794064608332,-1.303030720469367,-2.638847303831496,-1.9485626205989093,0.9463338552512468,1.8341506290419471,,
10.128162000000003,-104.17631331979676,-35.99404081482528,169.57036262654506,-1.736842937599731,-1.5984083061699488,-1.53253541144662,-1.9450754079087151,1.0583632008769663,1.8210123330483488,,
10.137678000000022,-90.82761627515954,-39.37304365709279,170.16922939209022,-1.8658515118089924,-1.2345352434928896,-0.0345080345973291,-1.9642281373216024,1.0352250046768563,1.7534729295710558,,
10.147340000000014,-75.45099909991235,-41.8011330620874,169.3358200076253,-2.1146534096481475,-1.4615704017199342,1.037207005612761,-2.214452884806874,0.8913239520996363,1.8368577673616184,,
10.156952000000018,-57.854653218071086,-42.35806270991146,167.87721008562437,-1.8377578842560816,-2.5169737764067475,2.091703467439863,-2.540513532717612,0.6247639277911301,2.07034389223936,,
10.16644100000002,-39.33206239047357,-40.95232670204414,167.70493114501352,-0.7218489914826333,-3.1873782873758,3.0863374260846643,-2.7672226038656214,0.313285828597668,2.4307166782035003,,
10.175971000000004,-20.84518851311736,-38.6839949380294,170.13123515568958,1.321599386270938,-3.679576893619455,4.030088527835298,-2.8791491062722105,0.1047564208114984,2.8536822335063072,,
10.185473000000002,-3.440244732387644,-37.33079868470474,174.6423425792855,3.23736662928812,-2.457427108460518,4.378594926471958,-2.7615222887501014,0.097444862849467,3.0447387191779685,,
10.194991000000016,13.06866213366012,-37.93300043731703,179.4909605987118,3.6017051323667126,-0.5978788805167098,3.545127909270014,-2.61233964861911,0.2539246673356013,2.984816318633102,,
10.204518000000007,29.58083749916179,-40.02012282214085,-177.1698545485116,3.789233877263292,1.0454587645398907,3.065402161576717,-2.5809316033638714,0.3632163492565426,2.7453741487206704,,
10.214008000000009,46.55680978881353,-42.29684359558739,-176.78161601566256,2.852474489368879,2.12164289010586,2.095769253420157,-2.5798796883960966,0.3169148289423041,2.314616622836026,,
10.223533000000003,64.39866430260066,-43.30062848365058,-179.27163516914086,1.8395314015161155,2.901172194898784,1.7373670551982252,-2.624718864698095,0.1089376974864087,1.9308660284298207,,
10.23296000000002,81.11943163482363,-42.18440525060764,177.44346220156396,0.7485518936882353,3.222291777236099,0.9571586943199882,-2.4599308468442134,-0.1824827010654145,1.6170976195340827,,
10.242278,95.36832854813171,-39.61212041788919,175.06800549188867,-0.1608432003453165,2.522563655332254,-0.0673015085098907,-2.1843514703280693,-0.37026995870076,1.393844172585958,,
10.251791000000026,107.61760572463838,-36.79984928933421,173.83582866778752,-0.457106257324642,1.81214846830885,-0.7503428838023251,-1.972095500030028,-0.3719057382623612,1.270888751446432,,
10.26132100000001,118.16152843136116,-34.65011098843324,173.3848615459852,-0.3717879888812493,0.9453133046945692,-1.2250427917235724,-1.7508839385917392,-0.2358069648232472,1.1425515198766163,,
10.27088600000002,127.76154347129882,-33.51981919818617,172.8379378429854,-0.1738114159962485,0.1631408210946751,-1.35827052754098,-1.607329933274143,-0.0332265871656686,0.9678308620854392,,
10.280404000000004,137.14839986655244,-33.31195853439493,171.56513627428842,0.0608808738996249,-0.2013094353189902,-1.3828446192693835,-1.5595590047465735,0.1716918584764429,0.7805446610364424,,
10.289913000000013,146.77582008843927,-33.632208629129195,169.40425388493108,0.3584309080443052,-0.3029694198687701,-1.4408862306654402,-1.5747438846162691,0.3288179850449869,0.6311582490173213,,
10.299364000000024,156.6849593439869,-33.81171735436214,166.5367401762276,0.6662473693111456,-0.5877108876240632,-1.4940816231991867,-1.6058682225563472,0.3788636258002688,0.5282735689242619,,
10.30885600000002,167.44848812117195,-33.325561740575345,163.51174766093328,1.081601761831756,-0.7150356593387341,-1.352005940338873,-1.759011216578386,0.3701024556898438,0.5871529917730831,,
10.318454000000004,179.25939685871663,-32.12401786979137,161.12176515527014,1.0756211856564375,0.0536794464238616,-2.50544294310034,-1.9675155540436,0.3757417950008526,0.8010676077025259,,
10.328033000000003,-169.59404448493638,-30.68293226604561,160.15035439331515,1.0477505183228,-0.3721567835457987,-3.118834429624684,-1.8921325886886728,0.3601425909429928,0.968809352193578,,
10.33752800000002,-158.32119711594214,-29.7387138556237,160.7677184993,1.2718403900675668,-0.5931065139403287,-2.994362946772396,-1.9012584310677023,0.4748173612987111,1.2589457857897086,,
10.347059000000002,-146.100109270565,-29.915534614149788,162.697825870578,0.3500815221173626,-0.4363481144681916,-4.062593633578109,-2.005301935895647,0.6990815227782803,1.6022882744832851,,
10.366003000000006,-123.73485329016688,-35.118015135923855,167.78191778003236,-0.8349283695171513,-0.8180648875095499,-1.91586792336753,-1.6411040047582222,1.0816462868151662,1.706738949441425,,
10.375422000000016,-111.7865215479611,-39.19912799992452,169.23172556974686,-1.843264743520732,-0.7876275618381728,-0.9868496034351716,-1.7069461230082592,1.1781835163075949,1.7346549273261382,,
10.385114000000016,-99.29786951713292,-43.17944929476079,168.98374189011156,-2.12989193423352,-0.6161567719383048,0.4062226505312734,-1.698026295594692,1.1351012156569769,1.5973827166323211,,
10.394626000000017,-85.1208491126676,-45.98132415349397,166.83940519530182,-2.0167123480154334,0.122384427439257,1.526788075048398,-1.859303340891528,0.968736716672108,1.564388639298366,,
10.404123000000029,-68.62456308900644,-46.582599299256806,164.1967879869874,-2.3657917487544533,-0.361951002462193,1.793619731689991,-2.1786601733492112,0.6860872155092598,1.8598467873735671,,
10.413718000000015,-51.69864421744542,-44.9016608028504,163.20203496959726,-1.9392103336959503,-1.6726133407674495,2.235698476483808,-2.363206667766594,0.3430483397371797,2.228873023137134,,
10.423232000000011,-35.25160965882617,-41.8360214853508,164.93298646845233,-0.3991162908752154,-2.722734945889808,2.387917819050503,-2.470918457793428,0.0710653562199529,2.6068597142751595,,
10.432749,-19.01672333603824,-39.30306795975216,169.16721445878434,1.565212455654584,-3.453771865556604,2.5819805158420923,-2.523023663299562,0.0625313115459989,2.958615062299314,,
10.442263000000024,-3.6341231519808055,-38.91983528480361,174.1672878529845,3.490789591272405,-2.7003122466575893,3.3981833628473166,-2.3794130615925875,0.2712921717301294,2.940386821480953,,
10.45177000000001,10.858711193699728,-40.20266095917844,177.62456782154254,3.375767889541032,-0.8039107199117598,2.3842396825402026,-2.2153722201999737,0.4153409281005697,2.5381919121421186,,
10.461291000000015,26.227115164970208,-41.850155484186864,178.10510139420506,2.930317096187164,0.2631573870448073,1.7985284679385094,-2.308000225539248,0.4142191427095539,2.115835465109538,,
10.470796000000009,42.45003400604548,-42.580669399877294,175.56761710134893,2.26214184659814,1.1812563766671738,1.644183429114885,-2.392565926694192,0.2776914476914294,1.676450204370108,,
10.480219000000004,57.880107351879154,-41.411601113036205,171.86439114329096,1.4093945915139243,1.781815380448434,1.0558545718939167,-2.305908484503464,0.0200671888120639,1.3282301785018182,,
10.489916000000022,71.38907931077246,-38.84000549176599,168.87523210116237,0.7144411293394892,1.75252226613166,0.2556034177405591,-2.1237419146179786,-0.1591873892904944,1.1465355025072037,,
10.499247000000024,82.61232428330061,-36.02364745150177,167.17204784608418,0.3001058978817019,1.4702947753043658,-0.4574312891234382,-1.861860964505104,-0.1795157948357401,1.0256950827867322,,
10.50876100000002,91.54986205200028,-33.90673307663281,166.618904779416,0.0289421599231628,0.8477902941633835,-1.188825182352787,-1.5241433752731388,-0.0794818897740943,0.9149415161167684,,
10.518151000000016,99.00371588330444,-33.06920402121793,166.54756880707245,0.0236947731362378,-0.0557123324554464,-1.5707904390158152,-1.249532976169272,0.125908356823954,0.8091645638912695,,
10.52767,105.69101769053503,-33.49349297104047,166.26945197933807,0.2938844341726246,-0.4841319168026506,-1.5998363562713729,-1.067981480732385,0.3455088610936626,0.6790896361147338,,
10.53710000000001,111.677496810963,-34.69322977977077,165.57161635540268,0.530827504552589,-1.0157994813751594,-1.538381536495268,-0.9043279397589288,0.4742395941360219,0.5322612678670895,,
10.546613000000008,117.31304499975592,-36.07305625174735,164.59675574908272,0.851044930033112,-1.3560489199318055,-1.3920577527787252,-0.8178068457447905,0.503521235763539,0.4583107508357425,,
10.556129000000029,122.55628082312796,-37.06919482786193,163.61181303256043,1.1348974857247598,-1.3426038343247575,-1.4031352488587423,-0.7561962734108209,0.4225861396883907,0.4283875867842777,,
10.565586000000025,127.09555549379084,-37.40929113978274,163.12109962371272,1.246489339596948,-1.3664242194324017,-1.4906325282277406,-0.6737328926777054,0.2723147287519336,0.4517540612132691,,
10.575135000000015,130.91316755676397,-37.25374506335916,163.6360094343797,1.3121447556783834,-1.2085308113719455,-1.630161710188901,-0.5912780800786783,0.1440122120116029,0.5665645288758466,,
10.58465700000002,133.8428093603319,-36.961736855994346,165.32776942166322,1.230939648214195,-0.8009648244769308,-1.829125937043844,-0.4664213162652055,0.0688208029974298,0.6925163503892969,,
10.59424900000002,135.4941308705855,-37.00853911904606,168.1526242057168,0.8435202200880071,-0.2307445375351497,-2.017157943898593,-0.2549635848309797,0.0696897621977313,0.7644208820928262,,
10.603947000000003,135.3206461913924,-37.86978442235169,171.94393517905306,0.1612987074449129,0.3664238561306193,-2.0368469290091302,0.056945601374813,0.1650939689936045,0.737918256083456,,
10.613366000000012,132.71080082927864,-39.66065250201024,176.14536139653842,-0.7478459206644613,0.8315336038004373,-1.6448143967921065,0.4424172389789177,0.3143091688426194,0.5138346136110035,,
10.622879000000012,127.59818356299652,-42.21673067615608,179.97952733466275,-1.6398105921287325,0.9299875476817784,-0.6740633174084539,0.7900041859549156,0.4849382246219594,0.0964683180698685,,
10.632387000000024,120.88653333433464,-45.47416112461151,-177.0029821759002,-2.4913524554610103,1.7771841770360726,0.6067849240232169,0.9517449797133534,0.676270344804577,-0.3273099663607924,,
10.642063000000007,112.56913097075451,-49.239964983554806,-175.39588639843032,-2.7037536375952107,3.0541474227177154,2.112295635868902,1.0806639196847816,0.818913004584038,-0.7616619357819826,,
10.651581000000022,102.59039735243188,-52.84129296666066,-174.33301228074347,-1.9035185262056613,2.409079935235341,3.417475624315088,1.190936335683033,0.8223936155102838,-1.221186463657385,,
10.661099000000007,91.34219158710768,-55.24349044849601,-173.96025308961944,-0.5719670901317326,1.8337606029180256,2.867882167011494,1.2689083300295665,0.6065883692624462,-1.6556059803973873,,
10.670602000000002,81.46628055253328,-55.5310501150734,-176.42292822806965,0.5218713101927542,2.049632794320115,1.916867945741455,1.1153546736250006,0.1489717921991252,-2.068327004301881,,
10.680113000000006,73.45574032967836,-53.64848460584172,178.8527555884944,1.5897579219677365,1.7920876510115036,0.9773467845763896,0.9380902994321096,-0.3571667896664101,-2.2462034215511,,
10.68944000000002,66.61084093196293,-50.2214577273787,173.09232692791434,2.424756227349029,0.915759990606014,-0.0417647699183557,0.7972049720953222,-0.7426533066064515,-2.2698728404498025,,
10.698959000000002,60.761474869133856,-46.47828387461527,166.2819537537707,2.8442987736047147,0.3670123561543006,-0.4890025951049975,0.6368686291147134,-0.8745165112097759,-2.3425216650455702,,
10.708460000000002,54.82821071814896,-43.2550301245908,159.40636281552284,2.758014095155554,0.3160620247254699,-0.0872630522533804,0.6205198753509936,-0.8621908991019308,-2.348666438510108,,
10.717979000000014,47.18429997150079,-40.84297051632222,154.36116786933434,2.4718515445355536,0.0472329793932372,0.1852230244109925,0.8624434688276202,-0.8855671672638025,-2.1733667294942007,,
10.72766900000002,37.77191333959088,-40.07696211682181,151.22396145426848,2.3015600113614227,-0.301527122583304,0.6612674315613357,1.210908511883081,-0.7852248214340499,-1.984832943269745,,
10.737186000000008,26.79986471693935,-41.24200113822512,149.91161412624092,1.716878171194827,-0.7200341407299712,1.180855047634361,1.5696015665701684,-0.608468818161525,-1.8131219376802223,,
10.746679,13.982743334255256,-42.98794840241208,150.9272233946767,1.5234608516623696,-1.453161748813746,1.8247331253526715,1.82992718158421,-0.6293847208273784,-1.6131430241439686,,
10.75621000000001,-0.2414437992809912,-44.00123450596601,153.2745481891073,1.240069723189948,-2.3562668437575134,1.2202202689406465,1.9194529385145835,-0.7879761549388725,-1.4916600834335063,,
10.765528000000018,-14.57605826388194,-44.38071431392366,155.86367663887958,1.1137281838414606,-3.2126974430135538,0.457855362754142,1.8899521269151205,-0.8150027911622246,-1.4837264748104926,,
10.775038000000023,-28.06501579645088,-44.37349146589145,157.33611877875543,0.752568166101776,-3.645997258968523,-0.3870140436679374,1.7705282820731785,-0.767738713732924,-1.5948391376799178,,
10.784545000000008,-39.63251456610145,-44.15258116511853,156.6288099837574,0.4636316108715211,-3.5367388560774096,-1.2841482003217295,1.5096196074496584,-0.6892516859906003,-1.757909820643779,,
10.794069000000007,-49.26315415009947,-44.66910890827764,154.11851273175077,-0.0357853593305487,-3.348921045428642,-2.0767049518297007,1.2958494986134454,-0.4804645453368298,-1.851398165378125,,
10.803572000000004,-58.17262700111032,-46.432765098246406,150.6188024266489,-0.7610402690814786,-2.9969114119008298,-2.098539505491772,1.2711698735488204,-0.2673821386519378,-1.9734515890515985,,
10.81309300000001,-66.2221263229686,-49.06005438775964,146.18898297422948,-1.1485229592272923,-2.2448123076257267,-2.027912325874629,1.1994500027313144,-0.1206573638278069,-2.079124030850476,,
10.82259000000002,-73.50533453169598,-52.34958378035517,141.730579915581,-1.3258816900824737,-1.7518082690672905,-2.1285129490559664,1.134928162011859,-0.0116126966359136,-2.0205920971909674,,
10.83218100000002,-80.96419120051966,-56.113143536481815,138.5748181644556,-0.864444511052089,-0.8381358273800266,-1.920610891837084,1.1532301658894837,0.0183241513736781,-1.8432591270494847,,
10.841711000000004,-87.30139447374985,-59.861548219493685,136.23551442927825,-0.5686581641897263,-0.5005984315522333,-1.725870574387738,1.0032011175507496,0.0959593418280696,-1.5274507533989077,,
10.851197000000012,-91.90548324711868,-63.38358151222449,134.0122768787474,-0.3102989997435247,-0.273076209351791,-2.090172120011488,0.8083409160615402,0.189495385046361,-1.2311819065526668,,
10.860731000000015,-95.75553975242286,-66.67060764240145,132.5397351870023,0.4558683364441502,-0.0124457805197797,-1.9600784024771432,0.7026058205253958,0.2132042106504002,-0.9637043323019692,,
10.870240000000024,-96.82656091405048,-69.78408749191473,130.36598750248692,0.3799444463443606,0.0824202934151831,-1.8088151623105224,0.520786652746679,0.3521372466988422,-0.5890714003923387,,
10.87974300000002,-93.43258237213207,-72.90980043086364,125.014248946036,0.0763214830766691,0.2853057842542643,-1.6524426004916355,0.3643192268322687,0.5532631264259206,-0.3493575292163456,,
10.889164000000022,-84.94633732139289,-76.01172412197015,114.92191481436348,-0.0868398229199843,0.3063779146132739,-1.0119927184864814,0.3129056864535679,0.7019571400334138,-0.2818495221685034,,
10.898872000000011,-68.47040064681303,-78.624925017403,96.97784549956651,-0.3826642423374728,0.4275384497645509,-0.1783666545783301,0.3045059761574901,0.8342578066032766,-0.2518370236114182,,
10.908375000000008,-42.1810884324275,-79.5555386697062,68.59136703961303,-0.0813675197170163,0.8812060034090422,0.6706180085470113,0.3088269640546237,0.9544824993274048,-0.3953861989875828,,
10.917873000000014,-15.328480298581544,-77.40188047648637,38.56673730264358,0.0502364820661341,0.895741309695143,1.8336017411409835,0.2992335722762827,1.1036579212053377,-0.613432734501238,,
10.92738700000001,1.056874402586603,-72.86293791624738,18.351254850229765,0.4655561129060372,1.1011487438203154,2.363679593361565,0.3148989543477805,1.1897789766425697,-0.7469465026206504,,
10.936898000000014,9.48704954924104,-68.19549264188272,5.130572597942631,1.10536874966111,1.0342026887079443,3.06635057183685,0.3655658112791657,1.0258841365010396,-0.9437632011123984,,
10.946394000000026,13.50126236309118,-63.856726120182365,-4.694525026785441,0.6758233501293676,0.7420471019670051,3.518029482389844,0.3269428445746745,0.8686400427612305,-1.1344103419406202,,
10.955925000000008,14.433768247317628,-60.17841567951611,-12.410069690850223,0.6930253503975796,0.636568485286633,2.686863298400492,0.1988395530393449,0.7150245067313148,-1.2938439815101233,,
10.965426000000008,13.252291108255408,-57.77483302197908,-18.660584295566853,-0.5023609041642699,0.6961566601794169,2.2271847278614443,0.0127119860002058,0.496656865074162,-1.3909912936720288,,
10.97493,10.201597409128093,-56.209225708572895,-23.33432119375701,-0.4207091399581418,0.7202689975257399,1.388884943112075,-0.1975745948391597,0.4125626472377418,-1.394802357236916,,
10.984451000000009,5.011685849616175,-54.63685782192052,-25.777577822533964,-0.7268511558957813,0.7865584813004864,0.886079923982571,-0.4046066307957224,0.5323785891282062,-1.2925412902743565,,
10.99396900000002,-2.0303717867370192,-53.157128361461865,-25.78069336039706,-0.5855323800534992,0.9644180690154356,0.7093303328038281,-0.617903794890233,0.6293330439456271,-1.0832815039174726,,
11.00346300000001,-10.750558791027098,-51.62701723791077,-23.846793676692428,-0.1916807503083198,1.2846380225198624,0.8680804582798803,-0.8354517251975989,0.728046361702017,-0.8988420154775506,,
11.01297200000002,-20.26967235350256,-49.48912210598543,-21.0348566853916,0.5735387370077488,0.8156282618240648,0.5700351120154238,-0.9507373434935104,0.8620864208400721,-0.77695972316972,,
11.022479000000004,-28.524696966857007,-46.72963138574876,-18.35009637620546,0.9738706636656924,0.4721456748824199,0.2770066216334919,-0.8486498064287507,0.8950547035447355,-0.5820919136719159,,
11.031997000000018,-34.77219147740612,-44.08425000321048,-16.172579554062303,1.0552958169584985,0.5667346866433252,-0.1415100822400682,-0.68018763866799,0.7670258588336363,-0.4136526960891608,,
11.041350000000024,-39.42086330966859,-42.44869523541897,-14.647244553557488,0.963223085990004,0.1783929718916692,-0.7046156393440997,-0.5669289583210927,0.4949895711055619,-0.3572884896094402,,
11.050846000000009,-42.22983091132403,-42.295840042163576,-13.721249580398917,0.6515756435700074,-0.0455056138848187,-1.1122954944000172,-0.3957906721377213,0.1300941770292859,-0.2740058844859052,,
11.060439000000002,-43.20682960901943,-43.50579261798531,-13.505664963134883,0.4281295656319004,-0.2055580390590207,-1.449872363379046,-0.1953986387324882,-0.2026064087548656,-0.1924200269731051,,
11.22221300000001,7.349268486630512,-29.778336482229992,-25.700585947638068,0.4345918238674441,0.2187516727021997,3.557932625484216,-0.8531293264145573,0.2697026659523879,-0.7047328272553143,,
11.231721000000022,0.2756751834077038,-30.98047734479246,-24.83949685574046,-0.0532576792295835,1.3567731507112326,3.5156848882625704,-1.2082994613973557,0.3010685071775442,-0.6033473906420977,,
11.241229000000004,-8.766737769607685,-32.49047897448957,-22.615133153538544,-0.1124679981022901,1.6194253712280382,2.086346125469458,-1.5322774975453362,0.336927510782452,-0.6036730972077566,,
11.250642,-18.168618225700687,-34.0943834856384,-23.251949906138453,-0.037663173512272,1.748730028446709,1.277537771183475,-1.5645076574911505,0.3604380892212587,-0.5409538193832646,,
11.260145000000024,-27.14718633657825,-35.26225881466449,-17.519714163806874,0.0589397450711603,2.004414495890311,0.5375748697563828,-1.4745179995617257,0.2546561877811353,-0.52332136438048,,
11.269472000000007,-35.7030191875271,-36.168105149707856,-12.70669565801242,0.2512427876380248,1.1927112254003254,-0.5997844746235506,-1.3938361389652083,0.1544046342120086,-0.5877264592965511,,
11.27891200000002,-43.11802612885374,-37.41056945815044,-8.846214878751818,0.5392470509023808,0.5047494506712207,-1.12369476253469,-1.2136813150870254,-0.0442829960304979,-0.5425338256552794,,
11.288445000000024,-49.30581237482855,-39.11606087176104,-5.895519384082718,0.8786939008286252,-0.0304726014563299,-1.372969365637196,-1.0054148774917016,-0.2273182288991314,-0.4909748316912759,,
11.297933,-54.501267437437015,-41.290878925214805,-3.448484980939666,1.14683340691264,-0.7373519964112071,-1.6155992198115108,-0.8231116579202215,-0.3781930347460201,-0.4376598314937692,,
11.307443000000006,-59.234163629959546,-43.89675584230029,-0.8002014316308342,1.2621174668670283,-1.0992811564567766,-1.6019200918836969,-0.7113254926784857,-0.5025747641864889,-0.3472361570566604,,
11.317133000000013,-63.85766946730509,-46.5555346397318,2.227183861435928,1.2596078323236255,-1.632501903523404,-1.4985726205024892,-0.6399774731305783,-0.5464138202651272,-0.2757614926217884,,
11.32664600000001,-67.9037195154689,-48.75609433892983,5.356749441489876,1.1574676272083824,-1.7468232534886674,-1.5955470682526025,-0.5111348552490773,-0.480029049854217,-0.1727702302559276,,
11.336162000000002,-71.811873266406,-50.18387541885616,8.377608206504789,0.9887526952004057,-1.7950830512968077,-1.753147272024172,-0.4681464746367185,-0.3478709516499921,-0.1539319971553616,,
11.345664,-75.5587391070339,-50.66012326993173,10.936727941849387,0.8335308098588928,-2.1681872564403566,-1.7368690404137523,-0.4542025992769439,-0.17659415673265,-0.188929419224252,,
11.355181000000016,-78.08814540913673,-50.10250544601931,12.33038332249069,0.7116288643628155,-1.9389635990516352,-1.8327058195730752,-0.3389559119971053,0.0429783062198462,-0.1948454960086731,,
11.364682000000016,-79.48660963812912,-48.69819211190441,12.140687857098412,0.589127933574948,-1.72551045865865,-1.9001563062716504,-0.2381502717684717,0.2357115360865719,-0.2962023725078451,,
11.374199000000004,-79.80965130669283,-46.74600597153346,10.613094415232686,0.481631796706356,-1.6005431495084967,-1.758723973243706,-0.1202197457531178,0.3745260525184252,-0.3797664202374015,,
11.383703000000024,-78.74756016096165,-44.52930863695508,8.01486052901373,0.4721306839591381,-1.0578136270264182,-1.5863299817119263,0.0748757762804899,0.4621010455240936,-0.3680923772269377,,
11.393226000000029,-76.53666745172384,-42.32324281840312,4.795959142440057,0.5076023846256396,-0.3737472683299769,-1.3363576160479362,0.2701972893710233,0.4748147475682018,-0.3400458437401376,,
11.402731000000015,-73.4245995957451,-40.37632031338991,1.4083949778658174,0.5337577972467965,0.0850338643697671,-0.9264092240549416,0.4459566869797924,0.4145029363421255,-0.2664253874375398,,
11.412416000000007,-69.29830971479915,-38.85171055212758,-1.6418766156280211,0.5623920602897859,0.8543911380093132,-0.3512967960427243,0.6367990434084498,0.3042897453028116,-0.0995601174852093,,
11.431435000000022,-58.54727117938895,-36.92570880561557,-6.300448412503032,0.2899542052432612,1.9597417703065283,1.425573489179671,0.9315203810220198,0.0802934336273666,0.2517719551474203,,
11.44094800000002,-51.75572386789403,-36.22892824188069,-7.867462662945109,0.2110604388631555,2.246950227755524,2.1308539363054018,1.1007063514928386,0.0044624057136408,0.4795068039507284,,
11.450457,-44.96115582945589,-35.657812704823584,-8.677381742677023,-0.0180640879949908,1.6843612991259906,2.3282536136459484,1.1063328473664378,-0.044286117731927,0.612853267032389,,
11.459951000000018,-38.42417834141483,-35.684136822334345,-8.276862559656832,0.0600970160531624,1.501436220544046,2.206849645270669,1.0509470118434954,-0.1619624564571633,0.8433755977526234,,
11.469464000000016,-33.19746706652967,-36.31033203423293,-6.720865850341046,-0.0487059573501034,1.5474009690895707,2.2489108270616525,0.8232305585978549,-0.2347685372494552,0.9264960564123976,,
11.47899000000001,-29.9536591848629,-37.176192204067625,-4.50249044048827,-0.047195140429157,0.5401862236542511,1.428419363803067,0.5011201525312952,-0.2234378456102932,0.8326415036920959,,
11.488504000000006,-27.73121895525778,-38.34271336460489,-1.4615703140975669,0.0218454766107423,0.1404680278887731,0.6653856187833244,0.3397545327939945,-0.2509424859591972,0.8373358631575469,,
11.49799900000002,-26.479022847014097,-39.698282891997685,1.926488027053233,-0.1216075623482213,0.2215033971923558,0.3192927112293448,0.1965427782799487,-0.2702625099181679,0.786579496898606,,
11.507525000000015,-26.3263145970006,-40.92461076472557,5.118229778727296,0.0181487532789403,-0.3387745254938079,-0.3096093628526474,0.0388921788157206,-0.2436119440947861,0.611290722806804,,
11.51685900000001,-26.076199678988303,-42.04468154903569,7.883882052649466,0.2294199830912066,-0.6029001088584313,-0.8309777298179861,0.0631262542886214,-0.2184882887414016,0.5418116163329396,,
11.526359000000014,-25.45850624240437,-43.278018683984726,10.18275525891605,0.3118857627252999,-0.4591752337333498,-0.8625599670697589,0.1290877715431281,-0.2293749311376303,0.497971698315495,,
11.535894000000011,-24.67414744973368,-44.5568707683172,11.942688244932738,0.6503556702363004,-0.7091606265954349,-0.956080102924018,0.1606682867891349,-0.2292779239483173,0.4132145911258084,,
11.54538500000001,-23.19851259570393,-45.85376980886909,13.305698125672894,1.2420137675394385,-1.0136040286725534,-1.419397091735861,0.2603072219999905,-0.2074240092099741,0.4400937435274299,,
11.55489300000002,-20.571415902467084,-47.24138021349067,14.557029710672325,1.248122901587158,-0.7608487000929688,-1.3746522071015457,0.4182958831083931,-0.1820063344204734,0.6029918364897356,,
11.564411000000009,-17.11923576295763,-48.467543944283086,15.801584484980044,1.1999268990546372,-0.6311278025579555,-1.379922734074697,0.5120691139504867,-0.1150482792839245,0.7439197976422596,,
11.573912000000009,-12.716337560816982,-49.3034520043902,17.11481504965933,1.2710054883489297,-0.7247963349117701,-1.7576731774884138,0.6034480331683966,0.0039151295118631,0.9227022010414268,,
11.583526000000006,-6.647746143498017,-49.87231296379933,18.53228256501593,0.5082601223229639,-0.4866584806635646,-1.6288090818701244,0.7850513254630783,0.132169490795125,1.2275903794501504,,
11.592929000000026,1.1215438471325665,-50.19714401997834,19.76544660661943,-0.4043932844914446,-0.4304568407429667,-1.289590686362002,0.9659691665701082,0.264778065511765,1.4797944300053298,,
11.60244800000001,10.825503187585866,-50.21590467258967,20.333338548927667,-1.1369128616622914,-0.5882343352044103,-0.8953168989959164,1.1707443053902449,0.42002484840982,1.6627316644274794,,
11.621622000000002,35.68860315030675,-49.35975388553913,17.077033363919433,-1.2732386140283911,-1.429673740430273,1.0207504079416203,1.5644393828859735,0.6506518569580917,1.588333790775894,,
11.631158,48.397090466015854,-47.71134523206414,13.414421459622291,-0.1477233397175959,-1.4820996396643302,1.6344870923176436,1.5415454227941552,0.7529419672620764,1.275619774930298,,
11.640658000000002,58.8225930973454,-45.03076179908001,9.603812612433856,1.19374947791846,-0.9074134446097952,1.6291134806438397,1.3074538064648074,0.805891289075253,0.8471596895443566,,
11.650172000000026,66.41453260572217,-41.92407413287468,5.929731774535341,2.077310375355001,0.0341238111220244,1.0025780180883097,1.011841372324434,0.7602344054766511,0.402996347189644,,
11.659670000000006,71.90922059042195,-39.12337528688998,2.104079512062597,1.950684812233711,0.6597506373933059,0.3081477609418963,0.7967854518852363,0.614987426310258,0.0200734296109473,,
11.669198000000025,75.14898499756968,-36.950303976472746,-1.8990375837070648,1.09940876560833,-0.0596201996550581,-0.1952595653502517,0.5110081435956416,0.4348319193803718,-0.3546310649417429,,
11.678519000000025,75.71155137322724,-35.40736387967978,-5.21404485123312,0.5876629778907063,-0.21188439843045,-0.7579849501068243,0.1098982100592296,0.3027113946045736,-0.5972414718926483,,
11.688050000000004,73.62209825429179,-34.33267549906198,-6.366895996462743,-0.4678034266796919,-0.7494885712382313,-0.5457240355673112,-0.3203732798899457,0.247973815491783,-0.5218510899398566,,
11.697536000000014,68.02114171980287,-33.70126589241736,-4.514033013587404,-1.0184987818325524,-1.2238776572593246,0.4328627182682048,-0.915885486613401,0.2026350777874557,-0.5385913734450148,,
11.707133,58.75486964006275,-33.792151766828006,0.0976180381440411,-0.4245836164214605,-1.105471608012681,1.542049174262965,-1.5425220064618703,-3.938771618379558e-05,-0.7227530770721692,,
11.716638000000016,47.25765412060108,-34.80800516423275,5.518116565961764,1.1421616941145007,-0.214023857667547,1.3691520700186313,-1.8804936422366767,-0.3448257905735847,-0.8132501415447294,,
11.726135,36.54651757691118,-36.51399954933817,11.696576214893293,1.272824361005595,0.0278680600337055,1.919203534353736,-1.6566934971278309,-0.6365677669657535,-0.5562176292223909,,
11.73558700000001,26.38734217809716,-38.50744994705576,17.542212155488446,0.5131466660371403,0.4876716640390832,2.3418066095698418,-1.447119537388189,-0.8159123260664602,-0.4449348871513567,,
11.74509900000001,16.33430196219464,-40.39562392627806,22.647394170718947,0.6324403173462358,0.96106012920063,0.7997080154953424,-1.3177394120285209,-0.9052881160767076,-0.5613705345726977,,
11.75481000000002,8.42444020426023,-42.15998281370032,25.913860369019314,0.1874347802500225,0.7230001716222192,-0.2879265500527753,-0.9332762646438296,-0.8181699577987299,-0.5726920154162659,,
11.764132000000018,3.206996432172938,-44.02826142424762,26.929472985526463,-0.4798405474625135,0.6199349914024641,-0.9111210392737292,-0.514456661896875,-0.6760296570935165,-0.5910855702877732,,
11.77371500000001,-0.0149292198849692,-45.88372163490884,26.14092664714844,-0.1974027436204533,0.3383973083354059,-1.7595727142570723,-0.2414875958161187,-0.5367807063628942,-0.6587361299130773,,
11.783224000000018,-0.6869221818128408,-47.490577427363,24.27439869781936,0.3581435592715097,0.0068337378969971,-2.292889166722846,0.0535043305341508,-0.3304487181239257,-0.4716036725404811,,
11.79273600000002,1.2856596923435115,-48.64605661181472,22.33087940223687,0.4160175172529023,0.1360214010966899,-2.345437705748417,0.3337949605190685,-0.1084044980034169,-0.0722250885687492,,
11.80225900000002,4.150888109908693,-48.96361925702302,21.017030299968702,0.5268307855464782,-0.1483846521272041,-1.9773050200537687,0.3746914987442089,0.0800148571933142,0.1960623397103483,,
11.811756000000004,7.768315207097738,-48.126311805678014,20.738901152686925,1.1385305556780982,-0.3915053897572411,-2.157598208182516,0.3891642788169774,0.3264813130837832,0.5470481160451539,,
11.82126100000002,13.074630308294754,-46.752201535302966,21.450679225521604,0.4876020405016652,-0.3624998348528896,-1.409764823969249,0.5737187861518057,0.5129140703098438,1.018690242065432,,
11.840379000000013,27.874141662313555,-44.96830497665254,23.142683363423167,0.0377674530402633,-0.62784049535423,0.3684879109862417,1.026817815521145,0.5633064472187028,1.423229271919246,,
11.859399000000025,45.73120384419682,-44.33388794027995,20.175069614992964,0.6974614885513991,-0.6495426802145532,0.9581898703986508,1.1562140648072543,0.5242912447079827,0.8668144100658696,,
11.868899,53.810698765828455,-43.31054398259539,16.14176718383936,0.7283430880442945,-0.8064407996287657,1.3235218969902551,1.0470631176652625,0.5538698275097445,0.4016420755496329,,
11.878443000000004,58.572657404284485,-41.152153544271975,11.497914421788952,0.7817633487037629,-0.7016432910962624,1.1803811481144706,0.584447793289808,0.585837844508947,-0.2048345554283175,,
11.887933000000004,59.08382366950656,-38.1398839387329,7.143502687667625,0.5731285252873531,-0.3728237549030326,0.7922200305202767,-0.0176814281139417,0.6080858664278842,-0.7211485231341908,,
11.897452000000015,56.17135715473296,-35.2740781693146,2.810763037559042,-0.4611928574098738,-0.8782526200115817,1.4405711982056375,-0.5134346354712274,0.5333926766217002,-1.1149884560708248,,
11.90693300000001,49.25566109125688,-33.67714316055501,-1.6827390552769093,-1.2216782742340686,-0.9685876371122524,2.1618924954444,-1.1435044970024226,0.3148207781530177,-1.551381041296491,,
11.91636200000002,38.36449000675092,-34.130078633335046,-1.2980142862297617,-0.6244395301007196,-0.6945124681073822,1.8999473584840816,-1.810707632618748,-0.0948111636451883,-1.7897900794406445,,
11.935381000000008,11.920883651888593,-40.14557650032647,7.158578124029842,-0.6047230973129532,0.5810780257309235,2.771934364154331,-2.101416391205369,-0.9045758773815656,-1.0510920558523784,,
11.944890000000017,-4.347795514202668,-42.51764202410311,16.171196381404037,-0.0757004164932387,1.3939457601353873,1.683193582180956,-2.277418628882684,-1.0019689958633289,-0.8192053437077338,,
11.95433,-19.91776540910953,-42.67742454096854,25.80234142594876,0.4060884242812316,1.1963354317245758,-0.1057632725208254,-2.112688715457331,-0.8889451405387414,-0.6026388020250325,,
11.963829000000004,-32.3499101188281,-41.857691254113526,32.33341758206251,-0.2148207147260478,1.2987212833905113,-1.3171603841821131,-1.684923443016283,-0.7584729466009692,-0.464695109805953,,
11.973422,-42.40127692232777,-41.5163928774473,35.93492207478564,0.0859523619591203,0.6953730325752209,-2.542407955306311,-1.2791638102422451,-0.7907477767565072,-0.692484006635568,,
11.982939000000016,-49.69368119088883,-42.589775160308335,36.4047580367727,0.9615221383568218,-0.4865332693896186,-3.2133742867420887,-0.7485164148246006,-0.8130953677178329,-0.8840359164161216,,
11.992442000000011,-53.93641885943271,-45.3381176616472,35.217224629986646,1.2398311418895966,-0.6619740305737271,-3.1524305615968213,-0.174088443161708,-0.8039584017622056,-0.827476991645455,,
12.001959,-56.54540712037885,-49.06497741052221,33.70052695796064,1.6259258244251402,-0.6991210718848815,-2.6520104379635883,0.1334890233598234,-0.8155347650141925,-0.7999389987998456,,
12.011395000000022,-58.13653022943837,-52.61130668279055,31.569549862504594,2.3488116149610296,-1.4821946040245404,-2.0380654336378594,0.2163225504916364,-0.7057328484660877,-0.7659967077044603,,
12.020892000000003,-58.269992058414594,-54.97533331672876,29.491547177954587,2.2907792350126592,-1.4360804378365033,-1.5099139345221668,0.2281523124772387,-0.4150946085593039,-0.5089392862303376,,
12.03041300000001,-58.10735546888602,-55.516347033824566,27.86980545802508,1.881267882945148,-0.9600046364334528,-1.1739893483431694,0.0683900018269689,-0.0860269608215235,-0.3342587149754065,,
12.039930000000028,-58.21228491561274,-54.01023449833637,26.58470484011315,1.6816494087554237,-1.0489678862859968,-1.0884821806928866,-0.1487359959846017,0.262663944454051,-0.2701760362078932,,
12.049448000000012,-57.442217802971314,-50.73203680325632,25.245039355344108,0.9971067261235655,-0.4570250112747012,-1.284920172660141,-0.2004928269236838,0.6321087719856829,-0.0836747002229519,,
12.059032000000002,-55.84938892701422,-46.47506220285475,23.629736134380064,0.1372975035570109,0.372211433819338,-1.297897649575296,-0.1565745656149337,0.8639818225075682,0.0224957633126638,,
12.068467000000028,-53.39436882626079,-42.019667155203145,21.554755024437664,-0.5067795913548115,0.705708206851581,-1.044993378441151,-0.012639288238333,0.9588907168812852,0.0444146979929297,,
12.07795200000001,-49.425916989850826,-38.05222946196072,19.02906775234022,-1.501401016449169,1.6759021511600238,-0.3349362458628716,0.2994820103476154,0.9544576686080404,0.1066410739607237,,
12.087653000000016,-44.605246834175375,-35.1231790586748,16.1017619699059,-1.9542554487124388,2.316452410644742,0.972155999041252,0.5644085438630464,0.7909343062819442,0.0598159340523197,,
12.097170000000006,-39.18460846298986,-33.23757937160616,12.706537777799449,-1.2951163076135583,2.1238817022671963,2.138543504187236,0.7769088327434993,0.5871612326428557,-0.0234933996428097,,
12.106670000000008,-33.34861274800256,-32.230803427145965,9.150918998092498,-0.68027949346715,2.105769501177273,3.119018310792732,0.927312648967684,0.3828449090901218,-0.0490372836498741,,
12.116185000000002,-28.736352576813868,-32.50016064250488,6.316606901904178,0.3376035492450125,1.3602195779198358,3.3299354865114044,0.7801247923205433,0.0513785907796761,-0.0674968979728886,,
12.135204000000016,-23.0101682762554,-36.510141463050125,5.237423308092675,1.0480174870851044,0.2308108819703144,2.691243779142941,0.4707466230962691,-0.4440763025497205,0.3534764560519315,,
12.154225000000023,-24.88906440129057,-42.91064789413298,12.045333059803674,-0.0312801092940442,-0.3271732016107589,0.7949564089661996,-0.2327786240872204,-0.729128219645455,0.5306794749276225,,
12.163757000000004,-28.35357328399808,-45.80354231588176,17.707027634407414,-0.5598315041064297,-0.2628820313350278,-0.0528675689830302,-0.3296842320333585,-0.6875517082432139,0.6140766386135628,,
12.173082000000022,-32.442433577240834,-47.57668321849907,23.383206758826727,-0.9733745667792348,-0.1329130408296379,-0.8532945544075359,-0.400434799825477,-0.5300323336574623,0.504488591380516,,
12.192169000000009,-39.87626007035234,-48.81565836044851,31.65877992241061,0.2196722845239778,-0.8602705630025239,-1.843025531649476,-0.3135958230737192,-0.2680098215944705,0.176057544313685,,
12.201685000000026,-41.4395133854559,-48.98295607809722,33.30319159260347,0.6817840569416918,-0.706193154932836,-1.7262800573172838,-0.1555173743888301,-0.1388085224443816,0.0852323345592763,,
12.220634000000018,-41.77433691669635,-49.80093362532499,33.6640722611528,2.315564830684085,-0.8627993050699508,-1.363883348344977,0.0908331540233573,-0.0698411264542759,0.0401719885464357,,
12.230129000000003,-40.88557179383345,-50.511331973952,33.62943448885132,2.698490280294343,-0.8285984090421851,-1.3098550401061415,0.1737080577208986,-0.0553101964010269,0.13859987149887,,
12.23963500000002,-39.62345771879856,-51.26909900061146,33.91320734061295,2.888433642835384,-0.9541180800398474,-1.4628160763817777,0.2168381700915875,-0.0376589922257781,0.268584400737592,,
12.249140000000011,-37.58859883360216,-51.88339059216043,34.53042565338617,2.456763925932929,-0.8652922295479256,-1.6904974828478443,0.2786135635065886,0.0403658588616704,0.4712085895942794,,
12.258676000000008,-34.57502281433731,-52.11619527432144,35.064669283433346,1.6663609647836628,-0.7585471613932643,-2.0362578489985075,0.3320102602505832,0.1731229778693205,0.6254405491037658,,
12.268249000000026,-30.335127848056857,-51.87052587421284,35.01191890969239,0.8902257295754425,-0.7685481319497449,-2.3661852361848648,0.4005919645905044,0.3394383555963713,0.712706974790904,,
12.277761000000028,-24.442271669600625,-51.12240281464724,33.89926083761752,-0.1257207958813949,-0.6734022376502674,-2.308745295506452,0.522590949114233,0.5374069140023372,0.7693620211013439,,
12.287275000000022,-17.034625296848834,-49.78086301703033,31.35180438897868,-0.902211474502604,-0.5601823972310922,-1.80841405532078,0.65310736535678,0.7326971232405389,0.7122829393422425,,
12.29671000000002,-8.559129535413119,-47.6353026722907,27.34046724174739,-1.3136039733641212,-0.4862989991663625,-0.8909686096947916,0.7689937300209162,0.9195312282194936,0.5546799091443092,,
12.315902000000024,6.308577230569756,-40.9181544096878,16.990707706492334,-1.5157343708574105,-0.588471054363899,2.235287676854832,0.6531498464586123,1.0156456896403523,-0.1037530333507308,,
12.334920000000013,9.798856972579635,-33.35677405040273,7.072270004250609,-0.6181413534525982,0.0347109541376344,4.361999539385978,-0.0820777662463596,0.7020700529025065,-0.8692090764387574,,
12.344436000000002,6.774875159709433,-31.53709028786256,3.0265709767516595,-0.2902915743049196,0.7114845856425299,4.628377704321561,-0.5409127126685993,0.3186056226141403,-1.1085743001192014,,
12.353935000000009,0.9891733031587396,-32.2834809602515,0.173495793920924,-0.0120936008690351,1.2516560455537902,4.125547660099819,-0.979098061315551,-0.1772538750761027,-1.194291833540647,,
12.36344200000002,-6.8132048691129405,-35.07772144451352,-0.2504053419929725,0.040472684866784,1.0253641544579126,3.082401232613157,-1.2970414307597795,-0.5663235092883855,-1.1010194291063025,,
12.372784000000024,-14.998242135209791,-38.82004541804935,2.1133967583562425,-0.4918047107403885,1.3564104327901303,2.245986664990814,-1.2888630561431014,-0.7835045805075362,-0.7668278526232143,,
12.382299000000016,-24.285230761517784,-42.46861380114359,6.675264770240565,-1.0120831875660832,1.7468854247528012,1.1595888465908966,-1.3409980754797326,-0.8500782027678306,-0.5621147619213751,,
12.39181400000001,-34.652761419504394,-45.204551616407294,12.57294032721565,-0.7701221924517202,1.0781803149427334,-0.2209801262790466,-1.3755802735383014,-0.8035929861445338,-0.5083784979681528,,
12.401331,-44.194016165073805,-46.7006814462141,18.57554720586716,-0.5816816657670674,0.7178335616900803,-1.0576991245975276,-1.1921778034931412,-0.6558826737798114,-0.3967846301147208,,
12.410923000000023,-52.269917922795344,-47.27051213593013,23.406431332307253,-0.3398671114387298,0.5635280529129201,-1.56877872854338,-0.9852894420156072,-0.5078708140830048,-0.3680824035105198,,
12.420410000000004,-58.79270554452334,-47.41401701212607,26.571241559126296,0.2145049173073072,0.0702474967392426,-1.7394758451242458,-0.7879823085273496,-0.4033463137456867,-0.4306931733417036,,
12.429948000000024,-63.26200346733658,-47.60002814627167,28.120482472601,0.6777202029611133,-0.2665642201288999,-1.6541489572177115,-0.518744569654212,-0.3124266832131988,-0.4251012959416732,,
12.439375000000013,-66.06244135684504,-48.20082183596168,28.56715486320085,1.051371041703414,-0.1814932558396112,-1.4216974737484889,-0.2731028492125458,-0.2849361486831389,-0.377885307702099,,
12.448865000000012,-68.15953491511206,-49.34844487434381,28.563696397626188,1.6250982153587223,-0.4107705914296879,-1.0569291997303645,-0.1325824302530919,-0.3343565261934363,-0.3568213990649938,,
12.458379000000008,-69.92796852932162,-50.96843743859549,28.80806756605868,2.0850598287887543,-0.6207081167477606,-0.736956733837533,-0.0425346285201542,-0.3935276821780606,-0.2685025450895216,,
12.467883,-72.0244021792713,-52.91391175968062,29.951195402737703,2.414053063081726,-0.777950361128722,-0.5792886315064832,-0.0333887470757561,-0.4664380261967247,-0.1506545420362369,,
12.477394000000004,-75.23775350528769,-54.95219270845124,32.47736191021908,2.547849264451441,-1.0147619361737723,-0.5372407443784997,-0.1114604385617693,-0.5454391435221546,-0.0560344614026036,,
12.486906000000005,-79.62559038604991,-56.7109474154158,36.35945459690241,2.3697185360271376,-1.1135233991870344,-0.6791886955381196,-0.2068799171527452,-0.5695908287932595,0.0058119415139518,,
12.496431,-84.59961467306232,-57.84846873168045,40.638316053641766,2.0203078994510766,-1.2337213901295527,-1.0880060469612558,-0.2785437986748652,-0.5136498323466355,-0.0225870711490937,,
12.629561000000024,-60.90180934763283,-35.03070226162607,11.672141537657556,-1.942472410592737,3.701151010852143,1.09562852490985,1.7166321011933328,0.5509139772880682,1.5956376507210095,,
12.639253000000023,-48.07744643135456,-35.164557011698534,12.888130673563024,-3.0038022511457703,4.586208652917668,2.1940289416434,2.0602715690863493,0.4152381683798795,1.7818329806274564,,
12.648768000000018,-35.35979833765305,-36.47754758734136,13.750485509818756,-2.89418505414052,3.113859178463162,3.060757670157467,2.069926699748252,0.220936209706122,1.6625056350897929,,
12.65828000000002,-22.57277267877453,-38.42106313986456,13.740504012788293,-1.8973038153589856,1.7054195758168087,3.2059295634251264,2.0665668202997574,0.1065518540779796,1.5548887918063137,,
12.667782000000017,-10.289589874513624,-40.34457455211785,13.176263171602146,-1.4272368530645845,0.8228722845442666,3.242318852536135,1.9379275418238868,0.0693051784995991,1.4478721642229544,,
12.677299000000003,0.0905179034888002,-42.36489192367881,12.854726263971887,-0.5689642671141661,-0.1901577334955911,2.431139114709867,1.610881339349059,-0.0416833914169625,1.30903547236327,,
12.686810000000008,8.614685302400602,-44.67922152999767,13.588077206528428,-0.237848637843911,-0.6988298731950481,1.5689782843396496,1.3108380679528435,-0.1672312118011411,1.3221179440690822,,
12.696321000000012,15.018277101478631,-47.18932337016128,15.912380578873451,-0.5704596635692634,-0.8921857681097715,0.6976378338914735,0.9906154396335884,-0.2585585018242053,1.3864860235612966,,
12.715177000000011,20.807224483074936,-52.48775786878844,24.738923177027523,-0.5283484386059184,-0.8218110677752215,-1.112684762648122,0.4281346783235525,-0.3880992321626152,1.304578313344046,,
12.724687000000015,21.991210436256843,-54.46393238022128,30.252104810585728,-0.7234690129272576,-0.8049073513795765,-1.182476382212158,0.3080616925814577,-0.2859571625441333,1.294344375924756,,
12.73418000000001,22.905507627938324,-55.6648028274168,35.40664986350628,-0.2995801307950841,-0.6888261696316402,-1.2323068095733714,0.2186007598401966,-0.1452275911043287,1.1821642165768371,,
12.74369200000001,25.05569962201261,-56.37211447886271,39.38395704831522,0.1949578670888609,-0.4549922344261634,-0.8985837396361113,0.2773258715278718,0.0336913224701857,1.1533670102814697,,
12.75339600000001,29.04762938515044,-56.8081362414675,42.02612517512123,0.3244471175243476,-0.5884275331097549,-0.159415132263522,0.3907076152194164,0.2209716422329358,1.1962159077191337,,
12.76288100000002,34.227263126213685,-57.18142510887896,43.74361275973862,0.813730648295435,-0.4813297308409763,-0.0923131561935562,0.4648961407281112,0.3298199867786864,1.213590180005179,,
12.781733000000004,49.5450211533941,-59.08199112610884,45.93568259774885,0.7711210577449835,-2.0752148133668067,-0.3192266556913506,0.7874388974386562,0.4605414317082597,1.7377593786786063,,
12.791248000000024,58.66256975412796,-60.52241477195279,47.59890392787571,1.0354377632505922,-3.141108237669979,-1.0743895645496273,0.8416239338983332,0.4677166986941033,2.03183417617524,,
12.800753000000014,69.21799640542874,-62.174676424552565,49.42349163795964,1.6387264105478878,-4.328818084238308,-1.6931986703032995,0.9220709083129148,0.5358979098539541,2.3455686948795185,,
12.810271,81.6671675905225,-63.73364775801632,50.20008294011779,3.003704674204727,-4.934644656779445,-1.7447876978581722,0.9729378146723192,0.6602741787370515,2.4987321086043552,,
12.819778000000014,94.81159418104886,-64.61167453535477,50.00030472295288,3.971753252233824,-3.705530012844931,-1.5226834325856704,0.8734473180255875,0.7633042136738619,2.436493932286284,,
12.829274000000026,108.31698662091372,-64.55751311046922,48.87627608865808,4.405518770425541,-2.186317601518617,-0.7203199982609737,0.7498996410692953,0.8853856131849198,2.3112281778207926,,
12.838785,121.39269494255396,-63.66483886652246,47.227923126024365,4.505830682770218,-0.7008017481242088,-0.0620839719601371,0.6313749365112944,0.9686403553607242,2.025315261568659,,
12.848306000000008,133.58100123930413,-62.210379027022704,44.50999470043668,3.670522573939177,0.581666336345208,0.0974924685662674,0.5643611661941046,0.9981878951356836,1.6291830958319766,,
12.857803000000018,146.43109657940994,-60.00407287431472,39.722132754724406,2.7529614688256467,0.9765500710773783,-0.1120713056156743,0.6263154882994895,1.1587000390593805,1.2947964269603094,,
12.867329000000012,159.48359753397548,-56.84918234120999,33.32516583762005,2.425928047186171,0.9044332320699828,-0.9690103380362878,0.7242507758233271,1.31811660163518,0.9474497323999602,,
12.876822000000004,171.05349736860848,-53.17778437207251,26.63633038962861,1.038878158234949,0.726006688690657,-1.5927358682047856,0.7835801820826912,1.2970266770326693,0.5606194073086772,,
12.886431000000016,-178.62225136849304,-49.28052875766909,20.327920870145835,-0.6826743942695503,0.2560345850337359,-1.5213538987529869,0.8764811864037482,1.2286726684294111,0.3504694746445881,,
12.895849000000029,-168.78117667583126,-45.215876982077496,14.802356456298227,-1.650057347269432,-0.2422458807654387,-0.8682558793186457,1.0296022357552166,1.1769993039189073,0.3423642521519278,,
12.905365000000018,-158.35275939666798,-41.53540412203913,10.176326795843623,-2.2335527595309865,-0.8405079117692799,0.2631837970113883,1.3221670176879845,1.045183055279162,0.5095309126842271,,
12.91487600000002,-145.34306823724293,-38.41751091715575,6.376410332472466,-1.643976980079409,-1.4702339254257717,0.1636705377145883,1.8846987426050672,0.9019452117016852,0.9148826864101626,,
12.924392000000012,-129.12481385120296,-36.13051869935487,3.4083976065871795,-0.6752885129214854,-0.9691163355155068,-1.5251569671141965,2.5341504269386426,0.6731777511970816,1.3749574465425105,,
12.933978000000025,-110.6244253902537,-34.36939900782197,2.5522415815336004,0.4083694330482649,1.5903858512782227,-2.7300782305480125,3.0019962972924623,0.5062555303766322,1.967422052200412,,
12.943414000000018,-90.50178249679072,-33.72547167595362,4.484308744974666,1.427712220608058,6.202882110035265,-2.299019944595949,3.326106357541214,0.3324012386964124,2.6397969873610623,,
12.962440000000017,-49.68827239459922,-37.96448403680997,9.331166660944495,-0.5857335813114963,7.8186465397619855,3.502720557298125,3.362917304264679,-0.0956104820958995,2.8629273119438845,,
12.981633000000016,-7.665360347670952,-44.112056723391454,11.06773050922345,-3.131949353775526,2.2656292050792914,5.186565274921885,3.1213875824076704,0.0397099772882611,2.9738264568872266,,
12.991145000000015,11.517501841523124,-46.430387805905575,12.614179188655834,-3.968569850027918,-0.4074663454681848,3.6887315599334447,2.7416869517598594,0.1046839639345079,3.0371680516680395,,
13.000646000000016,28.923244213369745,-49.03186151846467,15.210478512089018,-4.308762580081874,-2.5124066035163257,1.8841931696338392,2.402125044130373,0.0620052201164644,3.0971970231909385,,
13.009986000000026,45.37362760292058,-52.0372661546725,18.084252140904592,-3.834744343697544,-3.8396558523277,0.3852222690395969,2.179574568928028,0.0272841812950994,3.116896884978549,,
13.019486,61.37839312869541,-54.87542716055233,20.8968578008378,-2.733417107999915,-5.09243692415672,-0.2886633297047944,1.9893957104274256,0.104578930035454,3.1366554424653024,,
13.029004000000016,76.28294533784486,-56.936753927913855,24.362956590264872,-0.889584877914282,-5.710275375809556,-0.9471164539827678,1.7041786119480185,0.2652252317267281,3.1642229594977453,,
13.038517000000011,90.59298821133012,-58.30262713926133,28.238297206447857,1.2925036921707187,-5.742290409631246,-1.1329473766408085,1.498245263696897,0.4366059950320627,3.194536358937234,,
13.048025000000024,104.38391076998958,-59.23727927562214,32.085099041999555,3.804682012730983,-5.271071460935366,-1.0653933894782974,1.333179833051633,0.5590619075648208,3.130335908552557,,
13.057527000000022,116.34877782113364,-60.13799725645811,36.3951749672731,5.031912353614064,-3.279667722470565,-1.387282924343145,1.1021626316981794,0.5325157203931762,2.930256270848592,,
13.076538,139.34572897007055,-61.58761268067052,41.59683661495357,5.44276236121813,-0.2438810194364935,-1.5533718579423823,0.910207340174886,0.6482956965531438,2.342136250566307,,
13.086055000000016,150.77323671090983,-61.51825059117917,40.80418296491151,4.634948280036331,0.9416676617481992,-1.2902983860600792,0.8106754870932255,0.7280989688822932,1.8529578891511296,,
13.095560000000006,161.61905594428305,-60.90287066326667,38.16266700906814,3.460669335421718,1.3199288098215805,-1.0738689094399947,0.7285196472354721,0.7592849557953574,1.3743771015189037,,
13.105090000000018,171.18216303324726,-59.51161488338482,34.13271815550986,2.334372351580841,1.2010142177425227,-1.0584146437579611,0.603752789094497,0.7850302276857934,0.8550525544073849,,
13.114597000000003,178.76055856726455,-57.2340254633482,29.41325192365689,1.1932973266776334,1.0518291976739562,-1.0828630134859183,0.4363272362156006,0.805692407546306,0.347414874940988,,
13.124104000000017,-175.05331872912717,-54.51154655908237,24.54778003973112,0.2066515859932699,0.7177246474926157,-1.0886544944412375,0.3719660448847879,0.8003241070890738,0.0515243636669907,,
13.143290000000007,-164.10048109683922,-49.17018900920529,15.385249362515223,-1.0727394920952231,-0.2208641706075872,-0.3049649909718417,0.4879716886378688,0.7011294731933221,-0.0638611968022693,,
13.152811000000014,-158.07497725006388,-46.896055394716726,11.286603187761768,-1.5838904386953876,-0.5981776590742529,0.7610803458686958,0.6798113963761387,0.6286043309376662,0.0767836759109972,,
13.162331000000025,-150.1949822821753,-45.08822560716164,7.132259370248082,-1.6441176330151066,-0.9381752976343384,1.5400633434355155,1.0253395992733334,0.528864522943778,0.3739255225443835,,
13.171828000000003,-139.48861089305376,-43.54558440272872,3.615808762014181,-0.7350697757426378,-1.2421738335604486,1.006677103861421,1.4987020513034808,0.445536708382925,0.8640356579568735,,
13.181359000000016,-127.124319689016,-42.05836522240702,1.5597403746917406,0.4053957239560726,-0.6153654970349549,-0.1911223568128641,1.80175311992233,0.3719742514211224,1.3507542929549363,,
13.190671000000007,-114.1269992494091,-40.93988522121821,2.0168031539208084,1.142484187369227,0.6056159987715733,-0.7415494828125005,1.941280619572432,0.2837311000627867,1.815575829368132,,
13.200186000000002,-99.97859042833582,-40.86646131022774,4.209683708132461,1.732091379120725,2.6198663242529183,-1.2051113820527843,2.13829808905718,0.1309384926976957,2.2925994737676034,,
13.209704000000016,-85.68831181608351,-42.27982952567444,7.448707410985023,1.325860780520454,4.363156387355717,-0.5889563403420903,2.160033647243308,-0.0627651246428436,2.5452339933268,,
13.219214000000022,-71.96043490085461,-45.00907358614967,10.863180484315484,0.4899582896440584,4.1916558824059775,0.674234380258497,2.052392591623125,-0.2206568912297364,2.5789835790485003,,
13.228895000000024,-57.9133047445442,-48.17282300285199,13.46586108625922,-0.3283807913855801,3.6771462750593824,1.265064100517161,2.024028610693528,-0.2090081974575162,2.5631968088442694,,
13.23840900000002,-44.22602076541182,-50.90327828446882,15.168283603318828,-1.1224901958982916,2.480472013611752,1.350913108181511,1.8588748493542984,-0.0874512536136943,2.425395451768784,,
13.247912000000014,-31.49954048863794,-52.78933516878589,16.785278852023392,-1.1238488286886334,0.9947482720069382,0.7290443296856643,1.6177397430773228,0.0717659797340698,2.3271022436437168,,
13.25743700000001,-19.70494962666121,-53.95466359758309,19.26232306656545,-1.292411724020843,0.4178075756552223,0.078155364382528,1.4128059200021212,0.2150023005418182,2.390643252882454,,
13.266760000000003,-9.20918990775412,-54.84893720500899,22.949578790729426,-1.300829917346759,-0.0493003839985393,-0.3098570304163269,1.2067967761440008,0.2742077117985704,2.446447630460052,,
13.276273000000003,0.7155033788854981,-55.61774761967295,27.6148964819387,-1.3683504606496195,-0.3333208917091598,-0.6066152593898597,1.0916606768367765,0.3455713324837566,2.565874542505252,,
13.285773000000006,11.098445401255056,-56.48181126832284,32.72093612373892,-1.6082848211426777,-0.6557325109487674,-0.7169378236270192,1.0921670963885366,0.4349803435481618,2.746108480478477,,
13.295290000000024,22.94887485288025,-57.783250282598985,37.45525112711703,-1.9191579762892743,-1.7064621159638735,-0.2968712180497531,1.2048399707721464,0.5286034515319927,2.9400106001017225,,
13.304790000000024,37.496790081617,-59.47070189732745,40.93864596984149,-1.7666465447170283,-3.3146696625335363,0.2347499284186192,1.3894845152875173,0.698906051422476,3.183636237336441,,
13.31429700000001,55.76173593919852,-61.161647102532406,42.2289749016064,-0.6683720691272409,-5.615933581246222,0.8209795773380162,1.5784259328764565,0.9514884934551914,3.4352562193377607,,
13.323830000000015,77.53398566194572,-62.22828011799994,40.59207017207989,1.960823615270146,-6.986758822178816,0.8401122905838956,1.688579598650004,1.2080450593286236,3.511370196121374,,
13.333343000000012,100.82180390947522,-62.00457762731569,37.096409402854384,4.59100507448517,-6.106375303079927,0.2840365215469883,1.6678340782668075,1.399680424981864,3.4234348456695844,,
13.342836000000004,122.73928593097018,-60.577221330755016,33.983373534925015,5.709001023760439,-3.779951181585763,-0.3784605025957534,1.5489172353849343,1.4529326004282044,3.2271335921724904,,
13.352349000000004,142.43376916744873,-58.538817525904605,31.592077647836344,5.283277428146004,-1.39547964159896,-0.759045731199745,1.4592439598032936,1.4202677818164955,2.9219008546106235,,
13.36185500000002,160.8465565778708,-56.190868795298094,29.099845389941763,4.234668044237425,0.1315508389037237,-0.908383177088246,1.4788329464468108,1.4053839689723184,2.6067339981796547,,
13.371377000000024,179.0439987583777,-53.59478220877023,25.83134318609119,3.117069466341595,0.7674932963352165,-1.1957806654601937,1.6196167647594746,1.4222028020569617,2.328068659278648,,
13.380869000000018,-162.61042091273225,-50.51921438714762,21.70365800258949,1.8780338341341305,0.8597618187159229,-1.6993151690349635,1.8185255692406208,1.4671479171854616,2.0731860346080464,,
13.390474000000012,-144.0819988933593,-46.55012333929305,17.508463185682707,0.800815890257427,0.7138064499018107,-2.0395409071191826,2.0473325240894367,1.5645491570182812,1.9438334005699545,,
13.399978000000004,-124.57914501749484,-41.866110752285365,14.2878848068915,0.4782695617535368,1.3521545145199467,-3.1922163690794823,2.4356856469863084,1.658580425637583,2.082076475932093,,
13.409508000000017,-104.17514085283248,-37.19809140828799,12.833078642452351,-0.3582882328478101,3.471316214815881,-4.241122512682102,2.845576558759962,1.6372216737260072,2.3117025164068354,,
13.41892200000001,-83.7985150508289,-33.80479296307568,14.177298290133033,-1.73875396632536,5.932990561364783,-3.1453340874804243,3.074264535308373,1.4300187414782024,2.6367661026325013,,
13.428435000000007,-63.97196216774032,-33.33057334230359,17.748380616640375,-2.4946294466294923,7.932466649994734,-0.009141317262866,3.1579568665880973,1.001165487964205,2.9049759248277947,,
13.43813,-43.58142863822046,-35.55165291410849,20.21267099684473,-2.8246158855850987,7.1204423996378114,3.465133721887637,3.329934220015756,0.6796107369792217,2.7989085993053475,,
13.44763500000002,-22.137987756338667,-38.31566153725208,19.652718748921085,-2.591099695740774,3.780008178942693,5.480442958831448,3.4125312224135134,0.6558105831774013,2.468920308650875,,
13.457133,-0.2874285299879322,-40.575084762750194,17.610641478422966,-2.017765348796989,1.2411672009646069,5.691061140697894,3.342258589320977,0.6555391740718053,2.3739955718053265,,
13.46664800000002,20.267759307843622,-42.14116221267338,16.080331782922958,-2.2946992274865927,-1.4574464073797846,5.193172565698868,3.045146937649652,0.5980619206440185,2.4150829253029213,,
13.476170000000025,38.10416552814909,-43.59427765783611,16.312899603887132,-2.031478679709392,-3.4261746594594187,3.058564392328537,2.5944007227491417,0.4530166120267445,2.476054206916734,,
13.485494000000015,53.705874494548624,-45.74130127865266,18.180841818597703,-1.8040232602771689,-3.954210628916035,0.658173901015997,2.249861441709492,0.2508599839728493,2.5690234835946275,,
13.49500900000001,68.28738500839977,-48.8611026077343,20.38944591270052,-1.5358574170089423,-4.3945422819372,-0.4172811751130749,2.075612172985278,0.0675800841694301,2.5870198466195844,,
13.50451800000002,81.51318816714074,-52.24281713385655,22.66943746928573,-0.5096800094103158,-4.305470239813479,-1.188475983298834,1.8139747481542423,-0.0095485829323292,2.50080950347055,,
13.51403000000002,93.40294523174394,-55.32370056014698,25.573085205199497,0.5824630324116868,-3.8990011720948856,-1.7043201513743362,1.5363520699185866,0.0138812102477543,2.5014566448954274,,
13.523559000000006,105.2181951346065,-57.80062641246998,28.252440170439204,1.830034669942122,-3.619527651601584,-1.6608719776998502,1.3872173374634469,0.1494965618507316,2.510120077141504,,
13.533053000000024,116.94580017606864,-59.44906968243402,30.16539150667828,3.4710196187154665,-2.961331953585245,-1.4102297406604551,1.2282549247242165,0.3096423661612522,2.387445300911457,,
13.542554000000024,127.66416144215768,-60.51709708015829,32.12331506350153,4.039607589588668,-1.684993218352424,-1.3494260907355806,1.029620350511122,0.3729173675049962,2.249894209210757,,
13.552074000000005,137.89433843014402,-61.01472951979466,33.64709646151651,4.250810413068145,-0.8346381919991399,-1.4115784891819247,0.8942958996012698,0.4598306939726752,2.0921971017980834,,
13.561575000000005,147.7102058751313,-60.55271529648632,33.81580302687744,4.363478248777174,0.1523687874218495,-1.47675103372711,0.7464998635613855,0.6094295123327352,1.748895754336761,,
13.571087000000006,156.67632169978523,-59.31242171008968,32.937791753559644,3.5141967223953494,0.951691836558938,-1.278170032106728,0.6145484617901026,0.7016320969985675,1.3777532499298344,,
13.580596000000014,164.78842251668644,-57.67660071928729,31.330010484319224,2.8434431113735723,1.0578103543855564,-1.2985540032581402,0.5445960336248544,0.7281636918649338,1.0628852138119256,,
13.590123000000006,171.45600134190633,-55.55086822211941,28.956176083215205,1.803379400064916,1.070192456786053,-1.1099351887987965,0.4215890028241418,0.7363593727366712,0.6394978233780436,,
13.599614000000004,177.01892257058068,-52.974823386232615,25.851533784998686,0.7597006782945527,1.0025556525085588,-0.7537427144630079,0.3401794728491277,0.7568075991150871,0.2826685637798563,,
13.609327000000008,-177.72778880965035,-50.19207753832715,22.159434160794977,0.1370784636856529,0.6743810802724932,-0.493913953903051,0.3703883892168746,0.7743753504412354,0.0851716514879082,,
13.618831,-172.75134077596033,-47.22564374317052,18.198957948360786,-0.5877067154253424,0.261880936300875,0.0976592682700298,0.4122643846815625,0.7838486491700354,-0.0439521535097714,,
13.647358000000024,-154.80810342036585,-39.46416423824136,7.692982370456163,-1.1716755872357034,-0.971427579400548,1.1560034696099133,0.9947204183290678,0.5706216346472669,0.3006402417837098,,
13.656863000000016,-147.3161340625076,-37.94448253994584,5.262074933802888,-1.3265817672460922,-1.290348124547625,0.9228782424290036,1.1302225774527346,0.4296021418666306,0.5388860193267979,,
13.666378000000009,-139.05674201504806,-36.88742179722628,4.4259931889883095,-0.8008913381978161,-1.035184103073835,0.1037270542105378,1.2920592709433174,0.3162410071814632,0.9295989899962058,,
13.675702,-129.66577186801894,-36.95198331403816,5.34564233059692,0.1567043798225436,-0.2258779845321177,-1.0719217702685102,1.4989971141233904,0.1151818051365584,1.3132724288263,,
13.685227000000026,-119.7993094488822,-38.58590064444832,6.919828019832091,0.5899906581344968,0.5775678701372193,-1.3350260652796495,1.5879282638901886,-0.1577143481591619,1.5245742734729777,,
13.694728000000026,-109.6877444276172,-41.41298456545693,8.977706045849526,1.0987067458026614,1.2562325640517609,-0.8883399359666346,1.614821859495483,-0.3448461455794699,1.7127002376765823,,
13.70424300000002,-99.34876772698608,-44.893059618617926,10.788662176393988,1.4910233496035994,2.127631022876737,-0.227309871085105,1.6078394293765863,-0.4255514460257043,1.777907081369579,,
13.71392400000002,-89.3634502081008,-48.2952283644475,11.595630592699312,1.0818546584528157,1.9682137171751253,0.633972027785796,1.479995151892979,-0.3999647506211216,1.6139271583917034,,
13.723443000000003,-80.12606459260444,-50.79519878251803,12.278259579904658,1.0729875813532663,0.9170312933177346,1.0006407565559026,1.2776722420218745,-0.2405061184785746,1.5439099883851644,,
13.732951000000014,-72.5855259489676,-51.95853207873241,13.762500977481922,0.9412857538226506,0.6478670661535614,0.7016913524716406,0.9708471903733756,-0.0143204092483783,1.476543578086359,,
13.742467000000005,-67.98579363535684,-51.83604458232048,16.439407575990863,0.7743862667533965,-0.1230509813709383,0.1265566676666347,0.5425128235043762,0.171766563958914,1.2606052400846073,,
13.751799000000004,-65.75276895244838,-50.808769742041854,20.10470895142733,0.8589434445678422,-1.0271889295817829,-0.7445786371478793,0.2009578840899855,0.2829870570704546,1.08291130040984,,
13.761297000000011,-64.60181299402052,-49.42113413256839,23.98713956839877,0.6516848655331698,-0.942075788427004,-1.484282040434039,0.0327442186388128,0.3130774607626344,0.9541842402706596,,
13.77088500000002,-64.06844232482904,-48.180627987762925,26.84197407653626,0.4620892464616187,-1.05099676001608,-2.026424734864792,-0.0430338644503993,0.2545712450671717,0.6519682782983395,,
13.780395000000029,-63.53821049063945,-47.53230605514531,27.603495230376502,0.5656391952099342,-1.564577082048198,-2.256674286833004,0.004464722495608,0.1480116555237312,0.3071159459388683,,
13.78991000000002,-61.99839341537548,-47.6053406978945,26.442199741853663,0.410541259793591,-1.1670988108081668,-2.1685352800438285,0.1921486084821861,0.0809830106221236,0.0551750631768306,,
13.799419,-59.735889901280565,-48.11241931976197,23.181990545991244,0.4399179540887193,-0.9183262286118632,-1.800224477575681,0.3185250030173377,0.0347542698170896,-0.2696862129982718,,
13.80884500000002,-56.95570309200082,-48.54619910024923,18.45908621812104,0.4772271961805084,-0.604904668284634,-1.2886619231732033,0.376829714330114,0.0497602064086564,-0.4910494045455595,,
13.818538000000018,-54.4051220001989,-48.426483353895605,13.458590409625623,0.5426749875793008,-0.0937110487328675,-0.6722621815116328,0.3189896077262596,0.1156453026107682,-0.583109166255199,,
13.828043000000008,-52.89329294332308,-47.243632043615904,9.124531489407705,0.7242552810948262,0.0723390544766299,-0.0800439757760658,0.1532191276210239,0.2718921622487367,-0.6132298908873509,,
13.837564000000016,-52.16572687945789,-44.58222138174618,6.011821496095926,0.9502031163754509,-0.1731333829228306,0.1316074849646299,0.0314863638759332,0.5415969270081418,-0.4668549762856915,,
13.847079000000008,-51.481422355400206,-40.427178912208575,4.4470736397073285,0.8542483340102269,0.5502538791302245,0.1527621808966106,0.0275875999448622,0.8376382140239363,-0.1434548342898833,,
13.856596000000025,-51.03479515895991,-35.06961263664513,4.00162848198999,0.6728187018112569,0.7579153385392471,-0.0164231823979556,-0.0033675921502694,1.0750740429033072,0.0746088310302476,,
13.866102000000012,-50.0465844313271,-29.029308206996376,4.144375610658429,0.0661684737047683,0.8181351089968678,-0.2254540557792686,0.0887447964906702,1.2177910809704864,0.2705815601925193,,
13.87560400000001,-48.085555959415295,-23.111919428298755,4.72121830892392,-0.6136286212901606,1.0291798460724295,-0.1224107034994525,0.267655748795797,1.2068718855694185,0.4286209455050064,,
13.885117000000008,-45.187263378792885,-17.90840064792518,5.359569601894993,-1.170822058897896,1.3033256612687336,0.3054670335764142,0.4561918830960403,1.0829162654720694,0.4595580661577348,,
13.894630000000006,-41.69153600792484,-13.732707221275552,6.025355559380343,-1.0685240156119749,0.6351997120734305,0.5109290657584985,0.5873518487795073,0.8985286225419202,0.3240986669105754,,
13.904145,-36.72380493089292,-10.561530998476364,5.713088271348417,-0.6346010467423118,1.0120067533435313,0.9703879654941008,0.9025202477422206,0.7306719877871607,0.1468742204908591,,
13.913644000000003,-31.44068250205617,-8.093457018239555,4.321244618934692,0.0517070954744109,0.9475040955571036,1.0434735711436762,0.9967099105603736,0.5832277956504786,-0.1069740141997743,,
13.923163000000017,-26.63499517452329,-5.900975739617386,2.210458260806902,0.3788399067153076,0.2001508066308978,1.264773067404506,0.9285840859787454,0.4924550523978676,-0.3051024332864764,,
13.93267800000001,-21.381202672762715,-3.693863227991831,0.0410742174362835,0.5318745519295284,0.028436804404058,0.8619231280021877,1.0394768944562836,0.4621471865126809,-0.3460197820295113,,
13.94213000000002,-16.724299687632172,-0.9713470313137176,-1.84922115353016,0.2469860578624108,0.0849818395997855,1.557228523615584,0.940259553941594,0.5300738322552608,-0.3402444119689595,,
13.951641000000023,-13.057965705340706,2.399412905325467,-3.1247891503476826,0.2812151780569643,-0.6321949401121645,0.7129211912981763,0.762745168905027,0.6422084082275653,-0.2643822769317197,,
13.961150000000004,-9.412180870695948,6.391616403388987,-3.5779019055753194,0.2244250378302394,-0.4703996796398204,0.952499907255582,0.7734533580746438,0.7551549766929947,-0.14660824474459,,
13.97070100000002,-6.251978865732284,10.546854221197863,-3.310510089792164,0.234956810801622,-0.4434599834128108,0.463995800304354,0.6748293830140175,0.7926645633252225,-0.039704216392485,,
13.980219000000004,-3.410504249504568,14.42197790980194,-2.6592605287271214,0.3179528835973314,-0.5551248621894272,0.1725223526707825,0.5952279484040505,0.7457557626872336,0.0073119148540177,,
13.98975200000001,-0.5527403900789595,17.782954938528317,-2.089534147598051,0.2386499875711343,-0.3369449664405623,0.0542613668779822,0.5772261072893601,0.6494566352641135,-0.044705183191189,,
14.008764000000014,3.1448156471964404,22.347761530961662,-3.454192210832608,0.0914464253904227,-0.410187344660698,-0.0716810228883606,0.3125171215457342,0.3716863737654924,-0.3675351267624363,,
14.01826200000002,3.9557891588030376,23.97513330423044,-6.0330065538068505,0.2057181730438113,-0.2988674984682632,0.0902641110399634,0.175759209443508,0.3124073414374493,-0.5801771479989132,,
14.027778000000012,3.572130041964417,25.348849519782146,-9.705898637553329,0.1412152327231204,-0.5071658260618492,-0.2595898328667609,-0.0314858140925885,0.282063212586097,-0.7033217611334971,,
14.037281000000007,2.820709054440434,26.34451801686211,-14.037439887512528,0.193704607402681,-0.6486734056721047,-0.4314940394387114,-0.0912547782014033,0.2230840735088826,-0.7768168672545432,,
14.046782000000007,2.032615604044261,27.1117473041875,-18.23566694313137,0.421627513596555,-0.7119941693027109,-0.180526188449324,-0.0925418021012966,0.1868357697489567,-0.751579039760726,,
14.05614,0.9424058845246472,27.75609471561599,-21.80582235420275,0.1677427688223657,-1.032294701747228,-0.5271649380612337,-0.1377745203803007,0.1876268758721997,-0.6032250882485547,,
14.06563300000002,0.5638905662651842,28.237402673903155,-24.38836333880774,-0.0282921416278278,-1.1398200420623656,-0.6698216129846438,-0.0236890250270066,0.1149112490151832,-0.4712327498323604,,
14.075335000000024,1.0966274453252634,28.55887765614732,-25.90509858815024,0.2530705634627453,-0.966454602408972,-0.2332671657919343,0.112311137256834,0.0183424047845132,-0.3441313540048973,,
14.084661000000011,1.6736817148911325,28.774831884142724,-26.57618276746421,0.0206472285720718,-0.9638248221131492,-0.4808226077923862,0.1100526302151212,-0.0060692430182385,-0.1839477116658783,,
14.094178,2.856729784602914,28.79551567400772,-26.76406291869771,-0.1908864753875782,-0.7972808665802882,-0.6974591057699002,0.1873539050593505,-0.0895395481148193,-0.1450631891553906,,
14.103888000000012,4.583133238126099,28.486414979941777,-26.85078717339093,0.0776030898448761,-0.5679053237708368,-0.3266111132784798,0.2428629843475921,-0.1920570545215868,-0.1830504221585744,,
14.11336300000002,5.874975435485332,27.932454668759288,-27.206317053043232,0.7638987107116118,-1.1073626683295432,0.9648411269524176,0.152643918555048,-0.2023870583320799,-0.1934499039656634,,
14.122874000000024,6.004764386617164,27.914567424668583,-27.78310662335317,2.398605575875838,-1.8735765104145512,2.341282052838988,0.0187172122276701,-0.0137795886960721,-0.1276578155364653,,
14.132206000000023,4.175818585397658,29.3377931119214,-28.407410834733355,1.178457012694442,-0.7902913063202601,-0.7263560839495581,-0.148819853072117,0.4029546442424502,0.0821722125333742,,
14.14170900000002,1.5791281986137065,30.153579513533337,-28.91157437349504,0.5037102740153314,-0.359410689373939,-0.8323042107926764,-0.3170941166201068,0.3604207134195978,0.2012141042200459,,
14.151409,-0.7005799543003974,29.083945097832625,-28.9841916493274,1.051944904322528,-0.3739664915202536,-0.0062681269037468,-0.4508869611299537,0.0051926392208498,0.2371939261858837,,
14.160922,-2.8095832263080087,28.211976183224856,-28.646965583785164,0.9805707418658276,-0.165274906300418,1.108916488584235,-0.4088269370828833,0.0260596483395246,0.2920737791625415,,
14.17043000000001,-4.15210905950068,27.94311198467264,-28.14965632285951,-0.3238103439578887,0.5093578241619209,0.592412012626153,-0.2341740985809013,0.0656927399998728,0.2500395420759806,,
14.179929000000016,-4.264664140192338,26.914349807834704,-27.622585237397985,-0.2307423114402363,0.6669274646128588,1.1624966492941478,-0.1141275143131592,-0.1726455352523062,0.1292003992879601,,
14.189434000000006,-3.757190020247661,25.502343543851563,-27.460811166455976,-0.1550441053018897,0.8254244613172276,0.7772453782258614,-0.0499458571247624,-0.2928281319930032,-0.0084919929793934,,
14.198948,-3.616073513053993,24.236121557606623,-28.0709020094346,-0.2878070124291566,0.9370366647275118,0.937169086783415,-0.0953422797048843,-0.236319748957869,-0.1420538573697795,,
14.208454000000016,-4.122377983365812,22.27928705165916,-29.650443516765204,-0.2670529015023702,0.9275448497339632,0.7541578636775712,-0.2704776314425506,-0.2983950376994197,-0.2928490192282615,,
14.217983000000004,-5.448544922301905,19.71682866871825,-32.194308086068624,0.4961656751236242,0.6664548867647865,0.741500862184394,-0.4759950213314169,-0.3132836536345477,-0.439831883326629,,
14.227488000000022,-7.790683004292724,17.47135193186781,-35.61137906025303,0.4275780850396348,0.4715993198118344,0.1031420681573044,-0.6195701211543817,-0.1259757328897617,-0.5636121844689812,,
14.237008000000005,-10.342533533529007,14.75622262380594,-39.43128340326732,0.3709232923233648,0.4216431456316035,-0.2728896464298124,-0.7203148675344637,-0.13311184984294,-0.6541221071126736,,
14.246521,-12.87717921537017,10.863187789794146,-43.06640254954394,0.7516779106479597,0.110877892714672,-0.2833956077899147,-0.8856758628137419,-0.2611109490081015,-0.6526535822391814,,
14.256042000000008,-15.338262507573765,6.649943821817148,-46.19621506750071,0.7509073030068166,-0.159643107279496,-0.3049378306705849,-0.9386943391881856,-0.2603933278228797,-0.6086463706885921,,
14.265533000000003,-17.40024760621403,2.423443353945156,-48.6415443975289,0.4875745461276224,-0.1127285526835375,-0.546105346391993,-0.9009642499631032,-0.2717685806649325,-0.51573328500233,,
14.275034000000003,-19.20957779080226,-2.2289680862767214,-50.16989452991472,0.4257244894410349,-0.1373540514638234,-0.4459307988031415,-0.94250843299401,-0.332671995926673,-0.3472377509479132,,
14.284565000000017,-20.93228169873777,-6.764388294127572,-50.806302068726986,0.431574340701558,-0.115788100504665,-0.084810095060271,-0.9188745706857896,-0.3138984605513603,-0.1924913752336445,,
14.294072,-22.46098298148545,-10.594282891218883,-50.83976746759914,0.0988967208140008,0.0266251201877733,-0.223521096811771,-0.7853068721518256,-0.250730508734603,-0.0801300395845733,,
14.303608000000024,-23.51038692819808,-13.985669811783046,-50.32444368200359,0.2355373919407782,0.327935477901958,-0.0098842080749768,-0.6547423223760224,-0.2730431868002086,0.0407355677440009,,
14.31313400000002,-24.695612661393533,-16.90480046380364,-49.61536504216954,0.2650820390032455,0.2544805259366497,-0.0748211077280987,-0.5946721768803164,-0.2007591730278003,0.0787130938267498,,
14.322606000000007,-25.240726666396608,-19.03321145512293,-49.03487228444613,0.0191729757595973,-0.5701467856560731,-0.6533878004473548,-0.3908832892826254,-0.1990163096067357,0.0825245861657072,,
14.332146000000025,-23.83672792499683,-19.96660864991728,-49.036703280923575,0.6075858322867548,-0.4290481431674405,-0.2471463758894295,0.0326085354961409,-0.3226202073924731,0.0934651033592553,,
14.341475000000004,-22.10041173744404,-20.05929886361064,-49.71404324142353,0.615388306216477,-0.6691907026395738,-1.1644245158215716,0.198603973097706,-0.2600122286135368,-0.0166311475067246,,
14.351020000000004,-21.228555421996173,-21.06289221249748,-50.26032426683699,0.813304892158663,-1.70338997555573,-2.168513734206671,-0.0485535922519297,-0.254430605898636,-0.0711555037790747,,
14.360455000000002,-21.30205384075548,-22.69891764725498,-50.83631390420359,1.3949355930535658,-1.3138413408843386,-0.7467302085240418,-0.2614312481869357,-0.197856388781873,-0.1429391986040383,,
14.369958000000024,-22.450459830600163,-24.000514680122127,-51.85400076459845,1.4913037317616786,-1.0658068629666082,-0.1895702302917117,-0.335389442442101,0.0020865240264332,-0.2948965713676199,,
14.379475000000014,-23.94363048285849,-24.824760565775414,-53.06638966417125,1.6794382882502317,-0.8640856418559631,-0.4949258568317197,-0.2967469389802812,0.1153281715198525,-0.3663059476456408,,
14.388992000000002,-27.024667517891363,-25.29230864015711,-54.28195674932026,1.8369711032486755,-0.4959935944839833,-0.4729264306701805,-0.4061178736043982,0.3951824067457156,-0.484197428715256,,
14.398484000000025,-32.29821969983093,-25.41537811534745,-55.11304648821705,1.1461042204321532,-1.0375397134814537,-0.4883798638192277,-0.5699425050654258,0.7657273804383626,-0.5705323748350658,,
14.407995,-37.44413174545035,-24.763308505003604,-55.282349274501634,1.491260122140439,-0.6695734338966467,-0.2077907936108218,-0.4226952079541513,0.8420597821925763,-0.3959557965480436,,
14.417515000000009,-43.50599802710504,-23.07894332960576,-54.85171983900943,2.0726990618353254,-0.2245655894185797,-0.285629364420646,-0.3545059163993229,1.1039716169965603,-0.3109015576365402,,
14.427018000000004,-50.91693831015528,-20.518310095181377,-53.85362271016696,1.3382557712427603,-0.8834638979517087,-0.6437715314702241,-0.3796305912290168,1.4199081607957489,-0.2336998318510312,,
14.43653500000002,-57.30057871136171,-17.15454604224525,-52.51388709495488,1.4975561811907492,-0.5938618026945288,-0.7016530245881046,-0.1785909100166077,1.3727102372944942,-0.0147392587661738,,
14.446049000000016,-62.72849495740292,-13.28216087538953,-51.25002350744511,1.4629156265166643,-0.178033637629366,-1.0618490809115475,-0.0307460905254766,1.3035935561849277,0.0934814448337968,,
14.455559000000022,-67.30602681788777,-9.4313894309378,-50.02040003817918,-0.0404588657304146,-0.4490250361195821,-1.23678258802382,0.0318825914463882,1.1834448772724102,0.1844348624868987,,
14.465075000000011,-69.17537713743644,-6.073612378079516,-48.328099183722,-0.9094543078827392,0.155577425511113,-1.2725857074179134,0.2690573071190525,0.7191228188819507,0.3790306054608813,,
14.484087000000017,-64.51546532970788,-2.4751596255969504,-43.16796822485433,-2.5036424018849925,1.813183033113945,-0.4920202089560231,0.7018655346784163,-0.3614002889149633,0.5685509307512457,,
14.493589000000014,-56.39540826014899,-2.9099647034315272,-40.64521346505536,-2.197934908020471,3.138099535379668,-0.2234866194823248,1.1507083029588006,-1.1495333162488235,0.5806397049727698,,
14.503104000000008,-44.57629014946976,-4.766291830255976,-39.430398442134944,-0.8960901480261687,4.632463748146887,0.7077772112820475,1.56963001981657,-1.8026199657858843,0.400749910800262,,
14.51279200000002,-30.868110799285567,-7.12671779003211,-40.71674995993112,-0.1033674737581085,4.278196409543244,2.045938341173474,1.7863010894316638,-2.1174475306791103,0.0280500516500886,,
14.53182000000001,-1.6358183933866974,-10.208607239037434,-48.59410561905886,1.5356280704747602,-0.3038462155496572,3.759534813552962,1.8468785413451003,-2.2327713708792087,-0.3862837807592024,,
14.541325,11.55378832139623,-9.52974099085337,-52.244091531266,1.277394973806365,-2.3399455264525666,3.367215006432052,1.7620262880569062,-1.918998626303628,-0.2750147048836089,,
14.550838,22.866629100896496,-8.919823490022555,-53.68604231139059,0.9937154144989764,-3.204789206338876,1.174520656298951,1.4437561137611126,-1.7114168587100531,0.0753244662148344,,
14.56017,33.89077632645387,-10.936824184409424,-52.99769812849057,0.9526732235996128,-2.781086185148128,0.5903861327112492,0.9752446809350056,-1.9847551359052231,0.5179970567112426,,
14.569859000000008,44.003509748424655,-15.583733544742184,-50.90628210908904,-0.2802927632048999,-1.5956365068555391,1.1660818957473138,0.4842848998533258,-2.124775403287594,0.8820779730442948,,
14.579371000000007,51.9027342206863,-21.83917301875835,-48.519943695594726,-0.8897850993867376,-0.1534837127878777,-0.051203056709922,0.0152183343994418,-1.9523217039420413,0.9843158281814626,,
14.58870300000001,58.94325283458279,-28.552441185275235,-47.06123390995833,-0.9023850979651076,0.7732253282691415,-1.071147775398643,-0.1369259538735557,-1.847531180493709,0.8919301167917989,,
14.598219,66.52016413625387,-34.20110042451107,-46.81416241171007,-1.0418649573463972,0.9786364611667504,-1.1178704817897411,0.0595818226952735,-1.717855998080753,0.8396112534385858,,
14.607737000000014,74.33867594549896,-37.52604977286021,-47.05886441520507,-0.6668774029787254,0.694569595345868,-1.3075686430949045,0.3807011900130765,-1.38084072518458,0.8683359870348631,,
14.617234000000025,82.89094896872997,-38.54681736223047,-47.5944052339706,0.1461767289427993,0.0521427579488044,-1.0727070569447303,0.7641060924624294,-1.1297957207106462,0.9479910853765564,,
14.62673700000002,92.30811022558322,-37.90833432794509,-47.71992108744556,0.2939087630841274,-1.2073961901257473,-0.3757382633092876,1.0919173264881803,-1.0088289168784834,1.1416127161272005,,
14.63625300000001,101.6788222795205,-36.642919665736265,-46.52686645005104,0.6615950058114466,-2.031373017056953,-0.2586270691699335,1.2013401641186368,-0.9222167124023956,1.3748408168668953,,
14.645757000000003,111.639718617572,-35.73495566355018,-44.79895620457335,1.1399636687903114,-2.446793265987332,-0.2795981454034382,1.2549870310673823,-1.0247896965799386,1.5229382988647568,,
14.664782000000002,136.13026629075674,-36.46929873316146,-43.77396810514818,1.3111144691512948,-3.2100564748628613,-0.6225536066709425,1.4190871389583684,-1.5756231453908558,1.5171712236026815,,
14.674294000000003,150.80862882728374,-37.071106967435135,-45.775363484880295,1.1616076542738187,-3.0758677646910337,-0.981896330289972,1.5860428463959908,-1.7423797580874745,1.359820639733135,,
14.683797000000029,166.19985601171885,-35.955487968509985,-49.1638390944917,1.2910176300011362,-3.047308298586234,-1.39827614581225,1.8365704721386324,-1.6738855496712353,1.1576994796732,,
14.693296000000004,-179.29794562989025,-32.77151570487168,-52.02170318347828,1.4109258954382902,-2.562880952026449,-1.4997722855775222,2.010633685558518,-1.4487592450569733,1.0690551029183115,,
14.70282400000002,-166.34520915574367,-27.94547845121356,-52.86706300143556,1.1842623722055654,-2.0323957677874667,-1.4517338153394066,2.1268115076495144,-1.187778192581738,1.1424379706543797,,
14.712323000000026,-155.02962901006424,-22.199161947981736,-51.305252535269176,1.2236259729566752,-1.584366983602592,-1.9287359021996733,2.166673499550521,-0.9150749899046684,1.2720832153708563,,
14.72193900000002,-144.95031750610477,-16.679702553579695,-48.04165722910979,0.6513730676766344,-0.5955809866305558,-1.524995748145047,2.0731355189535163,-0.7382712463229234,1.323348510317938,,
14.731435000000005,-134.2950088022118,-12.08748152151955,-44.11470930656691,-0.4990727120402827,0.2695680650480114,-1.44759602463026,2.095138281561116,-0.8532491602438235,1.3138395828390943,,
14.74087400000002,-122.25258480501935,-8.429329448646675,-39.97474931362704,-1.3906149715334457,1.5272099089972175,-2.133583605435346,2.2518585192793177,-1.0477061548932631,1.2551610224268377,,
14.750362000000024,-108.97351857796149,-5.9477726763614,-36.12823107982744,-2.0586232033666927,3.249154996775781,-2.354580192915826,2.382964544431593,-1.2369021695522024,1.099386881687867,,
14.759890000000013,-93.79449242226096,-5.4793718540144045,-33.9059040304594,-3.920581786295928,4.60005845134313,-1.888522015897406,2.530442516509394,-1.6591252617091754,0.7449405912366405,,
14.769394000000004,-75.65736607319467,-7.780587751508923,-34.47200141678557,-2.019884655163562,6.256762338249785,-1.98797056420821,2.727127040197201,-2.404922795678376,0.3068738972338331,,
14.778906000000006,-55.2313475664568,-11.057092006817506,-38.26460696159793,2.314091349825905,7.02190405020322,0.8080470096536787,2.863892630226956,-2.914922049410698,-0.0819807788699787,,
14.79810900000001,-15.833304946179164,-11.923171270017972,-50.757157025757046,4.009043312195626,-0.8693120658818292,5.763037784979725,2.621103182185509,-2.6817636970197785,-0.3996631213272676,,
14.807620000000014,2.4046457547072846,-9.27921126676439,-53.83685717077303,3.6126734607569975,-3.65011962337712,5.384395453229644,2.610278100002993,-2.5187563421036034,0.0604007563585019,,
14.817127,18.80731879973252,-7.821392354424941,-52.34654695401319,2.435559319952953,-3.707779831244308,2.578923449396167,2.182504969394952,-2.423151877680612,0.784687302375796,,
14.826640000000026,35.08153055406819,-11.798017628608536,-48.17715989479824,1.3202953588715804,-2.5109687533720746,2.6291683711590843,1.445655856574612,-2.9766690280724406,1.3843107651303488,,
14.836145000000016,50.44732844288307,-20.127922119203348,-44.112418801726925,-1.882343649077191,-0.8141259135784512,3.5073902360483844,0.8562936312789905,-3.2855750924308227,1.6548073595463098,,
14.845482000000004,62.970799907091774,-30.02931399915326,-42.40284623617635,-3.508461640437777,0.7356489526957932,0.7253083671731799,0.3029573159105712,-2.997150719692716,1.4045305466810134,,
14.854997000000026,76.21030842151649,-39.01567383997698,-45.16285854862083,-3.058729315303902,1.2516871925364432,-1.146572097380103,0.3387578226631444,-2.804810387480312,0.9540651767723372,,
14.864509000000028,92.47972598726984,-44.23070680813198,-50.6996005548404,-3.2274337230188914,1.1872437032014749,-1.4376221031175862,0.8610789228692786,-2.500353398843949,1.0607726735788814,,
14.874005000000013,108.61487417253754,-44.70314203735001,-54.43226139055575,-3.119901216594037,0.1231653257258551,-1.7450948566381994,1.3255135375075286,-1.8860800485448528,1.5181004957444466,,
14.883523000000023,122.9397290846328,-41.79084931517166,-54.50670514538372,-2.2585278706455405,-2.051672841975609,-1.4933651519100166,1.686215868937222,-1.3631255528420458,1.9503261775673428,,
14.893025000000025,135.31679609564543,-38.215722900780925,-50.81965587489845,-0.6040374749203844,-4.607362303207628,-1.5472631089327886,1.7199839593343047,-1.0779557055979905,2.329493752404097,,
14.90253900000002,146.24531334771692,-36.77162627477467,-44.59454958541164,1.4344947879531844,-5.220490889196026,-2.0533054368920807,1.3836352888131076,-1.0918641837552918,2.5757645239453,,
14.912045000000006,157.595635265401,-37.48406434948923,-39.10547108092664,3.0034508062894054,-4.149435669426906,-1.5177860078510048,1.2564385955348152,-1.3164693643037766,2.468371887020456,,
14.921562000000025,171.49275697461988,-38.86547991427332,-37.336707187282414,3.979000579035825,-3.6599595489027688,-0.8522152654459485,1.5487671117324906,-1.5701812022085642,2.072712394854233,,
14.931073000000026,-171.5107428318191,-39.75443209568077,-40.28734426396031,3.749506313038335,-3.121704748415204,-0.9217671645420136,1.9394256238367755,-1.7865993396307471,1.5675302390954868,,
14.940580000000011,-153.07490406892146,-37.59658940134945,-46.20922721601116,2.8093082193030803,-2.4164731983241263,-1.1274028534426286,2.3893639087441563,-1.6602196061339507,1.1273354546902012,,
14.950083000000006,-136.33769618855152,-31.1435445082923,-50.68692761002476,2.611595543772112,-1.935285631052408,-1.7010859042187858,2.793312128992354,-1.2189532244734782,1.001556525278298,,
14.959596000000005,-122.39716480720796,-22.4263870105872,-51.572474274199976,2.41326506100449,-0.9958780786628544,-2.439003562322844,2.9169351889644504,-0.8516619437091058,1.0828365384904026,,
14.969179000000024,-110.6482929720682,-13.87943445645275,-48.976168453346034,1.741450475752333,0.4190601835071161,-2.7505414116735567,2.7423260325628225,-0.6310448493755401,1.2508789809225371,,
14.978711000000004,-99.8490635221098,-7.36317256650777,-43.71248814487712,0.6615638270604499,1.7273309154323582,-2.464040015536967,2.410430668431089,-0.6407797651844366,1.4485679484556466,,
14.988135,-88.39166525109884,-3.910758778303226,-37.14209774346572,-0.51880854628006,2.907157720373702,-2.0225747958715963,2.186386880167448,-0.9569257249306656,1.536194133018158,,
14.997642000000011,-74.98338709437091,-3.715640066388842,-30.608140739698005,-1.8364915433125808,4.743701908539058,-1.7479916342687338,2.247139047057758,-1.4618067152466,1.480833507389179,,
15.007150000000024,-59.45138174694717,-7.829563994886264,-27.16550892511728,-3.9787098541724255,6.681470377239135,-1.6166144383660048,2.3148303597658795,-2.21246043897176,0.9976298980355464,,
15.016659000000004,-41.04443278982133,-15.782388599773135,-30.9449108100429,-0.7141982062684074,5.580024902983738,0.9206550827690406,2.388956576759655,-3.132765372412546,0.0052993315168779,,
15.026359000000014,-17.90750636769224,-18.96405396173089,-41.47611485311684,1.2030377523150744,5.090126058938373,5.085423397252535,3.195079968441333,-3.117721127133354,-0.6985001077273926,,
15.035855000000026,2.6658811209181734,-14.947216715331772,-52.03044606468732,0.4617715834031886,1.5629441991779978,6.956622693047372,3.279027174270964,-2.325094656397468,-0.889976536006488,,
15.045371000000015,17.840492054620977,-8.733060710789573,-58.1783606493969,0.2174688331234783,-3.703223105844431,4.075157040544326,2.716540928758284,-1.732555308463806,-0.599129881745342,,
15.054884000000015,32.24882916421697,-3.2187410618714045,-58.18900367319051,0.900454245128631,-5.122853156095903,2.5995099044685848,2.446496892379498,-1.8600332006081013,0.2983288380402296,,
15.064213000000024,45.48502466824811,-2.102840769193166,-52.96241240258435,1.2803815468559292,-4.000215124718349,1.164941402942106,1.6808420951805907,-2.058875209274289,1.164825600357631,,
15.073744000000003,57.74848581724202,-8.316557531790348,-46.986565658748574,1.5992327168404277,-2.2014196397396915,0.1863755224136121,0.6247401654827874,-2.672129861896964,1.4139033183778784,,
15.083413000000007,70.68309113163467,-19.665812969487185,-43.58300361055699,-0.8792936597975577,-1.1298833490777755,2.011003713124316,0.1630929212199384,-3.38207861794162,1.3037597298482972,,
15.092937000000006,81.9940710624782,-31.86767020400541,-43.94502502118583,-3.1488583308682663,-0.4090069147303702,0.850107731917351,-0.2087153413329845,-3.171923395072023,0.9143958102805404,,
15.102249,92.71459335662963,-41.68972763345205,-48.3242982757713,-1.9702636404712683,0.9365172248524114,-1.4989037060041257,-0.2209332800898777,-2.5986468013678894,0.4137039676690014,,
15.111761,106.4891558615204,-47.26094597603471,-55.41622342589067,-2.075893655823001,1.2048498118191178,-1.806240801980047,0.3417857851601008,-2.2315722527543977,0.5175619815009557,,
15.121272000000005,119.3479104148228,-48.08959879352238,-60.2748138009698,-2.369542671961879,0.5074178229825106,-2.079825478871353,0.7819360155015842,-1.5541523896165814,0.9324813533876186,,
15.130866000000026,128.32466550065945,-45.58673991269113,-59.9813734405924,-1.184824151510344,-0.2021983097770984,-1.835251673541832,1.0461174640964916,-0.8170957012826243,1.3697244382158242,,
15.149810000000002,142.11855223991677,-39.1257890658481,-49.218215514656926,0.6150815387639817,-3.6524483381833495,-1.5264237614640894,1.022694918027104,-0.4558485572413285,2.146736244625914,,
15.159316000000018,148.1434990815148,-38.633258201500055,-42.49362968293919,2.2154532637806272,-3.238013837363353,-1.3683574579123083,0.7256397559805767,-0.6059542152801535,2.102807467469628,,
15.168824,156.14020222324612,-39.85027356696342,-38.12619548272213,3.044103271506363,-2.565019518728544,-0.6475461045853981,0.788819993280001,-0.9884819362995934,1.886381338818548,,
15.178337,167.64147651738077,-41.70768675269906,-38.06329231115128,3.3603950201162984,-2.854351203509873,-0.2479851586309075,1.1435988569349556,-1.3675219215253016,1.5165599646459182,,
15.187847000000003,-177.9365017876197,-42.81590206327972,-42.60120550681024,2.96291652642494,-2.4432386479837347,-0.0003821062025671,1.4848054047999544,-1.5499463281636052,1.035857422610404,,
15.197362000000028,-161.8565742443505,-40.77134913270824,-49.53477568978384,2.083535446207472,-2.183376932941929,0.0227395996210345,1.9556604893668743,-1.4444917932926198,0.7625547514751734,,
15.206874,-147.38543286145395,-34.90800215418778,-54.6218642088913,1.971052655685614,-2.345613111128431,-0.8948367524644255,2.32606850277343,-1.0870470384519029,0.7638764372320688,,
15.21637800000002,-136.65330049202802,-27.32573559147705,-55.859090852475006,1.833709739156636,-1.6013747488596548,-1.542159766146747,2.2927854514688546,-0.6491960194964614,0.8644886559302194,,
15.225894000000013,-128.63341249791517,-20.095529406874377,-53.48857878468606,1.136848682017892,-0.6530788253687217,-1.6503173268591322,2.0303586830401743,-0.3646172262414928,1.1195352367965126,,
15.235499000000004,-121.47745681666171,-14.472251316419758,-48.495847684370816,0.3380197220008363,0.1097087534851287,-1.784882063493991,1.736173481536892,-0.355929373520179,1.4235688788798866,,
15.244986000000011,-114.07314638922298,-10.983427600497068,-42.26012606016828,-0.5970094794879247,0.829207178982177,-1.6144873557875137,1.5134849034719025,-0.539819660396644,1.5731931858895611,,
15.254433000000006,-105.2316749972349,-9.34105813657737,-35.82313949499969,-1.6304015811595656,1.7644443708292032,-1.692535015328548,1.5612676608052414,-0.8433677193257206,1.5986185532309527,,
15.263941000000017,-93.918502557141,-9.621813623259827,-30.75045511221981,-3.140500038612357,3.54134387917148,-2.1764557404757823,1.8378493820231685,-1.2737642426184632,1.38557317247608,,
15.273446000000009,-80.84260878657408,-12.77624983544278,-29.14695978753077,-4.9771826905729,4.872016304777387,-1.9406060216319845,1.9118398092234703,-1.827402515802272,0.8281266960060857,,
15.282961,-65.00023439299717,-18.575670221122085,-32.37523772430427,-1.338215377396538,4.896646619234255,-0.9551463817542164,2.034866645657587,-2.5535080577939206,0.215334769053036,,
15.292472000000004,-46.13801882131078,-22.33360154072354,-40.37022591734478,2.0448715914253808,4.979932568447649,2.0821190477173883,2.4196067579501657,-2.685765606245682,-0.3805053741803033,,
15.302161000000012,-28.722510117129165,-21.68828306994725,-49.71820156471953,2.3942269108213794,2.4590854132931463,4.837927744778352,2.388209668143983,-2.1808252227728664,-0.6999000039234511,,
15.311669000000023,-13.903591215987406,-18.57961375679857,-56.18878866325196,2.254625819621085,-2.4356745181853348,3.86920010427544,2.1820840133831214,-1.8383579183946608,-0.39259445002951,,
15.321180000000028,-0.2048816842929762,-14.58156450478316,-58.2396551965779,2.944910447695717,-4.094062679701787,3.9125894718754566,2.0932467275063336,-1.778792201377268,0.374217578935361,,
15.33049200000002,11.21965842049086,-12.732945392490342,-54.43893450548249,2.665991347154365,-3.920716992215034,1.2613099607353264,1.5455291655397998,-1.6409348823002172,1.2183295733919413,,
15.340015000000022,22.475764393663308,-16.239835277497264,-47.42168293852023,2.4346725467912096,-2.049368621824716,0.7800786601656345,0.8389412381776366,-2.135463607488421,1.9008682142463469,,
15.349707000000024,33.22188049149888,-24.27202843861481,-40.21181150120349,-0.1061014297107095,0.1720142155756648,3.076396491118364,0.3553264668534408,-2.557941022419827,2.117311936270199,,
15.359215000000006,40.03425632330889,-33.6192801878367,-34.63652727475198,-1.984283992679663,0.9104749414055572,0.9491316919248326,-0.1799213202035244,-2.2130807043795064,1.698707458030054,,
15.368560000000002,46.047435268814304,-42.00932283605927,-32.310878364986955,-1.3866232268874734,1.4039959005344786,-1.848416267086284,-0.1316473111426504,-1.9256593303046503,1.2034341129640511,,
15.378057000000013,55.7299354480261,-47.58123800804909,-33.744400947409765,-1.8936941966348533,1.839027263908124,-1.6831327599176689,0.5470924472060231,-1.6829471635034057,1.0800587679120657,,
15.387574,67.21831083304804,-48.2421449895722,-37.34265294600954,-1.7398238260085626,1.1474646502190349,-1.402001108158721,1.1770802508478166,-1.0029893676212736,0.9876712662519715,,
15.397091000000016,78.4716737358576,-44.27386109597192,-40.11152346467417,-0.6357403396818188,0.0130673892300678,-0.6867079781111739,1.710240153976448,-0.356739700037107,1.0747730873414243,,
15.40677100000002,88.65756742727349,-37.78364059789712,-40.19511561228275,-0.1925788464973901,-2.0922334215496816,0.5777095891100335,2.012281475465345,-0.0019254675296106,1.3227029954406924,,
15.416099000000004,96.19040158531286,-31.20433812513144,-37.419049249697885,1.165506682977926,-3.443048745330872,0.3621219218745594,1.7947982902345074,0.2428083737785636,1.4472819760489646,,
15.425603000000024,102.80131028614773,-26.50370565463874,-33.501413973627535,3.068188644022186,-2.714345116965539,-0.1713971921715981,1.4909233886931776,0.090892436587481,1.4564106233732017,,
15.43511700000002,111.08475524480016,-24.67088515618052,-30.850156546891807,3.614566913692104,-2.3449070270369843,0.0403586061854932,1.4617213891557412,-0.486644720011126,1.2463339754990244,,
15.444628000000025,120.78615894193533,-25.578275441498462,-30.78336977074969,2.843511511819832,-2.457875090419031,-0.1346930589895886,1.4174440678205098,-1.0565790475677557,0.8380522080325113,,
15.454132000000016,131.25764750646113,-27.63990920851696,-33.72364872857038,1.603775209786643,-1.6808847123027926,-0.3252879732047144,1.3652608259101155,-1.3481959221571724,0.3517383071348468,,
15.463644000000016,141.8708296267929,-28.44001554701553,-39.06450659535367,0.4395337502014182,-1.0192873901565938,-0.6673932225708203,1.4143863892865016,-1.2409750666904449,-0.0681013464837912,,
15.47315900000001,150.93771760417096,-26.44237069600935,-44.55121969518328,-0.3816951860979258,-0.5493475884976696,-1.0263978632013435,1.4666429265718872,-0.7763325732193376,-0.260079730149742,,
15.482669000000016,156.79088058409684,-22.145420691275696,-47.30968159872317,-1.1954660273728068,-0.0553531611223907,-1.1382484844540726,1.3605730165128989,-0.1696780770932228,-0.0694255614584003,,
15.492175000000003,158.9417610016699,-16.631374440807935,-46.17271117650829,-1.7243072188130952,0.6866216668551132,-0.5054545790916939,1.082476056938175,0.4606012057494836,0.3704513653761932,,
15.501695000000012,158.370801334322,-10.280351662980893,-42.08929037757658,-1.7764398070237453,1.1825455334322277,0.2270597322425389,0.8057806099132262,0.9903647762617934,0.7901268045691928,,
15.511207000000011,156.59949798117253,-3.8180283247577047,-36.68652716025438,-1.82540001715792,1.558735681436233,0.2093589288419322,0.5490682439819349,1.2238376003448035,1.0369649638626528,,
15.520711000000006,154.69539902766687,1.3996557342753433,-31.4747001916568,-2.232624201939968,2.1485441942165484,0.1916452615745963,0.2696853687888783,1.0792348832127088,1.034647637061179,,
15.530176000000012,152.86595039032915,3.2409423708719056,-29.413767235642545,-2.544196800019656,1.702540664525331,-0.312709172332214,-0.1287370483365862,0.5032973519416255,0.4274002506494262,,
15.539686000000016,149.20161068434757,0.2260293544420116,-31.92763111211868,-1.889988982783944,-0.1629329814761451,-1.1142976468655446,-0.9386914261096768,-0.1449647328577847,-0.480837963087072,,
15.549385,143.99064683958397,-7.137892382340007,-35.66662761216676,-0.3362416700655868,0.6084686179161667,0.1322325913996606,-1.6859663607646058,-0.644915908547584,-0.8099833470023114,,
15.55895000000001,141.12956733629773,-16.368640147185882,-38.67814069307981,-0.2399322173464681,-0.3500433375807065,-0.107074841351246,-1.5641149220692618,-1.1333860169701364,-0.7183111047531248,,
15.568454000000004,139.41678344143114,-24.83195302871767,-41.17462563322695,-0.2539221554642529,-1.4689546772287585,0.0956436726866755,-1.3340652639211912,-1.093364407554983,-0.6196374108085532,,
15.57796000000002,136.5268819805538,-31.57123077947244,-42.56573619444113,0.8837780476704015,-1.0574949044058295,0.8326361021692608,-1.2804850813339987,-0.6641499378637821,-0.5517167949934064,,
15.587467000000004,133.4881386276061,-36.03772781208149,-42.34578452721041,1.1191778888083417,-1.2192997282402982,0.9578546284473852,-0.9766132256757648,-0.318345383752234,-0.2945324744968092,,
15.596982000000024,129.63465237375914,-37.63863042683429,-41.01841834644823,0.637388881868718,-1.2512357981860525,0.9278737994224148,-0.6741940575450883,0.1713004681421597,-0.1968729986646848,,
15.606488000000011,124.92851964838844,-36.41800178499573,-40.11721732515316,0.989462530969484,-0.6239573995855496,0.6746058341408412,-0.4125173330407108,0.6747227271125195,-0.3870562956626616,,
15.615994,121.73918599623563,-33.77882285797107,-40.312863185271496,1.236540725682233,-0.4335344550215401,0.1245552979883544,-0.0578712608556055,0.7407761869233909,-0.4063586866273117,,
15.625524000000013,120.64472909942762,-31.561830022936647,-40.98766763496138,0.6869632409342578,-0.5698594447152711,-0.3996704414125661,0.1492125424257752,0.4569574451862584,-0.2533985398922769,,
15.63485700000001,120.73743721509943,-30.742086279045783,-41.97070589557406,0.8112924070000861,0.028153530657408,-0.6813660136425851,0.1206078055457483,0.1124481968468143,-0.1872288784898703,,
15.644335000000012,122.5645363126641,-31.81944439416792,-43.14388084681081,0.7425686346306231,-0.187284864583383,-0.8079037557322324,0.0843893512962259,-0.3703258246558144,-0.0449302464534177,,
15.653866000000022,125.57383116563211,-34.87541706429686,-44.004478975596975,0.7041286740588248,-0.4259639437951965,-0.7870569281933403,-0.0570181545740598,-0.790144582004823,0.1590098585179043,,
15.663370000000016,129.96906491706588,-39.102045211762416,-44.80258736377455,1.1328770090044618,-0.1299491377975676,-0.5639396586313659,-0.0896093483081596,-1.0961994013737584,0.3698996316514638,,
15.67287300000001,136.76609904713706,-43.0382258187604,-45.83528488587288,1.1195589778034318,-0.977319020296902,-0.3524403023197603,0.1679917262773456,-1.2821686142995037,0.5761189545875354,,
15.68257300000002,144.97332777980557,-45.37756508894881,-47.67673061904158,1.6428246894303986,-1.3342836744429314,0.2788786881329468,0.471343261331811,-1.1760380039407272,0.6775216637893046,,
15.69189400000002,153.3836829862272,-45.643092007337216,-49.18015865866274,1.795605014997572,-1.8969039476478389,0.3915146659776413,0.7459820242280915,-0.915395129274541,0.827714520140795,,
15.701600000000012,160.23916284511205,-43.57405891689474,-49.38001065625252,1.850025529381416,-1.6452565269598305,0.4983010643668056,0.9519540574528604,-0.4687544458414094,0.8788924668915021,,
15.710916000000026,165.29256786435317,-39.3179424541496,-48.08490548390652,1.8421012751039327,-1.6615192929919955,0.102480378448473,1.140604912376731,-0.00749101490351,0.9104919257458328,,
15.720429000000024,168.99410707915536,-33.83384062452097,-45.61536502247943,1.669807987380971,-1.4134509028027546,-0.4886500024585682,1.2082925604582044,0.3164411795891571,0.935754729757279,,
15.72994300000002,171.99617542293814,-28.02999888314979,-42.49518983146015,1.0775089199721195,-0.7221067284798123,-0.8031807234283677,1.178857770494299,0.476441509919573,0.9331871013592596,,
15.73963500000002,174.60262944640348,-22.1110841615768,-39.23737002247709,0.3256406507813712,-0.0058350495954953,-0.7223918735872645,1.1331687440594649,0.5868154261637072,0.8728502588357564,,
15.74915200000001,176.78704657289435,-16.05373914810601,-36.16717425421368,-0.3396038461353149,0.4214402969782793,-0.3662227090988468,1.068988866269786,0.7067291418371612,0.7571420570130801,,
15.758656000000002,178.1715582169614,-10.188197956102552,-33.38477780521859,-1.0490764578125649,0.8852307902892494,0.0928947630562205,0.8917753463678438,0.8106777693451166,0.619549516649786,,
15.767994000000016,178.61237162317093,-5.12658599290739,-30.998114791110304,-1.814534050677524,1.410992551511514,-0.0653161398994259,0.6140163970147559,0.8111130210605002,0.4893216429117153,,
15.777488000000004,178.0710095310166,-1.5106910186479887,-29.214875433294186,-2.9395213097403,2.1048652567540587,0.0375828797597154,0.2695509236863206,0.6806318514071558,0.3506521691393936,,
15.787009000000012,176.9526612655732,-0.6980678499074133,-29.74979909109884,-4.122042565915253,2.8893197725344835,1.551932646191775,-0.1147984769480336,0.2518096624530304,-0.1114158048206741,,
15.796521000000013,176.4189049091209,-2.539053365584348,-32.863619613462056,-4.273275595067938,0.797233453942292,-1.834640675820524,-0.2828442761273941,-0.2594659981840288,-0.6264232803746332,,
15.806205000000006,173.50602186760852,-7.003431975750004,-35.75823349223497,-1.514611049592074,0.8260943918125957,0.4735445359099928,-0.984039696250716,-0.4105616344802453,-0.6276703586143697,,
15.815707000000003,172.47105152996912,-13.276103772095205,-38.1287388979367,-0.8197162635293785,0.4475355088960075,0.0722835998260983,-0.9180247590593992,-0.8811855165583378,-0.510640904713834,,
15.825035000000014,172.70731854011942,-19.35500651083857,-39.40339975594485,-0.2581559448182111,-1.231326020497044,-0.8483727317357649,-0.722399086414202,-0.9807091128462389,-0.3431476469608195,,
15.834734000000026,171.38611209826755,-24.53980319257911,-40.02556205305552,0.953518984543225,-1.1587444901793955,0.5841283059319977,-0.8495311722787958,-0.6451674263352816,-0.3157563407317797,,
15.84423000000001,170.7999595357205,-28.86667781107112,-40.18073034522202,1.2594978518386957,-1.0115964134854107,1.1705658760251372,-0.6363125586986406,-0.5972333676276296,-0.159877014609238,,
15.853760000000024,171.1644989393252,-31.9339881441121,-40.00812948922936,1.2000454928943822,-1.769757679835953,0.7739720096644015,-0.3455520873131761,-0.511619369091581,-0.0111347378311651,,
15.863261000000024,170.9802427580306,-33.582998866910245,-39.89776206088825,1.0598079165068084,-1.0849920427682205,0.7890296577170609,-0.2350748313163002,-0.2339278437349728,-0.0702181024343876,,
15.87276700000001,171.94430533066884,-34.07938219343949,-40.24949812501186,0.8862377877168787,-0.8691842303022818,0.0631316272503434,0.0591938318655738,-0.179105031873476,-0.0262216882760636,,
15.882111000000007,174.12194881407115,-34.467906141460254,-41.13663958530581,0.7901303678175133,-1.035443750918621,-1.2368694779063576,0.2231668032823665,-0.2933130779976291,0.0108044262444105,,
15.891692000000006,176.8913995629237,-35.52400689862518,-42.49331560698067,0.5357090320570919,-0.1891551333880899,-1.5492230766482495,0.1987327170728522,-0.4598791909057038,-0.012571701769987,,
15.901219000000026,-178.85091055516847,-37.05316271570933,-44.24671010603392,0.7064642094177566,-0.1402365606640125,-1.87322586059478,0.2911724075522294,-0.693456847498399,0.0911379797874372,,
15.920148000000012,-168.32323035140897,-40.58622465077712,-47.85833333459538,2.2699878317473248,-0.8700986812771373,-0.6716928774376734,0.2815871779515038,-0.8388175938214423,0.2536794639856959,,
15.929652000000004,-162.48586421310802,-41.998855453497946,-49.143662919824415,2.5709729567717616,-1.3621279854838082,0.3089778125186796,0.3720164986180765,-0.8439796384816296,0.4625215503639711,,
15.939354000000009,-157.5809217760359,-41.96317844486709,-49.04482065374472,2.90213692221038,-2.003701464294851,1.0596948048562136,0.484196405222683,-0.5463212335496102,0.6429859028150482,,
15.948858,-154.79142145439658,-40.35526891132876,-47.346767991772616,2.783547738140089,-1.61776250573267,1.6515449383371612,0.5203546877386984,-0.09857353775477,0.6935427305025006,,
15.958375000000018,-152.76352949859782,-37.11267127220594,-44.36569081958646,2.649795086431101,-1.3065507461534085,0.9588375360773598,0.6866154090041056,0.2248741498989403,0.8508023828360795,,
15.967713000000003,-151.1704306826186,-32.59700288567469,-40.79894230391612,2.5561235893802445,-0.8350381596515841,-0.5326658300956855,0.8050061771577929,0.4882198073940071,0.9085436752196508,,
15.977217000000024,-150.23553979588513,-27.56952274589033,-37.42877372732122,1.4656363397405503,0.080971737787138,-0.9091387275602332,0.7614768954040104,0.678286275567336,0.7877540103647432,,
15.986710000000016,-149.0216399048506,-22.43356044260645,-34.46201706899727,0.2958890676555556,0.4773384431703548,-1.021758107842612,0.782687659277267,0.7026567724832721,0.7140957032780586,,
15.996253000000024,-147.71858221230926,-17.559828881833514,-31.820147636672846,-0.675000434408294,0.670356376750843,-1.3088650619070992,0.7394314965479403,0.6825088598388291,0.6354671596747765,,
16.00574400000002,-147.05803801971518,-13.055855158977794,-29.314750426587374,-1.4765933625036436,0.5922034468124686,-0.2365625269380969,0.5689898536082004,0.7112800137857692,0.5512931897319225,,
16.02476200000001,-144.62644188701688,-5.874944874009718,-25.566732973279915,-2.434777108476509,0.2847449027566666,0.4045525184058868,0.5534821976594804,0.4551315334053092,0.3757506210595601,,
16.034275000000008,-143.5555039126226,-3.2560964350557047,-24.33186745715023,-2.7627456912185817,0.4185198128542556,0.5932804362981889,0.4153342835059621,0.3848823858932915,0.2848430043139842,,
16.04378700000001,-142.3039145106233,-2.161857252202992,-23.89133355825188,-3.710571691770225,0.4611769066623289,1.136251158513064,0.3179996072097439,0.0975996983794269,0.1085013645496445,,
16.053285000000017,-140.3707642247184,-2.688798413823691,-24.104623501184047,-3.7240170384625246,0.7673507451752274,0.3061913353470125,0.3105084252592548,-0.2534577356084359,-0.040098360609508,,
16.062799000000012,-138.4219112256896,-4.964299910664471,-24.989314427055287,-2.806503784648721,0.91595451164537,-0.280755215611263,0.1657614693601548,-0.5758916059257221,-0.1857534265621126,,
16.07230900000002,-136.33136689602975,-8.777031406234675,-26.69734566017132,-1.5428273338809253,0.7259927968238958,-0.4020935974815785,0.0432483992327142,-0.8680805554020079,-0.3428270124546945,,
16.082008000000002,-133.92308940819893,-13.29049262429835,-29.01463359802697,-0.0591634491935612,0.2921870004106132,-0.5854417512413612,-0.0008694114822458,-1.0201069175403392,-0.4344964565119192,,
16.091507000000007,-131.75853659538737,-17.50776292458228,-31.38204317343399,1.1532094580396048,-0.3392461640544463,-0.1406705168904051,-0.0607283445628947,-0.9401425142756128,-0.4261636142162675,,
16.101013000000023,-129.6978439775469,-21.086782746776745,-33.86131982002627,2.04067892478163,-0.92534085458989,0.524244271789477,-0.0560967022675571,-0.813625858092625,-0.4208886532581368,,
16.11052600000002,-127.39496673117642,-23.966798546592283,-36.5446143739468,1.9826688777157289,-1.190367479266028,0.5894988465022879,0.017267770808061,-0.7166375477298463,-0.4122352305059303,,
16.12003900000002,-125.73233417159378,-25.639321262151,-38.3124802253837,1.5963219795931494,-1.2329338253960498,0.6098321190721339,0.0371677018371615,-0.4495045020297163,-0.2509467493798592,,
16.129373000000015,-124.97222746835791,-26.28357652492772,-38.797391602576056,1.949308531448298,-0.8420119593396401,0.1299431996924661,0.0267366620866169,-0.1861293532911097,-0.0472596823988311,,
16.138891,-124.86825987144326,-26.69181524110345,-38.74549811196959,1.8734790570817368,-0.3918125483731069,-0.5232434086712451,-0.0366623620622851,-0.0753961677107611,0.0196690366579679,,
16.148395000000022,-125.37358447348166,-27.28600145945441,-38.403337720543405,1.4063883602791651,-0.1021120364528574,-0.9209294788768088,-0.1446639116321632,-0.0368028228097171,0.0225879209851591,,
16.157911000000013,-126.325465612413,-28.083575129200423,-37.74969065759192,1.47729140608549,-0.0116630915565186,-1.1909983284275116,-0.2313311524329313,-0.0216385820596148,0.0423173326599052,,
16.167429000000027,-127.53815222713668,-29.06129250344952,-37.06059617789229,1.6901077897831642,-0.1945459013224753,-1.1339591232883968,-0.2882912645303669,-0.0259873479809129,0.0218314203341395,,
16.176844000000017,-128.90860255202242,-29.978375570269485,-36.49425362447172,1.7927781414112145,-0.5517859636218115,-0.6311341026726196,-0.3011718358297829,-0.0041283933738663,-0.0218160983369559,,
16.18643400000002,-129.95886617561604,-30.398322637363144,-35.94215201133191,1.8543786893496064,-0.9546862219754864,-0.0626366313509537,-0.1963141894810047,0.0395502295773141,0.0048030591841957,,
16.19595000000001,-130.44472277206256,-30.01336018245737,-35.31253487010518,1.979783788592296,-1.233453279703654,0.0631581767441925,-0.0234296136258334,0.111615477013837,0.0771307282462869,,
16.205640000000017,-130.81946028738292,-28.62326183673498,-34.475529361207684,1.7416931009944596,-1.3132424379300591,0.3219397247195775,0.1057697662939653,0.2656328850742168,0.1480105514471199,,
16.215147,-130.92429138804644,-26.179535447402568,-33.193907344863824,1.433708376118986,-1.1107460751429752,0.3271711151982475,0.2573702753215048,0.4165657880921611,0.2689019088526482,,
16.224657000000008,-130.53113802370987,-22.90254471722274,-31.564092548985613,1.074113765902979,-0.7531985644047773,-0.0003887165818333,0.4127329099440968,0.5151036977396586,0.3970515757692573,,
16.234172,-129.99881653127773,-19.267482270421425,-29.81554167795958,0.5379225170645895,-0.1470986210779157,-0.539080651867332,0.4581058834909152,0.574296352656681,0.4312128085426747,,
16.243691000000013,-129.53701737640645,-15.707640679747788,-28.117904005966324,-0.89843895502446,-0.0467801480478537,0.1817896479556625,0.4234654264299345,0.5801185848953696,0.4103494295669281,,
16.253196000000003,-127.75145412386566,-12.365335778024717,-26.44918298520501,-1.811666233174567,-0.0079807003835618,0.0462299033239297,0.615777424702234,0.4347094884690327,0.4588137702914599,,
16.262528000000003,-124.85927870049346,-9.672986374900708,-25.13863903627952,-2.2674919712881447,0.2951130064491287,-0.3804385821590968,0.7466764816551347,0.2368732932820862,0.4052922365392144,,
16.281552000000005,-115.58019195386676,-7.356501611137724,-24.86607508711161,-2.8908525289179203,0.2994910726088637,-0.4268630630288658,1.0448003923221405,-0.3380716447764338,0.0908813582806034,,
16.291055,-108.75574771085164,-7.598586119305798,-25.91815904342185,-2.1083795221807606,0.7054982221802231,-0.9350284139794672,1.2034813847055068,-0.6238729989802627,-0.047235119371296,,
16.300565000000006,-101.2103311079655,-8.566589679740447,-27.819135995811305,-1.2976683658520185,0.3035614927264735,-0.6097083946184898,1.2478146745537642,-0.8470724449825401,-0.1958229329830966,,
16.310250000000025,-92.29333054877344,-9.81568281365048,-30.217962714657588,-0.287694732043115,0.1377320408866903,-0.7082396085838951,1.4215249556427805,-1.0712807785811662,-0.2246256801055296,,
16.31957700000001,-82.75265755147178,-11.03639342089189,-32.31633130193296,1.254770994064348,0.2370061166346388,-0.5130705824384213,1.480906170615239,-1.1813627612635125,-0.1061355234224693,,
16.329099000000014,-73.25291227079028,-12.057041888350282,-34.143053748112635,1.4690045387279174,-0.6265454034631751,-0.0846122052535254,1.4485172436497131,-1.1899025647420352,-0.0126681448153693,,
16.33860200000001,-62.96206158808587,-12.876000851473876,-35.32683321408296,1.7316818738996358,-0.5055798984167738,-0.1313924111282135,1.5614433315396874,-1.2789989418519083,0.1842710963325456,,
16.348123000000015,-52.535336348819456,-13.9415016286458,-35.447924654453494,1.937794125986904,-0.008702814624788,0.1178044383742927,1.5337523473883994,-1.3478896490533945,0.436597660212103,,
16.357811000000027,-42.50127070129449,-15.383342398996907,-34.93498942756736,1.756158841090689,0.1016267297631353,0.6178189993109765,1.4239391613356596,-1.3540356414914816,0.5869961611590188,,
16.367323,-32.38927794370036,-16.825430583635843,-34.63225007982338,1.354820675571296,0.402513999846451,0.6944924690126373,1.433410258541156,-1.3462993150117863,0.6220889685194508,,
16.376819000000012,-22.78914279336418,-18.34432989694512,-34.569727769433314,0.8916232242958474,0.3588345546580563,0.7016508042863853,1.3360261979138073,-1.290307888056133,0.5932275596972582,,
16.38633900000002,-13.850896712456684,-19.81495541347316,-34.79168100241451,0.6719621667435266,-0.0916820965152764,0.4917894724459829,1.2236724722413788,-1.204044293140874,0.5406626990412864,,
16.395850000000024,-5.325136503212251,-20.656278012595592,-35.254588823582175,0.548059159614935,-0.2640251547730426,0.1704886874122079,1.21515272846492,-1.0569083378867632,0.4979171339734343,,
16.40535700000001,2.538253873228173,-20.969913079620056,-35.68046573772306,0.5040566440881943,-0.3776294305677734,-0.4626474402445083,1.162219804078826,-0.9049919575442024,0.4742850633876407,,
16.414683000000025,9.679404040126409,-21.22501665513024,-35.931945643476304,0.5017004238671361,-0.4387303158724815,-0.9761454003435992,1.0520172829018248,-0.8218128108493864,0.464385426612717,,
16.42439200000001,16.29507767996538,-21.319729649083943,-35.9802881938002,0.4885855481423546,-0.5346035069192798,-0.4481384425182458,0.9880649827636584,-0.7401176411633857,0.4709093414693709,,
16.433712000000014,22.04777739942751,-20.724929970733868,-35.64331823541922,0.816635492183768,-0.695456842146307,-0.5148653834289986,0.9415564070042466,-0.5326258626498303,0.4806235040793698,,
16.44322200000002,26.69734785578345,-19.85555095300677,-34.9859045629143,1.0125013190901255,-0.966377387543634,-0.484615788284876,0.8131264223591146,-0.3628155234024857,0.4544013063866476,,
16.452729000000005,30.402338879340128,-19.35468238618302,-34.251999908784654,1.428791100142641,-1.1284655679237627,-0.5616363293580231,0.6320787731145739,-0.3145213096382274,0.3958105835506936,,
16.46224000000001,33.03475030919541,-18.95898335146936,-33.26856700127794,1.4821952520066797,-1.092640006002258,-0.6460906727598397,0.4579718666367746,-0.2108331740550566,0.3698375785555315,,
16.47175200000001,34.62368071847742,-18.514532964501274,-32.025317366243115,1.2311222846892087,-0.8070620057356735,-0.9220930067653524,0.3017057001148131,-0.0876034105765875,0.3511072292318759,,
16.481280000000027,35.40243995883166,-18.153500175559746,-30.84562546663969,0.8422978208267068,-0.5567549379845821,-1.0172244400443522,0.1639988517548412,-0.015513064975754,0.2852460980757783,,
16.490762000000018,35.433636038589384,-17.51297070997709,-29.802171427918783,0.4157886059094079,-0.469022038678699,-0.8810336515015955,0.0699681396587891,0.1076581072468083,0.2268653620576309,,
16.500271000000026,34.742768995111234,-16.070886232188087,-28.634684225235883,0.0836722037901921,-0.3655988214367285,-0.8630860849947094,0.0255997136244209,0.3166396802055042,0.2104964301419588,,
16.509994000000006,33.56601229224799,-13.780285711464714,-27.42666472708962,-0.2151025439521366,-0.3513176460156744,-0.670365325366173,0.0150392237237652,0.511819319188022,0.202612175642865,,
16.519532000000027,32.09058169541809,-10.808805552077908,-26.25686076617874,-0.3081890367278894,-0.5242197820529251,-0.2726628252330036,0.0119349557908866,0.6611780235052349,0.2014728492280755,,
16.52901300000002,30.534068439711653,-7.293600632522507,-24.990575173851525,-0.4161817660936173,-0.6996633082531566,0.0509721303589656,0.0279222049519065,0.7676761053782515,0.2373267905400925,,
16.538502000000022,29.25856034988349,-3.676701426648543,-23.63912338444356,-0.7533610241497027,-0.7744228313392963,0.516713087210057,0.0674941292223758,0.7645591954343103,0.2766623204567243,,
16.548021000000006,28.2939783465122,-0.5623851148011588,-22.31722452699568,-1.2671124329052352,-1.0320021578710064,1.4821872015341278,0.0662985016521522,0.6493916144178643,0.2779414693193224,,
16.557523000000003,27.57582270715205,1.980801311085267,-20.93017269623765,-1.5098786378868023,-1.0966478224972112,1.8965693196827185,0.0542631280250254,0.5263497342328265,0.2919345497481497,,
16.56703200000001,27.19447795379658,3.9616318963072015,-19.369541363199843,-2.033105595060145,-0.6943363844364672,1.470496456123851,0.0651476578792759,0.3986083907990989,0.3226173161563517,,
16.57654500000001,27.377772838532,4.763360618869884,-17.79983602446755,-2.1048225740888182,-0.8352657663548746,1.7790885259152518,0.0858174546688823,0.1405241061666564,0.3062175085711852,,
16.586048000000005,28.244778039754834,5.087341921096271,-15.87871046021423,-1.6345634454115543,-0.7414253164607016,1.6444642936139928,0.1843341483328599,0.0120681304110337,0.3603624967440603,,
16.595565000000022,29.4698408314288,5.660934040771421,-13.471895672714204,-1.4475787437814722,-0.4589286981554845,1.522346659715691,0.2653567756809858,0.0492433590382994,0.4589079344832216,,
16.605069000000015,30.394891909620053,5.814359241779869,-11.149067684087273,-1.0515042001911958,-0.1881618060936299,0.6497728257855141,0.1866138057055358,-0.0092688790863625,0.4465624538493548,,
16.614578000000023,31.27934810711309,5.398672346570615,-9.119178444185604,-0.4157709172537104,-0.1972913256184271,0.1970663985575654,0.158856344270084,-0.1129371160514617,0.3891280378812889,,
16.62409500000001,32.18623948465289,5.06961329110823,-7.00586908872832,-0.1257156961599162,-0.1124576302888968,0.2966718558022484,0.1698049129028003,-0.0905890575788322,0.4065666263709723,,
16.633623,32.47380334018051,4.667885717145374,-4.880525321415947,-0.0609032522150684,-0.0301804897026887,-0.0177652888221538,0.0487342097096954,-0.0859379667253321,0.420662049129518,,
16.643145000000004,32.43882008822459,3.885110528123229,-2.83339394974821,0.217840571646144,-0.0520931576404818,-0.1675398588708588,-0.0175141028556758,-0.1559049911569499,0.4104090984369612,,
16.652634000000006,32.2675051755614,3.16115263149574,-0.5425493452317605,0.4700213441392131,-0.0565334207060714,0.1835261615337375,-0.0384959560328866,-0.1438817213239829,0.4607919351837704,,
16.662166000000013,31.50564139698531,2.636493328367389,1.9601798994052944,0.4978195161985754,0.0545988585427887,3.724129076975102e-05,-0.1510532738362879,-0.1069218577185399,0.5088178523898073,,
16.671674000000024,30.481960101409715,1.9045766906894657,4.257771048131331,0.6542380860408413,0.065917215156558,-0.1669702954125625,-0.1965721771348684,-0.1574365853963623,0.4681428819100667,,
16.68114300000002,29.623256195318813,1.09459379748862,6.23214490538478,0.8309844831467779,0.0542248420838639,0.0479635129693334,-0.1563412288534845,-0.1772091334735964,0.3998101198266188,,
16.690674,28.72969431612487,0.5571596606007327,7.858065041600099,0.6677138007815585,0.2056101030457854,-0.0487849969314638,-0.1643535748151637,-0.1287321819391434,0.3281235876733929,,
16.700185000000005,27.819552126191272,0.1168519069068828,8.904172667451236,0.4334206586637807,0.2838607405106606,-0.4052910231474745,-0.1674377777381921,-0.1137760576201427,0.2105262427082167,,
16.70968400000001,27.273871418182072,-0.2877286552868524,9.379079339130978,0.4025077204617218,0.2226382930055538,-0.3803157350045181,-0.0950022295264678,-0.0973349086243584,0.0949262331621441,,
16.728542000000004,27.240639532216104,-0.059081921604761,9.99300345137201,0.4389518382276059,0.3666126563674328,-1.098709272157107,0.0228140831120007,0.0597423036033392,0.0709936129947127,,
16.73808200000002,28.14085106565416,0.2630369135272978,10.685084969053118,0.9355944470252384,0.3094847114285748,-0.8380189404686804,0.1657433215992329,0.0958005992400596,0.1382473303809752,,
16.74757200000002,29.402559770976875,0.6427094049577498,11.952575860274436,1.3958638108011994,0.2608660996677354,-0.9831860072499032,0.2327879937480652,0.1241277652175102,0.2517749008785971,,
16.757068000000004,31.280299920323166,0.8827702123871934,13.736987464206011,1.976189232396312,0.1002773520393079,-1.0457277463201562,0.3558560373625,0.1304474359621248,0.3522466747663447,,
16.766568000000007,34.424881199140245,0.8909003241608237,15.811982185475244,2.551820424577308,-0.1657238139311068,-0.7130522096067123,0.608345439472275,0.1621361444711296,0.4056180624754346,,
16.776070000000004,38.64126933788032,0.5892146442579248,17.663085529074962,2.5899682062684923,-0.446629586550604,-0.399225917259561,0.8259734909465282,0.1845790716240643,0.3797000595649,,
16.785586000000023,43.65533821523361,-0.3261640382699527,18.706098302159106,2.195601789398682,-0.1915310572510892,-1.0925028740008187,1.0110745179669596,0.1385930217955449,0.2224548635987191,,
16.79509900000002,49.94026479742983,-1.6016951770269938,18.75546039018568,1.8045289319430848,-0.4991802429092971,-0.3682833507252316,1.2735832301567986,0.1619769679216809,0.0390444202565101,,
16.804624000000018,56.21466681287461,-2.4378318386753124,18.30113910708209,1.2069430750878327,-0.9658602285392178,-0.1979215909952866,1.243576746447728,0.240382354490113,-0.0465913018452799,,
16.814120000000003,62.18943019362021,-2.2820624610506988,18.043931366928188,0.4273798926224247,-1.24542970080442,-0.5167811603636439,1.12592452049584,0.4023815516685182,-0.0021946501429992,,
16.82363700000002,68.18935037061958,-1.1971126487194157,18.21000671439496,-0.1072839299743892,-1.3418710085665355,-0.5703673154022143,1.0736508330469725,0.5798557328322985,0.0696805800888078,,
16.833152000000013,73.59261883552115,0.6183581783035453,18.90207548875243,0.0251202709640011,-1.3838084672326416,-0.6324441093625874,0.9104491806014858,0.6881107747151775,0.1574871731869936,,
16.842655000000008,77.9370239573008,2.953925047216856,20.60128682084466,0.2742855079535434,-1.1671326543005542,-0.9385040287335008,0.661012483949961,0.7332123843223248,0.3329541186872207,,
16.852165000000014,81.26379903754413,5.3675528744285605,22.81140939946704,0.2663090475699398,-0.5982866768705744,-1.0465129759243277,0.4393707805036136,0.6941616099178898,0.4196923462812958,,
16.861676000000017,83.01421404257846,7.574942067831719,24.54230773021655,0.1982246409919599,-0.1838041553035009,-1.019688417580482,0.1419857083767643,0.5444888998011713,0.3291451104032369,,
16.871376000000026,82.96702170071325,9.583100606932756,25.488670364014112,-0.2305853333958671,-0.3070486946783278,-0.71733822300121,-0.1784198067326281,0.3604696441171776,0.1961472153592114,,
16.880896000000007,80.92189247454037,11.5378800562558,25.490783134096134,-0.8752255394467395,-1.2801636677328054,0.4007633579187043,-0.5319088169840918,0.1796751321422718,0.0604487952010316,,
16.890391000000022,75.54147273473016,13.499668828841338,24.302014860676213,-1.854773053786778,-1.8336415885031825,1.3592310625254294,-1.119060544856386,-0.0882193455309631,-0.0351469306349162,,
16.899889,66.7348449017532,15.186560841722688,22.12909180205551,-2.5032520206259554,-2.433150911842571,2.008639034907152,-1.7020860006287142,-0.3669200588771533,-0.0418409988884292,,
16.909401000000003,55.68022947908884,16.139310566316826,19.95905091151302,-2.5347648839032835,-2.922464870258416,2.6559961857375374,-2.0554756366059506,-0.5934383346874604,0.1010203006171117,,
16.918915000000027,43.42317298333826,16.12313768826304,18.940098779534985,-1.752926702318842,-2.622772179918468,3.5411137029464133,-2.2196529291627094,-0.7937300180174462,0.419327002052574,,
16.928416000000027,30.505319759851183,15.343690766468209,19.700633092565784,-0.9173075456959592,-1.2107826776426505,2.71201415518646,-2.296255165248485,-0.9747028204793838,0.810021072114654,,
16.937934000000013,18.625384157962607,14.583103073725852,22.262040545834125,0.1043029104346875,0.1080263251818325,2.0643771724818283,-2.090645788982174,-0.967444735213693,1.096052327011278,,
16.947441000000026,7.92477379413029,14.56325840640698,25.58808637271146,0.4715675802582521,1.3227121639747406,1.5279523589694115,-1.8943157314630013,-0.8453402428798698,1.197443681256249,,
16.956955000000022,-2.361009050315181,14.85267391448239,28.191885444131167,0.2474712358344634,1.6183281270876737,0.5407741645291319,-1.803231311181796,-0.849618658740358,1.0429225305396623,,
16.966456000000022,-11.977601058193224,14.919021052072372,28.83129747448832,-0.2384360532010455,1.4883904266796315,-0.0947349295001445,-1.641589526420436,-0.876658520882437,0.6223939212240868,,
16.975794000000008,-21.17691685457752,13.909819196887304,26.94795580289093,-1.0684638344522943,1.194810235008024,-0.6061915297996892,-1.4823563393352703,-1.0126355193108507,0.0822005552751135,,
16.985310000000027,-29.924328923267403,10.865482749958034,23.182008419950083,-1.1415849003111656,0.3991951963977482,-1.349894602710736,-1.292025173990826,-1.2758708896278166,-0.3767054630474416,,
16.994906000000015,-36.68486038343609,6.319261577764613,18.68291346931564,-0.5386649713694902,0.0867573927627421,-1.5152347332868563,-0.9257234405474732,-1.3276776111361113,-0.6970768096405259,,
17.004414000000025,-41.36509906949175,1.7920279813972697,14.230318863295407,-0.0089303563188325,0.2132854123080867,-1.4189514287097638,-0.6401787533241304,-1.1339432658951782,-0.8243020047210939,,
17.013860000000022,-45.19441934835262,-1.87845025603348,10.85365398966016,1.0873314700536292,-0.215907364218733,-1.2656126658520506,-0.5891068448908402,-0.8837536629713884,-0.6762151955196409,,
17.023360000000025,-47.890555230581285,-3.4587771427653555,8.78327443336735,2.26077289491436,-0.5123651276694964,-1.1459229752447664,-0.4774447040684461,-0.4036997909900939,-0.4395870582459364,,
17.032865000000015,-49.33217264469105,-2.3059633535466184,7.716300696086148,2.425410206477566,-0.070149731388952,-1.3860392162630293,-0.3184275908400679,0.1870676293941662,-0.2281242210685484,,
17.042373000000026,-50.36500912745332,0.4653371149807155,8.083183542867971,2.715519184129457,-0.2710323567025651,-1.929549937358833,-0.2810894118336982,0.5211829354860319,0.0701412774976136,,
17.051884,-50.60989811831181,4.011009517594898,9.315692929745463,2.8794828723318697,-0.2105700377986491,-2.232671624567716,-0.1553277393142537,0.6944716686908596,0.2648502142348361,,
17.061384000000004,-50.02543580456176,7.6872032470557,10.56353799761917,2.483361683947487,-0.0635861828560962,-2.2514486742362902,-0.011651165408222,0.745130289621661,0.259846087418245,,
17.070904000000013,-48.56433379275753,10.42076265658143,11.829647052785653,2.3490856213429843,-0.2384789960239545,-2.1029214714734192,0.1776584446890422,0.5928367287838351,0.2266946369258923,,
17.08041700000001,-45.89657838537386,11.846061252438302,12.8920891035905,2.6009355214680623,0.1843537306826872,-1.6281630090625103,0.4510367457490368,0.3907203818137142,0.1188548614632556,,
17.089823000000024,-42.56072759826015,12.459238978476987,13.420291054097095,2.07361936033622,0.1009800717011944,-1.499374588166186,0.6078730781736983,0.2681285470107938,-0.0348738887521113,,
17.099443000000008,-39.36645184843829,12.001858210090209,14.294532555853824,2.036129764289037,0.0480826767065415,-0.9293348181035852,0.6287883235747614,0.060807642519286,0.0395074545036806,,
17.108938000000023,-35.79160033434626,11.396999531972677,15.607476999453992,1.5715213465712978,-0.1273678073555835,-0.5799894138786279,0.7084096415836257,0.0638495815017388,0.1176536592769689,,
17.11862500000001,-31.835272624721693,11.585860306122273,17.201724126074048,0.3406195421277977,0.3618585730234812,0.2428371750093802,0.7339992432392008,0.2554867021759929,0.1612736722799941,,
17.128142000000025,-28.81515617510883,12.404838862229605,19.40471455831412,-0.7590493435678635,-0.27474584502919,0.6719001011471833,0.510104619650476,0.3414055492509191,0.3153171239002184,,
17.13765700000002,-26.09342988951853,13.551607045938605,22.429106413699568,-1.7253884930328105,-0.3598584573627839,1.596548894445522,0.4143633996067977,0.4037959044031248,0.4969256917587963,,
17.147159000000016,-24.05237247756439,15.115749497820122,25.92737369987619,-2.877540897361949,-0.486691476416315,2.452480456787604,0.2336840132296626,0.4475357054838402,0.6344238874708206,,
17.156665000000004,-22.999739458229275,17.071879546665663,29.302896113592134,-4.509367753386963,-1.4315953462806963,3.4946364759776025,-0.001264163413042,0.4409596250726932,0.6610409188036613,,
17.166184000000015,-22.61023349199609,19.111767323613645,31.16699082953904,-4.962835275650972,-1.7185354012637206,3.097536028443629,-0.1409875669153234,0.3904485420016262,0.3863825051157841,,
17.175703000000027,-23.43103360363777,20.40594660808036,31.343770630101595,-3.126326339834636,-0.2005177109140496,2.398991119051761,-0.2665745397096981,0.1414497118309274,0.1069908494054435,,
17.185214000000002,-25.22058954377681,21.917626923060848,30.23198000300091,-2.4982869566176333,-0.1729679569651887,1.3217745834232555,-0.4419832657103518,0.0889626318667359,-0.0932134656864735,,
17.194713000000007,-27.12821058663584,22.49403430654165,28.45564170558396,-2.059451360755145,-0.6753114659380447,0.2592178427490324,-0.3647701285892516,-0.0728792511729969,-0.2231423851091079,,
17.204229000000026,-28.13674427635715,21.298652320443,26.557732004942388,-1.2079536362229155,0.0299615940014836,-0.1876692169075138,-0.0553085298845019,-0.2988843594665485,-0.3306532449918395,,
17.213738000000006,-29.05466524959835,19.579374775675856,24.06810391689296,-0.3815448318834528,0.1556655673079388,-0.5581328789527056,-0.0079063259239558,-0.3848489792093911,-0.469914633711505,,
17.22307600000002,-29.50937040415438,17.83631592061565,21.15806389044417,-0.0647596767013729,-0.4738816042382501,-0.9968016032728936,0.0552176969591277,-0.3552607576415673,-0.593413257607365,,
17.232754,-28.670130300115964,15.530508947174152,18.70317498706892,0.4765577381588327,0.0540310948503334,-0.6739533462596716,0.3093422352132267,-0.3786901925370707,-0.5758296935604568,,
17.24208200000001,-27.74090453993063,13.392633742556605,16.793316679169553,1.178907079769412,-0.1913267569073209,-0.5351048517185746,0.3026175177999051,-0.3523256889206674,-0.4624052406636195,,
17.251599,-25.934921579099207,12.096946283840891,15.51441760040281,1.2579218003162544,-0.8362620516421653,-1.0851802269471411,0.4111369123518854,-0.1505725168642453,-0.3618422870806316,,
17.26110700000001,-22.711664169687417,10.990155099720592,15.277380489423736,1.202990286597749,0.0983723172036831,-0.6005709055319953,0.668500736302142,-0.0452022363954165,-0.1944548187152374,,
17.27061500000002,-19.94807237323029,9.893627966669753,15.79835996225653,1.6057670110412403,-0.0821044670334536,-0.89070208360965,0.5831260988403667,-0.0654581026416438,-0.0061535952442404,,
17.280123000000003,-16.866275866001466,9.240617616782243,16.59141173985046,1.703044335271035,-0.288308093153605,-1.4038219733084474,0.6207719268279608,0.0443635138680085,0.0491713284234403,,
17.28964000000002,-13.060154767543429,8.597830424535674,17.396243238514568,1.7753258101013785,0.2112852482343662,-1.13375031348404,0.7575727167118317,0.0971901640195944,0.0371943894053149,,
17.299162000000024,-9.47858701542756,7.736355655740421,17.894059099988596,2.284386380971815,0.0887234597508368,-1.324556718741211,0.7287141117893873,0.0509953403436252,-0.0068083161352681,,
17.308667000000014,-5.353416758177563,7.171067790149142,17.916847852041982,2.610313373610885,0.0136292912620837,-1.4523041402491903,0.8141055656464231,0.1441393635240037,-0.1025888975621704,,
17.318183000000005,-0.1492493346642056,6.87281199742616,17.63941627991384,2.5992477954024737,0.3047593327526275,-0.907050598210905,1.0030352622623733,0.2589466185411067,-0.1828964586986326,,
17.327685000000002,5.361196495504923,6.568599704015436,17.328469806542,2.728833233430652,0.2251503433217069,-0.5966993100924228,1.0634245167661058,0.2711558358812879,-0.1913350963852548,,
17.337207000000006,11.273927111211467,6.601578674880419,17.397605152890893,2.494635702924199,-0.0767077689904245,-0.5816417025532827,1.1205111045661331,0.3572655534360484,-0.1219354970431429,,
17.346708000000007,17.916852654295095,7.0807571108508345,18.20227901394238,1.7184480376199285,-0.219353661864738,-0.076267159880423,1.2280916248721991,0.4949518886200076,0.0024995566106443,,
17.356398000000013,24.3199725033337,7.721164206694444,19.758046772658503,0.8426838512330045,-0.5935910404643542,0.0749192624172588,1.1606016558080872,0.5346403220408994,0.1460337593650337,,
17.365906000000024,30.256685542124654,8.487229768425165,21.82830400228169,-0.207745789708375,-0.9177278692914396,0.0399936041804703,1.0461214362562083,0.5603945969526224,0.2608643755641618,,
17.375406000000027,35.448387301263075,9.407193544619862,24.109015401498,-1.210074810300655,-1.2617412946103916,0.5454833224173267,0.8736342756151658,0.5702132638839488,0.2946674049433015,,
17.384920000000022,38.64565076287018,10.455685496239283,25.8044782332714,-1.9588537587881767,-1.8765924245205987,1.175616695202902,0.4831484940146086,0.4563623889496562,0.2289630229920494,,
17.39444500000002,39.23837798326958,11.66736723848308,26.34457219366156,-2.479459493979411,-2.28295970447368,1.5729598523756323,-0.0020171626298864,0.2691152027160526,0.08535857536972,,
17.40394500000002,37.570719020636886,12.999023735585885,25.562565581078125,-2.8132949030826926,-2.196397510484652,2.004327406633561,-0.4099863519856896,0.0969604161690757,-0.08524430219111,,
17.413456000000025,33.70253539094774,14.234516433088803,23.72968581669141,-2.725896907300616,-1.5987522325861252,2.412494891462682,-0.7872875305573237,-0.0891566986357134,-0.1845061481000837,,
17.422971000000018,27.44224516137288,15.0857123466893,21.476911661576224,-2.2746963034729464,-1.1863011018128335,2.167830067675561,-1.1849214455929666,-0.3089033982100884,-0.1334018625633045,,
17.43247500000001,20.290610561894017,15.340531095963753,19.595855989265488,-1.7078933132948682,-0.9381966734107884,1.161056012488435,-1.3117577275694663,-0.4369922641661045,-0.0004241088791951,,
17.441992,13.947221612008608,14.960752697831216,18.654183424612487,-0.8667094305225903,-0.4613865324266956,0.7081167634687431,-1.133375992880321,-0.4734226971278334,0.1435878864024928,,
17.45149600000002,8.498494609844332,14.352890016129123,18.8749503941766,-0.314624730367788,0.1133989678244254,0.1344801670124963,-0.9597964266970572,-0.4556619929296954,0.2968251891403168,,
17.46100900000002,3.717470400543214,13.67334411656311,19.66172266160842,0.0812556538733716,0.3219512688893937,-0.4683694538160072,-0.8315982801961825,-0.4355008896886888,0.3720334742856725,,
17.470336000000003,-0.0032406939441151,12.868742139019863,20.443482242098582,0.2193081073964378,0.4262780940072652,-0.7678699883444293,-0.6256171698368159,-0.4004084828104615,0.3093815283453532,,
17.479851000000025,-2.7887802984350567,11.773127071960712,20.65463371434319,0.1846542610721674,0.5887386691823973,-0.7029536305903077,-0.432878832833366,-0.3970369433721691,0.140169099747571,,
17.489372000000003,-4.994595075652436,10.296736326659293,19.94792155955325,0.0849072366115975,0.412848919762814,-1.013981378599665,-0.3035783106214755,-0.4279396381520383,-0.0809160020814777,,
17.498876000000024,-6.216783251868481,8.410783263967957,18.3905555456504,0.1319221576263587,0.3829940639057763,-1.011023548113831,-0.1035167181167041,-0.4361025182183571,-0.3023579457973157,,
17.50837900000002,-6.682761232367205,6.356867763164929,16.291940703547894,0.3986126795525196,0.3405865931352848,-0.9172105308461168,0.0348763498893638,-0.4201047345352581,-0.4421160684056575,,
17.517919000000006,-6.61948387006841,4.527933566751951,14.200347976141424,0.8798685325323868,0.0006150491519692,-1.1807374126732455,0.1092212831022919,-0.3497845881482502,-0.4687881178072275,,
17.52739600000001,-5.67694054233387,3.1666191572263327,12.549455176966362,1.4426621558518176,-0.1475777013395042,-1.3080855594193028,0.2466621958128976,-0.2211695121880841,-0.3853058806881537,,
17.536907000000014,-4.040086931972635,2.34963650827663,11.674918830808815,2.0599874570668493,0.0297701440435258,-1.037990385629162,0.3545231468361661,-0.0907724672758238,-0.2210974229413837,,
17.546425,-2.4105152039195463,2.107557470394581,11.69555571444252,2.7274943742502167,-0.1298305863900773,-1.1527416700772544,0.3290779304239084,0.0188764459546678,-0.029850686379616,,
17.555935000000005,-0.1104274777855811,2.393876133483269,12.564476787206337,3.19969997479934,-0.3009571937771061,-1.454381964041075,0.4378055111550825,0.1529134293888362,0.1467923125923722,,
17.56544200000002,3.6340081890645854,2.8732662650702507,14.141730377954488,3.183817138563956,0.115799404532073,-0.947043936704877,0.7065522882974984,0.2663346439260241,0.281243392105453,,
17.57495,7.851818067893302,3.150856429307212,16.118054881246945,3.019682506381235,0.2258152638898408,-0.7432663872546702,0.7996443484167552,0.2737629353068943,0.351155727395699,,
17.584468000000015,12.40593026934283,3.234217780528608,18.17765194455853,2.494423183161143,0.0763638382271569,-1.0655191482613084,0.8650787906618819,0.2843868066152799,0.3613850916973292,,
17.59397800000002,17.743617053113798,3.2164010181605955,20.03440433918752,1.5674699029113528,0.0399778206662887,-0.526664689042429,1.0094637876263903,0.345909207597512,0.3113707564192502,,
17.603681000000023,22.90061643595188,3.340310046593896,21.40475856659481,0.5610065607739103,-0.3148766121257983,-0.2344632507538488,0.9554377953564372,0.387915623416774,0.2151455091799808,,
17.613177000000007,27.64613990531813,4.158994542434202,22.254357002080045,-0.5199635826908234,-0.7533518434520066,-0.2070242711230542,0.8192400007670397,0.5046503669620461,0.1078693311176625,,
17.622683000000023,31.941439216865376,5.855778166344662,22.587074089231912,-1.5392099161214228,-1.1450895978661182,0.1931232576393709,0.662489183403802,0.6406896613433729,-0.0084937540291852,,
17.632194000000027,34.82757777439059,8.137473694876649,22.296569180494338,-1.967882404853183,-1.662394167326839,0.9757301308778752,0.3558057742333145,0.6411409247654465,-0.1285536627155878,,
17.641703000000007,35.43288390993161,10.739899309262697,21.442668762931675,-2.1990769865503395,-2.0548528034841924,1.2683135038652595,-0.0831314708675316,0.5281099510540768,-0.1908316560652728,,
17.651216000000005,34.245194341709045,13.243308164140954,20.27852091848467,-2.4298009081237737,-2.006113487142945,1.4546622012513388,-0.3958706879846635,0.3855332214317613,-0.1836473766559591,,
17.660732000000024,31.329017318081423,14.868645105132302,19.166437249037283,-2.352131309288775,-1.6735977821733143,2.1101435702594187,-0.6430969241697675,0.1145376071064002,-0.1017137443451271,,
17.670240000000007,26.458175027015127,15.145386177011488,18.51463855471061,-2.097105005635686,-1.4118597989803865,1.902167383995188,-0.9090886209657434,-0.2529016291295836,0.0941719446827974,,
17.689276000000007,15.524080839594063,13.269066613888722,20.427251869310066,-1.54261217046572,-0.6238786480776505,1.3429337693827297,-0.9212934497012772,-0.5724449139667427,0.5336133164275297,,
17.698770000000025,10.502246045868633,12.155556763019334,22.395322265666334,-1.3466134095260622,-0.2047049176950769,0.7326483282274576,-0.8311372172208754,-0.566703268296197,0.5835531615885267,,
17.70828400000002,6.043103152869669,11.310415326659154,23.986216280852467,-1.1687714436128094,0.1550400230430715,0.2675597617809536,-0.7364679106795134,-0.5005298040721831,0.4756167119738277,,
17.717802000000006,2.0131085670046938,10.54316744018989,24.469044000881347,-0.8525036131243556,0.2825089968358357,-0.2518199822854569,-0.6590404372522812,-0.4658082087581147,0.2271767043849095,,
17.736627000000027,-3.707766996810358,8.270654570288603,21.30879970901242,-0.0612956293763462,0.5167263084338741,-0.7371940789393564,-0.3430386594714831,-0.4303654652943352,-0.4042099013631331,,
17.746143000000018,-5.288856767823571,6.453377309158348,18.41680550401171,0.3872122771701299,0.449358704204747,-0.93871038779274,-0.1707893527492021,-0.4492673204729138,-0.5845436077366708,,
17.755661000000003,-5.856320647594571,4.340523663697866,15.607508992518463,0.8246880389274691,0.3383666679961892,-0.8680695231488682,0.0165308294503486,-0.4376429690122265,-0.600423123082723,,
17.765153000000026,-5.680469447475306,2.356194272841382,13.54431262366884,1.150341935474232,0.0940840506774235,-0.9006122114254146,0.1347906220081705,-0.3754269049118869,-0.4622574911049127,,
17.77467900000002,-4.937279102188982,0.725908881480055,12.606777261597829,1.4237680032927444,-0.1767833317331918,-1.156856217978548,0.2192006123789534,-0.2839611294711834,-0.2279536749128282,,
17.784190000000024,-3.440525854676568,-0.5369841658332064,12.838675579282278,1.684870730159714,-0.099393363472872,-1.1762361075728698,0.3481994341884721,-0.1802964756439321,0.0233664207402318,,
17.79369200000002,-1.6656844201141583,-1.3651901337335937,13.891948605760362,2.001906531803407,0.1303133880954739,-0.8923404548530909,0.3840756685456279,-0.078991212501881,0.2049348527905098,,
17.80319700000001,0.0206249445489622,-1.681910490534212,15.263618789863868,2.548318328063914,-0.1658705791843169,-1.4097929295429332,0.3426220862549241,0.0236547436103994,0.2788407649974053,,
17.812716000000023,3.013296785373549,-1.5943208866132903,16.606260752474377,2.782975116415274,0.0009660044287616,-1.314204031039209,0.5711510104511831,0.1813084696706546,0.2858997952067906,,
17.822216000000026,7.15111627686698,-1.3698739466683094,17.574943591192422,2.8620749941672843,0.3466553935458338,-0.560890302454645,0.7784585955433811,0.2863427706896309,0.2152990977249068,,
17.83173500000001,11.479610563445236,-1.0684055525183949,17.9811050502583,2.971333444646878,0.1756423027488543,-0.7512692715231295,0.8066846896623638,0.3220163732719023,0.0997247163868847,,
17.841246000000012,16.661035991737027,-0.5800947196924723,18.03561271386307,2.616546696430775,0.0792494582969209,-0.7270740693038329,0.9563255114399823,0.4136223320125801,0.0258295608848117,,
17.850765000000024,22.45481557703679,0.0511444793064735,18.029062112265404,1.9029057013029256,-0.0466497493100566,-0.2633419704504481,1.063984728044862,0.4791795898088243,0.0040425337056256,,
17.860259000000013,27.87802380718565,0.8990294422478716,18.193760440699123,1.0723203408608648,-0.4668795819512904,-0.4998105626522593,0.9792997678272154,0.4987864605576861,0.0239442143869472,,
17.869979,33.380350974865586,2.2671249529037576,18.858741004076776,-0.0150045838238116,-0.8011620633654463,-0.485916541888125,0.9572664201066065,0.6094666637715908,0.102594213073235,,
17.879470000000026,38.64113642380104,4.039974804309758,19.97382269704632,-1.0264768172195695,-1.1491042328591992,0.0295863245224912,0.8740499814596945,0.6842021023980599,0.1651362765767663,,
17.888795000000016,42.42113005448614,5.987232055127779,21.183828549350867,-1.5281363334285771,-1.5810980932491665,0.2289757862364281,0.5688780807102941,0.6299147504550989,0.1760067646472244,,
17.898303000000027,44.52618382118106,8.11104170465424,22.311937782348814,-1.974611824563252,-1.902588505832103,0.4101125357249713,0.2309977429842321,0.5499387235603742,0.1740854269706422,,
17.907992000000007,44.734061476049455,10.09306255123886,22.93183351634709,-2.336359493970041,-2.1857988265274626,1.041858843726551,-0.1147132608555073,0.3821338738320936,0.1175093848520411,,
17.917506000000003,42.64990530961257,11.39707796077256,22.6357221975815,-2.6005390194620888,-2.085139514618048,1.513806229593626,-0.4790971271756594,0.0819268686459133,0.018514256967568,,
17.927029000000005,38.30475564592908,11.771032917991652,21.645530077688708,-2.5469651731221696,-2.015397034888557,2.187547113185348,-0.8176305205057907,-0.2518909256603339,-0.0234704310957811,,
17.936526000000015,32.056555618384266,11.355420033447109,20.700265920306634,-2.501638582394436,-1.7811766794214412,2.482415618345435,-1.112865368933624,-0.5202025333253111,0.0616883663463495,,
17.94603600000002,24.67674000455545,10.356862784738826,20.5755093509804,-2.294489234965464,-1.362042297869987,1.8349533584621056,-1.2861051808779718,-0.7012291797884745,0.2017651590547286,,
17.955539000000016,17.53565999638078,9.224640961241647,21.1714049649326,-1.773287019826843,-0.7268366465677742,1.4195962489395328,-1.2345345931970706,-0.715953542194429,0.3186294837240309,,
17.965060000000022,10.803298206412093,8.561666750095903,22.203301511341383,-1.2191653636385524,-0.0369797458411616,0.8861487605830995,-1.1876819176806328,-0.6170806411814572,0.3819384838585634,,
17.974565000000013,4.480648710490213,8.282896986667627,23.08970116070037,-0.7713920952981712,0.2863521700562428,0.0612287078366844,-1.1336768176888703,-0.5350134180040282,0.3355241634898048,,
17.98409700000002,-1.000159042880956,7.763610298066972,23.27215607606836,-0.1956561827179799,0.5481640215588669,-0.3667624603930532,-0.9573379918124014,-0.5245334107876847,0.159125500400424,,
18.002926000000002,-9.735738500546235,5.507642208462331,20.484985137260416,0.2919482793763333,0.6437568896250936,-0.9956467426739978,-0.6537547789954585,-0.5626728590179855,-0.3325516011760308,,
18.012425000000007,-12.823151947795772,3.167630306030866,17.978079885644224,0.5337217099661135,0.4604827514732985,-1.3002567431846714,-0.4265346686785694,-0.6462070768681338,-0.4997227513542204,,
18.02195500000002,-14.665491767377054,0.3628382628746672,15.13521610133172,0.7585905527866792,0.5487112335011272,-1.1455453674941232,-0.1934572483772381,-0.6433974014171456,-0.5576941236724684,,
18.031472000000008,-15.75961525601932,-2.1341138772284007,12.585512272324214,1.0491938685690383,0.2423235949417197,-1.393144353976561,-0.0929298719075052,-0.537899254886777,-0.5138126354563702,,
18.040964,-16.02046718555224,-4.003586722054001,10.758027634134988,1.4935728017066543,0.0082502033619176,-1.5320761761065724,0.024647065992281,-0.3771398306133384,-0.368677439883364,,
18.050479000000024,-15.618148797881071,-5.028178643308079,9.86571144672302,2.1252653125389336,-0.0239343222106781,-1.402419905637552,0.1157313600541968,-0.1874600844604008,-0.1723192932826547,,
18.059988000000004,-14.630056079569586,-4.999081735051274,9.954252260170028,2.8544036222693245,-0.1586314451978409,-1.4074202023591262,0.1931051007270282,0.0398313523101611,0.0143239238449135,,
18.06948700000001,-12.491314154874196,-4.0870814671435785,10.75002449845228,3.2831857917380325,-0.0049592369529237,-1.2230412193357552,0.3870079111166794,0.2565184821775511,0.1817692428298983,,
18.079008000000016,-9.546654901830768,-2.901391644789768,12.103677899723936,3.5314017137093794,0.1851642503901824,-0.855423649354941,0.5298392387651658,0.3492510188699513,0.3069048140428931,,
18.08850700000002,-6.014137571490129,-2.0395293768031406,13.920776174698194,3.6532678222399753,-0.1377536487693938,-1.430036216108918,0.6496958741526564,0.3272056196519602,0.3941970827037877,,
18.098028,-0.9327772153282043,-1.6517998448074058,15.994162089932564,2.949079207101811,0.3282740428668194,-0.7312798996659433,0.9624771536798604,0.337436813644804,0.4476402292432416,,
18.10754,4.284839562723401,-1.666714830977896,17.9472137176865,1.924896329153916,0.3105664751897864,-0.3114368900962855,0.9998752563527292,0.3014575253294998,0.4327081264570515,,
18.117065000000025,9.00478211801492,-1.8688424367539431,19.62490978826856,0.8389199386489271,-0.2225466416607487,-0.5555161804150499,0.9074710255341564,0.2655031599333249,0.3753308514448451,,
18.12676000000002,13.922513649771082,-1.570898843941555,20.945414625093303,-0.4300303500060874,-0.6290545461369486,-0.2558820306913064,0.9026986810995804,0.3967688289108977,0.3036212876611107,,
18.136247000000026,18.61682208531287,-0.2682015753864665,21.863263199462235,-1.6844975636128563,-1.0433904262406477,0.2753567426050669,0.7801953609994189,0.5852730706230223,0.2114060954546944,,
18.145579000000023,22.131026791210594,1.7645576805776524,22.301736038332127,-2.207232433439316,-1.5383333679710975,0.4438293199892417,0.4993451782620838,0.6413114674070497,0.0897778857193722,,
18.155264000000017,24.47973780610303,4.352017271580572,22.341945704969376,-2.1978658125931783,-1.878734388106485,1.1384680741915911,0.2379150328302126,0.657486408655493,-0.0097663334182075,,
18.16477700000001,25.16174188952236,7.398797158491629,22.203550606466354,-2.2031030846928346,-1.9550889441775887,1.397358750352235,-0.1054975004200285,0.616013094782963,-0.0416946120740377,,
18.174294000000003,24.17238174180861,9.946368097898246,21.84354815389641,-2.2009045886146543,-1.6673480957506546,1.1698273564300536,-0.3728273819549348,0.3994164810279468,-0.0422042996380494,,
18.183790000000016,21.78839553858752,11.19511211854618,21.497669851789134,-1.7234024953922815,-1.206220173097641,1.7499095385494283,-0.5284289159561536,0.0587093559914867,0.0036379594662745,,
18.19331600000001,18.02676514287292,11.471221170589828,21.637231918040023,-1.6031838790141413,-0.9168275182682954,1.1896260981010414,-0.7068958532742188,-0.2207255751009478,0.1546995642537545,,
18.202823000000024,14.187436506843422,11.022677804227898,22.42055939141424,-1.6156314346342058,-0.5583172454404612,1.3307213810475509,-0.6649043240913185,-0.3666852095547986,0.2838879518127779,,
18.21233100000001,10.097817835287984,10.04713710030092,23.511649522519114,-1.4864795394774066,-0.355313237161802,0.7108672940080681,-0.6646035595825288,-0.4945517135411482,0.3458023827685275,,
18.221848000000023,6.518881693858569,9.160020620156292,24.54787678236891,-1.3408053393917918,-0.229126056495874,0.1359606220956234,-0.5726408131467179,-0.4504099331834186,0.306855390687705,,
18.23135000000002,3.751498404985622,8.492886182156097,25.0504562806864,-1.1889900769621908,0.0721917746784254,0.0486848319692416,-0.4407349924912329,-0.3512798556673732,0.1658491042356668,,
18.24088700000001,1.4041667697509697,7.745223709871631,24.603679149506394,-0.7952209284419752,0.1359609902780334,-0.4266547384612622,-0.3591550546897575,-0.3315198579084883,-0.0426556366873017,,
18.25037500000002,-0.0036453039302233,6.853232689494844,23.23939744736652,-0.2448149871431325,0.2491353452044291,-0.6183767711858797,-0.1828010066220424,-0.2768720769466536,-0.2677934925666317,,
18.259877000000017,-0.4879216795472212,5.8442549725707895,21.203612504877235,0.2079515367554164,0.4299031642862618,-0.4216577638734164,-0.0124771001602756,-0.2234955785592204,-0.4310344260003006,,
18.269211000000013,-0.5876641627291842,4.625665478791169,18.97675210362183,0.6807182533993483,0.1596375063480786,-0.6863843979473433,0.0655380372194594,-0.2358848341201115,-0.4827318294477705,,
18.278733000000017,0.0870277168536653,3.275088913179446,17.113077371276972,1.0401338322723002,-0.0604206514849792,-0.7279480103671366,0.2122894056461553,-0.2150191705998871,-0.4215563683924947,,
18.28822600000001,1.504029089780863,1.975306953437749,16.001099148878794,1.1505158742256087,-0.09262563770599,-0.5804789951365147,0.3461038023915748,-0.1681510366500516,-0.2708060282312842,,
18.297733000000022,2.941852384693368,0.7131691095581991,15.747498826309842,1.2492393487296891,-0.1782521933672757,-0.5680510374594905,0.3461779867174675,-0.1638812267877287,-0.087773668107877,,
18.307254,4.264832789753205,-0.4624889367008126,16.21744298010537,1.5124306314811509,-0.4155868092407829,-1.0901128485360156,0.3196285291633051,-0.1530249188125977,0.0701586253000952,,
18.316769000000026,6.447891457915902,-1.427989511681918,17.145965937383227,1.642976432279899,-0.1849875204180774,-1.0961593791898547,0.4741838490691201,-0.0594211269380207,0.1794902898116195,,
18.326265000000006,9.099395662613354,-2.180144305828611,18.16694821036006,1.8217168848738088,0.1214803624353826,-0.5630469232437063,0.5513156591510389,0.0176678022838146,0.2128198116313443,,
18.335781000000026,11.593827375038048,-2.6374954963763977,19.0108437006605,2.209217979410763,-0.0558003898244029,-0.914390552523598,0.5021491955811875,0.0724285567714228,0.1836897528499998,,
18.345304,15.10736389499874,-2.7757188055201256,19.57081506724709,2.29451685061916,-0.006160085041875,-0.8118221783582059,0.6724062013139123,0.2060404698104972,0.1453067463474269,,
18.35481000000001,19.51332413286444,-2.6567868715791705,19.831150941736176,2.1716338021428667,0.0640897802559121,-0.1122416659484187,0.8215928276600499,0.3194709345239059,0.0939071070900451,,
18.364319000000023,23.747861771173152,-2.2588127204987702,19.895997485182622,2.0543538905861056,-0.1858050680652344,-0.3490442361005553,0.7696241988020595,0.3627341528719149,0.0493363015854664,,
18.373824000000013,28.340809124477147,-1.516019505471509,20.05029881655075,1.62232955565453,-0.4073780871557484,-0.4699458184552948,0.8130738131353383,0.4536641375408405,0.0611635685533771,,
18.38351600000001,33.34387104482499,-0.3437682954594253,20.522584509917834,0.9360645687365168,-0.6473044498060524,-0.0958484643999839,0.8581680787072793,0.5672973137526738,0.1107521722533196,,
18.39302700000001,37.85778066812505,1.1936142414741988,21.341871811883674,0.2805100785027608,-0.9163242755663904,-0.1550496864274145,0.7342359824474862,0.6102630956814862,0.1572365841145628,,
18.402361000000013,41.74777163281748,3.030433347453207,22.467021149356853,-0.3762369591083774,-1.1423183234620895,-0.356286115185909,0.585034719066327,0.6314918307544438,0.1964619339780535,,
18.411869000000024,45.01506642513553,5.173507767057455,23.81005544127173,-0.9538020608208528,-1.4355456384880507,-0.0508995107547155,0.4314888493857997,0.6509167249368402,0.2219940310989875,,
18.421378000000004,46.86830644330227,7.465229964927599,24.98656622692386,-1.46296751315025,-1.7207620517413056,0.252163897194999,0.1463602850751179,0.5702182187716838,0.1946550796150331,,
18.430882000000025,46.946475689763695,9.524837449655982,25.430095223610003,-1.911990783019908,-1.7270501716508586,0.3038519881228403,-0.161636937759845,0.3797107598729985,0.0864705124152439,,
18.440568000000013,45.55712290048599,10.98583268895088,24.89634316315855,-1.964875163878334,-1.649536816039837,0.9008305381741858,-0.3721414579272533,0.1483570607748885,-0.0573418069638131,,
18.45009300000001,42.26570740434009,12.051057014411056,24.05600873416197,-2.333239759568617,-1.684748131051789,1.679686938646563,-0.6760604431675172,-0.0734850091456825,-0.0366163515752889,,
18.459604000000013,36.81189656825516,12.165833247264176,23.06960250644252,-2.355918891394247,-1.769081022626031,1.7034633623228337,-0.9878295599583936,-0.4057629455534483,0.0316963979512334,,
18.469107000000008,30.62733456139869,11.234564665902637,22.81416584305757,-1.916265578529756,-1.4859247998221166,1.3501028881787016,-1.042578053949733,-0.6465733053908187,0.1479990569005608,,
18.47861900000001,24.652665092037523,10.047870984301708,23.62504401471694,-1.4767911834503429,-0.8448933191906611,1.351569449482322,-0.9856449340896328,-0.6835638097750012,0.3401420915637783,,
18.48812000000001,18.63768740194015,9.009049465888696,25.20049450534388,-1.1206399413417898,-0.2990591892222362,0.7438566970191457,-0.9946133789396612,-0.6818081423527989,0.4768543604335071,,
18.497633000000008,13.12173640946258,8.0830211440562,26.90782588009366,-0.7001808281166241,0.0238201129278327,-0.0070200668967212,-0.8988882067918924,-0.6475726711132237,0.4705261372547389,,
18.50716500000001,8.674265519530897,7.117321688535015,28.093147827124323,-0.3216285615715599,0.3721465034857086,-0.0925951294675938,-0.6930425756248635,-0.5798530240415241,0.3276619232428922,,
18.516673000000026,4.916671560447508,6.105484073624455,28.27780786448252,-0.2236506491686026,0.6188625388591489,-0.1830611073431393,-0.5624556043977638,-0.5321934945789977,0.0959446997639699,,
18.52599600000002,1.5811229282587245,4.789761528820138,27.22760284043695,-0.1106808652749515,0.4318603925407624,-0.8012909987686764,-0.464928611243236,-0.543373159564543,-0.1812649283196447,,
18.535505,-0.5040965441419389,2.8727676472222,25.117689465421183,0.0451820118415737,0.4483278434997347,-0.9006696281497042,-0.2037370285975932,-0.5285642185893138,-0.4326719651863429,,
18.54500400000001,-1.48275831627182,0.650010581783325,22.4214335200116,0.2482132505342807,0.5428769815525372,-0.7018272826981105,0.0011051794641675,-0.4862904299364004,-0.5801751423426664,,
18.554520000000025,-1.8034883951842484,-1.366219744221366,19.66295122157062,0.5769175484737391,0.2419605297103331,-1.045990106947966,0.0858539008980677,-0.3997066216739031,-0.6003895927393186,,
18.564052000000004,-1.2167337279422927,-2.964915592347902,17.345513594221416,1.0042931291860386,0.0567874112320155,-1.0038866675885385,0.2133898612013807,-0.2659486590454762,-0.4982802410147655,,
18.57354900000001,0.0215443327170091,-3.9425072855086185,15.89878811468781,1.553317735999931,-0.10271868395364,-1.039078475441271,0.2932997927690716,-0.1163702455652901,-0.3052120611276502,,
18.583047000000025,1.961563828776792,-4.218851826406367,15.517093453561126,1.964660493902074,-0.0135482388927974,-0.8228169819246374,0.3879177119786632,0.0520086567340455,-0.0706909697320686,,
18.59255300000001,4.050265131935469,-3.9773527922772063,16.09045476600219,2.456149890358976,-0.0706232342183855,-0.8119453825798623,0.38811188685027,0.1603673327009114,0.1305935719561598,,
18.60207800000001,6.870956625638603,-3.518033713472046,17.3929112228829,2.777458269470654,-0.079161768001657,-1.0887028135336818,0.5131469811085706,0.2505287047818834,0.2919005235115857,,
18.61158500000002,10.92760536835948,-3.233447861646214,19.053062636384336,2.55454460201306,0.3248854567786179,-0.4554448318757894,0.752394332425205,0.3076797609136127,0.3800939281059444,,
18.621083,14.96707417566872,-3.3196480548128835,20.609222110619708,2.559510979030083,0.1932336063722474,-0.4493055579796353,0.7654810508224953,0.257723016581851,0.3576825625294216,,
18.630601000000013,19.596011254766218,-3.482380297334146,21.862183862499936,2.077793864131137,0.0960271998616677,-0.5735049446730562,0.874197225826021,0.3047706254745871,0.305722827019224,,
18.64030600000001,24.784094795693925,-3.5439102992703733,22.64674412799257,1.1870936886698946,-0.100602389603969,0.0184556103427099,0.9642771344355372,0.3812844798332274,0.2206366231157068,,
18.64980700000001,29.37213145182642,-3.208364913599391,22.91739054926761,0.471424919780363,-0.6596560987364298,-0.0874379589140994,0.8195028431140541,0.417018235763036,0.1082591575741603,,
18.659314000000023,33.88871404420301,-1.9988353985799647,23.042980750099787,-0.3811013791374729,-1.0110778989367792,-0.2699469934184083,0.7372187804248879,0.5755507044486997,0.0662067001371813,,
18.668824,38.072612277814045,0.1169887414708766,23.286867672701625,-1.0623601878059188,-1.425004993600797,0.1869849057934117,0.603540377142066,0.7188321250887106,0.0625504810652164,,
18.678159000000026,40.7782376062371,2.809265305410112,23.68652735619481,-1.377352275765699,-1.7581926986061145,0.1429038917721168,0.2819364478009386,0.7101644656802018,0.0661428497380759,,
18.68765400000001,42.0573191931764,5.67582542485807,24.242633212406734,-1.6015840249128284,-1.9692005312644365,0.2132853359332195,0.0002896587429292,0.6282138456665455,0.0923532543016265,,
18.697348000000005,41.874090453946565,8.076886899500842,24.707710118187325,-1.8554327857072943,-1.9823443465126152,0.5754830470325993,-0.2323315585352826,0.4224672108673496,0.0974843099061022,,
18.706871000000007,39.95266076621146,9.354468796278278,24.78480522932256,-1.8963357626870907,-1.7061758402858036,0.8635992858891456,-0.4524300054708871,0.0731083589782212,0.0737246124572687,,
18.71637800000002,36.375154460087295,9.452679523390607,24.701794633060835,-1.7372889025434843,-1.409878270927439,0.9186106062721604,-0.6500254580244873,-0.277928836049013,0.1004189776640104,,
18.72588100000001,31.834932569768487,8.769821045152542,25.04081553145919,-1.574177056039687,-1.2379889568388702,1.4657563948041987,-0.7561848197638408,-0.5025440947921674,0.1800092420327441,,
18.735402000000025,26.406286629720142,7.63557503380513,25.64836195032229,-1.5789162189381822,-0.8707174352854989,0.7544634251547303,-0.8740713148601653,-0.6670642517758608,0.2389857319703889,,
18.744911,21.22298730079321,6.378752139518222,26.34092593936284,-1.2568230159039695,-0.5521348596880306,0.4750341835761624,-0.8145719186832434,-0.6788518790616666,0.22775466828751,,
18.754429000000016,16.563376510630757,5.338858330896152,26.80503127096166,-0.983108693943488,-0.0788977680258666,0.3825337677861207,-0.7363826574591038,-0.6020391773644027,0.1650800834413578,,
18.76395500000001,12.128768281763875,4.455228852284402,26.583719130897304,-0.6251425472846123,0.1438116174200515,-0.1592431467770138,-0.7109547872878281,-0.555420136113183,0.0315107934725664,,
18.773442000000017,8.54389800164823,3.527825701428837,25.745560414184983,-0.2174743490366871,0.2765481114664829,-0.4365944979429259,-0.5601190762611812,-0.4831785852875518,-0.1514118689321884,,
18.792280000000005,4.179514933907012,1.1582758099971524,22.10553982450339,0.3545459819902569,0.4389771393434974,-0.7724674758499032,-0.226806532308143,-0.3800954034171144,-0.4367178981891743,,
18.801795000000027,3.3552056337747365,-0.3164789453121796,20.03544784801781,0.6456319089214363,0.3817481977316309,-0.9057426923679676,-0.0471381179234358,-0.3350005165986467,-0.4625450162503161,,
18.811315000000008,3.3414560755617404,-1.6906853731083982,18.25983479329992,0.9307505572699596,0.3051621582004302,-0.8643392870321096,0.0881389897807054,-0.2606838782166344,-0.39813702982438,,
18.820824000000016,3.857322841588801,-2.744533543584946,17.073088093348655,1.298948630101011,0.0762371783817305,-1.0904775505799489,0.1626449554681019,-0.1694887734062411,-0.2687124869691417,,
18.830330000000004,5.25404957059234,-3.425495695881946,16.64406258287239,1.7122470989233165,-0.0064791644272029,-1.1666231782805927,0.306857439127438,-0.0491185762678618,-0.0988814659015361,,
18.839837000000017,7.487419625517668,-3.7114272025107953,16.9294672554147,2.0288492478649416,0.1367449208530784,-0.5318365763339652,0.4437710265092424,0.0744313641819662,0.0676263061616598,,
18.84934800000002,9.771326432945818,-3.642605727529864,17.741717118486125,2.480435751283369,-0.1025759041962666,-0.9187484898082182,0.4314910744663783,0.149236139229043,0.1865465915496352,,
18.858854000000008,13.280989700601904,-3.420901325419113,18.980910976332417,2.5328724353271186,0.0119609338166007,-0.8226800823061209,0.6517211226562785,0.2630716673158405,0.2913297319657875,,
18.868368000000004,17.711541341218087,-3.323871532094194,20.39368380130938,2.317578054809746,0.2199662433920635,-0.1270825740297839,0.8272958190137076,0.3166363781075809,0.3349170567871116,,
18.877882,21.95950447464515,-3.273314061538262,21.761421467492227,2.124078088435133,-0.0062277451479595,-0.3728504359879908,0.7887157064644986,0.3148340600013743,0.3226714868957436,,
18.887380000000007,26.69571303210484,-3.082108975106445,23.07635686236961,1.4819276100774912,-0.2329321532836759,-0.3319282680287965,0.8607215134648823,0.39649360959807,0.3157008850679207,,
18.897069000000016,31.59951633755716,-2.610910355805524,24.224076835894145,0.5842451191718425,-0.5917682694532687,0.1019203943089773,0.8604865872238914,0.4797784210666311,0.2784199649825051,,
18.90658400000001,35.74139379438529,-1.6020673554471885,25.160581379067384,-0.2426965861243404,-1.0007416299672225,-0.083762700266188,0.6686400928082934,0.5296692259962462,0.2179035393809867,,
18.91610900000001,39.10355441110195,0.1250548055242369,25.971211603854613,-1.0757839008186574,-1.444101877619767,0.0621551830207958,0.4580551496648991,0.6023767100199009,0.1709169603797453,,
18.925437000000016,41.06924166858634,2.425282977016315,26.55942277717904,-1.6835374598931654,-1.890503025318732,0.3589885578459873,0.1490836116224265,0.5871178056298425,0.108974111477175,,
18.934935000000024,41.24463875963707,4.85161808817468,26.680632238076985,-2.154665370293474,-2.2017392075364133,0.5974614548884344,-0.1863458410244176,0.4500241897846815,0.0220214031951368,,
18.94461800000002,39.88376612620365,6.866366763815265,26.20528604025333,-2.4386360761690424,-2.128173152689762,1.0270565636542583,-0.422340015757786,0.2404722093434646,-0.0673580305265605,,
18.954137000000003,36.72365020979994,8.039637074560288,25.41902616930075,-2.326807767079768,-1.7498412783331727,1.075567209452636,-0.6669918223267265,-0.0624939952557718,-0.1005469648059215,,
18.963651,32.27958312174291,8.331518139949523,24.826027402771263,-1.8970551972140544,-1.483320977615458,1.0840532832914755,-0.821793908719295,-0.3221366116361123,-0.0225645911655092,,
18.97315800000001,27.24179393787987,7.884702261869635,24.83166448073546,-1.4689438153629346,-1.122385511407315,0.8453208362982283,-0.8681391869901702,-0.5015454670505939,0.114943900157021,,
18.982663,22.301303695210915,6.931564222142307,25.48674323706505,-1.031363802611603,-0.6306244504349428,0.4543011563680529,-0.8061516364027397,-0.5906051727359508,0.2323010341124402,,
18.99217400000001,17.904081053042553,5.799329904503386,26.54907028902593,-0.6390350990875928,-0.1608363317358358,0.2557477982802372,-0.6861363101961935,-0.5884407958889447,0.2777763313353925,,
19.001702000000023,13.975472197046551,4.689729787189271,27.45049620670119,-0.3881134101049482,0.1794876212558734,0.027021252516183,-0.5964122048134473,-0.5542895795311173,0.2222126621688362,,
19.0112,10.604794393651206,3.590648143239302,27.682052061894275,-0.2347385605913554,0.2553215809311102,-0.3848188808567338,-0.4942419419489064,-0.5072008704351276,0.0644892152625429,,
19.020715000000024,8.218776569264067,2.36441596234236,26.9501058026988,-0.1963443077901739,0.3534798442252747,-0.3589089471012135,-0.3106420101648235,-0.4374957855823402,-0.1536916379926623,,
19.030228000000022,6.602956199556755,0.9737159026261296,25.27443183395189,-0.0976256742413188,0.3707035022217442,-0.5288692650321719,-0.1672504883630701,-0.3926292893496094,-0.3610245165783228,,
19.039727,5.866445149680086,-0.4879973153476502,22.99462703052719,0.0855003636149979,0.2820785723257524,-0.717828629874444,-0.0144157078020145,-0.327434400547057,-0.4907328224137837,,
19.049241000000023,5.950067306590109,-1.8866062866635664,20.654979856608403,0.3409646847164504,0.2047629527528232,-0.6718727420420478,0.1200713122728411,-0.2535717619528408,-0.5052676744781716,,
19.05858600000002,6.43172852523069,-3.1032222877774807,18.733396991764725,0.7931748091297731,0.0181645980781786,-0.8687249049897958,0.1731064962149472,-0.1966358080401754,-0.4143126007328084,,
19.06809800000002,7.460565320952941,-4.065901054496174,17.59791728067484,1.2543429371112031,-0.0777548859027028,-0.9991408590957054,0.255585766927867,-0.1187527421247764,-0.240859460305812,,
19.077596,9.0443920876114,-4.840941548224831,17.354757685365442,1.6104128283835335,0.0912275138384607,-0.6856084466272808,0.3482181072011421,-0.0527804028490025,-0.0426399277677023,,
19.08710400000001,10.412913262963135,-5.457256898320036,17.825047619649833,2.095728624818223,0.0548805589242126,-0.7029924482208197,0.2974612906891839,-0.0349781250506902,0.1052700051874837,,
19.096614000000017,12.130110584219455,-5.884432639030711,18.75275897604926,2.5511796753261744,-0.0140265288625857,-1.090631821963562,0.3516967362102219,0.0262974766028535,0.2110902291445386,,
19.106130000000007,15.006223943932149,-6.1479288641073975,19.83057502960004,2.4070353933824697,0.2039688268318958,-0.2379244342931922,0.5579835233946808,0.139427429767421,0.2761191656547772,,
19.115632000000005,17.908354699368978,-6.311391281410011,20.6990079104146,2.375200447458069,0.1067637650731545,-0.3577137236515075,0.5532382973945942,0.1693830181921953,0.2369017781347005,,
19.12513800000002,21.42400030864678,-6.182037761941768,21.2039373117984,2.114286221932586,-0.0737515949522595,-0.4172917052141356,0.644225434273667,0.274396113475463,0.1776620160064089,,
19.134829000000025,25.757948088779948,-5.556648996733236,21.37852560751013,1.511225566419554,-0.2559621608301163,0.0011478386617709,0.7588595446980417,0.430062329846136,0.123676148514803,,
19.14435400000002,29.978342212849466,-4.328518410088492,21.35283133764278,0.9173846322870658,-0.6146204816018405,-0.079152665886441,0.6944951870002996,0.5356217188126652,0.0676587714080358,,
19.153876000000025,34.08928163813742,-2.411898206572935,21.437894475479425,0.2003939844676093,-0.8845259060708406,-0.3565403745684799,0.6251618159042078,0.6569259705124277,0.0654032366924711,,
19.16337000000001,37.93395255375107,0.0738384272062401,21.863070158700705,-0.5680787921407591,-1.2115853967751251,-0.0236135732382789,0.5318382123700097,0.7464032726510315,0.1007784841685428,,
19.172687000000025,40.37152119817399,2.786177474580668,22.57019579363113,-1.102036798997376,-1.5404799438926464,-0.0313618078862903,0.2464135516581239,0.6871952192837689,0.12933946185537,,
19.182215000000014,41.32405998289563,5.360801642150708,23.43416859153737,-1.6801466472065791,-1.8689758013615667,0.0102247215368805,-0.0263133216297609,0.5488631337968559,0.1593914217722851,,
19.191891000000027,40.99779830119879,7.261262939522304,24.1347439868386,-2.0528961224084536,-2.133490696794877,0.7933436306442054,-0.2128848299663502,0.3220223008961864,0.1474292374575463,,
19.201404000000025,38.88575062790432,8.165387950860673,24.496803081562884,-2.2838450522596867,-1.8133144765017373,0.921720439926204,-0.4564222452051689,-0.0076006917433247,0.1292372316943155,,
19.210917000000023,35.33564318848923,8.2301172168232,24.89811783838087,-2.2239841071152378,-1.5291540475668346,0.7970475389987446,-0.6443722974204342,-0.2827490107247236,0.16187451085201,,
19.22042000000002,31.105196466777727,7.747522912426102,25.531995018069622,-2.0023340235913056,-1.3500301001777708,1.1840458631986253,-0.7171994972676604,-0.4456353500044636,0.2158465497995315,,
19.22993200000002,26.328217588296656,6.911395114217108,26.275928804103778,-1.675484010341017,-1.0220218446476454,0.8405300750449638,-0.7794566414748082,-0.5660669961029485,0.2380315363435904,,
19.239443000000023,21.816737135551016,5.994298387513204,27.015257154339352,-1.263793561070508,-0.5786649312669576,0.3237153205234914,-0.7192206983554139,-0.5675489072300061,0.2190073935297533,,
19.248965000000027,17.84096585995104,5.057943076812954,27.51530101915101,-0.8579032431772051,-0.1179042320279429,0.1664380927313358,-0.6178307845738472,-0.5303286698903595,0.1488361283738621,,
19.25848300000001,14.216583415625584,3.997983497463249,27.46249567858839,-0.3930913940806322,0.1732713988633958,-0.1227493572410703,-0.5431637646608505,-0.5228288189807254,0.0172762149526197,,
19.267978,11.277135056685882,2.840077115502842,26.70072616065887,-0.0480082943386593,0.3051667539670369,-0.4006352940380643,-0.417021506374964,-0.474343510038473,-0.1442296762931324,,
19.27749800000001,9.251579621471892,1.5049782427954732,25.2648114865647,0.0971132467841935,0.4134089185585812,-0.4826568691354111,-0.2467169561218523,-0.418149193840307,-0.3000605051646337,,
19.286992000000023,7.991840367842685,-0.0836467282718027,23.352073104060366,0.2459311456510178,0.4182621097712583,-0.6359334538381213,-0.0983387218944847,-0.3938712264042597,-0.4142895928934931,,
19.296517000000023,7.48221279707185,-1.7086611582881304,21.255408306861472,0.4341257944353154,0.3335181345579854,-0.6460641694058189,0.0295884501666014,-0.3397305059757847,-0.45521821045223,,
19.305849000000023,7.56274765494673,-3.0812359470798905,19.317033224237385,0.6745544752653797,0.1581353833886963,-0.73783088024243,0.1107628032761618,-0.2520517534047381,-0.4201658859763802,,
19.31537700000001,8.19132964917078,-4.104419116338585,17.780610836347837,1.0339385792963742,-0.0030169026008402,-0.8634379008335031,0.1844477552080618,-0.1540527088863675,-0.3270843028366422,,
19.32485800000001,9.489896817485388,-4.7199583823321305,16.818500660215612,1.4845331231523076,-0.005437820088111,-0.7472079948144311,0.2841992701547974,-0.0403177291275114,-0.1938088677510463,,
19.334374000000025,11.05173915463114,-4.854350584519788,16.473823561149295,1.9324749311497336,0.0192331526897226,-0.33366973378217,0.3062346844199758,0.0637018987717716,-0.0588178925313726,,
19.34389300000001,12.582626898821085,-4.58715344784582,16.68029369994826,2.471903474493721,-0.1771666018290998,-0.9806288987858228,0.2774443166785243,0.1385905877717135,0.0532554047168541,,
19.353392000000014,15.395789812369884,-4.168228828568677,17.324759442413328,2.55159563356902,0.0149717338022574,-0.566163734326284,0.5124929850112125,0.2445694662044908,0.1656812381764899,,
19.36290500000001,18.65002535117609,-3.8303459681835137,18.159441230222846,2.432170661061816,0.077048363564134,0.0611060589891497,0.5984784329162699,0.2624992859923094,0.2125228558400201,,
19.37242500000002,21.64916619404146,-3.5437985802654226,19.0374753816111,2.207043630280162,-0.1697957172365101,-0.6630551593068751,0.5496800460453476,0.2454970685607864,0.2143807426349113,,
19.38192600000002,25.58214213634184,-3.203201214440228,19.90235967935324,1.475095600693619,-0.2973339066954971,-0.3028677635077732,0.7184536046312147,0.3263023772025373,0.2194417055511368,,
19.39161000000001,29.5710586604059,-2.5717095539369854,20.67447862109946,0.616305902708524,-0.6238714050308133,0.0821312001202651,0.7043644318605842,0.3951461389465456,0.194764454103977,,
19.40113500000001,32.98642156938525,-1.3170011242353772,21.41069509915589,-0.2781112795691706,-0.9614910662318816,-0.3845799570611267,0.5477081141909735,0.479815506540474,0.1705556468021565,,
19.41046900000001,36.36276270626822,0.6080978835154665,22.10579725124861,-1.1483505794204525,-1.2821073793069475,-0.204905485653546,0.4850384415725096,0.6085017884167018,0.1432953468840518,,
19.42014900000001,39.04115882825483,3.112048101148536,22.628755011243022,-1.6066242866429878,-1.730396111825438,0.43247358882492,0.3049562642291981,0.6675418829248596,0.0872512437175064,,
19.43899300000001,40.04493936517427,8.78895443804183,22.571090718663363,-2.34540954722951,-1.7381733516578728,0.3828589235489483,-0.2386191384951524,0.5055718786859883,-0.0505717337707214,,
19.44867400000001,38.70469820724675,10.885875980647771,21.87946789633519,-2.1795266399653195,-1.5591440922289312,0.8018994347182109,-0.403744182767151,0.288391482755592,-0.1060937466518126,,
19.458182000000026,35.84674327546021,11.886298730524713,21.158110094582334,-1.7410977798764184,-1.4965355591226748,0.7777964225988143,-0.5953108198816289,-0.0200562413642992,-0.0542446634870295,,
19.46769500000002,32.63872170691864,11.555362996715097,20.96070192433585,-1.4681101016392974,-1.1689660008333993,0.4642281789014757,-0.5627976928791257,-0.2884429702856555,0.0655085985754107,,
19.47720000000001,29.51761016244061,10.00590284688418,21.52697742909621,-1.133924243267458,-0.7401203040343108,0.1158119919428122,-0.4592544336841884,-0.5120418135831697,0.2050290305177517,,
19.486727,26.749996773317783,7.879609166913243,22.82460263235694,-0.8296784518607829,-0.4660416125892074,0.0760488892821279,-0.3456720102484144,-0.6011766919281089,0.3220412522393453,,
19.49623600000001,24.47976979753897,5.671501684317873,24.32920573545024,-0.7063926953859408,-0.1562090332705076,-0.0803335451126592,-0.2364049036207172,-0.5859418476451622,0.3344931787428669,,
19.50576700000002,22.66005424819374,3.574141610370244,25.346220562628627,-0.5192171318342027,0.0253501401097727,-0.0292506713545449,-0.1526921833477114,-0.5337811588301347,0.210523387573243,,
19.51526000000001,21.320812770005663,1.790903317306165,25.354103775748275,-0.3112490629397682,0.1972104188954298,-0.2212590712744862,-0.0887720447324881,-0.4374317748369273,-0.0088104722636227,,
19.524754,20.580120376406,0.361510723006558,24.15077328057196,-0.0730655571061768,0.3183459755529669,-0.3210285984929618,-0.0145218940955704,-0.3220142262820856,-0.2598884502122804,,
19.534267,20.30650481301096,-0.8717672345053799,21.94579466703947,0.3174365280392811,0.3415466703927726,-0.5291544877401257,0.0466351906436182,-0.2486286060382417,-0.4753065409104601,,
19.543620000000004,20.538803631965152,-1.949370839570224,19.248803267493617,0.8479982656835415,0.2120423718392665,-0.6596279034013774,0.1197642094562133,-0.1854383232909189,-0.5780527505450161,,
19.553112,21.30189796276091,-2.8123828013986687,16.748857086818845,1.311698035659038,0.0151668360533798,-0.6591292278546039,0.1988071113852377,-0.1168400952142742,-0.5342558151836104,,
19.57212900000001,23.96047396667275,-4.1908969877856,14.338133553739276,2.089963084340836,-0.1861040168524014,-0.3558266083534043,0.3110626653347403,-0.0575942388342854,-0.1407738419193687,,
19.581639000000024,25.03684658599809,-4.816675935345289,14.80411464214318,2.4026238607043835,-0.2597741518930218,-0.7218445017757371,0.2395162866982608,-0.0670221720742405,0.0922645247233155,,
19.591148000000004,26.68318357584098,-5.39062407291997,16.161539481624413,2.51169657690196,-0.1541168608782522,-0.6579210458381684,0.3471095864222219,-0.0229854027166894,0.2942989273502071,,
19.600673,28.818743539104663,-5.816124524469074,17.97329708639105,2.364344599283158,-0.0921554433938972,-0.050597988793005,0.4318330635445889,0.0434734438696328,0.4044707028804972,,
19.61018100000001,30.703181930638863,-5.913146106837183,19.74594225356656,2.1702664271740746,-0.0825317378637387,-0.5105458583081285,0.3614816546210797,0.1029598335935746,0.3934510847691752,,
19.619698,33.17461186154435,-5.53280743873769,21.03382550557144,1.7023805406775063,-0.1206358859046772,-0.5473555578791403,0.4350085476172629,0.2429320264416453,0.3071697402716771,,
19.629374000000013,35.942850674507895,-4.473539713972382,21.51404558092594,1.1481152322848285,-0.3709719361544189,-0.0939510519051034,0.4376020787053653,0.3979477187763409,0.1444640006401621,,
19.638723,38.203552678519685,-2.54225682844564,21.219005779843524,0.5969053606495113,-0.5447602261828863,-0.5543101587478833,0.2799011725907909,0.5246809108846449,-0.0313757052407695,,
19.648413000000005,40.48654405485246,0.2464695925108724,20.480977245568564,-0.079751319913764,-0.8578851601550616,-0.3978595258019169,0.2284224890457348,0.6844214392976435,-0.1385828509495219,,
19.657737000000026,42.2167219340335,3.641112146893378,19.624989088273683,-0.8686588378173871,-1.2086918206915338,-0.2158537011986046,0.0922410329238539,0.7571787325358158,-0.1831016559702448,,
19.66724600000001,42.88221144642869,7.040119763037538,18.744572278484263,-1.760736917023204,-1.6217844117347144,-0.0935888658910928,-0.098323569763585,0.6863734451305563,-0.1886539437724559,,
19.67674200000002,42.52931344979396,9.688447384481206,17.801948486717414,-2.483172269986201,-2.1150464835718314,0.6400873805752179,-0.2330393766005722,0.4814146189026432,-0.1968721455665082,,
19.68625400000002,40.80674977785908,11.10643206055449,16.860893062833586,-2.895641521543657,-1.9959875124363808,0.7862490744556974,-0.408572133328155,0.1695570018577729,-0.1477511934695652,,
19.69576800000001,37.94350736687742,11.323837232275745,16.54574807031545,-2.983586006582844,-1.983818238696836,1.0035825391052322,-0.5509878763085684,-0.1205488802662504,0.0231951958189436,,
19.705277000000024,34.56790998256473,10.56994135158158,17.240527746171313,-2.9233311310275623,-1.676993250810143,0.9235724390896688,-0.5907249332103292,-0.3378970713374085,0.2413632762687003,,
19.714978,31.12572444367766,9.155316605924284,18.748410965105368,-2.2864249441188145,-1.270508761233835,0.6782032520631041,-0.5578665617907517,-0.4796979653272581,0.3952112144876316,,
19.724481000000026,28.220435894773907,7.746496662372798,20.73537615320369,-1.5948581004452778,-0.7012185649274291,0.2683003777648328,-0.4458989359848239,-0.4602817714963544,0.4601588486047812,,
19.73399800000001,25.87573496813672,6.391646881509399,22.52141616635873,-0.9821045489290344,-0.0889277271079603,-0.1138511135870885,-0.3328210593246773,-0.4241458393096499,0.397309532596487,,
19.743518000000023,23.73552775935122,4.678283710656793,23.297934968313225,-0.062957924564867,0.2489987211637802,-0.1442171536944709,-0.2590012969120274,-0.4822073307935208,0.1792683210438724,,
19.75303700000001,21.96317970073191,2.948778366141892,22.9065414180736,0.518023549319879,0.4419380905480267,-0.2122992598201348,-0.1892668852495873,-0.4576719954673365,-0.0832083340311689,,
19.762543000000026,20.690150635677693,1.338680718661961,21.330841549871707,0.6489798309468849,0.5157705931320155,-0.2316907739446688,-0.11402747308647,-0.394740813240372,-0.3390612566026014,,
19.772053,19.820891588461105,-0.5230374757286447,18.72713149557816,0.6752224817989433,0.4703363693260193,-0.5067722850831388,-0.0351437753060237,-0.4099363718354073,-0.5599922876546174,,
19.78156300000001,19.602820134366382,-2.4859188378358548,15.679785126139736,0.8654892033392695,0.2502341051505837,-0.4193876490717581,0.0753414795473121,-0.3882588136846068,-0.6576275309530791,,
19.79088900000002,20.05095287502336,-3.9497561216698727,12.943063392942106,0.9671108235999624,0.0286260682251674,-0.5817279789474031,0.1597759292232198,-0.2615900940842484,-0.5865732156577895,,
19.800386000000003,20.991824794928245,-4.846593697501649,11.048406939375234,1.2034222217288395,-0.1507732750510728,-0.8335375226434236,0.2212643929341723,-0.1362946609780722,-0.3986487114654503,,
19.809893000000017,22.46417475039956,-5.359332812564564,10.325943655590311,1.782498137733777,-0.2268769185901172,-0.9076869402422696,0.3076321891812495,-0.0460843597122127,-0.1440013023241581,,
19.819399000000004,24.41557859658802,-5.395483532768341,10.921762667814845,2.4169668533465525,-0.2214938643847923,-0.2601258967123951,0.3836231836558737,0.0648797778432063,0.1394879486497138,,
19.82891700000002,26.19107354941695,-4.9784777627296,12.612540420715618,2.990904603566112,-0.1852983792989079,-0.6617672673158501,0.329562704237658,0.1540091340459393,0.3665025904377272,,
19.838427000000024,28.74498895785573,-4.562808180934112,14.90623617861062,3.2003207083363496,0.0308155359886623,-0.6776951581258581,0.4752461901879277,0.2019648240740871,0.5060749545079629,,
19.84793200000001,31.87673615201292,-4.510786204388687,17.095201125820974,3.1466793881640585,0.1556376750816427,-0.1846689112514833,0.5980836012858842,0.1822147527420081,0.4925806900246882,,
19.85745400000002,34.784177021900604,-4.527579896760484,18.724068969157194,2.668557088211584,0.0742969002178179,-0.4776985311475651,0.5532659987465071,0.1752785665940649,0.3719407656519844,,
19.866957000000014,37.92802964063569,-4.275278768927897,19.559951424464103,1.64019000936332,-0.1410169221648039,-0.619043590141225,0.5763634282514665,0.2535233743192269,0.2156303005282523,,
19.876657000000023,41.17933571630884,-3.570712333988021,19.53953575743392,0.4632232289723509,-0.6559739936829232,-0.1351494700041236,0.5648334625389466,0.3502326861376891,0.0404471652099981,,
19.885985000000005,43.57987607244293,-1.90407250890467,19.144974369252225,-0.7989458849331929,-1.1271525684532309,-0.3778530142727953,0.3425040729652036,0.4738397875487463,-0.0560398170432434,,
19.89549200000002,45.36539579826738,0.6319145104309851,18.731750627033016,-2.328511529235181,-1.5536720383709444,-0.4642201661128165,0.1730701217312103,0.5963622686368458,-0.0904606838110656,,
19.904991000000024,46.11622593945813,3.24655000081755,17.816274880808574,-3.1603509734790167,-2.518369731567316,0.688128638380271,-0.0216812487487314,0.5442169041381689,-0.1973599326902339,,
19.92402100000001,42.48924515703338,7.626738910953806,16.06627342489785,-3.607777708477721,-2.114326326541702,0.9015464046572093,-0.5837873320659275,0.2383549382821927,-0.082955943762514,,
19.94323300000002,33.87493456064819,7.831771917547769,16.718733134312966,-1.870852120005383,-1.3396295328619603,0.7485080076583907,-0.8598464743373089,-0.3593075986098966,0.262123609620531,,
19.95273400000002,29.51622341600819,6.536776817102146,18.38263249004162,-1.178226472634725,-0.6163062339375744,0.0609562404833439,-0.7469662254155242,-0.5089771223257091,0.4192264996080699,,
19.962254,25.80935442098588,4.572495788250872,20.241561564327924,-0.5202697319827322,0.0072704034596509,-0.0387637760103811,-0.5667107277228224,-0.6158370921823988,0.4256157899607034,,
19.971753000000007,22.375557987438363,2.1966476308643346,21.583001376355234,0.1074768053567915,0.3367835143694088,-0.1683594679881287,-0.4707896181107094,-0.689689454733002,0.2875514555973702,,
19.98127500000001,19.493662001303747,0.0092576089097795,21.93927691612774,0.2507253602152388,0.4704545285152069,-0.2024030656953067,-0.3727903624528778,-0.6210039688489494,0.0560728936882758,,
19.990785000000017,17.204896197441116,-1.9860153536924503,20.88351919222765,0.1966097987258014,0.5341685677886736,-0.3263282694637798,-0.2799698858133957,-0.5395986491209995,-0.2536427042098501,,
20.00010700000001,15.600289906599022,-3.974504896757463,18.374869479302948,0.3811012303528618,0.5579997982841167,-0.6299205147481175,-0.167674304452189,-0.483113507113222,-0.5578023738840538,,
20.009635000000003,15.017447341031367,-5.565030583719915,15.020687080694437,0.7435944910777659,0.4859708730658953,-0.731495388750293,-0.0193013224388373,-0.3385488720444646,-0.7216654622791944,,
20.01912200000001,15.336271072700011,-6.394273894719503,11.683289563566772,1.1973016330321422,0.2961652848593849,-0.7802626972633444,0.1003885902749179,-0.146742294023101,-0.7017964110550547,,
20.02863400000001,16.26007131136433,-6.525393311026112,9.138666984633597,1.8712650672966515,-0.0094237134213579,-0.803863308911766,0.1855157295668957,0.0076517493728954,-0.5216021052867987,,
20.03813700000001,17.77440018708109,-6.006290037683547,8.038321974455174,2.6102481177739816,-0.2136064010640667,-0.7312699017755345,0.2823640037203572,0.1480332098908746,-0.2082138676688261,,
20.047650000000004,19.88930229968,-5.0764147871672485,8.656562750383578,3.122493548667068,-0.1801647884815286,-0.3547855934150555,0.3898911289593342,0.2455484678472644,0.1550162656193314,,
20.057169000000016,22.02496297265599,-4.211869667449466,10.70151022360388,3.393137485054222,-0.1582245994466089,-0.4666587291481786,0.3910701957218916,0.2423015122576029,0.4440164848053725,,
20.066675000000004,24.618526285874253,-3.824716478991287,13.62739105190994,3.267072723941106,0.0239027534937817,-1.061322192428101,0.490117850839203,0.184955046625389,0.6221237119610815,,
20.07618300000001,28.192616991666355,-4.124287511927501,16.689679322561528,2.5918854135196394,0.1721661004896079,-0.4021502564099269,0.7048381803745906,0.1288334096294928,0.6625528427269535,,
20.085692000000023,31.45004211745278,-4.835616163562742,19.16375911828272,1.6641454704976175,-0.0389272952912261,-0.3117374533400955,0.6625836050947717,0.0643365642030172,0.5581881078090356,,
20.095382,34.357752654406,-5.341211156929329,20.793845737192136,0.4719948022128234,-0.4111648199402067,-0.5988147692493757,0.5796587003368752,0.1027545487974762,0.3888325919088089,,
20.114214000000004,39.32405060083635,-3.170242736086327,21.815805228952943,-2.274129294162037,-1.5941356264420643,-0.0042001499721438,0.2444273142318765,0.4680855809093605,0.0572053814820407,,
20.123728,40.10757534493519,-0.7006029216154092,21.179374861860893,-3.074024742868373,-2.291116499628597,0.2529718690265515,-0.0353121730602793,0.5175401882942878,-0.1221245144615432,,
20.133252,39.94729556864585,2.0112056461125336,20.02636592704038,-3.207321399798152,-2.59154641135387,0.9443394662090568,-0.2211083234851604,0.4969551553677127,-0.2304676186854478,,
20.142752,38.35705669373199,4.650287755239669,19.08953199931157,-3.197592069541108,-2.2776101284296417,1.0308144065547384,-0.4767316129571812,0.3911134667984946,-0.1863720233864085,,
20.152252000000004,35.28737070156359,6.424364922459236,18.57058192047816,-2.872153666301997,-1.808479550809127,0.5508818973216876,-0.6937911740129624,0.1380125634728811,-0.0660294544186293,,
20.161962000000017,31.82077900236876,6.778267719177981,18.67014208977327,-1.9435664980314715,-1.5472886258365794,1.1348174930241963,-0.675883686251859,-0.1536328766553952,0.0789919994155684,,
20.17146500000001,27.881131624246525,5.972046832803476,19.48482259152385,-1.4067182470851058,-0.7764239436909368,0.3549822747855511,-0.6878280194202283,-0.4092874661859096,0.2321464989031053,,
20.180813,24.166284849276607,4.378603474996793,20.753148576933665,-0.9323451601230074,-0.2064602945495022,-0.5292237235740567,-0.5853995176224969,-0.5548348733113547,0.2999609556770701,,
20.190510000000017,21.237304674096773,2.289446787263838,21.89138512115515,-0.3608555111355632,0.067937165448152,-0.025518859436332,-0.3928383245199616,-0.6028287216759776,0.2420611131943218,,
20.19999900000002,18.749793663988328,0.1091519798748497,22.31364482859579,-0.1666505850077822,0.330720800648404,-0.2613387598912655,-0.2966372637368341,-0.5920411814283921,0.0748614712059816,,
20.209514000000013,16.84284130115994,-1.9680742304021763,21.61484684328057,0.0257570982002497,0.3666582959337631,-0.4906036242110679,-0.197873038645877,-0.5287459550543523,-0.1746575316194073,,
20.219015000000013,15.977855781190907,-3.888696488788999,19.68507571319626,0.2169050594775998,0.4417638407671406,-0.548668315319984,-0.025665491265431,-0.4209113711453323,-0.426876710950592,,
20.228531000000004,15.950530937070324,-5.509121595142391,16.85944131574368,0.5583325529215664,0.4011996535502592,-0.5081444200784206,0.0969996615217165,-0.3097072800906352,-0.5987801466545376,,
20.237882000000013,16.57421112693084,-6.603431183544876,13.83851445958004,1.0869956075682603,0.2050215383430481,-0.8314448908001462,0.1780361871433852,-0.1781882103512592,-0.6257708927594235,,
20.24738100000002,17.97379431982724,-7.145703773972753,11.366249166405131,1.6014371018699638,-0.0144277051272087,-0.7489816818484707,0.2952872768943465,-0.0448604911108187,-0.4928579226241307,,
20.25688500000001,19.92210737489457,-7.2491025840901235,9.995701892976108,2.227189655776546,-0.1701639431887812,-0.7145173410627846,0.3841167368304665,0.051755429264965,-0.2476119459637298,,
20.26640700000001,22.19061836541904,-7.049135230764063,10.059710332668953,2.706312632867191,-0.2413219392989088,-0.2483454637944963,0.4367548029816875,0.118165553484209,0.055230380636798,,
20.27589700000001,24.27588948407944,-6.817141644798792,11.459050309174806,3.088327891679852,-0.2493402975945268,-0.6763047102071376,0.3984944532733451,0.1231207505481796,0.3244355292734558,,
20.285403,27.08691054871729,-6.880783858077082,13.797226293595765,3.005552212428006,-0.0716475348430128,-0.4699740783129387,0.5481373138259915,0.1097586375379513,0.5351911218580839,,
20.29492300000001,30.174803112563744,-7.340627475663163,16.459214940742466,2.624886671791355,-0.0905522585820733,0.2106055375355965,0.61635198441968,0.0712767009740176,0.6094062638584514,,
20.304439,32.75922927303471,-7.855429678957396,18.829447841628628,1.980168701405746,-0.2163443025166573,-0.1905556515421478,0.5201103168255891,0.0570126321771293,0.5546260858021782,,
20.314123000000023,35.50996473942487,-7.944702112321821,20.58205639703605,0.8508273739081341,-0.4969052257280366,-0.05741741699374,0.5196970736146884,0.1669824540427996,0.4337108009900362,,
20.323635000000024,37.7871662082079,-7.176713790805914,21.43481176474515,-0.2905520479068487,-0.9157559941632376,0.1748101468149039,0.3669003989082188,0.3054973023695825,0.2360107001408029,,
20.332964000000004,38.93407246191318,-5.2097975136352925,21.50617859285363,-1.2792642662030165,-1.1982753795249546,-0.3883333925389621,0.0683207778055847,0.4500537358142579,0.0390498140989561,,
20.342476000000005,39.64809331713883,-2.235438124211675,20.985643879054816,-2.064989758479074,-1.6160921597133673,-0.112143978286453,-0.0828238458548893,0.6067617547642566,-0.094934992220204,,
20.35199,39.37929098869956,1.1238266329076765,19.945683591034264,-2.4266898558128087,-2.0517755228982097,0.8030530989782287,-0.285606370358919,0.6113396993568238,-0.2087095302088138,,
20.361504000000025,37.65775891514991,4.293342194168389,18.69391042771282,-2.279631080475822,-1.6363581604484532,0.334694132126045,-0.5352951351277714,0.4844882493493223,-0.2525243662076305,,
20.37117800000001,35.295194935389475,7.011375696397551,17.78849295071845,-1.810384526311632,-1.2492326358390469,0.3842464063086457,-0.6177341919005525,0.3689685857446667,-0.1518666033555404,,
20.390211000000026,29.47867752158582,10.651493071272776,18.50564159277318,-0.8990283307229862,-0.4455854291058772,0.0725900057130418,-0.6518145010539255,0.097702650608615,0.2467363252166162,,
20.39972400000002,26.670589436343064,11.347068074320552,19.61692194531585,-0.3965573351883363,-0.2643718832831599,-0.0099554197543122,-0.5671396105688951,-0.0488349447886092,0.3216405760102975,,
20.409232000000003,24.662709565428,11.812431224025367,20.65868749671966,-0.4538348173884887,0.0027568544243819,-0.1580888526758549,-0.4018422271867282,-0.0482547757650361,0.2814897994711556,,
20.418758000000025,23.23217354047341,12.287424391689388,20.9385726405544,-0.682370646646837,0.1537846113747296,-0.1390219721630387,-0.2956294835926114,-0.0107226268456098,0.1032837030286881,,
20.42826500000001,22.22915203065673,13.083961642631184,19.96440643343099,-0.8094991282025946,0.189072265848101,-0.4725418900420084,-0.2393686444910347,0.0807796891368134,-0.1690205001153968,,
20.43777700000001,22.1059437162574,14.799635071850677,17.805986927078568,-0.6448609180576373,0.1503799332728715,-0.2010890472916044,-0.1341389502066709,0.317171274831877,-0.4474897240854217,,
20.447265000000016,22.53501926349965,17.633017454792547,14.814206753388184,-0.2587475193364178,0.0980872207970224,-0.3355699119890926,-0.0806670455269574,0.5676457235985267,-0.6441876838287222,,
20.45679800000002,23.33173737995849,21.437807570422056,11.662155272645814,0.6649711503377209,-0.322009421320211,-0.1641767080891485,-0.0288675449935187,0.7760849851640278,-0.7077268020940393,,
20.466106000000025,24.590773007136896,25.9902632382004,9.146212082954165,1.3056781189293505,-0.6050160018774423,-0.4730163553355448,0.0617527835211521,0.9383507099310509,-0.6227644647932508,,
20.475623000000013,26.393119216804685,30.5521683093953,7.806913352759486,1.8234428369818187,-0.8004574648624355,-0.5746592747994367,0.1792540771442103,0.9503924958738142,-0.4528172414920502,,
20.485139000000004,28.49558777033519,34.45867590553015,7.83563407538357,1.7720449194505106,-0.8365242200554109,-1.1730313807090698,0.2449572575461007,0.8232784099718913,-0.2315974363934112,,
20.494643000000025,31.205021920558,37.52212279685209,9.149567900456676,1.5617148916054686,-0.8832776219139742,-1.3236609383150328,0.343336547150445,0.6715072411886964,-0.064639182205689,,
20.504154,34.432025928285285,39.85525539573957,11.298522371846998,1.6744261923848234,-0.8553457292714214,-1.0862107638282106,0.4132183962554118,0.549293881291342,0.0174359421816183,,
20.513671000000016,37.399928610935376,41.73532106399174,13.66608255498317,1.7727860494123138,-0.8544070418276382,-0.7530494939090403,0.3576715639249656,0.4648598506362097,0.07540374866468,,
20.523172000000017,39.310321667857984,43.4243086723778,15.683837705646912,1.668923409988974,-0.8951027448974108,-0.6168786170808029,0.1866160001037551,0.3985697599411418,0.135242531675413,,
20.532689000000005,39.97409255107196,45.04976398627689,16.967564542509407,1.024516079089929,-0.767134425079886,-0.515268771395345,-0.0003021547125245,0.33911889330981,0.1517807812993542,,
20.542378000000014,39.27320133201677,46.55953276194489,17.206644937458677,0.3088414394191791,-0.6630452670992285,-0.1170383029569793,-0.1825276717372649,0.2600882250348104,0.1321547316707396,,
20.551887000000026,37.462765401495695,48.11151091300158,16.66244999499102,-0.3712630561451113,-0.6073544045883372,0.1534037053984213,-0.3256855355253049,0.2254610893666067,0.1409096294965036,,
20.561397,35.186318498773616,49.93816515212488,15.966039871470407,-0.544164071984779,-0.6221136294980171,1.0730376332822604,-0.3897284605988568,0.2668069958682571,0.191914216250153,,
20.570908000000003,32.083980919952744,51.62455206231196,15.041881762778267,-1.1057315955883038,-0.4784264135202193,0.5303701225731507,-0.4688127850765435,0.2200523264927036,0.2833775944919989,,
20.58041300000002,30.165040483283395,53.799889675731,15.21736486688625,0.1950996597916656,-0.656913743322631,0.7489540128313775,-0.3385680382289545,0.3595493820000378,0.3303921904957065,,
20.58994100000001,29.930597244176248,56.584294183610645,17.26075392188506,-0.534500923033407,-0.3251466812463192,0.097094442349037,-0.1816942309941335,0.5278633774557163,0.4475980384248818,,
20.599433000000005,30.9219578144538,58.43041170521931,20.164130151692262,-0.0376699926763789,-0.3123748633573326,-0.3814356731820008,-0.0176464335864717,0.3843626824612831,0.4138501874552884,,
20.60876000000001,33.402043642836226,59.43553563108131,23.86760795889136,0.3750803717861635,0.0429678214715477,-1.0960923255632355,0.1620710055288165,0.2826235848312184,0.3161360271888829,,
20.618295000000018,37.10329891409776,60.27491892871967,28.55301725821843,0.3250261197391861,0.0323649029208135,-1.0850153823417044,0.2595885901133866,0.3150883414991143,0.2971856725625144,,
20.627804000000022,40.74102476293396,60.422552220288495,32.60715983446874,-0.0628574185246938,-0.1488116166064451,-0.9516066456890672,0.2949567148934454,0.2089159474262254,0.1641656502559355,,
20.637486000000024,43.67736600353035,59.96846570373074,35.00446491030973,0.1097261999330933,-0.2977142335789792,-0.7785093043176405,0.2932691176219806,0.0872845150649262,-0.0499445098095944,,
20.647008,46.364750747889374,59.82885865501848,36.7172871826128,-0.0699586064360003,-0.5656773692982888,-0.1807557550826581,0.2349126113043055,0.1356610152365572,-0.1454329583710274,,
20.656514000000016,48.5958423793256,60.07945776935721,37.670130913814845,-1.2308773884305124,-0.917380577730219,0.0239132074381687,0.1476219659804042,0.1753496912044633,-0.2226388724352188,,
20.66601,50.97606807081204,60.49565126850845,37.663296889109546,-0.6533203849993123,-0.8639481425307998,0.6688151505402434,0.1357757763909469,0.2105051692717113,-0.4473458384478892,,
20.67551900000001,52.91456925597114,61.38491196039953,37.61792605047315,-0.6502497687583318,-0.8205118135262386,0.8630472207762074,0.040177551191228,0.2561999545298484,-0.3817676153533481,,
20.685024000000027,54.42110826287518,62.735656340499766,38.03627754195241,-1.0222803711770727,-0.9932772777130964,0.6442660786176042,-0.0546552695789062,0.3002491390612399,-0.2138695940642871,,
20.694537000000025,56.19969634355758,64.20671420936847,38.762806135296216,-0.3127956430393516,-0.9871915513453692,0.6977189212278829,-0.0587348288971372,0.3295839098867661,-0.2016353535549152,,
20.70405600000001,57.31490216887762,65.62368210242938,39.64331680992445,0.1257125500955418,-0.8776650581260584,0.4102266878468387,-0.106330381057535,0.2796075201739003,-0.0517822750390577,,
20.713569000000007,57.54274764020014,66.91289896703067,40.5456011615967,-0.4411027310318959,-0.7395169185295414,-0.0707015840323122,-0.1524583542819486,0.2091932618149182,0.1176406488328441,,
20.723075000000023,57.15996416494702,68.01241878667543,40.8341674333462,-0.1768666782513818,-0.4952674259520854,0.0613886610079991,-0.1659670225332378,0.1476882980578389,0.1105629577638324,,
20.732601000000017,55.254842026296245,69.10144512314479,39.915784001920365,-0.3962958958235097,-0.2216312888296274,0.1796411264362383,-0.2475454922420303,0.075645240004144,0.1548227913596406,,
20.74209000000002,52.01686104317433,70.41885047144268,37.62626986676291,-0.5926696910863234,-0.0867538278337277,0.5303816617152806,-0.3400316770535016,0.0649414971445598,0.1304203719513046,,
20.75160400000001,47.048841271944845,72.03103507181092,33.28562347915529,-0.6409837104373908,0.1238301783593313,1.0000887259709226,-0.4478571405922968,0.0766898744530903,0.0475594351171352,,
20.76111600000001,39.35388415513773,73.79386405845965,25.93352176958573,-1.229758264482371,0.1683913568875738,1.0104285693041133,-0.5673398500207429,0.0822083180249103,-0.0260117354932459,,
20.770622000000003,29.52418998037174,75.43069941223251,15.297317354330534,-1.4527199183513095,0.3736597649682084,1.1267288200519592,-0.6031575725011489,0.1214571661487651,-0.2605804064925522,,
20.780138000000026,17.205880937076646,76.32540125803709,1.3336420824813957,-1.32152722998909,0.0061699950606747,1.0925397158473111,-0.6198602354233278,0.0886276373715273,-0.4368483894422136,,
20.789637,7.3587834656843185,76.51664324812472,-12.0991907343083,-0.6848005584629112,-1.2709490069225626,0.3028861038664212,-0.4565271998710079,0.0804915569901375,-0.8140613472519425,,
20.79916,6.160545618877729,77.91508482557738,-20.29430347032126,0.4069647583795268,-1.0692985004507798,-0.3173989561869696,0.0269048667766899,0.2840619641027624,-1.459405072741104,,
20.80866900000001,11.366420795388828,79.63758528991336,-22.84453795208199,0.0269201436598614,-0.4579264080812849,-0.3954750260047552,0.3152372170626151,0.2471699786906136,-1.5928239936269264,,
20.818088000000017,20.07930754084771,78.5648910072095,-21.83270436033664,-0.067364131773332,-0.6906970945765775,-1.506668372494098,0.2244890056367898,-0.3231816329188133,-1.5807307157364334,,
20.827517,31.057540484891604,75.60613776175738,-19.45517110291999,0.7113610655059733,-0.6996799548528028,-1.5255844537061312,0.2546201271668654,-0.7248800332181264,-1.7750102638283098,,
20.837192000000016,40.8451842551909,72.162019566949,-17.969706328196438,0.9669547360619598,-1.363714136063321,0.1908061933792114,0.2986947697412725,-0.8247825510841729,-1.7046641852938296,,
20.84670700000001,45.78954550831584,68.1285856336603,-20.796212336337305,-0.0382120699442883,-0.7839560815644311,0.9088938889419532,0.0539979413701373,-0.873520221164293,-1.6180720757672018,,
20.856202000000025,49.01241384973252,64.60531162747174,-25.7196601349472,0.2229964074244708,-1.8877531113898416,1.5399458532417778,-0.0367640522191828,-0.7511850574179084,-1.7000651263029851,,
20.865730000000013,53.13967626515081,63.3200994174948,-29.21314999515652,-0.4852849334053087,-1.079012696223177,1.580137747500162,0.2053875199113881,-0.3948542181763126,-1.558224560164458,,
20.88457200000002,61.89649064232302,65.59022491598785,-35.12042068629216,-0.5384363875104098,-1.677334310577744,-0.2649429720213909,0.4840965207767328,0.0808122336938373,-1.3637490518374435,,
20.894166000000013,67.14593537211437,67.74245419304806,-35.83446013362592,-0.501682541835457,-1.0658223407662608,-1.715245563868799,0.5891080722364274,0.1091338362629661,-1.1083072885854852,,
20.903659000000005,73.47479632394112,69.24537731321976,-34.84777117801162,-0.1530521674291702,-0.7477658406813651,-2.540304658505959,0.5528180097179703,-0.0234033487872482,-0.9816288493669132,,
20.913183000000004,78.27801700349207,69.37976221715365,-34.438475025701656,-0.0326301737896657,-0.7038134689081489,-2.845912999170912,0.2947856281581618,-0.1709825660980315,-0.817772523662054,,
20.922695000000004,80.39364779008052,68.13610742523508,-35.59607850449369,0.0669022784092672,-0.3184387705370271,-2.7152997347682777,-0.0172138243241548,-0.2920913556223409,-0.6264690110612142,,
20.93221300000002,80.29743236853608,65.94629522487857,-37.916204211240434,0.1347106717841932,-0.3016036909038371,-1.8115095262983885,-0.2684665419780118,-0.3469556795725704,-0.4465557872372858,,
20.941720000000004,78.28278369568298,63.47765964014892,-40.39472179367051,0.3268424982709478,0.177163019357718,-1.3018060686434882,-0.4457268585266239,-0.2745579821829671,-0.1312448071421952,,
20.951144,77.06332297136257,61.480083204831374,-40.66809170830575,0.5397160891333375,0.1341268459018723,-0.8106500158902336,-0.3457135511856121,-0.2307175872121425,0.1619561000715514,,
20.960837000000023,76.31117555697183,60.48222989727244,-38.57319515476655,0.858509161277342,-0.5841062372601139,-0.1241808379055492,-0.1837336897719006,-0.1073060033449677,0.5512065985413626,,
20.97015300000001,72.60492800293426,60.44450815867261,-36.39496311974895,1.1651939246766911,-0.6705783220294541,-0.2944702529549176,-0.2949758926812325,0.2167180882644566,1.0817499216649735,,
20.979692,65.64307415902307,61.039961611188026,-35.27240121782459,1.3181843542097402,-0.9488559187321444,-0.9643706213781178,-0.4826986173300694,0.4955062778254321,1.4407776799572114,,
20.989183000000025,56.62997667384936,62.02504432651786,-35.026130088049975,1.6934322620480258,-1.7619585673371116,-0.8709875054564915,-0.5900632962303839,0.6562403478629111,1.6357033096157845,,
20.998685000000023,44.240533667909006,62.99247541214286,-36.68120001816265,2.3962866821106403,-2.1133662960286297,-0.2638693673578842,-0.814765168264123,0.826773113129641,1.869463730952185,,
21.00822100000002,27.827945882296696,63.70045100857964,-41.04944255438799,2.8906375273118723,-2.020998699699118,0.3124868461349441,-1.0538946201867878,1.0376904599903616,2.157685703769493,,
21.017896000000007,9.193391320949024,64.29829448895298,-47.04238348877632,2.7095260253335507,-1.1619385664405608,0.9077537175595304,-1.085458483620043,1.2250453397378065,2.2604485447624763,,
21.027402000000023,-9.908021470283614,64.32958305703416,-54.18229570417103,2.2301273478080565,0.1049894946586377,1.6237378961327336,-1.0388420191534955,1.2868574960326271,2.123519005144437,,
21.03693100000001,-27.49646871115717,62.96858095212564,-60.22277260777388,0.6397996083364146,1.3590718764380652,1.543513830688466,-1.0718985705260722,1.1652364617941529,1.9484671894209755,,
21.05576000000002,-50.2392917961669,59.789511615757775,-66.46144288309873,-2.955505144919742,1.144573726271442,0.1937102194297452,-0.5829557418430835,0.7318248491579809,1.1113832791693858,,
21.06527700000001,-55.59218861407838,60.01409980338199,-67.99385004727056,-4.268333607464052,0.8738829541304343,-0.2936887083727104,-0.1665591218871131,0.5128956694751756,0.6205181099295093,,
21.074772000000024,-56.73837821757597,61.32069397748358,-68.5948722924263,-4.532290542202439,0.675365313957949,-0.7514234404147421,0.20151952250042,0.2012132670387398,0.0797471923741139,,
21.084292000000005,-54.50817311359541,63.26447914307528,-68.84485070925777,-3.0189947981197074,0.6182970840839201,-0.8014210901549329,0.4380459553276947,-0.0522257991735649,-0.4454102773233648,,
21.093796000000022,-48.32292346145512,64.69190283291421,-67.3676262598773,-2.327858925425602,0.2599014078202837,-1.0960570502548288,0.4674931312233398,-0.397576160609148,-0.8172516500181142,,
21.10330300000001,-37.874061963922514,64.81688117354041,-63.85666866366832,-0.6225280723001652,-0.0229752547811779,-1.1797231646739188,0.3908702710707852,-0.8017881045164557,-1.1897490769565198,,
21.112810000000025,-25.83924906166969,63.61457237599088,-60.12853381442304,0.6416439990371182,-0.375911754491912,-0.8805425086190047,0.2801508123842711,-1.0371868433183418,-1.4239734729047515,,
21.122506000000016,-14.56430822553318,61.51299530162079,-57.613749204030285,1.379194093223114,-0.813799248847632,0.0094514890666163,0.1785598437484749,-1.1067140500271098,-1.5006694679358854,,
21.13201600000002,-5.113633234699357,59.164157833733526,-56.60524845970591,1.1118940558151915,-1.1030341720789492,0.7110124310182087,0.1144631528236521,-1.041054006826215,-1.4426740981721484,,
21.141525,2.920218351657422,57.30345913334245,-56.56937224214128,0.90300321545282,-1.2859437648371137,1.245363243704663,0.1558523702205112,-0.911785957978334,-1.360525257940851,,
21.151037,9.276482550153252,56.39411395224159,-56.80102166967816,0.4815664625866938,-1.2445636557569832,1.1167457874108948,0.2302658011702696,-0.6815655758121351,-1.11193126225409,,
21.16055400000002,13.961404081379271,56.490479543608544,-56.57345124318014,0.213597012384813,-1.2188249223353405,0.3275917311188383,0.3009023798152839,-0.4227373897359951,-0.7361769054247621,,
21.169883,17.228934319900798,57.24475810694402,-55.300735381792165,0.5174896234549891,-1.5056055961422925,-0.3510068077141551,0.3253633626453784,-0.2116429096827953,-0.2931127243701034,,
21.179397000000023,18.597823340116246,57.946465725595765,-53.02921845537642,1.0395821959692917,-1.741194638267567,-0.9990110780124966,0.1998929366526892,-0.036787847085898,0.2233663360630285,,
21.18889100000001,17.890607783319837,58.17418249266841,-50.23304478167887,2.099766633012427,-2.2504588836820387,-0.900002584467601,-0.0107719053236737,0.0870923788196393,0.6800309164658016,,
21.19841500000001,14.047256972202376,58.039641775100144,-47.65004105995859,3.2300635706004743,-2.4411204854431934,-0.3994630751200861,-0.2874781686646631,0.2890173700902791,1.170534894199437,,
21.20792600000001,6.243578395942401,57.95482395435535,-46.22063078211933,3.5505037804833526,-1.8246492943734176,0.0217443479316461,-0.5773592249598871,0.5942486878576975,1.6366399062845625,,
21.21742900000001,-4.56800646097769,58.1095711321214,-46.715499422585054,3.555403956330802,-0.9956672409751016,0.5909286297454849,-0.7651581583251524,0.8538321722529124,1.7866735652992678,,
21.226950000000016,-17.840480052896915,58.3618090435517,-49.698068148380806,3.42673453621648,0.1626723528449934,0.89986215685804,-0.8912878879283634,1.0782773711966809,1.7261556999756866,,
21.236639000000025,-33.133521362683986,58.254586000364704,-54.83104938339373,2.012920672371464,1.007892722382892,0.4639826631628942,-0.9961226608554244,1.2606556675475304,1.6515327542430165,,
21.246148000000005,-47.77484507871772,57.489434393066105,-60.35207306952062,0.4548546372601326,1.0217448252479795,-0.0971073941484751,-0.9592463655003908,1.2358227068487595,1.4473701467447273,,
21.255476000000016,-60.01753594977099,56.55851177227963,-65.04098199818722,-0.8137291186421044,0.8617555539413357,-0.6833888393054174,-0.7735231871915608,1.101307582080853,1.1759193558970502,,
21.264988000000017,-69.82658226329832,56.096048302819526,-68.30013859805051,-3.09423129032958,0.1010002057295333,-1.0614838884181934,-0.5137110188266816,0.9639057859371964,1.0312340939534514,,
21.274509000000023,-75.88205604331363,56.62409534787752,-69.53647914570031,-4.92420851786004,-0.8346484706974147,-0.9455275722628376,-0.1420733487845669,0.6648060663876116,0.7935774141600686,,
21.284008,-77.38158803618153,58.27095794182941,-68.89204692939155,-5.045595871323661,-0.727020082333566,-0.7816014685172917,0.2511097342006985,0.2679515395077124,0.3941498398397637,,
21.29351200000002,-75.26936141727053,60.476953397690416,-66.69164996081989,-5.137529844674624,-0.3125390207729546,-0.4702775430909023,0.4903393169788779,-0.0323218843382312,0.0685004393151303,,
21.303032,-70.00316346608736,62.38973960662137,-62.95690367611783,-3.914401130573664,0.1904279883584335,-0.1333801231449526,0.5610061755112538,-0.2928114242493008,-0.2014026102692225,,
21.312545,-62.69182648114138,63.35761804947395,-58.71068219066891,-2.8059151375861098,0.5338348099145505,0.300298876682775,0.4947654779364466,-0.4874914931217748,-0.4878680353435818,,
21.322226,-54.01512824793825,62.83131013344836,-54.86268358746066,-1.5292565906712368,0.8251348635222935,0.3814504746897272,0.3438466737529829,-0.7142271488393624,-0.8264948432135308,,
21.331728000000027,-46.60280038549749,60.94920447861743,-53.12560843825288,0.1804176712769535,0.6001607943109807,0.3489183662228654,0.1084558327622949,-0.7865380628528399,-1.0163303667622017,,
21.341267000000016,-41.51406587704468,58.60681668245712,-54.21103406221098,0.2087427851146864,-0.0244895323055104,-0.0207418527135493,-0.0718983647628452,-0.6912583061223252,-1.1593626630907174,,
21.35076100000001,-36.81549447985944,56.29558839905483,-56.629912851057306,1.5339412336567828,-0.243573325655745,-0.0657544394486609,-0.0916793064114316,-0.6798339770617182,-1.3405159374251072,,
21.36009200000001,-33.205900405461065,54.20282625953493,-59.095953479561,1.730329449238957,-0.9442390881674254,-0.3248167843236435,-0.134117163580199,-0.5722656800069683,-1.1466619289616644,,
21.36958900000002,-30.05065971355944,52.77865025164879,-60.77738732477646,1.3005644082288417,-1.4909582689285006,-0.6140082685805978,-0.0573436918539215,-0.4683840084596153,-0.8983307021940206,,
21.37910300000001,-26.338172212209187,52.09183175550454,-60.77699858402426,1.7566342530047008,-1.5522459309599597,-0.3961990576243227,0.102710999557907,-0.4623339635576517,-0.660426937721077,,
21.388609,-23.123779734167933,51.65581317093836,-59.011998042309536,1.8681867695118903,-1.5816784615094803,-0.2085621517989474,0.1247270946796529,-0.3872054692487401,-0.2088267700987119,,
21.398134,-20.675439840543284,51.35264007118776,-56.09547959670932,2.0104787130463264,-1.4558343645567875,-0.0124641967813913,0.1129647020420932,-0.2898500710203873,0.1605310841343883,,
21.40764000000001,-19.4527716560336,51.36691735866568,-53.12834936274248,2.946436491208325,-1.070070770383054,0.6170306292680998,0.090969685491754,-0.1228533744572923,0.3773258857621354,,
21.41715100000002,-21.03381692205376,51.70946663806036,-51.1866451385508,3.1056168337230257,-0.5548706528713102,0.7726734547349966,-0.0667393459168925,0.1975846837764365,0.6279649301959668,,
21.42666700000001,-25.01769077400825,52.263738165791935,-51.01124220253352,2.9340198641485835,-0.2248872608225906,0.580191146449696,-0.2220425527131274,0.452052830953501,0.6698596284016383,,
21.43617800000001,-31.08481831452321,52.85813486816084,-52.918482128498034,3.143440134757473,0.1454927667213501,0.3467282383760752,-0.3609118166627491,0.6550219308654016,0.5959405616006536,,
21.44568700000002,-39.18467205838321,53.09008920013643,-56.540070513759794,2.1632733307252856,0.1181120693073843,-0.3295698005956668,-0.5251224615588855,0.8242030872543638,0.5895933406139093,,
21.455195000000003,-47.08973337593721,52.77078362236302,-60.59147776796697,1.4830709000380236,-0.0191807040227536,-0.8351439786305549,-0.5511683150933663,0.7808323139373372,0.4695502244307179,,
21.46471500000001,-53.77526720911122,52.22244297701421,-64.0998983704828,0.9329414859096554,0.032681526421044,-1.261119167046889,-0.4749190249797108,0.67093423575739,0.3696696646678132,,
21.474297000000007,-59.334206296106565,51.89347309047626,-66.60561842773032,-0.3484330945805265,-0.190469969396736,-1.558763719655811,-0.3449086939864294,0.5945602375157469,0.3847024189914392,,
21.48371400000002,-63.10952376372011,52.254537815565065,-67.92072255764784,-1.835191487115729,-0.3677430285447881,-1.5964321711263834,-0.1127354443290599,0.4564404922274052,0.340668941044547,,
21.493247000000025,-64.75492579804056,53.46540534286216,-68.0106139534516,-3.457370076275422,-0.3537441566343415,-1.3396075467988278,0.1501185671579387,0.275341939065515,0.2446364760386213,,
21.512259,-57.85175285232379,56.8353200595308,-63.92946603757247,-4.717483130666378,0.4028429422848332,-0.2880887072778906,0.5521848805877378,-0.4293820488847087,-0.3760782057471503,,
21.52176,-48.37557790286241,57.63283564301669,-60.11655700553913,-3.813603648681426,1.0940462889861553,-0.0892160533977481,0.6237079968989755,-0.8303918573722812,-0.8783405878104596,,
21.531444000000025,-36.57385003922154,57.38275514113761,-57.07746466261232,-1.8987603061039968,1.5078211636778405,0.4119414212556227,0.6215689360376927,-1.107022792259143,-1.4501263724027753,,
21.54096800000002,-23.93693137407061,56.09268987744168,-55.96690552247186,-0.0953282983560627,1.0723838908491572,0.7684030595472411,0.5555779991136021,-1.2972555188350765,-1.9773743159077188,,
21.55047400000001,-11.0743789508975,54.31472926298754,-56.94144837942109,1.78476812454619,-0.3995414172769379,1.1800312531379598,0.5231783331701144,-1.419251355938279,-2.410175730385462,,
21.559942000000007,1.3350110146141894,53.22698667223273,-59.8118794769613,2.112469751937131,-2.1075876207348365,1.434055805237814,0.585771230375944,-1.3654326004473556,-2.578304601427116,,
21.569495000000018,13.538275560121097,53.19139843342754,-62.430684087631285,1.17174389402843,-2.8798061660088106,1.1372275248750163,0.7010675430328668,-1.2858232764010853,-2.480452262593406,,
21.57882600000002,26.163104488891527,53.54769006919078,-63.30823236682164,0.2764316949999563,-2.8356489986833187,0.6345529536079094,0.7512202070427835,-1.31023607761796,-2.2041020724011715,,
21.588336000000027,38.82366266675344,53.46203124114752,-61.8491194276563,-0.3534681179151359,-2.285607234499345,0.1245723246342142,0.6789487719342235,-1.3456939387054816,-1.7461952072688405,,
21.59784300000001,50.21349473565871,52.32195731404647,-58.75549340993168,-0.577145311984156,-1.080194729556593,-0.6249987388844814,0.4837259876364758,-1.307112885554807,-1.2000775255260827,,
21.60743300000001,59.68359783965627,49.99439483546817,-55.52730537757047,-0.0788962784797163,-0.1063100095934888,-1.1254755875631044,0.254536212858636,-1.250688461360305,-0.8312000537341224,,
21.616873000000027,66.64977421956011,47.11336008642231,-53.03014362851669,0.2317322429157961,-0.4821138485328336,-0.921444743745648,0.0712744733969674,-1.0857126310516627,-0.5459019117142747,,
21.626373,69.94474048002091,44.60310132588832,-51.11073397800871,0.5488985451152035,-0.1123055726835037,-1.199631600367272,-0.1139086289069154,-0.6712470046385253,-0.0891905960455121,,
21.63591100000002,70.3682416431413,43.02705369275436,-49.72765195518535,0.940565637917817,0.3240451620025323,-1.4510235167736856,-0.2042403412232924,-0.2482204204907369,0.2182449934054614,,
21.645396000000005,68.5966152643964,42.7488453846065,-48.90780502172873,0.8992047734225816,-0.8465413288373037,-0.714694648518938,-0.2116654949263296,0.160794145576533,0.405564170973878,,
21.654911000000027,63.14829496763271,43.95941489154357,-48.71721071209073,1.135187289905779,-1.242943339487519,-0.2688904876566254,-0.3400784366652572,0.756462151544452,0.7870183325294092,,
21.66459900000001,53.97435790440043,46.208370047952506,-49.88273234405302,1.244223032900935,-1.4453053221504597,0.1132470265831967,-0.5050258891836714,1.2761044356357725,1.0676742350660535,,
21.674126,41.04629718599585,48.67730341145512,-53.01088874917364,1.5039495068367514,-1.758071638993016,0.6484366342099223,-0.7057682980335216,1.674906691529292,1.2817737610495463,,
21.683625000000006,25.23704405480128,50.63133433174862,-57.74155250160659,1.4941515694576242,-1.3140047576947589,0.6884671609921833,-0.8435215864728317,1.9050930891369025,1.4680503419287851,,
21.69313200000002,8.740918289544714,51.53248821434981,-63.01994217666213,1.7427161032364833,-1.0862058710039346,1.0457139795481143,-0.868548742029298,1.889794265726252,1.51595875440619,,
21.702654000000024,-7.067094256996402,51.52063316065814,-67.41749843305615,1.2680511324140764,-0.20069602369348,0.4285280139148665,-0.8266063111407944,1.7848715064638068,1.5997507431000515,,
21.72148900000002,-28.670858858406334,52.17820993828868,-70.66324074206851,-1.3999310540964915,0.9051014206510392,-1.060372792395986,-0.2246915140504864,1.0628333121272846,1.22260092970268,,
21.731000000000023,-32.28627804530032,53.69443033313024,-69.99212755193298,-2.87664369430138,1.3678240351152593,-1.4188537075231238,0.1389167823174306,0.5130642614272599,0.7120152723841242,,
21.740505000000013,-30.220870271022,55.29604130710117,-68.08706245777557,-2.6187348984920265,1.389133595260781,-1.149795786543494,0.3853502779945443,-0.1095569921877473,0.0447118050868671,,
21.75001800000001,-23.46712832875879,56.2410736943698,-65.38590902634685,-2.5185266148649004,1.0247460526937089,-0.8056882525454511,0.4739509592536713,-0.6240188282339321,-0.5774540835799757,,
21.759702000000004,-11.669869231791344,55.97261426395711,-62.46746332932543,-1.0745333410088505,0.4200931331937581,-0.0380494983405205,0.5305022090597493,-1.2059807178405852,-1.3771134132979712,,
21.76922000000002,3.4325707550039253,54.494133624200906,-60.46097123998709,1.0917483695538668,-0.990240229367082,1.461619503701303,0.5648521630838126,-1.6545815716963972,-2.08324480969775,,
21.77872600000001,18.146049707322813,52.8097491261369,-60.052111708072594,0.8353101148760057,-2.4685042321861923,2.40826672514195,0.5749995979345297,-1.6823479687616725,-2.291241654854836,,
21.78823300000002,32.07792506981149,51.86123016110512,-60.45362256536857,-0.3819757658138273,-2.63061190422742,2.341585569624225,0.6817427464676837,-1.5739043735438203,-2.288489691212852,,
21.79774600000001,45.65984331316693,51.72894208592714,-60.76120302293012,-1.094544687826342,-2.071096182757057,1.6697872260713764,0.8025759436459016,-1.4785059812825947,-2.19845599025927,,
21.807251000000008,58.77668994724539,52.17039334119683,-60.27489153459573,-1.3733265104023953,-1.822811146899728,0.910420863703585,0.8731749775782999,-1.3656513785644715,-1.9709691180802127,,
21.816596000000004,70.95359866066502,52.708590021651325,-58.49527190868267,-1.295026914832489,-1.2305753225951603,-0.1530017500101675,0.8489706953910632,-1.2239069876725817,-1.5769094232780394,,
21.826100000000025,81.89297871153809,52.62906387421672,-55.99262716887813,-0.6351570915855903,-0.4867143255676111,-1.0648410660808056,0.7049773763187008,-1.1250407380193852,-1.241053469658492,,
21.83569300000002,91.107850476439,51.57583078415456,-53.87816977217366,-0.0003732293134854,-0.3128196841490346,-1.5077008680312771,0.4786679285999616,-1.0481272281470897,-1.0328580473655198,,
21.84521100000001,98.14956310778692,49.67009187474576,-52.5797823495808,0.590554955723866,-0.1914459688476407,-1.6257500975595007,0.2301209848080601,-0.9444931621571436,-0.8299657604369538,,
21.85463000000001,102.9111342414544,47.27115558174375,-52.115927497985176,1.2083751259059838,0.1175636302672091,-1.4974906386118223,0.006030461194749,-0.7936897342447694,-0.6208096926140394,,
21.864136,105.69710435545122,44.82922612414682,-52.38526354682063,1.7436222246552369,0.3200845105831104,-1.28755777770133,-0.1495360741206318,-0.6054182335106764,-0.455446305604005,,
21.873639000000026,106.89875014995836,42.73528556490305,-52.879285944853365,1.898030018264895,0.2762023725527109,-1.054296233771861,-0.2277934009707086,-0.392528688716442,-0.2653164357627018,,
21.88317600000002,106.578788988512,41.35842290116095,-53.10776057209051,2.150488457312885,0.4453900189226172,-0.8602849326643562,-0.2487942593029948,-0.1279542935069929,-0.0028031579176773,,
21.89267000000001,105.0104540581387,41.03501223217836,-53.09246493728055,1.9999492074390848,0.3361251027597969,-0.731715259936211,-0.1936451407258488,0.1500637211964746,0.2098884851040779,,
21.902183000000008,101.99659980532805,41.94781875103581,-53.02805595399526,1.5126708249022736,-0.0545180753915672,-0.692751339043626,-0.1255868406327727,0.471086300296969,0.4126415589408467,,
21.91169400000001,97.29962272459856,44.024405984660056,-53.199161718580434,1.0797681703347657,-0.2848269358031711,-0.6685412884522147,-0.0805499088262404,0.7996747947774878,0.6069163294923956,,
21.92121600000001,90.89723207519482,46.94672303833456,-54.18594283932588,0.7074463479188787,-0.3377027631880158,-0.6472925936186242,-0.0611384117912559,1.0702925952318645,0.7166338464140541,,
21.949917,64.75776227862025,55.37955786502493,-65.07624507100148,-1.011237121056851,-0.7139954128297089,-0.1712100505800406,-0.1105173329438449,1.200536626153561,0.6399389338362662,,
21.95941300000001,57.009513791202,56.63734283757906,-69.80925050474723,-1.8019338191959609,-1.2566269552669211,0.418440850810117,-0.0992289045372353,0.8970994843262441,0.3701221779665468,,
21.96893400000002,51.37247063660619,56.95792097588377,-73.75311589436451,-2.1922581794431206,-1.7037724691869882,1.0944391052532378,-0.1322854362365741,0.6069068479045531,0.154951353560071,,
21.97843500000002,48.09743050327525,56.70453901245553,-76.31283606856036,-2.4063452779313548,-1.235412499534094,1.208458065643653,-0.1418847379725651,0.3333264983734832,0.0207622630064023,,
21.987954,48.20516723338413,56.25820129441512,-77.1161603378482,-2.5410665512452693,-1.079823884533741,1.5435192819837091,-0.0842057320150065,-0.0322718989966212,-0.2124717985693095,,
21.997468000000023,50.50592699744119,55.86841399237992,-76.6474103274663,-2.459545696402704,-0.8410909004225265,1.468592726578062,-0.017040615152276,-0.268218072469669,-0.3395400247215597,,
22.006970000000024,54.319912675682,55.80645214814778,-75.12115961518627,-2.2188564647533204,-0.713164886380575,1.0711565713340774,0.0935837323585102,-0.418623659000205,-0.3828763222988683,,
22.016481,59.089093043415055,56.173254163898285,-72.48373367791474,-1.8108572891178296,-0.6986288963439437,0.694283289474564,0.2207193055253287,-0.4917634029949435,-0.3221954746950954,,
22.025986000000017,63.87261901389625,56.72543348446774,-69.06908516112752,-1.2974776380685875,-0.4280616535633558,-0.1117298214862469,0.2796508030168965,-0.4626628317472762,-0.1670158099629587,,
22.03533400000001,68.70135527684124,57.08398437687677,-65.31250010721803,-0.7929822919535738,-0.498164305603631,-0.6924049052473948,0.2715694056939776,-0.4581847732050007,-0.0986194363754202,,
22.044823000000008,72.91529614516662,57.01827283524874,-61.69451083917748,-0.3089369867711217,-0.5975059617274845,-1.0649602550930402,0.1935604638633651,-0.4161458630961623,-0.0179410656049487,,
22.05435400000001,75.8733371876358,56.446411311889975,-58.71782413743244,0.1270026702617862,-0.5305914422834798,-1.2194742138930734,0.0624798309295774,-0.338681800483907,0.0732792166300329,,
22.06385600000001,77.43779829396766,55.4196779790365,-56.64589480777241,0.5802558929613404,-0.1622963044162132,-1.2737574412466564,-0.0796710424928172,-0.2582391911762696,0.1319298954892845,,
22.073364000000023,78.26426853918196,54.07970406865869,-55.25352143668286,0.6919832711037676,-0.4415681735570211,-0.8962157676710304,-0.1686128824804465,-0.2295146984379245,0.1207969274919935,,
22.082873000000006,77.70173570014593,52.70490917250999,-54.06257923689091,0.8051245647736169,-0.3626569384656834,-0.7084900614179949,-0.2633424270337935,-0.1046380077132146,0.3115717346352861,,
22.09239500000001,75.98904807264897,51.46737374148738,-52.76199124383223,1.1040082778187523,0.2776495032410206,-0.9282145748703412,-0.3245843120179096,0.0214060869370134,0.522860608631904,,
22.10189800000001,73.89515635928136,50.44989457673704,-51.2317753668278,1.064109788154211,-0.3115122211121224,-0.6656686234376786,-0.3231690163114556,0.0826145703930911,0.6270494833547062,,
22.12091900000001,63.55801914058256,49.56867637091327,-48.45006904013619,1.2797708849591447,-0.8577011398042123,-0.6355023449043802,-0.5827800187395904,0.5981486381571421,1.2499718307818648,,
22.130421000000013,54.88751152840874,49.6631798319708,-48.015809579205296,1.3890313891745796,-1.6147951096594546,-0.1997683644478634,-0.7333488733738671,0.8532612736970167,1.4600444097000829,,
22.139952000000022,43.57205047166449,50.19093415179299,-48.47745759619266,1.8307271860313987,-2.2188048827557614,0.6494977749696391,-0.889352464899075,1.160765145198449,1.7070901440002098,,
22.149629000000004,29.266843305686205,51.08712093589275,-50.29802207909702,2.148544535164544,-1.777180195194527,1.0749864467905574,-1.0413497007287298,1.4982869854831966,1.9305690626329768,,
22.15913700000001,13.079367799486835,52.01921072372135,-53.79433806552733,2.4134736078144403,-1.155443853768178,1.450420520235446,-1.0854758870481087,1.706074413527391,1.9327922979754213,,
22.168656000000027,-4.124437512401397,52.66183103036736,-58.668827423124746,2.1843250001114267,-0.0217431449610372,1.2158582592657554,-1.055497713559957,1.822110456490166,1.8389565760851112,,
22.17815100000001,-20.81853465889632,52.70022374990536,-64.04971558664846,0.7985727894844445,0.9955851386339492,0.3844256035354922,-0.9577445405392682,1.782697152043083,1.6547535013763588,,
22.187495000000013,-34.559761665941075,52.202117766478025,-68.46288581528462,-1.0442981486274054,1.3200435152458512,-0.3908384826330041,-0.7652350081204022,1.4934224376194596,1.2993852681140643,,
22.19700500000002,-43.79550500486031,51.79991732296219,-71.59190385311288,-2.5140988050604536,1.345859347944705,-0.8713921223876417,-0.4641627308977768,1.0420694070975831,0.8312806587272399,,
22.20650900000001,-48.29452623021079,51.98591796211304,-73.33066344348704,-3.5726772240029896,1.219033826015407,-1.212244157112342,-0.1320014825000979,0.5412252415539714,0.3607558981910698,,
22.216017000000026,-47.99849579617885,52.94882834614196,-73.82832899227414,-3.2284716869065777,1.085784442828567,-1.1971015174532778,0.1951650765821178,0.0198634377145116,-0.146645370750144,,
22.225535000000008,-43.50250965379991,54.366948104325786,-73.07045769087956,-2.676134610216759,0.7221975738684633,-0.9521062420975897,0.4240050071012606,-0.4304990094490331,-0.5734368648832874,,
22.235036000000008,-33.9349377320982,55.452916358790446,-70.60678150710578,-1.434775477353648,0.3296758987369914,-0.6984707888702002,0.5491659914184984,-0.9783676709634592,-1.0746704246949998,,
22.244754,-20.05539524405493,55.58053635235409,-66.89593957327472,0.5062817760897212,-0.2787564500302488,-0.1892419353185864,0.5933781768056687,-1.4558980929989622,-1.5489823426816791,,
22.254255,-5.143673145165243,54.85608576561854,-63.33053668201024,1.4224987334364154,-1.329117113044274,0.7253462888340769,0.5853506566234102,-1.604247881336591,-1.7397980124557284,,
22.263757000000027,8.864738672363517,53.60956626652514,-60.69010172802442,0.8379343129693159,-1.6512997094789597,1.0230529607895955,0.54973941509363,-1.5632077324416334,-1.7481919309243674,,
22.27326300000001,21.87974922748235,52.0546443945414,-59.12181919280117,0.4742638834506927,-1.85934684157607,1.3041322486382214,0.5210397686735189,-1.5171006496666075,-1.763186407200365,,
22.28278,32.98360780354074,50.71693229715606,-58.38719655549585,-0.1116454525800096,-1.7876653525060802,1.197442672062446,0.491358852691457,-1.3245851293055104,-1.59033515039958,,
22.29227800000001,41.883474996393645,49.97157638726671,-57.92227123693772,-0.6701697505379755,-1.0407389925672883,0.4417618433605686,0.4734699569750586,-1.044559755343475,-1.2789308048911812,,
22.301816,49.437397933482096,49.68786013885036,-57.33247390574146,-0.5933915208870426,-0.3724923257868751,-0.374416892082502,0.4744380766564014,-0.8543188478746125,-1.0377213262396126,,
22.31114500000001,55.823752770655815,49.62275355926549,-56.41792854977507,-0.3733066998404307,-0.7890165085110813,-0.553245942418833,0.4414205410548991,-0.7003155937267268,-0.7915487605484299,,
22.32065600000001,59.84582744053114,49.58200393917929,-55.17168150653385,-0.1173187778580135,-0.5167613583142469,-1.2762704043784387,0.2866342015564846,-0.4361755926336355,-0.3638138282626024,,
22.33023900000001,61.891406517962594,49.2417701549905,-53.80307979769466,0.260271376206687,-0.1386831443740697,-1.883725252555965,0.0993385244362072,-0.2564507107572175,-0.0370062420536865,,
22.339753,62.4163255987523,48.43269544026533,-52.55011459183799,0.5730627438063932,-0.6246868604197109,-1.670199760053682,-0.0882227972532285,-0.1524580709144028,0.1717707743928847,,
22.349166000000025,60.66801000052089,47.31983164311188,-51.47495830670042,0.8378267569878287,-1.0817934700628575,-1.1914944201189643,-0.3201455561554743,0.0479274540560397,0.4749332916031574,,
22.358682000000016,56.26644858264949,46.16035751961485,-50.65788538497429,1.0514657442272473,-1.1843751362504362,-0.7387702472604254,-0.5600982685306066,0.3240215285087848,0.8054069079428637,,
22.368369,49.418497224907306,45.270100730073416,-50.205494987736266,1.211692532955248,-1.9307652332512983,0.5316336664696187,-0.7471372011812708,0.6246272078177005,1.072124326866552,,
22.37786500000001,39.26528856251743,45.13374238751737,-50.27465606761964,1.3495486822565967,-1.4840996621269735,0.961865868777404,-0.937066428295096,1.0837233316750112,1.428738274472936,,
22.387388000000016,27.31931601483189,45.87082499027072,-51.25096102073805,1.3625891165672546,-1.1230697938176182,1.5084152261496246,-0.9463265510621764,1.3912067584345331,1.5109705486048923,,
22.39690100000001,13.910054755552434,47.188153000314536,-53.63379068204515,2.197361782227744,-0.902469229000745,2.3556428018568587,-0.9173559173945612,1.6235593027963675,1.4724994340391362,,
22.406408,-1.5662456398747144,48.5827626946086,-57.51201646130472,1.776959659217254,0.1371652520618911,1.361505203194385,-0.9450601303997372,1.869298677939106,1.5244127710431146,,
22.41592400000001,-16.645188109418463,49.688534370752734,-62.15990643644342,1.150410581335141,0.4623739491475415,0.4896091576819291,-0.8013919985037895,1.8165850644961723,1.3550870945060174,,
22.42527000000001,-30.09486705045144,50.64247161852338,-66.87970317385498,0.4610564927796354,0.7021667418208285,-0.5613554778466812,-0.5699030450801289,1.6375029035886242,1.1247802291514195,,
22.43477200000001,-41.40215137064271,51.59685869777336,-71.07301522418904,-1.6428028061361677,0.7004376662531252,-1.664928327312278,-0.3317534676514807,1.3938530115968777,0.9239809898496224,,
22.444266,-48.32796891958494,52.653532157128296,-74.04298700164698,-3.1474436534915617,0.6186897105330059,-1.9917818947986792,-0.0535300825233123,0.875292547091337,0.5002812870843636,,
22.453791000000024,-50.09348152605481,53.72953217697216,-75.39194701788689,-2.8502642414820394,0.7990322247495877,-1.8430902621286969,0.1520111874220559,0.2610785553134373,0.0129594056546729,,
22.46329300000002,-48.04648550966685,54.55833282367318,-75.15116612073064,-2.8635225266622686,0.6145270287031015,-1.4390037301628484,0.2215264200028048,-0.1899971988901162,-0.2839890266986818,,
22.47280900000001,-41.18751328537771,54.8102259627812,-73.24972598472294,-2.3633436950144944,0.6632248623388763,-0.9281265237788718,0.2645600502768226,-0.7500141003674891,-0.7400801423624799,,
22.482501000000013,-29.96399505593386,54.14105542780116,-70.18471410274569,-0.5342870264795601,0.4402726029060145,-0.1077703765052845,0.2826137866220717,-1.280982185846027,-1.215992265194259,,
22.492007,-17.1875112925744,53.01968396568753,-67.43815253217012,0.5636655935715634,-0.1593612182041757,0.9327823782947108,0.340237108735158,-1.496028504703957,-1.509524522509601,,
22.51102,8.673519564192825,51.63790690123883,-64.38448401446499,0.5195219994198172,-1.3525257936567,2.0194876098334857,0.5890468624367716,-1.482653399647127,-1.7915690758911236,,
22.520535000000024,20.869251008005005,51.72383104070412,-63.46034117402251,0.0540898323950045,-1.739258792931086,1.6013435958463187,0.6808392144997735,-1.3521495634651817,-1.7311322638632356,,
22.530050000000017,32.079223789902635,52.1311014648551,-62.35474011291157,-0.3645534022767982,-1.8674671729247945,0.7188785964405723,0.7025879764430443,-1.194948921783905,-1.5459225083163035,,
22.53938100000002,42.13436990403249,52.3864546090421,-60.83238830587381,-0.5456390820992035,-1.4927160639521555,-0.4359983644879446,0.63094605248224,-1.0593961120254558,-1.2876022273158796,,
22.54887400000001,51.16517492074477,52.05590943445357,-58.92441282717214,-0.4158793891542255,-1.222175798056487,-1.0362590791241983,0.4986239694333364,-0.9909775812097786,-1.0474443584186528,,
22.55842000000001,58.41642626684828,50.9353829459092,-57.051724269475145,-0.3477849392495973,-1.0375767811461725,-1.225287834917149,0.2890978971359911,-0.8850241368671109,-0.7614153205801639,,
22.56797500000002,63.254930991262114,49.13265010565387,-55.58780206400093,-0.1490874303717847,-0.2901298523030415,-1.5695623491439044,0.0448901642739467,-0.7178147245224963,-0.4494507136283854,,
22.577506,66.38225050009616,46.980029732419496,-54.4600427371314,-0.0300169584693322,-0.3335104528958312,-1.2243111503377464,-0.1131703625970317,-0.5899345159183362,-0.239939245327054,,
22.586928,67.3733470657359,44.98087478062513,-53.42662531247991,0.1907663128183608,-0.1320797916559551,-1.0276578032820527,-0.2424442676517305,-0.3470761704968091,0.0642490881616209,,
22.59644800000001,66.5432756078702,43.46691430171828,-52.44650605258528,0.4781632261357209,-0.1100469301800621,-0.7835538963482318,-0.3136910409772327,-0.087650679182496,0.3121941254964917,,
22.606130000000007,63.6354195045486,42.62563638285478,-51.65300562155057,0.6423175374230423,-0.9131427025715492,-0.1197166413004554,-0.3944876365070043,0.2319666493880149,0.5562970286186028,,
22.61564100000001,57.76009998849486,42.57522049337002,-51.14728664617096,0.9483293037354176,-1.1707181618418314,0.0732265401325652,-0.5481390964175735,0.6704855351364171,0.8974757861927903,,
22.625140000000016,49.030956159476304,43.18000636245393,-51.22575471350772,1.1732218415124436,-1.6857899189778385,0.5116672626388578,-0.7086041871423466,1.0737305879391434,1.1735490435457008,,
22.634671000000026,37.46718965044298,44.20088591402095,-52.22632572822823,1.4235073737106396,-1.7528754355749698,0.7718405491333525,-0.8769515911606492,1.4402685812621008,1.3993866843935725,,
22.64416700000001,23.99987936504675,45.3261932742089,-54.31510132914624,1.8954531929055944,-1.7566975793806914,1.437236804341832,-0.9648158905136212,1.6678763047209837,1.48162297735295,,
22.653683,8.786639074170596,46.29308473370448,-57.47307596437966,2.26073614484081,-1.015750118042482,1.5755595155394877,-1.030450817224022,1.8646139053016044,1.5536968352586544,,
22.66320100000001,-6.9994736149367,46.862445671837406,-61.31544014322334,1.785977972204722,-0.0284663368889078,1.042064130495049,-1.00771107937725,1.925863686821714,1.528737982021026,,
22.672703000000013,-21.591672570108003,47.17174439646736,-65.214009901317,1.269012539063292,0.6666013753618762,0.4146213191836996,-0.8403814725852283,1.8051904262149032,1.3588436672370845,,
22.682052,-34.53092783172772,47.573884437902606,-68.80240705652949,-0.2544628556898164,0.9856670693488832,-0.7128906213614944,-0.611059564852913,1.64532099651473,1.189189605831522,,
22.691546000000017,-44.52037431666339,48.49041484419458,-71.88516566425143,-2.3824449694388323,0.8795844656350431,-1.524873125916706,-0.2773687829768574,1.3205538197289572,0.8706542551740905,,
22.701051000000007,-50.02369516347223,49.93401064610193,-74.15315669981644,-3.448576358334305,0.9539590492493856,-1.64665322435829,0.0660282841775715,0.7726721627998069,0.3803903147767171,,
22.710561000000013,-50.68027842068096,51.34276323647936,-74.90676758848402,-3.115451428537772,0.9480334775653046,-1.6097061995103572,0.249634284766708,0.1555923685591378,-0.0492337293357831,,
22.720079000000027,-47.23893954599913,52.364446311445455,-74.07367864363314,-2.9799678760541983,0.6214080882701033,-1.5207173542267312,0.310861301908875,-0.3553978620829255,-0.3751214031350113,,
22.72958700000001,-39.14909762703898,52.75339408798084,-71.82579814334244,-1.750063707891063,0.4643328514988936,-1.1049819872942166,0.3629489040897463,-0.9183776489019084,-0.836307873376212,,
22.73927600000001,-27.67581494409396,52.25004035223396,-68.7576927272099,-0.199789293962252,0.1479127466851194,-0.2997118617123526,0.3767825929665664,-1.3495824268587948,-1.209076570798827,,
22.748778000000016,-14.898381329468338,51.13629690080097,-65.94521634604952,0.7166059747796819,-0.374343469530007,0.7019110443253136,0.4054702077664047,-1.5481713411280569,-1.4454323789980763,,
22.758295000000004,-2.140389708357602,50.00972179365563,-63.9679896350907,0.8161668859682175,-0.8395070162871056,1.5525946846887575,0.4830141691413669,-1.5642614205040708,-1.57803157782273,,
22.767798,9.865307584415817,49.11293549265245,-62.76986921050543,0.4450032159089308,-1.1728478284346262,1.812047175612342,0.5388589577467792,-1.4736592033554643,-1.590112888326212,,
22.777308000000005,20.732795347312138,48.60806986498517,-62.08134360819496,-0.0250521218855647,-1.2301015148333396,1.2986683365741962,0.5732596146201304,-1.315442360113127,-1.5010887153071109,,
22.786816000000016,30.4842598691578,48.58350235650194,-61.45044931231059,-0.2100269355055214,-1.2594652710766283,0.6272104836388468,0.6065121700614429,-1.1398874298972983,-1.3383388445231492,,
22.79632900000001,38.69525436040768,48.74772490329084,-60.6246016131969,-0.3249827086088737,-1.3312085590267186,-0.0753870115600142,0.554457299900798,-0.9340187382019688,-1.0692582860142152,,
22.805680000000024,44.90587006167064,48.69697498252613,-59.58556433299776,-0.3693845065080495,-0.8984826367773195,-1.1029618776469952,0.4000380689984273,-0.7161830859511036,-0.7265912429902994,,
22.81526200000002,49.69401197498486,48.13756533536263,-58.34682057068889,-0.1073610719670216,-0.6616963240967879,-1.5418001312019505,0.2320927239671663,-0.6028657302905193,-0.4691382176652263,,
22.824713000000003,52.55518194602841,47.00752470221629,-57.091601344649895,0.0758566093662488,-0.9983513877917158,-1.2690687593128305,0.0151548456267781,-0.4475494873125225,-0.1715424964118031,,
22.834274000000025,52.70572360497367,45.49839106952039,-55.95413340869863,0.3033869325440346,-0.5312748059233628,-1.4788253984716486,-0.240559593444426,-0.1840593948698855,0.2060041703938336,,
22.843718000000024,51.19076887641191,43.88151481830137,-54.880107334168784,0.5219838536016587,-1.0230781919455032,-0.7550380858511162,-0.3889552785467675,-0.0061913580633863,0.4283993588164297,,
22.853410000000025,47.18829005752396,42.62184075728264,-53.847805446001736,0.8627320091535046,-1.4903868410550214,0.1840150022574779,-0.5450484270195479,0.3275431862382396,0.7558021571883722,,
22.86290400000001,40.232582195478805,42.0758628050066,-53.08158278039471,1.0951723420890689,-1.4202538566483416,0.6783024276661842,-0.7005615857310298,0.7621128930047844,1.0915200142501285,,
22.88193100000001,19.345103380753887,43.265232061481065,-54.00442618026773,1.8656416036037569,-1.2082372253709877,1.5766207950037396,-0.8519020949638313,1.4659316505348683,1.3597870940153067,,
22.89144200000001,5.89093741897414,44.49397456593962,-56.35391361574133,2.081264651987483,-0.5920085294279728,1.4450393366864878,-0.9072947842528416,1.7330957257090032,1.3980159538840544,,
22.900960000000023,-8.520154912174966,45.3999039147725,-59.82586178074697,1.904108872135663,0.0160904498006717,0.9300769373680708,-0.9256485891529644,1.8276493601001047,1.345188512180179,,
22.91046800000001,-22.52627862521464,45.836814806616594,-63.72521783093594,1.4764192336581483,0.4877540875063134,0.2099909397095345,-0.8502513169214141,1.768035931065267,1.2254940927250193,,
22.91981100000001,-35.35971319098508,46.088706491959,-67.50944500047189,0.3156390269885039,0.7506714675681949,-0.7511851885700553,-0.6911299858091313,1.6464467994534169,1.091116510452985,,
22.929296000000026,-45.98504967010205,46.48090442538242,-70.81726711776938,-1.5538822315880532,0.6826669631951382,-1.5352291450484206,-0.4495277804133535,1.401216983658648,0.8763229676516449,,
22.93880900000002,-53.14694034445483,47.25993159395567,-73.44500737956083,-3.336541695975498,0.6400373310130498,-1.8162471399245388,-0.1524711539136838,0.980596723671074,0.5207503979437693,,
22.948320000000024,-55.82320688571911,48.26872616602104,-75.01304107403004,-3.5958661990634857,0.8734657047244222,-1.473659745455337,0.0964728505706115,0.4014973342799525,0.0828281581548952,,
22.957831,-54.23452339030256,48.99547762208376,-74.97979718738027,-3.175614819852987,0.8542675724366146,-1.2285382828477676,0.1949765353241191,-0.1653898225169798,-0.2320679075585565,,
22.967333000000025,-48.816750297850405,49.29801816843963,-73.72103158325659,-2.7612434771886747,0.551109417666677,-1.1749873428338875,0.2496632872428916,-0.666861248085959,-0.5685635862731597,,
22.97685800000002,-39.86149633972786,49.2961683444338,-71.96737319704955,-1.059005683316571,0.4441641913279605,-0.5105033580284345,0.3444614847807503,-1.117107601760723,-1.0085265787956417,,
22.98655400000001,-28.511601131671974,48.72403284034281,-69.85580176466223,0.1365258070093302,0.1884838011257552,0.1037180881204402,0.3794008387829928,-1.4454263251817645,-1.2932217326500337,,
23.00555300000002,-3.6234823455098337,47.16059666034244,-66.22601409590375,0.8219176359351911,-0.9476041797797238,1.4949496349063858,0.5469528675840218,-1.605371846939793,-1.5226048935965424,,
23.015074000000027,8.455213838069426,46.73195950263444,-64.84980665513872,0.4173085361928711,-1.1982213409802318,1.6009399670885236,0.605690467976383,-1.5378423935054104,-1.4921793663936802,,
23.024576000000025,19.62775497672913,46.25369565579305,-63.67135083557609,0.1207209964473078,-1.4071227436105682,1.1608281913909233,0.5827154532558139,-1.4284248777736208,-1.3869289557007007,,
23.03411300000002,29.421116176463336,45.9748243215636,-62.49623970070708,-0.1773333325032433,-1.411418123706544,0.4877965757982642,0.5655822862418088,-1.237060111485147,-1.178266732453224,,
23.043621,37.52149299724654,45.826561854271006,-61.22455652792106,-0.3868346725911676,-1.143079879452234,-0.2633331268242934,0.5061037983435649,-1.0090875627660794,-0.910344407998244,,
23.052953,43.90563964598719,45.42593589728184,-60.08498653440367,-0.2904109050100868,-0.8807374069787283,-0.8917408159613301,0.3682024266913393,-0.8184048177821122,-0.6856453181085981,,
23.06246400000001,48.30231351311727,44.70113563628012,-59.13820636152512,-0.182357596625747,-1.0541111381625594,-1.0300900689783383,0.1894020127880538,-0.60970448397147,-0.4336450590089734,,
23.07196400000001,50.324727055688726,43.84393896526816,-58.18871858702554,-0.0554750747718151,-0.6620433856721866,-1.3168878824411072,0.0042041680665286,-0.3368901604683645,-0.0925594582397057,,
23.081473000000017,50.5234431919157,42.87562731271682,-57.30051459730721,0.1364545529533209,-0.5740317813742617,-1.1197452901677871,-0.1485282897297225,-0.1279322334262711,0.1505403892143584,,
23.09098,48.79590235131813,41.91643824945128,-56.555699943681006,0.3835217964640616,-1.0879818275778623,-0.3805197373346823,-0.300336749632268,0.1092751503464185,0.3823667197734748,,
23.10066500000002,44.51649354216213,41.3008122192466,-55.83248811115487,0.7134798257717614,-1.1564600929991675,-0.0052905633513335,-0.4588613890815235,0.4638296227576965,0.7137618815309128,,
23.110175000000027,38.22017636211879,41.19854371463735,-55.22030935030449,1.0343790227871827,-1.540168588911973,0.7878922241052956,-0.553406148973894,0.7698693228513872,0.9537300548098908,,
23.11969200000001,29.25131983183506,41.61270624661488,-55.11044403544477,1.3678438676465814,-1.3272136776840593,0.9550544559371285,-0.7014686099648648,1.1528709431847772,1.2096891406216783,,
23.12920600000001,18.471425855639296,42.38987403666857,-55.78592581537143,1.4949447013791768,-1.0745700637769782,0.992052239933334,-0.7818373095722339,1.4089147944602298,1.309288716532619,,
23.138716000000016,6.73415155438786,43.38705658334915,-57.363415264058354,1.9825593042697112,-0.7652593048906982,1.330432966627976,-0.7822320497171324,1.5462748211174866,1.2842070719994938,,
23.14822000000001,-6.169468665167536,44.29774623990527,-59.89691798433468,1.820113915619616,0.0035133603201312,0.8313288730523851,-0.8146123962112206,1.684779119343046,1.2835350323555446,,
23.157734000000005,-18.90731387764376,44.89683662483819,-63.03539785460604,1.040990328554207,0.5153765341839549,0.106094979322797,-0.7620917846889355,1.651594676284839,1.1636794242217847,,
23.167248,-30.335314179018148,45.37013123964928,-66.4143703653758,0.6398908782370454,0.8112675476153597,-0.3841030351079487,-0.6034526356807326,1.4991927811637138,0.9463573771811528,,
23.17657200000002,-40.48634905794772,45.88221175920928,-69.87278707696349,-1.0101454601239388,0.8842228111465621,-1.2078297244443943,-0.4340071724731736,1.3566410487190257,0.7612732855218851,,
23.18608800000001,-47.72943819287508,46.49478630014456,-73.01785110060911,-2.4313280066222007,0.8117653752578923,-1.6163454601229978,-0.2032632593502111,0.9904813226866886,0.4172434571918018,,
23.19560100000001,-51.18489107902085,47.171486473559504,-75.45235763136071,-2.735641655063979,0.9075036474277574,-1.6118182662219958,0.0017906300552558,0.4922688816211226,0.0172663440473174,,
23.205100000000016,-51.197110037427294,47.62983711129612,-76.69921284888927,-2.910773396481434,0.7781751816767626,-1.4938617623308297,0.0886969651948247,0.0236815069400601,-0.2478418059513172,,
23.233828000000017,-27.79461580159493,47.14597968197501,-73.26080810866317,-0.0641922739683044,0.0919018675391438,0.01715370906753,0.317682901613426,-1.476781903093051,-1.2361077872458088,,
23.24333200000001,-14.992707149806863,46.49731912820907,-70.99038345213195,0.626019391327799,-0.4332921336450497,0.9819953207878824,0.4150521592939939,-1.7082278542630056,-1.415557326446262,,
23.25283100000001,-1.4684114416043823,45.99795381630802,-68.80993072469504,0.6467715888443061,-0.874766304922418,1.7403467881705952,0.5498259596626139,-1.7919534662674548,-1.520470611552042,,
23.262346000000008,11.914509494560294,45.65091083036897,-66.80706971762166,0.3113554768253225,-1.3095954996469423,2.09916317467163,0.6409723567528339,-1.7543748143993063,-1.521750009383392,,
23.27185,24.156075218666164,45.38537437990612,-65.07355307445046,-0.2519182178993821,-1.5457287927701266,1.6297532851294552,0.6515981136142504,-1.589280256756846,-1.4023694203948318,,
23.28136600000002,34.743264661572695,45.23323677731287,-63.56978661585767,-0.6574567354287522,-1.501331594173699,0.6573328298716105,0.6184801148547101,-1.3564142211814634,-1.2063714345899594,,
23.290704000000005,43.7341355484162,45.1334041660998,-62.15563905429608,-0.5993136607762732,-0.8619922940206454,-0.636728868347891,0.5608963318250613,-1.138037338108665,-0.9941535693267544,,
23.300207,51.42484778942219,44.860831854125664,-60.82631022818156,-0.4933457311004691,-1.4373433816809826,-0.5278129571470958,0.4717728812251294,-0.9827122445301668,-0.8228352169518918,,
23.30973800000001,56.008647958899054,44.36133633664985,-59.72114874623829,-0.4015972937024619,-0.7177152888532803,-1.3983123573515026,0.2371517526440547,-0.6168944339910412,-0.4233261514549991,,
23.319311,58.61909818309663,43.52388751004957,-58.81136227900173,-0.1491262325029659,-0.2157071134258832,-1.719704409994931,0.0482226058455841,-0.4091482390041561,-0.180543695201965,,
23.328746000000024,59.53439281519336,42.44040059261757,-58.00591997998387,-0.0904374891746005,-0.7199710051342411,-1.1006154289709793,-0.1145630720418374,-0.2278409527246948,0.036349965492906,,
23.338257,58.01606238088327,41.39978505450709,-57.13731262948954,0.2331429511232439,-0.4613203766610272,-1.0645529071696986,-0.2971739815061951,0.0792165283240166,0.3770393592050893,,
23.347948,54.85761373633275,40.55086144755197,-56.18305879083066,0.4362549572465021,-0.9939910906224472,-0.3651145104019943,-0.4044090232975387,0.3055118434493659,0.6057427656077436,,
23.357449000000003,49.41590149630852,40.09967300842947,-55.29976562897122,0.7988980393139901,-1.353578101849826,0.2232971125149345,-0.5422687527046463,0.6357999427658809,0.8818789238342157,,
23.36695400000002,41.42849895092254,40.16867592645755,-54.78440579469202,1.161522492185168,-1.6837329266587715,0.8654534931383944,-0.689324688073931,1.0100810474643975,1.1339533745266115,,
23.37647000000001,30.79641722794815,40.73620806926265,-55.01847910335475,1.3086314209854677,-1.3207509473690149,0.8333237210965102,-0.8386914412628657,1.3904618362061596,1.3344240060391457,,
23.39548400000001,5.6770780605117,42.39880918178691,-58.73315862590804,2.227987152390485,-0.6137339462075387,1.6920330895996183,-0.9139092948455244,1.7486017518532175,1.28164389251502,,
23.40499300000002,-8.761596489418872,42.99936316086232,-62.17193695411882,1.2981106341487525,0.4264734527689311,0.6031086383818608,-0.9430504250491588,1.9060106498396765,1.2740170646108928,,
23.414510000000007,-21.74908785171265,43.27641705611972,-65.95809738520758,0.5220439576841761,0.8405672540791708,0.0158184408734186,-0.779689221156624,1.7294630511866154,1.021749398860215,,
23.42385200000001,-32.749443795120364,43.47802565263524,-69.68897189873121,-0.0422670196003725,1.1324371285453378,-0.6309043191592388,-0.5666880564452255,1.496876328745788,0.7669411232135814,,
23.433357,-41.77723111213434,43.864391965402994,-73.12835129466993,-2.1678776181037303,1.0463746171119064,-1.4679831738863125,-0.3435020140941974,1.2633360766889372,0.5603034593163299,,
23.442858,-46.330572766796415,44.51359500232832,-75.73853348546596,-2.9980724635514817,1.0740562802100824,-1.4875114829531015,-0.0502440525970046,0.6645175685255313,0.1130177643094642,,
23.452373000000023,-46.47729574398684,45.06349753078477,-76.99707135094629,-2.11574065094258,1.018212677556945,-1.396418908011566,0.1021081253777912,0.0462052886107485,-0.231285658026098,,
23.461881000000005,-43.967576242445375,45.50566468770932,-77.18742587566973,-2.5702730660307656,0.3845002070596356,-1.4731473180455283,0.165269255700095,-0.3248573185606053,-0.3952005657476098,,
23.471429,-37.1557247208598,45.99879477350245,-76.42472610442054,-1.3191146273844132,0.2203351996236699,-0.969617924308932,0.3132115603999501,-0.903975500139775,-0.8243984358811283,,
23.48103800000001,-27.056689273971628,45.98460713669847,-74.52190312720282,-0.1525786237044132,-0.0768592969024952,-0.3146939714979887,0.3495281260853017,-1.360255387798894,-1.0738777976022422,,
23.490555,-15.189025948786098,45.45904747088829,-72.02462886410518,0.4594677669230967,-0.6561424025499699,0.453421595250397,0.3768556696228773,-1.6181909832272778,-1.2021758712019035,,
23.500113,-2.49464779156626,45.04555473614411,-69.58632748501077,0.5760872732507759,-0.8376199967085461,1.2766254255927298,0.5101812059715125,-1.7161771749112693,-1.3180138723443509,,
23.509612000000004,9.963393076344731,44.56222872896209,-67.44605943384333,0.2982002354872362,-1.06742122803223,1.7642726275871206,0.5582634995610749,-1.6815037233570254,-1.3301370999321134,,
23.51913000000002,21.280722207344432,43.94473695884546,-65.87207875851728,-0.1353249813706304,-1.2934249360194203,1.4625906983152277,0.5297669761561659,-1.5386457701102678,-1.2667177808704282,,
23.528647000000007,31.189879995485967,43.66948439499418,-64.71687157251255,-0.4310732269013837,-1.3738266552435732,0.9755554293129376,0.5484122154866845,-1.3235337340491629,-1.142456618252752,,
23.538144000000017,39.23298987797598,43.69215346414436,-63.88106505276566,-0.5708999463719379,-0.786654004055294,-0.223204813827008,0.5091201248082646,-1.0473664572438404,-0.9450384328969672,,
23.547484000000026,46.02734384692207,43.67164305762044,-63.3234018670768,-0.3567106953400776,-1.01009875790515,-0.6061113877418587,0.4337098937226556,-0.8830058286072884,-0.8279830498192604,,
23.556996000000023,50.88020917865605,43.598457421168895,-62.74867770662144,-0.2873603216093019,-1.0532932418768792,-0.9074690218171236,0.3058055132445624,-0.633401568196798,-0.5554717846572375,,
23.56657100000001,53.487637742494,43.32983040755985,-62.05179698376351,-0.1599397066930297,-0.454211891933291,-1.4314758966757843,0.1278903593828919,-0.3607009228898807,-0.2196081849876076,,
23.576088000000027,54.4958211114568,42.63928506708393,-61.357938740937975,-0.0411554827904569,-0.4220831734927049,-1.331681091832476,-0.0517498096196557,-0.195557011272126,0.0013119969267801,,
23.585518000000008,53.85747860121942,41.68172464555821,-60.48203132238795,0.1065834466290972,-0.7220403429940372,-0.8441300960281624,-0.2136146217309318,-0.0103783051455374,0.261185413283214,,
23.595215000000024,51.37367105957318,40.7675329713702,-59.25500290052743,0.3436574937968606,-0.92276593359314,-0.3233508865302564,-0.3460842046355993,0.2316655413218125,0.5734168943384672,,
23.604714,46.85172265033002,40.09094613035381,-57.88791552898175,0.5842309931176893,-1.1394735297353096,0.1808389778621923,-0.4749740554675384,0.517569407015401,0.8608202534498453,,
23.614226,40.20725612834839,39.85878734963803,-56.65687873349246,0.8890969952776574,-1.4257012255630268,0.6912446964788536,-0.5903493698338874,0.8327046803900375,1.1010379306641027,,
23.623738000000003,31.515467058039512,40.26868893735564,-55.85596984615753,1.105331945722371,-1.267256563153368,0.8318632956233991,-0.6718201573464139,1.153192298060573,1.2803192790553282,,
23.63324300000002,21.365628425562186,41.1969092558836,-55.969554483486434,1.3407061996184535,-0.9922032631868596,1.0543303469704706,-0.7095640144666137,1.379272820513828,1.3034219232888933,,
23.642762000000005,9.998072068328598,42.2998658373159,-57.3963472376188,1.5220425420877632,-0.4458413199808818,1.0405628308755366,-0.7486271563788225,1.5395884952295382,1.2304355389666672,,
23.652262000000007,-2.2723799584017663,43.25169886756623,-60.136264141868246,1.2813750068697325,0.1862775365003918,0.6171298569971404,-0.7724051823653516,1.6396755780390857,1.1211192019225864,,
23.661778000000027,-14.257568296004338,43.85031939367606,-63.734459557005735,0.4919517148079556,0.6742007719594538,-0.0122739185719971,-0.7124472296928755,1.5899976118621817,0.9344031800946564,,
23.671306000000016,-24.624068487405264,44.09769252052486,-67.54422260706681,0.0311035091953765,0.8759900299044555,-0.3691885720118565,-0.5708298363934295,1.3804195387809128,0.6794880767773193,,
23.68061600000001,-33.09093944575365,44.22772273939008,-71.1423050527671,-0.7929753998619239,0.8552713125407994,-0.9215606395051557,-0.4045205923916554,1.1466816463283962,0.4613796435722536,,
23.69013800000002,-38.777400932308055,44.55378022725757,-74.25723621532819,-1.5000620223478451,0.7261724926471751,-1.2361337480821626,-0.1796084370766029,0.7960343757975074,0.1730854555986455,,
23.69964100000001,-41.24250510464832,45.086326513738506,-76.65623842355501,-1.122703189740579,0.5874484032966971,-1.1253694001503858,0.0153040899623898,0.365632908962011,-0.1323699423608882,,
23.709152000000017,-41.41334257429829,45.58303443585437,-78.24081931605383,-1.4225031698772357,0.342509232412104,-1.2235837675689272,0.0918732568604088,0.0450737679949269,-0.2929345306942731,,
23.718661000000026,-38.79391439704046,45.96342200343164,-79.0444170186556,-1.2795998715875616,0.1397410974279687,-1.1557159868178486,0.1467172170874207,-0.3436889228119888,-0.5367174814603939,,
23.728355000000025,-33.798200153582094,46.0850337583589,-79.18139997921702,-0.3887317035740076,-0.0833103523632971,-0.6263790405776979,0.1550833190959238,-0.6774619562910369,-0.74725379203389,,
23.73786100000001,-27.387323914218552,45.699801080518895,-78.76196568645801,-0.2769641018308747,-0.1756907985090555,-0.3285029250688143,0.0952659934781988,-0.8916206919445498,-0.8377629483275483,,
23.74736900000002,-19.6868207426313,44.97533439376877,-78.14582167047955,0.2029813426028964,-0.3070508981924167,0.1937499694170312,0.0750097259190614,-1.0907936497221216,-0.9734012938803396,,
23.756892000000025,-11.885189473706465,44.353345163991655,-77.80627821680055,0.3219230865447632,-0.4910988673450093,0.8658484235006313,0.1098230801372786,-1.1125172878280538,-1.030166475034246,,
23.766401,-4.513688869966075,43.99636239384999,-77.847915411281,0.0666903413815825,-0.4577002743749485,0.9925888847505776,0.1534446557343825,-1.0498658512097296,-1.0368769017199726,,
23.775915000000023,2.3802605820346248,43.85444596156145,-78.21458304596547,0.0025238822626904,-0.6853822041301745,0.9465732621884512,0.1784197084059498,-0.9785295221392816,-1.0309621014979944,,
23.785413000000005,8.191346796757102,44.01922206392804,-78.82323767157264,-0.1402942542968575,-1.0098058435069948,0.7536580518693536,0.1990954540308286,-0.8146140702413918,-0.9291619767185738,,
23.794930000000026,12.498225454642244,44.401488155762245,-79.52779123002412,-0.5451385349532732,-0.8165555116307905,-0.0563861928970234,0.191242821105232,-0.5928080795515108,-0.7423607110765151,,
23.804264000000018,16.052975846087207,44.68538020839792,-80.14692327008,-0.553446829894308,-0.8695192417533486,-0.4125051389539304,0.1454477346629359,-0.4893319008568635,-0.6232141396085081,,
23.813946000000016,18.577767370720448,44.71499277428245,-80.65166916518187,-0.501392387984496,-1.1578097600395794,-0.1767587372615957,0.0657763234433217,-0.3533274124748661,-0.4566455053675884,,
23.823467000000026,19.343638876858545,44.32001137181235,-81.22492643709126,-0.6441042864231322,-0.6049417777908602,-0.4021865559951602,-0.0608811088340175,-0.1204430687056298,-0.2222860813259797,,
23.832979000000023,18.95512010809324,43.3602145528965,-82.08660587411435,-0.6344059500352023,-0.2095108663614037,-0.4239431146618713,-0.1982953853199382,0.0276192099434001,-0.1186159083229022,,
23.84247300000001,17.59473863474559,42.33647500650345,-83.25041785906558,-0.4484616469257457,-0.2195343268145985,0.0566932952663764,-0.2287866322949514,0.1719032493172185,-0.0477436803600941,,
23.85199400000002,14.97323470701019,41.75573292326841,-84.81389703493227,-0.2989833806844766,0.1139439050082105,0.3509921334056055,-0.156157783070725,0.3755678255749849,0.038549159819783,,
23.861501000000004,11.313067831133154,41.26213919769174,-87.1104281269373,0.0330440715606536,0.3095511015575038,0.4704881431053007,-0.1371929524123048,0.5404353534177629,0.0259958412585596,,
23.87101000000001,6.710254276795532,40.7315481050282,-90.18120814898944,0.2273267540684238,0.0781923985141152,0.2548594414218185,-0.1225827511622002,0.6927799003776016,-0.010020755986749,,
23.880518000000023,1.5839674942370805,40.62512417658512,-93.81511261027016,0.4148449379737498,-0.1502687918718392,0.1426020142271891,0.0058554234523471,0.7785567866110561,-0.0582435381090884,,
23.89002600000001,-3.967183606549277,40.55926761864255,-97.98296189008236,0.3701161558666422,-0.0615228763001836,-0.2909550552198049,0.0736268203055788,0.8407452480870117,-0.1108676385278551,,
23.899558000000013,-9.184805423556003,39.98332779448294,-101.92208970990278,0.398473989439723,-0.5650959583197209,-0.5015457958853784,0.0206095097406447,0.8049990419098992,-0.2169393779524175,,
23.908874000000026,-14.110973140445209,39.2297404565599,-105.95978396348208,0.4428083949988305,-1.144372051986359,-0.4489449671295688,0.0331187583373136,0.7739327879078455,-0.2861267531032374,,
23.918395000000004,-18.6431619947571,38.21841693923754,-109.92926305460291,0.1736927139483098,-0.9252102050237324,-0.8438445277758824,0.0221383023892376,0.7359331509869751,-0.3340940644201653,,
23.927888000000024,-22.02718509958541,36.583047745744736,-113.50199999448034,0.0799022950526182,-1.1938920075119137,-0.9381228665690076,-0.1079643227727979,0.6206618311012662,-0.4146731654836276,,
23.93741,-24.658515786781184,34.56745077327759,-116.7279503662571,-0.1147251280305922,-1.3788453728303458,-0.8137067557672055,-0.1862626023065861,0.558367815430032,-0.4535729487959515,,
23.946921000000003,-26.5461176218311,32.280985631572584,-119.66886039249675,-0.38266420570617,-1.0416896066224448,-0.9098255656731086,-0.2568436430611908,0.4930728767074504,-0.4941683888045043,,
23.956439000000017,-27.43743166309263,29.586509016971064,-122.23872688803944,-0.4024722357443756,-1.0255426392740483,-0.7377766386256294,-0.3860602806172491,0.4068128915338639,-0.5409621078069717,,
23.965927000000026,-27.95737718041772,26.599244204727736,-124.6117570267718,-0.3309413182705337,-1.1474862932980892,-0.4329077653902502,-0.4507681159769367,0.4038050875095041,-0.5460383893774595,,
23.97546600000001,-28.73472395600409,23.55182867611246,-126.98857647563632,-0.6573278975845961,-0.6534261355805044,-0.5074506925411374,-0.4149737889945735,0.4690752179042342,-0.5331865634633774,,
23.994665000000023,-29.428005904684525,17.01774090453291,-131.6240218561995,0.0328981326241719,-0.7057630742896972,-0.0588987649501027,-0.4755224896061644,0.4922531512815368,-0.5408064912011117,,
24.00421,-31.00743211545927,13.483582952894665,-133.7473775395294,-0.1316224009567655,-0.2333367128467441,0.0511348181574545,-0.3163690112215793,0.7026804609335632,-0.442994338347244,,
24.013661000000013,-32.36731834148468,9.904749701024416,-135.3881083364545,-0.152162727044784,0.2892504530096264,0.7336457329882101,-0.3261032836090838,0.6915475121222877,-0.364467908252438,,
24.02317500000001,-31.945078903061614,6.053055252885912,-135.92123068101577,0.3100892547563518,0.2798722894387291,1.424130093409942,-0.6008531850631913,0.4906709131264381,-0.2071277103531553,,
24.03268300000002,-30.31563860100491,2.510037726546749,-135.3963706338734,0.358084306729304,0.3605730294850549,0.8131589545596606,-0.7295490104502403,0.277181644305265,-0.0047297999274054,,
24.04221100000001,-29.47734221691872,0.691145896408085,-134.47052970026257,0.4808391802046657,0.1592116677038054,0.9008366478289496,-0.3768167343919907,0.1370935544394563,0.0988396105316181,,
24.051706000000024,-29.930613452476333,1.0845282161574428,-133.4101997596802,-0.1122155384540749,0.6335343459520469,0.1747798105828519,0.1196479944399395,0.0110879864075405,0.1373315131851337,,
24.06122000000002,-30.33810408099973,2.455752264882527,-131.75886913556425,-0.1321991353159379,-0.2023976402714268,0.194133159550237,0.2577350410092123,-0.124913530463539,0.2598134043846256,,
24.070728000000003,-31.29176964892934,4.08034099418478,-129.62452822931292,-0.5668400956362737,-1.2666407140364548,0.3994403807292622,0.3711321207764761,-0.0664697575367322,0.3731021278978733,,
24.080055000000016,-32.3361564939979,6.197660801375004,-127.49381999850158,-1.1144204372604107,-1.1402493788993722,-0.6545821206387668,0.4616166436502477,-0.1001150561578509,0.3827173156799426,,
24.08956500000002,-32.97169842368108,7.632757686213269,-125.0122036871808,-1.023466959500629,-1.0266438518160954,-1.193162435284555,0.3066224820153564,-0.0671837943148848,0.4479722797707863,,
24.09908200000001,-33.585785158179284,6.996099008604279,-121.759644241207,-0.8986768993809723,-1.2898272620365865,-0.8771053670575675,-0.0397773408371942,0.1719096672633716,0.6093139149601016,,
24.10860200000002,-34.093552574567205,4.799283630190616,-118.21510777015617,-0.5028822481643903,-1.536455678373872,-0.0776836966708433,-0.331220754172246,0.3067070795521383,0.6653593728038752,,
24.11827500000001,-34.4242218697335,2.1084512965234783,-114.98676313169612,0.0242954964378281,-0.6505576088054328,0.100923641529667,-0.4529656098734689,0.2992510462828747,0.5926285014551016,,
24.12779500000002,-34.615798566257794,-1.1824679515340637,-111.95568422574844,-0.0589988052911371,0.3738024726622057,-0.2885101298858001,-0.5899644960301794,0.2961437814360967,0.5478290511765683,,
24.137302000000005,-34.04218613770236,-4.436455562455555,-109.48721412784192,0.0258272688098317,0.7167726468027008,0.2844778984529588,-0.6503688158563685,0.1214150999206407,0.4356909529982248,,
24.14682000000002,-31.64503930892785,-6.614771436542648,-108.3097188128441,0.507812062250876,1.2511165505222013,0.5356083357791298,-0.566355670850731,-0.3125610753604221,0.2093921613326825,,
24.15631400000001,-27.673708305331008,-8.04986645169451,-108.3843056920099,0.7863702958835155,1.2618235124953308,0.4662807601198959,-0.5181599820479352,-0.6603150323755775,-0.0079754872924174,,
24.165828000000005,-22.755295332676628,-8.808701091307757,-109.81745761887774,0.4556939137113977,0.5787064975088658,0.8429270184165385,-0.4580798323130949,-0.8730561820224985,-0.2523407251746511,,
24.17533500000002,-16.806539260064753,-8.429758222921276,-112.5993997425301,-0.0599176159198443,-0.2840605202021433,0.8748882077753986,-0.349221328235027,-1.1273077965215152,-0.5031103586876392,,
24.184845000000024,-10.422287991124696,-7.648453329981935,-116.15854997313252,-0.8005465119018342,-1.2230771839759351,0.7585637242726926,-0.3732204082623104,-1.2196887657278912,-0.6635912287804074,,
24.19435900000002,-3.958490235306187,-6.98882894604811,-119.85358985804938,-1.9249872187691857,-2.5816488241582176,1.7606704594185534,-0.4794287996835608,-1.198286308457712,-0.7068311775260074,,
24.20387200000002,1.8431877958187333,-5.136283354210362,-123.08605924903144,-2.7393094804536355,-3.602372665448533,3.122981650457088,-0.2805913809481417,-1.1804591940187843,-0.6485853810774656,,
24.21320800000001,4.96640676938869,-2.500152277971716,-125.08883178844572,-2.703264627582124,-3.0560194156847578,0.5698695257595187,0.0908865438616904,-0.8122082043653431,-0.460555085584909,,
24.222723,6.149072175492058,-2.431710994490915,-125.83804895826734,-2.323457961159655,-1.6228981877753024,-1.0886969042201171,-0.1254820563821353,-0.2010325836985167,-0.2106119788639564,,
24.23240800000002,7.446287150486621,-5.061307016631195,-125.7327708142001,-1.7090729954158972,-1.0337040064918883,1.106855301798733,-0.5788698227109058,0.0963879550314135,-0.0098793531257085,,
24.241908000000024,7.747953912964821,-6.753739491516567,-125.09049260423464,-0.2429555473219976,0.3385839848596043,0.2844817444817508,-0.3112106797901641,0.1469371035203648,0.1015717885914105,,
24.251240000000024,7.717918362356082,-7.17987523911635,-124.7659751283673,1.1800029175654303,1.6706619682112651,-0.7391607305657486,-0.0666005658638918,0.0536663093118443,0.0367678428183227,,
24.260761,7.8788876677225,-7.510602816667746,-125.75524200907662,1.862756536767948,1.7575265096938053,0.1177837760899478,-0.0725441159250739,0.0120250122535914,-0.2271151456227753,,
24.270260000000007,7.753429482248627,-6.316602553709464,-128.16767394763343,1.4766890514808462,1.0280089638395271,-0.118464391553545,0.2062779097702687,-0.1234294559686357,-0.5303646105323488,,
24.279956000000027,7.787496643772324,-2.784144023137191,-131.5939540876836,1.3231246556533904,0.6669557602491561,-0.1190292425811042,0.539618007004948,-0.457479271786612,-0.7416127809594609,,
24.289457,7.522049422878752,1.001485997060363,-135.80244129919086,0.8856138517716479,0.0468719826908133,-0.2557190861077082,0.5861493201902749,-0.4838180288770354,-0.903209098829626,,
24.29898900000001,6.62795124172703,3.8174893781541366,-140.2028275454846,-0.2732674594529563,-0.8111050194401642,-0.3895931233068455,0.511056017774075,-0.2981694680400808,-0.9291491043061832,,
24.308321000000007,5.360284422770213,6.547473304806862,-143.8292266979466,-0.6229207580143381,-0.781436092177598,-0.93951136632162,0.5363567079863425,-0.2740812143410262,-0.7541291766843365,,
24.31791800000002,4.159410033659382,8.382400679187942,-146.04536493490346,-0.154314972720743,-0.2701563416064694,-1.957786052544601,0.4066060092007238,-0.1628251167153843,-0.4653005382751488,,
24.327402000000006,3.387875260998068,8.528531125362143,-146.64485651149647,0.2968561405530519,0.0872223818466866,-1.4991570218803127,0.143300865890912,0.0605759578367678,-0.1371813258076341,,
24.336833000000013,2.628341751970209,8.117698213810122,-145.7049870644329,1.0310582685563865,0.3711848061178311,-0.3703714908822944,0.0791044596297262,0.152161966812975,0.1927915099778329,,
24.346355000000017,1.0944026607377426,7.771852496493979,-143.66869574742964,2.077925261783405,0.9614259042806984,-0.5229164323328275,0.2082084179711653,0.2323534367301516,0.4501093857021921,,
24.365374000000003,-3.9590511878930497,5.755449934455432,-138.53072806557566,2.393794795165416,0.8166972318767081,0.212839526354404,0.3159539919995229,0.5025245403753904,0.5949414057198171,,
24.374878000000024,-7.509368485555026,5.8913122098106045,-136.35553953528705,2.401342057242248,1.010654365289831,-0.3290900738013639,0.5396643865127672,0.457952590834321,0.5224753479038883,,
24.38439500000001,-11.290813609765642,5.64146558991448,-134.65640782118786,1.832753195085096,0.765950521705381,-0.6424434373594741,0.5026280632797225,0.5633960317061955,0.4280086776423674,,
24.393901,-14.951974030404807,4.427197190150692,-133.3417184763091,0.7096466921145608,-0.0716620880227337,-1.0040002436250417,0.3326626451178281,0.6940535801554232,0.3349023390219295,,
24.403418000000016,-18.24254627603676,2.93282190617039,-132.43747475411163,-0.130795997425483,-0.6419168552581463,-1.2705699674158235,0.2285197893403779,0.6852796799473971,0.2293715887006132,,
24.412923000000006,-20.794974031868,0.970754128995938,-131.66521227581947,-0.7424284569128028,-0.9093217166893864,-1.47422328652463,0.050457749463978,0.6423842612552291,0.1719753034381319,,
24.42243300000001,-22.199084541770304,-1.978710940176592,-130.70876473511458,-1.163140424094356,-1.561953857695069,-0.9213227432000054,-0.2592705421172157,0.600474893368632,0.188954832921349,,
24.431938,-22.49599214357091,-5.182502316741491,-129.7146039031351,-1.5648448007052234,-2.0732765377907123,0.0166312074427582,-0.4519688632178129,0.4590836131092445,0.1755748480197943,,
24.441451,-21.213464402340584,-7.9072612005946015,-129.05171425310232,-2.002094240018852,-2.0569286706412235,0.6162717859334291,-0.5837533255238598,0.1481835846427224,0.1320235599642178,,
24.451142000000004,-17.726724241076667,-10.241932997207028,-128.64305781677143,-1.9500373037310348,-2.132870072235779,1.31393339541639,-0.7959623312825663,-0.2453003615578508,0.1495412599071713,,
24.460653000000008,-12.934397435539449,-12.10917802376934,-128.45669301905815,-2.125386135047306,-1.983169965749924,1.8114797886832847,-0.877734381674497,-0.5053941025615083,0.1705286112923062,,
24.470156000000003,-6.804623142991697,-13.021802261613418,-128.48460231156568,-2.1459510828300945,-1.6605931793107287,1.650126178953369,-0.8861866309944808,-0.8264845411973547,0.2058916133181282,,
24.47967500000001,0.3115937306906274,-13.026727366496804,-128.63149426626785,-1.3584753057207044,-1.218480750579522,1.6520228333244935,-0.863267126564559,-1.0871115171600507,0.23339605072993,,
24.489182,6.618435313031623,-12.847457422114402,-129.00794350976332,-1.207841539986043,-0.7075263437169989,1.1160565811799616,-0.7409813632022982,-0.983312310503452,0.1470958108836761,,
24.49868700000001,12.179866003945993,-12.539972060787925,-129.8068309604804,-1.121285021031139,-0.3983876433738144,0.4101191789803067,-0.6402115265257652,-0.8797612616970716,0.0358254436528538,,
24.50820200000001,17.203146003025626,-11.663242295501949,-130.88380486474216,-0.6547284194725537,-0.0624390793365859,0.33303457446635,-0.5004933692191993,-0.8645386095628114,-0.0702932967933877,,
24.517712000000017,20.880070939150755,-10.449253818283314,-132.48022547249514,-0.4875829009398021,0.1792437681503847,-0.0103275500369707,-0.2973740420507533,-0.7019383372350269,-0.2325375902089746,,
24.527236000000016,23.30826503912204,-9.138522705777316,-134.474341756485,-0.5915977904706032,0.2179952509749401,-0.2590147292801885,-0.1380888130419656,-0.5285371364257192,-0.3672102410889566,,
24.54605600000002,24.7551690526536,-5.939199430222234,-138.22081874712129,-0.2787407698551915,0.2165664489138897,-0.8966304178913457,0.198398912123598,-0.2552090438373645,-0.3809788759256885,,
24.55575100000001,24.18372209984057,-4.815203600806541,-139.72434998299778,-0.1136777760512275,0.163938569417293,-0.6087447006528709,0.2337515248022766,-0.0948025680247434,-0.3309806475275614,,
24.56526600000001,22.708995695742296,-4.084402375431159,-140.84326519721802,0.26248466451329,0.0622813956726152,-0.455996853140063,0.3199136110288325,0.0757183868703689,-0.2578382619234928,,
24.574619000000013,20.216165744433585,-3.696801559628177,-141.70383612935123,0.7617823771473042,0.1223894229099394,-1.0668248665164852,0.4370429310252729,0.251007503969467,-0.2061346515928428,,
24.584114,17.53938886044589,-3.880318555326113,-142.54268553869144,1.5419874513193244,0.3491080501754851,-0.7288568509775718,0.3995749633283301,0.3573471494835167,-0.2033267823426625,,
24.59361000000001,14.01573226012462,-4.5247613688707045,-143.60226703708793,2.180268916367012,0.7726682743054366,-0.4428558619376155,0.4849928261425436,0.525877509816776,-0.2637688591600977,,
24.603122000000013,9.841276866403506,-5.310291887437528,-144.85810717051976,2.7406278154085664,1.296520115163957,-0.6209786330989022,0.5838039875513471,0.6143572010122148,-0.3229642968758957,,
24.61263100000002,5.554549218799969,-6.201579130212772,-146.1525829173815,2.9424505741230016,1.4122865524956678,0.0747463896578923,0.6028488007480913,0.630681273305176,-0.3451210603210727,,
24.622151,0.9059413720433048,-6.764350696968696,-147.15493395873176,2.6070473230906,1.051611084884508,0.1669991238785089,0.7106791798227285,0.602469292161686,-0.3056606411894719,,
24.631663000000003,-4.27150553994163,-6.816453559492802,-147.5494931219052,1.9175023957479893,0.6442737290001963,-0.004137827341038,0.8611328584807277,0.5641110649076718,-0.2015134988247663,,
24.641170000000017,-9.473584373733091,-6.976566977737342,-147.08459243501315,1.068023680818739,0.1739996517830611,-0.3975397558578868,0.8530322395418477,0.5853431093612173,-0.0320571457078909,,
24.650864000000013,-14.345224830782367,-7.850561141193149,-145.69813594784748,0.3920425406296738,-0.5485720700306057,-0.2091907655390894,0.708784713480731,0.6810690411423724,0.1515465670849974,,
24.66038800000001,-18.95811311525198,-9.159647623075042,-143.74769351414923,-0.2351298175102964,-0.8531924856087517,-0.3617454328783555,0.5944436344594987,0.7414454054128751,0.2536627307852854,,
24.679223000000007,-24.90010261191008,-13.02984305624273,-139.81465478591707,-1.1875374448284004,-1.1279484656678005,-0.9995213021292554,0.0641024475053214,0.6283408256850878,0.2782816022542999,,
24.688724000000008,-25.891736107428123,-15.438102147046507,-138.6996454005988,-1.7016472493671566,-1.7558623883198738,-0.4036649195949608,-0.1688901595942758,0.4909508976130768,0.1743576947830303,,
24.698238000000003,-25.593470622942647,-17.465782825112427,-138.69300113227692,-2.0763081695966097,-2.030445584999669,0.100553626791898,-0.3110068521493364,0.2671864467383126,0.018230935488747,,
24.707925000000017,-24.202680878234325,-19.28526808994743,-139.2835905837401,-2.575159952284587,-2.3013236850559053,1.4308273381136691,-0.4385524299506357,0.1011112463022425,-0.0486644047726,,
24.717432,-21.065439659189785,-19.90159345447621,-140.28009019324094,-3.7251756770051214,-2.6772532703800818,1.9081370130473416,-0.531007434578294,-0.2888751410608259,-0.0306765995008208,,
24.72676900000002,-16.680559909977834,-18.773946846892308,-141.29775573677847,-3.110882008618032,-2.2618116954885803,1.1635980153212804,-0.4973895224201089,-0.6998703067656057,0.0271975200937937,,
24.73626200000001,-12.958531093484844,-18.15223568461369,-141.40578822500103,-3.0955886322297137,-1.4972922054692013,0.1538029724141827,-0.4730896722942321,-0.5397758413002351,0.1604978160659203,,
24.74596200000002,-9.077547423489762,-18.01612156672701,-140.74256729316363,-1.6118770897888348,-1.090016492869971,1.0592962850297103,-0.5567851477020113,-0.4862280234283704,0.33710116937841,,
24.755459,-6.2461772692095305,-17.404877911735667,-139.88076266410548,-0.2533059375468796,-0.2762329872758958,0.5762265739285316,-0.3367887403226723,-0.4395632830108061,0.3103645585821061,,
24.76482200000001,-4.887512933463218,-16.429492085244828,-139.40520025313086,0.4214550440283477,0.8791233103958495,-0.5197379432538147,-0.0714712621861888,-0.3174476407459812,0.145167978139141,,
24.774219000000016,-3.524660538867616,-15.282009289829755,-139.7693558111788,1.178394000186446,1.1602076380971225,-0.442593730026812,-0.0505970133694575,-0.3451515911308626,-0.0200742332770005,,
24.78400200000001,-2.8326963515996773,-13.42121714580854,-141.11770602828497,1.386109003600001,0.986881084323378,0.1173116084984028,0.1343128737332753,-0.3725564281950385,-0.2680872552129233,,
24.793339000000003,-3.16946955491808,-10.64369937218163,-143.25566007861642,0.9762231201632448,0.908993862172252,-0.3591082300398547,0.3937555199385046,-0.3982936527798491,-0.4798326647488108,,
24.803020000000004,-3.8003780326310777,-7.777545556409809,-145.65645569699043,0.8237223765181952,0.391001099861079,0.0032788705612737,0.4357625623679846,-0.3937790677271794,-0.5379195084458862,,
24.81254900000002,-5.3969251694439535,-5.333693961467116,-147.79972332999057,0.5602541838307216,0.0230194037916148,-0.0718850507316581,0.5343232825755901,-0.234168531103094,-0.4953248733726749,,
24.82188300000001,-7.838466590435058,-3.379495695647425,-149.1932720680637,0.5034377349959398,0.3015944955613636,-0.7889909971033164,0.6201477849826686,-0.0783045363244309,-0.3357073834086823,,
24.831368000000023,-9.932507072746244,-2.158256911447044,-149.4433160642539,1.2832154128841022,0.3187062908573155,-0.5782883045594048,0.4849335901643201,0.0036591174757871,-0.0811971452624722,,
24.84089,-12.679869839559675,-1.732003856755813,-148.62421899566684,2.264986031275685,0.3063927952711772,0.0590278826970287,0.515326855330779,0.2097135313438595,0.1452865740639728,,
24.850402000000003,-16.511979048185193,-1.7277360988797197,-147.0652907230247,2.579926307684147,1.070692482786388,-0.2974228527969658,0.6497662840445013,0.4074680526724058,0.2888310216138533,,
24.859903000000003,-19.860034355997275,-1.874325991981272,-145.13570986179124,3.213522325126484,0.9308985645389728,0.1276571324504952,0.5397947893404786,0.3980823220071914,0.3651381729539527,,
24.86940900000002,-23.54174746158313,-2.113359135678541,-143.3079194076602,3.3557257770141007,0.6745371732514148,0.0462935252578086,0.5697413319923439,0.4695656529027864,0.3401645300129091,,
24.87891200000001,-27.59985621902833,-2.515949689904329,-142.02205746149232,2.435915999772781,0.9447781408429048,-0.7549645296793718,0.5971701420991546,0.55592003099175,0.2453824818106005,,
24.888431000000026,-30.75286911917745,-3.451764265844121,-141.18544257473275,1.852927346312405,0.292685962449084,-0.826491240860946,0.3783558666562172,0.5379878709485604,0.1596917338629377,,
24.897971000000013,-33.724925863752055,-5.327841274407486,-140.658016259318,0.8879225621961135,-0.3082395393799591,-1.0452861440025114,0.2243968112565671,0.6654088004395049,0.0781219949143485,,
24.90748400000001,-36.562576074751824,-8.193631695762523,-140.31679390300542,-0.4049626869720814,-0.5211214887965485,-1.2809521891923086,0.0710004312045559,0.8015532641883205,0.0208969668837967,,
24.91697000000002,-38.56959102892774,-11.879616631304849,-139.93249001356588,-1.2292842571452636,-0.973805312422354,-1.1907909999809811,-0.1686114507623277,0.8202381723417632,0.0286270089027151,,
24.92648200000002,-39.95267965021101,-16.003597208163892,-139.49189116133402,-1.7659329434952786,-1.5969387153762689,-0.7238606305053505,-0.3279634453177465,0.8040400673604744,0.0468910247297232,,
24.93599500000002,-40.65291028807741,-19.84095959198876,-139.34842133904303,-2.3358329710233665,-2.039284805902017,0.0097703097017334,-0.3978849790053147,0.6706949473035146,0.0057107687631224,,
24.94550900000001,-40.08338822019171,-22.82742325111033,-139.80277104046047,-2.431278419737682,-2.3730350217485703,0.7664432741813874,-0.4685054483153761,0.3864580611749056,-0.0429615222069099,,
24.955016,-38.65022300045839,-25.127906081880845,-140.41617702583085,-2.982639893891245,-2.245442762971994,1.068896579041814,-0.4966501596069899,0.1850291401064577,-0.0159560933742499,,
24.964528,-36.18941969223447,-26.516231760276977,-140.89324040172767,-3.470531266865948,-2.012271395434198,1.14685684829143,-0.5191437045294179,-0.0666928417471527,0.0996444636249529,,
24.974200000000025,-32.841521552362714,-26.344877522090645,-141.2847063416481,-2.478230421825111,-1.889706671219963,1.2341101655286584,-0.4449701738051687,-0.4043327769303209,0.1884554689360511,,
24.983712000000025,-30.040129731960715,-25.362710648059924,-141.00383365343512,-1.900524352715591,-0.9254583874991458,0.7220875518607254,-0.269108111811808,-0.4701501668161114,0.2702745400793647,,
24.993225000000024,-27.07446603640827,-24.31494564059008,-139.83049689172248,-0.9438215227113212,-0.7553070450082889,0.6063178958339752,-0.2811829673961232,-0.5053293753235228,0.4613391644216225,,
25.00274100000001,-24.58784890812695,-22.66939187289714,-138.57332592532137,0.1235731983877724,-0.3716963356021979,0.5303298824867261,-0.1299081133525556,-0.5479022595645227,0.4278086716377245,,
25.01227400000002,-22.89315141718217,-20.46043422623093,-137.8144980270533,0.4956200111629792,0.5042941939422148,-0.3666028750158325,0.06019249181806,-0.5399804634216987,0.2502759853466844,,
25.021765000000016,-21.32035465502048,-18.54271752462107,-137.686131808611,0.9038965303338028,0.6752633818583046,-0.2308873586135283,0.0389929086933572,-0.4837662125400938,0.1033571107964664,,
25.031262000000027,-20.024784100448944,-16.71741521040191,-138.5265909249006,1.0083033876493486,0.4123630882451914,0.1869290248463617,0.0605501329344077,-0.4370600946536973,-0.118389724721258,,
25.050318000000004,-19.15608117490362,-12.751214489748213,-142.58876369380738,0.4637260636158021,0.2459290719440862,-0.0907072056846087,0.1916802163113727,-0.3192498148722885,-0.4673860620931749,,
25.059832,-19.46687093264929,-11.505046769562162,-144.57484834291748,0.3929284031625065,-0.0188560617154326,0.0177440377134145,0.197387248074728,-0.1643491038758809,-0.4493127673236889,,
25.069346000000024,-20.42136125345593,-10.480852862617043,-145.98180480146155,0.5061740979959337,0.1805207944832421,-0.2934684930771455,0.2711201196326445,-0.061261693397522,-0.3547810853589905,,
25.07865700000002,-21.72215557416081,-9.69987864268358,-146.50162314740965,1.2522224075057988,0.3556996325331826,-0.3258952015409211,0.3000718808492792,0.0128127605292235,-0.1742545391991365,,
25.088165000000004,-23.53032812320452,-9.309857697938693,-146.03568060034672,1.7941755734412923,0.7122992095869862,-0.4182638762999459,0.3402857058580741,0.1334303310645107,0.02764803513134,,
25.09767300000001,-25.17950244149721,-8.96014841718123,-144.84440984837838,2.514415454535113,0.7856104772072527,-0.4192429606470868,0.3082431089947957,0.1271928739789145,0.1928880914078415,,
25.107178000000005,-26.948368269595942,-8.56443656072651,-143.35315759132243,2.9868826145579344,0.7462177421224983,-0.373959688890444,0.3300467925258663,0.140981336289032,0.2522572048410512,,
25.116697000000016,-28.88956285468056,-8.36202674969446,-141.9178310324901,2.482715495711394,1.0614183125665464,-0.8113209011343464,0.3302385664082238,0.2009608404465094,0.240717487287208,,
25.126192000000003,-29.94688914526944,-8.57278736263631,-140.7256050710165,2.165900277286408,0.6737748991973818,-0.8881640619973937,0.1371653248597212,0.1637502554757995,0.217569407476336,,
25.135715000000005,-30.65453940104608,-9.595043122362704,-139.88949576086264,1.558853953908781,0.088365001936968,-0.9080667549610608,-0.0229824690599545,0.2468689513860794,0.152664284233832,,
25.145230000000023,-31.31602414861189,-11.642863772621489,-139.4047794527611,0.3845512800014047,-0.1787532980956381,-1.114671629293591,-0.166071525874819,0.3968514247696158,0.0847355667493606,,
25.15472200000002,-31.422302293411256,-14.587409604243764,-139.0554273442296,-0.3829166861603972,-0.7095320714175446,-0.8793233471254496,-0.369095281047532,0.4602222312922131,0.0759828297438036,,
25.164253,-31.35199812613516,-18.121691104102208,-138.65960504405967,-1.093234528165378,-1.0085078235004252,-0.6013642619237086,-0.4754701531445633,0.5243090364965141,0.0963600634960626,,
25.173753000000005,-31.04930097206202,-21.75297886332025,-138.08902986432574,-1.772992271629082,-1.2392421500267552,-0.1398159665384273,-0.5252431584118,0.5059939538285625,0.1500238928568074,,
25.183433000000008,-30.05380245311907,-24.716564340906352,-137.44730871344012,-2.0668295426198884,-1.7038758422137332,0.7301316624151939,-0.5342919302305401,0.3165463895836936,0.2201828960331089,,
25.192947000000004,-28.54002147533585,-26.29296050882425,-136.92618393454342,-2.097482985241009,-2.05758351735888,1.475474661544293,-0.4151921365310715,0.0456099700091049,0.2348216147823699,,
25.202463000000023,-26.98940885042988,-26.50750369342165,-136.39921139953722,-2.827619521650504,-1.8814948732458368,1.2766423907859672,-0.2316605188185264,-0.1597443078357177,0.2305312393302524,,
25.21196900000001,-24.603901629166167,-25.76365282275077,-135.60826616866714,-3.1041712655100744,-1.9392187422748768,1.2053581368524664,-0.2047291112933698,-0.4051566730259439,0.3507219694576655,,
25.221476000000024,-21.224394441788363,-24.386682467942613,-134.61917006242837,-2.236888322546714,-2.0988816744263468,1.4398480219180985,-0.2392073569528588,-0.6280531211802549,0.4647851955227655,,
25.230985000000004,-18.112968437170515,-23.083712861488536,-133.61947325908923,-1.879450808164796,-1.6135011011088236,0.9887647268711168,-0.2094028742727293,-0.5911572666219841,0.4358262210151658,,
25.24050600000001,-14.972593133149369,-22.273389867802653,-132.83902210373452,-1.3599515570056413,-0.9862295424858116,0.520753962051554,-0.2788944677980851,-0.534001437522993,0.3856654210761603,,
25.25000300000002,-11.682323807180964,-21.82303409534089,-132.614754097632,-0.3051506181315827,-0.4150247171548799,0.4990278668406545,-0.3476695109383457,-0.5100174829055252,0.2732892243270022,,
25.25952900000001,-9.085646339643684,-21.3369477573057,-133.30030851212229,0.1771522493727317,0.3114841651425049,0.1649008695832808,-0.2578737031908735,-0.4203785177514353,0.0335602250653024,,
25.26902800000002,-6.847953164617994,-20.37975748882499,-134.87329955567532,0.5076512331134166,0.8627572766977811,-0.2447707253347408,-0.1531191446357976,-0.4342503472930528,-0.1833866436757566,,
25.278550000000024,-4.979166010333733,-18.974087179213324,-137.05334184998648,0.7454814800723661,0.9405439454378448,-0.0113668556677057,-0.0570174386278336,-0.4473301589017991,-0.3435887584488398,,
25.288048000000003,-4.150404167924213,-17.08492878169828,-139.39917186829484,0.372748379953575,0.8267346892042358,-0.0470807393357509,0.1349320850423158,-0.387029063552715,-0.4544207509772675,,
25.297584,-4.057898214038196,-14.76742470369432,-141.40450214535088,0.1243619803122207,0.574377329536292,-0.0541338463034912,0.2825670745714804,-0.3685395475230678,-0.4274159508196624,,
25.307101000000017,-4.700585391892082,-12.439118915538868,-142.7082190602108,0.1206347833130362,0.2563262368017784,-0.0444095688355913,0.3855766430283013,-0.2903821311145452,-0.3124709711112681,,
25.31657800000002,-6.108017002589983,-10.405102520691925,-143.19072253767317,0.2304306697127087,0.1752134896904242,-0.3328654017703921,0.4659121073492331,-0.1583881157630726,-0.1621301694765043,,
25.326121,-7.9516677684672255,-8.670446210075719,-142.96780046842724,0.8353304372915542,0.2376161686577043,-0.3954689376113624,0.4996758988699432,-0.0589572039298018,-0.0165409248120317,,
25.335439000000008,-10.149336763389485,-7.284908937818248,-142.3082293679359,1.5643636293986718,0.621307939550293,-0.7389238927592181,0.5147000879989545,0.0439827351414569,0.0709605079209554,,
25.34493500000002,-12.45719942223096,-6.43015098224217,-141.62009049663942,2.649687502086528,0.7786593289979429,-0.317858706068491,0.4668939995054555,0.1475960151036181,0.0979498086898842,,
25.35444700000002,-15.600569989980624,-6.127006414393104,-141.17841346901582,3.100914640218869,1.0939116221007337,-0.2358893025112004,0.5270781038133365,0.3424311827705125,0.0395189164051231,,
25.363954000000007,-18.895103960006825,-6.211233566247751,-141.12683779182206,3.0917926816827017,1.27609004625272,-0.3186436745870362,0.5005856062039283,0.4240449164559972,-0.0396754337560036,,
25.37345200000001,-21.85303036235466,-6.650596790275685,-141.40289569216077,2.975659009067507,0.9662770973349863,-0.3742829573145262,0.4043595845534801,0.4365744211676327,-0.1052383315043266,,
25.382982000000027,-24.89748140728633,-7.601985542026037,-141.8190739094592,2.2692132925323656,0.6530801102267738,-0.7083770889621147,0.3561587469782442,0.5246909047603073,-0.1451732612393109,,
25.392484000000024,-27.78675681376441,-9.147794576357024,-142.1189155852095,1.2851325053757745,0.3128652999586425,-0.965423940351966,0.2606028548017765,0.596184931229532,-0.1282816815769911,,
25.401993000000004,-30.230093557230063,-11.230914253257549,-142.12498699313232,0.5347678082515098,-0.2721187330093935,-0.9483221807800012,0.124584616311794,0.6247120856991251,-0.0673199545112679,,
25.41150300000001,-32.53754423693005,-13.774029984067973,-141.74877555678535,-0.2013119617868848,-0.6443919825380195,-0.9378478566401388,0.0418392454473025,0.678931329206872,-0.0051980554708684,,
25.421035000000018,-34.56912447635259,-16.651868168762643,-141.03310670650998,-0.887239141069312,-0.8583427757042468,-0.8664572493523303,-0.052065890497522,0.695238977431596,0.0599344233229972,,
25.430525000000017,-35.90785850944372,-19.581460316050507,-140.2418134299808,-1.4374890483653362,-1.2588372757193294,-0.5543182140449673,-0.1738961859185914,0.6154135483130683,0.117253522258364,,
25.440034000000026,-36.335108732743805,-22.058370552547327,-139.69961984041217,-1.8702276969421168,-1.7617104767142937,0.0739679966192032,-0.2571050755612176,0.4315771301505212,0.1127338581253663,,
25.449545,-35.66796879381981,-23.66387633466105,-139.707778624426,-2.430713224142,-2.046644141223036,0.7131545052926652,-0.3016646727580488,0.1657991232103252,0.0671412610342354,,
25.459070000000025,-33.775030503481354,-24.380311283524488,-140.0620379590807,-3.093977146030962,-2.1627729154965287,1.104711951582259,-0.3571655674228963,-0.1133649578572069,0.0833677012726208,,
25.468760000000003,-30.82253086365093,-24.343107403231976,-140.3090927941469,-3.3082548448258646,-2.5218537761509285,1.617242050944707,-0.4088826422561127,-0.3505409021098721,0.1944018834366565,,
25.47825900000001,-27.801787563224767,-23.47691961415047,-140.05264429930187,-3.201271781659284,-2.2458227117260394,1.6065131201658278,-0.3132250148961964,-0.4875384427226192,0.276156303653637,,
25.487775,-24.598201229704912,-22.34496818566373,-139.00129196245396,-2.661487187466362,-1.7012272854774138,0.9010787565022434,-0.30190614452495,-0.5561781047244018,0.4395095400810035,,
25.49727200000001,-21.30917494932501,-21.463920491617213,-137.31057581601854,-1.069419860128849,-1.379632060481429,0.9490742564172562,-0.3372030868632495,-0.539267538337154,0.568590609054531,,
25.50679700000001,-19.14295980974898,-20.72278887068888,-135.71096709850698,-0.2428474211371201,-0.3312131329932279,0.3612215665711392,-0.1913691944889383,-0.3862409296696538,0.4687587920184722,,
25.516312,-17.205681376127128,-19.77787687462664,-134.82017151577531,0.4357553023138642,0.6445176898449425,-0.3505538662370545,-0.1250743675147313,-0.3906332278909912,0.2946175478912751,,
25.525649000000016,-14.837678410898878,-18.46389396935325,-135.10560345757818,1.4813844179431792,1.0307946622262154,-0.2691065837324498,-0.129821789677483,-0.5030271195627869,0.0700871510350421,,
25.535155000000003,-13.08607975381101,-16.858155624244063,-136.73625794708707,1.4421989505294774,1.14879385936972,-0.1794470213865566,-0.0159654678958711,-0.4634584573595228,-0.2430959200244233,,
25.54465400000001,-11.802020187627685,-14.771989669228333,-139.28296192904102,0.9111009859568489,1.042527202334149,-0.2013160458749268,0.0962019594294409,-0.4758604025521553,-0.469595263737764,,
25.55435400000001,-10.868922115457297,-12.322167498974036,-142.1066166026354,0.7164553609966504,0.6394083990372382,0.0704001038573137,0.1708302254236122,-0.4944383055231206,-0.5514414143025856,,
25.563882000000007,-10.960980872276902,-10.198129501976322,-144.54541563296235,0.3727078637873262,0.4509708561864186,-0.199709220500224,0.268842282619682,-0.3300859998205227,-0.5129603925939235,,
25.57337200000001,-11.740543301545202,-8.878685680345386,-146.05352652258145,0.4512640084998508,0.3850761085424227,-0.4205514910815092,0.2770200645873489,-0.1294528236012621,-0.33742483462285,,
25.582877000000025,-13.117029000786394,-8.365289543622216,-146.4383386760644,1.2127951988322665,0.399266909011566,-0.2104667737147485,0.2836895974323384,0.0658839075292111,-0.1136266657946551,,
25.592218000000003,-15.41446959997767,-8.592102647813675,-145.81245244016833,1.9517845702371828,0.8730632011616433,-0.4225017858049223,0.3526587902717988,0.2910339323181831,0.0746127371676846,,
25.601725000000016,-17.756837651100042,-9.375881766157034,-144.4506851157764,2.8828540971982908,1.0662916337601285,-0.3002324791472418,0.2907350546270698,0.3933246685889071,0.2201781844431078,,
25.611233000000027,-20.3948949880811,-10.407247705412352,-142.9571918588094,3.4305605954765364,1.022950829980817,-0.3089863999296173,0.2979211926294166,0.4739838237068856,0.244390193547166,,
25.620745,-23.487540125512925,-11.332384780303723,-141.7798580672977,2.9481658544338663,1.2849650554628622,-0.9476992981913968,0.3693053370051261,0.5174224199126392,0.1533486577276747,,
25.63024900000002,-25.91791517336267,-12.091435319064892,-141.11214027670763,2.486292893162115,0.9390825508582922,-1.066353731382518,0.2783647674233367,0.4155138046408019,0.0596035472493652,,
25.63976600000001,-27.9988571358315,-13.06661414306584,-140.93422848230094,1.7148065547328493,0.2132499150028913,-1.037969118621458,0.1937783564991138,0.4073566005155236,-0.0300410518046979,,
25.649281,-30.09707822972926,-14.627206301543604,-141.03090586887916,0.2364415575666616,-0.2139147315414576,-1.1773575193569803,0.1209150983158734,0.4993952664438092,-0.0888073991674197,,
25.65878800000001,-31.51021726005481,-16.761728887533053,-141.07061752019823,-0.8874075223813644,-0.8549308523731949,-0.872417987007336,-0.0561781186332244,0.5036831105188404,-0.0561199557326369,,
25.668294000000003,-32.26867804793426,-19.279868350336933,-140.89142961534913,-1.5769845637016144,-1.4830724416837804,-0.4404855129286149,-0.2045660947252446,0.4829321792901938,0.0200324846377093,,
25.67779900000002,-32.601727667047264,-21.87021694598628,-140.47941979171384,-2.2917791910466887,-1.7405914493004355,0.0036449266931015,-0.2797204605444148,0.4412097744400916,0.0896653451002082,,
25.687313000000017,-32.06440417433793,-24.1747680866884,-139.89223680836835,-2.630583239487664,-2.127932535497255,0.8105233369578972,-0.3712302587380902,0.2914156483498379,0.182944418696358,,
25.69700800000001,-30.758715961380744,-25.922176506121065,-139.19588940959966,-2.9803518725210174,-2.2321189505292507,1.3235133169934066,-0.4071884526585146,0.1127612003996197,0.2629451423022711,,
25.706526000000025,-28.53638837366349,-26.9265696620974,-138.4462406747327,-2.9535934393331376,-2.233961667215844,1.5128888416121928,-0.4323346246635599,-0.1110226251344794,0.3480756816923991,,
25.71602900000002,-25.83810214863544,-27.210426799766747,-137.70786460841487,-2.608016711483218,-1.8367079850405577,1.5824405310419942,-0.3959360904039926,-0.2791585202781913,0.3936569623727446,,
25.725533000000013,-22.32032068221175,-26.937582056948365,-136.90115561041696,-2.098808859551572,-1.4461988258061271,1.2585497890287047,-0.4236911317459139,-0.4656685777095848,0.4699311228015509,,
25.735039,-18.162121355086622,-26.230535769909167,-136.24291647331287,-0.9434863856157824,-1.1152519635081444,1.021106755178416,-0.4431159021928495,-0.6148928539764685,0.4910221419427302,,
25.74455800000001,-14.677333358095886,-25.38745478997676,-135.9576746788468,-0.4763750260988913,-0.3175300597036675,0.4482292285423714,-0.3351942893709044,-0.5574143583651502,0.3438481920576525,,
25.754076000000023,-11.286384242366138,-24.359358673587607,-136.30732581348315,-0.1017564912403013,0.3131645774862502,-0.0281057721932053,-0.3010288498175731,-0.5754659155172018,0.197888592973994,,
25.763577000000023,-7.752918157138307,-22.9389671250258,-137.42164557845092,0.6181907621061719,0.5873933977930368,0.1162269301932237,-0.2778678580217039,-0.6508622994001169,0.0371802604696907,,
25.77308400000001,-5.056293868934728,-21.22132286068951,-139.2597813745446,0.6482696508607889,0.730548985331214,0.0778327969043356,-0.1446468728475687,-0.5896308442681151,-0.1885450976220691,,
25.79212200000001,-2.3480449480740027,-17.30354269758448,-143.6814833772279,0.1539069214887271,0.6571076728525758,-0.0795572012735307,0.0967810533846558,-0.4371255534630823,-0.3890174570372159,,
25.80161700000002,-2.254881459121837,-15.47647926429516,-145.32670813249896,0.2914651562375359,0.6120862856934203,-0.2839606541622549,0.1982466203236435,-0.3079934549793056,-0.3530358592980245,,
25.811144000000013,-3.0084475884508213,-14.1971550524932,-146.34422135983874,0.7021818362570812,0.6723090441165821,-0.4253644203127122,0.264636119200951,-0.129848441105857,-0.2589980409721711,,
25.820475000000016,-4.475418065261694,-13.44339641110129,-146.7074690950982,1.4796181273781042,0.7645421029612993,-0.3821738286448942,0.3211577506401269,0.0314364747476087,-0.1428839813075356,,
25.82996700000001,-6.899033076504812,-13.093857591750142,-146.53661746619582,2.279354114235534,0.9849084037239696,-0.453567830370249,0.4330201520389026,0.2011813470816614,-0.0647630309275218,,
25.83947900000001,-9.74255010416781,-13.153266306225142,-145.9993200216205,2.836615557670912,1.2194107428896426,-0.5986272859979007,0.454844876515654,0.3173316024401287,0.0017506942394548,,
25.848984,-12.79069150819196,-13.489368938044828,-145.24978964767683,3.320970786175263,0.9972489825767292,-0.2669011496732391,0.452570875701717,0.3904043653123261,0.0321078899791453,,
25.85850600000001,-16.450891975006794,-13.851267686799485,-144.56966883022693,2.750348654372507,1.128803888104997,-0.9191066366273566,0.5415964969728432,0.4679833719736348,-0.0094267269782994,,
25.86802,-19.594870511778787,-14.380692020058651,-143.9671150136148,2.3233383065423285,0.8670635672305708,-1.0052102033367485,0.4343058827485617,0.4419445178545258,-0.0007060881603746,,
25.87751800000001,-22.401016947616103,-15.458152402928404,-143.3564451337914,1.8519968882440887,0.1643093951674841,-0.85437657393334,0.3102010970938994,0.4950431561592267,0.00848597005265,,
25.887046000000023,-25.51328200530881,-17.25259974505622,-142.7552996133745,0.697671652464575,-0.1239887152599838,-1.1184716850854937,0.262900413625138,0.6461159534634949,-0.0232862405800124,,
25.896532000000008,-28.17625489750857,-19.698635076866164,-142.11100623586503,-0.2000569250148433,-0.432124273659849,-1.09428901114432,0.1033670418798957,0.6963305619224102,-0.0057765562229862,,
25.90605300000001,-30.29966367750668,-22.74859794225189,-141.33042246369027,-0.6715868966651853,-0.9396299635233026,-0.771508274265459,-0.0659821678152801,0.7249874294886565,0.0385783804932048,,
25.91555600000001,-32.17113718980372,-26.13645942516868,-140.41043236827198,-1.5677030036985449,-1.1000203668779758,-0.5742631241008238,-0.1623382680211997,0.7417026794486536,0.0617098400833534,,
25.925074000000023,-32.927759041320186,-29.216094280111168,-139.6001397219655,-2.083750823115262,-1.6454781135824192,0.3197131268049668,-0.2928852888298022,0.5589776702766822,0.1182298127499565,,
25.934766000000025,-32.37750056801381,-31.138202465618622,-139.41657884215678,-2.3287983579114213,-2.1029256154942533,1.3709674896958193,-0.32222253230251,0.2310072547027817,0.1041766089935821,,
25.94428100000001,-30.73906791816073,-31.823448901185,-139.74543684607207,-3.144774688240133,-1.9450039545569664,1.4259416566973957,-0.3019299964979869,-0.0770197763937877,0.0998177811902184,,
25.953791000000024,-27.90586748712535,-31.722732133964403,-139.96228119230736,-3.0591717887345724,-2.2606986825554505,2.1008329339747327,-0.3554545620809829,-0.3265515307432618,0.242073651194301,,
25.96329400000002,-24.939822376886337,-30.798474488024148,-139.9424991764592,-2.8314737191610706,-1.971455111498044,2.0193993299954087,-0.2692862303028688,-0.4684473749947345,0.2980641070582773,,
25.972804000000025,-21.903157677013887,-29.66899292659988,-139.39882611136133,-2.549764657348247,-1.3700425865931816,1.0471091817031732,-0.253819119409495,-0.5125261925865481,0.3999351727333031,,
25.982315,-18.62553694536089,-28.89762897250697,-138.38635225534802,-1.0180976985460306,-1.0669143923971345,1.083543322707683,-0.3292981511227671,-0.4930474802939874,0.500278847529944,,
25.991814000000005,-16.289455160050014,-28.275633242080985,-137.59915844799067,-0.1563956562896072,-0.2228839052021902,0.5481209322900755,-0.2215646123928941,-0.3675945463491631,0.3622497621349513,,
26.001348000000007,-14.294572843692189,-27.39922628811143,-137.6025539921142,0.3965267253236635,0.6186595812880108,-0.1621393057738689,-0.1422782746008941,-0.367832738294346,0.1708425703097044,,
26.010663000000022,-11.956340992619626,-26.072670767408773,-138.62980621430015,1.2518252295720729,0.9372869100931444,-0.3073067318796945,-0.1335734444891075,-0.4769872394693809,-0.0149212534241193,,
26.020170000000007,-10.211558826393189,-24.414218659761804,-140.58929284506567,1.2913971359826395,0.9416764600127844,-0.1614322094255512,-0.0249256617842163,-0.4577039029733987,-0.2725827435548013,,
26.029877,-9.21812597458522,-22.27038260653589,-142.99847504153138,0.6498013953138286,0.8618997023722589,-0.2193970563178329,0.1228954201718337,-0.4500386539309579,-0.449838336438354,,
26.039394000000016,-8.611987199481819,-19.75718116397291,-145.28255128789658,0.4568243857588501,0.4916027329433579,0.1182277469276154,0.2038249068328773,-0.4738666647849954,-0.4548090501068017,,
26.04889300000002,-9.018471024662828,-17.41456224189276,-146.90068468888418,0.0938960087797517,0.2507674753171746,-0.0917379496602148,0.3260926689756516,-0.3459081386906672,-0.3745738191484277,,
26.058411000000007,-10.11934157116394,-15.528775022069956,-147.45209228695154,0.0352668985737336,0.1973131587219043,-0.4144178007449767,0.3824000556090191,-0.2025407320885374,-0.1831026951924448,,
26.06793500000001,-11.616601389500298,-14.02745805883734,-146.91451291930204,0.7778217561825198,0.1696742001908604,-0.3743621183354749,0.406496171655984,-0.0956229879752284,0.037379972197985,,
26.077240000000018,-13.866404842723467,-12.922219750407642,-145.5675790702697,1.4854499221815132,0.5793731078068504,-0.7592320592521289,0.487210179981846,0.0591381924564706,0.180762478613476,,
26.086769000000004,-16.06992732815998,-12.200966787279969,-143.84546563563867,2.4570084400992367,0.8632776228586436,-0.87757574103825,0.4350614883646212,0.1305017611104728,0.2729022685577353,,
26.096259000000003,-18.55745887962381,-11.876351054872384,-142.27117408988627,3.4944480070999524,0.8612089868910391,-0.4295056565827306,0.4286960158336557,0.2402659096894951,0.2410515636793135,,
26.105770000000007,-21.723190014192507,-11.908381329977344,-141.3109677914806,3.2057740051263326,1.2921673767774149,-0.8609966865317985,0.4839611698750503,0.3879913877375425,0.0946020514560682,,
26.115291000000013,-24.11576087559417,-12.296082311854596,-141.07011412846774,2.908862306703374,1.1247382205567922,-1.026057928678746,0.3167817873451862,0.3536649597944689,-0.0244234139943656,,
26.12479300000001,-26.011309682547893,-13.344229773089392,-141.45108727488974,2.458797201079401,0.4856568339880815,-1.002031736096742,0.1577057305908508,0.395129391604781,-0.1396683805868557,,
26.13430200000002,-28.034323275761466,-15.314499090244643,-142.22725125547316,1.151045221148116,0.1933373762317098,-1.2425043562318494,0.065440637862485,0.552596606407271,-0.2321348061545081,,
26.143821000000003,-29.43381014879257,-18.130366526853987,-143.03801835329753,0.0689895542335271,-0.2566652562080626,-1.1383582731824475,-0.1280480097580183,0.611145772835701,-0.212191718578492,,
26.153336000000024,-30.26817646720505,-21.60212195924293,-143.54899567297602,-0.4870827886262592,-0.8866235479481269,-0.7503249923640135,-0.2886323717443094,0.6516091046903364,-0.1282794631955702,,
26.16283100000001,-31.20499296627583,-25.50867710848405,-143.66296866643694,-1.3726643439714117,-0.9841486275766071,-0.6487305025727412,-0.3241769058621246,0.7323268719469329,-0.0512045796122884,,
26.172341000000017,-31.63902638686869,-29.417394734500245,-143.40861030728334,-1.9544956067564123,-1.3118309411329472,-0.0422063291128418,-0.4013477732125418,0.676309849760782,0.0707874778048123,,
26.182031000000023,-31.375391859926108,-32.63320793946765,-143.14682617312255,-1.9766599579383248,-1.782299461569101,1.114628948187981,-0.420157049351712,0.4900340227848999,0.1323443218623324,,
26.191536000000013,-30.462446100136944,-34.71948319802531,-143.14130259146071,-2.6071151398106,-1.7186160068560643,1.5931758741411954,-0.37199367399522,0.2434397534203539,0.1297430991604393,,
26.20104900000001,-28.46457826931178,-35.7544704803836,-143.16190618957728,-3.1945436102834623,-1.79109981792593,1.7301080189249087,-0.3857417274161724,-0.0299786827586246,0.235322465725849,,
26.210656,-26.020968130013944,-35.765023700243006,-142.95967478885925,-2.712053989076204,-1.992726067244644,2.315205488861026,-0.3186148855208703,-0.2369197756710056,0.3264129009170494,,
26.22008200000002,-24.05027459078274,-34.864170246656094,-142.39175952723355,-2.81329776341195,-1.352995572346895,1.847409238576483,-0.1466958650269285,-0.3386609034821209,0.341801260772498,,
26.22957500000001,-21.463680534479263,-33.56948901259404,-141.19431900815212,-2.0430438223826344,-1.1302689016486052,1.1204807018120446,-0.1758699525020971,-0.4687248641522891,0.5129441310905,,
26.239101000000005,-18.973800153409915,-32.24505065265407,-139.80567927246895,-0.5976324509434634,-0.8430250455396887,0.9274222839536312,-0.1539806109227895,-0.4709844084575433,0.5315631111060498,,
26.24861300000001,-17.44912137367146,-30.96495561979629,-138.86511725143254,-0.2773378212164978,0.0420455004840537,0.0746292731079548,-0.0301042983099982,-0.3638638363475154,0.3409097232793716,,
26.25813100000002,-15.46613953415196,-29.420156285320235,-138.8343132550711,0.5850499503376638,0.612303733793353,-0.2598878506489978,-0.0547294356871366,-0.4587420857459146,0.197311186123135,,
26.26744500000001,-13.284990292744771,-27.545143704442687,-139.95905043993204,1.3302422951271051,0.7957398627587027,-0.2059982398997007,-0.0467925067552666,-0.5348662367826847,-0.0317944578525553,,
26.276961,-11.778320969107028,-25.48324771463487,-142.0805013413119,1.032037739177614,0.8891998277200602,-0.3451678739556073,0.0503646758836224,-0.4906942181556598,-0.3143104756390159,,
26.28664800000001,-10.561528380291485,-23.197400221922827,-144.6876156269415,0.7254523432937083,0.6607500858410744,-0.1441273693910702,0.0955194291903618,-0.4996555352309831,-0.4538441700441782,,
26.296168000000023,-10.006767061083812,-20.82899589696574,-147.2275458031996,0.5385746386732114,0.357532199076593,-0.0030152611743482,0.1806572334782125,-0.4504341862871043,-0.4922793480251564,,
26.305676000000005,-10.413565843301113,-18.833219694551424,-149.11347775274103,0.2634113026660594,0.3231072235481859,-0.3687380580574693,0.2760827778203392,-0.2989309248103261,-0.4209659349514368,,
26.31518500000001,-11.279183565743164,-17.40005045244816,-149.96157351928682,0.553596010040192,0.2635607509339788,-0.4336263508070527,0.2875093474846479,-0.1637794447453903,-0.2279093228983684,,
26.324505000000016,-12.822520838034327,-16.424548473349397,-149.7532253529774,1.2233670264862837,0.4111213943036769,-0.5939494792620021,0.3537439518840178,-0.0205714037332214,-0.0393657879802201,,
26.33402000000001,-14.81286509056243,-15.904011283280036,-148.67731800637293,1.9073525718687896,0.8126875834560504,-0.9614884072048264,0.3822590986090384,0.1060492298012846,0.1240340518315862,,
26.343538000000024,-16.66808267751287,-15.811659051846284,-147.08665587043285,3.0318944749140133,0.712121744419106,-0.5625893351022038,0.3126304391184378,0.1740320353333194,0.2382591168654662,,
26.35303300000001,-19.20418252802683,-16.003438842048975,-145.5976854948094,3.250859750336259,0.9288544777266292,-0.8112770291242837,0.3856144710861796,0.302090413738048,0.1903892663334787,,
26.36254400000001,-21.630258047557383,-16.38274272161187,-144.52017906036508,2.8527247631944443,1.142676055612962,-1.2666200755192127,0.3393476661644682,0.3289716158607576,0.1109449057562329,,
26.37206500000002,-23.22081395908788,-17.182385541711884,-144.00244380178776,2.6002960493457508,0.6591462754143596,-1.1635770625433692,0.1544494585593097,0.3078079710834125,0.0470497642326575,,
26.381576000000024,-24.66385028014099,-18.72427659034445,-144.02933017032117,1.684907380392097,0.2366207041568193,-1.2187233314491217,0.0416996049064457,0.4112415442873882,-0.057287971000545,,
26.391160000000013,-25.7769318131229,-21.08071069320916,-144.41500203889902,0.4467526579952875,-0.0715024612761587,-1.2671526413005314,-0.1049637610632882,0.5054777070511454,-0.114391870371833,,
26.400597000000005,-26.20023404216172,-24.192748388600908,-144.8824836236064,-0.2538074955583939,-0.647190246407314,-0.8541372919694386,-0.295616327615457,0.5540811573985734,-0.0807189995032577,,
26.410102000000023,-26.56121274060204,-27.93439499850852,-145.14287677552252,-0.9890590294424773,-0.9520848956985722,-0.4703138939609295,-0.3749954809547052,0.6518225841025094,-0.035305771598755,,
26.419614000000024,-26.7852534683364,-31.89275322358009,-145.05246168453957,-1.68885140764862,-1.1472065522538704,0.0572631150751148,-0.4201985646059188,0.6731539324361892,0.0437225805484963,,
26.429298000000017,-26.56802859458208,-35.395209371902546,-144.75884582428856,-1.9375488897888504,-1.4949102853896987,1.0453300685220703,-0.4317357746206074,0.5538476298080958,0.1283284564490887,,
26.43880900000002,-25.98647770754028,-37.81134679832535,-144.48265836976734,-2.38089493663777,-1.6199250927709363,1.8457574591503247,-0.3559296628128185,0.3407456002371682,0.151895113308235,,
26.448328000000004,-24.71489263378617,-39.03183064014574,-144.16836187643634,-2.993910235953953,-1.6210061627508805,1.976549678609767,-0.3045224724583323,0.0823330865616208,0.2326218671407922,,
26.45782200000002,-22.924204510805342,-39.29563774485069,-143.5177992817951,-2.9023814494478075,-1.7698447418410224,2.279718635292179,-0.255652354673832,-0.1213338416081318,0.3605652246122536,,
26.467340000000007,-21.300440265265223,-38.53500250440269,-142.496161580777,-2.806857920365739,-1.390690928146104,2.069048112458096,-0.1103688985691097,-0.273893582634611,0.4039561961765865,,
26.47684800000001,-19.21110553642674,-37.17703363682951,-141.06121824490816,-2.1393699399556607,-1.0000740830460997,1.3248232645232438,-0.0911781286814162,-0.4180227541552306,0.5367992762331261,,
26.48638400000001,-16.84954638553931,-35.837634731342526,-139.45602604302383,-0.8262563762375826,-0.7647038084113285,0.9917254782371518,-0.1208429423188557,-0.4492301957925843,0.6026585404115921,,
26.495791000000025,-15.212639194802586,-34.53276413065658,-138.25958415511494,-0.314780571785841,-0.0680363830191206,0.319237472432231,-0.0298535943997841,-0.373014158281454,0.4283910504976015,,
26.505402000000004,-13.259128967652831,-32.96127474355306,-138.02090795470167,0.2876843144320034,0.5378378748469794,-0.3137015460733057,-0.0322850171606542,-0.451377606396521,0.2650939047561632,,
26.51491200000001,-10.853783470855234,-31.10919511043196,-138.92793973083283,1.1177454970375964,0.7751347590588443,-0.2043874387124081,-0.0595011235174121,-0.5483014387103231,0.0592408241930285,,
26.524410000000017,-8.958456764448512,-29.02189440669905,-140.94690363352117,0.8808822867193825,0.8471761880119527,-0.2610549466237344,0.0180254524332425,-0.5312237005821443,-0.232277779559407,,
26.53392200000001,-7.411552689002107,-26.52590492155824,-143.50658241084324,0.4931567923686241,0.7028658957416875,-0.151773305135267,0.0904044988736265,-0.562768723384033,-0.405303728080935,,
26.54344700000001,-6.445683933018558,-23.755074430661807,-145.95640328758833,0.3076798337150731,0.4373488901285573,-0.0358939242421422,0.1787930142920115,-0.553645620132837,-0.4655152137400126,,
26.552943,-6.460809074533994,-21.18816259865273,-147.87226038619053,0.044815257539946,0.2982758455222408,-0.3241590729439659,0.2839043094538147,-0.4284914988242624,-0.4361332836395002,,
26.562455,-7.117802819187879,-18.971912034415347,-149.01071882721968,0.2505620271324327,0.2529082384881391,-0.5315846776647819,0.337918251344708,-0.3130620099984186,-0.3003623589079557,,
26.57178500000001,-8.406077712314438,-17.04103941336116,-149.30259715381484,0.9820460553439054,0.3195441321941848,-0.6444726903640966,0.4089258101682092,-0.2059744900469967,-0.1478662978780829,,
26.581287000000003,-10.451258744107134,-15.484917800556223,-148.9000974297627,1.7066235956141655,0.7383803892259051,-1.0183196670347885,0.4973153951869761,-0.0654509510170972,-0.0341071642419643,,
26.590809000000007,-12.465105454788048,-14.384893543581883,-148.08899761241855,2.7525105614760825,0.8453443861988444,-0.7057599910888052,0.4472721066328768,0.0156008292034099,0.0704487331161081,,
26.600314000000026,-14.918724490556716,-13.678388528818584,-147.26703098835023,3.4884713490862818,0.8058934207985277,-0.433753836171442,0.4785073339330284,0.1349164773073134,0.0645463031824365,,
26.60983200000001,-17.99973720413343,-13.388108240932796,-146.7206240626494,3.222290695737524,1.14623789928594,-0.8999251378817347,0.5348992520962977,0.2774510356227065,-0.0121748218080196,,
26.61934400000001,-20.449669077211784,-13.661635351705945,-146.52126918833187,3.0007183864050644,0.8862216448271254,-0.927415519684145,0.3685326206430923,0.3076521692531901,-0.0453138486914316,,
26.62885400000002,-22.62388523573688,-14.706711370632185,-146.68216937976095,2.441784831645552,0.3290917336362335,-0.955770612721858,0.2378039203606727,0.406653827909108,-0.1048149799799655,,
26.63835800000001,-24.904488835491964,-16.676724803255425,-147.11967448978027,1.2278710675822582,0.1790965965729078,-1.2644068113099225,0.1538651254296893,0.5702298990495618,-0.1732185385806525,,
26.64786100000001,-26.59267228485529,-19.57460946834048,-147.61412418443788,0.3943911042401434,-0.2713821902521178,-1.1043664604335293,-0.0410173889996545,0.6619420725811426,-0.159305455212181,,
26.65736000000001,-27.996222406702667,-23.33157238626014,-147.94808586966118,-0.2285968081123368,-0.7171715807045508,-0.8277909436931693,-0.1780716180451935,0.77624203614141,-0.1207984940000911,,
26.666883000000013,-29.42790002564248,-27.744449672301336,-148.00182809067837,-0.978048211759876,-0.7573273831797127,-0.7260110416978471,-0.2470360567709878,0.8868761451223409,-0.0786746025817969,,
26.67639600000001,-30.38267295738544,-32.42102808811809,-147.72855546460383,-1.523547385918124,-0.9036907077573646,-0.3814999917547687,-0.3558399601798661,0.8817848261637252,0.0138439090322443,,
26.68607300000002,-30.671025465376072,-36.76153406913483,-147.41223402558205,-1.812752618322448,-1.2400131889050356,0.4412912319932739,-0.4243536812193833,0.7599552176849211,0.0786335482841645,,
26.695587000000017,-30.12733634266976,-40.01770034802039,-147.52859255559397,-2.233757708459017,-1.301552958332494,1.38056431469635,-0.4218652864384509,0.5043817709031301,0.0753600575102215,,
26.70510200000001,-28.30246217971812,-41.68927353478095,-148.198608295852,-2.7236958900039,-1.254295680199856,1.8228317308091928,-0.4119819351516464,0.1365993230328485,0.1171800277322285,,
26.714616000000007,-25.69108690757313,-41.878939835082114,-148.853244796743,-2.614071214574548,-1.423635685828357,2.4350923721034894,-0.3523344707840698,-0.1711742728075264,0.2173526506515246,,
26.733637000000016,-22.254254393286093,-39.06533271657619,-147.95777127839585,-2.822623967275091,-0.9520657216467232,1.7319265474011838,0.0166881782514976,-0.4189876493440039,0.3414246507039803,,
26.743155,-20.854869091919248,-37.11731007274168,-146.1896780901654,-1.844854382330141,-0.7920201338972642,1.0468414920164948,0.0271704022226162,-0.4472785923263124,0.5123289440213549,,
26.75264900000002,-19.65377478781532,-35.51358969625279,-144.2121046870798,-0.6309538292743286,-0.5966523709268428,0.6623054539272745,0.0241104823685939,-0.3743076998470314,0.5383366730875088,,
26.762185000000017,-18.892103079064743,-34.023704565363616,-142.8511421791603,0.2063004786783,0.0625018714692113,0.127097565993391,0.0765557316459839,-0.3143821385430208,0.3594428952892176,,
26.77150500000002,-17.791710279020553,-32.385172399199966,-142.74140811264397,0.9004022586424963,0.5742036940023836,-0.4828273003170587,0.0515283213069116,-0.3727831879745253,0.1426464526860015,,
26.780997000000013,-16.27845904375004,-30.67846009228472,-143.9401022862384,1.4058192123534594,0.7411347847998422,-0.5631992644213165,-0.0028138114254673,-0.4283226304310596,-0.0995441449803396,,
26.790512000000007,-14.856020429580417,-28.74648720266349,-146.2705462684111,1.2200894753281204,0.735027075288322,-0.4959142301362362,0.0188616322905318,-0.4587838420321248,-0.3482780009607897,,
26.800039000000027,-13.661185519584125,-26.343147142473995,-149.11586147823286,0.9637458440019356,0.6063500309523578,-0.4123411663931496,0.0784621640032785,-0.5200385524495217,-0.4835621313286536,,
26.819062,-13.402948461563405,-21.592957619789097,-153.1551656199769,0.5365917775818617,0.4484374268886212,-0.6505439952814468,0.2532821604727752,-0.3684775071794854,-0.3446948644081397,,
26.828596000000005,-14.311246293765793,-19.765637808650045,-153.38925880410213,0.9686886793562764,0.4034090612712309,-0.7061730900633214,0.3166194323509028,-0.250139967421643,-0.119327862464347,,
26.838067000000024,-16.018589653355303,-18.43730795748476,-152.46968076606026,1.7746881664186247,0.5535221135293514,-0.7760065700492299,0.4086606090577003,-0.0898697995372432,0.0760735166965008,,
26.847593000000018,-18.1062592746573,-17.777786199380415,-150.83969295734337,2.569495784357611,0.7902446418080306,-0.9971391014108354,0.4124308602194326,0.0720144421061134,0.2194760420444734,,
26.857079,-20.14474329349791,-17.81317273907036,-149.0653841645039,3.5653711612534784,0.6521331252342846,-0.847840150448447,0.3331386446226631,0.2002553199841588,0.2633041669132367,,
26.86659800000001,-22.641127939586184,-18.481527257615983,-147.79521766210686,3.63839647206448,0.806006417601214,-1.1568599112610949,0.3352366562640598,0.3621107530714322,0.1370448591596674,,
26.876108000000016,-24.70559247234932,-19.65005123922573,-147.47471365716964,2.989722171775748,0.925368332226759,-1.6314238910120469,0.2055066017445153,0.4063676648780353,-0.028821331265975,,
26.885624000000007,-25.66061653622508,-21.403191100224365,-148.0894058186351,2.430788449614842,0.3205338362095948,-1.4761185125554777,-0.0350689268863631,0.3925028356905268,-0.1574149394749061,,
26.895138000000003,-26.32143925455004,-23.896399488561872,-149.45232884049682,1.1320363435054634,-0.1375724207669606,-1.3517836475370857,-0.1536908274157543,0.4904164788804838,-0.2910123312375363,,
26.90464400000002,-26.640386900950567,-27.056964252417217,-151.16083869568064,-0.3560706819403582,-0.3939404391908379,-1.09442880523279,-0.2621199520161027,0.5788928163591269,-0.3190602465752279,,
26.914146000000017,-26.46968343712301,-30.7027998316848,-152.61692598433632,-1.2855779071475704,-0.820643573530366,-0.4799657538863178,-0.3686100518295437,0.6308212020036115,-0.2110675009771103,,
26.923662000000007,-26.439990170381343,-34.5937892418981,-153.3704489557721,-2.140514903734658,-0.9575800134958684,0.1273960702023868,-0.3561844384094528,0.6929277644945783,-0.0796215245252224,,
26.933362000000017,-26.42087489663233,-38.18911164959056,-153.33045977584678,-2.4876731674902355,-1.1472612903411463,1.129710838058288,-0.3238666028900168,0.6429454449615345,0.0741545182359609,,
26.942868000000004,-26.287471422646075,-40.85876694254071,-152.7823580713196,-2.339766607308419,-1.4197010655942668,2.295851774780789,-0.2596282402702314,0.4677337228514593,0.1740776905976818,,
26.952369000000004,-25.984230099808563,-42.403358523090674,-152.11453278327895,-2.7807224538223267,-1.224173123186087,2.1602456634472023,-0.1829447275337526,0.2534771501564607,0.2066299823778745,,
26.961882000000003,-25.204560180666835,-43.078464005678704,-151.48137468056547,-2.541023494619386,-1.2210662004731192,2.1080649458211744,-0.1648815160417854,0.0650859791781815,0.2520489334489658,,
26.971390000000014,-24.27715967544145,-43.02914478043914,-151.10550978946824,-2.1145987193161733,-0.9057566229157368,1.989392216054213,-0.1143061308900185,-0.0737845476756429,0.2122908162637515,,
26.98091100000002,-22.817206842953208,-42.39192116736491,-151.033059249145,-1.887755946284096,-0.4711239947349162,1.4378724204480224,-0.1262729437683096,-0.2155765253736973,0.2127980809316243,,
26.990411000000023,-20.529995739750458,-41.403352331295125,-151.14183916976287,-1.377212790201328,-0.2900446158264594,0.7748296965799111,-0.2024964780250809,-0.3381838683800997,0.2698706841251587,,
26.99992400000002,-17.99408585763204,-40.30605668093124,-151.4544468225808,-0.4264657737112711,-0.1922512849422888,0.6136217283568484,-0.2311114406221863,-0.3772827111013324,0.2541604754880823,,
27.00942500000002,-15.847048369988896,-38.97330233490697,-152.11231758774403,-0.0343840846399184,0.2167202831448762,0.2359944352635221,-0.1652557923268131,-0.3917652944170042,0.1252754230521047,,
27.018954000000008,-13.679538430159418,-37.22894812500485,-153.1343598793943,0.4135088754531548,0.4707415245653581,-0.1462924697491249,-0.1422486860983284,-0.467294220167225,0.0419801813640114,,
27.02845600000001,-11.720399756175627,-35.276656872054126,-154.4248286235624,0.8231478719914072,0.4596463104950848,-0.0586827803754092,-0.1105605555386909,-0.4905351353585392,-0.0511325846349801,,
27.037958000000003,-10.503595644164095,-33.14230033125306,-155.9245195861934,0.5971535810876649,0.5547952151380023,-0.1219171317922357,-0.0030569705083345,-0.4724603278284048,-0.1819939659457748,,
27.047499000000016,-9.665092596725708,-30.81643926808195,-157.33734721808872,0.435611017320432,0.4950064445170034,-0.1307389180184798,0.0545670966033284,-0.4839305108617368,-0.2211503770347833,,
27.057011000000017,-9.305338029875886,-28.60001115277672,-158.48166661253234,0.3980640123169681,0.3244386644895322,-0.0898268985295545,0.1094159357624704,-0.4346299225737184,-0.2189823907754448,,
27.066507,-9.585440319256817,-26.71269256381517,-159.27297299002586,0.2810865130922911,0.3075102641111978,-0.3525537773815251,0.1826249575716707,-0.3345541595677259,-0.1910720141392116,,
27.076011000000022,-10.17719772749921,-25.064706682786785,-159.5575864490214,0.5763156885273801,0.2553491966911214,-0.5278363064846323,0.2158106531312851,-0.2714252303431678,-0.1087061200589425,,
27.085358000000014,-11.198464635849268,-23.58450628794409,-159.32541803715316,1.1181929371750312,0.2612471034671675,-0.8012837451213342,0.2785439899398725,-0.2120602425360608,-0.0377479286579925,,
27.094854000000023,-12.709595985113628,-22.29404385323884,-158.66490710806653,1.817514266052233,0.3056518996841421,-0.8666639704857909,0.3527400513178771,-0.1413222843781344,0.0143011323816674,,
27.10436100000001,-14.66677334230502,-21.09054733247264,-157.75905450137597,2.397180570075216,0.4287553843006767,-0.9248072845852784,0.4275498397567276,-0.0885799438826772,0.0364915598156855,,
27.11387300000001,-16.614830258144924,-19.92762357519933,-156.88942416125872,2.8735191338602046,0.3644187104551152,-1.0414395556298055,0.4267979381438034,-0.0742795740422567,0.0532455434925295,,
27.123384000000016,-18.81403685894975,-19.147404921938115,-156.11479960609,3.1039106628053124,0.2321824813780833,-0.9777298775564244,0.4428728033785774,0.0217562406843992,0.0315719787974763,,
27.13289700000001,-21.24449729878353,-18.9201185437707,-155.50883179884045,2.541894144463191,0.4574697131634629,-1.1653652093763218,0.438468712633639,0.1464350427142475,-0.0085738572734748,,
27.14240900000001,-22.741362228937103,-19.277950614595674,-155.13367945808633,2.114567305234101,0.3123191037669744,-1.3326256595573664,0.2276999250051292,0.1830157789774378,0.0108596681443081,,
27.151916,-23.586198722657453,-20.677296425546768,-154.9896070552263,1.638491346900903,-0.1349812331277233,-1.1730541675889774,0.0266087992274119,0.3210469905335681,0.0130118568344556,,
27.16142600000001,-24.23281288733874,-23.204416687953728,-155.15396478594582,0.7230703106183995,-0.2155551084952241,-1.192393029318319,-0.1031528239858329,0.5097217220930096,-0.0271308990895011,,
27.170938000000007,-24.25887808665252,-26.60820360152909,-155.61805608718757,0.1360180577133561,-0.4654236081834847,-0.8677137873615456,-0.2778255155353776,0.6223569411087634,-0.031237678914651,,
27.18046000000001,-23.982707415930133,-30.739773041900413,-156.2602966774296,-0.4828454742137515,-0.5713618890729422,-0.5958062412305982,-0.3793215233522102,0.7367702923035495,-0.0314143994566063,,
27.189956000000024,-23.52237467306614,-35.32827764989207,-156.9285961315447,-1.292237623800103,-0.5009421262025044,-0.2580838221020656,-0.433190010130866,0.813897066215588,-0.0072345127794117,,
27.199640000000016,-22.568879579248293,-39.64168535619526,-157.5774537692296,-1.8262913683349515,-0.6477014798889179,0.6806058315820501,-0.47162102990192,0.7392200949820317,0.0505177836636084,,
27.20915100000002,-21.01652037461909,-42.72546832108964,-158.3879931601784,-2.137113999942976,-0.7568126262092442,2.028296253081821,-0.4473686463863101,0.4856119373144177,0.0891311789480269,,
27.21866700000001,-18.81019888136446,-44.04478192584056,-159.24519112538258,-2.474923010805895,-0.8123359843412074,2.796460881195557,-0.3946609815740224,0.1307036882457879,0.1569187674062228,,
27.228166000000016,-16.836277256360674,-44.13430191249451,-159.4360287039689,-3.3494272600527744,-0.7795904001450719,2.7310991784024767,-0.2719758835914948,-0.0832909967622915,0.2446413365913587,,
27.23768800000002,-15.53917077612746,-43.33260919981772,-158.5215590721451,-3.4194368866693177,-0.6226591747668756,2.7844521478800126,-0.1175592728034754,-0.2171913981252975,0.3575407719568541,,
27.247186,-14.400332943326823,-42.10377153097509,-156.6033625871438,-2.54166667620042,-0.6734439171590252,2.407647879160709,-0.0609654542832779,-0.2913942589756941,0.5387165715611416,,
27.256722000000025,-13.645509575167846,-41.088994250979646,-154.11186410037809,-1.5989926330184876,-0.5579840500305846,1.5300512195027371,-0.0180382920674695,-0.231844212422031,0.5991392072370498,,
27.266223000000025,-13.17586674102987,-40.3104989904495,-151.79213672998722,-0.6954762214840793,-0.1172333361954669,0.5951530677221105,0.0073695279080821,-0.171270206697187,0.5257391899499673,,
27.27574300000001,-12.358057668091352,-39.58583751133708,-150.3775597048909,0.4929176330038161,0.2426440209833928,-0.0304574731598638,-0.0397419056271432,-0.1877207365045265,0.3883484868691573,,
27.285048000000018,-11.14610549507938,-38.44767981084969,-150.53018903231,1.2594647804366106,0.6126084798641888,-0.5507959025242322,-0.0516495321181115,-0.2912308047368201,0.1222290146547079,,
27.294568000000027,-9.463996313744026,-36.75594072256253,-152.22036493326488,1.4379563769768804,0.7915430305724257,-0.8084854865165267,-0.071731700265903,-0.4251900649529744,-0.1447947585576987,,
27.30407200000002,-7.660365629256606,-34.562850909102835,-154.91199049723113,1.283508995119334,0.6883672495204484,-0.425322298470933,-0.0668203116036039,-0.5238793502097222,-0.3482883861949223,,
27.313777000000016,-6.406355208239731,-31.857484309646168,-157.73442667951164,0.7255109929074676,0.4836507556692808,-0.1082467250398878,0.0260287341699164,-0.5804446486400683,-0.4628231332618165,,
27.32331400000001,-6.011809240860973,-28.975596315644736,-159.91073655596864,0.1976932208609584,0.275918536855314,-0.0539077231055784,0.1459604542881285,-0.5624521742060752,-0.4368603779951739,,
27.332796,-6.4802215159193794,-26.40537751861586,-161.01846968348053,-0.0709818327477886,0.103871036837799,-0.2979699544124164,0.2508677215980139,-0.4569743425038067,-0.2901308810726135,,
27.342299000000025,-7.686807025535887,-24.278514090601703,-160.92909403185385,0.2422426519738249,0.0167245059756365,-0.6429663339868256,0.3453890130814285,-0.3312540251414494,-0.0949723507221553,,
27.351653,-9.504728121831704,-22.549770850590807,-159.8527378331755,0.9848611712773162,0.2210261718331114,-1.2725150925017337,0.4308144998144307,-0.2139371497006706,0.0708179924548286,,
27.36114600000002,-11.33235528008823,-21.26664862755603,-158.27786666692123,2.406198167123487,0.2672767456103321,-1.214545014720466,0.408809956513558,-0.1189137518702403,0.1948949343999059,,
27.37066000000001,-13.51764505317811,-20.46190372950686,-156.7577025838111,3.665986092757007,0.2746791338956765,-0.9781546264886752,0.4394018208090452,0.007029332680422,0.1721443233438762,,
27.38968500000001,-18.02969331951637,-19.96864880907719,-155.74157495700706,3.816990548789169,0.6792756964070829,-1.491837013957106,0.325163095269129,0.1245363096789854,-0.0818218428938154,,
27.399190000000004,-19.22216841518457,-20.373164212381944,-156.54508668536897,3.300405723354809,0.2939373101223078,-1.3835031852309092,0.1724667427001642,0.1644628063397248,-0.2090155147182193,,
27.408701000000008,-20.23240976636588,-21.58054699872548,-157.8977657538804,1.9871463194372032,0.1535831109301663,-1.4658378415225382,0.0810445699919619,0.2958905546669639,-0.3053074769978448,,
27.418200000000013,-20.694868495816912,-23.6789177751122,-159.39314901816948,0.7311437640221743,-0.1793425417970441,-1.2444549981782336,-0.0725184577501799,0.4225877020273492,-0.2880289190139521,,
27.42771400000001,-20.904696889098428,-26.65705133594468,-160.7095431367677,-0.253011708869788,-0.5060350078947894,-0.8646285816202315,-0.1661006126401885,0.5739745567543275,-0.2175833703264737,,
27.43722200000002,-21.22217597356256,-30.429585821522736,-161.45297322281854,-1.0086568381571803,-0.5476346105056614,-0.5394216136096248,-0.1901612332099649,0.733176466900566,-0.1192871118647196,,
27.446739000000008,-21.489655850843896,-34.79027463333621,-161.49481958757178,-1.456133056332786,-0.5966497661337258,-0.2422613024758297,-0.2323703105369044,0.8428657437108771,0.0246834597190173,,
27.456424000000027,-21.804094910224507,-39.290554877316175,-161.16004301285685,-1.7525713703606207,-0.7247720364044391,0.335231901169466,-0.2370651542582175,0.870818352700325,0.1296470038115461,,
27.46594300000001,-22.02693008905524,-43.04701327972429,-160.81724578277976,-2.09322299319501,-0.8015460342776719,1.3259116137037474,-0.2102613331716009,0.7229736883997075,0.134823340509321,,
27.47544400000001,-21.358217227462383,-45.16468485222156,-161.1081679891562,-2.287580836838441,-0.810870126069462,2.3076452209137264,-0.2281382418355179,0.3701347387454783,0.1010652840187154,,
27.484961000000027,-19.580584097038088,-45.84210368267257,-162.0175316147904,-3.0335985818880338,-0.6367484869077367,2.340365835568405,-0.2794770299385652,0.050147351959695,0.1023268194853601,,
27.494466000000017,-17.207209591481863,-45.71941627276839,-162.97107243220532,-3.1560386957317794,-0.6999478691500527,3.002428019828033,-0.3087193491360414,-0.1229798564060361,0.1595607678174554,,
27.503982000000008,-15.113589304059856,-44.64795565956901,-163.5416461329558,-3.055795544212279,-0.4614860310221563,2.8692257538869588,-0.221067791184925,-0.2905987437955041,0.1776897961369448,,
27.51348900000002,-13.594147699021056,-43.284550758358336,-163.16131311262484,-2.780506416965514,-0.0855137185063854,1.6488845209305296,-0.1314063731763333,-0.3243606558309034,0.274073562592485,,
27.52300500000001,-12.428603511249204,-42.360963997935166,-161.7854936025447,-1.356721248909905,-0.2256917898914494,1.1964665096603335,-0.1075558391254177,-0.2279063859798136,0.4340758695443085,,
27.532504000000017,-12.27178670170188,-41.44299448262945,-159.98972234049938,-0.121234767393508,-0.0163925845361798,0.5688468521252947,0.0380862807524666,-0.1813403990067703,0.3804893326191514,,
27.54183700000001,-12.627148029491089,-39.97819359587604,-158.46453655159164,0.5514662353189854,0.5167397436713292,-0.6143209289045272,0.1544444333496291,-0.2551124966156878,0.2589316546827282,,
27.55134700000002,-12.379494268924995,-38.09975809464293,-157.69249414242597,1.5235146566956268,0.5684204901670972,-0.9709092114569234,0.1046832316985871,-0.3633141728473844,0.1858000589598241,,
27.560872000000018,-11.931333714383811,-35.88644374382164,-157.87286214029456,1.6060941781093796,0.560489901913263,-0.8863647412722576,0.1016533074913272,-0.4372756939326416,-0.0047613121616334,,
27.570370000000025,-11.186745877342991,-33.04579844664429,-159.0066045502088,1.2768722021900702,0.4671110031582826,-0.7556151470477983,0.0955056696210108,-0.5740262135745051,-0.1749036511687355,,
27.579894000000024,-10.339725675845278,-29.848309332187927,-160.7014534261598,1.0060680734008736,0.2259593814329574,-0.4314743642653973,0.0853898010805264,-0.6508108046918739,-0.276410632479261,,
27.589567000000017,-10.006210417550069,-26.91570695735524,-162.33742845034192,0.4602929387896575,0.1380507306278185,-0.4616483526563689,0.1309795404078423,-0.5754274684551565,-0.318215529635332,,
27.59909300000001,-10.123021561000758,-24.431238403063205,-163.44329358007317,0.3466199579967247,0.0590289029363056,-0.6139271998733253,0.1667530311383052,-0.4691683810688826,-0.243316438116648,,
27.60843600000001,-10.942354397318734,-22.45748916814572,-163.76669669028263,0.925606264161354,0.0031846617509873,-0.7308932133799358,0.2558548106623862,-0.3367112267439514,-0.1237901533729289,,
27.61793,-12.64829793244792,-21.2135384228033,-163.19351474741137,1.687176130282446,0.2975558711690054,-1.0570421609295133,0.3746991144657449,-0.148872405078241,0.003551466271985,,
27.627443,-14.444791939540714,-20.629620374404343,-161.91323949236158,2.8536267279996523,0.1820674519835374,-0.878001352238001,0.3555685526719456,-0.0112172358175093,0.1553425532735255,,
27.63693900000001,-16.621939730029812,-20.434228379654662,-160.43311203208006,3.687592654832908,0.1040796437246408,-0.9678357036717063,0.3991492167327726,0.0941253584495374,0.177441315946297,,
27.646461000000016,-19.11509165518255,-20.577089614185752,-159.2467527706581,3.5577601666263106,0.577818223501948,-1.5925204657613086,0.4293803843544819,0.187244350525007,0.1025995402830822,,
27.655978000000005,-20.48029846449407,-21.00198626338775,-158.74320389729075,3.351755831716586,0.308505274209475,-1.538840515103547,0.2083984799243634,0.1706282255959072,0.047356622797549,,
27.665487000000013,-21.133423764890903,-21.89908686612908,-159.17652588350728,2.619612076293763,-0.0898457671122356,-1.4368698046429538,0.0495219594124921,0.2112506223593931,-0.0902534315192886,,
27.67500100000001,-21.456586726415843,-23.630155735557544,-160.42658691180748,1.1818282677336358,-0.1278197358898212,-1.4083741215027226,-0.0629261914774269,0.3460340355798045,-0.2258719822875785,,
27.684506,-21.084200388185405,-26.32014637184366,-162.11432481332994,0.0092744158382396,-0.5088029387982197,-0.8275874797691487,-0.2356408672488542,0.4890287937688771,-0.2443749930385408,,
27.703524000000016,-20.42492803078241,-34.08683364415305,-165.09981731889204,-1.8464781050807115,-0.5171564203273257,0.1049182691047169,-0.2648049948361765,0.8001970738618159,-0.1394692118603922,,
27.71321800000001,-20.259086148041696,-38.455609278375086,-165.70806259746385,-2.134213918728297,-0.6469748872356544,0.8168360007272131,-0.2430685131998343,0.8407474724116298,-0.0123298756713236,,
27.722715000000026,-20.39666015413713,-42.205254591480944,-165.7853443745094,-2.361737888038624,-0.6716517713149341,1.963372053044293,-0.1621814237615072,0.7333824943229655,0.0392985599772143,,
27.732237000000023,-19.937034900910508,-44.427739556711735,-165.8757718904754,-2.365313019758444,-0.537011992384845,2.728218660974804,-0.1729451267274155,0.4154733175238758,0.0958223230643182,,
27.74173500000001,-18.36205609251991,-45.46619521681141,-166.03933826402982,-3.3337834380737488,-0.3334519401488895,2.0280597311223545,-0.2667472295448936,0.1479773543695443,0.2265720167556991,,
27.75125500000001,-16.263392557018058,-45.66063285579046,-166.16187079380884,-2.756711025238028,-0.4748978037312558,2.494964121479107,-0.2949738033667968,-0.0325667699410076,0.3000391653335744,,
27.76076900000001,-14.512807744915897,-45.02825385569143,-166.09907974465742,-2.2298121833780287,-0.055171809299049,2.356499031797872,-0.2088966157616857,-0.1819049361983529,0.2703372170374666,,
27.770264000000022,-12.573432701180256,-43.93713744836913,-165.5469490695912,-1.876166956015248,0.1137811168755155,1.2885077620650829,-0.215033566516858,-0.2797372699889654,0.3752271146982405,,
27.779786,-10.741425104553946,-42.76388151487532,-164.59897767570234,-0.4888108311009716,-0.1821836066296014,1.015071349937564,-0.1972023377827935,-0.2957385611635276,0.4376888132881931,,
27.789300000000026,-10.11453173194278,-41.425426012214025,-163.60149613757426,-0.0793679860491928,0.3092129031828288,0.1218761295876785,-0.016170093259282,-0.2832744723917152,0.2838451602782655,,
27.798631,-9.3380930559388,-39.61990455863595,-162.8629493970707,0.6145387784488726,0.5403964689245464,-0.5464008592096772,-0.0088672209135698,-0.3802534401745402,0.2488761926849491,,
27.80813600000002,-8.275553032329334,-37.53858558336952,-162.6674029672872,1.323276212243231,0.421226371790356,-0.5639940836938633,-0.0353860868932657,-0.4473074292460741,0.1718348629639436,,
27.817644,-7.584618942098595,-35.20544790031947,-163.07531935645437,1.1007371144569973,0.5863408389745639,-0.6893855057887412,0.0314070896351634,-0.4792332226822198,-0.0127876494913441,,
27.82716000000002,-6.760564694347114,-32.41632888720859,-163.89403775327338,1.02333329907542,0.4790241826768324,-0.5220086410993611,0.0280010994591477,-0.5743620956872513,-0.0996936906372302,,
27.836859000000004,-6.282479562364164,-29.39253809250004,-164.82275181183974,0.8306687061456121,0.320633588857105,-0.4872583333135197,0.0851605734773073,-0.6050399363007319,-0.1752022116828733,,
27.846181,-6.45292189600216,-26.550280543983376,-165.5309376457976,0.553381665011036,0.2988208708239394,-0.7232006657285963,0.1755681362529016,-0.5421920595543054,-0.1926010065853698,,
27.855706000000023,-7.118259009821905,-23.98394611085381,-165.729524907582,0.821359032001758,0.1082982146962257,-0.7097333767934382,0.2447319973262736,-0.4676173500293273,-0.1206051762289813,,
27.865193000000005,-8.727202471650871,-21.76938058732356,-165.32464863997149,1.5132522048631103,-0.0048702217515302,-0.6974310258773212,0.398366166981551,-0.3549732696112436,-0.053397309911823,,
27.87472500000001,-11.29261075642296,-20.16956876741225,-164.35200600534145,2.1663230410363186,0.1955176494500627,-0.9696803977827004,0.5466577494966421,-0.1838569930364769,0.0186708561325951,,
27.884217000000007,-13.931529635152357,-19.260234472217924,-162.9829598357761,3.126749689482545,-0.0796334613339908,-0.671246361082752,0.5284908995061197,-0.0353464746544017,0.1189310313937247,,
27.89373600000002,-17.163782719242842,-18.896309125812785,-161.67142587155092,3.452236730295183,0.022054520603897,-0.983626981400198,0.60506075322799,0.1152927086047302,0.0881040325567192,,
27.903238000000016,-20.22877549375189,-19.045415944467475,-160.76874279739104,3.18483661161928,0.4301311417307413,-1.5634954890391397,0.5402751103959235,0.2140058945540096,0.0275189670554242,,
27.91274200000001,-22.060308150793016,-19.84314083093629,-160.53453317461674,3.037013193487,-0.0140420092183311,-1.4733710939304128,0.2739525123156715,0.2646501771024863,-0.0238547700090596,,
27.92227300000002,-23.44447702321468,-21.49616452949241,-161.2224403586452,2.178839458333129,-0.2282026893704159,-1.5459236617491268,0.1376690817342088,0.3972815967507667,-0.1736643992878143,,
27.93177900000001,-24.274878648722744,-24.09290165670328,-162.73337705787216,0.9558132088927912,-0.1809440346418314,-1.5093572025865492,-0.0134160946737283,0.541905196878838,-0.2965669893251411,,
27.94128800000001,-24.147731919404,-27.604147914918425,-164.69674319645847,0.062224690007343,-0.5258271426898593,-0.993758556598612,-0.2169954480699905,0.6691342737568301,-0.3083752405563108,,
27.950811000000016,-23.77051529087595,-31.92273389435017,-166.78954028982815,-0.7951399926859579,-0.5688902836170444,-0.5025965041025644,-0.2731981087055591,0.8230475125783064,-0.2890339163148751,,
27.96048500000001,-23.28527077638845,-36.741581649962896,-168.5252941451822,-1.4948940542686486,-0.3559567490944308,-0.1071662072766538,-0.2808705754767668,0.9265806486058064,-0.199086511419045,,
27.969993000000017,-22.61475475596294,-41.54934140036822,-169.6624455053767,-1.812408499089596,-0.4045683240613784,0.6295111471853148,-0.2808909559058581,0.9266377791126498,-0.0558756939394736,,
27.979483000000016,-21.99884631549727,-45.57927341085495,-170.3542847958091,-2.1215438083565634,-0.3105694241770582,1.480212245858126,-0.2255134394048591,0.7799091289690819,0.0204331142791418,,
27.989012,-20.932667152282416,-48.06271651779992,-170.958749312344,-2.260227089936656,-0.2224852839996049,2.264772660637306,-0.2238528596244054,0.4674400775549807,0.085169065238377,,
27.99852800000002,-19.24938571108441,-49.07561603216018,-171.50254871453535,-2.530298729754898,-0.1487830464075255,2.313726802349564,-0.2511225393170631,0.1667538659511217,0.1731573960163421,,
28.008026,-17.721228403678687,-49.29381860404669,-171.7201589598442,-2.444841612747737,-0.129930912227344,2.675206788163801,-0.2042100329587469,0.0143599350312713,0.2231898851224989,,
28.017549,-16.614662042540385,-48.65226376306612,-171.44756597284572,-2.5462091158739435,0.1183280395865804,2.234415114552996,-0.125149180168201,-0.148305523179051,0.2326644709025024,,
28.02705500000002,-15.87032541360523,-47.501923375474114,-170.65038918330424,-1.7533103970362502,0.1821293563482729,1.3836904395217997,-0.0625379855699867,-0.2430307165952753,0.2704931936902878,,
28.036562000000004,-15.728067010052822,-46.68025049413636,-169.27107986013382,-0.735467703256643,0.045502616903097,0.908591900986372,0.009570294980793,-0.1653962400884852,0.2970066729029046,,
28.046075,-16.178765609899852,-45.723192993696536,-167.75330965524805,-0.0106869004141084,0.1481944002808065,0.3457650100686036,0.0993610525099558,-0.1753593189182423,0.2387240339450461,,
28.055593000000016,-16.54927190837361,-43.88151840876316,-166.70920207734108,0.7625607323640127,0.2311610547152259,-0.4944816349488447,0.1328331492978771,-0.3480165221761195,0.1567517600654837,,
28.06491200000002,-16.802997347887153,-41.75185646602921,-166.17380827325076,1.259746480487882,0.3090090193616256,-0.9473270140191584,0.1364245645890395,-0.4057330357613856,0.0597912668680575,,
28.074415000000016,-16.79397775590654,-39.64453940370815,-166.15001807059113,1.317099600559041,0.2517625670650784,-0.8046819918367363,0.0999626684054143,-0.4099463775432234,-0.0146640383543977,,
28.08394100000001,-16.386728835258847,-37.01619926297106,-166.76409531483952,1.2216691262011474,0.1381046606797866,-0.7049747047990519,0.0615543359012738,-0.5265679659371525,-0.094150947627291,,
28.093448000000024,-15.907291201393546,-34.1065315461039,-167.7305551471453,1.1680680358078392,0.1143583218445009,-0.7939285335621086,0.0530270343982417,-0.5854259076569074,-0.1606529084626841,,
28.102960000000024,-15.622149315207256,-31.783457290088457,-168.59582181735138,1.1277435204305906,0.0133481051827888,-0.6820512264902576,0.0488625971782157,-0.4650573838792106,-0.1588766255989683,,
28.11247400000002,-15.683303673036749,-30.15253926039982,-169.19284964278404,1.2314624117649449,-0.1095421962446799,-0.5658351455865391,0.0732749977855343,-0.3184087489297844,-0.1305909690594082,,
28.121974000000023,-16.17695264168909,-29.060730724887257,-169.5115412953525,1.6723600156171206,-0.162989607788478,-0.745033263465145,0.1247707784394972,-0.1990218583624486,-0.1030700248717169,,
28.131479000000013,-17.115330669483573,-28.838779779757,-169.5493213160051,2.092239604244811,-0.0129530747524668,-1.1526796734945302,0.1697306015596554,-0.0140483000063533,-0.0683097635636081,,
28.140999000000026,-17.88702242717293,-29.478026165645502,-169.39763985011336,2.494338178087064,-0.0854668148218626,-1.2567602302027998,0.1095564949431473,0.1502883441794033,-0.002352806099717,,
28.15051400000001,-18.30473187647145,-30.4945721308927,-169.41403271808284,2.7262827149635567,-0.1801021677690947,-1.465462220074114,0.0342014121409237,0.2133240072665453,-0.0002899072842465,,
28.16002900000001,-18.277421977160653,-31.8211661322208,-169.88810133118787,2.5255759365714714,-0.1147428132249699,-1.6228260203055078,-0.0517711655154661,0.2605720130058686,-0.0437843179255119,,
28.16953000000001,-17.61019435759654,-33.590708477251745,-170.90592333462035,1.9782475624488345,-0.2216632547779837,-1.2513492320438582,-0.1691719837730116,0.3309896761494398,-0.0778639876692422,,
28.179067000000003,-16.599377271068455,-35.714821363073675,-172.44984877969154,1.004905561376881,-0.1644006774232831,-0.8090121308803404,-0.2252729184978214,0.3973070168568229,-0.1348420569037824,,
28.18875300000002,-15.434037232245814,-38.26623050727702,-174.28811140664442,-0.1425039766862305,0.0206356451347866,-0.4345524633402764,-0.2424106485539559,0.4867693691940101,-0.146921219021679,,
28.198238000000003,-14.275535206393512,-41.50764847750773,-175.9178289088691,-1.1569121584520567,0.0233684137805559,0.1760632358676235,-0.2298598346012841,0.6325083248159912,-0.0723000232308131,,
28.217264,-14.009162827341765,-48.55982996433799,-177.06589328454186,-2.087533597972084,0.1127764822234518,1.930873706799162,0.0069728354920455,0.679685543101538,0.0144707161148402,,
28.22678200000001,-14.8084598904929,-51.01148993939836,-176.4087597714181,-1.8600308774835208,-0.0277342131748901,3.046598092587236,0.0763970704284958,0.4958186489121181,0.0637173485351117,,
28.236290000000025,-15.855255035629671,-52.27696438162516,-175.33246151137584,-2.1941251775599264,0.0056820404306186,2.715116731391592,0.1119079310285631,0.2619166685385161,0.08962525117984,,
28.245791000000025,-17.026010776497802,-52.66240843955504,-174.1212698677955,-2.2133142178843253,-0.0060635453781592,2.0948515259583216,0.1351586131114366,0.0898750667871137,0.0740584099569233,,
28.25530600000002,-18.14585955100772,-52.40620988293664,-173.10700201212794,-1.4263312098604712,-0.0670554406026129,1.826393400245319,0.1412243272430646,-0.0358712001878003,0.0351882531119526,,
28.264803,-18.901050526051023,-51.625059938772814,-172.35603950621476,-1.1592189431484643,-0.024794268185817,1.0804024710188729,0.1120636137227573,-0.1434086774634195,0.0363082298445305,,
28.274327,-19.40062309250849,-50.33044229310444,-171.74640691815074,-0.5394900706452674,-0.0922422570824987,0.5429162326297762,0.0982970673895684,-0.2480018704057795,0.0371300042675583,,
28.29334300000002,-20.3618467431366,-46.41105870079381,-170.5316292587913,0.3158129558693499,-0.0588463981803991,-0.3034300617795941,0.1314745566336403,-0.4101298388855455,0.0428534190618099,,
28.30284700000001,-20.77773164288468,-43.99769773777882,-169.78892089492433,0.5400055040899323,-0.1279382855055839,-0.3790199260474788,0.1407445528963978,-0.4659973285838591,0.072089990311228,,
28.312373000000008,-21.109179066451325,-41.31718802134955,-169.1350281273967,0.5409347651905645,-0.1211152692967661,-0.5118667813593318,0.1461430057202014,-0.5187505102594208,0.0859365378410302,,
28.32188400000001,-21.29085507345712,-38.57474473163736,-168.50715598720717,0.5703417971592598,-0.1267017475327522,-0.6236451390477631,0.1338180102636382,-0.5333041986565873,0.1023427205016647,,
28.33120600000001,-21.37905167262609,-36.00552233080158,-167.90812302981348,0.6572424093244151,-0.120426107297993,-0.7339769243278408,0.118883780463782,-0.5007135131498182,0.1092287979547738,,
28.34074100000001,-21.42953037487512,-33.668861315708554,-167.37838951805276,0.8861881520993217,-0.0930554098523621,-0.8859345759643235,0.1082242950766533,-0.455259331116744,0.1002829707899922,,
28.350235000000023,-21.483297930216416,-31.577326004944496,-166.93684113486063,1.2614759702055316,-0.0380207646267088,-1.0958062250487064,0.1019226292268118,-0.406297831709381,0.0825998104399151,,
28.35973100000001,-21.592969684669967,-29.842994478565725,-166.6148503008372,1.762684864528045,0.0004247181444808,-1.255865801719435,0.0975804772715612,-0.3338069874715981,0.0695950661560825,,
28.36925300000001,-21.85455043677662,-28.57783803716954,-166.25803555379724,2.3128702927080287,-0.0088366813391686,-1.2243328665257152,0.1037383157152921,-0.2355826989631066,0.056632223586345,,
28.37875600000001,-22.24314988603765,-27.8068771519711,-165.97341706100602,2.654244839462654,0.0575125608874029,-1.2565829989823216,0.1034804611455565,-0.1335031994337571,0.0433266423908443,,
28.38826800000001,-22.587707000172824,-27.61384033203636,-165.7974256469013,2.845702346745157,-0.0373396163483968,-1.1737210536805396,0.0686218767560517,-0.0226949556264364,0.0386336573603238,,
28.39777900000001,-22.895794026869343,-28.08515142030352,-165.80977652627084,2.5974458961500164,-0.034845431530133,-1.2647281371897383,0.0299382376617639,0.1048054483382312,0.0139609722412927,,
28.40730100000001,-22.99265003412772,-29.26414747844908,-166.14858102354836,2.2030409140548297,-0.1712974431922811,-1.2581697516157475,-0.0400816763462627,0.233263820325883,-0.0177580295531447,,
28.416800000000023,-22.973149399113133,-31.18566510777374,-166.92261329057487,1.6057904427189444,-0.2355011830829336,-1.2082071549994586,-0.091603821257412,0.3736966833301728,-0.0756464315273449,,
28.42632800000001,-22.804744806524504,-33.85630927229575,-168.08227519708643,0.9109446912018246,-0.2144230152687022,-1.0684596149852683,-0.1413441363219465,0.5165098275761203,-0.1193771207719373,,
28.435827000000018,-22.456779972193875,-37.1734046153467,-169.4087682668181,0.3073938498742469,-0.1995567673039289,-0.7965463353869562,-0.1823967457148097,0.64116422756243,-0.1229205052734767,,
28.44551800000002,-22.111053187181,-40.95490728758598,-170.57804831614882,-0.2616243602665433,-0.077096546140128,-0.4885424042651222,-0.1814276677593627,0.7370875339052484,-0.094632001020928,,
28.45503500000001,-21.83636779140704,-44.94605780322133,-171.3426725078562,-0.8417260849744345,0.1127787425775965,-0.2338097520852835,-0.1620191666958304,0.7836081428888005,-0.0187260741752777,,
28.464538000000005,-21.61630501379665,-48.785547930089024,-171.51690419940175,-1.317184169148673,0.1014712206344303,0.3416695895647692,-0.1411665762394686,0.7563462851083538,0.0944519006110832,,
28.47404800000001,-21.58396856214436,-51.853742235344015,-171.16696510192313,-1.6718813490471964,0.0050510997698964,1.345792696453009,-0.0944587049017525,0.6070964056413768,0.1554289474706042,,
28.483565,-21.484059101442824,-53.371511257131175,-170.78255036839113,-1.9373388486113383,0.0397765131883019,2.617622565714663,-0.058819152325558,0.2984330065402273,0.159387230141101,,
28.493059000000017,-20.801692696850623,-53.23513770759782,-170.44723315409482,-2.5306565390844127,0.2627043642035506,2.805794581652058,-0.0761722095154413,-0.0401408875843915,0.211650248585253,,
28.50257400000001,-19.62700558129423,-52.38733049739027,-169.77188708069085,-2.761547873032662,0.134022541988068,3.0617550613307443,-0.1109757373166188,-0.1916274671310995,0.330126090318046,,
28.512087000000008,-18.18779917228101,-51.1447219511901,-168.9526503921294,-2.3846380913467864,-0.0464254997242976,2.8772534729418324,-0.1293676504873773,-0.2774676657678503,0.3903812141482705,,
28.521590000000003,-16.78613139504302,-49.96692877003281,-168.11468532113128,-1.8744713790767664,0.0177370653799952,1.8307618889639856,-0.1278871104401398,-0.2665801984689538,0.384506593626523,,
28.531106000000023,-15.48750721131072,-49.302535821831135,-167.3301292029315,-0.907705063841886,0.1092596248676685,0.9654825377084082,-0.1362812979262621,-0.1658061361827067,0.3551941479314423,,
28.540624000000008,-14.072662115951037,-48.85258024107537,-166.94823100954062,0.2847139178634257,0.0817058708258498,0.2584833758704107,-0.1608680131015253,-0.1291410488249841,0.2905180149071951,,
28.54995400000001,-12.655375172846046,-47.870342055397366,-167.45399614173004,1.1343926222877148,0.3256660264868437,-0.4990693095606573,-0.140296509019519,-0.2335555604348189,0.1108496818131176,,
28.559448000000003,-10.959034689180656,-46.15629190146963,-168.77536970621773,1.4664601557321322,0.5493896088160887,-1.2317570830067783,-0.1556700764204367,-0.3836339622726639,-0.031797674165391,,
28.568964000000022,-9.122873330619251,-44.00923265971471,-170.57214179610813,1.737567526081216,0.3935310951620979,-0.8291674063347815,-0.1777838644897248,-0.4696558425177836,-0.12581141703387,,
28.57848800000002,-7.847593172300547,-41.22305286254405,-172.43745840839347,1.210160357745672,0.3854584264699486,-0.4863690021160762,-0.1023370835494162,-0.5797133650081079,-0.2441118954531856,,
28.588188,-7.116156628518392,-37.96452927913425,-173.91911523606757,0.7299999259981401,0.2492478297739223,-0.2540771442112576,-0.0330499210295733,-0.6613345493069157,-0.2555650426611111,,
28.597680000000025,-7.069105749949487,-35.02893402944427,-174.76655766085932,0.2923773194590141,0.06689554283903,-0.2023179680425144,0.0515638952435806,-0.5855956069743357,-0.2090640623082985,,
28.607181000000026,-7.615044566857733,-32.73366659794653,-175.0136155920462,0.0889885542405254,-0.0186761109462996,-0.4540395174589342,0.1318084864038676,-0.4495355593235448,-0.1346859961996457,,
28.61652000000001,-8.502168122934945,-30.95017905443423,-174.8126134914227,0.6444334029669418,-0.2126589506711693,-0.767953361410948,0.1820868671941525,-0.3422519509558178,-0.0613677666705128,,
28.62604300000001,-9.771423576547544,-29.797442349086705,-174.44826997262294,1.4263265896952562,-0.1371994635399483,-1.34339598987697,0.2397760503531686,-0.209405983528429,-0.0425011368032009,,
28.635541000000018,-10.830103591746242,-29.23624858153636,-174.1297163235774,2.453702205818669,-0.3030579788271849,-1.4370486803897422,0.1946191302100315,-0.0936773812985588,-0.0138454739618913,,
28.645062000000024,-11.7270559887876,-28.962561544037666,-174.14989416741105,3.261922818024398,-0.5429529117094315,-1.5063253824369582,0.1616322222673648,-0.0387739108303915,-0.0511847854948709,,
28.654575000000023,-12.63782218360978,-28.955838348089348,-174.61621764107372,3.349291608215333,-0.4444416951323748,-1.5866164657704729,0.1589539017401971,0.0139749560983241,-0.1381661163913304,,
28.66407000000001,-13.029767061225442,-29.11460897806092,-175.47632590973046,2.990731824459764,-0.4667056340251655,-1.4587899068933177,0.0656828518162569,0.0374837447166871,-0.1709340170157687,,
28.67359400000001,-12.979680593665424,-29.568022829813817,-176.6159220165579,2.2446511042261488,-0.5789910099051029,-1.1797543788969314,-0.0148163425642678,0.0899934490671199,-0.1824839918054149,,
28.683099000000027,-12.843958114130151,-30.758469775280908,-177.82134118241666,1.093062713284534,-0.4385909554389338,-0.9985745007171054,-0.0345439430501445,0.2370143646873435,-0.1806729109970175,,
28.69279500000001,-12.557322290363809,-32.94343626962485,-178.95042886919535,0.0706557539838305,-0.336182384791116,-0.598123481040687,-0.0596623292656829,0.4361436513802874,-0.1226009037842312,,
28.702319000000017,-12.313237451549949,-36.110170363765256,-179.78020130661312,-0.5253577402656618,-0.2421445154362417,-0.2132124154103882,-0.0448267106037134,0.6337735792138474,-0.0492998411926543,,
28.711815,-12.309495014612436,-40.307933425867496,179.8761170031333,-0.7637017480726347,-0.090024838763948,-0.0850742644403969,0.002138133021432,0.840531347500936,0.0252986591704502,,
28.721321000000017,-12.572513624808275,-45.49631527816252,-179.96293286748818,-0.7376413533387407,-0.0556452548017703,0.1018484050247108,0.044005697773343,1.0386867272471645,0.0986445019374195,,
28.730830000000022,-13.163232106711282,-51.118284295750605,-179.43110205100126,-0.7715877977509769,0.0522786574814487,0.1350753761105366,0.0775685363794034,1.1258161437595002,0.1164012750493357,,
28.740342000000027,-13.60787624146574,-56.38194286958566,-179.0396559295789,-0.9671311553649184,0.1064967548852143,0.3286920009562342,0.043825352552867,1.0544327402144122,0.1205581233490118,,
28.749847000000017,-13.447642984706295,-60.50029999608928,-179.34666017948473,-1.0953643853097184,0.074301533381619,1.1973669678177203,-0.0243036365360225,0.8245345795028001,0.0802011926654963,,
28.75936200000001,-12.17692933059176,-62.58287114634267,179.21347365623245,-1.333364455100423,0.3759176906193694,2.116540279686701,-0.1192950312607145,0.4175953195734361,0.0152982347384249,,
28.768856,-9.642077918562364,-62.64789012040196,177.17326677012386,-1.4407414407111725,0.5335992040239204,2.500835372675508,-0.2328555689354556,0.0207218137096579,0.0773157992040127,,
28.77837500000001,-7.187743538625983,-61.78138240898307,175.68419635325387,-2.027899884408509,0.5422387497088058,2.74940130591598,-0.2394186734519712,-0.1588913914200098,0.1367088222959636,,
28.78788,-6.1484501406365215,-60.31948422493582,175.40212012358427,-1.967329131919305,0.7641231358550195,2.6678477811934647,-0.1228293101399367,-0.2841904306969506,0.098088377476741,,
28.797404,-6.271657598847686,-58.72388269143607,176.43635979069967,-1.645229577406382,0.6833102981562887,1.735732128237163,-0.0098963494260467,-0.3196209433977203,0.1588355263254494,,
28.806895000000026,-7.3440393325339,-57.57024389290108,178.41428698237328,-0.5200685816616781,0.2676635454805174,1.0790722200562752,0.1029623148792529,-0.2357978306616254,0.1978676991446985,,
28.82576500000002,-10.785127971327382,-54.67768855403001,-177.51252782139426,0.779789941191852,0.0632603583987723,-0.6332556612238267,0.1835527108513765,-0.3586525505428817,0.0952397898018242,,
28.83527600000002,-11.597259222969804,-52.43645558923486,-176.6733087828156,1.233398721815475,-0.1031447443720622,-1.1642621825275328,0.1196077355122164,-0.4432090916550122,0.0175968181122997,,
28.84476700000002,-11.688077064814395,-50.14910681403227,-176.8944710344052,1.261272690019133,-0.1009855700036104,-1.0438748977219194,0.037432494527555,-0.4566360334052179,-0.0774365197033561,,
28.85430700000001,-10.933729531728384,-47.44635633745232,-177.99509643434848,1.090273676775194,-0.2070427396993779,-0.7331059653073393,-0.0747437293805066,-0.5451644860684906,-0.1285891927740642,,
28.86380600000001,-9.968768735276802,-44.47192290610773,-179.46561360280117,0.8359161249602379,-0.1878488790031146,-0.6442845311756908,-0.1204975429230958,-0.5985377267314241,-0.1780568648807424,,
28.87347600000001,-9.279539042057838,-41.87215204406122,179.3300758040127,0.6045648222705905,-0.1391327695039106,-0.4762637457457727,-0.1008573725978251,-0.520525626373299,-0.1644042131126811,,
28.883004,-9.09006798854524,-39.65016756730473,178.75546397786087,0.5400118028089603,-0.1152502537996476,-0.4710086095170358,-0.036011165146032,-0.4443887951516289,-0.0979836173503781,,
28.901842000000016,-10.263980688982496,-36.21030823058256,179.8159244724102,1.4066505584138864,-0.2573472189876416,-1.209793768151395,0.1247818635122799,-0.2943441944895164,0.1015797336313507,,
28.911348000000004,-11.283361224307308,-35.24855608774279,-178.93596487831323,2.176487021218428,-0.5021881595381626,-1.2845329646520076,0.1669009909333757,-0.1915144595838408,0.1616119864410042,,
28.920862,-12.224500245430594,-34.61401681264627,-177.80447602706107,2.704950072665401,-0.550061396594564,-1.5830023513468827,0.1578587812840674,-0.1228331947031697,0.1518300298737446,,
28.930373000000003,-12.54396075008017,-34.51403908481242,-177.24970297808824,3.0261591735010382,-0.7090041174369524,-1.594896288040196,0.0534524949578794,-0.0178213276930554,0.115903174145469,,
28.939884000000006,-12.131222435345377,-35.120562632162624,-177.68993693065735,2.7296422010939394,-0.7194496455567364,-1.5150564223495164,-0.0728530842304872,0.1185084208223469,0.0149197330168056,,
28.949392000000017,-10.828204105375232,-36.37737519641204,-179.3256212487783,1.9982145819770136,-0.5928492255780926,-1.3505469056549704,-0.2174740339283799,0.2467001419624001,-0.1057080048610953,,
28.958906000000013,-8.690343158819338,-38.37405725222813,177.9131355930772,1.1031400704282173,-0.4274532849211315,-0.9607233760501492,-0.3335362250824676,0.4052958405945736,-0.1979123426713623,,
28.968597000000017,-6.0871693719701705,-41.21483103888854,174.4833427842392,0.1502603349749196,-0.1114126718577611,-0.4856283107253022,-0.3591301260857702,0.5956964230476002,-0.245814083508251,,
28.97811000000001,-3.267116034066408,-44.758619360124335,170.93704517250802,-0.6735458462777386,0.273015921472634,-0.1111342612080052,-0.3161054340271241,0.7576250640180666,-0.2150925596625732,,
28.987614000000008,-0.4107995086746757,-48.804888960494736,167.7437152377775,-1.050297420748696,0.4212264882007895,0.3165267666266856,-0.2305937258470893,0.8696838654313516,-0.1036889574402072,,
28.99712200000002,1.8241890414860924,-53.17060990963387,165.39102705776787,-1.1717769759936087,0.5277677377446426,0.7985998626325057,-0.0669916428879638,0.915900512698093,-0.0229738074741031,,
29.006632000000025,3.0360863426810307,-57.32492132796552,164.0769624594281,-1.2999284676327154,0.6697687097372138,1.4350538684810674,0.0885891784055193,0.8386153951578377,0.0189810195070475,,
29.01613900000001,3.1920768490042315,-60.31247790699373,163.83419155097266,-0.8286632291707181,0.5714077970716732,2.3797776939098028,0.1514966915248713,0.5790010986586991,0.0450339299429496,,
29.02563900000001,2.6225370688859404,-61.83404056445433,164.41005269182486,-0.9130065354746516,0.5805850655798885,2.435794133434847,0.1367927763941473,0.2778015714079249,0.0471974604264697,,
29.035166000000004,2.1193481156855927,-62.55305365281749,165.02351110949672,-1.6949952476637735,0.5557966132601281,2.257682230836433,0.0833233467507577,0.1264891233237387,0.041043721483072,,
29.04466000000002,1.7391680608222375,-62.2628123403899,165.14340019580442,-1.727472815501784,0.5073435079845178,2.22260954726823,0.0191283491920354,-0.0652358053507657,-0.0505747625887012,,
29.05418,1.6551577769009205,-61.02657453848854,164.74843418876492,-1.3567414647613258,0.4466314928618018,1.5265994219719718,-0.0563741385918404,-0.2412033210674428,-0.1133128775251162,,
29.063693,1.7841356106270927,-59.75171656204315,164.15423057467606,-0.7156715417359611,0.2017090772306586,1.1878268674303325,-0.0805192215765646,-0.2426060244510866,-0.1152724494456866,,
29.07319200000001,1.328902533325397,-58.26379653906707,163.90868434849608,-0.3022617468138679,0.0911167411325876,0.8192993494979,-0.0366566863203109,-0.2994052118303098,-0.1413677418196002,,
29.082726000000008,0.0383768077836704,-56.11792161686351,164.5147179330563,-0.1809807122377024,0.0866307439283104,0.0273573684587665,0.0182269985788448,-0.4515622758755651,-0.1165147572234054,,
29.092225000000013,-1.8516847271921195,-53.75910815496203,166.02053282926036,0.2182659895237487,-0.160464501674532,-0.3474740200975799,0.0907571855819499,-0.5119404112706103,-0.0359205940336271,,
29.101726000000014,-4.2646745059854085,-51.41329874089401,168.10915215171266,0.3956232832368762,-0.2586361366409407,-0.4198238720509142,0.181282437118656,-0.5233199517785395,0.0199784193403367,,
29.111234000000024,-6.616797836630361,-48.70190641513559,170.57726287846222,0.4850396645254616,-0.4146405015700847,-0.5632741727157303,0.1977572457616808,-0.589053199806942,0.0941865741863361,,
29.120575,-8.555702458625698,-45.72974619552424,172.82114064181116,0.5632424054046237,-0.4907904475586905,-0.9096927615318028,0.175927520274097,-0.6266566298511668,0.1313266088169671,,
29.13008600000001,-9.847179483977987,-42.97428524910437,174.5829606065731,0.6315845617096292,-0.480956480189236,-1.1666526387022735,0.1239696190666876,-0.5685182842762802,0.1437518222957211,,
29.13960400000002,-10.404067799429246,-40.44878645019903,175.63868479884795,0.8949128301464486,-0.5430551822329741,-1.3070364806135395,0.0400583578205299,-0.5109267309047621,0.1271315618690177,,
29.14910500000002,-10.475754964619124,-38.13166177025063,176.01638832271266,1.2860701369309622,-0.4846974160125633,-1.6214434675635068,-0.022779307928954,-0.4635410261620964,0.071411139868653,,
29.15862300000001,-10.186915816831988,-36.29875093931896,175.97913401403588,1.8700471364883915,-0.4938148024476536,-1.62695457734984,-0.0717987895552558,-0.3628515827295823,0.0424575205946275,,
29.168127000000027,-9.672123067905432,-34.96595125817554,175.7003764126259,2.376171217383249,-0.4813672805258078,-1.5453260981580417,-0.1032824019045388,-0.2599443869903731,0.0363550881668942,,
29.177637000000004,-8.955748721488384,-34.08790167553678,175.3474240634902,2.7967846501071656,-0.4284882230121861,-1.523579814415251,-0.1318298388419918,-0.1658174183019684,0.0515462241236634,,
29.187152000000022,-8.037594763417232,-33.87448007310143,174.9258062818831,2.953859766583985,-0.4163977309739476,-1.3900813932212457,-0.1555946885169758,-0.0292505685820826,0.0779961773334404,,
29.196664000000027,-7.093529184212359,-34.420299040812495,174.3409767528739,2.646790309913673,-0.3144187136039947,-1.320579294936962,-0.1450735005466299,0.123978133315871,0.0741152466786645,,
29.206182000000013,-6.128473476277788,-35.6508203457118,173.5966555760121,2.1428676190831286,-0.3716863139326791,-1.161293990973674,-0.1304645263518953,0.2621386339634569,0.0486768047658063,,
29.215690000000023,-5.443911252859371,-37.593357742232975,172.5565156538302,1.458761374949753,-0.2894147705722615,-1.0168569139714985,-0.0607760022616971,0.3996161824691751,-0.0376271943997743,,
29.22518200000001,-4.903487080629552,-40.27562531093145,171.19969562057906,0.6312101587271571,0.0407498999527641,-0.961195306473619,-0.0053624705296794,0.5436061377383783,-0.1155347736377879,,
29.234882,-4.0693516985416345,-43.62790638042552,169.6458740115701,0.1970328222094108,0.0463548358555436,-0.5554341911627503,-0.0083386356428161,0.6825808923470891,-0.1162604453792212,,
29.244391000000007,-3.3032880993521627,-47.57602904876577,168.01513650698513,-0.2657833962586395,0.2421735867703321,-0.3369305707487084,0.0506270557351709,0.7961974701942063,-0.1367009007386508,,
29.25391300000001,-2.569746563236041,-51.90351369851121,166.52042417408106,-0.6037618421228502,0.4316204281267927,0.0159631447923035,0.1014379301059147,0.8657934782324241,-0.1061118371249369,,
29.26341000000002,-1.9832680887193,-56.19850128196456,165.44603499980238,-0.8028144844732481,0.4452786554228226,0.5054636298961073,0.1442681371936987,0.8506626515726572,-0.0430520462426689,,
29.272932000000026,-1.9993218156601444,-60.086951824208185,165.04837992878436,-1.1316152551834493,0.5433740799116551,1.0121113577249206,0.2020552575379561,0.752010566034313,-0.0176047064513472,,
29.28242600000001,-2.752940111459885,-63.14963925066931,165.47036849035737,-1.3301850951954586,0.5655557315973154,1.7899919810948743,0.2267636517152075,0.5743707582238979,0.0051748870747986,,
29.291946000000024,-4.195948511376575,-64.91782168185456,166.63013097240457,-1.3928436549445893,0.5270413669455271,2.372885003161088,0.2087263948640151,0.3127524533850164,0.0170671609506679,,
29.301447000000024,-5.919236305777749,-65.66775361025155,168.1416404133811,-1.513475812820993,0.5154360852896103,2.5414248822022114,0.1736811438791484,0.1148114722163631,0.0233506513772938,,
29.31095400000001,-7.330767059491028,-65.84084378525998,169.486659386365,-1.3828348264006434,0.3927707809917788,2.723072816895441,0.1205628782509777,0.0113952526763121,0.0307742335749065,,
29.320480000000003,-7.970187721296978,-65.28109539799837,170.07570862191957,-1.185164157450293,0.3107517862665157,2.290582646386836,0.0321775600494954,-0.1197334430631772,0.0114771567133769,,
29.339488000000017,-7.268786985270372,-63.59311530854,169.29945565182194,-0.4580100439119054,0.094453554902462,0.8046900514284893,-0.0760614180900854,-0.147377228092701,-0.0410767149545673,,
29.349005000000005,-6.675346238388499,-62.59787396581554,168.49837934429263,0.0983881621181262,-0.0474875500425262,0.2954503398073715,-0.0910062064639169,-0.1852905162474455,-0.0689465890096057,,
29.358514000000014,-6.310010064976144,-61.00820933836028,167.8563855367848,0.4977708344664537,-0.1399711400893298,-0.3319138579645521,-0.0987680563668931,-0.3046106225404256,-0.0848652117896534,,
29.36785800000001,-6.374506273191117,-59.08132949817275,167.67166152855634,0.7389392624536129,-0.2002506573010318,-0.617163941171704,-0.0751104101187231,-0.3785505222105464,-0.0702387397179963,,
29.377363000000003,-6.903876180047828,-56.91047310847985,168.03422061101838,0.7907779540872415,-0.2733956632963394,-0.5187209061378133,-0.0362526576931928,-0.4368331316352796,-0.0332678450856078,,
29.387074000000013,-7.777321494839014,-54.31978729802941,168.83871427651616,0.6623512605853609,-0.2450655879589501,-0.4603351053060469,-0.0069982105419363,-0.528041418696301,0.0067928696431053,,
29.396578000000005,-8.66747618992796,-51.56426916803174,169.9205327423945,0.5460281399999204,-0.2207549125174005,-0.519075115979471,0.0040396559075356,-0.5621074168871264,0.0676216273158512,,
29.40607,-9.301562780733455,-49.04389721945745,171.03073065102032,0.5689645282398453,-0.3078272787989584,-0.5581662634722708,-0.0035380332353873,-0.5111398404315897,0.1245258911193234,,
29.41539400000002,-9.610032160000545,-46.77636865388752,171.81531574819286,0.6794489143265589,-0.3382414239071646,-0.825672287828159,-0.0270421674709804,-0.4551291149480728,0.1242330646053198,,
29.424919000000017,-9.446349598948496,-44.72436186521984,172.08489640167443,1.0299626398618364,-0.3747827525572829,-1.2698716079620989,-0.0804465937361986,-0.4035895607210288,0.0921015518728943,,
29.43440200000001,-8.780568207502535,-43.00067467489697,171.75912616370567,1.5920746750035328,-0.4824130177757391,-1.5864581690212043,-0.14391092819928,-0.3281022706887089,0.0444114459992233,,
29.44393200000001,-7.72728187499122,-41.59119631226889,170.8226067571401,2.20937109896169,-0.567545055216473,-1.6882071038786624,-0.1972753925669181,-0.2550786745497192,-0.0144235211557361,,
29.45343600000001,-6.33597236027813,-40.39996586537413,169.42485991771497,2.7016453020016105,-0.6398125875724714,-1.629043245143048,-0.2484335563064942,-0.1984341968653706,-0.0525727546112932,,
29.462964,-4.794689787017904,-39.52365137833066,167.78815888160958,2.8482062749456367,-0.6788096732719497,-1.4726927630598692,-0.2668185294335163,-0.1246576327524348,-0.0764484756826284,,
29.472467000000023,-3.424416873726121,-39.17712337494388,166.1224963709757,2.5279505796207844,-0.5829490032953394,-1.2865842564022074,-0.2223858926277378,-0.0191695235872481,-0.103851766103512,,
29.481987000000004,-2.3974197843751885,-39.528722856762585,164.5656753000079,1.9063964047562465,-0.4315343338707851,-1.07749629913808,-0.135705300668545,0.1087239870342634,-0.1163472252002113,,
29.49149300000002,-1.7712148036821056,-40.75505795672782,163.17896205377,1.1441374480302042,-0.245033731904689,-0.8949607896854702,-0.0229227542665057,0.2625960744498444,-0.114656833540279,,
29.50119100000001,-1.4657027942675285,-42.95930677529324,162.06976109379232,0.4886703740407085,-0.0757871567513088,-0.6457753384912186,0.0898437507659709,0.4345251641183653,-0.1013231044030701,,
29.510696000000024,-1.3635942955075095,-46.08753580312937,161.12335708428017,0.0445508549529686,-0.0097316151954479,-0.3623578386291572,0.1862922112658826,0.5982256971270908,-0.0845017116583228,,
29.520215000000007,-1.4209239277394017,-49.99950680809879,160.27645865829282,-0.2898972227055509,0.113448031020972,-0.1909336702291887,0.2692863333645299,0.7356379360661246,-0.0804911903539691,,
29.529698000000025,-1.5163422803025404,-54.43656954343464,159.50347194601852,-0.5826051157726316,0.2307427687877891,0.0880462129991477,0.3200380097722027,0.8289450384037473,-0.0716432712419856,,
29.539221000000023,-1.5076005475752658,-58.82407331299336,158.83327874127383,-0.7501731029429177,0.344138343889757,0.5939030768076273,0.3149369812426716,0.8202277125164809,-0.0382510130670744,,
29.548723000000024,-1.494360255338423,-62.4591557013681,158.40588581045182,-0.9478969375135466,0.4793360831794705,1.2764021113319548,0.2666750268346012,0.6773698109110787,0.0012579692998637,,
29.558227000000016,-1.7212761770876102,-64.73899240846444,158.51203052448756,-0.939604755841824,0.5051028624387439,1.9799714746629904,0.1876659341598747,0.4167226322583184,0.0486717648637789,,
29.567745,-2.5264587219229218,-65.64840179848854,159.43660471645148,-1.0719206046716938,0.5324826229518345,2.158151979415135,0.1286990213088692,0.1455404955434543,0.0757122710179899,,
29.577246,-3.8847012066397646,-65.79315121776617,161.01715175733585,-1.5388449974439624,0.7506088290863011,2.204701127762136,0.1149987138192632,-0.0106287595995187,0.0868144986625705,,
29.58676300000002,-5.275968066306975,-65.25731917845631,162.85413441409935,-1.376402570726552,0.6101081573092693,2.2554577464473504,0.0763513800136106,-0.1378248410974702,0.1242302878131123,,
29.596273000000025,-6.256436574103836,-64.18246508091323,164.3651229451038,-1.0356516957073585,0.4230912295575588,1.6582871034464262,0.0195635292913891,-0.2301716851283345,0.1344404509549659,,
29.605777000000018,-6.6532140861841125,-63.19570074948543,165.2152284470401,-0.674414260477873,0.302862424621126,0.9272340740017706,-0.0180023301241824,-0.1999173014441667,0.1128123228510477,,
29.615291000000013,-6.385031175780108,-62.35499164523669,165.32281479076988,-0.1195341917314991,0.1231151363430626,0.3787654257600066,-0.0666659184385285,-0.1565456659277111,0.0825010947183123,,
29.624818000000005,-5.464928357693232,-61.17137724903616,164.66110082756538,0.4121151682627796,-0.0723858256912592,-0.2050954936218404,-0.1456656331266183,-0.2063032739474077,0.0412280858258961,,
29.63414600000001,-4.242940696329651,-59.54341091398064,163.4910373666379,0.7322163141534405,-0.1239038301608823,-0.7369400218578955,-0.2058685905689942,-0.2802475572799727,-0.0160690232918878,,
29.64366000000001,-3.0078624030293164,-57.65183078173879,162.22019652272812,0.9393728103545834,-0.1703964267219502,-0.7555254831023764,-0.2348476719284341,-0.323919709610072,-0.0381450607302978,,
29.653183000000013,-2.1282058226200915,-55.34997643396041,161.24722081355517,0.9448463348560237,-0.1633945974640263,-0.5719986098570865,-0.2369105407411662,-0.4071684099520758,-0.0406077563282193,,
29.66286200000002,-1.823152435426881,-52.693598022469466,161.03846234384775,0.7798312639819162,-0.070472820096866,-0.5295403790746527,-0.2053946007431636,-0.4919894042178968,-0.0151457286470764,,
29.672364000000016,-1.989454236075548,-50.12556051025585,161.49930137598847,0.6517106910274777,-0.0689629363995142,-0.5179482780235938,-0.1450811016165857,-0.493782269238446,0.0482471601102308,,
29.681703,-2.514214748483857,-47.87440709652366,162.46775677912115,0.658578619767424,-0.1296254528243134,-0.6198522557406826,-0.0736880170340682,-0.4500201745847965,0.1052224901655805,,
29.691221000000013,-3.1926770411854584,-45.95029760393401,163.62330956470075,0.9263277458067376,-0.3077828937448057,-0.9271413381646124,-0.0237314077095367,-0.3955839867343905,0.1401829998078591,,
29.700703000000004,-3.863374825098599,-44.510623138190965,164.6754012336037,1.4494402645847126,-0.5697893853253009,-1.2848803837992504,0.012032373428321,-0.3031508549046672,0.130743196468496,,
29.710222000000016,-4.414017213280072,-43.66429404432342,165.3070526231589,2.045707230361625,-0.840477619789862,-1.4931618020215258,0.0323844096181554,-0.1842298013722041,0.0765698936760035,,
29.71972700000001,-4.750735260365467,-43.29426056177024,165.30290960302187,2.485136699522501,-1.0567384702276474,-1.6123276612668869,0.0283753771936986,-0.0841311431704844,-0.0064990617548583,,
29.72924700000001,-4.829366513521495,-43.34877879467508,164.6224508109425,2.537807862725652,-1.066383943674104,-1.708704051983254,0.0139148821354433,0.0075397938546251,-0.0977602623500132,,
29.73876300000001,-4.475063864513179,-43.88985967451954,163.3353281694577,2.2215811961420022,-0.9954369241951848,-1.593390080795036,-0.0191349458855655,0.1183602695125584,-0.147352949688018,,
29.748275000000007,-3.7936484722130137,-44.93546543309696,161.59868809151232,1.6119681611515686,-0.788462638591859,-1.3128019757581677,-0.0290974227380883,0.2290960043335251,-0.1769263213349338,,
29.75779700000001,-2.938135865631328,-46.5440657966293,159.71959383339643,0.8512383316823637,-0.4089804903268659,-0.9989292373206868,-0.0049314932833288,0.3435304376656007,-0.174101789091122,,
29.767461000000026,-2.036161127163868,-48.86660467514298,158.02573132032305,0.2697700368625108,-0.1604090861094411,-0.5114341634878246,0.0559881167260244,0.4773999672275631,-0.1227016373922734,,
29.776994,-1.4669212528325577,-51.95125201121767,156.7532554829068,-0.174419969414984,0.0810563496766863,-0.1112961443919481,0.1728001112110511,0.5974443746388531,-0.0755188065962333,,
29.786489000000017,-1.413535828469168,-55.6919904614516,156.15141489470287,-0.4580337691411272,0.2633955304321614,0.1514661350236292,0.2961311020497794,0.6880840968437612,-0.0235710517212984,,
29.795999000000023,-1.9279624960056627,-59.84239572029845,156.33320280718473,-0.5527129436862965,0.2891735505081907,0.4599470918857325,0.3876479744310006,0.7372415559601969,0.0277148490164099,,
29.80550500000001,-3.091028552437617,-63.90714651030092,157.24800559727703,-0.6980858193693602,0.3806563692201349,0.8341788733467261,0.4238469358334179,0.7035554930729921,0.0480791609650515,,
29.815011000000027,-4.582004775102073,-67.10822928477002,158.6750047836341,-0.6962730819581623,0.3481705329007951,1.4833078131241613,0.3565997934774171,0.5469063828509332,0.0706021030337365,,
29.824523,-5.793358613183021,-68.78467982138147,159.92488973953692,-0.7894870302459231,0.384761089409617,1.934924297734772,0.2043521765673947,0.2815518635778592,0.0662891624647805,,
29.834034000000003,-5.867706054557511,-68.99954595027147,160.16286927846127,-1.180814345742703,0.6617800587918656,2.0374072454099235,0.0197663626867125,0.0386077662172191,0.0611903392764817,,
29.843547,-4.580268843275271,-68.26691729928511,159.30931460821608,-1.058220837945609,0.6462873926079796,2.2421296880020325,-0.1389574353771044,-0.1050737086991279,0.0787253091664294,,
29.85305400000001,-2.61048034598075,-67.04647588019414,157.82840234892916,-0.9316407789069024,0.8008334629844915,2.261336173535176,-0.2288438695583714,-0.1727343814499316,0.0683627640415197,,
29.862563000000023,-0.5999718416412811,-65.54405062100324,156.56357457036145,-0.8512795502011368,0.8831552505514423,1.7624138036916184,-0.2656571226561366,-0.2147782332005511,0.102608771950886,,
29.87208000000001,0.7693409688002321,-64.15262355212558,155.91389355272491,-0.3487927411632566,0.597676155213871,1.1483871257907643,-0.2189218797903613,-0.2080822258252634,0.1181188991638871,,
29.881586,0.9623861386804372,-63.078031080180445,156.09887910303718,0.0930524183767103,0.5168246414774078,0.5191025002921547,-0.1032097654741171,-0.1896279216207942,0.0716385611040567,,
29.891119000000003,0.2053641179776562,-61.77165742155752,157.15882052005338,0.655581812944776,0.186167176494137,-0.10525009895081,-0.0393844888967161,-0.267980339768485,0.0777915613702273,,
29.90044500000002,-1.2523045215036854,-59.968348984994485,158.69212677929968,0.9732371666413622,-0.0867631130495881,-0.7905222193194724,-0.0040614607619634,-0.3880243169560742,0.0519302377230087,,
29.90995900000001,-2.893701911961567,-57.9209153631384,160.16235208200592,1.085868076751488,-0.2070775992095238,-1.0308109530986291,0.0146542481315315,-0.443400889988232,0.0126984141047123,,
29.91945100000001,-4.188756501431406,-55.48140700739422,161.19426794245967,1.1160255924787712,-0.41748041296478,-0.8780220597446671,-0.0272866594585474,-0.5080791979062228,-0.010225317732408,,
29.92899700000001,-5.083536058292908,-52.58266504616282,161.6091049053145,0.9321738512869486,-0.4265333277327739,-0.8787418590743792,-0.0853851124891776,-0.5837036682254556,-0.0620081346689989,,
29.93850600000001,-5.595747979367934,-49.74851063607112,161.5319873483626,0.7435426569874035,-0.4330679804850314,-0.8536708158334001,-0.1183916322218523,-0.5587501808947671,-0.0953478937847583,,
29.94799500000002,-5.973755641742942,-47.31139474011085,161.13214654265556,0.7116895198782975,-0.5564410902078823,-0.7214283363258583,-0.1089738901826597,-0.4783237816905428,-0.1240843843625933,,
29.957520000000017,-6.587356798405773,-45.24732294448397,160.6487765056896,0.7560919602147278,-0.4874061687107645,-0.9995661782728829,-0.0554318085269957,-0.4182862979598044,-0.1652732267291499,,
29.96699800000001,-7.207621351688078,-43.74746101398537,160.32867140429272,1.1497034668537105,-0.6610011896162626,-1.290475661597188,-0.0172075081078301,-0.3126482633159947,-0.1214250848925311,,
29.976518,-7.891792439530104,-42.99790216150127,160.2725057693306,1.6932317908172778,-1.0722474226024228,-1.384896234630904,0.0428090789583985,-0.1749573226620555,-0.0595068485559715,,
29.98602500000001,-8.725534042417825,-42.858904664269936,160.43161099414033,2.010138263645332,-1.1411816035695992,-1.7155650935226632,0.1055804224301388,-0.0675836681858544,-0.0221554818624636,,
