timestamp,roll,pitch,yaw,acc_x,acc_y,acc_z,gyro_x,gyro_y,gyro_z,acc_mag,gyro_mag,motor_input,markers
0.0015292167663574219,44.90030045028427,-13.472841257610472,-166.0987794840649,-0.032065984058865085,0.08128074866731944,-0.04841531418435225,0.048898213393677455,-0.13928902670993956,-0.008461268739362765,0.09989409434572637,0.14786501041008854,0.28978125680288425,nm
0.006442546844482422,44.573972149532324,-12.760200651186524,-166.07388731610195,-0.030342028281769233,0.08120870542398749,-0.04374048803550862,0.06837971857192567,-0.13165672766776818,-0.019966439749617152,0.09710161075119264,0.1496928140173593,0.28978125680288425,nm
0.02519512176513672,43.66594771842171,-11.370034351362579,-166.1280258606801,-0.031775126592711304,0.09067022178759025,-0.045302308193147116,0.09369867896347081,-0.11927022350539329,-0.028418088389374357,0.10622168760013428,0.15431272274907318,0.2193140682824516,nm
0.044530630111694336,43.042278745989876,-10.64972936324791,-166.18341485227907,-0.023580611608184053,0.10654459890691316,0.013539906795008081,0.11997482604820942,-0.11069516387114467,-0.035771512063530034,0.10995965567456335,0.16711367168807273,0.2193140682824516,nm
0.04633593559265137,42.391016600218286,-9.936094530618428,-166.24704782075625,-0.033177455500234626,0.053274745737066344,-0.11166369688822407,0.14913103180209714,-0.10517166996995148,-0.04162697512889646,0.1280926355789602,0.187173582187787,0.2193140682824516,nm
0.05537080764770508,41.715420645877444,-9.199457861365898,-166.30975946323798,-0.013475643302491765,0.033689313290181766,-0.031610356541846144,0.14400005515309,-0.10845208531090313,-0.04047032756390005,0.048122525215148926,0.18475854000696623,0.2193140682824516,nm
0.07883906364440918,40.09217097223298,-7.66636235149924,-166.52393606408572,-0.009196633229085925,0.025427796413425234,-0.022418910840762675,0.18628287330302973,-0.10576863358021575,-0.0567332056031022,0.035124897956848145,0.22160092362953374,-0.2,nm
0.08718466758728027,39.22106102150329,-6.880818449326108,-166.65734236435168,-0.004639768743200043,0.053116605102855964,0.06416823942362022,0.18670803266742883,-0.10930442660903578,-0.05919667604036031,0.08342939615249632,0.22430246006920906,-0.2,nm
0.09500908851623535,38.20494584539669,-6.09277328338265,-166.8225645805571,-0.0037750092672119906,0.03922512639893815,0.04933823968966061,0.2193699561229694,-0.10525195032729212,-0.06646767319575485,0.06314367055892944,0.2522282741429873,-0.2,nm
0.1041860580444336,36.99198027509917,-5.338778097474133,-167.0831876074672,-0.011570418000492069,0.038019921422919774,-0.02973583481632002,0.2518202415093049,-0.09554045535184949,-0.07492247697403513,0.04963475465774536,0.27956178243559726,-0.2,nm
0.12997913360595703,33.94323663841889,-3.8688763078411066,-167.61781159525765,-0.03745937311874138,0.1530746698278115,-0.05565741500886024,0.30385872426233723,-0.07762770981622208,-0.07917202352497829,0.16713110728649858,0.32345694450836326,-0.2,nm
0.13880109786987305,32.33943320936072,-3.137755071765259,-167.8872996459862,-0.036205454733875146,0.20601557584904828,0.14283259367577436,0.33575290491353393,-0.0696306364083947,-0.0784354035031818,0.25328719324326393,0.3517535375902019,-0.2,nm
0.14094066619873047,30.047953181532687,-2.366122146236269,-168.18808669938036,-0.04234624411571251,0.21060222622578142,0.040189416262001114,0.4266768544926054,-0.05529379892978901,-0.08338978378445211,0.21854448348435412,0.43825152412673885,-0.2,nm
0.14538812637329102,27.483872135134664,-1.5746610561031609,-168.517616333776,-0.04291639892204572,0.2078270885011558,-0.024955644470833916,0.4785028974095882,-0.050035576734132906,-0.08446056581411947,0.21367428530887397,0.4884692098240475,-0.2,nm
0.15680384635925293,24.794345003000863,-0.7709121526681266,-168.90416114688477,-0.0060139668989543935,0.17278991278150543,0.07150951185589353,0.515673717846647,-0.04676560071278692,-0.08641135268077593,0.18709925719459752,0.5249507848931484,-0.2,nm
0.19135522842407227,18.840360579607477,0.783484978996413,-169.76675237036085,-0.021763313262836224,0.11290547305937296,0.09936223801810325,0.6305078403101677,-0.03242402652476074,-0.0924188216581391,0.1519675688918637,0.6380695046664974,-0.2,nm
0.1991422176361084,15.623724356837775,1.5514950319464205,-170.2388788278019,-0.010610770029122588,0.02449937490979863,0.23272816440456282,0.6528730572918013,-0.030975048653574814,-0.0894914593151963,0.23425457587568918,0.6597055433047372,-0.2,nm
0.20598530769348145,12.200261759204423,2.2934815183205326,-170.74051844637577,0.00036373270666187525,-0.04546396034561087,0.17369268094561982,0.6923292824691497,-0.02411262287066631,-0.08500037152851453,0.17954456662863974,0.6979443510094026,-0.2,nm
0.20757317543029785,8.753266147735985,3.005604426515968,-171.25391104962395,0.009650309892381083,-0.10437392897860323,0.12060707517984225,0.6954567979535079,-0.023229704087155054,-0.07788676751803494,0.1597908386450413,0.7001900638584723,-0.2,nm
0.22012805938720703,5.360354373462484,3.70514426662335,-171.76995441630368,0.018445955543617217,-0.17585036353998668,0.10680860174746702,0.6837057091583842,-0.028267867390819695,-0.06999054341938306,0.20657124930713758,0.6878599023280355,-0.2,nm
0.2308516502380371,-0.8559358116355146,5.081858028029938,-172.92972775309144,0.027557540827855515,-0.21980325583489632,-0.0032965586223181274,0.630443099696605,-0.0425198783814616,-0.06073167335776623,0.22154854238033297,0.6347871912392941,-0.2,nm
0.254244327545166,-3.5892409579118416,5.764382947001651,-173.52324349634574,0.026885486476750157,-0.22421289959415858,-0.014092853927280078,0.5982217401053933,-0.05138253974923921,-0.06048978798434846,0.22625839710235598,0.6034636941657703,-0.2,nm
0.26150059700012207,-6.20181534187358,6.439383193089159,-174.12784446985748,0.02511642285657121,-0.1731603851618058,-0.06440263373235292,0.564593509308243,-0.05823633673954144,-0.06228015561051048,0.1864485261892907,0.5709957262998628,-0.2,nm
0.26604604721069336,-8.51373654964858,7.087274025304082,-174.76138364350192,0.025676466214791673,-0.1482760843234531,-0.09676628738991368,0.4987775298791597,-0.06516881908900149,-0.06614748421998046,0.1789100122262655,0.5073475031597608,-0.2,nm
0.2782166004180908,-12.649039932927222,8.245948446638286,-176.0686379835157,0.019108045426304607,-0.18893699807554273,-0.04215610239874706,0.4370137383255302,-0.06421589437111572,-0.0723278137948334,0.1945236325263977,0.44758909864235674,-0.2,nm
0.29241418838500977,-14.721744762112312,8.74586133194616,-176.78206783868913,0.027451784114347812,0.0542517913975357,-0.19795706564797558,0.4089286285232556,-0.06232725256316449,-0.07438093588720532,0.20708417892456052,0.4202854188066008,-0.2,nm
0.3063621520996094,-16.337759665812147,9.265122694436558,-177.45515769641133,0.03732772807263898,-0.08527015516959512,-0.02032776337632094,0.3377151185766056,-0.06794955757474617,-0.07937282167646363,0.09527631714962226,0.35350910668708124,-0.2,nm
0.3084733486175537,-18.151713324353867,9.783287092968553,-178.12327774524206,0.03185732142861091,-0.026164282772380205,-0.0037045095410850664,0.36029344087982157,-0.06988525274305198,-0.07573098598893133,0.04139060294969009,0.37474056936878003,-0.2,nm
0.3355545997619629,-19.97113048486671,10.239712179841076,-178.79575149962312,0.03192113940877113,0.052913642005507036,-0.02579847815014672,0.35443663926144237,-0.06920007021961616,-0.07316320501545519,0.06696546965641888,0.3684655147194635,-0.2,nm
0.34061741828918457,-23.43192053581925,11.078040415769266,179.79253194390935,0.026091315282726516,-0.01161542613322706,0.03220399007755564,0.3446972275094688,-0.06377842274487798,-0.0712007331231745,0.04304383619467942,0.35770575932995036,-0.2,nm
0.35253405570983887,-25.12446441483272,11.462595794966292,179.06730656729525,0.043597919002554726,-0.025122677080416312,-0.0027577858503499866,0.3317186512395319,-0.0584297183756269,-0.07428888559356812,0.05039377766983329,0.3449204750262929,-0.2,nm
0.3618330955505371,-26.752792733652175,11.802899293331437,178.32927987550065,0.040810545182338016,-0.06796851299905961,0.01079054853978517,0.32638701879001675,-0.05369516880080006,-0.07846535651235191,0.08001034492596847,0.3399536282491947,-0.2,nm
0.37784290313720703,-28.4809612746609,12.123968704861259,177.50835667746074,0.044938953158147804,-0.012203530592096837,-0.0404828900149915,0.3326274443180349,-0.05340703128977204,-0.08225124034661357,0.061703322875095994,0.34678320928685474,-0.2,nm
0.38314056396484375,-30.126923433740636,12.421192304202272,176.67359410180987,0.03274021690091069,-0.04566043977558419,-0.018175146507037995,0.3219620533411932,-0.05510680875913887,-0.08700278498296153,0.059051956053722085,0.33803225993695496,-0.2,nm
0.3854060173034668,-31.78874409120683,12.673178405850152,175.82138636281053,0.002569674307626387,-0.04125426914363164,-0.024765093629526454,0.324849050647434,-0.05676601918824205,-0.08611203250054508,0.04818534851074219,0.34082923698297063,-0.2,nm
0.4062016010284424,-35.10703826597559,13.087075608279921,174.09884654418735,0.0023040546233304604,-0.041955583784253916,-0.028414073767382343,0.3180429518448355,-0.058860522525262186,-0.07947404670427433,0.050724148750305176,0.33306456495652076,-0.2,nm
0.42122817039489746,-36.76448945622384,13.246022759574544,173.26212751565748,0.001996058573031391,-0.03838792392440695,-0.02755456448403764,0.3225132055159678,-0.0572921772215407,-0.0745062159075054,0.047295570373535156,0.3359290661908033,-0.2,nm
0.42888331413269043,-38.41384363951456,13.375976174499883,172.4438887193202,-0.009216561178772346,-0.05445697730072437,0.008308136184936723,0.32221641161210185,-0.05370381548580085,-0.07314344261017353,0.05585277525388616,0.3347498751407984,-0.2,nm
0.43198251724243164,-40.020077685270486,13.478364152877367,171.61766812711411,0.02148200845851931,-0.0666230742375817,0.03903962561391742,0.31573251898151466,-0.04625754194234844,-0.07553352417256776,0.0801511264821216,0.32792087003252557,-0.2,nm
0.44249439239501953,-41.59767831166439,13.54126535128833,170.77752770850748,0.05748554476221898,-0.03517581718276141,0.04457790776006212,0.3045240723994276,-0.034317087482694485,-0.079406127955723,0.08080294444727086,0.31657211867274,-0.2,nm
0.46771836280822754,-44.60076685762227,13.581196401762558,168.99348565208064,0.08836466842762064,-0.017186778182709465,0.02174699379285838,0.2813529366573165,-0.024753962994908937,-0.09556584277873084,0.09261010587215422,0.2981695221776672,-0.2,nm
0.482863187789917,-46.09862079272455,13.583699117119744,168.05827096302022,0.07161978705900011,0.020040998107364105,0.0527308671179993,0.2768837719169015,-0.030780001785417666,-0.10201476814160437,0.09116786632652972,0.29668003738004745,-0.2,nm
0.4858236312866211,-47.58172056701056,13.566948610211776,167.14138643665373,0.04207777170900525,0.029516114071799337,0.05125445943532313,0.2724252809573935,-0.03738634641065874,-0.10254899071937329,0.0725862209644628,0.29347839460548825,-0.2,nm
0.49379682540893555,-49.10003968111102,13.512117376578145,166.20725088696287,-0.0008797142341375917,0.038686840603215096,0.041937560274101116,0.2763367831498787,-0.04458796156990678,-0.09701080278099194,0.05706316232681274,0.29624516855941313,-0.2,nm
0.5106511116027832,-52.27149384817902,13.303025268413494,164.4670682189753,-0.02764298772696683,0.029594661416171203,0.019867765878634966,0.29861643665575993,-0.051468868057328095,-0.08234005777497165,0.045107725234368706,0.31400749311835185,-0.2,nm
0.5366125106811523,-55.537144156972786,12.874803978788725,162.94295464520513,0.028084099013426934,0.00868136315612873,0.03027138922863463,0.31320805394384593,-0.026971168140433953,-0.07225258065222917,0.042195256717740846,0.32256342690555845,-0.2,nm
0.5383486747741699,-57.14363716909712,12.589724621983722,162.1884075440569,0.061130451575882296,-0.01964048498264679,0.014340122023750363,0.31606846192650706,-0.014102620688420229,-0.07451751475278169,0.06578996777534485,0.3250400229814789,-0.2,nm
0.5532796382904053,-58.78559658241185,12.265161883398621,161.3545747032731,0.07123256224280604,-0.024035293349462368,0.016343636948202196,0.3281283785115775,-0.011860654512244788,-0.07910621200319978,0.07693430781364441,0.33773762107232164,-0.2,nm
0.558171272277832,-60.467737765901965,11.929102640091676,160.47268157498323,0.06678214035274509,-0.023684636676148816,0.014969656928694404,0.33663711315426326,-0.019452346036134036,-0.08489045989462944,0.07242172956466675,0.3477201890892552,-0.2,nm
0.58809494972229,-63.74386742107551,11.281939178189017,158.77255281284002,0.023455465603412176,-0.009110704575670902,0.0050197648717616675,0.3143908033854333,-0.03514362471796023,-0.08157656050275801,0.025658562779426575,0.32669769946406896,-0.2,nm
0.5965561866760254,-65.29855967267727,10.971099695836623,158.05220963716664,0.0,0.0,0.0,0.3030451397008183,-0.0431795256276287,-0.07707029172800355,0.0,0.31565908508508844,-0.2,nm
0.6036679744720459,-66.84512253188609,10.67121651450309,157.3050512889097,0.0,0.0,0.0,0.2989099445019303,-0.048917616324944,-0.07500367437275833,0.0,0.31203467640388344,-0.2,nm
0.6085512638092041,-68.36305188296515,10.343207598607963,156.58954399529551,0.00018148479822626619,-0.011035458332900736,-0.02493619167774938,0.29507841405850677,-0.04247849143072356,-0.0712805400130279,0.02726954221725464,0.30652342171857355,-0.2,nm
0.6117086410522461,-69.81746512005172,9.938155839886978,155.95473643872288,0.00026387280887896913,-0.013674835816825359,-0.033175949957575446,0.2930954230978922,-0.02623470777599469,-0.06784459446856089,0.035884737968444824,0.30198688039652943,-0.2,nm
0.6413497924804688,-72.63098640487488,8.90150030242837,154.69629430331656,0.040272859560460936,-0.01904008031595127,0.006977056228864157,0.2968476810601675,0.003917758972536727,-0.0728546850286717,0.04508998990058899,0.3056823510063883,-0.2,nm
0.6538310050964355,-73.99689090180043,8.299809528303674,154.08492928544203,0.03829766865493491,-0.018608799059603873,0.006211507032277877,0.29638867278065734,0.010863665566773555,-0.07263401393753682,0.04303000867366791,0.30535219757339976,-0.2,nm
0.6557197570800781,-75.32613280371598,7.694957865170664,153.4875989564521,0.029902703159557037,-0.014917019672202473,0.004515147524545573,0.2865657147681352,0.010104705883907886,-0.07344642153568283,0.033720552921295166,0.2960006601309695,-0.2,nm
0.6648106575012207,-76.59426564173927,7.136859883870568,152.90317601035878,0.022585505539747648,-0.011556007346303474,0.0031765996371534723,0.272784987285167,0.0013995861586888231,-0.07490785126049228,0.025568284094333652,0.28288653964098104,-0.2,nm
0.682513952255249,-79.1229970336978,6.157443299302363,151.80624444056636,-0.00010646005885815155,0.006244630952071115,0.02821691853491097,0.25831015837504384,-0.02236174289296887,-0.06926373901990883,0.028899848461151123,0.2683684985387993,-0.2,nm
0.697167158126831,-80.34627041805858,5.698065546280593,151.29729044599708,0.0,0.0,0.0,0.2523646707682794,-0.024101840427786188,-0.06666103958686796,0.0,0.26213073067229353,-0.2,nm
0.7056081295013428,-81.55438418447963,5.208531933523955,150.8152963722744,0.0,0.0,0.0,0.2542479191288549,-0.01837539552164454,-0.06334305836291491,0.0,0.2626632874702844,-0.2,nm
0.708242654800415,-82.77359856277064,4.648322852039824,150.3609861573037,0.0,0.0,0.0,0.2644979791551479,-0.008493262007801336,-0.05959205131433387,0.0,0.27126099803794207,-0.2,nm
0.722219705581665,-84.00616722919294,4.008724349237311,149.9242568339,0.0,0.0,0.0,0.2752369019555279,0.0026156614778029227,-0.05818497945378288,0.0,0.28133198488099515,-0.2,nm
0.7541337013244629,-86.41271672637406,2.597664606608772,149.10151816871561,0.0234759334219849,-0.014049211472306115,0.0012412349515001284,0.27537471455602913,0.01698913266286176,-0.0567920081649783,0.0273868665099144,0.2816827936471481,-0.2,nm
0.7611865997314453,-87.56968563021279,1.895749120805612,148.71147389049275,0.0,0.0,0.0,0.2695781909336217,0.011759597511184754,-0.057789280208116675,0.0,0.2759534201049907,-0.2,nm
0.7627873420715332,-88.7279288661629,1.249643148662654,148.31482980832084,0.0,0.0,0.0,0.2614793736447257,-0.00010664964823421018,-0.06164234373502924,0.0,0.2686470784448121,-0.2,nm
0.7642850875854492,-89.8809592983955,0.6679040582183589,147.92502119785397,0.0,0.0,0.0,0.2508386246692853,-0.011603407775903357,-0.06259484633813042,0.0,0.2587909764386824,-0.2,nm
0.7904582023620605,-92.08232012110817,-0.4058468967095037,147.2015393018311,0.0,0.0,0.0,0.23529773399443318,-0.01779011047980835,-0.05964029312968297,0.0,0.24338955651053176,-0.2,nm
0.7980544567108154,-93.15647835961511,-0.9637816215629098,146.86262863414768,0.0,0.0,0.0,0.23638101705107611,-0.011743937236786494,-0.058374930368983335,0.0,0.2437653334243948,-0.2,nm
0.8061606884002686,-94.20660638638226,-1.5777071857620049,146.55212918429572,0.00048198928218626903,0.0021002088901547655,-0.027426901427861944,0.23879344334696417,-0.00019032739532946644,-0.05462050452498092,0.027511417865753177,0.24496069955113342,-0.2,nm
0.8142378330230713,-95.22714536072677,-2.255873435950857,146.2704917155422,0.0,0.0,0.0,0.24153617272292618,0.011430734332396544,-0.05088167252160042,0.0,0.2471018596037117,-0.2,nm
0.8228533267974854,-96.21369502935565,-2.9720960984453124,146.00288587334248,0.0,0.0,0.0,0.24040347721966462,0.019674916238416842,-0.05010963897253961,0.0,0.24635728141512844,-0.2,nm
0.8423702716827393,-97.16557390997345,-3.686125137659851,145.74262660301022,0.0,0.0,0.0,0.2345505632017102,0.021453976241435253,-0.05056962388760645,0.0,0.24089733633841096,-0.2,nm
0.8603012561798096,-98.97815752804942,-4.991815457664322,145.2207691181685,0.0,0.0,0.0,0.21298042043338242,0.008885671860216467,-0.05493458229431212,0.0,0.22013046809616868,-0.2,nm
0.8808755874633789,-99.83788145097435,-5.556191056981299,144.94693112438458,0.0,0.0,0.0,0.2017850535901483,0.0018573655453565448,-0.05773146048134327,0.0,0.2098894451573423,-0.2,nm
0.8832564353942871,-100.67607111976375,-6.088417395716279,144.6792142577985,0.0,0.0,0.0,0.19404392370702223,-0.0010400927738037828,-0.05760862803467142,0.0,0.20241758852587863,-0.2,nm
0.885012149810791,-101.48839603273392,-6.625311171444796,144.42742727602518,0.0,0.0,0.0,0.19145139030242883,0.002054507562550394,-0.055314916132824035,0.0,0.19929273894660304,-0.2,nm
0.888211727142334,-102.2852666351031,-7.195951481478409,144.19547688086334,0.0006454929463126697,0.006250378021645256,-0.024815146426147634,0.1925696090170019,0.010396294549429972,-0.05243189732577515,0.025598347187042236,0.19985054694571172,-0.2,nm
0.9191927909851074,-103.79816402656219,-8.482154369189638,143.81369133347985,0.0,0.0,0.0,0.19699686366814376,0.03013930973297909,-0.04314612739008514,0.0,0.20390618086518889,-0.2,nm
0.929135799407959,-104.52077039338656,-9.171895571479938,143.65069179313744,0.0,0.0,0.0,0.1953472023739894,0.03514533926314358,-0.04139506162701665,0.0,0.20275422430709142,-0.2,nm
0.9376709461212158,-105.88658172228172,-10.485108791595794,143.316748481205,0.0,0.0,0.0,0.18052950018811195,0.03073530741963486,-0.04393211536757418,0.0,0.1883231008692742,-0.2,nm
0.9637360572814941,-107.15191270658775,-11.629611657210251,142.95608227863784,0.0,0.0,0.0,0.16192818727269906,0.02306262391243938,-0.04756072525543459,0.0,0.1703368575557617,0.2,nm
0.9766316413879395,-107.75459632196316,-12.17334683140382,142.7805467672486,0.0,0.0,0.0,0.15642510964194012,0.024824160350898593,-0.046271804630717436,0.0,0.16500343562303,0.2,nm
0.9791314601898193,-108.33422229318974,-12.737004269946366,142.62359213411634,0.0,0.0,0.0,0.15465169786417218,0.031117954161121064,-0.04264230838361689,0.0,0.16341309980453927,0.2,nm
0.9858677387237549,-108.88906971484182,-13.341505666921883,142.49693506004965,0.02988434313999174,0.03316950714741784,0.014817928980958144,0.150681605940514,0.04324923788165349,-0.03653669804041383,0.047041058540344245,0.16096699428719097,0.2,nm
1.0040762424468994,-109.83158708147843,-14.667395544957902,142.3246115455715,0.08364467892166234,0.1015242216011294,0.015868253900304385,0.13343513946700097,0.0714879021129136,-0.022832096582157634,0.13249679756683833,0.15309069608379372,0.2590947263118778,nm
1.0245895385742188,-110.00600681105517,-15.355523111481915,142.26843743696352,0.06474460271445714,0.11825788675590594,-0.07706829305249556,0.08160418561382243,0.107553699823895,-0.006167645573229731,0.15529427920773803,0.13514836775714562,0.2590947263118778,nm
1.0274286270141602,-109.70185798848037,-15.995493731456193,142.1584494756255,0.05140922652121274,0.1603990248990276,-0.2016435046454426,0.030384955906909573,0.1395639709212786,0.008398635930107489,0.2627372427459892,0.14307999374569047,0.2590947263118778,nm
1.0357022285461426,-109.10478941078159,-16.59624755288472,142.03320089138325,0.0646476989762612,0.2129944764604353,-0.26865064021813273,-0.018226266778495242,0.16778904004367917,0.02245568943525214,0.3488827001661057,0.17026337465078256,0.2590947263118778,nm
1.07515287399292,-104.57174642565948,-18.205623565014733,141.5719924168985,0.043018690550690256,0.24063834412375668,-0.46984135510851444,-0.23633774186853082,0.32289095964819087,0.10491041652278077,0.5296303610722527,0.4136668895972087,0.3093252436769739,nm
1.0775208473205566,-102.05214264418257,-18.74556217907548,141.39789732282745,0.013695218427712808,0.21889496451493204,-0.4712300319631051,-0.307299575537697,0.38584867975786635,0.13889915713559128,0.5197694753654981,0.512450201141062,0.3093252436769739,nm
1.0802688598632812,-98.97813262836692,-19.310662884739127,141.22227766620728,-0.04410522488831016,0.19926416125718113,-0.4542839985532123,-0.38317935114366475,0.4557901725155593,0.1792732508820743,0.49802151375766013,0.6218601088560597,0.3093252436769739,nm
1.1041615009307861,-91.44530824084978,-20.527479552067128,140.83740323863992,-0.14022145849727316,0.04340144621027803,-0.3635664379437537,-0.49416543048093536,0.5674711649967306,0.24495013947545707,0.3920794533705579,0.791342888142808,0.3520211834373056,nm
1.1179487705230713,-87.06533370589288,-21.145857856600234,140.61356928497236,-0.22422720696485104,-0.01616048006179002,-0.2737857612074194,-0.5541747687709621,0.6202504316845907,0.28012346786559206,0.35425646712376574,0.877661341062893,0.3520211834373056,nm
1.125831127166748,-82.35216597828291,-21.743578018185275,140.37440401180265,-0.30926554575537035,-0.13428096762683275,-0.19702015138662152,-0.5990741641241566,0.6573903050293781,0.30968888524475424,0.3905041563294466,0.9417850460226124,0.3520211834373056,nm
1.1281466484069824,-77.47655064767963,-22.311188136589397,140.11436213200915,-0.23864052958580217,-0.08605323773330173,-0.05980422459582936,-0.6200076386089064,0.6731238261043776,0.3261007007902945,0.2606357752974151,0.9715177941029747,0.3520211834373056,nm
1.135378360748291,-72.32399445531722,-22.839657016150724,139.85296866178436,-0.31027440554617286,-0.19511355521769735,0.0040564297399182745,-0.6580291984875947,0.7013674298346446,0.35513210109570137,0.36654598727711546,1.025201203141963,0.3520211834373056,nm
1.1473455429077148,-67.16012028518827,-23.350322633111094,139.59536907510034,-0.2840471920200118,-0.1969318727022316,0.09846120422939511,-0.6555945228785091,0.7013923209440678,0.3647046650199669,0.3593877829291976,1.0270174579796258,0.3520211834373056,nm
1.1602675914764404,-62.0074421730088,-23.852675740321704,139.34260652251956,-0.2263559135595532,-0.16399325631978157,0.18669868976580176,-0.6489362042768182,0.7000917299329541,0.37241033406501023,0.3361356697555506,1.0246638885313237,0.3520211834373056,nm
1.1721301078796387,-56.85708139285378,-24.355283335018484,139.08901047013353,-0.24171830895736954,-0.21116369629715692,0.24793157837072705,-0.6424949242161643,0.7010264856898002,0.3795197542794454,0.40557109743235925,1.0238520914519131,0.3520211834373056,nm
1.2060561180114746,-46.90866308677678,-25.376174402845983,138.58107038331588,-0.14695341654377075,-0.1221013604660941,0.2770174788391447,-0.5993035293716676,0.6776435692290496,0.3761998343401365,0.33651557533634907,0.9797407017126364,0.38831273223358753,nm
1.217421054840088,-42.11280529644568,-25.873948079005952,138.33796292904464,-0.16674421836089867,-0.16804118762026135,0.29686468725975496,-0.5771266457796248,0.6604243791228958,0.37322046711165385,0.3796974027241259,0.9531678985780753,0.38831273223358753,nm
1.2203927040100098,-37.56948280278482,-26.352801086602764,138.10890306352988,-0.12973803414550525,-0.1301064992830653,0.2709878886299948,-0.5404862786414367,0.6278159559003378,0.36031101634518725,0.32740509226915976,0.9033838167592031,0.38831273223358753,nm
1.2221417427062988,-33.16156390688567,-26.796402277497478,137.90949951341526,-0.09362272522291537,-0.10116781264673531,0.23715313485981313,-0.5225699069662549,0.6066098104354577,0.35986556634168715,0.27430229741605733,0.8778143286718926,0.38831273223358753,nm
1.2236549854278564,-28.874653420487533,-27.20015912316663,137.74500895890878,-0.10906320121669771,-0.13715632669118305,0.22657323515952973,-0.508022284973416,0.5862538727588263,0.36088014422838416,0.2864298704774137,0.8555785901088411,0.38831273223358753,nm
1.2367045879364014,-24.728778906242727,-27.56059821097461,137.607135249911,-0.09308654237959227,-0.13269360134235494,0.1829340053084157,-0.49209639239319003,0.5628521601636126,0.35753418954984917,0.24441265619351815,0.8287292141009058,0.38831273223358753,nm
1.2398083209991455,-20.66002581599222,-27.887541372814688,137.49068628163383,-0.10358378518794739,-0.15351449093536845,0.17427469452627606,-0.48389066120050617,0.5484850295419516,0.35829173945701687,0.25429897489615444,0.8144685200741852,0.38831273223358753,nm
1.2638721466064453,-12.83512419904872,-28.467544547338125,137.2610077023192,-0.07325512186194295,-0.18646875910790617,0.23109024981959989,-0.45544140745110223,0.5124434317452263,0.34105997077157624,0.30584246690728795,0.7657330148443214,0.4191605487104272,nm
1.2723231315612793,-9.182548263043424,-28.7137458871629,137.12754268830486,-0.009151673254755681,-0.023156129138646314,0.1586630057014818,-0.4346189902719622,0.4864722801515752,0.32376209985249077,0.16060482190232,0.7282656406571621,0.4191605487104272,nm
1.2814819812774658,-5.4088538006085605,-28.934316436034194,137.0184768888075,-0.038105361705777635,-0.03859038695163856,0.12529639512520327,-0.45203551295724353,0.49722790205479506,0.3422772780725804,0.13652993513210354,0.754138864295632,0.4191605487104272,nm
1.291959524154663,-1.6814346416569688,-29.140968205396614,136.93967980895073,-0.04502418023839051,-0.17161418330841927,0.2915280391638895,-0.44667159151609337,0.48953221860977486,0.34565344828538236,0.3412729147434602,0.7474179620775137,0.4191605487104272,nm
1.2971444129943848,1.7257334710763017,-29.32166394134075,136.8903792141232,-0.04323490901866954,-0.03365829097253281,0.12270163548190181,-0.4083622679697563,0.4471932909451919,0.32186857085320825,0.13437942275131942,0.6858140843339985,0.4191605487104272,nm
1.3191182613372803,8.458883115095936,-29.638979252356897,136.9803492609752,0.01328815506391817,-0.13987435952662203,0.1847947722660829,-0.40217880512603,0.43236925307234475,0.3411756396576588,0.23214331645528566,0.6819763774433474,0.4453811927157409,nm
1.3328156471252441,11.58740972730275,-29.752318058182794,137.09531837960344,0.008439362355376994,-0.07987091978193768,0.10594161516592344,-0.38250618864039915,0.401423421660318,0.3303472470881462,0.13294439622542464,0.6454309037103808,0.4453811927157409,nm
1.3396902084350586,14.677812070829054,-29.821343697702964,137.25189762704053,0.0013122846805848766,-0.07289077141765743,0.08799753795917424,-0.38474906378982854,0.38906150684122315,0.3352824585014404,0.11427315229668075,0.6417281551961724,0.4453811927157409,nm
1.3485798835754395,17.695843534228214,-29.871642040941218,137.42793377649642,0.03718601026436421,-0.11136487633155022,0.1277273385811696,-0.3794179930357787,0.3763159533267956,0.332087644431127,0.17349123338299147,0.6291692250510731,0.4453811927157409,nm
1.3769655227661133,23.2897918626292,-29.849746163360155,137.84312065510565,0.025169796018268836,-0.025190692270517304,0.06197633566949545,-0.3594621284573622,0.32853262735557465,0.3139396547808396,0.07147835890454632,0.5794003934035312,0.4676687401202575,nm
1.3800370693206787,25.986587984437886,-29.79376288748525,138.10599230705785,0.036867269983038284,-0.04520623455727806,0.10065303261504104,-0.357800063131741,0.3184741645682019,0.3161199434214531,0.11633499995037776,0.573915061052831,0.4676687401202575,nm
1.3971447944641113,28.51406556398701,-29.73338775260466,138.4034654098958,0.029616721286318686,-0.021365447032096935,0.06361172322742498,-0.33860174912410324,0.2964413261794975,0.30542217931632565,0.07334905479006079,0.5438853849804158,0.4676687401202575,nm
1.399052619934082,30.956309256175174,-29.619087859237723,138.75393681565228,0.023385468144377215,-0.02134787845476568,0.05568445718110791,-0.33200896896994186,0.28227169549530245,0.3064650943355759,0.06405755854234355,0.5327552154605246,0.4676687401202575,nm
1.4038498401641846,33.31905316694085,-29.466407724936637,139.14313079134192,0.03973664306701521,-0.03355581717059072,0.09204602834393112,-0.3255334366338226,0.2701701329422148,0.30498757546028893,0.10572353097637843,0.5215183029250138,0.4676687401202575,nm
1.4358711242675781,37.736387073244146,-29.154738661249887,139.95679181572328,0.043157288876580595,-0.033473726694609886,0.04137473753858027,-0.31220013283492765,0.24065125334392765,0.29056848663045765,0.06851941964427653,0.48970602824640025,0.48661315541409667,nm
1.4451730251312256,39.83675319920645,-28.917894156450625,140.37416812800356,0.059093143233689485,-0.04604579756270969,0.06343610162692401,-0.30827767069381107,0.2231716264171948,0.28073620550149575,0.09816493284286815,0.4729201985171238,0.48661315541409667,nm
1.4540488719940186,41.83226065000632,-28.703551291586216,140.7711990345467,0.017485952476571084,-0.014275837193675802,-0.012360390132281482,-0.2981695170375709,0.20147936198461133,0.2650806079405673,0.025735914707183834,0.446952707679778,0.48661315541409667,nm
1.463871717453003,43.82833394578562,-28.43327297496673,141.18440286347968,0.019816973295267503,-0.013716212560306473,0.044396225605314116,-0.30740869306846447,0.1970685997194197,0.2665979557282811,0.05051605453301755,0.4521179133455484,0.48661315541409667,nm
1.4662911891937256,45.71237580435602,-28.12715024084728,141.6148323046804,0.036642994310730405,-0.00769051152571095,0.0626649734435553,-0.3007265229915439,0.17997249448913596,0.25743546158242675,0.07299830063956834,0.43485578906504485,0.48661315541409667,nm
1.468123435974121,47.485629339981635,-27.87099169885542,142.03800243526078,0.0,0.0,0.0,-0.2857774478824837,0.16048179305182417,0.2439643135491599,0.0,0.40858504855766203,0.48661315541409667,nm
1.5085504055023193,50.996848362604666,-27.25599219914569,142.9572935614645,0.031926269693246224,-0.013451434598556411,0.06519528338586868,-0.28459529006875783,0.1489278103077604,0.2434074379322228,0.07382853625156642,0.40301507745134496,0.5027159084138599,nm
1.5159187316894531,52.56099039672598,-26.98159805435494,143.40591655635004,-0.026628181663851353,-0.01813053595893377,-0.020762915558729243,-0.2623544198670889,0.12688548182367657,0.22468398123375014,0.03832590579986572,0.36798459009104106,0.5027159084138599,nm
1.5186314582824707,54.16921392636366,-26.670879626152654,143.87500390584214,0.0,0.0,0.0,-0.2744549860470048,0.12933385520096727,0.2311355528515187,0.0,0.38141372452913064,0.5027159084138599,nm
1.5202972888946533,55.69592636726647,-26.279487970930717,144.36554182848286,0.03242797512648896,-0.002441094845492289,0.05625533638573013,-0.27275310922087803,0.11569360550342263,0.2261281947760734,0.06497842247023644,0.37271065106423185,0.5027159084138599,nm
1.5241780281066895,57.07427826674029,-25.890625491180412,144.81575907058246,0.023265429273768127,-0.016402373409874382,-0.01381663349035083,-0.2523345766355611,0.09145242675900041,0.20308884159851937,0.031642019748687744,0.33657296758323696,0.5027159084138599,nm
1.5340266227722168,58.48956789587918,-25.52737714688778,145.2438118365295,-0.027770077801026086,0.00046106631027003096,-0.04832530118189367,-0.25861379480583774,0.08916836780713175,0.20021797764502464,0.055737999044980446,0.3389975387130819,0.5027159084138599,nm
1.547295331954956,59.891400195718035,-25.057331759336257,145.7244018829962,0.04167428192798079,-0.016953852625152057,0.02790346895595747,-0.2673494157504397,0.08292060351233466,0.2074202493343607,0.052941311589573256,0.3483887145458068,0.5027159084138599,nm
1.558678150177002,61.14162826879956,-24.592610454757416,146.19705306966978,0.0,0.0,0.0,-0.24556633949950155,0.060269380642548664,0.19096656153035269,0.0,0.3168650390323092,0.5027159084138599,nm
1.5739946365356445,63.58823808765687,-23.744458163775136,147.13907159399616,0.0,0.0,0.0,-0.24434033099242636,0.054459714048033736,0.19186965212690876,0.0,0.31540770632783066,0.5164032484636587,nm
1.5911736488342285,64.68967831264933,-23.247804149875424,147.67382893691538,0.002184805745790894,-0.016543937230957012,0.0248909771564585,-0.23123189429479243,0.03845042494958095,0.18588402488469152,0.02996724843978882,0.29916466172543515,0.5164032484636587,nm
1.5936310291290283,65.69048568214204,-22.78218842525468,148.15043563632648,-0.03425677345174809,-0.016024163355522418,-0.049150881493552116,-0.20872594015671783,0.020936128767023943,0.16467003017388965,0.062017009684134754,0.26668531721773675,0.5164032484636587,nm
1.602142095565796,66.70788497514461,-22.33411194437428,148.62017594546666,-0.027447143571706564,-0.008093549801396914,-0.04677941781980317,-0.21542242841106776,0.020221255050367943,0.16304495369153982,0.05483762549740172,0.27092319712902035,0.5164032484636587,nm
1.6100380420684814,67.67358205102471,-21.771544717165504,149.1548150450861,0.020661611961824932,-0.01233888768991394,-0.00961166930756545,-0.21866289338850647,0.00795845006940857,0.17025614115089957,0.025913983583450317,0.27724348770013635,0.5164032484636587,nm
1.6377544403076172,69.32440050758468,-20.660158892315756,150.10248231970348,0.0,0.0,0.0,-0.1927415002352926,-0.018559809182607728,0.13801090863496623,0.0,0.2377830173332299,0.5280374875059877,nm
1.6495304107666016,70.07019870366987,-20.112032296117683,150.58651535594294,0.0,0.0,0.0,-0.18704920092697508,-0.028045047565262063,0.13936028526332847,0.0,0.23493662415433228,0.5280374875059877,nm
1.6515083312988281,70.80765188441771,-19.509377176517564,151.10191748483592,-0.016946298707642044,-0.0237325781577181,-0.009504063076185268,-0.182762495217191,-0.0356321730142528,0.14354633420584387,0.030671477317810055,0.2351113172003152,0.5280374875059877,nm
1.682840347290039,72.01027012999407,-18.34678689115785,152.02190198741604,0.0,0.0,0.0,-0.1521458751054096,-0.05139795311703067,0.11408918650546579,0.0,0.19699355160433638,0.5379265906919672,nm
1.6909205913543701,73.16253850498886,-17.074631503606337,152.9990456692416,0.004965947200715143,-0.0161091471687775,0.03821611550110085,-0.16109840370121672,-0.061880151314627506,0.12328372892664377,0.04176884889602661,0.2120866016981261,0.5379265906919672,nm
1.70011568069458,73.67026301923376,-16.400462063954798,153.42217741313735,-0.025050616992774045,-0.041190048437899536,-0.013503769954082676,-0.1458715937907834,-0.07617303867698497,0.10383796504044493,0.050065010786056525,0.19458462601163903,0.5379265906919672,nm
1.705376148223877,74.13062091699877,-15.74617416485139,153.82243090647745,-0.019929959771964854,-0.033714472434790574,-0.010684157140691231,-0.143214271284475,-0.0846657121158978,0.09541525990739096,0.04059581458568573,0.1917881178040763,0.5379265906919672,nm
1.7265725135803223,74.9916999271922,-14.307484398732893,154.67908542468777,0.0,0.0,0.0,-0.14164461486848356,-0.09940784256314818,0.09435309664280839,0.0,0.1970980033647927,0.54633232840005,nm
1.7421584129333496,75.28237976828125,-13.588084107937874,155.05191002650227,0.0,0.0,0.0,-0.12169804233468488,-0.11005830721947177,0.0780651673919642,0.0,0.1817069477374098,0.54633232840005,nm
1.749446153640747,75.45340797052165,-12.869570668595234,155.41537661121487,-0.02489789951529147,0.011391066860110571,0.006255544088783513,-0.10743101262405136,-0.11778940852764302,0.06983264900657618,0.028085470199584957,0.17404702267489877,0.54633232840005,nm
1.753056526184082,75.58991764572902,-12.15340300993529,155.77851009544705,-0.030480250948079053,0.01371211149250191,0.007197766617285357,-0.09412637256263096,-0.12589040783806058,0.0677883482739241,0.03418882191181183,0.171182443489802,0.54633232840005,nm
1.7621674537658691,75.66104109616172,-11.378261976190764,156.13917473573403,0.003264622314744431,-0.013291438571090995,0.04155326171442257,-0.08645552762109465,-0.13127027092945553,0.06411620303990455,0.043749213218688965,0.1697566781554964,0.54633232840005,nm
1.7724199295043945,75.66312822522472,-10.60094248211759,156.43632576563334,-0.012482092917648074,-0.03649814505230126,0.01682766728133572,-0.06429467257068908,-0.1443726130625698,0.04853226581114941,0.042084291867571684,0.16532585142152054,0.54633232840005,nm
1.8126072883605957,75.72458375268221,-8.991154035115631,156.94780925201852,-0.019633830908814508,-0.04148073405334413,-0.01152434271092106,-0.07300444966046042,-0.1523251018686147,0.0419287785023866,0.04731753468513489,0.1740419742367132,0.5534772054519203,nm
1.815767526626587,75.53307414733176,-7.233153660074187,157.42047506450388,0.0012677805123819856,-0.02113182265454561,0.07315386132302319,-0.04264992953340586,-0.18009789838148058,0.026107973221685846,0.07615542411804199,0.1869114650212096,0.5534772054519203,nm
1.8191003799438477,75.30654213634806,-6.359595780126436,157.56274024760913,-0.05028465188155851,-0.046595859118905486,0.0157062250188508,-0.023227670982102235,-0.18850530519067335,0.011477370108617256,0.07033068893606254,0.19027744167108165,0.5534772054519203,nm
1.832442045211792,75.19643535519263,-5.519825702215404,157.67493505988847,-0.07998541949476012,-0.07810129273071806,-0.02296607833981824,-0.03310927024068614,-0.18039756389665354,0.008500518323118296,0.11412677167199962,0.18360763504680205,0.5534772054519203,nm
1.850632905960083,74.98994826093943,-3.822801136111009,157.8728222267246,-0.014010730904843302,-0.044939760857191924,0.05908944062325064,-0.03572848845181222,-0.17013901501280737,0.0021409704936974955,0.07554763185936535,0.17386314466048994,0.55955035094601,nm
1.8693995475769043,74.75474202969478,-2.9698707200303294,157.91490957376422,-0.003129760229576652,-0.015632402762105903,0.05738960798627693,-0.02506579104184185,-0.17229047121166427,-0.006537812381427369,0.05956286191940307,0.17422698798299113,0.55955035094601,nm
1.8712263107299805,74.46001590683284,-2.116159447852748,157.93936185356858,-0.0035339826951972823,-0.013668221678406487,0.05029306274370685,-0.014412892517443791,-0.17976215256963243,-0.010013308665119153,0.052236974239349365,0.18061680242327996,0.55955035094601,nm
1.8807706832885742,74.24359459893788,-1.2291091310619595,157.95976452317092,-0.03438120076290866,-0.0834688044243982,-0.025464021524672063,-0.013327434970836024,-0.186858060429908,-0.009437866185852933,0.09379512071609498,0.1875703297130734,0.55955035094601,nm
1.893711805343628,74.00605281799753,-0.3411381550506751,157.94046074228925,-0.005588463749473038,-0.01465810802684913,0.05471712771044862,-0.02372870038568367,-0.18635072088617297,-0.017002125315743122,0.05692148208618164,0.18862320817450356,0.55955035094601,nm
1.923386573791504,73.17866378366526,1.408979189176972,157.69899051497552,-0.031094429164777882,0.012753394800050706,-0.0008266373866020192,0.015546699408692003,-0.20254924983672332,-0.04150570712549154,0.03361838683485985,0.20734180040674546,0.5647125246159863,nm
1.9266622066497803,72.79240428931753,2.251729580484743,157.53701219734762,-0.056236739691686265,-0.0560108773454617,-0.023904328964585317,0.013918656334457033,-0.19720874690257245,-0.042713654524768094,0.08289273922006649,0.20226090856094966,0.5647125246159863,nm
1.9305994510650635,72.39155565160401,3.0695841633713394,157.3566679374409,-0.00962631227974091,-0.015274425285828968,0.056013406898194,0.010873841406905251,-0.1867897517133392,-0.04528788359650041,0.05885130167007446,0.19250881583118112,0.5647125246159863,nm
1.9355919361114502,71.90431006053471,3.84602870654744,157.12892983213845,-0.02368626668811149,-0.05309312332565672,0.017686172237350244,0.03505206480875713,-0.18609658997652467,-0.05266803221181102,0.06076775183025082,0.19655663220891942,0.5647125246159863,nm
1.9443349838256836,71.40816845625724,4.587483687616067,156.86336106900265,-0.02191455778408177,-0.04804307706934596,0.015885717251175834,0.0388293660275371,-0.17729940679260542,-0.058902005963886214,0.05514291531781105,0.19081992983354729,0.5647125246159863,nm
1.9558758735656738,70.97773308037812,5.3128505439426466,156.59582985741122,-0.03349893096325038,-0.0709424190952469,0.027566035041848472,0.03291670137709453,-0.16990618860214934,-0.059201498187155616,0.08315582655890497,0.18291101536665785,0.5647125246159863,nm
1.9878172874450684,70.07644740458711,6.772602905393043,155.99682915629134,-0.03682337880472628,-0.07259711814916456,0.0345865429516579,0.03830198588047864,-0.17228907935544688,-0.0679674021205445,0.08844507755385259,0.1891299466994893,0.5691003722354662,nm
1.993901252746582,69.52196641592748,7.468892587762518,155.6119144822265,-0.0158341730430101,-0.01663924876141491,0.05759477399876502,0.04354705375779731,-0.1752883053211065,-0.07667944208129629,0.06200599670410157,0.19621945038968186,0.5691003722354662,nm
1.996920108795166,68.95787285445462,8.156406618569761,155.20047450284582,-0.02699342446697994,-0.053723468886396016,0.01374561849925883,0.050563090622054066,-0.17860905100921834,-0.08042886882550093,0.06167493900742244,0.20230329254912596,0.5691003722354662,nm
2.00467848777771,68.38551794748366,8.791690216650014,154.74076118222172,-0.023945530980429394,-0.022840170425265323,0.07700635507967586,0.04673126047676122,-0.1710001857187266,-0.08868185542074575,0.08381551504135132,0.19821540228360648,0.5691003722354662,nm
2.0134520530700684,67.75935301235693,9.383697173690559,154.24346606351176,-0.0618185549878094,-0.04770525831200082,0.04496514017115012,0.06666602809053129,-0.17170574476049075,-0.0932990593449804,0.09010654383565445,0.20647502647967014,0.5691003722354662,nm
2.021400213241577,67.17596506551199,9.925422419774348,153.72922737584784,-0.07178704075251972,-0.092911645075702,-0.05323983345020521,0.0745330619099556,-0.1641604550499848,-0.0968814039571513,0.1289202578204168,0.204670072928604,0.5691003722354662,nm
2.0443761348724365,66.2275242169013,10.882137892416365,152.66798101533638,-0.030873927570526004,-0.025421553835702944,0.08195203475463712,0.04626567281967214,-0.1313701953689622,-0.10411725455746008,0.09118986129760742,0.173893770473008,0.572830042712024,nm
2.058091640472412,65.71507208441643,11.34606689816941,152.09558289956132,-0.04664440834212592,-0.07317880869829972,0.0347535631441617,0.05942664255479117,-0.1349240702980475,-0.10846134025873026,0.09348074145675443,0.1830297596617759,0.572830042712024,nm
2.065786600112915,65.1918348605368,11.795738839911063,151.47445908575313,-0.04231329470245786,-0.06267374193906637,0.034701218589780224,0.05887749015160838,-0.13323508492189565,-0.11702189135239935,0.0832020877672997,0.1868482532869661,0.572830042712024,nm
2.0682644844055176,64.71560855736762,12.242515711131647,150.83482325505378,-0.0477220862361104,-0.08765223492548503,-0.00480989647308557,0.05497337600035446,-0.13173205279381914,-0.12188912939789526,0.09991720025221372,0.18770286536845077,0.572830042712024,nm
2.095662832260132,63.77611976727994,13.022622914415322,149.43329546186888,-0.020912581441735835,-0.014562264013577042,0.04583544524306061,0.04948326293988683,-0.11583664564210128,-0.1367854435900538,0.05244314670562744,0.18594886222539656,0.5760002626170981,nm
2.103883743286133,63.09451090282913,13.32313711077553,148.66589116434295,0.016047373818226962,0.034946759985630904,0.018860298162978198,0.07320977965872447,-0.11774266935436373,-0.1363989278871734,0.04283112287521363,0.1944933817720807,0.5760002626170981,nm
2.110858201980591,62.346727328911335,13.560834459898407,147.88630199335557,0.03780313203086569,0.08066638097542599,0.045038090867577915,0.08014182153026224,-0.10636318067614153,-0.1351465677971012,0.09982270002365111,0.18973779947356406,0.5760002626170981,nm
2.1142466068267822,61.66320842154431,13.716836980975406,147.1473546390218,0.055442495375494054,0.11589629968049835,0.0667634764253513,0.06554381885121187,-0.08421237193021355,-0.12956537195333045,0.14478668570518494,0.1678538095639118,0.5760002626170981,nm
2.1480154991149902,61.31128850755764,14.077608848920208,146.29354778255563,0.16613280678840375,0.2905661830098777,0.09188504229621733,-0.0378064685353462,-0.023073114105877552,-0.07462785108205783,0.347090301215837,0.08678141399391213,0.5786949495364112,nm
2.15544056892395,61.773177451916524,14.308485345487497,146.24673802491662,0.16015521123066184,0.35248400553137726,0.0315945484515427,-0.10235091785292862,0.01408806312759722,-0.04590712725812043,0.38844932916873315,0.11305595181642304,0.5786949495364112,nm
2.157404661178589,62.7380716653808,14.588488467643481,146.44588951340955,0.22803813574008308,0.6770328273781342,0.1880652787920885,-0.18898149604626852,0.05953061268658041,-0.022227088033223902,0.7387444685319742,0.19937889340941317,0.5786949495364112,nm
2.1806704998016357,65.9567496770787,15.548211098398292,147.66144002088978,0.18625487384506698,0.7412313995044665,-0.007685059636900396,-0.36671362314752676,0.10499104434274943,0.03209224938111498,0.7643127146554703,0.38279487100078435,0.5809854334178273,nm
2.188436985015869,68.44646541288381,16.22469260356311,148.5270715950357,0.2114879493975849,0.8837277034308011,0.13244048197942734,-0.48118481952994085,0.13958019960763726,0.022813176827910887,0.9182822484500156,0.5015395335420241,0.5809854334178273,nm
2.1900272369384766,71.09164096636465,17.071530755956577,149.50878641924555,0.18447736746331633,0.7044496387658759,0.02109103601676206,-0.5250306464408359,0.11635634554551381,0.03075304731315793,0.7285094539289306,0.5386480564987071,0.5809854334178273,nm
2.2024896144866943,73.87608133756633,18.052025687561656,150.54505855504044,0.1566003552413584,0.47757067667004477,-0.0813680164338182,-0.5613470148020444,0.09531295764778061,0.02519691429893295,0.5091347332241026,0.5699385189763209,0.5809854334178273,nm
2.211634635925293,76.84455634146696,19.113557676416345,151.60670632738234,0.19954089526623975,0.3811231676623633,0.01643415591122027,-0.5988215448938017,0.08554752466563686,0.009133064333053968,0.4305130884109804,0.6049702756909043,0.5809854334178273,nm
2.2179675102233887,79.73710611308735,20.242502042164094,152.75934256165525,0.2188978274469953,0.24459732921802255,0.04375847266697327,-0.5907874164943229,0.05293891356881757,0.021810969051446073,0.33114787671333556,0.5935554046833762,0.5809854334178273,nm
2.252490997314453,85.47393449873975,22.50054894623282,155.59119102567752,0.19110200284181425,0.029863827516216156,0.07606852200165079,-0.5875984304194145,0.02729145907982262,0.06776455982241987,0.20784187192090703,0.5921222633358684,0.46683761840515314,nm
2.2596042156219482,88.21994462173595,23.535160574612895,157.1704006645303,0.10968590608292968,0.14793142810759827,0.10215695561832303,-0.5496619216460658,0.009212711785851433,0.08765919217800512,0.2105961751703739,0.5566841439626202,0.46683761840515314,nm
2.261134147644043,90.84000748654682,24.510717508140175,158.82896690395464,-0.020411352954328832,-0.05176545426647312,0.000742317998283858,-0.5204115350311719,-0.005983676923065645,0.10515586836105065,0.05564922839403152,0.5309630183297015,0.46683761840515314,nm
2.2661712169647217,93.61092485333361,25.436477224312565,160.49548840303655,-0.1051380859845334,0.0417621545629562,0.02101961344213866,-0.5389250256954925,-0.00402393823162141,0.08629240398981329,0.11506484618461156,0.5458046851998618,0.46683761840515314,nm
2.291147470474243,98.90197991870382,27.334842240447767,163.40106714817952,-0.15012877166407673,-0.0021282226792268093,-0.06613326582992679,-0.5017011653590732,-0.054043049554519884,0.028093239254858075,0.1640633605119334,0.505384943008431,0.3698119756443802,nm
2.3098628520965576,101.52339119317622,28.338877020630814,164.6505261629118,-0.07508456343886007,0.02061051496006082,-0.041992520456032814,-0.5042538760099277,-0.07225917803324215,-0.0072898746737895415,0.08846387267112732,0.5094570664480323,0.3698119756443802,nm
2.311650276184082,104.12967132382349,29.366122477720467,165.8351062483411,0.0,0.0,0.0,-0.49701246165596197,-0.08971042119104948,-0.0267201306767436,0.0,0.505750246757208,0.3698119756443802,nm
2.313563346862793,106.79203248535039,30.37529374103613,167.04601122398364,0.06739527692218068,0.034762247983060886,0.016794724714709774,-0.4992995527748898,-0.09580072106340141,-0.03482116902397834,0.07766981404957864,0.5095982097394662,0.3698119756443802,nm
2.3481197357177734,112.00640719982135,32.22467539441671,169.7232153454021,0.09319057346705961,-0.0044110654463386635,-0.01610457210475223,-0.4668723931814655,-0.10093592504151301,-0.007857552644849077,0.09467469421217309,0.47772338608502457,0.28734017929772315,nm
2.3553385734558105,114.5516563483386,33.062277861848855,171.121276445705,0.04654884832577628,0.021559248874525486,-0.06554001113382525,-0.45332795789683267,-0.1030973922167282,-0.005775800679383829,0.08322913883918175,0.46493942569574626,0.28734017929772315,nm
2.3569939136505127,117.0786236267873,33.85342755679732,172.53925213179667,-0.05310271558422871,-0.029482227799235892,-0.11784231849535223,-0.4425335146163118,-0.10634902725421123,-0.005500927666551657,0.1325741761686097,0.4551662194866564,0.28734017929772315,nm
2.366718053817749,119.58728929329251,34.63566528572115,173.9042419614334,-0.09225455807764253,0.020520711024142775,-0.13772212275445947,-0.43290179232355624,-0.1164366723093626,-0.01946725848245775,0.16703109340189298,0.4487097442760165,0.28734017929772315,nm
2.373030424118042,121.9303182652646,35.46395972583265,175.13413683211084,-0.10708285683673407,0.011798266670772467,-0.16127493472804888,-0.40015401617602664,-0.13865884809869988,-0.03294365509555763,0.19394726576130836,0.4247761730946278,0.28734017929772315,nm
2.3845508098602295,124.1716791240505,36.34037844083424,176.24356307504272,-0.08093726673025993,-0.04497022478446299,-0.1490030859468236,-0.3776088937219031,-0.1582172503378618,-0.05048977097293341,0.17542828131349536,0.4125171413350631,0.28734017929772315,nm
2.4045095443725586,128.5951590446373,38.20428753046481,178.40315920054178,0.04021817930961312,-0.05500280243450296,-0.05302793704193315,-0.3461757137607022,-0.17916572481115964,-0.05675563746514245,0.0863410234451294,0.39390250586777753,0.21723915240306466,nm
2.4127254486083984,130.81173849467902,39.18219246677222,179.55350724644944,0.07613182935351683,-0.05468328169336086,-0.01840831356116617,-0.33992334952525693,-0.1832787631050934,-0.05581803578779802,0.09552582240229432,0.3901982081929783,0.21723915240306466,nm
2.4282968044281006,132.95882075086786,40.11951266115472,-179.2802401552941,0.07994776228273033,0.015765795407030856,-0.021676534491657455,-0.3356524992953262,-0.18193322023498748,-0.0493123525877489,0.08432127339171491,0.3849597446824926,0.21723915240306466,nm
2.433389902114868,135.0893385173573,40.96562139846724,-177.9999524245874,0.026113025722851645,-0.03706251347847375,-0.028567906686573375,-0.3160131134904113,-0.18051379907318307,-0.02892717133690973,0.05358773469924927,0.36508396403470256,0.21723915240306466,nm
2.438142776489258,137.20418086434466,41.7130740550806,-176.69199206726924,-0.02962067855318264,-0.03726888969090298,-0.07230414260598658,-0.30514476703011023,-0.1820592848921207,-0.025284697957090006,0.08656930041724094,0.35622777546405876,0.21723915240306466,nm
2.4581360816955566,141.2493324535269,43.28222336864946,-174.2407331482041,-0.11911450984439974,-0.012013661339743865,-0.11274719500353657,-0.27883614504047777,-0.1977949007073784,-0.04015930989649672,0.1644521951675415,0.34421677573621956,-0.2,nm
2.472611427307129,143.16297795874547,44.138280207627695,-173.13023362365567,-0.10844076742384039,-0.07410426653391793,-0.1189596061015975,-0.25755740086090606,-0.2133614749405233,-0.04919432335431738,0.17720674434639508,0.33805179363125726,-0.2,nm
2.4804847240448,145.15343904368962,44.94404721699684,-172.06498673755922,-0.08267333526316911,-0.011523371822956468,-0.08330968815727803,-0.25593610853517323,-0.22762607430088141,-0.07249968525521579,0.11793291568756104,0.35010444972302723,-0.2,nm
2.4857535362243652,147.12955260484426,45.833720340045126,-171.0198855133081,-0.03593966310929841,-0.0056794977283119285,-0.037460277833888875,-0.2467162275018653,-0.23721688118787557,-0.07855728665908004,0.05222249031066894,0.3511580739787877,-0.2,nm
2.5180211067199707,151.28059530493664,47.66978741310995,-168.80826126688672,0.0,0.0,0.0,-0.24819094783590315,-0.2460599849749245,-0.09047191215355939,0.0,0.3610116752714037,-0.2,nm
2.527803659439087,155.69880638823477,49.3217792190189,-166.40622256092018,-0.04046868753129489,0.014429721442441456,-0.025514957628070423,-0.2544125408541156,-0.24379178683128572,-0.10011364036573801,0.04996943660052879,0.3663098650835361,-0.2,nm
2.5352981090545654,157.97442368898822,50.0468690470487,-165.18050829557902,-0.06299566325706728,-0.016667101046809372,-0.07778764528611057,-0.250178768258036,-0.24523420670015053,-0.10670529455745476,0.10147494077682495,0.366217492904904,-0.2,nm
2.545968532562256,160.2895806998611,50.87999713100458,-163.96697544158812,-0.08801091347575891,-0.025291631822218674,-0.11260003013261496,-0.24110943456917353,-0.25273921259879906,-0.11918131561804246,0.14513564109802246,0.3690732380107978,-0.2,nm
2.5538058280944824,162.52777276532382,51.75376168261212,-162.79076527492688,-0.03082682009060557,0.02302976766781085,-0.18841959970306268,-0.2194156468599095,-0.2612793858747755,-0.11874695312062009,0.19230862848035263,0.36126303775155727,-0.2,nm
2.5809357166290283,166.65234544765954,53.64458932077632,-160.46731769559884,0.05810142295780764,-0.12895968038684422,-0.14576824417096348,-0.17155833311382296,-0.27692065569742674,-0.10102150309717237,0.20311266706900558,0.34106107268449476,-0.2,nm
2.5878002643585205,168.6527538326816,54.641514253247394,-159.2550560847649,0.12875846748311345,-0.09146402419247918,-0.13863063891035407,-0.15265970610035845,-0.28186663345325463,-0.08580838031846914,0.21014962458870912,0.33183860995037673,-0.2,nm
2.6003215312957764,170.90181069976424,55.72588386121152,-157.62008804446356,0.13958448344041088,-0.13433593427389975,-0.0531039159707465,-0.12775589862895953,-0.27959564772492856,-0.04590030969971995,0.20087308716200875,0.31080883882500115,-0.2,nm
2.602141857147217,173.02972907434943,56.88349623349662,-155.8878575823693,0.17428294853960238,-0.06931229669970969,-0.08529545484777279,-0.11052178254713313,-0.2776754241897585,-0.011318371638335215,0.20604381874527256,0.2990765974677751,-0.2,nm
2.6099469661712646,175.01278561522534,58.00601173329404,-153.89504280681217,0.18248921739139062,-0.0916353994669577,-0.07718600980390732,-0.07746999489184517,-0.2644738453792804,0.06086443126726089,0.21830492667147944,0.282227734270984,-0.2,nm
2.618093967437744,177.0550833722588,58.91396169436729,-151.5673538639093,0.10626404928997613,-0.24140754982426427,0.01295889466963574,-0.05352228535151607,-0.25214016963274366,0.11460161120674307,0.26407875006277165,0.282086563775837,-0.2,nm
2.627333164215088,178.92072244828543,59.918912546207885,-149.3491587659755,0.12862500575099492,-0.08136068863788903,-0.09184276062265521,-0.04691060443060277,-0.25132311552772696,0.11930111174250646,0.17776120622583924,0.2821288153833381,-0.2,nm
2.6528737545013428,-177.99712561378846,61.675662979751614,-144.85385552520012,-0.023822621470769145,-0.07698812365247103,-0.03904440235061948,-0.005903990055289337,-0.23952322052515304,0.18801311364895182,0.08954972826415934,0.30455732001265,-0.2,nm
2.6699841022491455,-176.6241235891464,62.58788614559914,-142.69507466652607,-0.04781837283194013,0.032180093853524494,-0.04272776693531706,-0.0024917193483407654,-0.2484364448196527,0.1858234782353829,0.07174829118519026,0.31025351060614137,-0.2,nm
2.671639919281006,-175.1569044588853,63.462381986751886,-140.37626420484517,-0.09079955437874462,0.02774244836048272,0.026091598587598422,0.00046753041660007406,-0.25490876500168613,0.1991007295199373,0.09846305923171908,0.3234498377720207,-0.2,nm
2.6747453212738037,-173.40346162941685,64.32563224746667,-137.84872548201056,-0.12382086710185357,0.01945728093466339,0.03785171068264883,-0.007634069969860742,-0.2702431014885968,0.18746743609654537,0.13093106931828002,0.32898883343222013,-0.2,nm
2.6962690353393555,-168.80379878641813,66.03693302506142,-132.0000977064519,-0.09044102817724188,0.026799176495587284,0.06414521659997977,-0.02921023324455501,-0.29428239878492196,0.1599781810165815,0.11407183811641074,0.3362266889498561,-0.2,nm
2.71435284614563,-165.90606176345392,66.74400752727921,-128.6472982784592,-0.07940100880940612,-0.0020359323683581407,0.02199412435681203,-0.041281030843003975,-0.29837111252819976,0.13660317228145907,0.08241605867052142,0.3307413959215488,-0.2,nm
2.725076675415039,-162.70951490930315,67.37844548348097,-125.10919654910404,-0.051389777575244794,0.0011353978104757727,0.011929040582433907,-0.0455932889395358,-0.3011769892821141,0.11604748830034811,0.0527683653019356,0.32596525337861104,-0.2,nm
2.728410005569458,-159.23773242728853,67.9260903033534,-121.36534373642257,-0.05491550571506916,-0.04698599358343782,-0.011948141217818785,-0.04011002557391162,-0.30701613889318125,0.10399275975698354,0.0732540404314028,0.3266224391775475,-0.2,nm
2.7334091663360596,-155.4886200999835,68.4598782837269,-117.44888912048,-0.033747606880156135,-0.037431453783883156,-0.04773877050674324,-0.033871044437073713,-0.31797796246009546,0.08460110814261922,0.06941905294663735,0.3307787474438031,-0.2,nm
2.741544723510742,-151.49167089479892,68.94612338555487,-113.33687180033472,-0.009167458247424591,-0.021248948650386505,-0.06011838942146695,-0.030992710601230544,-0.32520130711070755,0.07512743520967317,0.06441879272460938,0.3352022818808189,-0.2,nm
2.7650930881500244,-142.52871217282217,69.65582512269049,-104.27590471254211,-0.021213264819431466,0.009522101548271903,-0.039724730228513985,-0.029333144409356682,-0.35527553849997473,0.060719446939541954,0.04602963408417607,0.36161857371273265,-0.2,nm
2.7814643383026123,-137.53455010755374,69.83379556451042,-99.31849832617003,-0.0435312632322467,-0.0006216855237259665,-0.02899246993168904,-0.03269108606712514,-0.36956793322259535,0.052281960892714086,0.052306029138383815,0.374676617644411,-0.2,nm
2.783435106277466,-132.37373223527754,69.83735540683374,-94.26434499798965,-0.05490630949401001,-0.0009008231630761914,0.0018289876524286697,-0.036895990934049515,-0.37964749395519737,0.03996368585309564,0.05494414891920599,0.38352396274604794,-0.2,nm
2.8137311935424805,-121.70322993848501,69.41309921788911,-84.01342808501887,-0.025791969386002398,-0.028388483387010457,-0.017743313954140867,-0.029020958227374574,-0.39766260203511655,0.01705137829477728,0.04226058286273704,0.399084590751793,-0.2,nm
2.820678472518921,-116.4017996161902,69.01055223234896,-79.06363934421698,0.0017520763277952198,-0.009067409829362254,-0.024071595505906995,-0.020779093864939813,-0.4019933746432957,-0.002919121784021,0.025782346725463867,0.40254063803663725,-0.2,nm
2.822134494781494,-111.20051543387015,68.49950181377747,-74.27700896436728,0.002578914223694629,-0.00916066729956538,-0.02415907379258878,-0.009181821752604478,-0.4062878816791676,-0.01374626341024772,0.02596592903137207,0.40662403815783665,-0.2,nm
2.829706907272339,-106.10256774917683,67.8575809637494,-69.6401246150382,0.007018384487800783,-0.018912395519849575,-0.049573962397133735,0.002353881713727464,-0.4129135488050773,-0.020501707361458118,0.05352115631103516,0.41342890507396796,-0.2,nm
2.8550262451171875,-96.50057842952134,66.16292199206289,-61.084513503487585,0.010298956924374646,-0.018644615609486853,-0.04820905714319888,0.009711336113475215,-0.42353499039480735,-0.030906451324199405,0.05270487070083619,0.4247721823181146,-0.2,nm
2.872427225112915,-91.91970809966955,65.08248023009084,-57.05684050485585,0.012360468160363094,-0.019074853423222304,-0.04892738448531986,0.016668388021961352,-0.4420870042665319,-0.029986596121065984,0.05394923686981201,0.44341622709090744,-0.2,nm
2.875655174255371,-87.47308627092374,63.83934683058802,-53.18725965698331,0.048708267525210264,0.004329984452408623,-0.048196605266228786,0.02109564443021629,-0.4573360624118677,-0.029469080618924653,0.06865971781076752,0.4587697972936346,-0.2,nm
2.879110336303711,-83.37715662022636,62.458041519180334,-49.678515034472476,0.06474516575132673,-0.01173067698535194,-0.021132457963356274,0.020785322794752766,-0.46105407344463567,-0.02995013794260476,0.06910952213895316,0.4624931340532037,-0.2,nm
2.9003753662109375,-76.3071774762954,59.40460906365797,-43.72749581965202,0.061481577730964146,-0.027115040508202192,-0.02104803812422221,0.022772770723426667,-0.45922492149453276,-0.019267331424994538,0.07041469825916137,0.46019273969536084,-0.2,nm
2.913116931915283,-73.21711094416258,57.76808429632907,-41.15424470535854,0.06473103839892126,-0.035715620294395095,-0.01704728122563116,0.028361327973561563,-0.4586115361983534,-0.013124680695271614,0.07587043338746512,0.4596750627367014,-0.2,nm
2.9197194576263428,-70.28082868910747,56.09044862101115,-38.738200171166746,0.05965450869956268,-0.01878051680288783,-0.007134826026347641,0.03792205661781282,-0.4639646927744065,-0.009218562958148881,0.06294659611127515,0.465603157659382,-0.2,nm
2.923203229904175,-67.46269070395898,54.34116635199089,-36.43113759915079,0.061593826575167446,0.009663319162270962,0.03143870994485583,0.044198718069386855,-0.47237510798128896,-0.001797944605749135,0.0698252940731401,0.47444177927762315,-0.2,nm
2.9425954818725586,-62.36659723173467,50.640421552752805,-32.39134768495055,0.06853526329193664,0.02414911459563744,0.03685706244734897,0.043822665331367444,-0.4845869719680677,-0.0015831684807702162,0.08147824926013131,0.4865670208926663,-0.2,nm
2.9553616046905518,-60.15462671380959,48.68963687481411,-30.72508591523669,0.04139227737053738,0.03002921159726957,0.017787307261625317,0.039707544705737466,-0.48784152458745667,-0.00406083100565282,0.05414298176765442,0.4894716871963369,-0.2,nm
2.9628334045410156,-58.13795734200423,46.67305671798616,-29.258095832857407,0.03749164220648054,0.02765412818548058,0.018103536681380084,0.034415952936955305,-0.48755617908670157,-0.0047864028503661095,0.049981117248535156,0.48879279376278506,-0.2,nm
2.971646547317505,-56.34210939731955,44.59799783047142,-27.980256116497117,0.06872774932521938,-0.0031889213607634056,-0.03380419360199441,0.027969145405466037,-0.4826327695099297,-0.0009135575583814712,0.07665765618538338,0.48344337609170895,-0.2,nm
2.996628999710083,-52.934839088678316,40.29324457946351,-25.600719018562298,0.09718909585482789,0.01218737392306455,-0.01737645302256767,0.04078899557656024,-0.4969383916651885,0.012956021399908322,0.09947961377018419,0.4987778721649987,-0.2,nm
3.007744550704956,-51.20524746019085,38.05250092530524,-24.407938020392912,0.09481539571816834,0.028452522591327457,0.0080663058646984,0.053724381182855004,-0.5126492449956458,0.020581688913701244,0.09932054468892991,0.5158673894002477,-0.2,nm
3.0104758739471436,-49.527273439272015,35.81327771347364,-23.30739008038251,0.061677090048213125,0.052048464696744984,0.049960498845332116,0.06099595992024194,-0.5171477018031816,0.018986419382126266,0.09491658210754395,0.5210784362529869,-0.2,nm
3.0171058177948,-47.962531553457545,33.60052304495214,-22.353325680048147,0.02022883691756617,0.04780266743653398,0.05583216355827543,0.06258398339679498,-0.5173378414403186,0.013212953352174178,0.07623340045336673,0.5212770657723446,-0.2,nm
3.0376741886138916,-45.179073037346726,29.101014460779723,-20.836467048585074,0.07582352844618596,0.03083009275142631,0.10761153518232436,0.0517832593880681,-0.513650472525248,0.004555973871539134,0.13520334533356693,0.5162742205225636,-0.2,nm
3.0555431842803955,-43.92520229409668,26.862007409886747,-20.252516257340755,0.06942112781405163,0.022293294812251067,0.11335192621633931,0.053622918632946395,-0.5114596232600016,9.670783998826053e-05,0.13477738370184839,0.5142629414807027,-0.2,nm
3.0575060844421387,-42.68795025272685,24.490911461572477,-19.681150774015762,0.10009183038280096,-0.01412306574298026,0.05483128868480447,0.05399443867970585,-0.5152866074047449,0.008234255021173649,0.11499698132645181,0.5181732240619751,-0.2,nm
3.0788345336914062,-40.55878967091068,19.708297935641212,-18.651338448797254,0.09993848687926045,-0.03373273605280823,-0.03778381027221633,0.03752155514761787,-0.5013798832625689,0.028531841245427396,0.11204113066196442,0.503590826371904,-0.2,nm
3.094730854034424,-38.63409174089715,14.942228084749752,-17.67147653066829,0.11241594365464319,0.07209718310412047,0.11040135541280818,0.030806360773385673,-0.5213619671772904,0.04474034080405772,0.1732737933915518,0.5241841573133791,-0.2,nm
3.105123281478882,-37.6152996611278,12.526075866882039,-17.24974606461584,0.06861638078218164,0.1057800604567147,0.15376526003171065,0.04705957658978995,-0.5347771116654257,0.037620120080968766,0.198850154876709,0.5381602329649897,-0.2,nm
3.13134503364563,-35.53858844238798,7.698714526653389,-16.686008686671364,0.009250193651902161,0.001991567168103924,0.061316094777359276,0.058313851270748576,-0.5311239553531938,0.016695855898556447,0.062041888278233974,0.5345763863137182,-0.2,nm
3.1430037021636963,-34.58305043025057,5.323412465952511,-16.530575822999356,0.03448277051302618,-0.022747856213744543,0.03957923959315918,0.054091969398684395,-0.5165591321450216,0.01140246552098225,0.057210511545938154,0.5195087048123479,-0.2,nm
3.145960569381714,-33.70120038067925,2.954162910298688,-16.401753896126085,0.07787089701992923,-0.036495710437536376,0.06011220975261521,0.04499044214344262,-0.5023935448882212,0.015185763632780033,0.1049251697371576,0.5046325606287473,-0.2,nm
3.1691055297851562,-31.955712899095513,-1.5284614301122017,-16.094820699742293,0.14487284465589392,-0.0054453771498848775,0.13012113097823372,0.047181895976162055,-0.49259623267564995,0.03614239342550013,0.1948058058119673,0.49616877406450327,-0.2,nm
3.1773629188537598,-31.051992404612836,-3.7752413099343354,-15.930737144713975,0.14425274907789568,0.013486069428445505,0.09639685515587028,0.05244722486309926,-0.4961165133106145,0.04336809377622881,0.17402035331851565,0.5007625163019946,-0.2,nm
3.1839842796325684,-30.09302322298043,-6.156509943018958,-15.809128273638459,0.11554884801345781,0.012494182566896134,0.08712487865484586,0.05540950122607622,-0.5018983470428379,0.04320495354669483,0.14525283252272128,0.5067926909510707,-0.2,nm
3.1907732486724854,-29.125680636892902,-8.52757244016662,-15.769108007934552,0.07841788520604608,0.015680299067276793,0.07673805177159218,0.05611933743120821,-0.5072066867920485,0.0350120179968581,0.11083305052522656,0.5115015587116987,-0.2,nm
3.200711965560913,-28.15348563765507,-10.888924832761816,-15.827272032965002,0.05380572759133626,0.018211610334332336,0.07026834843054625,0.0560748301527209,-0.5104334059914867,0.02346222334700065,0.09035684735402899,0.5140400027751838,-0.2,nm
3.2211179733276367,-26.202503066471763,-15.396858954552348,-16.197674950163375,0.04763810147241599,0.026419634266273993,0.09205115039031624,0.06350976000761928,-0.493485872642849,0.00678079686568813,0.10696167572939617,0.49760202503650774,-0.2,nm
3.2272472381591797,-25.21050829307223,-17.57985920607389,-16.452113648270615,0.062075154092116065,0.010956009357662331,0.08046352506804212,0.06402350888573466,-0.4760662011319483,0.007908586603040965,0.10221417593944875,0.4804170930475977,-0.2,nm
3.2394580841064453,-24.2527149864583,-19.7115894309994,-16.700132192253353,0.08631340054248893,-0.01131064473976038,0.06372220784008777,0.059894761095497885,-0.4583086241280482,0.014240020766928208,0.10788166465925773,0.4624250810112638,-0.2,nm
3.246217966079712,-23.315268306942986,-21.79802258898108,-16.93693782753213,0.1005689146748669,-0.03062600668503607,0.04204430058311114,0.05386003980656352,-0.4444992257639425,0.021704191308947005,0.11322447657585144,0.4482761844143455,-0.2,nm
3.255763053894043,-22.37666973903278,-23.852095832034063,-17.18305470553066,0.0868903774364574,-0.012965476498184428,0.0736732637659359,0.04674830571808617,-0.4383701551241441,0.026157772330195738,0.11465509611787938,0.4416310972342824,-0.2,nm
3.266995906829834,-21.400565188914157,-25.8864014689803,-17.484075476855132,0.08897002668951043,0.02213346655681347,0.07221781412956503,0.045359133974406766,-0.4371690082469672,0.02439600305702165,0.11670890569535035,0.44019240994331477,-0.2,nm
3.2756948471069336,-20.351383481214572,-27.895522646677,-17.89131066876183,0.09063615051075037,0.01924200716732929,0.02315905327848705,0.051953166075949304,-0.4362638176071542,0.015935053902329934,0.09550658808684744,0.4396352760656879,-0.2,nm
3.303675651550293,-18.007301671979857,-31.871388788079283,-19.084145477021004,0.07485611314915305,0.020017996618745457,0.02330535235653753,0.06739891993228514,-0.44092225256591894,-0.004267053850944355,0.08091537130168333,0.4460641825616684,-0.2,nm
3.32236385345459,-16.69933078242798,-33.79014595016836,-19.846922741932786,0.059309769661252586,0.024579821883909204,0.06447083836972695,0.07598823458728747,-0.43715384411487523,-0.008303156706224873,0.09098519341745115,0.4437867028555423,-0.2,nm
3.3259637355804443,-15.324676172100919,-35.62110205572781,-20.676135483950144,0.041635174258333005,-0.00061262113343379,0.09148627008418257,0.08282691664445355,-0.4253721534724634,-0.0069031535090306444,0.10051666853856073,0.4334159902437812,-0.2,nm
3.3281190395355225,-13.927323707385838,-37.36730233459993,-21.53218192157751,0.061969810576316176,-0.014811900314953953,0.09366618001708528,0.08555492196428109,-0.4068983556565749,-0.0025473112508219457,0.11328284553628439,0.4158033252668229,-0.2,nm
3.331167697906494,-12.540590062699719,-39.05000669456162,-22.392314946294643,0.086788874136166,-0.04164272840267484,0.046469571699725945,0.08306955830137998,-0.38760778043470595,0.0020335142625903554,0.10689175177064962,0.3964145281774644,-0.2,nm
3.3410470485687256,-11.171928937910828,-40.69251314945411,-23.26080112639933,0.07385980778879281,-0.041136106563295534,0.014729067023327916,0.07247676079471216,-0.38012874932161267,0.004236283377743556,0.08581605843408278,0.38699960337571915,-0.2,nm
3.3507001399993896,-9.773304652608422,-42.300087393528315,-24.18385733382377,0.05480064532904253,0.00980906551309189,0.034519809346181825,0.062291604223582826,-0.3804728113133164,0.0030186688009170674,0.0655053107161273,0.38555014779757973,-0.2,nm
3.3635032176971436,-8.31340740908141,-43.7983385851808,-25.217293724959834,0.03017387435426882,0.029825269364332864,0.04868169502501351,0.06352817123089195,-0.3694730208936562,-0.005228136513072412,0.06457489308323042,0.37493129386545604,-0.2,nm
3.377852201461792,-6.767616592510531,-45.19344907590222,-26.391363306135347,0.04195746787126427,0.02526066181749374,0.019583854961688706,0.07275276076716788,-0.35245906632960444,-0.016036014934205846,0.05274521324998524,0.36024645926386467,-0.2,nm
3.3934502601623535,-3.417284663884614,-47.92043400581832,-29.12786658224582,0.08799787569372598,-0.0060494420786401,-0.009952442114495285,0.07772740963590917,-0.34454855451362515,-0.03107858217884717,0.08876526899702186,0.3545717626889997,-0.2,nm
3.4002652168273926,-1.6332019366138584,-49.19515704990822,-30.637992445627784,0.05371487661101678,0.016469576651249096,0.04199872653032226,0.07644336951619453,-0.3394855335217454,-0.03259416395059272,0.07014576219970042,0.3495087920742076,-0.2,nm
3.4132115840911865,0.17767455335038215,-50.36441424625727,-32.19003789523337,0.05976434329328319,0.009343711451563505,0.05524455120629195,0.07567577981893332,-0.32475971866204234,-0.03200364896455665,0.08192095037871629,0.33499243583057087,-0.2,nm
3.417445659637451,1.9995837491191275,-51.437185623987844,-33.769906804427556,0.06606333694709252,0.012398448907652966,0.06287410596743327,0.07394047079932692,-0.3059492730007665,-0.03140233878763822,0.09203933520568686,0.31631986620042896,-0.2,nm
3.4293246269226074,3.7361806963603583,-52.45647803069797,-35.35864453439217,0.06938677154377892,-0.005913038754233512,0.03981168342121946,0.06244518790589868,-0.28901510359564114,-0.042493138549175025,0.08021507482642547,0.2987219416493565,-0.2,nm
3.4353318214416504,5.347768145691204,-53.472002731865345,-36.94204535834063,0.06021545711254858,-0.039319189612730565,0.011367639004513683,0.0478403728422227,-0.2810161463034071,-0.0575915250953444,0.07280881240352693,0.2908187743590645,-0.2,nm
3.4450156688690186,6.95234342725771,-54.397671296167864,-38.58732340393882,0.011380996797226822,-0.009081208429904545,0.020335534580103645,0.04184640172728274,-0.2751746760009741,-0.06797878216200286,0.02501058578491211,0.286519350959043,-0.2,nm
3.4569644927978516,8.48131108179898,-55.211473880511726,-40.300432871956104,-0.019613874012924307,-0.029838289340911914,-0.0030154287165834676,0.038730628861141765,-0.25753658864548346,-0.09114397207694638,0.035834625363349915,0.2759209664905798,-0.2,nm
3.464277744293213,9.956136239149515,-55.9322335594654,-42.09327042522861,-0.0390787592089335,-0.029120537319231622,-0.02899617330307048,0.03911280854631366,-0.2384563632342085,-0.11372748542114534,0.0567091983834392,0.2670677627484871,-0.2,nm
3.4941327571868896,12.812382488929021,-57.13116909500403,-45.897184657973106,-0.015346496031668846,-0.021849550478851214,-0.0032370073899653596,0.03558276300111488,-0.20316908045651383,-0.14897628841858368,0.02689602226018906,0.25443612712686053,-0.2,nm
3.5075182914733887,14.117266995418886,-57.591581958071764,-47.83464135933956,0.0,0.0,0.0,0.03072081547465562,-0.17898053529902755,-0.16642969717664682,0.0,0.24632629705669806,-0.2,nm
3.5143048763275146,15.305658829074876,-58.01174775056082,-49.7452149214656,0.040031678378148736,-0.02488056112541756,-0.028016533154166454,0.025556216358868553,-0.15700228432367924,-0.1797167598175103,0.054831594228744514,0.24000198173502527,-0.2,nm
3.516204595565796,16.488004328629046,-58.329512373247,-51.66696712254688,0.043179677207566027,0.01590579352870087,-0.00882451655477338,0.02526547079243166,-0.14124342931853448,-0.18227400353794015,0.04685457164410671,0.2319738405634827,-0.2,nm
3.5213136672973633,17.542936800148208,-58.5552035087602,-53.5920212635293,0.033088672221555746,0.04160029170298823,0.008463582001473872,0.021859160574686832,-0.11978979621937896,-0.20415382633127377,0.05382449924945831,0.23771033419902085,-0.2,nm
3.5320355892181396,18.441076594324908,-58.86084862578556,-55.492551471039,0.0974384084237092,-0.0662373594087897,-0.06632783364921258,0.021224557151006827,-0.10498196127257138,-0.22546492982096483,0.13520729541778564,0.2496119560398993,-0.2,nm
3.5407166481018066,19.529305464475836,-58.94407058856869,-57.47759218461561,0.04334736543886184,0.050617161435601334,0.01166720368975675,0.03429718132454801,-0.10836666815228398,-0.2096756484406069,0.06765511631965637,0.23850263931920154,-0.2,nm
3.5516622066497803,20.47628430192966,-58.99756831811633,-59.48701973395121,0.06612657911049083,0.0005957064449589977,-0.019867247085880533,0.03915345328065302,-0.08815783288907968,-0.23866816856852746,0.06904916246990978,0.25742434051844093,-0.2,nm
3.5672340393066406,21.47995902012015,-59.05035954594985,-61.51786503832079,0.11074007993040913,-0.052000087552641114,-0.0590769271351833,0.05038431432947077,-0.08369135637574117,-0.23313435344304134,0.1358582265753955,0.25277351328366493,-0.2,nm
3.5729427337646484,22.569197046658477,-58.888311669512234,-63.56719868215452,0.07760292517205006,0.08041827365772879,0.02261156247360928,0.05795030138163571,-0.08252830063467786,-0.22247482531040838,0.11402015388011934,0.24426257538306376,-0.2,nm
3.5966901779174805,24.418517909344345,-58.55211669991446,-67.40475861597241,0.09638000085348837,0.04722449845832504,-0.02618479255578022,0.07046792449179008,-0.06200697285050899,-0.21101735385577142,0.11047579454499527,0.23095219568680492,-0.2,nm
3.620206832885742,25.237193618830933,-58.211957964380105,-69.15391679894536,0.09807309867126192,0.05571909927079733,-0.020888770190161967,0.07892759034270001,-0.04608303815971801,-0.20992967623923492,0.1147139548031949,0.22896218004125723,-0.2,nm
3.622349262237549,25.935708343980036,-57.87713742149267,-70.79586936551601,0.11301250155203552,-0.014865118062650302,-0.032153490859258685,0.08688400282009934,-0.034613205352290004,-0.20946723621898808,0.11843413450733617,0.22939796638162285,-0.2,nm
3.6303281784057617,26.62783959729789,-57.46272884111122,-72.35908427998011,0.09586233104022175,0.005555779935445956,-0.015156365076349524,0.09694589533048922,-0.036105662525067375,-0.19541292223223672,0.09721197768528195,0.2211070683247065,-0.2,nm
3.634483814239502,27.258008665835064,-56.97840114477752,-73.86608251989479,0.07492651309232295,0.020402373095510174,-0.0007942370794121026,0.10478292515565259,-0.03390540660159041,-0.19533765516280596,0.07765867629982341,0.22424503902092807,-0.2,nm
3.6468024253845215,27.769585047800934,-56.46138992018646,-75.31670028131644,0.05746461160704368,0.002500256829180734,-0.008051897747019122,0.11148371537877055,-0.026965613379115048,-0.20465605619658098,0.05807982376599206,0.23460576386249496,-0.2,nm
3.6485583782196045,28.190055592899146,-55.919631708797915,-76.69548756280642,0.03167309987349424,-0.03036079278486649,-0.024920596977945644,0.11843990723844094,-0.021906206854647278,-0.20610743014035662,0.05045789480209351,0.23872194344984518,-0.2,nm
3.6562533378601074,28.49654938804951,-55.27886185540513,-77.98151156341999,0.027580605453386423,0.020086606081365758,0.009634679181578534,0.12312847573834682,-0.013789833332647246,-0.2070389352676466,0.03545403480529785,0.24127971683867588,-0.2,nm
3.66458797454834,28.58850968322091,-54.65740013952843,-79.16277121613275,0.018056063772942454,-0.01832062848743919,-0.015167986647715348,0.12322374910355166,0.005584563997230713,-0.2217687669893538,0.0298619270324707,0.2537649812526396,-0.2,nm
3.6920080184936523,28.319492974788165,-53.27406177228513,-82.74668176307945,0.0,0.0,0.0,0.12637580083471522,0.03468566419581521,-0.2249340668573706,0.0,0.26032532103181305,-0.2,nm
3.7082505226135254,27.947119572052507,-52.52207879618592,-84.34924147163058,0.020683555112512856,0.028131188933299592,-0.013494008902047201,0.13066422205178777,0.05174632425308789,-0.2297643342487507,0.03743342783050843,0.26933709416060064,-0.2,nm
3.7099640369415283,27.46695494428048,-51.71974242750374,-85.86970436531249,0.040855007466223635,0.02021747523002201,0.013591792490967829,0.13739957328087635,0.06532427996863698,-0.23320947162442532,0.04756695032119751,0.27844669498223784,-0.2,nm
3.711421489715576,26.89032421344218,-50.89115306191416,-87.32888946424596,0.04902635694085289,0.021982512086835687,0.01599355962777231,0.1450487072580312,0.07733521450360287,-0.23990949630594954,0.05605897307395936,0.29082026974975234,-0.2,nm
3.720937728881836,26.282278511144693,-50.05751753020304,-88.73437236063515,0.05615643595526273,0.022692799142949353,0.01795943092034462,0.15170641576648403,0.08270294035682475,-0.24236591388137468,0.06317475438117981,0.297650548697515,-0.2,nm
3.741569757461548,24.993125220763098,-48.352073701220846,-91.28358777171445,0.0726972575255831,0.023510654878604348,0.02235196085318473,0.15754368155745996,0.09037787131825725,-0.2477812561468062,0.07960686087608337,0.3072193387799456,-0.21276315337406998,nm
3.754833459854126,24.29222076123238,-47.49957452844767,-92.53302179812418,0.07297900335806129,0.0420821662862457,0.04147960251327043,0.15871530328271316,0.09185019802761249,-0.24343709923965492,0.09390101743398771,0.3047763567930637,-0.21276315337406998,nm
3.7611966133117676,23.5533647501456,-46.68070576611653,-93.71022166416482,0.06433041897401733,0.015903744331493254,0.018891125103990228,0.1602189257024962,0.09534549591415391,-0.23708615951458867,0.068907231092453,0.30161351889090604,-0.21276315337406998,nm
3.7690725326538086,22.80592385139503,-45.817212647716964,-94.78645903162588,0.0748292708076996,0.044539858465915315,0.04920444124122206,0.16066378399513825,0.09530414757407982,-0.22481304971331253,0.10002147669194195,0.29229546584553573,-0.21276315337406998,nm
3.7780442237854004,21.96518749686276,-44.97051573626461,-95.75803618402166,0.06125160164764631,0.010967722814029237,0.017075176310477173,0.1649214250766644,0.10456941849792946,-0.22276119446119985,0.06452605128288269,0.29623704949262075,-0.21276315337406998,nm
3.8108932971954346,20.249207050542516,-43.182470109331824,-97.47627031505392,0.05793847368481295,0.043189470271911064,0.053661916659289585,0.17671932650626107,0.1030308616511073,-0.20268363176184337,0.09000999041685646,0.28796828540234537,-0.22361183374202945,nm
3.8124146461486816,19.281961634301634,-42.2745834060013,-98.25464091066966,0.040680381017420525,0.003550479072953686,0.010289397125907974,0.18448566826631027,0.11420234042697078,-0.2109765876261384,0.042111411690711975,0.30263551820801615,-0.22361183374202945,nm
3.8261125087738037,17.28312590305209,-40.45008120391051,-99.65602946025491,0.024088385169908116,0.04012454140168486,0.05113507793666337,0.19166578481389812,0.1141586524308021,-0.20465262487705055,0.0693182899268152,0.3027386131008249,-0.22361183374202945,nm
3.8468408584594727,14.949219389667466,-38.66676509413861,-100.83240918414488,-0.0038031860929122405,-0.019875911868930313,0.016193233312484248,0.19778421869180826,0.14143312434830366,-0.21496294053735385,0.025917887687683105,0.3245473642335086,-0.232833212054795,nm
3.8646535873413086,13.773460023241269,-37.75835193439633,-101.335642360847,0.02504626752134279,0.029411562324982946,0.04358957016287861,0.19952427529817976,0.14310520926737474,-0.20423199071381165,0.05824436575439331,0.31937398670469297,-0.232833212054795,nm
3.866663932800293,12.514714012892645,-36.82974742822397,-101.81304968470761,0.03996538187106626,0.03407152404361063,0.05545637006033774,0.2051712253718499,0.15938080771800509,-0.20701696120377985,0.07637741471811947,0.33219496657155634,-0.232833212054795,nm
3.8746230602264404,11.192278835086972,-35.91874986183351,-102.23950190133854,0.02511650451769738,-0.0024708888074395905,0.004017154367121148,0.2114720529376054,0.1683424131947126,-0.20496088160132722,0.025555461645126343,0.33921757065437813,-0.232833212054795,nm
3.883419990539551,9.934921001829075,-34.95275180086204,-102.61249927384219,0.058390247710672694,0.023726442349198837,0.05136600189065938,0.21720649532037645,0.16360601938252917,-0.1937247499026939,0.08130701842088908,0.33387852568324683,-0.232833212054795,nm
3.9040772914886475,7.377776523058686,-32.999000319623796,-103.30581649602047,0.04108362405886101,-0.0067071029605889855,0.004509330276769709,0.23040525124584565,0.16772548822067104,-0.19074278279202644,0.041871033608913415,0.3429303550107075,-0.24067138362064572,nm
3.918083906173706,6.232516416616349,-32.00363451443269,-103.64237739324396,0.07189474618576047,-0.01631491537169906,0.06384479368582004,0.22968299495128033,0.15039427699018987,-0.1754565178412858,0.09752532324214849,0.3258185175434037,-0.24067138362064572,nm
3.93542742729187,5.09318171669378,-31.02206137389146,-103.95214030768744,0.06860121966752487,-0.034829608378210614,0.04927433191549775,0.23185818889425341,0.15053933848112358,-0.1720910327748347,0.09136295061659382,0.3256311344898808,-0.24067138362064572,nm
3.937108039855957,3.9762964084106818,-30.083605657037946,-104.18516393909121,0.03498550619394261,-0.06149198168552342,0.00024148755379518614,0.22974916795924918,0.14320992766185628,-0.162025182242175,0.07074819977566767,0.3155089907427226,-0.24067138362064572,nm
3.941077709197998,3.055007056509248,-29.112528733938372,-104.41552079858474,0.07261976905456927,-0.0455115137196853,0.01946739671684175,0.22306673184977788,0.11778150923509947,-0.13878427886929057,0.08788576832187894,0.2879102756712715,-0.24067138362064572,nm
3.9657397270202637,1.431678095641056,-27.094297377484125,-104.85897606547127,0.08414755349589594,-0.021303233669628687,0.0019312219020888477,0.2243103862463256,0.09979957046953919,-0.11936874611382427,0.08682377636432648,0.2729908445216926,-0.24733382945161883,nm
3.972184896469116,0.595080737888328,-26.068648631033216,-104.96970121420804,0.03133124425107107,-0.008224383143288822,0.00030221608889021166,0.22567950220019106,0.09408461758806706,-0.11464971779269877,0.03239411488175392,0.2700513113650151,-0.24733382945161883,nm
3.9793319702148438,-0.2359156351417409,-25.01359498338914,-105.05082167278225,0.0030569826326648096,0.010942431474896002,0.02434841150906383,0.22686399253024198,0.08496322602919237,-0.110037976014147,0.026868700981140137,0.26607212753187676,-0.24733382945161883,nm
3.9877254962921143,-1.096033086768819,-23.94043373729052,-105.1179607494116,-0.04215084856906869,0.024482038138951723,0.02847289011261542,0.23059546315538437,0.08165746663006872,-0.10921784336348066,0.056451480918526135,0.2679006285794358,-0.24733382945161883,nm
4.014441251754761,-2.877068783563226,-21.756870403659413,-105.21772408608565,-0.05815670155125639,0.007993507997738557,0.07966507433502473,0.2396778755838772,0.09010310658134837,-0.11010969542717809,0.09895767870275067,0.2787260283631155,-0.252996908407946,nm
4.025082349777222,-3.785775878559922,-20.663037067292578,-105.22058172720081,-0.03394233915874451,0.003573050998159661,0.08903584017047031,0.24138381669963582,0.09542768239354255,-0.10657563608490617,0.09535318513748886,0.2805903700029432,-0.252996908407946,nm
4.028042554855347,-4.744383857872684,-19.60096944963108,-105.16658818281809,-0.030399748465263228,-0.008809321383151079,0.0629231036012937,0.24044886476066887,0.10817184863304743,-0.10364470726608802,0.07043483383101047,0.28330024840380647,-0.252996908407946,nm
4.0361902713775635,-5.696140016231349,-18.5608291488285,-105.09036353288391,0.006047993129198797,0.00949742054939585,0.031998875565413795,0.23444419342393893,0.11228408221768037,-0.0947278016342863,0.03392207622528076,0.27666794420773216,-0.252996908407946,nm
4.065534591674805,-7.488869157344012,-16.414069634773984,-104.78613994809825,0.03251831586405155,0.07158136748686657,0.08163425589347457,0.22369833353692045,0.10914048660998052,-0.0731671259521594,0.11333792292611222,0.2594340350932348,-0.25781052552082406,nm
4.07307505607605,-8.270859094854691,-15.372702972122607,-104.54461347663066,0.019670451812146526,0.09043644137767583,-0.05162024130577316,0.20575136498011481,0.09756235125072112,-0.059100368421033424,0.10597323207309488,0.2352549470686034,-0.25781052552082406,nm
4.076043605804443,-9.014989352725358,-14.546295713798477,-104.25355107968707,0.008318093445885667,0.09485187212513589,-0.123963087764212,0.1821203389208461,0.09490186278190128,-0.046667692305950206,0.15631031780485682,0.2105992756713126,-0.25781052552082406,nm
4.083365201950073,-9.693387727597878,-13.627377787746223,-103.88829100431605,0.01989683038082433,0.12019599031849283,-0.0868856886142855,0.1668461224795258,0.0820942327205005,-0.02858289118265082,0.14963984373763925,0.188133126537513,-0.25781052552082406,nm
4.101783990859985,-10.302878406034589,-12.709912594365496,-103.38860427004997,0.007981836066580752,0.14541930094053973,-0.027495708215066566,0.15956032536119186,0.07142760175886108,-0.0070934312624747736,0.14821098732306287,0.17496204299638055,-0.25781052552082406,nm
4.112902641296387,-11.287013622402831,-11.005257452003548,-102.09017573933451,-0.003775904325499865,0.08917329175869104,0.04752330716198043,0.14901393234878413,0.04671435033886104,0.04571221308243281,0.10111675499227565,0.162717512845187,-0.26190210006677045,nm
4.1278464794158936,-11.731946993735903,-10.237857506221365,-101.25803970376464,-0.040886347471051285,0.059225203775716224,-0.037610511162334076,0.14084050174660367,0.04139214449478848,0.06742083728481067,0.0812026398689766,0.16153923937637393,-0.26190210006677045,nm
4.138894081115723,-12.090895494848873,-9.580489674935848,-100.34653221351431,-0.02870012866629668,0.05372543134876871,-0.053352547473506734,0.11635030482300714,0.034042138676997874,0.08446071915519651,0.08097291942980711,0.14774936114353798,-0.26190210006677045,nm
4.1417083740234375,-12.427214989554258,-9.050693293100535,-99.39621560202836,-0.017238346451794388,0.06653960136783518,-0.003789676631146373,0.0876958200989332,0.038147385489579265,0.08985221463281715,0.06884069136456404,0.13122195074352788,-0.26190210006677045,nm
4.164701700210571,-12.97765251455039,-8.16300145798114,-97.57257989927133,0.03237333721304243,0.13673662144667537,0.04162947644015427,0.04764198868561157,0.030817035475208164,0.07845333370282867,0.14655357353419302,0.09682135265780774,-0.26537993843082486,nm
4.178313732147217,-13.248801012022739,-7.800146788592659,-96.71969154504653,-0.00939099938112314,0.14825841009012763,0.02721944778668735,0.03354273624760159,0.03718039122448198,0.06751184256121136,0.15102862433870248,0.08405560976277247,-0.26537993843082486,nm
4.180195093154907,-13.535472952501602,-7.473842699311273,-95.88595647239144,-0.03548368853816982,0.13437683985323723,-0.005142666122405923,0.028000196670601003,0.03577986577469735,0.06067614305946686,0.13907794309689422,0.07580108274306234,-0.26537993843082486,nm
4.201006889343262,-14.034867646863425,-6.886150913183547,-94.21506271095427,0.015233947330497457,0.0926383175047606,0.02248956613223125,0.024813358231450276,0.042148013887186836,0.06090676377994365,0.09653865343061922,0.07811396607203241,-0.3290898700423253,nm
4.215190172195435,-14.339559736365864,-6.6690960704654785,-93.34125721910014,-0.03099500820347941,0.06036727461596636,0.002033986749398933,0.02067150886474917,0.04613440320194198,0.06461904511506417,0.06788987759740021,0.08204459414932501,-0.3290898700423253,nm
4.2215001583099365,-14.548125966718878,-6.488095430130142,-92.48285223647972,0.015169474238668282,0.050643904911668196,0.044437732406261365,0.01454856119066896,0.036764815974624755,0.06676239427663967,0.06906250874961177,0.07759207186250508,-0.3290898700423253,nm
4.225890398025513,-14.76763174388263,-6.369137128419811,-91.66580553676238,0.014981930851611171,0.04981822744930662,0.04602811452708293,0.0020525261238332547,0.0432821561859152,0.060252264979669005,0.06946150995444576,0.07421518269714913,-0.3290898700423253,nm
4.2453107833862305,-15.35647155478481,-6.342625885385792,-90.22959174166162,0.010742681076824221,0.06571858332086684,0.031083275635897186,-0.028108725904883315,0.04759938256731103,0.029232228562211728,0.07348814472197018,0.06253259053884205,-0.3832433119121007,nm
4.262545347213745,-15.702936688651393,-6.384534628076499,-89.6469250303679,-0.011607074407397854,0.08248591950505207,0.055900262186847294,-0.03860978308402925,0.059623175293245886,0.008994545860638394,0.10031694974156197,0.07159986199067736,-0.3832433119121007,nm
4.264437913894653,-16.16280750575017,-6.464548074386438,-89.13182266317678,-0.054587832575670084,0.07199730063592788,0.0630049194069077,-0.044881423128917367,0.07293354147144418,-0.007159979970641048,0.11015018217706452,0.08593549282353462,-0.3832433119121007,nm
4.291228532791138,-17.212083535256976,-6.682095725377059,-88.23244196299952,-0.05938257485549337,0.041945328920815816,0.07799940239900585,-0.039490239664591,0.10283680725336132,-0.021366088714721537,0.10662836203067991,0.1122113973792198,-0.4292737375014098,nm
4.299431800842285,-17.923841933951252,-6.765643653331831,-87.78429128319459,-0.0661328174530181,0.004964663523662673,0.06336903025945086,-0.03725976210607835,0.11971344067285203,-0.019958898993730188,0.09172693946818787,0.12695650987238086,-0.4292737375014098,nm
4.306834936141968,-18.64451862026094,-6.852822530289794,-87.31108971442916,-0.017027428410907052,0.009848672990169078,0.08850743173110026,-0.036344449008211106,0.13166506822358928,-0.016960600036979624,0.09066694629020669,0.1376381891687306,-0.4292737375014098,nm
4.3114776611328125,-19.489003236187507,-6.951647836737946,-86.84080051486121,-0.011227390818742031,0.009248102879324724,0.08080829245824611,-0.038944221034414535,0.15710065217492697,-0.020143254985929407,0.08210701456928503,0.16310431627395056,-0.4292737375014098,nm
4.339360952377319,-21.36754584087036,-7.2198709574290465,-86.91559873234957,0.02343598868355243,0.008945949320541739,0.06056098041099738,-0.050595588494313504,0.17913941053946925,-0.0347148200259869,0.0655508041381836,0.1893567023185371,-0.46839959925232255,nm
4.351280689239502,-22.360398469899117,-7.38458192196016,-87.02917142811245,0.018447135432015375,0.006831885494575664,0.0452659514788217,-0.05621865812226573,0.18923032869157963,-0.04734145223574301,0.0493556261062622,0.20300213771677528,-0.46839959925232255,nm
4.354589939117432,-23.37802191892053,-7.562054874224748,-87.19206091254576,0.013512261777058877,0.004848668959146163,0.03149352266562082,-0.0591779214872719,0.1938959650035106,-0.05819776616194171,0.03461116552352905,0.21091384881613717,-0.46839959925232255,nm
4.3624427318573,-24.375379898611694,-7.740073923854155,-87.38750365095719,0.03086365520458603,0.010727607061852967,0.06849493098060222,-0.05934518918004686,0.19753448595470674,-0.06457115014101504,0.07588940858840942,0.21612764295836684,-0.46839959925232255,nm
4.368834018707275,-25.487558525255615,-7.911556989807202,-87.58147264159851,0.010648670756007174,0.00356795646711998,0.022418390217481182,-0.05471635322485994,0.21080967742201792,-0.06776246653884391,0.025074064731597897,0.22809285669751,-0.46839959925232255,nm
4.402804851531982,-27.62795844560083,-8.157098460329527,-87.88444888504151,0.02688547331328236,-0.020554707643755474,0.05347775351499331,-0.03740082830873983,0.20747099661592774,-0.054764432904262195,0.06328660839869567,0.21781225747489874,-0.5016565817405984,nm
4.411797285079956,-28.763388377669695,-8.24871727441134,-87.98401354965301,0.001256952117463248,-0.035708736449524436,0.005179910235636314,-0.031393359148906355,0.21548509831770027,-0.05027903574015943,0.03610436618328094,0.22348904230543698,-0.5016565817405984,nm
4.418142080307007,-29.812409866092455,-8.314043783918619,-88.081071846707,0.027821708187868825,-0.02446585498466943,0.05130773736538767,-0.027224869406819976,0.20893317736893052,-0.047341913565875825,0.0632859338255935,0.2159525941029055,-0.5016565817405984,nm
4.419646739959717,-30.93252670670889,-8.379951810400987,-88.19367624011976,0.020916809196093497,0.005790928467585119,0.034815988792886714,-0.029192953457692444,0.21998979289717,-0.05249288077696084,0.041026830673217766,0.22804218917294003,-0.5016565817405984,nm
4.435540437698364,-33.19649786798542,-8.566400382541408,-88.51938487444289,0.020955775644006833,0.0053438511507506335,0.03186885184381896,-0.035797048169767906,0.2106750917047257,-0.06620973183501554,0.03851395845413208,0.22371667687530122,-0.5299250168556328,nm
4.461282968521118,-34.29644451197948,-8.673957972079101,-88.73977628139548,0.029685433360529735,0.007252085575109416,0.04324598995599931,-0.03763911423500539,0.21641300276347472,-0.07375149096832562,0.052953124046325684,0.23171226360628933,-0.5299250168556328,nm
4.464440107345581,-35.49287087124611,-8.792811533409358,-88.96412090564867,-0.025690589519149577,-0.022334592456755932,0.02220859566422812,-0.03628140669240009,0.22558799447927153,-0.0776586470231841,0.04064556718054245,0.2413237435111404,-0.5299250168556328,nm
4.465986013412476,-36.66162543940358,-8.88741513144921,-89.1729615289267,-0.024902756311363614,-0.0265735401460565,0.023146961576300706,-0.029590708173650147,0.2209273642248387,-0.0738946530484982,0.04315184976350351,0.23482957655012407,-0.5299250168556328,nm
4.4907941818237305,-38.952900635132096,-8.95633097679632,-89.50379356495846,0.0002670130793847136,-0.0308305958107969,0.004859184225515153,-0.011173840508990226,0.22231644686649815,-0.061650213234515014,0.031212314963340756,0.23097663529224338,-0.5539531867034121,nm
4.5030505657196045,-40.03880603927186,-8.926017405790889,-89.6404368317437,0.0,0.0,0.0,-0.004408901223006371,0.21497282072368462,-0.05653113081225413,0.0,0.22232525904809797,-0.5539531867034121,nm
4.506333827972412,-41.14997150698735,-8.885388496777622,-89.78076703006998,0.0,0.0,0.0,-0.0020808672616563586,0.21684794914199637,-0.057688080867363795,0.0,0.22439981668845005,-0.5539531867034121,nm
4.514103412628174,-42.25504299622335,-8.852028437832352,-89.94111641234221,0.0,0.0,0.0,-0.0033084275176549515,0.21079916875838908,-0.06113890006309639,0.0,0.21951127611763516,-0.5539531867034121,nm
4.522042989730835,-43.26462920839031,-8.829624037786866,-90.1385456089835,0.0,0.0,0.0,-0.0058306559639784246,0.19440690431981156,-0.06529954001432922,0.0,0.2051635223968082,-0.5539531867034121,nm
4.548290491104126,-45.226900318689275,-8.85189807645386,-90.6247637497926,-0.029313907196795837,-0.004148700325717422,-0.028690200505561026,-0.010405412223305871,0.19404887165304094,-0.07601168807631292,0.041226744651794434,0.20866483632266833,-0.5743771310740244,nm
4.562355041503906,-47.052257623659315,-8.839188280711738,-91.10474340865906,0.0,0.0,0.0,0.0002500144155554282,0.16773798746376706,-0.0677585599874907,0.0,0.180906930207721,-0.5743771310740244,nm
4.571102142333984,-47.97204080080901,-8.785548739906446,-91.31552908146166,0.0,0.0,0.0,0.00809047468286014,0.17301308838987253,-0.06420474367922253,0.0,0.18471933749802838,-0.5743771310740244,nm
4.57677960395813,-48.89165390358826,-8.692996223523625,-91.5079051746059,0.0,0.0,0.0,0.016167508272443697,0.1701038649516151,-0.06011076506909822,0.0,0.18113535621851734,-0.5743771310740244,nm
4.598684549331665,-50.666467573442496,-8.438045276214718,-91.88396523229368,-0.03359365626653441,-0.002923026861070098,-0.027138324522557628,0.023419840619109702,0.15889785685086116,-0.057367772108081604,0.043284714221954346,0.17055227680411086,-0.591737483789045,nm
4.614908695220947,-51.4575155942777,-8.31060741339328,-92.10170127135851,0.0,0.0,0.0,0.0226571339480901,0.1525164827459339,-0.05978715743189405,0.0,0.16537571593713069,-0.591737483789045,nm
4.623378038406372,-52.295498574195214,-8.201937002021005,-92.33876738614157,-0.025906019187957416,-0.001790797791441573,-0.019748440125371924,0.02027368337760152,0.15637515398377275,-0.06454553058841071,0.03262406587600708,0.17038291152601934,-0.591737483789045,nm
4.626120090484619,-53.18984663527947,-8.112505230069333,-92.5809038986007,-0.0648739995257995,-0.003908378759071638,-0.04788489447568798,0.018764346255024114,0.15398302019376706,-0.06673985165434751,0.08072715997695924,0.16887000620955997,-0.591737483789045,nm
4.662254810333252,-54.66615878977924,-7.899113252474044,-93.07804229114603,-0.03747879076122995,-0.0016275539885163791,-0.026218271149887746,0.025161957775724584,0.13243082195082473,-0.061865443469752125,0.04576796293258667,0.14831850800688187,-0.6064937835968125,nm
4.663960933685303,-55.39747050980756,-7.746572605345273,-93.31011119013993,-0.04091198777391995,-0.0014307138555330608,-0.02786522947357235,0.032452608807648615,0.13071220625451033,-0.05885719017057276,0.04952079057693481,0.1469796636175185,-0.6064937835968125,nm
4.666486501693726,-56.15058510193248,-7.554756037947137,-93.52243359511856,-0.06402392502303728,-0.0016952809458644148,-0.04241788723322003,0.04021106549401633,0.12770463372136664,-0.05493913974491495,0.07681936025619505,0.14471942626331746,-0.6064937835968125,nm
4.672714948654175,-56.84743673092025,-7.313619850438173,-93.72752808926188,-0.0516169680086725,-0.0009242540628597745,-0.033332211512465966,0.047201228729241,0.11914181849821126,-0.05134404394943986,0.061450809240341187,0.1380541189450458,-0.6064937835968125,nm
4.682513952255249,-57.50866554469024,-7.0490928512395845,-93.93556271276542,-0.06083208117445216,-0.0005662372776050362,-0.03833331469342932,0.051809565985101245,0.10928420851889131,-0.050343896600597224,0.07190483808517456,0.13100296669960074,-0.6064937835968125,nm
4.705028533935547,-58.54680106316576,-6.491146629910424,-94.4121976543754,0.0,0.0,0.0,0.05439983760892453,0.09712552352615007,-0.053752050751911154,0.0,0.12362035678698764,-0.6190366384334148,nm
4.7120912075042725,-59.10382784981432,-6.277576012584383,-94.57672088492646,1.8466293523844315,0.2594573049001132,1.1574805510548662,0.040633503139554536,0.10222610861457317,-0.03723487335832194,2.1947936769145415,0.11613653453535185,-0.6190366384334148,nm
4.724191427230835,-60.116737445533026,-6.782446258732097,-93.77169178855937,-0.021980005340394047,0.8813362521471141,-0.33251834884867126,-0.09663910449923789,0.20333080996419486,0.14643813896104665,0.9422341334851607,0.2685640767889201,-0.6190366384334148,nm
4.728871822357178,-61.61907976873346,-8.318098993635212,-91.48925091836487,-0.1770987008955439,0.19604574727582408,-0.42310894852644315,-0.3035582307862733,0.3068716650933888,0.426126928131481,0.49881766930109633,0.6065492372380445,-0.6190366384334148,nm
4.73916220664978,-63.39075016520864,-9.203714014675827,-90.37186157021831,0.802553877629968,-0.11531727089626277,0.459180742179137,-0.18131841020823142,0.34827353467743927,0.1787794801516305,0.9317927631474945,0.4314312498654278,-0.6190366384334148,nm
4.748413324356079,-64.55119905827802,-9.346882064587165,-90.67182399096755,-0.8028190374505649,0.5748307057913964,-0.5458143161003381,-0.03613890413604504,0.22451274093627857,-0.08817753047788214,1.1282118661287721,0.24390011913907017,-0.6190366384334148,nm
4.758163690567017,-65.57360093438675,-10.302857762150289,-89.73272325072024,0.2574255038839659,0.09580571087611013,0.04969164089867703,-0.20004195999542027,0.1973622790878215,0.16264860464566858,0.27913416749225384,0.3246894263118703,-0.6190366384334148,nm
4.768270969390869,-66.58196361110718,-11.463903850601627,-88.49686642422472,-0.12799421918405238,-0.8918208706627383,0.166995969681556,-0.24460013208803486,0.18966348904132252,0.21912484145906724,0.9163048834225772,0.37923232963089176,-0.6190366384334148,nm
4.797385931015015,-68.34073369572377,-12.961936022047928,-87.5396955660482,-0.7119929521462212,0.07927956614679392,-0.34366354658048925,-0.20559030061747896,0.2033103232356633,0.13085022698445573,0.7945589007509735,0.3173708259182921,-0.6296980650445269,nm
4.814814805984497,-69.52666100663464,-14.36577370379737,-85.79210656034135,0.36020708917835587,-0.12503462013928326,0.2587147876183352,-0.3024720722323903,0.20923374497294492,0.30426634999610186,0.4607777605962761,0.4773323017101504,-0.6296980650445269,nm
4.81640100479126,-70.33025080050598,-15.368826332036441,-85.05298151385352,0.046650068402704484,0.06073600432600025,0.003644967235392487,-0.2208641499085918,0.13434253283714165,0.1173822951440459,0.07667057381819972,0.28391458584797524,-0.6296980650445269,nm
4.818110942840576,-71.00051494719298,-16.2256359852565,-84.86800869403012,-0.1860950503124773,0.6186766973294445,-0.26540299525751343,-0.1903791621926164,0.10909256382836496,0.011339908820065395,0.6984489769918288,0.21971346433902458,-0.6296980650445269,nm
4.825608491897583,-71.85089913244595,-17.40804562856631,-84.02780285417043,-0.18134824677547087,0.1288303361994966,-0.0671566793271827,-0.2593807958157966,0.13499718123477594,0.12998358207183855,0.23236708396859151,0.3199974496579579,-0.6296980650445269,nm
4.846656084060669,-73.227096642671,-18.97382886514871,-83.78763264691216,-0.23614565818626765,-0.0006656650118781487,-0.08340348071985133,-0.14124553229503908,0.11227976470537039,-0.07303544765918082,0.2504423198788899,0.19465667872020012,-0.638760277663972,nm
4.865371942520142,-73.9665381110761,-19.660457560173676,-83.30963938013964,-0.20792381989854072,-0.16529056283869123,-0.018898962318416535,-0.15993056529851654,0.11954465431495706,0.058174897367930606,0.26629017222091594,0.20797362519260681,-0.638760277663972,nm
4.867769479751587,-74.65089363558968,-20.36864265237733,-82.48953305357259,0.2845331860300414,-0.3558275825090382,0.12628940135542557,-0.16410176825096612,0.10647021606575519,0.1288716692871627,0.47278051495524254,0.2342503028750277,-0.638760277663972,nm
4.873743057250977,-75.2621073542282,-20.931388249417676,-82.20664577279916,-0.06267387819497139,-0.07393325601082062,-0.06631729186194696,-0.13428767861942562,0.09485219601823898,0.025161909197983487,0.11743987632938954,0.16632270257834358,-0.638760277663972,nm
4.882112979888916,-75.8493390037126,-21.694964103291206,-81.56657994505638,-0.2303471017764331,0.19267914947592696,-0.20044290255351926,-0.17422756072456588,0.08303256762511683,0.05550944572490784,0.3610573349533958,0.20082566760038015,-0.638760277663972,nm
4.891668796539307,-76.43182206566787,-22.77454696745476,-80.63428594672632,0.12607925243281853,0.09384865138281291,-0.07956242435510251,-0.23752444272131115,0.06943866305182195,0.11483449735466147,0.17616391977261558,0.27281229920806654,-0.638760277663972,nm
4.900970458984375,-76.83876433442815,-23.86571846064727,-80.3253737133109,0.14322324477029216,0.13216510577871124,-0.06946848446162558,-0.23499656845591177,0.03411948811674854,0.0029425052577598367,0.2068970356516112,0.2374788095653903,-0.638760277663972,nm
4.919038772583008,-77.1644064051094,-24.918137514368688,-80.41435341122897,-0.1949559446687738,0.20228231254027013,-0.14757725386525236,-0.2247930920556571,0.020038914343718704,-0.07041968245575415,0.317340511417535,0.23641578627745496,-0.638760277663972,nm
4.924201488494873,-77.54081970993482,-25.96998487900474,-80.3708030364658,0.0,0.0,0.0,-0.226055827107357,0.029299433289433168,-0.011538343744652896,0.0,0.22823853122696655,-0.638760277663972,nm
4.92953896522522,-77.89995295369606,-26.785690287033063,-80.40803964542411,0.12703946432441007,-0.1985653476872642,0.13166156261645826,-0.1788006163565663,0.03380221569515758,-0.02721387386215692,0.27000368491671506,0.18399142677303026,-0.638760277663972,nm
4.951929330825806,-78.64960548921371,-27.821669585675053,-80.57139145806403,-0.06705080646936404,-0.1073524162208061,-0.02088950577290998,-0.1007213573700633,0.045478306343909404,-0.007610131545488716,0.12828376112382167,0.11077446583269142,-0.6464631583905004,nm
4.968048095703125,-78.95476854104226,-28.400110182210813,-80.3915771105984,0.0773169485935088,-0.10216617264033076,-0.015950875436735148,-0.10708219050747173,0.04936192989813282,0.019424473577461812,0.12911339124577045,0.11950107037557513,-0.6464631583905004,nm
4.983307123184204,-79.1901644126248,-28.92143929590889,-80.49261741422895,-0.027720874277664707,0.05665063193632207,-0.1510010773128479,-0.11667216974312669,0.02158027485008846,-0.03046034132789123,0.16364310654330477,0.12249871774425218,-0.6464631583905004,nm
4.98484992980957,-79.29352938400919,-29.6629898532329,-80.67922852361221,-0.06436659868156905,0.16083206028201877,-0.21943354328526637,-0.15631795391814243,-0.008159208176668174,-0.035101937361180544,0.27957305048791803,0.16041827016188945,-0.6464631583905004,nm
4.990861177444458,-79.33801598831056,-30.629033625102092,-80.90269635053926,0.15724011894583195,0.09973195612085281,-0.1310076932175496,-0.19908762115342127,-0.02479389172032334,-0.03682404851719009,0.22767066952063605,0.2039770293742991,-0.6464631583905004,nm
5.002816438674927,-79.31192127766758,-31.58242397541336,-81.48557464059043,-0.0062952187245307375,0.042049868515265494,-0.02613956799638596,-0.20292448230345453,-0.03708467955253606,-0.10160427183592827,0.049910902976989746,0.2299500968274389,-0.6464631583905004,nm
5.0100390911102295,-79.20371968045598,-32.42361765091373,-82.18950855250844,-0.05770569952876187,0.013731568876978533,-0.02611642071620877,-0.17627676320842744,-0.05696277837318999,-0.11698033245288392,0.06481181352927082,0.21909507878549078,-0.6464631583905004,nm
5.028628349304199,-78.86917501216134,-33.63366505292741,-83.39018414353818,0.061213782103457494,-0.15276669245080626,0.1158531749725889,-0.08591009268654917,-0.03216047649864674,-0.09329274828393656,0.2012628818063532,0.1308372162513458,-0.6252181969689452,nm
5.034668445587158,-78.78436392531839,-33.8894698884998,-83.97994389308371,-0.08443845024512547,-0.08349996259270023,0.027679352719088817,-0.03735788215742812,-0.03795574353429854,-0.09623855628753877,0.12193540174915814,0.10999140667724684,-0.6252181969689452,nm
5.0457093715667725,-78.56514534595411,-34.0571175882225,-84.47695569878879,0.02111765124737846,-0.04451010583852839,-0.06854838590402144,-0.02683181777459383,-0.03931712536719514,-0.0626389929289075,0.08441555500030519,0.0786729065649444,-0.6252181969689452,nm
5.054668188095093,-78.33773058540729,-34.25772944111418,-84.97983773518415,0.02426886640469155,-0.017348316838988274,-0.11959891801904118,-0.043777476666132915,-0.041453516860556615,-0.06281730354146464,0.12326330826746466,0.08706822122670688,-0.6252181969689452,nm
5.0664074420928955,-77.92857186746905,-34.601152106456325,-85.73121590893224,0.07248256398736047,0.06616529857779542,-0.19295461018699,-0.07038333101368895,-0.07302674113491407,-0.09186590899504782,0.2164787527922403,0.13684320750718562,-0.6252181969689452,nm
5.08697247505188,-76.71997955481585,-35.699422339517355,-87.7200804641941,0.006987093218586293,0.036103159510131676,-0.0696399599906932,-0.12585872496730835,-0.11443704786179101,-0.11860260540925206,0.07875266107100493,0.20737124820857197,-0.5584354674236034,nm
5.099516153335571,-75.73337469963397,-36.25613387613274,-89.00206902730477,0.07728573418185221,-0.010568557478210816,-0.016243615904775015,-0.10943970650835044,-0.14519689697794882,-0.12866652421800537,0.07967831682998848,0.22274259293408957,-0.5584354674236034,nm
5.104735851287842,-74.78823651073702,-36.63041273036413,-90.30296346604217,0.028336478352887634,-0.04261871807962979,0.0412523049061597,-0.07114554033707868,-0.14530733316048755,-0.13609893806070805,0.0657347989748611,0.21142097795942638,-0.5584354674236034,nm
5.10915994644165,-73.96069409389449,-36.789487913691325,-91.44597333931102,-0.03591002196181771,-0.09778163454172206,0.06177519581208652,-0.023872559869397444,-0.13999637703212234,-0.11787696606090038,0.1211071944542138,0.18456398301012247,-0.5584354674236034,nm
5.120217561721802,-72.96649641714018,-36.696777200516024,-92.56938452138058,0.003517621990175821,-0.09048168673061303,0.03643234187151602,0.024088447518380487,-0.157861258449312,-0.09399250613294502,0.09760443039291598,0.18529711663217524,-0.5584354674236034,nm
5.129080295562744,-71.88714896037588,-36.397168900028724,-93.69121018952005,0.016199562198196533,-0.03446574857825548,-0.04524132971199279,0.0531012053137391,-0.1708033072365044,-0.08422607540192184,0.05913621187210083,0.1977056892107807,-0.5584354674236034,nm
5.143626689910889,-70.66247478735404,-36.03765466396481,-94.81975585036973,0.02487256379147831,-0.02049787320909132,-0.08006871395423733,0.05288073168039414,-0.1901612570666294,-0.06954913910480896,0.0863122597893406,0.20927197189885371,-0.5584354674236034,nm
5.161627769470215,-67.69854339639181,-35.4547351317333,-97.46714434690675,0.02704754649328268,0.012780971513717926,-0.08682439822956126,0.012952910721088623,-0.23816257566904356,-0.09083654124836035,0.09183354034374476,0.25522630658187734,-0.5016701473100629,nm
5.168127775192261,-66.01524799967746,-35.23983393634294,-98.92792282247858,0.0461071762899602,0.0027642857443462504,-0.05574227280122708,-0.006439441316741705,-0.26635272251301206,-0.08662536504569478,0.07239277559367567,0.28015922805409293,-0.5016701473100629,nm
5.188946485519409,-64.21938619435345,-35.01428351613961,-100.41340764068856,0.05940984722917091,-0.02242499392083994,0.044778313346030565,-0.0069465238421499145,-0.2821629920784704,-0.07980273950564636,0.07770140054245118,0.293313289035411,-0.5016701473100629,nm
5.198604345321655,-62.37206893097658,-34.62223283103658,-101.87201942985035,0.0392938626107745,-0.056121033782411,0.06413873663656147,0.01856081941837334,-0.3048246405379003,-0.07032991219409782,0.09384751253504342,0.31338293196307154,-0.5016701473100629,nm
5.204240322113037,-60.559204458617366,-33.956068434471625,-103.19604921564293,0.23420304825027702,-0.022584562088969567,0.1374673100786414,0.055059797319446144,-0.32054416030213506,-0.050492297279655686,0.27250392950328156,0.3291346412476761,-0.5016701473100629,nm
5.205728530883789,-59.00716929541228,-33.053507580564855,-104.47867895665566,2.5502771490253573,0.11130225419541274,1.264681751023782,0.10319156211944013,-0.2936978981534161,-0.07540024414194092,2.8488105693433643,0.3203000947378083,-0.5016701473100629,nm
5.213747501373291,-57.88643908986005,-31.53519149752936,-106.53835815442481,1.6837008305008339,-0.3542092136415287,1.0297916396660316,0.23173870158244694,-0.2628917161538877,-0.2828085789306019,2.0051891369104813,0.4503282941923604,-0.5016701473100629,nm
5.227065801620483,-57.41370110559823,-29.16511633792646,-109.69477395813486,0.12885405866927352,-0.48579708818264866,-0.152118876640517,0.4150891734235103,-0.22385750714848843,-0.5745356079092473,0.525111732827079,0.7433050317035376,-0.5016701473100629,nm
5.255003929138184,-60.30307597677808,-25.51942485234944,-113.46067238835951,0.04292680816182514,-0.23987035131544043,-0.515040296725644,0.3878932468260202,0.19114542049611555,-0.391605086082609,0.5697780300699513,0.5833971941616074,-0.45341962521355345,nm
5.266990423202515,-61.975685949670115,-23.614574575101226,-115.19468213545542,-0.4707861595644857,-0.10559732717399713,-0.39179849919148585,0.4628942043780655,0.12203842026715189,-0.47640412733393106,0.6215275275580884,0.6753705005468544,-0.45341962521355345,nm
5.268912076950073,-61.46552199977969,-20.810846908983784,-117.84198205085055,-1.0281485282017298,0.2816399749853289,0.30651855616313767,0.4497922669117212,-0.3336629315740641,-0.4815550335519281,1.1092177860210566,0.7386063130107826,-0.45341962521355345,nm
5.270435571670532,-58.76170633828368,-17.807966959171317,-120.02858536395097,0.6969616234745099,-0.5599659461698246,0.2543217221855764,0.2679802458444069,-0.7363936717209996,-0.24948619472373457,0.9295143376202053,0.822394317387525,-0.45341962521355345,nm
5.296991348266602,-58.94678526971436,-13.297039442958528,-122.06385449947167,-0.5161941970915062,0.001501963492163961,0.47785273780322685,0.4294083569463608,-0.11507692171149213,-0.21388674454986067,0.7034215976434871,0.4933373839677097,-0.4124066814315204,nm
5.305054426193237,-58.39993827907064,-11.039143819069777,-123.28972833918569,0.13050446280390807,0.06147048292072293,0.2727271880680753,0.3113254280423235,-0.3327679893036821,-0.21385439924522529,0.30852901677761657,0.5033803342677261,-0.4124066814315204,nm
5.31083607673645,-58.01628357977877,-9.09762983328646,-124.63376254021028,0.7041152926371352,0.15109992071075282,0.40039098713627264,0.2685818240130283,-0.2784364278750031,-0.2474194557961065,0.8239675199570874,0.45921610126867135,-0.4124066814315204,nm
5.323542833328247,-57.91772295485366,-7.481132910069095,-126.0171240945012,-0.24048735206471022,0.4416652381017694,0.026902418738115667,0.24108293351732235,-0.20151798079587183,-0.26606536108938567,0.5036130351614714,0.411729588187427,-0.4124066814315204,nm
5.33055567741394,-57.643800663398174,-5.633391504327769,-127.8072367330141,0.4497997796938134,-0.08356719571265271,0.19131130140774782,0.25126184978377647,-0.26402973114651324,-0.3443004962292881,0.49588641043913073,0.5013851292068794,-0.4124066814315204,nm
5.338471412658691,-58.11428434285412,-3.5270251953061504,-129.7213311708522,-0.12392136001851349,0.22537767966106012,-0.0514676453878642,0.3757669065146201,-0.18896349936637818,-0.3830294144908951,0.2622985331259258,0.5688756494081921,-0.4124066814315204,nm
5.3510565757751465,-58.509044481406235,-1.2406549100656104,-131.21669795976783,-0.09429994846733183,-0.15809687668095657,0.17338300288903452,0.38753108304207845,-0.23510493125316406,-0.29514429295735406,0.25288093717802057,0.5408926165965087,-0.4124066814315204,nm
5.366954326629639,-58.46622297489671,4.429325161725864,-133.5136341669612,-0.1545827420813328,-0.13983736313452397,-0.07345858676786801,0.4120583284251476,-0.4220047403017197,-0.20857814069413594,0.22101238935347714,0.6256076307375666,-0.3775456792167924,nm
5.3799028396606445,-57.95419907732381,7.317058267514684,-134.26854165643965,-0.015266510517293939,-0.04041301217042103,-0.2242420032056652,0.3333172420874495,-0.4724666529522459,-0.1552482863035287,0.22836539557855698,0.5986878589255538,-0.3775456792167924,nm
5.39246129989624,-57.406677434988985,9.870217918097707,-134.94865241208822,0.1135475324502995,-0.06539894206385194,-0.19502455881293618,0.2749467952055686,-0.434264245054688,-0.14661491164948084,0.234956681728363,0.5344877052325114,-0.3775456792167924,nm
5.399641275405884,-56.938632919449134,12.12007728713132,-135.93643083990813,0.13859073821575615,0.1498609143036595,-0.12227263945907932,0.2374984468330089,-0.38351159612347924,-0.21009679217338964,0.23794176748819662,0.49762166220012843,-0.3775456792167924,nm
5.412043571472168,-56.35101761263461,14.018507686714283,-137.17363023003134,0.2905100644190912,0.12211943874313573,0.03612869552345408,0.16504892438475022,-0.352538573333124,-0.269140929740817,0.3171979468533008,0.47324563726469665,-0.3775456792167924,nm
5.437759160995483,-55.165971064918516,17.356256244593894,-139.84563477738118,0.015245581688647024,0.017508192115237423,0.2581275361355735,0.12042715842616492,-0.33521266782527,-0.30317216341116787,0.2591694223159651,0.46774308527710307,-0.3479138273342735,nm
5.444618225097656,-54.156354424944034,21.745385403843205,-142.08959542680955,-0.17415596311431822,0.02394084119728421,0.19928760757046146,0.21618680675771407,-0.41551270914791033,-0.22089082992751813,0.26574238257505634,0.5178612802919338,-0.3479138273342735,nm
5.4545323848724365,-53.73972477723115,24.363005662793455,-142.776788487905,-0.14904226402523552,-0.013304395268054686,0.1640661393513007,0.24520318773901295,-0.45882371210532513,-0.16706676293293457,0.22205472631956535,0.5464019631593331,-0.3479138273342735,nm
5.489783048629761,-53.10385304755018,29.55715727856633,-143.85224475056364,0.06316123290413851,0.06861524910330584,0.07966916175512316,0.2452248354710412,-0.4257773193995363,-0.1291245757823086,0.12265630471461107,0.5080302173274884,-0.32272675323413247,nm
5.4918293952941895,-53.01905361576389,31.693871222203914,-144.57460474826505,0.11364843345009211,0.05207072726900478,0.03922897108776053,0.22468899492702282,-0.3518477880811872,-0.15134810168108886,0.13101999556017183,0.44405884553897684,-0.32272675323413247,nm
5.49401330947876,-53.20961820097826,33.48928545462353,-145.6429385013079,0.12084457220800157,0.04326440455726664,0.030077196221274666,0.218389988226509,-0.2725376169375875,-0.1916621535254463,0.13183268588010638,0.3983783637418148,-0.32272675323413247,nm
5.500545024871826,-53.56762581493057,35.100734164986726,-146.91474000132965,0.08488624216843037,0.057096942464033074,-0.004990891564163739,0.2022691351263037,-0.21231042406413517,-0.2126997915374981,0.10242384462039955,0.3622564292198704,-0.32272675323413247,nm
5.510405778884888,-53.91692288868784,36.44641008556788,-148.12494450687134,0.0,0.0,0.0,0.18405774512767664,-0.1912313717953011,-0.20004728759517146,0.0,0.3323636688544383,-0.32272675323413247,nm
5.518426895141602,-54.28216966761584,37.898651026276816,-149.22337816154374,-0.04040219371513658,0.027758877180831452,-0.056534936379576295,0.1804567230219717,-0.2242338782921086,-0.1747546622522452,0.07482707765761433,0.336726377102604,-0.32272675323413247,nm
5.55509090423584,-54.35397505614126,41.78008648797519,-150.51100707460984,0.03635418809634668,0.06453411488631307,-0.07097191188049093,0.17337115300995457,-0.356700431808624,-0.10615734945969638,0.10258309437854066,0.4105631956139858,-0.3013177402490126,nm
5.558375358581543,-53.71867586668083,46.50841650290729,-151.04934139597697,0.19958145394412957,0.10275916423974442,-0.010885738175904505,0.15170083862851808,-0.39100884639539163,-0.10357583554276156,0.224745860672311,0.43200580564204444,-0.3013177402490126,nm
5.56926965713501,-53.364789560992,48.60084630394981,-151.40972178258912,0.20501503238151708,0.06694890085758218,0.01034857188891477,0.13219908903937816,-0.3405380086286365,-0.12509194029999823,0.2159176041191938,0.38612268515540116,-0.3013177402490126,nm
5.576676845550537,-53.254483917261986,50.30465349272723,-152.08073197565943,0.14871499544307132,0.05084592110544203,0.0025408192593769697,0.12471599212284477,-0.2691318365146441,-0.1520585401875251,0.1571875100801663,0.3333284022715313,-0.3013177402490126,nm
5.606799125671387,-53.78503265277185,52.69098175881561,-154.15841365444467,0.003169477999027607,0.04140848865024608,-0.015928146249261827,0.10942890291997295,-0.16216868080613334,-0.1635652374110597,0.04447937011718749,0.25500382883009176,-0.2831200792116607,nm
5.6192662715911865,-54.39581168567466,54.705849896046516,-155.817475524532,0.004439727938805669,0.041401634650237294,-0.014872749068185543,0.09769169122566831,-0.18154947363704077,-0.10152459566915868,0.04421544075012206,0.22980670451099558,-0.2831200792116607,nm
5.622807741165161,-54.53667787848743,56.0061974522654,-156.23638879070467,0.06600411586487794,0.04658873425013159,0.039552827683644445,0.09780672959108586,-0.21110974846803135,-0.0624540769824132,0.08995265225609352,0.2409024574039552,-0.2831200792116607,nm
5.639312982559204,-54.588183490084404,57.44545757181838,-156.43335162642668,0.1537949620586823,0.039425347348737504,0.08415483114754892,0.10020681484987658,-0.22413087157513426,-0.03272605334568446,0.17969219230025715,0.24768336218440543,-0.2831200792116607,nm
5.644887685775757,-54.831289010067216,58.67480022142087,-156.74458994963075,0.2547674394782964,0.0384403586517108,0.12389696364143236,0.10881621168427845,-0.20938786471919021,-0.023163842696901207,0.2858925794615278,0.23710927739223192,-0.2831200792116607,nm
5.660348415374756,-55.36857798049308,59.70504397448523,-157.31407885758188,0.30483412337673216,0.05492042988661808,0.1090308622426309,0.1186603064684035,-0.16210721869944378,-0.02388581867020318,0.32837147457591875,0.20231053116234599,-0.2831200792116607,nm
5.676097393035889,-57.299917364586726,61.543343685248686,-159.38999064760048,0.26140427013631584,0.013244740740164325,-0.03395222013729417,0.14644247855018042,-0.04075717305282443,-0.047115857570630325,0.2639325081437022,0.1591428625914271,-0.2676520673299116,nm
5.683710098266602,-58.89026685490185,61.84175034836602,-160.9928210738537,0.1917085781545451,0.007383664626911117,-0.13166695167042577,0.1498266913230865,0.001507447366267468,-0.042840621418401344,0.23268623423731422,0.15583846981377963,-0.2676520673299116,nm
5.69493556022644,-60.47419335608932,62.04319414143311,-162.52655220024528,0.10564418332750163,0.018264944112767953,-0.21531823130114122,0.1418268083434438,0.014998531433150053,-0.029392870432866616,0.24053324590382316,0.1456150416073917,-0.2676520673299116,nm
5.699705362319946,-61.894603313986586,62.272030889192706,-163.86627880610317,0.08412412958897317,0.013358600197489965,-0.22883191755544874,0.12794410538045545,0.0011981232346270805,-0.018870980084493307,0.24417077603685994,0.12933384510730278,-0.2676520673299116,nm
5.721362829208374,-64.13409243787714,63.02044769438999,-168.60277294120894,0.16309404232646754,0.0326122278128186,-0.0846707662300174,0.09229444818697756,-0.02784040610168012,0.017141024105207032,0.18663430204354456,0.0979140852248564,-0.25450425723042486,nm
5.739234924316406,-65.1641035414478,63.46174703487171,-170.80398266987896,0.22000645191951831,0.02844802790709973,-0.011123962637423586,0.08804409031195981,-0.015398422263640616,0.0190305898107892,0.2221167974800133,0.09138400623531687,-0.25450425723042486,nm
5.743046760559082,-66.3968135340541,63.470198506918614,-173.20650211537247,0.28160310713209297,0.02754584064113318,0.06329913404001228,0.09783048398694318,0.020236187889906245,0.0113614596512287,0.2899411382561833,0.10054546067745491,-0.25450425723042486,nm
5.749619245529175,-67.86937700512978,63.21481644166467,-175.83669753298085,0.2919274683408743,0.024865182365712533,0.08639077651082105,0.11594055463471752,0.07023374505027716,0.0009889007295599771,0.30545587297044224,0.1355579915661418,-0.25450425723042486,nm
5.771963596343994,-71.47369773287637,62.48662976843259,178.20333724532833,0.19924313840877905,0.06648789671555484,0.009856835969828184,0.1472929934749962,0.1445040514761696,-0.025800743518879794,0.21027511937453341,0.20794789055429191,-0.24332861864586114,nm
5.7886528968811035,-73.25385036774199,61.88210533921915,175.22599532040152,0.1256250201592866,0.09014615671187531,-0.06288609570812063,0.14235803913175626,0.14899716638595475,-0.033076009031286206,0.16692104808367952,0.2087102998654361,-0.24332861864586114,nm
5.790124416351318,-74.82097176571527,61.278903004046896,172.44488312800857,0.08172760852578655,0.1155900854288074,-0.09237296021185992,0.12369005875229566,0.13159409643936934,-0.03886993993280928,0.16903619027618041,0.18473524049899248,-0.24332861864586114,nm
5.7946813106536865,-76.04829206579068,60.777974008931956,169.95811494642157,0.060559701245189904,0.10916949614864496,-0.10463006778587838,0.09634647596663107,0.10416393478628902,-0.04565702877427687,0.16288924884452372,0.14905479870787802,-0.24332861864586114,nm
5.803590536117554,-76.96983738917035,60.395363378240745,167.73571394375813,0.06522932360612457,0.10093164744562756,-0.08986412550200955,0.06952020325983793,0.0823767745857605,-0.05164179352651392,0.15005873238982761,0.11952349765245941,-0.24332861864586114,nm
5.8147947788238525,-77.59089886386202,60.06995729578104,165.7678977728216,0.09674703959406088,0.07261111903099915,-0.04371247800284045,0.04763282462395401,0.07885635145465379,-0.060156744412546,0.12862015786919842,0.11002746950063254,-0.24332861864586114,nm
5.853641033172607,-78.41079312880277,59.112403566220394,162.22192280395453,0.08118774841782059,0.06986500827889192,-0.033486152392150824,0.04590233315572499,0.12638768402676356,-0.07028585324092249,0.11222251234487363,0.1517266358573625,-0.23382932584898197,nm
5.859297275543213,-78.70122377568437,58.340164809489295,160.5366617286482,0.04217431400874985,0.07572587859931632,-0.008961153951564715,0.055095312492757925,0.16011402208240486,-0.0770841115960839,0.08714002370834352,0.1860482566073571,-0.23382932584898197,nm
5.861324071884155,-78.92057692561872,57.387573695648236,158.9239411769841,0.041825228834143094,0.07116864210702778,-0.008595856322924256,0.061952900857553554,0.18583532058426838,-0.07536985727733855,0.08299526572227478,0.20988936058630994,-0.23382932584898197,nm
5.864296913146973,-79.06631696579599,56.35255632347644,157.41878156980417,-0.01439903945753676,0.10211600976117165,-0.02834949920121066,0.06153972884903585,0.19375391441781759,-0.07008289908374583,0.10695188587305438,0.21503332375011633,-0.23382932584898197,nm
5.877368450164795,-79.12495629303677,55.369085801273435,156.0616559396927,-0.03149673750981905,0.10004067390285891,-0.024282271281131775,0.05418480450528186,0.1820306402246472,-0.06334220266527137,0.1076559780377805,0.20020834562614737,-0.23382932584898197,nm
5.885971784591675,-79.12977632192067,54.52332582671583,154.83388618649846,-0.021235154070133707,0.10243166683827121,-0.013304613530151681,0.04096061045558721,0.16019980732885983,-0.05312813907074216,0.10545231567317809,0.17367886756372605,-0.23382932584898197,nm
5.902251243591309,-78.88590628222666,53.25133864410534,152.75393663623814,0.04026676325632079,0.0550348198110234,-0.007917595295466411,0.015137431688603412,0.13122363554127225,-0.03901676378509032,0.06865079700946808,0.13773558806298872,-0.22575492697163468,nm
5.908716917037964,-78.7049086624159,52.68593757545657,151.80145456968884,0.04371624949654997,0.057542703129962146,-0.008641064523088736,0.016475651114190037,0.13548555351339225,-0.03782213889831044,0.07278008759021759,0.1416273154490682,-0.22575492697163468,nm
5.925578832626343,-78.45847663384973,52.03817020339314,150.90115029340564,0.06261543756750072,0.036270195203892776,-0.028925160010414484,0.021853690712466126,0.1554722683742086,-0.04192069559869592,0.07792871719415218,0.16250093769162255,-0.22575492697163468,nm
5.941831827163696,-78.15426972549577,51.24106766272152,150.04238401852524,0.05861652287144445,0.023559629775508423,-0.03132714149907978,0.032773162332032986,0.18025529177192895,-0.04518502464642453,0.07051484030472564,0.18870012409461479,-0.22575492697163468,nm
5.943411588668823,-77.82809702266017,50.302388058452465,149.20214439094858,0.012297220509900465,0.06754018092029017,-0.05065002627321728,0.041122704805513874,0.2010089953164118,-0.04847273021585042,0.08531308711148744,0.21082053653098723,-0.22575492697163468,nm
5.949556827545166,-77.3934673626903,49.28641075913083,148.45632804781152,-0.006274092322630112,0.06927179435896832,-0.06744188441357485,0.037289873993721856,0.2154095918008129,-0.05042396379603069,0.09688319514465897,0.22435329965740175,-0.22575492697163468,nm
5.962121248245239,-76.84747161445625,48.268667495506435,147.82651543293508,-0.021458291481647195,0.06499118243458232,-0.07446310877227683,0.02576972939639696,0.2181299550579172,-0.045288205907397044,0.10113884830068229,0.22426720188436672,-0.22575492697163468,nm
5.987440824508667,-75.52819841896866,46.535615800187806,146.90796188449127,0.010708733980347294,0.04554148874524608,-0.03327757690321612,-0.009037740706639158,0.20171633082959864,-0.03712713115077194,0.057411682653835214,0.20530363549611863,-0.21889168792588948,nm
5.989169359207153,-74.75872364907315,45.8211801199791,146.6012722644887,0.02848049118266989,0.02902722115866756,-0.007578430599201405,-0.02134436043990649,0.1981222254529182,-0.03331492583462538,0.041366055607795715,0.2020343590193811,-0.21889168792588948,nm
5.995963096618652,-73.96509984571902,45.127811236512876,146.3141604747091,0.04517520868224569,0.017910972404442917,0.011501484900382296,-0.023387589609643388,0.2010587334830006,-0.03429416539433507,0.049938828248877486,0.2052990098311031,-0.21889168792588948,nm
6.0070013999938965,-73.17263093188737,44.390017542605285,146.01906398664687,0.047759878111780826,0.011609958507042035,0.017044700104244997,-0.016151678451685966,0.21027374599639034,-0.03938772170005806,0.05202229229312226,0.21453978090993372,-0.21889168792588948,nm
6.024615526199341,-71.61763042403079,42.584715027578234,145.3870142535586,0.022198989179560598,0.020494478594402427,-0.007212249461782231,0.005480737268799069,0.239316733763974,-0.04443506668420984,0.031061798334121704,0.2434687098821871,-0.21305793473700607,nm
6.033492088317871,-70.83316978960437,41.54435843026386,145.0793469261673,-0.009658767207622957,0.03928997473537975,-0.03934090799304309,0.009609010650731904,0.24797583572049772,-0.04315754423599301,0.05643315462026656,0.251886724166731,-0.21305793473700607,nm
6.0460991859436035,-70.03940801605485,40.485415221461174,144.81419360879087,-0.017193998954844344,0.053317714606186166,-0.0542997577028441,0.006673196735039798,0.2509447177899104,-0.03666064526986279,0.07801843357485129,0.25369624721884443,-0.21305793473700607,nm
6.054385185241699,-69.20473378424765,39.45660804815231,144.6268763389259,-0.024170664367841748,0.052452128281884065,-0.05536787685343845,-0.0013549894316246184,0.24950075897760074,-0.0269523278689401,0.0800065532599649,0.25095595769838475,-0.21305793473700607,nm
6.07681679725647,-67.39553091216544,37.579853468057024,144.46686230723967,0.027174321576635536,0.02297993504449699,-0.011381514463541197,-0.021606947882584326,0.2518501284834198,-0.015457917632056803,0.03736388683319092,0.25324749679204184,-0.20809924452645517,nm
6.089871406555176,-66.38539509203642,36.67172167062314,144.44478917462965,0.0,0.0,0.0,-0.025338434754557947,0.2623928196316534,-0.015026478466730185,0.0,0.26404132844153677,-0.20809924452645517,nm
6.0920069217681885,-65.35567289473981,35.711895958293425,144.3981449566745,0.0,0.0,0.0,-0.02244385201997418,0.27504225385113135,-0.020994165028405103,0.0,0.27675390306596326,-0.20809924452645517,nm
6.101359605789185,-64.310961526895,34.67993034474681,144.31168157652087,0.0,0.0,0.0,-0.016519072054344813,0.28694204167265214,-0.0316048140024094,0.0,0.28914957943758723,-0.20809924452645517,nm
6.127089023590088,-62.238901047400674,32.36241012633859,144.14231387917454,-0.01935775761442575,0.013990904059263698,-0.01513557758705646,-0.010641787138543227,0.3073227642035094,-0.03559079111338024,0.028276383876800537,0.309559741315411,-0.2038843578474869,nm
6.135243654251099,-61.16831238481347,31.148283710238346,144.11627986102374,-0.0322948582943999,0.043440587731664794,0.0033245121830941405,-0.014692170965092045,0.3091718536088256,-0.02973650610616997,0.054231862553146534,0.31094590324843785,-0.2038843578474869,nm
6.141531705856323,-60.09620716372619,29.965908414958072,144.13024663599407,-0.029180902769649464,0.044689965380680874,0.009636494229635644,-0.021102811723973422,0.3070112623102997,-0.020025953969263103,0.05423633572814439,0.30838657992915347,-0.2038843578474869,nm
6.151650667190552,-59.00111066037742,28.82234909648153,144.19453959157042,-0.0010825182789002009,0.021097477698580145,0.024026147642424313,-0.026835297875446678,0.30533077475727466,-0.008354803853267506,0.03199267387390137,0.3066216201988505,-0.2038843578474869,nm
6.15645956993103,-57.91832020031277,27.710288206136703,144.29097408664364,0.0,0.0,0.0,-0.028373364377442003,0.30508729980552207,-0.0007587455354987868,0.0,0.3064047715090404,-0.2038843578474869,nm
6.179426908493042,-55.77141272865241,25.43913497421651,144.46930862213367,0.0,0.0,0.0,-0.01685948325334701,0.3167744661065785,-0.0025559375642634765,0.0,0.31723309627072355,-0.20030170417036386,nm
6.191407203674316,-54.71988663294322,24.197906682139713,144.49214456649753,0.0,0.0,0.0,-0.008632056163586583,0.3273201864797145,-0.00921010021598888,0.0,0.327563494328527,-0.20030170417036386,nm
6.198060035705566,-53.65592153851175,22.87457366924357,144.48269993082718,0.0,0.0,0.0,-0.003814453537114915,0.33881659037038686,-0.014847907405422746,0.0,0.3391632237143664,-0.20030170417036386,nm
6.209245204925537,-52.56320111700056,21.481292363478516,144.46160158455416,-0.04096428516683437,-0.0023851596519188158,0.008613881093563648,-0.004270537814134712,0.3502073034258797,-0.014919334135759837,0.041928040656449964,0.3505509654773505,-0.20030170417036386,nm
6.2135210037231445,-51.418619922447526,20.057431487087317,144.45555876115165,-0.05525699762781373,0.01808369749520878,0.031222398168185932,-0.011718365973056628,0.35855260429164476,-0.010944120717132709,0.06599389403051749,0.3589109414933884,-0.20030170417036386,nm
6.22833776473999,-50.2619501739734,18.655040600642327,144.47464259439738,-0.05014527668150289,0.02169350871830685,0.0422518660751704,-0.018264935438129664,0.35874122866372105,-0.003709592240366061,0.06906791788384725,0.35922505213905254,-0.20030170417036386,nm
6.233693599700928,-49.105735351732996,17.291180655509415,144.5222756554993,-0.017051527765598814,0.006762746262466402,0.0572148095010666,-0.02370978209783961,0.3567572211189479,0.0050437892480423505,0.06008347328837466,0.3575797930499144,-0.20030170417036386,nm
6.252948522567749,-46.77994015721861,14.622386513004328,144.67015869707632,-0.019507877146733056,-0.0020378244775414002,0.0564849617870122,-0.024664000793451865,0.3564063295644483,0.01424609123081384,0.0597934854934342,0.35754263494595745,-0.2,nm
6.278493881225586,-45.63695952279894,13.272120292891804,144.69300606492766,-0.022231418609858205,-0.008915109891444119,0.055070297749490245,-0.020829716889192534,0.3593257945168026,0.01120085608270005,0.0600537496914288,0.3601032669774057,-0.2,nm
6.279974460601807,-44.5102318991739,11.872019241225306,144.63944234358206,-0.03204801259078898,-0.029697070117733048,0.042572466049979295,-0.013782169017754364,0.3637074077129313,0.0062232105850386354,0.06100332736968994,0.36402164078263277,-0.2,nm
6.285601854324341,-43.39805112223564,10.416809300243841,144.53534418368795,-0.0447538466009922,0.0028998667987849822,0.06294622541311973,-0.007891419551533174,0.3686540474444849,0.0017804007170532353,0.07728870102929093,0.36874279793163706,-0.2,nm
6.2930755615234375,-42.273845823467624,8.915210714044337,144.33581458761643,-0.06491842663807744,0.01396253574322059,0.07294817589042711,-0.006158880213027044,0.37412311183272284,0.00045111013494481244,0.09864477121107254,0.3741740746139854,-0.2,nm
6.298820495605469,-41.13548248905629,7.3952571109838185,144.12367744653577,-0.07758781091216599,0.022288842094612033,0.08919480054870492,-0.007134892513164289,0.37691880288734775,0.0032861607687497065,0.12030117758768542,0.37700064922199245,-0.2,nm
6.309840440750122,-40.00420672894276,5.96354892642125,143.9452099444857,-0.0759983200207268,0.01812380833349341,0.10120945145973995,-0.01113285462359528,0.3780813668959708,0.009428002329214136,0.1278576166650367,0.3783627197200003,-0.2,nm
6.33840012550354,-37.694795971239586,3.057315311816483,143.59305103223716,-0.036415909910528,0.011023457135374677,0.07832457474051885,-0.013909829063700174,0.3726540846650963,0.02157694572900537,0.08707682877844287,0.37353730034516575,-0.2,nm
6.349228382110596,-36.585617719855655,1.6625203730020204,143.37621561280983,-0.008246288297189947,-0.007884774681375087,0.06596117327794679,-0.009693860464301237,0.36562774518459995,0.022138839646357888,0.06694062535306752,0.3664256366581946,-0.2,nm
6.351853847503662,-35.50581623529718,0.28858945618071224,143.13307874057946,-0.01020400714485299,-0.01299403240683005,0.07299050465590552,-0.003914336947588283,0.3600268236425948,0.019413888458638007,0.07483702566193906,0.3605711231380014,-0.2,nm
6.356757402420044,-34.42355257635302,-1.0907504771729897,142.84091431168346,-0.0190400559179402,-0.0282283997562852,0.09856433487388054,-0.00046004676797053816,0.3573969222856362,0.015485772957625613,0.10427988488337238,0.35773255494345063,-0.2,nm
6.385717391967773,-32.27301625396929,-3.836969037738891,142.83486581960594,-0.056810047809299366,-0.001014733233702818,0.05874576025385667,-0.004554953225758272,0.35219068166256245,0.01084594484748035,0.08172805860556133,0.35238708598423957,-0.2,nm
6.388782262802124,-31.211062361367656,-5.2127554109841805,142.8131674514163,-0.06363979605501424,0.013145270476459284,0.05174310895888251,-0.004466738814148655,0.34956425808847036,0.014853082710137834,0.08306726853914162,0.3499081827488044,-0.2,nm
6.400788307189941,-30.158517707187908,-6.5620850002961975,142.79065907418416,-0.06476933944474025,0.009209108094550077,0.061722422388205855,-0.004423820738565668,0.34353234946180106,0.019434744672176513,0.08994182803052864,0.3441100908388835,-0.2,nm
6.404270887374878,-29.108286712216064,-7.8750748361522716,142.7689250299016,-0.056100180414262346,0.00653932625760302,0.05882722460899475,-0.006820005131600472,0.3384857224503495,0.024299304385233332,0.08155142785759964,0.33942532752630045,-0.2,nm
6.413154125213623,-28.0329453488239,-9.154396056467576,142.74069161910694,-0.04714587141968782,-0.008026315293813221,0.07171550192868742,-0.009970347810813743,0.3366703477801837,0.028306011180220594,0.08619900316129535,0.3380052679749728,-0.2,nm
6.435188293457031,-25.85431248139252,-11.62509890234072,142.59994394740605,-0.008418232202582435,-0.0318144947577445,0.06142029812403365,-0.016278333144457702,0.3319221301836093,0.025651305559921872,0.06968128681182861,0.33330957698889374,-0.2,nm
6.453821659088135,-24.751843404106342,-12.822233648483467,142.46400008992387,-0.005208082967971551,-0.02486055944648641,0.04840315878951579,-0.01974254179218108,0.3294452305554817,0.021286367152993518,0.05466294288635253,0.3307219940051501,-0.2,nm
6.458903074264526,-23.642028441347517,-13.999580999084152,142.28864196436558,-0.02774175018786349,-0.014690574778978723,0.07054205042148705,-0.02125337008588975,0.32655062689387837,0.01808615750357008,0.07721138885222964,0.3277409445858675,-0.2,nm
6.464751482009888,-22.53407004273189,-15.164006077564373,142.08778607291404,-0.04094839145072349,-0.005372828162117171,0.08127529959020108,-0.023761514298064477,0.32222906452939143,0.017234167966279062,0.09116639933845289,0.3235632799541903,-0.2,nm
6.470795631408691,-21.42782945545841,-16.296998174963033,141.8755508700405,-0.04932701695157644,0.00933231572930425,0.07438434341870274,-0.028197072238458153,0.3145468649003356,0.01908841796522943,0.08974005384466868,0.3163845331268046,-0.2,nm
6.490233659744263,-19.318977050642218,-18.51635014601138,141.49072081590847,-0.0469755158423238,0.024206837887780396,0.04836446485961019,-0.021114728512376352,0.30088403482417964,0.02896852507369132,0.07163652385713704,0.3030118968244887,-0.2,nm
6.5077831745147705,-18.28223030558582,-19.580210657952186,141.3076016946815,-0.03626703457448077,0.006530992196023569,0.06798122093644018,-0.01846322074875918,0.2947090116535547,0.03229736740754286,0.07732656759419881,0.2970478278185017,-0.2,nm
6.509278297424316,-17.25309426716229,-20.58810263342599,141.10732159628267,-0.018727481072131128,-0.007773636770178367,0.06489655999516376,-0.01897453523317884,0.28753087624646984,0.031734646244111396,0.06799052489242592,0.2898984745641425,-0.2,nm
6.518260955810547,-16.207541422319334,-21.552498953133327,140.87292245286787,0.005728088984854298,-0.025795095746179924,0.0524632064087138,-0.022061592501027575,0.28370716544187213,0.029274270057803038,0.05874168872833251,0.2860654688601202,-0.2,nm
6.538371801376343,-14.095962823898434,-23.38174762038618,140.2760380422942,0.0035807023489353154,-0.011051288762480252,0.022705121238120442,-0.030974117278500343,0.27243424274154165,0.019257815923196014,0.025504410266876217,0.27486483229666037,-0.2,nm
6.558208227157593,-13.025986444402088,-24.23590512822452,139.92398209948317,-0.01126275641809577,-0.004042024774336274,0.051741768904631044,-0.035454414765588894,0.26688727560293085,0.016659078534790796,0.05310742222881798,0.26974684113582037,-0.2,nm
6.56378698348999,-11.961543440845357,-25.06397672119034,139.56107612659284,-0.02485901415319715,0.006021012103352633,0.07081834031806011,-0.03844332897593883,0.2597643633740096,0.016822659866803435,0.07529581991599636,0.26313193631114207,-0.2,nm
6.56709098815918,-10.898240749531904,-25.844670267994452,139.20057552698415,-0.03164028399335492,0.007861385719608255,0.0990569562217511,-0.04235145361125205,0.2507144357812888,0.019812384359509154,0.1042841768080399,0.2550370649653202,-0.2,nm
6.586396217346191,-9.685530553363,-27.406042047847166,138.62449747058582,-0.10183342369215838,-0.1928868635448836,0.09852045051640294,0.07517077417766962,0.17486820655919263,-0.022382543847380133,0.2393358884058222,0.19165206292857523,-0.2,nm
6.593645095825195,-9.987073032184979,-28.620916996241057,138.68902757697975,-0.12658216711703887,0.08555218827932412,-0.3741607080892671,0.2034476159004766,0.161425412970347,-0.014812974171315314,0.40415152780768826,0.2601317369565563,-0.2,nm
6.605862617492676,-10.340506964993859,-29.952648234062547,139.24064739883593,-0.1076898898476883,0.056994623843353936,-0.20612874829119018,0.22428050360351776,0.17463205269596882,0.0766723473256552,0.23944636224955576,0.2944091489235365,-0.2,nm
6.620830059051514,-10.640187037902379,-30.743657145295284,140.1754002645195,0.021826288606444404,-0.4028784819012473,0.3740550061080168,0.14439362526531124,0.1013647206333911,0.15783412717322715,0.5501859736923997,0.2367191105654104,-0.2,nm
6.638927221298218,-11.2683330951927,-31.67420211672209,142.33936657629044,-0.14925748873729955,-0.07548087127401118,-0.11676216044148825,0.08886166493199842,0.07456148362639914,0.19368767366960388,0.20398176875253532,0.22576697115964395,-0.2,nm
6.645793676376343,-11.123242231524806,-32.1085373507734,143.0186826831034,-0.23837561876305902,-0.031865148119747666,-0.15196288086221732,0.034960079682655285,0.09823099340947053,0.15261809201355156,0.28448381403044565,0.18483456724186073,-0.2,nm
6.656110048294067,-10.812297428626472,-32.69841722404728,143.21869481893597,-0.12133900997989396,0.03455988130176777,-0.11594281120311486,0.030614814922102263,0.14014449834470508,0.07469225367882384,0.17134840591080566,0.1617302694878896,-0.2,nm
6.663166522979736,-10.242228817686856,-33.6640550917639,143.07843538840015,-0.10960873669952849,0.05824446493602226,0.2098670761353371,0.041274808504412834,0.22613307963917678,0.035696652835036,0.24382510638190125,0.2326242260552398,-0.2,nm
6.671682119369507,-9.603248881213542,-34.56158299172373,142.77478238333666,-0.07151781240872844,0.10834931831440021,0.3421355019933018,0.025589781813935335,0.2213610558026912,0.012264372513898215,0.3659386205296373,0.22317250904295233,-0.2,nm
6.682764530181885,-9.326335097431409,-35.42879722343118,142.96251957528187,-0.041857172415059596,0.22349202829898507,0.014699032772995453,0.021776944737806076,0.17107048407460648,0.02002154909739143,0.2278525206361342,0.17360935536972916,-0.2,nm
6.698188781738281,-9.572345380285737,-37.14303821240634,144.77434960041947,0.05299047036044854,0.06087302009133498,0.010793447308242854,0.11824722007840889,0.1271519569283073,0.10947157529657249,0.08142489194869995,0.20526580573705627,-0.2,nm
6.716332912445068,-9.912378310800271,-37.415259701160196,146.13150545189657,0.12365637610141936,-0.0981502647506036,-0.029723238442463523,0.09956001926715344,0.05613468358686813,0.13624246411129368,0.16064820174734853,0.17783506168635846,-0.2,nm
6.7278666496276855,-10.307948462784207,-37.67039957691524,147.49548174675843,0.09032513797808485,-0.16472683014501374,-0.1479222151526326,0.08124783687321989,0.022870566954426307,0.13169469760137795,0.23911198392394725,0.15642176065277053,-0.2,nm
6.730755805969238,-10.585750059446463,-37.898830068263564,148.64609410960713,-0.03287981789212915,-0.09940892960595156,-0.16015747901950267,0.061953986145700086,0.029993135826520773,0.09888696939848052,0.19134689910187477,0.12048451067612692,-0.2,nm
6.738489627838135,-10.389201838453513,-38.101295357442986,149.2698307328158,-0.11464393839785932,-0.07585757837892171,-0.07624070021583722,0.01458789555076017,0.04005967431268666,0.05574006298978572,0.15719494005306778,0.07017505842351465,-0.2,nm
6.761470794677734,-9.671886767883349,-38.73196325839567,149.89080411339498,-0.20304668643263787,0.07205044766806187,0.12808968882071153,-0.016146031282728696,0.09822778211154494,-0.0009147873639310911,0.2506515355281687,0.09955012978724442,-0.2,nm
6.773369312286377,-9.305480627233843,-39.0468823397308,150.18977326986752,-0.20191746402914265,0.11568708805806557,0.18876071586935378,-0.018333288428133285,0.09724403002289105,0.012366673720473415,0.29964107275009155,0.09972685424994969,-0.2,nm
6.77696681022644,-9.166026547475296,-39.540795705703786,150.78197364370945,-0.15437856366130234,0.13048391784113747,0.07571365619677867,0.0027336384511998406,0.07942394107955497,0.039219091201224465,0.21585029874425352,0.08862151155583198,-0.2,nm
6.786487579345703,-9.274963103815077,-40.0158416107949,151.74425689733778,-0.06573938704241174,0.09936984292763339,0.024728271138378666,0.038303796280346136,0.07550931597330234,0.07613925226639165,0.12168615404255209,0.11386844753454531,-0.2,nm
6.793690919876099,-9.469997064245868,-40.264677911651695,152.82697102270433,0.016261326955769033,-0.014460000431987068,0.024876163615778744,0.050522588817566404,0.05409224560864204,0.10161454579709812,0.03305065631866455,0.1257140363418703,-0.2,nm
6.822338342666626,-9.895950351148441,-40.19819809318989,154.67813050611912,0.13611820910266906,-0.05843759038714696,-0.1655797334223939,0.02473105094907127,0.0018600534809503945,0.06638505660519772,0.22217058072527274,0.07086649716525335,-0.2,nm
6.833222389221191,-9.913066862312416,-40.009802795963544,155.18932165451594,0.09586094848817366,-0.04431565879986169,-0.08864702244411699,0.0,0.0,0.0,0.13788217306137085,0.0,-0.2,nm
6.834705114364624,-9.865073367548456,-39.80991472506422,155.44523060018892,0.0,0.0,0.0,0.0,0.0,0.0,0.0,0.0,-0.2,nm
6.842939138412476,-9.822412261426917,-39.69420565277184,155.6245293901863,-0.087531449692328,0.044603746085664114,0.04766259094909117,-0.030279175915299952,-0.020355586665420804,-0.03833389820834143,0.10919235974231592,0.05292132041484434,-0.2,nm
6.8498475551605225,-9.812401190069721,-39.51018169158096,155.83501061275234,-0.1662962275973629,0.1101334157292942,0.13119712105496045,0.0,0.0,0.0,0.23873937493933717,0.0,-0.2,nm
6.874950885772705,-10.286179603189293,-39.180937239071014,156.87846570108422,-0.1587345679144047,0.0757193275171874,0.09128855420081343,0.0,0.0,0.0,0.1981506490998773,0.0,-0.23490674673619077,nm
6.883131742477417,-10.663707517268213,-39.152620044685634,157.64281341193094,-0.07996018627362692,-0.0013683638476652857,0.05209369491864783,0.04900898445066243,-0.03274603518595934,0.028974524278617766,0.09544242693273189,0.06567881267545546,-0.23490674673619077,nm
6.893850326538086,-11.00297103321117,-38.98630217307668,158.3253410695237,-0.0003457419801367838,-0.061728939120355326,-0.03257412718823902,0.046989261106132184,-0.03936613284290291,0.028924764789386673,0.0697972436742092,0.06778145094660257,-0.23490674673619077,nm
6.905192136764526,-11.315140749346362,-38.7638908934188,158.85382000558593,0.059419664774509995,-0.09536116888339681,-0.12594421030144826,0.027331580508135372,-0.045145986793331344,0.012023106289878677,0.16877912549002705,0.054126984965671726,-0.23490674673619077,nm
6.919880390167236,-11.442881523032533,-38.03498109062938,159.1876654371021,0.057473270549237856,-0.06314854320826495,-0.06949955808591604,-0.023820754983368303,-0.05613236511717965,-0.04059326680062878,0.11009588507791566,0.0732535602627822,-0.2645774814619529,nm
6.950902223587036,-11.474794501362073,-37.10105787533684,159.25498307356787,-0.07654686420104992,0.028993399868689415,0.061907895770739955,-0.03406369202572807,-0.08781269021718703,-0.04914182888186716,0.10262858867645262,0.10623710756349694,-0.2645774814619529,nm
6.957022190093994,-11.681409813162887,-36.54415740835898,159.49317482302564,-0.11073756337721136,0.07436634881733922,0.14186928874563892,-0.010025584914118207,-0.10203941500058188,-0.0340259665045938,0.19473072913214684,0.10802925975448925,-0.28979760597885074,nm
6.970018148422241,-12.733604108677017,-35.41845099886619,160.38374464016815,-0.08078218630031789,0.09998781001425251,0.0965820171293319,0.05453126491716586,-0.12362090521407937,-0.010793048727256588,0.160783736141676,0.13554437266166183,-0.28979760597885074,nm
6.983952760696411,-13.507396202803495,-34.93651401808202,160.8871980679678,-0.012109846439993601,0.0510400389084288,0.07679920973673282,0.07492999382048479,-0.12143824544307508,-0.015750327260000134,0.093004583590062,0.14356122122295958,-0.28979760597885074,nm
6.990741729736328,-14.310532928144106,-34.37893441650186,161.27149427468737,0.039293218219323765,0.008800867407779247,0.05026035591837673,0.08600472772351556,-0.12326690449552452,-0.04088081168474707,0.0644012083908572,0.1557651555987685,-0.28979760597885074,nm
6.994270324707031,-15.129227641692264,-33.75922933079101,161.38598239401193,0.08826136786413633,-0.010906971023048042,-0.0007755240229043521,0.08932314820007205,-0.12746353778437194,-0.07477573130839195,0.08893611477715961,0.1726759631841817,-0.28979760597885074,nm
7.013092279434204,-16.767142919055615,-32.42767974800186,161.30221092957842,0.022572797689720907,-0.025094242114355604,0.046318619413958886,0.09288014642019868,-0.15013188898773694,-0.11819409826035723,0.05731201171874999,0.2124527019212575,-0.3112347118182139,nm
7.026195049285889,-17.699404732235994,-31.721580871362654,161.20801171804342,-0.01711227266905484,-0.0040509799662365375,0.043641812364271435,0.10077670919335943,-0.17300935406366116,-0.11556399653077279,0.04705154727557008,0.23117789471213002,-0.3112347118182139,nm
7.0336878299713135,-18.694722771707006,-30.99178201782723,161.23399670410336,-0.06483752012841114,0.006485448302122634,0.08886696374335645,0.1121404672531293,-0.19310645995420922,-0.09602093049931236,0.11019665285771912,0.2430753141842062,-0.3112347118182139,nm
7.041316032409668,-19.798004065272963,-30.24844064225399,161.4171266228774,-0.11154475639135779,0.03750184285592709,0.06862475100601174,0.12672376212204325,-0.21046770742801071,-0.0733412583223028,0.13622766733169556,0.25638741764888867,-0.3112347118182139,nm
7.061063051223755,-21.944323751484045,-28.703839602059755,161.84135780581218,-0.09383024273576393,-0.03328544185953894,0.055015352522448914,0.13050650538329372,-0.20989065868079276,-0.04465580444558698,0.11374851253887434,0.2511576744188782,-0.32945625178167254,nm
7.080996990203857,-22.941479596733668,-27.96210792958899,161.89322787184003,-0.05930162106124111,-0.023890912720452667,0.006266347869556855,0.1239263872912866,-0.19537688980302778,-0.05244251873524908,0.06423959127150189,0.2372342646151086,-0.32945625178167254,nm
7.087603807449341,-23.77855291201842,-27.22367385707131,161.7395995397757,-0.01632425566095144,-0.06639242430948118,0.010304051594756728,0.10763439911675257,-0.1769066655255701,-0.0657686482981632,0.06914194680396048,0.21727090757753972,-0.32945625178167254,nm
7.089168310165405,-24.606762554871093,-26.503260213474324,161.37468138037897,-0.005204227368385384,-0.04035034211113455,0.015953684027076802,0.10303767201787159,-0.16734298395984662,-0.08692660523976094,0.04370073368975921,0.21488757719783896,-0.32945625178167254,nm
7.098745346069336,-25.462899803749515,-25.77637903813222,160.85841787198206,0.0,0.0,0.0,0.09480559753500979,-0.1678209315848771,-0.09641965343114373,0.0,0.21551964172615018,-0.32945625178167254,nm
7.106662750244141,-26.249046036502737,-24.99057312544671,160.32792627784644,0.011236220675758676,-0.029401337235557327,0.04393402823580904,0.08188941936936733,-0.1779775456070639,-0.08793049862622146,0.054045259952545166,0.2147409051243441,-0.32945625178167254,nm
7.1181252002716064,-27.10801292613942,-24.134447625652175,159.8828950211763,0.0005054238419311294,0.020265849500664603,0.05959049123289612,0.0827438772181605,-0.20080527410925053,-0.07388168949081458,0.06294431471246191,0.2294075224773643,-0.32945625178167254,nm
7.137368440628052,-28.83043576731868,-22.217722923032667,159.23562544963622,-0.046393345186095954,-0.0024556006360957556,0.0541459377081778,0.07311277968263222,-0.2360917227468659,-0.03043719572219027,0.07134532235779804,0.2490204870807521,-0.3449445607506124,nm
7.1597936153411865,-29.663493761952438,-21.21505405776449,158.93571487914858,-0.04453891812013389,0.017154249109256788,0.01852698690491374,0.07070622675239563,-0.2398626598307492,-0.023232969387011006,0.051197975873947144,0.25114385708032094,-0.3449445607506124,nm
7.1651365756988525,-30.38204916115324,-20.23971664292374,158.50339012931397,-0.050971245489187224,-0.03634705258713274,0.028869717323757513,0.060596324603142966,-0.2283152125967719,-0.025322298586869574,0.06893936957098205,0.237573082785574,-0.3449445607506124,nm
7.166781425476074,-31.066629549012138,-19.325941086448214,157.91059948209522,-0.03792495548864289,-0.015471658763535243,-0.007973679236707061,0.056748902759070075,-0.2122509127382819,-0.04035052446740962,0.04172833610726307,0.22338095878428665,-0.3449445607506124,nm
7.176234245300293,-31.72005902581626,-18.48450417490905,157.20074079652085,0.0,0.0,0.0,0.05079313584118612,-0.19401767332551384,-0.05567530665469438,0.0,0.20814067354152874,-0.3449445607506124,nm
7.183815002441406,-32.32336998051253,-17.688515623730915,156.42693021307497,0.0,0.0,0.0,0.042581139843914775,-0.18052088418592574,-0.06255816420093281,0.0,0.19574081589149034,-0.3449445607506124,nm
7.194554567337036,-32.91254666714364,-16.882051452401637,155.65959224197226,-8.054937324603163e-05,-0.02627222239791706,0.035438424079307876,0.03900521743167255,-0.18106166169293952,-0.06183040317039458,0.04411482810974121,0.1952632353468365,-0.3449445607506124,nm
7.227722644805908,-34.19060694950626,-15.059023608653494,154.17001548079537,0.013234183275403866,-0.009580246254872336,0.059787719261326436,0.02452767783762488,-0.2100617681906781,-0.03313544931398574,0.06197980396663222,0.2140689408502322,-0.3581096233742113,nm
7.234246015548706,-34.831086184130555,-14.010226770505014,153.58853207154272,0.012478160386925093,2.6611938741136935e-05,0.0447418819567711,0.017348730612263226,-0.2282625778491997,-0.018393915551459254,0.046449340101563874,0.22965870118402448,-0.3581096233742113,nm
7.235803842544556,-35.43778181928251,-12.898823152420684,153.0470791398584,-0.0029541250786498476,-0.01758249310193598,0.023301113408788227,0.006681583113571658,-0.23744405966224116,-0.009558073242869242,0.029339611530303955,0.23773027107607808,-0.3581096233742113,nm
7.244480609893799,-36.02272431129909,-11.789347966252315,152.45995479427887,-0.0032843697891107573,-0.015658909070284385,0.020736103940482684,0.002328164362483517,-0.23706917384922208,-0.011384015939954315,0.026191115379333493,0.2373537641533678,-0.3581096233742113,nm
7.26663613319397,-37.10411633173349,-9.75518469013002,151.09142656043826,-0.004726668976087757,-0.01618231136196479,0.021434145257039166,-0.00529911627823533,-0.21132446086271003,-0.03273876371134524,0.027269601821899414,0.21391104469286437,-0.36929992660427036,nm
7.272740602493286,-37.61246712163221,-8.853307519628432,150.28428049444662,-0.027471288843570398,0.015679337123683842,0.004926859537016386,-0.004297551684904945,-0.19827196314168818,-0.042230762431770576,0.032012298703193665,0.202765079868581,-0.36929992660427036,nm
7.279767751693726,-38.10951922563549,-7.99504937811491,149.4723534739729,-0.01786002208619553,0.03506716062047331,0.021402316985685794,-0.006507062750741361,-0.1890735991996895,-0.042924076738273025,0.0447967109870495,0.19399392811065005,-0.36929992660427036,nm
7.301551103591919,-39.05615199730808,-6.1831895700525745,147.88698548132732,0.017623575498280926,0.02329605172829569,0.023474869395670787,-0.022582108034743517,-0.19458969653052335,-0.02453411785622787,0.037474870681762695,0.19742599762472338,-0.37881168434982054,nm
7.319219350814819,-39.47913033708258,-5.161595799766866,147.18103623321772,0.0,0.0,0.0,-0.037695440719941284,-0.20050498464802652,-0.011046709564253682,0.0,0.2043164822327678,-0.37881168434982054,nm
7.322529554367065,-39.86750904289882,-4.071299975109769,146.51719439823842,0.02476427064940376,-0.016380427784166336,-0.0021133673419162216,-0.050212917978718255,-0.20581913184103431,-0.002700616728523018,0.02976665645837784,0.21187294658461928,-0.37881168434982054,nm
7.3297858238220215,-40.204860256408644,-2.941061852135444,145.86123088095476,0.033943259527435585,-0.023014825754246907,-0.0021069482543429807,-0.06369305724972098,-0.20454253860845276,-0.0018697176453251769,0.041064172983169556,0.21423807198133543,-0.37881168434982054,nm
7.337655544281006,-40.450259774520646,-1.8286004263928262,145.15353531203635,0.02071222798424002,-0.03891348096050819,0.02233638927476188,-0.07430224535820525,-0.19452264018391843,-0.006880894655869877,0.04941831314774581,0.20834401340249328,-0.37881168434982054,nm
7.3610453605651855,-40.91153836991276,0.17687588828231335,143.54771908132466,0.0,0.0,0.0,-0.0783959512429196,-0.16634851700392436,-0.023453575267147923,0.0,0.18538561021152347,-0.3868966784335382,nm
7.378595352172852,-41.08078195027942,1.074436627406698,142.7323101238576,0.0,0.0,0.0,-0.0803402212291748,-0.15239385737164127,-0.026358698884095384,0.0,0.1742791436707884,-0.3868966784335382,nm
7.3801329135894775,-41.2733761325233,1.9405399446756102,141.95282628990222,0.015104377738072888,0.020528463513467706,0.022346738014049634,-0.0801755312681943,-0.1456815278592207,-0.023162338362360712,0.03389596939086914,0.16789198102335498,-0.3868966784335382,nm
7.389417409896851,-41.42359037834521,2.8218928689503517,141.24224382260627,0.01685677217654428,0.02297255630571703,0.025087260233992693,-0.08817284548286607,-0.14065955881870063,-0.015381659359271436,0.037963926792144775,0.1667217970520398,-0.3868966784335382,nm
7.398754596710205,-41.554375789569626,3.754069271015427,140.56549459266284,0.015536417277766118,0.021295645533492263,0.023277276901279564,-0.0953460712127085,-0.14226845906087196,-0.006683077050396647,0.03516697883605957,0.1713938483671903,-0.3868966784335382,nm
7.401944398880005,-41.70610665844628,4.737335873793633,139.9241265840018,0.04911514411209376,-0.002639297637331593,0.029724781451834614,-0.10064281550325516,-0.1458042992099488,-0.00015936747567766994,0.05747021755248099,0.17716629300890968,-0.3868966784335382,nm
7.435012102127075,-41.84537229112291,6.76879881552135,138.61900674940725,0.02006482083116227,-0.04942539048745879,0.03245184316708199,-0.11477559283783376,-0.1410509468828704,-0.0023713578590112976,0.062438676994034,0.18186376677591945,-0.3937689234046982,nm
7.445353746414185,-41.92351637647329,7.74834582513636,137.92198970455237,0.025376544793808336,-0.022911783003824453,0.00465197524542583,-0.11470447935815829,-0.13421980428753175,-0.007672773192751302,0.0345044881105423,0.17672279110594902,-0.3937689234046982,nm
7.447519540786743,-41.88850003843624,8.65976788606447,137.264447426421,0.0,0.0,0.0,-0.11986593289248386,-0.11771866610058243,-0.01281999386397484,0.0,0.16849296264045632,-0.3937689234046982,nm
7.450640916824341,-41.889020948435444,9.509617196022953,136.6175367867156,0.0,0.0,0.0,-0.11359277165515703,-0.11163155041585059,-0.014886609730750903,0.0,0.15995790686872258,-0.3937689234046982,nm
7.4746434688568115,-41.78337613336449,11.098626770536663,135.4304402186352,0.0,0.0,0.0,-0.11622415353121222,-0.0872294343602552,-0.007638511571846347,0.0,0.14551761041843045,-0.3996103316301842,nm
7.481919288635254,-41.715452598564106,11.888825667668016,134.89945303351752,0.021172436475475526,-0.02124687717114235,0.006314834911935996,-0.1159982428776087,-0.0818395445395983,-0.0015518287652317847,0.030652552843093872,0.1419708124005008,-0.3996103316301842,nm
7.4876861572265625,-41.599303981754026,12.708313764387004,134.3973246125446,0.0423561766163781,-0.04325674387424809,0.01365269541284787,-0.1214009851529857,-0.07541553685605419,0.0008183948409951217,0.06206116080284119,0.14292085979841462,-0.3996103316301842,nm
7.520265340805054,-41.385904798963324,14.382932494055408,133.39606376204048,0.07072927871026223,-0.046224487771925955,0.03893677900299173,-0.1206430418208354,-0.07321162711662375,-0.002223329620033258,0.09303443929953414,0.1411369160760101,-0.4045755286218473,nm
7.529264688491821,-41.267939079556996,15.19438586849473,132.85222201595067,0.05152976116807819,-0.055545441630141294,0.020577419994150137,-0.12062187950223424,-0.07020480624003299,-0.007413041355244574,0.07851141691207886,0.13976160351107403,-0.4045755286218473,nm
7.535936117172241,-41.19672750751754,15.965133477815671,132.2998267327794,0.046625325214825326,-0.019699179514018356,0.03247246889518191,-0.11512788112217932,-0.07029901162125976,-0.010211434278052557,0.060136842792603465,0.13527990773438478,-0.4045755286218473,nm
7.537625551223755,-41.13558439883202,16.680728386588363,131.75966876127293,0.011198402660070522,0.016499240927167914,0.016183351382586586,-0.11043819700850081,-0.06737694394233802,-0.010919048826821414,0.025681316852569584,0.12982863151393037,-0.4045755286218473,nm
7.545944929122925,-41.08154435562153,17.34446484265739,131.25104282363367,0.0,0.0,0.0,-0.10439736848347961,-0.06403684999044827,-0.008385056619948459,0.0,0.12275926799021872,-0.4045755286218473,nm
7.554946422576904,-41.037826285813836,17.964260788556484,130.77234901246342,0.0,0.0,0.0,-0.097747763675843,-0.05830911989169127,-0.0036771447730464656,0.0,0.11387756653465168,-0.4045755286218473,nm
7.568414688110352,-40.96580739062439,18.55222144359461,130.32935231733734,0.0,0.0,0.0,-0.09209480044390006,-0.049368772419998944,0.0001280467401879919,0.0,0.1044927957087334,-0.4045755286218473,nm
7.597584962844849,-40.7948701037704,19.67582138364635,129.46731118084585,0.04016041268710615,-0.04877514647468476,0.02259209616224382,-0.07926790765925903,-0.03671607998131601,-0.0008795251030515272,0.06709900498390198,0.08736272247519597,-0.40879594606476094,nm
7.609230279922485,-40.72109517981186,20.1147067784979,129.01705226291025,-0.031052440900828652,-0.1157811218070784,0.14581555128630463,-0.07237098722362843,-0.031090526630285442,-0.004314701477221853,0.18876360149598206,0.07888470882692424,-0.40879594606476094,nm
7.610885858535767,-40.63523189133172,20.641945165254107,128.61970106676407,0.06711651510811888,-0.14150685778611757,0.02452387182071002,-0.05739061716380281,-0.02498883288600349,-0.001714427879437861,0.1585251957571334,0.06261839961545314,-0.40879594606476094,nm
7.612389326095581,-40.58311737374008,21.073135173154487,128.2308442933848,0.0026780108785940246,-0.16594129210846376,0.0376362301974326,0.0,0.0,0.0,0.17017687854807567,0.0,-0.40879594606476094,nm
7.620302200317383,-40.737894562277795,21.506733116225675,127.77190180561094,-0.015396950739373472,-0.16141275372309974,0.03584309855454223,-0.011617105579179122,-0.06594387773363884,0.0017037504526668515,0.16605984123362086,0.06698100415932763,-0.40879594606476094,nm
7.6517014503479,-41.3254600909207,22.259967380628666,126.70009287829534,-0.016355660467826293,-0.1554958761698381,-0.05372291973381723,0.02728245705189627,-0.0715287484003086,-0.006553460531127428,0.16532582145536312,0.07683516223342188,-0.41238330089123754,nm
7.664366006851196,-41.70341256836685,22.389756793607347,126.0923979651076,-0.0563993868189349,-0.08007093630643836,-0.07641133352128605,0.046603866036400814,-0.07006389114586382,-0.01729311557959322,0.1242213249206543,0.08590646668608491,-0.41238330089123754,nm
7.666193246841431,-42.17859375103492,22.456143476567036,125.38968125687116,-0.024930558245874566,-0.03492575979657491,-0.033955669049058085,0.054660679507529314,-0.0673031700488694,-0.03424456203651528,0.05472046136856079,0.0932212240421923,-0.41238330089123754,nm
7.671102046966553,-42.583082291373096,22.36998341398068,124.73998751328911,0.0,0.0,0.0,0.06238226549914792,-0.03621780940922994,-0.03406682765248939,0.0,0.07977358907253641,-0.41238330089123754,nm
7.679887056350708,-42.99085118119031,22.129713661432337,124.18072750350036,0.018129315848563265,0.07151998942623634,0.035609782760234826,0.07195067237243717,-0.016230951496205504,-0.019596105405857708,0.081925805512653,0.07631743174659021,-0.41238330089123754,nm
7.701528787612915,-43.927984566456466,21.888474714141665,123.18172053241122,0.09809334875618067,0.05985901921746546,0.12067607040678875,0.060224658576906565,-0.04745867592903285,-0.0018573695678937286,0.16663769447727853,0.07669931709835275,-0.41543255249374267,nm
7.717771530151367,-44.40412870853006,21.810687568959526,122.79880214041746,0.06459581941521515,0.035873622330037325,0.15615870740198354,0.06676122286079318,-0.052905498330568214,0.01724728667919229,0.17275728222700062,0.08691099774636403,-0.41543255249374267,nm
7.71955418586731,-44.94113386083392,21.727298781579556,122.42488581291964,0.08468380177123498,0.03371936863776931,0.10296516362254982,0.0733964109284896,-0.06232759849822982,0.02475117872946696,0.1375142429844198,0.09942023697536767,-0.41543255249374267,nm
7.729133367538452,-45.606079447610064,21.707430299342967,122.01623216696953,0.06161187716783925,-0.01221795509274607,0.0674370612054544,0.07674215212919897,-0.07377366410724939,0.016955852023048914,0.09215779434655255,0.107793378029719,-0.41543255249374267,nm
7.735413312911987,-46.291603950844916,21.632123589932732,121.60000876806406,0.021874365497727342,-0.03555626145848672,0.016555524714935297,0.09131106412607436,-0.08106684897004908,0.012442207184092774,0.0449090301990509,0.12273692579407675,-0.41543255249374267,nm
7.7574849128723145,-47.6284567244209,21.209572186235487,120.71698078190249,-0.02928058445685857,0.004904862899635152,-0.03409438806191499,0.10506246841627545,-0.06618761650046638,0.0026972842037240098,0.04520882218678005,0.12420224712061109,-0.418024416355872,nm
7.764952182769775,-48.19967662376249,20.938379661653055,120.30826220148305,0.005196987117091323,0.017498543104609268,-0.08256082488683936,0.10243056560036859,-0.05053501586024834,0.00588966302668392,0.08455470118139165,0.11436999924707025,-0.418024416355872,nm
7.777013778686523,-48.659498456257,20.643437257352367,120.02368462986975,-0.014327684216398759,0.021202183185087466,-0.07341931292231936,0.09499969208061826,-0.03558807089279149,0.014249687810712671,0.07775095251380718,0.10244269563021763,-0.418024416355872,nm
7.782252788543701,-49.03736696919376,20.408009705302263,119.80954178308085,0.00604100615794196,-0.012738742070908854,-0.03778003557922147,0.08084360135952517,-0.026252898046801674,0.018356034618197684,0.04032493513096675,0.08695887846297269,-0.418024416355872,nm
7.805197238922119,-49.62920697886928,20.065742917483522,119.44582585238382,0.040125806854011487,-0.023313561632506793,-0.006632785809769825,0.06265508992605827,-0.003843610278293873,0.024560768527399066,0.046878527912855926,0.06740671319883748,-0.42022750063868197,nm
7.8123779296875,-49.81476244861028,19.895047838236156,119.28538274468374,0.03225505644964062,-0.017356176208700707,0.035920612118653036,0.05658624022069005,0.00543409844783139,0.016480137898027332,0.05130220164998472,0.05918721951056969,-0.42022750063868197,nm
7.825921058654785,-50.04473118235108,19.72023622443966,119.0932291297443,0.040734216736870485,-0.008251813100988796,0.049731192025323896,0.05840450181336224,0.004493935145233146,0.007935388238674422,0.06481172959333541,0.05911219562539601,-0.42022750063868197,nm
7.829662561416626,-50.238872200924504,19.482314294708782,118.89147862568986,0.021685329236568785,0.026527248209460275,0.03603531389672247,0.06235794042494275,0.011461280124929423,0.0031229377944656245,0.049724161624908454,0.06347933850168032,-0.42022750063868197,nm
7.862477779388428,-50.59866682024641,18.851461978269747,118.43783903445282,0.001148832151682824,0.050527497195833715,0.017268110221525454,0.06903437653636461,0.013558612948688677,0.004607972967034738,0.053409132354031705,0.07050400374249564,-0.4221001222790704,nm
7.868635654449463,-50.764111868359805,18.521825046407873,118.24467821337134,-0.005267191054494737,0.04728632316757154,0.008116535443009396,0.06750556595512165,0.01886818458446749,0.011716398421126392,0.04826611448946548,0.0710653489149064,-0.4221001222790704,nm
7.8706207275390625,-50.84646781198018,18.195923172329845,118.15349098297482,-0.01628220212491833,0.030425455986257406,-0.011343010548699666,0.06351503530475076,0.026716530224961413,0.0201691704057607,0.03632467985153198,0.07179643537029973,-0.4221001222790704,nm
7.878862142562866,-50.895315326891755,17.9133259331956,118.09929212163851,0.0,0.0,0.0,0.059047472091766716,0.02988315747037314,0.024967764306683668,0.0,0.07073186209411707,-0.4221001222790704,nm
7.894000768661499,-50.90541809602554,17.66461517352113,118.0637442673298,0.0,0.0,0.0,0.055692602318312634,0.03631643782762612,0.02669844272583546,0.0,0.07164744554733456,-0.4221001222790704,nm
7.901621341705322,-50.875060008138625,17.412625157859118,118.04143008772365,0.012857930298490299,-0.024140123283401746,0.008577872729818449,0.054819843168341084,0.04327024690943937,0.02535258889090219,0.028664469718933105,0.07429860857429604,-0.4221001222790704,nm
7.906976222991943,-50.826161753154345,17.152178556464722,117.98214105489267,0.01271869588568355,-0.023938385443167537,0.008366357676431756,0.05301654113922421,0.04869920026539158,0.01898907487945855,0.028369128704071045,0.07445099533003875,-0.4221001222790704,nm
7.944274663925171,-50.65828273478925,16.561095259835117,117.77741513831978,0.0,0.0,0.0,0.0513974683737254,0.059051574830090624,0.011477324991048154,0.0,0.07912343037363859,-0.4236918506734006,nm
7.945872783660889,-50.55161975214782,16.219111431165803,117.68845279314608,0.0038251843106261066,0.037116145224294426,0.017072771728089353,0.049148166575689815,0.06354538297801536,0.012850296817858094,0.04103315495791935,0.08135532007116346,-0.4236918506734006,nm
7.9516565799713135,-50.40986460114811,15.878021258993533,117.62125434395921,-0.00038780031031914803,0.04135405024187339,0.013198274440231954,0.045546248277518284,0.06661739916044254,0.01640007356119818,0.04341085473343911,0.08234865521592796,-0.4236918506734006,nm
7.953400373458862,-50.263715867365896,15.543752773590036,117.56094645945913,0.00025158431932387177,0.035429127368142764,0.0120430244761145,0.04492638358451114,0.06816541983450036,0.022704631286087403,0.03742086048275888,0.08473726857194246,-0.4236918506734006,nm
7.976644992828369,-49.94609915525064,14.88796081654225,117.53885358231899,0.0,0.0,0.0,0.04759061167154263,0.07265232588802402,0.028875229761310704,0.0,0.09152598357832435,-0.4250448198085813,nm
7.988534927368164,-49.68102593918782,14.570034186653041,117.49814783508465,-0.02102073086146224,-0.005808746431338761,0.017517491795247777,0.04577533981316846,0.08336594980332511,0.024705640795579544,0.027972757816314697,0.09826307551029416,-0.4250448198085813,nm
7.994892120361328,-49.458818732288385,14.238667779405088,117.42423764015852,0.011425631963457836,-0.02201947507850322,0.006295029991244995,0.05132830919570386,0.0821372203316133,0.02189418239040418,0.02559354901313782,0.09929991697498065,-0.4250448198085813,nm
8.002671241760254,-49.21547095314399,13.88971048339581,117.32538437257381,0.0,0.0,0.0,0.05035376114183319,0.08773451195014809,0.016931349138848355,0.0,0.10256469388596179,-0.4250448198085813,nm
8.02643084526062,-48.642089501931544,13.180318738785441,117.11532278256772,0.0,0.0,0.0,0.0431561508145957,0.0926382630079378,0.013933559521548174,0.0,0.10314283885563996,-0.4261948435734848,nm
8.036489248275757,-48.304729938607856,12.8226040484272,117.01781481335891,0.0,0.0,0.0,0.03678390467215658,0.09928597286068956,0.016832507807920803,0.0,0.10721050960110022,-0.4261948435734848,nm
8.047850370407104,-47.96428472208181,12.47362364653144,116.91261983497495,0.0,0.0,0.0,0.03398768241260212,0.10000212097593061,0.02082425589754915,0.0,0.10765331573691159,-0.4261948435734848,nm
8.049402236938477,-47.622851587244575,12.131969047027445,116.83458251060377,0.0,0.0,0.0,0.033279292105476796,0.10201342806256253,0.023287436218448643,0.0,0.10980234730526293,-0.4261948435734848,nm
8.058972120285034,-47.25919638263108,11.780690048642489,116.76735774526126,-0.018444320086645895,-0.005317765852692096,0.017063844773317675,0.03631972463434655,0.10482056925351244,0.023796428234581554,0.025683581829071045,0.11345811620535899,-0.4261948435734848,nm
8.078810691833496,-46.58366042787942,11.031250185206623,116.50058736974805,0.014697298903542533,0.011455165653501274,0.0189463953871986,0.04701073463543884,0.10532961427526447,0.01664361176046362,0.02657437324523926,0.11653903477707668,-0.4271723637736528,nm
8.099053621292114,-46.2699559912617,10.632585246028151,116.3299871325159,-0.0004321308549578001,0.008006680166911764,0.039245448651499835,0.05167439140556759,0.10334807088323632,0.013153586073066164,0.04005619682681488,0.11629309226692613,-0.4271723637736528,nm
8.110697031021118,-45.97313004824884,10.224728674187274,116.13334103136735,0.01910073006646883,0.014154144647358289,0.02380635250298848,0.053064632995419726,0.10058381287360867,0.011535654789017503,0.033644020557403564,0.11430673654051669,-0.4271723637736528,nm
8.112283945083618,-45.679263825157186,9.824433999546116,115.93634079672604,-0.001380983956049524,0.007237675089131766,0.041073726763515846,0.050941858112254615,0.0977482883110554,0.012745648862500123,0.041729391172489715,0.11096058913234214,-0.4271723637736528,nm
8.120940685272217,-45.39681705191829,9.442145616161076,115.75033356852254,0.01624060440331932,0.011454124729217328,0.01960823203204237,0.047848406953646096,0.0942363416886777,0.016672845018977256,0.02791839838027954,0.10699505551142902,-0.4271723637736528,nm
8.13716721534729,-44.79528476840233,8.72938803030905,115.40694283855028,0.0,0.0,0.0,0.04208267506197433,0.09305756772981294,0.02427797087367159,0.0,0.10497657987333786,-0.4280032559437956,nm
8.154667139053345,-44.48085396961251,8.383073955549293,115.2387600566117,0.0,0.0,0.0,0.04286309534446641,0.09451753783230535,0.02479571587407837,0.0,0.10670350240783154,-0.4280032559437956,nm
8.157572031021118,-44.14794986972431,8.022302887465889,115.03352829089494,0.0,0.0,0.0,0.04573252570882366,0.09826339741310447,0.022805991183853742,0.0,0.11075771942736966,-0.4280032559437956,nm
8.164932250976562,-43.80751206059934,7.641715636470015,114.7668247906994,0.0,0.0,0.0,0.04958982784625756,0.10174796261041542,0.018783915391958308,0.0,0.11473724067905854,-0.4280032559437956,nm
8.172881364822388,-43.45103126559746,7.243653777125004,114.45912754035287,-0.020674644270911525,-0.006272665698522622,0.022426410321427163,0.05244029766986518,0.10503239554385665,0.015006613706750507,0.031140506267547607,0.11835111908355095,-0.4280032559437956,nm
8.181732654571533,-43.119250220482776,6.844617523624164,114.13336905325173,-0.15781141028423235,-0.04788763296929198,0.17346130888551886,0.054004022633692465,0.10412770081370486,0.012984387975637472,0.2393459677696228,0.11801528235135769,-0.4280032559437956,nm
8.219136714935303,-43.52589868493599,5.786211152004024,113.16196940093306,-0.09656525817264872,0.09022981952805051,-0.06313193073060026,0.08914981734779671,-0.05930126241207088,0.0356939835423156,0.14646470597310526,0.11286447677604279,-0.428709514288417,nm
8.220794916152954,-44.00739077371495,5.486823811499898,112.99265583840766,-0.08868227609258948,0.08525115850882492,-0.008730763659347314,0.08172351801512419,-0.07382716229452767,0.0553580890221914,0.12332287847003263,0.12326273284906401,-0.428709514288417,nm
8.229365110397339,-44.23765229530655,5.286632942734375,112.9033002153919,-0.11667965053750588,-0.004071663686608589,0.02744401119657216,0.06383270348006416,-0.04091860401550441,0.07031176815460755,0.11993286891127436,0.10340546856515245,-0.428709514288417,nm
8.247012615203857,-44.475474259880116,5.125851357489576,112.86277353839274,-0.01223382474954114,-0.013066055114408764,-0.08122867375108134,0.06395429727102699,-0.021267461935418185,0.07418049978742604,0.08317743506273119,0.10022576328129243,-0.428709514288417,nm
8.26554536819458,-45.13335641857524,4.844411345292219,112.57972737348265,0.07123637707523296,-0.0849977249150012,0.04238317925437938,0.08130133437847413,-0.029292098276502306,0.027211051501380257,0.1187247596048939,0.09060008453070835,-0.4293098338813452,nm
8.273254871368408,-45.45111504169581,4.54680298423076,112.26400804765066,0.06443038772184861,-0.05654905644823712,0.13404846374026433,0.0873894664212811,-0.025193108098448817,0.003065792826170833,0.159116502218653,0.09100005836651615,-0.4293098338813452,nm
8.284396886825562,-45.732101451815936,4.246508087876058,111.89446888290944,0.06203093038939912,0.03510071010487486,0.12710511049846548,0.08499531866528877,-0.018754847936502658,-0.009888368368077997,0.1457244155578195,0.08759981932126418,-0.4293098338813452,nm
8.287539720535278,-46.14474029872128,3.953944743456302,111.52039459648462,0.06612912232293451,0.07820287548232119,0.09075717215425982,0.0767153874389472,-0.029589459731143946,-0.011280441345774982,0.1368415684298562,0.08299418747143823,-0.4293098338813452,nm
8.296437501907349,-46.62229296470636,3.7049337028195475,111.22001355792754,0.040936042531482274,0.09885513559138952,0.07340761946379337,0.06871323359389311,-0.05109323156022418,-5.6710117985107555e-05,0.12975660293901203,0.08562727368212239,-0.4293098338813452,nm
8.307307958602905,-47.12281779655602,3.4996881153444157,111.02634578692279,0.021140897732742275,0.09868543732100689,0.05432790477206632,0.06204383629514891,-0.06420865594238219,0.01793920051246057,0.11461794943684586,0.09107142271411331,-0.4293098338813452,nm
8.325648784637451,-47.89743478053792,3.2490301008157147,110.8285780394936,-0.020598489879648997,-0.009351433100154724,-0.02494456747698416,0.05530556292016738,-0.05288017751394947,0.028831645561242767,0.03367459774017334,0.08176969028675925,-0.4298201055353342,nm
8.339364290237427,-48.21937089770936,3.131924944378685,110.6723978133362,-0.02450628012038836,-0.05926351297637862,-0.04658965206890719,0.06568027355359608,-0.04321223002554758,0.01761209541156161,0.07926737926500514,0.08056910737151057,-0.4298201055353342,nm
8.352089643478394,-48.52126491345638,2.957764513037498,110.3523084535404,-0.01161212857434553,-0.06978473959016633,-0.03664948338549224,0.07783185353491757,-0.0355404946167444,-0.0017455830349621148,0.07967393577650053,0.08558020356610312,-0.4298201055353342,nm
8.358966827392578,-48.79700996375146,2.7316766205578116,109.9783018937032,0.01695940512505511,-0.04665054412832718,0.0023683558670818967,0.08127181129114006,-0.024459815353117115,-0.02103750427671194,0.04969410225749015,0.08744121719100173,-0.4298201055353342,nm
8.364021301269531,-49.04293704882239,2.4690553346298745,109.64235941999122,0.0,0.0,0.0,0.07578010612384437,-0.012691292617342169,-0.029844426426259365,0.0,0.08242804850991273,-0.4298201055353342,nm
8.390367984771729,-49.481485014274405,2.0125060489937088,109.08100921727379,0.02348260351971899,0.07673228116568061,0.05307323325316315,0.04522981410878668,-0.016063261615385852,-0.014350416716461966,0.09620833502819828,0.050096895292780746,-0.4302538364412248,nm
8.405368328094482,-49.75208758997925,1.899477607859971,108.90364109520849,0.0353769710746701,0.0818372788921683,0.0687106180797534,0.0,0.0,0.0,0.11256118041222878,0.0,-0.4302538364412248,nm
8.407010555267334,-50.00784427636944,1.8393885321050578,108.80911952013756,0.03388280425392432,0.06666423135659778,0.0622136504395749,0.0,0.0,0.0,0.09727642297850679,0.0,-0.4302538364412248,nm
8.410447835922241,-50.235231656383085,1.7988599597161918,108.73631298416434,0.0305098624326117,0.011648566348735229,0.03919909659193532,0.0,0.0,0.0,0.051020681858062744,0.0,-0.4302538364412248,nm
8.44029188156128,-50.5939967883537,1.6125983242375233,108.50625171552767,0.0,0.0,0.0,0.0,0.0,0.0,0.0,0.0,-0.23457904812887637,nm
8.44947099685669,-50.69828232113024,1.41353061917893,108.24721510223527,-0.023479275051904343,-0.008533418938675971,-0.03049692375755118,0.059046779700827404,-0.0026458838999389076,-0.008551802466016546,0.03942281007766723,0.05972148876298854,-0.23457904812887637,nm
8.456620693206787,-50.791834450115914,1.178248118702998,107.92897877836224,-0.01980957400852633,-0.0069654936243147775,-0.025725611071277712,0.05932413272240789,0.005849554058851299,-0.014761172564664495,0.033207595348358154,0.06141223185520206,-0.23457904812887637,nm
8.458972215652466,-50.783497883560216,0.9594697825294874,107.67341123180177,0.001060151951142302,-0.0004823839969242379,-0.04666191839501439,0.044968116153804465,0.02336835966010787,-0.010806203249096664,0.04667645278706365,0.051816847957850486,-0.23457904812887637,nm
8.468604564666748,-50.62221484779735,0.8045037504779502,107.49495669046073,-0.04580985273015976,0.025986719303703422,-0.04425967300293062,0.0,0.0,0.0,0.0687951367587473,0.0,-0.23457904812887637,nm
8.478821516036987,-50.41685858588423,0.7417686631565585,107.38070904214385,-0.041105581281805324,0.03114152086418111,-0.0367429849056917,0.0,0.0,0.0,0.06332069230535323,0.0,-0.23457904812887637,nm
8.510002136230469,-49.94183259578833,0.8787119650058165,107.2372366952634,-0.24856824294894989,-0.07567980846689018,0.089793048159357,-0.01860482700184932,0.043958569545019574,0.030069891209260565,0.2749116154513337,0.056415368309972326,0.2,nm
8.519054412841797,-49.81239235177095,0.9104404382223819,107.05724603933248,-0.09260032278300337,-0.02931845090065983,-0.05453333581188684,0.0,0.0,0.0,0.11139244165338523,0.0,0.2,nm
8.520711183547974,-49.81201444502884,0.8895979727600317,106.84071115839033,-0.050597019321895066,-0.016336243650488063,-0.06292544169058818,0.0,0.0,0.0,0.082380473613739,0.0,0.2,nm
8.52669882774353,-49.76333683377313,0.8304199122227374,106.48818616008921,0.054113633005530126,0.01529790137108257,-0.04757491724289782,0.0,0.0,0.0,0.0736592411994934,0.0,0.2,nm
8.534930944442749,-49.123886189026145,0.7273681499116765,106.12794836553022,0.022002637758553607,0.0036027343817901097,-0.2088132795928078,-0.006676228801742357,0.13829380745517247,-0.00015831792821852897,0.21000019404196746,0.1384549539598635,0.2,nm
8.568406820297241,-47.09166813184828,0.5661950756708929,105.54123866505974,-0.08055028145695665,-0.02558261430806896,-0.31017818667195685,-0.04085022201650166,0.22606654294733755,-0.0023341979194977163,0.32148612020541983,0.2297395720351313,0.30113671284616467,nm
8.571551322937012,-45.566076479369926,0.5911034213767759,105.25407202818387,-0.15685923585508182,-0.04586295002646032,-0.2885999178888388,-0.07556979459763949,0.3028969543032151,0.006174614854317815,0.33165967898376536,0.31224266949008195,0.30113671284616467,nm
8.578234195709229,-43.58256547318873,0.6726740341746369,105.01439785836487,-0.17738614957485085,-0.05129204652754237,-0.30551329667733224,-0.108608371578413,0.3889427030274706,0.01835701233872132,0.3569805240410554,0.4042390190434785,0.30113671284616467,nm
8.581553220748901,-41.15137545073408,0.8140580035720937,104.7554113757493,-0.1765342008354283,-0.0512713057147414,-0.32503460933734857,-0.14090676238980004,0.4731576388371056,0.021338958334433562,0.37341741807443934,0.49415404280434566,0.30113671284616467,nm
8.590291500091553,-38.340620169380585,0.9727669977073664,104.4372714585609,-0.2657977459039733,-0.07224829778058509,-0.21779715045273293,-0.1603363797003049,0.5467070791588262,0.017969542070982385,0.3511464893817901,0.5700169203629102,0.30113671284616467,nm
8.601375818252563,-35.245577985390305,1.07825100043079,104.09927171271083,-0.19971172105917664,-0.05299397690506001,-0.14596414989252643,-0.160446090374938,0.6054447772500424,0.01379811452132496,0.252979576587677,0.6264955819319876,0.30113671284616467,nm
8.6114661693573,-31.757557955533745,1.1333156475124753,104.18926690298015,-0.22816978240869998,-0.058240470883574466,-0.02695964267133819,-0.17080664213033211,0.6839186563027185,0.0062875516421523,0.23702367895663973,0.7049533110358501,0.30113671284616467,nm
8.629767179489136,-24.290644572913024,1.1692533752594596,104.286920047591,-0.10036062188779217,0.007807475354038101,0.10579165232878295,-0.1752215227617139,0.7374171784207237,-0.00617022415206011,0.14603110901298527,0.7579741082220435,0.38710291876540465,nm
8.642163276672363,-20.375410112505147,1.1625051510059128,104.37491293041897,-0.08680799770437204,0.010589784659657675,0.21873010497780368,-0.1820780963126315,0.7692555612824478,0.0009003398009777518,0.2355644939887614,0.7905108236656617,0.38710291876540465,nm
8.66073989868164,-16.47581708909693,1.1815380035500713,104.51127269168148,-0.12928576817123796,-0.026484421363562067,0.3275532505956698,-0.18786860271276834,0.7645470986728858,0.009700647931884212,0.353139301696058,0.7873506083979829,0.38710291876540465,nm
8.662248849868774,-12.770325478185121,1.2183305751529052,104.68560625644689,-0.03629261774823952,-0.005960257198285959,0.16152549547065898,-0.18370252461104056,0.7254851359947279,0.016922257347028347,0.16565978527069092,0.7485730845358239,0.38710291876540465,nm
8.670040369033813,-9.172729302193746,1.2470933266998645,104.88166158412822,-0.04603474252291592,-0.044904824301936756,0.17285376005410782,-0.17913923458840794,0.7043470438565034,0.020530456237327244,0.18442901921764387,0.7270606048959252,0.38710291876540465,nm
8.70127272605896,-2.6399415978177636,1.3320803797747571,105.15438771159855,0.03049510975126944,-0.02391562772342152,0.24638443703203272,-0.16297164434341496,0.6135344029718446,0.0021905497940388355,0.24941371209245686,0.63481416099392,0.4601741937967586,nm
8.710731267929077,0.3998484630626568,1.364728187601674,105.21195810598425,0.10705553428732957,0.030042137266692786,0.03774212351032092,-0.15617736779243227,0.5948414569617508,-0.00802486064807463,0.1174218264215164,0.6150545727977088,0.4601741937967586,nm
8.712209701538086,3.5251597510238852,1.3934504137745989,105.25520062448646,0.0004261786256641335,0.03479298545942635,0.15451334926595225,-0.16071594282115648,0.6113245852735191,-0.012260869939243453,0.15838279125834023,0.632216491218317,0.4601741937967586,nm
8.717968702316284,6.427495517137078,1.4216483951969285,105.2946944076736,-0.014307058128855254,0.037371223353459784,0.19144581789912388,-0.14958291394844286,0.5680758974113526,-0.012791099579406991,0.19558323404193192,0.5875788335138282,0.4601741937967586,nm
8.728268146514893,9.177408612160445,1.4205217699677493,105.358669219451,0.0024565431590718822,0.04958638404084599,0.09481365172806758,-0.13666934506927372,0.539970301730997,-0.007794149710641551,0.10702557003141791,0.5570522286131168,0.4601741937967586,nm
8.733424663543701,11.979033305368574,1.3905431762996725,105.46983986156046,-0.020327028033727625,0.0251215689275637,0.14026201015016798,-0.13501208363600412,0.5511811951979544,0.0010369986724073385,0.14393648872135276,0.5674769140976815,0.4601741937967586,nm
8.743296146392822,14.722048676422649,1.3488051822191383,105.60936133088053,-0.032946924584618134,-0.006121396217538435,0.12612356843602407,-0.13115692639605125,0.5401190581921785,0.006863624419063009,0.13049952431435546,0.5558577567185972,0.4601741937967586,nm
8.753356695175171,17.40970353384127,1.29949955491408,105.74783547635914,-0.027628411449237205,-0.005814801433353459,0.08384242755228864,-0.12837673280991194,0.5294431591221909,0.006893480507060258,0.08846860286439727,0.5448285641756812,0.4601741937967586,nm
8.764791250228882,20.111876025389723,1.2474735873380562,105.85629530130932,-0.010331719051583622,-0.03711631957765165,0.15738392805894727,-0.13016866999371882,0.5320065087601953,0.0008561095655236778,0.1620310661842818,0.5477002290804099,0.4601741937967586,nm
8.796864986419678,25.313951598871213,1.2238844234958963,105.92590113982752,0.03347926943001773,0.0112094562646154,0.07455036430162702,-0.13485281480035452,0.5014317831124235,-0.01866849853451466,0.08248800039291382,0.5195840909924172,0.5222847775734095,nm
8.81535267829895,27.90411399610681,1.2317248936282643,105.90337201921822,0.03712879495075402,0.012227318325339798,0.07373820846483264,-0.13779115340447207,0.5065317828491369,-0.025620592464631182,0.08345884084701538,0.5255637580266533,0.5222847775734095,nm
8.816852331161499,30.448097333029377,1.2310324342997463,105.8682546497999,0.051486584202527254,0.05617029648083695,0.10954498949496866,-0.1337874053729101,0.4980466208736897,-0.028314644809923822,0.13343940678465954,0.5164796467537015,0.5222847775734095,nm
8.82446026802063,35.34326228387187,1.1588544262957206,105.83591902000549,0.058667059273281356,0.05269184702894147,0.09918042926414677,-0.1179612789470009,0.48106883906894343,-0.022469566562250968,0.1267083743724798,0.4958295802747639,0.5222847775734095,nm
8.829532146453857,37.655213350106564,1.071472826614492,105.84033985456303,0.062803995899123,0.019475386557148026,0.08517384297295137,-0.10529890969225378,0.45787297219494666,-0.019308821110209984,0.10760211944580078,0.4702215962944258,0.5222847775734095,nm
8.841751098632812,39.83771614243427,0.9741650609996231,105.84965505185501,0.03357590953793456,0.010276145804417654,0.04207305552813396,-0.09948835741437044,0.4443440294592634,-0.017333076885435564,0.0548003911972046,0.4556753069142771,0.5222847775734095,nm
8.860379934310913,43.981952227406026,0.829699749400357,105.81406417443102,0.0624291368314659,0.017716610897837416,0.0022850172440233747,-0.09365872762724502,0.4024130286970539,-0.024476050718605834,0.06493455729450034,0.41389283635340945,0.5575993327424853,nm
8.868329524993896,45.909410486493854,0.8059121356473904,105.7564003467946,0.05692503040109276,0.016902013047892267,0.057514531060740545,-0.09832095914719648,0.3967268086844498,-0.02904087925742858,0.08266836404800415,0.4097591297391887,0.5575993327424853,nm
8.881848812103271,47.74555643383514,0.7961806537159714,105.6750494831063,0.06230344601554351,0.01833489274990218,0.05899092345686114,-0.0978619995743924,0.3772630952499853,-0.0335167304701745,0.08773720264434813,0.3911876598510083,0.5575993327424853,nm
8.888774871826172,49.458797351269645,0.7675899576854287,105.57706036764034,0.03503940830952119,0.009179172375043496,-0.04233955739619948,-0.09145679144802346,0.3477487194157349,-0.03641515941980203,0.055719435214996345,0.3614133096509042,0.5575993327424853,nm
8.898403406143188,51.18318158884251,0.7231220112243133,105.48983811343216,0.041358765594129945,0.011915355713233954,0.03462207460898947,-0.09021984567652325,0.35187188945354636,-0.034155034404288125,0.05523777008056641,0.36485615455500064,0.5575993327424853,nm
8.922589540481567,54.230505174302145,0.5394738016491851,105.33224719425947,0.01085103839261756,0.03453137446598851,-0.07437241815236649,-0.06336309242447365,0.2984239555814024,-0.030768113000923622,0.08271286138526968,0.30662422527269567,0.5876167046361997,nm
8.935176849365234,55.72674015650593,0.42181055408775636,105.27622551872454,0.04784093659895162,0.013324737236006459,0.03384175320456029,-0.061408470905003044,0.3121560652781443,-0.02615931429566578,0.060096323490142815,0.31921265500171375,0.5876167046361997,nm
8.936842203140259,57.12952815843222,0.3218360079887311,105.21769196878749,0.028818483358173694,0.007951820048919535,0.019317937810138148,-0.05459402168576813,0.28862390557464634,-0.026070428906085342,0.03559380769729614,0.2948964790165114,0.5876167046361997,nm
8.9474196434021,58.43764638461651,0.2279486973553324,105.12861307590624,-0.009244493896168118,-0.0027458114879581733,-0.05981159889140922,-0.04876350460042039,0.2625791345061673,-0.03166010462996847,0.06058405326544698,0.2689387355590557,0.5876167046361997,nm
8.953952074050903,59.797377489244795,0.1620553930322548,105.0290439303109,0.021679078466800096,0.005858952512933305,0.013071500454057541,-0.05732653345920048,0.2779308057410196,-0.033471704509691294,0.025984108448028568,0.28574852444253374,0.5876167046361997,nm
8.974600076675415,62.20985798244436,0.1064079798398704,104.77649987088358,-0.0319725364375023,-0.008552678465173135,-0.062059668766709666,-0.05469983079009749,0.22359211471526202,-0.040566642234662734,0.07033344782256709,0.23373309075418333,0.6131314707458569,nm
8.988627433776855,63.43471855131755,0.05348150988331773,104.64169237323918,-0.006588663959416671,0.025219025142516435,-2.4330275798864767e-05,-0.05880332000549672,0.24582152739021973,-0.03991803554361019,0.02606550045311451,0.2558896311572439,0.6131314707458569,nm
8.99487590789795,64.59714943844797,0.009801965836270563,104.52001457755402,0.031144551943734496,0.008077896733355098,0.06654455476549273,-0.05607653943211926,0.23966729347760904,-0.037108783840347256,0.07391490580626066,0.24892177822696435,0.6131314707458569,nm
8.99930214881897,65.6398915268968,-0.05765588875072385,104.38229999695528,-0.03159603359384882,-0.008044007215148655,-0.05590064033515295,-0.04242095967919066,0.20359156907296322,-0.040105992597303866,0.06471396279645618,0.211796023239129,0.6131314707458569,nm
9.021164417266846,67.84106375829795,-0.2513432236490299,104.13069001859846,0.050385053268983654,0.012366961878301856,0.0702048028480951,-0.04198652170725597,0.23345194082080448,-0.034339135956554835,0.08729438516856393,0.23967030048864427,0.6348190219390656,nm
9.029760360717773,68.83916541782642,-0.3251464865531452,103.9977200891209,-0.026772917355213678,-0.006611674751057658,-0.010674621914826009,-0.03512071329950298,0.1979839300957191,-0.03823267606400071,0.029571115970611572,0.20467740128755615,0.6348190219390656,nm
9.04366683959961,69.89094318903216,-0.40796669376235517,103.82955707715163,-0.05493791668694092,-0.013372299589577068,-0.020700958589875598,-0.03559110970205963,0.20314915193665195,-0.04491266841392076,0.06021231412887574,0.21107688837592745,0.6348190219390656,nm
9.053440570831299,70.92995571730896,-0.465799184865984,103.66853336113786,0.04315417685689113,0.009883738886046942,0.07302737956638986,-0.04243876233876468,0.22012658224587323,-0.04322919053680944,0.08539888430709718,0.22831014798857083,0.6348190219390656,nm
9.068238973617554,72.81748209639753,-0.5299469398573277,103.31097349483598,-0.07574973707432475,-0.01726052708305552,-0.06957135984452015,-0.03762806936179125,0.17777457406467032,-0.04970237980243616,0.10428865025797358,0.18838789065594513,0.6532534404532929,nm
9.088520288467407,73.85685585606976,-0.5759892939933354,103.1325960946619,0.7240859223311189,0.16621545297964585,0.26337908227660833,-0.041664949799067055,0.21089342885250964,-0.04620461124164463,0.7882236616013278,0.21987922247206268,0.6532534404532929,nm
9.090260982513428,74.77880176094438,-0.49654893983226256,103.33795047935114,2.829638448106556,0.6917849607327926,1.0447747265689789,-0.06100674578385543,0.18217053865681837,0.03035658781609808,3.0946687073378687,0.19449794500068066,0.6532534404532929,nm
9.09677243232727,76.16309452229004,-0.0379007970971042,104.64780796462819,-1.4331995302420069,0.05349730932805408,-0.8024391712406769,-0.15981029952226355,0.2526136452489805,0.2510308436681723,1.64342066408229,0.39034532157069296,0.6532534404532929,nm
9.115936517715454,81.33152329425735,1.3630054794197677,106.98265521654109,0.9293097740381153,0.17693559416625196,0.694580836709778,-0.2621082939049896,0.3621347661369104,0.06881127837665875,1.1736121162165092,0.45230226465346074,0.6689226961903861,nm
9.13222336769104,82.3276688140412,2.425846981293297,107.07444634139286,-0.21251319532996882,0.23446303481392602,-0.03024738787742477,-0.2668829934753785,0.1331031587889673,-0.0007022029886862147,0.31788311901848004,0.2982339286114464,0.6689226961903861,nm
9.138311624526978,84.20984050073824,3.848636029431478,108.07015914071371,-0.23721493531888807,-0.14495640891322215,0.14636792504891577,-0.39058475273216425,0.2770487202156615,0.16618268946506018,0.31417647191743453,0.5068817699600395,0.6689226961903861,nm
9.141988277435303,86.37025273375643,5.253106265722561,108.91751976869826,-0.1859486584444245,-0.3210034334323259,0.14253032978526192,-0.4092466491716754,0.3235553688912003,0.12279773260866425,0.39741037072693314,0.535957255506812,0.6689226961903861,nm
9.15220046043396,88.6931791902535,6.380654957227891,109.22178503608778,-0.03322364450202255,0.20152867302499045,-0.021700088272590293,-0.37071923106809224,0.36696951133483807,0.001343058731311541,0.2053984187773813,0.5216331798685769,0.6689226961903861,nm
9.17219853401184,93.21568977181678,7.848663939960983,111.16276103977577,-0.1117869776628027,-0.03810205205144844,0.03500058926045893,-0.25876300175937733,0.321384042558549,0.15227432471784486,0.12317928394861934,0.43981071367018154,0.6822415635669155,nm
9.187199831008911,95.25531471337416,8.275966269460554,111.6546031060528,-0.36792697526682766,-0.052006205805500236,-0.10062647411698915,-0.23467076224104233,0.34756333311638965,0.029213699832849185,0.3849682998176576,0.42038562943527225,0.6822415635669155,nm
9.194503545761108,97.96968609409362,8.660766860136924,112.04605641732843,0.15565147531552492,0.29607503996350504,0.06963290927048425,-0.27948085602840045,0.47232471661304565,-0.013386296660531023,0.3416673134948119,0.548980309071505,0.6822415635669155,nm
9.199473142623901,100.49971129892337,9.208405331299756,112.77250865432171,0.08891080219648173,0.0530312941004229,0.08933437061813054,-0.30048026915846654,0.4225549737984177,0.05528397223746544,0.13674091807109148,0.5214378348582684,0.6822415635669155,nm
9.226876974105835,105.28355302481572,11.152943177774773,113.36664271448127,0.21090607164522635,0.14379028690856885,0.04114416625801529,-0.4020360133992001,0.35247584172280055,-0.07923637246046694,0.258553398900763,0.5405095538367591,0.6935626008369653,nm
9.240578174591064,107.51464126315683,12.323702661166548,113.73380012662619,0.0653323870102279,0.015732795912950466,-0.05443936151589153,-0.39895675194470526,0.307984800922005,-0.02818237654055519,0.08648402015372943,0.5047924067066677,0.6935626008369653,nm
9.242203712463379,109.99518460005625,13.356675273176265,114.37787955634684,-0.12395155552544038,-0.1106562962264751,-0.05675237492451936,-0.395896676830982,0.35820031066473884,0.008037887610824327,0.17558370104115859,0.5339534145628949,0.6935626008369653,nm
9.24893569946289,112.64962355957512,14.237968440025522,114.81998558363009,0.16985974548571392,0.07025787264413833,-0.029689648663577293,-0.3852896055089163,0.3958628415984203,-0.048432497944987205,0.18619875682377188,0.554527885979401,0.6935626008369653,nm
9.268409013748169,116.99749403337871,15.400311774780622,115.37592577421628,-0.17316758855157482,0.07281334222517014,-0.09948044615700717,-0.2731908421571146,0.34397293941061957,-0.06516201565580704,0.21256800252710767,0.44406835911785353,0.7031854825165077,nm
9.283313274383545,119.39492764704842,15.7573740006088,115.5624446362559,0.11973042955209358,0.10249078620813834,-0.008204695062804374,-0.274281875777508,0.3861931140020153,-0.10077254969018638,0.15781968837684596,0.4842837757489538,0.7031854825165077,nm
9.2908194065094,121.51054592869168,16.253422147358172,115.52812969986907,-0.049380011313939896,0.10339667595097848,-0.03340531682943262,-0.2763574957839515,0.32394436864528536,-0.13253808242772944,0.11935314536094664,0.44595937342608793,0.7031854825165077,nm
9.297841310501099,123.83873216123317,16.859339766250216,115.50755869530373,-0.07129187098411933,0.054696340396614695,0.050760234800059284,-0.31340555681475873,0.3502861768540463,-0.14546097649732756,0.10320281952619226,0.49201864235102843,0.7031854825165077,nm
9.329768896102905,128.36221941706717,18.51784505953485,115.610304839569,-0.05856403482891732,-0.060127008516303704,0.04067287360165301,-0.3512009905595599,0.2824710219236877,-0.13033796166423073,0.0932699628796878,0.4691694771054646,0.7113649319441188,nm
9.338391780853271,133.14482953505583,20.172525611447597,115.67844701780375,0.19566761599542815,0.07390296159413264,-0.04949153264948668,-0.3515757161837313,0.3688494366461541,-0.15981533690080932,0.2149345842011317,0.5340377636768846,0.7113649319441188,nm
9.343567132949829,135.5101152801977,20.735225358541495,115.71255106488738,-0.10739191452236614,-0.03520235193850726,0.03929508696734555,-0.30650256956674143,0.3499534500328492,-0.16529870474071168,0.11965087858663209,0.4936951530346091,0.7113649319441188,nm
9.352094650268555,137.98456989893484,21.11663504207255,115.48905717718743,0.07391906182977312,0.09327500276285042,-0.024602560170813415,-0.3026404636571755,0.40035792527390623,-0.22771321673716427,0.12152999551206307,0.5511179797911184,0.7113649319441188,nm
9.372086763381958,142.7999345439942,21.66574019540601,114.6962405881593,0.0016609801033111284,0.06678795399266546,0.0001938308907072284,-0.27160477857233484,0.3987218936954591,-0.26976667141769844,0.06680888581501854,0.5527407722099071,0.7183174639575881,nm
9.386021614074707,145.3135351038529,22.06674734515272,114.15931507104933,0.198335542540183,0.07109654738921778,-0.040220234195028765,-0.3000729919484973,0.43552255830807884,-0.299882173089683,0.21449795738906,0.607990967884497,0.7183174639575881,nm
9.393124341964722,147.92974645757425,22.597848154546842,113.69818772427833,0.09735685479824464,0.04165459586750027,-0.002372487678112344,-0.3178305748974061,0.42075998474205967,-0.2957604622527866,0.10592021162589348,0.6045903490229859,0.7183174639575881,nm
9.398709297180176,150.7398402196831,23.235089904293762,113.29268238665551,0.10306302036156552,0.044408941291162504,8.257145261254988e-05,-0.34348834243835696,0.4486555237039366,-0.3042996741904011,0.1122236474665441,0.6417743466776215,0.7183174639575881,nm
9.432748794555664,156.6179522054671,24.661876357877833,112.55333993599969,0.16337320495156216,-0.004776230062734506,-0.046791558586353144,-0.3535067599317552,0.4817557256967985,-0.32260548401387407,0.17000901865694484,0.6790654658241152,0.7242271161690371,nm
9.434567928314209,159.67311767253187,25.25832407193317,112.13299032164744,0.12274815919379083,0.024429276777110147,-0.05005674425343568,-0.33739689456385663,0.4981940959454645,-0.3448640555815809,0.1347945762802448,0.6935165740834379,0.7242271161690371,nm
9.440901279449463,162.74208733916916,25.765198007400944,111.56489679281175,0.16015112283087168,0.021242932542111997,-0.08102507736080009,-0.3162355209636886,0.5176047489595472,-0.3805044410452275,0.18073380283804497,0.7160329674811018,0.7242271161690371,nm
9.450668334960938,165.82188384619207,26.148028657205845,110.8483286051156,0.11878755263676652,0.05098172533344537,-0.0750161215065471,-0.297768564402318,0.5196365796991068,-0.4145199745290219,0.14945580438809486,0.7283646766497841,0.7242271161690371,nm
9.47485899925232,172.0835671583088,26.99849267529053,108.8940637218643,0.23150657853213033,0.020552218291515517,-0.10897412262017471,-0.2964068904501434,0.5585704357794352,-0.49386776136364263,0.2566964140403843,0.8023486412697957,0.7292503205487687,nm
9.487717390060425,175.64461037231655,27.506867355330616,107.97790572768336,0.2637891588839547,0.007090004672946535,-0.14340688003213184,-0.3107795643968156,0.57278937058833,-0.5092614579600993,0.3003340169736305,0.8270543109550277,0.7292503205487687,nm
9.489737272262573,179.35665608697823,28.078924955095914,107.14082031369267,0.2571888460224056,-0.012571515974645342,-0.1646032105403816,-0.3210960980510922,0.5965931029084893,-0.5128864489987617,0.3056114566773285,0.8497520486519436,0.7292503205487687,nm
9.49774169921875,-176.69279763138766,28.686336102958474,106.41824768737368,0.27265602158674906,-0.07645162433628135,-0.15256683012492192,-0.33057238057942484,0.6361031185362414,-0.5187935916821564,0.32165632999450894,0.8849022923373809,0.7292503205487687,nm
9.52201533317566,-168.11619448646954,29.887353423824777,105.19637012425784,0.25228466494958973,-0.13523422983825978,-0.20323459906646504,-0.32906067147844664,0.7115992222999338,-0.5504828134079203,0.3510557667185953,0.9579591361583311,0.7335200442715406,nm
9.530776500701904,-163.562885963444,30.429985924805337,104.5441476566554,0.24780276206142668,-0.16892259020179484,-0.2681508073999577,-0.31914925596021704,0.7409872790622976,-0.5848784423318595,0.4023007654417336,0.9964944493657,0.7335200442715406,nm
9.53705644607544,-158.9465273422695,30.964912814661833,103.78593199477741,0.22209773127479354,-0.18638657166040343,-0.27882072703007904,-0.3095388140126852,0.7521449336229141,-0.6193678725649641,0.40225409153209485,1.0223271688264217,0.7335200442715406,nm
9.542373418807983,-154.22137672693583,31.546067361521988,102.91223557841565,0.20351703653752576,-0.15455957784719018,-0.2688004970966372,-0.3103762391372094,0.7685481644410823,-0.6609858272298695,0.3708929151449479,1.0601424218874886,0.7335200442715406,nm
9.550965070724487,-149.22732940761946,32.20665000886398,101.94802804031983,0.23788528221225277,-0.160501723965469,-0.32747107499268396,-0.3214513641130613,0.8100259621359245,-0.7157982255959475,0.43541648550089923,1.12775890091397,0.7335200442715406,nm
9.574370861053467,-138.61727947653154,33.76052738712109,100.0934295413477,0.15466401571733668,-0.3662845757537234,-0.5228272872549696,-0.3296112557897907,0.8589341857067677,-0.7582414869642273,0.6568361443246621,1.1922003472037717,0.7371493094358967,nm
9.594043016433716,-133.1072898412591,34.59913552468201,99.33671572865751,0.07794480741048594,-0.3086339692088191,-0.3701438689973039,-0.3256470338786184,0.8826074144276367,-0.7650875162551152,0.4881975048155626,1.2126008189861992,0.7371493094358967,nm
9.596190214157104,-127.15305543122639,35.446312575147665,98.68708602271646,0.012941811292308793,-0.3832150440530697,-0.40402023661210507,-0.3252409818485483,0.9496016272347455,-0.8079197250408326,0.5570041400745809,1.2885104690419629,0.7371493094358967,nm
9.607885837554932,-114.68690289422338,37.10170978208622,97.69710535184318,-0.1611583715955434,-0.4217533280838966,-0.30621428622329777,-0.3038674910799106,0.9872441301342901,-0.8327938492052749,0.5455410888030469,1.3268504135334733,0.7402341848255994,nm
9.620055437088013,-108.2621281284031,37.934891732585896,97.29503656909235,-0.24270515014394048,-0.4049731185135684,-0.2776421788172171,-0.29891750186415333,1.0028441693171086,-0.8579172015416158,0.5477172592527727,1.3531703608766432,0.7402341848255994,nm
9.640339136123657,-101.7780925811085,38.78634093678692,96.88986705278982,-0.25067617674292814,-0.3809866188448838,-0.23009129015971322,-0.2937709706527896,1.0023066146720614,-0.8811713929539561,0.5108143998877379,1.3665222123237022,0.7402341848255994,nm
9.644182682037354,-95.20248791143959,39.673621383848555,96.56558252378245,-0.2995643275421386,-0.3647464762649992,-0.1978314889848248,-0.2933099356208035,1.0051779285761353,-0.8924253617748823,0.511777369876258,1.3758039150872916,0.7402341848255994,nm
9.64719295501709,-88.51819412688164,40.582587464509835,96.39854366209129,-0.3651309683738298,-0.3354077456148619,-0.18384620929396045,-0.2923072220748149,1.009258051956015,-0.8914912259097577,0.5287895692577657,1.3779702222432921,0.7402341848255994,nm
9.656991481781006,-81.79501187825043,41.48038667592462,96.34759850462362,-0.35741008631585885,-0.2756716945791628,-0.14060867729735302,-0.2859556174283478,1.0020084978739414,-0.8901268379165089,0.47276596019993666,1.3704442464141555,0.7402341848255994,nm
9.664937019348145,-74.9487713643148,42.34265553407429,96.40216628815698,-0.3655266115274665,-0.26527468589715403,-0.10461361977195197,-0.27815038403480563,1.007018728737943,-0.9017961570685765,0.46359936599867746,1.3801053094135047,0.7402341848255994,nm
9.676150798797607,-67.92507071456772,43.12468696050828,96.631266726379,-0.45855101066844295,-0.24608490529816293,-0.07123156812453238,-0.26493145119560163,1.0203899202839357,-0.9064582439843658,0.5252625498720961,1.3903419763989304,0.7402341848255994,nm
9.701100587844849,-53.700974713677304,44.39425525688837,97.4763597508649,-0.39024498107906036,-0.15060696251014924,0.05546689804262215,-0.23802333296760875,1.0196917345519063,-0.9068062053108782,0.42195992605033045,1.3851800729655328,0.7428563289068467,nm
9.7179536819458,-46.39882517814972,44.899413734257955,98.01941726608655,-0.5138003524664937,-0.1184594204246088,0.15744776407896519,-0.22992677120753238,1.026773915504343,-0.9199291738475232,0.5502846853179659,1.3976411122222425,0.7428563289068467,nm
9.725322723388672,-31.989712381431023,45.62782871270962,99.26487139049642,-0.3075511284471942,-0.020719280707656888,0.24186259879042898,-0.21137763362802212,1.0008682466820145,-0.9062954120776391,0.39180926724089266,1.3666708181444023,0.7428563289068467,nm
9.75228476524353,-17.528509976710442,46.08100040757522,100.6726421421408,-0.303719056732405,0.09603892273799657,0.3559673873690052,-0.2017423925713666,0.9771678434781202,-0.8907839039157255,0.4776834945582819,1.3375548402826105,0.7450851513759069,nm
9.765853881835938,-10.507370624694099,46.16906288314868,101.40990412013133,-0.20183972084980709,0.12069356891259177,0.32484984339593664,-0.19227450616413932,0.957857622157932,-0.8726057031053109,0.4010406852726431,1.3099242051121223,0.7450851513759069,nm
9.76738429069519,-3.601590835310471,46.16690681831337,102.14816772962854,-0.2075729569143612,0.22417227672893517,0.4090881512484383,-0.1837042841972016,0.9414625824633297,-0.85748885936219,0.5105809020986495,1.2866181259958984,0.7450851513759069,nm
9.772507905960083,2.9425772571959414,46.05155832155912,102.84520586439592,-0.021044089035609576,0.16663997835246008,0.28995038098403075,-0.16307684774801212,0.894939477955429,-0.8134923927451536,0.3350864955521658,1.2203608484906419,0.7450851513759069,nm
9.791927814483643,15.782131356978878,45.47789741371688,104.08236906355371,-0.0714899983713054,0.2451227781328099,0.3497492799981915,-0.1365358214552176,0.8802024860311078,-0.8031375542633791,0.43303643621054494,1.1993449787379593,0.7469796504746081,nm
9.81082534790039,21.68935167428605,45.06324544945584,104.5437308206151,0.005158142176587101,0.18127652388748675,0.25776483808470724,-0.11630497510451099,0.8277015555229593,-0.7589954985607688,0.3151674099526786,1.1290220897239776,0.7469796504746081,nm
9.812486410140991,27.374176464971686,44.571386147154726,104.91218976081298,0.026607331399999205,0.19280088795673522,0.26546585716340537,-0.10177410372638108,0.8058991507986916,-0.7401990866684539,0.32916903530046154,1.0989659218338728,0.7469796504746081,nm
9.820879697799683,32.835667077351424,44.01563712012281,105.20909685443873,0.07305732498746016,0.19308305715984822,0.26150507021618297,-0.08851133395278596,0.7841304582995176,-0.7164087327309712,0.333171639617311,1.065803126381373,0.7469796504746081,nm
9.848301410675049,43.224803878782936,42.712401696057455,105.65904968897173,0.10698212376710053,0.14072244089498154,0.2316191849755955,-0.06377181734690417,0.7593435912040376,-0.6744334357164325,0.29136819837779127,1.0176099416783637,0.7485899747085041,nm
9.851492881774902,48.176273140139635,41.97705793794737,105.82689690072459,0.1258210567712635,0.1381327312791703,0.23605363993911113,-0.052444521811934874,0.7433091233006092,-0.6475692843185934,0.30105300315091443,0.9872207750259807,0.7485899747085041,nm
9.857873678207397,52.8998458630536,41.20745316224608,105.94753959570394,0.15156055794005605,0.11373608874154074,0.20839765363422552,-0.04171410921442435,0.720314114698299,-0.6173000156545799,0.28166661613612526,0.9495534740436116,0.7485899747085041,nm
9.867056131362915,57.44244021613876,40.40963376758361,106.00895929334185,0.1493441604395757,0.0775629092303733,0.16343110464777919,-0.03318065879554824,0.7034114010109033,-0.5959288104386866,0.2345834800493722,0.9225072911912926,0.7485899747085041,nm
9.887050867080688,66.09604367397937,38.76352317610526,105.91226598316143,0.17707466400649016,0.0825573512630722,0.14940976880687915,-0.02156786378773866,0.6763143426395987,-0.5666513939618365,0.24595615848258556,0.8825871430557389,0.7499587503073156,nm
9.894963502883911,70.1890559478029,37.93919530831122,105.78309401507258,0.19326222421540967,0.07710254631894381,0.1464288982914242,-0.01680719812860066,0.6606543687025377,-0.5483823029830082,0.2544337088759907,0.8587606342978411,0.7499587503073156,nm
9.90735149383545,74.10344002091314,37.10774546387092,105.60728466235128,0.18319944826140674,0.033290091657924493,0.07923915403086847,-0.008865905540694398,0.6407950702543702,-0.5265613574454294,0.20235886829443517,0.8294358260276277,0.7499587503073156,nm
9.912604808807373,77.90277014493954,36.25173107263197,105.37349873171264,0.19314828864994082,0.055747335537282665,0.11667244197268256,0.0003667581157559454,0.6311006057340666,-0.5151233842974935,0.23243598160305606,0.814641154201974,0.7499587503073156,nm
9.922104358673096,81.53803031030733,35.381969171139794,105.12053300471752,0.14766135081054085,0.006352364423537224,0.08199430127579348,0.010093348425072594,0.6127501589902965,-0.4903803414112853,0.16901861583467256,0.7848805719774902,0.7499587503073156,nm
9.946381568908691,88.53103455638777,33.60729920504646,104.54908973029393,0.13493618678377478,0.0018759663762104302,0.10972824007130488,0.023249923756762814,0.592588098627021,-0.457328631649188,0.17392981464584026,0.7488996534350927,0.7511222095663055,nm
9.956437110900879,91.889128965666,32.73323411640986,104.20847820311614,0.18249785599716387,0.02112900022987731,0.12992961063384556,0.02468515613185423,0.58668627490892,-0.44925752446564876,0.22501912321786882,0.7393527340781002,0.7511222095663055,nm
9.96291184425354,95.13172379554634,31.892055994928416,103.85662144212678,0.10356459495121335,-0.007327502526115368,0.08338301017396253,0.02455993906205448,0.571446943330103,-0.43041720479521567,0.13316172125032874,0.7158308248684017,0.7511222095663055,nm
9.970151662826538,98.4338704863408,31.07285252064906,103.50218413657069,0.14157339337450167,-0.0016623173507985466,0.0935458739133361,0.019522190765851377,0.5851671286438914,-0.42886207395867865,0.1696956674071437,0.7257577852546772,0.7511222095663055,nm
9.97946810722351,101.70424661018393,30.277922864113535,103.11751567106096,0.18408822765752292,0.02195084778415889,0.09305459383825948,0.01804680957970729,0.5834936343642294,-0.4233468570624594,0.2074354663863794,0.7211193174948551,0.7511222095663055,nm
10.000178575515747,108.14792827643328,28.71643767169148,102.27424371703033,0.38614129371444594,0.057152016627368844,0.09210887397589987,0.021753026648072632,0.5880412251412241,-0.4145722031055601,0.4010679448437001,0.7198164962139596,0.7521111499364469,nm
10.020241975784302,110.8574543751349,27.966104722357798,102.04470589424812,1.1001247470311324,0.5364334996180926,-0.005211533571232353,0.03733721804716504,0.49809122311921866,-0.31460899641218326,1.2239536423512907,0.5903115745294022,0.7521111499364469,nm
10.021851539611816,113.07106263396979,27.16496744009971,103.00222689334001,-0.4208486821031729,0.748074693614655,-0.3068897313134335,0.06203481505118919,0.41807465716334435,-0.024206547620469882,0.9115430146955594,0.4233446517772313,0.7521111499364469,nm
10.02781081199646,116.63218335766233,26.58985669524696,104.2691593081999,-0.7977573126368915,0.19736426825288453,0.36691269302501833,-0.047997932306577375,0.6449390755025398,-0.07899317638155967,0.8999968380786141,0.6515290742020848,0.7521111499364469,nm
10.047638893127441,121.29639384309306,28.82470720964745,102.23946730206669,0.034991092554841084,0.4582319660597165,-0.22004642315787562,-0.36873546318110045,0.21258773787854157,-0.4199809510762324,0.509530509019538,0.5979493183962943,0.752951749251067,nm
10.071316003799438,124.76610426188785,29.862550647563765,102.22924015568388,-0.11158557190623271,-0.11728164706609871,0.2571862122594497,-0.34235005179765327,0.5478277879071627,-0.3515919578366392,0.3038931923761055,0.7354833431047315,0.752951749251067,nm
10.077939748764038,129.1593331201079,30.626434070321473,102.55586211438431,0.8294864624447174,-0.5145777896910367,0.4424199972599028,-0.32392186043609456,0.7095033217864716,-0.38608465886178445,1.0717152359642073,0.8702767945331178,0.752951749251067,nm
10.079676866531372,132.42099210272667,31.47615201543779,102.385353821794,0.04005548428470395,-0.44111272425798265,0.3284904706581402,-0.29878013083909083,0.5098808660539375,-0.3788697170563103,0.5514443459106165,0.7019902610823502,0.752951749251067,nm
10.086864948272705,136.06769916553696,31.708852116115285,102.36183580775295,0.05639186419196803,-0.13486489432498544,0.11853363757838326,-0.1910269183775226,0.598117146837708,-0.3944738710172202,0.1881988451237105,0.7415153672051602,0.752951749251067,nm
10.105402946472168,144.00441414761303,30.29891227053444,103.06867823725416,-0.13283842049495279,0.23450667330960437,0.06906379938997512,-0.01532995894996219,0.673978011649587,-0.3485711634004593,0.2782251501437462,0.7589355860564769,0.6719519548088451,nm
10.121349096298218,148.02814915713617,30.140011684936216,102.59797385313433,0.11647595937180785,0.6757682538975033,-0.27873115702153517,-0.1368555181489368,0.6876944695541433,-0.5046525424869776,0.7402164818361093,0.8639023700290092,0.6719519548088451,nm
10.127746105194092,151.91793113396,30.32668715773732,101.92748972849125,0.2894684739948192,0.5986582488371134,-0.4707205509857254,-0.1928320538472383,0.6520087198429997,-0.5305868959669255,0.8147156150816758,0.8624511730608687,0.6719519548088451,nm
10.132915496826172,155.80526482636054,30.83381945076867,101.24461761290749,0.23897552853391527,0.25247285583197654,-0.3005427782365512,-0.24751462969442395,0.6389944414328765,-0.5361902107424742,0.459540866213401,0.8701019079343181,0.6719519548088451,nm
10.162577390670776,164.62060923691183,32.89453086356668,99.97956262684052,0.4636380807174788,-0.2863420047509048,-0.04488946163145403,-0.3608714811559164,0.7188186359621692,-0.5937086551983889,0.5467788193974931,0.9997091699967836,0.6031021295329564,nm
10.16985034942627,169.2264885956024,33.61149059797878,99.78001095615824,0.317760918321811,-0.4571435749541856,0.2725402306552967,-0.28704857294349206,0.7398864680280414,-0.5469469382583051,0.6198632322216379,0.9638359933463988,0.6031021295329564,nm
10.17656683921814,174.07075174612459,34.036995293489774,99.75947048054977,0.4152539595190248,-0.6255534991012036,0.08546267171811096,-0.23383510391433096,0.7849725035171253,-0.5445418242908645,0.7556830680855467,0.9835580742907823,0.6031021295329564,nm
10.179085969924927,178.88303258342634,34.18468426030088,99.7722800063594,0.3195694036953793,-0.35690629959733944,-0.1981233556156523,-0.17737652819947822,0.7871279836281244,-0.5374936582232555,0.5184202682292547,0.969501071684191,0.6031021295329564,nm
10.199411869049072,-171.74402300702943,33.72704401702746,99.19178836256694,0.18186470153978157,0.2043698213762994,-0.4908993678277997,-0.09481861887036672,0.7822317008124019,-0.6083053392988059,0.5619821909004481,0.9954458247738961,0.544579778048451,nm
10.21410083770752,-167.11800120442277,34.05906510077525,98.49235762251078,0.15320022089015004,0.3251165208249949,-0.6746338977609052,-0.19538578373246937,0.7574971563065066,-0.6539540217893169,0.7643964650639167,1.0196241508083348,0.544579778048451,nm
10.220588684082031,-162.47319721589238,34.91595933466138,97.63202990163964,0.15414452792383476,0.2343135325841347,-0.704360974844094,-0.28817118679184733,0.7436887153088584,-0.6957121262075506,0.7581475779320545,1.0583623673992726,0.544579778048451,nm
10.226895093917847,-157.6946891473262,36.00582992548871,96.74738048482305,0.23596684623533581,-0.1233312229004418,-0.5318700536796813,-0.324007653716159,0.7554055452020373,-0.7286152997313825,0.5947913054724288,1.0984073708744357,0.544579778048451,nm
10.259664058685303,-147.1261458273744,38.43573702795889,96.00234055169778,0.39843847749440436,-0.5690623180434659,-0.04531279507043929,-0.3371136382065675,0.8582501752594215,-0.7065174882438117,0.6961597457208778,1.1616393285318987,0.4948357792866215,nm
10.266663551330566,-141.10398181290049,39.19050373012686,96.1379121125656,0.35854801656176694,-0.7772869494669717,-0.16856771213018226,-0.2566819944228313,0.9296901948924415,-0.7240396126237921,0.8724372502162272,1.2060028463434236,0.4948357792866215,nm
10.268099308013916,-135.06907344112287,39.440850908124176,96.323890663482,0.14842432537596376,-0.6942884054992097,-0.2433703536656113,-0.15730927572063746,0.9357532207040815,-0.7234148875287862,0.7505300123361288,1.193192942396199,0.4948357792866215,nm
10.274563550949097,-129.01711492313314,39.45912708911795,96.3624289212566,-0.005989849890909265,-0.28782284395498564,-0.3467048915718222,-0.11185530800474942,0.9418461389409322,-0.7569563152232558,0.45064636872372626,1.2134943850398106,0.4948357792866215,nm
10.286421060562134,-122.90589954325034,39.595957658764476,96.08943461284134,-0.1788661730639485,-0.06388415857522875,-0.5987486546156818,-0.13307115757892826,0.947955815957537,-0.8279127148039122,0.6281514506769019,1.2656095864527495,0.4948357792866215,nm
10.30275583267212,-110.89784170637215,41.42445398714342,95.42271375635572,-0.23945378654693425,0.1192905829254726,-0.593485675463251,-0.33449148190629296,0.9022392123910704,-0.8328556438868877,0.6509943210554414,1.27262275297834,0.4525533803390664,nm
10.318333148956299,-104.6171698029542,43.10004911888792,95.56695115916783,-0.23945217816613246,-0.12896303856306815,-0.49175989753959415,-0.42216692500142705,0.907766221740243,-0.8121482027024836,0.5619578345143671,1.2891272741861415,0.4525533803390664,nm
10.329929828643799,-98.13358349873893,44.818437445754036,96.18773279447056,-0.14070538906188845,-0.40868044346741905,-0.20771952598682208,-0.4357276114727694,0.9078616849057329,-0.772799447652514,0.4795467785940948,1.2693661318200007,0.4525533803390664,nm
10.333706140518188,-91.29745168081227,46.16685764521737,97.30801578985796,-0.11554298520274993,-0.5967591696721949,0.02640604753986426,-0.3774731454721028,0.934567595575565,-0.7485327536729142,0.60841512749445,1.2554695733364676,0.4525533803390664,nm
10.364844799041748,-77.43457469357227,47.06017430919434,99.28504706360893,-0.26268781359984855,-0.5672823579713864,0.12925021175478,-0.1714930657930818,0.928786367613726,-0.8413024294032609,0.6383727581265514,1.2648493056487158,0.4166133412336446,nm
10.371670484542847,-70.95445767938716,46.9609974116046,99.62166435195721,-0.30479684454215494,-0.2739653342556432,0.07254871866680061,-0.11923101010867482,0.888524319384563,-0.8801427178646544,0.4161987955254741,1.2563210989709266,0.4166133412336446,nm
10.37325382232666,-64.61215781324297,46.99951983047392,99.79913009727066,-0.3154920399946017,0.054894128560432916,-0.03845065335599604,-0.14617113075429922,0.8647405937410667,-0.8920365593180722,0.3225322393092939,1.2509482471667914,0.4166133412336446,nm
10.3797025680542,-58.11163379949247,47.47356812726591,100.2402167012749,-0.2549457030084148,0.24597500962003824,-0.12265177359630418,-0.2386419025890502,0.8652080930457194,-0.8672494981946806,0.37489261716703864,1.2480611740063294,0.4166133412336446,nm
10.387836933135986,-51.08329512306638,48.36256786702887,101.53769743667718,-0.26443577032566706,0.23669152420579934,-0.1487647577547497,-0.34399077076837503,0.9031198898938966,-0.7986591442853442,0.384811781795234,1.2537191131375414,0.4166133412336446,nm
10.410982131958008,-35.4502819226753,50.21311479735636,106.71186986480605,-0.21725389550946184,-0.05130835833628252,0.09826020956118287,-0.4214570295262191,0.9652784251801876,-0.6476313238628998,0.24389930613310098,1.2364525051548967,0.386064307994036,nm
10.425037622451782,-27.47228875054513,50.566276014973596,109.66546338635361,-0.22358033753456077,-0.22302557791502928,0.31007890978615815,-0.37459593088609366,0.9540759378364022,-0.6442322879174498,0.44258050796501797,1.2106272123945427,0.386064307994036,nm
10.431834936141968,-20.079360467632547,50.41790072200761,111.97770764876202,-0.19079230328725436,-0.2678501656037922,0.43529845093873587,-0.2965719111173906,0.8986800450304347,-0.684996418960096,0.54555490612522,1.1682468984713297,0.386064307994036,nm
10.436976671218872,-13.497701258946718,50.01292971038611,113.297537115404,-0.17611825520686805,-0.19536462169628224,0.496651722083627,-0.23935140470499278,0.8167283617680473,-0.7550696525344074,0.5620034771033675,1.1377453546505925,0.386064307994036,nm
10.452119827270508,-7.6411929872615305,49.60760654220725,113.82324706605031,-0.12352502680603782,-0.029745408982751364,0.46793593567883085,-0.21766262933429034,0.7325240488478083,-0.7978673669097771,0.4848786049132364,1.1047899517684996,0.386064307994036,nm
10.468593120574951,3.3552388381905693,49.14765988596995,114.85806507248448,0.1469790303049047,0.2895496918140531,0.17376528208318667,-0.2577725803033115,0.6768744811667812,-0.7015090511954875,0.36828824667158827,1.0083256990279577,0.36009762974036874,nm
10.483289957046509,9.370581293686758,48.93383943582725,116.41329520866243,0.16013516058978775,0.2626264292175882,0.09006712260468847,-0.29307495470473327,0.734257636118993,-0.6078258671442865,0.3205120864413477,0.9972359249665732,0.36009762974036874,nm
10.490578174591064,15.732908547495484,48.468098908110385,118.73133748164886,0.08077791407172977,0.24909340473425895,0.11337853798839256,-0.29712700671164793,0.7915907824929527,-0.5034582102289683,0.2853546715234753,0.9840582271858637,0.36009762974036874,nm
10.494350910186768,21.959078832816843,47.68005692774937,121.3555918284658,0.05201788394573337,0.1467098112934291,0.15592092177743996,-0.27175439541106955,0.802579787817133,-0.41335176517517547,0.22032013713655843,0.9427854734833708,0.36009762974036874,nm
10.502094268798828,27.707262917007466,46.65522893296278,123.71915891994442,0.05760719054575206,0.0340047380604116,0.1892070070848491,-0.23987261880638047,0.77205813188707,-0.3826370851974225,0.2006843345733242,0.8944404794251896,0.36009762974036874,nm
10.524384260177612,37.012436693552814,44.599597766228236,126.23933498558044,0.07367381079147729,-0.00016875535259949534,0.24938992574109947,-0.18959479503272345,0.6023955022080487,-0.4457911562210205,0.2600445998978993,0.7730176468547545,0.33802595322475154,nm
10.533821821212769,40.693303041405876,43.86944230063459,126.48967319107217,0.10670681512667089,0.030446600068194316,0.2050564757534923,-0.1890735860737898,0.5126946528899112,-0.4768180085655472,0.23315552341437823,0.7252310261876028,0.33802595322475154,nm
10.547747611999512,43.996136146469986,43.293352204452006,126.48611665862242,0.15578096317309106,0.08142711086592863,0.1196969574972521,-0.1863126290049295,0.4540880570203924,-0.46965036407673805,0.21266274827812973,0.6793230628594147,0.33802595322475154,nm
10.553584575653076,47.17952341956683,42.682372959303876,126.58934201304993,0.2017706449589926,0.0998109389686822,0.03437009705180786,-0.17397848971165455,0.4473848466748073,-0.4271987787874925,0.2277167544919094,0.6425889140921388,0.33802595322475154,nm
10.56293797492981,50.395904590766285,41.854760246883615,127.04469892945811,0.21184527762076277,0.10795987917597502,0.009384765698568324,-0.1481810625510691,0.480402384458139,-0.3554747822642427,0.2379534218899283,0.615716167659775,0.33802595322475154,nm
10.595617294311523,56.77017791869768,39.27719151843546,128.91559435515327,0.1623587507395507,0.028701879581714128,0.047233498301320724,-0.07423607399393643,0.5583431152725117,-0.21296606885333705,0.1715084989002342,0.6021732105773976,0.31926502818647695,nm
10.609890937805176,59.72614651693399,37.72898066092154,129.9283773601491,0.10908143007644429,-0.0019075446936973085,0.1161336106482624,-0.05193286734551182,0.5537083128950316,-0.17972543713238423,0.15934055552960416,0.5844579978340748,0.31926502818647695,nm
10.611477613449097,62.326890710369725,36.265720296031645,130.67562975066463,0.09296530618260088,-0.054596685643228685,0.09754506214678428,-0.04345267249503602,0.5056690170685887,-0.1778712917477248,0.14539045837354758,0.5377987411644599,0.31926502818647695,nm
10.612949132919312,64.63321917479968,35.047138330040106,131.06196801095788,0.08909922986151167,-0.04056620543655809,0.08598208317960827,-0.05944147938908141,0.44228530111671094,-0.2059973720980837,0.13029661704488188,0.4915124559634055,0.31926502818647695,nm
10.616051435470581,66.65694357488992,34.125276046542986,131.13091067544568,0.09050229115361881,0.02033163017019234,0.07247473584024278,-0.07908717817346939,0.37150866129363747,-0.23039223380276608,0.11771417597105642,0.44424548232284944,0.31926502818647695,nm
10.644505500793457,69.82995286181622,32.794803723160406,130.6967223801016,0.1240124364846126,0.056085588188185986,-0.05950455462612669,-0.07543227100666682,0.3059141744578013,-0.2300608715038482,0.14854450385833384,0.39013012475394854,0.3033182419039435,nm
10.652402877807617,71.39582215783342,31.88819328044908,130.63045791659968,0.13347360827035154,0.017872139663649343,-0.11789813945320501,-0.03499081296134394,0.31775383893435366,-0.19519135744233224,0.17898209063308992,0.37455510298138406,0.3033182419039435,nm
10.662673473358154,72.78046761877515,30.785448057183476,130.6496600111842,0.1403910648842783,0.002660556545613765,-0.09233113022035039,0.012380089988464698,0.3561707059053692,-0.15450085180990913,0.16805287045522713,0.3884344881485667,0.3033182419039435,nm
10.664319276809692,74.13015664929186,29.409021283203064,130.82683558689183,0.15373586257100338,-0.002082459700796427,0.0009622985994234154,0.055887249657792445,0.3895191526307212,-0.1141473518768581,0.15375297752385264,0.4097293898184102,0.3033182419039435,nm
10.694169044494629,76.5289031184396,26.503779921418598,131.34569052295183,0.1174635626048325,-0.06851934234739383,0.07583466894829323,0.09306350858189662,0.3640751350412689,-0.07017125370595913,0.15570319787992792,0.3822767654874633,0.2897634735637901,nm
10.706013202667236,77.53811112533157,25.27375780703698,131.4826143058944,0.10341486391460086,-0.05993528292893586,0.06277285151099629,0.07404472260503825,0.317939434458437,-0.07497340966035579,0.13500852974930358,0.33494643912946337,0.2897634735637901,nm
10.707890510559082,78.36724582351125,24.2836579268406,131.48139262779756,0.06315865291065098,-0.02416648162155938,0.03411439747958656,0.051868414424804596,0.25795743785835296,-0.08386697401641298,0.07574184039781758,0.27616307047116023,0.2897634735637901,nm
10.716476917266846,79.11171502738028,23.475109074685346,131.38296517175172,0.023099917699744704,-0.009730160991437743,-0.051973115616992076,0.030904778556145117,0.21692272739338062,-0.0940293330162876,0.05770170688629151,0.2384367640798608,0.2897634735637901,nm
10.721118211746216,79.69578546985986,22.666409231439438,131.18842302814244,0.05829225588409185,0.07832398893934112,-0.03972244203130631,0.029657112500254046,0.2003547225093719,-0.09852678667428642,0.10540638851775996,0.2252311853319173,0.2897634735637901,nm
10.7454195022583,80.64161766173132,20.684658080525143,130.9318290267301,0.06675887690932306,0.022914299323801204,-0.06999177010806883,0.10108400144378618,0.2157361932335647,-0.06659516617181054,0.09940151227499339,0.24737622475947116,0.27824192047465973,nm
10.759306907653809,80.94001851980663,19.387939235306717,130.89613569124984,0.07441735057985027,0.053058739975353035,-0.024475254823845806,0.14742511266015135,0.23203009090017473,-0.041165119710842045,0.09461611941835628,0.2779688723702883,0.27824192047465973,nm
10.765895128250122,81.23668563148614,18.009973632556523,130.97396000561812,0.04206684234814166,-0.07145596728157616,-0.046568129319107476,0.18417759306211903,0.23287669936315963,-0.01724285724230856,0.09510081573556667,0.29740588262224,0.27824192047465973,nm
10.769078731536865,81.5078770808625,16.61789518853236,131.06498164772498,0.09935283788324671,-0.033824551693991664,0.035300119810603506,0.17867866527754753,0.2418715221834328,-0.011461928209587162,0.11073023594031207,0.30093068050130484,0.27824192047465973,nm
10.779352903366089,81.63020369513801,15.378733365288642,131.1366897854576,0.09369261744971392,-0.04225058291400576,0.06508784771646396,0.1757813259319418,0.20057219204430282,-0.0058594983377913004,0.12165461866083555,0.2667632142717935,0.27824192047465973,nm
10.819552659988403,81.53118115388861,12.638873868736825,130.99796972566492,0.049422033884405456,0.03133333542234447,-0.039128582820203935,0.1267699260596037,0.09617919428738995,-0.028894955946627134,0.07039432743821071,0.16172807439058443,0.2684486003488989,nm
10.821696281433105,81.33544240378122,11.800063459822937,130.88303709089217,-0.010832722289259352,0.036605985796604755,-0.11297727984456946,0.1469754051202931,0.08204002519907937,-0.02805672693026791,0.11925272252412356,0.17064441207077213,0.2684486003488989,nm
10.829374074935913,81.01049523643928,10.77295297308052,130.78137865771538,0.03550242557554989,0.07363843415482102,-0.07829068023195515,0.17451689158526135,0.09588880721991186,-0.020763792141084324,0.11319218973808937,0.20020475484542677,0.2684486003488989,nm
10.846454858779907,80.07854762434252,8.320416776039371,130.77717337237812,0.0336077988840268,-0.023478071891008725,-0.052637493979064996,0.25302205217173485,0.10777836141029312,0.009063003724608497,0.06671888621630813,0.27516989680921883,0.2601242782420022,nm
10.861202001571655,79.47030136327999,7.025443492845146,130.8537121778481,0.13321883518727304,0.025998665113333177,0.03037190074369845,0.264230382268114,0.10788610294199776,0.018880769901340355,0.139088608416053,0.28603074938480366,0.2601242782420022,nm
10.867427825927734,78.77296486712531,5.769060388824344,130.9891424900366,1.1419013676411585,1.0635418088656357,0.5325707186229331,0.2754899635790849,0.062234391644000304,0.02969319543987583,1.6488455000273627,0.28398860081266464,0.2601242782420022,nm
10.877458810806274,77.9973528791651,4.911305165361946,131.53283336045988,0.12154317151878088,1.06114469967894,-0.1521917326021125,0.22556818353368255,-0.0004680066053677846,0.11036727841486715,1.0788712340552902,0.25112180430534614,0.2601242782420022,nm
10.902228832244873,79.85220665299381,4.581257751814464,132.25370076353678,0.5467932712928036,0.8524214394557503,0.8588858052558868,-0.11468919636198566,0.11706907643417022,-0.07791274854416386,1.327889309560459,0.181463982114947,0.25304860445113997,nm
10.910297632217407,78.77619902846757,4.959109627092577,130.69897655195714,-0.4509822111619182,0.22967267307966188,-0.23320241900779315,0.07993776934081126,-0.20848447330449968,-0.30626000716207163,0.557241294032609,0.3790132115944661,0.25304860445113997,nm
10.917058229446411,79.03339573760405,5.591485861078021,129.64309733648756,-0.2552175202200236,-0.3541579926571338,-0.0714999449514268,-0.13531695351805284,-0.040063475696428597,-0.2290975383320077,0.44235292303572005,0.26907516062258685,0.25304860445113997,nm
10.92026400566101,79.53010531916136,6.114031504694839,129.04967019311712,0.5319503154698708,-0.4046411349203886,0.25486622279092586,-0.1491108495036841,0.012501821912067411,-0.14194138870485504,0.715305793152739,0.20624669407846064,0.25304860445113997,nm
10.944386959075928,80.5337975250743,5.645982614814211,128.65322916773417,0.634996199759903,-0.04430582737088155,0.3597167154847362,-0.021750972155585885,0.17394875522250078,0.004249985284080082,0.7311492976456064,0.17535488760820286,0.2470342817289071,nm
10.963721752166748,80.55343873324507,5.012513249211779,129.6070292953907,-0.03856018148958123,-0.3550364321622604,-0.020931173173387004,0.09007881779529535,0.08540184287984214,0.17776751973147545,0.35773715178805665,0.21681549588106422,0.2470342817289071,nm
10.965718269348145,81.1041111364544,4.299991049624132,130.52610846017987,-0.30791418986766195,-0.2405271328874472,-0.13927094307657745,0.03237628047150194,0.17820188748856847,0.1623282194005554,0.4148021764194994,0.2432171602815324,0.2470342817289071,nm
10.968917608261108,82.15340567886255,3.7676170579682746,130.9656071056167,-0.08825321719961232,0.5170716350950781,0.2896755577484735,-0.062364432528129884,0.2305183799093992,0.060595807934266784,0.5992191877125338,0.24637349260790276,0.2470342817289071,nm
10.987908124923706,82.81060477677315,4.07871683882583,130.87296609954322,-0.34541233172700997,0.11892718418230326,-0.16083029205222388,-0.10413624860814585,0.010060001596227547,-0.0690516068571142,0.39914876535976546,0.12535424331008152,0.24192210741500916,nm
10.999086856842041,83.27314211354161,4.520294492088945,130.080352346382,-0.05081021786601746,0.12121956358997031,-0.10966357318299583,-0.1335706364443572,0.014856764238361962,-0.17826200305450007,0.17117815316154483,0.22324690389070911,0.24192210741500916,nm
11.017510652542114,83.54549003788397,4.85217912300665,129.34648100788863,0.2424333179059525,0.005938490380129269,-0.21522661887593109,-0.09218460199737387,0.0013409981510783661,-0.16402704431196327,0.3242401529293508,0.18816128822681405,0.24192210741500916,nm
11.019472599029541,83.78332866998062,4.8725203131161745,129.10323342011117,0.4759370089931816,-0.23209455508967514,-0.12474545471217344,-0.039531696243931776,0.036160754485176284,-0.06536740458991461,0.5440085913871185,0.08451776591747605,0.24192210741500916,nm
11.028192281723022,83.67428001895341,4.492206997670039,129.16621556063927,0.42189259023396386,-0.38283335978441674,-0.13216068350850624,0.06638863800105742,0.033233046687710405,0.001797546751096361,0.5848257734775234,0.07426383926316603,0.24192210741500916,nm
11.034526348114014,83.45606841908281,3.8281470401918276,129.55777494362408,0.2839295748571972,-0.1956820902772065,-0.13154237839828847,0.12395165154932178,0.05278327034840155,0.06902219633658385,0.36906758357856906,0.15137420235166513,0.24192210741500916,nm
11.043928146362305,83.3303261699268,3.1668352360978957,130.39380516860416,0.14216235297619345,-0.01561964024589822,0.017250224223851706,0.1110219806920783,0.06798720815229174,0.15643375964973494,0.14405442721732736,0.20351821006309556,0.24192210741500916,nm
11.059215307235718,82.97163611704451,2.749702161364798,131.18781855761762,-0.11092662033599385,0.048024991923859894,0.027265558685333598,0.10346584735848233,0.0024644858653425504,0.15021130537631522,0.12391337957975282,0.1824135179284854,0.24192210741500916,nm
11.096942901611328,82.0989774356531,2.9227118904029523,131.42620735122978,-0.30344590638607416,0.3308574439323101,0.0392258616272678,0.013729940620918767,-0.09862681260967647,-0.019425461636857037,0.4506492366889013,0.10145495549653154,-0.2,nm
11.10365080833435,81.46700805722313,3.366763716806993,131.14610864800002,-0.19179407658624928,0.16780072784220926,-0.07237749847387462,0.010271757876014274,-0.15128198590875472,-0.06176074331379123,0.2649161270351108,0.1637258003035323,-0.2,nm
11.109625339508057,80.80069398986427,3.6899255346867053,130.59788034772848,0.07800430046194402,0.05998259615385681,-0.08088765793335476,0.03210516429793417,-0.14061169746493501,-0.11424013786177377,0.12737894621112755,0.18399239151998878,-0.2,nm
11.112319707870483,78.61451047968549,3.4314540390252093,129.99626012560913,0.3819079723477821,-0.15247412568833274,-0.2421189297538113,0.19856095624757195,-0.15164811401398792,-0.012479641065159254,0.477203975771731,0.2501586402086981,-0.2,nm
11.120375394821167,77.24378231546078,2.8901204577605806,130.33052003111732,0.4394684104158136,-0.1816844644499205,-0.21171272914367753,0.2539523569088764,-0.13644641508288174,0.06928403380490865,0.520542032940012,0.2964957016700632,-0.2,nm
11.153369903564453,73.55616564187876,1.8911082723028714,131.44400443195158,0.1915288717307512,0.16218931180305113,-0.15727855496974077,0.3199731549703457,-0.24924745945891388,0.12381001281557977,0.2961844449375619,0.4240707903425957,-0.21394962465071812,nm
11.160770654678345,71.25499879375127,1.8725837165741097,131.95930371187205,0.3692308703981779,0.5099100796265968,0.037604008790039736,0.3042364107058895,-0.33740322629696884,0.10544711467177814,0.6306772442675254,0.4663902064874534,-0.21394962465071812,nm
11.162888050079346,68.71779958062014,2.2188316282573166,132.15863102269103,0.23979460761331775,0.7375808795702247,-0.0482974149474219,0.2842067764095821,-0.4191184530496066,0.04512620571290811,0.7770840675490746,0.5083995907609143,-0.21394962465071812,nm
11.171770572662354,66.6021007156169,2.87634043415602,132.25066382049957,-0.4482538519898859,0.2443798657326737,-0.40151312329039757,0.18280197398768155,-0.39746747732279386,0.02426423146090151,0.6495119881678091,0.4381617397166563,-0.21394962465071812,nm
11.179878234863281,64.38394656377757,3.614300325067029,132.0765997476895,0.3174274560910589,0.5793998630451519,0.4784222568448981,0.18464137243244827,-0.42318070426679355,-0.022754863730805968,0.8156912694284202,0.4622684595566574,-0.21394962465071812,nm
11.206729412078857,58.03410153992125,4.2716807007499735,130.69503872028747,0.005203752343915423,-0.05592130193378177,-0.1848896635808092,0.3614252089726143,-0.46501892568541864,-0.10172538100938971,0.19323161942976827,0.5976778698161949,-0.22580680560382851,nm
11.222874402999878,55.195377363057425,4.349894638143711,130.6108811194019,0.43000774492755317,-0.04805914861621113,0.40280088470828473,0.3556168393423375,-0.4342451508648848,0.013005682966103518,0.59115555921024,0.5614279430727644,-0.22580680560382851,nm
11.224510192871094,51.96839312452412,4.275456894687421,130.858630203937,0.32957921583268845,-0.29665353465802174,0.07618902216973103,0.43046487546466106,-0.472068173574155,0.08547524898529149,0.4499228225297842,0.6445575131045655,-0.22580680560382851,nm
11.230210542678833,48.955960961697016,4.124577386644133,131.28055077234762,0.30345230515149435,-0.13074088992884333,0.4044055927418616,0.41710834954322595,-0.42681068010139767,0.11612876355323684,0.5222263544116076,0.607974194873183,-0.22580680560382851,nm
11.251594066619873,42.88458053956203,4.826793224199144,132.35497118497452,-0.12032479475967836,-0.16932366636794022,0.04982624900152601,0.326125559426939,-0.5070902959598761,0.12830315351099883,0.21361464209131903,0.6164090751839039,0.2,nm
11.263216257095337,40.13848116954667,5.365016973453517,132.28504647274565,-0.2118612673339507,0.0570817922357089,0.19240283489192317,0.28955166056715737,-0.46957940253713243,0.022951866730329704,0.29182593866145107,0.5521519425038143,0.2,nm
11.266159296035767,37.38554310615278,5.893922995089153,131.76554020298036,-0.2983267798045136,0.19601951805855017,0.16928936501998165,0.28959723540998816,-0.4701724537697516,-0.06157271696816455,0.3950713962277016,0.5556256784165208,0.2,nm
11.272602081298828,34.752641844986954,6.340664687662339,131.05249711978945,-0.31573070899044775,0.07670508817006842,-0.14452460815780616,0.2811660496872951,-0.44381590545328564,-0.09795451043749566,0.3556078085671857,0.534436143561724,0.2,nm
11.29289698600769,32.59089273354365,6.4152381127515765,130.32081074004992,-0.2557763882919129,-0.030236116221827404,-0.11528669692273308,0.27105125843231465,-0.3271937804285179,-0.10953645193144457,0.282182221302458,0.4387741890204758,0.2574813754282103,nm
11.309696197509766,29.699334912193468,5.840672317604281,129.82555470779928,-0.14658761344190074,-0.32852886792634506,0.2013904391651331,0.20234986780955305,-0.13361731037382948,0.011932462240895048,0.4122829786235216,0.24277857872804648,0.2574813754282103,nm
11.327914476394653,28.95538672556766,5.567948390809637,130.17740846781516,-0.14878001613572786,-0.5760676376489824,0.18733891937699598,0.1394266371487143,-0.06914517750279198,0.07465501704611133,0.6237670134442566,0.17261000633986148,0.2574813754282103,nm
11.32988691329956,28.648304124755594,5.374981146210406,130.63874488327968,-0.1738088166912746,-0.5981611731473118,0.0934568022071017,0.0713536896125606,-0.012180898564054007,0.08769284823516446,0.6298733743375463,0.11370909788908273,0.2574813754282103,nm
11.331947326660156,29.00433199122999,5.4663187823822765,131.05201507613654,-0.18489682377879207,-0.43580044862684686,0.09013255792134854,-0.05809325466375235,0.05106293064926194,0.0654141755280225,0.4819053272835775,0.10129789476553724,0.2574813754282103,nm
11.353421926498413,31.37285769294205,6.296998825411493,131.2174950702655,-0.18138674191637835,0.042627428157288524,0.19120644019940766,-0.23806518284491227,0.1529532752826629,-0.05387983563540846,0.2669796819012138,0.28804994773610737,0.30634054454218906,nm
11.367449760437012,32.82824051224486,6.5460706356424625,130.89526055424153,-0.274694688999191,0.2150703378296916,-0.14357769191978478,-0.22596572112736224,0.1943021746685211,-0.1082912744255718,0.37726247626228687,0.3170817596807483,0.30634054454218906,nm
11.373358964920044,34.50264290175026,6.64103160910597,130.59388762633776,-0.16784912094384635,0.31918943233206276,-0.09646098858789984,-0.230105718552381,0.24836484906927006,-0.11022782960571699,0.3733094472866195,0.35606728912285085,0.30634054454218906,nm
11.376619577407837,36.1793939768088,6.493714785552051,130.43405780661118,-0.013042732005325918,0.2460735529463376,-0.13244745349241163,-0.19279754998714477,0.28097164052647805,-0.08196965272010222,0.2797581710235133,0.3504782190496867,0.30634054454218906,nm
11.396076917648315,38.904583337608344,5.644357561965678,130.51808204410005,0.2625311057035139,-0.031377574456749664,0.05199651745964357,-0.10868047717556518,0.31553333481823514,-0.013459055309296078,0.2694638592995905,0.33399682284483445,0.2873894628608607,nm
11.406423568725586,40.31310578454116,5.192699691040761,130.78156478695888,0.3055637913573708,-0.2320607750350572,0.024877921286519705,-0.11364291294075766,0.27982195740893495,0.014231855233884566,0.3845001233629198,0.30235341111557956,0.2873894628608607,nm
11.418323755264282,41.66595597371264,4.9700215532375145,130.9974584317746,0.31755456062759424,-0.23008138349996884,0.13330263607515347,-0.14252427286115166,0.2409039624230426,0.007237076421802187,0.4141834554798501,0.28000046917971,0.2873894628608607,nm
11.428778171539307,43.00615466642782,5.060664722300662,131.0943341866456,0.21534266469947533,-0.11175416966671282,0.11560598437574461,-0.18902953668991887,0.19723717161640056,-0.016191553953943325,0.26874932800148915,0.27367285950178966,0.2873894628608607,nm
11.455997705459595,45.66253552484555,5.88596950726852,130.96171992769482,-0.09080433688231439,0.14786725750486784,0.048976158868847076,-0.23339920344707218,0.14072713601699813,-0.06392277492448353,0.180302017670891,0.2799382720088853,0.2712810434317316,nm
11.463521003723145,46.848516218079624,6.158148346460639,130.75846109171704,-0.21553583676842764,0.2619229682920374,-0.09752259471347925,-0.19589368655063247,0.14978653668662015,-0.07815292062079128,0.35294474741810145,0.25868556589908404,0.2712810434317316,nm
11.465129852294922,48.10366346453198,6.189506674568968,130.65267552855394,-0.164163285286874,0.3219952022653209,-0.022178887510015323,-0.16806641310381396,0.19196305784203224,-0.06084490647674509,0.36210826774494725,0.26229418109025815,0.2712810434317316,nm
11.492580652236938,50.39150456666131,5.417802598444398,130.72825587744813,0.041620817446762486,0.02830580225974145,-0.06016291915958924,-0.07440987025136271,0.24629930488984253,-0.021930198302616985,0.07844161987304688,0.2582268575838624,0.25758888691697185,nm
11.503596305847168,51.64397232161776,4.88975577764228,130.84565052399773,0.18971141439273093,-0.062267566371604646,0.09628142237703781,-0.08422787413029005,0.26453003341522485,-0.011763144191845806,0.2216704375140678,0.2778647961157478,0.25758888691697185,nm
11.505160570144653,52.77380295677091,4.570917392099276,130.96308548562902,0.27969060965351555,-0.19511530123291165,0.08992152502756778,-0.10073515066312645,0.21844426348577914,-0.007917104540073376,0.35267931406144104,0.24068266944935138,0.25758888691697185,nm
11.51243805885315,53.83247322499957,4.527533059224386,130.9766806124737,0.2659755666224422,-0.22208649270013694,0.06754583231626031,-0.13352234506566937,0.171344023766749,-0.026915465626824737,0.3530267011760917,0.2188868049982107,0.25758888691697185,nm
11.520662069320679,54.854439784991904,4.765899106599969,130.89826534574843,0.21871499248162532,-0.08321363162001298,0.0638223094213839,-0.1713456335505116,0.12871417202584448,-0.04517588920850772,0.24255729962940203,0.21901489717118391,0.25758888691697185,nm
11.548398494720459,56.27127782565407,5.552219215449798,130.7638839515555,0.02777094407737444,0.19916077999332954,-0.06355556332600355,-0.17992776797348273,0.07460957482207782,-0.03605568349234521,0.21089227404574526,0.19809240938297168,0.24595055387942608,nm
11.559831857681274,56.82362296034772,5.484315090425889,130.74461281984932,-0.05760818248409568,0.2817360348591336,-0.11114001151702067,-0.13157968886111635,0.08388232535773882,-0.027232686498243643,0.3082953100312609,0.158401635856835,0.24595055387942608,nm
11.561350584030151,57.442176483170634,5.4405313613263075,130.829832222783,-0.07375556600271335,0.27918863354556833,-0.12863215028928146,-0.07586959645274467,0.10450029408114182,-0.007794079746318494,0.31612087356811247,0.129372542713048,0.24595055387942608,nm
11.567772150039673,57.864726372751406,4.98369352049725,132.6533936580921,-0.008921758716709473,0.179857912259838,-0.059818790809340945,-0.03396543620681801,0.12718699677663778,0.0069442173756432465,0.18975445743106656,0.1318271791427704,0.24595055387942608,nm
11.588871002197266,58.68775655769819,4.3500428955202075,136.06228801648925,0.1563821400871591,-0.07906444129218122,0.044203699303500044,-0.015035163282382911,0.12523300637052606,-0.011644872796233628,0.1807222361725277,0.12666872179811636,0.23605797079751217,nm
11.6069176197052,59.09375682336101,4.188485413641242,137.60975305034253,0.21769433237956365,-0.15676328385709884,0.10849669854055033,-0.04113023489574259,0.08361495397203292,-0.024852751258661477,0.28937360472241475,0.0964407382564497,0.23605797079751217,nm
11.609101057052612,59.41289648409177,4.572299783170941,139.03435216018858,0.20567024998214006,-0.16926135125816427,0.05958576918297942,-0.06678060266004024,0.03076948884665987,-0.04142981139424424,0.2729471022864741,0.08439691705083514,0.23605797079751217,nm
11.61665654182434,59.72419372053093,5.052294869812914,140.3877829061602,0.14460593751312303,-0.06552384905443724,0.03799339557311728,-0.09775879415675828,-0.00016321481401440516,-0.05099561206279016,0.1632413858864635,0.11026042319761674,0.23605797079751217,nm
11.635823249816895,60.25510756761354,5.665480408742028,143.15756595157967,-0.06794488373507855,0.09630453785393886,-0.07501331051139055,-0.09346634536754458,-0.010481467939650293,-0.02328721494901927,0.13970707924408263,0.09689227660973224,0.22764927517788536,nm
11.652985095977783,60.51500316060403,5.552999478275224,144.5896158913995,-0.10909081750702672,0.17093709107978494,-0.04767823743053775,-0.07201880096277802,0.027509475936175982,-0.008845334661258782,0.208311089228713,0.07759973520360072,0.22764927517788536,nm
11.654628038406372,60.73132050076041,5.212800021575666,146.04675512584166,-0.10999532538717689,0.1543910494004049,-0.048482063618918665,-0.036992521676346396,0.059332520281480734,0.005953355544341973,0.19566828622630206,0.07017290834192799,0.22764927517788536,nm
11.663459777832031,60.963600308947704,4.819027013328784,147.49639237188458,-0.05060548101221179,0.0635154785369983,-0.05415146604688114,-0.01618566480653708,0.08403240566029381,0.012398383295888377,0.09760897498328594,0.08647046232464306,0.22764927517788536,nm
11.672994375228882,61.19341727654626,4.517273338249839,148.83899381960262,0.06031992632919339,0.007882824043861116,0.02469386871885404,-0.014282835190646727,0.09292603635513784,0.000400293307566488,0.06565378572153925,0.09401812510623501,0.22764927517788536,nm
11.686079025268555,61.35739553782414,4.4214889781528335,150.03951195508455,0.1462072769929746,-0.037678873454235956,0.033366027433029216,-0.014580737313333496,0.06754639394319745,-0.01906281410327008,0.15462715523847156,0.07168336011143653,0.22764927517788536,nm
11.708023071289062,61.535737967090384,4.973774490705635,152.20120693660255,0.18709166029485594,-0.036014904901452385,0.04601061912934815,-0.043377105920697476,-0.01628065414924014,-0.044343545698385556,0.19600341782635416,0.06413254293014886,0.22050188390120257,nm
11.716606616973877,61.48514098150575,5.389379182962308,153.1975426137037,0.1265018364484685,0.028276487857738727,-0.014653358253984032,-0.03900127365113864,-0.04699370803912361,-0.04428000891039184,0.13044920581791028,0.07543359417913065,0.22050188390120257,nm
11.726335287094116,61.37411614647676,5.685121141256225,154.25233233426192,0.04273821560492265,0.0727903576119295,-0.06905238790896928,-0.028788959162248155,-0.05227401676667133,-0.029497833396824925,0.10905605673366428,0.06656950633491784,0.22050188390120257,nm
11.729839086532593,61.23749687669185,5.761863464666647,155.38478911045792,-0.04384122520911543,0.11458899999614017,-0.07129211767492055,0.0,0.0,0.0,0.14189875965112067,0.0,0.22050188390120257,nm
11.753714561462402,60.91713553487669,5.288260551689862,157.7990699755876,-0.0909510289692989,0.05972755810291049,-0.04768029748877285,0.0,0.0,0.0,0.11879764996046292,0.0,0.21442660131602218,nm
11.773337364196777,60.802676568093595,4.986923810037789,158.98036479567892,-0.030697008575029237,0.011795549110871885,-0.002869526305126873,0.03638233820144119,0.044033104151704215,0.01863333826967242,0.03301023319363594,0.06008152868653491,0.21442660131602218,nm
11.775294780731201,60.69495294558817,4.806605431318369,160.0632503116712,0.03757347957896458,-0.03796668478381805,0.04496485241769947,0.03597274165178649,0.03770505304242312,0.0019588038426094825,0.06982172637575043,0.05214926729467958,0.21442660131602218,nm
11.782262325286865,60.6131425117734,4.813783882318013,161.0354865285352,0.09021586919984229,-0.06790252367555638,0.07123038962183653,0.0,0.0,0.0,0.13350439761547625,0.0,0.21442660131602218,nm
11.798872709274292,60.51626169932796,5.339229569020596,162.7620614528704,0.09749231180013566,-0.05084050836450149,0.04504424920151947,-0.0066495229433180935,-0.039510526809615476,-0.04587346319861993,0.11882126298362766,0.06090708095108642,0.20926261111861885,nm
11.816387414932251,60.5020620254178,5.6330631992443,163.59250435934737,0.047678946579114714,-0.014039455195268422,0.004902380883103684,-0.01741373935007445,-0.04397728541612551,-0.04073616017082188,0.049944184720516205,0.0624233505684095,0.20926261111861885,nm
11.826684474945068,60.49726473972516,5.792452258542099,164.51103843215472,0.0,0.0,0.0,0.0,0.0,0.0,0.0,0.0,0.20487321945082604,nm
11.846219539642334,60.56333763216355,5.581774911245351,166.59360456971282,-0.07291325530252503,0.01737898841556951,-0.007325409505413693,0.0,0.0,0.0,0.07531290501356125,0.0,0.20487321945082604,nm
11.852391004562378,60.62500332193285,5.325446647292997,167.6583171509383,-0.04993615158136869,0.01092590360065388,-0.004764922290121816,-0.011391236299367884,0.04482505084638573,0.019759689988480503,0.0513390600681305,0.05029404334759693,0.20487321945082604,nm
11.859199523925781,60.68008538652791,5.112937831545383,168.65200419540858,0.0,0.0,0.0,0.0,0.0,0.0,0.0,0.0,0.20487321945082604,nm
11.863176584243774,60.71376383891723,5.031890201370089,169.50829150693875,0.04385758342087953,-0.008121957973211552,0.003927299516959868,0.0,0.0,0.0,0.04477585852146148,0.0,0.20487321945082604,nm
11.872605800628662,60.71197136344464,5.111699423167039,170.2468475931014,0.0708541479069425,-0.012178982860246974,0.0064310980259046704,0.0,0.0,0.0,0.07218030840158463,0.0,0.20487321945082604,nm
11.882076501846313,60.6672675313386,5.324301896800561,170.92450044169567,0.0800093324490474,0.016551737679291818,0.023466432811059673,-0.008276067632894572,-0.023098118740331647,-0.04472873779404929,0.08500662778879219,0.051016432347387036,0.20487321945082604,nm
11.893830299377441,60.586994129323216,5.58117594121473,171.58146554960422,0.0653821453102507,0.034949277514658476,-0.00893629426046981,-0.004524313124563427,-0.036416597971493714,-0.04574654809806705,0.07467351792487786,0.0586462674000252,0.20487321945082604,nm
11.910235166549683,60.36100763922672,5.8494955074133195,173.04788843223133,0.008166729075552555,0.048070193178487895,-0.022335782401115195,0.0,0.0,0.0,0.053631391101486334,0.0,0.20114223653320212,nm
11.928572177886963,60.26613061488342,5.782382244933088,173.90142339329722,-0.023176843654501417,0.016201480180763523,-0.02652401431270669,0.0,0.0,0.0,0.03877083152440176,0.0,0.20114223653320212,nm
11.945411920547485,60.20335026409522,5.622025755044842,174.79287668176084,-0.025276679270421713,0.0023035266131782354,-0.002498521862741661,0.0,0.0,0.0,0.025504104793071743,0.0,0.20114223653320212,nm
11.947855710983276,60.17245771769038,5.441881351677147,175.67659445986686,-0.003659553366831601,-0.014994371521264616,0.026439541596395857,0.0,0.0,0.0,0.030614912509918213,0.0,0.20114223653320212,nm
11.949299335479736,60.170933869982754,5.325106324830544,176.4808583487118,-0.005407295277333113,-0.02396817411625955,0.04211908006199982,0.0,0.0,0.0,0.048761963844299316,0.0,0.20114223653320212,nm
11.962254285812378,60.18643926227479,5.319724447240642,177.17604193666293,0.02063672274992804,-0.02631354449576473,0.046321436518628314,0.0,0.0,0.0,0.05713101111425651,0.0,0.20114223653320212,nm
11.967887878417969,60.20504974680491,5.422128967024682,177.78818538103306,0.029452222784945574,-0.01948311554828328,0.03502460655902308,0.0,0.0,0.0,0.049736790035708855,0.0,0.20114223653320212,nm
11.981485366821289,60.21894293298486,5.5863432273480464,178.3412074981095,0.028161426381027,-0.0008155403297552649,0.002755629969492825,-0.009421429248923948,-0.02535721151484625,-0.04534813947661311,0.02830767631530762,0.05280345877773053,0.20114223653320212,nm
11.988081455230713,60.222791991643795,5.746483279094136,178.87182909888142,0.0,0.0,0.0,-0.011733328225747556,-0.02591014124275242,-0.04284862953315788,0.0,0.051429674929385986,0.20114223653320212,nm
11.997977495193481,60.21876582390419,5.839833888168069,179.45170408991132,0.0030140722354064257,0.016059109113123485,-0.027965318171480583,0.0,0.0,0.0,0.03238886594772339,0.0,0.20114223653320212,nm
12.014294862747192,60.21510503694428,5.838193945019842,-179.88073929327828,0.0018580314536890783,0.04014823584257183,-0.018988741682439962,0.0,0.0,0.0,0.044451157834595266,0.0,0.20114223653320212,nm
12.017729043960571,60.21286614294548,5.755130584420552,-179.1385056254989,0.002388663016040839,0.014954643154870058,-0.02592882986129992,0.0,0.0,0.0,0.03002750873565674,0.0,0.20114223653320212,nm
12.035030841827393,60.20668291721988,5.5393313603471706,-177.64222671626607,0.0,0.0,0.0,0.0,0.0,0.0,0.0,0.0,0.2,nm
12.052241802215576,60.19264611870657,5.510091740395291,-176.9962944680738,0.0,0.0,0.0,0.0,0.0,0.0,0.0,0.0,0.2,nm
12.061839818954468,60.162518787559705,5.55800667760507,-176.43690276088915,0.0,0.0,0.0,0.0,0.0,0.0,0.0,0.0,0.2,nm
12.06801438331604,60.110494199606954,5.661435382771947,-175.95957745048372,0.0,0.0,0.0,0.0,0.0,0.0,0.0,0.0,0.2,nm
12.07470154762268,60.04620219348094,5.776712456042014,-175.5196360684983,0.0,0.0,0.0,0.0,0.0,0.0,0.0,0.0,0.2,nm
12.080929040908813,59.980795757335436,5.859990090648903,-175.07484085220236,0.0,0.0,0.0,0.0,0.0,0.0,0.0,0.0,0.2,nm
12.103666305541992,59.88840060396774,5.838920711363493,-173.98698053126046,0.0,0.0,0.0,0.0,0.0,0.0,0.0,0.0,0.2,nm
12.112398386001587,59.87702572632998,5.766468159602723,-173.37909745896908,0.031154376251244245,0.0036162026456226784,0.0031672494105869794,0.0,0.0,0.0,0.03152306377887726,0.0,0.2,nm
12.119154930114746,59.89223340521652,5.699940612388383,-172.76811606056975,0.03314834215011058,-0.008499910388683534,0.025021790400112643,0.0,0.0,0.0,0.04239281848077121,0.0,0.2,nm
12.133532524108887,59.923353182223394,5.671148349883671,-172.18758147549482,-0.0004847415418538953,-0.014840716965173773,0.02515032060574316,0.0,0.0,0.0,0.029206514358520504,0.0,0.2,nm
12.142241477966309,59.9547804872239,5.696198786529457,-171.67229784388599,0.0,0.0,0.0,0.0,0.0,0.0,0.0,0.0,0.2,nm
12.14771580696106,59.97621941294191,5.7583555438340905,-171.22689671747432,0.0,0.0,0.0,0.0,0.0,0.0,0.0,0.0,0.2,nm
12.169126272201538,59.96947429543336,5.884597472821184,-170.4597739263982,0.0,0.0,0.0,0.0,0.0,0.0,0.0,0.0,0.2,nm
12.18484902381897,59.94414714490164,5.899303647660623,-170.06880795124957,3.706633010273038e-05,0.01509510262738654,-0.025548757264240142,0.0,0.0,0.0,0.0296749472618103,0.0,0.2,nm
12.188001871109009,59.91190193600083,5.875801958932954,-169.64170799729018,-7.89383093931296e-05,0.013368064885748524,-0.022601276437084407,0.0,0.0,0.0,0.026258885860443115,0.0,0.2,nm
12.211278676986694,59.85004620958916,5.790656356841287,-168.65742089711117,0.04676284839230627,0.009380283699803961,0.004836760276847646,0.0,0.0,0.0,0.04793900251388549,0.0,0.2,nm
12.219444036483765,59.8279061093073,5.781423777262974,-168.14974801843246,0.0442213490836909,0.009278806179087603,0.004574857028763823,0.0,0.0,0.0,0.04541534185409545,0.0,0.2,nm
12.226489782333374,59.80884210841664,5.809031790048824,-167.68411133120202,0.02588930905487803,0.005652303352613111,0.002695905664737218,0.0,0.0,0.0,0.026635929942131046,0.0,0.2,nm
12.235402584075928,59.788435348909005,5.8644221039713464,-167.25794997053634,0.0,0.0,0.0,0.0,0.0,0.0,0.0,0.0,0.2,nm
12.259469270706177,59.74557200626835,5.959132012841768,-166.54892667966493,-0.03646982948204616,-0.008722700407925629,-0.003914205829074602,0.0,0.0,0.0,0.03770218789577484,0.0,0.2,nm
12.271275043487549,59.72508444304922,5.9594231937746445,-166.20940793508473,-0.03194435061245603,-0.007840723599455177,-0.003433594101705762,0.0,0.0,0.0,0.033071257174015045,0.0,0.2,nm
12.273111820220947,59.71032020557944,5.926676327352949,-165.85639368373987,0.0,0.0,0.0,0.0,0.0,0.0,0.0,0.0,0.2,nm
12.28122067451477,59.70421069519733,5.877812575983295,-165.48631629970959,0.0,0.0,0.0,0.0,0.0,0.0,0.0,0.0,0.2,nm
12.31362247467041,59.72041455596687,5.8311218221529,-164.67467962199686,0.050939471071730885,0.013959661407984348,0.005394006036689834,0.0,0.0,0.0,0.0530923455953598,0.0,0.2,nm
12.324964046478271,59.73994892773471,5.918104520441323,-163.90125453339604,0.0,0.0,0.0,0.0,0.0,0.0,0.0,0.0,0.2,nm
12.334599494934082,59.7386639651308,5.981996199279585,-163.5716493912998,0.0,0.0,0.0,0.0,0.0,0.0,0.0,0.0,0.2,nm
12.351922035217285,59.69901165170041,6.025576038575527,-162.9649902599339,-0.03856964640575645,-0.011817699386033614,-0.004258059567041793,0.0,0.0,0.0,0.040563613176345825,0.0,0.2,nm
12.364941120147705,59.66950978541683,5.993819141398687,-162.67806437176816,-0.029185748975997704,-0.009102607692565119,-0.0032099435877596554,0.0,0.0,0.0,0.030740350484848022,0.0,0.2,nm
12.370439291000366,59.64009604345421,5.941370612727855,-162.375174077069,0.0,0.0,0.0,0.0,0.0,0.0,0.0,0.0,0.2,nm
12.382211685180664,59.61456322991778,5.893730012329791,-162.07524740232333,0.0,0.0,0.0,0.0,0.0,0.0,0.0,0.0,0.2,nm
12.404634237289429,59.580967252420834,5.8965779700737775,-161.45329688136633,0.047616201657546306,0.015975328340499764,0.0051871792317691725,0.0,0.0,0.0,0.05049178749322891,0.0,0.2,nm
12.41522479057312,59.573026278838974,5.951858594114183,-161.1413046749157,0.03789346947794595,0.012943322250371784,0.004174678649590768,0.0,0.0,0.0,0.040260061621665955,0.0,0.2,nm
12.416847229003906,59.568545577668964,6.017963462793664,-160.84416188972614,0.0,0.0,0.0,0.0,0.0,0.0,0.0,0.0,0.2,nm
12.425669193267822,59.564507662157524,6.069844759537119,-160.5488895294135,0.0,0.0,0.0,0.0,0.0,0.0,0.0,0.0,0.2,nm
12.437377691268921,59.56139854691676,6.085354411442581,-160.26859013548918,-0.0307163347885833,-0.011017041467363417,-0.0034789528576526937,0.0,0.0,0.0,0.03281724452972412,0.0,0.2,nm
12.449351072311401,59.557913606036976,6.060850763270143,-159.99785860583157,-0.034599905261837566,-0.01259480010280537,-0.00390957987226975,0.0,0.0,0.0,0.03702792525291443,0.0,0.2,nm
12.467438697814941,59.55355266468523,5.9496411608726465,-159.49659938397795,0.0,0.0,0.0,0.0,0.0,0.0,0.0,0.0,0.2,nm
12.477561712265015,59.55375388360775,5.913148964399088,-159.22326657289136,0.0,0.0,0.0,0.0,0.0,0.0,0.0,0.0,0.2,nm
12.487487316131592,59.549637845865696,5.915480249955953,-158.9596260220164,0.03705594691457955,0.014254412832090859,0.004113752075968524,0.0,0.0,0.0,0.03991559147834778,0.0,0.2,nm
12.492024660110474,59.54197216059062,5.95815188168008,-158.71130187851472,0.04060072413510353,0.015820335488762518,0.004547646918230265,0.0,0.0,0.0,0.04381076246500015,0.0,0.2,nm
12.518151760101318,59.51343993917731,6.088121737958899,-158.23019098362718,0.0,0.0,0.0,0.0,0.0,0.0,0.0,0.0,0.2,nm
12.530699729919434,59.4955778071771,6.125381467826972,-157.98024617082427,0.0,0.0,0.0,0.0,0.0,0.0,0.0,0.0,0.2,nm
12.532872676849365,59.475583446973175,6.121688579794342,-157.72833816198488,-0.026285867281648098,-0.010765435257355913,-0.0030464894524464253,0.0,0.0,0.0,0.028567858040332794,0.0,0.2,nm
12.540626764297485,59.45835848140387,6.0829319972999985,-157.4893315583084,-0.02629714946714472,-0.010898373026967579,-0.003033564127610068,0.0,0.0,0.0,0.02862720936536789,0.0,0.2,nm
12.561834812164307,59.43891497976205,5.975433741256494,-157.06400267564635,0.0,0.0,0.0,0.0,0.0,0.0,0.0,0.0,0.22563101092440221,nm
12.577910900115967,59.43704273326053,5.955167706894155,-156.85779978951214,0.0,0.0,0.0,0.0,0.0,0.0,0.0,0.0,0.22563101092440221,nm
12.584285020828247,59.435379747185145,5.973248330693787,-156.66505867624883,0.029965182716391946,0.012926715562598062,0.003414621896190553,0.0,0.0,0.0,0.03281267732381821,0.0,0.22563101092440221,nm
12.585774660110474,59.434505486688266,6.022564403050493,-156.4654314480242,0.030249067268691372,0.013174375237855878,0.0034808929800934493,0.0,0.0,0.0,0.03317660093307495,0.0,0.22563101092440221,nm
12.605140924453735,59.42671706947342,6.1313254013578735,-156.06882779599758,0.0,0.0,0.0,0.0,0.0,0.0,0.0,0.0,0.2474173702101441,nm
12.618619918823242,59.42023264029892,6.150675012580458,-155.8486639935676,0.0,0.0,0.0,0.0,0.0,0.0,0.0,0.0,0.2474173702101441,nm
12.626254320144653,59.41322470505803,6.133724380018727,-155.62807154926193,0.0,0.0,0.0,0.0,0.0,0.0,0.0,0.0,0.2474173702101441,nm
12.634099960327148,59.40769016812058,6.0915254320549455,-155.41393266492477,0.0,0.0,0.0,0.0,0.0,0.0,0.0,0.0,0.2474173702101441,nm
12.643810033798218,59.40267034575973,6.043391966830498,-155.20621118206498,0.0,0.0,0.0,0.0,0.0,0.0,0.0,0.0,0.2474173702101441,nm
12.663711786270142,59.388556253136095,6.006958548649773,-154.84796792439533,0.0,0.0,0.0,0.0,0.0,0.0,0.0,0.0,0.26593577560302467,nm
12.677663803100586,59.377160087569514,6.033837336878203,-154.6760830524072,0.0,0.0,0.0,0.0,0.0,0.0,0.0,0.0,0.26593577560302467,nm
12.6842622756958,59.36326488357641,6.08141728666154,-154.5254071739658,0.0,0.0,0.0,0.0,0.0,0.0,0.0,0.0,0.26593577560302467,nm
12.69092583656311,59.34951569909012,6.129746155730677,-154.36567642812608,0.0,0.0,0.0,0.0,0.0,0.0,0.0,0.0,0.26593577560302467,nm
12.710375547409058,59.326030932101105,6.167271836831234,-154.0177483793727,0.0,0.0,0.0,0.0,0.0,0.0,0.0,0.0,0.2816764201869732,nm
12.725419521331787,59.32065202391101,6.143570478835417,-153.83627001933283,0.0,0.0,0.0,0.0,0.0,0.0,0.0,0.0,0.2816764201869732,nm
12.731592655181885,59.31872797710765,6.105698455699528,-153.66213021928056,0.0,0.0,0.0,0.0,0.0,0.0,0.0,0.0,0.2816764201869732,nm
12.737684488296509,59.32419274742836,6.069628118711157,-153.4652639684236,0.0,0.0,0.0,0.0,0.0,0.0,0.0,0.0,0.2816764201869732,nm
12.74716567993164,59.3294363976227,6.051695521665654,-153.28063234842097,0.0,0.0,0.0,0.0,0.0,0.0,0.0,0.0,0.2816764201869732,nm
12.775796890258789,59.33041586210291,6.08452668947658,-153.02374866377795,0.0,0.0,0.0,0.0,0.0,0.0,0.0,0.0,0.2950559680833294,nm
12.791673421859741,59.32344550433953,6.123559817600275,-152.91265904618982,0.0,0.0,0.0,0.0,0.0,0.0,0.0,0.0,0.2950559680833294,nm
12.793741941452026,59.3042415825625,6.172255613580129,-152.66063958204907,0.0,0.0,0.0,0.0,0.0,0.0,0.0,0.0,0.2950559680833294,nm
12.803752660751343,59.294033422314136,6.168708249747368,-152.52817434077485,0.0,0.0,0.0,0.0,0.0,0.0,0.0,0.0,0.2950559680833294,nm
12.813541889190674,59.28579875680434,6.147041288823733,-152.38993642122003,0.0,0.0,0.0,0.0,0.0,0.0,0.0,0.0,0.2950559680833294,nm
12.85600233078003,59.27539783491366,6.101128455015863,-152.10722073073393,0.0,0.0,0.0,0.0,0.0,0.0,0.0,0.0,0.3064285837952322,nm
12.868312120437622,59.26768854508153,6.108468273591419,-151.88012417843038,0.0,0.0,0.0,0.0,0.0,0.0,0.0,0.0,0.3064285837952322,nm
12.87039566040039,59.26164235581998,6.1324123913019815,-151.78052758090175,0.0,0.0,0.0,0.0,0.0,0.0,0.0,0.0,0.3064285837952322,nm
12.874590158462524,59.25478542931747,6.156159909958974,-151.715334455415,0.0,0.0,0.0,0.0,0.0,0.0,0.0,0.0,0.3064285837952322,nm
12.881343364715576,59.24901859423497,6.174241294270117,-151.62529360246347,0.0,0.0,0.0,0.0,0.0,0.0,0.0,0.0,0.3064285837952322,nm
12.90109133720398,59.24374865405741,6.17058314849536,-151.37607738474887,0.0,0.0,0.0,0.0,0.0,0.0,0.0,0.0,0.31609530715034956,nm
12.923335552215576,59.246428885906106,6.154516774165031,-151.2409904898964,0.0,0.0,0.0,0.0,0.0,0.0,0.0,0.0,0.31609530715034956,nm
12.932859897613525,59.249694230272596,6.139243071824394,-151.11728525528173,0.0,0.0,0.0,0.0,0.0,0.0,0.0,0.0,0.31609530715034956,nm
12.936024904251099,59.25300809458914,6.131129981914148,-151.02350541434012,0.0,0.0,0.0,0.0,0.0,0.0,0.0,0.0,0.31609530715034956,nm
12.937703609466553,59.25105509161638,6.1363432368147945,-150.93212592758402,0.0,0.0,0.0,0.0,0.0,0.0,0.0,0.0,0.31609530715034956,nm
12.946416139602661,59.24484873970841,6.149238554741425,-150.8564059496895,0.0,0.0,0.0,0.0,0.0,0.0,0.0,0.0,0.31609530715034956,nm
12.976185321807861,59.22580145261067,6.178331726713097,-150.6901363145003,0.0,0.0,0.0,0.0,0.0,0.0,0.0,0.0,0.32431202200219933,nm
12.979266166687012,59.21394527388658,6.184167871853538,-150.61982549781177,0.0,0.0,0.0,0.0,0.0,0.0,0.0,0.0,0.32431202200219933,nm
12.988269329071045,59.20768722326819,6.1821100623792935,-150.5311380727374,0.0,0.0,0.0,0.0,0.0,0.0,0.0,0.0,0.32431202200219933,nm
12.998462200164795,59.22043292631309,6.175307408403809,-150.42252839048732,0.0,0.0,0.0,0.0,0.0,0.0,0.0,0.0,0.32431202200219933,nm
13.014437198638916,59.54224217272824,6.147741630328579,-150.1918203986576,0.009830283828765543,-0.027780006452371078,0.04901679909120704,0.0,0.0,0.0,0.057192742824554436,0.0,0.33129622962627164,nm
13.03252124786377,59.84177575267199,6.1321149891430355,-150.0801620948735,0.016417003043218845,-0.046353555130532055,0.08276153804513184,-0.046291641115605395,-0.023253225472790944,-0.016239166492660377,0.09626859426498413,0.0542894009954135,0.33129622962627164,nm
13.034404039382935,60.22626736650773,6.118823143317941,-149.99168941204323,0.036209185655513086,-0.07865162097324412,0.07444153807026371,-0.05604881965440293,-0.030855012272852717,-0.020767623077454278,0.11418723745594685,0.06726660490389631,0.33129622962627164,nm
13.04698133468628,60.69384211680734,6.106741302528719,-149.91750950887499,0.03177370396876598,-0.07294857973060048,0.08478763263364052,-0.0717048385743751,-0.040093940531178485,-0.024985968450260052,0.11627556147455807,0.08586854232891263,0.33129622962627164,nm
13.066586017608643,61.954892060486344,6.05543906587803,-149.7949175439551,0.015459477681565723,-0.04488711463012262,0.08693231974042072,-0.11486288889983408,-0.06131481597254685,-0.028842423781312625,0.0990508794784546,0.13335994643724083,0.3372328061067331,nm
13.082556962966919,62.66170334787878,6.028325647484535,-149.74491819771976,0.00899324184420432,-0.026459408608951625,0.05268080533691252,-0.12250356156865466,-0.06394349193474794,-0.027491583523904226,0.059634268283843994,0.14089598973166745,0.3372328061067331,nm
13.0857515335083,63.45305047355165,5.986362197565555,-149.71182775625815,0.016603361141381463,-0.0253042438078488,-0.015017771837007044,-0.1377187341747202,-0.06960940090610322,-0.02837639441784489,0.033786237239837646,0.1568984964789368,0.3372328061067331,nm
13.09391975402832,64.31442792808686,5.948711799262432,-149.69671897207095,0.004594815386338895,-0.014022252805892211,0.02983030840461521,-0.15830747505331352,-0.0811643288653528,-0.02818642307785375,0.033280372619628906,0.18012045798254675,0.3372328061067331,nm
13.116568803787231,66.02676642487565,5.910299390460002,-149.6631282794764,0.0,0.0,0.0,-0.1524551908074804,-0.085439806932642,-0.027771225453339446,0.0,0.17695701957258608,0.34227889611512535,nm
13.129451751708984,66.91943136924976,5.9022999031692835,-149.66511278124597,-0.01500047924984263,0.023236965458402224,0.01171237622796412,-0.16399780736181943,-0.09400993334540818,-0.032067180571764664,0.030035823583602905,0.19173276312856571,0.34227889611512535,nm
13.13123893737793,67.74117061451021,5.893488946801338,-149.69002402863399,-0.036650545458369016,0.05705303472827657,0.027583306928664307,-0.15737798954325735,-0.09196534883063151,-0.03515681609033745,0.07320621609687805,0.1856379775149125,0.34227889611512535,nm
13.14677357673645,68.53457693548074,5.897084368061286,-149.77338531338376,-0.004958434914774265,0.017779119324678898,-0.04517537154934775,-0.14071859128933395,-0.08390390945919642,-0.03355123078464529,0.04880058765411377,0.16723418623043607,0.34227889611512535,nm
13.156239032745361,70.12419013155386,5.871206880627569,-149.98443202216725,-0.04753339587992938,0.07567659099301613,0.03211612395241949,-0.1515244891308944,-0.0826548802516772,-0.03343969068757027,0.09496217966079712,0.17581158366011612,0.34656807262225875,nm
13.190873384475708,70.79301055269731,5.8530030345868065,-150.11700371298033,-0.004849018294941689,0.020093937681893076,-0.056648514542496545,-0.1246724143776758,-0.0657260336938716,-0.029235492229194828,0.0603020191192627,0.14393691818908086,0.34656807262225875,nm
13.205376625061035,71.49084647893542,5.8387491532473454,-150.26084742359149,-0.01795370628649376,0.036714802612287364,-0.0256541429566803,-0.13689568440364736,-0.06994285463331726,-0.026705032385618867,0.048253987929731755,0.15603073439972434,0.34656807262225875,nm
13.208562135696411,72.1153810017312,5.810660542239204,-150.40972563483012,-0.0292374361998064,0.047783264839355494,0.017974393985688585,-0.12825879707417492,-0.06433608336164455,-0.02625830974250296,0.05883151292800904,0.14587305947214546,0.34656807262225875,nm
13.210299968719482,72.70790291741416,5.796668491476946,-150.55941252617473,-0.0033829960537083274,0.016678369363424053,-0.051731247166942745,-0.11168486536192271,-0.05767359383897752,-0.02377322888004836,0.05445855855941773,0.12792544308540546,0.34656807262225875,nm
13.213788986206055,73.34795491361422,5.789432168279424,-150.73776196016155,0.0,0.0,0.0,-0.12092800362692704,-0.06599526063864544,-0.022870009489738663,0.0,0.13964953928322701,0.34656807262225875,nm
13.217130184173584,73.93853442470731,5.782019562598316,-150.940653631431,-0.021826878279337925,0.0367303608996798,0.012233444804082434,-0.11404630796685505,-0.06457831695652676,-0.02556024984573318,0.044443100690841675,0.13352994328608353,0.34656807262225875,nm
13.223807334899902,74.48489792205422,5.786675378690262,-151.16740890685594,0.0,0.0,0.0,-0.0990820580327984,-0.058495261157418356,-0.02665768677441392,0.0,0.11810834884144376,0.34656807262225875,nm
13.23656964302063,75.06974349007015,5.774959737237348,-151.39007818614758,0.0,0.0,0.0,-0.103971139696631,-0.0604254079697201,-0.02689054097227672,0.0,0.12322470942106199,0.34656807262225875,nm
13.252574443817139,76.18839527485562,5.747326259064879,-151.856331956953,0.0,0.0,0.0,-0.10358430650348548,-0.0529556554380138,-0.028408502182307567,0.0,0.11975413559839942,0.3692047634633605,nm
13.276264905929565,76.73585106218442,5.725046877742288,-152.09286400607408,0.0,0.0,0.0,-0.10409025252917255,-0.050607539803860555,-0.026883064834028362,0.0,0.11882172752260764,0.3692047634633605,nm
13.28745174407959,77.33621503396998,5.717415429513196,-152.31211373055933,0.0,0.0,0.0,-0.10948543504508357,-0.05240960950523908,-0.024173872385849608,0.0,0.1237667312391751,0.3692047634633605,nm
13.289023876190186,77.91718746820746,5.697027704849803,-152.5458220844345,-0.020108372804447827,0.03677205176147784,0.008925457610819532,-0.1165266088806253,-0.05586771203306156,-0.025959385226170743,0.042850837111473083,0.1318087307667745,0.3692047634633605,nm
13.296427726745605,78.46906503414249,5.700624666182952,-152.78544177820973,0.0,0.0,0.0,-0.1052995259773517,-0.0533663799736169,-0.02325653392905373,0.0,0.12031968688845833,0.3692047634633605,nm
13.3024263381958,79.03702660450324,5.704025843143919,-153.02291812702666,0.0,0.0,0.0,-0.10144602039403063,-0.054623672961043694,-0.02375222854441882,0.0,0.11764016772500555,0.3692047634633605,nm
13.31533694267273,79.66253721066175,5.713759892200457,-153.2698476141315,0.0,0.0,0.0,-0.11403713058230856,-0.06133106593741025,-0.02583912466094656,0.0,0.13203646149344275,0.3692047634633605,nm
13.328487157821655,80.9131550129402,5.691700289982224,-153.7656012939287,0.0,0.0,0.0,-0.11422181718361063,-0.06021491429095475,-0.02549815122604728,0.0,0.13161540616409453,0.388445950678297,nm
13.341849327087402,81.6151401653754,5.677017871343426,-154.06161580363252,0.0,0.0,0.0,-0.12528676770494324,-0.06217207415835577,-0.027465527675727314,0.0,0.14253594696640787,0.388445950678297,nm
13.34844160079956,82.31829477319292,5.645700852394129,-154.3847411944781,-0.0014191799542981717,-0.007664382950556772,0.04646354710133381,-0.13419372845800984,-0.06266143414692923,-0.03091645260683424,0.04711282253265381,0.15129520523996343,0.388445950678297,nm
13.356624126434326,83.02322257667775,5.626972243325277,-154.69507663342836,-0.0011401511168475666,-0.0047864089763392835,0.031226531284051673,-0.1319725320689983,-0.060245826629947465,-0.029159110724934604,0.03161180019378662,0.14797487146572377,0.388445950678297,nm
13.37818694114685,84.61506249592615,5.60334917043771,-155.34096651895118,-0.0019828242532142102,-0.005072712428283435,0.039939179063652255,-0.15533390141194828,-0.07034564758958262,-0.030361751854451897,0.04030883312225342,0.1732020988277161,0.404800959810993,nm
13.392488479614258,85.39077614852991,5.605804550882237,-155.66804194786297,0.0,0.0,0.0,-0.14747128240767432,-0.06897254262175913,-0.029980725269290572,0.0,0.16554103617637256,0.404800959810993,nm
13.399093389511108,86.25186526428672,5.607710033214575,-155.9827309527626,0.013103065078142092,-0.028906943149426153,-0.0020691890006918354,-0.15349362869517158,-0.07324201640845523,-0.02865645628332628,0.03180539608001709,0.1724699379726966,0.404800959810993,nm
13.404054641723633,87.09492798877946,5.618514313972818,-156.3212587966068,-0.026263104897698862,0.05122393614762048,0.03537525215512206,-0.16816593421260911,-0.07894498910841558,-0.029638626886564767,0.06756515950074789,0.1881237383709149,0.404800959810993,nm
13.417657375335693,87.86255141773094,5.619843222727832,-156.67989137968138,0.0,0.0,0.0,-0.14661579856731424,-0.06975054269498862,-0.029989686048292056,0.0,0.16510818230800017,0.404800959810993,nm
13.432459115982056,89.58467507178833,5.5987485708754665,-157.3789986808185,-0.02789336804422293,0.06680723092260572,0.0005222920244677974,-0.17422889517804702,-0.07394020895470514,-0.03168205107314565,0.07239833474159241,0.19190261794834837,0.41870271757378463,nm
13.446857452392578,90.38707015511878,5.582014143528202,-157.82873680159472,0.0,0.0,0.0,-0.15223601534008604,-0.06358385450757076,-0.030973376708870327,0.0,0.16786322106231738,0.41870271757378463,nm
13.459599733352661,91.3066842788575,5.566463655507055,-158.26427528412245,0.01551458245188981,-0.039167477683543256,0.0009564083770224968,-0.16630245091829027,-0.06663354160299152,-0.031110838949447172,0.04213915392756462,0.1818362404696225,0.41870271757378463,nm
13.465938806533813,92.15273613542905,5.558536080642122,-158.70549315701035,-0.03650412638379444,0.0770010354683112,0.06214535604026879,-0.17850739440190888,-0.07011454534173436,-0.032040986877543295,0.10546921818050957,0.1944416729117595,0.41870271757378463,nm
13.469159841537476,92.99046343486839,5.561094297370657,-159.1255023308945,0.012500782410726835,-0.03328523706485819,0.0018486722319586506,-0.15205848399362606,-0.06262861309409448,-0.03012135552135378,0.03560328856110573,0.16718678713036328,0.41870271757378463,nm
13.4789879322052,93.92957817489935,5.561563661218793,-159.54470318359873,0.0,0.0,0.0,-0.17635208578256478,-0.07042199862100254,-0.031334765629768224,0.0,0.1924608624804276,0.41870271757378463,nm
13.49016547203064,94.78625650908924,5.567143001948554,-159.97934044208895,-0.028911222694896786,0.06739750469850139,0.04196035654064436,-0.17830328835181963,-0.07086282004099995,-0.0305866827082253,0.08449233076626794,0.1942913972885288,0.41870271757378463,nm
13.52190899848938,97.5033891759611,5.5546125932471195,-161.25532196141245,0.0,0.0,0.0,-0.17445695938642813,-0.06439455634170865,-0.03200972476670062,0.0,0.18869687873529667,0.4305192116721575,nm
13.52826189994812,98.49946189310661,5.54200502847561,-161.69810070370426,0.01469447989326016,-0.037920462296621216,-0.021057906410424793,-0.18385363900085944,-0.06451499376804458,-0.03258547380452913,0.04579655688491339,0.19755039381842504,0.4305192116721575,nm
13.546131610870361,99.45160536605435,5.531362143642106,-162.2661069130903,-0.02270246000801778,0.06176202288257366,0.02902859315847105,-0.19869557475802987,-0.0663440383408469,-0.03476477367255098,0.07192084803256446,0.2123441836742869,0.4305192116721575,nm
13.56709337234497,101.42906493463566,5.523653130577919,-163.3571394896289,-0.004258828916504202,0.004712755663617254,0.028236831193793926,-0.19937667992124986,-0.06418314679010062,-0.03397081001062687,0.02894246578216553,0.21218989787706252,0.44056323165577443,nm
13.574068307876587,102.43882564042184,5.522277039754183,-163.89378859921993,-0.004849982959320115,0.005846610526324113,0.03141922427301013,-0.20151370327422835,-0.06379137884743485,-0.033765241750703015,0.03232449293136597,0.21404953672697852,0.44056323165577443,nm
13.580415964126587,103.49576188245629,5.517560839949455,-164.42604653823366,-0.0047823023190152626,0.006253554266300364,0.03030849938649953,-0.2073836030722522,-0.0640197636485583,-0.033416228633570265,0.03131425380706787,0.2195976623212045,0.44056323165577443,nm
13.58449411392212,104.58140995038063,5.510999806452812,-164.9535352636346,-0.0052626450356902076,0.007430029494160638,0.03268318650267876,-0.2157617405158974,-0.06447544703967284,-0.03363827395810372,0.033927738666534424,0.2276878244796931,0.44056323165577443,nm
13.598261594772339,105.68830904651891,5.504158643913767,-165.47296950443535,-0.003973651668236616,0.006030387469398446,0.02422076868218647,-0.2202830711187672,-0.06367944777610356,-0.034048654932129226,0.025274515151977543,0.2318167690079226,0.44056323165577443,nm
13.627009868621826,108.05221717346967,5.482168986929609,-166.64425213067648,-0.0049681959473345284,0.008712761963543262,0.02939528463594995,-0.2419056752754081,-0.06335699258833204,-0.03787286396305022,0.031059265136718747,0.2529166227535329,0.44910064864184884,nm
13.634032726287842,109.27211880323765,5.472150023900003,-167.278135490362,-0.004817711247669002,0.00906940188108313,0.028207015458040784,-0.24586965551578485,-0.061369069631453256,-0.037858665815676484,0.030018329620361328,0.25622515252844313,0.44910064864184884,nm
13.635547876358032,110.52395780560718,5.468545328010174,-167.89392871657904,0.0,0.0,0.0,-0.251157723969528,-0.05989211117521785,-0.03821875672107824,0.0,0.26101329593697564,0.44910064864184884,nm
13.64408540725708,111.79926455099795,5.463430964276899,-168.50976372488518,0.0,0.0,0.0,-0.25748233288728645,-0.05875171886288933,-0.039593296865084775,0.0,0.26705157811754293,0.44910064864184884,nm
13.65070104598999,113.10963206799363,5.460697884332668,-169.1124845699648,0.0,0.0,0.0,-0.2659857905711549,-0.05764219216954234,-0.03928872243945155,0.0,0.27498121174872475,0.44910064864184884,nm
13.660577058792114,114.40085276275713,5.463983737190532,-169.69999259790347,-0.009751702048850433,0.048710929616512036,0.009251250744566513,-0.2682418403393025,-0.056515997446820516,-0.03860114851764886,0.05053153468175279,0.27683531484062224,0.44910064864184884,nm
13.672383069992065,115.74641697944259,5.473228160364442,-170.3996363999482,0.0,0.0,0.0,-0.2670618224633732,-0.05478857849287608,-0.038154943321596524,0.0,0.2752809565709233,0.44910064864184884,nm
13.683098077774048,117.1210277732092,5.478995548902281,-171.09023456855687,0.0,0.0,0.0,-0.28072176184085607,-0.053901037449500394,-0.039817687345885436,0.0,0.28860955915343733,0.44910064864184884,nm
13.699504375457764,119.91602688478389,5.48541078084274,-171.13910830422788,0.0,0.0,0.0,-0.28565722515222963,-0.0542534854722644,-0.04011380515538046,0.0,0.29351764569034794,0.4563574530800121,nm
13.724279403686523,121.33379099831905,5.48538907811328,-171.17415390005874,0.0,0.0,0.0,-0.290650590259796,-0.05402868946450913,-0.04211588158423702,0.0,0.29861448790244194,0.4563574530800121,nm
13.73093867301941,122.79826803916617,5.47635265115218,-171.21258305628388,0.0,0.0,0.0,-0.2964420727111631,-0.0534876565031589,-0.043393603440368446,0.0,0.3043383588886396,0.4563574530800121,nm
13.737544059753418,124.25876506348055,5.470558379889973,-171.26022528141365,-0.01006374813861555,0.05826464633382166,0.011420603265128289,-0.30531133157092355,-0.053929906380588324,-0.0448735420849596,0.060220247574568016,0.313268381371437,0.4563574530800121,nm
13.74309778213501,125.78712824279525,5.466140718447237,-171.30280502080478,0.0,0.0,0.0,-0.3068542466043121,-0.054526513338245805,-0.04484308086302681,0.0,0.3148707214353437,0.4563574530800121,nm
13.74854588508606,127.38884807190709,5.454021713008204,-171.34675938813538,-0.0074777426253247094,0.026527348422295077,0.035625313548433804,-0.32659724283149427,-0.0574638595707957,-0.046146039800949355,0.04504197835922241,0.33480936541742223,0.4563574530800121,nm
13.773119926452637,130.70116201484757,5.438141267305246,-171.42394466094618,-0.010966690532189455,0.04132214440334063,0.04918117641660048,-0.3459542301290779,-0.061474285779480276,-0.04561673625710915,0.06516575813293457,0.3543223162362919,0.46252573685245085,nm
13.781237840652466,132.45813777959174,5.434204342875342,-171.46965242391968,-0.01321672614828015,0.05132879545432979,0.0573608602949462,-0.3649156793542244,-0.06511714290826856,-0.04830592078027994,0.07809990644454956,0.37381433536118125,0.46252573685245085,nm
13.789461851119995,134.23092076040103,5.4321417748712575,-171.51582654927967,-0.015571298032280972,0.08552651746579555,0.02926201039397407,-0.37239729290389567,-0.06671891856890913,-0.048319018691661914,0.09172521880341412,0.3813999022344916,0.46252573685245085,nm
13.800113439559937,136.14618810431529,5.432475976938215,-171.55416637911617,-0.007645681738469016,0.03149982316254651,0.030875474144866837,-0.3859485332951471,-0.06888086607417654,-0.0490584846993069,0.04476594924926758,0.3951045165330258,0.46252573685245085,nm
13.822570085525513,140.17248724513573,5.441365446177798,-171.66075890656268,-0.015745969636353524,0.0937094116015915,0.02087466313404699,-0.4245771360045994,-0.07388610078989015,-0.05348176229126112,0.09728895591723348,0.43426397410512985,0.4677687780590238,nm
13.832114934921265,142.29420935208026,5.441749551839827,-171.7133267063666,-0.010910527250211379,0.04929730076460877,0.03875153141963474,-0.4351539046785887,-0.07488208562232318,-0.05461062792664998,0.06364703178405762,0.44491411326986946,0.4677687780590238,nm
13.834561109542847,144.47007838435806,5.449299264659923,-171.7804056622212,-0.015662680950313725,0.10902424222312963,-0.0008923811840678466,-0.45796962123208357,-0.07754835301341467,-0.058142534425424754,0.11014718022290286,0.4681137418790042,0.4677687780590238,nm
13.849316835403442,146.7742909400222,5.455175350819172,-171.84539524494656,-0.011739532574735345,0.05659914908246259,0.03761845611423172,-0.4728525354201616,-0.07933074184382968,-0.05971369605601102,0.06896686553955078,0.4831652019252185,0.4677687780590238,nm
13.852620124816895,149.1580690579093,5.458847568775998,-171.92420393247463,-0.018280557054643248,0.1305530171484455,-0.0025240465431344,-0.5040316690532215,-0.08290287651273853,-0.06351451523603584,0.13185082428161865,0.51473770406716,0.4677687780590238,nm
13.879580974578857,154.12395495641385,5.475020988734246,-172.07976968020026,-0.01743180699879207,0.13479864748276618,-0.013656459263545952,-0.531694837982165,-0.08712794697724925,-0.0651177354616388,0.13660542499492137,0.5427071027294584,0.47222536308461077,nm
13.896265983581543,156.82703768450864,5.483049541844419,-172.15693721351766,-0.01571047631901214,0.08744516658350751,0.03782387359422429,-0.5585573391481818,-0.09045599491996711,-0.06777315557835813,0.0965614914894104,0.5698787491653874,0.47222536308461077,nm
13.89849328994751,159.64333649608724,5.5020195463377615,-172.25697363417086,-0.021509465590002514,0.19065365479942525,-0.04540355870297537,-0.6045187978959908,-0.09576759876156414,-0.07409079935319646,0.19716225891696526,0.6165256333121644,0.47222536308461077,nm
13.902161121368408,162.5265064839228,5.527990140779629,-172.3593060059304,-0.021086967492014743,0.1945134116119348,-0.05127837399489364,-0.6189845704831486,-0.09680751267460112,-0.07546136908031051,0.20226121510186634,0.6310372502712703,0.47222536308461077,nm
13.90898609161377,165.575767351378,5.548595136511016,-172.46051365706535,-0.017438226681491368,0.14486893055817493,-0.01771270109974155,-0.6396215672899864,-0.09935213415050287,-0.07796380650573671,0.1469858447984471,0.6519700537813237,0.47222536308461077,nm
13.935097694396973,172.5011792827707,5.597052307954128,-172.684710460284,-0.016456202021780816,0.25651578750456233,-0.16673365380604954,-0.7294518212995589,-0.1094268536274843,-0.08919238477704738,0.3063841822542133,0.7429868621949323,0.4760134603563597,nm
13.942989349365234,176.0144958691089,5.6423658434139226,-172.80570234036253,-0.014515472954811254,0.19288076598311374,-0.0987285650070216,-0.7457857394739597,-0.11124431527897252,-0.08975764518585781,0.2171658775905649,0.7593603240582948,0.4760134603563597,nm
13.94894027709961,-179.9444727206503,5.671702373578546,-172.914051221108,-0.011250677462750902,0.22659865512477126,-0.16903913903135329,-0.8036955388252328,-0.11831457920582457,-0.09710875217401924,0.2829271262572521,0.8181411666265349,0.4760134603563597,nm
13.95504879951477,-175.6809943742249,5.707691000368919,-173.0267184015949,-0.004641404247399005,0.25626444218073513,-0.2651865963478196,-0.8478324890450213,-0.12311264577349382,-0.10200313665684584,0.36880474216329234,0.8627753432484386,0.4760134603563597,nm
13.963496208190918,-171.26637019649644,5.75756990413646,-173.13771681870526,-0.0016181723897986482,0.22996025308309576,-0.25657343797724225,-0.8777092549461167,-0.12736645529517907,-0.10449086043489304,0.34454936591929225,0.8930364438627074,0.4760134603563597,nm
13.994717121124268,-156.4679677269316,5.952854042592467,-173.4965168983214,0.021769668939467118,0.20041812948350582,-0.4251333735211133,-1.0255963626397693,-0.1409244433945413,-0.12172624770420207,0.47051007469855916,1.0423650402743423,0.4792333430373463,nm
14.005121231079102,-150.91264087291952,6.038176642676231,-173.62082214425374,0.019970244281539946,0.22215885023246318,-0.42097781922843386,-1.1039387773305094,-0.14960092639495637,-0.13176833815842193,0.4764196571045346,1.1217950598096078,0.4792333430373463,nm
14.014871835708618,-144.91136554314082,6.137927023186465,-173.7548698551834,0.09206611478894348,0.18142792384384784,-0.7932092532808074,-1.192227483946418,-0.15864524327827093,-0.1442317008947348,0.8188853280728114,1.2113535694565054,0.4792333430373463,nm
14.037918090820312,-132.70662681786425,6.363585518346753,-173.97989097426213,0.06572498139014664,-0.02118191299512587,-0.5661628545330656,-1.2386342673605915,-0.16168021362176038,-0.1476994015595348,0.5703585052139553,1.2578435725390227,0.48197024331618493,nm
14.047083139419556,-125.93042652574262,6.544114076194179,-174.08492418725314,0.10418073352418744,-0.15015936135217806,-0.7684349800578921,-1.34464004105847,-0.17966006975352297,-0.16197312672781566,0.7898694687199302,1.3662246793494655,0.48197024331618493,nm
14.052852630615234,-119.09551252956682,6.7464578555657155,-174.1507784637836,0.11280023328623648,-0.2816874234494919,-0.7059117694215542,-1.3557862869937622,-0.18166525151682386,-0.15978785002859197,0.768363926383138,1.3772040069015785,0.48197024331618493,nm
14.063229322433472,-112.10145069329866,6.9646308634678755,-174.16871273439085,0.10878461020906575,-0.3736238123512183,-0.5751705356707998,-1.3866982462868471,-0.1854529483878757,-0.15896298851824067,0.6944422147868256,1.4080461832054458,0.48197024331618493,nm
14.078153371810913,-97.52417528149196,7.405996481629333,-174.06223877615395,0.11056825778324866,-0.5334638716799568,-0.42150830173304893,-1.447810156669207,-0.18905721350178217,-0.15918006823110165,0.6888238457304389,1.4687529315217147,0.4842966085531978,nm
14.100577116012573,-90.0739099480516,7.605817070418939,-173.92664985080967,0.10730759460613253,-0.6027146013854696,-0.32154999201475704,-1.475152398935939,-0.1903695854685693,-0.1570730565519759,0.6915014157238508,1.4956560848846605,0.4842966085531978,nm
14.106979608535767,-82.52180933833303,7.782692174654663,-173.72909405529728,0.10864270263223265,-0.6841908116056776,-0.2433416254023179,-1.4946361998089945,-0.19071611691882168,-0.15305115767760413,0.7342584355486245,1.5145080600308871,0.4842966085531978,nm
14.109142303466797,-75.05113005299762,7.920615831140823,-173.49781025869098,0.08969868360863992,-0.6828413253652068,-0.08478464741970229,-1.4782332505735076,-0.18534976891083488,-0.14914098758974775,0.6939067415047345,1.4972545254951355,0.4842966085531978,nm
14.130300998687744,-59.94435168430755,8.066656060982274,-172.91565062714608,0.06889887668816513,-0.7028015883025733,0.1291488657397285,-1.5011343125234855,-0.1825516939461968,-0.14450642098460656,0.7178833869448221,1.5190824371652,0.48627401900465866,nm
14.145267248153687,-52.45158214392212,8.060119737496393,-172.56958772396771,0.018974106986292413,-0.6547197270944871,0.26025301706265663,-1.4824332658367274,-0.17634627533188468,-0.13604945597398974,0.7048046329819508,1.499071663048032,0.48627401900465866,nm
14.151950359344482,-45.03149918574973,8.019465615976127,-172.1994483291971,-0.002396852563436463,-0.5871165636831456,0.33445415815708196,-1.4679097287654597,-0.17622277787069035,-0.13004781781085348,0.6757005166209942,1.4841583049533875,0.48627401900465866,nm
14.16134786605835,-37.70135978359016,7.938748899294134,-171.79349094622418,-0.017978818582998976,-0.5322286315942157,0.43021779605453814,-1.4502224030971804,-0.17524840270602152,-0.12034109276209252,0.6846005450248458,1.465721324025528,0.48627401900465866,nm
14.175670862197876,-23.448591288108663,7.611720232729723,-170.85993333000897,-0.017740047538103848,-0.3933086915475056,0.5985729303061469,-1.3931315046283044,-0.16685960346796666,-0.09359408102607052,0.7164467803185053,1.406206730342493,0.48795481788840045,nm
14.193942546844482,-16.651316946830278,7.363835756856564,-170.3698788282826,-0.03454182349701875,-0.2649203312629666,0.6064339021537505,-1.3478059552685626,-0.15979315661649737,-0.08164455462940799,0.6626748804416867,1.3596987090011894,0.48795481788840045,nm
14.19594120979309,-10.053562279029485,7.066313602568603,-169.88700505644175,-0.04130103277011302,-0.18186780665020036,0.5856226006881388,-1.3096712679594955,-0.15501123746020287,-0.07302440370073464,0.6146019076120508,1.3208330240395354,0.48795481788840045,nm
14.202675819396973,-3.7178171513550113,6.7354020130986205,-169.4307222871386,-0.01429165277063399,-0.1262405067417842,0.6089772125681753,-1.258991153204593,-0.150335752503285,-0.06613913657933485,0.6220885486075461,1.2696589887507668,0.48795481788840045,nm
14.22118616104126,7.57706548696873,6.02028027452274,-168.64792216332836,-0.08116785731487004,0.15340242539637772,0.4682683509717714,-1.0717190275006037,-0.12648073184907968,-0.04952125404709411,0.4993954081691184,1.0802922771353665,0.48938349693958094,nm
14.23568058013916,12.734851416231429,5.641345509136533,-168.28718893057973,-0.06743867346967275,0.2009136488493308,0.25559669018566894,-1.0296231772840785,-0.12225568934276214,-0.04079150482707309,0.33203002425559375,1.0376580783877183,0.48938349693958094,nm
14.24216079711914,17.809978929885137,5.232368263475262,-167.92316772669594,-0.06422563686279754,0.08163120719947016,0.49930838487076146,-1.0144595746804,-0.12030697584836354,-0.03232928580144253,0.509997499622815,1.0220798304530563,0.48938349693958094,nm
14.251822471618652,22.264629179657543,4.812113327407376,-167.58621338749313,-0.05324729543076885,0.119631909921552,0.31222917190049004,-0.8937529674673613,-0.09884287425399597,-0.020206314806086513,0.3385766148567199,0.8994290276645224,0.48938349693958094,nm
14.276700258255005,30.492570853417693,3.9154940566869088,-166.92576885169026,-0.03470105533129562,0.06085471236688393,0.29272308778139144,-0.8267912695769088,-0.08700994844633014,-0.0037052184600393223,0.30098881271341965,0.8313653007078575,0.49059787413308437,nm
14.289463758468628,34.24322835286656,3.440072152302029,-166.62197016518442,-0.024825236334329957,0.04552801441374358,0.22653326141292027,-0.7587070033045324,-0.07358322062551954,0.0015786882503947353,0.23239279459976347,0.7622685218986546,0.49059787413308437,nm
14.291350364685059,37.783972244659175,2.9613949579413608,-166.33824390971515,-0.01568584523758001,0.03456662523423955,0.13681560933531056,-0.7179440066769974,-0.06778041726118016,0.005802583906634101,0.1419838310466864,0.7211597962085198,0.49059787413308437,nm
14.299163103103638,41.25235074037009,2.4831409678428105,-166.07141726857702,-0.025189091551489632,0.05755280342596291,0.2443099336374661,-0.7037431745199583,-0.06861084124921685,0.008721654291914932,0.2522581201652782,0.7071336298564377,0.49059787413308437,nm
14.325823068618774,47.660960541587,1.5666580985832281,-165.59528470531885,-0.015190754081717968,0.04458779706411972,0.1323981095637353,-0.6434550966703818,-0.06587262739807169,0.01454231277857913,0.14052789784470987,0.6469815633635673,0.49163009474756225,nm
14.335613012313843,50.688793122074834,1.1247328252930593,-165.3704837983476,-0.016069238938466436,0.05267894744697634,0.11426039339100376,-0.6159587882552519,-0.0644952362681735,0.01846771219363998,0.12684135540922667,0.6196014208536265,0.49163009474756225,nm
14.34207010269165,53.58657025801334,0.6963372772141365,-165.14159963106755,-0.008500751622559654,0.029378804340239373,0.056184831521047154,-0.5898432188158699,-0.06356937379644605,0.02418924375157757,0.06396961947408294,0.5937518063814304,0.49163009474756225,nm
14.347864866256714,56.40081972364625,0.272391104871358,-164.9101660474718,-0.011226273828866757,0.04009674068801113,0.08427698378908069,-0.5731777929905619,-0.06310184692490893,0.029077495307955743,0.0940020629266575,0.5773734720233086,0.49163009474756225,nm
14.354074954986572,59.03902083011268,-0.15145881606301628,-164.68856895231238,-0.008863337410900403,0.03287272987870785,0.049867281602398124,-0.5388570213250163,-0.05672547769720713,0.03127294528815955,0.060381461510556636,0.5427362769874902,0.49163009474756225,nm
14.373960256576538,64.03304236421418,-0.9859444304274748,-164.24463531420767,-0.010867747027309346,0.04186399928688952,0.05275588139617692,-0.508519991850527,-0.055964250084286876,0.03933060704305772,0.06821939155130133,0.5130998694694163,0.49250748226986846,nm
14.38807725906372,66.32409314397358,-1.3787670479127148,-164.03917458014055,-0.00899337164224095,0.032747630802277765,0.014885270964541607,-0.46933321605168876,-0.0514720768855566,0.038096688320251725,0.0370790958404541,0.4736817497532539,0.49250748226986846,nm
14.39482069015503,68.43296980030574,-1.752727743619306,-163.864998628669,-0.004414741809382136,0.011770279676197185,-0.03169448658140791,-0.43295270746812464,-0.04702220925082716,0.03395737157054399,0.034096479415893555,0.4368206017929879,0.49250748226986846,nm
14.404310464859009,70.50609643943127,-2.1065560262902783,-163.6895039718149,0.005319293177477437,-0.025404242340336516,-0.05517179964271358,-0.42467743192002466,-0.050652116552726355,0.036725192048682395,0.06097210743126922,0.42926133977388503,0.49250748226986846,nm
14.41301703453064,72.55436298518048,-2.435940127904177,-163.50051300789397,0.0,0.0,0.0,-0.41820986881283306,-0.05571972511913876,0.04178105247312483,0.0,0.42396914803504443,0.49250748226986846,nm
14.4208984375,74.44375529783558,-2.747730894112092,-163.33833602664893,0.0,0.0,0.0,-0.3864250929432225,-0.05169385820868074,0.037355312199587036,0.0,0.3916529417509921,0.49250748226986846,nm
14.430532693862915,76.21947066905219,-3.051879327431039,-163.20878757664556,-0.02046745633460463,-0.025479111405509094,-0.03450244214430447,-0.3639378656987032,-0.047959044453513046,0.03179997409191859,0.04752389294601578,0.36845905930845024,0.49250748226986846,nm
14.440517902374268,77.9300721636983,-3.3506071568714098,-163.08107712778715,-0.033437423076338325,-0.047396142595113176,-0.04118099798479115,-0.3509081478361086,-0.04638373467736275,0.032677625878091164,0.07113599784852756,0.3554656190033246,0.49250748226986846,nm
14.460880756378174,81.18462567091639,-3.9689351305453466,-162.82793224976263,-0.028212361094242945,-0.00871811515802946,0.002048758683133397,-0.32701248749743156,-0.04334747381121014,0.03221721198639971,0.029599666595458984,0.3314424825112918,0.37279048065616893,nm
14.473638534545898,82.61169061059579,-4.282341486052079,-162.74733582936358,-0.03485182312783469,-0.004777539308863426,-0.04205459931859776,-0.2969765088119685,-0.03834133212524801,0.025143023183584582,0.0548275823015151,0.3004950517896993,0.37279048065616893,nm
14.491091012954712,83.85896771426195,-4.551409553037291,-162.67293689919305,-0.00826440462859711,0.006062599884376356,-0.07642484910125902,-0.26602271195187094,-0.0347479574183694,0.022650000209716695,0.07710909843444824,0.269236933440561,0.37279048065616893,nm
14.492588758468628,85.01147349366273,-4.775532774882871,-162.59578426835452,-0.0015836463442469371,-0.03464391325643986,-0.14212581669281285,-0.23895537622061577,-0.03186245999626506,0.022771524543831318,0.14629578405430013,0.24214340897864622,0.37279048065616893,nm
14.495945692062378,86.12301112175064,-4.984032806394281,-162.51769456874214,-0.012125707502222126,0.004527315243907454,-0.11702571538569131,-0.23007266115471217,-0.03293148928931032,0.023235366083623997,0.11773931980133057,0.23357610030707976,0.37279048065616893,nm
14.518097877502441,87.95037682723765,-5.328481748682571,-162.3354054261831,-0.010878187035677389,0.0006483326607262369,-0.10902424871792747,-0.17621904361181442,-0.027104208884025958,0.02250956321573012,0.10956752300262453,0.179706621766852,0.2710310292845243,nm
14.526257753372192,88.62325570789561,-5.499003008513805,-162.2494703842587,-0.009074641568952903,-0.0005822810298699126,-0.09161743649235679,-0.14467794993394378,-0.022369854641309406,0.018890654470298154,0.09206759929656982,0.1476108953298443,0.2710310292845243,nm
14.537572622299194,89.17074597270187,-5.674444203125116,-162.17665932822425,-0.04389545958184515,-0.01257417718718183,-0.09717703138740268,-0.11323142274990552,-0.016297642752159846,0.014297033419825987,0.10736990608687469,0.11528821892046243,0.2710310292845243,nm
14.546682119369507,89.54587805667677,-5.841275670274235,-162.10702406987153,-0.042889443594573945,-0.013133902252926117,-0.08148820828843348,-0.08878220580203965,-0.010056258640566322,0.010573886225015323,0.09301791144882085,0.08997341537821744,0.2710310292845243,nm
14.555013656616211,89.80661212936337,-5.950318108453422,-162.03859377857987,-0.02441338371840195,-0.05583966092940698,-0.11473825568559108,-0.062003294909734025,-0.002319409030670888,0.00815480416140812,0.12991900690455246,0.06258026101596194,0.2710310292845243,nm
14.568134546279907,89.95428861980888,-6.100011914151306,-161.97130650048766,-0.04684102503295527,0.03434520584276704,-0.06827429555331105,-0.05128731862994316,0.0011009114809156714,0.005725056310196336,0.08963846397513096,0.05161760676448537,0.2710310292845243,nm
14.590611696243286,89.7522535732416,-6.312947179410907,-162.63053368769295,-0.018989609610536074,0.023324137528817217,-0.10088305806787302,0.0,0.0,0.0,0.10527113597634245,0.0,-0.2,nm
14.60429048538208,89.36577203070428,-6.3486652314465255,-163.3179461514803,-0.03789993152642805,0.08371685266059971,-0.11030849890274928,0.06549890013734776,0.021972537513434684,-0.005914710272483438,0.14357186757607612,0.06933889328211815,-0.2,nm
14.609342813491821,88.69656080311005,-6.349743646582912,-163.97542505525954,-0.025215282135817224,-0.0019398927603419501,-0.22260095212519193,0.12169579490517758,0.030174212994503118,-0.011232281819936388,0.22403293848037723,0.12588293681958312,-0.2,nm
14.612131118774414,87.91074169893051,-6.331223562072756,-164.61399940416615,-0.06117053719843769,0.15254553638491974,-0.16678046695685944,0.14539471838383738,0.03132756095087688,-0.013563944572431973,0.2341531538341015,0.14934865517108045,-0.2,nm
14.631354331970215,86.65377245039181,-6.276710052695583,-165.2289565623879,-0.0615431188978202,0.13436029256413837,-0.22959581464226023,0.23817958574446993,0.04689513922118527,-0.02379189367684436,0.27304666598007604,0.24391540204077297,-0.2,nm
14.654046297073364,83.08314502545585,-6.128248346059522,-166.39696049687137,-0.08858668344313383,0.2433354350681608,-0.2688955771022147,0.3693820336950984,0.07006404091607492,-0.03707340784075554,0.37331563833892384,0.37779160156777336,-0.2,nm
14.66594386100769,80.66382620575921,-6.04562354038512,-166.93179140617426,-0.08065287209690374,0.2106153402764301,-0.2921523739806776,0.4660168896247619,0.0877196693882838,-0.04641153126599628,0.36907548951370595,0.4764666956331595,-0.2,nm
14.667672634124756,77.89588381498658,-5.966145457439034,-166.8424790192875,-0.07931955165729904,0.21572758846455234,-0.2691822506124662,0.5332879605139106,0.1053793767030586,-0.051783024708840615,0.35396195804724373,0.5460607507516062,-0.2,nm
14.669330835342407,74.82942023155516,-5.885268193771272,-166.7414834201186,-0.08310189581750928,0.29525828598534753,-0.1277724560275171,0.5909853557299197,0.12024593468298157,-0.05496810164701683,0.3322787700873669,0.6055941443687186,-0.2,nm
14.681516885757446,71.3410768776655,-5.779553765239832,-166.63232262518528,-0.06721444375188403,0.2570431175767645,-0.0589357955060303,0.673617203788911,0.13661470350253535,-0.06102359497318915,0.27214403123049785,0.6900344872518538,-0.2,nm
14.710882186889648,63.62700031573816,-5.4803339966488895,-166.41854612274517,-0.034068705450974825,0.2100422574737997,0.16893063111961967,0.7662853122028801,0.15100162593048197,-0.06822961226177637,0.27169097288328936,0.7839961420319025,-0.2,nm
14.721831321716309,59.42320953245002,-5.2767544267794335,-166.33379375461064,-0.010300363575328821,0.12323291043755107,0.20687850337007194,0.8161066237641754,0.15753860706024733,-0.0738381156502617,0.24102108385229354,0.8344462243841876,-0.2,nm
14.725102186203003,55.15658411263981,-5.051633461714873,-166.26431349361624,-0.027324327722491843,0.04954936207412332,0.2598442977541379,0.829211495621889,0.15840510830682986,-0.07476681487201356,0.2659338587746581,0.847510447968221,-0.2,nm
14.726736783981323,50.8932966592421,-4.819201464588711,-166.21479946578813,-0.010373973032289447,4.621309889340718e-05,0.37049421503024155,0.8288890295321726,0.15866476566046422,-0.07511485752422147,0.3706394269677742,0.8472743197818291,-0.2,nm
14.751662969589233,42.37450199031211,-4.352306538312987,-166.17187069583196,0.010320907053545669,-0.1590208908449944,0.2848446154462237,0.8150436087210822,0.158356178472012,-0.07313566428645113,0.3263902875335763,0.8334996033400165,-0.2,nm
14.760003805160522,38.35661091361744,-4.126723364291415,-166.16567578682915,0.02939388360141388,-0.18233385699676477,0.34075798984650174,0.7811989537928677,0.15204581366024225,-0.06886612219437167,0.3875895295860283,0.7988318206260729,-0.2,nm
14.76602554321289,34.405387978248065,-3.8986326854275677,-166.17990465984943,0.028136889881665638,-0.20049118663170357,0.26994031968948085,0.7685143822458257,0.14912601423792157,-0.06843090848061745,0.3374258091540431,0.7858344056330535,-0.2,nm
14.775398015975952,30.632112485611042,-3.657981641022817,-166.20923067821218,0.034719807078281366,-0.016882281009737054,0.4644807148818634,0.73476962050082,0.1386479979086215,-0.06543769971391969,0.4660824078559624,0.7505942679496275,-0.2,nm
14.806278467178345,26.744150162739007,-2.913948936217322,-165.88519695527245,-0.29959143513561504,-0.3111652032015211,-1.8631405270928665,0.15322391593569895,-0.0475642296227775,0.0444166760437978,1.912556256789835,0.16647151547654668,-0.2,nm
14.808034181594849,27.67255268232757,-2.333549543827764,-165.3306656519232,0.11607795751770329,-0.028286788454359106,0.6209717476824319,-0.1597860939641946,-0.1527671351895764,0.10997414839774976,0.6323607720615798,0.24690829620362095,-0.2,nm
14.815021276473999,26.375194879582434,-2.013024056332953,-165.06502406828608,-0.13428100421747854,0.5199057920574444,0.8642707950619379,0.2585376054179499,0.010415887464041942,0.033923869534314845,1.0174956648092057,0.2609617080168896,-0.2,nm
14.820485830307007,24.881363118894296,-1.7043709987393965,-164.83085474370364,-0.2857712854483364,0.3596689232451866,-0.5434679028969633,0.29588263313943436,0.024321564488785894,0.0279526934087218,0.7116068601512844,0.2981936018118251,-0.2,nm
14.839627742767334,22.212682885056076,-0.6941200123593717,-164.2769232921493,0.11422896493723106,-0.06142193568514696,-0.569228864354335,0.4144209373377657,0.02703034638478994,0.020960184410301157,0.5838171037474557,0.4158301122575275,-0.2,nm
14.855022430419922,20.517412601312373,-0.4344275008165921,-164.1985680297182,-0.10795102847931401,0.14444908009916854,-0.34005859698948715,0.33187174014674403,0.04915405961856406,0.0036390087413817433,0.3849140302427233,0.3355118714287666,-0.2,nm
14.862128257751465,19.35529328123182,0.06997178253934022,-164.0117227494776,0.03009321778974453,-0.007078246951587733,0.88367662944876,0.24253933711722342,-0.0262539289407511,0.02809009073117864,0.8842172180922343,0.24556801915431498,-0.2,nm
14.871034383773804,17.217292369704918,0.6724719150394322,-163.85782193450865,0.08033150114487028,-0.023487030857627423,0.13368253483429954,0.4358104915117637,0.010001101781743295,0.02529040529632743,0.15772067338944235,0.4366582315136477,-0.2,nm
14.900112628936768,13.91278400324437,1.4519795365273016,-163.57697863054528,-0.006927312240352556,-0.33108987728070244,0.1144336214592671,0.29243339707669636,0.008590493585778564,0.03193270377129945,0.3503762951640832,0.2942971047700089,-0.2,nm
14.90162444114685,12.188811814371505,2.00979377144488,-163.40696543840218,0.045623333668551744,-0.24229423336180494,-0.19080071471237925,0.35351507668927057,-0.0009563130070410061,0.03689776294422723,0.31175775344034595,0.3554367298007856,-0.2,nm
14.908839702606201,10.839697565462728,2.3775247841537657,-163.28410765546278,0.021341480163782196,-0.18046446338424996,-0.05397321739404758,0.27065207647755807,0.015060555963633683,0.027577183967587175,0.18956790212483632,0.27246993948531245,-0.2,nm
14.914773941040039,9.789494596581743,2.6526522161553587,-163.2038817604423,-0.02730642985543508,-0.24749171967011324,0.3802350119834892,0.2079565142764127,0.016170660656199473,0.018093255551515548,0.45450682806180576,0.20936754283438072,-0.2,nm
14.938597202301025,7.6611628604990285,3.411213862395198,-163.1442887451696,0.08580556547186302,-0.10249980995534215,-0.16912257493603347,0.18807968734649017,-0.004408300798520337,0.00658494477216317,0.2155719171409432,0.18824654951933692,0.2,nm
14.947118282318115,6.9227703643299074,3.6356939996885314,-163.15620555846624,0.03850887287973054,-0.13081945245509224,0.016523711364291746,0.1451603107064502,0.008447130339027923,-6.20065360255407e-05,0.13736701011657715,0.14540589279725974,0.2,nm
14.959747552871704,6.162485106040018,3.9775150672117903,-163.15621565345822,0.009474708560836567,-0.008074503869450664,-0.0967682206526705,0.15611482765462698,-0.012713237096714285,0.003450631552657663,0.0975656509399414,0.15666962905816606,0.2,nm
14.96385931968689,5.7144269766707465,4.37781105816022,-163.11751005349487,0.07671509816201749,-0.058692380752895464,0.01218745754244244,0.09980139990835506,-0.04191871345673587,0.007673501047630524,0.09735777301171011,0.10851903326082171,0.2,nm
14.998899936676025,5.640455022031194,4.935136124886484,-162.976410130124,0.03130956896821995,-0.20748125681481064,-0.08455873177276746,0.01707550444007423,-0.04631631331592855,0.008215443657549617,0.2262276290762204,0.05004265426166589,0.2573612021068951,nm
