timestamp,roll,pitch,yaw,acc_x,acc_y,acc_z,gyro_x,gyro_y,gyro_z,acc_mag,gyro_mag,motor_input,markers
0.0022971630096435547,111.53983451957055,-21.105930362094867,100.12866721913213,0.004394222144544212,-0.02459773166501183,-0.009644709653669002,-0.0950697597680534,0.1469571239617325,0.0284668436311535,0.02678391337394714,0.1773274279173415,0.24416186877461174,nm
0.006378650665283203,112.3418947387686,-20.787664631706754,100.02237490098905,0.004109305992319757,-0.023251930992036703,-0.008963638489569686,-0.09453177632067396,0.13924348321811117,0.03017320330051054,0.02525639533996582,0.1709837025873176,0.24416186877461174,nm
0.009089469909667969,113.11057631189718,-20.47030198889333,99.95400509331292,0.0,0.0,0.0,-0.09535246102633321,0.13675724769080588,0.034640042363416654,0.0,0.17027791740176448,0.24416186877461174,nm
0.024952411651611328,113.868185777451,-20.15706753448092,99.89946424801055,-0.012080258674938336,0.006426332509757604,-0.022903826077942033,-0.09659211019982919,0.13125303317881032,0.03593719958882602,0.026679873466491703,0.16687982737820933,0.24416186877461174,nm
0.04521369934082031,115.31591801445417,-19.550198075503303,99.79690603904781,0.0,0.0,0.0,-0.09777722663017194,0.12497183577192689,0.031964302934112454,0.0,0.16186433345785964,0.3256990848533281,nm
0.06612205505371094,116.0377388516682,-19.250912200675828,99.72767466300809,-0.05045096185236408,-0.003002748047184072,-0.015934599679842426,-0.0959489752877813,0.11947031755238999,0.0285770908017022,0.052992711900981225,0.15587178305752747,0.3256990848533281,nm
0.06773734092712402,116.78141793453543,-18.93851897451873,99.65433496611293,0.0,0.0,0.0,-0.09595065371209408,0.1297873097189363,0.0284863216315336,0.0,0.16389857910290884,0.3256990848533281,nm
0.06908059120178223,117.55893761117756,-18.615584636329213,99.57594656135154,-0.031116183007978204,-0.01073486587523921,0.016057947873521595,-0.09563371780141787,0.1359446761602317,0.028935745311350798,0.03662392497062683,0.1687128931455888,0.3256990848533281,nm
0.07731056213378906,118.38381874205422,-18.27777597953134,99.51858491748689,-0.013219658082143006,-0.02121864732821569,0.056739572625226845,-0.09539268976536351,0.14815904897600654,0.03533211009436034,0.06200297941181016,0.17971985716070885,0.3256990848533281,nm
0.1241154670715332,120.09883100571986,-17.594159377192533,99.47407569482029,-0.006692134962288774,-0.029075591392881017,0.08696596187977572,-0.09855055895183926,0.15939162359046385,0.04500464407612375,0.09194157498582384,0.19272602400543273,-0.2,nm
0.1441187858581543,121.04481086184079,-17.271152799349608,99.47911599702863,-0.00035847928579531296,-0.02460031389542461,0.07785255078033226,-0.10201298149305861,0.17389075819597677,0.05262694380406275,0.08164755730673134,0.2083608393946203,-0.2,nm
0.14702653884887695,121.89653723026144,-16.962775970644337,99.52734630328372,0.08630412833091516,0.00647697916180993,0.025890969945764977,-0.10401861482025065,0.17519012027760586,0.054807610093076636,0.09033657150210041,0.21098655074700945,-0.2,nm
0.14896082878112793,122.66262593417085,-16.664581989750463,99.5463671784438,-0.027979054928441393,0.007264013761812431,-0.03943207805965188,-0.10179792726665639,0.138962373888296,0.04331521855176291,0.048892557621002204,0.1776219792442507,-0.2,nm
0.1507556438446045,123.3515306860527,-16.323396288204037,99.55602086383493,-0.05833569700359062,0.03264266027845283,-0.14298156345004448,-0.1011066100798688,0.1255225975604196,0.03625303479663045,0.15783638459356672,0.16520518040341045,-0.2,nm
0.15398383140563965,123.91521933951178,-15.982516436825943,99.57107729089714,0.0740271204896064,0.057027369792549736,-0.25388969668431366,-0.09716928759748036,0.10192306267247209,0.02962295882061187,0.27054041020870007,0.1439017055007556,-0.2,nm
0.15552139282226562,124.07776551945307,-15.626464174656224,99.59821484297426,-0.05828769694231283,0.02843446861201937,-0.33511592812559715,-0.08738015862755173,0.025326579547328983,0.00948685092033426,0.3413336489471368,0.09146982067178187,-0.2,nm
0.16545867919921875,123.9545512277836,-15.27400185965457,99.63959551808063,-0.06985668772996347,0.03731910440241568,-0.4115633143097096,-0.07746222981487531,-0.028948264883591892,-0.0031733358467565483,0.41911458344895713,0.0827554780546851,-0.2,nm
0.1815171241760254,122.46600574644575,-14.651096301119084,99.85069932004616,-0.056939162955422624,0.04524408949916283,-0.4610901492406004,-0.038345871176258005,-0.19362839864421386,-0.031235551800425063,0.46679034013076104,0.1998449956693082,-0.25706497701852715,nm
0.20473289489746094,121.1167810151162,-14.362261368961521,99.97282987085387,-0.020786658464589793,0.05376889843047872,-0.4260597779897079,-0.023503322892417553,-0.26124690139650214,-0.04873119659511376,0.42994198914410514,0.26679032815649556,-0.25706497701852715,nm
0.21848773956298828,119.3705855641711,-14.081839770342603,100.09886640144018,0.06175643115478751,0.07767776952232346,-0.36914907704001126,-0.007576285185594191,-0.337109414589396,-0.06651717825205414,0.3822548021234415,0.34369272978146376,-0.25706497701852715,nm
0.21990489959716797,117.20282869549331,-13.803037590893519,100.23426723953177,0.03483040055606565,0.05103839716107624,-0.2894887781699717,0.00832978352348591,-0.4179929309216074,-0.08372985825691434,0.2960098435424248,0.42637795998117295,-0.25706497701852715,nm
0.22894024848937988,114.77100880240283,-13.513592456004357,100.3523160503716,0.0835001665140404,0.03433192715742991,-0.21767326606496837,0.016767153390385113,-0.4692841724805968,-0.09803854586158399,0.23565358004835416,0.47970858700701735,-0.25706497701852715,nm
0.2308025360107422,112.09723654990071,-13.207688073333879,100.45159187281322,0.12489751566888009,0.017134518504168743,-0.13906160443703555,0.02342341359227072,-0.516646530363545,-0.1109929573355498,0.18769952310336432,0.5289534291590283,-0.25706497701852715,nm
0.2489604949951172,106.1810191127094,-12.58126104237491,100.67690850834333,0.12806454871654246,-0.020767190733750437,-0.04612138671273415,0.037587028118525614,-0.5847505449855235,-0.11838098351008437,0.13769163794961994,0.5977959867717952,-0.3055702074842752,nm
0.27445125579833984,103.011814932569,-12.265616244451293,100.79441817886035,0.12754035411460019,-0.02197572151119951,-0.005222883912234778,0.04439119501548457,-0.6135185181257486,-0.12156715745227333,0.1295251048251886,0.6270200348068179,-0.3055702074842752,nm
0.2816798686981201,99.75533864294005,-11.952410506440904,100.91538400752209,0.06971259850845775,-0.010585758235399359,-0.01667197463847134,0.05008040150974524,-0.6306881148298581,-0.12158465291889227,0.07245591353758217,0.6442502406894585,-0.3055702074842752,nm
0.28314876556396484,96.3092962699269,-11.610456207323896,101.0713544165817,0.1500712258478237,0.020368141847659123,0.04297323643591494,0.05412519606958656,-0.6359769472628005,-0.11902451244944211,0.15742596062775643,0.6492788683324828,-0.3055702074842752,nm
0.2906968593597412,92.74622517311158,-11.263835902280421,101.20040720865298,0.1001018455630465,0.015769214407698497,0.019958708260207375,0.060181636450564825,-0.6694475142768084,-0.12542955216571577,0.10328309466500336,0.6837502294652321,-0.3055702074842752,nm
0.30863332748413086,85.34595891361718,-10.544818118192081,101.41001994233712,0.1608295203468844,0.02340404129606248,0.047678169962395225,0.06706840132486695,-0.6994322583067036,-0.12958205995126837,0.16937264140043323,0.7144894433632333,0.2,nm
0.3217787742614746,81.45904661870034,-10.163181923352697,101.48913157671359,0.10955186399862864,0.019260083315966285,0.016437140663308928,0.07326015328750483,-0.7325540321191515,-0.13481292962974054,0.11243994534015654,0.7484497217776815,0.2,nm
0.32869958877563477,77.60945235457471,-9.783761638357543,101.54988308969685,0.08187396205079236,-0.016977300749134047,0.011430050530290597,0.07667883376267573,-0.7326973940326241,-0.1322857277715627,0.08439324888725479,0.7484815485644616,0.2,nm
0.33357739448547363,73.94765453645122,-9.458326903157916,101.60640243158589,0.07739918988125746,-0.004712012236234075,0.12117653622832997,0.07799753342648295,-0.713108495437456,-0.12252605963860261,0.14386309667835298,0.7277499411035703,0.2,nm
0.3707904815673828,67.1757537799133,-8.886856006390504,101.75837934740119,-0.12117769045448594,-0.0754702541788686,0.31460810830984975,0.0750451086962248,-0.6260936087372772,-0.09670689018067609,0.3454823493957519,0.6379476450691798,0.25961477022532436,nm
0.3788185119628906,64.31750298497047,-8.641943594598413,101.84858818940576,-0.16353343515856006,-0.11766433376619825,0.5367624105900503,0.06650941889778521,-0.5552828679274918,-0.08065477283898025,0.5733253572604686,0.5650378381998934,0.25961477022532436,nm
0.38082385063171387,61.574373835143334,-8.380932817603572,101.94146983271993,-0.40562459156080094,-0.14434697370367525,0.38889299679730294,0.06022659643925819,-0.5338384049020346,-0.07420815326488372,0.580176801547824,0.5423260416741855,0.25961477022532436,nm
0.3834221363067627,59.529379335464625,-8.12361534501586,102.0319971753617,-0.5499191479404609,-0.10744878395286024,0.30586663397371766,0.03359668141363319,-0.3985930118815015,-0.05214651863905476,0.638365654012591,0.40339110739944334,0.25961477022532436,nm
0.3897261619567871,58.29537482740736,-7.869554843909535,102.10278569437641,-0.5178681685122961,-0.1403621061124033,0.4940516377754043,0.0015091852758099592,-0.24141956310530704,-0.031697776381464066,0.7293668360839756,0.24349626715348915,0.25961477022532436,nm
0.4110836982727051,57.42200693386294,-7.353498551824715,102.1083495739869,-0.45232619171646427,-0.08997534926619503,0.3133752003409067,-0.04584896347702917,-0.013982440417411991,-0.016469462791953746,0.5575827861196907,0.05068411286192134,0.31028732491685007,nm
0.43639492988586426,57.89599375658249,-7.113374702440112,102.08241050604953,-0.32611903994933433,-0.07418718834122424,0.3111339240115484,-0.06651558672704937,0.09032029617915406,-0.004840477272511565,0.45679501508037035,0.11227425973819395,0.31028732491685007,nm
0.4495556354522705,58.650431112803666,-6.875748248571217,102.07497777099692,-0.24254783768381696,-0.03322895956219625,0.10828138115251129,-0.07782588981045349,0.1449123606603016,0.005253271401988343,0.2676910062422283,0.16457234961363687,0.31028732491685007,nm
0.4555013179779053,59.81630077423489,-6.668922982778738,102.09398896129859,-0.08642306860735331,-0.027578603750596894,0.07577189356784984,-0.08919278054762846,0.22615946235355872,0.019614704471011518,0.11819858724706188,0.2439020113597944,0.31028732491685007,nm
0.46216893196105957,61.060190548401195,-6.489037416322506,102.1178513626236,0.05723161353095278,0.008596360027918326,0.03173352677857124,-0.08753819148330251,0.2424311833996977,0.021540270817647738,0.06600281596183777,0.2586499505502423,0.31028732491685007,nm
0.46370816230773926,62.23118340779153,-6.312293921019153,102.15758369853674,0.07560461979291187,0.03358551050664202,-0.15286665507064703,-0.08427263205867759,0.22833315351799982,0.022272004559236815,0.1738167405128479,0.2444052939210982,0.31028732491685007,nm
0.465228796005249,63.44867253851619,-6.130887431064267,102.21771836457606,0.12442765437207759,0.04090666048458346,-0.12705821661462316,-0.0876117844875953,0.2370943245574775,0.02659101895802336,0.1824811947950437,0.254158662665063,0.31028732491685007,nm
0.4904205799102783,65.21608311978758,-5.716834429028519,102.29335044475961,0.09317890684046311,0.04240068365531518,-0.21565349212117066,-0.07667239196135088,0.15133902513438935,0.010342852118297607,0.23871856927871704,0.1699680287808367,0.35335899640464696,nm
0.5098047256469727,65.86627340643692,-5.491692618013905,102.32955494628658,0.1588822748089689,0.041615278441810795,-0.0699857727312708,-0.0731258670205672,0.12461996510660986,0.0079889537712594,0.17853127746435707,0.14471126947491567,0.35335899640464696,nm
0.511671781539917,66.1793523362704,-5.261046615646197,102.36431103316643,0.052408943393246865,0.023440925871413096,-0.1267905558631914,-0.05997833333163564,0.058684129566267736,0.0008290094171932212,0.1391834020614624,0.08391611757466552,0.35335899640464696,nm
0.5131604671478271,66.41172049545764,-5.090456576441527,102.39905908749093,-0.0027026028139020223,0.008462607848163245,-0.09929896380820104,-0.05147284620770193,0.04381715405774702,-0.0008568476928896227,0.09969555660581832,0.0676027445775013,0.35335899640464696,nm
0.5355401039123535,66.74264388519806,-4.713515929531447,102.52275614876699,-0.0589141702092507,-0.016473981533486042,0.040118406982987374,0.0,0.0,0.0,0.07315571131403763,0.0,0.3899699171692743,nm
0.5500738620758057,66.91153608114602,-4.528879597010086,102.57280481953515,-0.08118629683846995,-0.023325503027942233,0.06430501010701932,0.0,0.0,0.0,0.1061622730103051,0.0,0.3899699171692743,nm
0.5566093921661377,67.06768345247298,-4.337623287470009,102.63083248878988,-0.0964405585505188,-0.029431840054955156,0.10060630964521762,-0.04587764952437477,0.029416986222745477,0.0019063301341504157,0.1424382114567082,0.05453211804882451,0.3899699171692743,nm
0.561800479888916,67.23650025592741,-4.124294360476505,102.68216097379297,-0.09231980752164776,-0.0278780775375673,0.09610450074789299,-0.050800159515560994,0.030830356775597575,0.0006152233724687748,0.13614774743647606,0.05942680881147085,0.3899699171692743,nm
0.5717260837554932,67.66327767927838,-3.8995076056341857,102.7153382296907,-0.14873287996086024,-0.034628670094421825,0.015289839183659417,-0.05776702655689609,0.04798655705184459,0.0005040051921675609,0.15347440684434044,0.07509988705816278,0.3899699171692743,nm
0.6012976169586182,68.64321065478475,-3.461210993324535,102.7784026191992,-0.08478045619585585,0.007160192088518516,0.04565467041133012,-0.06836796666946046,0.08325942615138643,0.0008222183719025978,0.09655745975267316,0.10773572737316865,0.42108919981920756,nm
0.6175274848937988,69.4239654811331,-3.284438553972952,102.79494212351993,-0.18800378502659307,0.002601221709629839,-0.0661854529414328,-0.07154155041214373,0.10689335314915843,0.0003931380829409825,0.19933063918969077,0.1286255687660749,0.42108919981920756,nm
0.6319365501403809,70.16205769608386,-3.0824572669445724,102.7974397268321,0.11383759560139123,0.018754430940207772,0.12863330079940075,-0.0744515534004161,0.14186311330383186,-0.0035611436556007093,0.17279251409348156,0.16025248348817148,0.42108919981920756,nm
0.6335465908050537,70.64281636083241,-2.8942405558195605,102.79003337254807,0.05903248426583265,0.039085181841716,0.07512446935485857,-0.0685374587737478,0.10445432599498983,-0.008752723659432866,0.10322873405232126,0.12523857091842425,0.42108919981920756,nm
0.6385891437530518,71.20252376493976,-2.6832274852724582,102.76390487563769,-0.0913842685416604,-0.019176081507954013,-0.03174382463074049,-0.06751499305106504,0.08607354506789121,-0.012028643913757383,0.09862290322780609,0.11005279515597789,0.42108919981920756,nm
0.6482346057891846,72.44672041749341,-2.2370178566822307,102.68606177272052,-0.024840035627451733,-0.00527024393390548,-0.008025607130827495,-0.08105074580373083,0.12132808785832887,-0.014493919132348236,0.026631057262420658,0.1466281077778555,0.4475405900716508,nm
0.664726734161377,73.03300221004532,-1.961855927734744,102.65474710283243,0.05447345843420822,0.011634669388938002,0.01698387386742327,-0.08724850152243291,0.12068448738145433,-0.01434362253957833,0.05823379755020142,0.14960877654734125,0.4475405900716508,nm
0.6855785846710205,74.09257947295558,-1.390402981894057,102.53565945712204,-0.0068062352937681555,0.03061077216569196,0.0007611252041635209,-0.09028768649339343,0.09477289990755706,-0.023192144793495687,0.031367555260658264,0.13293473763219152,0.4475405900716508,nm
0.6869292259216309,74.61502135559591,-1.1033011846295213,102.46324563882693,-0.009586638571510835,0.043374187209736764,0.0008554867816117092,-0.09125555341716275,0.09154011763005865,-0.024586818164244746,0.044429220259189606,0.13157386059791382,0.4475405900716508,nm
0.7219119071960449,75.78327302431131,-0.5166898371097666,102.31383224555566,-0.005413819427584473,0.024801249908121072,0.00022892893086333654,-0.09294840513704397,0.11196021726395315,-0.025963860384023645,0.025386292487382885,0.14781278129225744,0.4700242717862276,nm
0.7360594272613525,76.37587861414366,-0.21969696431923136,102.24657718701486,0.025242264626642714,0.03332271602668181,0.04897151845927085,-0.09386324906691655,0.11469618542758243,-0.025151414045052053,0.06438777016703591,0.15032670456542985,0.4700242717862276,nm
0.7375302314758301,76.94423850106708,0.11245887014496524,102.18531649993487,-0.0073190637619636074,-0.001515754437313804,0.03223068901024793,-0.09387462653347227,0.1012610513081783,-0.02462450444777512,0.03308600187301636,0.14025908968097187,0.4700242717862276,nm
0.7392213344573975,77.59021086762652,0.4550395419975691,102.11438908831838,-0.03954042774327406,-0.00855942985058392,-0.008901838558858543,-0.09720380618403017,0.10796183376013892,-0.02729614630666214,0.04142405092716217,0.14781548325094052,0.4700242717862276,nm
0.7454109191894531,78.24483378181993,0.8061264230862846,102.04319971944378,-0.009271726771725783,-0.001332006958433494,0.04490586853895301,-0.10314964241745066,0.12091569010865644,-0.028190317491124644,0.045872390270233154,0.1614160674950018,0.4700242717862276,nm
0.7741575241088867,79.66248830227964,1.5634250383239183,101.92799356312514,0.0,0.0,0.0,-0.11238545107006066,0.13431252437796756,-0.028026152382539624,0.0,0.17735785585750763,0.4891354012436178,nm
0.7798526287078857,80.33887683347537,1.9440548178826493,101.8641922907608,0.03927608930222582,0.009528507947975221,0.03682868677802293,-0.11252435682333216,0.12981047015006134,-0.02945053631347446,0.05467865967984919,0.17429808698960475,0.4891354012436178,nm
0.7867646217346191,81.02828139055494,2.3121928823121465,101.80239496706965,-0.04504845923472511,0.01950089729601258,-0.03292311049014022,-0.10920847844579573,0.11488860428772041,-0.029959917901859225,0.05910651300083859,0.16131794642975214,0.4891354012436178,nm
0.7886476516723633,81.74213174981708,2.6760963089876957,101.73727492982133,0.0,0.0,0.0,-0.10927721666363448,0.12998602833072578,-0.03176396253363902,0.0,0.17276234242098473,0.4891354012436178,nm
0.8081986904144287,82.4093573045462,3.0389968536811485,101.66271204607143,0.0,0.0,0.0,-0.10639339236164844,0.12141326102766062,-0.034101536577204834,0.0,0.16499590506590447,0.4891354012436178,nm
0.8100965023040771,83.12702537699033,3.405812312961395,101.58630740333787,-0.038410089274830916,-0.011366781876356426,-0.05747903127560569,-0.10635448211642477,0.1209798304287314,-0.03585042520502424,0.07005981533452114,0.16502317480947504,0.4891354012436178,nm
0.8172318935394287,83.811014844434,3.788394615643395,101.50160309744044,0.030874851651279286,0.006513168243693537,0.0034141985260729515,-0.10964229912299209,0.13004307358360015,-0.03808413365404813,0.031738534569740295,0.17430730328997898,0.4891354012436178,nm
0.8340630531311035,84.42110820194941,4.198300783664543,101.41047974262473,0.0,0.0,0.0,-0.10942730227289191,0.10567039352468957,-0.03926107749287241,0.0,0.15710505643131586,0.4891354012436178,nm
0.8422658443450928,85.08288185911795,4.61805383308743,101.31663823940147,-0.044699570719090906,-0.012107433989372175,-0.03838553780246585,-0.11250713696657177,0.1069784037389775,-0.041444280567301865,0.06015057017736863,0.16068560335853319,0.4891354012436178,nm
0.8774309158325195,86.29201480132092,5.488290534998237,101.1112469348701,-0.050651994388086964,-0.013019097535290194,-0.03136539358958223,-0.11356040476621315,0.0945354686945954,-0.04377540717944812,0.06098286112633285,0.15410777607148665,0.5303242692779487,nm
0.8789393901824951,86.92951562279197,5.911418201281554,100.99718188893435,0.0,0.0,0.0,-0.11386669657563256,0.10884937464047975,-0.047998798177315984,0.0,0.16467451404251174,0.5303242692779487,nm
0.8803117275238037,87.52534469403147,6.320249268217554,100.8776620788168,0.0,0.0,0.0,-0.11045112301910015,0.10236299243607043,-0.04911743495107693,0.0,0.15839872225753804,0.5303242692779487,nm
0.8850624561309814,88.16579475944309,6.7133781685253,100.75997736941056,-0.05801857852191377,-0.011250845919926658,-0.0018796004600403861,-0.10757253502643378,0.10104164712342206,-0.05053706069754805,0.059129264205694185,0.1559976257812122,0.5303242692779487,nm
0.9007244110107422,88.80651551979525,7.102694606730539,100.62709020590735,-0.025824965482340676,-0.0049145504124267995,-0.0005434688128199252,-0.10650311679317258,0.10875863501433086,-0.054473171565657987,0.0262940488755703,0.1616746145727962,0.5303242692779487,nm
0.9376072883605957,90.15302307049735,7.87547635916517,100.32238587021249,-0.025977969171475053,-0.004721661520308142,6.985258147165837e-05,-0.10804355533171871,0.11669269400491734,-0.06271314846263816,0.026403671130537987,0.1709489212394753,0.56533480710713,nm
0.9395451545715332,90.80322308996472,8.280128236015381,100.15094969582974,0.0,0.0,0.0,-0.1095239596354056,0.11289081860562467,-0.0649968771421855,0.0,0.17018939067375016,0.56533480710713,nm
0.9409167766571045,91.45555468972935,8.695135252670834,99.9698994130341,-0.0425859154205177,-0.0073174508580041995,0.001085325895091671,-0.11033741841222991,0.10636711060555573,-0.06785605099700201,0.04322364181280136,0.16760892511247052,0.56533480710713,nm
0.9439697265625,92.12335476823594,9.114896275721073,99.77615096058484,-0.04683313925515093,-0.014131995511021813,-0.037238334110087895,-0.11132417145156658,0.10810869573953842,-0.07178700620066643,0.06147966945999657,0.17097934232864623,0.56533480710713,nm
0.9726524353027344,93.51970360063822,9.91473637358625,99.36431592692553,-0.040055507479152465,0.014851010768709393,-0.03427625897814534,-0.10911590406255306,0.11624775094978247,-0.07791099567880702,0.05477096064340711,0.177454059880111,0.595093764261934,nm
0.9853811264038086,94.23536427496116,10.28932674122044,99.1419830359135,-0.05552764267349043,0.012290617933812123,-0.03350612023257223,-0.10604376390850084,0.11793445521598594,-0.08181446311487155,0.06600786682744236,0.1784584600565295,0.595093764261934,nm
0.9976794719696045,94.91348724434735,10.652827849924654,98.89237003046044,-0.003840276774358145,0.02454487883415299,-0.004673044590086526,-0.10357958254663452,0.11779498313357974,-0.08680210106561612,0.025279164314270023,0.17927351371962574,0.6203888778435175,nm
0.9996206760406494,96.35989990407307,11.3787762327735,98.34253600783983,-0.042601606146729594,-0.005293315180917364,0.0046896767819262644,-0.10440959032060634,0.12520733516156915,-0.09925279762148281,0.04318459331989288,0.1908647614539399,0.6203888778435175,nm
1.0293786525726318,97.00565017085779,11.762137536919669,98.02082457394822,0.0,0.0,0.0,-0.10489416751038859,0.11555516281443284,-0.10237750892767762,0.0,0.18664655465613142,0.6203888778435175,nm
1.0310800075531006,97.67716073709353,12.16000497563554,97.69800575999355,-0.0852399337274339,-0.016704499012808547,-0.02383512041181103,-0.10541341027831584,0.10250037787016163,-0.10442061266281301,0.09007219079256247,0.18033851191275727,0.6203888778435175,nm
1.0325100421905518,98.38079660366424,12.551257552519152,97.34570885437326,-0.0422184526247309,0.021662402182106882,-8.316733587264866e-05,-0.10689451807568033,0.11948883082865609,-0.11258357060194234,0.047451705207840034,0.19590579127967014,0.6203888778435175,nm
1.037290096282959,99.02850269399885,12.933751381791023,96.96988980767378,-0.0032984517559172415,0.026980946542281763,-0.006242321770121198,-0.10524624312623451,0.11900729687217051,-0.11573424512956554,0.027889385819435123,0.19655514212738814,0.6203888778435175,nm
1.066781997680664,100.4168933222209,13.668525687392126,96.19916799438548,-0.04224649825039333,0.018639362777802603,-0.02528510951039621,-0.09820960593012648,0.1217641041776104,-0.12505366544636326,0.052645315291445914,0.20027491856120586,0.6418897243878634,nm
1.0800905227661133,101.1562400745526,14.014678123969672,95.7769728349337,-0.04491705089600979,-0.0023875467004896645,0.008596829774007792,-0.09484922170301417,0.12728495062253103,-0.1316251033773174,0.04579462110996246,0.20621106020710234,0.6418897243878634,nm
1.0819168090820312,101.87805111250013,14.339339633272612,95.32902604957115,-0.0024591089132974028,0.026363174514875673,-0.006768424136754788,-0.09103391051701923,0.13070802103590426,-0.13670872246485682,0.02732902765274048,0.20990720431923318,0.6418897243878634,nm
1.0916850566864014,102.59786808297594,14.669223333017488,94.87582741194048,-0.032496736523573,-0.0009284883853789824,0.007017516385056078,-0.0873933753072226,0.1275763941918594,-0.13840497296008056,0.03325876593589783,0.20753138303077537,0.6418897243878634,nm
1.0945155620574951,103.40135469888915,14.980680337333578,94.41453976381514,-0.08358136415339518,0.013699022502047072,-0.03760633744497943,-0.08583491976838808,0.1338806817231111,-0.1449622874774334,0.09267008291395723,0.2151876743240203,0.6418897243878634,nm
1.1071693897247314,104.174247044602,15.274375795425124,93.90796507235314,-0.0022084368494672676,0.03232829054160868,-0.008849056993382698,-0.08440494605144888,0.14983675190832352,-0.15321771000702633,0.03359019756317139,0.23032783982875735,0.6418897243878634,nm
1.1259536743164062,105.56664758818678,15.88059851177362,92.85482741634766,-0.08624941615885184,0.022738454347550195,-0.06953388996233216,-0.08119198350462853,0.11689599320393584,-0.15578193006580962,0.11309713058761552,0.21100905465780204,0.6601654439505574,nm
1.1340410709381104,106.29490536533085,16.169369994974282,92.27776791725213,-0.016056804830938326,0.02275455497336084,-0.060701568054021826,-0.07770348646949218,0.135322502581785,-0.1669661175311053,0.06678526123054089,0.22853379600821105,0.6601654439505574,nm
1.1463415622711182,106.97259219666769,16.432205297070325,91.67877660808664,0.011491087562131911,0.031464236242312565,-0.05694878640825297,-0.07275675866122416,0.13445626653180406,-0.1691273134065334,0.06606971718605624,0.22798263460332,0.6601654439505574,nm
1.1512384414672852,107.70480465387489,16.678979610563502,91.09484833931143,-0.07041417021444987,0.0295068147263311,-0.08089023680702641,-0.06839328659123636,0.12576771537947726,-0.1696688607222103,0.11122966282867336,0.22199703192001685,0.6601654439505574,nm
1.1607050895690918,108.44444613885372,16.923709951508528,90.45651324730404,-0.012067486401258548,0.017743065628038082,-0.042803943556331145,-0.06354651061150415,0.14131216369262056,-0.18155296279654975,0.047881292692438966,0.23868130408264776,0.6601654439505574,nm
1.1821000576019287,109.51680257482123,17.402018047893446,89.06310364590686,-0.08857657222805787,0.01955241972321124,-0.06600862476184219,-0.060139282479344434,0.09032656975962887,-0.18005879104586417,0.11218397749970652,0.21023032781825188,0.6756998055788473,nm
1.1999309062957764,110.20129182938346,17.60951485743591,88.36332284648373,-0.020187192555766526,0.019320911979277686,-0.06505759670193477,-0.05244954605417417,0.12622073689145563,-0.19205457398065798,0.07080474046012869,0.23572778514550005,0.6756998055788473,nm
1.2092781066894531,110.82525050571486,17.779760333866406,87.63860777550656,0.04762436497827138,0.034766994757026895,-0.06410867685622783,-0.046721360057359385,0.13537512649915925,-0.19373052828588838,0.08710193173675873,0.2409166410819356,0.6756998055788473,nm
1.2125754356384277,111.56071922798147,17.935549897188594,86.95869882527825,-0.09551222782722875,0.05010537576689661,-0.09169399806760896,-0.04566207950812525,0.12228955618831654,-0.19177395368359573,0.14156596916944778,0.2319849356513903,0.6756998055788473,nm
1.226088047027588,112.30900097284075,18.091559609343165,86.19225511976674,-0.021971060287290907,0.04391301620805836,-0.07752205416837896,-0.041813478047497576,0.1443852218331872,-0.21020350952706973,0.09176464114854942,0.2584201513964113,0.6756998055788473,nm
1.2282907962799072,112.84018986508778,18.268246909970348,85.33525019090064,0.07217713016573928,0.021476183644489354,-0.08214579408602446,-0.04165028973269589,0.12512271140710407,-0.21518635565723562,0.1114392034650169,0.2523798866901348,0.6756998055788473,nm
1.2510957717895508,114.19190924601921,18.582354701855532,83.66366583559498,0.004224532724029582,0.00366593139026503,-0.08348440858101401,-0.024527145258926516,0.1407129067299299,-0.22797511208303053,0.08367157346325103,0.2690248217250757,0.6889040129628938,nm
1.260406494140625,114.70785204400617,18.706470642025288,82.77014807035387,0.05796118641400972,-0.03058943615846249,-0.06807830739171712,-0.01993331401041735,0.11941391326419064,-0.22209674282039168,0.09449798237175946,0.2529505541799281,0.6889040129628938,nm
1.2759020328521729,115.31885030510833,18.773962820773114,81.93401074771128,-0.09764679784216254,0.042364781200281955,-0.0973340460921962,-0.017475196991718605,0.09762474782385808,-0.21672608486196415,0.14423449082536985,0.2383404492677786,0.6889040129628938,nm
1.2811646461486816,115.93693597227158,18.840912650135085,81.0349768227143,0.03658972725643159,0.0284326782884262,-0.11443736877586543,-0.004814640729707622,0.1228674444561791,-0.22987297457398387,0.12346309856672404,0.2606936403367751,0.6889040129628938,nm
1.2843780517578125,116.49388448603544,18.881682607945343,80.12218751544908,-0.040687789697224704,0.08017051345682044,-0.13877941575712643,0.0003223199483985976,0.11064201693573156,-0.22869433650436788,0.16535577914383628,0.2540528672361894,0.6889040129628938,nm
1.2944056987762451,117.16625383828982,18.89289410480164,79.17247013251311,-0.07035243000454429,0.10305131726129138,-0.14528743682457487,0.011783178250431165,0.13110722173596584,-0.24350871901878265,0.19151364885011846,0.27681120482952565,0.6889040129628938,nm
1.3162376880645752,117.97293309498298,18.958526217401353,77.02081375146398,0.08993702134732295,-0.03774879374138483,-0.0482792099935592,-0.0040127712586676715,0.05275948872306564,-0.24664724108190558,0.10883253812789916,0.2522588502249412,0.7001275892393334,nm
1.3322978019714355,117.7273248522421,19.113298380790244,75.79397380683756,0.06301498766513208,-0.10976338776438586,-0.05969346074786226,-0.023743592371879646,-0.017418756121271483,-0.23928441466862777,0.1399364113446113,0.24108961476356072,0.7001275892393334,nm
1.3390650749206543,117.54246778341985,19.201469019786543,74.6697328084031,-0.0691177694970392,-0.07256898213123725,-0.06565331779750677,-0.014948366068213474,-0.03519743213659176,-0.22264773221034498,0.11980768491891533,0.22590778104246165,0.7001275892393334,nm
1.3419816493988037,117.67379656009578,19.08517660581599,73.71880603247739,-0.04488412604188629,-0.01258402154645208,-0.07128128928228002,0.029223008923140354,0.01683157960001439,-0.20874017388970323,0.0851702094078064,0.21144679358613389,0.7001275892393334,nm
1.3537180423736572,117.93229023101932,18.77035396459659,72.83185955514983,0.050874929497667594,0.030453716107485606,-0.06791029708610145,0.05897148069545348,0.047375138962817864,-0.20397049478101023,0.09015262462330499,0.2175454023149436,0.7001275892393334,nm
1.360572338104248,118.08840638487398,18.369375934843557,71.86962138686671,0.039960191915097,0.12203920538968821,-0.04264173070358351,0.050348065160064716,0.01987334627961665,-0.21217018450751246,0.13530965149402618,0.2189658986044712,0.7001275892393334,nm
1.3938348293304443,117.65926279783199,17.760518812239265,69.5097861454641,0.00429028336246138,0.07799742013023823,-0.1432748904923975,0.021004482767996643,-0.05046598209569868,-0.23426159740999844,0.1631860849579755,0.24055456692051938,0.7096676290743069,nm
1.4009768962860107,117.69666783028121,17.45876419967554,68.3436069990572,-0.009376214324281871,0.018443946859144158,-0.1244981382124029,0.051248884201952095,-0.007803193617455628,-0.24535673280568693,0.12620570109607718,0.2507733325049891,0.7096676290743069,nm
1.4033432006835938,117.74680004252129,17.172669436268507,67.19752247942607,0.07708848728389088,-0.10025824897876419,-0.07681143659354275,0.07329661468722592,0.01286861769640624,-0.2419680042248103,0.14796738881108334,0.25315313569964276,0.7096676290743069,nm
1.422729730606079,117.12697765567292,16.671280322491622,64.97801434726793,0.0446132605648616,-0.1286564891587379,-0.08534944160786555,0.03454407304475997,-0.08176102695559719,-0.2060375012071108,0.1607089369128398,0.2243426183653605,0.7177766629340344,nm
1.4347076416015625,116.69835444781691,16.229685344132523,63.98049265297133,0.01443944086067573,-0.04718724727150268,-0.1239151823443521,0.03740189168114085,-0.10446387817605728,-0.18509538496508104,0.13337955680262595,0.21580524757355063,0.7177766629340344,nm
1.4537780284881592,116.42326030676622,15.675099809194457,63.08274031175661,0.012253585436007058,0.013226829386027919,-0.10553748760208145,0.06906652055712548,-0.0888309967780367,-0.17429057765720682,0.10706661786478601,0.2074568285463996,0.7177766629340344,nm
1.4551236629486084,116.0264917200456,14.95978567836838,62.15904693972096,0.12304066338873383,0.010281882839202037,-0.07034661051094698,0.08320029770942022,-0.09653884407954948,-0.17354312194582838,0.14210336932049733,0.21531199021386704,0.7177766629340344,nm
1.4572114944458008,115.3542481914187,14.203822895864118,61.15447577678257,0.10962827839913351,0.0325485593323474,-0.05986504029372202,0.05762335612571957,-0.15269754264607194,-0.17697237160861734,0.12907978613531332,0.2407409624765154,0.7177766629340344,nm
1.4699461460113525,114.46391298074303,13.44088878044463,60.08964098484154,0.123449081621557,-0.00217274051348764,-0.06482342463059104,0.04294230544408278,-0.18916399231879696,-0.18036843493087265,0.13945061109720067,0.26487700901786704,0.7177766629340344,nm
1.4883449077606201,113.25744699617651,11.904172868182394,58.18854473556113,0.0015753860397319916,-0.04655646552903936,-0.0032021134216255816,0.08549196525492826,-0.15509499241876867,-0.1718026928325747,0.0466930386042263,0.24673771106389836,0.7246693417148028,nm
1.5050053596496582,112.36670270979305,11.157665471548514,57.28161778481631,0.19801226716812906,-0.20558068948101152,0.05777572763924915,0.07052320778304874,-0.1782654426977286,-0.15542492915011497,0.291222101738167,0.2467974868136758,0.7246693417148028,nm
1.5063652992248535,111.19746871339247,10.435986065351962,56.492921749946625,0.030172603453655276,-0.10679032730500228,0.04699019256565017,0.01331249945694024,-0.2563275119617556,-0.12387899819307935,0.12050990914625208,0.2850035477386483,0.7246693417148028,nm
1.5149245262145996,110.19757291510675,9.643185760125961,55.789384337865194,-0.025895184462071515,-0.01965677228624813,-0.02333724615891511,0.02052817829020345,-0.2509064495500202,-0.11610934917770893,0.04001969931571101,0.2772306503548667,0.7246693417148028,nm
1.5472140312194824,109.17650069431944,7.5954465639829625,54.67644060664085,0.07855401400003811,0.035767800548480645,-0.02517920846267668,0.11644903582547103,-0.16637073448706824,-0.10278952534412451,0.08991140756545303,0.22760774538428785,0.7305281186784559,nm
1.553595781326294,108.48006111008328,6.585603240473963,54.121447008778844,0.3249064110089126,-0.17887531849032037,0.049244371604973226,0.08022673167568303,-0.22083217700593175,-0.10405807499801231,0.37414644674842856,0.25696548766095645,0.7305281186784559,nm
1.5550072193145752,107.01136923348733,5.539146022137126,53.503336261323206,0.032586315588557443,0.04404324135117172,-0.005313222425018255,-0.01434159022219722,-0.3398398900859943,-0.10307600278657642,0.05504457652568817,0.3554173524945292,0.7305281186784559,nm
1.5668237209320068,105.77882705553316,4.504399425448298,52.95701664898943,-0.06139292166204545,0.04405048872421981,-0.023147908555039468,0.00557400648155713,-0.3251672379780018,-0.09826377492455143,0.07902760313660749,0.3397360323323415,0.7305281186784559,nm
1.5751025676727295,104.5762195665722,3.476052227934201,52.52604678602819,0.12281369080652924,-0.1671055943542485,0.06702577709019522,0.05039303434242661,-0.28117910678968655,-0.0794267357709648,0.2179448028941111,0.2964957914718413,0.7305281186784559,nm
1.608224868774414,102.20312661023077,1.475633825487452,51.96258462917809,0.0509464866089769,-0.11656862956024738,0.06562968045780115,0.028626771715064107,-0.29720598805309567,-0.05187385454829983,0.14314693448462643,0.3030541010762623,0.7355080790975611,nm
1.616225242614746,99.44078518960536,-0.6027304071853624,51.816535208621225,-0.04779400915777605,0.08050455973262875,0.014877650951135296,-0.03171748630609335,-0.3565976173015142,-0.014055567719937701,0.09479765791907409,0.35828120043706474,0.7355080790975611,nm
1.6178781986236572,98.04907433525487,-1.6735825146787677,51.8314514975313,0.08597129575788189,-0.0069189385661681995,0.07473607163562399,-0.0031142085585105597,-0.32426628831111387,-0.013162574577188486,0.11412456268786632,0.32454826667155745,0.7355080790975611,nm
1.6437468528747559,94.93843614174953,-3.703377765681106,51.92262827577188,0.1538495565020785,-0.08468406910543308,0.1317090262813219,-0.04504206185520618,-0.37571742369829286,-0.013813272756061193,0.21951843931686912,0.378659710440501,0.7397410454538005,nm
1.6511459350585938,92.97770211397619,-4.6858922743615645,52.12157102208869,0.2741512308255726,-0.2430445037292911,0.2868609887929898,-0.08567980220048875,-0.42029382868761467,0.00032106851191504533,0.4653157584345125,0.4289382636499083,0.7397410454538005,nm
1.6582951545715332,90.50010174612956,-5.606634015810742,52.422611872950704,-0.08097702017318009,0.04090529986766947,0.17280338695243253,-0.1558734479838563,-0.4943368768118683,0.004868184137945416,0.19517052004753102,0.5183523693196446,0.7397410454538005,nm
1.6661348342895508,88.27904533799747,-6.50678641201103,52.782488705595554,-0.22681414336591915,0.1598783493669408,0.08652360092936594,-0.1243283802994122,-0.45165948796381306,0.014158848789757443,0.29067520662226676,0.4686729266926566,0.7397410454538005,nm
1.6770656108856201,86.54109548389604,-7.385278419593779,53.20660442483689,-0.0712621421269458,0.015013913215634002,0.2365291735693525,-0.06603575862927234,-0.37266031495343155,0.03184980133610208,0.2474868894304676,0.3798036882444449,0.7397410454538005,nm
1.683427333831787,84.69056288870537,-8.186163827054182,53.684432254148255,0.08311326451780299,-0.11097926632720237,0.27945452402293025,-0.08808572860486823,-0.3814201121998106,0.03447503985791756,0.3119600027090218,0.39297445966318423,0.7397410454538005,nm
1.7190871238708496,80.61200195746237,-9.49669429029435,54.92318463048561,-0.07504891612765881,0.042587662911674574,0.2547637281545696,-0.13577805195494627,-0.3955640559004925,0.05742463502124955,0.26898067965456224,0.42214238169183127,0.743339066856604,nm
1.7271122932434082,76.58644128457092,-10.556518267139236,56.29593031805432,-0.21573107551544024,0.17878006774203217,0.06026202710249189,-0.11845648052535898,-0.3571910676936911,0.056446255690733985,0.2865898139770422,0.3805306510652164,0.743339066856604,nm
1.736295461654663,74.9739199315561,-11.041426217544638,57.004811558248534,-0.0670025255499053,-0.002938381582317063,0.19961968518660053,-0.08991954473501998,-0.30984862236403576,0.07038865151535656,0.2105848789215088,0.3302215249925335,0.743339066856604,nm
1.7634785175323486,71.17316875602344,-11.722400979428611,58.6296722112099,-0.058094310714199654,0.0005879916791504474,0.1433266765951071,-0.15134211963508262,-0.35116464493660704,0.07968900615867736,0.1546539068222046,0.3906038693249859,0.746397385048987,nm
1.7697243690490723,69.26793833374755,-11.91399088045091,59.52465068234482,-0.24069436818498371,0.12765963200065142,0.057108723156797374,-0.15482881030652026,-0.3319109151115445,0.09003092261210328,0.2783741489059463,0.3771503454824109,0.746397385048987,nm
1.771233320236206,67.43381845309266,-12.028283211796438,60.405587165292104,-0.2282268419539501,0.1358996472646752,-0.025621125537146988,-0.15562129121874688,-0.31446448483906025,0.08918630848332411,0.26685697965151056,0.3620222315363633,0.746397385048987,nm
1.8063242435455322,64.23507845670159,-12.02516472716905,62.14748307237553,0.0790613179340717,-0.1270292802595026,0.3538524150777373,-0.1580239862860786,-0.2710350419881651,0.09602435284748648,0.38418571250512024,0.3281040240031319,0.7489969555125126,nm
1.8094425201416016,62.20622668577406,-11.827622066790479,63.06592251240562,-0.15815070015674623,0.1350423170968084,0.004042219527068149,-0.21296471940116413,-0.32706625382106047,0.08892071946694097,0.20800098775161865,0.40029139442245987,0.7489969555125126,nm
1.8178515434265137,58.95594009251119,-11.30473104204864,64.80048562722241,-0.22794012595142388,0.13385659612872075,0.023523320160176792,-0.17268263980345358,-0.2389255217320218,0.09400019107983024,0.2653820565473043,0.3094199976527902,0.7512065904065093,nm
1.8367908000946045,57.575865395092706,-10.999549738641258,65.54591375863207,-0.11370751299755118,0.04826936539009289,0.016110989890308413,-0.17819653942198077,-0.23601992687540077,0.08481825211311854,0.12457485357204393,0.3076581681603198,0.7512065904065093,nm
1.8495047092437744,56.21800231406588,-10.572378192032897,66.33497249843906,0.053842458780338054,-0.08390893345678696,0.2959671750997647,-0.18131410194442496,-0.20188742184320768,0.09607236335784679,0.31230800216757604,0.2878597465148136,0.7512065904065093,nm
1.854332447052002,54.61367083857304,-10.016853728969547,67.10674146884833,-0.1386004679278935,0.035417479565243805,0.12053454369245824,-0.22123222406135268,-0.23942034558263003,0.08606629627472516,0.1870643306238114,0.33715457315078395,0.7512065904065093,nm
1.8590514659881592,53.027430796767,-9.370201112529077,67.82239319827345,-0.3359673141621198,0.18749866384704797,-0.28365122695178785,-0.23354512624476864,-0.2327826752243175,0.07874041688692353,0.47800397872924805,0.33901497478548276,0.7512065904065093,nm
1.887770652770996,51.22212408071813,-7.894009418355162,69.01692385072874,0.032312938209030695,-0.04239718281099121,0.20204591301878883,-0.21325446150251703,-0.1289541944640304,0.07556113178939196,0.20895980008988624,0.2604153111049528,0.7530847800664064,nm
1.8944027423858643,50.13457158069398,-7.005552681428952,69.55417178275582,0.11789024830977918,-0.016895338832538506,0.23612105617748205,-0.236534522262939,-0.13277059917351478,0.06809450296730396,0.2644555090959107,0.27966671872322435,0.7530847800664064,nm
1.9036436080932617,49.00495270898824,-6.01752208974364,70.04640882212196,-0.04762374977294734,0.10463908371614775,0.10175881211503462,-0.25692247495668313,-0.13654146456455962,0.061602057585762156,0.15353245658965467,0.29740131671211867,0.7546812412773191,nm
1.9239106178283691,47.12748483257955,-4.109353736953393,70.69377351445964,-0.26315080098367366,0.21008334413885751,-0.28780945929909374,-0.21562914980753403,-0.07469802665877696,0.02879750832188589,0.44296460400911425,0.23001091695609668,0.7546812412773191,nm
1.934577465057373,46.6610846241985,-3.236198123707235,70.88348757407869,-0.1876773259941678,0.11708003464973667,-0.20105956675127704,-0.18924406250315828,-0.025034376328347593,0.02050395470546196,0.29892384078242384,0.1919907480828497,0.7546812412773191,nm
1.9359841346740723,46.36297650240439,-2.3436429313747014,71.03893584217141,-0.06662094064769486,-0.012991979447088726,-0.057488070070246235,-0.1818880285987461,0.007206801963026645,0.01663088039423181,0.08894953323732957,0.18278889223571493,0.7546812412773191,nm
1.9423675537109375,46.07897009512187,-1.3843678337760625,71.1652503553688,0.07698818982371604,-0.10959457202399946,0.10236959107427383,-0.19364792694210994,0.013513464403480264,0.011758592303285471,0.16857545718807998,0.19447467141536906,0.7546812412773191,nm
1.9494554996490479,45.707927719852094,-0.3339714172587291,71.25213333390234,0.0030163796750898434,-0.06994436012167332,0.024338253473732693,-0.21655812176857062,0.0022813192154874204,0.004505302619873049,0.07411924609253849,0.2166169944233154,0.7546812412773191,nm
1.9736175537109375,45.02620997512741,1.9287152141896327,71.23832717476058,-0.14918829423784824,0.09955371738352664,-0.35065704721252045,-0.22537726189844795,0.0339463987852021,-0.018427978040407043,0.39386349734683673,0.2286631989323671,0.7560382333065948,nm
1.9868860244750977,44.96725294817345,3.0542019922117793,71.11618085983419,-0.13495359781844204,0.13654129001649465,-0.34982689089536656,-0.21070266829205972,0.0656700278821441,-0.03603062123692795,0.3990424175911992,0.22362104698385232,0.7560382333065948,nm
1.992842197418213,44.97685657065637,4.125946780828346,70.89350705917201,0.07396470307508861,0.09912247439599048,-0.18664844441010137,-0.19593982158802356,0.07554712925638692,-0.0569022320755717,0.22390552479132914,0.21757216374805385,0.7560382333065948,nm
2.002715587615967,44.98195650434801,5.1327499293466365,70.56590931191005,0.23395018474399873,0.014400519916735115,0.09688225611974399,-0.18366819200752457,0.07113518975811295,-0.07797164387296988,0.25362617267639215,0.2118343627117397,0.7560382333065948,nm
2.006289482116699,44.690431111631064,6.082878115051675,70.12007640945725,0.2565587430843862,-0.039068963361123595,0.1692995576832072,-0.19239011048887567,0.012678235894876587,-0.09592284987688866,0.30985660035390966,0.215350610418991,0.7560382333065948,nm
2.0408172607421875,43.119363568077944,8.738098849183098,68.3748213396007,-0.1464729980925131,-0.00546672552411398,-0.38426345463939265,-0.1871437322391375,-0.003613896220609905,-0.11802232876827394,0.4112695306360124,0.2212806065839794,0.7571916765314791,nm
2.047327756881714,42.9868228500478,9.665693958754579,67.83150502976635,-0.10234851864962684,-0.02454639322396335,-0.3602179010764539,-0.1756303313400277,0.04725836681436251,-0.1170646192336921,0.37527947045635784,0.21629491810234022,0.7571916765314791,nm
2.057300090789795,42.99240476766718,10.55293093549942,67.22492323194516,0.16596292533642848,-0.001881729626933146,-0.03293141289413631,-0.1573222527301206,0.07097099170718969,-0.13424075198347166,0.16920907613901182,0.21864983960906506,0.7571916765314791,nm
2.063953399658203,42.79607997341025,11.35355939814756,66.47402134842487,0.33544460123072417,0.006771547080417507,0.15389587337025948,-0.15616241909952652,0.029334481667092297,-0.15551298965608773,0.3691244697728624,0.22233196555031756,0.7571916765314791,nm
2.0739636421203613,42.288910407787434,12.041488670762076,65.56315056506703,0.14046927936947035,0.030342297001699697,-0.125553125071087,-0.15979683817638635,-0.033348259794370144,-0.17442740474182591,0.19082940195115028,0.23889758359483623,0.7571916765314791,nm
2.0832200050354004,41.716515726511695,12.57466064054969,64.51884120642438,-0.11764320953168637,0.07819557184279614,-0.5719614878217225,-0.1374808485823263,-0.055208186971112544,-0.19728793531344985,0.5891471936247992,0.24672141588398405,0.7571916765314791,nm
2.1126105785369873,41.484819365522284,13.526436576465018,62.586572576958744,0.19647433538743447,-0.03705726377983355,-0.18798864497133394,-0.07422715502623074,0.05347666836018144,-0.1976391978808535,0.2744360324427907,0.21778585156336508,0.7581721032726308,nm
2.1207501888275146,41.37322295966094,13.882252936153886,61.628519040687785,0.6831587001799951,-0.19228266155101978,0.628943237470667,-0.0665908386722298,0.01478936336005213,-0.19921241972877002,0.9482868909379948,0.2105674553150563,0.7581721032726308,nm
2.1309375762939453,40.57307156250114,14.003950476699575,60.46919698252651,0.6050442256578887,-0.24122405023907367,0.6660106382440789,-0.08991050680311169,-0.12382992308261809,-0.206131639618537,0.9315780845801294,0.2567255381454403,0.7581721032726308,nm
2.1403396129608154,39.236999981652716,13.97676630900543,59.19998291850839,-0.1362034878019879,-0.08685040416131373,-0.4060266939072387,-0.11880024040706574,-0.22697244627284652,-0.2019259659066936,0.43698061622645495,0.32619638899780606,0.7581721032726308,nm
2.1418802738189697,38.216705905002435,13.994889930622444,58.0611924222971,-0.19148684713362885,-0.06333261346842355,-0.6220838436316151,-0.09917441914298909,-0.16740409374730464,-0.19101625010761705,0.6539621862626327,0.2726662865498435,0.7581721032726308,nm
2.149571180343628,37.791008646325494,14.14557633119439,57.133004042574676,-0.12853845734215746,0.0021318337737959996,-0.5058732162335053,-0.06260856648928415,-0.053858453497723745,-0.17747126306260727,0.521952479286737,0.19574630219763217,0.7581721032726308,nm
2.1604397296905518,37.52442120207838,14.217700276191692,56.20679520354035,0.2167444996182455,-0.0007562696039683261,-0.04483986570621276,-0.0332993182244377,-0.035677146398635715,-0.18469635922716102,0.22133540976316624,0.19103520220401934,0.7581721032726308,nm
2.172532558441162,37.09943740696991,14.071980598298168,55.1556362253191,0.6102748092687947,-0.024353210944428452,0.3574712633636212,-0.015139160819389527,-0.08511226792642586,-0.20194185779260015,0.7076822209453555,0.2196674902451926,0.7581721032726308,nm
2.1998989582061768,35.297533235248814,13.095486706528142,52.76986993131695,0.12392871402633665,-0.01738991393302159,-0.1868901461357891,-0.021912440881708253,-0.2492972942820982,-0.20875766513482494,0.22491923436975333,0.3258973132051155,0.7590054660026098,nm
2.214951753616333,34.305347271956315,12.31025632450551,51.59773883035533,0.025575690422538114,-0.03557393659589634,-0.43121835301456773,0.0133021573416762,-0.25043250354517993,-0.2028326126434321,0.433438448781502,0.3225437256770155,0.7590054660026098,nm
2.220367193222046,33.71959392077878,11.576724225052411,50.67615959508848,0.14295271379550945,-0.1407283392042749,0.07560128241681835,0.050460492543317505,-0.18251065789601378,-0.17196319704328764,0.21437233436188036,0.25578847255241693,0.7590054660026098,nm
2.223489761352539,33.026595201876596,10.847276996133441,49.91375932270532,0.22250826519451172,-0.2642172137772314,0.3653614841668017,0.03370141540231685,-0.19908967721741683,-0.13724515472937734,0.5028018280084535,0.2441489657388404,0.7590054660026098,nm
2.226686477661133,32.15276876104479,10.001199968052008,49.19474838947557,0.27354024272400135,-0.254316857359522,0.32282522778860934,0.025807513533362404,-0.24198468840289006,-0.12370500521591979,0.4936774817869421,0.2729936729883849,0.7590054660026098,nm
2.255409002304077,30.41272258852199,8.325803325813663,48.02504588560044,0.16015119634609798,-0.05591737553185916,0.06795629891811404,0.013684740143091696,-0.24335319551501816,-0.09259828647776476,0.18273811080370034,0.26073452502262295,0.7597138243230919,nm
2.261965036392212,29.433195049479178,7.4007240054909715,47.4786208587355,0.2960787471924358,-0.06839717451905616,0.2548077463495424,0.015698581524496297,-0.2696529719813254,-0.09340067415923527,0.39657002612522957,0.285802128567375,0.7597138243230919,nm
2.2941806316375732,27.26472029029115,5.308822073488416,46.52305208963208,0.2410829403915707,0.002616689746678711,0.156851577437133,0.00825034590991269,-0.31472724984600153,-0.07401521403822903,0.28762866435317763,0.3234185553000717,0.7603159288955017,nm
2.296085834503174,26.10746160116018,4.1599948982172545,46.19730902802911,0.13421436698931816,-0.006339545120786286,0.06301223276153842,0.017133849028998848,-0.3273008547163452,-0.05614711228935247,0.14840561854686013,0.33252355781061854,0.7603159288955017,nm
2.299236297607422,24.994322843818576,2.8965308226216675,45.99079091977707,0.11112119527734031,-0.04178968348359954,0.12498321611880915,0.03831281721193294,-0.33714897585040754,-0.03739344100081976,0.172380689164782,0.34137307056880667,0.7603159288955017,nm
2.324481725692749,23.91933624256148,1.6492644621308181,45.961123957915895,0.07908139004283016,-0.10353723182733347,0.29112069617400277,0.04069821362627558,-0.3296139951420723,-0.006870482863413582,0.31894370093546176,0.3321881002093008,0.7603159288955017,nm
2.326345682144165,22.731683805460047,0.48854053875531056,46.100852512040674,0.09012439917813025,-0.2386461855828191,0.8422849545866007,0.013066276098926369,-0.3338498471187386,0.023252062155868832,0.8800672439895717,0.3349135804753204,0.7603159288955017,nm
2.328031539916992,21.27233197163181,-0.6011035046318512,46.354182782488515,0.08202685111406699,-0.21008552836187924,0.8139481893145732,-0.03344396209176743,-0.3632900455032779,0.04162477100289068,0.8446158821732229,0.36719310631221336,0.7603159288955017,nm
2.333604097366333,19.7703592278254,-1.5652486465588638,46.72123764801912,0.04087397601680204,-0.06425266101844691,0.6864117434882243,-0.05528098577621578,-0.3523802123230006,0.059350453801890274,0.6906230288383942,0.3615940787563915,0.7603159288955017,nm
2.350485324859619,16.81970360362773,-3.1994037151185815,47.68972104961087,-0.1686311062108152,0.22341596439800687,-0.18059207586944628,-0.0627673286681791,-0.3268475581811509,0.07877701547968753,0.3331135557082758,0.34201590899402173,0.76082771778205,nm
2.3741888999938965,15.485703371387581,-4.0831443101530445,48.22422248451075,-0.1069111970913587,0.19365892848325061,0.027274989379694747,-0.034969379479890435,-0.3176881699579911,0.08261951017613865,0.22288496963781693,0.3301130326027906,0.76082771778205,nm
2.3760886192321777,14.288503681972644,-4.8864395744596925,48.832211130012844,-0.15147915529739944,0.07032012122638345,0.547159774736406,-0.025418794000222792,-0.2867226762759318,0.0958614336637152,0.5720792541497214,0.3033898855323318,0.76082771778205,nm
2.3798234462738037,13.073039104148846,-5.548591548616303,49.51930661441138,-0.11787041474292967,0.028766387756426134,0.5624586112936574,-0.045608248892143585,-0.2711273654111708,0.10861031536687853,0.5753960628598469,0.29561184219496867,0.76082771778205,nm
2.404812812805176,11.147067773160837,-6.599802397053828,51.159294604811514,-0.24105252345399525,0.13155926396597864,0.15978105917162175,-0.026265423636623028,-0.20518930926134743,0.14541230437245534,0.3177170846347648,0.25285818827332396,0.7612627383356161,nm
2.4125144481658936,10.13420267707865,-7.04220546150342,52.06941636189996,-0.16146302821796815,0.11312016758790211,0.0811781102410683,-0.04270109135263429,-0.21349064467002912,0.15203371302002885,0.21320498910377889,0.2655482789606951,0.7612627383356161,nm
2.4455463886260986,8.619869208436798,-7.543301094998989,54.01843136836273,-0.24138405407646782,0.06187101952754981,0.07206899901149366,-0.03829592597759981,-0.13355197784275688,0.17309168621946158,0.2593997402432937,0.2219536901483969,0.7616325058061473,nm
2.448810338973999,7.256396532925963,-7.583587425919415,55.908999024938964,-0.19115273765884314,0.058317552112098985,0.10206421776558086,-0.06472335249896434,-0.0950631258151244,0.1652047335251772,0.22440456890829516,0.2012926084772418,0.7616325058061473,nm
2.4618570804595947,6.646446481986314,-7.399571202234863,56.81225819477212,-0.16874935167260333,0.07553211563967042,0.2245273375758042,-0.08452097399249393,-0.0802424144364205,0.15952348608495134,0.290850424620298,0.19756108607699482,0.7616325058061473,nm
2.4694385528564453,6.041728994989324,-7.120753564477025,57.692218774826635,-0.09322174913712236,0.1377439785362582,-0.30284996002279685,-0.09866423827330678,-0.0705321692974735,0.1555594782793392,0.3455167093224167,0.19725154017750918,0.7616325058061473,nm
2.4745023250579834,5.582498127421799,-6.812376059324491,58.56173717177864,-0.1590305775598286,0.1136267943303082,-0.11718878969197088,-0.08735350951064826,-0.044476526089125466,0.15766731081502125,0.22789248653315405,0.1856549969605561,0.7616325058061473,nm
2.4824306964874268,5.203410268301735,-6.464393810933322,59.383103368379835,-0.1259549489641323,0.07280653342735798,0.013163836752615475,-0.09889287863961341,-0.05555627944873286,0.1505327866952283,0.14607781171798706,0.18848453915917374,0.7616325058061473,nm
2.5151216983795166,4.761553283991772,-5.413369179247626,60.925530619971006,-0.18245071764722104,0.02373847451160664,-0.04795786478788799,-0.10873056288509496,-0.00365149506559273,0.142156418209259,0.19013609951068608,0.17900870358619264,0.7619468081560987,nm
2.5165576934814453,4.40115842849806,-4.806313413322864,61.620094885342155,-0.14605474131800603,-0.0017363352027902773,0.11173027127616011,-0.12788660179619857,-0.003714050190271548,0.12734193254210635,0.18389849330772243,0.180512450737764,0.7619468081560987,nm
2.523710012435913,4.27086019633947,-4.012254955037891,62.24268412360189,-0.08512261618498711,-0.0031546969498702643,0.002552692230497294,-0.1381695051947486,0.034433897326868114,0.11739894577828736,0.08521929439185584,0.1845508545651637,0.7619468081560987,nm
2.5320351123809814,4.512435964222323,-3.132867712725529,62.803551448244946,-0.15221198912508735,0.04814756208811173,0.010976073779765363,-0.1317478609455501,0.09093013571055475,0.11004637862613371,0.16002234707709775,0.1942575452660573,0.7619468081560987,nm
2.5531320571899414,4.711622644550559,-1.407332674734042,63.7053818231464,-0.01407061490690931,0.013069806448170315,-0.22323566299468936,-0.1257077859960637,0.10813162423328485,0.07830767099693828,0.22406017780303952,0.18337662598140797,0.7622139651535574,nm
2.5661513805389404,7.096339190761163,-0.3611582853252716,64.30359585400647,3.2393240895591253,-0.6151650634003324,-0.8284040667682745,0.03374318063395967,0.522150003153146,0.12077121794727942,3.3996914433907977,0.5369961965569175,0.7622139651535574,nm
2.573206901550293,21.82738848949244,2.5369484797827795,66.71469984042287,1.1037420740794701,0.9385058603574626,-1.4794311955936177,0.7081560228467281,2.9253427726310877,0.4147326715963576,2.0706898557036766,3.038275576534901,0.7622139651535574,nm
2.5784783363342285,41.454002747781004,6.29852008241782,70.96902467190799,1.6574494156174715,0.10028526431013973,5.755510649730164,0.725818874186021,3.9270749604731128,0.5283469172017775,5.990250290156981,4.028384446427151,0.7622139651535574,nm
2.588204860687256,51.09575342547051,7.53863561657922,73.47160679486416,2.0293769022983716,-0.4254697737118222,-2.0778301696742165,0.354018128432724,1.904291241391007,0.2543783401738011,2.9354340997428143,1.95355120415286,0.7622139651535574,nm
2.596848726272583,62.63600663889888,6.646380509173444,74.45851501508241,0.7630405982037929,0.5788688752991082,-2.303728510267111,0.8066932063601487,2.1591105315151227,-0.10166861718757421,2.494891816956154,2.3071299755774417,0.7622139651535574,nm
2.6124751567840576,73.72702358489582,6.266645014562182,76.5471681463021,4.178237161654413,-1.792267856138828,2.8511835048389607,0.6254600518808415,2.1226732271705213,0.15396520828497193,5.366482761124289,2.2182531846494746,0.7622139651535574,nm
2.6484603881835938,76.59895379656359,9.836073877809445,79.41007464491143,-2.084459479669093,-1.1373378117254938,-2.203200736805257,-0.3383710332608832,0.6308209260725647,0.08644344614920306,3.23922862839629,0.7210426244704511,0.7624410486013974,nm
2.655505895614624,82.17732120538982,17.99082570586554,86.03910080372391,-0.8090022641791454,0.06626128281850303,-1.251331556585585,-0.9268664030577535,0.10384261563482257,0.8228089637042493,1.4915447983733645,1.2437359883396315,0.7624410486013974,nm
2.6573474407196045,84.49825409270628,21.771108371024123,88.74602705032876,-1.233276953453225,0.510181523829967,-1.4877371476916894,-0.7399290855732915,0.47281597258639774,0.3700053813996633,1.998654310229295,0.9528661909601258,0.7624410486013974,nm
2.665349245071411,87.64970768262401,24.30259777544474,90.07498662572333,2.97732400223475,1.816277887835813,1.1281686207907582,-0.5052070108816776,0.5870230340951746,0.005543000464453548,3.665526976719909,0.7745068697283795,0.7624410486013974,nm
2.6734237670898438,85.10261977327312,26.138299221822006,91.47950550671534,-0.8477374111830838,0.6225021527786591,-0.34249366870142894,-0.36519215393800963,-0.46581156498252224,0.48475152589806075,1.106105583402428,0.7650684709422076,0.7624410486013974,nm
2.703464984893799,88.17887456001255,27.20928631002945,94.07499297694092,0.8569410354265625,0.06414516639645026,1.6736529668078783,-0.09333075950356699,0.6199025887637317,-0.06242215192042081,1.881376303102277,0.6299891866340763,0.7626340695320614,nm
2.7207164764404297,90.44508894982228,28.112613357300514,96.7979273367339,-0.3218662127037396,-0.38977574801123854,1.0793939133846973,-0.22318273657891652,0.38271284735012673,0.32112259023808615,1.1918952189139365,0.547173990057014,0.7626340695320614,nm
2.7226486206054688,94.61571054220971,29.746019753617702,100.43373036319497,-0.6598807559094928,-0.7254192562526095,1.00973722676723,-0.43851454919206406,0.6727376493268981,0.31070894371332114,1.4075670415583583,0.8610522646032861,0.7626340695320614,nm
2.7245125770568848,100.26782326412645,32.135229156713564,103.4979734620925,1.0317341661674386,0.575069139118347,1.4206027737743188,-0.6755360649488998,0.8487604558452554,0.018720323290367206,1.8475097145235326,1.08493950843233,0.7626340695320614,nm
2.738675594329834,104.10551218675724,35.28292026197425,106.361543400018,-0.2345925065974577,0.7265875861440304,0.2725600947184727,-0.7806052544283687,0.45279453062540914,0.13452582496789456,0.8107109039128744,0.9123950064466352,0.7626340695320614,nm
2.7936666011810303,116.92338153839019,40.61832776461745,113.60349793545515,0.3576238496391768,1.012670460214197,-0.15582923283337735,-0.8607710811840367,0.8760797425644188,-0.21194371651253507,1.085209209611961,1.2463397243543268,0.7401181611714807,nm
2.8134922981262207,123.34563194276139,42.25314429510175,116.58177512232601,-0.07598486382200484,0.66848372842713,-0.6027646504699246,-0.7143282239090686,0.7296931258944839,-0.26467633984798516,0.9033102559796473,1.0548793458619206,0.7401181611714807,nm
2.8157052993774414,130.36304371994302,42.95696806922548,119.14662982094251,-0.28149076669388673,0.38396439821902945,-0.37156585280597043,-0.6180088792934805,0.8436309172246413,-0.44657316148631304,0.6039262320888551,1.1371348591713974,0.7401181611714807,nm
2.8187272548675537,137.78182567769764,43.21650492872723,121.15419797248849,0.6190588327736201,0.3160481879078988,-0.05299960470959503,-0.6008899503670007,0.9073040608487328,-0.6205531706863028,0.6970862598088393,1.25273925017678,0.7401181611714807,nm
2.825162172317505,144.39015947914453,43.921265718735604,122.70584125321771,0.34624837659388846,0.08688171211388608,-0.015950388289383804,-0.6385073997244575,0.7346966019013843,-0.6079931581140994,0.3573384741114865,1.1476613074691877,0.7401181611714807,nm
2.829155206680298,151.88208360259756,44.962878587321455,124.85028213399315,0.4137257191842572,0.15787800070201102,-0.10699321208352959,-0.7809455296795053,0.7702364138126508,-0.6267220707568637,0.4555677570374644,1.2632975134397864,0.7401181611714807,nm
2.8356311321258545,170.12987730962,47.236594812649976,132.92164623870065,0.2777032149979355,0.26502086307251316,-0.7198864452881323,-1.0370932366783367,0.8241449232149145,-0.45044766999361263,0.8158379910211784,1.3991713045326295,0.7401181611714807,nm
2.837874174118042,-179.66969276616794,48.234458271740266,138.12124469990297,-0.039366220035750785,0.3320809081960722,-1.1782183013381964,-1.1327974723184537,0.8165109421767309,-0.4732174916985189,1.2247554018972509,1.4743998868810484,0.7401181611714807,nm
2.8494975566864014,-159.84513836842376,49.453294847110314,147.03441346898188,-0.22388764324645533,0.11709172400199228,-1.1184134798705263,-1.1164160342031413,0.609445607761928,-0.645347190718316,1.1465970785695867,1.4262824779173997,0.7209796390649871,nm
2.8552308082580566,-150.59345761005997,50.627072606025926,150.22575505399345,-0.030341748586744512,-0.06972125098426687,-1.0658129584238023,-1.1515792267579126,0.4181834833668243,-0.7802145000703298,1.0685218467070339,1.4524967495251606,0.7209796390649871,nm
2.8736774921417236,-141.4916184749754,52.078304095799524,152.93097706554425,0.26780344665948225,-0.22428070724945862,-0.8675178427714669,-1.1527008076380698,0.2871050007249004,-0.8805177649802838,0.9352046456331764,1.4786683089241406,0.7209796390649871,nm
2.887000322341919,-131.98821876168878,53.54898751650756,155.85550896627421,0.49455754114373274,-0.22449637530137212,-0.6012377645640187,-1.1776200022934358,0.23386274576537536,-0.9291014970923687,0.8102299880672943,1.5181272165262676,0.7209796390649871,nm
2.8915116786956787,-121.34292486139039,54.76459293666668,159.8306337050254,0.5968454283602177,-0.4250810081871306,-0.7153738306186992,-1.2604444533982835,0.24895585424614822,-0.9308760661659573,1.0240498261363802,1.5865779174142487,0.7209796390649871,nm
2.8936257362365723,-109.7826353060083,55.272406170175366,164.82827079353154,0.36495625236998475,-0.6030930851160893,-0.7520564321457072,-1.3074638984749998,0.3104115147425469,-0.895154816605409,1.0307779647385353,1.614657641728447,0.7209796390649871,nm
2.9039127826690674,-97.6852436564314,54.957114356658195,170.2283515949335,0.08164625859738975,-0.7109023082192443,-0.7601606215295921,-1.3507241407127002,0.365883186986807,-0.9053656882895371,1.0439791060642243,1.6667373039431477,0.7209796390649871,nm
2.910339593887329,-85.53151503149456,54.094874182285345,175.5224344521212,-0.20136753417198347,-0.9284733916899458,-0.7625258193674894,-1.3910855449402149,0.35233251460587445,-0.9218513790715069,1.2182189245356507,1.7055987685520158,0.7209796390649871,nm
2.9284379482269287,-73.84102857844466,53.125348507840776,-179.53984202132185,-0.45491087509193434,-0.8587921904678464,-0.5770239174205809,-1.3916973675284021,0.24970754445713153,-0.8962197501046871,1.1302320699576989,1.6740326343957583,0.7209796390649871,nm
2.95341157913208,-50.249556903192754,51.67412500255038,-168.91054589775916,-0.3442145972463125,-0.8725830652193507,0.10013200379981177,-1.4876989455320506,-0.06638495216223537,-0.7605463183734792,0.9433511079391407,1.672150058099515,0.7047118952744675,nm
2.9667396545410156,-38.268285586234946,50.737238876329215,-162.73589091475517,-0.1858655820381328,-0.7577363457157557,0.47161973473988444,-1.5115388966906267,-0.17704040334312043,-0.638194031899893,0.911666363535016,1.6502680882139282,0.7047118952744675,nm
2.968250036239624,-26.69787077041215,49.34090800678459,-156.70440697935885,0.06380088524493836,-0.60821743775112,0.7892674490649922,-1.5003821391087926,-0.24447309453184196,-0.5742775741649035,0.9984698847216853,1.6250256581037044,0.7047118952744675,nm
2.9697000980377197,-16.102740620951824,47.39550765587347,-151.4892505223018,0.21798607597015396,-0.48652680790643865,0.9455499640431432,-1.4453176860019825,-0.2566661309743153,-0.5487469469764628,1.0854911324513359,1.5671451522036617,0.7047118952744675,nm
2.9766111373901367,-6.93489609284603,45.13122810364935,-147.50702951089227,0.13855860040190063,-0.324253886588374,0.8659188079094279,-1.3307779544748157,-0.2451528917221641,-0.537086113018786,0.9349622722892535,1.455861050112112,0.7047118952744675,nm
3.005324602127075,8.089142059019434,40.76312630133038,-142.2885796045727,-0.22557341963468536,-0.06066095643587452,0.34611842855947617,-1.1184886973138195,-0.27918102617350427,-0.49643318086945937,0.4175656665362732,1.255151351217145,0.690884313052526,nm
3.0137529373168945,15.075704890290233,38.400237126775224,-140.00745868607694,-0.4874991902960541,-0.3315399284992999,0.4667793606848473,-1.14244850624614,-0.30089971155085116,-0.44528800034056665,0.751968853271187,1.2625413375738328,0.690884313052526,nm
3.024144411087036,21.462225134882097,35.68427864022712,-137.52307706689092,-0.4626849566716327,-0.3126058686659579,0.31543305101482416,-1.1316805617184034,-0.2577353540403173,-0.28444311627045976,0.6413250407766325,1.1950047250480724,0.690884313052526,nm
3.0447466373443604,33.28257440284467,29.053977844659272,-131.9082578259865,-0.07962068804747,-0.23190551290596828,0.32435838546757123,-1.2114366942863382,-0.24892622974518513,-0.04426794509314893,0.4066054390984733,1.2375390026505562,0.6791308681638756,nm
3.0464975833892822,38.57890328276882,25.287549697552436,-129.3005659231773,-0.08123346330487595,-0.0867458080234632,0.7361614245899823,-1.1915281569654148,-0.2230570263536653,0.024389228169973808,0.745692533035232,1.2124721111422996,0.6791308681638756,nm
3.053406238555908,43.0384918882331,21.50513638625466,-127.20575352155504,0.02649712886168552,0.11975238281177013,0.7979531291108717,-1.1070143721876247,-0.17341772564871477,0.05125665293269685,0.8073239295876475,1.1216870206385543,0.6791308681638756,nm
3.0750207901000977,46.99478781226318,17.94019513649231,-125.6743238970692,0.28338803198245777,0.16001307178222993,0.5809661493410156,-1.021931037851639,-0.1757829642339305,0.025677925060109838,0.6659088725135016,1.0372569847799475,0.6791308681638756,nm
3.0823123455047607,54.40031764233768,11.939407881249938,-123.55228796526123,0.22913710606421286,0.06006175896936893,0.2625987589213821,-0.8698553841436247,-0.27700742805691125,0.01590244159891552,0.3536514335514944,0.9130358110014989,0.6791308681638756,nm
3.1015841960906982,61.765140472963566,6.28929194756899,-121.59025270062187,-0.18326790686034744,-0.05171619827227636,0.31089065380741093,-0.8750746287987099,-0.2929585229237414,0.08961897360543049,0.3645746692702468,0.9271525562446297,0.6691404400085227,nm
3.1248204708099365,65.14570788641484,3.04082491266624,-120.45076748217669,-0.13481873463987437,-0.1529437029481606,0.21076397387281814,-0.9082379579775014,-0.2480469153024606,0.15996458653328746,0.29323935643779814,0.9549932614667882,0.6691404400085227,nm
3.132535219192505,68.4466576057896,-0.5850158961468138,-119.22986010858769,-0.10969871909578109,-0.05253269848451179,0.3286835304154688,-0.9613463752608099,-0.2181814943797292,0.21753465411639214,0.35046591353182427,1.0095104474241008,0.6691404400085227,nm
3.133936882019043,71.4867155393517,-4.4803770882968506,-118.10369629578102,0.05747805158734115,-0.007588767512593848,0.2601179515124954,-0.9785838462928566,-0.1667669995805555,0.2401643585222938,0.2665007776830945,1.021330747348207,0.6691404400085227,nm
3.1578381061553955,77.63021913261232,-12.080856789963834,-116.28949710433142,0.20291005659644912,0.3400163584152396,0.2682888064142947,-0.9322911542819301,-0.21965240049213253,0.26353457395069757,0.47829122791991674,0.9934105118538185,0.6606485760764728,nm
3.1720757484436035,80.73243916564559,-15.366638577955817,-115.64783508790781,0.19046131733121832,0.4082892987865672,0.16875420742287278,-0.8569741376434084,-0.2645475360813916,0.265674120367471,0.4810962974562284,0.9353998127375417,0.6606485760764728,nm
3.1787493228912354,83.89962228559814,-18.242055864642094,-115.03127812539063,0.01982476780109244,0.46683258916342507,0.18798698322546767,-0.7809078576305537,-0.3130697059953633,0.29730583467441707,0.5036514604223904,0.8923118749924916,0.6606485760764728,nm
3.1802878379821777,86.80195615038221,-20.82934231035952,-114.27585548589455,-0.0030817337485801004,0.31041528671250057,0.09658363682479106,-0.6995005523766914,-0.2930102156173029,0.33674823094742173,0.3251085145147758,0.8297923717880352,0.6606485760764728,nm
3.1888158321380615,89.61122312263757,-23.393692260150576,-113.39644940474344,0.07337232829498921,0.0709199225670937,-0.04105184465763226,-0.6799037117052424,-0.2810233441407801,0.3796525507768287,0.10999267214748722,0.827876341281707,0.6606485760764728,nm
3.2078888416290283,92.68006000593562,-26.184516707221068,-112.50993921124686,-0.07488050656731453,0.06026534559653016,0.05492168803078772,-0.7310741705162341,-0.30809837173578913,0.42775584293266156,0.1107040828506249,0.9013152115798757,0.6606485760764728,nm
3.235740900039673,98.73437291310204,-32.654487459972636,-110.81233954909705,0.030643429795091912,0.10652302402963706,0.00036901492037480954,-0.8131321329996215,-0.25081784468648277,0.4715335831768779,0.11084363134631064,0.9728501307978081,0.6534304917342303,nm
3.2371037006378174,101.88227854876756,-36.12427518420191,-110.01331863561937,-0.05628892008268211,0.3279968724550418,0.01173295709379719,-0.8294562177227149,-0.25854083930856614,0.5114595042032731,0.3329985782950558,1.0081824275145386,0.6534304917342303,nm
3.243759870529175,104.78929177536678,-39.46395956384891,-109.1718063082777,-0.052617783591109316,0.3912613251537161,-0.06534964977246599,-0.7804844078110212,-0.22257785645090167,0.521641864026601,0.4001557602190261,0.9647834199049783,0.6534304917342303,nm
3.254408836364746,110.65820750858366,-45.250178570816246,-107.1217194809373,-0.15230642381650397,0.4296360778073624,-0.15641361230435885,-0.647363165013014,-0.2606125956599429,0.6372471036353384,0.4819228405082755,0.9450300860416601,0.6472951200433242,nm
3.26739239692688,113.33685429387104,-47.70382673918838,-105.74002246432777,-0.14633493506937792,0.3093084224665258,-0.19093527415789716,-0.5697398757220842,-0.22833855999896208,0.6645059153214321,0.39184421949065573,0.9046049610008724,0.6472951200433242,nm
3.2811379432678223,115.84587097447114,-50.0529195162806,-104.03657383392566,-0.1102178995130838,0.18465267568064572,-0.18423845219167156,-0.5327071925999391,-0.211115190691058,0.7191778128910364,0.28317556970028473,0.9195451611220435,0.6472951200433242,nm
3.2872302532196045,118.30810983366088,-52.46498356416292,-102.06264794684368,-0.31574028438784024,0.1709469634490361,-0.1976133203728678,-0.5325767456644553,-0.20368523037940436,0.7801174681377641,0.4098363281683921,0.9662861518157695,0.6472951200433242,nm
3.2901089191436768,120.51615042970388,-55.00686231002166,-99.95759367791653,-0.14269534223935013,0.09560843512873439,-0.2013703536835484,-0.541176132513399,-0.17108936270456623,0.778982348261149,0.26467518377665866,0.963823985660903,0.6472951200433242,nm
3.3223516941070557,124.86874564551175,-60.52063161481013,-95.33046588506342,-0.35198001087177555,0.07191544693910223,-0.2371945010830582,-0.5748738286695303,-0.15569996960897686,0.8488096868688655,0.4304915689137094,1.0369186486643116,0.6420800541060541,nm
3.330274820327759,126.3815329498777,-63.33324998487481,-92.34836414374128,-0.2003081234795032,0.09075590489848043,-0.2516613211289454,-0.5609241175280103,-0.11367408494183025,0.8672508895909541,0.33420562406726206,1.0390773641593012,0.6420800541060541,nm
3.336411476135254,127.51573293178387,-65.94079471385746,-88.80257546573972,-0.3770163907400609,0.07202784540773516,-0.27731223414828776,-0.5118938092290098,-0.10015876485444417,0.9185309141864189,0.4735308275171297,1.056298296136225,0.6420800541060541,nm
3.3402926921844482,127.72668870773943,-68.21700246086434,-84.3823791956326,-0.33252905102162333,0.012521882218893908,-0.24468953760279397,-0.4422326360034938,-0.05054112512772885,0.9276410109216984,0.41304398932790964,1.028903277679494,0.6420800541060541,nm
3.350773572921753,126.63801155882823,-70.15985910786057,-78.6048489055057,-0.34352877215111216,-0.03276133140384173,-0.229648060365207,-0.38389158174464477,0.013199895130602896,0.9569345403363521,0.41451604765136035,1.031150182201705,0.6420800541060541,nm
3.3824462890625,119.5744860650129,-72.99802937378504,-62.1977463911218,-0.32015846501612627,-0.2181352090151459,-0.11162286379736339,-0.3198295471880413,0.14197167397573174,0.9713431750581449,0.40316755307922325,1.03245070545669,0.6376472480593744,nm
3.3894309997558594,104.98458241414285,-74.37662306025769,-38.58911731101273,-0.217330763896735,-0.2617508681281318,0.001849018400201874,-0.2940558329798106,0.1885650223337568,0.9658185298172656,0.34021992412381336,1.0270496741129733,0.6376472480593744,nm
3.4045727252960205,96.91159514005135,-74.3293918686784,-26.10407282812908,-0.20648370263380417,-0.2749509156887976,0.01807826915235168,-0.2902469524475874,0.20216212306548684,0.9463086515328001,0.3443259346999851,1.0102538697640724,0.6376472480593744,nm
3.422091245651245,83.28338215337126,-72.4828542366068,-3.885082785864774,-0.19340457544434309,-0.193423023081672,0.018319905229623783,-0.25728372838809116,0.2609625068167538,0.9089333135039666,0.2741412310990122,0.980028629813773,0.6338793629196968,nm
3.4356627464294434,78.87349722878601,-70.71978702199486,4.683761566936623,-0.19019305795430738,-0.22653244789118335,0.07277940402973583,-0.2193507401543163,0.3158461880196544,0.8794739974068279,0.30460989953136086,0.9598687794732873,0.6338793629196968,nm
3.4371159076690674,76.52724814759111,-68.70481137476459,11.09653037490262,-0.18703130575655424,-0.24290541150155842,0.05977967333566716,-0.20342945125103426,0.38200320618588013,0.8447763849647589,0.31234173210421656,0.9491876167369208,0.6338793629196968,nm
3.455150604248047,74.47324527843378,-63.54579318127158,20.87095828554276,-0.09111701816589796,-0.1330649941404449,0.0659521408949775,-0.1908694206168416,0.494894683441808,0.7723109666784284,0.17423630090676334,0.936918413031436,0.6306766605509708,nm
3.4622299671173096,74.76999087953656,-60.83431701110513,24.30690258039719,-0.05379010142191977,-0.20610530045437359,0.0747064913893784,-0.1707735086818503,0.5193665808114855,0.7400381270608319,0.22572954999751205,0.9200878577804553,0.6306766605509708,nm
3.4880239963531494,75.30093832053146,-58.11983691327444,27.367649518098716,0.003657251740113393,-0.2512600791320106,0.0698192635494066,-0.17659913076396694,0.5208859195658636,0.7032977135681497,0.2608059286486722,0.892825328997084,0.6306766605509708,nm
3.4899401664733887,75.87809163037329,-55.432000659811564,30.274199161276513,0.06745149734345728,-0.28011533138112127,0.1597571557216725,-0.1928486641896441,0.5108625408741757,0.6768685302703401,0.3294490130094618,0.869667839015839,0.6306766605509708,nm
3.498004913330078,76.24088539076685,-52.74707963155267,33.1488945991504,0.11473610546853076,-0.3343065814054997,0.30104260054754417,-0.23580355365242084,0.48910505501971746,0.6320090046290329,0.46427568492604265,0.8332241311274727,0.6306766605509708,nm
3.5111443996429443,77.32905246772074,-47.455680940865435,37.81018768979839,-0.0899360119557703,0.17794126331054397,0.11000315084630155,-0.2110637537882764,0.4977861096226097,0.5312081197789944,0.22771094095623728,0.7579716258644155,0.6279543635375537,nm
3.5261502265930176,78.83470820961055,-44.89198859796048,39.182665141271265,-0.06377576754898599,-0.06912811340458083,0.13720264876277116,-0.1473642066338605,0.5422023825820433,0.4881438800362038,0.16634485689933198,0.7443010685813043,0.6279543635375537,nm
3.5444869995117188,80.35375392647705,-42.23816103992858,40.453222632012704,-0.06057702693061044,-0.22000846422190173,0.09584538042506002,-0.1628477557527957,0.5600404573059206,0.4592989216263641,0.24750684327883984,0.7423747064524004,0.6279543635375537,nm
3.5474584102630615,81.68926478052015,-39.43869301650729,41.87753066654758,-0.13780054478027903,-0.17882298295138077,-0.021845677305075972,-0.20920259462131569,0.56614545201041,0.45473778321075886,0.226812440113608,0.7556936217196736,0.6279543635375537,nm
3.5545804500579834,83.18362422068769,-36.33691465920338,43.24483012905589,-0.17393314352871686,-0.08784001552678623,-0.04135096020834336,-0.21852371417235641,0.5889413306238439,0.4514597946754411,0.1991946501683197,0.7735764026785311,0.6279543635375537,nm
3.5669283866882324,86.37056642067887,-30.47379037680136,45.94502067983029,0.028158049491340032,0.02910257600266309,0.02382836515098023,-0.2088913455725759,0.6167295749925121,0.4338448117287388,0.04698538780212402,0.7824399552614314,0.44526141101270933,nm
3.5905652046203613,88.06627659037176,-27.648743606057646,47.24453788545853,0.15590537552542225,-0.03250877491256004,0.1585814309274547,-0.20263889250927092,0.6157250238790369,0.4176701771273198,0.22474736216257912,0.7711213929400423,0.44526141101270933,nm
3.5971734523773193,89.51209678133306,-24.885127306905993,48.423431781374525,0.15420935629627472,0.07793697701638871,0.153194517653185,-0.23224742106739169,0.5752603816892985,0.35629177122542793,0.23091829333068553,0.7154070153253492,0.44526141101270933,nm
3.598904609680176,90.8828324564443,-22.18626832960451,49.43966198652895,-0.033315080568488045,0.26859290965198573,0.04279591398792742,-0.23915961803741742,0.5560266956885149,0.3048187438514739,0.27401375141161566,0.6777001370969924,0.44526141101270933,nm
3.6066391468048096,92.67447573207072,-19.588450757663193,50.23069037111739,-0.032481377365945974,0.08121567559407514,0.059088042076987486,-0.1960007351815133,0.5958345223847692,0.2782237336511614,0.10555767406627944,0.686180378780953,0.44526141101270933,nm
3.632201910018921,96.11701436332653,-14.160523706120301,51.681630415943204,-0.12449726297841229,-0.06769910735931219,-0.02672064902827886,-0.21605122963697598,0.6059210171248121,0.23208529045036697,0.14421071635234353,0.6838727914346697,0.2899724013665916,nm
3.646942138671875,99.43630231790685,-8.566797286605036,53.467721120895995,-0.08696090002170691,-0.00917522716529773,0.0019174972229570992,-0.2659647245190772,0.5999657826336195,0.2289904759292747,0.08746461982836357,0.6950775590435905,0.2899724013665916,nm
3.6623575687408447,102.83621734259208,-3.1262482022914204,55.27635945641994,0.1996004218427575,0.08205556344223132,-0.016877367483324694,-0.2525375131048709,0.6297617757631373,0.19507385757195736,0.21646775608574126,0.7059949714024436,-0.2,nm
3.6736087799072266,104.27647386418258,-0.3535942067222553,56.03162756445777,0.07951928274301696,0.1791716459896566,-0.13305854664029196,-0.29834461461837314,0.5610201284333124,0.14993161612502537,0.23691849207825347,0.6528649041669937,-0.2,nm
3.681948661804199,105.52636626851655,2.37415432098677,56.58078154866893,0.03507031049409245,0.16206330865456858,-0.22251202173621884,-0.3187564182786481,0.5206926663190089,0.09537124894497383,0.2774996261391311,0.6179176175490997,-0.2,nm
3.689061403274536,106.61362303881667,5.05166869279192,57.014553025121266,0.049086648621434414,0.006813257160934753,-0.2727874615785255,-0.33326195142345966,0.48454796690841107,0.06246397192877265,0.2772524458692488,0.5913983499222546,-0.2,nm
3.699369192123413,107.39582457654822,7.704932377774216,57.451010684032326,-0.021219575376225177,-0.11789844428377463,-0.346610879553593,-0.3665554959140013,0.4272622040920131,0.05955802978323407,0.3667279855268711,0.5660945870982914,-0.2,nm
3.710843324661255,107.83167159827059,10.383542212607917,57.9185417377005,-0.07683495963708567,-0.17906748377437043,-0.435656652413439,-0.41166502139562144,0.3679929408365317,0.06928624239082401,0.47724783243069946,0.5564957122303967,-0.2,nm
3.7190804481506348,107.86199071055647,13.122263147227201,58.43521874993567,-0.053983985018400106,-0.20937314402505777,-0.5032721655453171,-0.46762452588264436,0.30217846489806777,0.09139465499949959,0.547753828548991,0.5642140593937714,-0.2,nm
3.7304351329803467,107.30774253106392,15.944511645004296,58.97576811055513,-0.011264789195859336,-0.21704569532479576,-0.5477390777011183,-0.5437821678064438,0.2091285810202228,0.12498407878569126,0.5892824675616295,0.5958647744024773,-0.2,nm
3.7415401935577393,106.06521494782841,18.85658176273837,59.43136660456941,-0.08970652352986005,-0.18138476878880963,-0.5908646444095128,-0.627694877000348,0.10129283193737314,0.15418872495362324,0.6245548196320025,0.6542440365163438,-0.2,nm
3.7582204341888428,101.89919535008848,24.773240816946284,59.87061983233415,-0.002905412817215893,-0.25800424475514233,-0.48668602343334705,-0.7376127915246595,-0.07544428305253444,0.20573625791408698,0.5508519920456622,0.7694750664489419,-0.25849979799421136,nm
3.7857582569122314,98.97396502995397,27.711250628056316,59.862481463210024,-0.07597260514804309,-0.25650241334987056,-0.4050997526935374,-0.7777678097680747,-0.15500094087943575,0.24480925684226895,0.4854597145177481,0.8299877287168783,-0.25849979799421136,nm
3.7919557094573975,95.6581012209746,30.629836091254607,59.699581696132356,-0.02489254447177437,-0.3080931084183407,-0.23869792314368163,-0.801840661731981,-0.2038351416532685,0.2781137909926969,0.3905351466107265,0.8728370366339404,-0.25849979799421136,nm
3.7932369709014893,91.92384287626037,33.56441625583645,59.409147561044534,-0.05535100433811214,-0.287674136945502,-0.07093600268781315,-0.8323709985839061,-0.24646600720214115,0.3259916810445744,0.30141675339287727,0.9272850414516576,-0.25849979799421136,nm
3.8023953437805176,87.78963221799702,36.55915723264174,58.956541022083606,-0.05869490064899393,-0.2579618349681581,0.11658526526303281,-0.8666041908824857,-0.27403955437570315,0.37155357968580194,0.2891046933876831,0.9819127067081144,-0.25849979799421136,nm
3.820286750793457,78.35487124830928,42.7821290305821,57.30914225861116,-0.1215875960760767,-0.08785794337893942,0.29401181564715634,-0.9269655550556378,-0.28593721333614985,0.4374896457967908,0.33006894654673824,1.064153381994086,-0.308224626289291,nm
3.8382561206817627,73.23514282462037,45.95776700240388,56.10164014941041,-0.11176814202140897,-0.0032869844023383243,0.347127358559654,-0.9369549877007536,-0.26664259087626563,0.46178733432232394,0.3646920960179719,1.0780679303212042,-0.308224626289291,nm
3.840165376663208,67.81416136678199,49.091707282104956,54.53322056605122,-0.18718659893254208,0.08800695182573734,0.30494823693051715,-0.9357911164261751,-0.25009988388733073,0.4735126067080829,0.3684799500605438,1.0781786281568035,-0.308224626289291,nm
3.8458359241485596,62.14272721443134,52.11350199920323,52.53742236980271,-0.1290199512130779,0.14586226821637016,0.32319030543010724,-0.9171619741879045,-0.2256720756562979,0.46525162515222734,0.3773246912464851,1.0528879557360624,-0.308224626289291,nm
3.8708629608154297,49.60932349950606,57.71266914537172,46.985074602494024,-0.2635961764533558,0.17394838658984715,0.21679823239969287,-0.883730753948084,-0.18382303422607074,0.4516829524926907,0.38306978347250364,1.0093505055025447,-0.3504907303401087,nm
3.8783175945281982,42.74534411708439,60.30791390418735,43.309375986904435,-0.18851698208966547,0.17953686831729954,0.223950731049508,-0.8680744879516774,-0.14399981593526484,0.4311669126539172,0.34340365396860245,0.9798949791633121,-0.3504907303401087,nm
3.8845303058624268,35.13898321134394,62.73977969054069,38.778974176119334,-0.19797007545254997,0.1320513023059762,0.23616945900785213,-0.8674284738860666,-0.11939788614908782,0.4213281273144229,0.3352696087978363,0.9717023224174467,-0.3504907303401087,nm
3.8906447887420654,26.501771746037132,64.80937083772133,33.00102172035974,-0.2897610281952341,0.0788573190886715,0.19561624403093575,-0.861485651788309,-0.12298978041613391,0.3849953214956678,0.3583931432985045,0.9515804810406154,-0.3504907303401087,nm
3.926668405532837,6.642870976945244,67.8258648202263,18.047984465947103,-0.031544430478115074,0.32090596208527783,0.19397497888889417,-0.8455425960124257,-0.06284036635233578,0.3036293895564873,0.376300385371864,0.9006009102355899,-0.38641691878330375,nm
3.9303438663482666,-16.462955084823164,68.71925339603489,-0.024898814058736545,-0.26007761863424406,-0.06485727452477598,0.06188262172976901,-0.8327713104622108,-0.06804425507711442,0.3084821698175654,0.2750932435473309,0.8906735233929998,-0.38641691878330375,nm
3.9397244453430176,-27.209181125056443,68.11132018062126,-8.678338150186306,-0.035887428078009764,0.19868920081463817,0.10784434889144888,-0.7961328081775332,-0.07385952983229602,0.2630380083703372,0.22890109130852673,0.8417075930815441,-0.38641691878330375,nm
3.961318254470825,-46.98933449094011,65.58169698154761,-23.866198370487584,-0.2187865601789698,-0.021277413964302085,0.053828312272651425,-0.8066901133164504,-0.027035593971834783,0.2831185578796604,0.22631344295484598,0.8553572236672676,-0.4169541789600195,nm
3.9742209911346436,-55.24205517653826,63.719270684987265,-30.039522092968134,-0.07722243046095058,0.1893694810772268,0.040812203738782346,-0.7964240169383673,-0.0248987194462005,0.2548569324105129,0.2085419384770612,0.8365782790534321,-0.4169541789600195,nm
3.981004476547241,-62.67806401675636,61.48099635181202,-35.228212603901135,-0.21162536901754944,0.06103185462145255,0.017446966946422674,-0.815204254742916,-0.02122604684131796,0.28150365907769775,0.22094021984685736,0.8627008937572718,-0.4169541789600195,nm
4.008139371871948,-74.17475074728036,56.152775990743784,-42.722421814749275,-0.17928937112185422,0.14655551617744883,0.017805880194162474,-0.7852320217294915,-0.06207565290984466,0.2161516836707152,0.23225039782268903,0.8168012395847922,-0.4429108501102279,nm
4.0199055671691895,-78.93639271550377,53.24778926987613,-45.55800320341633,-0.23584352611605344,0.06603330970528637,0.022150236568937737,-0.7965142877281002,-0.04724307651730541,0.21163772318908397,0.24591299229920277,0.8255043577780083,-0.4429108501102279,nm
4.021711111068726,-83.07897569679878,50.259768559671116,-47.90315969138752,-0.27233229543658277,0.0317797927291299,0.03790756379457293,-0.7835201204760329,-0.04960863717785954,0.18403696025942562,0.276788398883523,0.8063711297008042,-0.4429108501102279,nm
4.023208141326904,-86.58781562602545,47.22735916649807,-49.7335007528454,-0.20142863650952522,0.07422997533121144,-0.01042812902877495,-0.7578685027347273,-0.06435380609690414,0.16471502685163145,0.21492401149894694,0.7782269076993348,-0.4429108501102279,nm
4.049483060836792,-92.74164046069102,41.17034061534475,-52.60890718426721,-0.05320459265650518,0.05558930855189115,-0.1693324262131346,-0.7433862851910312,-0.03943496960440021,0.1358996671814386,0.18599561949747279,0.7567344351738243,-0.46497402058790505,nm
4.063779592514038,-98.25205168870482,35.06174556505719,-54.566672099440744,-0.27550555355675116,-0.1708503997253547,-0.08458646644107264,-0.7368528442872265,-0.03402062173420886,0.15996915868218164,0.3350343854470942,0.7547845047209454,-0.46497402058790505,nm
4.071533203125,-100.16096656694697,31.979118663291302,-54.92257546716338,-0.286874729692261,-0.1035577396501913,-0.05989906682639797,-0.6832381081960609,-0.10757125724707409,0.14682203111026604,0.3108202280806993,0.7070661897562295,-0.46497402058790505,nm
4.082199811935425,-101.8244327803848,29.06932708737852,-55.154724690026505,-0.14158706643881183,0.1344078982459134,-0.10905496232133292,-0.665942633232987,-0.14897141321433455,0.13132515302218123,0.22361879460488035,0.6949232824770372,-0.46497402058790505,nm
4.116479158401489,-105.53056455098985,22.923547790361056,-55.74922980626806,-0.208018547257131,0.014116222486949688,-0.012074419970854375,-0.7197936815739422,-0.11745811166598803,0.10557334376351936,0.20884629601192567,0.7369159266451768,-0.4837277154939306,nm
4.122791051864624,-107.40165015437499,19.717532429215208,-56.026974078907486,-0.1850704750878387,-0.0640075735537746,0.009471334215403165,-0.7082835097082234,-0.1205655014804057,0.09159088845129323,0.1960554931474761,0.7242861734971323,-0.4837277154939306,nm
4.124114036560059,-109.04509104736167,16.54514085379126,-56.17298640159392,-0.1338478235300059,-0.09413120382062738,0.012406077058695945,-0.6759652725417448,-0.1323156941753968,0.08438934464276628,0.16410312045913814,0.6939438407369778,-0.4837277154939306,nm
4.1324143409729,-110.34965845029049,13.489882254443566,-56.150939234822495,-0.07145976149056672,-0.09988480544711124,-0.03248527576496559,-0.6438658676941854,-0.13918218298592822,0.0828650570421352,0.12703843911596918,0.6639288767036052,-0.4837277154939306,nm
4.143310785293579,-111.66484870236445,10.489337987565445,-56.09770045678924,-0.0035981720391720998,-0.06315518196391344,-0.10716523085707534,-0.6377103190130227,-0.12845718414046103,0.0766146069835147,0.12444239854474339,0.6550156464819951,-0.4837277154939306,nm
4.160721778869629,-114.54064719037896,4.448374571618035,-55.739429707836145,-0.19245410434844704,-0.07207620850826245,-0.019372052828159025,-0.6585381689228337,-0.10950087113913702,0.09450346388418758,0.20641908473846707,0.6742357639539588,-0.49966835616405236,nm
4.17086386680603,-115.84816032244858,1.369732709263815,-55.33076989560555,-0.21371392415589172,-0.06163461080707357,-0.01392061839804846,-0.651736375566457,-0.1385648327608884,0.10757990924052242,0.2228592610685806,0.6749325543984035,-0.49966835616405236,nm
4.19486141204834,-117.24110709138883,-1.6943992964225851,-54.8972867143503,-0.19989442357000817,-0.036752894756078576,0.0044107756807076045,-0.6502370808471148,-0.17026347162434938,0.10010885422074496,0.20329291868986177,0.6795731702852486,-0.49966835616405236,nm
4.198469638824463,-119.62366145674996,-7.973873579149517,-54.06402410299356,0.014410952027632542,-0.0017592036501819436,-0.07054671518792305,-0.6458943126646417,-0.18389399157584718,0.07000196949243123,0.07202506063608327,0.6752012581468188,-0.49966835616405236,nm
4.2317891120910645,-122.4970964902948,-13.980992053170572,-53.169511889627536,0.0009472511043361495,-0.07801178893974917,0.002284278184697294,-0.6454576636339796,-0.11444718459133127,0.040747842912767264,0.07805097324863874,0.6567907888412879,-0.5132179007336558,nm
4.2332494258880615,-124.1042006370425,-16.80228688505535,-52.66058576500264,-0.04976117311030243,-0.09524432093399349,0.030064913837531956,-0.634109467693976,-0.09379841878411305,0.03027946697489695,0.11158653173008495,0.641724089080207,-0.5132179007336558,nm
4.239050626754761,-125.74376185928698,-19.570815231905975,-52.11953530217148,-0.08136693603316597,-0.05765052245213303,0.012538120538909825,-0.6259698809649018,-0.09112857206773087,0.01970130563917637,0.10050554952378225,0.6328750666333801,-0.5132179007336558,nm
4.241970777511597,-127.43466364497347,-22.360645203610794,-51.53950333682938,-0.04844854710420223,-0.008068998169596513,-0.07047261526746201,-0.6311496293832429,-0.09579709232761434,0.008828247578392043,0.08589970867590166,0.6384394063059827,-0.5132179007336558,nm
4.2709784507751465,-131.37315990173522,-27.974211927084603,-49.98791673974257,-0.0790703532140816,0.02993254521831581,-0.09229178513786512,-0.6711210446551945,-0.08179576039558922,0.00028725230498947697,0.12516329983098085,0.6760873357131155,-0.5247350136178188,nm
4.279834985733032,-133.5357465669117,-30.83580543089409,-49.070305647087736,-0.008440944593082375,0.014368467148398088,-0.07904449108715852,-0.6810573967263409,-0.08367232653389674,-0.015303959994737283,0.08078201510884687,0.6863486337531212,-0.5247350136178188,nm
4.281457424163818,-135.80942238489436,-33.72356237390058,-48.177700454454914,0.09933762006920552,-0.02256851317229558,-0.12443082419511822,-0.685244406975972,-0.08928964039371459,-0.05108206113009115,0.1608114752052798,0.6929227331692825,-0.5247350136178188,nm
4.292759418487549,-138.32653555476338,-36.549353891708414,-47.29646573499591,0.05314265759017544,-0.011166461413163414,-0.059689525629690106,-0.6929028920229368,-0.0706221915340466,-0.10054037503756164,0.08069492788357724,0.7037117866879271,-0.5247350136178188,nm
4.3173987865448,-143.9851989700622,-41.79920167223876,-45.330885058607294,0.06077402165938585,0.0007166144965113356,-0.11114028809615811,-0.6761219832886035,-0.027964464141351363,-0.16324133112928446,0.12667343400685535,0.6961111116263612,-0.5345245595693573,nm
4.336707592010498,-150.55403068032336,-46.86944010218699,-43.005784409144994,0.06161967516669557,0.005789104588646815,-0.21134755545888897,-0.6940267362787566,-0.037463462614368066,-0.23180894370053656,0.22022326693161992,0.7326745580954476,-0.5345245595693573,nm
4.343577861785889,-154.24176544549107,-49.493132139404985,-41.63246217241065,0.06238169748284065,-0.011854900994584791,-0.28469867243912067,-0.7142375537267541,-0.048589499897067207,-0.2642051729583741,0.2916939302540075,0.7630862310851831,-0.5345245595693573,nm
4.3616790771484375,-162.9933379643436,-54.637061693602256,-37.97504547937049,0.10386390427915669,-0.039127459214316575,-0.23322548663808054,-0.7443869602697047,-0.042352959900989764,-0.33266491037335066,0.25828820393941204,0.8164384008764257,-0.542845673628165,nm
4.375661373138428,-167.93789508407417,-57.22699961293753,-35.79865638784657,0.1362946512644911,-0.04463359940274697,-0.1639926623754224,-0.7505612883936499,-0.07166131883699767,-0.37504899638989075,0.21785771382242453,0.8421041158584001,-0.542845673628165,nm
4.38192081451416,-173.19371524179786,-59.84472712736414,-33.44346485319712,0.17834262880420254,-0.13855680575053234,-0.13081977826847865,-0.7452176744870418,-0.10852112610313189,-0.4173977730198572,0.26099405367708717,0.86101516717216,-0.542845673628165,nm
4.391003608703613,-178.9507506799752,-62.39985566807098,-30.831526718818036,0.20124369427628996,-0.1868066017406462,-0.09356880299108425,-0.7385473696082969,-0.12590828863856787,-0.4783981651094344,0.2900876623247559,0.8889150233196089,-0.542845673628165,nm
4.396954774856567,174.7396846559928,-64.83927796214533,-27.86901033078603,0.13899467673233876,-0.08931850365933801,-0.00682427784927995,-0.7232350188101143,-0.13906880890437273,-0.5312633609332605,0.16535986823904614,0.9081022985949606,-0.542845673628165,nm
4.403570175170898,167.9192060984656,-67.18076375297186,-24.40630505330727,0.1644659263095029,-0.22548000361801315,-0.0425374946508043,-0.6990627416416175,-0.16446515148371815,-0.5476420899635318,0.2823113731318476,0.9031330807271332,-0.542845673628165,nm
4.414290904998779,160.0939243488088,-69.43934290528206,-20.130277890223194,0.16857874990420862,-0.2729960472447776,-0.030048721246942252,-0.7007267984263623,-0.18692424908811592,-0.5936974893891294,0.3222554303330124,0.9372488622756344,-0.542845673628165,nm
4.437961578369141,140.24717825010194,-73.53355159134789,-7.6793803273128685,0.14800439365392243,-0.2994702624849638,-0.010205206733055574,-0.6960695139751548,-0.24546526027545618,-0.6363180419134655,0.3342033585979392,0.9745083954242224,-0.5499186205781517,nm
4.444545030593872,127.63932502960793,-75.1378079767766,1.0293851386846296,0.13837041421398902,-0.3049236904502763,0.05279068955826715,-0.6904115578526135,-0.268122001409342,-0.6829788118234266,0.33898626142014093,1.0074808108624023,-0.5499186205781517,nm
4.46413254737854,113.03167350429658,-76.34373695327062,11.637996373764548,0.14238477346383502,-0.2148256947145186,0.13497494588145137,-0.6799471384785895,-0.30638691906529086,-0.7072439449683028,0.2909325331406302,1.0278108060308915,-0.5499186205781517,nm
4.484381437301636,96.54070351913198,-77.06816272383824,24.143638641226243,0.11620149402224753,-0.3766536613045817,0.1979456976672729,-0.6677277003292801,-0.3584828469142676,-0.7066237197768567,0.44108192777774563,1.0361888412205897,-0.5499186205781517,nm
4.4867870807647705,79.00825447216342,-77.17018144946533,37.46675422542201,0.06743611709518318,-0.20938807548305294,0.2447942209849523,-0.6503908361280513,-0.40640834426101563,-0.7518873736000813,0.32911275677342194,1.0740161100204941,-0.5499186205781517,nm
4.488060474395752,61.94099536049563,-76.64444322486614,50.365498455072135,0.06223397126592271,-0.2494792815429314,0.3497983766161114,-0.6183993355699664,-0.4502667855739522,-0.7432627536819726,0.4341334856722893,1.0665821287811754,-0.5499186205781517,nm
4.4908366203308105,46.000332694744756,-75.46501676816787,62.13595749448036,-0.0343157791054986,-0.26703986306531785,0.4101572727356055,-0.6105015170972133,-0.49835205546980527,-0.7383629400977659,0.49062903454592954,1.0799290277045042,-0.5499186205781517,nm
4.500359773635864,32.10315739459035,-73.75132041436225,71.76088845816918,-0.06743435229260103,-0.11998475848148628,0.37265458683066593,-0.5914917359414436,-0.5358139047248731,-0.7529129190743832,0.3972595816628185,1.0971950044967607,-0.5499186205781517,nm
4.508218765258789,20.54559580749029,-71.69986405005011,79.1626241787339,-0.0962670651483204,-0.17840295273950188,0.4566170662264339,-0.5569686821007988,-0.5532026752878967,-0.724750966980841,0.49959394166430743,1.0684153110688983,-0.5499186205781517,nm
4.523965120315552,10.772146619688595,-69.29274049784635,84.86230265774587,-0.1702703062229652,-0.11834754864995328,0.5118810600705147,-0.5550729234376724,-0.5717215733075398,-0.7001748643665672,0.5522864647188352,1.0607621544953578,-0.5499186205781517,nm
4.53095006942749,2.429299801325711,-66.61949384509272,89.16087721624555,-0.19189715762440251,-0.0021376055031639037,0.4312366061440476,-0.55432613868496,-0.5904287531531559,-0.6841460054643159,0.47201069790868977,1.0601600527147528,-0.5499186205781517,nm
4.553071975708008,-11.025479241393805,-61.32500391455739,95.04692444586475,-0.23457782353826429,0.0892773311155729,0.36594854299153756,-0.4748693378851712,-0.6058349135182038,-0.590711999451154,0.4437516571965652,0.9702976330985718,-0.5130948905561797,nm
4.568767070770264,-16.81802585443767,-58.64142750371723,97.21866771444178,-0.15690810360627302,0.1925385350752928,0.17998745853220896,-0.45975241776733206,-0.6279298368579935,-0.5647109823343442,0.3067355957419033,0.9615438935526729,-0.5130948905561797,nm
4.580162763595581,-22.069568940752145,-55.95350344730421,99.12224310579946,-0.16682654557355245,0.11311445667536246,0.09813571291506772,-0.4396133347754311,-0.6328076288078512,-0.49851338954364904,0.22417982684959772,0.9177259823847685,-0.5130948905561797,nm
4.5913403034210205,-31.17603522911049,-50.208541321965924,102.13060357896512,-0.15970138082665997,0.09852053255966262,0.11916832250538269,-0.4666632207080396,-0.6368541941186541,-0.401258016193707,0.22228791119295785,0.8856442974963651,-0.4817947200375036,nm
4.6059792041778564,-34.8706601058186,-47.05819539343203,103.2042346484919,-0.25441912439059977,0.09858988906745765,0.19118665543696847,-0.4964497002348843,-0.6098614795424954,-0.33376261011912167,0.3331687174678727,0.8542779459909969,-0.4817947200375036,nm
4.612648010253906,-38.1505622508965,-43.887153912013034,104.09549592467187,-0.10912210113679807,0.3193541550462518,0.12336760335928205,-0.49681526309138907,-0.5919047414304075,-0.2829057482339295,0.35932474846638124,0.8229290922990651,-0.4817947200375036,nm
4.621927738189697,-40.976682570577694,-40.80841912635258,104.90178277665886,-0.13677098121779602,0.333014769005453,0.08446398412987745,-0.48090913084026937,-0.553698304628161,-0.2125833750439297,0.3697827771734727,0.763575206524355,-0.4817947200375036,nm
4.637767314910889,-46.17339255715263,-35.23400791176247,106.4046858505779,-0.021611103124144427,0.1981948847397991,-0.09993126982630884,-0.39320625676886806,-0.5378173724175223,-0.15099394662749652,0.223012355721299,0.6831236040091281,-0.45518957509662894,nm
4.651228666305542,-48.41828110190857,-32.623502151974364,107.01065598829919,-0.04775155972839746,0.07977545257901741,-0.14100035625432564,-0.3831230802495943,-0.5015574474039517,-0.12149321653952685,0.16889474460304713,0.6427314908509036,-0.45518957509662894,nm
4.658320426940918,-50.457774193684074,-29.97173178762667,107.4380951512571,-0.1128148390404517,-0.06986055011241421,-0.1439891073947404,-0.3938312748046837,-0.4844183011240471,-0.11826039242620005,0.1958074243180433,0.6354130026171869,-0.45518957509662894,nm
4.662811279296875,-52.376926339785925,-27.19371031967474,107.72717665595651,0.017433047373563514,0.006769407609823013,-0.11750782634039955,-0.4186236523543809,-0.48340234536569426,-0.11747630892854737,0.11898666005633715,0.6501724947850771,-0.45518957509662894,nm
4.684110641479492,-55.18715407282216,-21.0440048140613,108.20474514460639,-0.058344552531127976,0.178366269330733,-0.027499047493837855,-0.522661090068214,-0.4088125192057084,-0.037250121997381085,0.18967026772293408,0.6645975191944604,-0.4325752018968854,nm
4.69278359413147,-56.2336668539177,-17.79542193439767,108.5642134722693,-0.01010550842083479,0.2736020799594709,-0.09037182871908446,-0.5461332697340389,-0.38532900313167984,0.010865386029958827,0.2883180308004059,0.6684744165474297,-0.4325752018968854,nm
4.70025372505188,-57.16782829551291,-14.604235743508953,109.05038848103065,-0.006215039866919884,0.23539862845260837,-0.14887860624979532,-0.5384608948014259,-0.36822740850304303,0.05363596329157316,0.27859644720778143,0.6545291255256974,-0.4325752018968854,nm
4.710259437561035,-58.074316076558944,-11.585733782599618,109.59460065188713,0.0061323103052306075,0.10833971004796158,-0.17811349183558012,-0.5036912671091215,-0.3585870551016675,0.07622564338684995,0.20856537099149344,0.6229766587587515,-0.4325752018968854,nm
4.726941823959351,-58.925728251393714,-8.78497406349806,110.08600833619111,0.034296365490456615,-0.03160465633892741,-0.16933861130752348,-0.4627087146441602,-0.3395464936116986,0.07653154709914005,0.17564356027966754,0.5790062638979289,-0.4325752018968854,nm
4.7412450313568115,-60.182406917431706,-3.597023753323951,110.61055504458191,0.06815161587403244,-0.13159181049509452,-0.12911198535900345,-0.4337424753490312,-0.27263649947177104,0.03577165072156715,0.19654758227707117,0.5135589613291465,-0.41335298467710346,nm
4.754818439483643,-60.66101742679681,-0.9944770586370366,110.71865603872003,0.050217887478865415,-0.04777507483312125,-0.08744981979165915,-0.4466357359512881,-0.26386521019676823,0.025612855728570732,0.11158747680516835,0.5193884366825141,-0.41335298467710346,nm
4.761667251586914,-61.04915719416226,1.771153082394064,110.86017484401805,0.06040012252985793,0.07050421157837515,-0.04650443668923594,-0.483173935478076,-0.2592315744982986,0.0364131919572119,0.10383487508392011,0.5495306922190532,-0.41335298467710346,nm
4.76491117477417,-61.2304520448818,4.737273152227623,111.16768247362705,0.04269231274541282,0.12773073039713317,-0.055938834691421274,-0.534676463775954,-0.23644207318118543,0.07083960410808977,0.1458318424829482,0.5888989933735386,-0.41335298467710346,nm
4.798254489898682,-61.165633785908064,10.965072328109548,112.41455524351103,0.05636877670817777,0.041252104225616495,-0.14955237329719015,-0.5800020553774451,-0.20885707380300841,0.14563149027607938,0.1650608598349095,0.6334289166746715,-0.3970141000402888,nm
4.810803174972534,-61.12778221803287,13.996050799600054,113.15188250743562,0.0764780567598577,-0.059440777136268476,-0.1776754953967944,-0.5564447026152742,-0.21662248522331132,0.15190168307175553,0.20236274562484038,0.6161413226630371,-0.3970141000402888,nm
4.812255859375,-61.180965553900286,16.843776536616446,113.79431041906011,0.0839873616087584,-0.11784871569638782,-0.1679323454252192,-0.5132169383153143,-0.2246386399277737,0.13696603569405377,0.22168326355704782,0.5767268324398388,-0.3970141000402888,nm
4.813571453094482,-61.26191379513176,19.480080295405546,114.31517586514539,0.0648757529934615,-0.12308162510728021,-0.14435171513528974,-0.4702630410203998,-0.21705399545055531,0.11446902050004945,0.20048782364028378,0.530436538470951,-0.3970141000402888,nm
4.839112758636475,-61.09641555823278,24.342689658424476,115.3840376073945,0.09719280798231412,-0.011607673932429056,-0.11527470168655665,-0.44438380899980273,-0.1587803959731221,0.10690452499603632,0.15122644235229898,0.48385613699857394,-0.3831260480989963,nm
4.852171897888184,-60.71300269251679,26.799849661465387,116.16673311555503,0.02827849815948888,0.014964953342251373,-0.1235561964102679,-0.4682445823811685,-0.138717354302711,0.12744114546903157,0.12763133219576092,0.5047145122467924,-0.3831260480989963,nm
4.853560447692871,-60.28118231686175,29.430617699019443,117.13454884102647,0.09721492233423627,0.05682626362454747,-0.13880851567644237,-0.5003125568221081,-0.1550279209189349,0.15638666083893996,0.17873938957676705,0.5466288489154925,-0.3831260480989963,nm
4.886718034744263,-59.08128985925804,35.1752248784915,119.6348530514704,0.062234607005849964,0.0032477805145370584,-0.1891526831683559,-0.5589858499560816,-0.17733940800160855,0.20053228401110199,0.19915429178712576,0.6197803183485203,-0.3713212039488977,nm
4.893358945846558,-58.35908849094868,38.07684340550014,121.13124081087905,0.1336943015624923,0.03274423952151921,-0.21248845511892445,-0.5560123291902443,-0.18004931028140642,0.21491377882157672,0.2531752259818334,0.6227000856525879,-0.3713212039488977,nm
4.894931316375732,-57.34433569192507,40.80661072639332,122.81774015551443,0.053652362633745634,-0.04790247949157381,-0.1599394770715699,-0.5431275500577633,-0.142507402667361,0.2095623586218695,0.17536778462291994,0.5993432051820614,-0.3713212039488977,nm
4.901662826538086,-56.052592954462966,43.212862218422934,124.78577908629786,0.1308785952795043,-0.08085697080026401,-0.1117323365759256,-0.5039280082964263,-0.09441533307273078,0.22133671156862766,0.1901346140660531,0.5584331943508118,-0.3713212039488977,nm
4.937998294830322,-51.04479472461631,49.19437188260328,131.8862712277181,0.03092608984420209,-0.08037442956630755,0.035233494392618164,-0.4468069473099387,-0.070849046330653,0.23647631379953096,0.0930476817995787,0.5104675136760454,-0.3612870864213139,nm
4.939323902130127,-49.21188765913723,51.3490499209592,134.5793888016781,0.04619950576101962,-0.022576988487982244,-0.03879441726681989,-0.46970877255824856,-0.101752978003872,0.2550061733425909,0.06441367520038817,0.5440663084529903,-0.3612870864213139,nm
4.957671880722046,-44.00847026484959,55.55595240774149,141.9592889188776,-0.040220158605637525,0.03518347491389763,-0.21572365869602453,-0.5211844423121892,-0.08348224065525561,0.33929260957493274,0.22224363879868053,0.6274726944857899,-0.35275808652286766,nm
4.977691650390625,-40.549909215020584,57.39964111521311,146.7168926748382,-0.11169789891901284,-0.027479554603741487,-0.25624755272225164,-0.5248352027001473,-0.06304017067722728,0.37154447326492357,0.280881389238029,0.646120227764174,-0.35275808652286766,nm
4.97956109046936,-36.86428222987607,58.97048005376169,151.87717357774534,-0.08621892598662327,-0.0633137251880626,-0.27884054941515835,-0.49446338346183893,-0.05801115919887368,0.40183046271664513,0.2986542867491168,0.6397867245756196,-0.35275808652286766,nm
4.986990928649902,-33.06823613912757,60.152870766413784,157.26727594777918,-0.07859960148444907,-0.07901665934773987,-0.20820508140883343,-0.4492806220995348,-0.03487391372700426,0.41912655382060837,0.2361586029185681,0.6154155794016941,-0.35275808652286766,nm
4.997390031814575,-29.122446755257783,60.789149074441525,162.84084050959126,-0.08224080109811573,-0.14054575666984911,-0.10620004259575351,-0.4098867561418561,0.026450868318538705,0.42330427589728004,0.19440964001432678,0.5898248140661926,-0.35275808652286766,nm
5.003434181213379,-25.24412112961523,60.87983188688062,168.46063184514742,-0.07612922990331245,-0.1591355731251152,-0.046368729603503495,-0.3721015316995899,0.08931641418856144,0.4415010058440944,0.1824002449685118,0.5842603100485525,-0.35275808652286766,nm
5.028489828109741,-17.729713673177127,60.22930936015448,179.75413813039916,-0.03173601112845898,-0.11898184093643334,0.04754123921183582,-0.3526442955222597,0.11150946210061044,0.47581759263924567,0.13200008447256917,0.602656403572853,-0.34550843660918834,nm
5.039850473403931,-13.748761476797634,59.54246852308461,-174.26632268071705,-0.06826469047695055,-0.16284418558678712,0.04950888570066339,-0.37484337131198003,0.11837123677159202,0.5009315439388324,0.18338327761456108,0.6367509045335622,-0.34550843660918834,nm
5.042846202850342,-9.80788870298429,58.541949657746656,-168.17536293594299,-0.07436458157894986,-0.18954904178165197,0.06829355665783965,-0.39455796348138084,0.13076429503619938,0.5356829401156485,0.21476252027467987,0.6780350283973788,-0.34550843660918834,nm
5.075269937515259,-2.9271603819568477,55.67706237690746,-156.6613834488884,-0.047123267108436805,-0.2168327226584935,-0.07509949956478741,-0.3928093516723293,0.17520297058023587,0.5711859044421256,0.2342583333701274,0.7150165068687182,-0.33934623418256094,nm
5.082152843475342,-0.4567009413612975,53.765932971856735,-151.81889523690998,-0.06271146197439226,-0.23789861642942012,-0.08853111826108144,-0.3720312826867989,0.21716781117434353,0.5571113959084941,0.2614693826484386,0.7042316671088791,-0.33934623418256094,nm
5.085459470748901,1.2786512714818477,51.49369362557935,-147.7634740602761,-0.06388372556618067,-0.2818965336420741,-0.08653444807776765,-0.35054356755141614,0.2832543487618974,0.5266907844792508,0.3017200635949754,0.6931933361621196,-0.33934623418256094,nm
5.091951847076416,2.11864088956353,48.88440649407723,-144.5483298329416,-0.08537523153527177,-0.2750255908791963,-0.09563064113202606,-0.32137750482424376,0.3642504629886436,0.505131007722535,0.30343570212068766,0.7007989978283943,-0.33934623418256094,nm
5.098564624786377,2.2727414241300097,46.02466251026529,-142.00000904274913,-0.14517324179032753,-0.276461420932812,-0.028958478527993346,-0.3047897264104061,0.4241990988821889,0.4781389729989122,0.31359971440477846,0.708137366842229,-0.33934623418256094,nm
5.109333038330078,1.9358820405843675,43.266991999755874,-139.93062432050917,-0.1338265604137707,-0.3171763279719299,0.14629914456086493,-0.31870891999566503,0.4671654276796647,0.4531949132090878,0.3740505460458235,0.7247099708590464,-0.33934623418256094,nm
5.128419876098633,0.4757943168699691,37.05041441626698,-136.10860570488876,0.03666106709437289,-0.17047807499357434,0.12156202436032419,-0.3447775386716587,0.5628499323013152,0.47759230615535064,0.2125655984880736,0.8147183613757999,-0.3341083621199276,nm
5.1368677616119385,-0.13891305094181725,34.05058876444105,-134.10095651309268,0.11838402739736255,-0.09337117068213531,0.06980164969912007,-0.34447562786072083,0.5271818931549229,0.46483190420429726,0.16614819817888668,0.7827214739782213,-0.3341083621199276,nm
5.148638010025024,-0.8985224596982754,31.13387955472337,-132.27104467274165,0.11852269712761467,-0.26146065416809416,0.3869957536172012,-0.34890903040119964,0.4986412258261516,0.4406946407112897,0.4818454282549099,0.7513936052034015,-0.3341083621199276,nm
5.158516883850098,-1.896893682371711,28.090869674468177,-130.6313094426299,0.10179019264013875,-0.297462017497769,0.526362986174353,-0.35294276468732716,0.5385001139778467,0.4198275004945166,0.6131091977665493,0.7686391208302901,-0.3341083621199276,nm
5.164624452590942,-2.998666615978872,24.874140470059956,-129.25349691683533,0.12216109293234252,-0.24064621937965427,0.3959664726892504,-0.3788298197661093,0.5691896413769557,0.36741290496978246,0.4791903411193844,0.7761965749300784,-0.3341083621199276,nm
5.175837516784668,-4.042262229882133,21.59976931763061,-128.15258115382977,0.1954558137289851,-0.24445185878686165,0.18055229835411582,-0.4037976531575009,0.5635356976225125,0.29650408986230536,0.3613292388193421,0.7540157176713701,-0.3341083621199276,nm
5.183689594268799,-5.204807768322761,18.338339151898353,-127.29712496226908,0.18580436811384402,-0.23097050955217624,0.07161629679603398,-0.3952367658396204,0.5758811093941681,0.2449310770413933,0.3049582487157126,0.7401637560223263,-0.3341083621199276,nm
5.204834938049316,-7.5067297848805214,11.764100694229725,-125.82227791471695,0.024633009760805565,-0.29646289100831297,0.2849040988314398,-0.4242473472764394,0.5635967425147655,0.19510624088295445,0.41190699975338807,0.7319108860208516,-0.3296561708666893,nm
5.216024160385132,-8.599680192613077,8.424027313493946,-124.96940186018054,0.022271908494259657,-0.2943862471679791,0.35953477565087183,-0.43383643233537433,0.5650309190985797,0.20494020952325864,0.4652145261403022,0.741265457874781,-0.3296561708666893,nm
5.233473539352417,-10.868063872146022,1.7420895321460599,-122.89732626562655,0.11076596371643738,-0.12936087031295085,0.3283417878475905,-0.4491210424068118,0.5559534484813261,0.22774276774870736,0.3698806065923264,0.7501071362630151,-0.3296561708666893,nm
5.272827625274658,-13.267125155275691,-4.812715473563536,-120.87381568300779,0.28710237750366135,-0.019371553239033244,0.44182708811595695,-0.4384259237204246,0.5489781101110476,0.1738425021294102,0.5272705264246933,0.7237509734140736,-0.32587180830143675,nm
5.275614976882935,-15.5988318822589,-11.043009723018848,-119.54455218066762,0.18771105314234304,-0.07516725549385053,0.13920364938525442,-0.4431000512505701,0.4968347079704943,0.07899579437602171,0.24548566510584316,0.6703899745606902,-0.32587180830143675,nm
5.282866954803467,-16.71408268026611,-14.119888006380874,-119.068270621856,0.1182361812335064,-0.13181497281116672,0.06262620458627063,-0.444772190362441,0.4917922704472404,0.04691761998802763,0.18782178550629483,0.6647429590877936,-0.32587180830143675,nm
5.321293830871582,-19.00624216787908,-20.23360423241385,-117.96050349454256,0.1204283671858537,-0.1781462006718153,0.25796811835072,-0.4473440502300167,0.48158968517385836,0.0506954983606538,0.33583717858847095,0.6592536368470687,-0.3226551001209721,nm
5.326913118362427,-22.859838031797015,-28.62016051398395,-115.15072704982859,0.13161923779497314,-0.17047823668790246,0.09015312654482144,-0.39663773186996387,0.44683448413053894,0.09686732746003035,0.23348241725610255,0.6052816085760437,-0.3226551001209721,nm
5.336021900177002,-24.292491529443215,-31.315623154856418,-114.01736155289272,0.12363430481396374,-0.13681190252918976,-0.007730477106624411,-0.40114504723048566,0.45059997391172546,0.08722542259488399,0.18456082541207022,0.6095621049193038,-0.3226551001209721,nm
5.362267017364502,-27.15388257485816,-36.74154278382847,-111.87425850600292,0.20578123528701867,-0.03947378619073977,0.0536315886610045,-0.4252595915525738,0.41975948917769185,0.04676734414032385,0.21628787274090694,0.5993587685519569,-0.31992089816757713,nm
5.374776124954224,-29.66089128327469,-41.923790502821475,-110.04598121012847,0.0698912270729324,-0.08557037216162515,-0.022030803856060533,-0.4142960058211296,0.3602786678034765,0.02951963721500924,0.11266067873123897,0.5498302537100836,-0.31992089816757713,nm
5.401964902877808,-32.35962914910179,-46.89086880843742,-107.70901701827955,0.042729335299995806,-0.09321682357696481,0.01694681638064841,-0.3915912408436512,0.35557700119098745,0.05830139812903328,0.10393443547928599,0.5321444885604342,-0.3175968265071914,nm
5.41011381149292,-33.90949017265166,-49.15254441942655,-106.21271118233209,0.08812466971889002,-0.061437165442598245,0.06568343738862738,-0.37247552697196,0.35000596977645165,0.07491647831127984,0.12591583164110212,0.5165797864751951,-0.3175968265071914,nm
5.416212320327759,-35.54691259656847,-51.25654138931485,-104.59238184904261,0.08618692035526675,-0.06246425870621983,0.057293790572574506,-0.3497938280735763,0.3334366605997503,0.07888101701172782,0.12088236965834463,0.48965083849114793,-0.3175968265071914,nm
5.426183462142944,-37.28854217905983,-53.29532516673197,-102.88679430823618,0.05212949151134537,-0.07768122078169905,-0.0008346293428081855,-0.3386275222809208,0.3140624111478416,0.07239314742904655,0.09355507764684061,0.46748750222524144,-0.3175968265071914,nm
5.442542552947998,-41.09611205600394,-57.400867557904476,-99.32191479764677,0.03995584200943008,-0.0408461371794845,-0.02163741932452258,-0.3654299204021573,0.2929046488742391,0.041977745510420154,0.061098724603652954,0.47020664731095196,-0.38310757895464526,nm
5.450624465942383,-43.05806631227616,-59.39686697683434,-97.57785397270737,0.029591809335946254,-0.031059509291264054,-0.015902252798415152,-0.36767890207931364,0.27063371883117654,0.022260729990107447,0.04575204849243164,0.45708415516437917,-0.38310757895464526,nm
5.471324682235718,-45.18716318055637,-61.30295475212386,-95.76065974061875,-0.02380739494864899,-0.016862907487712412,-0.01049254450047815,-0.3577219181898928,0.2538532119446703,0.001349294776137068,0.031003922224044796,0.4386436418831065,-0.38310757895464526,nm
5.473185062408447,-47.60016901688193,-63.11066076476403,-93.72099866610361,-0.009976331184091938,-0.03929971278634244,-0.020214992849786673,-0.34519528445262426,0.25459590771495255,-0.010847342228669381,0.045306076247018115,0.42906471011603214,-0.38310757895464526,nm
5.499704837799072,-54.05921216319291,-66.17840337539737,-88.42245669445605,-0.0004508316721530007,0.01636989892542138,-0.03709173011370474,-0.3003349822118009,0.2928723635698091,-0.05890056801868572,0.04054594039916992,0.4236090176047401,-0.438791718534981,nm
5.510730504989624,-57.930564905913165,-67.3442894531401,-85.29717567663846,-0.0015879695940839039,0.019303196408834804,-0.04640237709393433,-0.26723877471587915,0.29821312327411165,-0.07758160407551085,0.05028235912322998,0.4078805399813458,-0.438791718534981,nm
5.51361346244812,-62.05936076079585,-68.32043051442842,-82.0346341209418,0.013692551807596178,-0.0024935738359389125,-0.05646163391333827,-0.2390738147019282,0.2962238411930436,-0.10333072310016111,0.058151698080475815,0.3944389576394497,-0.438791718534981,nm
5.5168232917785645,-66.5454334262972,-69.2007583634917,-78.57433046478597,-0.005535199031325173,-0.04637387570936035,-0.05997658693953193,-0.2276063680960608,0.2934884117788425,-0.1352664627713994,0.07601556260094913,0.3952684184159333,-0.438791718534981,nm
5.528459072113037,-71.37034123284745,-70.04638726459478,-74.9002099491781,-0.0027242863311141884,-0.07091259392593598,-0.05712237091765798,-0.2349774644565695,0.29193996304738346,-0.1607690241941928,0.09109875395730221,0.4077867456979187,-0.438791718534981,nm
5.5471131801605225,-81.98974562738184,-71.62122961805038,-67.00335686476355,-0.03228892913085612,-0.066414450063263,-0.016121087377300558,-0.2618030155580653,0.2785029200747477,-0.21974742750048695,0.07558666271141797,0.4409009268968933,-0.4861232371782664,nm
5.565154075622559,-87.78750858725631,-72.2664603001371,-62.68287511272271,-0.027255283786112805,-0.05927365233075876,-0.012841191538098418,-0.2661067687884763,0.26925102920211397,-0.22896604885445665,0.06649144723201125,0.4424187842412013,-0.4861232371782664,nm
5.572422504425049,-93.91125020278635,-72.76892270873843,-58.1140465984416,-0.013123521080256974,-0.041278963118875266,-0.04815848951903445,-0.2681612836575889,0.2731843728200544,-0.24499129621532909,0.06477205967443343,0.45448972576642416,-0.4861232371782664,nm
5.582283973693848,-100.27401451749856,-73.05566538034992,-53.400452865968276,-0.02551775205894376,-0.023696099673023153,-0.07013335010884708,-0.26051352736048294,0.27715887747902723,-0.2641389990604415,0.07830292208689084,0.4630915159316649,-0.4861232371782664,nm
5.583595514297485,-106.3561909204278,-73.14303626247039,-49.027708068015144,0.00272940558539927,-0.02918397572254424,-0.12200481033181354,-0.2430760156215582,0.2715785954422246,-0.279789861380754,0.12547640351048261,0.45948150061159704,-0.4861232371782664,nm
5.610761404037476,-117.7121855355978,-72.93457933182215,-41.462775645883525,-0.05554174824732586,-0.02279750894389491,-0.14675301769890753,-0.22150779309161878,0.25035331662640975,-0.329916455010922,0.15855932774880246,0.4696672788614686,-0.526355028025059,nm
5.6222169399261475,-122.93464166526341,-72.75009016831672,-38.20226601416982,-0.008987264654099788,-0.051191887852143146,-0.15913831402285836,-0.21969503685261607,0.2337260001359271,-0.33635151951975945,0.16741082192578566,0.4647860766422149,-0.526355028025059,nm
5.623672962188721,-128.12840986425223,-72.57415441661459,-35.09900363440407,-0.003945716268364455,-0.07651306506361591,-0.14609246213480004,-0.23362378430814926,0.22143189015135775,-0.36141244564987246,0.16496310282880697,0.4839742869627328,-0.526355028025059,nm
5.632217168807983,-133.37627848098887,-72.42252521090013,-32.0819876616116,-0.05709400774740289,-0.054203102897848444,-0.09975005538910035,-0.25198479154730624,0.20871051965978152,-0.3882130440735297,0.12707389832118882,0.5077063952488995,-0.526355028025059,nm
5.660555839538574,-143.76947999966825,-72.08585854125467,-26.235151127634282,-0.012463620465030715,-0.07266786704022984,-0.10360563502198801,-0.2688249132294445,0.19023626735151608,-0.40047644296074925,0.12716166223977354,0.518495952496401,-0.5605520502448327,nm
5.672695159912109,-153.83271152500254,-71.56042605067572,-21.116495877142164,-0.030187276936806878,-0.0396931773690541,-0.11598274755032398,-0.26843781083192375,0.18008634432928772,-0.4472324522299072,0.1262490306807654,0.5518213624223863,-0.5605520502448327,nm
5.680217742919922,-158.38485626322014,-71.25661744963219,-19.115951599658143,-0.01587545839459361,-0.05856441006982716,-0.15987465040707863,-0.25495636104061054,0.16756407631220835,-0.4542472318312517,0.17100211738119195,0.5471937621462699,-0.5605520502448327,nm
5.698191165924072,-166.92981258577473,-70.71248288815255,-16.026396786383724,-0.035187420157518044,-0.050154655611010485,-0.18102230622552,-0.2552358265868297,0.13881167398222302,-0.5095366431986064,0.19110918179932307,0.5865505935290775,-0.5896195191316403,nm
5.716195583343506,-171.08260130125214,-70.52222358432215,-14.72326197643416,-0.01456661351909593,-0.057908800582575144,-0.16865070266733298,-0.25723944168985813,0.1212926820745877,-0.5149923973361854,0.17890968370804392,0.5883036753240867,-0.5896195191316403,nm
5.719348430633545,-175.30975495166828,-70.36973637203668,-13.412557533496573,0.07010089381358979,-0.11869229764664925,-0.17950462544287055,-0.2680138179124823,0.11011200198978989,-0.5269411665939697,0.22632699218054,0.6013510228025213,-0.5896195191316403,nm
5.72610878944397,-179.83450847642513,-70.24265917050538,-12.02209883606116,0.010151398405769358,-0.05835063474994482,-0.1313563363193821,-0.2922021332157054,0.10389412598465453,-0.5666799946085731,0.14409141041909732,0.6459893902840019,-0.5896195191316403,nm
5.75297999382019,170.9310797813046,-69.97300536459461,-9.282522646600002,0.0951661579307221,-0.11993863865421882,-0.12400139132607647,-0.30317184298289085,0.09529279644332694,-0.5925238061547833,0.19702339888532316,0.6723677150873495,-0.6143268676854269,nm
5.765893936157227,166.20375241319257,-69.81921514302476,-8.092244695923908,0.0923272872904944,-0.11842550488282025,-0.10672013244161448,-0.3148363824855028,0.09187117353717555,-0.6436383406533402,0.1842230030520839,0.7223797988749692,-0.6143268676854269,nm
5.76727032661438,161.55101290820534,-69.6762840106868,-7.132131287734518,0.05839381425674515,-0.06968519643609385,-0.11578121672809594,-0.3129473928303325,0.0834175586122028,-0.675214428037712,0.1472112573576714,0.7488718739506895,-0.6143268676854269,nm
5.784481048583984,152.34905354940966,-69.53829369698634,-5.801140593338733,0.09596614009484693,-0.16113486251322537,-0.1572645637120258,-0.3198028614066063,0.054468779745391084,-0.7513646028670211,0.2447572000195166,0.818406674320488,-0.6353281139561454,nm
5.800142049789429,147.6260336424912,-69.56428939602526,-5.277564896695783,0.09843125114376566,-0.17628859508116324,-0.16530633510177892,-0.3239934168727965,0.03877602495050115,-0.775754777514398,0.26094551995042764,0.8415882539129719,-0.6353281139561454,nm
5.8119142055511475,142.72470448664163,-69.63913207854532,-4.729340958936985,0.12156536005828349,-0.29571284986862517,-0.1649475632736974,-0.33584718175338424,0.0267287936255057,-0.8049369990900653,0.35976648672917627,0.8726003268418396,-0.6353281139561454,nm
5.813363075256348,137.4848488010792,-69.74255369361009,-4.071654423817367,0.07759781311870448,-0.22029091259749498,-0.12142245465717791,-0.357576084193251,0.018786363712287694,-0.847493522879599,0.2632354825414252,0.9200319857327693,-0.6353281139561454,nm
5.837801933288574,124.20739339538198,-70.10255829809712,-0.5225402666724772,0.05938761714868364,-0.3067527292141165,-0.022506685857730656,-0.3826582938654658,0.002972637582235631,-0.9129737306521167,0.31325816327624456,0.9899278960101429,-0.6531791732862562,nm
5.850770711898804,117.1884330223435,-70.20332386371201,1.3781738242644104,0.04451050687940699,-0.36667277727010505,-0.01284276824310407,-0.3881363512331998,-0.007113919368134895,-0.9379820847578156,0.36958767229140627,1.0151407913801989,-0.6531791732862562,nm
5.852160215377808,111.18910928178273,-70.24529286660771,2.127155663155361,0.008267774399126166,-0.44904504413220603,0.0030185839150114434,-0.39550714877679766,-0.011566344318134652,-0.9772396343793841,0.4491312943918089,1.0543040301812328,-0.6531791732862562,nm
5.859431743621826,103.94196451629918,-70.2912205621897,3.8005024388336266,0.004866004031748949,-0.3253411874339715,0.005985638849225361,-0.40898832224630943,-0.0268772468741544,-1.0279462743759544,0.32543262606662066,1.1066469071645166,-0.6531791732862562,nm
5.893218040466309,90.25547009900058,-70.45197059802483,6.37467189389144,-0.15178360173683345,-0.4787882533881026,0.07243440731650128,-0.40660452219642756,-0.06210771385077327,-1.029509310269337,0.5074674341294508,1.1086361105076816,-0.6683525737168503,nm
5.899997711181641,83.6128664887242,-70.57206416665731,7.275184359791206,-0.22194303857086314,-0.4175042293858111,0.09629760576220278,-0.4245770263894469,-0.07120427951856399,-1.0712963049065176,0.48253675797874745,1.154561160643221,-0.6683525737168503,nm
5.90210485458374,76.78564597441107,-70.6651637262938,8.32917147526708,-0.23536313376887658,-0.3203073005064891,0.09799323027818817,-0.4333336166089383,-0.07582053219003584,-1.076355346737091,0.4093839819480172,1.1627844206190956,-0.6683525737168503,nm
5.909248352050781,69.90186150434172,-70.70130129691567,9.552664646711037,-0.31661855881432577,-0.35502487429346363,0.16098006746388735,-0.4353592927422753,-0.07496101648832464,-1.0536672234348912,0.5021997165206568,1.142528549101076,-0.6683525737168503,nm
5.918829917907715,62.974665963471566,-70.65533515923178,10.808760222761824,-0.3308500110324983,-0.2586888670934509,0.18906410885728658,-0.43919414644933946,-0.07023652379777247,-1.0553050790161045,0.46057235806797747,1.1452045569887266,-0.6683525737168503,nm
5.925391912460327,56.2086703134304,-70.53821385498215,11.960842028628967,-0.30200944618200287,-0.17294094876266275,0.21252006081270386,-0.4316096408101857,-0.06525738797509507,-1.044986741594134,0.4077781916556173,1.1324940171290774,-0.6683525737168503,nm
5.9369142055511475,49.65932753702656,-70.35614576415765,13.015421686777335,-0.34525024696544027,-0.15804371150873212,0.2349041950252497,-0.4221689947855653,-0.059907737931916095,-1.0223767380113613,0.446492473192565,1.107731822982948,-0.6683525737168503,nm
5.9660210609436035,37.15024988097512,-69.82562290701284,14.68730151226399,-0.2450144857842264,-0.055743302721825316,0.1700316979823699,-0.40761558823893496,-0.05108104290952815,-1.000079661447204,0.3033977461373334,1.0811656070928506,-0.6812499640828553,nm
5.980469226837158,31.32075422106715,-69.4970165950493,15.32003093566783,-0.24635584231714966,-0.051783959070679265,0.1531765676143201,-0.39532516025232917,-0.045450761787205335,-0.9651208625181135,0.29467921597379493,1.0439377535769432,-0.6812499640828553,nm
5.986168622970581,25.679697921542136,-69.12570225774475,14.442895699308128,-0.27548564086922445,-0.038618756553318666,0.13561725367929692,-0.3920335624484342,-0.03090543668027014,-0.9440970393923023,0.3094766326855173,1.0227241465281431,-0.6812499640828553,nm
5.987991571426392,20.15907819782461,-68.71117930980185,13.508801570257909,-0.1676508692309336,-0.006967091999942156,0.06415349794369399,-0.39360880543349397,-0.016928252441784322,-0.9261753859285814,0.17964138059822077,1.0064866133960608,-0.6812499640828553,nm
5.991705656051636,14.881817970501313,-68.24247495473877,12.588065930293032,-0.23068839114811518,0.025845415515787007,0.08760918812807454,-0.387046086157715,0.0012741431247856488,-0.8728689399009438,0.24811386329294424,0.9548332223454028,-0.6812499640828553,nm
6.003705739974976,9.711950579200392,-67.71204872672308,11.617761736549982,-0.3237027155105981,0.09918349021341935,0.12177548195264165,-0.3905712226813665,0.018914372182562915,-0.8552647907971157,0.35979171858819764,0.940415597403144,-0.6812499640828553,nm
6.043814182281494,-4.897454729602074,-65.78921372324747,7.999119817049135,-0.16282140812734835,0.09821585616454365,0.11214366971719723,-0.3791379073374105,0.07299164025950201,-0.8082034046799078,0.22075635439177438,0.8956930700101225,-0.6922127458939595,nm
6.046398639678955,-9.339215128781802,-65.09072838192571,6.517373186128625,-0.07448159613623667,0.06818922095713266,0.11091934122047876,-0.3762317180976705,0.08525741883235667,-0.8082079249228568,0.15000126090979077,0.8955552373119098,-0.6922127458939595,nm
6.048165321350098,-13.545891010806145,-64.38882481382579,6.404682905463213,-0.08634419308234326,0.06624684328178732,0.11290635056188578,-0.3667972446967575,0.08725369995772309,-0.779214360164535,0.15681775384517566,0.8656375950477608,-0.6922127458939595,nm
6.059228181838989,-17.630272822455733,-63.680148598534956,6.244129790785052,-0.10553210079854322,0.12678060164508106,0.12960799321525138,-0.36610395775760224,0.08942633799097162,-0.7619654482524048,0.20978221363530147,0.8500708924217696,-0.6922127458939595,nm
6.070784091949463,-21.69004811374368,-62.9553110145676,6.0662118014359185,-0.05913675137031674,0.08883923425045233,0.09558660993046963,-0.3738241385129014,0.09284923819056312,-0.7561485561002143,0.1432702512835137,0.8486024431145127,-0.6922127458939595,nm
6.077641725540161,-25.675881969007804,-62.205760618064225,5.902031266090611,-0.06372297348194886,0.11766577423330234,0.08564953391286358,-0.37724429568238166,0.09855931455634123,-0.7351354260194906,0.1588763495136844,0.8321365823586714,-0.6922127458939595,nm
6.088837385177612,-29.565475290562112,-61.41502293558947,5.7279136441235226,-0.07676322746505847,0.12183669203083732,0.03499209533679793,-0.3788445930978857,0.10783527973516609,-0.7147674044079846,0.1481931825420082,0.816115258820218,-0.6922127458939595,nm
6.124962091445923,-36.43791608972157,-59.68826927639687,4.777542536842675,-0.029777267932858176,0.12074242024943697,0.01146893267741067,-0.37141694113168805,0.1296813728224788,-0.6750065573726752,0.12488776621429279,0.7812820586144631,-0.7015311104333981,nm
6.132278203964233,-39.52275674625443,-58.79109407576835,4.092986804411933,-0.035950488975260764,0.17137160258976766,0.014314094023846936,-0.36442403242046145,0.13845461473459192,-0.6599751076356171,0.17568596164596972,0.7665126864217827,-0.7015311104333981,nm
6.138925552368164,-42.73405189800605,-57.952386803631086,3.5258610213712935,0.051645400112408854,0.04982370093117296,0.0061813508024432945,-0.3605495310480791,0.14182093055484235,-0.6531800875699802,0.07202678408059486,0.7594428006639856,-0.7015311104333981,nm
6.144672393798828,-45.618349661803045,-57.089255059113995,2.799865675928651,0.006035194017157504,0.12960842006484788,0.03716410849079648,-0.3466653498292768,0.14573771294346013,-0.6241625805328683,0.13496642944986909,0.7286942244067086,-0.7015311104333981,nm
6.145969867706299,-48.55625534520437,-56.27697606082635,2.1623052809071974,0.04797396342670704,0.059710922402304537,0.03083196310065315,-0.34281776576312595,0.14766282013331034,-0.610739328991709,0.08256818618354829,0.715772908784474,-0.7015311104333981,nm
6.155152320861816,-51.35690462428371,-55.45513886057198,1.5054622815048633,0.040228911685806654,0.06319197733369127,0.03316962372918066,-0.333986390314397,0.15216240998650687,-0.5868334529989682,0.08192566919532368,0.6921515798485435,-0.7015311104333981,nm
6.166584730148315,-54.148512070070375,-54.63964689112587,0.9233218830544451,0.04992405018033528,0.022879071540367477,0.018082617664747495,-0.3275551168455687,0.15780099363437214,-0.565649873161007,0.057817330987925464,0.6724234433530502,-0.7015311104333981,nm
6.186906337738037,-59.42865743387345,-52.949781030522715,-0.273282720665172,0.038224425032490794,-0.006436400160356075,-0.028879580472121275,-0.326833517973427,0.17007632863048083,-0.5335710724119817,0.04833801903610107,0.6484166834267776,-0.7094517202919209,nm
6.205249309539795,-61.910013201935485,-52.027936713250725,-0.8999135477280749,0.0366310587936539,0.023970732813704498,-0.028293198250175608,-0.3108389264891518,0.18309413779148362,-0.5094604535235323,0.05212423205375671,0.6242549601075976,-0.7094517202919209,nm
6.207173585891724,-64.33418178368095,-51.08447279296245,-1.5294739392782895,0.03660036428008734,0.02127605302302838,-0.0290801456127188,-0.30357920514169334,0.19279394322241064,-0.4958712533015319,0.05136060714721679,0.6125505188868429,-0.7094517202919209,nm
6.216566801071167,-66.75666257768601,-50.10863552426429,-2.1035815219859404,0.041998209235857245,-0.06083946734534441,-0.036948202343558126,-0.2900490913713844,0.20230053054647099,-0.47925856972256636,0.08264659716107244,0.5956028515019629,-0.7094517202919209,nm
6.2206830978393555,-68.73456592259899,-49.12784720404567,-2.908993424900113,0.055693651063502984,0.0758299921746774,-0.044803616740651725,-0.26808852432531294,0.21158230228698627,-0.4519715435500031,0.10420813094494148,0.566495193002516,-0.7094517202919209,nm
6.241009473800659,-72.88973317537788,-47.127256131434585,-4.248036401462913,0.03468189998666825,-0.018517645677914495,-0.03338265271557588,-0.2443379163267171,0.22127727674393308,-0.41466691059313876,0.05157653430065644,0.5297294567030901,-0.7161842386716654,nm
6.259907960891724,-74.5889545198883,-46.09045959695622,-4.902909292576752,-0.28488967343842664,-0.017750032050150247,0.14322740256409464,-0.21963265625156647,0.21789444431384933,-0.3667132411935297,0.31936073414697047,0.47978650858650024,-0.7161842386716654,nm
6.261765003204346,-75.36188098903449,-45.31819876144035,-4.7830523761235995,-0.6979295010509688,-1.2485730077334558,-0.5414183043156691,-0.0977376006480518,0.15564917585895083,-0.0750376988936417,1.5294358189626254,0.1985194216726955,-0.7161842386716654,nm
6.294157266616821,-79.00836015651198,-45.701438849189195,-2.2096860271917036,-0.5332051366199521,0.652738945266775,-0.5611958602998989,-0.37778969437401294,-0.07666108090850128,-0.18998641930745208,1.0125792028298959,0.4297636722927345,-0.7219068792944481,nm
6.295535087585449,-79.84762494320995,-46.09088240703991,-3.774389967956206,-0.7175115178530886,-0.8305114896211909,-0.0548794234912075,-0.12434743239842039,-0.07851361994294671,-0.4218320654170212,1.098901207464702,0.4467314225288112,-0.7219068792944481,nm
6.306921482086182,-78.38949966543035,-46.389731083514384,-6.101492026773987,-0.001024188284785667,0.6342516921695465,-0.04075266585724513,0.19230319349876798,-0.08386651631117058,-0.2430902291197752,0.6355604123575099,0.3211027410058987,-0.7219068792944481,nm
6.309249639511108,-78.76891390208418,-46.79992939806811,-7.496908984470991,0.59035469482563,-0.26786589694664276,0.47105514327924347,-0.06555329483634285,-0.08207219901619127,-0.3225988019518961,0.8013512041917207,0.33926842961886755,-0.7219068792944481,nm
6.3280932903289795,-82.32129297405234,-47.02279574471679,-7.394467980342767,0.3443485073808972,-0.3412272410446912,0.5985747178657682,-0.2280098418821066,0.032031168360381834,-0.15787364201553833,0.7702620446539655,0.27917480291903984,-0.7267711238238134,nm
6.337364435195923,-83.36315916487746,-46.716265926734266,-7.367954161095961,0.08496801717523493,0.13949324352822964,0.24804814744668227,-0.13779044683714944,0.07337769585728943,-0.13458367044783517,0.29699463359536993,0.20611467157899674,-0.7267711238238134,nm
6.349926233291626,-84.32574225623338,-46.475763475692176,-7.421145399853257,-0.2948005571899452,-0.1808971018787109,-0.3521591585851793,-0.12937939409964547,0.05918038485585604,-0.1382395759434492,0.4936063238685667,0.19837219040556886,-0.7267711238238134,nm
6.35739278793335,-85.92284419922642,-46.6173394985925,-7.029291273302279,-0.39034614487984837,0.25117420085623554,-0.6672492484035766,-0.22606516280481637,-0.005772097165076748,-0.1411414256388914,0.8128223369798999,0.2665702102092991,-0.7267711238238134,nm
6.387556791305542,-88.41281974227178,-48.14369352827735,-10.214075790563447,-0.044334708844960595,0.22474069010205255,-0.24772991517040938,-0.026675208471906672,-0.0921854623418738,-0.3701661566815306,0.3374078467763494,0.3824038568929191,-0.7309057316737739,nm
6.39465069770813,-89.11349469035247,-48.31326163899177,-11.730615286057395,0.14063618340420508,-0.16381065267656253,0.1889529236656035,-0.10341224939896207,-0.01974517069576753,-0.39563240861152105,0.28690708142986293,0.4094007423482665,-0.7309057316737739,nm
6.410470247268677,-90.60949421665758,-47.44633575898487,-13.98954790064167,0.28952182019350126,-0.32958468926959095,0.3171598743337147,-0.06277661317843518,0.13601768308519674,-0.2933391367047461,0.5413310795220135,0.3293775377840839,-0.7344201483462404,nm
6.421930313110352,-91.0983409851153,-46.71093242931993,-14.872808097268626,0.12446102272931406,-0.2542101222503342,0.20294258638102522,-0.032953549078023524,0.15562552537343016,-0.23565770332587224,0.34828009676175375,0.28432339629622233,-0.7344201483462404,nm
6.439189195632935,-91.42691010592394,-46.104162668655796,-15.567283988464851,-0.050062237282322196,-0.12480979195207483,-0.1758703130213487,-0.016884327458582028,0.12564917364751638,-0.1737717020274471,0.22139123463014274,0.21510323051397487,-0.7344201483462404,nm
6.448345899581909,-92.05050109451982,-45.8551847980291,-16.023978878376514,-0.16022030756825945,0.09895211412393377,-0.3894532525784098,-0.07489778993403594,0.06825915415549265,-0.16824788261900964,0.4325920755062052,0.19640860742036315,-0.7344201483462404,nm
6.4689037799835205,-92.55428264977549,-46.30427623892313,-18.100449191115807,-0.2879748915783467,0.17753753704030323,-0.29293031829626587,-0.01120729156842917,-0.0685202421691693,-0.24621284674604021,0.4475011582276064,0.2558151537223909,-0.7374074025178369,nm
6.4805357456207275,-92.3528911683496,-46.58298668239474,-19.76729535272408,-0.1083223945145998,0.17560860551508112,-0.17819022611311586,0.0028373055249865833,-0.06467435542712434,-0.2915671510754078,0.2726240638068682,0.2986674172700896,-0.7374074025178369,nm
6.48215913772583,-92.43416592945594,-46.55834142353297,-21.400625210109556,-0.06815640392173906,-0.06167177908580062,0.18574574387473744,-0.014146865176353917,0.005846204345502107,-0.3258895447571456,0.20724426433252768,0.3262488425750916,-0.7374074025178369,nm
6.4902520179748535,-92.33669191344003,-46.03140896268198,-23.05210695476459,0.07578870584345035,-0.15381073402534456,0.2985290986127821,0.04701220241176809,0.08994479854149631,-0.3035685636657203,0.3442692152275607,0.32008449947840945,-0.7374074025178369,nm
6.508040904998779,-92.11898934962504,-43.754164444701495,-26.012376633985355,0.04008156043465069,-0.3302015698532511,0.24818073093426707,0.11398087956657094,0.22346719090947195,-0.25372510789388514,0.41500997991312827,0.3567991825880536,-0.7399465685636939,nm
6.520798921585083,-91.85325852496504,-42.48658971345181,-27.192159562096013,0.04779317363157837,-0.17248030888523283,-0.03893286613781719,0.1435097403119062,0.20683941440903114,-0.18667760089525137,0.18316498700523723,0.3134104586536136,-0.7399465685636939,nm
6.5271594524383545,-91.7987574055067,-41.52252588814661,-28.133349850971516,-0.00507592860325765,-0.0038338929352126974,-0.24795001914706993,0.09208739636462948,0.16446590464411576,-0.16792807434991383,0.24803160238416472,0.2524459556310894,-0.7399465685636939,nm
6.534005403518677,-91.88436175489711,-40.98007860724941,-29.06278130621036,-0.2490971890907031,-0.0212370973054124,-0.17409558143649714,0.03603181199549542,0.09883265752061168,-0.1841480215020572,0.3046468371583087,0.21207706026675155,-0.7399465685636939,nm
6.555070877075195,-90.87564387249672,-40.562697625297666,-31.705497053889765,-0.07148989526807877,0.18569411767387037,-0.13801999512243288,0.0922334195272868,-0.020277974881756755,-0.19549968137506674,0.2421624031878493,0.21711362315790841,-0.7421048597026724,nm
6.562633275985718,-90.47457022899783,-40.179172672139515,-33.203674273295235,-0.1212896291904315,-0.009576255268714915,0.1139715755044473,0.08807136871122263,0.029227544227473937,-0.23475393907031122,0.16671052407418643,0.2524286577179074,-0.7421048597026724,nm
6.574883222579956,-89.93850994583569,-39.328542355880884,-34.710582108217736,-0.045930374099368045,-0.13325808322699784,0.2347581385941423,0.15886734343112216,0.092344774328268,-0.21987545031041028,0.27382238704391554,0.28655122369971925,-0.7421048597026724,nm
6.583350896835327,-89.35983568941688,-37.95463622063602,-36.10242520363465,0.13412310005776973,-0.13952989543868544,0.1481785308170375,0.22856921005255626,0.16875897851883964,-0.19311094458298417,0.2437508455069084,0.3435335697315535,-0.7421048597026724,nm
6.607113599777222,-88.82945211462335,-34.468441596363725,-38.218783626552,-0.00037201968179833254,-0.2134852236133937,0.019948551532350402,0.27970819084690823,0.2518710564970988,-0.15009773450255665,0.21441554003416635,0.40522219957773187,-0.7439394071708041,nm
6.616410255432129,-88.35326077654199,-32.76004111117401,-39.16129566307306,-0.04895390870740172,-0.11466707780452254,-0.1616263504817475,0.2719175498101542,0.21363338544482618,-0.12267333792268645,0.2041276587824632,0.3669156920989739,-0.7439394071708041,nm
6.64321231842041,-87.95958498877478,-31.426275760359886,-40.010703204989596,-0.10649066179115112,-0.018372522959714324,-0.15907886292288587,0.21790510970260818,0.1593202702336619,-0.11495940903033627,0.19231197382758275,0.2933960651856751,-0.7439394071708041,nm
6.645249366760254,-87.57893350779132,-30.321971903346356,-40.8444171902974,-0.15987516014337397,-0.011143774400826577,-0.0720078157123314,0.1925872203601331,0.08433393731819527,-0.1149471156696306,0.1756968299726181,0.23961404347491652,-0.7439394071708041,nm
6.646536588668823,-86.87959979867841,-29.420582644229366,-38.46354136391712,-0.09871597541218309,0.010163161999214831,-0.050500100338691,0.19992834073085564,0.03887741815228564,-0.11970782932929958,0.11134807496144189,0.23624724225335095,-0.7439394071708041,nm
6.658018350601196,-85.4497603338366,-27.34590650247039,-34.025753222947955,-0.027523729990406795,-0.1463459085018014,0.19882925982670802,0.23480224172649186,0.1234860790482333,-0.1199938344362793,0.24841045712900053,0.2911690655636578,-0.745498772518716,nm
6.682118892669678,-84.6738519604116,-25.676091060891608,-31.688455344608755,0.048299657378670736,-0.15414861956287387,0.20688046086531403,0.2900223055970134,0.20801252246989035,-0.09847193096820185,0.2624770064289086,0.3702416352015267,-0.745498772518716,nm
6.687970876693726,-83.8788331385511,-23.570698710275302,-29.079893244418002,0.04289986732653966,-0.18310064038572718,0.15134610731732598,0.3277773685862973,0.29402583761725276,-0.0731594487113746,0.24139570693449716,0.44636476281135445,-0.745498772518716,nm
6.6903417110443115,-83.14382872369175,-21.319479309643782,-33.05849987048416,0.02253092415240963,-0.13022948263731085,0.02259348073797123,0.38407490377643444,0.3021300114772887,-0.0444794908757296,0.13408141580025312,0.49068778327436285,-0.745498772518716,nm
6.717220306396484,-81.69101488960524,-16.867131124066628,-40.206205358444585,-0.13686168027575782,-0.021146390428649985,-0.043500369396341276,0.388609167949043,0.1956341399445522,-0.023273297803990116,0.14515705802227738,0.4356965096446899,-0.7468242330644411,nm
6.725074291229248,-80.75337506932493,-15.045072663158816,-43.52591639326724,-0.11420952891030743,0.056328230911953645,-0.039059927134186455,0.3664350724921982,0.10741140087498019,-0.032154429517188755,0.13320046546207215,0.38320461731020944,-0.7468242330644411,nm
6.732785940170288,-79.8139306729218,-13.555710233873086,-46.943553758236746,-0.07526188065549666,0.061802379937478405,0.04999685996017326,0.32718229014122696,0.047825027288963574,-0.051667952113390855,0.10946949735709867,0.33467157257950636,-0.7468242330644411,nm
6.734346628189087,-78.89024591750248,-12.267764241337213,-50.48477736340006,-0.0930681017653244,-0.03945167069211826,0.13236603147112275,0.31068510752499534,0.01878794554065117,-0.06369222595012551,0.16654990895828908,0.3177025693662836,-0.7468242330644411,nm
6.763042688369751,-77.35746982598171,-9.134148331612712,-56.50869885581441,-0.028110281259216194,-0.16136532698213163,0.1254740466343603,0.3530101374757656,0.07537331060019732,-0.040887548471919256,0.20633151248251955,0.3632754942623247,-0.7479508745283076,nm
6.771638631820679,-76.83225306132498,-7.063125851310948,-59.09942378012315,-0.04958792616823266,-0.2029313738133088,0.09408667024867913,0.40532180902411247,0.11591749170136921,-0.0147358160282612,0.22911221359392137,0.42182908627420995,-0.7479508745283076,nm
6.778698205947876,-76.35837946576386,-4.800271376021633,-61.42810080669912,-0.05306952478522752,-0.13417404923322493,0.045094671964602775,0.46736554413567427,0.11418942827306912,0.005156792104993322,0.15117069619527745,0.4811406965528684,-0.7479508745283076,nm
6.781783819198608,-75.76182054336932,-2.385607326017805,-63.188744603959734,-0.10611180679789319,-0.08756619491951673,0.0021967277769050805,0.5005072108822608,0.07918344926875637,0.022360606941063635,0.13759498409288776,0.5072252788712431,-0.7479508745283076,nm
6.809840202331543,-74.06959163991665,2.06153168005949,-66.11781247685401,-0.09200094034344523,0.030874766081291926,-0.06517612260690984,0.44425216207506407,-0.0233384541194856,0.01915206876092865,0.11689889290632144,0.44527684499295456,-0.748908519772594,nm
6.823927879333496,-73.22889214508488,3.8199740115805603,-67.52674213165123,-0.08983887857351609,0.03263444689147099,0.011782251911760067,0.3776748792327796,-0.050415647570354306,0.010135898519962688,0.09630603660919383,0.3811597937377968,-0.748908519772594,nm
6.825369119644165,-72.259059315944,5.289162961439035,-69.00953155937786,-0.12856638025112246,-0.03394809741950963,0.12072808473272341,0.33885226500468363,-0.08547289721572059,0.005192083957139965,0.17960249968336292,0.34950455131953784,-0.748908519772594,nm
6.852193117141724,-69.97266109558377,8.354866715742773,-71.267536369354,-0.06520493570718923,-0.08998704022479546,0.11107276513606608,0.3716520260144638,-0.1204443669551157,0.013202593291317915,0.15711941383536707,0.39090456948146585,-0.7497225182302374,nm
6.86536979675293,-69.1777073172337,10.092909192349603,-71.87346901775523,-0.0974096944319372,-0.12755279537402822,0.08163834502648053,0.3996913423326855,-0.07234162707796672,0.0432934081752791,0.18006438724999116,0.4084859842582398,-0.7497225182302374,nm
6.867393732070923,-68.48369947078315,12.0386850075842,-72.20459103275945,-0.06035256221135018,-0.13062944313518604,0.06529441565322235,0.4337619414763807,-0.03555390518739675,0.07258126087815851,0.15801849225574666,0.4412273127063836,-0.7497225182302374,nm
6.869016647338867,-67.82739930892481,14.149276179739045,-72.30196851855544,-0.08077178454574235,-0.11459590942564785,0.07430544785996804,0.45917003719196875,-0.023072445818191876,0.08824006503854558,0.15867451974865257,0.46814075862812254,-0.7497225182302374,nm
6.893659353256226,-65.74991408248061,18.25926394990214,-72.09125832772217,-0.06416314771333466,0.015828460785253094,-0.015173636441688123,0.4360301359721957,-0.12967699922451276,0.10002538706822699,0.06780626031700925,0.4657719202162732,-0.7504144169192343,nm
6.905242681503296,-64.59740234713664,19.918836757340966,-71.75937309898852,0.008776920455518217,0.01203460130635862,-0.02396084770787973,0.3724896449858795,-0.1178347803885553,0.09639899820419039,0.028213262557983402,0.40240071812274036,-0.7504144169192343,nm
6.908242464065552,-63.90585460214853,21.32749572746434,-71.65414318654496,-0.13186353605568268,-0.055032594678622385,0.027485018987644893,0.31175318479010516,-0.07661177588310021,0.08479927540862359,0.14550603041427893,0.33203965055481466,-0.7504144169192343,nm
6.914592981338501,-63.129827036159696,22.5519519949353,-71.52079094467028,-0.0996008921942491,-0.0684094131478752,0.0802178925238096,0.2839321798876362,-0.09330485582150377,0.08068175738754116,0.14503480897387558,0.3095687724412116,-0.7504144169192343,nm
6.934770822525024,-61.19828911254455,24.82156939214985,-70.99321327264767,-0.08635767084151039,-0.10944988947089068,0.02491370435918906,0.2933696653474657,-0.12193920502503858,0.13338859816459978,0.14162492112357175,0.3445684959315629,-0.7510025308048817,nm
6.953761339187622,-60.39232856956638,26.144896469633824,-70.4863974817954,-0.08717694615791562,-0.1149582277606106,-0.03288333370259103,0.3178603210925052,-0.08361262311122429,0.16157610268005348,0.14797475361248788,0.3662418482722112,-0.7510025308048817,nm
6.955334424972534,-59.76186123073655,27.635559328535052,-69.90996633497717,-0.08175094944366619,-0.09547076434653422,-0.040189777694093445,0.33471644972408976,-0.03750799866871175,0.18777675568010846,0.1319587163129173,0.38561906287653663,-0.7510025308048817,nm
6.963418245315552,-59.01850806286606,29.137030864304997,-69.2967436345313,-0.03791426070268926,-0.05838760694619053,3.129255485682133e-05,0.33402352410015923,-0.04086238289784859,0.2089897353399952,0.06961756092221497,0.39612896696134364,-0.7510025308048817,nm
6.984638214111328,-56.79726756847094,31.603769370263173,-66.81255379809653,-0.09575529498921527,0.05167359258286487,0.0004227743569917831,0.2679508300883291,-0.13794271070482683,0.2222082526750052,0.10880907787059163,0.3744360377133845,-0.7515024276076819,nm
6.991795539855957,-55.533014641753496,32.46987886607645,-65.13376606373153,-0.06426710025515481,0.07024362156490309,-0.054999484230408895,0.22357707779085623,-0.1534541568122694,0.20374284482932317,0.10995167034370344,0.33918436693870313,-0.7515024276076819,nm
7.003094673156738,-54.622380548501006,33.1583136298876,-64.44632926715748,-0.020550719286801765,0.0372281736220067,-0.06497544979261341,0.17362843911123144,-0.09965116999952472,0.19426607889539937,0.07765357718861139,0.278956089662639,-0.7515024276076819,nm
7.01233172416687,-54.30033697981295,33.70931764488062,-63.264432921952874,-0.14812903448397988,-0.09928302257618295,-0.09337309867426422,0.14152141155697168,-0.048380142993056784,0.2026868706234379,0.20129049899350152,0.2518946519643254,-0.7515024276076819,nm
7.02021861076355,-53.651724265060516,34.07897590999494,-61.840684057565724,-0.007192541373196198,-0.15532560460430672,-0.09236076065684382,0.14772196127399373,-0.07609251580959567,0.21433852035866552,0.18085432316151406,0.27120628701121763,-0.7515024276076819,nm
7.04461669921875,-51.757134575689925,34.75566692582943,-59.77022339680926,-0.06895714326235913,-0.11518742863031106,-0.08951824828992182,0.15883760418697776,-0.12572317541110414,0.2954074587936412,0.16135906574551248,0.3581916638480398,-0.7519273398900622,nm
7.05838418006897,-50.51760788336098,35.12331111229332,-58.19492690191036,-0.04896595379688515,-0.0055315995206468935,-0.030004232101826497,0.16529532866475166,-0.16058988014494016,0.30628636664994396,0.057693302631378174,0.383305353052861,-0.7519273398900622,nm
7.06376314163208,-49.1042637552109,35.45987919175816,-56.233389106823196,0.06314567211731158,0.14430760257762573,0.07618111679315413,0.1467755082623648,-0.15915967484909596,0.3005373467313934,0.17497320544786618,0.3704018745958115,-0.7519273398900622,nm
7.075829029083252,-47.13750822820999,35.4123336758374,-52.68822254569995,-0.08127044364089316,0.148487777226496,0.14787820861295814,0.07293591902531771,-0.16244578101719742,0.2512598048690243,0.22476981465007856,0.3079606624183925,-0.719478819786936,nm
7.094472169876099,-46.12820896928538,35.188648392178,-50.95781461836723,0.007268608645793547,0.12336237675094873,0.07268999399762027,0.03740051840384157,-0.16983449973994869,0.22972732961569087,0.14336995465111507,0.2881270588666587,-0.719478819786936,nm
7.100586891174316,-45.605086995773064,34.82056134607409,-49.47330739220272,-0.11767818082180051,-0.09870114613817252,-0.1247899753830534,-0.00531381595132715,-0.12691369761572963,0.2373249161822801,0.19789544827160716,0.2691810526827394,-0.719478819786936,nm
7.107015609741211,-45.145648826060196,34.51233197221757,-48.05769369014859,0.03626568349353557,-0.12651125946948458,-0.15089807647053216,0.00015900232627016732,-0.11147019130441764,0.23125868696758559,0.20022619222847723,0.2567220464415843,-0.719478819786936,nm
7.132599592208862,-44.516358072602316,33.70671735957027,-44.7012671428072,0.02669473405070214,-0.1746032488316601,-0.1753929080577899,-0.030915985730559713,-0.12028635189391122,0.3248533048952203,0.24892082179997854,0.34778481037415215,-0.6918975776992786,nm
7.1437668800354,-43.652464534535426,33.01789228474926,-42.61821054140632,0.10573813416394946,0.061291346027774016,-0.098244179943435,-0.008256479257866633,-0.18792823785199625,0.3219174562655404,0.1568091228440735,0.3728485492534042,-0.6918975776992786,nm
7.157078504562378,-42.58630234972412,31.660221460550016,-38.977107467552536,-0.2162903558987353,0.16027802243725361,-0.12057490624374066,-0.07850024058914638,-0.21515485679365753,0.2893008788290354,0.29497266067702815,0.36898360216370774,-0.6684535219247699,nm
7.177046060562134,-42.15145187526482,30.832797524598394,-37.61139388207809,-0.07156379537014172,0.26422607210691806,-0.044520021930953155,-0.10500002889107841,-0.20774394058448142,0.227987415894153,0.2773424351619534,0.3258232845006467,-0.6684535219247699,nm
7.188620090484619,-42.20638099014708,29.89228617195347,-36.68058393463075,-0.11947997236011244,0.08888146610783464,-0.05904144020792154,-0.1427720586397313,-0.1867950786456763,0.1922170028018714,0.1601913558044783,0.30368345081779796,-0.6684535219247699,nm
7.189959764480591,-41.94180657868412,28.74003725444612,-35.765773530435176,0.010815429440209008,0.049198089332546685,-0.036432252122012246,-0.11073222077676657,-0.22871915170692697,0.15750865389942897,0.062166988849639886,0.29896998365872945,-0.6684535219247699,nm
7.191720724105835,-41.445909640165226,27.418895344169204,-34.73169214291146,0.08098080964551103,0.007954308388800964,-0.08457481628098644,-0.08236487564567632,-0.2635556947979211,0.16070227717333477,0.11736295029415907,0.3194852091869637,-0.6684535219247699,nm
7.19952917098999,-40.92084476349912,26.18665607927854,-33.62548158349347,0.0181364218982978,-0.08076111445480959,-0.17890005511843013,-0.061291488189438484,-0.2710870041780469,0.1746093304463257,0.1971205649561538,0.32822740384925,-0.6684535219247699,nm
7.210287809371948,-40.33609486873668,24.992428220321454,-32.48033741773113,0.050121000171963734,0.04168884093062227,-0.15167642180439267,-0.04201665382866058,-0.2722711279377912,0.1792868458414536,0.16509334041008666,0.32869551168102634,-0.6684535219247699,nm
7.226033687591553,-39.96475493222934,23.75419134514329,-31.387705663260455,-0.053646475249684446,0.0244682975244098,-0.13301524919765867,-0.07355098416669593,-0.2604849178048943,0.1887515030650443,0.14549810448790484,0.32998374139497466,-0.6684535219247699,nm
7.246135950088501,-39.02239772146386,21.131535828140056,-29.616341130151422,-0.04415038581805437,0.14958039486048844,-0.050622146087110416,-0.09579353377550603,-0.3024582061869605,0.12248085004695641,0.16396997520572917,0.3400866451821623,-0.6485260745164375,nm
7.262684345245361,-38.79231098703223,19.649790980120045,-29.124986258138218,-0.1295679768393263,0.03595231633783194,-0.10560545484363928,-0.11612590785753617,-0.3259566179181648,0.0833475304759638,0.17097643628589196,0.3559209941501445,-0.6485260745164375,nm
7.264063358306885,-38.257105321085454,18.00747394842784,-28.771898788324556,-0.002749213036347746,0.1242108860775217,-0.06896026654189646,-0.10061209949597479,-0.34978120667513746,0.03673631180383665,0.14209651914811885,0.36581312676426997,-0.6485260745164375,nm
7.2728142738342285,-37.981541827785584,16.361962142049723,-28.613487685506882,-0.013623421471079462,0.033550318969753724,-0.09546081666408762,-0.11949813564943142,-0.33155404632721813,0.016557445540871508,0.1020979384401342,0.35282012281399133,-0.6485260745164375,nm
7.286388158798218,-37.31947965321708,13.256816900380489,-28.302608942117125,0.09021918677642476,0.007627372563835817,-0.22383216797519834,-0.07907011755904032,-0.31369594867383555,0.020328180086364795,0.24145086020825102,0.32414574902472776,-0.6315877442193549,nm
7.297725439071655,-37.16361637954313,11.847394302739014,-28.08577610901098,0.15399926747919584,0.031248730796304944,-0.05521008083442562,-0.10600120019376595,-0.27728063578945294,0.03826455425933191,0.16655452736642332,0.29930750331220807,-0.6315877442193549,nm
7.315027475357056,-36.87166974282213,10.462247531171139,-24.96212710250877,0.11558385292322312,0.07928842842179055,0.09574573173593402,-0.06442607275967711,-0.2896145288223297,0.03816447198024353,0.16974547735896858,0.29913846472452527,-0.6315877442193549,nm
7.325575828552246,-36.180669990716716,8.948936319224435,-21.972524194141716,0.06856234297235646,0.19419736802790089,0.20506742476242917,0.01427550781072486,-0.34607878028432576,0.025044417407439606,0.29063045491055745,0.34727731732668454,-0.6315877442193549,nm
7.333470821380615,-34.15395260535554,5.821598054669201,-16.956120032658493,-0.07946506687791158,0.14628533120210752,-0.1119893946263304,0.07656258653661556,-0.3916507151043717,-0.07259340046326697,0.20063828021490118,0.4056130102570216,-0.6171901634668348,nm
7.346808195114136,-33.57244985792035,4.1356327856660355,-15.154611943056794,-0.09244772150923376,0.014315872312767031,-0.20508250604791267,0.028873721831007632,-0.36979735498375016,-0.13050164470862205,0.22541153408647135,0.3932104459917203,-0.6171901634668348,nm
7.353347539901733,-33.080919910020086,2.4819848208515456,-13.61076745922415,0.0,0.0,0.0,0.018909496963913922,-0.3606753486099911,-0.16221585995122578,0.0,0.3959270910029808,-0.6171901634668348,nm
7.3626017570495605,-32.54409447961774,0.9103454257470277,-12.217533427416207,0.13309474551120679,0.16666948755829003,0.29792771943496704,0.04463864043021752,-0.3436091484642326,-0.1665831825317112,0.3664066803066728,0.38446041646724405,-0.6171901634668348,nm
7.379739999771118,-31.962423576752936,-0.47874128528355464,-10.901125902624775,0.14908101069760996,-0.01407998305971996,0.11396241088587983,0.06784153243053995,-0.3082404506045983,-0.15165942483398615,0.1881776415212631,0.35016457566753567,-0.6171901634668348,nm
7.381200313568115,-31.171862596686164,-1.8816405204303266,-9.554221023853138,0.13262535450085586,-0.026758723035208144,-0.07786766009882816,0.12207803303265764,-0.2843747627781009,-0.12244173713768097,0.1561053695560127,0.33281230573330184,-0.6171901634668348,nm
7.402508020401001,-30.236778153089592,-3.1580505559728858,-8.27352591261479,0.10017784889622706,0.1883897656439126,0.04642169356769382,0.11496103979630652,-0.2712617673784639,-0.10430087042252324,0.21836043332649915,0.31253425201604995,-0.6171901634668348,nm
7.410764217376709,-28.751289346278288,-5.387646480530478,-6.3469720965079155,-0.07049529665789264,0.19913705534882423,0.07768619941291677,0.12977311318182747,-0.2558676745901251,-0.15348377545570457,0.2250784290933017,0.3253714755985821,-0.4976116389468095,nm
7.422357797622681,-27.700568458522593,-6.427521506018622,-5.844057734567163,-0.08703597163798824,0.23386390037690483,0.05407040586277024,0.14577065948264328,-0.25736200823595096,-0.20475202068090234,0.2553256607719488,0.35973278752729654,-0.4976116389468095,nm
7.438822507858276,-26.86624110655651,-7.476505861166338,-5.698453101146905,-0.04268331429476672,0.07759454056087008,-0.006331178028582344,0.13463580162104832,-0.24621494557538515,-0.258984023068339,0.08878548225508465,0.3818655819886025,-0.4976116389468095,nm
7.440675258636475,-25.772054386122164,-8.414294363867434,-5.805936170034799,-0.024359786170572093,0.12834809130965424,0.05033540898549672,0.17778755393576412,-0.2240361812088546,-0.28549852021430167,0.14000101829217015,0.40411635684498715,-0.4976116389468095,nm
7.453217267990112,-24.86353484642267,-9.248181396552145,-6.0362875631243185,0.03750389664424528,0.14027730233852795,0.18395049453545922,0.16885701086737848,-0.195937449762556,-0.2906754067570378,0.23435453538328851,0.38909685996148763,-0.4976116389468095,nm
7.457121133804321,-24.041470337639016,-9.996948235309436,-6.248540729970867,0.0886101114240808,-0.047967880071711974,0.03367740882851695,0.16388907509595488,-0.15874254969874013,-0.27088199888638553,0.10623952762773953,0.354169286276137,-0.4976116389468095,nm
7.468578100204468,-22.984569510324388,-10.421423979680013,-6.42183522499876,0.09209590735970702,0.13027736563845274,0.127491495447575,0.20376008776070573,-0.1187182328064673,-0.23254547313474266,0.20422519325872085,0.331194186604177,-0.4976116389468095,nm
7.476397752761841,-22.064015500600984,-10.677943420029829,-6.57757036635732,0.03091573442489124,0.15276612999913217,0.17569014473884645,0.17994126299726615,-0.08320190147560774,-0.2155467406108034,0.23486230022781213,0.29285117709537895,-0.4976116389468095,nm
7.5056962966918945,-19.701750807360707,-10.916618413976915,-7.044967447266079,0.008389968631255471,0.25725608888617013,0.12041964100890001,0.2536242821058111,-0.050524828024269906,-0.21369094871403294,0.28416892297250745,0.33547258648490724,-0.39596989310478803,nm
7.5223588943481445,-18.28639839703316,-10.83168843883588,-7.66743819261106,-0.020868210268338856,0.20705615354519213,0.03801770146104169,0.23945731644771584,-0.03384004531895947,-0.25649240752710795,0.21154923432883108,0.3525241980156579,-0.39596989310478803,nm
7.5238189697265625,-16.867581788654512,-10.767924439149477,-8.460907053046792,0.020362734817540838,0.0983007254421597,-0.029854241199486653,0.25983158587393773,-0.03682918331977587,-0.28524041381725257,0.10473275184631349,0.3875963563249849,-0.39596989310478803,nm
7.525096893310547,-15.307757712786623,-10.597950691992486,-9.36905126560134,0.02204178733140214,0.25536157355129385,0.2827317642638169,0.3132406592072169,-0.02512327330457668,-0.2958108670117182,0.3816184274364724,0.43157265724826993,-0.39596989310478803,nm
7.556847095489502,-12.074260559978526,-9.719588440526334,-11.112243239629862,0.080326634824171,0.03406528689973885,0.0017618592001256723,0.34988765195064053,0.038296363355932624,-0.2670029860734247,0.08726921668938199,0.4417901934243761,-0.3095744091390698,nm
7.561132907867432,-10.28859060610881,-9.013150397160008,-11.76886167671064,0.08029995148347588,0.1620805737939047,0.24229163279732316,0.3776570667778168,0.057558730138024976,-0.22342570417658095,0.30236307633903126,0.44255724238693395,-0.3095744091390698,nm
7.5865797996521,-8.660028390129614,-8.131675104375438,-12.290341129237813,0.041013620083764135,0.09704589422484566,0.3476338598875538,0.355706012213968,0.09405674649874121,-0.1965354764761494,0.3632482940890358,0.41713263142650336,-0.3095744091390698,nm
7.597834587097168,-6.933965594872053,-7.0934344041089705,-12.719115524432718,0.0006084770971037199,0.0524601215800469,0.42376976911053554,0.3828329464185374,0.11751740169566197,-0.1734502465838992,0.42700497867421594,0.4364130985715412,-0.3095744091390698,nm
7.600301504135132,-3.304270313913116,-4.701898873232802,-13.559115326303502,0.08467765082221655,0.05721844851480504,0.3471257818943889,0.40129022626615213,0.15044621775878964,-0.18907506130084922,0.3618571041930799,0.4684199920376847,-0.3095744091390698,nm
7.601958990097046,-1.616990759562,-3.423980604229278,-14.112790347060727,0.12031562079015687,-0.05665703884891341,0.0913273223396722,0.3913102278311463,0.1567392754536364,-0.20969421269907682,0.1613274572507188,0.47081053271404216,-0.3095744091390698,nm
7.636822462081909,1.701940547225425,-0.8683962923024154,-15.257467708204583,0.08065850265883336,-0.08316179640902206,0.18235125775320668,0.37437853049071484,0.15518800047158934,-0.21225378032496264,0.21604087492258747,0.4574869034682792,-0.23613824776820933,nm
7.638205528259277,3.1719816688447198,0.48467259475027935,-15.64756497199607,0.028476940099942477,-0.14612257171704426,0.3239504128036817,0.3582944230630179,0.1715941353711951,-0.18684027964055033,0.35652014254223313,0.43900880513721807,-0.23613824776820933,nm
7.64018440246582,4.615142901482666,1.9500545497281219,-15.801626151130609,-0.01855958797120224,-0.10517246499473637,0.31664193049433276,0.35975028111090257,0.1932319938630926,-0.1490257633134049,0.33416735005967846,0.4347039755314214,-0.23613824776820933,nm
7.650357007980347,5.960330830430892,3.490054029036827,-15.770820113679392,-0.03858329590723086,-0.0856344549915535,0.2077492452302291,0.34477704969481826,0.21263979727458762,-0.11205968731469657,0.22799491112411963,0.420290698091581,-0.23613824776820933,nm
7.6746299266815186,8.599387447577348,6.783876531599348,-15.421461306570993,0.012902891891249602,-0.031039044557472605,0.17394591809618276,0.34347977867806667,0.2453686240889518,-0.07043998681572711,0.1771640181541443,0.42795550211516015,0.2,nm
7.686266899108887,9.929556854720833,8.512372464057558,-15.158613932718067,0.04626598597525794,-0.013202483137271858,0.32142690579720123,0.3474819048622356,0.2537428698171888,-0.07191656614291199,0.32500785035075014,0.4362351552494806,0.2,nm
7.687602758407593,11.198335515632342,10.217879062786581,-14.94644537859342,0.11134324598239152,-0.008154902993282656,0.338877382691741,0.33223235086761194,0.25426495414563066,-0.08136832109910401,0.3567936397537516,0.42620394830196795,0.2,nm
7.695844650268555,12.562545117712624,11.915116340587069,-14.707192322790082,0.09028855668393652,0.04066573769959135,-0.30177474796563175,0.34739858805961354,0.2498352011836117,-0.0891180148280043,0.3176062408083962,0.43708743667961125,0.2,nm
7.7036309242248535,14.616274284797722,13.576601958866982,-14.360079079387495,0.13810130088470668,0.24065199148413285,-0.2960829551104287,0.4729593764733967,0.2120241947229162,-0.10486046789890445,0.40577144628257367,0.5288105035548958,0.2,nm
7.714737415313721,17.072257081707008,15.162016934325061,-13.881217668070633,0.21580906116787388,0.34578638701992226,-0.07586656895433375,0.5405935953441281,0.1828307252706644,-0.10637292439005826,0.4146052491410996,0.5805029788669315,0.2,nm
7.724141836166382,19.791774154429593,16.693774917563474,-13.216431251213155,0.19934725778716456,0.2554736710714185,0.1947508886943207,0.5819586266290284,0.16726896926561544,-0.09546192931065921,0.37806617733565806,0.6129989650357003,0.2,nm
7.739412069320679,23.060804423405994,18.123432375875115,-12.300013774733795,0.1886073596556749,0.20126441566982267,0.6447187122101132,0.6733233733831286,0.1341552101046989,-0.10067294630282088,0.7012434092418032,0.6938998686118644,0.2,nm
7.749222993850708,26.605991625382046,19.37189730856301,-11.219037440455327,0.08763866691316181,0.30941016610077776,0.5239078055817852,0.7099307463837238,0.10170644835224935,-0.10936888760036031,0.6147313035581876,0.7254704817374171,0.2,nm
7.77944278717041,34.88040074706564,21.78082183513855,-8.68858356620566,-0.028879278991641198,0.3101452809847623,0.15672536051003116,0.8647376787409458,0.10897715220067307,-0.1474883132896244,0.34869319852729197,0.8839683678124836,0.2,nm
7.7873008251190186,39.76805949804699,23.127577861942694,-7.1810283457007245,0.03781555198101022,0.025810663068696078,0.42771237546626745,0.933287211569415,0.13967023091454656,-0.1723148230128946,0.4301558815437394,0.9592836863580564,0.2,nm
7.793916463851929,49.46814439236144,25.489482806614657,-5.209435112945975,0.16467263608802407,-0.234152583602155,0.19994165375180595,0.8941999743601526,0.13137215756212414,-0.2295566723095482,0.349172127164741,0.9324958464948027,0.2,nm
7.799497842788696,54.14702868578462,26.51750723807386,-4.19322729733908,0.09265103301513417,-0.1431015336273518,-0.060415551456086736,0.8561498115832935,0.13320656019936972,-0.22135913479304592,0.18086542428837704,0.8942797963224838,0.2,nm
7.831362962722778,63.65747624543315,28.111043727691097,-1.9168741492487824,0.05971878982224875,-0.3379460713920207,0.014275304335912847,0.8547419936434804,0.10427285572220397,-0.22665313903525627,0.3434787698548742,0.8904090911331881,0.2,nm
7.835656404495239,68.06767952339034,28.702902514442233,-0.7252924244795831,0.009058457815465933,-0.3526592064461095,0.024695165660540398,0.7788840026294797,0.10077871581648912,-0.19586877107674885,0.35363883095072546,0.809432649821377,0.2,nm
7.8381688594818115,72.0808734700631,29.208121040304132,0.39539075381355043,-0.11374484305272671,-0.13172548764268927,-0.0715269375921431,0.702935125107281,0.10024282029040557,-0.17892886491694662,0.18816374841372618,0.7322444617952601,0.2,nm
7.863002061843872,79.85922477122676,30.22343601943559,2.6976495253306045,-0.05653133419571461,-0.07684076502548558,-0.025090559875148157,0.6636008775525478,0.13455086594183352,-0.15666916222097493,0.09863990627782375,0.6949930119110774,-0.2,nm
7.874716520309448,83.73139558105822,30.79440159463383,3.9787657859967243,-0.012107266005870863,-0.054836240373332415,-0.026649891797799512,0.6593442594000232,0.1566058396051777,-0.15095251972944823,0.06215960007314421,0.6942959776744189,-0.2,nm
7.876079320907593,87.50976349828404,31.34030178405562,5.183739383918193,0.07451361610090342,-0.11583794333477324,-0.03260061222168895,0.6362430366502057,0.16506886519647096,-0.162752986191492,0.14153977539084864,0.6771568994386556,-0.2,nm
7.888048887252808,91.12428598569053,31.80500749639151,6.348274383479523,0.07076841222767924,-0.0608632558814653,-0.10342937684998466,0.6030431655949418,0.15960864254968044,-0.15910037298575586,0.13932027878702943,0.643777063144942,-0.2,nm
7.913921356201172,97.95758616967301,32.301579117584446,8.592948174661366,-0.04257146819634082,-0.08354676728725734,-0.1511837703152144,0.5464027484100854,0.11883106615528514,-0.14504927608198726,0.1779014464113957,0.5776816409109825,-0.2,nm
7.91625452041626,101.11942768266718,32.34446918241747,9.662091207996063,-0.0881912798000998,-0.08565413296525419,-0.15999133640423913,0.525600430188888,0.10037050586326562,-0.1368436363312916,0.20177105850746618,0.5523189580906696,-0.2,nm
7.926964521408081,104.05229195007703,32.32821728664166,10.73693712045048,-0.09602948882770605,-0.16890902140770964,-0.14298057015644997,0.48763225378834385,0.09221843760420005,-0.11097836058696497,0.2412371523619116,0.5085328422898858,-0.2,nm
7.9316956996917725,106.55713949277853,32.34383982545557,11.807823662516773,-0.13251227955376454,-0.06641393010726386,-0.22629229283364588,0.41365905049131496,0.09389917879140094,-0.06563117503834318,0.27051527894138644,0.4292299115485655,-0.2,nm
7.959469556808472,110.91614096607043,32.563864996676394,14.019577694604656,-0.05818249459779318,-0.07347742703496724,-0.3378848872515041,0.33081235401702563,0.118198841299878,-0.010780816096754051,0.3506427412542042,0.3514598208197228,-0.2,nm
7.965664386749268,112.55938067049988,32.780727658577426,15.058738380121179,-0.06400315457873641,0.038816836358699806,-0.38403050744489386,0.255569182898613,0.12051154288324893,0.01942860436601438,0.39125769159124574,0.28322448672947925,-0.2,nm
7.973214864730835,113.93809897956156,33.003010328342924,16.001644091579966,-0.0620657454415601,0.04150347061774181,-0.37316553842451294,0.2096731012498406,0.11409495405913134,0.028045317408840212,0.38056170839719405,0.24034768099160805,-0.2,nm
7.979853868484497,115.0519565145565,33.168533866918,16.877460842533175,-0.07528747445427772,0.01283437198880198,-0.3053119631290641,0.1679727734946024,0.09397146106309827,0.04293096318460301,0.3147194301973958,0.1972018147222792,-0.2,nm
7.989146709442139,115.85545796730906,33.255712161974195,17.686688155530625,-0.11832751921895047,0.030489052196732244,-0.22071196418148925,0.12135923691226227,0.06606089724824248,0.0633342570331818,0.2522791216910689,0.15199781131027706,-0.2,nm
7.9985058307647705,116.4832787734609,33.25653129907218,18.45976988070109,-0.11023482269623802,0.0486095498580011,-0.1359748133660612,0.0978015379168822,0.0422522550167733,0.07537197436854404,0.18166935443878174,0.13050413170900854,-0.2,nm
8.009901762008667,117.00249676957816,33.183844534663585,19.262494040470482,-0.09544858073482258,0.01758848553172824,-0.057633430250032716,0.08482749865480006,0.023888678334962925,0.09336057113517023,0.11287780415111354,0.1283844605990406,-0.2,nm
8.02766728401184,117.83990444878128,33.00322777023835,21.00272320603824,-0.03872016316767847,0.06992540065734622,-0.017068224549530716,0.06961355752198474,0.01936063528919201,0.12052944888643892,0.08173210496552284,0.14052839442097273,-0.2,nm
8.048062801361084,118.28245683860361,32.96859811110988,21.887238738102017,0.01596630401339133,0.07178821216692699,-0.027021206835408783,0.06918427624209304,0.03038050294011128,0.11863788812305191,0.07834931964486803,0.140656985380514,-0.2,nm
8.065950870513916,118.83158207821995,32.90681945607895,22.815185094133366,0.02236990567811805,0.10983704960440543,-0.05031120151874731,0.06176677993548916,0.03843647237389103,0.11592087197008905,0.12286499560130429,0.1368581238745213,-0.2,nm
8.068272113800049,119.94636063169277,32.850863319155366,24.47725584144912,-0.01624812359563728,0.09123238236346626,-0.05933847699610053,0.06219003000325237,0.039815982496006874,0.08938073004812046,0.1100381932072204,0.11593889424115938,-0.2,nm
8.087713241577148,120.97499996366938,32.7328977840527,25.940524100015317,-0.06490739613738421,0.06054148912577143,-0.049602920747378106,0.06753018317650475,0.01397399661051588,0.07958829729882204,0.1016793574211201,0.10530857176910471,-0.2,nm
8.100031614303589,121.44397403696104,32.60816797586878,26.659737170556685,-0.09041759287704064,0.05261656808998293,-0.03849105227955624,0.06670275950627699,0.0017149606838951,0.08350706694470078,0.1114693027018363,0.10689073601396086,-0.2,nm
8.107410192489624,121.8753358073578,32.43707924970197,27.37899252548317,-0.06033504146025433,0.04550334939089956,-0.05137580799381537,0.06778190360660524,-0.0036395469431725726,0.08785125925049848,0.09138022587419158,0.11102016262996996,-0.2,nm
8.116161584854126,122.26526613920325,32.24049773942937,28.125711472968742,-0.06289048523534536,0.046739510387732955,-0.053003966505927404,0.060439556699991064,-0.0055388958585160936,0.0981024187205705,0.09460029296880461,0.1153590219282786,-0.2,nm
8.122376918792725,122.64084097564901,32.058973532865394,28.885946034767997,-0.040330084637181976,0.07274845857241757,-0.08501769938073396,0.052251707201319025,-0.001353534902691097,0.10262760889042886,0.11894058667880308,0.1151716070424999,-0.2,nm
8.14717960357666,123.1638092440026,31.79111871448259,30.220668465088643,-0.005853409928497432,0.05669516489433797,-0.10805656380382263,0.03354555327503597,0.008317448091022413,0.09575445754056189,0.12216720145471449,0.10180078696239238,-0.2,nm
8.154720067977905,123.39321374719874,31.67595750593413,30.855318789673913,-0.02106037360966278,0.05547732894016252,-0.11054651954019387,0.024467047512542483,0.004065214691777769,0.09349122608830727,0.1254663554319007,0.09672523838154262,-0.2,nm
8.167564392089844,123.55620753743722,31.57078938767262,31.42951138731992,-0.03946015958302827,0.03940810786678442,-0.0878496599788802,0.0200137212493544,-0.0034775996466706546,0.0884585468215156,0.10405607103078147,0.090760989655929,-0.2,nm
8.171055555343628,123.64575664904952,31.45219952561583,31.962750935909817,-0.059031074522723784,0.021416776055753154,-0.06334329007719156,0.014975312972681353,-0.015237381542094613,0.08801494250184727,0.08919483423233032,0.0905707894328663,-0.2,nm
8.18037223815918,123.6591922605715,31.29704275148956,32.474403988982786,-0.04911656558247574,0.01745773610262902,-0.0527402072789433,0.011738330618286984,-0.0267328678726096,0.09167761984888645,0.07415348291397095,0.09621445115758627,-0.2,nm
8.191105365753174,123.67343229665863,31.10019971937879,33.020021021146164,-0.044215749125972335,0.015392223430674225,-0.047553471758362796,0.011885887745984597,-0.034422554445012694,0.09839987489448128,0.06673294305801392,0.10492245689688921,-0.2,nm
8.20017671585083,123.61311639293578,30.875381228918446,33.553161961366726,-0.01719590439286675,0.005846790876705474,-0.018563217182139154,0.009983430619681604,-0.03581130444405504,0.10361225313241304,0.025970697402954098,0.1100800500186025,-0.2,nm
8.230513334274292,123.40855041631768,30.439609252422503,34.658999648199206,0.0016093687288810219,0.07487048017430287,-0.045370805825983025,-0.009122524737416976,-0.032677337912415665,0.1112875186837132,0.0875596304842319,0.11634406166798887,-0.2,nm
8.241547107696533,123.28397476491318,30.253986417267335,35.160874685787434,0.047535819299130345,0.03348424155452399,-0.033914621122276147,-0.0048111936142081705,-0.02311803451299972,0.10370692844553363,0.06731307506561279,0.10636126226848135,-0.2,nm
8.243420600891113,123.19187899612433,30.098923575288243,35.67547465135967,0.014673382654494551,0.03639243114966431,-0.05632567898421338,-0.011484030684161997,-0.022469357900097547,0.10290089811428033,0.06864618938106423,0.10594975147645676,-0.2,nm
8.24722695350647,123.08350633683692,29.96384460684455,36.151000533710416,0.012835191590851908,0.030485727179151902,-0.04654188933809525,-0.010002073417313127,-0.019839517768515027,0.09666637916604551,0.05709876678156071,0.09918687815939274,-0.2,nm
8.255708456039429,122.93299280633734,29.851323714852548,36.60859056069417,-0.01857485082858959,0.005274175725888257,-0.020500810547372836,-0.014118930009693706,-0.023950318519207797,0.09722733888397912,0.02816247940063477,0.1011242669602616,-0.2,nm
8.290913105010986,122.5518177804331,29.668416309442847,37.524629345153166,0.0,0.0,0.0,-0.019699235519165508,-0.03356446370234511,0.1027607010796049,0.0,0.1098835510439916,-0.2,nm
8.292386054992676,122.34439182939495,29.563527348593993,38.041852699858424,-0.05763779059147503,0.026293962085266347,0.01873328470072391,-0.026023531653402036,-0.04172342242810549,0.11458507372840372,0.06606378207525307,0.1246908468981323,-0.2,nm
8.303479433059692,122.11238286148681,29.450898064356128,38.5661942785325,-0.040398594622527734,0.02407258071757651,0.04107932606385064,-0.02771839772197163,-0.042375173152985834,0.11833130928908957,0.06244234636638602,0.12870999817453618,-0.2,nm
8.304859161376953,121.82755196749457,29.341022783589924,39.095836099043616,-0.022572883399378053,0.055371038122120055,0.03095343676744918,-0.0392939667904881,-0.04768135981256778,0.12445593889543359,0.06733202934265137,0.13894894251505274,-0.2,nm
8.314929246902466,121.50797688262973,29.245430629019292,39.63227983416234,-0.03963337486752051,0.03825768559219349,0.04188768294997972,-0.04469151624583519,-0.05223683110397319,0.12909254097530687,0.0692028387653177,0.14625628972320492,-0.2,nm
8.336141347885132,120.9262352452085,28.94567267581535,40.679426115071166,-0.03359563057105346,0.02793898736588927,-0.01313848488313452,-0.029462877392841442,-0.05454231649134893,0.12050027589564614,0.04562754862495219,0.1355110398581419,-0.2,nm
8.355931520462036,120.66789643108551,28.725466328935926,41.19593019554116,-0.046952614823353174,0.04740101898588947,-0.007499201017885619,-0.023846351339936858,-0.061376219273089956,0.11859620609265083,0.06713898014981666,0.13564935998395508,-0.2,nm
8.35750436782837,120.39482536758112,28.495993055808277,41.6641014867887,-0.043496995864189515,0.06504595422979817,-0.04224110842740369,-0.025712877016134353,-0.0672681351232285,0.11011395452506736,0.08892286574357572,0.13157217421838244,-0.2,nm
8.3739595413208,119.64921293254802,28.10737964679934,42.45112352298283,-0.05210104561970195,0.00726222410512244,-0.06279764485842204,-0.03789165646444031,-0.07771602262368507,0.1062215828872633,0.08191949129104614,0.13696197455184428,-0.2,nm
8.387917041778564,119.24825414566078,27.958239119104682,42.85266247108311,-0.05731228641537594,0.0072512565854998805,-0.06986810774627623,-0.03729450800013058,-0.07649098941403454,0.10822690591457104,0.09065777063369751,0.13767648656306988,-0.2,nm
8.400132894515991,118.7721705340641,27.840297246170078,44.135248139815154,-0.05220668090746469,-0.036672317192892316,-0.052918036779486366,-0.04098188147971775,-0.07895477823373262,0.11408168772311036,0.08288977618660226,0.14466514123764854,-0.2,nm
8.406588554382324,118.19491805614005,27.727790148295867,45.432620700886474,-0.05763415512238399,0.0036384165509029823,-0.07201354869470501,-0.056493197759691534,-0.0930852183968379,0.12829016153213338,0.09230864048004149,0.16826973828660785,-0.2,nm
8.408513069152832,117.55247323636218,27.619540148188012,46.55598569511503,-0.06617630106291467,0.002103361529009207,-0.08405365258489392,-0.06552558403803584,-0.10524222346041404,0.13799589985201038,0.10699880123138428,0.18550578464938364,-0.2,nm
8.438622951507568,115.99188761031421,27.29187916773985,48.676389496622754,-0.02824314020923483,-0.025344006768732087,-0.07303372911860963,-0.07229049745450462,-0.13196699566173198,0.1474742075642907,0.0823038227359002,0.21068897897830066,-0.2,nm
8.447371482849121,115.07245963421245,27.06779286411626,49.736042632033424,-0.04498369440068743,-0.003099177861204107,-0.06152109967215637,-0.07896744262711103,-0.15276528431062347,0.153644295538399,0.07627570629119873,0.23060715218106873,-0.2,nm
8.453837394714355,114.05689459139968,26.82504766118725,50.58331979676626,-0.03217148967884429,-0.003320506813874709,-0.04546843943219139,-0.08376120643570094,-0.1678223286507083,0.15392496849041964,0.05579793453216553,0.24263793937075698,-0.2,nm
8.456793546676636,112.94243273884747,26.5741352701798,51.411433981893225,-0.01746886341361325,-0.0024534615386144158,-0.02561680276726642,-0.09067016676547625,-0.18183713017255848,0.15673165303870473,0.031103074550628662,0.25661378005655927,-0.2,nm
8.48790431022644,110.60216061509371,26.099791169020826,52.949415024218816,0.0,0.0,0.0,-0.09698097443930905,-0.1946831081136896,0.16348561912835188,0.0,0.27209257551389565,-0.2,nm
8.494481086730957,109.35325749601296,25.872698223476537,53.99707904956087,0.0,0.0,0.0,-0.10230051856184985,-0.2037061895500545,0.16668678698057732,0.0,0.28239350685335257,-0.2,nm
8.497431516647339,108.07333423024677,25.641066105377334,54.982873334873595,0.0,0.0,0.0,-0.10533375391767952,-0.21364752783303287,0.1702704382202979,0.0,0.29280110654724156,-0.2,nm
8.505165815353394,106.78683249525015,25.39087823343284,55.74893414679017,-0.022135859074710655,0.019667977870485798,0.00800318858654732,-0.10269022680820687,-0.21915450773015985,0.16927144026817026,0.030673712491989136,0.29534183826683,-0.2,nm
8.541546106338501,103.9776385206713,24.833389838958794,57.10439874301619,0.0012292974762869707,0.01690631168640825,-0.04295573063499874,-0.10422299122424554,-0.2442875160765456,0.1678838921164075,0.04617931724819845,0.3142034749055638,-0.2,nm
8.545270204544067,100.9676486804622,24.264032832196737,58.70832315911985,-0.012991871030702526,-0.008586235360696245,-0.031247423846281968,-0.1013893449911357,-0.2625008291229468,0.1626651540018877,0.034912943840026855,0.32503297816440707,-0.2,nm
8.551802635192871,99.34232536593673,23.990942439556,59.416016339606834,-0.011465921948199514,-0.008762183756813889,-0.030058237805528784,-0.1061920747160149,-0.2753678822452785,0.1651162649010399,0.03334277868270874,0.3381828029921268,-0.2,nm
8.571569919586182,95.87603412604274,23.507059181222893,60.4664147881186,-0.011009041173389042,-0.011399451725339413,-0.03527922559243058,-0.11838443044434803,-0.29907245581990904,0.172137717050044,0.03867518901824951,0.3648158450958307,-0.2,nm
8.590814352035522,94.00328592398158,23.263589173923087,61.113549001942154,0.032348016197583145,-0.03079328094613189,-0.0263666478409582,-0.12316144253798995,-0.3120406810799008,0.17466026516604036,0.051863478688915735,0.3782120249340553,-0.2,nm
8.599363803863525,92.09417892224992,23.01657659583563,61.76034145201978,-0.007922969880600891,-0.011932935791162811,-0.03357090931963492,-0.1262496453802498,-0.32653807808161744,0.17787749784836968,0.036498963832855225,0.3926913465263426,-0.2,nm
8.602461576461792,90.07773340974539,22.742021106447172,62.555614633589975,0.04981021577547793,-0.025901316769312413,-7.024653483793474e-05,-0.12435666248376044,-0.3386841774325541,0.1784058974462796,0.05614214763045311,0.40249250401824643,-0.2,nm
8.619065999984741,85.81465224497613,22.14201231272756,63.86848822275176,0.011315001403237658,0.023064674694832282,-0.010453833417159612,-0.12426226990571161,-0.37523372832541924,0.17902518827431263,0.02773609757423401,0.4339256625641857,-0.2,nm
8.634191751480103,83.56427198990482,21.80428294964898,64.33892136128624,0.05895788204963932,-0.02534482220598542,0.006715095454882175,-0.12230471205086184,-0.38813586766364155,0.1785749940300035,0.0645250678062439,0.44440625878768614,-0.2,nm
8.641141891479492,81.24435982773502,21.476359012543437,64.81731037888336,0.0,0.0,0.0,-0.12766155882207142,-0.4112642486829689,0.18271059520512115,0.0,0.4677808433934183,-0.2,nm
8.645793199539185,78.89930929145375,21.145671377917722,65.32821854481116,0.024042248154077215,-0.009047997873602952,0.004689087542651535,-0.1243524026535106,-0.4170970364815551,0.17851178060648715,0.026112899184226993,0.47042524773091754,-0.2,nm
8.655391931533813,76.5115090974537,20.81109896816562,65.81289604499501,0.040506622045346816,0.005446394044367605,0.05673596575241239,-0.12411590992923664,-0.4237893638129303,0.17546428982698423,0.06992438378326984,0.4751735482779092,-0.2,nm
8.683873891830444,71.57953590563848,20.14910676132321,66.190590066374,0.03969306056214094,0.012695765968116057,0.07532751041808675,-0.1314967974334647,-0.44380990072842125,0.17243994067543203,0.08608690583412747,0.4939576589749118,-0.2,nm
8.696529388427734,69.06442120776961,19.810454450630562,66.38926468269096,-0.012274622736358261,0.026500748325894802,0.05376054576893927,-0.13368383412381019,-0.45624419368389657,0.1693609255428458,0.06118130683898926,0.5046912470778948,-0.2,nm
8.69787883758545,66.54684230513082,19.459250176267744,66.42595491952945,0.011883727952727793,0.023382258143652294,0.07410759250293801,-0.13203030792605613,-0.4579139525750573,0.16241218943748428,0.0786122652805041,0.5034827796974176,-0.2,nm
8.706347703933716,63.999475245465135,19.148584045175006,66.5628553167905,0.03930987606307328,0.025909979184496897,0.1134908799528538,-0.13307172245364848,-0.46467436395585265,0.15831867291608848,0.12286892695025994,0.5086208312962304,-0.2,nm
8.712057828903198,61.38887997102391,18.81235610892942,66.63393400695931,-0.019271576953002925,0.026482970662493815,0.048927057444224674,-0.13814101352229502,-0.47980130304099056,0.15511012864943158,0.05887782573699952,0.5228301655666423,-0.2,nm
8.74985122680664,56.175161466614824,18.13114963176145,67.23544884105935,0.008160106860484982,0.032357498980384466,0.10076111480769424,-0.1294978992405363,-0.4830001589500042,0.14114579105758474,0.10614328684155892,0.5195969532115376,-0.2,nm
8.757493257522583,53.541820617465454,17.777155247342385,67.38191016482573,0.003054667526006059,0.02956351986711856,0.08877826053196404,-0.12902818034571525,-0.4887433966919407,0.1377952005408332,0.093621110032456,0.5239331030058996,-0.2,nm
8.764678478240967,50.92665671347773,17.437077827500765,67.27467837122222,0.006339218737476834,0.03536193160651095,0.11164130454036178,-0.12550093840530077,-0.48558616353734413,0.1314117972832369,0.11727929391251868,0.5184722444111526,-0.2,nm
8.766030550003052,48.301374695831,17.085393088559695,67.00113545674043,-0.007325570696407996,0.040593053418064094,0.11225955186996638,-0.126183434689792,-0.488649455604757,0.12658361552177752,0.11959793876934313,0.5203114080735723,-0.2,nm
8.769328832626343,45.68750125128875,16.728130718252455,66.78196119700617,-0.012999180397653912,0.04485189449927479,0.12009568581225501,-0.1259530464925913,-0.4875659001397145,0.12138454339343083,0.12885513137590096,0.5179950620176282,-0.2,nm
8.791440486907959,40.576766790695736,15.987578355007589,66.22197600770097,-0.018096820515669805,0.045227055566562015,0.11898817227636437,-0.12414539297319449,-0.4781395174177747,0.10675887466214236,0.12857358441634512,0.5053977978108911,-0.2,nm
8.806714296340942,38.05457232157747,15.619654385629586,65.75020979843897,-0.02732220071351349,0.05019418929705641,0.12355754887064917,-0.12494067490079454,-0.4728412268395198,0.09930735792898847,0.13613385755917265,0.4990500469718488,-0.2,nm
8.813337326049805,35.55075765459193,15.24329337661111,65.25540077833683,-0.030007481562772827,0.04382892847712323,0.09997710801737612,-0.12581505794661157,-0.47010493538802056,0.09266273988795917,0.11321151023067852,0.49539324021006564,-0.2,nm
8.818522930145264,33.12504266279166,14.855866520483957,64.87763059780443,-0.035547418272440796,0.04319992018537502,0.09056040619559849,-0.12039554789525662,-0.4573735879889581,0.08516056136400134,0.10644735421874243,0.4805600983797178,-0.2,nm
8.838438987731934,28.564594536357923,14.049404847319702,63.76145121870405,-0.048523485040776734,0.046933542517691336,0.08249894454677673,-0.11324051090111902,-0.43190375552555754,0.07448303590488081,0.10659907065774338,0.45267205566926133,-0.2,nm
8.845128774642944,26.36723205953929,13.632083435204493,62.97410083380781,-0.048837694718468605,0.05121000366572087,0.0965965000813844,-0.11001796436228424,-0.4186514813901155,0.06899048641008822,0.11974334523818173,0.4383294452437112,-0.2,nm
8.862464904785156,24.31013179760605,13.208347436743917,62.15667773960942,-0.04943970163141673,0.04383567677227635,0.06676417840437111,-0.10844167557406388,-0.4058954221162742,0.06316234525360041,0.0939324553788396,0.424853118800126,-0.2,nm
8.876793622970581,22.364749568490787,12.78328192655125,61.45074148947154,-0.05266716157360166,0.04252414666120014,0.05369667275763183,-0.10274388118345879,-0.3869263364656956,0.05525771230358619,0.0864029260078808,0.40413080771011667,-0.2,nm
8.87821626663208,20.50521191947849,12.34871911837999,60.86195486104989,-0.047471947591339395,0.042495849530814776,0.06396282613850292,-0.09728708334152927,-0.3712767144931421,0.0473089683787143,0.09028137218211117,0.3867160635388476,-0.2,nm
8.887161493301392,18.70804642431007,11.917690165636863,60.09547220767976,-0.04009254778824457,0.03409715368196552,0.04533867482444815,-0.09495974262121341,-0.35830208106267336,0.04019728335288468,0.06946670938083434,0.37284521668043663,-0.2,nm
8.895588159561157,16.997632899110435,11.481355490604038,59.227805115884706,-0.031449162669979984,0.02951756314409031,0.0456470365046885,-0.08999200735390805,-0.3413335774862071,0.032879098132713065,0.06280118078721597,0.3545253271645609,-0.2,nm
8.924336433410645,13.791625550092256,10.58825088789861,57.75631387355397,-0.027383234503916293,0.01905045571309664,0.00804076239426792,-0.08155275292445603,-0.3171986164100026,0.022920574050887724,0.03431348502635956,0.32831565067294544,-0.2,nm
8.929963111877441,12.291257968482789,10.135746205423645,57.10405955000735,0.0,0.0,0.0,-0.07518491606266632,-0.3024740225147732,0.019511635148763487,0.0,0.3122883440120623,-0.2,nm
8.933346271514893,10.894768503754362,9.67503798188965,56.424413724910025,-0.021991508930620476,0.027156797201872022,0.061376543592644224,-0.06820727985901837,-0.28718281436152837,0.016296963764817256,0.07062717750759208,0.29562102922208744,-0.2,nm
8.959540605545044,8.197035233872693,8.760572248659098,55.15944847401858,0.0,0.0,0.0,-0.06043773407020204,-0.2677998663807876,0.009958930520427338,0.0,0.27471561373576653,-0.2,nm
8.967365503311157,7.003728048939759,8.298128107274454,54.50353274865159,-0.02289766191247828,0.02484292367457694,0.04751640642023151,-0.05355203658716535,-0.2536089182698356,0.005095292759144132,0.058303367457220104,0.25925135690470485,-0.2,nm
8.974200248718262,5.8198341603018084,7.836998204309268,53.78419461530286,0.0,0.0,0.0,-0.05343835155304977,-0.2492359198460088,0.001030494529541062,0.0,0.2549024579661186,-0.2,nm
8.984225988388062,4.757315882040553,7.376413022494221,53.06408738824383,-0.02022767548418922,0.015548224764991115,0.002105543686358901,-0.04320397228022045,-0.2310995554512188,-0.004398462279065246,0.025599598884582516,0.2351444964717681,-0.2,nm
9.010261535644531,3.0151702491569963,6.444977373188637,51.723395876666274,-0.047366824000363815,0.03783323746603746,0.0031728991505071548,-0.024113102384566862,-0.1990562736655569,-0.012912020141808625,0.060704506933689124,0.200926757940221,-0.2,nm
9.016764640808105,2.2695623216403455,5.976923954952928,51.04203338121593,-0.03714558631481201,0.03028917077347717,0.0018891994062987152,-0.015398151073310981,-0.18481212233889882,-0.015442707374964861,0.04796662926673889,0.1860943331511022,-0.2,nm
9.018127679824829,1.6383209501417701,5.507050937051626,50.25219914908085,-0.0471577200017073,0.04542925698077223,0.049536077439869125,-0.005416183542872922,-0.1690003092145397,-0.017573974256571735,0.08210658264544432,0.1699978944868164,-0.2,nm
9.026248455047607,0.9330494101206869,5.041793410037277,49.43198153125398,0.0,0.0,0.0,-0.008746970258288802,-0.1700790803621159,-0.018960697028854445,0.0,0.17135609442719704,-0.2,nm
9.035917043685913,0.2938184607819711,4.576073711385988,48.647762214264894,0.01994791731758254,-0.01757141187719256,-0.00013588863307714328,0.001917535352419115,-0.1552834912983551,-0.02111293082358164,0.02658368647098541,0.15672394666928038,-0.2,nm
9.058446645736694,-0.8515453668858532,3.6506442054491184,47.29848326295676,0.030007067057785965,-0.02763865870023941,0.0006051362183186436,0.00698674401916994,-0.14443243507635564,-0.02630869306490174,0.040800560265779495,0.1469751347162448,-0.2,nm
9.072046041488647,-1.4228837949070765,3.194654191909843,46.57499062761349,0.031644464394020216,-0.029867922679632737,0.0010791675522674456,0.006955061033222429,-0.14202074335336765,-0.029062741699577985,0.04352734237909316,0.14513065620920812,-0.2,nm
9.078118801116943,-1.9806625743765685,2.7351529183088226,45.865293738525956,0.023399896389804463,-0.019893729708945714,0.042212359354360685,0.00523158079467338,-0.14228387022519765,-0.031507104209619566,0.05220343777039837,0.14582443821097996,-0.2,nm
9.085871696472168,-2.5690387342243457,2.2756969731194596,45.19953321695932,0.028665961743508977,-0.028365736309449333,0.0018080198008915496,0.00029606254534447833,-0.14476687664272983,-0.032979028582127805,0.040368568152189255,0.14847610094605435,-0.2,nm
9.118833541870117,-3.620783970665824,1.3691181034655764,43.995963338127254,-0.0009254345759370593,0.0021478006800262177,0.03456593511711565,0.0037365727237806657,-0.13720920852438565,-0.03330453645870789,0.034644961357116706,0.14124277336677388,-0.2,nm
9.120251178741455,-4.140355317604201,0.9197526502111639,43.50331768184921,0.0,0.0,0.0,0.0011822078385281098,-0.13790622790412244,-0.03340558142910401,0.0,0.14189946504738393,-0.2,nm
9.122201681137085,-4.581591665641316,0.47548383720932935,42.9861251144464,0.0,0.0,0.0,0.008276999995828474,-0.12888224998324804,-0.03368453490800173,0.0,0.13346831452312483,-0.2,nm
9.130311489105225,-4.955573719724583,0.03962607265666193,42.46612808166136,0.0,0.0,0.0,0.013669564500025051,-0.12251880585508283,-0.03517680607109365,0.0,0.12819954160268732,-0.2,nm
9.150216579437256,-5.6120876799631825,-0.8376028276046585,41.40144469328538,0.0,0.0,0.0,0.026217076489987112,-0.10842918228536223,-0.04033459746724618,0.0,0.11862167771364106,-0.2,nm
9.160496950149536,-5.835238114629716,-1.2750180782900096,40.899193511455586,0.0,0.0,0.0,0.03306557592852808,-0.10103905208912861,-0.04273801763427091,0.0,0.11458080340904471,-0.2,nm
9.186062574386597,-6.0370638784136785,-1.7196583691058398,40.350022183479794,0.0,0.0,0.0,0.03848016083839548,-0.09635874644664215,-0.044200497402841016,0.0,0.11278038289337207,-0.2,nm
9.18847393989563,-6.316739403240738,-2.597017327191723,39.37223618272818,0.0,0.0,0.0,0.04826107277643977,-0.08572240368677753,-0.04411447142351149,0.0,0.10781256062420314,-0.2,nm
9.204909086227417,-6.40331473842291,-3.0339514371960514,38.84149034284708,0.0,0.0,0.0,0.05544154211187963,-0.07905142772394422,-0.04294538595755117,0.0,0.10567496861594201,-0.2,nm
9.218780279159546,-6.553671953564524,-3.879181095683391,37.7503059983507,0.01987975597959468,-0.026091188947604933,0.003759669453086958,0.05575850442064882,-0.07524744280559767,-0.043656408112806605,0.03301651030778885,0.10332991064218111,-0.2,nm
9.226510286331177,-6.60540749430523,-4.290097155208239,37.242434704723365,0.018835427668790962,-0.02522726022416156,0.0036353830643812116,0.058510284837126156,-0.07167881897713682,-0.04443500226606215,0.03169233351945877,0.10264392796490074,-0.2,nm
9.239616394042969,-6.624618700404345,-4.697088989759684,36.79272357786426,0.0,0.0,0.0,0.060498385645399846,-0.06900765732633485,-0.04594911792751536,0.0,0.10263251372584173,-0.2,nm
9.247921705245972,-6.641881626005853,-5.09735247592272,36.365000084789074,0.0,0.0,0.0,0.058731370883105496,-0.06841978472471548,-0.04840939601944913,0.0,0.10234310182202394,-0.2,nm
9.254451274871826,-6.663455187324418,-5.493765238200836,35.87749050852265,0.0,0.0,0.0,0.05783122626128533,-0.06733123694059268,-0.05049114829191909,0.0,0.10211416285056042,-0.2,nm
9.266639471054077,-6.648490724772653,-5.8788374114561615,35.363019819721,-0.0038645851663336984,0.0009157250876083443,0.02546061609731003,0.05986311705720286,-0.06385712431347776,-0.05145344141026812,0.025768518447875973,0.10153217097231408,-0.2,nm
9.272742986679077,-6.640387205866371,-6.260370203994253,34.883217488986936,0.0,0.0,0.0,0.05853764859134772,-0.06271354120640563,-0.05214063791691249,0.0,0.10039069018407146,-0.2,nm
9.293249607086182,-6.505287751190404,-6.983344940665182,33.84266660628071,-0.00435581188125106,0.0007149722209209294,0.026284932717446027,0.06244122244084146,-0.0543124081001616,-0.051535614218185144,0.026652991771697995,0.09749186359071586,-0.2,nm
9.3119535446167,-6.452007924997475,-7.336927944044902,33.30205163722239,0.0,0.0,0.0,0.060991071986943354,-0.05297280345422191,-0.0521234053794645,0.0,0.09613988847647016,-0.2,nm
9.323029279708862,-6.322917486159169,-7.677772267581384,32.882333710033436,0.0,0.0,0.0,0.06874792856872193,-0.046796011205311676,-0.05132299011637194,0.0,0.09772509228290839,-0.2,nm
9.325467348098755,-6.198443119268379,-8.003366795331354,32.48398894243965,-0.005043433650033326,0.00048313984351924436,0.02841285483259215,0.06691283124662828,-0.04656810664933338,-0.053237861499274244,0.028861045837402347,0.09736624383922463,-0.2,nm
9.334152460098267,-6.067703381139243,-8.322895998289885,32.083660635937626,0.0,0.0,0.0,0.0688792044035925,-0.04314036986918847,-0.05452602359686683,0.0,0.09786993185349799,-0.2,nm
9.368532419204712,-5.705198671779817,-8.913960262340105,31.221907752770274,0.0,0.0,0.0,0.07085684222163843,-0.036709723355477376,-0.05693249440516748,0.0,0.09802859173553535,-0.2,nm
9.369953870773315,-5.541221110556236,-9.203868797413257,30.720918873290824,0.0,0.0,0.0,0.07149514585568228,-0.03494017333757869,-0.05758302856134902,0.0,0.09822513309780988,-0.2,nm
9.37291145324707,-5.358492792648191,-9.481882880606339,30.241804768283725,0.0,0.0,0.0,0.07254354780686197,-0.032689673831182736,-0.057484774260675345,0.0,0.09816150149318409,-0.2,nm
9.380348920822144,-5.188230784978999,-9.748426691243221,29.813391646922376,-0.005243996938167031,-0.00014746101591963414,0.026910240812562772,0.0699084815488827,-0.03286393543580847,-0.05809164315085443,0.027416825294494625,0.0966533654290717,-0.2,nm
9.390111684799194,-5.029414397980321,-10.000826774752191,29.40409305897842,-0.00734895418918381,-0.0003246923724588802,0.03720991480911273,0.06687599499138419,-0.032473530734839294,-0.058918736318496846,0.037930071353912354,0.09485961413500876,-0.2,nm
9.401549816131592,-4.878006030071953,-10.238072222670391,28.967619421346697,-0.006532097720014687,-0.00037881369137785956,0.03265715727165914,0.06427414842826037,-0.030458030164982282,-0.05951306589354961,0.03330618143081665,0.09273975830116765,-0.2,nm
9.419686555862427,-4.542354790829221,-10.673534935069512,27.91446712354099,0.0,0.0,0.0,0.06115351427230111,-0.02701462164001133,-0.062076723635957495,0.0,0.09123081555911111,-0.2,nm
9.429211139678955,-4.377251099739376,-10.877415372097651,27.48747616482777,0.0,0.0,0.0,0.0586815146223292,-0.026156962422250542,-0.06404924989660149,0.0,0.09071942048892821,-0.2,nm
9.457639694213867,-4.215681174049073,-11.068988981421567,27.034747505678045,0.0,0.0,0.0,0.05716676272556249,-0.024211676520516225,-0.06593901789098375,0.0,0.090565987660282,-0.2,nm
9.46104907989502,-3.8451811691427547,-11.413054397813669,26.08630732819935,0.0,0.0,0.0,0.05835307930868747,-0.018366498720108638,-0.06744326541548676,0.0,0.09105495148505387,-0.2,nm
9.464513778686523,-3.6361130900605794,-11.565723030938976,25.63385242632244,0.0,0.0,0.0,0.05966161567420876,-0.014461097085641512,-0.06746862913362527,0.0,0.09121758400082744,-0.2,nm
9.474191188812256,-3.42975174541076,-11.704232110758147,25.13489974775074,0.0,0.0,0.0,0.05880930640883568,-0.012236328155155001,-0.06771451726427902,0.0,0.09051805397457073,-0.2,nm
9.498265981674194,-2.986556968733556,-11.940971107797182,24.11914750710966,0.0,0.0,0.0,0.06331207003353738,-0.005504304613060498,-0.06556208372286543,0.0,0.09130773463014465,-0.2,nm
9.517616987228394,-2.7276515650727244,-12.017635383020224,23.688633687973194,-0.010380577061540166,-0.0019802558650541665,0.048391659079492735,0.0628472902003733,-0.002310411098481832,-0.06570832119320451,0.04953211545944214,0.09095440263672372,-0.2,nm
9.519166231155396,-2.5258213323343432,-12.084443041396081,23.25032843292463,0.0,0.0,0.0,0.05577631634547774,-0.0018007309936487897,-0.06803296765658101,0.0,0.08799275416387245,-0.2,nm
9.52096676826477,-2.2919793731914555,-12.133236718171666,22.76529418547258,0.0,0.0,0.0,0.05993565562196642,0.0034133076619051383,-0.06734426580279822,0.0,0.090217424151589,-0.2,nm
9.549733877182007,-1.8264314881049908,-12.194686479991518,21.881665069997148,-0.006700273055538762,-0.0015835165201554887,0.0315010849624926,0.05468484997467153,0.0056303058592918395,-0.0685474903366162,0.03224468231201172,0.08786860413293249,0.2,nm
9.563053607940674,-1.614940767742926,-12.213340410142502,21.44637451298379,0.0,0.0,0.0,0.0529599395362828,0.0077290204926891305,-0.06759909974160565,0.0,0.08622140824260927,0.2,nm
9.56494426727295,-1.3713941856114087,-12.230546716717308,21.024098680657602,0.0,0.0,0.0,0.058343250705586734,0.011643644502813697,-0.06422538391548267,0.0,0.08754661215200729,0.2,nm
9.574604749679565,-0.9507107430016478,-12.234130401189168,20.67092407299934,-0.011471470109018448,0.030731793348686275,-0.0005319858496124606,0.08016882551153505,0.021273021813362526,-0.05613736173889723,0.032807327806949615,0.10015480729338234,0.2,nm
9.578263282775879,-0.3390602886969263,-12.2114203685009,20.308062466995196,-0.045364003915399784,0.0994137850666738,0.037154668539023834,0.09957754120146872,0.030436210119135648,-0.05012429378476663,0.11541864193779074,0.11556164772781656,0.2,nm
9.607107639312744,1.0285454605195141,-12.131697468809316,19.388209757065493,0.016189044304685075,0.09000612835019461,-0.21003915364188092,0.13636896601914028,0.04738612491370056,-0.042713961959595974,0.22908433896425226,0.15055371889711686,0.20665340820510433,nm
9.614382028579712,2.601418063627132,-12.102389824526249,18.897471214535905,-0.06893253278474294,0.24144660646945834,-0.06054159210177235,0.2439936844303998,0.0824052346143923,-0.013983002177738325,0.2582894543452259,0.2579129021272049,0.20665340820510433,nm
9.621133804321289,4.109358200317496,-12.045601546569726,18.400568773747654,-0.1478350199444417,0.3690699374763765,0.11142394070517989,0.28709180246258936,0.09650639273919664,-0.005912700246727946,0.41289599953627715,0.302935879197163,0.20665340820510433,nm
9.625601768493652,6.002260220437829,-12.016238041515328,17.792110945183047,-0.056945950644035036,0.2722362938335414,-0.13607224164693643,0.2928496665325172,0.1012355376320413,-0.009062991813770608,0.30963057975884334,0.3099866111438871,0.20665340820510433,nm
9.636709928512573,8.448779243660246,-11.935695953625856,17.267659881476693,-0.08417837803662963,0.2918379435362327,-0.029537040517387612,0.3976222787594333,0.1346278172838715,0.016242769612027055,0.3051685130855752,0.42010945397257293,0.20665340820510433,nm
9.6479172706604,10.846088663174108,-11.832057207872781,16.781226468482586,-0.1101395520188309,0.26648778300276105,0.1360859903191335,0.4538578705637117,0.14900221041254677,0.026504943846986467,0.31885083686541377,0.47842568642244077,0.20665340820510433,nm
9.655799627304077,13.48583503645968,-11.741270789761554,16.2503748185219,-0.009939236950071605,0.15385459174630356,0.043826303857385764,0.4712197818854615,0.15357447222316928,0.027289021055463138,0.16028340133142704,0.49636467645167137,0.20665340820510433,nm
9.674484252929688,19.083003108538815,-11.489338964806576,15.165942996522634,0.01978716753388132,-0.01680834343462442,0.2237197375737027,0.5391314818183326,0.16357050591213002,0.040706183664746334,0.22522116549755392,0.5648672928047165,0.212308805179443,nm
9.699708461761475,21.709955426140393,-11.41458803136643,14.689795693264884,0.07364621799809935,-0.09271696985459955,0.09145364175593126,0.5234915897810145,0.1548925240987974,0.03664294431767246,0.14961273513596532,0.5471543145780892,0.212308805179443,nm
9.705795049667358,24.447828528862548,-11.294540267872767,14.382299275828982,0.06852981289220081,-0.1382676859462064,0.11034581501403733,0.5243718371294183,0.15195231775370607,0.038484793097173994,0.18971158932197832,0.5472991958197423,0.212308805179443,nm
9.707095384597778,27.04022872075403,-11.183475620054079,14.084013764265455,0.04526116514734665,-0.17771125624011522,0.13396598948005484,0.49808068422853163,0.14089908905058932,0.03318109480505228,0.22710515186209546,0.518688641045194,0.212308805179443,nm
9.71188998222351,29.395137393952915,-11.070151426972558,13.796158488364457,0.03427477946075219,-0.2024461124385654,0.07662117334355757,0.45354478799874276,0.12800390911994355,0.02475994155491916,0.21915746200646458,0.47191199410124585,0.212308805179443,nm
9.720092535018921,31.588292340771286,-10.937216590053358,13.533274471349465,0.028805565368302005,-0.17865220429656628,0.07141591364244725,0.4224696939027057,0.12256402718964257,0.022279946894476342,0.1945420350916353,0.4404531519478661,0.212308805179443,nm
9.748335123062134,35.1340644670018,-10.56264131135719,13.105775082587162,0.015366703559631139,-0.10189914310043885,0.043648431747612834,0.34635895330168714,0.10793351419256035,0.010431821572920885,0.11191405870988377,0.362936621078013,-0.2,nm
9.759170770645142,36.64539355295124,-10.34847843829213,12.907895445294649,-0.0009905301258418746,-0.08496895454654228,0.10923163884806583,0.31138169868393323,0.10272197370978023,0.005588147834734567,0.1383916735649109,0.32793534965652515,-0.2,nm
9.761134147644043,37.986160171910214,-10.140077353209765,12.704090250850584,0.013275174213177676,-0.1423308395814015,0.10260406804003434,0.2579397560246858,0.09514308595940701,-0.0028209192931434573,0.1759599185175444,0.2749419613838745,-0.2,nm
9.768314123153687,38.81499497349352,-9.929304630627142,12.542728854707443,0.03894819404661114,-0.17778662168893294,0.003375116895761206,0.19789675782722338,0.08472953691569013,-0.013318137454162958,0.18203416186286653,0.21568401417286812,-0.2,nm
9.781376361846924,39.4364566956194,-9.72721174642818,12.39719145048514,0.05054640206004841,-0.19906939596533488,-0.03867707173844413,0.16476564587613796,0.07759483762029137,-0.017920699374106095,0.2089963613307182,0.18300226324381172,-0.2,nm
9.830070734024048,39.59714431094629,-9.332714957080222,12.191674651494576,0.07043657957386616,-0.24553313516567415,-0.10341581274475167,0.02668696544149004,0.04564990294664705,-0.04485557786902355,0.27557696299220724,0.06934068523945819,-0.26681483713307075,nm
9.831451892852783,39.117413101269165,-9.127193668234037,12.101398769050446,0.07312710610965961,-0.27681915454485334,-0.08383523672609734,-0.026577840549545588,0.03226081566836791,-0.052524648519989024,0.2983366636667736,0.067126600822728,-0.26681483713307075,nm
9.835072040557861,37.0349378774354,-8.605351879928392,11.99754530947137,0.034536626741895136,-0.2799309467902497,-0.07553696777626001,-0.1779290932014863,0.005220340634240415,-0.06984457769933695,0.2919930599490788,0.1912178840951845,-0.26681483713307075,nm
9.836928367614746,35.56430058160508,-8.288887798320909,12.4313454976615,0.009378932902212539,-0.2512079856401598,-0.011279333280234907,-0.23341287577855674,-0.003839586199453635,-0.07288852673308892,0.25163592706729604,0.24455888928991973,-0.26681483713307075,nm
9.847063302993774,33.82324569964963,-7.946850808128881,13.370011679279566,0.006626394966223945,-0.2027097357482236,0.050268465111516385,-0.2997766386020231,-0.017077421470411983,-0.07863734095607981,0.2089546952380606,0.3103892761811349,-0.26681483713307075,nm
9.863470792770386,29.76285146783934,-7.245562138458742,14.426669319055485,0.010121499624829127,-0.08002083324610818,0.07970989281215035,-0.39018497602638397,-0.038048778853371594,-0.08639367685024854,0.11339949523777151,0.4014422654487788,-0.32360744869618085,nm
9.881959199905396,27.610068494685674,-6.8958779029970305,14.694066033069193,-0.00853576581871428,-0.023764090944043637,0.11811233777139825,-0.4219446244451403,-0.04708240037848725,-0.08959366482566641,0.12078127193540221,0.43391363576228453,-0.32360744869618085,nm
9.900553226470947,25.34208531963252,-6.546371629616886,15.110658659198416,0.004195061948445984,0.022184698482046374,0.1342403117164761,-0.44397623459691554,-0.05670590731189495,-0.09184584785635276,0.13612575318883374,0.4569093089217738,-0.32360744869618085,nm
9.904690027236938,23.022268016818433,-6.203195029497762,15.327323035085875,-0.03373510085453032,0.06240498179484954,0.1475694377170442,-0.4536493571124039,-0.06285184615509525,-0.09172379216071483,0.16373508399425402,0.4670774537717948,-0.32360744869618085,nm
9.906678915023804,20.73917460283739,-5.880313236036776,15.643477621461027,-0.03323829254492565,0.08837653288996274,0.07938719173544787,-0.46464925702008414,-0.07060470973818161,-0.091250993071236,0.12335932015293165,0.47875954384535857,-0.32360744869618085,nm
9.91032600402832,18.521614226959624,-5.547607621051086,15.691866455018692,-0.0351444298999376,0.09728226048317441,0.07745753180241542,-0.4535326599799368,-0.07058740003230882,-0.08612875784760539,0.12922321150099167,0.4670038732603506,-0.32360744869618085,nm
9.936809778213501,13.918307124858677,-4.902560694149716,15.418634920868826,-0.03263675973033078,0.08250178382147152,0.11107407302222425,-0.45168444335945324,-0.06740307758408175,-0.0775291955704615,0.14215889742526341,0.4632200205156808,-0.37188116852482445,nm
9.956845760345459,9.658072062688445,-4.147952945142249,15.196626657771741,-0.029775414882788554,0.08495874796078076,0.08912844164626384,-0.43379793736724725,-0.05542720630413903,-0.06693739020038654,0.12668245062674274,0.4424177210166864,-0.37188116852482445,nm
9.960490465164185,7.493360315932082,-3.7887117059277524,15.050788088741621,-0.018138500442264425,0.06518983973584594,0.008880665300202647,-0.4400199960696052,-0.0556716638205284,-0.06515958504984865,0.0682465136051178,0.4482886376181196,-0.37188116852482445,nm
9.97130274772644,5.445556777937949,-3.4567419129970736,14.912549835843897,-0.014098280648609567,0.051740796250156824,0.005102896934357458,-0.41600222596662945,-0.048967467148515055,-0.05929382916780291,0.05386938899755478,0.4230501424482825,-0.37188116852482445,nm
9.977290630340576,3.5212066435966873,-3.1129732207523415,14.934498481020427,-0.04590378148695922,0.14202237961372022,0.1425381348122711,-0.3797680928003216,-0.04220848047237369,-0.05245488786383325,0.20638467322383056,0.38569012872225256,-0.37188116852482445,nm
10.008943796157837,-0.6050051374977348,-2.5033806027391745,14.802254572300983,0.019784671596284793,0.051106249071710505,-0.03233330354696412,-0.41681206820801237,-0.05648855180871064,-0.05187231182436839,0.06362958779225802,0.4238089114486511,-0.4129138303791715,nm
10.021360874176025,-2.410269071691893,-2.196784570520668,14.733360542512155,-0.018889110755850057,0.06577622121896219,0.04013963181107733,-0.36954119865823587,-0.045740562689203644,-0.04254025174050158,0.07933788392011394,0.37478336355691666,-0.4129138303791715,nm
10.022922992706299,-4.3033834239315985,-1.904813848590401,14.708635910392333,-0.0299867083431886,0.09831631770063043,0.12151079860601269,-0.37161548565646296,-0.04987035956428011,-0.03870702593294959,0.15915456380934143,0.3769394590638309,-0.4129138303791715,nm
10.024427652359009,-6.321539509218838,-1.6089572573459225,14.752094491546442,0.0,0.0,0.0,-0.39461057998760757,-0.056034251479467875,-0.03730389082784205,0.0,0.40031103837880344,-0.4129138303791715,nm
10.036798238754272,-8.145285167929435,-1.2898521277391126,14.810210055729813,-0.003988579415226884,0.009065533864724461,0.06834065850667265,-0.36474949858089833,-0.04622305853385373,-0.031041884657762947,0.06905460357666016,0.36897475043469663,-0.4129138303791715,nm
10.044448852539062,-9.983813206209938,-0.9815190675737436,14.808453513695909,-0.024058977059917386,0.08290253549166784,0.12087893737722863,-0.361966608648952,-0.04490305233290108,-0.02850239912749718,0.14853747765989847,0.36585310801147775,-0.4129138303791715,nm
10.08175778388977,-13.690714583249083,-0.3629566682026911,14.90520173877444,-0.008183047298570752,0.03093489263051958,-0.007794832500437189,-0.3612995192495689,-0.043663490652218286,-0.02479100211898211,0.03293462097644806,0.36477175988824756,-0.4477915929553665,nm
10.092950820922852,-17.02039315373898,0.20424629235634406,15.037011968454301,-0.023571911062361523,0.08813301627209318,0.028253812565833068,-0.3557060713301339,-0.04833271313832477,-0.019519628121101317,0.09550571434659891,0.3595050433894022,-0.4477915929553665,nm
10.094920635223389,-18.71435016474349,0.4673332053294507,15.170135960918063,-0.010868796068758882,0.03965226460770294,-0.013927578684773895,-0.3405984489786617,-0.04669552617236211,-0.016225319809794837,0.04340979456901551,0.34416716376510104,-0.4477915929553665,nm
10.10156512260437,-20.194740869250253,0.735413614017023,15.243757117838262,-0.025078885007296745,0.09302521378024736,0.02043042448373713,-0.31111777130804713,-0.04021479666635352,-0.012255305028936455,0.0984887969093725,0.31394536148182656,-0.4477915929553665,nm
10.111479997634888,-21.66599039955341,1.000903704061922,15.252218108646016,-0.02526161645672638,0.09452234924385214,0.028277321794775212,-0.3088390691508033,-0.04216953112498704,-0.010143052904076752,0.10184414907332072,0.31186971881131836,-0.4477915929553665,nm
10.12129259109497,-23.157732468533254,1.2698177722358064,15.242885262897365,-0.009663549966370795,0.03418222882055296,-0.015189305037936382,-0.30096222826972474,-0.04029662311264027,-0.008663591608456965,0.03863319754600525,0.3037715235154839,-0.4477915929553665,nm
10.138769149780273,-25.75094743811708,1.8436504850133475,15.10935327906665,-0.019140765069047248,0.07240417594345393,0.012238853443697328,-0.2588260754670832,-0.026418856183916435,-0.0050298576616381934,0.07588493338664398,0.2602195088225613,-0.4774376911451323,nm
10.155197620391846,-26.92927969698694,2.1239498054119967,15.10340004857259,-0.024289472022358642,0.09449422961533645,0.03157830767077822,-0.25241555841515945,-0.02470139606162751,-0.004107533858253065,0.10254914625227848,0.25365457798318336,-0.4774376911451323,nm
10.164265155792236,-28.186744771526286,2.405408899765285,15.032899344044683,-0.006355641217792129,0.021704563320679913,-0.012106102045932805,-0.2509380934890769,-0.02243270816727618,-0.0033340421932547756,0.02565228939056396,0.25196084814311387,-0.4774376911451323,nm
10.175485372543335,-29.264639217988,2.6796629784056587,15.072836412524987,-0.0139772713650465,0.05253817385999533,0.0035464321776462137,-0.22466890577306337,-0.015595029284041035,0.0002347938759583162,0.05448119867023752,0.22520962965157576,-0.4774376911451323,nm
10.176918268203735,-30.264435033018273,2.9389284933103488,15.075366123176675,-0.01970178269219639,0.076871989303162,0.018891125763976523,-0.21413493986877571,-0.01457528809032821,0.004408451989016347,0.0815741234295923,0.2146756761826074,-0.4774376911451323,nm
10.197065114974976,-32.269584222686866,3.454207923549566,15.047963239383508,0.0,0.0,0.0,-0.19951728255826923,-0.012604564011977796,0.008701595432982821,0.0,0.2001043198845232,-0.5026368746064331,nm
10.217751741409302,-33.1435516984026,3.7083497973689674,15.035494453736566,-0.01149627093945551,0.047212708835206514,0.017667596211810733,-0.1820353934201015,-0.01042920598466382,0.010221478500246439,0.051704429955033306,0.1826201834897027,-0.5026368746064331,nm
10.220958471298218,-34.01293461626648,3.954219231506092,15.020683331252108,0.0,0.0,0.0,-0.174884791007912,-0.01120090213324808,0.010607254655148567,0.0,0.17556384646560586,-0.5026368746064331,nm
10.223867893218994,-34.761055042995075,4.197175443697891,15.066740548144855,-0.013170222364113401,0.05410706019204644,0.018359508678573225,-0.15806014678935662,-0.008204432597760344,0.010068450678371041,0.05863531596797732,0.15859286369943304,-0.5026368746064331,nm
10.25043272972107,-36.383339885984896,4.6678463981520455,15.080674338501098,0.0037003846826945035,-0.0239637337317987,-0.03260148253771787,-0.16185647303515854,-0.010019423525423165,0.012073295644481735,0.04063016176223755,0.1626151013248212,-0.5240561805485389,nm
10.259211301803589,-37.01121465232081,4.905720583585982,15.131365140571,-0.013492856201923175,0.059989602455882536,0.030690703720317018,-0.1359988213348567,-0.0014064606136703676,0.014772172537991807,0.06872211337079853,0.13680597434841898,-0.5240561805485389,nm
10.265787363052368,-37.68576841564056,5.147179144473236,15.187750611481963,-0.0038175193371197593,0.025352007139547116,0.03283397734701426,-0.14152334718566095,-0.0024647874519928437,0.01807246889310956,0.041657745838165276,0.14269389302878047,-0.5240561805485389,nm
10.274373054504395,-38.3530607766699,5.376479145815148,15.21603737404163,0.0,0.0,0.0,-0.13642791302327525,-0.001918049438726898,0.02060318093391613,0.0,0.13798820757634125,-0.5240561805485389,nm
10.302206993103027,-39.72616788673435,5.823035401885529,15.267208934604957,0.0,0.0,0.0,-0.13763735940391217,-0.004672530346431969,0.021461359018322926,0.0,0.13937885483255116,-0.5422625905993288,nm
10.316823482513428,-40.3896332877876,6.037254674199341,15.290065798090419,0.0,0.0,0.0,-0.12868670134345392,-0.004889210253790429,0.021336615722779662,0.0,0.13053513952214799,-0.5422625905993288,nm
10.323386669158936,-41.0012532588762,6.22966152205441,15.314935335367363,-0.005136557597601374,0.03564629950236471,0.04086630858977067,-0.12347216132017859,-0.006680102455353694,0.021207209932792338,0.05447107553482056,0.12545813701400063,-0.5422625905993288,nm
10.331679582595825,-41.61502277184814,6.417893954483973,15.333589206882984,-0.005290170065024136,0.036886556538899745,0.041360209867844895,-0.12429565385599085,-0.008465609926973316,0.020524070124400867,0.05567109584808349,0.1262628748817137,-0.5422625905993288,nm
10.336451053619385,-42.2977824607972,6.606516189407427,15.3445104059882,0.0,0.0,0.0,-0.12947012658151544,-0.010599551365758325,0.021054585774089155,0.0,0.13159847927809598,-0.5422625905993288,nm
10.349711656570435,-43.61326817248315,6.995511320788327,15.390121946988717,-0.0028663857397755324,0.020127037572288897,0.021009014756316086,-0.1250086745683742,-0.006889979428256792,0.024585294990520555,0.029235124588012695,0.12758948727710445,-0.5577380391425002,nm
10.367917537689209,-44.18076131871292,7.196363390438578,15.434852836608489,-0.007045897926187338,0.04957121200119374,0.05069682360921546,-0.12099789271675478,-0.005235411022363417,0.026690076078363562,0.07125389575958252,0.1240171751473852,-0.5577380391425002,nm
10.369351863861084,-44.77494987239303,7.397517903808049,15.483408123372877,-0.0036059011373864402,0.025369507344325793,0.02539866060907531,-0.12144769095655875,-0.006128419019803432,0.028623154984686604,0.03607916831970215,0.124925514446167,-0.5577380391425002,nm
10.378812313079834,-45.38969830513234,7.588759895360066,15.477739054356384,0.0,0.0,0.0,-0.11562083088233063,-0.006301491079615828,0.029726143326689294,0.0,0.11954718282262386,-0.5577380391425002,nm
10.401413202285767,-46.414815688417846,7.943215770996333,15.401608839530432,-0.0071059032336638255,0.016216379683018898,-0.018232006416871886,-0.10011738887771345,-0.00550231167774595,0.0285552104133785,0.02541399002075195,0.10425529737736437,-0.5708921704041959,nm
10.41451621055603,-46.887248946456396,8.091694030103003,15.35511845834597,0.0,0.0,0.0,-0.0912093826037734,-0.00717477284063849,0.029624183289968978,0.0,0.09616767167751314,-0.5708921704041959,nm
10.416290760040283,-47.27745952124103,8.231990700430767,15.351768143559593,-0.012107742261560537,0.04837954438411151,0.007828003565741344,-0.08225032347658044,-0.006427621795276311,0.029004757973808575,0.0504822283314817,0.08745116362327286,-0.5708921704041959,nm
10.429208517074585,-47.76303582700499,8.373710505178792,15.3068883734536,0.0,0.0,0.0,-0.08430438982595241,-0.007926184131041316,0.029868794551392183,0.0,0.08978975123452897,-0.5708921704041959,nm
10.455031633377075,-48.51355892753571,8.65519886024892,15.21438311527275,0.0,0.0,0.0,-0.062150524861372444,-0.0008376646173803745,0.03130428604609648,0.0,0.06959416460746631,-0.5820731819766373,nm
10.466599702835083,-48.839893651573526,8.812583471001902,15.206075810832573,0.0,0.0,0.0,-0.05708903285784526,0.0015337856192955334,0.03163022480986573,0.0,0.06528385169774176,-0.5820731819766373,nm
10.467963457107544,-49.09582068598281,8.967169704095296,15.231738119213677,-0.0043275626076833265,0.032689511734728414,0.027964826449917872,-0.05263969157940703,0.0023875207539634244,0.03170251032761809,0.0432361364364624,0.06149541890253642,-0.5820731819766373,nm
10.476213693618774,-49.474983201929085,9.107744929621605,15.241566919044864,0.011903086731640967,-0.024697144881320302,0.031137864771358926,-0.06101763741650203,-0.0009572307410241499,0.032684312160453935,0.04148733615875245,0.06922667569647749,-0.5820731819766373,nm
10.48224663734436,-49.766238864352424,9.243137602518606,15.246505434119957,0.010186949503093254,-0.020890071892388968,0.0266373405824096,-0.04749861814933728,0.00260770408012258,0.03117259748839979,0.035351336002349854,0.05687398070154602,-0.5820731819766373,nm
10.500860691070557,-50.25256421172057,9.480790046737729,15.357812817474906,0.009525737706974489,-0.01905459340042647,0.024784995853514794,-0.042137954491394965,-0.00043625941435186406,0.03342783363323784,0.03268200159072876,0.05378863813489714,-0.5915770418132124,nm
10.529865741729736,-50.678276196315615,9.667289363373722,15.459741284082684,0.0,0.0,0.0,-0.04318434001456246,-0.00605472554578034,0.03339482879521462,0.0,0.05492505361116874,-0.5915770418132124,nm
10.531413555145264,-50.967217172260014,9.741535188447072,15.531877692807376,0.012850439588138873,-0.02487534205101716,0.03331898384606162,-0.041122381418845194,-0.007247260622252743,0.034290846221331106,0.04352092742919922,0.05403179781072269,-0.5915770418132124,nm
10.555687665939331,-51.37460939375136,9.880879845252258,15.78052134468307,0.01288017461089442,-0.024324856952812175,0.03318045308402044,0.0,0.0,0.0,0.043110787868499756,0.0,-0.5996553226743012,nm
10.56829285621643,-51.45971199537107,9.955212700765749,15.932849197235067,-0.03495953067227361,0.040410702078547266,0.04314192721365162,0.0,0.0,0.0,0.06867619318959634,0.0,-0.5996553226743012,nm
10.56987476348877,-51.67613794723267,10.021652970379215,16.069837897323772,-0.021910467152768433,-0.022502862932970057,0.024810086341590022,-0.03185335429349447,-0.012632682742530254,0.039749114163933584,0.04002483972872014,0.05248059574583477,-0.5996553226743012,nm
10.578185558319092,-51.96154592846722,10.080154693223044,16.18965456137098,-0.011809564085566378,-0.05461945568490287,0.0257512740550927,-0.03510535846398965,-0.015469385211276722,0.03881367630178172,0.06152949584277981,0.054572791203671894,-0.5996553226743012,nm
10.603227853775024,-52.37622089582744,10.155872130467003,16.44077061115836,-0.024499164299662816,-0.00722944338432411,0.004575706282593896,-0.031108927281342583,-0.019857237039551095,0.03780852940736252,0.02595016360282898,0.05283521662100173,-0.6065218614062268,nm
10.615864753723145,-52.57857235114256,10.153322072466654,16.57546593028686,0.0,0.0,0.0,-0.028078703497426954,-0.023475367072229494,0.039066808422399985,0.0,0.053532438479718406,-0.6065218614062268,nm
10.61735463142395,-52.80817129090179,10.125387459091518,16.712991607723566,0.0,0.0,0.0,-0.0319500500744073,-0.028373087813558268,0.040627482005332526,0.0,0.05896125936516825,-0.6065218614062268,nm
10.625080823898315,-53.04476998460479,10.09293120716267,16.85159585832754,0.009829748807486171,-0.017050308509494058,0.025083560174279793,-0.026474050126664272,-0.029260422282179992,0.04111965720172944,0.03188294172286987,0.05699012064058444,-0.6065218614062268,nm
10.635684967041016,-53.15685850712406,10.048416304393802,17.013509350412587,0.0,0.0,0.0,-0.0087327832124766,-0.026841088172562096,0.04141769221297204,0.0,0.05012116065268093,-0.6065218614062268,nm
10.643448114395142,-53.27588319904156,10.000396830614678,17.17372817853315,0.0,0.0,0.0,0.0,0.0,0.0,0.0,0.0,-0.6065218614062268,nm
10.65517783164978,-53.293482011107734,9.954944549997595,17.419820067273488,-0.03221878012607094,0.019867098101930027,0.02600143021228353,0.0,0.0,0.0,0.045921952842709834,0.0,-0.6065218614062268,nm
10.671024560928345,-53.477247630413174,9.818001177568378,17.826354985563288,0.013557346596005042,-0.02274912905651101,0.03433720677174577,0.0,0.0,0.0,0.043363213539123535,0.0,-0.6123584193283634,nm
10.70124864578247,-53.49406740639504,9.716689298516464,18.015543510877546,0.0052511040668478046,0.011188136982392096,0.04937056705727386,0.0,0.0,0.0,0.05089402120695918,0.0,-0.6123584193283634,nm
10.704519510269165,-53.526352819379895,9.626270936779388,18.199960410520568,0.013367007757971262,-0.02229404017983009,0.03381361732152714,0.0,0.0,0.0,0.042650461196899414,0.0,-0.6123584193283634,nm
10.711607217788696,-53.4849110765588,9.524524705217546,18.444193417577978,-0.005807004770029632,0.028645280057277487,0.021182792893160652,0.0,0.0,0.0,0.03609687089920044,0.0,-0.6123584193283634,nm
10.719106435775757,-53.49459196808119,9.402008643480176,18.70472612902936,-0.0049991038799295255,0.023906679987917796,0.017704445707207594,0.0,0.0,0.0,0.030165672302246094,0.0,-0.6123584193283634,nm
10.720452785491943,-53.63358069905821,9.278586300083328,18.97512137984731,0.02030342356815169,-0.052099964443906,0.013829954904366384,0.0,0.0,0.0,0.05760124092674441,0.0,-0.6123584193283634,nm
10.729817628860474,-53.63747267219144,9.150346624871336,19.209272700635687,-0.006525367746086053,0.029358138260042965,0.021712458275470543,0.0,0.0,0.0,0.037093281745910645,0.0,-0.6123584193283634,nm
10.75550127029419,-53.794019942736,8.83033178908469,19.512627298281632,0.0,0.0,0.0,0.016821924525041092,-0.042510062873317364,0.028891097314658727,0.0,0.05408121757379964,-0.6173194935621796,nm
10.770281553268433,-53.75115153240379,8.67928717285966,19.68136305072064,-0.009493323565687495,0.0399486725424759,0.029580758072802665,0.019703171898779407,-0.041451833323994595,0.02743024851972829,0.05060672760009765,0.05346857023193284,-0.6173194935621796,nm
10.771769523620605,-53.87297168381988,8.512886863943812,19.935358218809764,0.01594793542470237,-0.03796193091098174,0.0136878535818383,0.008976607106487107,-0.0472074784725927,0.02984515165894084,0.04339126845897077,0.0565672924615428,-0.6173194935621796,nm
10.776578426361084,-53.86998706162629,8.347279389164978,20.242117090238477,0.009953387705274793,-0.016249217721597427,0.025330173422648036,0.024963214160408264,-0.04046246317156663,0.028422032113252033,0.03169739246368408,0.05539119872845797,-0.6173194935621796,nm
10.784913539886475,-53.821407331115125,8.194176790451284,20.47819436479608,0.0020761310720155417,0.012259656458101753,0.04329200776866221,0.029677014243415838,-0.03722971097649508,0.025966195448055188,0.045042284948043805,0.05423117055572253,-0.6173194935621796,nm
10.819353342056274,-53.66473535319849,7.848151543655648,20.963475659626997,-0.02677754098278876,0.020590705814004257,0.06034089852946408,0.033494675032178095,-0.04346405113982839,0.021406999599419965,0.0691522805288942,0.058900565607185804,-0.6215364066609234,nm
10.827968120574951,-53.69151391966806,7.405883874343307,21.419885698735786,-0.0007261402113530652,0.01942768466390253,0.0493838827638845,0.028603932978206625,-0.05169150185755192,0.013114625674290111,0.05307287525510245,0.06051602889059872,-0.6215364066609234,nm
10.836191415786743,-53.78440422716459,7.162194918121468,21.66627394409595,0.00967571820057305,-0.015895951430478134,0.02485572463962314,0.01389300707984976,-0.06023717629989347,0.012323131794245473,0.031050086021423343,0.06303485251449031,-0.6215364066609234,nm
10.843053102493286,-53.89733831812336,6.900064448190319,21.85020019768873,0.0,0.0,0.0,0.009222228639527262,-0.06469494138523263,0.013713071863298858,0.0,0.06677224933942544,-0.6215364066609234,nm
10.864787817001343,-54.26187610410279,6.405423301704737,22.314422796396503,0.008882811296088491,-0.027792269531110286,-0.020797490577064637,-0.005236235674278282,-0.068184390599873,0.014051269832014343,0.03583085536956787,0.06981380572211136,-0.6251207827948556,nm
10.879903078079224,-54.409284985043676,6.173437162905399,22.502922467141712,0.0,0.0,0.0,0.000756796899173281,-0.06447464270157047,0.013722906486297853,0.0,0.06592321636171469,-0.6251207827948556,nm
10.8859281539917,-54.57923132797483,5.95492029011512,22.675423338432726,0.00924738356424421,-0.027709017474826476,-0.020607249170545194,0.0023987601038269577,-0.06304667303450213,0.011659733972848188,0.03574860095977783,0.06416062988369675,-0.6251207827948556,nm
10.907814979553223,-54.82039018797491,5.502248014585311,23.07390528282934,0.012716084523919221,-0.03650071314736452,-0.02705833932701132,0.003628288156544654,-0.06520785413774444,0.00417516260094258,0.04718214273452759,0.06544204076081817,-0.40969420522080424,nm
10.916490077972412,-54.88852370351447,5.252033845184187,23.260297084017417,0.007933178990199566,-0.02230632242317504,-0.016542068035733586,0.023851479918067617,-0.05753668667867526,-6.699669274360538e-05,0.028881609439849854,0.062284571900261695,-0.40969420522080424,nm
10.929457902908325,-54.84240395613123,4.998863075089317,23.415422172410768,0.0,0.0,0.0,0.03625950732384262,-0.05182624401270159,-0.0033704108803971327,0.0,0.0633409118132553,-0.40969420522080424,nm
10.931049823760986,-54.82065454541914,4.7424506861121225,23.540924035056417,0.0,0.0,0.0,0.03936886991926007,-0.051139623824244335,-0.00452797708815064,0.0,0.06469676668980959,-0.40969420522080424,nm
10.950697422027588,-54.59239339612828,4.2333657346766,23.68430509440885,0.010555102174119061,-0.0279621107623837,-0.021159156776892143,0.0616624107184053,-0.04094785672760182,-0.006206168819927554,0.03661966323852539,0.0742798518954565,-0.2265816142828606,nm
10.958492279052734,-54.321823639606436,4.001239906635601,23.74428455991917,-0.0023852925897867965,-0.0035560160958386473,-0.05168413216169161,0.08095762728959557,-0.030956807045884584,-0.00854466059510129,0.05186120311485225,0.08709461833846381,-0.2265816142828606,nm
10.965620756149292,-53.911056368748625,3.7734145663397203,23.778180232071605,-0.009405331546825362,0.008825806890496307,-0.07654448351375663,0.10310173220529341,-0.020106357372818795,-0.012319975597695593,0.07762353435113478,0.10576395694783433,-0.2265816142828606,nm
10.985389232635498,-52.39635555578618,3.327848887638432,23.64689733271277,-0.04272995983983537,0.08050889832446527,-0.11780581250876075,0.18366578209124781,0.01925947083470614,-0.023977273032147934,0.1489487886428833,0.1862228674198762,0.2,nm
10.996840953826904,-51.30051472240572,3.1093998595341272,23.471913834923747,-0.037379551293483394,0.06075546108017784,-0.18570036657923314,0.22911146371201888,0.03983865375976334,-0.02711093203553325,0.19892984455236656,0.2341242912930851,0.2,nm
11.005497217178345,-49.949631780096894,2.895917230088063,23.300401644299466,-0.01656438259042299,0.08343841789784,-0.22329938211987999,0.2757216686678537,0.06013560037911513,-0.027429936804405267,0.23895389180136128,0.283533296878931,0.2,nm
11.013605833053589,-48.346438436779245,2.684561566349546,23.125133396188517,-0.04240497909890041,0.15199962668632763,-0.22514277951700298,0.322214567997922,0.07934091078936174,-0.0246893592426123,0.2749387930682081,0.33275632588244464,0.2,nm
11.02902865409851,-46.55684599013501,2.4696836782633373,22.919293773451738,-0.059785858817187496,0.11784866322955068,-0.21264911453920424,0.35720875492171295,0.09185619839293338,-0.020382062760518148,0.2503643390217711,0.36939285897035967,0.2,nm
11.033447742462158,-44.4234099167042,2.261444774364911,22.764484591999416,-0.02692839317729379,0.038033524306150264,-0.25611210989410443,0.42047275338019263,0.11851695483885806,-0.017565777008983624,0.26031730669447867,0.43720951664084984,0.2,nm
11.044251203536987,-41.79493991976859,2.0591707754508155,22.674497552167654,-0.0741336949150865,0.15308857605907597,-0.26113196490001717,0.5116973337297092,0.15692346606876903,-0.017464199157260354,0.3116437388013794,0.5355036263194993,0.2,nm
11.054609775543213,-38.83082673875974,1.8506477259209881,22.547857212440015,-0.10197164431211893,0.2237463009274073,-0.2593611750253595,0.5746310481530544,0.18029339205815706,-0.021031936206551347,0.3573917214107657,0.6026183626989065,0.2,nm
11.062584161758423,-35.59736377120246,1.6340878105954926,22.38839668254989,-0.11576692309894368,0.26551221556883825,-0.20722334928888067,0.6256302526973259,0.19775884640551453,-0.026975983350383405,0.35614636540412903,0.6566958794597998,0.2,nm
11.073662757873535,-32.15755237869935,1.4170039502266811,22.21427853770196,-0.12482349689937788,0.30113538462807815,-0.0690454475714499,0.6645270457752702,0.2114478316853969,-0.032361527792899455,0.3332126934611456,0.6981071898873085,0.2,nm
11.087080717086792,-28.648732492467193,1.2063368167646766,21.99818032398778,-0.07920844409293358,0.20055825000246708,0.07991410602984594,0.677674042099307,0.21536380782796025,-0.0351435866924322,0.2299648964564482,0.7119401300270835,0.2,nm
11.090471267700195,-25.123578601565697,1.0112350667047563,21.771976103139405,-0.011458148709184168,0.15292990605696735,0.3111560862682763,0.6804493716660917,0.2167575887297909,-0.03335178696980824,0.3468961737468801,0.7149178563770887,0.2,nm
11.134621143341064,-18.835171441920476,0.6667898347985262,21.38257174281569,0.16131248656517072,-0.2281298961529805,0.37776817693182146,0.5851829599634112,0.17990684671365553,-0.023849706963683152,0.4698656864924273,0.6126780383270186,-0.2,nm
11.147528171539307,-16.194430006170336,0.4890676181493113,21.227186896582225,0.1513947862067286,-0.22754713968480905,0.4496209324073597,0.5163121945490593,0.14921353011866825,-0.019807932401684797,0.5261720868006803,0.5378060189292884,-0.2,nm
11.14991569519043,-12.79129403706316,0.11141046114788306,20.802008758919886,0.12191054143436765,-0.3196652000284286,0.22513533025857957,0.29486931120006227,0.05763823407250049,-0.02892723431317251,0.4095533385930038,0.3018391319885556,-0.2,nm
11.151383399963379,-11.844142709938433,-0.09276429859426917,20.55731645103081,0.07132778464833112,-0.19118839250928607,0.21553952897101164,0.20242234917415305,0.019303555978027187,-0.037572864272277955,0.2968129762024718,0.20678286884604968,-0.2,nm
11.159786462783813,-11.359373774496484,-0.28505040540506715,20.334201858521382,0.04692671372385277,-0.1281096569760173,0.1035562083320089,0.11490915621254447,-0.011490333904409603,-0.04691667893666647,0.17128365057861092,0.12464877342822116,-0.2,nm
11.166313171386719,-11.06677057397978,-0.4442060632777991,20.091305126341247,-0.004118840211203211,0.010012293370230064,0.05530741583116666,0.07646442108322682,-0.019013108668096697,-0.050869457712644374,0.05635708570480345,0.09378703386287675,-0.2,nm
11.192715644836426,-10.687188072113953,-0.653980747798829,19.63556551184759,-0.041914454133604916,0.12197423530589875,-0.1323460459300009,0.05241453102306831,-0.012535337657271656,-0.045457051592480265,0.18479721701660645,0.07050362609136793,0.2,nm
11.206884384155273,-10.197782112353677,-0.7037969642488928,19.463020691162683,-0.07558608562541272,0.21867792783965345,-0.12994630233278293,0.10604520694875662,0.013965746772648384,-0.036153086492092645,0.26536641451845394,0.11290559624140466,0.2,nm
11.213099241256714,-9.56741940774445,-0.7449922633333386,19.23950169239709,-0.07244359679644095,0.29227635536440016,-0.050177396545077184,0.13215526933790045,0.024529802047852742,-0.0318591443531418,0.30527252373239283,0.13813664061788306,0.2,nm
11.218061923980713,-8.746003382581893,-0.7923679065783842,19.00645447812801,0.03269639795104473,0.08167823089107959,-0.359375731380404,0.16879518010284883,0.03536539024503544,-0.03071928060143482,0.36998824865888635,0.1751747637469693,0.2,nm
11.225043296813965,-7.094922418845565,-0.8411964017141202,18.77197752812369,-0.04543190450008427,0.26462664918526224,-0.1805601570942887,0.32621270668496094,0.08809582956229076,-0.024858511052560983,0.32356342768526675,0.33881196962437266,0.2,nm
11.23420262336731,-5.059241286213039,-0.900637964734861,18.532870241214443,-0.1403395716365549,0.41745821795083227,0.02374209860640401,0.4001563422827654,0.10951935656180332,-0.0306152624236555,0.4410558313275684,0.4160010601237723,0.2,nm
11.246578216552734,-2.876745701391318,-0.9689924967904254,18.274708738954242,-0.05041599974228643,0.2731870555770029,-0.21883421490044513,0.4289978743312583,0.11563195876971953,-0.041152728079661506,0.3536401475736895,0.4462101221376077,0.2,nm
11.268990516662598,3.0610201422567096,-1.0868597662857693,17.6906697103013,-0.10235431075075317,0.31255283234970876,0.13368278276541468,0.6096722309143306,0.17353751185287442,-0.039355301350349016,0.3550165691161357,0.6351097046278857,0.3020516732164893,nm
11.28078293800354,6.375176535909429,-1.1101216848562818,17.43484897714646,-0.0299608778736147,0.19571346218142666,0.06855586031207074,0.6437057170172462,0.18699590603866428,-0.035157692842164995,0.20952641710563977,0.6712380966258485,0.3020516732164893,nm
11.282105207443237,10.039751413809539,-1.1132813388188263,17.23036838551335,-0.02521455311079527,0.17132438479890277,0.18972222389757604,0.7101114540822545,0.20953637176739476,-0.024231431193831213,0.25687028001686296,0.7407772476054858,0.3020516732164893,nm
11.29094648361206,13.776789675612134,-1.1032255808339284,17.10969847798248,-0.0005185646300250008,0.11704541488655938,0.26640366814273403,0.7235723476494154,0.21507799303471253,-0.017168844760487655,0.29098249510090174,0.7550564578898296,0.3020516732164893,nm
11.317259073257446,21.23672657890997,-1.090681325911405,16.908744362502595,0.034074873893720686,0.02739899361945836,0.22747125632998566,0.7323098497546395,0.21396993538277959,-0.013852481990180139,0.23163543411700666,0.7630548738804188,0.3887955954505052,nm
11.329154253005981,24.84083106198396,-1.1001083174819448,16.778510094916747,0.042846721628121684,-0.00014537947725090826,0.22103051320667438,0.7000060497872735,0.201099500440739,-0.021560410430996,0.2251451764037507,0.7286386828286368,0.3887955954505052,nm
11.344964027404785,31.658991064375464,-1.1183706562676763,16.42375523763636,0.007440208756427053,-0.03437799911504781,0.13233367977676194,0.6597972362148016,0.18651420507556019,-0.03438405041671356,0.136928471592843,0.6865145333747261,0.4441434811400502,nm
11.348376274108887,34.891781963595555,-1.1101562719299178,16.227322864308697,0.009720094368249424,-0.042551710140555705,0.13201268784959644,0.6289942652212019,0.17896113670167843,-0.03735240743700675,0.13904128172484792,0.6550237220681834,0.4441434811400502,nm
11.360000133514404,37.99514867964878,-1.0763679697683073,16.044180607072306,0.01030847709486046,-0.04398875258055706,0.11978657942394987,0.6031157503480176,0.17516499094117435,-0.03577552031784279,0.12802382459409256,0.6290558562029975,0.4441434811400502,nm
11.368929147720337,41.00929054731582,-1.0154097582435517,15.892150136979357,0.005839896441254904,-0.03020909374417861,0.14981807227522875,0.5847996715870094,0.17428803767333087,-0.030700409379714553,0.15294491987494982,0.6109905818426145,0.4441434811400502,nm
11.380687236785889,43.86180734046671,-0.9411253457274841,15.763915143516643,-0.008910075633528717,0.029758718906097693,0.0298459325596923,0.5532154996561258,0.1671541465340131,-0.027471723062946898,0.04307842254638672,0.5785694369143073,0.4441434811400502,nm
11.390369892120361,46.81235268484098,-0.8967341284444227,15.659200426137335,0.011811376986980522,0.06847579972951086,0.02362749742629888,0.5590578419211767,0.16873785282592627,-0.023111553568265216,0.07339415787073528,0.5844247406623081,0.4441434811400502,nm
11.393784046173096,49.71747023297575,-0.8244249321487883,15.55578244515639,0.033019406127464145,0.018405014693860952,0.160249708623588,0.5637790128133704,0.1686488572783634,-0.02397492469026531,0.1646480940091215,0.5889516188652681,0.4441434811400502,nm
11.406023025512695,52.48502745185358,-0.7460585155679083,15.690560761565948,0.03248020370409691,0.007815471993454906,0.12799354440838467,0.5363494630674902,0.16434569553627212,-0.0300225150536124,0.1322814901842327,0.5617665045054132,0.4441434811400502,nm
11.426850080490112,57.91059760901114,-0.5681201900156078,16.004946371924593,0.01693176620653389,0.062028394904420234,0.08797803885842485,0.5206475453662219,0.16853437928393752,-0.03964257208718569,0.10896945353017946,0.5486795394564863,0.49118918397616346,nm
11.451102256774902,60.68900438861258,-0.4809080424836478,16.194839370743747,-0.020385046344478776,0.06869293969211293,0.049724138568981176,0.5204270871780238,0.1722025932925053,-0.0402170288592797,0.0872167417095941,0.5496503394118251,0.49118918397616346,nm
11.452986717224121,63.50194224070868,-0.38662169259052487,16.566163389611326,-0.009614421628537963,0.03078956356480699,0.06469314823068878,0.5331314084087495,0.17928225459276217,-0.040037658427171885,0.07228857278823853,0.5638920459947026,0.49118918397616346,nm
11.454410314559937,66.29784005211621,-0.28267704940296273,17.043799585285743,0.01792527601766503,-0.060807213036009576,0.1387888996147447,0.5352822944054205,0.1864450308201378,-0.036704513361241864,0.15258175295161544,0.5680106561698812,0.49118918397616346,nm
11.463506937026978,68.95329135384979,-0.1534637714748797,17.416177964484366,0.007232681529683734,-0.02372716405570358,0.07492277240386194,0.5105766542895324,0.1878868856962234,-0.03256360478383232,0.07892218839412017,0.5450232931523532,0.49118918397616346,nm
11.481613397598267,74.34073307941594,0.09953062077838612,18.640879248891533,0.019475664682589502,0.02747463373100068,0.0706155775233341,0.5052713657709451,0.20345592343514027,-0.031021648863019592,0.07823501008139075,0.5455784164967143,0.5311780313868597,nm
11.500115156173706,77.04282605157647,0.21479815644197037,19.225974293440693,0.018300840394825792,0.039941979112647866,0.023397420731494374,0.4998576926160979,0.20859918430260574,-0.03189441993585617,0.049776718970605614,0.542575880944082,0.5311780313868597,nm
11.502402305603027,79.756197253464,0.3318951928815544,20.002742220780956,0.011597858438815332,-0.030881432414755938,0.05779164628842468,0.5124578241376551,0.2197338883670476,-0.03593891871325231,0.06654357646745723,0.5587375135920978,0.5311780313868597,nm
11.515352249145508,82.40401370682797,0.4568929391601819,20.280924675016596,0.02333173998165728,-0.061273921604608254,0.08104634281833227,0.5051297795195492,0.22001920048171641,-0.039878034144813806,0.10424669416152237,0.5524081827284395,0.5311780313868597,nm
11.520557165145874,84.99011295689236,0.6009622992971965,20.682114327389243,0.013603597050513078,-0.03410974987020987,0.06482186499476124,0.4862724146118158,0.21784452494552817,-0.039553363653829235,0.07450105415576389,0.534304750902966,0.5311780313868597,nm
11.530049324035645,87.61015100133407,0.7578817560468003,21.09984202273142,-0.02397003289398542,-0.007290946581280881,0.04410949543091969,0.48151316319253357,0.21904758345869882,-0.03695254860305913,0.050728374369381865,0.5302850752143007,0.5311780313868597,nm
11.553505897521973,92.88201706232083,1.0532856914394455,21.796079798582618,-0.013449214906918798,-0.04028392236619594,0.04249249749317233,0.4908755660106203,0.22762554884724254,-0.03128423797588577,0.06007735119015689,0.5419879291460162,0.5651685516859515,nm
11.559295177459717,95.5698810637797,1.187391176911069,21.765930368249585,0.00321402308853064,-0.004807859027343818,0.057995039106994495,0.49885104595103313,0.23147087156006044,-0.02787091882652628,0.05828267335891723,0.5506431862317454,0.5651685516859515,nm
11.575480461120605,98.18923341429036,1.3114674767819954,21.735975349408818,0.028428255384027882,-0.0669334506676669,0.07074271995353197,0.49522425441991985,0.2314880621359213,-0.0284055228259063,0.10145336341829363,0.5473944270854635,0.5651685516859515,nm
11.588345050811768,100.82894279810371,1.4201127034407277,21.70292707396674,0.003974002606446193,-0.007144227899502611,0.042370936248870936,0.4844909407110202,0.22806077464352056,-0.02978276316543686,0.04315239191055297,0.536311664560655,0.5651685516859515,nm
11.594441175460815,103.52161316808764,1.5203650336156613,21.65666428772734,0.006823891397347766,-0.01285945817383262,0.06015090879145192,0.5030386994985272,0.23273198027327022,-0.03335760992700156,0.06188750267028809,0.5552700585977326,0.5651685516859515,nm
11.595747709274292,106.27166676915436,1.6181578027737278,21.60091801879221,0.007402602407271937,-0.01444926661612569,0.055341378069652024,0.5123395582472433,0.23400425476858533,-0.036175998792547855,0.0576736330986023,0.5644098839349111,0.5651685516859515,nm
11.603682279586792,109.06860462684996,1.7167603420697308,22.572688778388944,0.02550729241650572,-0.055423366297361686,0.07602788917420712,0.5237830942964538,0.24747142852732998,-0.03887478839900727,0.09748133888308151,0.5806049319297871,0.5651685516859515,nm
11.624065637588501,114.59671487883632,1.940578683824478,22.466538432655017,0.0032266625557124955,-0.06940193732801558,0.0633987565849835,0.5192872697996614,0.24488198245574724,-0.036434312891666355,0.09405552930398206,0.5752859402621718,0.5940604939401796,nm
11.642324209213257,117.47495286800013,2.047435800022521,22.431397979550347,0.012285347976383802,-0.024790297478209457,0.05304646547645677,0.5324562196687493,0.2511247641346931,-0.03540793918652943,0.059828221797943115,0.589768594605611,0.5940604939401796,nm
11.644251108169556,120.41810670072613,2.1380277817777396,22.401634577644852,0.043856583106817205,-0.10050317258828943,0.060148481135904076,0.5604996447217933,0.2621546932249022,-0.035240230172503856,0.1250684906963895,0.6197796453060637,0.5940604939401796,nm
11.653887271881104,123.3564297173049,2.2200875336401293,22.373627053566867,0.04194859729281787,-0.09750280040541964,0.043253835529911584,0.558837671791625,0.2626923579849118,-0.03514317239394381,0.11461838940494125,0.6184996854672341,0.5940604939401796,nm
11.684163093566895,129.53279267484777,2.3630530220925023,22.26187507787425,0.057011647127591214,-0.06504303952431773,0.04836247992181975,0.5914092687841961,0.27612091937303007,-0.04497988004381413,0.09909517830324216,0.6542406857785755,0.6186186448562734,nm
11.690449476242065,132.68165645562402,2.447687441084443,22.173969579329636,0.05648968159150145,-0.13494268635476797,0.032324329543832485,0.6062180103706143,0.2813864742002635,-0.04945373148496545,0.1498181397808983,0.6701673638117189,0.6186186448562734,nm
11.69411826133728,135.91378162668903,2.554033030459219,22.072172558009296,0.03726064664631736,-0.08679865171485592,0.04289045416744944,0.6109753325680254,0.2841403298687155,-0.05343577653245484,0.10373983220879365,0.6759304448522334,0.6186186448562734,nm
11.70044207572937,139.316048438507,2.6608150984246337,21.95650256286556,0.03943827652871888,-0.09152718017082459,0.05068466660510856,0.6434204674549338,0.2973069046298681,-0.058237597766361844,0.11181027588933537,0.7111771307305343,0.6186186448562734,nm
11.708390951156616,142.80693147364352,2.7755358974648012,21.842996704752036,0.07149579602500815,-0.1759852726047131,0.018255247950762957,0.679284971227708,0.3092069600995481,-0.05933490164286844,0.1908290310742802,0.7487039781267364,0.6186186448562734,nm
11.720973014831543,146.3271864901225,2.9009747395811405,21.736145251027057,0.08130575133158012,-0.21042003696086084,-0.04737271328529822,0.6948410915838545,0.31493579688023665,-0.059067605040741496,0.23050247529736823,0.765165132945354,0.6186186448562734,nm
11.758041858673096,154.14487824322566,3.106967873380008,21.489732576578472,0.09307600843744082,-0.24019424769039122,-0.025530053510979894,0.7815259584010877,0.35034851122503974,-0.0711888211514004,0.25885942826652664,0.8594153543131904,0.6394930731349532,nm
11.759547233581543,158.10852929970284,3.226138370006498,21.340488362686095,0.08631959935105608,-0.23398167929975894,-0.0842191934885883,0.7842011763015903,0.35096674533638617,-0.07371155992689392,0.26323254364141674,0.8623123188912876,0.6394930731349532,nm
11.761599779129028,162.319108506935,3.3688988035233263,21.168816229226817,0.062428520706910344,-0.17658773134283667,-0.09433207437216472,0.8170692110778692,0.3647177402497248,-0.0819789365617358,0.20971191504971434,0.8985219372859354,0.6394930731349532,nm
11.764684915542603,167.12277443989535,3.540621350865868,20.975046516465735,0.09931945117702165,-0.302021754528603,-0.24847026005887546,0.8853101408687566,0.3912788069154945,-0.09487332657973005,0.40350831927528547,0.972560588530388,0.6394930731349532,nm
11.80318307876587,177.2166698033177,3.9227040014437144,20.566644600060567,0.08355077386733907,-0.2667471416390971,-0.2257764506769189,0.9539368929566842,0.4156601112498423,-0.10637989291255592,0.3593184869537427,1.0459854709527137,0.6572363371718309,nm
11.805274248123169,-177.32349068360108,4.166392191599167,20.364062532625283,0.08616523109106525,-0.31440902748258526,-0.39301421347876614,1.0071562745489913,0.4400534192530722,-0.11259919381805875,0.5106247698730007,1.1048481124608034,0.6572363371718309,nm
11.80660605430603,-171.73287514395327,4.4329706302805905,20.07932369143232,0.06156446258275585,-0.2703772683283057,-0.45151645301462523,1.0323266131486952,0.447475535899415,-0.11326261891565273,0.52986900043755,1.1308231569468132,0.6572363371718309,nm
11.81445860862732,-165.8708106103108,4.72167790874407,19.743925338548653,0.04518378221231051,-0.2500815210455494,-0.5079461352033977,1.0844274249855823,0.46300001851251227,-0.1182818373443246,0.567971493661023,1.1850495560308847,0.6572363371718309,nm
11.831250667572021,-153.467325217719,5.382774407471735,19.276141563715562,0.008191835959380075,-0.1997918990899101,-0.6179176051604756,1.163675343907035,0.48965160767402616,-0.1304450603823039,0.6494659928630564,1.2692182305234423,0.6723181116031771,nm
11.855872392654419,-146.83999167299353,5.766591950846209,19.036829036808033,0.037649220235476115,-0.18871804501831396,-0.6184309710603045,1.2277566381399871,0.5137621927796358,-0.14376171607578767,0.647679573760409,1.3386580535131436,0.6723181116031771,nm
11.861547708511353,-139.7380831715014,6.208228362134084,18.85629384008357,-0.04133668404463181,-0.17505686341127036,-0.8797185462776534,1.3147487099227555,0.5498000025319824,-0.16053195079637536,0.8979188980860497,1.4340902064564165,0.6723181116031771,nm
11.863011360168457,-132.5166110569503,6.6928024405076085,18.723212984285734,-0.13415577896762812,0.012951371504369454,-1.04732429259005,1.335452449648112,0.5602351323443261,-0.16459419602306805,1.0559610243297355,1.457528009387294,0.6723181116031771,nm
11.873136758804321,-125.23413859272647,7.195257201071246,18.703770232731618,-0.10865842865866825,0.08038539737568842,-0.8220741188714075,1.3454682180760342,0.5646269099013068,-0.16870797663675127,0.833111230957799,1.4688603250882175,0.6723181116031771,nm
11.879372119903564,-117.49919371148984,7.733382138534846,18.73155957146376,-0.18832325411919318,0.17964544438031754,-0.8885071508031444,1.4273197925206857,0.5982008512456781,-0.1840059019253707,0.9258418281526092,1.558507048587114,0.6723181116031771,nm
11.904534816741943,-101.51741379471017,8.825913262417227,18.86910482413941,-0.2508578776291429,0.41576673125695895,-0.662806124948297,1.4815100266721244,0.6153221308335439,-0.19223247329906526,0.821646888181092,1.615687657814544,0.6851376198698214,nm
11.915542602539062,-93.10531190382652,9.358523611279587,18.998872180695635,-0.29824943114901165,0.48722701426968446,-0.5932828743318684,1.5485987031198274,0.6374196751993721,-0.2066922608917247,0.8236063717519091,1.6873599131033714,0.6851376198698214,nm
11.926119565963745,-84.46433846615113,9.865927058568802,19.182355026870365,-0.390979810350931,0.6876518182596701,-0.5011755203224543,1.5893944024321653,0.6491406263980026,-0.21939427700880323,0.9364331996615473,1.7308067390980735,0.6851376198698214,nm
11.92789363861084,-75.8008710088498,10.3430534532205,19.362163524145952,-0.36240253954472407,0.7107162768091217,-0.27629330191216733,1.591790084103609,0.6469069490856284,-0.22758389323548034,0.8442696343416679,1.7332278272304737,0.6851376198698214,nm
11.93673586845398,-66.96147161943453,10.814170123729726,19.743161462138875,-0.34573837150325304,0.6985467010823999,-0.09754443999816159,1.6186165187709958,0.6650765087277446,-0.2414085737698006,0.7855045721683485,1.7665005793345758,0.6851376198698214,nm
11.957297563552856,-48.87406948976187,11.69759691380937,20.70645299065813,-0.32073595756793105,0.7796979971276269,0.32545002759878133,1.6499333671054395,0.693565147180839,-0.2544038596851757,0.903724649252137,1.8077704647146402,0.6743612614546439,nm
11.975684881210327,-39.82246921649645,12.060999682504287,21.28812808565882,-0.26661235704355774,0.6745177452883043,0.5167018003236995,1.6407824786751293,0.6945594494805315,-0.2546689833789147,0.8905262983735469,1.799843399378193,0.6743612614546439,nm
11.989619016647339,-30.840321098435663,12.3508608100887,21.90364511408386,-0.1986002216317032,0.5476445056762237,0.6657049673650891,1.623981569469562,0.6916716456964389,-0.2569968840077076,0.884601410921366,1.7837525618277086,0.6743612614546439,nm
11.995612621307373,-21.996525654645666,12.547690495952626,22.51690769516988,-0.14831061703372675,0.45969607649898137,0.8409910778284221,1.5965960161246366,0.6807345310831232,-0.26085627131593236,0.9698363340587386,1.7551536499118452,0.6743612614546439,nm
11.998218536376953,-13.464090947504971,12.65496604028355,23.083584747502282,-0.07341624293882026,0.3129972674802481,0.9330896667121927,1.5389594483195166,0.6566740805205382,-0.2629785117501945,0.9869212533441687,1.6937457687745678,0.6743612614546439,nm
12.0178062915802,2.4579477745818155,12.727977836543975,24.0169378639875,0.06285318388575022,0.023587198707357458,0.8194500081092548,1.3979424280155242,0.6098009710330239,-0.2625691066343364,0.8221953505449262,1.5475925794851535,0.6652013568017431,nm
12.037054777145386,9.724624543570194,12.741954912815817,24.405478523410753,0.1331296822206684,-0.04630090058899371,0.8941057858957555,1.3020050305103894,0.5768769823408614,-0.25120070544471473,0.9051477459817235,1.4460656785377974,0.6652013568017431,nm
12.047884225845337,16.15904419235795,12.74358730876628,24.752511723257633,0.19679062944909056,-0.24855352866812627,0.5866088282696901,1.1508829957989646,0.516011808921193,-0.22404008023875602,0.666794815408972,1.281012808100961,0.6652013568017431,nm
12.05641508102417,22.328960740092278,12.710354931972011,25.11361207732407,0.17056375067786256,-0.2297037655225852,0.2524960568452815,1.103257157662156,0.49579019949428155,-0.21018519051583084,0.3815888778030231,1.2276653013584504,0.6652013568017431,nm
12.059478044509888,28.42281504362467,12.620729003034231,25.487628687655214,0.15588868190032917,-0.09752455147791965,0.6258835500765265,1.0911095709775447,0.48726844737162506,-0.2038315459254698,0.6523362151084265,1.2122284994163117,0.6652013568017431,nm
12.09168791770935,38.62457344409492,12.373022550652342,26.099516326434138,0.0723221180744762,-0.08286943627607213,0.12987441629558236,0.8932184421621752,0.39865635053041937,-0.16812791243410521,0.1701916456222534,0.9924883204231201,0.6574154378467774,nm
12.100040197372437,43.649641991755736,12.203697003548761,26.35624793000203,0.08678686012504787,-0.06917210526455012,0.4249528424515149,0.9025974143364887,0.4013701749089012,-0.17553870850162784,0.4392057121039259,1.0032915567549328,0.6574154378467774,nm
12.102247476577759,48.21288574370619,12.026288031302357,26.53414027502498,0.08032891393029441,-0.08126814765825364,0.3660890683901982,0.8209698407667405,0.3641884306040659,-0.1692676522709617,0.38350808626654487,0.9139344782530874,0.6574154378467774,nm
12.103838920593262,52.54161021715192,11.860698069357227,26.67460069436074,0.0014048961956765534,-0.0004898587731888252,0.14579238907674535,0.7779047155126428,0.3490746808696646,-0.1646183011044313,0.14579998082182108,0.8683824412662736,0.6574154378467774,nm
12.106882333755493,57.03413288253249,11.703353607691495,26.817458138272503,0.01459833330122517,-0.048189651328578,0.30758896988059964,0.804971330055294,0.36800945331535806,-0.16863726427761683,0.3116830573235446,0.9010262631263845,0.6574154378467774,nm
12.145192623138428,65.64151533187899,11.407549553523378,27.050486758570045,0.07106012620682944,-0.056073592361160135,0.18726879480991343,0.7688293135117211,0.3586276820880289,-0.16112393445623044,0.20799853558708903,0.8635237402233897,0.6507974067350565,nm
12.156454801559448,70.01733109927325,11.247005052959425,27.167297251984866,0.12767608459046526,-0.1224020998122205,0.29017130159480214,0.7825608633224247,0.36531994051916394,-0.1623938522979292,0.3398276635060984,0.8787672769334471,0.6507974067350565,nm
12.168798446655273,74.15499751795497,11.071964272615915,27.23806364016539,0.06109822760723144,-0.05131399441581177,0.15758747653056804,0.7417631024782214,0.34369686736340477,-0.15976811484464828,0.17663502540244772,0.8329861267479471,0.6507974067350565,nm
12.170259237289429,78.33277812566577,10.873176046378182,27.28998925292292,0.08271262169950783,-0.09332917554183681,0.1599069575901574,0.750690661179844,0.3449593889628304,-0.16225234894729912,0.20278547256020407,0.8419378086029613,0.6507974067350565,nm
12.171700716018677,82.49688410618178,10.670141926311048,27.340943314725084,0.09514368323508968,-0.11799078548235854,0.16094374907736958,0.7485406521021573,0.3447330558966007,-0.15882701262014642,0.22108151502412485,0.8392734998885475,0.6507974067350565,nm
12.174687623977661,86.5737477468312,10.47178540065175,27.359820824774346,0.0713207107456174,-0.09909409481843738,0.09631161294497885,0.7328216778719914,0.33918513294369185,-0.15888753769122838,0.15550630275718377,0.8229941771378047,0.6507974067350565,nm
12.199254035949707,94.58299382003815,10.132062046059348,27.334895456454085,0.052252128320127704,-0.13261196359040706,0.0799245670262461,0.7021596479791412,0.33557352685414116,-0.15429142687065395,0.16341405758263103,0.7933748216204627,0.6451720802900938,nm
12.214128494262695,98.48783521554512,10.00575362542884,27.329975789807197,0.057111830738708555,-0.0921364551023462,0.047813001581867624,0.6965054980590116,0.33902480532133705,-0.14943283827550616,0.11847772233386843,0.7889156485991871,0.6451720802900938,nm
12.220272779464722,102.45289533201299,9.894395400470822,27.323075305059106,0.10861887231624866,-0.17839006190479104,0.08380674978959884,0.7057276567920582,0.3478898293135835,-0.14982769524415307,0.22504365114338404,0.8009539294885931,0.6451720802900938,nm
12.223203659057617,106.26537221805692,9.801651055081162,27.311084615751604,0.0700004262957027,-0.12157986814501985,0.03712625779059519,0.6773376453702714,0.3380235219792693,-0.14371449540410774,0.14512092556648834,0.77051933359019,0.6451720802900938,nm
12.234883785247803,110.10275231346023,9.702345288978275,27.2967233827078,0.050376915790297,-0.08475243932708672,0.03450648508019955,0.6823870484098224,0.3396721719343024,-0.14321198466079385,0.10445815970532998,0.7755894150737999,0.6451720802900938,nm
12.24133014678955,113.9952764084119,9.587335691330905,27.26576479405833,0.10797379450865909,-0.1938172246354922,0.04254153179197295,0.6936827664199463,0.3423031109324769,-0.1463553479115265,0.225905375751022,0.7872655765651038,0.6451720802900938,nm
12.268731832504272,121.60203752418867,9.35316813579001,24.63196385860431,0.04938116525227649,-0.0909349079068909,0.04242073510761852,0.701967526180609,0.30739650041618266,-0.15041181255430328,0.1118354850875969,0.780944767340246,0.6403905528118754,nm
12.280503749847412,125.52963147805032,9.2450030775099,23.330269641895736,0.10429408477508934,-0.23704351658988074,0.01161274010982412,0.7216555261816444,0.30016049598495237,-0.15364823780706,0.25923298518751214,0.7965493097101105,0.6403905528118754,nm
12.282397747039795,129.38501632114847,9.170301850719655,22.03983537938167,0.058955166758397896,-0.13289152064028414,0.02960499672201288,0.7126612440875724,0.28512387425822255,-0.14747543069820127,0.14836550736781093,0.7816205442259595,0.6403905528118754,nm
12.290452718734741,133.4141816926852,9.128094381480462,20.777309459692347,0.06125733834606471,-0.13281384552413303,0.0632299236916167,0.748683679975894,0.28806207981655135,-0.15056937169791182,0.1593424058880755,0.8161973720761346,0.6403905528118754,nm
12.300830841064453,137.55067504235495,9.117921943541882,19.61983631056435,0.11316115480733861,-0.3334925840955809,-0.03357248113147062,0.7722772071804899,0.28634291333489037,-0.15004984425474738,0.3537652641136514,0.8372092357997991,0.6403905528118754,nm
12.310868978500366,141.60298821906756,9.131592967442943,18.48638303435841,0.05072834071895191,-0.13905247589821113,0.02500971238097836,0.7605958445808454,0.27036099597714425,-0.1411014954650784,0.15011476049642794,0.8194575882630439,0.6403905528118754,nm
12.31735873222351,145.95795831559124,9.149563491292103,17.37959289454938,0.09589490662602089,-0.2259189755948803,-0.012946191499645286,0.8225104136366894,0.2746958659166987,-0.15351840204658168,0.24576985275863042,0.8806526551708448,0.6403905528118754,nm
12.354224443435669,154.85367405555945,9.19638645513854,15.163308901092345,0.04540114674713287,-0.17152310844585783,-0.006454770067673617,0.8462218413917784,0.2485768869791812,-0.16143373036313594,0.1775474722813894,0.8966285311586456,0.6363262544553898,nm
12.361452102661133,159.661906830866,9.236594128539254,14.055339173769845,0.06145221909705497,-0.3514348063156294,-0.15826233128728948,0.922933652253499,0.253553973642757,-0.18179684601625531,0.39029445784759,0.9742413649776284,0.6363262544553898,nm
12.368049144744873,169.21513203999936,9.40097074717254,11.795844562144422,0.03775328202124027,-0.29344941901643457,-0.13911281085845814,0.9713968140436521,0.2344279800986038,-0.18425720374842,0.32694073770241516,1.0161294038263313,0.6363262544553898,nm
12.378030776977539,174.60787866003747,9.519092620720688,10.689322327615741,0.025496614192597678,-0.41301008388911414,-0.3074354494291349,1.0467996131120887,0.2347664182914319,-0.1927832019946704,0.5155036006615992,1.0899862678677765,0.6363262544553898,nm
12.38431429862976,-179.90457483889807,9.669182615802098,9.638831261458467,0.03132281755100473,-0.36994129081453075,-0.3644132951386209,1.0682327090711246,0.2241316371541535,-0.18873184326778736,0.5202256502928728,1.1076894060006586,0.6363262544553898,nm
12.395236492156982,-174.20418314135713,9.83749811682566,8.658661207922082,0.02271899761243775,-0.329295123643867,-0.41088556825891953,1.1126920198291967,0.21498050508022112,-0.19389553501266785,0.5270468494466112,1.1497371991259453,0.6363262544553898,nm
12.402435541152954,-168.1856418554216,10.020654670621285,7.664372798967596,-0.018561958297386428,-0.3368562458118938,-0.5660770665367227,1.1777279265976093,0.20636053228337964,-0.21015216742990922,0.6589840073151534,1.2139982173988857,0.6363262544553898,nm
12.414462804794312,-161.96538069380128,10.228660582636106,6.653035992367913,-0.02308785584970836,-0.280690208867113,-0.6367675209843854,1.2196589481855533,0.19446198685111268,-0.22530171873170043,0.6962707219337892,1.255445848566409,0.6363262544553898,nm
12.424554347991943,-155.5188812626621,10.478250557186284,5.632371276421412,-0.035685132797602076,-0.23410801652791294,-0.6185762787182131,1.2658402246188274,0.1846296514108321,-0.24302241317483256,0.6623568560061023,1.3021134650054302,0.6363262544553898,nm
12.446176767349243,-141.3334883627588,11.18072204645254,3.9838174195579095,-0.1739575641596401,-0.12765377045127577,-1.0898136425989826,1.4333878404958875,0.18473724095185345,-0.28895597447853594,1.1109682690489613,1.4738467032438642,0.632871600852377,nm
12.460352182388306,-134.19824649098965,11.595530996196329,3.242665390224304,-0.1530702570751785,0.06450348531182075,-0.899121625692264,1.4020803958253114,0.1674192914195553,-0.2777242748093619,0.914336317230117,1.4390932660239482,0.632871600852377,nm
12.471885204315186,-126.71640464508367,12.049637528873829,2.577926057865582,-0.11961801729914413,0.12159047391783977,-0.7779590304314401,1.4695794354172893,0.15967318173084052,-0.290982001325062,0.7964376726649547,1.506595422487599,0.632871600852377,nm
12.483821392059326,-110.9630662066515,12.999525796781123,1.5275046072569294,-0.1504515380307038,0.4041419804067019,-0.7294326617603094,1.535579385718767,0.13187924374362528,-0.3008773522355374,0.8473714732427481,1.570325878874536,0.632871600852377,nm
12.493320226669312,-102.88077795000358,13.472273338730492,1.0959218232974628,-0.15048961201099678,0.44570090016633135,-0.5924750978098996,1.582754849770458,0.11910641721833447,-0.31031115370495665,0.7565204275213913,1.6172792786677859,0.632871600852377,nm
12.501774072647095,-94.49393033656101,13.954756960088128,0.7235056490835972,-0.16463207951493133,0.6788368881015329,-0.6279829477103395,1.6396110484810078,0.10876091491376857,-0.3274219406627499,0.939300710564913,1.6755173690956566,0.632871600852377,nm
12.5255708694458,-77.791395212927,14.890492826507788,0.18154667084249798,-0.06523833325410626,0.6509914080309634,-0.23758882714382862,1.6397136574125653,0.08480342740001111,-0.32981040931518113,0.696056250772515,1.6747021841798404,0.6299351452898162,nm
12.537795543670654,-69.195652390778,15.344641609603531,-0.004509604772875551,-0.06433866033445539,0.7689374780079269,-0.11529930358521027,1.670590030359767,0.07439209462070327,-0.3393473264192973,0.7801911545935766,1.7063299332858894,0.6299351452898162,nm
12.542560338973999,-60.59650715702186,15.757178525316913,-0.08225114972151598,-0.03516804035136059,0.7578607664733725,0.08809226873229141,1.6675505027148283,0.06161235524095237,-0.34037859185818903,0.7637735137016503,1.7030497195379168,0.6299351452898162,nm
12.548718452453613,-51.98226282422231,16.107504962875282,0.5569690331807111,-0.022051920221280746,0.7125452351495426,0.2413267056405839,1.6662511556344581,0.06585526705215046,-0.3416541202631975,0.7526257889383672,1.7021919303487774,0.6299351452898162,nm
12.567673683166504,-34.92785034101651,16.572422345405244,1.9408606432298692,0.02228354567740999,0.5291297137978,0.5551213293579184,1.6378264831697353,0.07235965358708128,-0.3417692964951062,0.7672251955845829,1.6746694481198805,0.6274391580616395,nm
12.580721616744995,-26.467470085227323,16.701088173479683,2.653155209047413,0.03546596600153337,0.4924902011700393,0.6943426712287004,1.6277163924131195,0.07841135631544584,-0.3438033369379307,0.8520071467317248,1.6654758267291858,0.6274391580616395,nm
12.587367057800293,-18.263942235949855,16.762270683632114,2.6372790314160226,0.05625511619627884,0.3390791249165812,0.7519467987535571,1.57773390639472,0.06261294913525606,-0.3351123493535955,0.8267788574994972,1.6141452683932274,0.6274391580616395,nm
12.593273401260376,-10.273312807906157,16.774645599915228,2.6243950472525297,0.06690092389920554,0.19101599830232638,0.7150243911725053,1.5365335151072406,0.05121087157121342,-0.32667572810228024,0.7431168987431341,1.5717107964718098,0.6274391580616395,nm
12.60710597038269,-2.4779536630915575,16.747280798851993,3.316893262251124,0.09763977782122654,0.1407216700846399,0.8252360924453264,1.498387881817766,0.0604495424728794,-0.31783214323081854,0.8428230673865186,1.5329180222158678,0.6274391580616395,nm
12.61861801147461,4.8731936135178495,16.654947582557224,3.987411067527957,0.1248620886766496,0.0007083560223564594,0.8501918595424631,1.4133911143903786,0.06054637695576731,-0.2964944041721468,0.8593120742717522,1.4454235495886811,0.6274391580616395,nm
12.625702142715454,11.65658145852505,16.497498773853653,4.618072906208969,0.11174364076241007,-0.19703322134272155,0.6801066338498437,1.3054644098604709,0.05624837080138973,-0.27014953892539045,0.716835940065852,1.334309551045693,0.6274391580616395,nm
12.638493537902832,18.174866847188017,16.284114921289312,5.217045270788558,0.04614167636824091,-0.2572447929060448,0.3485684215218617,1.2558918113584907,0.05570494865465209,-0.2583571838767033,0.4356648737935933,1.2834000614004306,0.6274391580616395,nm
12.652886867523193,30.336198086075328,15.717765543095663,6.214768073975396,0.09321414978478627,-0.25799606073205467,0.45499652959975695,1.1055462167401717,0.050028729643707144,-0.23515520999102932,0.531293409540511,1.131385559358168,0.6274391580616395,nm
12.666321039199829,35.66883218676348,15.429480437208639,6.5872830018792055,0.048846030321098334,-0.22024290618677217,0.24166872759383232,1.0327032308739097,0.05123903096408948,-0.22432224782222338,0.33060043300114855,1.0580273494667165,0.6274391580616395,nm
12.68959903717041,45.83147143275706,14.783004621035639,7.143769982338787,0.10655682713287926,-0.18205853347750817,0.3148571461564397,0.9463909961695215,0.04540220651754101,-0.21569850567735083,0.3789916747190958,0.9717217314328433,0.6253175689176893,nm
12.711982011795044,50.410502751795576,14.442555783799659,7.354297371361516,0.05476063704922663,-0.1589619705006022,0.13186773469146498,0.8924416628134819,0.0412455292244436,-0.20257938105077555,0.21367436647415164,0.9160740804286585,0.6253175689176893,nm
12.7142972946167,59.37378751575277,13.679972490504039,7.720372422546789,0.043462808589321826,-0.18826461461122423,0.24404211234393777,0.8528341092800122,0.03313545501479998,-0.1906069852620321,0.31127019363002933,0.8745027153537891,0.6253175689176893,nm
12.7200026512146,63.57635696551411,13.277428762450395,6.975228997855787,0.014127654975803546,-0.15227430969234648,0.17733894087635366,0.8255853417570724,0.018141550831480894,-0.18247160383916924,0.23417121082349737,0.8457045338641339,0.6253175689176893,nm
12.74523663520813,71.71608224704975,12.49679468839258,6.300486599458268,-0.001767990948263893,-0.11101093952357045,0.1290017592215315,0.7828568824940904,0.01039012567338093,-0.17214127835057008,0.17019990707444274,0.8016267665765927,0.6235142181453316,nm
12.753558158874512,75.70662629539791,12.12975175450832,6.348805273694731,0.022995568606432194,-0.20199374259015487,0.18219902962166734,0.7875288608282764,0.015353682227376807,-0.1743379779725104,0.2729958875444612,0.8067410816110493,0.6235142181453316,nm
12.759244441986084,79.54850480949081,11.786251880203377,6.368298208907064,0.04148442388720499,-0.1603652867895132,0.11233979321599796,0.7591136382854431,0.01823118717669709,-0.16891687718217466,0.20014547652182724,0.777893825283253,0.6235142181453316,nm
12.768941402435303,83.33979197700685,11.449941255210446,6.3618256120489685,0.02582623772881655,-0.11136792462702383,0.06579789203411769,0.7500492259174024,0.01956814799920794,-0.16737573779500592,0.1319059202124348,0.7687466366221293,0.6235142181453316,nm
12.804417848587036,90.78794131174668,10.754364986377453,6.264916962328718,0.02163507276667448,-0.13519592626229995,0.03555177085808845,0.7187712560626344,0.014260462906959903,-0.16280413379923644,0.14145650661134881,0.7371164530291652,0.6219813699888276,nm
12.806150913238525,94.47257592211803,10.381743898271987,6.1915226645651735,-0.008800304219146184,-0.12336437877524811,0.038654800842651195,0.7328445673661342,0.010869534475727425,-0.16221502811294639,0.12957781034242488,0.7506617227776167,0.6219813699888276,nm
12.807565927505493,98.16299543586672,10.000576039368658,6.099249608965757,-0.0002335255138312789,-0.3058646618200188,0.10985471673431167,0.7351216680170317,0.009046345521408075,-0.1609991820527815,0.32499431483214586,0.7525997872555509,0.6219813699888276,nm
12.81498670578003,101.54391792982418,9.646616022281805,5.983653921381114,-0.036795494610716066,-0.09100425340024434,-0.010124153326392292,0.6747403373260014,0.00742113149492239,-0.14999753317809184,0.09868222251834126,0.6912516589253033,0.6219813699888276,nm
12.843603134155273,108.68251953798877,8.96106543249217,5.7693679932144635,-0.009063534036789014,-0.32467202148527685,0.06734968324732744,0.7152769146568178,0.01434981754517442,-0.14456009710526055,0.3317077765414725,0.7298798555787375,0.6206784490557992,nm
12.85775637626648,111.95103686411306,8.677794426504352,5.658475490771953,-0.03300476494894273,-0.07387818795282397,-0.022522034835312118,0.6533840384043125,0.017412263654653835,-0.13235851141173696,0.08399132822887585,0.6668827963819716,0.6206784490557992,nm
12.860318660736084,118.93066579457232,8.121286993267226,5.407992413298155,0.03262607082665882,-0.3023330239212009,0.027938369059937306,0.7059855834648001,0.02153837347688556,-0.13529685303385613,0.30536907229883786,0.7191556048818843,0.6206784490557992,nm
12.872178316116333,122.23288363227407,7.8629362910787055,5.274400187398702,0.01336456105045629,-0.13142494328908383,0.008882158458820573,0.6612914003058643,0.020356503774968462,-0.12668788376930204,0.13240098167875444,0.6736249128842959,0.6206784490557992,nm
12.903576374053955,129.34110593169797,7.344036177148063,4.183542455556154,-0.014437425300634844,-0.33406724936771354,0.020104017243739784,0.7285132653637015,0.013466635210362713,-0.13857893548918357,0.3349828918896577,0.7416987592251232,0.619570966262725,nm
12.906644344329834,132.78242224183975,7.102942665214239,3.2958111950208706,-0.020349360227454594,-0.19250333596535843,0.009073112006813116,0.6904449760958153,0.004019080338194932,-0.1263332783289223,0.19378842117357412,0.7019191657420738,0.619570966262725,nm
12.912876844406128,136.4077960408122,6.8783558705159615,2.4666752481950027,-0.021994004032320897,-0.1240601490258192,0.05509475156967799,0.7272713174298245,-0.000705005023382159,-0.1277350644521114,0.13751395725600637,0.7384038954926908,0.619570966262725,nm
12.916057348251343,140.239554042134,6.676181002448775,1.6845994601337455,-0.040512469282645215,-0.34270326355836417,-0.0405314207004859,0.7684949258462171,-0.004604999306203657,-0.12889040399998397,0.34746162821947785,0.7792421916922055,0.619570966262725,nm
12.931134939193726,143.9620214635429,6.493453645716332,0.9275098941899552,-0.0006687010008718469,-0.2447707306268321,-0.040685459491983475,0.7469568048303136,-0.011258253806420638,-0.11614533284269,0.2481299344027149,0.7560165043848052,0.619570966262725,nm
12.954077243804932,151.99869697224807,6.178354717815145,-0.5469641444870467,-0.019658733822841185,-0.4018885571597252,-0.14615211278480297,0.8332396580186497,-0.023299888799326426,-0.12238601822785458,0.428090315544401,0.8425019584373475,0.6186296058886119,nm
12.961468935012817,156.00571569132092,6.06121066146787,-1.2661488060535209,-0.01653753981792941,-0.26669194049846257,-0.10020766108398212,0.8038699118996164,-0.02760614902957974,-0.11355647835283944,0.28537634220444297,0.812320139167828,0.6186296058886119,nm
12.968701124191284,160.210954624151,5.954531271496491,-1.943752216570148,-0.011954681139296458,-0.22103933650164645,-0.04266946523811838,0.8432692145991627,-0.036315297268354675,-0.11585744531673259,0.22543732154622786,0.851965208645105,0.6186296058886119,nm
12.979106426239014,164.68643255449064,5.8753406160141175,-2.628071258958227,-0.04474065403371145,-0.40617137121026736,-0.2533371873252848,0.8970302057421335,-0.04328647575164684,-0.12196898470073542,0.480787520008662,0.9063185655307412,0.6186296058886119,nm
13.007041692733765,173.79554833006628,5.777454904529042,-3.90110148130135,-0.03833665739902058,-0.312991194911496,-0.16756124563719987,0.9438190203827669,-0.059273668449233964,-0.12061661682157743,0.35708536574906846,0.9533394354904232,0.6178294495706159,nm
13.013517618179321,178.73752609765904,5.747210961999066,-4.044814544419045,-0.06581219645617911,-0.41084763387951173,-0.3643324171822598,0.9895481922174929,-0.06302569544473449,-0.12405511096984867,0.5530507514475034,0.9992835101035853,0.6178294495706159,nm
13.015198707580566,-176.29081294762221,5.743810747062307,-4.178265588155421,-0.0501760383941129,-0.33615969824492475,-0.25401379296295856,0.9957702323349079,-0.0609471269979648,-0.12131184195998092,0.42431590185671236,1.0049823236720863,0.6178294495706159,nm
13.026857614517212,-171.01717249510924,5.779240685939536,-4.319237290089164,-0.0664516878854932,-0.3693963679429943,-0.37982726700029207,1.0562228672961018,-0.06062032332680506,-0.12815669172839125,0.5339833857239551,1.0656949407002976,0.6178294495706159,nm
13.04212212562561,-159.88743062070708,5.936226541895231,-4.562414542290612,-0.07576986716644284,-0.29950181171497237,-0.4972723885755101,1.1325229707382467,-0.06171730417202786,-0.13048823493390552,0.5854248341423212,1.1416849321683336,0.5521550321350235,nm
13.063701391220093,-147.62830342693593,6.2340041128442,-4.713650993384333,-0.08804572198158987,-0.2711503473337934,-0.599310866784767,1.258978495056423,-0.06283842674904279,-0.13808575647831448,0.6636626214160362,1.2680864304269717,0.5521550321350235,nm
13.072455167770386,-140.93198544776953,6.420301752184309,-4.76384740214285,-0.10744585236765761,-0.23714567705223988,-0.7765258526135078,1.339359804564579,-0.06773215950482517,-0.14739268684300527,0.8190085977037805,1.349146743556554,0.5521550321350235,nm
13.09157109260559,-127.18643434930334,6.807956744057431,-4.788762984072387,-0.08385081531753155,0.08151285947914043,-0.7569128500735188,1.3779957862648258,-0.07364996443090674,-0.15067860020274032,0.7658931832157132,1.3881645236726612,0.49633177731476996,nm
13.10655403137207,-119.81932558407577,7.03973912040884,-4.795804652340337,-0.05222394583816063,0.20231960298462226,-0.8157903792025784,1.4712125760042198,-0.07537218109675685,-0.16754649318023945,0.8421249937332634,1.4826392807602429,0.49633177731476996,nm
13.112961053848267,-112.2448000768788,7.313126126010082,-4.788202158953749,-0.04183001115462166,0.38141559829630345,-0.8348928271080319,1.512098485399297,-0.07212503435962911,-0.17621696890085672,0.9188436435070795,1.5240394582348682,0.49633177731476996,nm
13.128009796142578,-96.76310652572799,7.996204762452255,-4.650966477093238,-0.0025064356241841917,0.5433537215472669,-0.52631691464193,1.575168934954226,-0.05886809830184639,-0.1850418844269624,0.7564714426711716,1.5870926644763965,0.44888201071755446,nm
13.148604393005371,-88.74908417885503,8.393887301161515,-4.49771471204126,-0.00688485359749215,0.6836993903386281,-0.4098648909834782,1.5972184442785486,-0.053290939247210165,-0.1876425833289621,0.797170926727367,1.6090855856752317,0.44888201071755446,nm
13.159543991088867,-80.80070750115725,8.787540131598503,-4.269782510612625,0.020407411200804734,0.6320266003466704,-0.17275476189596276,1.582583989350533,-0.04919168875882137,-0.18259398146375935,0.6555290182252951,1.5938420460191092,0.44888201071755446,nm
13.162681579589844,-72.74026596943517,9.165575766194664,-3.9816056197391143,-0.016793450392988588,0.6679657100975636,-0.05554269872122846,1.6028336537691896,-0.048074716971456516,-0.18574308350352586,0.6704813205626845,1.6142761204751725,0.44888201071755446,nm
13.170039176940918,-64.71152979157448,9.490078720448095,-3.653535163284067,-0.003424373917173962,0.6934810857761694,0.12406409315159203,1.5942965246898684,-0.05085782145025724,-0.1877773892807068,0.7044995683998297,1.6061221231792855,0.44888201071755446,nm
13.178015947341919,-56.79857853788812,9.747230368611175,-3.315330773784273,0.007452987257784859,0.5494301703846842,0.2793851537826089,1.569328932396056,-0.05460313722407899,-0.1913238007436533,0.6164293335834529,1.581891145869732,0.44888201071755446,nm
13.197566747665405,-41.14482010852958,10.136570480526386,-2.660186090173764,0.07279853561732655,0.49232424841094513,0.5225453973245544,1.5357640775821868,-0.05258573216594419,-0.20292877533413722,0.7216207346151478,1.550005370660988,0.4085497091099213,nm
13.215282917022705,-33.64223219386632,10.295935405020586,-2.3141237053776713,0.11658870937198623,0.3214482557066732,0.5698314073677817,1.4847025894057422,-0.045044314958789904,-0.19615694481782048,0.664552286184191,1.4982817880153532,0.4085497091099213,nm
13.217875242233276,-26.329451708003614,10.444670346598349,-1.9186666739435039,0.08437541313151173,0.18202711420432405,0.5751810934408415,1.446514899152641,-0.036328391774639195,-0.18500353239685155,0.6091685898817086,1.4587499485925681,0.4085497091099213,nm
13.22107458114624,-19.18976443313369,10.55440161818006,-1.4627436638049056,0.08841146526053674,0.1459653592356212,0.6239486029672417,1.4115726079170248,-0.03232821851976618,-0.1714030770617209,0.6468650032511202,1.4223084602014284,0.4085497091099213,nm
13.240359544754028,-5.888297664826167,10.573356353574358,-0.5163174922419125,0.03949470757435471,-0.044486930859328346,0.5727218689723279,1.2826097883972538,-0.0333752843088739,-0.15079086092202665,0.5758031418313231,1.2918744763454197,0.3742672527434331,nm
13.248688220977783,0.3416492788638688,10.496243424063076,-0.11327623251048423,0.019486707212078905,-0.06765211437243383,0.5819247551398488,1.231747652038419,-0.03378291224536611,-0.15361290214127443,0.5861680313541529,1.2417489630219953,0.3742672527434331,nm
13.26137089729309,6.202911234716973,10.387063046643854,0.19773026771977567,0.012352532101610006,-0.12927602496922377,0.5495538410118214,1.15950889665289,-0.03200472134547244,-0.15777296650095834,0.5646895606012307,1.1706312367966762,0.3742672527434331,nm
13.274486303329468,11.624915712925695,10.270355600677528,0.4189758893534899,0.03546972726771183,-0.20846798044643328,0.5750313761466209,1.0733741074439467,-0.027959405861529646,-0.1586677350588098,0.6126810621987079,1.0853981541609106,0.3742672527434331,nm
13.28655743598938,21.29450467328564,10.060781968930945,0.7369013475293557,0.03389693901602215,-0.3252668702086562,0.1674597475441324,0.9487262401432168,-0.020591119959556554,-0.14653442459180582,0.3674102698313362,0.9601967561640298,0.34512716483191813,nm
13.307065725326538,25.92395630766273,9.912080462766117,0.9041920399841722,0.07664394472110474,-0.24966858032600278,0.4160028848133816,0.9181683450221907,-0.024890729899491724,-0.13783095809350412,0.49118946898062577,0.9287895516448769,0.34512716483191813,nm
13.309881448745728,29.892523885595185,9.744033560655064,1.0579433220035788,0.04149484296111743,-0.2699118766971529,0.21257478646166947,0.7883080331862315,-0.027737609296032268,-0.11595465391462577,0.3460668765047751,0.7972731099942257,0.34512716483191813,nm
13.317380905151367,33.616657296859785,9.538453804617737,1.2093975121819267,0.017263685471498626,-0.23389782923082855,0.07333753308004728,0.7406755180839447,-0.03342335047510033,-0.10611230010727579,0.24573282872506005,0.7489840877348182,0.34512716483191813,nm
13.32419204711914,37.258434066553875,9.291211837335064,1.340996821264312,0.04003878360576709,-0.2125894052824262,0.21425988387180425,0.7251309613370133,-0.03959636177550325,-0.10487550692077292,0.3044743950937815,0.7337449522192889,0.34512716483191813,nm
13.34672474861145,43.577158600360924,8.799693182256703,1.4453099217755834,-0.019211314548051295,-0.17413204531370313,0.045395074824325955,0.6080031005512011,-0.03744855405972041,-0.10158183078982054,0.18097446402767403,0.6175670269919286,0.3203580901071304,nm
13.365615367889404,46.55088919280828,8.579483623520156,1.4340281998861064,-0.010532149275525739,-0.1816971007253425,0.11041660052091494,0.5943474484047292,-0.033541300349050625,-0.1049454232851311,0.2128769321719771,0.6044728696333797,0.3203580901071304,nm
13.367935180664062,49.302938562902895,8.384508604116855,1.3948082547366873,-0.00963681734349896,-0.18729717882418812,0.10349860956969888,0.5506445813959049,-0.029255769621276382,-0.10203697461992586,0.21420799151029085,0.5607823992123789,0.3203580901071304,nm
13.372662782669067,51.83024425563911,8.201918404461145,1.3466423755975494,0.007569740731487862,-0.17518496774569492,0.02393980402953222,0.5063182368144387,-0.027721102194901412,-0.09568074471682073,0.17697510592107163,0.5160246325005693,0.3203580901071304,nm
13.385215997695923,54.22663962323453,8.006268825365575,1.30812301591263,0.0019043114253493871,-0.1680405015917632,-0.013738785524810138,0.4806707484526288,-0.030798447938600086,-0.08851024100633609,0.16861195332749343,0.4897213244044379,0.3203580901071304,nm
13.39244031906128,56.50589877038774,7.789955836629912,0.47845106130168785,-0.000591308569064617,-0.17205568482359443,-0.014824308582542155,0.45724624459716584,-0.04168893605019045,-0.07903355757322701,0.17269414712401326,0.465895265923457,0.3203580901071304,nm
13.402204513549805,58.63119760142983,7.55528682276668,-0.32070654384138314,-0.0005140812751070453,-0.1875883910383885,0.004040627708164593,0.42633492953268937,-0.05115535387133593,-0.07066501297576128,0.18763260751853544,0.4351688022230102,0.3203580901071304,nm
13.418945074081421,60.566742905716,7.308448086393452,-1.151116064629852,-0.006677892875863302,-0.1743372335076232,-0.024749648873782292,0.3881351484422008,-0.05855374731379946,-0.06624295476514774,0.1762118337675667,0.39807733399021217,0.3203580901071304,nm
13.420564413070679,62.17321385543483,7.070288769319669,-2.069065127604046,-0.008730730122851475,-0.16300485327386868,-0.022896765830474224,0.3588378553814416,-0.06375562493638154,-0.06573646857090838,0.1648364939108118,0.3703385876005294,0.3203580901071304,nm
13.433744430541992,63.67613258926543,6.862024575151761,-3.075782573865346,-0.012386459322820743,-0.11246164309229299,-0.052636235927686056,0.32715783707640694,-0.0637232324371233,-0.06362579336996096,0.12478629281379111,0.3393245383032377,0.3203580901071304,nm
13.44219160079956,65.12291005901466,6.693495372808647,-4.096802434851897,-0.01215497795855769,-0.08494076557972569,-0.051599418016170524,0.30904651725523763,-0.062220215082856356,-0.06165141458846944,0.10012580629413396,0.32121955406436287,0.3203580901071304,nm
13.460280656814575,67.6408910295694,6.425300194820323,-6.1357911349946725,-0.013944185039158145,-0.13356293003574887,0.0036548800676379496,0.2627019069085435,-0.056852825866531086,-0.05775593710564868,0.13433858241193947,0.2749186861116334,0.29930437659106085,nm
13.473890781402588,68.75429842816841,6.310697409962788,-7.216539101423964,-0.013054918386377075,-0.0642617750395206,-0.0441175846506036,0.23672190555792913,-0.056159201936144564,-0.05254500048989464,0.07903396675296068,0.2489017750229291,0.29930437659106085,nm
13.489596605300903,69.76543662080371,6.166497016835058,-8.3091197796281,-0.01605485791188099,-0.10178867361934597,-0.010888877577777813,0.22316263687949126,-0.060511302039241405,-0.04826603272398337,0.10362075175687667,0.23620497473255003,0.29930437659106085,nm
13.495544195175171,70.7052114579906,6.019178003349239,-8.345983761411535,-0.011882952598019265,-0.02545961139471282,-0.07645517093668218,0.1952389534440036,-0.058276704476093094,-0.04060461114675984,0.08145421743392944,0.20775744913933475,0.29930437659106085,nm
13.496955394744873,71.58047772308001,5.8430689072140085,-9.344466008347894,-0.018191968705815593,-0.0790544416215702,-0.0499778096444641,0.19064520627085033,-0.06415872621357352,-0.037435756157131135,0.09528029136369133,0.20460540721706144,0.29930437659106085,nm
13.523242473602295,73.05996111159372,5.542097787713868,-11.352628237259085,-0.018402867911142047,-0.07236870302762896,-0.03913459207855751,0.15026083817229668,-0.058433806510227504,-0.03239731785080354,0.08430546258939092,0.1644457826623773,0.2814087201024017,nm
13.53156328201294,73.67521941481326,5.438826972522362,-12.330916659460291,-0.016512090371816095,-0.05209447600773792,-0.05257757938338448,0.13296574594077662,-0.050870713252473644,-0.03265549601639737,0.07583459245478874,0.14606197479316613,0.2814087201024017,nm
13.538980722427368,74.21912101572113,5.383484215712637,-13.352535423036391,-0.01821756926856683,-0.055812469527560124,-0.05131383185539656,0.12081490155976758,-0.04304532409567908,-0.03168643508974281,0.07797448893390561,0.13211044823970156,0.2814087201024017,nm
13.545868873596191,74.64428068970426,5.353532334697221,-14.371377394592438,-0.024856611993632326,-0.07998347498130084,-0.04510105298586225,0.10408589174970756,-0.03518554787706046,-0.030333389657495914,0.09512787399243147,0.11398249939729448,0.2814087201024017,nm
13.555347681045532,75.00870402626401,5.336358162368914,-15.354017606879395,-0.020052953161212087,-0.04518123865455127,-0.07894498513786444,0.08538112908483125,-0.02834988913929708,-0.0266515769743918,0.09314384539658496,0.09382941955076235,0.2814087201024017,nm
13.575194120407104,75.44925189677983,5.281569618065423,-17.242798076746208,-0.023275906442525755,-0.05911647727003837,-0.05091177944668563,0.048610743578477396,-0.020412393540020855,-0.017072237370278458,0.0814158153675816,0.055417790375585155,0.26619741208704145,nm
13.589271783828735,75.5332902621337,5.229953913495855,-18.19808992161787,-0.014687980218027105,-0.019033588657976278,-0.08749806259900131,0.0,0.0,0.0,0.09074097871780396,0.0,0.26619741208704145,nm
13.595277309417725,75.57061182329531,5.181356188778869,-19.155949913315897,-0.02490301946818278,-0.05851001544144412,-0.04769136084295027,0.0,0.0,0.0,0.07948615089839997,0.0,0.26619741208704145,nm
13.603904008865356,75.50821683666824,5.1423083791564155,-20.186722956142777,-0.021627679957990944,-0.04564083919909094,-0.05055321215569711,0.0,0.0,0.0,0.07145956900528774,0.0,0.26619741208704145,nm
13.612086772918701,75.35486520610408,5.1358424033094865,-21.224133481473835,-0.023228234655110553,-0.04681847758545395,-0.05233304051534494,0.0,0.0,0.0,0.07396125917122603,0.0,0.26619741208704145,nm
13.639930963516235,74.86917259245733,5.2043424093888495,-23.269164791279962,-0.019334740327741046,-0.03495313070413749,-0.04340806746286319,0.0,0.0,0.0,0.058989947028474064,0.0,0.2532678002739852,nm
13.646704912185669,74.56514083137132,5.269129253892004,-24.179993141813473,-0.008651850470301068,-0.00941617450586265,-0.04376156389030215,-0.04042882695759629,0.03121245527294982,-0.011909288386185797,0.04559159278869629,0.052445577155738284,0.2532678002739852,nm
13.65687608718872,74.19606437431763,5.3309476318392415,-25.117205423735008,-0.015675237542392976,-0.03586072809164353,0.011025832768214384,-0.04695853952495307,0.03620685658738987,-0.010906648944033046,0.040660470724105835,0.060290927090606045,0.2532678002739852,nm
13.658191680908203,73.73030961272923,5.396235372104607,-26.04488613781564,-0.020853875267547166,-0.038965164655112176,-0.017229619993233473,-0.06373219487295945,0.04601968809030917,-0.008309964045458534,0.04743445978806599,0.07904846524563924,0.2532678002739852,nm
13.68407654762268,72.67541907214867,5.495183523940993,-28.037807679795506,-0.020068945270761345,-0.03452096195743074,-0.015455525482733113,-0.07758500185407374,0.05361821300441661,-0.005465781031968836,0.042817433910670166,0.09446809006629195,0.24227763023288743,nm
13.696677446365356,72.07968033410575,5.5400541100426555,-29.00725864508704,-0.006178378609985865,-0.006044078028933933,-0.025490635150186562,-0.08832603922119316,0.06107538870635407,-0.004609140560856385,0.026916086673736572,0.10748458720600701,0.24227763023288743,nm
13.711365938186646,71.4320483090747,5.590851457771724,-29.975178922554466,-0.01896199882762533,-0.028671720682841257,-0.02145861325407972,-0.09497736494920199,0.06733294172786985,-0.005315357430187499,0.04052279666116219,0.1165447464239949,0.24227763023288743,nm
13.717340469360352,70.70232771681248,5.654144271278891,-30.951655419516594,-0.02680959733504245,-0.048413897133631575,0.01927198299326316,-0.101882306498008,0.07517390222384854,-0.005953785753815621,0.058600932359695435,0.12675396450493026,0.24227763023288743,nm
13.718693017959595,69.89816265418237,5.733936349631035,-31.869797819202972,-0.029520343886134538,-0.04321496554232161,-0.02243820380273586,-0.11391879310424732,0.08766462052589008,-0.005584759567076367,0.05694257580995784,0.14385328169248926,0.24227763023288743,nm
13.734727144241333,68.1167305906968,5.924156163178152,-33.72212934728143,-0.027136452040521106,-0.0363253693351533,-0.02316621020222454,-0.12926831972654793,0.10623399323468785,-0.005158124258552286,0.05091750957987291,0.1673994206960687,0.23293598569795432,nm
13.743343114852905,67.15057659097289,6.016160771832545,-34.693772509363015,-0.030831414443052135,-0.04272699595917086,-0.009773139598565296,-0.13479310168399666,0.11334952978053105,-0.0036197882647617534,0.053588119558977736,0.17615447490808023,0.23293598569795432,nm
13.75828742980957,66.09410840434114,6.102257691875166,-35.64341324576545,-0.03565711044446148,-0.055021390656940526,0.028865818235867563,-0.14443875357826197,0.12342478991081625,-0.0010233883019298232,0.07163810729980469,0.18999284097930516,0.23293598569795432,nm
13.77384066581726,63.70813396343228,6.252389208260237,-37.55733767084529,-0.04378638846215795,-0.05667777023263595,-0.0014892633735839199,-0.16920875189458548,0.14693318902688998,0.001136332608238553,0.07163682962344418,0.22410322399986063,0.22499558784326118,nm
13.794457912445068,62.42621710869151,6.322786926699285,-38.55118622017337,-0.04071265065763503,-0.05146570275737679,0.0021183879705823807,-0.17619520572750816,0.1566381025641065,0.0021768200581611247,0.06565611968031007,0.23576467980129698,0.22499558784326118,nm
13.807038068771362,61.09250506581036,6.398267543305924,-39.531741588123474,-0.030220967646015045,-0.041579727527637306,0.028154229136407347,-0.18247479295778052,0.16659551996017674,0.0027421546000237895,0.058607518672943115,0.24710045881713158,0.22499558784326118,nm
13.808523654937744,59.723382471390316,6.4735167187469935,-40.50153843877449,-0.028277127172026687,-0.037887343073873224,0.027364962592591732,-0.18655733869935212,0.17529848188625627,0.002323055183634688,0.05462497472763062,0.2560050682302933,0.22499558784326118,nm
13.809978246688843,58.33877682398953,6.553716596914083,-41.50148759825628,-0.025820353820502375,-0.0336796697503665,0.02593559761993393,-0.18745962680731582,0.18268872542543,0.002833488655988479,0.04973596334457398,0.26177148572422837,0.22499558784326118,nm
13.8381187915802,55.54124421042982,6.718083396922676,-43.471370681915985,-0.020905522174474497,-0.025925459801809655,0.022624363450693036,-0.1856660963052209,0.19415316585634898,0.004450408132259666,0.040262043476104736,0.26867667792684613,0.218246249666772,nm
13.850062131881714,54.138703094319595,6.792685259584735,-44.40227943740405,-0.010778096855623623,-0.020643159221071326,0.05661410363081951,-0.18302090302913734,0.19769492052612145,0.00507070003567198,0.06121653473022527,0.26945434594061035,0.218246249666772,nm
13.853926420211792,52.73429446618762,6.863425931880599,-45.278272333531405,-0.007107171594722953,-0.01715826913963166,0.05973837319002484,-0.18095772899847615,0.2015105852001825,0.005736672217758338,0.06255870298635956,0.2708968900525437,0.218246249666772,nm
13.859297752380371,51.33615952070771,6.927279330584685,-46.179368957891114,-0.001541698361293049,-0.011711370487442377,0.06076233390741363,-0.17865036699100084,0.20400798258552175,0.005076345914972235,0.06189987281414541,0.2712212747416439,0.218246249666772,nm
13.867507457733154,49.94102593595272,6.982977373255125,-47.04783492761647,0.001423236106254151,-0.008058019766646083,0.05607002143210518,-0.17679924619395337,0.2060174437419906,0.003409121673131347,0.056663961977349755,0.2715009810135437,0.218246249666772,nm
13.878631353378296,48.554518221725665,7.039482761379511,-47.89086275543611,0.0029294290364702,-0.005838467327558777,0.050983815332702694,-0.17387006162970212,0.20690343886983073,0.0022904472008377893,0.0514005708245912,0.27026852849648997,0.218246249666772,nm
13.886073350906372,47.18459308419278,7.0970769534331195,-48.671773534014264,0.004153159888116118,-0.0033029009862124677,0.04194944324260847,-0.1705871262530208,0.2059692015548233,0.001000293465564008,0.04228372831652632,0.2674402367247919,0.218246249666772,nm
13.899538278579712,45.815586372888205,7.155544993657711,-49.38397525964749,-0.018307342319284256,-0.019992293651080684,0.0259524544512542,-0.1674753261918578,0.20511316267013974,0.0005650213999130154,0.037528395652770996,0.2648012719621995,0.218246249666772,nm
13.928742408752441,43.06495006293081,7.2809996320683945,-50.77382453658272,-0.023409744452933954,-0.025058522913165904,0.03606436283053437,-0.16248083026215543,0.20708845370394144,0.0027567258215028634,0.04976528882980347,0.26323610580128215,0.2125093122167562,nm
13.942283153533936,41.66304886129255,7.3403811594658395,-51.56822985061917,-0.028295913451394882,-0.029924959495034827,0.04543918637624861,-0.1610871675021215,0.21100909981389585,0.004308100235259948,0.06132602691650391,0.26550419105122286,0.2125093122167562,nm
13.943614721298218,40.227035237458914,7.39262326325423,-52.33582410824279,-0.03324207374445225,-0.034801971931336106,0.05578160531886791,-0.16145419534605507,0.21734129436378327,0.0052454913836076115,0.07367360591888428,0.27079920718204165,0.2125093122167562,nm
13.948364496231079,38.77895390992018,7.438193563003661,-53.02370204332009,-0.02134016703907119,-0.022198846029984953,0.03752074953812045,-0.16249614597477635,0.2229891762051117,0.004865797724075353,0.04853862524032593,0.27595805142952756,0.2125093122167562,nm
13.95457410812378,37.38666241572419,7.470549899653705,-53.71191370862195,0.0,0.0,0.0,-0.1577657394208258,0.21953942612470725,0.003250157270230921,0.0,0.27036669854190054,0.2125093122167562,nm
13.963032960891724,36.08670894873698,7.489885345833237,-54.426255595869996,0.015992051927163565,0.0008936452678374388,0.06523411793064685,-0.14851814520200682,0.20821202863320215,0.000775126572566008,0.06717167906860275,0.25575474412608906,0.2125093122167562,nm
13.97789978981018,34.81810354285089,7.5021922901536415,-55.03721908567557,0.029197878774853345,0.008103688425124714,0.0766223329253214,-0.1463767903159661,0.20584525509281834,-0.0005515361100016562,0.08239640643839587,0.25258412060046925,0.2125093122167562,nm
13.980568408966064,33.63218705497792,7.502709219450467,-55.572792582740306,0.04272058504236575,0.016083089791713936,0.0826602023998329,-0.13948350646140026,0.1945547467243272,-0.002055175946594343,0.09442681411755709,0.23939804050139185,0.2125093122167562,nm
14.023458242416382,31.564421468477242,7.50422763436615,-56.40857591153419,0.07457646644345949,0.05153782952368272,-0.012681726516576374,-0.12368972617496223,0.17132564669400005,-0.003318274557839624,0.09153482073312788,0.21133536505373554,0.20763291538424278,nm
14.03189754486084,30.728043314482942,7.505959790400407,-56.76926867510421,0.06747489256916289,0.044410706657907965,-0.0012993358494740453,-0.10477392737811819,0.1450412789170264,-0.0041638171493950694,0.08078898604837514,0.17897453958978474,0.20763291538424278,nm
14.03801703453064,29.963766027091552,7.499912081806543,-56.95301013493443,0.047949734032942753,0.015897295219343435,0.09739984269690395,-0.09162661247421054,0.1269309129157547,-0.0056960258528156,0.10972069242628094,0.1566503669885328,0.20763291538424278,nm
14.040427446365356,28.46851216211036,7.46416820361764,-57.332459623454234,0.010181133534475246,0.0006114960283553165,0.03801538887499817,-0.08319558164009502,0.11035908989029114,-0.009833088258190082,0.039359867870164975,0.13855440502034005,0.20763291538424278,nm
14.048033714294434,27.862961434235128,7.429149572220106,-57.54117642532212,0.021780589281933695,0.01184978620844966,0.012967675710977098,-0.07367011464819495,0.09407259586103407,-0.011386350993897785,0.027981638908386227,0.12002744716633722,0.20763291538424278,nm
14.05781102180481,27.298590915232467,7.387302616694338,-57.80489433980029,0.0,0.0,0.0,-0.06928857750374233,0.0848245048427479,-0.011497039029105035,0.0,0.11012849540762024,0.20763291538424278,nm
14.085642099380493,26.221887059571912,7.27084906503998,-58.2087491832975,-0.008780058671845748,-0.00915639304165953,0.024745101014650345,-0.06579735473242193,0.07083600586080871,-0.010909015728902335,0.027807354927062992,0.09729356731187387,0.20348797807660637,nm
14.09974718093872,25.767449756419197,7.216614694544345,-58.35748430577784,0.0,0.0,0.0,-0.05925364882847688,0.05867842840905954,-0.011085589469019252,0.0,0.0841251636189863,0.20348797807660637,nm
14.107469320297241,24.810743963860624,7.141567509312547,-58.719084236836025,-0.029465658468776936,-0.015661616984048898,-0.015281487451264472,-0.05888859811843662,0.06490979747778212,-0.010573189322610258,0.036701977252960205,0.08827763663246307,0.20348797807660637,nm
14.115438461303711,24.34367393015256,7.109010202801519,-58.93011086770485,-0.027969672848221765,-0.02933837604138892,0.08575276574356648,-0.05199551173713742,0.058196208352369584,-0.010901052543720865,0.0948503017425537,0.07879825413015297,0.20348797807660637,nm
14.139935970306396,23.413480707555994,7.030577961929165,-59.27958900240042,-0.010913682367130698,-0.011502290537231891,0.03497170637005857,-0.05148099461800736,0.05688582233131092,-0.01110670659275192,0.03839832544326782,0.07752192283803501,0.2,nm
14.159176588058472,23.01195518851681,6.980865995690616,-59.377763461123145,0.0,0.0,0.0,-0.05099360211052418,0.0559420227622508,-0.010050247671175636,0.0,0.07636009982438874,0.2,nm
14.162165641784668,22.27738495002653,6.861132396313938,-59.617345949736624,-0.017510698578318468,-0.018542857081812393,0.05933823195503298,-0.04632880952472378,0.042729976236145835,-0.008149631351955977,0.0645870566368103,0.06355018451816255,0.2,nm
14.174541711807251,21.92335940407979,6.797610588360498,-59.71144784605398,-0.01333947156592445,-0.014143932137065437,0.046018294714653775,-0.04586268549913518,0.03982859862296274,-0.007561382252154184,0.049956738948822015,0.06121174471475915,0.2,nm
14.210365056991577,21.29336671921117,6.685310965692408,-59.90194245041174,-0.023248611871226642,-0.012102536289423926,-0.010135508372307762,-0.04612507046519712,0.03949909561792814,-0.008224599063089698,0.02810156345367432,0.06128086740412709,0.2,nm
14.216782569885254,20.973633520527148,6.640798676915484,-59.93569451236304,-0.030157389879981573,-0.015716344469389285,-0.012935919157348262,-0.04150951934913755,0.03419693751317007,-0.008855694568775887,0.03638419508934021,0.05450590847028907,0.2,nm
14.218202829360962,20.66607834323816,6.609496208910158,-59.96698961983846,-0.04309595002794064,-0.028832573786828977,0.02927333453779637,0.0,0.0,0.0,0.05954415449853525,0.0,0.2,nm
14.221333026885986,20.3629609332016,6.567381110892834,-59.99529905724335,-0.015713087907513582,-0.01692774223028122,0.05907820518973051,0.0,0.0,0.0,0.06343251466751099,0.0,0.2,nm
14.229581594467163,20.04828967434647,6.533492278120463,-60.018307475029864,-0.032495317697951775,-0.016991021231367975,-0.013283206113088952,-0.039168447834652204,0.034345121566480355,-0.006789913683578817,0.03900107741355896,0.052534346945809045,0.2,nm
14.254440069198608,19.464846102448504,6.440268087687044,-60.04333131322228,-0.02223646764331151,-0.01166771144046864,-0.008812243116381603,-0.040299206148368266,0.034928959563456846,-0.004509151244963796,0.026612997055053707,0.05352000259084677,0.21456216788938332,nm
14.26746392250061,19.18737463879134,6.389112578093369,-60.049660060421836,-0.011242533578597908,-0.012348265366860116,0.04542449005883622,0.0,0.0,0.0,0.048396885395050056,0.0,0.21456216788938332,nm
14.268928527832031,18.920186580162532,6.329103233476978,-60.130988895893,-0.017043456001007484,-0.018728839379042347,0.06990075271269423,0.0,0.0,0.0,0.07434624433517456,0.0,0.21456216788938332,nm
14.278284072875977,18.613676274787345,6.269304041468018,-60.20812445825579,-0.02321792033793878,-0.012182194495918666,-0.00877216060050793,-0.0421784391416077,0.032353666503859006,-0.004680484208868012,0.027648299932479862,0.053363727353837424,0.21456216788938332,nm
14.296115398406982,18.244109717538166,6.151628214456306,-60.275202088867765,-0.010268352842165332,-0.011297988619932415,0.04379229295826299,0.0,0.0,0.0,0.046377241611480706,0.0,0.22694001059535912,nm
14.311707496643066,18.073491508718558,6.0974267928791095,-60.33143071421356,0.0,0.0,0.0,0.0,0.0,0.0,0.0,0.0,0.22694001059535912,nm
14.323542594909668,17.974246310510015,6.04034050637469,-60.27976174648033,0.0,0.0,0.0,0.0,0.0,0.0,0.0,0.0,0.22694001059535912,nm
14.326049327850342,17.944243843463084,5.981261240131313,-60.18980237124683,0.0,0.0,0.0,0.0,0.0,0.0,0.0,0.0,0.22694001059535912,nm
14.33403730392456,17.946691965715168,5.921275129235198,-60.21339078221463,0.0,0.0,0.0,0.0,0.0,0.0,0.0,0.0,0.22694001059535912,nm
14.354913711547852,17.99113693570536,5.7950452886232835,-60.16602646011258,-0.026332620869722833,-0.01397532733171249,-0.009626547215868522,0.0,0.0,0.0,0.03132709860801697,0.0,0.23746117689543855,nm
14.363070487976074,18.06991687620186,5.731003059885936,-60.13839637471357,-0.021079923625353904,-0.011206284558518104,-0.007746148001772316,0.0,0.0,0.0,0.025098741054534912,0.0,0.23746117689543855,nm
14.37711477279663,18.173114538624638,5.665421131451695,-60.114085092779966,-0.007318385218906759,-0.007745366761817329,0.030934473332354044,0.0,0.0,0.0,0.03271836042404175,0.0,0.23746117689543855,nm
14.380048751831055,18.24283030409668,5.602513679346074,-60.098785553920465,-0.026566481939212603,-0.014160245295912465,-0.00987034203693462,0.0,0.0,0.0,0.031681448221206665,0.0,0.23746117689543855,nm
14.413640260696411,18.518350999621084,5.466223720737282,-60.06749137073186,-0.010812131174117487,-0.011121488482628658,0.04433922981784222,0.0,0.0,0.0,0.046974003314971924,0.0,0.24640416825050607,nm
14.419816255569458,18.600049448129507,5.39237478526142,-60.05228527606778,-0.02926357499931637,-0.015649099312548747,-0.011113072387204556,0.0,0.0,0.0,0.03499644994735718,0.0,0.24640416825050607,nm
14.42233395576477,18.764458651483068,5.315180004936656,-59.93485518383975,-0.021719990828644068,-0.011676714689658686,-0.008337649585205855,0.0014260340933503089,-0.05063060272341445,-0.00601735681946795,0.026031136512756348,0.05100686315060374,0.24640416825050607,nm
14.43086314201355,18.984786365214614,5.23610177030008,-59.8232306768993,-0.008109978038427107,-0.00811941150822215,0.03210759582038578,0.004777048714490444,-0.056912339262381824,-0.004837792058907433,0.03409683704376221,0.05731700259732962,0.24640416825050607,nm
14.440140008926392,19.150549947123682,5.165782277534545,-59.75920113486104,0.0,0.0,0.0,0.0,0.0,0.0,0.0,0.0,0.24640416825050607,nm
14.458593606948853,19.567423043841394,5.023471379167966,-59.70098909517673,-0.009311338730523271,-0.009035395163454505,0.035306690200144264,0.006450017077828529,-0.059862779486635015,-0.007940843190222164,0.037615180015563965,0.060730651888000246,0.25400571090231344,nm
14.471202611923218,19.739255582122322,4.9548727047657355,-59.68419625666766,0.0,0.0,0.0,0.003164434488884186,-0.051951419552379606,-0.00879343839999044,0.0,0.052785302860135566,0.25400571090231344,nm
14.47798752784729,19.93125626037612,4.891929775849203,-59.668490703316095,-0.028826430343607955,-0.015690814708716395,-0.01185198009432923,0.006005132611457432,-0.055825644947174555,-0.009343666039203335,0.03489461541175842,0.05691984141317812,0.25400571090231344,nm
14.487929344177246,20.15654422514788,4.8178052403757,-59.65062049949404,-0.011702547901170469,-0.011003728121130476,0.04250820826323652,0.007932666841276227,-0.059814934595872456,-0.009454380241198481,0.04544204473495484,0.06107486315718069,0.25400571090231344,nm
14.495340585708618,20.330192317638765,4.754485163137905,-59.63267701343183,-0.02190339256745681,-0.0119462390585297,-0.009207853102426375,0.004458882321202814,-0.05141588335520445,-0.008546398381966523,0.02659428119659424,0.052311715877550846,0.25400571090231344,nm
14.514606237411499,20.8618465206827,4.628848294637212,-59.582383292715164,-0.0427694231809251,-0.039018007595736835,0.14813065724076824,0.01351833889572018,-0.06595282791296014,-0.008748546387514298,0.1590418815612793,0.06789004389533539,0.2604670221563497,nm
14.533857345581055,21.015044956701967,4.586684213395424,-59.55893495257838,-0.06993891879968232,-0.053204307188697966,0.13007865216454134,0.0,0.0,0.0,0.1569796369445465,0.0,0.2604670221563497,nm
14.543094635009766,21.16292961984151,4.521483457430425,-59.6118374951969,-0.038957150718949105,-0.0264655343230952,0.03949165451183603,0.005574770471688483,-0.049423074930850394,-0.008282877049044866,0.06146279260843967,0.05042146818213504,0.2604670221563497,nm
14.55034875869751,21.3640953149867,4.441614467522647,-59.686709846034354,-0.016401584491185048,-0.014516876757364959,0.05476267515742218,0.007955170035785913,-0.05319478352823075,-0.00913578179807248,0.0589805245399475,0.05455668826070355,0.2604670221563497,nm
14.55641484260559,21.56792423758485,4.401987844136857,-59.7151193440333,-0.001031600296748452,0.007554176064207674,-0.09149673508156937,0.0,0.0,0.0,0.09181384593713623,0.0,0.2604670221563497,nm
14.567329406738281,21.858081982682158,4.390318653131208,-59.69095096639287,-0.01222401293565379,-0.010668511367397418,0.03961241139419646,0.026710412110688177,-0.06313773209432137,-0.009049776897271551,0.04280638694763183,0.0691499659510219,0.2604670221563497,nm
14.570554494857788,22.151046170783594,4.365117629205861,-59.68043577820216,-0.009841646061706236,-0.008527959668203947,0.03135257683382239,0.02823024837509907,-0.06711357040390062,-0.011846011130220447,0.033949494361877434,0.0737665658369455,0.2604670221563497,nm
14.580987930297852,22.442305940082072,4.3360682203741865,-59.74307141683625,-0.05409955810207263,-0.03745647422781344,0.06718697056814799,0.03155774020375196,-0.07157157583596924,-0.012865196919465185,0.09404168577042613,0.07927102072124476,0.2604670221563497,nm
14.614770650863647,23.134155060872555,4.308657240518219,-59.72268894857851,-0.049279235299642565,-0.02668837341706574,-0.023863499971724017,0.03843587630119755,-0.08634862010779877,-0.010347352289641423,0.06091123819351198,0.09508137820292603,0.26595913672228055,nm
14.630207061767578,23.532973531248203,4.29722039777422,-59.745319876348304,-0.041505842687533344,-0.0224287128124699,-0.02047729636967402,0.039848401670068145,-0.08851690080962162,-0.007910058154049758,0.05143055319786072,0.09739458847697818,0.26595913672228055,nm
14.636983156204224,23.87958244659631,4.309007878646103,-59.762266211710916,-0.06287535071351899,-0.038182251826286394,0.01757122394790774,0.03946637246821361,-0.08247694395705416,-0.005200687429409326,0.07563029811458824,0.09158104601954073,0.26595913672228055,nm
14.639225482940674,24.584815924628103,4.347227527628339,-59.52228687540487,-0.05193893692893414,-0.0373930464664818,0.077384566419664,0.03953608753847464,-0.07946543435468278,-0.005916625830564689,0.10042043722923963,0.08895428003332519,0.26595913672228055,nm
14.668126821517944,25.14749325828024,4.414845214221324,-59.54496265418183,-0.0387035288912271,-0.018111903415721966,-0.0518660952817197,0.03803621877434538,-0.06601920018059008,-0.006642699216946877,0.06720190498599662,0.07648146300916005,0.27062743410332174,nm
14.674897193908691,25.514967610946197,4.443909024217506,-59.556826458998344,0.0,0.0,0.0,0.04226356883518665,-0.07455496240327404,-0.008189054159679838,0.0,0.08609130198614919,0.27062743410332174,nm
14.677746057510376,25.829352381805798,4.466020261706211,-59.611680470992574,-0.011734084729881833,-0.009682132795232584,0.0309351610744019,0.03696080777808057,-0.06619262366375839,-0.009963714830199573,0.034473419189453125,0.07646463465104444,0.27062743410332174,nm
14.703844785690308,26.459195888299817,4.51820981496152,-59.78699020607942,-0.016404357789108842,-0.013382547907458395,0.04188393892890159,0.03593445856878045,-0.06812546667183707,-0.01217145217341248,0.046930372714996345,0.07797761710835135,0.27459548687720675,nm
14.716692924499512,26.73279428383754,4.541090189948665,-59.86075663328158,-0.01519741742634355,-0.012338628783046174,0.038274257998880505,0.02985421468559171,-0.06087681893454695,-0.011661798088586452,0.04298979043960571,0.06879868278348047,0.27459548687720675,nm
14.718173742294312,27.009371493331138,4.573740704645544,-59.886002564551006,-0.026536353337449164,-0.011399723752068687,-0.043161513246863355,0.030320161638303346,-0.06064442888274069,-0.009510867172946332,0.051933110592690186,0.068465433254074,0.27459548687720675,nm
14.725212097167969,27.367830611034176,4.599401060169822,-59.92301692393963,-0.01511553515435546,-0.012189208818763104,0.03695098672117222,0.036448398668540626,-0.07193974336173987,-0.0076171260077935255,0.041742444038391106,0.08100514211500696,0.27459548687720675,nm
14.742806911468506,27.967255863804134,4.668259537645258,-60.044721615124146,0.0,0.0,0.0,0.030866783999234138,-0.062086990877294586,-0.0070114999147695665,0.0,0.06969012786404866,0.277968331735009,nm
14.755346775054932,28.305424185192983,4.696704187802308,-60.1090466816808,-0.015725637457003998,-0.01252475919984497,0.03678045472738123,0.033948924902017244,-0.06849386566578498,-0.008505375993142784,0.04191619157791138,0.07691736186733224,0.277968331735009,nm
14.762928485870361,28.601756423018074,4.717702842100648,-60.222601595978745,0.0,0.0,0.0,0.028665558429671625,-0.062261106608316144,-0.01015738782807051,0.0,0.0692916456989359,0.277968331735009,nm
14.770629644393921,28.88147449442158,4.7229896669039135,-60.346213887692414,0.0,0.0,0.0,0.025255447497657454,-0.0609558333630308,-0.011785451029846204,0.0,0.06702498120302171,0.277968331735009,nm
14.79097294807434,29.52256306976414,4.724364886259375,-60.52103642443403,-0.012861076020890745,-0.009959584676464408,0.028328979132702034,0.027880793160781868,-0.07082215986626361,-0.01162672493462806,0.03266698122024536,0.07699543939807346,0.28083524986414093,nm
14.810573101043701,29.819215273726254,4.727501069887566,-60.56205786901829,0.0,0.0,0.0,0.02420437649091042,-0.06456412683968935,-0.01037340460862106,0.0,0.06972794159488283,0.28083524986414093,nm
14.813782930374146,30.118290067542777,4.709099865071556,-60.627135315602956,-0.015802127846945416,-0.012093830865864423,0.033849161686174536,0.0228920308040411,-0.06634823583960256,-0.010545623844218928,0.03926491737365723,0.070974246425196,0.28083524986414093,nm
14.84056043624878,30.704305518635838,4.6639383800667815,-60.77827162259505,0.0,0.0,0.0,0.017764527256638664,-0.05988680209271458,-0.0100442309050729,0.0,0.06326842868301885,0.2832721302739031,nm
14.85485553741455,30.934122354152638,4.632019030379885,-60.92698933519546,0.0,0.0,0.0,0.013440248866598404,-0.05375783714227874,-0.010953375563279199,0.0,0.056484703947547656,0.2832721302739031,nm
14.856379270553589,31.19836692598692,4.603512999255584,-61.04008630400508,0.012332239060116053,0.009128552131254271,-0.02503565076254497,0.016681932361873743,-0.05895866497354891,-0.012655284326303471,0.02936321496963501,0.06256650273244378,0.2832721302739031,nm
14.857626914978027,31.50224250842364,4.568389398045629,-61.14669739769964,-0.0184290584626477,-0.013516791257610555,0.03686358190757824,0.02179930026870892,-0.06571756767022187,-0.01445273743014885,0.0433734655380249,0.07073110922303105,0.2832721302739031,nm
14.893055200576782,32.01498277547071,4.489817872095586,-61.29905035799302,-0.020991631509867742,-0.015160536004070017,0.04096773771668906,0.015108097857619324,-0.05732111070451769,-0.016150386190284576,0.04846489429473877,0.06143939556481907,0.2853434786222009,nm
14.894763469696045,32.23940800213757,4.438044713890223,-61.385518917355476,0.01205910486149916,0.008636414827161971,-0.02327304546892582,0.011389116052484775,-0.05072410532632046,-0.013711844721041637,0.027597904205322266,0.05376487246582638,0.2853434786222009,nm
14.902711629867554,32.505137067593004,4.398663289582828,-61.488325518882924,-0.01947543369358856,-0.013827700390593774,0.03710643938867391,0.0167629635644965,-0.05889270009934388,-0.01188067454488649,0.04412919282913208,0.062373852695640095,0.2853434786222009,nm
14.905594825744629,32.70054916616434,4.371628383655959,-61.50719925693174,-0.01324951425414143,-0.009368639326299047,0.025026562314610614,0.011031015157757715,-0.04761953271660331,-0.0129389709429143,0.02982699871063232,0.050564020415903584,0.2853434786222009,nm
14.948324203491211,33.13116627770072,4.3415938072096845,-61.52688424576737,-0.012281135341267584,-0.008627889753888169,0.0227775403650529,0.02165192006465463,-0.053204869937731214,-0.017095173030247757,0.027277886867523193,0.059931700864494064,0.28710412471825403,nm
14.954432249069214,33.3486001776314,4.3539287350779174,-61.618363521853404,0.0,0.0,0.0,0.01971782339307988,-0.042123042078119344,-0.01841708991285541,0.0,0.05002331890362635,0.28710412471825403,nm
14.957942008972168,33.705140978769954,4.33558243236707,-61.886045525737714,0.0,0.0,0.0,0.0,0.0,0.0,0.0,0.0,0.28710412471825403,nm
14.96101999282837,33.85401581775015,4.3296155856015455,-61.89226070616467,-0.01838986404461618,-0.012652670727893939,0.03297336089666503,0.0,0.0,0.0,0.03981858491897583,0.0,0.28710412471825403,nm
14.972010612487793,33.91308054003529,4.334922469665315,-61.76633999513184,0.0,0.0,0.0,0.0,0.0,0.0,0.0,0.0,0.28710412471825403,nm
14.988611698150635,33.95008822055144,4.3442891031834145,-61.68386326760771,0.012499596465133715,0.008666674011231248,-0.0223863582716391,0.0,0.0,0.0,0.027064740657806396,0.0,0.28710412471825403,nm
