timestamp,roll,pitch,yaw,acc_x,acc_y,acc_z,gyro_x,gyro_y,gyro_z,acc_mag,gyro_mag,motor_input,markers
0.0009577274322509766,-25.108484498819728,3.7542463503618886,-88.56446163002408,0.08173686377814414,-0.09210199200959751,0.0019071189319811665,-0.08109309939174882,0.11362873684276514,-0.024390774770048994,0.12315571011952137,0.14171270408585707,-0.2562245519387809,nm
0.0077211856842041016,-25.64234397315503,3.2074044011065457,-86.94961810903816,0.05305600172363295,-0.18568286978490875,-0.00030886139753457385,-0.08658065527398917,0.10503397397699998,-0.00841857215869132,0.19311437762585262,0.1363789496743011,-0.2562245519387809,nm
0.028633832931518555,-26.55988167524741,2.1331847801036474,-83.14867902929083,0.07521848667708497,-0.1375969236781093,0.00442535680911343,-0.0925173865829011,0.08620124616481417,0.0546895453924528,0.15687676031381517,0.13777179695325895,-0.26156446716495335,nm
0.03653860092163086,-26.95972254892381,1.7266741012618656,-80.97272007158631,0.08472509249754165,-0.030436885475082977,0.0006791597503034682,-0.0975221362715725,0.07682131804835253,0.0707494587709152,0.09002892065390286,0.142890055238406,-0.26156446716495335,nm
0.06793689727783203,-27.586464407144767,1.1660014310173386,-77.09967649963838,0.09227239597594923,0.14208072346291528,0.006141591212030262,-0.10391033535092276,0.05843439066899593,0.03586840780798107,0.16952535557108694,0.12449288527573656,-0.26610339510719994,nm
0.06937217712402344,-27.874521101367296,0.9260320326099888,-75.47595203682475,0.067716305769838,0.13164789885888056,-0.013415060551726213,-0.10099794389941744,0.0493719833575699,0.0018823221502918847,0.14864935650946737,0.11243540611945825,-0.26610339510719994,nm
0.07114505767822266,-28.111557907717646,0.6460327563550273,-73.97539761096917,0.07612671715549119,0.06732442954718815,-0.006053222167597248,-0.0923230256404498,0.03723338001576677,-0.02204742862034191,0.10180617553634332,0.10196055491990381,-0.26610339510719994,nm
0.09682965278625488,-28.334617247401642,0.3246667528535586,-72.56710963299784,0.086384011479318,-0.025088073212120875,-0.002996819031385229,-0.07926625466858127,0.032382779359305364,-0.02650594771837443,0.09000327650181716,0.0896345290201663,-0.26610339510719994,nm
0.10513710975646973,-28.537422112845757,-0.006357095977625968,-71.20340193373833,0.08080969393255152,-0.10486243521806621,-0.023213123987220717,-0.06256646897385135,0.02599118314124342,-0.010415721834737157,0.13440679327542143,0.06854627562658805,-0.26610339510719994,nm
0.1065211296081543,-28.62500561560308,-0.3130106916978684,-69.66189214155514,0.12922559509892326,-0.12116179498419073,-0.002864637739549254,-0.04650413669611548,0.013135236203321587,0.018419839526405843,0.17716557549885584,0.05171517812157846,-0.26610339510719994,nm
0.1086423397064209,-28.665627005001642,-0.5760337410096833,-67.87848247833757,0.1367086238502299,-0.09623239081730299,-0.012883343798105991,-0.03967545367360749,0.0075005034018329805,0.04353776810965017,0.16767796940820218,0.05937959605333429,-0.26610339510719994,nm
0.11809277534484863,-28.666911523345327,-0.7843694874996052,-66.07190725571509,0.10521774324786425,-0.036957482044501756,-0.04334412478233009,-0.039274189395202115,-0.00248721895405417,0.053402296087172785,0.11964673888739866,0.06633591363777001,-0.26610339510719994,nm
0.146026611328125,-28.473203875820595,-1.1374943264283959,-62.84310692357752,0.07103035249679406,0.09126031094538249,-0.006132958495052374,-0.049356430265742976,-0.03270615002685631,0.017952264733846097,0.11580746309961527,0.061871102036657445,-0.26996148385810953,nm
0.15581750869750977,-28.36663808417914,-1.3262801832460336,-61.48384367513779,0.038665806553671855,0.08750230239095937,0.005415162144575713,-0.05025124961830651,-0.04005700355872206,-0.012060424535498483,0.09581764712837042,0.06538505534356667,-0.26996148385810953,nm
0.16287827491760254,-28.2588009980584,-1.5207238841566308,-60.25529824880363,0.03151765587461314,0.05449955497154849,0.027695318059582297,-0.042509470165874294,-0.043216659851481785,-0.03158824279944969,0.06877931932164491,0.06835606648761337,-0.26996148385810953,nm
0.16616392135620117,-28.1840983396726,-1.7035175804963938,-58.99756449716592,0.020084692015244467,0.01363820881720695,0.04521792240667204,-0.02987301430160294,-0.03633398686950872,-0.03232853734601038,0.05132305622100831,0.057076176398124234,-0.26996148385810953,nm
0.18504071235656738,-28.099819398802115,-1.8942485538587384,-56.3758182433728,0.07362877909864923,-0.0704810874672208,0.045041850930583695,0.0,0.0,0.0,0.11143405734950441,0.0,-0.2732408592963827,nm
0.20821857452392578,-28.062786353743586,-1.889272773150514,-54.958090681184714,0.06896876253552313,-0.06543463193293658,0.03853713855942002,0.0,0.0,0.0,0.10258407434991164,0.0,-0.2732408592963827,nm
0.2161235809326172,-27.99687243263805,-1.8461462874574555,-53.51167705405688,0.08670886396995824,-0.01456617817540711,0.013336898169092136,0.0,0.0,0.0,0.0889295985056222,0.0,-0.2732408592963827,nm
0.21778631210327148,-27.90065119143455,-1.800850521908644,-52.155118392961896,0.06502023207556056,0.05045239370783976,-0.0016098111838130323,0.0,0.0,0.0,0.0823144343481637,0.0,-0.2732408592963827,nm
0.22242355346679688,-27.785627759283344,-1.7920160404627563,-50.86513987540761,0.06725216762769393,0.05426689077532663,-0.01129124679242092,0.0,0.0,0.0,0.08715068410042476,0.0,-0.2732408592963827,nm
0.24694609642028809,-27.652382411872438,-1.831572831738173,-49.792530896589,0.0633361922046833,0.0534128190864455,-0.002974983980183599,0.0,0.0,0.0,0.08290508437624493,0.0,-0.2732408592963827,nm
0.26473307609558105,-27.373005344431572,-1.944043622099397,-48.00027836373926,0.036499831995838145,0.03405257771602642,0.02601670414635088,0.0,0.0,0.0,0.05629107104567455,0.0,-0.2760283284189149,nm
0.2770121097564697,-27.22299396399939,-1.9263838193774114,-47.02063965351873,0.041039529011197076,-0.017544861641766843,0.03650580161375062,0.0,0.0,0.0,0.05766054684922911,0.0,-0.2760283284189149,nm
0.28661108016967773,-27.05961356149703,-1.8112310846718618,-45.95193758088987,0.0431731547166782,-0.023995092009520734,0.02959613960834244,0.0,0.0,0.0,0.05758139637462863,0.0,-0.2760283284189149,nm
0.2961592674255371,-26.63725910468772,-1.351500249304982,-43.69055673469953,0.04349010033378399,0.045903416045307954,0.011085181003142796,0.057637385803367115,0.004485246683120916,0.03119199896577489,0.06419808150983698,0.06568962231232216,-0.2760283284189149,nm
0.3060939311981201,-26.373569510434066,-1.0977301328936722,-42.63688899135867,0.04992066743828632,0.0544459266790179,0.008049537015500374,0.05852984971720716,-0.00012846769193771424,0.022412795043674785,0.07430495956250083,0.06267450194087305,-0.2760283284189149,nm
0.3094334602355957,-26.090377628906918,-0.8890665252835912,-41.67175528987663,0.048030745370684344,0.05404785723249879,0.003675818237322754,0.05441170334191486,-0.009987502439659533,0.0012100743218317386,0.07239913681807209,0.05533396737461639,-0.2760283284189149,nm
0.3284893035888672,-25.544157611057482,-0.6816743274798192,-40.016880256463175,0.02589247865842535,0.03118933534897231,0.01893351589011512,0.043390621177035474,-0.027355310134870244,-0.038307174317459426,0.04474006162880095,0.0640195173591004,-0.27839767717306724,nm
0.35198259353637695,-25.05534793038036,-0.4975966528485867,-38.4700614663357,0.03698462906459885,-0.0015942870713999526,0.04680914504720047,0.05054568748782075,-0.01878212228763621,-0.026353461920765316,0.059678309278680605,0.06001782732199981,-0.27839767717306724,nm
0.3595387935638428,-24.80700629177974,-0.30002110395266773,-37.499680680847945,0.012894317626105031,0.017204483328256363,0.04651208782020847,0.06018514013760176,-0.007186306847095256,-0.005513618572773752,0.05124092102050781,0.060862912263951074,-0.27839767717306724,nm
0.3707749843597412,-24.538792749331275,-0.011834434725239562,-36.48816454679113,0.010776367405805657,0.01458351386477326,0.03971814520486867,0.0699697653963057,0.004313162142245718,0.01341063099624819,0.043661653995513916,0.07137377992650307,-0.27839767717306724,nm
0.37718892097473145,-24.2412046935784,0.33819454780205666,-35.481646808576436,0.027659925896825553,0.03867289124498393,0.01289972166362036,0.07650100300895422,0.01115497626559818,0.021758533975726944,0.04926527008819816,0.08031357766676159,-0.27839767717306724,nm
0.38721156120300293,-23.914214782406646,0.6978477364666008,-34.52348285169262,0.007866466710627826,0.05672740195882353,-0.022391010375306455,0.07866035752464677,0.011024148490479732,0.016445604646647263,0.0614917618639638,0.08111375720578616,-0.27839767717306724,nm
0.3940310478210449,-23.562830716880036,1.016272554527365,-33.68912245755831,0.038206765417877306,0.05724999249975053,0.0019450539565895053,0.07734277092075788,0.004778821813762516,0.0004095954467861886,0.06885565917055941,0.07749134867879479,-0.27839767717306724,nm
0.40812158584594727,-23.19565297655823,1.2611558365613746,-32.942414323386096,0.03583786634126609,0.05507175425604557,0.005813104889101955,0.07465039899073997,-0.005345256314557292,-0.01865970992956767,0.06596243604646834,0.07713260406080293,-0.27839767717306724,nm
0.41307687759399414,-22.822111754682027,1.4338751989131586,-32.25127692163855,0.028703813403854948,0.04474211874498068,0.01595556617616953,0.07284676829475624,-0.01515440890361392,-0.03223321603530039,0.05550086653121192,0.0810881494189267,-0.27839767717306724,nm
0.4466552734375,-22.068726732384512,1.704311155020477,-31.103178906679428,0.007208140750137928,0.010180860597497033,0.03067253702374587,0.07620857870001527,-0.022329128832566925,-0.026462642652547354,0.03311210870742798,0.08370548917516826,-0.2804116236140967,nm
0.47364377975463867,-21.682638244057088,1.885839552410638,-30.414549078338926,0.007279537917492074,0.01034007969228083,0.03167926304263269,0.08058209506561435,-0.019198020635538323,-0.01124646844068761,0.03410989046096801,0.08359737492214482,-0.2804116236140967,nm
0.4812655448913574,-21.276622477977604,2.1286294623775324,-29.632941484566256,-0.014458371407753403,0.02449499040758991,0.03725973768043807,0.08589924794524686,-0.013685486119287852,0.002799481280466719,0.04687576250950505,0.0870276417198576,-0.2804116236140967,nm
0.4832303524017334,-20.41991854989444,2.7237040092786216,-28.05528036447208,-0.024955023465130975,0.0657437754524087,0.022963873241766602,0.09113522570006899,-0.007107483905797356,0.005718356839472155,0.07397524370453874,0.0915906397827705,-0.2804116236140967,nm
0.48459959030151367,-19.977874044217163,2.9974725513697558,-27.36728865273462,-0.013608263782412183,0.062365649654485995,0.022628764274332257,0.09016917786924318,-0.009132106450912066,-0.005903079018879926,0.06772532814672141,0.0908224771064363,-0.2804116236140967,nm
0.48923254013061523,-19.538750794495865,3.2089405237572124,-26.7527275666303,0.02173072060076354,0.04057325573313997,0.02034998804811574,0.08731859487225674,-0.014044921827551236,-0.019761107051277448,0.05032430140770637,0.09062173134242897,-0.2804116236140967,nm
0.513913631439209,-18.681501779171445,3.427789774965861,-25.74448302129212,0.03535920465245275,-0.006760600730967958,0.025378836127478488,0.08122822059526717,-0.0273646574491655,-0.030675662849618965,0.044046162137954856,0.09103759986756597,-0.28212347808897176,nm
0.5220365524291992,-18.256367508624287,3.4801996122023184,-25.192061779702858,0.03543341191749998,-0.005585539878862721,0.02836141983250709,0.07996254910941372,-0.031683324934715644,-0.023860439453658313,0.04572849298598546,0.08925896543157931,-0.28212347808897176,nm
0.531376838684082,-17.82954538017256,3.539800553473134,-24.62580756214307,0.007375988967616327,0.010343693641904376,0.038716762930507215,0.07877885681563962,-0.03292289076962903,-0.012382195442408648,0.04074782133102417,0.08627481545492856,-0.28212347808897176,nm
0.5381686687469482,-17.42406978017436,3.6264376977512773,-24.06365957014294,0.011916154664066245,0.016731593962851662,0.06403216591133068,0.07334742018641566,-0.030225908937430268,-0.0021137767707260784,0.06724625825881958,0.07935942081021574,-0.28212347808897176,nm
0.5488541126251221,-17.103237697990558,3.7461911792817046,-23.43302033386783,-0.02834174585808828,0.03295671883375633,0.0643361544410146,0.06233275626054056,-0.02352538379772004,0.0028969357058199895,0.07764367741696562,0.0666873932790122,-0.28212347808897176,nm
0.5762321949005127,-16.7448400647536,4.011274272017202,-22.32249896308523,-0.05385300371101731,-0.009219333886068569,0.076384658604915,0.0,0.0,0.0,0.0939135676896106,0.0,-0.2835785543926156,nm
0.5944356918334961,-16.748976039950342,4.167730156837314,-21.562859236736912,-0.004557631139765471,-0.02911410431805543,0.08867126085105981,0.0,0.0,0.0,0.0934397965150046,0.0,-0.2835785543926156,nm
0.5957930088043213,-16.88548738165735,4.174637586720601,-21.212073144976355,-0.005697777336329295,-0.029072547368053477,0.07134254669316192,0.0,0.0,0.0,0.07724918540481893,0.0,-0.2835785543926156,nm
0.6068401336669922,-17.05997597916422,4.147926718724043,-20.820339344702017,0.043780845786706976,0.00489531239915534,0.06295038625466348,0.0,0.0,0.0,0.07683409185313553,0.0,-0.2835785543926156,nm
0.6265645027160645,-17.563241202173,4.075396886417811,-19.787702490789773,0.007839193928041048,0.012332179020027687,0.04493280248968715,-0.05567815331794611,0.0014792395824022688,-0.0037213923139692985,0.04724925756454468,0.05582198193716637,-0.2848153692507128,nm
0.6357407569885254,-17.825882698209437,4.057997312556749,-19.23803148606442,0.019253238666943,0.04810648282951893,0.03280509028826851,-0.06039272627133553,0.0002474932683683856,-0.0009738696446967469,0.061327765638530464,0.06040108493634208,-0.2848153692507128,nm
0.6443891525268555,-18.101839773462423,4.061407017128133,-18.76730467147035,-0.01673343477168784,0.06663955638705657,0.025000422337062733,-0.06432755371284453,0.0007236705376507853,-0.003293835638157504,0.07311538437123564,0.06441589259598254,-0.2848153692507128,nm
0.6533713340759277,-18.39128284393769,4.074786530301553,-18.369048832497292,-0.026720221947464703,0.059624006385417906,-0.012909881600015058,-0.0656247617673485,0.0010255939566143975,-0.00881802193860124,0.06660073153724767,0.06622249399482581,-0.2848153692507128,nm
0.6880855560302734,-18.9325524319384,4.060536010148409,-17.70345117582019,0.021120409661905665,0.05291399226777343,0.05676367770368435,-0.059649601882669344,-0.0011546093158557882,-0.018463624624261144,0.08042435817865416,0.06245249043632154,-0.28586666188009546,nm
0.7027795314788818,-19.18894719290623,4.015193189431418,-17.377319963301886,0.007108816410318802,0.02482184733303812,-0.008961087199043108,-0.05548597325366688,-0.002670230890680913,-0.01809313370731133,0.02733057737350464,0.05842246869370404,-0.28586666188009546,nm
0.7046213150024414,-19.635050386122074,3.864168394213305,-16.737445901670014,0.03810284233738317,0.02033755369994559,-0.05428890618544423,0.0,0.0,0.0,0.06937382805855256,0.0,-0.28586666188009546,nm
0.7109723091125488,-19.87370767184617,3.7717955704076105,-16.409673105429064,0.006523396358142349,0.02426516119892747,-0.00906047690251347,-0.05317265658974265,-0.011891898177810929,-0.0037538695112877495,0.026710391044616703,0.054615384164078726,-0.28586666188009546,nm
0.7366561889648438,-20.21676131756813,3.582028330694023,-15.74658779625056,0.015027222059910365,0.11846975272429415,0.1895938138263689,0.0,0.0,0.0,0.22406854744613552,0.0,-0.2867602606150707,nm
0.7450611591339111,-20.346836941943597,3.500204228037444,-15.466581141439239,0.0,0.0,0.0,0.0,0.0,0.0,0.0,0.0,-0.2867602606150707,nm
0.7551329135894775,-20.425524021594505,3.3941274250318143,-15.191074271152976,-0.014895726438426552,-0.02025059569842536,-0.15290978480625142,0.0,0.0,0.0,0.15496248443337388,0.0,-0.2867602606150707,nm
0.7623586654663086,-20.514908485383668,3.3090760842707323,-14.96243707439836,-0.0006373477710057235,0.019881792206252545,-0.09943057169029432,0.0,0.0,0.0,0.10140084052991162,0.0,-0.2867602606150707,nm
0.7654900550842285,-20.70362117548828,3.2101596368690952,-14.733088488440966,0.004336191169327587,0.0101360705905289,0.028809965572439478,-0.041873328413128866,-0.023515036148050273,-0.01823462941261256,0.030847311019897464,0.05136958504069477,-0.2867602606150707,nm
0.7750160694122314,-20.843245198898106,3.1217850378929195,-14.510351277945176,0.029844687275323484,0.0715192072973462,0.20119808815598578,0.0,0.0,0.0,0.21560698747634885,0.0,-0.2867602606150707,nm
0.8074266910552979,-20.924221944260673,2.9460070144033588,-13.907793316918543,0.005597743610377812,0.024674365494996093,-0.00965925979741451,0.0,0.0,0.0,0.02708247303962708,0.0,-0.28751981953979966,nm
0.8205056190490723,-20.96415866205496,2.8546595616849424,-13.588075789131578,-0.003882445056275237,0.009133708762011588,-0.11871471578080361,0.0,0.0,0.0,0.11912884519830294,0.0,-0.28751981953979966,nm
0.8223693370819092,-21.039332937983083,2.7368225273560545,-13.304044028743519,0.000244904065079879,0.016282233822819344,-0.07339530874383944,0.0,0.0,0.0,0.07518006691846961,0.0,-0.28751981953979966,nm
0.8237433433532715,-21.075647008857324,2.61194828832022,-13.053890404929847,0.015522012777272996,0.053954315399569436,0.06432388228004708,0.0,0.0,0.0,0.08537893687831559,0.0,-0.28751981953979966,nm
0.831533670425415,-21.116187605364864,2.4658759999231257,-12.78659032412684,0.03039745159381889,0.09961158469812047,0.17642403873141488,0.0,0.0,0.0,0.20487048179709338,0.0,-0.28751981953979966,nm
0.8409802913665771,-21.12864935535569,2.3344329448897887,-12.570199414677507,0.01982176443646007,0.06972639006768139,0.10233238615000098,0.0,0.0,0.0,0.12540569792636172,0.0,-0.28751981953979966,nm
0.8735148906707764,-21.004104164002143,2.0968606586295326,-12.19285509886034,0.004953177668466612,0.034343872687002515,-0.06587959973338624,0.0,0.0,0.0,0.07445909763882193,0.0,-0.2881654446258193,nm
0.8865201473236084,-21.0078196608077,1.9847279175564545,-11.992549495975766,0.0057069009921696875,0.028741463212909678,-0.011245045154813,0.0,0.0,0.0,0.03138616681098938,0.0,-0.2881654446258193,nm
0.888617753982544,-20.975690271673137,1.8845953447785642,-11.773513076264221,0.01125535274645991,0.03757227353021593,0.10187683044430881,0.0,0.0,0.0,0.10916614532470702,0.0,-0.2881654446258193,nm
0.8927922248840332,-20.97712737150571,1.8001500722397294,-11.56065281412307,0.02044920136959619,0.07809624248683868,0.13947233717642674,0.0,0.0,0.0,0.16115125120417859,0.0,-0.2881654446258193,nm
0.8994057178497314,-20.933625919682303,1.710435953794146,-11.372247136480283,0.007037385289831459,0.024813617748603217,0.06719020953331668,0.0,0.0,0.0,0.07197058200836182,0.0,-0.2881654446258193,nm
0.9231901168823242,-20.89871142857177,1.4970198470200755,-11.03983936262852,0.006946849739231094,0.03759790621861038,-0.014593563023966529,0.0,0.0,0.0,0.04092472791671753,0.0,-0.288714225948936,nm
0.9427394866943359,-20.949238741746814,1.3776420175138597,-10.910494782265944,0.003059627250095189,0.01182743470004008,0.031838311699603626,0.0,0.0,0.0,0.03410172462463379,0.0,-0.288714225948936,nm
0.946866512298584,-20.970394749350188,1.1874975942234944,-10.69643978291974,0.015889770117961666,0.07329669777530433,0.09693802256866116,0.0,0.0,0.0,0.12256374226780214,0.0,-0.288714225948936,nm
0.9581828117370605,-21.002227813056763,1.118404355875527,-10.569749985769933,0.009099416092440278,0.04552312590659372,0.03045771749665325,0.0,0.0,0.0,0.055523210647772187,0.0,-0.288714225948936,nm
0.9679708480834961,-21.00822548892748,1.0652508353596384,-10.426505145998426,0.00833217779279857,0.04717012263824319,-0.01839147261068103,0.0,0.0,0.0,0.05130976438522339,0.0,-0.288714225948936,nm
0.9906830787658691,-21.111084187992763,0.9748821918627918,-10.195056626870532,0.008646175628111225,0.046635299088438394,0.014998364690647876,0.0,0.0,0.0,0.04974493358578259,0.0,-0.28918069007358516,nm
1.006345272064209,-21.122241467689893,0.9329071460140967,-10.115266580633,0.013806310425621231,0.07141895780537186,0.06438740057797218,0.0,0.0,0.0,0.09714432095991178,0.0,-0.28918069007358516,nm
1.0076794624328613,-21.150000622312618,0.8934110697504875,-9.978216679393123,0.011009446122542184,0.057376290443758735,0.05778477046544924,0.0,0.0,0.0,0.08217253985825419,0.0,-0.28918069007358516,nm
1.014695644378662,-21.169424687627068,0.8487198299639512,-9.813113170185456,0.009044768566387234,0.04923007426743629,0.035230430182981866,0.0,0.0,0.0,0.06120940500997178,0.0,-0.28918069007358516,nm
1.0223932266235352,-21.220071978500265,0.8025758248389774,-9.638152996910062,0.004000775534647575,0.024360508334302127,-0.009584266829026827,0.0,0.0,0.0,0.026482045650482174,0.0,-0.28918069007358516,nm
1.043731927871704,-21.38553892711489,0.7376304437570039,-9.382352010295367,0.0031518761849846813,0.015823565023744574,0.041175138498920946,0.0,0.0,0.0,0.04422342777252198,0.0,-0.28957718457953696,nm
1.057814598083496,-21.49624191367349,0.7340907182310352,-9.269018934692589,0.004303134476561553,0.021868064096731855,0.05655623954335147,0.0,0.0,0.0,0.06078928709030151,0.0,-0.28957718457953696,nm
1.0652542114257812,-21.58600197362368,0.7530881703423474,-9.176462267446478,0.006015147066836078,0.030718627656435824,0.07906587937049107,0.0,0.0,0.0,0.08503663539886475,0.0,-0.28957718457953696,nm
1.0720832347869873,-21.72839241725097,0.78362150328248,-9.068663067119912,0.0027210803991741597,0.013954338254394532,0.03565037099504599,0.0,0.0,0.0,0.0383806824684143,0.0,-0.28957718457953696,nm
1.0914971828460693,-22.009819347862667,0.8494547284583045,-8.801279982107346,0.006096281268610561,0.037366614677366315,0.020713045793594335,0.0,0.0,0.0,0.04315621396508637,0.0,-0.289914204909596,nm
1.0996520519256592,-22.201114608517596,0.8748520504351176,-8.61834406055026,0.002205597962470538,0.011605168803830593,0.028921410899407255,0.0,0.0,0.0,0.031240880489349365,0.0,-0.289914204909596,nm
1.1118419170379639,-22.363498122817113,0.8994590408487237,-8.439625177690834,0.004375969717322075,0.023327213341258018,0.057638506253239796,0.0,0.0,0.0,0.062333822250366204,0.0,-0.289914204909596,nm
1.1219666004180908,-22.5418660222156,0.9260267207978896,-8.260916347600372,0.00452299637131848,0.02442601432550499,0.05979522679076722,0.0,0.0,0.0,0.06474995613098145,0.0,-0.289914204909596,nm
1.1269612312316895,-22.750907206767483,0.9628808508197922,-8.112921652758276,0.001930650574518858,0.010511337644551264,0.025460846042441587,0.0,0.0,0.0,0.027612864971160885,0.0,-0.289914204909596,nm
1.14825439453125,-23.12726273841204,1.073746727565986,-7.901535922515761,0.0020251516464471417,0.01101920695403219,0.026202429935620608,0.0,0.0,0.0,0.02849721908569336,0.0,-0.29020067219014617,nm
1.168121337890625,-23.33155420064495,1.1496602846841042,-7.815089395343382,0.001929212781456099,0.010431014559691578,0.02456250648674924,0.0,0.0,0.0,0.02675527334213257,0.0,-0.29020067219014617,nm
1.1709282398223877,-23.488288548538716,1.2326611761313282,-7.738403971097714,0.008472734779643621,0.05452569259538288,0.048968439979657975,0.0,0.0,0.0,0.07377497205484893,0.0,-0.29020067219014617,nm
1.174447774887085,-23.69892306372352,1.3206527374098225,-7.623256602149448,0.0031949400113199713,0.017024490349357695,0.03939717114762129,0.0,0.0,0.0,0.043036937713623054,0.0,-0.29020067219014617,nm
1.185570240020752,-23.90974286660508,1.405273441093515,-7.462615791138006,0.0019291137080779438,0.010279552542305804,0.023548148142691634,0.0,0.0,0.0,0.025766372680664066,0.0,-0.29020067219014617,nm
1.1934783458709717,-24.089646115270412,1.4862828567454172,-7.311692130763634,0.0028338409308765406,0.015096098603294571,0.034284671721777675,0.0,0.0,0.0,0.037568092346191406,0.0,-0.29020067219014617,nm
1.216439962387085,-24.489163170256248,1.6460673617325368,-7.011355415683245,0.0,0.0,0.0,0.0,0.0,0.0,0.0,0.0,-0.29044416937861384,nm
1.2238280773162842,-24.632605224678283,1.7321054683163655,-6.837868092037125,0.00646023804198009,0.04433905406110627,0.037541778331935984,0.0,0.0,0.0,0.058455722653278086,0.0,-0.29044416937861384,nm
1.238036870956421,-24.799066757829916,1.8227586024684466,-6.751001270667494,0.003169914947515103,0.016793808273212474,0.03688249904169112,0.0,0.0,0.0,0.04064971208572388,0.0,-0.29044416937861384,nm
1.2477457523345947,-24.972752326389465,1.9248846450403894,-6.683572548132838,0.0021700663843765267,0.011366496780003612,0.02476828320987945,0.0,0.0,0.0,0.027338147163391117,0.0,-0.29044416937861384,nm
1.2720236778259277,-25.314359644216374,2.1454715193821046,-6.442965658555718,0.002348259232125264,0.012116522267439391,0.02599315257217467,0.0,0.0,0.0,0.028774440288543698,0.0,-0.2906511419888113,nm
1.2851207256317139,-25.483789982482502,2.260552542553253,-6.327152912533102,0.0027157072870836896,0.013896060846688093,0.02958221780709746,0.0,0.0,0.0,0.03279608488082886,0.0,-0.2906511419888113,nm
1.2869274616241455,-25.633283757406424,2.378193264879279,-6.2873013125668,0.0033081362503708826,0.016661725950758433,0.03523971655496686,0.0,0.0,0.0,0.039120256900787354,0.0,-0.2906511419888113,nm
1.2906696796417236,-25.7826396832188,2.4939110889532445,-6.13965404230179,0.0024876877265203896,0.012464349622811111,0.026181673145672144,0.0,0.0,0.0,0.029103755950927734,0.0,-0.2906511419888113,nm
1.309650182723999,-26.085010686461278,2.721148286436242,-5.991428291854446,0.0,0.0,0.0,0.0,0.0,0.0,0.0,0.0,-0.2908270687074792,nm
1.3308525085449219,-26.21647406795386,2.8335927835822114,-5.852730611442358,0.0031522280972577747,0.01537604862125369,0.03167681735725421,0.0,0.0,0.0,0.035352230072021484,0.0,-0.2908270687074792,nm
1.336599349975586,-26.371272171134724,2.947429253290442,-5.732373521991361,0.002886698709540135,0.013996385371662064,0.028633531602097542,0.0,0.0,0.0,0.03200173377990723,0.0,-0.2908270687074792,nm
1.3387298583984375,-26.531192260756583,3.0660234884456683,-5.64333905120243,0.0,0.0,0.0,0.0,0.0,0.0,0.0,0.0,-0.2908270687074792,nm
1.347196102142334,-26.635399834421204,3.1904510131731243,-5.608292237594663,0.0031517027033753395,0.01490373124082708,0.030141284254371174,0.0,0.0,0.0,0.033772051334381104,0.0,-0.2908270687074792,nm
1.3569731712341309,-26.772413848942097,3.3172620841097067,-5.555381489761543,0.0,0.0,0.0,0.0,0.0,0.0,0.0,0.0,-0.2908270687074792,nm
1.3789429664611816,-26.89974570450466,3.579940581463377,-5.371887643034731,0.005783855130748495,0.02633160521259607,0.052639458418700484,0.0,0.0,0.0,0.05914151668548583,0.0,-0.2909766064183469,nm
1.3903498649597168,-26.960616779441995,3.7094667302456035,-5.328252548894013,0.0,0.0,0.0,0.0,0.0,0.0,0.0,0.0,-0.2909766064183469,nm
1.4077074527740479,-26.91822260733924,3.836122280715538,-5.199157951452309,0.0016255706717778322,0.028595019073710266,-0.01450101395434676,0.0,0.0,0.0,0.03210291266441345,0.0,-0.2909766064183469,nm
1.4180521965026855,-26.900023462474387,3.957993052410819,-5.025213965281369,0.0013550552492743264,0.025687655291925928,-0.013011123082493088,0.0,0.0,0.0,0.02882674336433411,0.0,-0.2909766064183469,nm
1.4194023609161377,-26.843615134580254,4.073972601050604,-4.864833879147862,0.0,0.0,0.0,0.0,0.0,0.0,0.0,0.0,-0.2909766064183469,nm
1.432657241821289,-26.735375619751423,4.188828823020445,-4.748858231477903,0.0054072986863671815,0.023422131726197275,0.0471011130747971,0.0,0.0,0.0,0.05288052558898925,0.0,-0.2909766064183469,nm
1.4339537620544434,-26.636286431024956,4.304606089867718,-4.663368323786489,0.0029772254483592083,0.012718773005236423,0.025684673187721458,0.0,0.0,0.0,0.028815507888793942,0.0,-0.2909766064183469,nm
1.4509406089782715,-26.38353758897395,4.543886651361818,-4.428108088219434,0.0,0.0,0.0,0.0,0.0,0.0,0.0,0.0,-0.2911037134725844,nm
1.4768171310424805,-26.29057116937038,4.665970345766871,-4.380772445219424,0.0,0.0,0.0,0.0,0.0,0.0,0.0,0.0,-0.2911037134725844,nm
1.4783341884613037,-26.190660373627974,4.784798604271979,-4.324818607323267,0.005250538153337298,0.021137422439110883,0.04350508556567261,0.0,0.0,0.0,0.048652350902557366,0.0,-0.2911037134725844,nm
1.480423927307129,-26.120567185904292,4.898131116407965,-4.257658337290921,0.004830807223133204,-0.007528625744357113,0.06273720233856996,0.0,0.0,0.0,0.06337170868215831,0.0,-0.2911037134725844,nm
1.506653070449829,-26.024208508299274,5.106262086820778,-4.092067919873275,0.0,0.0,0.0,0.0,0.0,0.0,0.0,0.0,-0.2912117544686863,nm
1.51961350440979,-26.012388368436266,5.198529481545351,-4.104305612948423,0.0,0.0,0.0,0.0,0.0,0.0,0.0,0.0,-0.2912117544686863,nm
1.5209388732910156,-25.99174355896842,5.285852280471388,-4.116355758084794,0.005370511238163192,0.020303036640283757,0.042145902757883824,0.0,0.0,0.0,0.04708856344223023,0.0,-0.2912117544686863,nm
1.5279676914215088,-25.97230645750301,5.37087239624751,-4.127617684022245,0.004870297865147554,0.018170676749311786,0.03775753383642755,0.0,0.0,0.0,0.042184412479400635,0.0,-0.2912117544686863,nm
1.5355796813964844,-25.945101806828394,5.456703605987332,-4.0513935538163945,0.0,0.0,0.0,0.0,0.0,0.0,0.0,0.0,-0.2912117544686863,nm
1.548353910446167,-25.912503066312908,5.54361815734864,-3.9841185200215254,0.0,0.0,0.0,0.0,0.0,0.0,0.0,0.0,-0.2912117544686863,nm
1.5716636180877686,-25.80351658497028,5.710877274856001,-3.8687595816041545,0.004831716535101531,0.017424392567366668,0.03644877201382799,0.0,0.0,0.0,0.0406874418258667,0.0,-0.2181583901264007,nm
1.5821311473846436,-25.71170403388784,5.787533682822791,-3.8289507860779213,0.00506141646036625,0.018058686594672944,0.03792746689747191,0.0,0.0,0.0,0.04231107234954834,0.0,-0.2181583901264007,nm
1.585015058517456,-25.614506666445088,5.856930685031528,-3.7684768657369667,0.0,0.0,0.0,0.0,0.0,0.0,0.0,0.0,-0.2181583901264007,nm
1.5961127281188965,-25.519250698159517,5.919430476748539,-3.7192916263720996,0.0,0.0,0.0,0.0,0.0,0.0,0.0,0.0,-0.2181583901264007,nm
1.6028058528900146,-25.43638854539078,5.971609944508134,-3.722258627513545,0.0,0.0,0.0,0.0,0.0,0.0,0.0,0.0,-0.2181583901264007,nm
1.6272101402282715,-25.27464054431822,6.060545924742962,-3.729812421986345,0.0046288655403965515,-0.005905673174556864,0.04712352396209958,0.0,0.0,0.0,0.04771718644725739,0.0,0.2,nm
1.6351497173309326,-25.17162207458985,6.097131642224652,-3.7280324803118816,0.004190263850524699,0.014179403207349115,0.030513847029762828,0.0,0.0,0.0,0.03390735387802124,0.0,0.2,nm
1.6426267623901367,-25.092498824010224,6.1350626601290275,-3.7254290995527275,0.0,0.0,0.0,0.0,0.0,0.0,0.0,0.0,0.2,nm
1.6506192684173584,-25.018148387950998,6.186027616431966,-3.7260631397725437,-0.012407393249677304,-0.04128401208663029,-0.08947734683019622,0.0,0.0,0.0,0.09932023286819458,0.0,0.2,nm
1.6839394569396973,-23.649429907271017,6.29838290874078,-3.7897080746424394,0.003406505735279431,0.18779444599418937,-0.08166126118868113,0.1362067632291557,-0.014379884137352023,-0.00967730820417572,0.20480947196483615,0.1373051845752576,-0.2,nm
1.6854465007781982,-22.794624052164057,6.323182879991329,-3.7979410440198444,-0.0024823264425907075,0.2324610457227651,-0.1613080387389017,0.175768281982956,-0.019417935403266303,-0.014562322967447801,0.28295685728548814,0.17743620379385266,-0.2,nm
1.692206621170044,-21.393164496600164,6.350743315169434,-3.7880055169012024,0.006767524269100437,0.2966902128054909,-0.11543923893742225,0.2123389352757438,-0.024999324439706396,-0.019461943007277244,0.3184291124343872,0.21468944287527675,-0.2,nm
1.6976518630981445,-20.235943487691404,6.350919369277926,-3.80816092109478,-0.014101194548318072,0.1165565750196785,-0.19596724384674433,0.2354168605134545,-0.02835030865670796,-0.022518063519031017,0.22844570367791295,0.23818459521889532,-0.2,nm
1.718498945236206,-16.75172854297706,6.362384555789456,-3.6831998884851265,0.02516013332291835,0.3624696523078892,0.2601938409149168,0.37834152420440925,-0.03627363586660971,-0.02909681618032857,0.44689832848544664,0.38118854955012854,-0.2663613739009763,nm
1.7259747982025146,-15.46220981935518,6.356643517024777,-3.643334678414036,0.015796702047049863,-0.02106869340284741,0.15353067046070598,0.26158353810484275,-0.03046196685873121,-0.02309833708856918,0.15577256629259323,0.26436227417808184,-0.2663613739009763,nm
1.7392218112945557,-14.617922549383811,6.363944679795126,-3.6452215132221664,-0.02538156150432729,-0.38449889042646396,-0.007930194686882434,0.2554307396857749,-0.028151879472085518,-0.021778602012119872,0.38541731719183525,0.25789862077924197,-0.2663613739009763,nm
1.7448978424072266,-13.228174635875652,6.375061305201869,-3.5894957203657922,0.00704008542608005,-0.16600017735080655,0.4192614395108161,0.2816760668607894,-0.028059542657253925,-0.022680181048351976,0.45098312201676405,0.283977349781077,-0.2663613739009763,nm
1.765091896057129,-12.222033623534013,6.382538526895497,-3.5524127510411607,-0.006807806976702745,-0.45118575147473794,0.18917909002693756,0.07388941873856199,-0.01646298094315115,-0.01593061605458994,0.4892889296449248,0.07735929466415702,-0.32276854171680613,nm
1.7731716632843018,-12.23765428142786,6.376415879800297,-3.5585758017089204,0.021420100721816743,-0.26647022679498267,0.3393102485979199,0.0,0.0,0.0,0.43196834060690664,0.0,-0.32276854171680613,nm
1.7878882884979248,-12.862854203369263,6.356915005656877,-3.6152825698239393,-0.005012334416490207,-0.32082830587203226,0.13668868568515913,-0.11894019086617186,-0.008967651312620792,-0.007535211174184435,0.3487688663561546,0.11951555204568858,-0.32276854171680613,nm
1.7924349308013916,-13.654685358405938,6.33076565276423,-3.6696257236064076,0.011567130151602897,-0.14129080194984703,0.1855565199863693,-0.15211793496388593,-0.008115353026839373,-0.0031350618771288233,0.2335125506798872,0.15236651110201574,-0.32276854171680613,nm
1.8124439716339111,-16.041918590466885,6.260399112421484,-3.7583784396778754,0.0,0.0,0.0,-0.2569298219869981,-0.0033010546584171063,0.014401095730726253,0.0,0.25735427322345733,-0.37071463436026153,nm
1.8266019821166992,-17.304032407909716,6.2342340871893205,-3.7743737843967824,0.011764664151921032,0.11646577647613059,0.03728035999977095,-0.24548953419058864,-0.0017067075757437045,0.022237701105480703,0.12285157571031814,0.2465005874198234,-0.37071463436026153,nm
1.8341491222381592,-18.607746199169355,6.221123299029318,-3.7568588205542297,0.008062984806661525,0.12478673491365956,-0.0011989128279781733,-0.2535574186986876,0.00141464660013706,0.030052292727357526,0.12505270219540834,0.25533606502081846,-0.37071463436026153,nm
1.8405959606170654,-19.77696441992102,6.225000228926142,-3.705194159469179,0.002088957118623008,0.08126927221758302,-0.02903706822048665,-0.24472508699547696,0.0019617327628298925,0.03422747978817938,0.08632618188858032,0.24711482548205552,-0.37071463436026153,nm
1.8677513599395752,-21.906545008575318,6.247633221373526,-3.615634470731505,0.0,0.0,0.0,-0.21304618134373227,0.00013527819351587218,0.02880281618121619,0.0,0.214984408516769,-0.41146881310719857,nm
1.8800549507141113,-22.905051730465516,6.232823938596444,-3.610652709396188,0.004830317008490791,0.014847363044236637,0.035578629353776,-0.19714434233099373,-0.0040395860371434155,0.0219036763973141,0.03885376453399658,0.1983985408418867,-0.41146881310719857,nm
1.8818957805633545,-23.972360248730443,6.192117812800247,-3.643049685022826,0.005836160399645169,-0.011603492710328843,0.060478572806995166,-0.20440172137225582,-0.0066145805889782205,0.016034562422910237,0.06185757496103494,0.20513635360024218,-0.41146881310719857,nm
1.8925526142120361,-25.150305334455933,6.14310686598403,-3.705202411364877,-0.0012666603983291363,-0.0875464680000039,0.04082029219274179,-0.21049422457946482,-0.007564344338116006,0.012558829389735843,0.09660375118255615,0.2110041755089606,-0.41146881310719857,nm
1.9089436531066895,-27.402178797735754,6.031296129747506,-3.849688359491393,0.004634481833310891,-0.05212173638174373,0.07688532554102015,-0.2228252991889969,-0.008108088560358205,0.01598127067499989,0.09300272635175767,0.22354475183093925,-0.44610986504209504,nm
1.9165806770324707,-28.61903225433631,5.98809318837426,-3.884305187359366,0.0028433553418184495,-0.044950430423276795,0.05607421141830983,-0.22715307450000774,-0.0052423484727413495,0.019023257688045057,0.07192317464505446,0.22800852134378988,-0.44610986504209504,nm
1.9294424057006836,-29.784862140782188,5.968711658056815,-3.9054263913500926,0.004973029438719787,0.019649462639562396,0.03465410012177867,-0.22589342933646625,-0.0032147760033419924,0.020811414042323007,0.040146470069885254,0.2268728524010348,-0.44610986504209504,nm
1.940340518951416,-30.9170499443843,5.949564749044827,-3.8417627973211523,0.00898831436139583,0.03698110829092675,0.06227875496243511,-0.23118107729964477,-0.0028395337128346225,0.02115478218531588,0.07298654317855835,0.23216433460469077,-0.44610986504209504,nm
1.9466757774353027,-32.13598020257703,5.9342364633740905,-3.839448068706753,0.0,0.0,0.0,-0.2397386768666412,-0.0018845754080777724,0.019566947464932594,0.0,0.2405432398620505,-0.44610986504209504,nm
1.9574482440948486,-33.299215116238074,5.910966971042992,-3.8057128903082256,0.0031038420660168924,0.013754832590623878,0.02109505411488977,-0.2320772418961392,-0.002367154190214977,0.017261090340493095,0.02537381649017334,0.23273030499877326,-0.44610986504209504,nm
1.9794793128967285,-35.607575920051794,5.816368771846029,-3.800568348823136,0.0,0.0,0.0,-0.2189305564069877,-0.004957857769128547,0.01744775263414591,0.0,0.2196806613116286,-0.28763183507122125,nm
1.9992344379425049,-36.67623904830465,5.7713941734564065,-3.826068221271663,0.0,0.0,0.0,-0.20698462248381688,-0.0047375739578199,0.018689763168558745,0.0,0.2078807008817096,-0.28763183507122125,nm
2.0012757778167725,-37.64064839014719,5.732792664031691,-3.901393957787813,0.0,0.0,0.0,-0.18718423915385443,-0.005405992532685212,0.02008119347581431,0.0,0.1883359192355083,-0.28763183507122125,nm
2.0041723251342773,-38.47861668146151,5.710936843954208,-3.9578619956713283,-0.004669743227520676,0.01538801968121436,-0.05720383887022536,-0.1644398513000477,-0.0060498555928420765,0.019989103803827023,0.05942118168642493,0.1657607604928145,-0.28763183507122125,nm
2.0149576663970947,-39.11712405432431,5.709337937075221,-4.0352002082291385,-0.005422412485797798,0.04916638046297893,-0.08870738068958224,-0.13299440302544543,-0.006878023182355729,0.01715116974594098,0.10156640642359559,0.13427204125448347,-0.28763183507122125,nm
2.0487935543060303,-39.9353230551465,5.699604642939118,-4.0995331046592085,-0.009024625259438613,0.07155363751734084,-0.14144252522401343,-0.07505975701470362,-0.01074754834810516,0.007483623508755714,0.15876824255745223,0.07619371062904082,-0.37657968735381364,nm
2.0519518852233887,-40.134827151036966,5.68743063311281,-4.122596803806493,-0.008337313703863918,0.0772267517252717,-0.13924487350684656,0.0,0.0,0.0,0.15944471386587605,0.0,-0.37657968735381364,nm
2.053290605545044,-40.05469088311014,5.693802593307012,-4.194297077261474,-0.0010673294800279637,0.1065861871157813,-0.08886371702818176,0.0,0.0,0.0,0.1387750506401062,0.0,-0.37657968735381364,nm
2.0593931674957275,-39.95613906737357,5.697672673208938,-4.202698445909458,-0.0052121274570237535,0.03206370721494243,-0.07565136277341672,0.0,0.0,0.0,0.08233089506660858,0.0,-0.37657968735381364,nm
2.0861520767211914,-39.531982365510245,5.731969145877003,-4.182913781340571,0.00023711634317434834,-0.025681478378986003,0.021017917851707264,0.05487698852763113,-0.009399072239083185,0.0011494625398408502,0.03318655490875244,0.05568794926146733,-0.45218536179401714,nm
2.099672555923462,-39.355671965280344,5.7584512337652,-4.172121432618694,0.003830933923692532,-0.0510875315447843,0.07474486542186207,0.05198305936637839,-0.00901008282112465,0.0014199005097236769,0.09061681323573072,0.05277723155859408,-0.45218536179401714,nm
2.1063411235809326,-39.16817383028422,5.788378924899168,-4.164048369298078,0.005720910751101084,-0.07057136620907614,0.1068365111692418,0.0,0.0,0.0,0.12816819678552524,0.0,-0.45218536179401714,nm
2.1087679862976074,-39.072479158500144,5.811789082636406,-4.175587192865121,0.00978973576581418,-0.061395943608136654,0.13984676067167645,0.0,0.0,0.0,0.15304384106607855,0.0,-0.45218536179401714,nm
2.118234157562256,-39.125004829641085,5.8297112944911245,-4.21193173426429,0.009373374573582323,-0.07499585210183582,0.14550599086794877,0.0,0.0,0.0,0.16396411607983225,0.0,-0.45218536179401714,nm
2.14862322807312,-39.656184888142455,5.8606311864629,-4.038249723584852,0.010503392521179622,-0.05347136797457259,0.13875807711737412,-0.059993371303293706,-0.004705063278962278,-0.001768497811834237,0.14907485506562554,0.06020356970566086,-0.5164501850681902,nm
2.156370162963867,-40.14397171211258,5.885506646947216,-3.946874809813982,0.009251910105308936,-0.04826173701705324,0.12176340392231094,-0.09052790939958176,-0.0009642484759303461,0.0015600010797119333,0.13130544404268915,0.09054648396680524,-0.5164501850681902,nm
2.1576669216156006,-40.781955758996375,5.902221242505569,-3.916766050083143,0.007016358910377458,-0.042689758382407836,0.09591868635124493,-0.11170084542421449,0.0023585941759916283,0.00620762738254974,0.10522375755719852,0.1118980628638935,-0.5164501850681902,nm
2.1627845764160156,-41.46790557605727,5.9286959247718665,-3.8889114531468825,0.008102376016902849,-0.007320796991010831,0.08262445363373735,-0.12825289614902327,0.004911356609972346,0.010619496350169549,0.08334292353869337,0.12878548247800967,-0.5164501850681902,nm
2.1731910705566406,-42.23782594445434,5.9613616597478885,-3.8206500880335645,0.0066526644651595974,-0.0007952923060280343,0.06407502440022586,-0.14619327279594002,0.006521410767650741,0.01388760640855272,0.06442436795365217,0.1469961476398189,-0.5164501850681902,nm
2.197145700454712,-43.87798948737167,6.03716918426389,-3.767603279406466,0.008061237589382009,0.04567302010383397,0.047680093882453235,-0.16356041037802546,0.005355053796334572,0.014159503778907602,0.06651616096496582,0.16425947763053014,-0.5710752848512373,nm
2.21522855758667,-44.828398056389084,6.058221272624901,-3.5865834421710594,0.0048441601435715775,-0.0051974326208125,0.04861701155370643,-0.1813103315245981,0.003735854174709685,0.01342792904340801,0.049133420456525086,0.18184526994774755,-0.5710752848512373,nm
2.2171287536621094,-45.809410257035076,6.074020015908604,-3.4184500542252163,0.006196550504057996,-0.008595738103294798,0.06294552755836808,-0.18670992264829822,0.0032258130634333815,0.013238199433548805,0.06383121016627406,0.18720643955135768,-0.5710752848512373,nm
2.223618984222412,-46.833179997682564,6.088487356397652,-3.2318839018122425,0.00661475488946854,-0.016221965813586894,0.0704890565978382,-0.19357166996727931,0.00395289277131261,0.01498558635220874,0.0726334238292411,0.19419110322953084,-0.5710752848512373,nm
2.2314798831939697,-47.87489511834658,6.111100309932983,-2.9227971970069664,0.008237894645916524,-0.0015334428377615226,0.07757305800628361,-0.20005701490496447,0.005719611059202847,0.018423738374007192,0.07802431469471645,0.20098496784343747,-0.5710752848512373,nm
2.255925178527832,-50.06748329533348,6.2053351727831005,-2.8916403173064813,0.006390248857393999,0.009356460855922873,0.054356298038496176,-0.21093213553171397,0.010804481910720289,0.024663581518856153,0.055524641166401656,0.21264382164235504,-0.6175066196668273,nm
2.2746615409851074,-51.16631750543324,6.263052677283595,-2.908941640060507,0.007576502163060188,0.054407543921817014,0.04378764080198514,-0.22115892960032524,0.01090083092196362,0.025577107404039245,0.07024914026260376,0.22289972785965578,-0.6175066196668273,nm
2.278050184249878,-53.58451453851409,6.348439945201689,-2.987387208184396,0.0042884944626831656,0.03192563435729455,0.023538562401606955,-0.23333497029051675,0.008102614352463384,0.023618062625940878,0.03989613056182861,0.23466715492804688,-0.6175066196668273,nm
2.3018624782562256,-56.06188635409299,6.397815904008446,-1.9799501830620854,0.002258973743355583,-0.017340347064055732,0.02547709004760689,-0.24555709621704636,0.003139868279547774,0.024717828451672096,0.030901014804840088,0.24681798418820083,-0.6569732542600788,nm
2.3104751110076904,-57.26638965782003,6.433989647114825,0.2180943039091595,0.0020222329067834583,0.029648064897549346,0.01893319804116735,-0.23778165612892688,-0.004771636641002563,0.025430691224720223,0.035235822200775146,0.23918529336858496,-0.6569732542600788,nm
2.3244874477386475,-58.47359490584557,6.470771517042702,2.107819934860562,0.0017015317909616781,0.05276914712439479,0.03210431049912722,-0.24441618237930102,-0.012009657412545666,0.0273090468210833,0.061791300773620605,0.24623014867865908,-0.6569732542600788,nm
2.3258862495422363,-59.80998128085928,6.511460434442687,4.149290282020064,0.0038965585633927813,-0.01436232077653873,0.024944774951050967,-0.2559567544403031,-0.020789591119325275,0.02940867824923155,0.029046535491943363,0.25847811822065164,-0.6569732542600788,nm
2.3474462032318115,-62.333282335916856,6.620533432427107,8.946978916661228,-0.0038375046622354464,0.039942037000144585,0.020858522740736088,-0.24267538132408756,-0.03739866653440127,0.030434241265140428,0.04522356390953064,0.24741916659937124,-0.6905198936643425,nm
2.3680756092071533,-63.61313711115766,6.67835416018782,11.537978887803257,0.0,0.0,0.0,-0.2428526642805304,-0.049206431613126315,0.030692010115016783,0.0,0.24968117459101632,-0.6905198936643425,nm
2.369492292404175,-64.84661600398653,6.731248619731086,14.177090273265165,-0.008575395489509844,0.04400693888794074,0.020876340342584173,-0.2401939829138609,-0.06218942781081919,0.030220031686422004,0.049456745386123664,0.24994784390866337,-0.6905198936643425,nm
2.3807373046875,-66.19018708707041,6.758405639668497,16.516924391212697,0.0,0.0,0.0,-0.24859425313798278,-0.07851458693626612,0.03075215692585343,0.0,0.26250588223999144,-0.6905198936643425,nm
2.3848092555999756,-67.52652507819646,6.777676795351652,19.08030430236775,0.007348242749669429,-0.010493081860278208,0.029570839104871533,-0.24079667021781467,-0.08897284997460733,0.030588575283296254,0.0322263240814209,0.25852439992861964,-0.6905198936643425,nm
2.39196515083313,-68.7985703577598,6.799511541222048,21.623332015655276,-0.009558407808700313,0.027769370503014652,0.011300045920378324,-0.2309439930698929,-0.09656114525365755,0.03118614630156531,0.031467318534851074,0.2522533615809853,-0.6905198936643425,nm
2.4229650497436523,-71.30402317887484,6.86965518597127,26.54208149903993,-0.023294815402211344,0.05177481657190131,0.019058938681676775,-0.21901911164176854,-0.11219920604829152,0.03375069131385915,0.0598875880241394,0.2483890944996979,-0.7190345371579667,nm
2.4311516284942627,-72.6532110465569,6.903484700355933,28.683377270310945,0.0,0.0,0.0,-0.22932751667157122,-0.12855548994824822,0.03561636831525282,0.0,0.26530388159721985,-0.7190345371579667,nm
2.438459634780884,-74.0264242358371,6.942557938243415,30.876064698302,0.007088948117623951,-0.00519419855310073,0.028075950463397243,-0.22233973768369653,-0.13484160889154623,0.03593915348339884,0.029419243335723877,0.26250493556277943,-0.7190345371579667,nm
2.4402616024017334,-75.29614394798165,6.985508002311756,33.17923363209712,-0.015506498850501137,0.025452369387404444,0.007759053570023989,-0.20938175054443248,-0.1375919297535333,0.03554281435781546,0.030797362327575684,0.2530524614518229,-0.7190345371579667,nm
2.4491209983825684,-76.59341306974206,7.031923702777736,35.284412591696615,0.0,0.0,0.0,-0.20422434824476365,-0.14508401197041154,0.035757423025119014,0.0,0.2530524614518229,-0.7190345371579667,nm
2.457611083984375,-77.86199933972527,7.066910949864027,37.46792173616542,-0.024316940598899772,0.033528173026367444,0.008837223855847908,-0.20021264663778313,-0.15577645138235016,0.03626551521526411,0.04235030710697174,0.25625493999689464,-0.7190345371579667,nm
2.4669244289398193,-79.26648308104423,7.083839432471845,39.61719810903962,0.007035299887425733,-0.0021960738696055254,0.03234169239430124,-0.20204211551779058,-0.1717630631164611,0.03775306682163792,0.03317081928253174,0.2678597773994683,-0.7190345371579667,nm
2.4767558574676514,-80.58812949838259,7.1007394338714676,42.056014668671175,0.0,0.0,0.0,-0.18843543130230705,-0.17368330217891345,0.03704475115998519,0.0,0.25893264532376653,-0.7190345371579667,nm
2.4878997802734375,-81.91125006602563,7.125988317070321,44.53627521721166,0.0,0.0,0.0,-0.1813666310310767,-0.18072183889621352,0.03774390378860221,0.0,0.25880270512263764,-0.7190345371579667,nm
2.5000648498535156,-83.22600147347383,7.154141996189891,46.894821771949864,0.0,0.0,0.0,-0.17509469049868248,-0.18785239458747854,0.040147157874669555,0.0,0.25992011672529847,-0.7190345371579667,nm
2.5064358711242676,-84.57208008674571,7.187733193232946,48.90291118981387,0.0,0.0,0.0,-0.17425637883397244,-0.19878184843693675,0.04203276411652653,0.0,0.26766819402314085,-0.7190345371579667,nm
2.5517823696136475,-87.38310073875161,7.280685861261186,53.024367797905256,0.0,0.0,0.0,-0.16264593271627698,-0.2084390100984524,0.041916319474862324,0.0,0.2676891820718371,-0.7432719841275472,nm
2.5624167919158936,-88.68665376209742,7.344900339700417,55.02174528066046,0.0,0.0,0.0,-0.15000741269124457,-0.20407488970681528,0.04177786227117258,0.0,0.25669860585347803,-0.7432719841275472,nm
2.570113182067871,-89.97786615414812,7.413616323661978,57.2202045687553,-0.04785147940864206,0.025421913611108723,-0.03484262610800757,-0.14554240278483682,-0.21642151513609806,0.042530062349315195,0.06442085351304173,0.2642530405229515,-0.7432719841275472,nm
2.5714569091796875,-91.46290152018871,7.45453198645961,57.19360436644666,0.048375801672181605,-0.027061041069439483,0.02648270838265824,-0.15219926661981184,-0.22884941127354144,0.04392108007773362,0.06143168542754672,0.27832666252993044,-0.7432719841275472,nm
2.5732967853546143,-92.78270671463059,7.506559127837279,57.1769029087462,0.0,0.0,0.0,-0.1435305837481667,-0.21219243707653343,0.04194982174327895,0.0,0.2595889950823435,-0.7432719841275472,nm
2.5758631229400635,-94.12061240640685,7.565133720038231,59.17346587498243,0.0,0.0,0.0,-0.13580137826627192,-0.21462939648496437,0.04240094496517891,0.0,0.25749880059615665,-0.7432719841275472,nm
2.6003661155700684,-96.67705569584716,7.703021812788395,62.23698364273713,-0.028296183804770857,0.010209723741679617,-0.030655285466875,-0.12467037596521746,-0.22120055672488778,0.04389297874447484,0.04294949363904528,0.25768000023628507,-0.7638738140516907,nm
2.6125385761260986,-98.07097374247658,7.766847475166324,63.85611495893057,0.034386359018722036,-0.016068258011110642,0.005331879110829054,-0.12121480247691566,-0.23059273225736993,0.043721916868361875,0.03832805156707764,0.26415458073650877,-0.7638738140516907,nm
2.617478132247925,-99.36467921240629,7.842752478911402,65.91835295152178,0.0,0.0,0.0,-0.10715440478956914,-0.21842413773990885,0.04212826417628436,0.0,0.246912861260276,-0.7638738140516907,nm
2.620347261428833,-100.53573618558998,7.933635512553565,68.06498382171654,-0.02696566541360827,0.004670218574758067,-0.04119564627585457,-0.09456415391637,-0.21007351752201478,0.04033167087846782,0.04945744963926077,0.2338801095558154,-0.7638738140516907,nm
2.632297992706299,-101.78870274229347,8.005260023224055,65.60215330406612,-0.025547556186294666,0.010704071273929182,-0.005722248223293729,-0.10791086721786357,-0.2204858744202448,0.04233654947849302,0.028284251689910892,0.2491007015331676,-0.7638738140516907,nm
2.6615562438964844,-104.37753180501772,8.107108644086658,70.85704080047279,0.0,0.0,0.0,-0.0841737980091741,-0.22195742413124755,0.04136556485929282,0.0,0.24095940810517466,-0.7813853694872127,nm
2.669005870819092,-105.5977582546267,8.160571011381657,73.53578961737153,0.0,0.0,0.0,-0.07266048981259096,-0.2218399237532007,0.042579949094172814,0.0,0.23728790659343318,-0.7813853694872127,nm
2.6754462718963623,-106.81661535455751,8.208120496895216,75.61474346946927,-0.025227092271770467,0.005322846111746038,-0.00770536896443739,-0.06558829465222077,-0.22984539355953718,0.04572094248759131,0.026909321546554572,0.24335392727030047,-0.7813853694872127,nm
2.6772208213806152,-108.10017158127631,8.250581223539905,77.7246993161223,0.0,0.0,0.0,-0.05889124633193708,-0.24143184688869335,0.04700151830917008,0.0,0.2529163069277693,-0.7813853694872127,nm
2.6892666816711426,-109.42928714751547,8.2937213482123,81.02605988224042,-0.007703438586619143,0.004668285243584351,0.02338935320544933,-0.046024652208816984,-0.247870485868439,0.047306032935827254,0.025063872337341312,0.25650712880488163,-0.7813853694872127,nm
2.697096586227417,-110.71545347706875,8.346652944852787,80.69015630098228,0.0,0.0,0.0,-0.048101632823079256,-0.24426286307698974,0.04786361666188544,0.0,0.25351339049204186,-0.7813853694872127,nm
2.711296319961548,-112.02220107993367,8.397119575851754,80.37115384341054,-0.04008459843087651,0.004388899566645832,-0.01610726979016119,-0.05118963192021805,-0.2551755267167251,0.049599767373070126,0.04342213273048401,0.2649435124224561,-0.7813853694872127,nm
2.7348079681396484,-114.83328303094574,8.474227124048348,77.61588166093856,0.0,0.0,0.0,-0.06591193420185608,-0.2590878639730864,0.05008360582459752,0.0,0.27199130850223874,-0.7962701916074064,nm
2.7435085773468018,-116.20813159335313,8.52702402516264,75.80674029467903,-0.04833320538598915,0.008538818391933168,-0.023829379775682443,-0.0758908744952524,-0.26339383726597954,0.0516160642955324,0.05456051230430603,0.2789264355250538,-0.7962701916074064,nm
2.7554163932800293,-117.71280102877408,8.562547189202457,73.94448021353763,-0.012674197618360328,0.007882935108420377,0.027032233513104204,-0.09012069796702114,-0.2821678031329904,0.05585794440134624,0.030879080295562744,0.30143078688101016,-0.7962701916074064,nm
2.7567710876464844,-119.21146251061357,8.610185577747398,71.76895219550428,-0.040543003974969745,0.014346916557563726,0.006226982885361317,-0.10196912475503417,-0.2799028393532915,0.05635446302519208,0.043455086030045914,0.30318167389240397,-0.7962701916074064,nm
2.7633919715881348,-120.76928988201344,8.665537308841145,69.98209964877061,0.0,0.0,0.0,-0.11346620510584063,-0.28326595006969607,0.059181870815503704,0.0,0.31083222484683154,-0.7962701916074064,nm
2.773113489151001,-122.36832389633497,8.71916687479528,68.20005184524236,-0.0409945837764053,0.011996596325638615,-0.026638356754625492,-0.12774637386073207,-0.293430921967956,0.0639425135538888,0.05033960938453675,0.3263579124843151,-0.7962701916074064,nm
2.81197190284729,-125.74101754115406,8.812059562710209,65.03413642587027,-0.038096910251275505,0.01786121152674445,0.0007248805724207015,-0.14910230142029104,-0.29925091031721573,0.06612115472203346,0.042082334770555715,0.34081462808436597,-0.741277613122534,nm
2.8135628700256348,-127.48455885838905,8.870262383697039,63.61669105482886,-0.0669715157958613,0.02389909471061041,-0.053507627607510024,-0.16392139113258342,-0.3099994602370609,0.07025278580822839,0.08899110555648802,0.3576385629821361,-0.741277613122534,nm
2.815284013748169,-129.42117070366888,8.890134547015979,62.15174745485835,-0.018319853137487976,0.014569925485941519,0.02764856375317473,-0.18428769677339515,-0.3306809935965335,0.07536719048999739,0.03622627258300781,0.38599493275221763,-0.741277613122534,nm
2.820673942565918,-131.29152523572225,8.932496264813377,60.720112040331024,-0.026184466864456492,0.010321980248443295,-0.02419532892078927,-0.18915359749562533,-0.31663677004007207,0.07228058108684902,0.03711581230163574,0.37584891910074597,-0.741277613122534,nm
2.8389358520507812,-135.24237457667894,9.050475993023616,57.5138540845722,-0.026545189448392424,0.011526646621158375,-0.028466324905210554,-0.2269582782892494,-0.3308622958222739,0.08279758233825368,0.040593624114990234,0.40967713936936506,-0.6945339214103926,nm
2.865109920501709,-137.28635010112134,9.092525520746175,55.782369978914325,0.0,0.0,0.0,-0.23519624056739216,-0.3200885056625932,0.08184687377908267,0.0,0.40555250434654655,-0.6945339214103926,nm
2.868147611618042,-139.27721171662662,9.143744419465598,54.37967244407251,-0.03191239297444697,-0.0034374800108335274,-0.13283311969166064,-0.23725590237929148,-0.30386921699661124,0.08012519930079728,0.13665597235832563,0.3937599672578943,-0.6945339214103926,nm
2.869673252105713,-141.39437696123844,9.210613076987373,53.05889346493109,-0.010044698099735442,-0.002932307460806871,-0.05168185642448332,-0.26051758310376183,-0.3190403244598082,0.08801101192759223,0.05273052882761978,0.4211912605434304,-0.6945339214103926,nm
2.895796298980713,-145.49558542028763,9.306361648918747,50.395303056938815,-0.011397992246345509,-0.015059498708984643,-0.11514490935614771,-0.2611328979850202,-0.2876901475002604,0.08336869140316555,0.11668355873579249,0.39737431986107613,-0.6548017834550723,nm
2.8981876373291016,-147.63627953616742,9.37258288858593,49.21088575226418,-0.005397360794042067,-0.007287093242988918,-0.05478804498443456,-0.2854789258435841,-0.30111814029986395,0.09208223919783183,0.05553344131862802,0.42502881113418867,-0.6548017834550723,nm
2.909734010696411,-149.73543915019812,9.413068956441077,48.02304633637841,0.018743841772925835,0.02083399176739795,-0.004646035664793306,-0.2922626058935641,-0.2922521675724683,0.09351846162084794,0.028407260775566105,0.423762271702464,-0.6548017834550723,nm
2.919034242630005,-151.77062981271555,9.494221899645812,46.77424467940419,-0.03973723126024591,-0.0009373640496451941,-0.16681548923660874,-0.2873993888047779,-0.27022270268646037,0.089832600735563,0.17148566601567888,0.4045844953621556,-0.6548017834550723,nm
2.9260270595550537,-153.98713367282403,9.57537824545321,45.60937978727657,-0.012831154527230833,0.03615008017315964,-0.0744496154445841,-0.324488231040789,-0.29056476650809926,0.09950738638489207,0.0837508929079207,0.44679102001387505,-0.6548017834550723,nm
2.945936441421509,-158.34830372652385,9.82405566972653,43.35726158694455,-0.031149206350523755,-0.0029846490915994323,-0.14262495382766716,-0.3300686977248947,-0.2561275166367205,0.0926391291336444,0.1460173230846658,0.42793534353093754,-0.6210294661930501,nm
2.966481924057007,-160.6658463619793,10.003946067455692,42.28685071272201,-0.03470999085518044,0.013583647019564063,-0.09375554746415349,-0.367047200749048,-0.27657015306250177,0.10155194008129387,0.10089302062988281,0.4706670730750158,-0.6210294661930501,nm
2.9686226844787598,-162.97213731746984,10.189020954401553,41.16389979277168,-0.047198650427017326,0.04697284468737606,-0.025673463228439226,-0.3766370601291762,-0.27061263274173014,0.10281133545020259,0.07136727159068194,0.4750335175113576,-0.6210294661930501,nm
2.9717471599578857,-165.30003031972404,10.35846624048925,40.0215407465966,-0.042416675665659376,-0.01600032159866386,-0.2340027492491607,-0.3734601258099777,-0.25599711836150757,0.10141453571667357,0.23835366857246396,0.46399557997251284,-0.6210294661930501,nm
2.9965932369232178,-170.3648841328312,10.7203550020744,37.90473257302114,-0.044983083350183424,0.042793423324795764,-0.04861081894468295,-0.42602176670986597,-0.27288975958958855,0.11935135377075001,0.07885281596758273,0.5198154597993115,-0.5923229965203313,nm
3.0153615474700928,-172.96144117259885,10.917845838499304,36.88013064329316,-0.030521359329612155,-0.03174110137408383,-0.22532224052192704,-0.43272004560012484,-0.2610895957770476,0.1204742181200272,0.22958476205007228,0.5195463907283239,-0.5923229965203313,nm
3.0173306465148926,-175.81617488403498,11.137182916594718,35.75266622937798,-0.025999174248452713,0.04265154105835888,-0.12306838018981336,-0.48150632261602394,-0.278120678704208,0.13417064710804233,0.1328191899493395,0.572015046294664,-0.5923229965203313,nm
3.019697666168213,-178.64637743006116,11.370098350535168,34.60539074438926,-0.050452430155706836,0.033440649237020226,-0.11206236284257265,-0.4843886799323062,-0.2630989798585946,0.13161468181869757,0.12736442947648416,0.5667238224386129,-0.5923229965203313,nm
3.0279617309570312,178.47043309053316,11.624876463738577,34.683858408037416,-0.03574877940108413,-0.03245194129914966,-0.23265789139938164,-0.49488468941166247,-0.26567904104365103,0.13405353375011064,0.23761481046676636,0.5774656341072113,-0.5923229965203313,nm
3.0387179851531982,175.3758267762697,11.891347220716925,34.77482173095719,-0.04251437715558967,0.014420572172524638,-0.12677883165895937,-0.5296745032311297,-0.28766183840068094,0.14708804381195212,0.134492740783737,0.620434771170693,-0.5923229965203313,nm
3.069998025894165,169.01929089752406,12.430770489130683,34.98093213705801,-0.05834330938325199,-0.048932191636764606,-0.215350837598739,-0.5552353713143834,-0.3067072040705924,0.1625497002715488,0.22841690914344623,0.6548114473997775,-0.5679224972985202,nm
3.0827829837799072,165.633336107316,12.709831131378664,35.10049082068229,-0.052981477385050844,-0.004256380077100351,-0.20304151106175689,-0.575289334980546,-0.3199143212071516,0.1719474337469715,0.20988332218522018,0.6803447007421757,-0.5679224972985202,nm
3.090019941329956,158.47048619874545,13.301784498728283,35.324668146586866,-0.05122991400188277,-0.027217134286457313,-0.24335674478925168,-0.6209000296426925,-0.34956124671379263,0.1878199345410496,0.25017550184186366,0.7368760003049372,-0.5679224972985202,nm
3.094639778137207,154.6770939485916,13.628298303025456,35.41863141270681,-0.013238499438811032,-0.1133906502611773,-0.3155463924737303,-0.6422114623419998,-0.3602305479398778,0.19366979511680596,0.3355625474292825,0.761386629494569,-0.5679224972985202,nm
3.106931686401367,150.63784784780154,13.984336420433301,35.509126812350274,-0.014850025422913457,-0.10418029225453537,-0.2915204848594416,-0.6832700785961247,-0.3837473232766871,0.20821178435380383,0.30993265339745263,0.8108465672188367,-0.5679224972985202,nm
3.1506640911102295,141.84602859126855,14.794632636784524,35.69129499947212,-0.009496678160672433,-0.1418202477899818,-0.34248227420071964,-0.7651411610617401,-0.4294707561020572,0.24212568912750984,0.37080625361635444,0.9102257829974121,-0.44918310245676746,nm
3.1540019512176514,137.11087517664558,15.258794548087506,35.77264116491198,-0.013901910348229737,-0.142197085105295,-0.3460583903823433,-0.8001461509397333,-0.44648197645506577,0.25623626395462695,0.3743924193647503,0.9514394574161392,-0.44918310245676746,nm
3.177713632583618,132.2077873017044,15.754397827577955,35.84059697906671,0.06895548788767007,-0.26940353419318647,-0.3610116817613153,-0.8278511057494884,-0.46067624886918085,0.2691902935627777,0.45570007451583683,0.9848976970788613,-0.44918310245676746,nm
3.179622173309326,127.06719079818679,16.277148377489,35.89692056126954,0.08495465232140675,-0.25655249180952483,-0.27947982578976094,-0.8656325469339388,-0.48319081133782366,0.2873609514229288,0.38877428802352987,1.032167323099958,-0.44918310245676746,nm
3.1815154552459717,121.77979092647686,16.826063663653073,35.91951509101657,0.14416413995111943,-0.29885124126221957,-0.19367604762097845,-0.8889344868085537,-0.4952119755916588,0.2972328786881259,0.3841949701309204,1.0600881127435637,-0.44918310245676746,nm
3.183123826980591,116.30222016973511,17.404676824049396,35.887391760198696,0.17148527357995133,-0.2964786066891617,-0.11121191198555229,-0.9193670625432477,-0.5107248903192212,0.3065018970914985,0.36010394700227827,1.0954538430265641,-0.44918310245676746,nm
3.1855509281158447,110.65085961931148,18.006296905122063,33.182250926277405,0.13516474855924326,-0.2791692803265648,-0.03768921763796207,-0.9694954608856365,-0.48062588709558357,0.3156711038040354,0.312450753651351,1.1271960511823698,-0.44918310245676746,nm
3.2037758827209473,99.29427891682346,19.21977828524616,27.288294258134986,0.10228136384993612,-0.26727192840262637,0.1335279872554229,-1.0131228336508742,-0.3795673278630374,0.3231095730226826,0.31579342058305465,1.1291098390434668,-0.3482546168412777,nm
3.2240989208221436,93.53548014380826,19.846752324464912,24.069048940346274,0.08338530406941914,-0.24641789608330525,0.1936085729723703,-1.0429124929196745,-0.32423723954758105,0.33265909634693164,0.32428254342975316,1.141690995751356,-0.3482546168412777,nm
3.22554087638855,87.7290142079785,20.497707768478126,23.84101393578801,0.06402309470980554,-0.20578624613676139,0.23209510983169704,-1.050105336198994,-0.31903599294651336,0.3418787430881564,0.3167255527472767,1.1495156618700364,-0.3482546168412777,nm
3.2373828887939453,81.89533492143472,21.174105516942912,23.57121982192417,0.046229101193411073,-0.14403468150058618,0.24600915571311557,-1.0536749413469346,-0.31121318981704255,0.347681962077603,0.2887968558810949,1.152374625845561,-0.3482546168412777,nm
3.239959239959717,76.10997084403107,21.86348486823016,23.257800289285615,0.0619367173366643,-0.11449017680668627,0.281065184089648,-1.0431745031631352,-0.2991485154888277,0.3481175338190617,0.3097447259389833,1.1396879817393395,-0.3482546168412777,nm
3.263563632965088,64.55945787852674,23.22740593713799,22.49400284134087,0.09127837046404365,-0.04642621599943287,0.37126575445438575,-1.0334529091449707,-0.2871808947388282,0.3534861114185603,0.38513036088729935,1.1293583189975676,-0.2624654040681113,nm
3.2713966369628906,58.77847039568862,23.857676628080462,22.02472631831702,0.056152597495971554,0.03527388821699398,0.35695984486344323,-1.0283497661660812,-0.28651289302453525,0.35430396265895797,0.3630670630068542,1.1247773901528084,-0.2624654040681113,nm
3.2854936122894287,53.03752361201622,24.435089814286705,21.50958820492685,0.05529418276733119,0.06773484671827752,0.39634867954611896,-1.015077652719684,-0.28413037290850257,0.35321953740918316,0.4058789621128541,1.1116999376934342,-0.2624654040681113,nm
3.2868967056274414,47.38697105377197,24.959585130364655,20.972897667435266,-0.002516742477508972,0.14340125005759174,0.34590460880928386,-0.9937888433688674,-0.278171414079417,0.3517272825862669,0.37445994566346047,1.0902787176364093,-0.2624654040681113,nm
3.2953217029571533,41.92676907150928,25.4271135446955,20.421019163561954,-0.0023724387079936894,0.18179821539265978,0.4162825810591494,-0.9557772757876991,-0.2667513948868748,0.3417475733413161,0.45425478189959256,1.0495036500512644,-0.2624654040681113,nm
3.318666696548462,31.502332929289196,26.263370472013246,19.28423879186939,-0.08737565651768742,0.30775589704649575,0.3427374747350919,-0.8877268376587999,-0.23753846218919997,0.32156505633944293,0.4688466424179424,0.9735951647258179,0.2,nm
3.32647967338562,26.641627741289568,26.6366234692215,18.692214015653466,-0.1355643036036815,0.3365471664091579,0.24594901084202908,-0.8442861856415791,-0.22012561972028644,0.3034212425810306,0.4383293186221486,0.9237634449207566,0.2,nm
3.3389971256256104,22.248516077806343,26.967952542143646,18.10112651829526,-0.17642905173411683,0.3712219556507421,0.12310493512588151,-0.7615868914547245,-0.1927449724038575,0.267301892181912,0.4290545136754871,0.8298286083202149,0.2,nm
3.348879814147949,18.45114440245293,27.256469394678636,17.52853726374154,-0.176727738373046,0.4734200841784165,0.1354269839053829,-0.6573540650572629,-0.16049059687917996,0.2213984884000259,0.523163203583413,0.711961297543455,0.2,nm
3.3547134399414062,15.206707160095942,27.49439607611135,16.97704601231785,-0.2511819526340022,0.5204002795486188,-0.028746287874375095,-0.5601328703421764,-0.13444651902351848,0.17828312460931034,0.5785630245270321,0.6030004738271485,0.2,nm
3.3623476028442383,12.80345443638933,27.65646993582965,16.477163870975215,-0.29229853920430054,0.6002657102626038,-0.11678588609881234,-0.41272200829892985,-0.10082414841867184,0.11300703432863192,0.6777878002221056,0.4396311577293003,0.2,nm
3.4074859619140625,10.187313535063744,27.813651576602112,15.674838685526069,-0.2726024944188254,0.6037990362403951,-0.18829025748629535,-0.17198543015119844,-0.047858340370798176,0.0125289352843081,0.68872245294636,0.1789591661432806,0.2035510202469747,nm
3.4094700813293457,9.934296625775902,27.835521036113665,15.40708093005458,-0.22233249467146976,0.47687747890763116,-0.1659894938711378,-0.03905510376006981,-0.01729582874403089,-0.03920520865620131,0.5517212884706678,0.05797840293962008,0.2035510202469747,nm
3.4208648204803467,10.314765911046619,27.82811602395922,15.236544612562652,-0.12955644724498608,0.3509081560422716,-0.06210294914635248,0.07059426409727787,0.006884374929153898,-0.07902100784482566,0.37918093740641096,0.10618504801719202,0.2035510202469747,nm
3.42219877243042,11.3628537377022,27.86421654222819,15.249162144584794,-0.09558514840444984,0.1660933408872858,-0.09180397312169636,0.14393423059528776,0.018816150464095988,-0.10510508458511275,0.21248879491288472,0.1792154822022603,0.2035510202469747,nm
3.4239377975463867,12.534290040252326,27.765988908592462,15.182457952550491,-0.012259429442254994,0.07511598833348047,0.014892954715788161,0.2103387871332618,0.02620503499965837,-0.13247285694524377,0.07755324244499208,0.2499563303044353,0.2035510202469747,nm
3.4312381744384766,13.745247261538747,27.651240783140512,14.437911546301168,0.01862076270804122,-0.004420568012185081,0.03231464926224184,0.21834756053345236,0.022230347303736363,-0.13903661648261864,0.03755676746368409,0.2598095961566646,0.2035510202469747,nm
3.437329053878784,14.886204699880443,27.530012848389116,13.662617081335002,0.014676686574325328,-0.12573190411752017,-0.029616346771160623,0.20697423256004216,0.015354518082812072,-0.1433303459240163,0.13000401854515076,0.25222545912748773,0.2035510202469747,nm
3.471250057220459,16.740326142679066,27.219830365404093,11.905426314832397,0.04347278210110633,-0.16157094878443012,0.017897854667480995,0.15044066569346706,-0.011468246133787321,-0.14746337119133796,0.1682717667239798,0.21097241622257865,0.20656938745690318,nm
3.477766752243042,17.286858226036628,27.034873932981007,10.868106556970213,0.0522984533090466,-0.16231867083751744,-0.018488307907463235,0.1065941316643741,-0.02668861321221427,-0.13799347825929664,0.17153511783380693,0.17639952103838624,0.20656938745690318,nm
3.47963547706604,17.61711535070886,26.80848982406455,9.841658936953905,0.05034720543489097,-0.13358931871685717,-0.016683630398767236,0.06971264857979201,-0.043392730728455266,-0.1251200954889878,0.1437334014542891,0.1496590149214381,0.20656938745690318,nm
3.4891183376312256,17.768394583022385,26.53805022125898,8.83364472975885,0.01790558498168514,-0.09842626586767331,0.005162594856494218,0.038856913705836424,-0.05831377769352937,-0.10863428826690397,0.10017480806990628,0.1292739919662496,0.20656938745690318,nm
3.4956796169281006,17.693089892467093,26.227271883250012,7.878735276706548,0.013970462378244883,-0.04702427109416726,0.015005803445270768,0.009166809452564083,-0.06928065286529489,-0.08887580952695555,0.05129941547462105,0.11306081892527045,0.20656938745690318,nm
3.515228271484375,17.490775498241746,25.581644212008765,6.096818420464096,-0.008411035864431154,0.043649182898800355,0.07527494173871771,-0.011754760239536331,-0.08265633687141663,-0.07206561913692176,0.08742032684572289,0.11028915574469665,0.20913499958534237,nm
3.5287325382232666,17.33870390534408,25.233057327701793,5.176214224268418,-0.03184501081690024,0.06305823385803234,0.034932006024052865,-0.03015096210822467,-0.08677036434054536,-0.06782737653836142,0.07880793498174696,0.11418725695943154,0.20913499958534237,nm
3.537015676498413,17.220530075024737,24.879631568418212,4.295977832888746,-0.034242696463944185,0.06686551588231218,0.03716957886523236,-0.027051175361211138,-0.08906099500286557,-0.07508639404707408,0.08381609074842543,0.11958926996313643,0.20913499958534237,nm
3.543030023574829,17.128134055595783,24.469644312455294,3.4479892850977523,0.0025240394585451034,0.06814494545782568,0.08291967602161436,-0.02236496376297889,-0.0918941149417022,-0.08210710828767359,0.10735817173446936,0.12524494878597656,0.20913499958534237,nm
3.5541460514068604,16.961023778404734,24.077995936174542,2.6065185642188373,-0.015323923920342776,0.010403802130216935,-0.033198122571144205,-0.029238013347320176,-0.0937171892710853,-0.079798073848898,0.03801548480987549,0.1265128672482158,0.20913499958534237,nm
3.575284957885742,16.965766062656424,23.10418669657902,1.0246054851333248,0.03721419571399187,0.01993633200311658,0.022430130333163528,0.0030224336224647192,-0.10612128858491529,-0.0788507191044313,0.04780653138578958,0.13224333215406742,0.2113157698945157,nm
3.5836615562438965,16.86370218679555,22.56592492204024,0.35479360893561196,0.017610245303831967,-0.026530938330158016,-0.051513946862246744,-0.00864833045762256,-0.11348728969472735,-0.06485849759733038,0.06056152367358474,0.13099917271701422,0.2113157698945157,nm
3.5962727069854736,16.82355028752143,21.985354683180574,-0.2174094069775029,0.022717415407036062,-0.04495277912304246,-0.023870418211891547,0.00512123776065084,-0.12148952437585013,-0.06197619047883102,0.05573715259386225,0.13648069385645628,0.2113157698945157,nm
3.599130153656006,16.78518877188605,21.347833275613773,-0.7561317269228364,0.030162919731542306,-0.025671933834786064,0.07803353027214684,0.001346548219698734,-0.1304968438756811,-0.05839329522096468,0.08751046657562257,0.1429720825209754,0.2113157698945157,nm
3.6103334426879883,16.53208675259404,20.71525527292923,-1.3652908195259466,-0.008615756342469673,-0.06671133628735892,-0.0185730124746346,-0.03158491733190039,-0.13700700982146496,-0.0503815801241159,0.06978245079517365,0.14935471656055824,0.2113157698945157,nm
3.620236396789551,16.285981383583803,20.0874271673457,-2.003356322060442,-0.00885568854265786,-0.06521235635920192,-0.01796716837140509,-0.032716240788165346,-0.1397558986941498,-0.05432457126621721,0.06821945309638977,0.1534705922135475,0.2113157698945157,nm
3.632991075515747,16.042991624053506,19.425908781690204,-2.5944844137863217,0.02130689870852227,-0.020178122302918874,0.06294507164963314,-0.04044572819285204,-0.1411327762755773,-0.05639440982269635,0.06944942474365234,0.15727252438856718,0.2113157698945157,nm
3.6384804248809814,15.640248689234184,18.760110292503494,-3.2326642604209455,0.002519680070535045,-0.048735944954563654,0.015498037933375562,-0.0696690692565312,-0.1413047791847406,-0.050010071221455586,0.05120283486347663,0.16529315489485552,0.2113157698945157,nm
3.6526215076446533,15.277018195520903,18.070957146125163,-3.850045879809351,0.007512020771090173,-0.007568656666661492,0.024528126130445912,-0.06880436259086564,-0.143438554459339,-0.046869058711493564,0.02674591541290283,0.165847423499497,0.2113157698945157,nm
3.6629416942596436,14.980170777449123,17.325840629648113,-4.3925071575529815,0.03009392127674421,0.012423875406945447,0.09313369600953203,-0.06684077134780365,-0.14737798676163227,-0.03965679371689378,0.09866043842561265,0.16661518833583416,0.2113157698945157,nm
3.6684885025024414,14.635263185657871,16.569831753939017,-4.913398663405673,0.004238249558759305,0.026247610113792477,0.006636323006640253,-0.08009276074359849,-0.15115344949689616,-0.026600178451125604,0.027403295040130615,0.1731178359152337,0.2113157698945157,nm
3.6778857707977295,14.463156969431028,15.774469141355356,-5.334693079928639,0.008068203006042716,0.049024590991604604,0.012302261092631476,-0.05526388350364445,-0.16105181782562866,-0.023176820818212453,0.05118449032306672,0.171839896031403,0.2113157698945157,nm
3.684417724609375,14.489793015571134,14.92991414560452,-5.6094826942375295,0.0290211472779066,0.1092098655114646,0.06828407572764335,-0.030468855492242465,-0.17114475204690466,-0.021506461667711255,0.13202930247614225,0.17516108358213694,0.2113157698945157,nm
3.705935001373291,14.67101316643318,13.207536446097238,-6.004706668719796,0.01414905587827146,0.08521019645835155,0.021976417795903404,-0.002198549568158077,-0.18321232502512783,-0.020367337941042275,0.08912876248359682,0.18435405641352554,0.27742037324663915,nm
3.7268171310424805,14.902489823009327,12.335524853798542,-6.159372751229121,0.0177811691152488,0.06641764237174212,0.04825337831938434,0.015638713874791852,-0.18704974789441114,-0.021723474235086897,0.08399917685643915,0.18895525103013902,0.27742037324663915,nm
3.737083673477173,15.168092877233887,11.44919493377828,-6.3522457414700515,-0.004534457397103854,0.041435550715883285,-0.044887748884669024,0.026429468160842542,-0.19149978664421133,-0.020742236666780864,0.06125664181905331,0.1944246009485019,0.27742037324663915,nm
3.7465991973876953,15.526247796694072,10.53063313047437,-6.484365574144963,0.004925218396463318,0.029779782211329913,0.008233900931120686,0.047215469315959144,-0.19664990633765625,-0.01817344561317118,0.03128722310066223,0.20305358980030405,0.27742037324663915,nm
3.7479965686798096,15.800367532742742,9.60624015062444,-6.562822827275073,0.008392129167713022,-0.018879532201714108,0.06200866139094517,0.04248976580394093,-0.19648563450387352,-0.009120003584314489,0.06536006927490234,0.20123409062542416,0.27742037324663915,nm
3.7551109790802,16.079969787428105,8.696554756552167,-6.622235194963816,0.01215509962387431,-0.07369993912258645,0.13450103740352037,0.03788199542959313,-0.1976663383277614,0.0002801310890259286,0.1538504356060211,0.2012637706072799,0.27742037324663915,nm
3.7646305561065674,16.30881726614507,7.77753112681215,-6.594682214154161,0.00843763122697306,-0.09847388395632797,0.14416848442209299,0.02798301785707037,-0.19834918006119073,0.009971202559306938,0.17479373942658818,0.20056139060101902,0.27742037324663915,nm
3.7710020542144775,16.43334751708159,6.830514072470967,-6.549308880544296,0.0038272566287987373,-0.068446114475141,0.09691799085721804,0.02128752858258546,-0.19806669891653014,0.01900941464188778,0.11871232215674407,0.20011230331459634,0.27742037324663915,nm
3.780236005783081,16.526485461928242,5.889467167454777,-6.460615688846681,0.003460875948989088,-0.015463217505919802,0.05020468693570869,0.008877597235788234,-0.19535433027911223,0.02723541655089228,0.052645981311798096,0.19744339443542283,0.27742037324663915,nm
3.7923009395599365,16.529378785826424,4.963711183905126,-6.37598648962418,-0.004883301471228136,-0.03543319830565577,-0.010571657493964081,-0.007834712007949314,-0.1920025367904529,0.034210583121416116,0.03729769587516785,0.19518381296543022,0.27742037324663915,nm
3.8001151084899902,16.54054126709361,4.035146430190006,-6.292798005785159,0.001277326358274214,-0.010347360487541821,0.03407551405015606,-0.007371404243405796,-0.19295292883508397,0.03879585369351168,0.03563481569290161,0.19695250343766907,0.27742037324663915,nm
3.818739652633667,16.560565065782708,3.123548096094883,-6.214424106164889,0.0026553308851838316,-0.03642582061648171,0.12062994998450775,-0.011153407740802378,-0.1921788659794799,0.043554896721345875,0.12603759765625,0.19736804214917517,0.27742037324663915,nm
3.8329479694366455,16.523259353003,1.3377329353158582,-6.058589220729557,0.003943125718885262,0.0013962654912204153,0.16160148186500212,-0.019556114587224966,-0.18572265413834987,0.058011634920283855,0.161655611528711,0.195552283709667,0.3336092860959441,nm
3.855764389038086,16.546117655867477,0.46479604071507896,-5.87366247139415,0.0064941742296943,0.05773218540814851,0.06804891534565852,-0.020199922713034123,-0.18093153604312612,0.06823848134162888,0.08947532850259372,0.19442414445831938,0.3336092860959441,nm
3.8647549152374268,16.605460458148773,-0.4083099610160423,-5.593180142108862,0.006474814063035853,0.06258689736074657,-0.04826941711293895,-0.014278614215339961,-0.1783308572514938,0.07862043936472243,0.07930308674205815,0.1954148074171074,0.3336092860959441,nm
3.871244430541992,16.821738349442573,-2.079273833328463,-4.986124293538018,-0.0037789255860848888,0.033741921072379145,0.18446719436250159,0.00954084273942463,-0.17723449397225735,0.09607110381466259,0.1875658372737764,0.20182356285119,0.3336092860959441,nm
3.8773605823516846,16.92652196896897,-2.8808680618047307,-4.708341704533533,-0.005720588912899068,0.00726565483869973,0.12514495619892155,0.013129707831763914,-0.17191901552577335,0.10105956302924596,0.12548615437479743,0.19985387763753976,0.3336092860959441,nm
3.888035774230957,17.176959624222665,-3.684612225226334,-4.39785781005374,0.02767984921205596,0.03134616449311849,0.05894927701850619,0.03652044985450397,-0.16884524704019466,0.10631276804080075,0.07227567600400829,0.20284197138200172,0.3336092860959441,nm
3.908991575241089,17.687559274007796,-5.224693876531551,-3.791436299207055,0.0027928463718177006,0.007788105166861601,-0.024843666496077697,0.042256354688744405,-0.16342189941695212,0.11276244001283335,0.026185154914855957,0.20299676006841397,0.21254928889233915,nm
3.9229235649108887,17.978947068070163,-5.960685513084317,-3.5003049433095574,-0.018250725635650222,-0.04694318374447417,0.14702171391556307,0.054990787481397074,-0.16083894005150617,0.12052689628335858,0.155409574508667,0.20837438439600883,0.21254928889233915,nm
3.9300997257232666,18.190180032825424,-6.6332102585076465,-3.158097353289188,-0.0205268323699048,-0.04949118374897567,0.1527983090731082,0.04076060802989485,-0.1468393601783725,0.12832463742462819,0.16191989183425903,0.1992245904368304,0.21254928889233915,nm
3.9321300983428955,18.30391219270017,-7.213934906363361,-2.6965919076215523,-0.011297876314445338,-0.026003041148011812,0.07949344247228307,0.030884918772038812,-0.13055351889689149,0.13849813621162324,0.08439791202545166,0.1928207282374221,0.21254928889233915,nm
3.960282564163208,18.208297994340974,-8.320477204729913,-1.647490452536187,-0.0038903425333758177,-0.07534085093285016,0.01177901520195519,-0.008481660644470448,-0.11723997052943563,0.14632525595127552,0.07635524725544954,0.18769184794827182,-0.2,nm
3.961756706237793,17.945649167513274,-8.82094756425996,-1.1587395293789444,-0.011692693524710081,-0.12655466936597104,0.05884074656968644,-0.020670667417962533,-0.10964292516812328,0.14842694157252323,0.1400536928362516,0.18568630675281342,-0.2,nm
3.9749696254730225,17.673345464937928,-9.267867164277686,-0.694725116793623,-0.04557053411205319,-0.15008498441202034,0.26809220649606896,-0.047831219991494284,-0.09807275032283144,0.14600208957706654,0.3106052274337074,0.18227095249279002,-0.2,nm
3.989145040512085,15.921760200703508,-9.947516479381239,0.40402365726994705,0.04270779301147633,-0.2783731792120242,0.010468373436248271,-0.19867060787785162,-0.07130313196337099,0.12065071943958537,0.2818247138398646,0.24312701035391054,-0.24101860428921332,nm
4.006863355636597,14.608659603871432,-10.224604174369343,0.925732627354332,0.0376559308999489,-0.300116376473864,0.03445511555891504,-0.2503611923467153,-0.06760976650327603,0.11493672079445298,0.30442562892752967,0.2836586979926379,-0.24101860428921332,nm
4.014924764633179,12.91815431006978,-10.49318235765118,1.4646649227209907,0.03521399279802959,-0.3492927123711178,0.0851875617851265,-0.3238847223263549,-0.06977950313137911,0.10441209324002428,0.36125108288729996,0.3473792993666227,-0.24101860428921332,nm
4.022217750549316,10.91221289270713,-10.70862326704294,2.0787296887844504,0.0008996633221920126,-0.33282017479415965,0.26565854270390155,-0.3852801454234101,-0.06452783512372003,0.09883727624361127,0.4258456756334024,0.4029558774090458,-0.24101860428921332,nm
4.03175163269043,8.504185076454098,-10.82636560293976,2.733767940683239,-0.030122954040757512,-0.23258716863775447,0.412846373553868,-0.4641899618182124,-0.052699184851277496,0.0891697736847033,0.4748118696195881,0.47560569096233896,-0.24101860428921332,nm
4.039730072021484,5.500161360607008,-10.84774252819983,3.378872403474549,0.048972015966304946,-0.21570272169662558,0.22550216746490678,-0.5815963082429054,-0.04495427968817278,0.06681986917714255,0.31587521274469577,0.5871456786359834,-0.24101860428921332,nm
4.045634508132935,2.2720385771407727,-10.812309849264905,3.9617810089205587,0.10275662394977515,-0.19898774268575498,0.094563227779286,-0.6259137413286721,-0.04250642494634748,0.060490543164679306,0.24309925864297666,0.6302649550452042,-0.24101860428921332,nm
4.082042932510376,-4.605512752769618,-10.686206976710968,5.20232511455513,0.07531390559276577,0.027430248805127302,0.27345119700480996,-0.6962667533551145,-0.055382442027093054,0.04329234352359023,0.2849564178405368,0.6998062829957449,-0.27588441793504465,nm
4.0840911865234375,-8.201975446256327,-10.576330659004414,5.790547423976398,0.0792672663776665,0.08920962784912718,0.20557070067472472,-0.6985284174002733,-0.0555888144809415,0.039914661504590436,0.23769932729367363,0.7018726710836894,-0.27588441793504465,nm
4.092047691345215,-11.701206971564048,-10.441733186279048,6.33743009680258,0.055697527280793864,0.20611714735689893,0.16595437114264816,-0.6798234443165472,-0.05570557654727962,0.04175956157746024,0.27042068390027446,0.6833790219812282,-0.27588441793504465,nm
4.098387241363525,-15.22256591483683,-10.304566218187173,6.957037923598574,0.06279491583842026,0.1839983070052916,0.01845508790842665,-0.6839795196553177,-0.0633765490528406,0.03833731054220122,0.19529252086466492,0.687978429645418,-0.27588441793504465,nm
4.107476234436035,-18.615092007136468,-10.1520712256797,7.546003482069382,0.040492805709198484,0.1525454608898359,-0.039152354794756636,-0.6589089383237253,-0.06442717945966452,0.042723936793778686,0.16261209007410812,0.6634283572709154,-0.27588441793504465,nm
4.113783359527588,-21.797189955885493,-9.960731105868028,8.051822046429619,-0.0038192171832326194,0.18309743205785708,0.026370304947354987,-0.6186901151938914,-0.05717473900907419,0.0507192829406136,0.18502607661919115,0.6233930181525907,-0.27588441793504465,nm
4.123242139816284,-24.795107490245027,-9.702039772780617,8.584813111024188,-0.018876848122148883,0.14541579412357852,-0.01778874494432142,-0.5846068537871133,-0.04459152920689108,0.056083391039579794,0.14771096107707027,0.5889812600774109,-0.27588441793504465,nm
4.154151201248169,-29.878403426852252,-9.078811116260061,9.438990025867927,0.021086054877737258,0.12455544116422755,-0.06288694758203706,-0.5039752210016248,-0.015121641190166749,0.06934474703000573,0.14111501624599762,0.508948309120461,-0.30552035953400125,nm
4.16314435005188,-32.26883979865976,-8.741940053824136,10.153930407085394,0.047776759540136875,0.07147444509311723,-0.07794742809117555,-0.48638136162398626,-0.013796905178531316,0.07168590328352949,0.11604747562766747,0.49182929178454166,-0.30552035953400125,nm
4.1713104248046875,-36.57939833188825,-7.9920033399088215,11.525607236232164,0.04983968131117766,0.04336274856431703,-0.01630485968974786,-0.41663782655981124,-0.0018470173150570864,0.0796340114319606,0.06804535432896426,0.42418399989885414,-0.30552035953400125,nm
4.206379175186157,-40.42531832040044,-7.184712532953235,12.82386098718275,0.047384905685246496,-0.0458517191320233,-0.06080318994494561,-0.36769228365709455,-0.00046848479161381895,0.08374337081553353,0.08969245978142641,0.3771084553474202,0.2,nm
4.213720321655273,-42.256188623489464,-6.742637208193088,13.440119766604258,0.017629260884655714,-0.04640046347094903,-0.05380847388780937,-0.3552580191591257,-0.0018770708737031628,0.0837057753037282,0.07320618629455566,0.36499101412381213,0.2,nm
4.215022325515747,-44.002369541651134,-6.2630175051377694,14.027745092763652,0.011992134797074594,-0.032121365986525825,-0.03506730552961232,-0.3417434560326425,0.0008631066364488584,0.08320843379839094,0.049043953418731696,0.3517285574834403,0.2,nm
4.217295408248901,-45.65676364098773,-5.745417120160092,14.59273504811051,0.02333324540761509,-0.06348377374021141,-0.06545831402141929,-0.3175331899856353,0.012142121203940029,0.08385558098950839,0.09412449598312378,0.32864344860786854,0.2,nm
4.2270121574401855,-47.027104818657584,-5.181238828079701,15.128624317460805,0.005119666756759288,0.004615576569886254,-0.06778827052694887,-0.28476316547316555,0.029212491607369096,0.08684247687864309,0.06813783204510952,0.2991405119114189,0.2,nm
4.253127574920654,-49.212449782342155,-3.9243791436973834,16.196152132431454,0.07052095194574624,-0.09020293289767937,-0.23021395074171572,-0.20074119185567474,0.0660647965973056,0.1003254531106663,0.25711522102510115,0.23393755576850137,0.257405336374973,nm
4.272059202194214,-49.65875967880109,-3.2597008267462186,16.345244052014085,-0.000973703531778619,0.06579559049491643,-0.3087079400622274,-0.113354726419852,0.0940531560283957,0.10955456190330404,0.3156431530773419,0.1835687669361161,0.257405336374973,nm
4.273383378982544,-49.76686631486316,-2.6195820221240167,16.49325745597702,0.0074442250976105165,0.043728929661566836,-0.42736010701370847,-0.04729165022896839,0.10793736399128666,0.11145635891599535,0.4296560215374835,0.16220201808108853,0.257405336374973,nm
4.274844408035278,-49.39611694658518,-2.0194233395122945,16.635789937012593,-0.02765338390445477,0.044629603277951055,-0.5072545853951193,0.046661537899751186,0.1271292211155518,0.11203716967689521,0.5099644355584895,0.1757596807286193,0.257405336374973,nm
4.301198244094849,-47.18399992101126,-0.9093804420237177,16.808707212847448,-0.08891175791891305,0.06478653291436275,-0.49273955677406833,0.2355177402346707,0.17272914259118438,0.10192899627658406,0.504871138364237,0.30934363246636165,0.3061998722937,nm
4.315385341644287,-45.25280385249335,-0.32977537232211285,16.881870722846195,-0.10619172906693584,0.08337801093612807,-0.43983748778460485,0.3468600542425237,0.21271475611510968,0.09611766538056729,0.460093025040114,0.41808859144498045,0.3061998722937,nm
4.3168275356292725,-42.817339434750096,0.3013096406248803,16.98018889323487,-0.1286160269821956,0.1590821984163873,-0.3379843263382391,0.44034783062179067,0.2521198948932403,0.09238273239836463,0.3950729465554292,0.515756941378091,0.3061998722937,nm
4.322609901428223,-40.01522619979041,0.9865296879180091,17.070119089948754,-0.08495750665520545,0.07238164503985695,-0.2736579574075303,0.5072178568539413,0.2841552994158553,0.0910570598003873,0.2955428194495796,0.5884773374031586,0.3061998722937,nm
4.352664232254028,-33.30176339444236,2.45090398498355,17.37717273791497,-0.10243482016971288,0.09472345822263145,-0.009956276540124601,0.6313738031841665,0.3348552896475323,0.08865575286119198,0.13987334758058614,0.7201533078918377,0.34767522782461796,nm
4.360653877258301,-29.625326597475283,3.150092461310314,17.53477838763025,-0.0821782791071858,-0.02596556331416536,0.004743067566796865,0.6709007384821419,0.3416979815542596,0.07978915146649015,0.08631324768066406,0.7571206113862448,0.34767522782461796,nm
4.361975193023682,-25.740170840292322,3.80173993174258,17.66498653936917,-0.12759027780645307,0.04662155190610342,0.17996272629583698,0.7122224220924898,0.34654247903707147,0.06237426868020873,0.2254760096965788,0.7945080350140221,0.34767522782461796,nm
4.369830369949341,-21.94238081072396,4.40343611207084,17.76930368311466,-0.09335768977157079,-0.09467026031159397,0.1809057600582866,0.6971311130016499,0.3333257744160598,0.03892422172572162,0.22451060208644086,0.7737008179147403,0.34767522782461796,nm
4.393649339675903,-14.512192829763752,5.550669793112208,17.854044219602912,-0.0662201087570077,-0.1164536465976309,0.29955491209682567,0.665863598009345,0.3199249887196937,-0.0047248232049315365,0.3281458516742407,0.7387480311415826,0.2171239655576053,nm
4.402559041976929,-11.094519177443736,6.145065859344967,17.86087319320283,-0.015013055682266217,-0.20374312871458777,0.21275643373916547,0.6221153927179839,0.31064466016960124,-0.013852480395541024,0.2949609371369975,0.6954995024884254,0.2171239655576053,nm
4.4106361865997314,-7.777679503866217,6.756462894948092,17.860219205626343,-0.0041843727670435975,-0.15720687145247533,0.23082260643827449,0.6011451959501282,0.3075292655139695,-0.013835525010003118,0.2793037505123897,0.6753822750959503,0.2171239655576053,nm
4.418142318725586,-4.668422462226895,7.3690116556612155,17.91271100155938,0.0073067960654298715,-0.17303905148466595,0.05551779237759101,0.5606484644555184,0.29539645269244874,-0.006928096240650151,0.18187393402556604,0.6337458192975576,0.2171239655576053,nm
4.443440198898315,0.7945982379887153,8.54927300699592,18.134699349589994,0.01969169072388583,-0.15698567286515025,0.25839442671089313,0.45144580584381955,0.25609136215269884,0.0017675175806632932,0.30298505561123024,0.5190271914857625,-0.2,nm
4.45662522315979,3.174777219888343,9.064099307190471,18.16135027368569,0.001279439674981416,-0.23093944875631703,0.0353318227162921,0.42506401251993964,0.23443304910898835,-0.006566237473458428,0.2336300572576418,0.4854702717248983,-0.2,nm
4.463027238845825,5.605437406417544,9.53189234816419,18.11720622698054,-0.022359492765308953,-0.11056224991146897,0.1242709389817601,0.4366853149662344,0.22845912921806283,-0.02574218793140877,0.167830939631572,0.493508154207943,-0.2,nm
4.464612007141113,7.717094465539641,10.016990503055037,18.04625067082367,-0.03587237941184086,-0.08603351805733839,0.13995462696944244,0.3749607750629964,0.2121776746416704,-0.039868379355031944,0.16815436790088215,0.43267127952359663,-0.2,nm
4.474095582962036,9.474601467398914,10.519058734163536,17.921726107779325,-0.009382198110812163,-0.1713534189601429,0.0898197651301234,0.30700061055571365,0.19343552732351554,-0.048986982417413,0.1936946308981003,0.366150792104662,-0.2,nm
4.498323678970337,12.150261663043201,11.485181946408138,17.546551541638795,0.09453238059271588,-0.31412830042150613,0.20641213263718375,0.18975311813504667,0.14977885393764412,-0.04020116905946103,0.38758086718265705,0.24506343040648573,-0.24839997809331998,nm
4.510893821716309,12.835097322963028,11.958251444711042,17.369323409324448,0.09240492671020809,-0.4299600914407769,-0.021647373725585464,0.1076932550723884,0.12214254906332755,-0.0183502712422464,0.44031007199619604,0.16386998484908058,-0.24839997809331998,nm
4.518563985824585,13.32618561163526,12.401200219799609,17.243854151458297,0.09704254456190671,-0.40209481767134986,0.07673824756460007,0.07324059292339188,0.1048733711012934,-0.002069029536615813,0.4206973454783041,0.12793314387266105,-0.24839997809331998,nm
4.522116661071777,13.187690189715095,12.843396853327603,17.112571987181106,0.12051851026455865,-0.3600473480832889,0.26643230976871257,-0.0443215822563688,0.06841143324938101,0.022372275468749946,0.4638372342394353,0.08452837134709393,-0.24839997809331998,nm
4.538208723068237,12.21984518764818,13.312332021990473,16.968883100164337,0.10129752663656592,-0.5081327758602654,-0.04018099279340977,-0.20045685110827213,0.02636506496570293,0.047329070727145636,0.5196870394651079,0.20764899889665944,-0.24839997809331998,nm
4.5589258670806885,9.416005169447164,14.193040493407425,16.342563907523523,0.09004340366351495,-0.26242808782214655,0.2436537946562279,-0.326482539695434,-0.018654092873836233,0.05058749597556579,0.36924719020146685,0.3309046972407678,-0.28953995947264194,nm
4.571655511856079,7.255498820256307,14.612678018913934,15.949002797002786,0.07300159969697374,-0.23216037352877228,0.024540465774949522,-0.41841050612749864,-0.04420899542060084,0.06276424159580254,0.2446015270921008,0.42539527140891514,-0.28953995947264194,nm
4.57468581199646,5.040594651820124,15.022868210424196,15.510073151382366,0.02392652620269163,-0.05170378299240791,0.1892153005701989,-0.42749194127132967,-0.04569151949008459,0.06748753959149581,0.1976061481880683,0.43519150130184814,-0.28953995947264194,nm
4.5970354080200195,0.006628563367520347,15.741858970093343,14.83429695480734,0.0042576027163983825,0.02902515536791634,0.04096431162255913,-0.4839342198769424,-0.06793780218210449,0.10548913967387567,0.05038513324119029,0.49993582860440605,-0.3245089436450656,nm
4.600436449050903,-2.353511210647309,16.103659400724105,14.618693191534215,-0.039847694647112304,0.09418883550559565,0.057852322310301775,-0.45017537950393427,-0.05495900157946234,0.11371669685288952,0.11750007106076446,0.4675573240889876,-0.3245089436450656,nm
4.621737480163574,-4.664115809295025,16.447049080576996,14.477137868884766,-0.06102621796827178,0.08814636448071239,0.002380329139540487,-0.4392633964145358,-0.054825322531172706,0.12171100946485625,0.10723640621304949,0.459098809893072,-0.3245089436450656,nm
4.623157739639282,-6.815411973379266,16.827321779128976,14.32803442459901,-0.02959379383749393,0.030236065707712773,-0.0700660781676928,-0.4168670964324051,-0.04959444502417177,0.11968636894569784,0.08184905383068551,0.4365347775110769,-0.3245089436450656,nm
4.636216640472412,-8.76968865747233,17.19892393073051,14.128465181742246,-0.010500483923467772,0.03491091042435254,-0.005366862397383636,-0.3786568486027048,-0.03745927011637937,0.1065843480215815,0.03684881329536438,0.3951511472266899,-0.3245089436450656,nm
4.63947868347168,-10.705997050522368,17.52120823038807,13.840802692062084,0.0,0.0,0.0,-0.36432088463347384,-0.040435118152950075,0.09684799823620488,0.0,0.3791361767525224,-0.3245089436450656,nm
4.649950981140137,-12.69166050040558,17.769819320887382,13.554747244036134,0.012737345565833509,-0.08258978540919532,-0.021761979556822447,-0.3532337719892864,-0.04750069001984552,0.08947399684804812,0.08635332292524676,0.3674724606526388,-0.3245089436450656,nm
4.65534234046936,-14.594996498463491,17.98580652216658,13.23412458678194,0.030796722301730736,-0.0957427061828303,0.024828294331564905,-0.33223275711360406,-0.04607314633895824,0.08322800563293907,0.10359318554401399,0.34558391258059834,-0.3245089436450656,nm
4.667260408401489,-16.450521561901976,18.177406175681057,12.883958017514754,0.030822556392478488,-0.09404129891639769,0.027646089299810703,-0.3242529974329772,-0.048290308264625596,0.08632303674758805,0.10275262594223024,0.3390038744467212,-0.3245089436450656,nm
4.695892333984375,-20.113132418168128,18.57977990413972,12.234909765595582,-0.002404719073115254,-0.08372464946388712,0.03816909695690603,-0.30677781965291906,-0.03982615837203588,0.0990747921355279,0.09204607305136418,0.32483006012124477,-0.35423258019162573,nm
4.7040839195251465,-21.83150411373598,18.83062387822375,11.966937684843305,-0.021127257554091495,-0.05662686684859684,0.032645470331069605,-0.3097035258434235,-0.03347396052006604,0.10540921139842123,0.06869272009450766,0.32885845252993584,-0.35423258019162573,nm
4.715989828109741,-23.625350013914645,19.0997414175738,11.629773582201842,-0.016104806519864935,-0.10839672862872068,-0.026115615620575135,-0.310295175216643,-0.03046472296809763,0.10946191516582007,0.11265540799132738,0.3304438015457686,-0.35423258019162573,nm
4.7173240184783936,-25.24548802324194,19.35469051486513,11.341304334379954,0.004531992114448859,-0.06269034523159585,-0.02244659917996839,-0.2870000727890105,-0.02280217745024032,0.10352637406438564,0.0667418021372532,0.3059521060628423,-0.35423258019162573,nm
4.7216410636901855,-26.797866478550954,19.607151534640426,11.055110118828198,-0.013156713430045394,-0.03169428552892978,-0.053309182672637255,-0.27607123150325724,-0.021150699993172827,0.09908939042275887,0.06339949369430542,0.29407717400077177,-0.35423258019162573,nm
4.745471715927124,-29.64823975539342,19.9971708089742,10.315099751030676,-0.014211862236894217,-0.03764531469819985,-0.05694470974893477,-0.2367668327794588,-0.024817962682324498,0.08675387664696058,0.06972694396972656,0.2533785695148536,-0.3794976712562018,nm
4.7542946338653564,-30.943646734802517,20.160516891810254,10.002302504550338,-0.0168091852021793,-0.046456976946320436,-0.06706513389341774,-0.22553489862086565,-0.02780500449669148,0.08273904474027229,0.08329784870147704,0.24183642880161366,-0.3794976712562018,nm
4.761856555938721,-32.2208196166792,20.30536706158895,9.69792407121534,-0.013083919741876773,-0.09001335246747451,-0.07583426984605272,-0.21062279628459063,-0.02875419038786594,0.08002971796192744,0.1184247822937818,0.22714207346211193,-0.3794976712562018,nm
4.7696006298065186,-33.323416236939806,20.464542108081716,9.516236620016137,-0.04177188821815638,-0.05376495895931125,-0.05618134550288838,-0.18388857471241257,-0.02190599253653434,0.0747703163521989,0.08827176807859628,0.1997134963546058,-0.3794976712562018,nm
4.782395839691162,-34.321389281134955,20.631790436672187,9.316580791531536,-0.035825350359626834,-0.041616116167587924,-0.03935163554878811,-0.16816671139672326,-0.015042840208857119,0.07418989328804368,0.06755670265509435,0.18441927808564193,-0.3794976712562018,nm
4.818633317947388,-36.783143339188946,21.22506888897031,8.438667487564764,-0.032788671413814585,-0.02456229235293742,-0.013961677918613587,-0.12077986513113244,-0.0005705162863185074,0.06532710002065564,0.04328200121317603,0.13731617278032565,-0.4009729986610915,nm
4.819924831390381,-37.51302110684859,21.39285275141689,8.231196169892753,-0.03528378416936514,-0.04271152424631223,-0.03599525574255555,-0.11975595476607953,-0.004911003723823838,0.0620133448497591,0.06606722458773062,0.13494910744041932,-0.4009729986610915,nm
4.8264758586883545,-38.20473746175482,21.489646115766167,8.017893990005451,0.0012001339111108338,-0.042892405541100936,-0.012177573896057677,-0.11150189106938735,-0.01179593363941606,0.057970162539111796,0.04460372272020363,0.12622343485773976,-0.4009729986610915,nm
4.836191892623901,-38.89493353788111,21.55216061140199,7.789951694509654,0.005168301611438501,-0.06520193957675005,-0.009410976723077367,-0.10531887644255493,-0.016769309325096408,0.05610339321782675,0.06608003290706858,0.12050255682315213,-0.4009729986610915,nm
4.857505559921265,-40.18344815106859,21.631473053904845,7.488941958664371,0.007520582916261852,-0.07049677875300243,-0.0043669011761531176,-0.09695588176666972,-0.020946098054689336,0.05972319506715083,0.07103115378362111,0.11578446381919316,-0.4192270269552477,nm
4.872673273086548,-40.76639587278649,21.685049999602846,7.378890694655154,-0.017858297375003686,-0.02727002856812264,0.03139920376645995,-0.09087439441868268,-0.019002367870855897,0.06144750135668728,0.0452601727836733,0.11133301832179764,-0.4192270269552477,nm
4.8792564868927,-41.3042627025509,21.75473621663551,7.2184127344509665,-0.03410676452799225,-0.0043198223850227195,0.01371922093706773,-0.08795732194268036,-0.017228527304693386,0.06240449098272545,0.03701552748680115,0.10921370395344142,-0.4192270269552477,nm
4.882711887359619,-41.85264128561973,21.820820306206148,7.042562776490053,-0.03514046536052779,-0.004341207050227916,0.014176958041176165,-0.09296526840662785,-0.018137219824475824,0.0636624306346967,0.038140326738357544,0.11412451510168743,-0.4192270269552477,nm
4.89443826675415,-42.46837522782573,21.862321264652536,6.856550812500404,-0.00737213030543674,-0.02698241018251211,-0.026270655327145967,-0.09588695396838928,-0.020704835467203347,0.06354815507830244,0.03837376832962036,0.1168818470375787,-0.4192270269552477,nm
4.907590866088867,-43.02163194053376,21.869109819789998,6.745245881776447,0.0,0.0,0.0,-0.0891096407719043,-0.02233623495294006,0.060919602672620234,0.0,0.11022991182143206,-0.4192270269552477,nm
4.912262916564941,-43.592583968953896,21.85793298609913,6.613570414426325,0.004924888777726191,-0.04101987877491019,0.00041819616902410886,-0.08691094012557003,-0.025005929048824566,0.06209872414367819,0.041316581080930295,0.1097044189692371,-0.4192270269552477,nm
4.939996719360352,-44.63302242788792,21.79088231017037,6.43206554648324,-0.007605708246268101,-0.030113814148851344,-0.02734290683064073,-0.07864418400741054,-0.0310570880069065,0.06535502961843957,0.041380226612091064,0.10686781690521846,-0.4265026817407536,nm
4.94282341003418,-45.09308418314167,21.74922785726016,6.348155639409572,0.0,0.0,0.0,-0.072162048232111,-0.033191120329013196,0.06379439661330662,0.0,0.10187608508872147,-0.4265026817407536,nm
4.954081296920776,-45.552390131934644,21.708955647477435,6.208113195222436,-0.02676095429202373,-0.0029110041470063706,0.010717171858180528,-0.07353223512470389,-0.03510203784209749,0.06222878366464887,0.028973788022995,0.10252591954956781,-0.4265026817407536,nm
4.966994047164917,-46.0450353910503,21.657959881984524,6.099386337210322,-0.025961940209742396,-0.0027742497769396015,0.010368144486655826,-0.0769580226053914,-0.03673730289243146,0.06027200426243752,0.028093010187149044,0.10442643901308458,-0.4265026817407536,nm
4.968895435333252,-46.520115878644134,21.589826260958805,5.989091031664244,-0.005745510504803339,-0.02440684379852621,-0.02087507270341158,-0.06964458780149538,-0.03693968119213308,0.05673561545899252,0.03262627124786377,0.09712795024156178,-0.4265026817407536,nm
4.9789159297943115,-46.935375523044016,21.508893663725647,5.8741449562023655,0.0,0.0,0.0,-0.06196487723137578,-0.03602982676886594,0.05589443256148746,0.0,0.09089544553312134,-0.4265026817407536,nm
4.995558977127075,-47.364103571630245,21.430795955390916,5.812889502178889,-0.008358684029921237,-0.03684962048084451,-0.03069388328607844,-0.05845760968110489,-0.0346073879831335,0.057678712902310886,0.04868137836456298,0.08911676247884427,-0.4265026817407536,nm
4.9990293979644775,-47.71633632192887,21.362496101052223,5.813188624845104,-0.006651259206767428,-0.029964299935773167,-0.024676529337811205,-0.04814677924511652,-0.03264476270153069,0.057082680977083314,0.039383113384246826,0.08149984877929958,-0.4265026817407536,nm
5.016149997711182,-47.99301081430085,21.293835794236,5.837585957427929,-0.014031739215600133,-0.009177530648059989,-0.03820920258449474,-0.03852875830170706,-0.03410478084492529,0.05675370912832291,0.04172601030956172,0.0766066889545164,-0.4265026817407536,nm
5.0193772315979,-48.23078184157465,21.209351161572183,5.840170623827214,-0.01197481892687569,0.022624881083083002,-0.024765352605005606,-0.03392643749671376,-0.038437684711485606,0.05467669815200842,0.03561747074127198,0.0749533193928317,-0.4265026817407536,nm
5.0274364948272705,-48.4822260441692,21.10438766782355,5.678539101156622,-0.010082160268930706,-0.047425929860910876,-0.038152908715939605,-0.02753642719656874,-0.043018046964338634,0.04933148466077943,0.06169694662094116,0.07100987653992007,-0.4265026817407536,nm
5.03620719909668,-48.63211709831015,20.96415458733333,5.577851022952332,-0.014969859443917852,-0.0040612194129246645,-0.03991612849298856,-0.014883520744392567,-0.04688049583426255,0.04254036807055719,0.04282391281468037,0.06503063120555999,-0.4265026817407536,nm
5.068063974380493,-48.99365930931735,20.449564697109746,6.017415807009813,-0.00588832880708128,-0.030634080526585148,-0.024316769926140222,0.012466675629344334,-0.04480915262076735,0.040862271904102944,0.03955280780792236,0.06191125442925018,-0.43268698830843366,nm
5.081571578979492,-49.00791131313048,20.289602603699922,6.009661095489368,-0.006069228351052852,-0.031934822605357856,-0.02536976226766783,0.017910869761179185,-0.04357916463925103,0.04429167695674312,0.041234612464904785,0.06466603044796673,-0.43268698830843366,nm
5.085361957550049,-49.00187719122324,20.14500652068323,6.086161760206146,-0.010610681524611759,-0.05681039496300217,-0.04518095358948973,0.02747424868744712,-0.04284064007550262,0.04352165629235081,0.07335752248764038,0.06696483666408788,-0.43268698830843366,nm
5.094295024871826,-48.840267788768216,19.991876451549892,6.118012421827716,-0.010817580867925669,0.02079995520836037,-0.02347155653433857,0.039326167964465045,-0.04414140360206497,0.03804311224766623,0.033174872398376465,0.07030141810958186,-0.43268698830843366,nm
5.102493762969971,-48.762515835033035,19.80869815327889,6.081809467255085,-0.005637160486215458,-0.030526161164197686,-0.02454132584477513,0.03309279466512276,-0.05056063865244432,0.036384470557049825,0.03957146406173706,0.07053609669812931,-0.43268698830843366,nm
5.116822004318237,-48.68131183477751,19.585139383463098,6.104167610541886,-0.00786280071205682,-0.043201687354134016,-0.034885946299321687,0.0402717463333481,-0.054967593737984495,0.03093569719613762,0.05608242750167846,0.07483493352100185,-0.43268698830843366,nm
5.138521432876587,-48.35109372214187,19.056525937292584,6.0780382347162965,-0.0059292686335386795,-0.03323904680161458,-0.027256879912870274,0.0572680654831678,-0.05815942542091283,0.02665074934523547,0.04339271783828735,0.08586275403303627,-0.43794364889096166,nm
5.152195453643799,-48.11026767284721,18.78202855265465,6.045056986358989,-0.0036416436478815114,-0.020521434329109134,-0.017003511561053737,0.06503010467654095,-0.05740612179677759,0.02837821496027707,0.02689814567565918,0.09126719245336755,-0.43794364889096166,nm
5.159806251525879,-47.873201108927475,18.514059300722955,6.032680010339781,-0.007195439094235095,-0.040846162776846225,-0.03418762260075758,0.06996992199256044,-0.05666941664811575,0.03140532435347666,0.053749203681945794,0.09535988236480689,-0.43794364889096166,nm
5.161697149276733,-47.54578464388515,18.257576043376787,6.1094179349575155,-0.0059991849027212765,-0.03443138414350524,-0.02918957822115421,0.08316258714527193,-0.054828925094158924,0.03053991488358773,0.045536160469055176,0.10418691534339915,-0.43794364889096166,nm
5.1683478355407715,-47.13716964272531,18.000213481245012,6.163924425210487,-0.007593816053180323,0.016601196155477494,-0.01774996975944225,0.09214127140617176,-0.05553222075042119,0.02904725023879353,0.025462269783020016,0.1114342146033004,-0.43794364889096166,nm
5.180438756942749,-46.72059907753237,17.72387764625635,6.262213976844148,0.0,0.0,0.0,0.09291767869211018,-0.058494497197930206,0.027016608555542092,0.0,0.11307165141542896,-0.43794364889096166,nm
5.209395170211792,-45.85590826498562,17.096908252288635,6.395975309742695,0.0,0.0,0.0,0.10799687296851597,-0.06424722658614362,0.01976260291669942,0.0,0.12720688333982635,-0.4424118103861105,nm
5.217158794403076,-45.342670212360666,16.75578422792322,6.462216306764321,0.0,0.0,0.0,0.11808559913856886,-0.06625817388646443,0.01788547819749072,0.0,0.13658054276153922,-0.4424118103861105,nm
5.22299337387085,-44.74320413172009,16.408064110723284,6.606156571797739,0.0,0.0,0.0,0.12915875440719835,-0.06720829500088837,0.01655850647452038,0.0,0.14653710415322171,-0.4424118103861105,nm
5.226026296615601,-44.14454109975829,16.05762282108554,6.757173357632464,0.0,0.0,0.0,0.1321188827337055,-0.06801588943191829,0.01619234822050819,0.0,0.14947826775458617,-0.4424118103861105,nm
5.237946271896362,-43.52057025566874,15.713773510901284,6.921661043608554,0.0,0.0,0.0,0.1368411056139507,-0.06664816857116154,0.013513647414221498,0.0,0.15280734676701335,-0.4424118103861105,nm
5.247602701187134,-42.85066966380428,15.366320937473736,7.021366093094138,0.0,0.0,0.0,0.14249351931078216,-0.06564303102729721,0.009793176474021066,0.0,0.15719197458354633,-0.4424118103861105,nm
5.284484148025513,-41.57874230849037,14.613496679990558,7.2082763067704585,-0.0030992226368979164,-0.020332995302073,-0.02157786953366915,0.13690317674020186,-0.06832778714436957,0.006437870998865711,0.029810070991516113,0.15314245812511715,-0.446209747656987,nm
5.290745496749878,-40.88586559084394,14.211443844374585,7.338229159319098,0.02729628336565542,0.0035152477623387694,-0.00696991034126003,0.14788342651591624,-0.06786928123115196,0.0038636120458555284,0.028390556573867798,0.16275956092028043,-0.446209747656987,nm
5.292204856872559,-40.23010934875699,13.79206439569546,7.454317665192472,0.029427171738054498,0.0038502940010387357,-0.00728525565262854,0.14544320663943253,-0.07076573504681154,0.006316318097202614,0.030559092760086063,0.16186850060645291,-0.446209747656987,nm
5.293596029281616,-39.53466880068278,13.364214690665356,7.588697581267046,0.0023315443292333095,0.016472516473236814,0.01888466064808348,0.15160446663730906,-0.07259427355187345,0.0071396710205014,0.025167644023895264,0.16824035710610039,-0.446209747656987,nm
5.328340291976929,-38.112860815906174,12.52736194237323,7.850048099974344,0.0,0.0,0.0,0.1593279558846714,-0.07521034844862079,0.003807665728277106,0.0,0.17622852311260243,-0.449437994337232,nm
5.3301472663879395,-37.346572496482565,12.111597207260283,7.917364982203228,0.0044375292460024284,0.033904210035465426,0.04224438863811194,0.16054753873985975,-0.07572475321867887,-0.0009982899727060239,0.0543486475944519,0.17751266723342926,-0.449437994337232,nm
5.337954759597778,-36.64532627014221,11.69110103462165,7.9452035338333955,0.004028022233931901,0.03147694480645284,0.04030524771295139,0.1512702340894132,-0.07656352734050746,-0.005008300852287412,0.05129849910736085,0.16961645120009297,-0.449437994337232,nm
5.3400092124938965,-35.99983638052057,11.264154665957138,8.026037813822624,0.007193754333693989,-0.02491792429321039,0.01829686226206696,0.14833294065573346,-0.07598810743188053,-0.00811126274663949,0.031740009784698486,0.16686115886569103,-0.449437994337232,nm
5.349435091018677,-35.324151573704874,10.825618619831584,8.102261769402396,0.011310818998145188,0.0035837450976149267,0.061200641929689784,0.15141239893133004,-0.07529867528496256,-0.00932251033730342,0.06234016705094384,0.16935912803507108,-0.449437994337232,nm
5.386856555938721,-34.04209982551917,9.91665877130924,8.15863174045185,0.009817649606319334,-0.013893715560401795,0.0443097657579615,0.14455997681170327,-0.07798882981958584,-0.006829985913357268,0.04746342715598222,0.16439736366500884,-0.4521820040154403,nm
5.396157503128052,-32.6562296955475,8.994698244983049,8.139506974578724,0.005408204258383162,0.05546176584836567,0.08343071580959996,0.14364049330298612,-0.0845785097905297,-0.010764331701729824,0.10032916069030762,0.1670388771265444,-0.4521820040154403,nm
5.402114391326904,-32.07078623959133,8.531801642780808,8.142716350816373,0.0033735302299739006,0.0372273142509455,0.0574087238159067,0.13322707260540162,-0.08763364344743509,-0.016344413840268794,0.06850558519363403,0.1603004934573163,-0.4521820040154403,nm
5.41564679145813,-30.74910808598238,7.636939644500712,8.047789113996263,0.002301929679468206,0.028961251035859354,0.04723733651394174,0.14627753548976058,-0.0839923731068307,-0.0300850590649213,0.055456459522247314,0.17133869063353738,-0.4545144122419173,nm
5.437647104263306,-30.13780152301338,7.18583100919533,7.9600617134721885,0.0,0.0,0.0,0.13904078553342383,-0.08257764079247608,-0.03272693997552154,0.0,0.1649923010348185,-0.4545144122419173,nm
5.445478916168213,-29.50512091719021,6.7528298335375645,7.863619858093928,0.0,0.0,0.0,0.14083186503090458,-0.07842839752806212,-0.034144851288820825,0.0,0.16477408357031864,-0.4545144122419173,nm
5.453049421310425,-28.802547965391586,6.314159962044358,7.772762264859716,-0.00307612431789923,0.06345104422893444,0.050008930201825355,0.14478026978429442,-0.07637167322099293,-0.0337827513340375,0.0808479477444691,0.1671383656647528,-0.4545144122419173,nm
5.455150365829468,-28.11887831457536,5.876252837643697,7.675751455656993,0.0026194583916006715,0.04729566832006652,0.08660148089673506,0.14310273628484527,-0.07592613519815257,-0.03362905850043434,0.09870946407318114,0.16545115506989894,-0.4545144122419173,nm
5.476673126220703,-26.696228976654485,5.033228675409827,7.42130675429601,0.0011332803906526493,0.026215556675283618,0.0512063698230607,0.15915419900467315,-0.07360928627839854,-0.04113924179500295,0.057538092136383064,0.1801133623657669,-0.2685133578655156,nm
5.499220371246338,-26.00322554887498,4.601152880437713,7.244819782278768,0.004738863458128896,-0.007425403531892986,0.04677802372990606,0.15765373544896677,-0.0766775926109592,-0.04694532006493406,0.047600178030779386,0.18148833732673877,-0.2685133578655156,nm
5.501136064529419,-25.256678351284375,4.176328719269633,7.032137738391834,0.0010171376314521746,0.033421711218114866,0.06985991329464021,0.16273445000681064,-0.07706048100801681,-0.0541263241378936,0.07744967937469482,0.18801722771301144,-0.2685133578655156,nm
5.502518653869629,-24.54515089938868,3.749910536175358,6.782367132977892,0.0010022806730293258,0.041981787833736836,0.09083117916080588,0.1540496387075744,-0.07822929168445501,-0.060069639797739445,0.10006886720657349,0.18291931250913862,-0.2685133578655156,nm
5.53664493560791,-23.089107698421984,2.967299675267217,6.229133865116964,0.0005350598551869926,0.04415496933385063,0.10268887292699139,0.17839177646104912,-0.06814759730248897,-0.06473444392730911,0.1117808222770691,0.20163895744029486,0.2,nm
5.545418977737427,-21.04950372528817,2.3073525766396425,5.6866410310002085,-0.00990056261752294,0.044477788810954884,-0.13512714653911892,0.22415830537672235,-0.05151643280783554,-0.06434846161707966,0.14260308751727613,0.23883386114848315,0.2,nm
5.553452491760254,-19.67667756447427,2.028373715455827,5.420162940419731,-0.022479465130357857,0.16761536031408378,-0.18483518059083578,0.286549160654229,-0.04097218062972076,-0.06483049952299723,0.250528001129243,0.2966346822702951,0.2,nm
5.558239936828613,-17.778459711101608,1.7371740573849852,5.152742364921965,-0.028342284416069695,0.28346923587237993,-0.09130137096584348,0.32365148811658334,-0.03665227205464417,-0.06758834069061558,0.2991555333137512,0.3326587720234614,0.2,nm
5.570582151412964,-15.698188992700066,1.4690411619845622,4.862888680943522,-0.024939916302107713,0.29304543611062345,-0.00032071423763415616,0.3633948837638919,-0.03085662520471353,-0.07165462358671798,0.29410496409962866,0.3716750703856137,0.2,nm
5.601999759674072,-10.16959961069675,0.9875958976526513,4.1569169289458445,0.02165289460743875,0.31460007541975127,0.018260133105037792,0.5674477497879848,-0.005558866244043869,-0.07529131211962431,0.3158725815261713,0.5724479289979668,0.2878238925401141,nm
5.603504180908203,-6.8495722357046045,0.8243942393237579,3.7745612477919286,0.02763937301874003,0.48413875093534237,0.11271626461433235,0.6727668220642284,0.001281419628665452,-0.07615831929192088,0.49785461874598563,0.6770649366966481,0.2878238925401141,nm
5.6105430126190186,-3.3613419168408147,0.6678310980929264,3.3609185738033456,0.04960415576136751,0.4034790377629659,0.022828419082440238,0.7063072397802893,0.0002074385935398822,-0.08027514691034311,0.40715727047509587,0.7108544571206531,0.2878238925401141,nm
5.632541656494141,4.792020384909033,0.38999149049400145,2.5437288415718187,0.05662250140973026,0.3489376227123201,0.30082502465108246,0.8633924482674649,0.0034503269364663707,-0.07791937249725424,0.4641759016432722,0.866908214917601,0.36247420119921103,nm
5.650074243545532,9.176860931545498,0.27044168369614174,2.143973316362057,0.06276807935132443,0.2264283511864203,0.3841360742302217,0.8852767427326277,0.0010573181875013864,-0.07805029817773716,0.4503000705434782,0.888711358198304,0.36247420119921103,nm
5.656414747238159,13.678115416306863,0.1712203679003833,1.8163876740562943,0.06811569381178804,0.10360487405223964,0.3453818626549059,0.9084238152438615,0.0014146885181763001,-0.07670318691721988,0.36696368856034517,0.9116573963551631,0.36247420119921103,nm
5.657700538635254,18.291678761663608,0.09340535778148963,1.4943803899784782,0.06241394257100529,0.04922745071865799,0.34220524833916305,0.9307676041911089,0.0018447620321683028,-0.07502262742816435,0.35131648712006514,0.9337880545310254,0.36247420119921103,nm
5.666278123855591,22.818495780032613,0.029667216426614743,1.1627550865463647,0.059458770391350876,-0.035519782219261456,0.26234388261511155,0.9133227558666726,-0.00035755608546283855,-0.07650107097376148,0.27133247695572044,0.9165211389217274,0.36247420119921103,nm
5.674753904342651,27.277153239117926,-0.02380230139751185,0.8219195783705783,0.05853467420159843,-0.13655586629970543,0.26645588069828413,0.8996145430657894,-0.00316269952827334,-0.07806432702127956,0.30507793932608196,0.9030007574288409,0.36247420119921103,nm
5.681431770324707,31.60700956233045,-0.050995733667115885,0.4779837112674408,0.04447167474396797,-0.20894783232253908,0.34017599677791277,0.8737214420329739,-0.002810547700388879,-0.07864958816780564,0.4016922146005169,0.8772586934111972,0.36247420119921103,nm
5.71479606628418,39.487792149408136,-0.02800980171789397,-0.22673332789628653,0.03648267766567037,-0.14276788513397629,0.08117013811091905,0.7801022110380527,-0.0032526329822259383,-0.08175572523864674,0.16823271416770022,0.7843813089926817,0.42592696355944343,nm
5.723170280456543,43.21349733052884,-0.0023870870578615627,-0.574774015264779,0.03056974502493133,-0.15861006774321554,0.16848929014932723,0.7526125691812464,-0.005179451973087387,-0.08110147977632008,0.23341016215113883,0.7569874213183776,0.42592696355944343,nm
5.737383842468262,46.65424132303198,0.04683389503543127,-0.9101951684006252,-0.0025863222013322393,-0.1686567307536728,0.11396521289045639,0.6955679066968656,-0.0034971762864563632,-0.07933026267633489,0.20356780600137397,0.7000858759073306,0.42592696355944343,nm
5.738750457763672,49.968298821865126,0.1079541358885406,-1.2298671600033502,-0.0022745881763650967,-0.11438665892308705,0.09610840830671856,0.6702126317498388,-0.0039211528497588785,-0.07704447523151918,0.149419903755188,0.6746378275492831,0.42592696355944343,nm
5.741576433181763,53.19622278928092,0.17276783479497357,-1.5434150116542151,0.023251390854568007,-0.10913232813468754,0.1572892642412494,0.6529524884885041,-0.005778394417974688,-0.07669813854116146,0.19284813939035705,0.6574670687730747,0.42592696355944343,nm
5.748181343078613,56.196237554359335,0.2539789179347181,-1.8526009603910512,0.02924960576052062,-0.05351211708636312,0.09527397339518365,0.6073875247829783,-0.004043209423612734,-0.07662681059934846,0.11312036120308615,0.6122153386734643,0.42592696355944343,nm
5.758402347564697,59.095371027115746,0.34395080079764534,-2.1558910603955574,0.03626426688315698,-0.030021903428542364,0.0624783442346693,0.5872265895588091,-0.004196206954657899,-0.07634905480842498,0.07823014276064819,0.5921839695633582,0.42592696355944343,nm
5.771955251693726,61.99603402298919,0.43812740536811656,-2.460242503726433,0.037112076285723584,-0.023098371593302594,0.08527193598166682,0.5875309386474643,-0.005843388531634479,-0.07757435054123098,0.09582350464557816,0.5926588638663863,0.42592696355944343,nm
5.8056604862213135,67.58611650177649,0.6565503825897293,-3.0799637984711055,0.033268081450256164,-0.019736313571482353,0.05351182208795041,0.556685067476445,-0.005054172242340069,-0.08062196386666162,0.06602879992810118,0.5625155198445876,0.47986181156564095,nm
5.807516098022461,70.32270734328596,0.7769846857027292,-3.389882225953747,-0.0018746044823553555,-0.04568104980488818,0.061186719165961904,0.5548440337382283,-0.0064023698939536565,-0.08163294640370808,0.07638119569328718,0.5608536618884804,0.47986181156564095,nm
5.821171283721924,75.68250721807952,1.044191032961512,-3.9860435649041923,0.0,0.0,0.0,0.5417443193453523,-0.006543542062073388,-0.07969132907637917,0.0,0.5476133977685689,0.47986181156564095,nm
5.82741641998291,78.34910083495873,1.188591860197817,-4.263630662497356,0.0011858623408028672,0.006719697668804399,0.03291910750349002,0.5410152278671203,-0.007459135498209784,-0.07851484329714432,0.03361886739730835,0.5467336610310983,0.47986181156564095,nm
5.857912302017212,83.509161316907,1.4993308266686358,-4.818823256667261,0.03318968269330208,-0.028995151393749804,0.0020416299562484056,0.5180131412077718,-0.0066385989741853104,-0.0805010032381668,0.044118500592232254,0.5242729222290946,0.3518690069479536,nm
5.865251541137695,86.02020413095987,1.668990753173105,-5.083485051693682,0.034639017644646365,0.02563342538135351,-0.0029298952903473877,0.5102077630007159,-0.0058903407109538895,-0.07902177002471397,0.04319164649072712,0.5163246049509209,0.3518690069479536,nm
5.8741772174835205,91.0138832338787,2.0239470044893593,-5.616137949733816,-0.004355981677089955,-0.044014779847208016,-0.0007822661533202298,0.4988339180470502,-0.00599625577218863,-0.08214000990165193,0.04423671960830688,0.5055869995402376,0.3518690069479536,nm
5.883803367614746,93.3475734349535,2.217180127996047,-5.87842336165851,-0.0017116238975578072,0.003273693284795039,-0.05263679167724867,0.4751437028194801,-0.003222318115837121,-0.08136196216553614,0.052766263484954834,0.4820702132993411,0.3518690069479536,nm
5.915542364120483,97.73272851105193,2.635633626114699,-6.357549383436089,-0.004023638546725303,0.01837529330333065,-0.13107214061308056,0.43530178292802935,0.0024849652715589242,-0.07627472522136189,0.1324150562286377,0.4419407776844272,0.24307512302291934,nm
5.92732572555542,99.81560836679922,2.8629825429265647,-6.573627155545291,-0.0119596516489208,-0.04517194785310721,-0.13416777095491345,0.42581390853179835,0.004528196941351683,-0.07418008196703432,0.14207226648229937,0.4322507071449419,0.24307512302291934,nm
5.930981397628784,103.45682378586038,3.3683419135609496,-6.959578875715242,-0.009766514079358206,0.003625211891328223,-0.1721784478003479,0.35376752175893206,0.01776514261071452,-0.06793024967593449,0.17249331826321987,0.36066823891835875,0.24307512302291934,nm
5.938674688339233,105.04381069294222,3.6373194706991687,-7.142660479774988,-0.01452588365619878,-0.0307011206378753,-0.16668241281312807,0.3282211807717466,0.021598528295181496,-0.06639121218843232,0.1701075743334812,0.33556434999499984,0.24307512302291934,nm
5.949324607849121,106.42064209121712,3.9155334129783816,-7.310540218468101,-0.014816044359527067,-0.018884977084736295,-0.17959604476881505,0.286764755966443,0.02796242027948835,-0.061927895883574835,0.18119298227734074,0.2947049142802801,0.24307512302291934,nm
5.957159042358398,107.58071268544134,4.20263620065102,-7.464375874223302,-0.01640624267176669,-0.015014202765145125,-0.19483393139389413,0.244033224510245,0.03470114958008328,-0.05726460339540716,0.19609908695778885,0.2530526017433534,0.24307512302291934,nm
5.9677300453186035,108.48845785632435,4.500330697506118,-7.600655289249175,-0.020616358752888822,-0.024251475907859817,-0.2188804531570996,0.19435192041059357,0.04295764301636151,-0.05099646929111104,0.221182777598516,0.20547181787526503,0.24307512302291934,nm
5.986611843109131,109.3541213087014,5.1337673490921585,-7.77881918123648,-0.0254354518105151,0.02607904664889778,-0.3197977606679313,0.06843355200106165,0.06456427191876495,-0.02896078150308895,0.3218659450938292,0.09843994673480826,-0.2,nm
6.017732620239258,109.36848782198335,5.469666379366387,-7.8435142761161405,-0.03706899065131781,-0.030534838310881593,-0.33998485904695286,0.01876917508159147,0.07400207078699522,-0.02310678596884254,0.3433601473668072,0.07976535571171725,-0.2,nm
6.025325298309326,108.96845890314515,5.823977832708981,-7.902161324413383,-0.048782474210423386,-0.08341654195035612,-0.361287258896335,-0.06250508775830826,0.08888831205611494,-0.013844941425572048,0.37398734297015124,0.10954314409828032,-0.2,nm
6.026695489883423,108.0808134868867,6.190613672525735,-7.942820806985683,-0.04398812344624507,0.00012142765420718581,-0.40180048350508935,-0.15829534777833093,0.10462843496919691,0.00030846342441749716,0.4042011854187477,0.18974883842081985,-0.2,nm
6.027947425842285,106.86482261327824,6.556651129643916,-7.977571944882374,-0.054622596541760715,-0.06271723071927113,-0.3949087297309935,-0.2229358261803918,0.11345438030714337,0.009708606143009224,0.4035715350465207,0.2503328504987946,-0.2,nm
6.044425010681152,105.22439821726532,6.931658997871333,-8.0151561976346,-0.08232058954557667,-0.08191120926853437,-0.36773697848013476,-0.306141806186686,0.1268220736532168,0.020420739034441648,0.3856379273472256,0.33199947355931325,-0.2,nm
6.071735143661499,100.9444544284283,7.702797704254187,-8.07090032165102,-0.09408779429568215,-0.15018147553737826,-0.24236920201507284,-0.4313244147589028,0.14706308095354675,0.04373757148213731,0.3002495940304232,0.45780047586892536,-0.2260135328828412,nm
6.078343868255615,98.29370261979686,8.111896839775717,-8.099466503748532,-0.08097809968212619,-0.09618949830978712,-0.18971898973261964,-0.5030303178569561,0.1609174664065358,0.0556849440464873,0.22760309153959823,0.5310694348872181,-0.2260135328828412,nm
6.080858469009399,95.43051050293288,8.529929177354777,-8.137121649076892,-0.07160924125458581,-0.11881021453907578,-0.12530037382663936,-0.5440268872107569,0.16832113177553457,0.06346143268349226,0.18693296711113921,0.5729961700122121,-0.2260135328828412,nm
6.0828046798706055,92.36592292122309,8.953397907431658,-8.175848683404775,-0.06218874497063346,-0.13364397185409066,-0.04738676120675766,-0.5828153301556156,0.17474898310236459,0.07319514600710132,0.15483428674433106,0.612836393794225,-0.2260135328828412,nm
6.094385862350464,89.11785821653757,9.377980464771653,-8.228692913636724,-0.04513074516478848,-0.08482248682529936,0.00678271244666975,-0.6180813782123743,0.17987806357764935,0.08038284567143608,0.09632052542678207,0.6487234462601077,-0.2260135328828412,nm
6.101541757583618,85.79319657408142,9.790984328474474,-8.303818401491053,-0.0379250346901431,-0.09694462400717617,0.04146634977232444,-0.6326497231771404,0.17967539280457528,0.08287594783756982,0.11205367706408419,0.6628705316617767,-0.2260135328828412,nm
6.136355400085449,78.74820636418708,10.610257204725567,-8.512502190448705,-0.019786996436915453,-0.027055925938943286,0.07093835692970467,-0.665679915239468,0.18025070097743232,0.09353146153061638,0.07845889905099528,0.6959656593914202,-0.24812503583325624,nm
6.145222902297974,75.2748159323503,10.978792811984823,-8.62801748940107,-0.014121025254953894,-0.04704574013164088,0.11217344443844922,-0.6602137431243867,0.17604307583121864,0.09357082863541646,0.12245646841212915,0.6896585032680655,-0.24812503583325624,nm
6.1528003215789795,71.74976015557098,11.337888121758082,-8.755938712033737,-0.016735369945579864,-0.04135167416132443,0.1302596516589492,-0.6695509086344399,0.17623501780404485,0.09730850842444284,0.13768663847109694,0.6991610304968277,-0.24812503583325624,nm
6.155263423919678,68.13699264404325,11.71103440414483,-8.898929646346309,-0.02049478577713313,-0.02053995176236314,0.09191184424167653,-0.680847521180352,0.17817887713964856,0.10224399784834799,0.0963831571093051,0.7111644637158052,-0.24812503583325624,nm
6.1570775508880615,64.48521222851578,12.066861865106494,-9.063470108001503,-0.012848711001293305,-0.04280609987921641,0.09830591245300378,-0.6832764537224176,0.17845080486456558,0.10394640270213541,0.10798844375432887,0.713804074381065,-0.24812503583325624,nm
6.178319215774536,57.04541105023984,12.75027940583769,-9.452943396980963,0.009552025577669042,-0.050560012820533906,0.07833661613284956,-0.7066722563167237,0.182388876281651,0.1090513891373627,0.09372396447117685,0.7379319653679742,-0.266919813341109,nm
6.198551416397095,53.20964387444376,13.077062563594467,-9.688336088826064,0.012201394609619167,-0.05295792504154337,0.09014601809841595,-0.7142863613030813,0.18347076652465039,0.11101079835291276,0.1052602509693251,0.7457814193607198,-0.266919813341109,nm
6.200158357620239,49.36633919296513,13.383087253461087,-9.940935227409245,0.029099163127744097,-0.0700759256264076,0.17131554336724197,-0.7248507758055258,0.18375239066858817,0.11226190015567616,0.18736705165622433,0.7561589267401775,-0.266919813341109,nm
6.205127477645874,45.39927977971966,13.67090572788555,-10.219567364129755,0.004476555882020087,-0.024510045381834312,0.15386742235371073,-0.7475968814523809,0.18676192095161925,0.11699264923226282,0.15587163160421344,0.7794025867606852,-0.266919813341109,nm
6.234020948410034,37.294756196532184,14.187863555291125,-10.819476191266052,0.018452854327715342,0.005407104451572734,0.2222605881514765,-0.7686134917651068,0.188485922772282,0.12497411162791155,0.22309081930198374,0.8011942157703426,-0.2828953742227838,nm
6.241314888000488,33.146525496100956,14.409156435904048,-11.13314305714859,0.03089031517731604,0.024370655773644705,0.22412016442187566,-0.7794557384569044,0.18917999541464883,0.13048750551647417,0.22754777198443402,0.8126298714509556,-0.2828953742227838,nm
6.248355865478516,29.012451947862658,14.610391309720614,-11.444412757985496,0.03403344180165401,0.05297813294261218,0.22693287333758763,-0.7758237809267051,0.1880591635950616,0.13372658988748,0.2355068719426362,0.8094143493331561,-0.2828953742227838,nm
6.256579399108887,24.90399645146264,14.788177606017197,-11.7584213485145,0.05026788863576131,0.08878560870379074,0.28775107822752677,-0.7702309545216252,0.18584938640166607,0.13507557967485787,0.30530382893423424,0.8037668380529694,-0.2828953742227838,nm
6.262456655502319,20.753533458667945,14.938560710633956,-12.085066528518277,0.04090422465629286,0.12051336950465379,0.19855635157109217,-0.7776921131373399,0.18566572977789617,0.13758709004594424,0.23584158363893515,0.8112995706872342,-0.2828953742227838,nm
6.273205041885376,16.724955678717016,15.063894331834586,-12.413499487556452,0.08246216399753195,0.130124347907475,0.19529302321953243,-0.7541261608293356,0.179483726296644,0.13347195850908455,0.2487402647898532,0.7865973799605311,-0.2828953742227838,nm
6.297586917877197,8.874645383323864,15.22494621804494,-13.295870676855907,0.08347827796146606,0.16163622868189645,0.16191721814160764,-0.7297359633887065,0.17167400247496375,0.13025768186982936,0.24354071290984403,0.7608900072117646,-0.29647460097220746,nm
6.310311555862427,5.147972461739392,15.243212508791933,-13.807356204024902,0.08205355868027814,0.16494058940938439,0.1479541287385107,-0.6968974124650484,0.16153702504956113,0.12513441549313967,0.23628078368243316,0.726236074498611,-0.29647460097220746,nm
6.317108392715454,1.5959132485850596,15.237983137778972,-14.099946895180883,0.07658117316616135,0.17586463025062807,0.11538237136685393,-0.6643054789501002,0.15214704898842285,0.12151117275524123,0.22384399897905308,0.6922538977740477,-0.29647460097220746,nm
6.330161094665527,-1.7097461949193982,15.209249924266315,-14.364089968384555,0.06409894892361695,0.19853059393521863,0.047240388774849755,-0.6185145704632552,0.1387958569828575,0.11469352999734103,0.21390354441425713,0.6441887686184865,-0.29647460097220746,nm
6.343700885772705,-7.979759578727701,15.093579697983428,-14.851447057819845,0.04844486497391764,0.17227763754403383,0.00989751384032108,-0.5946408028525005,0.13076249433201592,0.11195890414784146,0.17923294931544803,0.6190567910611937,-0.30801694370921756,nm
6.352069139480591,-10.900280810616321,15.022452434139081,-15.072575416555301,-0.00957474780373146,0.04418014835720138,-0.0772594489999565,-0.5470620280643826,0.11865326755461586,0.10330634295542304,0.08951303683903403,0.5692342759761803,-0.30801694370921756,nm
6.363763809204102,-13.459637986803388,14.932085359440798,-15.261750873416666,0.07675366619995641,0.1658800956356658,0.1139285036326668,-0.4802936209436172,0.09852248505442579,0.0907590147452137,0.21537649672889225,0.49862394761779394,-0.30801694370921756,nm
6.369154453277588,-16.125151550890266,14.819960449319861,-15.456206994865386,0.046146215040691455,0.10703602516846893,0.060290923659672056,-0.5010243916984797,0.10130642612413529,0.09485804095190474,0.13122949105358617,0.519890835641589,-0.30801694370921756,nm
6.3755693435668945,-18.711732831953835,14.683310416267545,-15.64271838471285,-0.015180101453953612,-0.01166816170465915,-0.04377939299547105,-0.4874281371899181,0.09412355718853241,0.09186658741666155,0.0477830171585083,0.504861270871355,-0.30801694370921756,nm
6.386009693145752,-21.03074761409109,14.516580759655538,-15.804254155820162,0.059659942068417716,0.11456161141636324,0.10120103588259884,-0.4390698863802648,0.0757799449501412,0.0825453244985711,0.16408936943517038,0.453143129462645,-0.30801694370921756,nm
6.397357940673828,-23.431257134031288,14.319179342497797,-15.963724051424723,0.04424553187903539,0.09026091699041608,0.06940127413345847,-0.4559628246049284,0.07548125936790319,0.08612844219124224,0.12215251564563445,0.4701251179119868,-0.30801694370921756,nm
6.406873941421509,-25.753092204137285,14.104366319243558,-16.108472248969324,0.0,0.0,0.0,-0.4423243320665863,0.06921256329453739,0.08405306018071948,0.0,0.45552838614261537,-0.30801694370921756,nm
6.416973352432251,-27.857273080987344,13.877529621104774,-16.224769795603276,0.05421980618652275,0.1326167696351595,0.06074035975637493,-0.4025123406859536,0.056246744617534206,0.07794900204610114,0.1556161504301623,0.4138307958629207,-0.30801694370921756,nm
6.428105354309082,-29.996559889507857,13.64195161374599,-16.331102767553283,0.017782299010993045,0.06890039060971008,-0.009514227005906687,-0.4097146157340317,0.057387978083607225,0.08044932018102773,0.07179132607639249,0.42146356840443433,-0.30801694370921756,nm
6.436921834945679,-32.004735072897084,13.408273179127452,-16.419108544254982,0.0063672948482356795,0.044334817425521915,-0.026948311784484924,-0.385296441350779,0.05139342102734188,0.07672842723702239,0.05227169394493103,0.39620939285778545,-0.30801694370921756,nm
6.466348886489868,-35.71664567141441,12.905158717576501,-16.5394826822809,0.005994880187141551,0.04605328825201454,-0.032137132329336716,-0.35677014026387094,0.037891085646618014,0.07390907699136769,0.05647689104080201,0.3663102769744488,-0.31782793503567613,nm
6.483195066452026,-37.37643665449805,12.623873196901476,-16.563795347401808,0.0041983133356675514,0.03377533057065253,-0.02502486371073152,-0.3316169559588769,0.026323646424835423,0.0700834767158966,0.04224503040313721,0.3399624001990795,-0.31782793503567613,nm
6.489562273025513,-38.86220919135953,12.323987819355043,-16.564514007219127,0.024320951211378537,0.07659340846832559,0.0067524536377844835,-0.3096041037093836,0.0149595169138575,0.0659684707573286,0.08064523866138938,0.31690744281895195,-0.31782793503567613,nm
6.491971969604492,-40.377925362961676,11.998228134545323,-16.573084822666814,0.0,0.0,0.0,-0.3026748595965935,0.00694505268774353,0.06447526456959467,0.0,0.309543800018628,-0.31782793503567613,nm
6.493234395980835,-41.762100375537464,11.653922548128126,-16.569287292726578,0.0,0.0,0.0,-0.27807137026974577,-0.004015064688739352,0.0601447271179324,0.0,0.28452978035390136,-0.31782793503567613,nm
6.50076961517334,-43.020029552919475,11.304058375780029,-16.547438384230357,0.0,0.0,0.0,-0.26002231321149066,-0.010946512307701547,0.05737116482511037,0.0,0.2665011820854595,-0.31782793503567613,nm
6.533386707305908,-45.358450301054596,10.597129842708679,-16.46683746925924,0.0,0.0,0.0,-0.22474509901497533,-0.02109723088374072,0.055074223867783115,0.0,0.23235451968242757,-0.3261672776631659,nm
6.539563417434692,-46.38736110771731,10.247020482881295,-16.395912142341558,0.0,0.0,0.0,-0.21475465696155496,-0.02317298682899318,0.05514621336912533,0.0,0.22292970832575218,-0.3261672776631659,nm
6.542521238327026,-47.41080384037821,9.891751883165867,-16.318504814691224,-0.009465002342457169,-0.020030784611107518,-0.019816064856906408,-0.20582901261717929,-0.026422291708465204,0.05527586565261565,0.0297236442565918,0.2147536757723513,-0.3261672776631659,nm
6.561845541000366,-49.214544079934,9.14970336815203,-16.129168521181676,0.0,0.0,0.0,-0.18403733798561753,-0.03718230132509486,0.05233409440270649,0.0,0.1949131158788807,-0.3332557188965322,nm
6.580849647521973,-50.06971623103462,8.758428981987239,-16.035936163852103,0.0,0.0,0.0,-0.17559336151182045,-0.0429309014484291,0.04993415680741772,0.0,0.18753535912532168,-0.3332557188965322,nm
6.583938121795654,-50.868783188190875,8.34784589406996,-15.938695928137415,0.0,0.0,0.0,-0.16647902755177035,-0.04863148564021457,0.04807980856138174,0.0,0.1799776541725573,-0.3332557188965322,nm
6.608185052871704,-52.41421618607573,7.509646201482799,-15.734526991646076,-0.0023213213686017744,-0.02172881458708558,0.027749874980740247,-0.15650036823489183,-0.05243088620485968,0.04675525167428022,0.035321176052093506,0.1715442119251156,-0.3392808939448936,nm
6.62092399597168,-53.14891404537515,7.097817483385482,-15.617628981914926,-0.002412051093171712,-0.0220036546380236,0.02891746225790888,-0.15173451885113654,-0.0521148179740396,0.04752016455923382,0.03641700744628906,0.1673244886536034,-0.3392808939448936,nm
6.622335195541382,-53.87626390274259,6.696466150752025,-15.490124340274448,-0.002648113325100754,-0.023561830859712272,0.031860762947516975,-0.14866401777795119,-0.05049099012290421,0.048620839441410664,0.0397149920463562,0.16436032457214736,-0.3392808939448936,nm
6.624142408370972,-54.58855337345399,6.3078952713013186,-15.354449032281646,-0.0024163045366670916,-0.020981200841825032,0.029179760310260785,-0.14509636088699465,-0.049265718300921246,0.049103517689762496,0.03602093458175659,0.16090749016706318,-0.3392808939448936,nm
6.663043975830078,-55.966243108793684,5.55430634316539,-15.072149800507846,0.0,0.0,0.0,-0.1399077825365818,-0.050068570305753395,0.04822744735023527,0.0,0.1562271936145732,-0.34440229273600076,nm
6.66452431678772,-56.62483021135609,5.172699938016608,-14.935104880882122,0.0,0.0,0.0,-0.13621211385630286,-0.052422934984703545,0.046078718355606035,0.0,0.1530527763841876,-0.34440229273600076,nm
6.665924549102783,-57.25878399737832,4.787767759460708,-14.804259100389134,-0.0069561284661131375,-0.021567100580406676,-0.014499518146375871,-0.13196650373170415,-0.05528648182081301,0.043698913545508984,0.026902854442596432,0.14960397128536007,-0.34440229273600076,nm
6.673207998275757,-57.86181945112966,4.394928920220158,-14.677408317344597,-0.00738521144438011,-0.023517912474278486,-0.01542255896697249,-0.12646822916643985,-0.058300268336082164,0.04170174809092204,0.029077291488647464,0.14536908223688094,-0.34440229273600076,nm
6.681187391281128,-58.42522194523394,4.0032146016874375,-14.555129505925343,-0.007676822522010506,-0.02509097946675994,-0.016072355751014317,-0.11875203945817829,-0.06022612091910627,0.03953123939346825,0.03077030181884766,0.1388954693444795,-0.34440229273600076,nm
6.693202495574951,-58.94960009711713,3.6201616109320502,-14.433723269292397,-0.008376465387035266,-0.028079007773360896,-0.01759349077442725,-0.11069938020596871,-0.06114351182946334,0.03822022675294874,0.03417786955833436,0.13211232928789107,-0.34440229273600076,nm
6.710731267929077,-59.85631420659317,2.8886991210327717,-14.193102854986305,-0.008245075034974285,-0.029003383900129298,-0.017479830507232008,-0.09130171519900888,-0.06148151701156348,0.035632131308388264,0.03485286235809326,0.11569627873835149,-0.34875548170844184,nm
6.729122161865234,-60.235055553569254,2.539867500888241,-14.07906438861335,-0.007997949273597144,-0.028779566991544738,-0.01706032160190957,-0.08125575212528442,-0.06205805971414339,0.0337145724618257,0.03439891338348389,0.10765859197116386,-0.34875548170844184,nm
6.736098766326904,-60.56322920225121,2.194239363014034,-13.972789954915605,-0.008536980678696897,-0.03139847702008877,-0.018344196936069354,-0.0705597332663066,-0.06381747281163747,0.031382452022741134,0.03735309839248657,0.10018085690208518,-0.34875548170844184,nm
6.742830991744995,-60.83918535834888,1.8483980863904639,-13.8769804442722,-0.008185929553955605,-0.030747563116989986,-0.017742145057588234,-0.06054314678675315,-0.06605907287313909,0.028610275844136057,0.03643083572387695,0.09406285991600827,-0.34875548170844184,nm
6.760713338851929,-61.25705904450496,1.1336426891114506,-13.719831061445845,-0.007355764901531251,-0.02877068673136652,-0.016282944665643343,-0.04250565223794549,-0.07152573781779098,0.023099113582818815,0.03386729955673218,0.08634946838785112,-0.3524556923350168,nm
6.774573087692261,-61.40184548195439,0.7750038137833122,-13.657790041356122,-0.007396742157474321,-0.029490613355514565,-0.016573605131458738,-0.03416600801655312,-0.07294089374820392,0.02060779202131789,0.03462791442871094,0.0831406710134567,-0.3524556923350168,nm
6.7815186977386475,-61.50585940001235,0.4230757698959591,-13.603487954265576,-0.007050346996990066,-0.028632368851734986,-0.01600600394070932,-0.025570622770643547,-0.07340468470000011,0.018853304732342157,0.03355163335800171,0.07998469593688244,-0.3524556923350168,nm
6.788980007171631,-61.57020592022254,0.08407091153747207,-13.55786786013263,-0.006485628865844096,-0.026801455912291893,-0.014928270364524246,-0.017606268583046255,-0.0725485604363915,0.017003919597368466,0.0313565731048584,0.07656636073684633,-0.3524556923350168,nm
6.798412799835205,-61.60481766507911,-0.24043161452912956,-13.517576476962837,-0.0062777707565244084,-0.026376638926580886,-0.014657057984888425,-0.011135159028403622,-0.07111269782973977,0.015914032998177632,0.0308215320110321,0.07371746065538884,-0.3524556923350168,nm
6.805731296539307,-61.60210890914701,-0.550205950676494,-13.485763288138033,-0.005505030798255092,-0.0234923931322191,-0.013044456252291059,-0.0036767447699369033,-0.0695923018345439,0.014263228932288435,0.027429103851318356,0.07113400471158918,-0.3524556923350168,nm
6.817789316177368,-61.56417747163854,-0.8467346482151131,-13.46623290048563,-0.0055384462087756095,-0.023974855624511602,-0.013322562994683197,0.0037447490413500782,-0.06828810191355685,0.01192042274340382,0.02798140048980713,0.06942178683036383,-0.3524556923350168,nm
6.822653770446777,-61.49187569542514,-1.1345780327693005,-13.45833741849774,-0.005626476545807911,-0.024680937957310092,-0.013745616788569476,0.010918265805500023,-0.06748477289551785,0.009769622896983675,0.02880534529685974,0.06905685072828358,-0.3524556923350168,nm
6.839654922485352,-61.38427039394531,-1.4161506377254431,-13.460612605689246,-0.005392063694426412,-0.023949620385334366,-0.013388044320049124,0.017652862469765593,-0.06738787232452102,0.007975394985799978,0.027962446212768555,0.07011672992219424,-0.3524556923350168,nm
6.859052658081055,-61.05905633750269,-1.9604544595856734,-13.498028109965563,0.01939011075736515,-0.02846528867491858,-0.011937499606632773,0.03196529119996447,-0.06722135533260605,0.004448010941263735,0.03645206374662062,0.07456725323883542,-0.3556008713676055,nm
6.871920585632324,-60.83337222221011,-2.2154070259572567,-13.531596626801381,0.0,0.0,0.0,0.04005344529454299,-0.06672771955997849,0.002869537099021206,0.0,0.07787876013908247,-0.3556008713676055,nm
6.8734130859375,-60.57179073505564,-2.456222055065039,-13.57340236074238,0.0,0.0,0.0,0.047841476357867466,-0.0657532412691151,0.001691196101924329,0.0,0.08133360770155236,-0.3556008713676055,nm
6.884336709976196,-60.26672679817434,-2.677408224246788,-13.624158618355729,0.0,0.0,0.0,0.05605403423866097,-0.06420668546528528,0.0004689353483986167,0.0,0.08523363839018037,-0.3556008713676055,nm
6.890562057495117,-59.91955524920003,-2.8774213867892176,-13.684230350905086,0.0,0.0,0.0,0.06462314257731307,-0.062377281080974165,-0.000802558643711014,0.0,0.08982048681675682,-0.3556008713676055,nm
6.900482177734375,-59.53075996152996,-3.0582605744063995,-13.753264433405604,0.0,0.0,0.0,0.07315485015062519,-0.06073059507569329,-0.0019831305972820433,0.0,0.09509873861294967,-0.3556008713676055,nm
6.926060199737549,-58.63468380614232,-3.3693955575176258,-13.922394987790312,0.0,0.0,0.0,0.08862846033790513,-0.05800481878399177,-0.004842382115114326,0.0,0.10603306865586852,-0.3582742735453059,nm
6.939682245254517,-58.12984842792562,-3.504470057426862,-14.02033876387092,0.0,0.0,0.0,0.09584516596285636,-0.057340607012401935,-0.005942121053785127,0.0,0.1118460989646757,-0.3582742735453059,nm
6.945755481719971,-57.588028003447064,-3.6258969980995066,-14.127227196973113,0.0,0.0,0.0,0.10296234311249107,-0.056581918812061975,-0.007131962159158035,0.0,0.11770141256547761,-0.3582742735453059,nm
6.946996450424194,-57.01315647282756,-3.73407532559789,-14.241446280950708,0.0,0.0,0.0,0.10960271550585175,-0.056041592890172076,-0.008050913502025246,0.0,0.1233622008077902,-0.3582742735453059,nm
6.974824905395508,-55.772284374532354,-3.9077280615250594,-14.48870044386349,0.0,0.0,0.0,0.12088973382269692,-0.05468489092288184,-0.009618276562194062,0.0,0.13303111020733777,-0.3605466653963512,nm
6.98811411857605,-54.42495985756238,-4.014408351633006,-14.764082337326197,0.0,0.0,0.0,0.1316716565365348,-0.052320664179584545,-0.011705343727848665,0.0,0.14216853416651354,-0.3605466653963512,nm
6.995726585388184,-53.71319400410094,-4.045799540689059,-14.911412558967466,0.0,0.0,0.0,0.13696918128744295,-0.05124753854907147,-0.012641069899190904,0.0,0.14678781788039227,-0.3605466653963512,nm
7.01314377784729,-52.22082925594303,-4.06917467568216,-15.221908639081601,0.0,0.0,0.0,0.1470673256976452,-0.04943462470742233,-0.014293258490855113,0.0,0.15581039004542457,-0.3624781984697397,nm
7.0375165939331055,-51.4384291651673,-4.06562403227039,-15.383562208599288,0.0,0.0,0.0,0.15199271686761487,-0.04920266315810173,-0.014843614612552581,0.0,0.16044631793037367,-0.3624781984697397,nm
7.038869380950928,-50.633360991913214,-4.051606831755794,-15.548534950968053,0.0,0.0,0.0,0.15704847544806377,-0.04901061079930085,-0.015368143293802436,0.0,0.16523451043828732,-0.3624781984697397,nm
7.044017314910889,-49.80024164282374,-4.0259264547719145,-15.717719678614511,0.0,0.0,0.0,0.16249796957282914,-0.04895111304997197,-0.01603918226288117,0.0,0.1704671726514673,-0.3624781984697397,nm
7.064998149871826,-48.044352601225675,-3.9367871300794413,-16.066482879951764,0.0,0.0,0.0,0.174606473918728,-0.04898485076166777,-0.017280389312813334,0.0,0.18216900996952445,-0.36412000158212,nm
7.0842204093933105,-47.1206563566342,-3.8707055496755034,-16.248300689498098,0.0,0.0,0.0,0.18105829338298218,-0.0484601909854597,-0.018278418322135906,0.0,0.1883204616855648,-0.36412000158212,nm
7.086083173751831,-46.16425808064348,-3.7877699480984774,-16.433628606854594,0.0,0.0,0.0,0.18739805298180218,-0.04779167439355469,-0.018986629074320326,0.0,0.19432592849724328,-0.36412000158212,nm
7.089312553405762,-45.18266193353645,-3.688388392885431,-16.622134726517036,0.0,0.0,0.0,0.19313608734492346,-0.04685260702499841,-0.01980875365047319,0.0,0.19972256192310864,-0.36412000158212,nm
7.12272572517395,-43.13823934257788,-3.4399420840028365,-17.009072119488188,0.006335358939019694,0.026706349252587087,0.029179301870798296,0.20370831188837066,-0.044398079956706915,-0.02170171012390792,0.04005992412567139,0.20961686491919956,-0.22876236099409344,nm
7.124041795730591,-42.082449292949626,-3.293266936657602,-17.205121304122457,0.006559458992445418,0.027186084587520344,0.03085637861150666,0.20855522914022206,-0.0436772682368119,-0.022395302698734694,0.04164403676986694,0.214253440918294,-0.22876236099409344,nm
7.130470514297485,-41.005498372137225,-3.13670008957357,-17.400179847503274,0.00807999114917323,0.03289813759100071,0.03882697681163702,0.21245315016148822,-0.043270162011832154,-0.02275507629201011,0.05152773857116699,0.21800559954075782,-0.22876236099409344,nm
7.140170335769653,-39.916724140202255,-2.969335719882999,-17.595969493485462,0.008578425638043381,0.03427135343121544,0.042090264815856454,0.21554203788991746,-0.042873049410127186,-0.023632147379977493,0.05495184659957886,0.22103155171434416,-0.22876236099409344,nm
7.1615355014801025,-37.73336333293567,-2.6028495428375447,-17.984385801870815,0.007871202225914706,0.030162430144149353,0.04017338582800223,0.21778309689248732,-0.0416362804419317,-0.025069158197607258,0.050849080085754395,0.2231401349687195,0.2,nm
7.179834604263306,-36.644610232496696,-2.400736217011074,-18.175614400513155,0.007370953687256381,0.027600045366990022,0.03830906785738645,0.2184062695182317,-0.040570745245481314,-0.02559065915459386,0.0477878451347351,0.22361164050784746,0.2,nm
7.18165397644043,-35.517879187753195,-2.1825356093677986,-18.362676186602318,0.008466602799175677,0.030930598027652478,0.044832279864277666,0.22388969422272764,-0.040442433491538116,-0.025518600207807135,0.05512094497680664,0.22893969634475772,0.2,nm
7.189167261123657,-34.34580265710217,-1.942548804935627,-18.549142529721667,0.007441614008122613,0.026458024021506064,0.04014936356657258,0.2323170002752472,-0.040439436297055015,-0.0262593400573804,0.04865568876266479,0.23726796995203953,0.2,nm
7.1939544677734375,-33.06451226130352,-1.6892703782340066,-18.731751159478918,0.005572673015639861,0.012368405439978759,-0.04426775407717781,0.25879674196888974,-0.045655505174918655,-0.02610115550444073,0.04629974285786509,0.26408606386016686,0.2,nm
7.204201698303223,-31.34609666197887,-1.413166671295661,-18.910340349331058,0.04580273328733102,0.12742455458499052,-0.08244331183358213,0.3131619746083952,-0.061087589323315684,-0.02444805562491633,0.15853014588356018,0.31999972395894694,0.2,nm
7.234795808792114,-27.415050141429056,-0.8605055927706814,-19.251999409844085,0.07127502220933103,0.19437314445901682,-0.21303465850526238,0.3892227790018943,-0.0881398765369593,-0.025107959549507498,0.2970602864778128,0.3998667517594424,0.25073964035070856,nm
7.249249219894409,-25.12944841955604,-0.5797496634193235,-19.398928557352203,0.1280331551813653,0.3607318166090422,-0.0938682844422082,0.45248235315812335,-0.11252821014056918,-0.02322405798865756,0.39412077738160234,0.4668428374371972,0.25073964035070856,nm
7.2563416957855225,-20.03151684722799,-0.032635317661227486,-19.673361573958545,0.04824246687337483,0.13464268684593259,-0.1719582328249107,0.5399404431153926,-0.1468279469979683,-0.024624408393518697,0.22366408421422232,0.5600897156884916,0.25073964035070856,nm
7.28727126121521,-9.798433588787228,0.8461729850852922,-20.000907897736123,0.06442735014386324,0.17518969382988672,0.042014979646615776,0.6770099081885539,-0.19624671062339388,-0.03408143696620766,0.19133105023878103,0.7057030052094563,0.2938683346488108,nm
7.294172048568726,-6.08811080696615,1.143502147569771,-20.104332506656732,0.07986173705211555,0.20632201273084547,0.2042236524292045,0.7202357091926281,-0.21240113499299335,-0.03751156113116093,0.30108797749796146,0.7518383045316437,0.2938683346488108,nm
7.301953315734863,-2.4515507104367997,1.4292442017893128,-20.20986601624702,0.04657100518935217,0.11124683045845288,0.21132046435189458,0.7051699217367899,-0.21051559398143158,-0.042174472281706774,0.2433126681151205,0.7371296493452599,0.2938683346488108,nm
7.327271461486816,8.228208556214069,2.2285606350689426,-20.239598452634898,-0.0029262950261681043,-0.032228354532178025,0.21594784573590273,0.6668444449274196,-0.20348729170083538,-0.046120636088383904,0.218359112739563,0.6987243409868418,0.2850752243387784,nm
7.338711500167847,11.511440598037783,2.458574324975138,-20.315216652195602,-0.018527660723383615,-0.06967832793449842,0.158747435646332,0.6344590179839013,-0.19638430599617346,-0.04955747949316272,0.1743533536239399,0.6660037424192227,0.2850752243387784,nm
7.347752809524536,14.636747999249948,2.6829708927157485,-20.404672661920422,-0.018548201411831746,-0.07044692047878309,0.15315197472323233,0.6041482774917291,-0.18691598761422326,-0.05409401071799798,0.16959461000333548,0.6347116586431847,0.2850752243387784,nm
7.387664079666138,25.280671067699487,3.6199922525057797,-20.933280574875834,-0.009462017245849302,-0.03996892658407283,0.08602901434203697,0.4698178756049933,-0.13593971961249934,-0.06788125372771568,0.09533119201660155,0.4937775898255817,0.2776010805752509,nm
7.3961451053619385,27.54056188061971,3.8560400514978452,-21.064539806516503,-0.010073031665390825,-0.04127088975104095,0.08061498880343278,0.4411810029107058,-0.1272637681746178,-0.06604892710911667,0.09112370014190675,0.4638956830921845,0.2776010805752509,nm
7.414133310317993,31.566509998657295,4.274559465792263,-21.279878847754546,-0.017511891018150687,-0.048250639046430316,0.01596662964575054,0.3871900789263312,-0.11422839041287405,-0.05940247690695951,0.05375615088215536,0.40803546004970753,0.2712480583762525,nm
7.431744337081909,33.45733896074852,4.4435299218270865,-21.372929412369327,-0.014088130458973495,-0.05375471710980597,0.08327022365520567,0.37561086687702233,-0.11533306786757212,-0.05847654230433153,0.10010981559753418,0.3972464548107692,0.2712480583762525,nm
7.435019254684448,35.15486229612433,4.613628116328002,-21.47214620500208,-0.005704881636611085,-0.02135608759706173,0.03108440956791152,0.3374384003940658,-0.10248604906435176,-0.05801756400230677,0.03814274072647095,0.35739907952607874,0.2712480583762525,nm
7.453017473220825,38.31573957281617,4.980539141433833,-21.690959422579585,-0.010314168003381752,-0.03739144583355553,0.04860845588501064,0.3092898141067752,-0.09275958239608131,-0.060952161364169595,0.06218749284744262,0.3286026402989829,0.26584798950710387,nm
7.465274095535278,39.70643546291956,5.182893345321372,-21.813329750435592,-0.009106968919675771,-0.018586900373189545,-0.017069555689583276,0.28073054833837,-0.07933269514475581,-0.061087520757775474,0.026828706264495853,0.29805201304742823,0.26584798950710387,nm
7.472350358963013,41.04308036877958,5.39115323455413,-21.931009822252587,-0.006131460126661688,-0.021709218451850032,0.025647650388802918,0.27101317377499234,-0.07376820839878402,-0.06028464123634161,0.03415679931640625,0.2872701287968435,0.26584798950710387,nm
7.496354103088379,43.38204455261803,5.788169208141183,-22.355341948273217,-0.010057434423735662,-0.019075814727320145,-0.020184600746726532,0.22713839335063438,-0.058974205643330516,-0.05393284999296908,0.029537379741668698,0.24078737295284702,0.2612579309683275,nm
7.499712228775024,44.429050605769895,5.961287597048016,-22.59160569566332,-0.01231831689453324,-0.022777795639849118,-0.025117227857444236,0.21363533422792927,-0.05692712745641565,-0.04913038698145595,0.03607553243637085,0.22648299891176302,0.2612579309683275,nm
7.510100603103638,45.376646969547316,6.121571475853055,-22.766894722165212,-0.010874808906053178,-0.036112735356111536,0.03680645205245677,0.19743845775437577,-0.05378218136492923,-0.04498383729040337,0.05269825458526611,0.20951852722412415,0.2612579309683275,nm
7.541095495223999,46.90499971115614,6.438131582934441,-23.26484942790608,-0.014923845329744423,-0.02574609858670276,-0.03138129914866403,0.1571417546370667,-0.04201270939524094,-0.04099714570426677,0.043247759342193604,0.1677479202763537,0.25735638121036764,nm
7.546851634979248,47.56345028499352,6.608257123629734,-23.58462294466343,0.0,0.0,0.0,0.14047631045293127,-0.03429983882474968,-0.03912172175139126,0.0,0.1498018085827585,0.25735638121036764,nm
7.5483238697052,48.116650135850776,6.798443700511103,-23.883104611720963,-0.008837455453166639,-0.002505086304362489,-0.05927510009261907,0.11733180697414385,-0.022730479953243458,-0.03693615877004094,0.05998261054063101,0.12509079690931793,0.25735638121036764,nm
7.5567381381988525,48.6486840304881,6.979053960772231,-24.275230116321804,0.0,0.0,0.0,0.11522690820509326,-0.022366073067644238,-0.03612151605886519,0.0,0.12280979407752073,0.25735638121036764,nm
7.594369173049927,49.418664413475504,7.343599010065063,-25.077847137476528,-0.0012891473677652287,0.009183817661532916,-0.03926378154898278,0.07838687845736914,-0.005882319334463531,-0.027018853203069758,0.040344131534863166,0.08312113343459651,0.25404006391610173,nm
7.595850467681885,49.732651789290394,7.499454809060734,-25.56078263738041,0.0,0.0,0.0,0.0724577588555581,-0.006721142173133084,-0.023472787729727447,0.0,0.0764609203076089,0.25404006391610173,nm
7.597320079803467,49.94217953158663,7.646949980087198,-25.950842835997584,-0.0025650989300129872,0.006298440098484853,-0.037707120878478995,0.051195863618329604,0.0013358151810029602,-0.018926463629733357,0.03831549353902651,0.05459864356696073,0.25404006391610173,nm
7.604970216751099,50.14900832458375,7.786329777370842,-26.443124415074568,0.007701073779925566,0.021168362462728147,-0.018510353240186846,0.048599908667951865,-4.188217242721366e-05,-0.01697193256612313,0.029155433177947995,0.0514781446021383,0.25404006391610173,nm
7.623963117599487,50.33887453956887,8.048795366865033,-27.50972678883677,0.0,0.0,0.0,0.0,0.0,0.0,0.0,0.0,0.2512211942159757,nm
7.639251947402954,50.35136569083007,8.19446164764963,-28.058893454794383,0.00044316807366924754,0.014926905491346388,-0.04604207183122677,0.0,0.0,0.0,0.04840331893580183,0.0,0.2512211942159757,nm
7.641940593719482,50.34973003988295,8.337132528058008,-28.634513286554377,0.0,0.0,0.0,0.0,0.0,0.0,0.0,0.0,0.2512211942159757,nm
7.681048631668091,50.17557408765626,8.616065572012053,-29.778316509998135,0.0,0.0,0.0,0.0,0.0,0.0,0.0,0.0,0.2488251549708686,nm
7.687905311584473,50.0144506556871,8.74564138177047,-30.24140990083735,0.010627094889223388,0.025067034129963577,-0.022387409150492345,0.0,0.0,0.0,0.03524893522262573,0.0,0.2488251549708686,nm
7.689265489578247,49.849664614650735,8.85679390901197,-30.72778892154215,0.012183421578504576,0.02825223496742036,-0.025431585002772667,0.0,0.0,0.0,0.03991729021072388,0.0,0.2488251549708686,nm
7.69110894203186,49.66000490003772,8.953106008873494,-31.228607052600648,0.00973754145142655,0.02218314606932353,-0.020148557630499574,0.0,0.0,0.0,0.03150993585586548,0.0,0.2488251549708686,nm
7.7216527462005615,49.142083251157764,9.129893760398906,-32.423778101558774,0.00881435706447148,0.01924411168791748,-0.017908155983189334,-0.04265526086333353,0.04129685934470182,-0.011683614887515821,0.027725994586944587,0.060509575505823046,0.24678852161252754,nm
7.72906756401062,48.8433629779085,9.217567449019295,-32.93676100801536,0.015260058017257612,0.032775719559746244,-0.030892776779497193,-0.04742850159404105,0.04329956519023412,-0.013585402904338306,0.04755502939224244,0.065642046595094,0.24678852161252754,nm
7.7303831577301025,48.531698465562236,9.29673758154793,-33.50916982425742,0.0,0.0,0.0,-0.048309893317807225,0.043247007032379,-0.015021508244665577,0.0,0.06655670604515454,0.24678852161252754,nm
7.73860502243042,48.16268601324677,9.380803029921779,-34.04392248888781,0.0,0.0,0.0,-0.057246849602281914,0.04963527370805638,-0.013936784724361561,0.0,0.07703957524489057,0.24678852161252754,nm
7.748931884765625,47.72040054181687,9.462700372188504,-34.50726967898106,0.0,0.0,0.0,-0.06679213209592057,0.05566959040391974,-0.012146397486235836,0.0,0.08779423202894784,0.24678852161252754,nm
7.7831878662109375,46.78070571243935,9.602324921456828,-35.315565101069474,0.0,0.0,0.0,-0.07284846504739192,0.058319213872966624,-0.009112820508962205,0.0,0.0937607223956304,0.24505738325793763,nm
7.789838552474976,46.227086200812586,9.65463011461196,-35.837689251590774,0.0,0.0,0.0,-0.08477887138556595,0.06604894587819254,-0.006114024264075928,0.0,0.10764432905514554,0.24505738325793763,nm
7.79152512550354,45.606882499270206,9.693586330089687,-36.3127403984961,0.0,0.0,0.0,-0.09332885606918044,0.07124397537030741,-0.004392104650089064,0.0,0.11749582964941395,0.24505738325793763,nm
7.793961763381958,44.92120029163812,9.723953285858993,-36.59909241951668,0.0,0.0,0.0,-0.10445206058213964,0.07764495737382779,-0.0030264065620039496,0.0,0.13018498954225502,0.24505738325793763,nm
7.803260803222656,44.23406349002608,9.746914407625662,-36.840672738127566,0.0,0.0,0.0,-0.10869859066452527,0.07853594168861336,-0.0030344941540142115,0.0,0.13413607234499617,0.24505738325793763,nm
7.839807033538818,43.53913371424371,9.745018965502641,-37.159260834266036,0.014399393960228093,0.01376192204451362,0.018417667823798146,-0.11086247947900453,0.07713334549986649,-0.004125010120677873,0.027128279209136963,0.13511868136098046,0.24358591565653623,nm
7.841487646102905,41.98318962839121,9.718271787421928,-37.792269899388735,0.009126989269888645,0.017783742206248745,-0.021519121145451216,-0.13198704251976365,0.08768655024063489,-0.0016988768751758441,0.029370665550231937,0.15846891388803763,0.24358591565653623,nm
7.845104217529297,41.206356456471866,9.677745144001959,-38.08121928809292,0.0,0.0,0.0,-0.13111928460195965,0.08192698528945458,-0.0019884620396712,0.0,0.15462293392130227,0.24358591565653623,nm
7.851913690567017,40.3974575440411,9.616423268146796,-38.179836390065944,0.020457659280340865,0.019569762692431287,0.023517084378509964,-0.137602365349334,0.08284109685127958,-0.0003191845190902509,0.036804139614105225,0.16061494375061092,0.24358591565653623,nm
7.872027397155762,39.54878400402202,9.540924078953383,-38.227784250200315,0.01612451085198056,0.007551412488461358,0.0475614686662937,-0.14517522153306203,0.08445746101730102,0.001627461222372779,0.0507850074577268,0.16796296109170286,0.24358591565653623,nm
7.889596223831177,37.664363688706594,9.34580663016651,-38.65620372352245,0.0,0.0,0.0,-0.16542716693934348,0.09507285911872357,0.006913161799763861,0.0,0.19092613207378342,0.24233516819534504,nm
7.891050338745117,36.74044377673081,9.221180676375344,-38.867096472237634,0.007005901394853647,-0.008632670554605315,0.06696863506064288,-0.1582863250036544,0.08623672843273833,0.007486382390406874,0.06788522473369539,0.18040892421174667,0.24233516819534504,nm
7.903252363204956,35.78931300341959,9.076762350764302,-38.988582170295665,0.015304084252344653,-0.003032322562218314,0.08640099845455945,-0.1656836361884671,0.08891482533515173,0.009184692920606483,0.08779830584281788,0.18825852450568795,0.24233516819534504,nm
7.9201109409332275,34.79603248690163,8.91601193431959,-39.08918932912242,0.015337956968428828,0.007832966108706083,0.044401968470579,-0.17537525836369813,0.09332153850367836,0.011472038779807117,0.04762502583818516,0.1989899456469919,0.24233516819534504,nm
7.921653985977173,33.831184867440925,8.748015959152093,-39.00875151314197,0.022897565963074202,0.0230345886782826,0.021404307213976716,-0.17378120157708543,0.0885135483526824,0.012203015359570794,0.03889775276184081,0.19540590535453162,0.24233516819534504,nm
7.926912546157837,32.88608804483991,8.559837181081688,-38.9785757767352,0.02381449642877275,0.024254341915376242,0.02163343431410606,-0.17387306145137502,0.08325615678991054,0.011707793413361534,0.040291547775268555,0.193133377665565,0.24233516819534504,nm
7.93666672706604,31.94438394323232,8.350838320771448,-39.064532056268504,0.0174110713191917,0.009807424118311979,0.04998961576473566,-0.1743863613945885,0.07942305795628625,0.011744564719038066,0.05383579345216652,0.19198062395984472,0.24233516819534504,nm
7.963375806808472,30.06585081193271,7.914777209404746,-39.13886531958129,0.016529655072768698,0.01729946813075774,0.013675624208243458,-0.1760082275894592,0.07556500698269783,0.014051057388467398,0.027559459209442142,0.1920583210204964,0.2412720328533325,nm
7.974587917327881,29.21205336710496,7.6824544429221975,-38.94799368589764,0.023813081898154127,0.017545958250207307,0.05552667843362489,-0.16707024443445148,0.06410599562476554,0.013708828333805429,0.06291371502524229,0.17947138274587282,0.2412720328533325,nm
7.98269248008728,28.330595695746098,7.4433298900912455,-38.79554741989119,0.02652149048034131,0.006389933086965905,0.12757278992253654,-0.16719424981527856,0.06294135544860567,0.015094559071319636,0.13045703289119517,0.17928574151493212,0.2412720328533325,nm
7.986681938171387,27.431082239582178,7.208297074682015,-38.642701317977334,0.016149359136827444,0.006091189857628638,0.0696558359127514,-0.17227490212224636,0.06709201470514412,0.018112801730350625,0.07176238479256426,0.18576343538206821,0.2412720328533325,nm
8.009170293807983,25.957562531937253,6.686831742867615,-38.08370024605681,0.04658051990733445,0.05296907733040558,0.03405028929646884,-0.15271467664550714,0.04296237508562025,0.021023761893310337,0.07832553982734679,0.16002979941275292,0.24036836781262189,nm
8.021355867385864,25.257442978712344,6.418978733915194,-37.69403361244392,0.014042437256057623,0.031009918168508135,-0.06976898347028179,-0.15318798180510043,0.04125600852781053,0.024713879355684608,0.07763063907623291,0.1605596208328043,0.24036836781262189,nm
8.022747278213501,24.709178866027507,6.1386401279190315,-37.32444654924677,0.026803702866969096,0.031783752800297015,0.01899866194238253,-0.1289682068139661,0.018139325578246275,0.02562341268590924,0.045712083578109734,0.13273429390672165,0.24036836781262189,nm
8.044809818267822,23.49521919852943,5.555930374870413,-36.49479306341206,0.0,0.0,0.0,-0.1362841838346248,0.017188896225416212,0.026365543285749773,0.0,0.13987129365838682,0.23960025252801784,nm
8.057306051254272,22.994116313534587,5.270526703464723,-36.05066959931531,0.011273672478621351,0.006297784039906373,0.05862953452381614,-0.1180369909827708,0.0021635570502636734,0.024975298020068537,0.060034824006137244,0.12066970510682332,0.23960025252801784,nm
8.064443111419678,22.453413178733797,4.9794782292553,-35.607953084302274,0.0,0.0,0.0,-0.12541062659386892,0.005421407190231288,0.02454300614029102,0.0,0.12790455843710763,0.23960025252801784,nm
8.06990671157837,21.92246314839253,4.685907212586955,-35.22309898505489,-0.004485559557198356,-0.010194879899365041,0.027031581388492616,-0.12088476184959143,0.0020188357619865794,0.02537236388589906,0.029236316680908203,0.12353525081702303,0.23960025252801784,nm
8.09197473526001,20.88689610944977,4.099435414550319,-34.269408275609116,-0.009833205883344265,-0.022444479211935986,0.06295427616386609,-0.11777647633845117,-0.0015249897737954715,0.03310044127101052,0.06755506992340088,0.12234894026859222,0.2389473545361044,nm
8.105605363845825,20.402484000689327,3.7870367893306804,-33.64273849317209,0.013808805824472609,0.019684433032604857,0.008921206370597796,-0.11679454780221876,-0.004869981911965035,0.03832271874921829,0.02564659714698791,0.12301753489840103,0.2389473545361044,nm
8.112207651138306,19.966642976165538,3.4719735539691143,-32.9692243187322,0.0036669251173241917,0.008431094470979138,-0.024915919496269475,-0.11162537215773198,-0.009882940758076655,0.043281157860399565,0.026558101177215576,0.12012974175081143,0.2389473545361044,nm
8.122107028961182,19.550709100775304,3.1564197572741053,-32.360740700291025,0.01843906984318387,0.027878559380475804,0.011849352213803026,-0.10945162287029146,-0.014153043019007435,0.04571918763992351,0.03546294569969177,0.11945798631356934,0.2389473545361044,nm
8.130868434906006,19.091868837697437,2.8406620412163623,-31.814214315951705,0.0,0.0,0.0,-0.11136752582054085,-0.015754615628122696,0.04522017561863229,0.0,0.12122622655167761,0.2389473545361044,nm
8.136264562606812,18.685925776493296,2.5361225878450484,-31.22954214893776,0.002969199971325442,-0.002377426845568639,0.08515129115062281,-0.10122670566649988,-0.022245410635021962,0.04345356360672837,0.08523620528562897,0.11238290094376874,0.2389473545361044,nm
8.145602941513062,18.276291838606575,2.2396383731981073,-30.63486578889294,0.005554518212731821,0.0010966775988032864,0.1079152834705461,-0.10023115896212334,-0.020428158688765585,0.04177801357845022,0.10806370242065375,0.11049433158703209,0.2389473545361044,nm
8.157289266586304,17.845019407396048,1.9649624759397744,-30.05727476569151,-0.007034090642792866,-0.015815366693846384,0.05343246138701486,-0.10308052978584657,-0.015683913781384284,0.0414479839031547,0.05616611242294312,0.11220301307036666,0.2389473545361044,nm
8.166608572006226,17.44156287422805,1.7018776012948207,-29.491852435354268,0.004732821528829973,0.004517485959368833,0.06379931923029576,-0.09608995506373051,-0.01582660280851743,0.04466855796298853,0.06413392560311616,0.1071402860323846,0.2389473545361044,nm
8.197198390960693,16.73300900476492,1.1821609240057491,-28.318497487688298,0.007630096170681995,0.012219964972245388,0.044590285198387945,-0.0809945424215726,-0.020435529918022728,0.05611030349196884,0.046859784950107654,0.10062848971872318,0.23839239124297798,nm
8.198597431182861,16.408338185765317,0.923986430042223,-27.654880941300483,0.023360794419285187,-0.012241234246854292,-0.00042535588672242436,-0.08032428006321216,-0.020456965254734283,0.060381412186556065,0.02637717686593533,0.10254946285939058,0.23839239124297798,nm
8.21233606338501,16.12322024481389,0.6728637601284775,-27.026181006592832,0.0,0.0,0.0,-0.07262311485322477,-0.024924937744980086,0.062060172987981506,0.0,0.09872605737025053,0.23839239124297798,nm
8.213699340820312,15.897607603769854,0.4370973543622548,-26.460878950252866,0.0,0.0,0.0,-0.062220551599938716,-0.029769924670883786,0.060891362439776386,0.0,0.09200762727123736,0.23839239124297798,nm
8.22315502166748,15.681424176708814,0.22774606817918572,-25.85999518392337,0.0066602266935203835,0.013293140456627581,0.049100528096592086,-0.058674878760146834,-0.029328639342228225,0.057662536854347156,0.05130232024161226,0.08733772747022545,0.23839239124297798,nm
8.248281717300415,15.298031749325435,-0.10392829226798993,-24.66067095553297,-0.0032405179394419635,-0.006936471676351967,0.027989039638144062,-0.04250569966444421,-0.027846193339403632,0.05378742714165342,0.029017269611358643,0.07399481269641849,0.2379206724438205,nm
8.257226705551147,15.140083309374027,-0.2367102601943355,-24.046216915298444,0.0024625837314533557,0.0062653277755746,0.07360245924634219,-0.04000018762406968,-0.024679458558306264,0.05466738340678287,0.07390967905409458,0.07209447616313008,0.2379206724438205,nm
8.26533031463623,14.933536779324266,-0.36498450076711747,-23.457189666295285,-0.010406714264034323,-0.024094811620715424,-0.0069998574452613625,-0.04150266151364788,-0.020078855683581125,0.05791819967663013,0.027163535356521606,0.07402802990800515,0.2379206724438205,nm
8.285310506820679,14.7922818782995,-0.6070522473158843,-22.255984651890117,0.0019604197934406688,0.006980921454269832,0.07829966629002635,-0.018400632868309497,-0.027564157295213425,0.06866195609907204,0.07863468860017625,0.07624191939281484,-0.2,nm
8.297492265701294,14.672098857604281,-0.7331392046678851,-21.672056658344516,0.0,0.0,0.0,-0.026056870670459118,-0.02415311979513674,0.0707417573031153,0.0,0.07916268016753933,-0.2,nm
8.310244798660278,14.649486139730808,-0.848171883964279,-21.056373081586102,0.0,0.0,0.0,-0.009960800658156098,-0.030306665600623273,0.07239962133586811,0.0,0.07911647552284298,-0.2,nm
8.317655086517334,14.33143662457901,-1.0278816546039247,-19.95960926545637,-0.021503669940764976,-0.05501582924757545,0.07981047289503192,-0.046724500339884636,-0.013671027725231391,0.06359134707746505,0.09929179660197696,0.08008704860464361,-0.2,nm
8.32837462425232,13.733969488168936,-1.079018388246706,-19.36104956160281,-0.05449630691802156,-0.15118906582227362,0.06861132885897388,-0.08278335896205169,0.004902824276019074,0.0587653679862482,0.17474408585044945,0.10163902145082168,-0.2,nm
8.372202634811401,12.238738623604878,-1.1287447336922243,-18.205597754438685,-0.09739092466918522,-0.2924379101433729,0.058365745905051405,-0.16265552735450314,0.040934231061293624,0.057383945628540094,0.3137060467890209,0.17727196356855232,-0.24995675865372252,nm
8.374642133712769,9.70722245362243,-1.065697085844585,-17.00096548595418,-0.07615061751182733,-0.23412011946551442,0.23486374117981298,-0.2707037983165177,0.0815723759945875,0.062275347119184726,0.3402530290929936,0.2895044348662162,0.2,nm
8.379122257232666,7.712449662154548,-1.0034797971244358,-16.58577772726056,-0.04652516530447824,-0.27771962380901677,0.14040097185446365,-0.3754993512997554,0.11485825673358113,0.05913445248876957,0.3146509389035868,0.3971008252793753,0.2,nm
8.405951976776123,5.44273012969323,-0.9323320737884809,-16.134430041983368,-0.03994876045077744,-0.29608572013222667,0.09577503057744507,-0.4288225143920229,0.1288294318798979,0.058337107758919725,0.3137443443472462,0.4515406842242123,0.2,nm
8.408607959747314,0.1988255783649682,-0.7889116651405625,-15.121171823880418,-0.0011580705170577308,-0.14733068471865185,0.1354657223338011,-0.5349318271049167,0.1494438456682609,0.05086304445641698,0.20014653060797175,0.5577388026211723,0.2,nm
8.417081356048584,-2.5838479160251673,-0.7064073628515369,-14.669994872364429,0.010182602357887456,-0.07844468468458042,0.033260253013698594,-0.5309971308798417,0.14542896713830217,0.05108425110220948,0.08581082901695652,0.5529169360728704,0.2,nm
8.426208019256592,-5.17983910793295,-0.623338854782775,-14.25228014530358,0.03739058353781479,0.1519187110036773,0.10674953741399602,-0.4958719200712337,0.132200785723245,0.05380420833908483,0.18940119912085895,0.5160047496835383,0.2,nm
8.443931579589844,-10.266389554238524,-0.41911293030156543,-13.628778881991332,0.056884234299497495,0.09171072958789268,-0.2996822654104661,-0.472388536618632,0.12686513982830164,0.05586064532661712,0.31852179554142407,0.4923069214714062,0.21340892498634004,nm
8.462787389755249,-11.759944064429614,-0.29320733257517384,-13.16919649063369,0.06554910160042307,0.2732952222161121,-0.3050555986439825,-0.2815769248722263,0.08004396419507843,0.07061847641434249,0.4147841384031159,0.3011304867256808,0.21340892498634004,nm
8.464060306549072,-11.965175839524402,-0.18406761614412875,-12.680070165712467,0.13600203622588367,0.6025530603459766,-0.13090544283255234,-0.16392898863314068,0.04761585924580839,0.07649665294966386,0.6314293146133423,0.18706074221627134,0.21340892498634004,nm
8.471748352050781,-12.714070895444639,-0.0682055348962586,-12.233997314382645,0.09340721778584908,0.27096564704945036,-0.5491371976667686,-0.1376717466777308,0.041355756961684725,0.07145577001385203,0.6194343807674322,0.16052954723490542,0.21340892498634004,nm
8.482343912124634,-12.493527344392584,0.050045841518502054,-11.693335429760282,0.07420803581256695,0.36021044266013696,-0.3859581942733041,0.05202165715892245,0.0005628264123450544,0.07650919813351252,0.5331248665249827,0.09252149472508524,0.21340892498634004,nm
8.499125957489014,-10.747257126815553,0.20927573716570108,-10.70922805565908,0.016485765033133173,0.0921946604852569,-0.25555467394485876,0.21018476742803432,-0.03717130888535944,0.07115570461153947,0.2721760960220102,0.22499439317856865,0.22480651122472906,nm
8.516119956970215,-9.117756463421463,0.3163637341633117,-10.210753669297349,-0.022939816754498243,0.10488017699099954,-0.015686114882288982,0.3291100481122083,-0.051078752941944146,0.07283638007732031,0.10849949731908308,0.340921693403767,0.22480651122472906,nm
8.517973899841309,-7.3526625939445465,0.474623387656064,-9.728430788692561,-0.048307440400659686,0.014760706011290228,0.04990267689768858,0.35790250030188747,-0.05349763475194695,0.07163658168861003,0.07100538290559476,0.3689010659816859,0.22480651122472906,nm
8.53737473487854,-3.6586268615621482,0.7917396526388748,-8.782960929595939,-0.059821064813439115,-0.12498191467372011,0.11109591440977817,0.40722518541307556,-0.042865607472842016,0.07252275530736357,0.17759882034931285,0.4158477629807587,0.23449445952735973,nm
8.551282405853271,-1.7879024909726573,0.9615130542180361,-8.32232967608293,-0.0511352114500501,-0.12134656156819111,0.17231912658107734,0.38021658239249123,-0.03448363283365,0.07000533317516333,0.2168724953518299,0.3881423928567938,0.23449445952735973,nm
8.55782675743103,-0.21246979355616372,1.1239760094938793,-7.896957658759225,-0.024653395032079067,-0.19607692988061906,0.12843233798585366,0.321703918502654,-0.024581983875352723,0.06530095889790855,0.23568796693622163,0.3291836878464616,0.23449445952735973,nm
8.566498279571533,0.9522417910512384,1.2985974109456613,-7.457623666644242,-0.02957951177516097,-0.235561128844565,0.054915157706573035,0.2895502200670132,-0.014446174021594814,0.06127760672490982,0.24367943590980432,0.29631565427876183,0.23449445952735973,nm
8.583510160446167,3.316093676089529,1.6132823222168209,-6.512402289977829,-0.011795649044348724,-0.11956803205693817,0.06538951230730743,0.2365088604348043,-0.009143481111043277,0.05112163633853227,0.13678976550215277,0.24214348228462992,0.2427292155845958,nm
8.600391149520874,4.214808667095685,1.7705925048017364,-6.150671184624153,-0.012173653233825233,-0.09565484054410694,-0.06000132611008089,0.2100123768781045,-0.0027395859325062494,0.04605122813034118,0.11357026674065807,0.21501957907452363,0.2427292155845958,nm
8.602526664733887,5.208138047548945,1.950256181835786,-5.826151923383455,-0.02069596320649761,-0.018837002927494174,0.2294078437390086,0.20669088044340056,0.0034264068840914787,0.042487468679180976,0.23110844714401182,0.2110403878819593,0.2427292155845958,nm
8.613309860229492,6.0546671084600865,2.1560357013827924,-5.51354233701802,0.0,0.0,0.0,0.1830655331364125,0.00918145374466133,0.03931588185676453,0.0,0.18746473556794452,0.2427292155845958,nm
8.63102412223816,8.102761578372819,2.6055715099993124,-4.93791513788332,0.0016307731464692942,0.033441603313967054,-0.02755184157450874,0.21633531854554972,0.01826757775351119,0.03888884551545485,0.04336016867368952,0.22056068723303787,0.24972875823324645,nm
8.641601324081421,9.130799280096436,2.8325955683235367,-4.669890504450975,0.0,0.0,0.0,0.2167336359963641,0.019205404983309297,0.036786760411851145,0.0,0.2206707554126199,0.24972875823324645,nm
8.649682760238647,10.246928628714791,3.0542679221239832,-4.34445904141485,-0.0028727796318410545,-0.033534880676490596,-0.006075516590572376,0.23929278013217314,0.01797057730410431,0.032914670992924104,0.03420165181159973,0.24221344272892822,0.24972875823324645,nm
8.66218113899231,11.484207800273408,3.2932229837358697,-4.102554371093438,0.004932355103507625,-0.02384689675522749,0.11514873231448909,0.2556432916496205,0.018709033961477453,0.027104851950572696,0.11769551038742064,0.25775607367526204,0.24972875823324645,nm
8.671931028366089,12.6006353607255,3.5285234577100932,-3.8986007793386297,-0.0033265135710157205,-0.08840051737644289,0.04365091962350095,0.2500141365358848,0.018796117035929108,0.019650387167772225,0.09864643910926675,0.25148856872481445,0.24972875823324645,nm
8.684003591537476,13.788797250632705,3.740625964971352,-3.7217042891587546,-0.0035422614512365573,-0.0886970979964943,0.03399503011088862,0.26413135206740734,0.014647758200021812,0.012225372168134309,0.09505464155646927,0.2648195379685804,0.24972875823324645,nm
8.692144393920898,14.979504100888676,3.970481185948502,-3.5613688241369688,-0.003287561058539052,-0.08762556306106091,0.03114687580124947,0.2643595880000503,0.016406847317595223,0.007696524051556633,0.09305468946624906,0.2649800235658066,0.24972875823324645,nm
8.722034454345703,17.236785602146995,4.490198837811159,-3.249775382606895,-0.03664833991754873,-0.11172799393837891,0.029489608367238823,0.2582929275844774,0.02208552896736351,0.005538771404441356,0.12122657484998804,0.2592945911865479,0.2556783694845995,nm
8.72886061668396,18.33223231708703,4.746384678851788,-3.186018596920671,-0.0008263289667568436,-0.1122526820158451,0.06520183775528408,0.2496036907429866,0.024216109280821498,0.00657676396489817,0.12981766862017713,0.2508618667822417,0.2556783694845995,nm
8.73482370376587,19.34725273426814,5.012938145898879,-3.108090535272524,-0.0006488666425196185,-0.11946009370375048,0.06645512501420313,0.2349858458503308,0.0276377518810216,0.007942356340170324,0.13670193362305444,0.2367388310000423,0.2556783694845995,nm
8.736096382141113,20.292747530276728,5.266284546394795,-3.0077078332549188,-0.0037554951677381035,-0.1139459107505443,0.02417667510635059,0.2207514431633282,0.027236714433019664,0.007194553168321868,0.11654306474399902,0.22254168119049023,0.2556783694845995,nm
8.762484073638916,22.18761004475206,5.724439510714278,-2.830125346765904,0.00077087112606474,-0.07386266751198514,0.044061395083153855,0.20940425594398523,0.025346255993843783,0.0008595330432479221,0.08600985077857559,0.2109343829189826,0.2607355390482496,nm
8.770349025726318,23.021115826594915,5.9451832269918095,-2.735342711216032,-0.006329596568605721,-0.06881394834176867,-0.029176979765741042,0.1902878104803394,0.024357971982546196,-0.0035067851522094426,0.0750114619731903,0.19187250756324584,0.2607355390482496,nm
8.776437520980835,23.891438128423125,6.153121422371773,-2.679137449486245,0.002518282998735311,-0.068889787204727,0.05320273677967246,0.19455621641803292,0.021191589173671366,-0.008827655974151246,0.08707856068643648,0.19590592719109878,0.2607355390482496,nm
8.786428451538086,24.689554502841244,6.362340095860976,-2.740934030131893,0.004271628201585555,-0.0655324419928822,0.06637080244185563,0.17918141518043953,0.02135696466419033,-0.011470084703303856,0.09336932675037815,0.18081388865027345,0.2607355390482496,nm
8.807425498962402,26.29520818339338,6.7970995080112715,-2.866044627338389,-0.021483287123921342,-0.02205491810227424,0.04950911741065633,0.18482143425860786,0.02074009906319854,-0.012359210188130243,0.05830183311808491,0.1863916960248889,0.2650341331773522,nm
8.821280479431152,27.091550638760452,7.0084521556694765,-2.827528649698696,0.004487098765997194,-0.024003598763656316,0.04608742206630673,0.17144079190157,0.02251965964130313,-0.010541486935331072,0.052157044410705566,0.17323453219553347,0.2650341331773522,nm
8.827389240264893,27.87644523144699,7.219005493321881,-2.764497985879677,-0.0031744787092776094,-0.027574138942728126,-0.014533132494484376,0.16872905092159352,0.02322106571529577,-0.009969515575471858,0.03133085370063782,0.170610966114917,0.2650341331773522,nm
8.829955101013184,28.70994997533207,7.4020015648183,-2.8139779981366173,0.008029918080789275,-0.043655814558990605,0.07823282942495054,0.17775257879100925,0.020361249146418278,-0.012397259356352013,0.08994823694229126,0.17934394824806643,0.2650341331773522,nm
8.860965251922607,30.20793377751685,7.732631278453287,-3.063548841877353,-0.003627448471645746,-0.027395496423215614,-0.01589385836781384,0.1664597127381427,0.015787480393876077,-0.016834584837737632,0.0318792462348938,0.16805202691045115,0.26868793818708936,nm
8.869337558746338,31.023669691954737,7.881534177960275,-3.1331142810660895,0.006163649875957241,-0.036017781083416765,0.05867836566699999,0.17276754179181128,0.012941907204632248,-0.020091812718167984,0.06912612915039064,0.17441272143161032,0.26868793818708936,nm
8.871139526367188,31.71063625482107,8.033418123316324,-3.2119553297301704,-0.0033790689262024613,-0.023603558113407964,-0.01453393977776351,0.14975390998833868,0.012813103349669643,-0.02106835961706167,0.027924567461013794,0.15177050092557048,0.26868793818708936,nm
8.877569675445557,32.40571192935157,8.188915633316556,-3.3059816677676044,-0.0007871599430450064,-0.044073980249504804,0.012201263257516422,0.15340279985666128,0.01167019211165339,-0.02266747692341395,0.045738454071917366,0.15550699951403885,0.26868793818708936,nm
8.910974740982056,33.71074219058038,8.501406716468322,-3.4771860717004603,0.005097659816018212,-0.03212583127256888,0.047076034675055486,0.13618773437697054,0.012863577032442312,-0.021353246305488252,0.057220697402954095,0.1384504667257742,0.27179367244536595,nm
8.917577505111694,34.28575975667623,8.665496512129355,-3.4296192864853903,-0.007028128918657547,-0.042943621515156835,-0.029175836100990785,0.12806204552186864,0.014240283091902832,-0.019271991597500777,0.05239063501358032,0.13028462236932198,0.27179367244536595,nm
8.918948411941528,34.91442262116118,8.80144214299716,-3.3741262815500024,0.0056118147705337285,-0.03546945208538995,0.049663925834986286,0.13719983860363483,0.012577581381885368,-0.01967315645107136,0.06128686666488647,0.13917264225065834,0.27179367244536595,nm
8.9363272190094,36.05047431430794,9.057324413557806,-3.8208857689252187,0.002336688620139635,-0.015857206254031378,0.02125448177547748,0.1227158996565792,0.00978980513122564,-0.02053813304530979,0.026620745658874515,0.1248072402628062,0.2744335465649011,nm
8.947793960571289,36.6272838621077,9.16346852946905,-4.113167820827201,0.0,0.0,0.0,0.11959534273728488,0.006850922560282128,-0.023196787776314003,0.0,0.12201668782389961,0.2744335465649011,nm
8.961435079574585,37.192593069172204,9.260954310212558,-4.240180830300687,0.002436561967168486,-0.017942246222388297,0.023038006031803712,0.11673028228945317,0.004529808634067139,-0.025763541004515007,0.029302060604095462,0.11962540706191148,0.2744335465649011,nm
8.96734070777893,37.750214531688165,9.367649916852415,-4.332037826171901,0.0,0.0,0.0,0.11428504598904692,0.0037246495807131347,-0.02631267334412011,0.0,0.11733414477351443,0.2744335465649011,nm
8.972779035568237,38.29584213103863,9.462913963319982,-4.524167356912503,0.0038454487591292053,-0.030281292873533358,0.037329879503285625,0.11594606294202586,0.0019068369241638126,-0.026230491195686503,0.04822099208831787,0.11889139669117596,0.2744335465649011,nm
8.989479064941406,38.817572148576836,9.574843971487354,-4.682944235007466,-0.004604093629817925,-0.021107316573912755,-0.01698711320524506,0.10958855983092167,0.0015803113338240912,-0.023690690169487914,0.02748233079910278,0.1121311670787118,0.2744335465649011,nm
8.992511987686157,39.41786388939178,9.658967373258477,-4.8133422530016805,0.0035939269292088573,-0.03048294401631601,0.03607057624832933,0.1268048486780099,-0.0020466681079681034,-0.023635747193962477,0.04736256599426269,0.12900506596259725,0.2744335465649011,nm
9.019263744354248,40.54253561549739,9.82925229164735,-5.222689054482595,0.0,0.0,0.0,0.11773648654474157,-0.0028112399361352354,-0.02184771386635283,0.0,0.1197794053043538,0.34177369727517837,nm
9.033710956573486,41.116629962657825,9.884614484745295,-5.540778778281976,0.0023017961694072587,-0.023537104635309527,0.026190041280016032,0.11922729713400372,-0.005828153969980706,-0.024332999391039955,0.035287559032440186,0.12182450746849816,0.34177369727517837,nm
9.040383338928223,41.67489975100899,9.93910539381401,-5.722564784341073,0.0,0.0,0.0,0.11327524672703089,-0.0072329396434270745,-0.02577106658949504,0.0,0.1163947799951328,0.34177369727517837,nm
9.041661500930786,42.277771799904436,9.970479452849412,-5.922479019767079,0.0,0.0,0.0,0.12230628145451844,-0.011768114566609878,-0.028251320006997045,0.0,0.12607716718669756,0.34177369727517837,nm
9.067274570465088,43.49119835836748,10.007407618069523,-6.240977136891315,-0.0015111439332406692,0.02088098941887825,-0.021376862436879536,0.12334203063387172,-0.01988589938260619,-0.027397806418109776,0.029921054840087887,0.12790365636550938,0.3990128253789141,nm
9.079978942871094,44.2026604103054,10.004877272013365,-6.33144722199005,0.00903612653654638,0.03167599190877,0.031107308448010167,0.13962109831896888,-0.023952158747867946,-0.02664592493388043,0.04530656337738038,0.1441449351176108,0.3990128253789141,nm
9.081261396408081,44.923478483469204,10.014049213807981,-6.444576310779472,-0.01878004367473213,0.03212775726412663,0.0341293257978089,0.13721059116451295,-0.023463345630658886,-0.025103818478139188,0.05049449184475938,0.14144778760405638,0.3990128253789141,nm
9.08969759941101,45.67538295303217,10.009694362833503,-6.560497646657558,0.009839394913001561,0.03289796636224966,0.03408639380577611,0.14442764864951263,-0.025869078189128186,-0.028826686959453722,0.048383593559265144,0.14953104287017005,0.3990128253789141,nm
9.107948780059814,47.302418267931685,9.97019288388911,-7.008694573707074,0.010559637515678488,0.03321541733214444,0.036565023655967845,0.16001028428183717,-0.03056528732156854,-0.036482126347740014,0.0505150556564331,0.16693853182491108,0.4476660842670894,nm
9.125680208206177,48.15540966595953,9.93144683600403,-7.350147297286775,-0.0004984344568816511,0.019971267254960106,-0.017415357109898062,0.16204028939819215,-0.034030899944594045,-0.037580447845660864,0.02650272846221924,0.16978647649200238,0.4476660842670894,nm
9.127541303634644,49.08756734645866,9.86176525755487,-7.5046206638140855,0.005958727552184043,0.01762031287510314,0.02074527269925724,0.17736457674132677,-0.041278410901139775,-0.03950502121274178,0.027863025665283203,0.18634040621983336,0.4476660842670894,nm
9.137072324752808,50.096739348266325,9.77737971926452,-7.569492106869907,0.01179696372130869,0.034165963081904144,0.04174434278308253,0.19131352998583365,-0.04684045874104717,-0.03969630899776059,0.0552183985710144,0.2009245935139795,0.4476660842670894,nm
9.1602303981781,52.14742374582979,9.5838166313709,-8.097800138835177,0.009763307983099247,0.026550766134425197,0.0350964991167523,0.19299443735845986,-0.05464962318038599,-0.04314730413498116,0.04507803916931152,0.2051709629045573,0.48902135432203847,nm
9.168319463729858,53.19723453112056,9.47416686387243,-8.28912917388502,0.00977579366846844,0.025875072530607324,0.03561438624266589,0.20105246682285866,-0.05825305719117595,-0.04525329049866248,0.04509401321411133,0.2141573566063782,0.48902135432203847,nm
9.174203872680664,54.307341799360415,9.36754107826269,-8.470035991541845,0.0063252708274744015,0.03967963850476584,0.0024961451444187035,0.20836236424605498,-0.05972457381502328,-0.044711229606126016,0.040258086187644336,0.22131650097650554,0.48902135432203847,nm
9.182434797286987,55.5091049033326,9.2447991681206,-8.561143731157248,0.011426235672514452,0.028680493334031172,0.04318687209763092,0.2260437592312932,-0.06355921843028342,-0.04642016849716704,0.05308705568313598,0.239354104577692,0.48902135432203847,nm
9.204495668411255,57.88020752980471,8.976548297412142,-8.832799926506548,0.008290128127075285,0.019730661508360215,0.03267902800888886,0.22326985075716763,-0.06586389876272086,-0.04983991186520398,0.039063334465026855,0.23805775818503616,0.5241733338687451,nm
9.212224245071411,59.06352964193874,8.81494123040309,-9.010481288931652,0.007536644093752108,0.0174556732908519,0.030371178149188584,0.22665554494435808,-0.0700796691553005,-0.0532198248340533,0.03583168983459473,0.24313832655159,0.5241733338687451,nm
9.224259614944458,60.28391750263569,8.648969196631894,-9.238018692605372,0.001925197329530971,0.02541288978999928,-0.01432817593374024,0.22928175144134796,-0.07276084401565727,-0.05229849140788418,0.02923727035522461,0.24616944198950325,0.5241733338687451,nm
9.233762264251709,61.53956878576402,8.474684577007332,-9.419190054839385,0.007680554681231825,0.016753544487853725,0.03245099486909536,0.23785746084557277,-0.07700343916503928,-0.05193538035710087,0.03731942176818847,0.2553487518199058,0.5241733338687451,nm
9.241949558258057,62.804260898300306,8.296302547063908,-9.64294612641963,0.008995506528266492,0.019005730266583924,0.03898549741718195,0.23776265240513345,-0.07998252975561146,-0.052199127363260864,0.044294536113739014,0.25622847781290337,0.5241733338687451,nm
9.260701179504395,65.25441885169796,7.926860996281041,-10.05653514199282,0.004082412186817685,0.03628415226453298,-0.016634973271539028,0.230529317793422,-0.08070680762413622,-0.052942101208842456,0.04012390971183777,0.24992042981634616,0.5540525164834458,nm
9.269402980804443,66.57051820691198,7.7522050785320795,-10.346701841392905,0.01064715332618061,0.04009679947784686,0.0240387251635561,0.2458164044612428,-0.08412758093081,-0.05252811233384358,0.04794763299482931,0.2650704758378047,0.5540525164834458,nm
9.280344486236572,67.83089110575315,7.563097978950393,-10.737807920320694,0.00882746697617395,0.01616440850607874,0.04263838729194104,0.23960786604409057,-0.08416527596662464,-0.052384700214000164,0.046446144580841064,0.25930653668053105,0.5540525164834458,nm
9.290539979934692,69.10916377762304,7.379033727003312,-11.010357767515112,0.006109468206127913,0.04237604232476934,-0.016186531152033518,0.23609833208248177,-0.08454457628786977,-0.051598891597045504,0.04577180743217468,0.25603252411728655,0.5540525164834458,nm
9.298114776611328,70.34751388533883,7.179791069976855,-11.254631813169695,0.0,0.0,0.0,0.2384123996269099,-0.0871374721435627,-0.05123635781836001,0.0,0.2589567062462808,0.5540525164834458,nm
9.3167724609375,71.5798550443901,6.978881092837719,-11.517720647275912,0.0,0.0,0.0,0.23208651943873312,-0.0875340766202052,-0.04772986316452412,0.0,0.2525955401677583,0.5540525164834458,nm
9.340217113494873,74.01146903157519,6.5664195991890795,-12.167514270514811,0.0,0.0,0.0,0.22781900065473715,-0.09207994649593647,-0.04393779851734017,0.0,0.24962120051103037,0.5794498217059414,nm
9.346763372421265,76.34382559663122,6.160691698087399,-12.688203277231443,0.007792204760763926,0.039372981692261534,-0.00969212797178375,0.22014442009216664,-0.09087578475983306,-0.03893140755241961,0.04129028320312501,0.24132473650134675,0.5794498217059414,nm
9.353152990341187,77.473528335329,5.956917066288469,-12.96261590448414,-0.0017945496841325472,-0.030767379972163073,0.04938253935640976,0.22182794827243046,-0.09117206632621089,-0.03791391544693346,0.05821071441073061,0.24281155099678495,0.5794498217059414,nm
9.386958122253418,79.68013390299083,5.564060755943981,-13.437176992024671,0.01032833568931594,0.046875623958633525,-0.008697733562207358,0.2050004835934398,-0.08587324482441398,-0.03630077157785571,0.04878164827823638,0.22520470347522847,0.6010375311450626,nm
9.393207788467407,80.78397000138658,5.3663487351708365,-13.59830766146355,0.0035168657880694783,0.003698511700943843,0.027132626320644896,0.21038273958141265,-0.08769492286304306,-0.035379429309926116,0.02760845422744751,0.23065775648790054,0.6010375311450626,nm
9.394540071487427,81.87785836235292,5.175523179885607,-13.633590579188594,0.011368019032468021,0.04965127137511704,-0.007239119523733098,0.19787718773571866,-0.08453879387637453,-0.033322401926737556,0.051447890698909766,0.21774428021520115,0.6010375311450626,nm
9.403028964996338,82.98240986297166,4.979829986827592,-13.693159521771527,0.006796818306252595,0.029251626105831714,-0.0036825246310163828,0.20413944318597502,-0.08782795422263161,-0.032980902869313274,0.030255831778049472,0.2246650879894063,0.6010375311450626,nm
9.421167612075806,85.13691546069661,4.594207166886207,-13.840348361594321,0.010885437192944044,0.04551643351554713,-0.003968915147521297,0.1983708548546001,-0.08748591537717514,-0.027239309459754727,0.04696797579526901,0.21851032338306434,0.6193870841683157,nm
9.438566207885742,86.19999446462461,4.399253150524787,-13.926632972362425,0.0,0.0,0.0,0.20382867708733027,-0.08935604326236857,-0.02521255957618186,0.0,0.223978358845358,0.6193870841683157,nm
9.439886093139648,87.21255975299081,4.210850875263261,-14.092248965379401,0.0,0.0,0.0,0.18891824314634567,-0.08432255022670343,-0.02128019530643197,0.0,0.20797413729239653,0.6193870841683157,nm
9.448193550109863,88.25909443624154,4.022377009534015,-14.15867625899371,0.01104060660326322,0.0549915970584313,-0.03905295810437996,0.18742546120913817,-0.08195114092372242,-0.01944485924705419,0.06834547737712676,0.2054808885499956,0.6193870841683157,nm
9.485729217529297,90.35596371236288,3.6434987305728965,-14.204384338339436,0.007241043633495427,0.02855971478760989,0.00018268055981265216,0.1920700498086851,-0.07964194732305525,-0.018628301647396376,0.029463933780789372,0.20876004749277452,0.6349842042380808,nm
9.493801355361938,92.4134837938664,3.284525269382378,-14.39706727020222,0.00761283567515974,0.03571512884667902,-0.026250122875543416,0.1889809506149405,-0.07826851512438168,-0.017513316196909857,0.04497326590912646,0.20529607010197515,0.6349842042380808,nm
9.499804735183716,93.42598742925425,3.1139648400481432,-14.540184407427228,0.0,0.0,0.0,0.19086912543564538,-0.07895166961698032,-0.01658113046786283,0.0,0.20721805680844813,0.6349842042380808,nm
9.517822265625,95.31235092128873,2.8182899872081486,-14.590498895429475,0.009167445992842685,0.04353502135268055,-0.04255805004884647,0.1727959534894329,-0.0709797888769746,-0.009043402725956507,0.06156726219485612,0.1870250119748853,0.6482417562973811,nm
9.534929752349854,96.2960772532207,2.686765304145528,-14.61595238306429,0.0,0.0,0.0,0.1861067745755502,-0.07289009147993833,-0.008294250289983911,0.0,0.20004372413735286,0.6482417562973811,nm
9.540471076965332,97.19075099512568,2.553681733794793,-14.700712896658374,-0.007863610854106069,-0.029300773402841984,-0.003823696913059898,0.1803137967899824,-0.06921406563724472,-0.004517119810739076,0.0305776447057724,0.19319434920887427,0.6482417562973811,nm
9.5652437210083,99.07469164032483,2.3070955887782922,-14.75917875633883,0.019535061229715166,0.07994771050484534,-0.036654003959976804,0.17461199772262206,-0.06548717531781621,-0.0018449850533656064,0.09009312425769944,0.1864975170066307,0.6595106755477864,nm
9.572640895843506,100.11797368069142,2.1638150359142,-14.73640354990308,0.006750458987365716,0.024979410346622745,0.0046141001077197544,0.1962428356147139,-0.07311632793161538,-0.003596168284554858,0.0262836366891861,0.20945209563677794,0.6595106755477864,nm
9.578776359558105,101.11986644642828,2.0355212314220927,-14.726351437390763,0.0,0.0,0.0,0.194870051508291,-0.07389263867016425,-0.001488986561096107,0.0,0.2084146734408654,0.6595106755477864,nm
9.588583946228027,102.14164273723983,1.906026575403373,-14.773752451937183,0.015508505629604367,0.06685237307748382,-0.06165335981299941,0.18255798648123422,-0.07030196751478199,-0.001265434226511194,0.09225448666154794,0.19563073988592278,0.6595106755477864,nm
9.59148359298706,103.15001956090637,1.7802644729067731,-14.816172917116019,0.0011843573039835196,0.009320535858237536,-0.039845464120233494,0.19508690356688876,-0.07436168054197105,-0.0018769156452884605,0.04093819856643677,0.2087871698373304,0.6595106755477864,nm
9.612728595733643,104.97053759296375,1.5526178108456168,-14.962213696198136,0.023594710570146997,0.09881455659682167,-0.10025386222356708,0.16024107046808952,-0.061725200691587996,0.005387174481683922,0.1427300383698451,0.17180286002879044,0.6690892569106309,nm
9.625967264175415,106.07405097396186,1.4541222653400927,-15.044577919511825,-0.012560147444541668,0.06919747133960445,-0.07988689316403477,0.19962102011720365,-0.07343874645188829,0.0027077180614743105,0.10643290394904159,0.21271843570823426,0.6690892569106309,nm
9.63197946548462,107.01299410422521,1.3548729970283944,-15.08175234025823,-0.02353718646041612,-0.0848938205448061,-0.026947351986071566,0.2014093772995171,-0.07246059301785115,0.004074692123862876,0.09212556481361388,0.2140861460267389,0.6690892569106309,nm
9.641734600067139,107.85995047026499,1.269994607156257,-15.052653605641016,0.01337208671265005,0.05622117269611173,-0.0761304138144248,0.15288642237767625,-0.055288337875569034,0.009779167232644607,0.09557966765966605,0.1628701647455799,0.6690892569106309,nm
9.650217294692993,108.70942545090637,1.1812739502631198,-15.096785861377102,0.004336303989581985,0.02109996321347519,-0.06347448786931266,0.15974585545910844,-0.05786379692523334,0.009546434715375201,0.06703001260757446,0.17017077230459388,0.6690892569106309,nm
9.667991876602173,110.15346861011122,0.9667627788551052,-15.207426635405767,0.02256925118634638,0.08865100428635032,-0.08743751940808382,0.12541708871329643,-0.05260406870788258,0.01430433385987444,0.12654521508271238,0.13675250693540228,0.6772310510690487,nm
9.684400796890259,111.00638607336026,0.8228874031403273,-15.239850925654899,0.004964999127628205,0.021339284879617244,-0.05701085737380534,0.15966194353325505,-0.06659895268213063,0.013954505917888856,0.06107580661773682,0.17355715181629766,0.6772310510690487,nm
9.686814785003662,111.70499077186821,0.686327957148387,-15.25672900150336,-0.02326557905948483,-0.0837232089053948,-0.034585892750189744,0.15475533066585392,-0.0652347523370462,0.015263819890151568,0.09352564811706543,0.1686350185448222,0.6772310510690487,nm
9.698945760726929,112.43224430337644,0.5551312142654062,-15.291989243617126,0.02561601055640822,0.09596132710841128,-0.06188442630183674,0.11931878311302893,-0.05122014522115082,0.016717851582564766,0.11702323921316223,0.13091967706035057,0.6772310510690487,nm
9.705753326416016,113.34373462431364,0.4419127724166678,-15.30220050174603,0.01809223522559944,0.06756006845481222,-0.04913372394004442,0.16196319268970966,-0.06223792662483664,0.013844970653762684,0.08547405836447589,0.17406124930381867,0.6772310510690487,nm
9.729243755340576,115.12317419321312,0.29890905851301725,-15.29296597405288,-0.0007565401510148279,0.11038177415861967,-0.07917195485174168,0.15864977531349203,-0.05308773829739913,0.017841045195162383,0.13584147692973172,0.16824494660527095,0.6841515761037038,nm
9.741141319274902,116.11554825833949,0.24236832026069857,-15.307524735621664,-0.017125573957345836,0.038938835422926366,-0.06727631833697924,0.19050256600738374,-0.060810705279755704,0.019538967593699483,0.07959661548357967,0.20092521192385626,0.6841515761037038,nm
9.74769115447998,116.84175745327492,0.20513040760784682,-15.28502318355196,-0.0569310963021421,-0.1004038220996774,-0.08643082580940198,0.1714259244870003,-0.05178611550335751,0.023229233139390553,0.14419557853305567,0.18057753630336743,0.6841515761037038,nm
9.752458095550537,117.5411222633173,0.1501291147980279,-15.253471485546571,0.022137033168085567,0.08202130431747642,-0.08464130953618994,0.12119316362024854,-0.034411048461909115,0.02783438103377087,0.1199237002407202,0.12902192035489682,0.6841515761037038,nm
9.775933504104614,118.59730501702101,0.02745390099493529,-14.876580838605811,-0.011179865158193948,-0.04193004455158947,-0.08369228715201134,0.10386299725918048,-0.029926598457144307,0.029976364010072767,0.09427362807163199,0.11216820357900036,0.6900340223831607,nm
9.791372060775757,119.18686104413798,-0.050578964088676424,-14.688417916046253,0.02063199805957438,0.07848702641842148,-0.06384985039757866,0.10123585745215177,-0.029310615298925882,0.030031366650533266,0.10326033147210718,0.10958874935947022,0.6900340223831607,nm
9.798471927642822,119.70287138852525,-0.12607045351803206,-14.500164846121624,-0.022674640411883537,-0.088131490363233,-0.05191229831348947,0.1245992464884414,-0.03675863329897834,0.030298927572964377,0.10476729273796082,0.13339488130947108,0.6900340223831607,nm
9.799929857254028,120.17331775621977,-0.1726465358237403,-14.311881945044895,0.007197578959030466,0.027614477426393717,-0.0490832814201045,0.09077876805931973,-0.023767322190360013,0.030454529793890694,0.05677616596221923,0.0986567216130514,0.6900340223831607,nm
9.84024715423584,120.78527662534894,-0.07474395172258666,-13.685505426706255,-0.020439959985187047,0.10477782347564848,-0.0671136762201423,0.0,0.0,0.0,0.12609690635488366,0.0,0.695034101720699,nm
9.84317398071289,121.05768365560817,-0.01791850501182406,-13.437573241312668,-0.02125673164238279,-0.08904177557320907,-0.05513063716349305,0.08183540331242178,-0.0025686708871515596,0.04232281128958692,0.10686287283897401,0.09216751955481507,0.695034101720699,nm
9.847859859466553,121.36055629618814,0.017313345077981844,-13.153370202753909,-0.010362873969820954,-0.044251605573887486,-0.0700622273547051,0.07994967674984128,-0.0010386375567870954,0.0496103037488277,0.08351233115345116,0.09409682151076852,0.695034101720699,nm
9.857784986495972,121.80944485386956,0.0560267285321516,-12.8731630321933,0.01150859210015219,0.05072559551667703,-0.08386018191632384,0.08145520628735545,-0.00020525978713943245,0.04883801104563591,0.09868162870407104,0.09497443911805693,0.695034101720699,nm
9.867111206054688,122.22636919619566,0.08708922754389126,-12.647608326471309,-0.013072682501360183,-0.057604216870298104,-0.09394629730990674,0.10634005792236897,-0.003431406889509347,0.03792196289863615,0.11097318418096822,0.11295157255328363,0.695034101720699,nm
9.892043590545654,122.88632625209623,0.18293037161854184,-12.185660688343544,-0.02979044364424628,-0.012058510092200827,-0.07616452278616287,0.06745914337404679,0.002497019399835944,0.04024518220894816,0.08266748290233981,0.07859163964236142,0.6992841691576066,nm
9.899406909942627,122.82186195287713,0.25841219062004683,-11.945020084093036,-0.016563819773915696,-0.07718645177180077,-0.05091765531446835,0.0,0.0,0.0,0.09393996000289916,0.0,0.6992841691576066,nm
9.912189245223999,122.61708919977191,0.3353250494299145,-11.670357568256657,-0.0006063354635117572,-0.0006700879042436179,-0.07829952076461291,-0.02887372703593199,0.029409942239397115,0.04811237977123913,0.07830473556855788,0.06335170007759953,0.6992841691576066,nm
9.914611339569092,122.4130281665081,0.39059067623771354,-11.380893239766918,-0.014636376662261454,-0.07011006951827235,-0.07535818501491792,-0.012314894013507549,0.025504616661135144,0.05106413517985951,0.10396394287636063,0.05839253366024069,0.6992841691576066,nm
9.924503803253174,122.39115942424739,0.45469094309329716,-11.105125561241824,0.004978563736078042,0.027156897939634682,-0.04351564027774371,-0.001715566251962834,0.027323674855108306,0.04809712415914914,0.05153536796569824,0.05534310912420046,0.6992841691576066,nm
9.945235252380371,122.07619148120347,0.6546310111710897,-10.615890584775338,0.01848092958017356,-0.08821482937052082,0.004384782102379179,-0.02343202114265315,0.045920995359007406,0.042611026475124034,0.09023650698637875,0.06688420595966917,0.702896726478978,nm
9.96285104751587,121.64002723472257,0.8228378277532837,-10.346607188420856,0.0,0.0,0.0,-0.06877388793182168,0.05942953230106494,0.047695096723993025,0.0,0.10264764596566811,0.702896726478978,nm
9.965688228607178,121.2534667500763,1.0423080264761866,-10.108876702718463,-0.008537476093290756,-0.04500508492967071,-0.027794298590632885,-0.052365846347760266,0.06032953799846698,0.04142300731335164,0.05358049273490905,0.08998722439161957,0.702896726478978,nm
9.972960472106934,121.02725310871931,1.246666965553726,-9.892421446401887,0.0,0.0,0.0,-0.03438946810706784,0.058003920431420615,0.03675517208879169,0.0,0.07679865218464646,0.702896726478978,nm
9.992960214614868,120.14930392279553,1.6811176862799766,-9.414946850142638,-0.017359094333623742,-0.10618068455719555,0.008318056049398429,-0.07869345007664699,0.06515397193887706,0.0435589304373626,0.10791138024119258,0.1110634033569326,0.7059674002021438,nm
10.010334730148315,119.56106148883092,1.8865240555431328,-9.174444726059356,0.011589772804875506,0.0736090445127152,-0.008949578913273833,-0.1177121091902606,0.0738955598077015,0.04400526674981231,0.07505137727229551,0.14578462851424207,0.7059674002021438,nm
10.012274980545044,118.95774669773917,2.084719897353597,-8.9508811778826,-0.014633059608901962,-0.08211598138017485,-0.04611442672405466,-0.08436851915388528,0.06657846624398787,0.04093903306894672,0.09530845284461975,0.11500758070771533,0.7059674002021438,nm
10.036183595657349,117.72938030318149,2.528758919632919,-8.54441181746125,0.005121140741636637,0.029424600171887978,0.01568052245009742,-0.11545021045271724,0.0802659216690635,0.03469270895646573,0.03373295068740845,0.1448273224557403,0.7085774728668347,nm
10.05685019493103,115.74038428978447,3.0981656172334535,-8.2022570598898,0.008257673251753922,0.04833513971410154,0.023599182401379922,-0.1948837594267525,0.10175322683304454,0.038282613034024124,0.054418712854385376,0.22315679985148154,0.7085774728668347,nm
10.060302734375,114.95276676914689,3.411875707137969,-8.047278745682373,0.006125427103673847,0.036087383842868165,0.01699509141934982,-0.14921293481925332,0.09256492471110259,0.031231558810902685,0.040356576442718506,0.17834846640749594,0.7085774728668347,nm
10.067851781845093,114.18135214616336,3.7265094477501512,-7.934358494396748,-0.0063411644799386945,-0.06146724904943776,0.03384506001428913,-0.12386382194178944,0.0878353023127321,0.023254545347465804,0.07045510031245486,0.15361660261089521,0.7085774728668347,nm
10.088470220565796,112.20664543022394,4.322968791462501,-7.684573954785917,-0.008974874322624027,-0.09576128482876944,0.051735452359701395,-0.18253343989441703,0.09747367388732697,0.03281283534838719,0.10921231190679254,0.20951433350580598,0.710796034631822,nm
10.097254514694214,110.92547030306073,4.646366813828796,-7.568354375419282,0.007086872357900852,0.016131243190557067,0.060297125771677,-0.24109594174986432,0.10913981874614785,0.033743559285197934,0.06281866078654899,0.2667908936928501,0.710796034631822,nm
10.118910312652588,109.65183102087258,4.962054083686291,-7.5186780715978685,0.013085585347712637,0.06362550258995163,0.053532000566043444,-0.24957031225447024,0.11130552735206646,0.021484097295259748,0.08417310858177383,0.27410915273756836,0.710796034631822,nm
10.120481014251709,108.33587341091042,5.2862608257362105,-7.489090959913914,-0.012943728429086629,-0.18906981894512437,0.1276359268775706,-0.24494381288641578,0.10625950919435376,0.01943527621745244,0.2284860310204644,0.26770559338050653,0.710796034631822,nm
10.126349449157715,106.62831239582394,5.607091800084267,-7.457455473436134,0.021169158413061617,0.06777347020009751,0.12420351910267474,-0.3224544678065316,0.11531803450206557,0.028485946623578957,0.14306603611049443,0.34363728267586807,0.710796034631822,nm
10.136720657348633,104.96209953421094,5.9004156593462636,-7.4600379672599075,-0.010798441954073163,0.07596011610439624,0.11333550085945863,-0.31497014302193216,0.10840681897382538,0.022368800826871094,0.13686300209440533,0.33385414876216885,0.710796034631822,nm
10.142818689346313,103.36578584880822,6.1672710051938555,-7.48114187847171,0.0011235896652088439,-0.14548676858490409,0.18560958131372854,-0.30177655349536653,0.1011163523561431,0.01857235079768624,0.23583591533621592,0.31880799420263256,0.710796034631822,nm
10.155043363571167,101.53024568231766,6.431629002640793,-7.9252484876691724,0.03078706264253254,0.11623764018604531,0.12832814789677527,-0.3481352371746857,0.10930106510508719,0.03309714312273748,0.1758611547920472,0.3663881644904324,0.710796034631822,nm
10.165420532226562,99.86005728517421,6.6844174061125745,-8.27266477090945,0.01832197073756337,5.806332177983767e-05,0.15463640862980638,-0.3151892463130123,0.10406785994881863,0.0311041978739339,0.15571806849875167,0.3333794408644188,0.710796034631822,nm
10.17307710647583,98.20892112436789,6.949265523604006,-8.655608655382496,0.03163856785468414,0.07455429054684917,0.16456538525217104,-0.310365170062668,0.10755148111324518,0.02349053800046918,0.18341512270812058,0.32931089452557294,0.710796034631822,nm
10.181718826293945,96.61751411502311,7.227434507838263,-9.06792040427051,0.10100648448588943,0.2552464793982595,0.023790274498908366,-0.2974154206580678,0.11013011764589302,0.0157225570335747,0.2755341218690305,0.31754019282224366,0.710796034631822,nm
10.199723243713379,95.39404294378625,7.494500390535565,-9.427038733796232,0.006520243168862514,-0.08956101377454519,0.1604009436639989,-0.22492980583852426,0.09762319857125092,0.007937560416498013,0.1838264167294971,0.24532980112331168,0.710796034631822,nm
10.210258483886719,91.72875766144492,8.107442979282565,-10.29118255416566,0.05031151869250572,0.29002259576380435,-0.016220257688047093,-0.3846716457556495,0.1383338321794184,0.010348486600095175,0.29480069831360317,0.4089200598512082,0.712681812132061,nm
10.224433183670044,90.18338662085709,8.344098443473795,-10.864846904254296,0.03322214916124049,0.15109576031455527,0.028268446407740604,-0.28622856846014877,0.10797542013332807,0.003985132310421175,0.15726647780831282,0.30594340332036307,0.712681812132061,nm
10.238524436950684,88.76511252944516,8.529864356968643,-11.312626070890829,-0.02401269027174858,-0.07157714218124273,0.1915820611790533,-0.2625739797620979,0.09516237156675471,0.014632739059231927,0.2059213023039027,0.27966960661232254,0.712681812132061,nm
10.244893789291382,86.95508782316948,8.705858917911057,-11.873104700888552,0.02569617166411576,0.07972307947340619,0.05710198286865491,-0.33795636140894936,0.11129310974527189,0.02409016385730744,0.10137405529250028,0.35662444460275217,0.712681812132061,nm
10.246758222579956,85.22126386618213,8.858042356183953,-12.560229047874355,0.019783318697158655,-0.017284784190751204,0.1480228172794577,-0.32291787811386014,0.10695117088484825,0.01643323945546696,0.15033595012019552,0.3405650603309132,0.712681812132061,nm
10.276222705841064,82.11732745491902,9.135389042651747,-13.639062719804821,0.12004358359378099,0.32862966798646065,-0.08505034691325071,-0.31093349759459965,0.11198646030299,0.01938534406599384,0.36005760949186,0.33105346816210973,0.7142847230072643,nm
10.284168004989624,80.87728288781003,9.278306207409058,-14.02945349678833,0.04431759088871065,-0.06762231468189825,0.15329945897924283,-0.22577865619230938,0.08889174122658443,0.003962008994943545,0.1733134456077928,0.24267970818668605,0.7142847230072643,nm
10.29012680053711,79.31193521126565,9.446133082249347,-14.189037260615972,0.01977422276836117,-0.04757615840771749,0.1853203737313047,-0.2867077255959939,0.10958793523846652,0.005761051951186074,0.19234903601224376,0.30699189758989137,0.7142847230072643,nm
10.29516887664795,77.80705329706312,9.598953764723975,-14.370375718135913,0.07721177957348213,0.2614892328899385,-0.11201339622984197,-0.33907266295525224,0.12296153613422994,0.00024071883452150375,0.2947630892042219,0.36067973061653036,0.7142847230072643,nm
10.319477319717407,74.69996404993631,9.826953218483888,-15.203051323971176,-0.004803979157154748,0.04572164255714842,0.16188848035513975,-0.3075401302001763,0.10822646437244926,0.008783571168917845,0.16828971116964486,0.3261457502353539,0.5029285723880834,nm
10.327161073684692,72.88506129950254,9.907477909956349,-15.382061275278083,0.07263547571243541,0.3979450620363814,-0.20338121392317943,-0.3365527217575462,0.11017393125469228,0.012895135582369478,0.4527693705497064,0.35436184073939686,0.5029285723880834,nm
10.332671880722046,71.81154077550124,9.903752663594785,-15.48255722229483,0.03395566890239488,0.1179106048275276,0.007146985287101711,-0.22441070280044523,0.06827248679160107,0.0032446029266558507,0.122910445366114,0.23458862596522187,0.5029285723880834,nm
10.342784881591797,70.57933000645838,9.964530977634881,-15.5112705782719,0.011824424993471578,-0.05129912850168185,0.14293785702376158,-0.22655986908506312,0.07636838076769786,0.023233027365724676,0.15232415626552345,0.24021090196220807,0.5029285723880834,nm
10.352692127227783,69.13311845338579,10.064146486497043,-15.58494541732579,0.009554842604591015,0.09669009881123034,-0.09451049197920093,-0.28854849127843846,0.09822643838592665,0.022053763134007223,0.135545207659565,0.3056060102246325,0.5029285723880834,nm
10.389364004135132,66.28581710427076,10.198386877471815,-15.995056501280649,0.07040872593864289,0.1473763841497578,-0.19788203353299091,-0.2600744732735675,0.09064461341930471,-0.0032703514535962095,0.256582319126848,0.2754376023514015,0.3232758443617797,nm
10.395216941833496,64.52721570625803,10.304487414114638,-16.19401875011293,-0.06998525831347961,-0.18718939542176624,-0.08251959579393692,-0.277135676117924,0.1021403577776864,0.009147184874037801,0.2162112157811559,0.29550043427279843,0.3232758443617797,nm
10.396517276763916,62.796709793348214,10.387809319864001,-16.376889539412566,-0.15337340158374835,-0.47422886426833577,0.20798467125932504,-0.3187243297738299,0.10961835579616565,0.011994724523665802,0.5400685507391213,0.33726140563905393,0.3232758443617797,nm
10.399823188781738,60.34755172639945,10.402157683369081,-16.82846054595633,-0.08745220535660667,-0.23722973102838785,0.1193113310930683,-0.4575879536573486,0.13875617518312716,0.019934212737902215,0.27957293723237076,0.4785785038227798,0.3232758443617797,nm
10.411395072937012,57.4994397836824,10.343132851133914,-17.15949385517285,0.03356736371370051,0.32825776516056393,-0.5261175461217666,-0.5363723800107107,0.14988740978052176,0.03956085581199297,0.6210310786362346,0.5583248400005553,0.3232758443617797,nm
10.42014479637146,55.17599879248057,10.262500068005343,-17.18032802438979,0.026928408470086936,0.09890920773708983,-0.3387991236756122,-0.4387710029080505,0.11605672389889482,0.06565347173735707,0.35396753630986194,0.4585842719787157,0.3232758443617797,nm
10.428119897842407,52.99871044469032,10.21664922663431,-17.06641745248796,-0.02995086640231076,-0.017825118556492065,-0.12983896092585911,-0.409465863540836,0.11353143269166152,0.09122782752672709,0.13443565384267983,0.43459659010340845,0.3232758443617797,nm
10.457103490829468,47.796723321063105,10.090961760265923,-17.11139876198773,0.006057949046194974,-0.1801999978870982,0.0627643750380922,-0.5231308278054484,0.14580169248876151,0.06034610713273984,0.19091386738285615,0.5464116114973008,-0.2,nm
10.476287603378296,44.525272596996444,10.127355510169037,-17.321873773012506,-0.015639747213322425,-0.006490813857238856,-0.23760746692502674,-0.6110643891050463,0.1919926433098151,0.0601336025588797,0.23821007681446565,0.6433326611280689,-0.2,nm
10.478759288787842,37.4950994071583,10.159332429206195,-17.68554510583509,-0.09737228874814503,-0.3540207637862535,0.08247200978858928,-0.6667380881155845,0.20375813939279505,0.05557788188360618,0.37631595263345347,0.699389704290467,-0.2,nm
10.488088130950928,33.367645220100194,10.151381276257306,-17.91289570206645,-0.09521555049567666,-0.37639241534056134,0.14055830038317246,-0.7728589061937791,0.23916142895483672,0.08863078974266218,0.41290905437965697,0.8138577854104315,-0.2,nm
10.494833707809448,28.73069789761766,10.091673563306879,-17.926255339224763,-0.08930422764060483,-0.34414199063817097,0.11774293353304442,-0.871653586512853,0.259981641130536,0.12179675848465926,0.37452950910689914,0.9177172107915471,-0.2,nm
10.529279232025146,12.825858398229956,9.961598373194354,-18.42911130461701,0.06836587669535554,0.007643851686206835,0.3555268411846552,-1.0522146098165046,0.33715586503130646,0.17666866492111466,0.3621210520912369,1.118946593721665,-0.2742134421680912,nm
10.537747859954834,6.968495086545236,9.930582315074087,-18.80950568892599,0.08147400913475769,0.11840822066408668,0.22244626628760844,-1.0945881664269308,0.3530297285668643,0.16303264301813503,0.26484120198832967,1.1616078882408396,-0.2742134421680912,nm
10.56316089630127,-4.591905140483351,9.770883055739949,-19.263567371153606,0.14822495216848783,0.31332132889207265,0.21228455843628585,-1.073551197645827,0.33383559002287716,0.12248117700919539,0.4064549487145331,1.1309111432178347,-0.33729486801096864,nm
10.569663763046265,-10.322734434027023,9.524480224493582,-19.474980965745964,0.12432105918953265,0.29870989140064136,0.10501642602340437,-1.0825547424497277,0.3137722537651041,0.11815145862924818,0.3401643348637823,1.1332861795722422,-0.33729486801096864,nm
10.572126865386963,-15.88964956732114,9.245730248440786,-19.655957263961106,0.09260002983998568,0.1887773147663551,-0.023881644301535526,-1.0536755076124356,0.3009731443978713,0.12353565976352063,0.21161751588965128,1.1027592521599054,-0.33729486801096864,nm
10.595545291900635,-26.197222201662285,8.824866972931927,-19.450921307699957,0.04678609332804741,0.17298382669018944,-0.08687528829744436,-0.9565777669628752,0.2819271845271049,0.15004734177697843,0.19914732873439786,1.0084831016915448,-0.3909140799774145,nm
10.604019165039062,-31.201609396696426,8.66260847855687,-19.413333753825494,0.02080100153959441,0.130213107298108,-0.15530931915739438,-0.9426678929796495,0.2848232437197543,0.16055770968960928,0.20373786980925315,0.9977603994739956,-0.3909140799774145,nm
10.60979437828064,-36.199204711131905,8.591442994337154,-19.40508537259212,0.07046965269173527,0.21113467343462364,-0.024370125130066325,-0.9355225035477556,0.30142491988014414,0.1535459591243844,0.2239145490487254,0.99480435188656,-0.3909140799774145,nm
10.618815898895264,-41.154465767941915,8.535978535884297,-18.765268004058004,0.08139548868213371,0.22615300653776094,0.23515815392740563,-0.9299330071039721,0.2910634533503129,0.1412676552699944,0.33625847989666713,0.9846064604719633,-0.3909140799774145,nm
10.629937410354614,-45.53459510107523,8.374370457172317,-17.986826435753667,0.04448894950590242,0.008785830320028304,0.2690142399327748,-0.8319488024598659,0.22369078436894038,0.13097509706373592,0.27280967491854025,0.8713959220565884,-0.3909140799774145,nm
10.637877225875854,-49.19318943549548,8.107210855721561,-17.427700103367275,-0.026693878575539492,-0.07199599888804047,-0.02741716522869288,-0.704184607339604,0.15330617314700198,0.11752902714581467,0.0815333548829546,0.7301998467274917,-0.3909140799774145,nm
10.64702296257019,-53.07923076803637,7.779252105434376,-16.906727959297825,0.07127802989870272,0.08507174592519687,-0.14311251875666148,-0.7526255560303485,0.14860267703358637,0.11171385302533317,0.1811048108855129,0.7752470368658659,-0.3909140799774145,nm
10.65831446647644,-57.76116324854403,7.472452013466272,-16.2255390276848,0.055503815038525674,-0.03434981739653858,-0.0910666741829985,-0.9053203010240993,0.18767378998563722,0.10828787897491438,0.11204339599351146,0.9308880510710322,-0.3909140799774145,nm
10.675610065460205,-66.94766211212175,6.970372374823852,-11.790692845592655,0.09358379532418797,0.0729801789788784,0.12575262348295577,-0.8566575059605557,0.12443747073532901,0.14699402726382307,0.17290967463943327,0.8780398685098547,-0.2445222537237124,nm
10.684099197387695,-70.82054820884382,6.873715455590965,-8.197160016710459,-0.00779295416685946,-0.04171791078500919,-0.014643159682341426,-0.758188338803763,0.0825304427147934,0.14713337960034353,0.04489472508430481,0.7767297229186794,-0.2445222537237124,nm
10.699257612228394,-74.67292648373477,6.8540072861879295,-4.890697280367671,0.0015793817165116592,0.15718986052770137,-0.09840035519330831,-0.7562557477857781,0.05419544143309359,0.1433325271849917,0.18545559199305342,0.7716243355936817,-0.2445222537237124,nm
10.710447072982788,-78.80574921374078,6.8305841734248025,-1.5378587049418806,-0.05670253955213116,-0.04723588683269837,-0.032887713795856637,-0.8138326561982748,0.011169666856891277,0.14213811017892208,0.08079609344052884,0.8262273271428806,-0.2445222537237124,nm
10.723216772079468,-82.7544996315203,6.7848164379381775,1.896635037053203,0.0,0.0,0.0,-0.776338572171595,-0.0402653958176579,0.13537731781866796,0.0,0.7890816807666746,-0.2445222537237124,nm
10.74468469619751,-90.59714862173624,6.583362043944631,5.293715059032408,0.03192640380563325,-0.026378995463229162,-0.003081534743158501,-0.7796088216586314,-0.10059871693625148,0.1297196273278026,0.04152881551384184,0.796703959053326,0.2,nm
10.756555557250977,-94.52259110401116,6.466391346417952,5.495243071723842,0.07028202226356027,-0.040903326750979775,-0.0037083796752007477,-0.7669353068242366,-0.10006118226133807,0.1408055304706923,0.0814026834482036,0.7861476976117501,0.2,nm
10.757993459701538,-98.29589008821733,6.395861588676661,5.739545466824933,0.09367258784058984,-0.056650940912370766,0.047942759145040446,-0.7375256285946872,-0.09004701747309288,0.1449333605176778,0.11950895771217028,0.7570060747317258,0.2,nm
10.764196395874023,-101.90809744563839,6.384074599118732,5.986304282433377,0.050606727249952924,-0.05276722454855557,0.036820163887442296,-0.7065631345014036,-0.07746551400096253,0.1414836188720549,0.08186052344205309,0.7247413216486381,0.2,nm
10.782541990280151,-108.85960068100127,6.446486096624954,6.521486542391741,-0.035500454157386375,-0.0780247478871233,-0.08250816533717364,-0.6723252052959507,-0.06911162025493213,0.1429999528070689,0.11897790078639069,0.6908303585058551,0.25775471425708996,nm
10.818986177444458,-111.98175123739328,6.4862452568579885,6.786501505773232,0.027612965808316417,-0.28919653364774256,-0.059413546662792624,-0.609871740476221,-0.06345091941068826,0.13528704403611877,0.2965250081892807,0.6279109357939129,0.25775471425708996,nm
10.827659368515015,-114.58244763338541,6.530209072844376,7.006419487841629,0.0036269829605361905,-0.23140744175236144,-0.21514253355195795,-0.5067297260069754,-0.05216318777968417,0.11487750212142209,0.31598871632848524,0.5222000132823632,0.25775471425708996,nm
10.831555366516113,-116.8610377802887,6.573894598449142,7.184305335354367,0.012963664777007146,-0.17524199921104272,-0.34773819201130024,-0.4429713845240532,-0.04555866196777862,0.09947409834363864,0.38961476496049485,0.45628317460622064,0.25775471425708996,nm
10.833872079849243,-118.90738556250363,6.659700560775485,7.389261810712423,0.09128227577142123,-0.3109757344050798,-0.2665744627232254,-0.3980591624247767,-0.03235667106560596,0.10000454053942558,0.419643069089631,0.41170251284302867,0.25775471425708996,nm
10.836273431777954,-120.53882832680684,6.828153469785239,7.627059333399764,0.13157423039031535,-0.3020529309504917,-0.28490179823955997,-0.31822277242987074,-0.0063329609090900865,0.09767067187060172,0.4355649042780205,0.33293452724294625,0.25775471425708996,nm
10.841423988342285,-121.7381040631003,7.069213324180727,7.848987563307547,0.13369468130689985,-0.3730290807456107,-0.21611362356312855,-0.23490489121217822,0.01864679331468278,0.08511950635989615,0.451364665410635,0.25054608593885114,0.25775471425708996,nm
10.861887693405151,-122.46985906258801,7.38022966875314,8.059831803010121,0.08343619770962923,-0.38779749061992597,-0.1515386437561425,-0.14477494850040834,0.04467051541624062,0.0722124457057521,0.42463213888117674,0.16783884525238688,0.25775471425708996,nm
10.868704795837402,-122.36093445263458,8.123775376433871,8.486990186611417,-0.025083812819800662,-0.2723210947290366,-0.09839456592368964,0.058665543714952334,0.08560204072246295,0.04243556446582836,0.2906363138069829,0.11211660236893849,0.3068462213756164,nm
10.87482476234436,-121.786666654764,8.443355951127941,8.645427462757763,-0.06590449387260838,-0.2127150535754791,0.032147515259001704,0.11094732175779472,0.08329450393775452,0.02660106873053038,0.22499902014798057,0.14126181171523547,0.3068462213756164,nm
10.886513233184814,-120.88133662307897,8.734415956251842,8.79136292588897,-0.03644637319782835,-0.1563501621757566,0.09932475427781112,0.17636992951728087,0.08767570192936285,0.013577041774836889,0.18878325705424281,0.19742775086115114,0.3068462213756164,nm
10.898602485656738,-119.71464977087959,9.009087947812828,8.905595849877436,0.046480467052224146,-0.14230147557836453,0.1506864267165993,0.227721608434108,0.09251884933533307,-0.0017361713204823066,0.21240655113670534,0.2458045620427036,0.3068462213756164,nm
10.907910823822021,-118.3963262056939,9.286210264968163,8.961450093088112,0.07471046413840457,-0.06635916055292813,0.1983977071440255,0.2570484534998894,0.09768876680391983,-0.01937651802750841,0.2221414905889299,0.27566728506884125,0.3068462213756164,nm
10.917737245559692,-116.7944255310657,9.541005202222125,9.005878981800764,0.02403305656931475,0.1721138614275876,0.032930639428116915,0.2761998460680619,0.1070643491370607,-0.031943834763013136,0.17687621693354752,0.29794217291872294,0.3068462213756164,nm
10.921458721160889,-115.53917924296957,9.897925494191957,9.043588770963364,0.0781557316325695,0.06415245531420041,0.09326980991885662,0.2418941774049548,0.11125720826768508,-0.023526883178448327,0.13756130761286894,0.2672909906563092,0.3068462213756164,nm
10.936711072921753,-114.36071373997554,10.305533645342136,9.097451438001249,0.13990783411009103,-0.11966858671313227,0.21060888684346168,0.22509910009750195,0.11879973441561306,-0.01930079109166319,0.27973358023079253,0.2552557586004465,0.3068462213756164,nm
10.95285677909851,-111.48721615437057,11.24431417382147,9.044707650056196,-0.07681765334900444,0.16544515549934447,-0.03217346601262772,0.25874380494655874,0.129554170234699,-0.023890385231908843,0.1852246831810377,0.2903504608743599,0.3485740024263639,nm
10.970951795578003,-110.32005749581661,11.662228657939572,8.796802261130463,-0.04684502792317875,0.049606947502718254,-0.01325597581271059,0.21096026297279655,0.10801271155344427,-0.020491766948416392,0.06950558809482882,0.2378884001445788,0.3485740024263639,nm
10.972402811050415,-109.44644128854662,11.994888372167532,8.56797177349518,0.032500182581766617,-0.1434605105673577,0.0506645277919963,0.19969000139813137,0.09504939837948227,-0.03160395595213863,0.15557658672332764,0.22340388273821912,0.3485740024263639,nm
10.996015071868896,-106.90923301823133,12.674209150127709,7.884298829982864,0.02142585416810454,-0.018265724162046495,-0.07512201808833131,0.30033625438645306,0.119872427625901,-0.05893719475990261,0.08022481852681518,0.32870177597630623,0.3840426163194992,nm
11.006751775741577,-105.22575390131287,13.118755639666846,7.527077355910681,0.004723539173746683,0.059232664390114,-0.18247012683796987,0.32343217231326016,0.13077846574157606,-0.06979494650271513,0.19190145268168923,0.3557846423699481,0.3840426163194992,nm
11.013707637786865,-103.595954620513,13.592947845566583,7.470792996716194,0.026202248955631197,-0.059136306192133635,-0.1511004314211708,0.3118975923013487,0.1346421550405352,-0.07604579944177275,0.16436240730789567,0.34812581290400774,0.3840426163194992,nm
11.018363237380981,-101.82752925555815,14.09450640265961,7.422859316168385,-0.019606679421589484,-0.11287824541643325,-0.13551518666828988,0.33750578151473326,0.14282876343764375,-0.08386564312771272,0.177455025242947,0.37595698466476474,0.3840426163194992,nm
11.048463582992554,-97.40830415882212,15.113451980257206,7.4478565005902615,-0.023832459717896742,-0.10205901201784531,-0.13648431251299192,0.4537509638756869,0.1574877627157308,-0.10826638478260939,0.17208136340815036,0.49235550438399417,0.41419093812866425,nm
11.055238723754883,-94.76905364227967,15.582283475221189,7.454039845305051,-0.06927890333433759,-0.023138515926657142,-0.15366232089302578,0.5030996163978217,0.15637690703218213,-0.12881473181531258,0.17013837376890578,0.5423616839390832,0.41419093812866425,nm
11.056626319885254,-92.00145866124825,16.015480351798068,7.4451879129445135,-0.06384743001120728,0.05900805407318332,-0.19392227339545834,0.5275333920574569,0.15178291110696965,-0.14310481879347237,0.21251892358894214,0.5672816945765704,0.41419093812866425,nm
11.080612659454346,-86.36094738788931,16.896895583281076,7.349512451642789,0.0189130671867997,-0.019750991792595103,-0.14169430571711883,0.5427466422384153,0.15724198878359286,-0.16763874473133417,0.14430898121690103,0.5894079312605077,0.43981701166645454,nm
11.092277765274048,-83.26908379381723,17.426815887793694,7.0254349178629365,0.0034616388063942716,0.012739573938146271,-0.11009514047405049,0.5842996377023187,0.17263592866640817,-0.17968008806820748,0.11088381145754478,0.6352119052204335,0.43981701166645454,nm
11.101838827133179,-79.89716980054298,18.01281364959847,6.817377137931475,-0.04810031194051842,0.020549434950097308,-0.13937731374102802,0.6350524660196308,0.18658121682960943,-0.18183402376028715,0.14886891841888428,0.686416635337525,0.43981701166645454,nm
11.108701705932617,-76.39160519141227,18.62438922912693,6.697307960081873,-0.06298021434980665,0.09345701186365692,-0.1532623206746506,0.6579871024080428,0.1922150110305114,-0.191248439834515,0.19023685080606945,0.7116667781623138,0.43981701166645454,nm
11.113040208816528,-72.88657978638919,19.21778833161621,6.599782729264585,-0.10546601620949392,0.0857416542764421,-0.1197920104817521,0.6562390219649623,0.18673600178566396,-0.20384825303795884,0.18117626121659086,0.7120913555008609,0.43981701166645454,nm
11.146070003509521,-65.6156219069944,20.243958904843577,6.339662510324164,-0.06662955834338513,0.04007363255021341,-0.0881591907227619,0.6920925982407539,0.1653574930050101,-0.2377381895034437,0.11754759452960488,0.7502364372522271,0.46159917417357627,nm
11.147600889205933,-61.72733827756392,20.71158937876761,6.126948440026887,-0.041921852403664826,0.13834489666700917,-0.07118915700109157,0.7251850841001554,0.16189907003439816,-0.26426007312282035,0.1611354964534077,0.7886305226950265,0.46159917417357627,nm
11.153502225875854,-57.76098728073808,21.17305254865722,5.963496857934443,-0.027936317238477875,0.09323703371673084,-0.04672534140912993,0.7379319391546504,0.15929574304124727,-0.2749141522155774,0.10796684586919927,0.8034279505120638,0.46159917417357627,nm
11.162042617797852,-53.66577309849403,21.64920252773893,5.911378910076693,-0.01816331941830507,0.10358497592288783,-0.01863971782504735,0.7592253551907137,0.1629279232784159,-0.2807923122131927,0.10680445912898028,0.8257196683780239,0.46159917417357627,nm
11.170084714889526,-49.43343638561741,22.161960751030453,5.876462414118458,-0.014406364857740616,0.08660104756361066,-0.01341483531954501,0.7811842575090181,0.17124821410095956,-0.2876588677010815,0.08881014916201645,0.8498955342745085,0.46159917417357627,nm
11.179847955703735,-45.11274144819881,22.692469036873536,5.867685934296228,-0.032820571566435294,0.1403323704168037,0.0249120462577368,0.7940448594959867,0.17525572003615267,-0.29223760980158986,0.14625653542147823,0.8640744336455847,0.46159917417357627,nm
11.205270051956177,-36.51647079577019,23.712217561908155,6.010207697100366,-0.02237883796863488,0.06577930558167558,0.10670745816504962,0.7812807644661554,0.16935314236668983,-0.3046743924523632,0.1273350346906918,0.8555154032339273,0.48011401230462974,nm
11.219751358032227,-32.20786649538429,24.188867629928534,6.077597550002592,-0.016378874009025282,0.08563759029992046,0.15445728823609428,0.7822908012683651,0.16565330730265948,-0.3221905034984657,0.17736718488894293,0.8621059311441981,0.48011401230462974,nm
11.225877523422241,-27.9096727361977,24.620585257185567,6.0659128880137105,0.01544938604703047,0.098799089876627,0.18881213087489482,0.7781518494083445,0.15618186549639732,-0.33658812771441976,0.21365852301089794,0.8620931756868628,0.48011401230462974,nm
11.229414463043213,-23.696506822309768,25.018833036656535,6.002443186955909,0.050693842371879176,0.06009404408746223,0.2278675819899795,0.7606129611931682,0.14699784141561728,-0.34480762844845897,0.241049361565574,0.8479579840724076,0.48011401230462974,nm
11.247813701629639,-15.588934309018233,25.764617709059983,5.8907261710744665,0.0852539553404661,-0.042146170285286444,0.16673993517853988,0.7174471912754742,0.13503552208602115,-0.3452153165350425,0.19195505347412511,0.807551038179322,0.49585162471602523,nm
11.271244049072266,-11.702616365450996,26.128283492522915,5.828154057908718,0.10118892705159802,-0.040329733732551575,0.1968790358786764,0.6948724940079699,0.13143251839937564,-0.33875003211436,0.22500453584163427,0.7841389379944974,0.49585162471602523,nm
11.27390432357788,-7.998308764085296,26.479105855805507,5.746805296493043,0.10990889264399142,-0.05522720506864055,0.20843397546329367,0.6602814360946504,0.12453376502482158,-0.326451322251407,0.24202217045005406,0.747027910644685,0.49585162471602523,nm
11.276443719863892,-4.5065224838503415,26.78621116287225,5.664102177282874,0.07917658849118535,-0.0871243241812512,0.20922985991664528,0.6211800337141602,0.1111819256997937,-0.3135733175831671,0.24007647596105966,0.7046660772220793,0.49585162471602523,nm
11.29367971420288,1.7126411096001977,27.267809562004174,5.347731736501341,0.03649064677238186,-0.16038756886458094,0.17460451605381658,0.5220380592237587,0.08287705012154949,-0.29218710986171337,0.23988012959506447,0.6039583163466659,0.5092285952657114,nm
11.306679964065552,4.490538553618361,27.471103211550762,5.105055389205683,-0.012365672725149929,-0.18730977692021036,0.06434067688779188,0.4924356015450209,0.07428772026056986,-0.29449117701329286,0.19843786204810743,0.5785642059349972,0.5092285952657114,nm
11.32130742073059,7.210513446637889,27.667232413014236,4.802061260677326,0.05319197825107927,-0.07515573178658183,0.1861016636500364,0.48146980146416407,0.06983251394049375,-0.30379619646698763,0.20763333013741123,0.5735694192623936,0.5092285952657114,nm
11.33246898651123,11.837323741055595,28.045290797660314,4.07422031095563,0.018584447118011885,-0.11093900577488898,0.02000176238672664,0.3982900212498732,0.05496134050053205,-0.2783728098574969,0.11424935525235189,0.489026697885502,0.5205990202329446,nm
11.345924854278564,14.215713531959388,28.18163636934203,3.769682021710183,0.11148788790282328,-0.03783329202330623,0.14361574376218242,0.42009333903660984,0.04591002253619125,-0.28428591000572145,0.18570511299024078,0.50931780088662,0.5205990202329446,nm
11.354946374893188,16.50863223890516,28.26663910612282,3.485187240092812,0.10117963431507453,-0.040616580216542894,0.1258977644099183,0.4052671651496655,0.03278607925764627,-0.2713925450174649,0.16654510521787894,0.48884590172424647,0.5205990202329446,nm
11.362512826919556,18.773542359120842,28.309736391671613,3.2163995713844167,0.015036574383314136,-0.049099742952746134,0.02275637621760289,0.4005313443588215,0.02241648318173731,-0.26327584351650773,0.05616703646951444,0.4798354158578237,0.5205990202329446,nm
11.388235569000244,23.504470515411086,28.322803493669227,2.63770451713295,0.03967019977738408,-0.033137621598510116,0.07069783257884207,0.4199556297901946,0.017739817831998565,-0.2720585789647737,0.08757859468460082,0.5006928225144869,0.5302638814550928,nm
11.39912486076355,25.757198950567624,28.35478063159371,2.29693026945536,-0.009362063277783245,-0.04997890769127193,-0.02104514033246199,0.41098818793339476,0.019145442570524192,-0.27672408019230693,0.055031239986419685,0.49583672226880793,0.5302638814550928,nm
11.40140986442566,28.150698696674358,28.41253898020235,1.8704737253242805,0.09009648131226239,-0.06986078536797315,0.10712834609869644,0.4223679355839517,0.018507231546590376,-0.2948953586044054,0.1564429219073939,0.5154614080175054,0.5302638814550928,nm
11.408743381500244,30.26857574369116,28.387904432656704,1.3698610823522117,0.07983293655373938,-0.09880534029533426,0.06585610028673768,0.3949212211822231,0.014140140687837147,-0.2938976341917622,0.14308325889022458,0.49248201378552403,0.5302638814550928,nm
11.428704261779785,34.2790151001044,28.27898279534545,0.46675531420332167,0.06890297105571493,-0.11326768144779006,0.04135001969317536,0.37588372358114797,-0.0029631882108100784,-0.2918116808738522,0.13887768434665348,0.47586911144980243,0.5384790134939188,nm
11.445486783981323,36.17814810573321,28.22586891372854,0.052903581388403724,0.030362165565120815,-0.09877486931845281,-0.011558462111246172,0.35791673797611195,-0.008977661997466323,-0.27552480457287004,0.10398044985985755,0.4517730709917533,0.5384790134939188,nm
11.44728970527649,38.06557015555687,28.15132849502884,-0.411876138130523,0.021250554005275715,-0.09145290199393655,0.04094063116620198,0.3532509460186848,-0.01600289270799787,-0.2641844378173717,0.1024273137836324,0.44140201701283627,0.5384790134939188,nm
11.465300798416138,41.63326276702488,27.9558797630836,-1.555032298723498,0.04051557084465466,-0.08215045972574518,0.08051290126684085,0.32401847944146095,-0.02626229425752272,-0.24494141297813687,0.12195301055908205,0.40703068546603627,0.545461875726921,nm
11.488889932632446,43.235454554049376,27.86977721720136,-2.134576593404803,0.012830414517648114,-0.028414727419945815,0.02624798056945483,0.29070883771428513,-0.02607438884758553,-0.2356997380421204,0.04075503349304199,0.3751611235084065,0.545461875726921,nm
11.491509199142456,44.83658108843404,27.804186145490164,-2.7283489635726133,0.0,0.0,0.0,0.2844828036771391,-0.026334097790456243,-0.24280740467048992,0.0,0.37493917647701475,0.545461875726921,nm
11.49277138710022,46.35679678690243,27.686543378177355,-3.38269008913313,0.07539500853257049,-0.04397308640025267,0.06770488145860282,0.27708350662043574,-0.027142424572979672,-0.249171610173226,0.11046262088378096,0.37362878926696086,0.545461875726921,nm
11.502977132797241,47.753336362402585,27.635197950705418,-4.097237994112116,0.01872762774985712,-0.008093802695055465,-0.06494215539586437,0.24840285787444139,-0.026570498436787836,-0.24180812810594388,0.06807141272710815,0.34767965428749187,0.545461875726921,nm
11.527021646499634,50.56910096490393,27.36571312076022,-5.526834297968962,0.03326227428375862,-0.06426314228030956,0.0759226720293229,0.24659436060703135,-0.04608651238120483,-0.24442656455361092,0.10488270817603554,0.35025289544289867,0.5513973086249727,nm
11.530586242675781,51.860569839917055,27.246882263814502,-6.191925274254658,-0.0314298524906088,0.002039657086062578,-0.06110413778947263,0.22604748164144176,-0.05305069826197769,-0.22966973903286894,0.06874381051123811,0.3265884712753153,0.5513973086249727,nm
11.545942306518555,53.240846445273945,27.063869388864347,-6.86423345767649,0.009778497269498103,-0.04637465084051229,0.029849408844011063,0.24751784282447328,-0.06514983029842263,-0.2338038379662364,0.056010842323303216,0.34666095475570374,0.5513973086249727,nm
11.562227487564087,54.40483253220743,26.860503906847818,-7.541910201806476,0.012232219666636013,-0.06677938251838969,0.041249422701392036,0.21420549002829922,-0.06538712261333526,-0.21633172988385657,0.0794394612312317,0.31138221708449737,0.5513973086249727,nm
11.567063808441162,55.61432201151068,26.739864196129023,-8.27663557497267,-0.042919160200688956,0.039582883633330256,-0.09561000473704058,0.20097511177500268,-0.06573658769344723,-0.21214691434539124,0.11202737163246797,0.2995306458124508,0.5513973086249727,nm
11.568923234939575,56.814980170667255,26.51794709470241,-9.110429722775832,0.034348420850469956,-0.06616942293567665,0.08896725324377779,0.21927555788870517,-0.07120970068999997,-0.22534806419370706,0.1160748840029743,0.3223884951353156,0.5513973086249727,nm
11.58901309967041,58.803114440199984,26.18863360588506,-10.86497430049039,-0.008779438633195955,0.04122889111056751,-0.11797418471179733,0.1746981926847448,-0.06643333146403102,-0.21678965669821643,0.1252789218637132,0.28623522024386966,0.5564424265883168,nm
11.606063842773438,59.82130283061554,25.951122987037856,-11.816206352020783,0.018108719452979274,-0.08639876167401038,0.07277334064865806,0.18900300838031178,-0.07710512202625464,-0.22374583034380005,0.1144055542716121,0.30286883896453987,0.5564424265883168,nm
11.611290216445923,60.629234053728986,25.75035558017279,-12.642408677129465,-0.026187370288130115,-0.021734506431071193,-0.043112899900559415,0.1379376297382097,-0.07322143829119536,-0.20048478777779138,0.05492621660232544,0.25413051539225434,0.5564424265883168,nm
11.621188879013062,61.489059640675805,25.501728547260175,-13.479784839401031,-0.04522429999379318,0.024788364942594506,-0.10430898263254505,0.14000215515596479,-0.08516582242144449,-0.1984199548170068,0.11636178154485446,0.25734082308607564,0.5564424265883168,nm
11.630563259124756,62.35070382324094,25.176913960343704,-14.300282610546873,-0.0022579518164646943,-0.07448950775326915,0.03448662122782868,0.15217781236433797,-0.09859192380291247,-0.19696289160645525,0.08211645483970643,0.26771782661065213,0.5564424265883168,nm
11.639094114303589,63.04590661680388,24.899159348416124,-15.106258761245178,-0.019435323663557467,-0.013746182755296082,-0.03270662718956718,0.1097976742840121,-0.0919003561462738,-0.17476212639779215,0.04045259952545165,0.22592699166117328,0.5564424265883168,nm
11.644375801086426,63.739205001422334,24.58578641964991,-15.889328328933026,-0.01603977917389745,0.0793644711895797,-0.14600859875634575,0.10503560183349883,-0.09522775825694343,-0.17501881286209942,0.16695659529931903,0.22523851458138047,0.5564424265883168,nm
11.657895803451538,64.52092421321545,24.23448427501618,-16.566077232337154,0.010252286349577928,-0.04814564429050709,0.05232591024886364,0.12869944114595264,-0.10365121092156476,-0.18482806356883125,0.07184088893460265,0.24792848315470162,0.5564424265883168,nm
11.666812181472778,65.1079336219753,23.93406441378903,-17.28696907877995,0.0,0.0,0.0,0.08436414164384187,-0.08857327088980949,-0.1697259422037028,0.0,0.20921144368403094,0.5564424265883168,nm
11.678395986557007,65.632210603354,23.617879194696773,-18.191379787081747,0.008124775061226544,0.0777538084708901,-0.11172792634230296,0.07281163938791975,-0.09029804616179657,-0.174067244130292,0.13636273767519655,0.2091761875790576,0.5564424265883168,nm
11.6940336227417,66.81678417392708,22.889461450109092,-20.174532294316773,0.0,0.0,0.0,0.07104381558416899,-0.10259712331524332,-0.1648364225095944,0.0,0.206747284458786,0.5607307768571592,nm
11.705905675888062,67.32668257300597,22.535610170354612,-21.012948852887227,-0.013263311262706983,0.03361789455626145,-0.058890080563076146,0.05523684289285173,-0.10557615457869382,-0.15437436627151052,0.06909500596116164,0.19500994382370435,0.5607307768571592,nm
11.725020170211792,67.9081593123433,22.113443040240632,-21.83006672718649,0.0,0.0,0.0,0.0668055571386209,-0.12017942547386723,-0.15467060983230937,0.0,0.20695186473605118,0.5607307768571592,nm
11.727503299713135,68.41259667906128,21.633541136040787,-22.724384489963846,-0.008574512268279759,-0.03333503385789326,0.012527246265268788,0.058883641051649366,-0.1216370847652545,-0.14390996607194695,0.036628931760787964,0.19741565770859748,0.5607307768571592,nm
11.738734722137451,68.92293260905713,21.196320641682387,-23.451774812566,0.0016314597211881934,0.0767938626783383,-0.07494961109635884,0.03795275189557755,-0.11298148674811352,-0.13032977175784377,0.10731916515411763,0.17660995762049508,0.5607307768571592,nm
11.742822170257568,69.53427746864429,20.713818428292193,-24.15160576395627,0.04610353924794506,0.05043986643486672,-0.09570849676698481,0.05474307064837002,-0.12343259183076535,-0.14003254079883623,0.11760030956825729,0.1945289721163675,0.5607307768571592,nm
11.751716375350952,70.11554847368024,20.199839743819407,-24.954234171134132,0.04618121360267492,-0.021489761356491267,-0.01874077530321132,0.0632339013057266,-0.12863380931145882,-0.14618761886987028,0.05427458882331849,0.20473398126144465,0.5607307768571592,nm
11.778172969818115,70.5818042223142,19.71440513147567,-25.820483247829905,0.025886406471183683,-0.024497011577428264,-0.04464697201269678,0.040419263690087394,-0.11796763392374662,-0.14173750232011254,0.057127591635903266,0.1887845308672292,0.5607307768571592,nm
11.784099102020264,71.49446708872976,18.774497423440373,-27.30045854965576,-0.01528048672106361,0.026409242954274322,-0.0755777238736511,0.03558963188956283,-0.1265243776431997,-0.1440028310961928,0.08150419457777827,0.19496629298356224,0.5643758745856753,nm
11.78905963897705,71.89761734313268,18.289941037984317,-27.931526844500333,-0.019651135485299467,-0.006475081568494612,-0.04335213153057778,0.02921268552546435,-0.127623847068537,-0.1316209158202247,0.04803645610809326,0.1856483041062796,0.5643758745856753,nm
11.820520401000977,72.18318601661186,17.820363537544527,-28.559387990033887,-0.03736514226429586,-0.01202723991791435,-0.08420652172584552,0.0032975196639851833,-0.11705221079769192,-0.11468882305906566,0.09290611743927002,0.16390735133982046,0.5643758745856753,nm
11.826606750488281,72.4606237839354,17.309688000782554,-29.333734967089704,-0.03594759282054794,-0.011261799935654758,-0.08285336503728054,0.0009788600828926513,-0.12041231180099421,-0.1093380379130523,0.0910150408744812,0.16264959125370648,0.5643758745856753,nm
11.828840255737305,72.66585007780428,16.23774442959123,-30.94040850039508,0.042371388981144995,0.04348673741725998,-0.1136224965644761,-0.04361978729170693,-0.09256072743267352,-0.08703200248627899,0.12882741424453725,0.1343307245681758,0.5643758745856753,nm
11.836478471755981,72.7555131381519,15.716458630537568,-31.781213358165388,0.08533829600642306,0.07129982227339987,-0.18135820207346112,-0.03679915934358238,-0.09834916153373847,-0.09038511582256108,0.21273713094054986,0.1385503694150309,0.5643758745856753,nm
11.848359107971191,73.01032435212959,15.117835314120667,-32.543780639334216,0.056971286780935444,-0.01263593883090731,-0.07875989198042439,-0.016198020152701578,-0.11433014798951233,-0.09669799891348778,0.09802303327474692,0.15061295292916874,0.5643758745856753,nm
11.859009981155396,73.11153746599065,14.580701297012732,-33.56021852313236,0.035705818911536506,-0.007152112431252761,-0.10201338445331865,-0.039348202247298784,-0.10118614052674496,-0.09359657951775684,0.10831799861515773,0.1433430701227523,0.5643758745856753,nm
11.870822429656982,73.12127730511969,14.025943154776089,-34.663702088540596,0.018101268932393708,0.028670865570962933,-0.16926517291716597,-0.05774918559049438,-0.09338554698810855,-0.09296495025177265,0.17262784605106202,0.14386907519668066,0.5643758745856753,nm
11.877392768859863,73.04042607835189,13.479878064918587,-35.974563326604816,-0.0755905235934699,-0.08826110857168651,-0.03890938200253321,-0.05526089722008603,-0.10109231901866018,-0.09200649077843089,0.12254750324366881,0.14744021863623563,0.5643758745856753,nm
11.892101764678955,72.82010222087195,12.896767039638494,-37.27435406883744,-0.18946306515877265,-0.16069732896504527,0.08918742333325788,-0.10098269700651638,-0.06834139073846889,-0.07646404572502058,0.2639588624704294,0.14392637378679424,0.5643758745856753,nm
11.90427041053772,71.64693432389754,11.876844210295213,-39.9256991741225,-0.009931463620486879,0.06061881495139599,-0.07496401525242775,-0.1559026187512353,-0.022257428059528416,-0.037702513452963736,0.09691686271502428,0.1619336257791723,0.567474207654914,nm
11.913995504379272,71.3468362760917,11.280726242516769,-40.80781702904091,0.06386503422555845,0.08466006178215,-0.03503059798877166,-0.13683025963639422,-0.03890242965918938,-0.021929156379975164,0.11168353259563443,0.14393334181171727,0.567474207654914,nm
11.921300411224365,71.09274769268771,10.617946828607751,-41.783862560117235,0.0854986973444489,0.04121015410397784,-0.08225743431282036,-0.13182709539785636,-0.04714703976215692,-0.019823092762479955,0.12559693287894905,0.14140078304606313,0.567474207654914,nm
11.93350076675415,70.72831572177107,9.894684796265702,-42.993640520165606,0.0182993978947399,-0.09743176626664024,0.0069401474654761045,-0.12519917703704364,-0.05659527849351169,-0.027716063322599814,0.09937797888863398,0.14016433085708183,0.567474207654914,nm
11.939391136169434,70.25449154565166,9.204553883015649,-44.34825956749088,-0.04145850428455557,-0.12133168983448332,0.06020824206277821,-0.13437742876226524,-0.04489750914530594,-0.03201742968591114,0.14165175236435965,0.145252178957504,0.567474207654914,nm
11.964598178863525,69.72128510036431,8.546605448331006,-45.80172185310879,0.010359443437009338,-0.024834281007323218,-0.030817504403379648,-0.16227740406047161,-0.013474708587452047,-0.03585705486869245,0.04091183397414023,0.16673707453346645,0.5701077907637668,nm
11.995378494262695,68.88327786851295,7.28682303932685,-48.65567011097699,-0.013480386677138164,0.04126175137037865,-0.09822763593206502,-0.13893616552878413,-0.042518304595931936,-0.02589386736259655,0.10739144012405467,0.14758576043963692,0.5701077907637668,nm
11.9969162940979,68.52717402012405,6.6771408383723445,-49.99127689629231,-0.08746956930155014,-0.0014328275483062125,-0.0253329608567829,-0.13509340519545135,-0.04780893891718364,-0.008569711587200742,0.09107544924046855,0.1435596138347314,0.5701077907637668,nm
12.001208305358887,67.5111393380402,5.39459807156582,-52.86784791336656,-0.05234979629056176,-0.03208853572156898,-0.06373645540474834,-0.15805097282139097,-0.009283727434106437,0.01610999190606247,0.08850147481245267,0.15914091065490432,0.5701077907637668,nm
12.006818294525146,66.93124198470662,4.747750326763395,-54.0870704698672,-0.07796649142626202,-0.05520225891967522,-0.012315152925753234,-0.1544228919509501,-0.0021443403612841565,0.02329405715119379,0.09632095393392312,0.15618463705705157,0.5701077907637668,nm
12.03415846824646,65.28949158769291,3.498562427275703,-56.81248118906368,-0.04762784626923522,-0.08739328893012391,0.03755308468643837,-0.19659488209257028,0.0862514836587232,0.021878982926717395,0.10637778367561919,0.21579517138302748,0.568684674184088,nm
12.040164470672607,64.36079148499572,2.9111151900491903,-58.33811677013375,0.12859690791713818,0.030071682977342758,-0.15212394122429804,-0.19476351871629582,0.09122236926703316,0.025259150338186417,0.20145263546688189,0.21654646973167438,0.568684674184088,nm
12.04613208770752,63.75767415789985,2.2652585129645355,-59.76031432209497,0.07209329524242758,0.046327078442412295,-0.09393222915689695,-0.17612327307832917,0.05446551836854511,0.029890507693361736,0.12714914506320935,0.18676012010369064,0.568684674184088,nm
12.055127143859863,63.00638605698201,1.6595573782933304,-61.3223994386678,-0.07234599540101394,-0.00557694543685436,0.03457297291988362,-0.173875090664957,0.05036239765911949,0.03905297530248388,0.0803762143142372,0.1851865360432521,0.568684674184088,nm
12.09255051612854,61.26105200809239,0.47949935138160277,-64.35231946051255,-0.22102894533329373,-0.07048284470696611,0.20453324908641424,-0.18240189881237115,0.12139316684145424,0.06521325810045724,0.30928219485605635,0.22860341790584077,0.5674750250913609,nm
12.093930721282959,60.18790794574407,-0.006080727458742385,-65.81016412420507,0.10388029176529578,0.04665591440567344,-0.06524968652212318,-0.18396236969503307,0.17443085591363552,0.07759183617336829,0.13124561309814453,0.26512029345059634,0.5674750250913609,nm
12.09564471244812,59.14313555127935,-0.4697203349091944,-67.207670694207,0.20303491494590573,0.03156962874582124,-0.22831347275907898,-0.1649238990904527,0.15075800697031205,0.07617117851076802,0.30715933974006204,0.23607184836946943,0.5674750250913609,nm
12.12549638748169,57.56032646157315,-1.3794946951102678,-69.80478733485732,-0.3145024579971895,-0.1072148966941217,0.33008678690774146,-0.1330858473288339,0.12450285778206975,0.07485135641048776,0.46836323195836144,0.19701657268267014,0.5664468233625429,nm
12.130864143371582,56.30151432743912,-1.708568217975533,-71.04714572990795,-0.24013280608525206,-0.07560610493938978,0.2174238897078348,-0.14315512778703976,0.21018074056752262,0.07239666896917732,0.3326457507291623,0.2644061496922274,0.5664468233625429,nm
12.13279938697815,54.95261962588432,-1.9810614886049267,-72.38831782736858,0.02001648832135714,-0.06305535609269657,0.0022883304437975103,-0.13294017468985325,0.23393002335819593,0.07802564504765021,0.06619572639465332,0.2801505794390522,0.5664468233625429,nm
12.142062425613403,53.70558119715284,-2.2158763592259834,-73.61052496230755,0.1046723688094181,-1.6513003846302274e-05,-0.07265843678596588,-0.11510841286607272,0.21913556926416816,0.09084340513902617,0.12741881140959657,0.2636718958981608,0.5664468233625429,nm
12.173202276229858,50.05031194843024,-2.834499311954181,-76.95405937104614,-0.20719040692759833,-0.030800959625157952,0.3385780183692557,-0.08215987734408997,0.24180318583724295,0.10760262650950017,0.39813520110573797,0.27712335043799385,0.5655728518930476,nm
12.184293270111084,48.513440910119606,-2.8543854073474884,-77.88456600240477,0.08365150984401001,0.018005891507646133,0.0009606952337799394,-0.06890714798040865,0.29226034891821606,0.11110614835911882,0.08557283542982454,0.32017008416744663,0.5655728518930476,nm
12.186958312988281,47.093370073267344,-2.8904139171585337,-78.95268550377132,0.11080367207002807,-0.009615801584062967,-0.09794599420741616,-0.06273814159486693,0.26983983563291786,0.0988357166156615,0.14820032107112854,0.2941396100223651,0.5655728518930476,nm
12.212303161621094,44.77656557114822,-2.84534711246929,-80.84279218403557,-0.06022454031081615,0.0014879458006960434,0.22239451607416036,-0.02472022223310247,0.23072480933729095,0.10219197858395385,0.23040948335130412,0.2535512325307974,0.5648299761439767,nm
12.229829788208008,43.430741252734975,-2.7181436501918808,-81.93350052193728,-0.11966859418660383,-0.00615795916909939,0.22527395406281767,-0.015024161249814264,0.2623980023405383,0.09725904354848446,0.25516043438359104,0.280245889542615,0.5648299761439767,nm
12.232482194900513,42.09468645108219,-2.5542508700574182,-82.98336009734568,-0.17950428077057065,-0.004370791997015561,0.39430382779139833,-0.002976777833765244,0.2615862915576979,0.09712119352706865,0.4332625061652459,0.27904977220793936,0.5648299761439767,nm
12.23401165008545,40.59417278588292,-2.2682330312064183,-83.9123317802,-0.10672807403184928,-0.02656755624214487,0.4126214069868793,0.022125677005706994,0.2968652767669604,0.1087203485803461,0.4270282687774421,0.3169205773191713,0.5648299761439767,nm
12.262706995010376,37.480825449647526,-1.5775751364536594,-85.26292097211974,0.16956437038362432,-0.0679356259032216,-0.005226404148087383,0.03701498030122483,0.2872509616739335,0.11091431516064866,0.18274200466990764,0.31013740351150065,0.5641985317572663,nm
12.278680086135864,36.21934900969985,-1.238494886073141,-86.04770945626382,0.14453877456299916,-0.07489401888162638,0.18556526465591655,0.04586903525612111,0.2490873732167646,0.11083337103747999,0.24685023569613065,0.2764643268613272,0.5641985317572663,nm
12.280493974685669,34.90991341786799,-0.8316557113731067,-87.00821151479362,0.058706805047241906,0.007004170071554771,0.27077076607666895,0.06283327425739901,0.2586252449539951,0.1075203626745661,0.27715041966230597,0.28704645281049845,0.5641985317572663,nm
12.2922043800354,32.5308824836388,0.0915494836887909,-87.76584224560764,0.11262918679841935,0.004015796904143407,0.23653085090394352,0.08519965368275483,0.22211333783167114,0.08940832694427236,0.2620082131785035,0.2541400494950793,0.5636618040285625,nm
12.30982780456543,31.358734735959054,0.6743806854068024,-87.93121163687769,0.1742749220311344,0.006037239921181453,0.021910482380516027,0.10207904615715437,0.23162119215085922,0.08399224916601289,0.17575057881261952,0.266689344064785,0.5636618040285625,nm
12.320964336395264,30.352230376442517,1.2625506940097477,-87.47805888527492,0.15670957813059483,0.00921262528283072,-0.10473018620946423,0.10237212183751486,0.19943681497399693,0.07674778031006414,0.1887092373095178,0.2369500290757719,0.5636618040285625,nm
12.322548866271973,29.6186919189257,1.8754001361275232,-87.03423473110225,0.09806953568239167,-0.00036059593203808464,0.16596090865478502,0.10824647717731616,0.14594484754199946,0.07589413249329781,0.1927713336051499,0.19691906381116822,0.5636618040285625,nm
12.347146034240723,28.045465379179035,3.2787020370314615,-85.61948811422113,0.010009388683141284,-0.008794670438815516,0.16641728539772796,0.12239651036336478,0.15722219808416718,0.07770474458728825,0.16694983368990343,0.21386386476196037,0.5632055854591642,nm
12.35892915725708,27.44208308336287,3.966846235871712,-84.75725295094955,0.06472357842031196,-0.04777550079967519,0.2578830724522486,0.11922144184148291,0.12568402782767835,0.07013250662306546,0.2701394438759393,0.18689247050372318,0.5632055854591642,nm
12.370384931564331,26.027925709622725,5.496587713372503,-83.56618611684324,0.14972364439912,-0.027541963325425103,-0.1746313770541056,0.13190697886179656,0.14419486100963178,0.056892447559894456,0.2316718526014466,0.2035395774865144,0.379865087481285,nm
12.398725986480713,25.599709306095555,6.2273810107960115,-82.91794814213526,0.08148771616550818,-0.0459169664482467,0.22475692206562653,0.12733423063655722,0.09598129641063187,0.03738943315716957,0.24344257990354512,0.16378151685792866,0.379865087481285,nm
12.401346445083618,24.436381783839867,7.7286939673886,-80.88501294565347,0.07936541988708518,0.017899338708409054,-0.03758259790601446,0.12552389460921137,0.12839854426315814,0.015834066977957303,0.08961979616924404,0.18025856973754403,0.379865087481285,nm
12.406650066375732,24.22662722725854,8.456063395487469,-79.80079304728633,0.15444175839082014,0.028565535310656993,-0.005158972557940508,0.12296379614587873,0.09449205356968875,0.004720965415222348,0.15714598798660573,0.1551487378771541,0.379865087481285,nm
12.428569793701172,23.25283968058431,10.00269514918845,-77.65745441749779,0.05327425311815636,0.036412895715929344,-0.1371143281988679,0.13143331220884058,0.11138868439917829,0.0071710385197446425,0.15154004096984863,0.172434272590509,0.22402566420008768,nm
12.44028091430664,22.83091913389853,10.829521196549749,-76.52559910695369,-0.08330173521978683,-0.09279401200855432,0.37026499716056455,0.13425531371583707,0.11273808538987155,0.005235894839408067,0.39069947002470334,0.17539036391170737,0.22402566420008768,nm
12.447325468063354,22.033361078443363,11.630647954872883,-75.47525806294031,-0.1986426653737166,-0.15494606532816274,0.48669128079237295,0.1084458964644703,0.1852605065105303,0.004964033380458825,0.5480288263100528,0.21472449641324848,0.22402566420008768,nm
12.455692768096924,21.071165048885568,12.3698666095237,-74.52568038920634,-0.06496532479637246,-0.0018061682240627546,-0.07109689938188193,0.08455981980764535,0.21449942680578088,-0.0038494505006565565,0.09632509938364572,0.2305974533577225,0.22402566420008768,nm
12.480266809463501,18.692064173388225,13.868845520168108,-73.15032488156928,0.004046462238468526,-0.01686382260026572,-0.3081241528455831,0.06944498823037258,0.28495119332398855,-0.00477693653622714,0.30861182079782495,0.29333020316658975,-0.2,nm
12.492121696472168,17.25190198795878,14.711308285394605,-72.61887311505825,-0.09554419105540922,-0.08009283208906348,-0.014542268184110193,0.06877160928509993,0.310375099088433,-0.00010486145213251697,0.1255190493925844,0.3179028898480497,-0.2,nm
12.493878841400146,15.620491364917898,15.437714354060057,-72.00526647411422,-0.11131487509114532,-0.18983566075215,0.3586246403626194,0.031713335180894225,0.3380416739440314,0.00040148495551182095,0.420761467086734,0.339526243671013,-0.2,nm
12.50166130065918,13.501862873032012,16.040677696969798,-71.37085327482698,-0.10710612543616269,-0.13251409314102638,0.31774822036047445,-0.025965063349887203,0.41822910221926707,0.015107985166707527,0.3605490792238752,0.4193065914980293,-0.2,nm
12.510976076126099,10.921441789256066,16.578494310924217,-70.81098433901937,-0.15144387740068554,-0.00856193492351191,-0.14004229376434907,-0.07204008386664658,0.49603810966845024,0.033413545153029314,0.20644708468411116,0.5023545012505178,-0.2,nm
12.519961833953857,8.09706349834412,17.129183527879917,-70.30469884387045,-0.12722677668639154,-0.01109908533829469,-0.10521797964520571,-0.08993459218069641,0.5386895808874729,0.04601384276950967,0.1654710417020894,0.5480802579493688,-0.2,nm
12.53211236000061,4.8487185361914635,17.776488297607937,-69.96180252902393,-0.14392726109835535,-0.1284353065431685,0.2225249174909885,-0.10304166589121387,0.6189320003267272,0.07012667196605003,0.2944962195996462,0.6313573917038704,-0.2,nm
12.541085958480835,1.336938084897303,18.43724667896175,-70.4453066798557,-0.1343153647438673,-0.16782229768701762,0.5575112252828661,-0.11201736177782635,0.665455407659826,0.08760866984604687,0.5975146082930782,0.6804807623699316,-0.2,nm
12.562214851379395,-6.542222047339104,19.219027423950376,-71.81839893482282,-0.13071554301008803,0.012655371213018312,0.10099207041213991,-0.20376552805233958,0.7582822909322418,0.12564110804538453,0.16566867504477753,0.7951717494948936,-0.2688596601590046,nm
12.589277744293213,-10.80051575556144,19.50406709977293,-72.91326954450749,-0.09051680689067755,0.005973142802237142,-0.09120606754477213,-0.19714298489678647,0.7759050823874136,0.13045556115709356,0.12863715451455565,0.8111181830075356,-0.2688596601590046,nm
12.595484495162964,-15.356280872424266,19.94134081410216,-74.20787075725733,0.08769408652516879,0.027338522127063468,-0.13197383610077426,-0.16595619873606413,0.8403464533745909,0.1440993109087116,0.16079409509907308,0.868612821113379,-0.2688596601590046,nm
12.597689628601074,-25.408344307840224,20.839482571846368,-77.28746208807937,0.2697095227049069,-0.10611616355047448,0.06688965006035962,-0.14524309254228351,0.9243212584808095,0.1920755766028414,0.29745267201620007,0.9551745243347457,-0.2688596601590046,nm
12.60539984703064,-30.298588264356173,21.078704789584584,-78.72843934225367,0.3975223710645096,-0.07130976143360576,0.15488125887646884,-0.14849750844019147,0.8963304014175252,0.20498198997451314,0.4325474793865145,0.9313846223403938,-0.2688596601590046,nm
12.61634111404419,-34.95805298882894,21.129232218507962,-80.35459460669685,0.1689192137417793,0.05407670931183881,-0.06471616483250933,-0.15180099206074352,0.8500386428495709,0.20543416297917239,0.18880194186439542,0.88758798484833,-0.2688596601590046,nm
12.627703666687012,-39.22302512485176,21.030207610739915,-81.93920892077229,0.18671050505596457,0.1796652776410684,-0.12536902100626388,-0.14669394681700332,0.7764901037697417,0.1821800360633952,0.28785033631414186,0.8109534886941137,-0.2688596601590046,nm
12.635927677154541,-43.46916457648112,20.920481840004655,-82.68548840652123,0.20043484036974415,0.19518112635607007,-0.16272311717286073,-0.13876854321582435,0.7746944393271551,0.15670866093888325,0.32364889955339193,0.8024747892139136,-0.2688596601590046,nm
12.66837739944458,-51.83040805182984,20.837957676304825,-86.84241609717725,0.12810475977181596,0.06670502803311455,-0.1564474658363547,-0.06469679986752001,0.7516877221762261,0.12137479622561063,0.21292299032211304,0.7641674873628097,-0.3273903712941585,nm
12.677479267120361,-55.699875563411084,20.825413401731968,-88.69644477543838,0.09564934594899413,-0.04046642001926512,-0.16475024751678732,-0.03418631691751711,0.7149764228092175,0.13004125211591483,0.1947536202140762,0.7275099426738612,-0.3273903712941585,nm
12.682467460632324,-59.30317988979941,20.857638399073558,-90.42139286654918,0.023951735153625742,-0.05719324201090569,-0.1645778606154038,-0.0026143499491711273,0.665566731470719,0.1347312158653445,0.17587104580723553,0.6790717262519673,-0.3273903712941585,nm
12.684558868408203,-62.653640695879105,20.86788733701094,-91.99420786444301,0.037037692389533014,-0.011586053056447833,-0.16630639017291138,0.011007296983746324,0.6178812908441957,0.14305817871953863,0.17077424482430928,0.6343217579909501,-0.3273903712941585,nm
12.693134307861328,-65.94820228597011,20.786919151838177,-93.62590389457914,0.05889927603333875,0.01409865637521247,-0.1319825316571667,0.01058780787331277,0.6078601728676184,0.152935108203673,0.14521461872508828,0.6268933232659942,-0.3273903712941585,nm
12.716604471206665,-72.48941104473845,20.290069277724424,-97.01562797065507,0.042051755799944565,0.10064403866225372,-0.0606691983218048,0.00030282333257220027,0.6050805801056514,0.12519663992625632,0.12481315759613597,0.6178970778145718,-0.3771414757590393,nm
12.727943420410156,-75.65706071212988,19.86940469362119,-98.74834031339545,-0.007094485506536812,0.07811537340678314,-0.03636399393892278,-0.00451550253321188,0.5932918432006408,0.1193896662231927,0.08645625103064344,0.6052020269070706,-0.3771414757590393,nm
12.730820417404175,-78.69317820784659,19.429702042122482,-100.56433457316432,0.010969202083378938,0.012366711859722296,-0.040166254006283465,0.006968186371855016,0.5708249499539699,0.10893028096643195,0.043434858322143555,0.5811673470031596,-0.3771414757590393,nm
12.738622188568115,-81.71827334755015,19.050198429276346,-102.36901566191968,0.06292940934711011,-0.02453458095561417,-0.08921973238683671,0.037126383150944076,0.5669797403633687,0.10466293785652706,0.11190271163212487,0.5777531695015986,-0.3771414757590393,nm
12.76965618133545,-91.28092126572298,18.493153847915803,-107.4486731491042,-0.00865308679794342,-0.019077824085657724,-0.1264724340932467,0.1494899714809193,0.5678221500310234,0.1365371351070509,0.1281956156365992,0.6028363251351574,-0.419429914554188,nm
12.779083490371704,-94.34573734461976,18.372213957131848,-108.95893782915977,0.004108735816616931,0.04343817615129676,-0.1277158113625615,0.15771827365912766,0.5506842741308597,0.14802103064263192,0.1349632740020752,0.5916404728663804,-0.419429914554188,nm
12.787737607955933,-97.37492796546499,18.154023266867824,-110.39713757408956,0.012910201452139445,0.08432030996694109,-0.11316694944377136,0.1517706969154927,0.5471943666664624,0.1487130054475648,0.14171572397184778,0.5870021953476602,-0.419429914554188,nm
12.806048154830933,-103.46442560047743,17.3067659099024,-113.22959518592246,0.11179612401579529,0.05270496008123084,-0.12180144566228851,0.13412348185319703,0.5689398180771199,0.1390364260695938,0.17352745698460126,0.600843367902365,-0.4553750875300644,nm
12.823294878005981,-106.64834060803851,16.766046965939697,-114.59692889204746,0.08080329916852569,-0.03670962124757349,-0.12135814228965469,0.1483309743830773,0.5911743293250216,0.14236225907305283,0.15034815645246413,0.6259042885479418,-0.4553750875300644,nm
12.827410459518433,-109.91721949272882,16.270118878544334,-115.96888711790277,0.026940838733025073,-0.0922832917868908,-0.09533420275021341,0.1789585668511786,0.5994832709088651,0.13939728263696582,0.13539063833471682,0.6409664290394542,-0.4553750875300644,nm
12.845988750457764,-116.43207898217331,15.589611288352371,-118.48666524727541,-0.08284374721365806,-0.04036767243608308,0.006718038191929486,0.25684187330867764,0.5608913192378393,0.14787181598831503,0.0924000404083007,0.6343759877586451,-0.48592848455955934,nm
12.863131284713745,-119.60311476801614,15.474683659581547,-119.62447054635821,0.008386455962635956,-0.011879732735867095,0.022327441472808046,0.27794645733948586,0.5343615473180664,0.1473226448891022,0.026645362377166748,0.6200810093018889,-0.48592848455955934,nm
12.86459469795227,-122.82032387980267,15.3287693978386,-120.76773022120943,0.1483464363507619,0.03958447257918998,-0.04157621631418018,0.2885565521429448,0.5395685719262685,0.14687093006280338,0.15906658168938814,0.6292616289689764,-0.48592848455955934,nm
12.872670650482178,-126.10769589353593,15.214826723464592,-121.85757200265029,0.1669190334812041,0.05234393119946841,-0.05023276031607764,0.29965686372121814,0.5803797256369652,0.1589997011797317,0.18200324469823753,0.6722468050358585,-0.48592848455955934,nm
12.885183095932007,-129.57294778658738,14.904999378487156,-122.85636683395988,0.1290702376341553,0.018358915168893635,-0.06146701208274006,0.30443504488753653,0.6173639097262397,0.1696122756736479,0.1441331661467813,0.7089338598538925,-0.48592848455955934,nm
12.903014183044434,-137.17847249788028,13.925006437127378,-124.6783078147434,0.06000164013920619,-0.10363776906216113,-0.13308109799816226,0.3489254579832204,0.6656225060450628,0.19650083407377764,0.17902950214971025,0.7767978331420602,-0.51189887203463,nm
12.920478582382202,-141.19225622446191,13.53142712608297,-125.504719419186,0.040867206887265375,-0.11949940507204801,-0.21177245230924902,0.38884702985220215,0.6703421741816177,0.2037388237115344,0.24657211514770502,0.8012928000417683,-0.51189887203463,nm
12.922234535217285,-145.38597386291545,13.25101473066693,-126.30677087713994,0.06244517488649423,-0.0928742451579798,-0.29437496904908594,0.43858614986927474,0.680184063187618,0.20699404473114263,0.3149311792803623,0.8353769838975275,-0.51189887203463,nm
12.929287910461426,-149.80577599195473,13.063785854608991,-127.07727050224648,0.07903245976669468,-0.04791351222734321,-0.28625499799873233,0.49025524660298775,0.6984561904840829,0.2102179897224688,0.3008051831833824,0.878853150446791,-0.51189887203463,nm
12.939944744110107,-154.3575260509851,12.915596162949491,-127.81772457678291,0.1011844137824593,0.012702018890832485,-0.31430509991409944,0.5221373319208412,0.7078017589885894,0.20877755393254308,0.3304350506656566,0.9039904813872831,-0.51189887203463,nm
12.950573682785034,-159.05677154543588,12.737403165305523,-128.51377736695724,0.10462816941365195,0.07109255782426842,-0.3614581097439654,0.5449506844003579,0.7278169237945306,0.21115049606968536,0.3829532226167177,0.9334201920789083,-0.51189887203463,nm
12.958282947540283,-163.9253298834552,12.501890133417206,-128.50602388813374,0.09004287875747673,0.07867258620944077,-0.36858597425706646,0.5578286910637005,0.7610534715480433,0.22091400064173397,0.38749544030200717,0.9691120837182383,-0.51189887203463,nm
12.968872785568237,-168.91514154282336,12.23639687583412,-128.4426369579937,0.049584683338527606,0.08877336366755771,-0.46275249532073237,0.5686425719621434,0.7841708019530895,0.2322615350219179,0.47379238369163235,0.996104232464761,-0.51189887203463,nm
12.985281467437744,-174.1589700544629,11.981708321851887,-128.3196233942326,0.006111745892002122,0.03501002528276271,-0.45403987732638906,0.6011576395897364,0.8232771917113013,0.24949906045277315,0.45542866127496906,1.0494882672979087,-0.51189887203463,nm
13.018032550811768,174.8557892453874,11.656842381286264,-128.03337183025866,-0.06379700278869975,0.07955234726606386,-0.5675564813471142,0.6601725138919807,0.8607533428100282,0.2566946958914734,0.5766445985522444,1.1147269765085581,-0.5339737013884401,nm
13.031266450881958,168.93465777645366,11.629881555085428,-127.91750150723522,-0.06199869791472947,0.11074042865376402,-0.6004792408350496,0.7155205634344896,0.905290137853256,0.2637180760495191,0.6137447350123493,1.1836668171522071,-0.5339737013884401,nm
13.033342361450195,156.3252078040424,11.66420940149663,-127.79400545532098,-0.1607745387630455,0.3292944243130564,-0.6284560087525699,0.7786213714095398,0.9770843110336143,0.2668499597529897,0.7274889862639484,1.2775577841741161,-0.5339737013884401,nm
13.034785509109497,149.50542176590463,11.672962990124757,-127.73894010419026,-0.2816406176633457,0.42800246188728136,-0.6427542153218944,0.8263869820180961,1.043276766022626,0.28426553450460856,0.8219735556655267,1.3609367173674158,-0.5339737013884401,nm
13.061707496643066,134.60405328331657,11.691869686536517,-127.52152105068647,-0.4206566507125929,0.48092037947237287,-0.6051206579198551,0.9236700502175241,1.1742855256230662,0.32914051613090195,0.8800042271614074,1.5298517368410576,-0.5527373063391787,nm
13.06368374824524,126.76062495807197,11.777654207699689,-127.40657795149674,-0.5190185883747652,0.4542324423029875,-0.5156733445484696,0.9543306729491453,1.1990472838478161,0.334814116241509,0.8611773365555294,1.568617835761463,-0.5527373063391787,nm
13.075534343719482,118.79289577681877,11.963316198299054,-127.33833530238321,-0.8381491184684502,0.651654049238383,-0.40118002652826856,0.9820371061907314,1.208077236558967,0.332793605301862,1.1349415660567919,1.592042421280673,-0.5527373063391787,nm
13.085642576217651,110.12781550551843,12.295539840484011,-127.3986668417778,-3.152307193728102,2.8395282971811127,-0.47473641377483405,1.0863605749589915,1.29874183198693,0.342068604899341,4.2691142238977395,1.7274028410986766,-0.5527373063391787,nm
13.106064319610596,87.83880624848446,13.060549749310143,-130.462030189112,1.349110359797648,-0.6839749281036425,-0.031354081536611456,1.4020659026299922,1.6449639050426987,0.0422489782443287,1.5129122722804274,2.161823309240066,-0.5686863705473065,nm
13.123013734817505,79.28595445275425,12.299984691831465,-132.22261704632876,-1.383139611875754,0.5049451512899372,0.9189948514538869,0.9888682607797783,1.3500310745583466,0.010662015154044765,1.7356832455116287,1.673486784536386,-0.5686863705473065,nm
13.124388694763184,71.39086501993526,11.191186413710671,-132.0639693700578,0.42204613282153647,-0.6169634805054539,0.13465228073119484,0.8722509707223525,1.2926637549000994,0.3399163887484427,0.7595380906927118,1.5960402534078808,-0.5686863705473065,nm
13.128873348236084,64.11737260102656,9.60625613838833,-132.02437475697158,-1.0854431231462793,0.4412405427908655,2.751369295279167,0.7206415755685553,1.2732052742196114,0.25729975221696516,2.990470362533778,1.4854558604110313,-0.5686863705473065,nm
13.150187492370605,42.605282325288854,6.94809281068276,-133.52430086346072,1.7624382137283228,-1.935188578055532,-2.7596217152001556,1.2635811317222156,1.6477971949442218,0.11970291348175698,3.8035056593688306,2.0799523214743316,-0.5822430751242151,nm
13.164689540863037,36.47068322157416,6.398390470013963,-134.1874360143906,0.5334368165248972,-0.052928372290275916,2.2057850774124543,0.7577800962806758,0.9566203041671266,-0.0014760537989178407,2.2699876778416623,1.2203914369573285,-0.5822430751242151,nm
13.170990943908691,28.947799328808884,5.238824222877903,-135.94323791169032,0.9785885646564039,-0.5952371878894934,0.6728600000119062,0.8877496070093711,1.2243581371721097,-0.20880640599314726,1.328413891954949,1.5266801655843396,-0.5822430751242151,nm
13.180598735809326,21.4658249588514,4.02488504674872,-137.88722414699805,0.023887571782414872,0.12385769203811921,1.6313205637553687,0.9144739358080405,1.2001301708054404,-0.2769550833264209,1.636190125166939,1.5340401312645273,-0.5822430751242151,nm
13.188655853271484,15.648169304918818,3.3379120792407857,-139.20785217828575,0.5718667342612692,-0.3144100338815095,0.1314106407157825,0.7693509515509677,0.8761404118244911,-0.1976793579947885,0.6656981205121084,1.1826242160811693,-0.5822430751242151,nm
13.195465803146362,9.659539470615831,2.2266659064720478,-140.05108495947508,0.615189902130325,-0.3186018239866159,0.06993584660290308,0.7569624433002883,0.9493662396281957,-0.11758435163071683,0.6963165663480815,1.219882976871691,-0.5822430751242151,nm
13.226892948150635,-1.040974218357869,0.057202685812436836,-139.9774071114941,0.18934774230676352,-0.27725991687806173,0.5845515304179786,0.6027485834240142,0.7182709075554206,0.06756838333080609,0.6741113563335802,0.9400981001395982,-0.5937662740145875,nm
13.235647678375244,-5.765957572912929,-0.6323998301750785,-139.6432172940931,0.7006281096144341,-0.4141779747757461,1.1632280989455903,0.620891505294878,0.7209461790906333,0.058336373302061144,1.4196910765894832,0.9532432989236067,-0.5937662740145875,nm
13.24803900718689,-11.135464598210302,-1.7216906890343646,-139.703376445599,0.12261029906908244,-0.14757737281135497,-0.06418338898635759,0.6654540187545676,0.8670341867723332,-0.03663107893586799,0.20231627177635905,1.093580892322361,-0.5937662740145875,nm
13.24988603591919,-15.705307169846497,-2.745472052067538,-140.29816344518952,0.03999763052632672,-0.07168986606842177,-0.3132488128051753,0.5556839209443659,0.7501663169317276,-0.1560675139108581,0.32382721638009454,0.9465152888111916,-0.5937662740145875,nm
13.252763271331787,-19.925616866160627,-3.957624727715694,-141.3612746836066,0.4009940097814478,-0.08433149366730569,-0.13294307576841505,0.4878121718526801,0.7267597463553048,-0.26246382792773565,0.4307921286415633,0.9137985034462115,-0.5937662740145875,nm
13.26220154762268,-24.333518619335432,-5.81125081544774,-142.5479972149616,0.20803938266636163,-0.04558917623051426,0.27303647052437735,0.45114819706713905,0.8403224340379538,-0.31175920156990816,0.34627687183233435,1.0034292643868366,-0.5937662740145875,nm
13.277901887893677,-28.2740808938772,-7.582083899836501,-143.6901473144008,0.19570560748640117,-0.14532150308823913,0.53829348642768,0.4015860487554843,0.7603167783253056,-0.31867073207253216,0.5909136160149919,0.9170081752294567,-0.5937662740145875,nm
13.292228937149048,-35.72982419305757,-10.049096558284646,-145.05090799978984,-0.025844249994611563,0.11068423975601617,-0.15646490317131148,0.46728986977733933,0.6307140367347178,-0.20463418436842581,0.1933912927526964,0.8111936685791233,-0.603560993071404,nm
13.313047409057617,-39.528160318817456,-10.98872474318282,-145.0163455040014,0.058709474322346945,-0.1547399369671428,-0.015086228460184644,0.49332372227627913,0.5893769586632736,-0.1272735120109732,0.16618918363405763,0.7790584324832771,-0.603560993071404,nm
13.320484638214111,-43.36599473087746,-11.518012278251629,-144.9451648141656,0.32215513142091357,-0.2746626872389957,0.03545152066231237,0.5450680699043072,0.525846972790463,-0.1302085525476479,0.42482976682365703,0.768484552075482,-0.603560993071404,nm
13.32647156715393,-47.09008331831283,-12.025526017038125,-144.945593097685,0.2574959480680477,-0.08119060124442562,-0.07384259779247454,0.5282033230564465,0.5088844209242227,-0.1459060263557177,0.27990856766207645,0.7478306445139632,-0.603560993071404,nm
13.32823657989502,-50.171114881389336,-12.777810370909501,-145.10577800465225,0.1718437392976594,-0.19366344986966963,-0.15012420100193274,0.39671644788519067,0.4751351747029235,-0.15757927547070333,0.2992876179825899,0.6387241989470045,-0.603560993071404,nm
13.34913182258606,-55.86972516802965,-15.174757524331259,-146.30135939219835,-0.04497185443814756,0.0157836371284131,-0.2781302674235589,0.2994421871566015,0.5511059306916039,-0.27094403552174506,0.282184401676825,0.6832232729330849,-0.6118865042696979,nm
13.36631965637207,-58.48881508889954,-16.883170571437695,-146.7814038690824,-0.0201116586453135,-0.11860777978579916,-0.04898293118095939,0.2227802520754185,0.5696719511724168,-0.23209737960072463,0.1298907686722226,0.6542372400627301,-0.6118865042696979,nm
13.368185758590698,-60.86125804081398,-18.481086381880313,-147.171011526547,0.03443074890177635,-0.2565876010602771,0.09725254908672028,0.19649263858834715,0.521324684311198,-0.21296471296811187,0.2765514993480781,0.5964417427219287,-0.6118865042696979,nm
13.376323938369751,-63.14583195028767,-19.69316621896767,-147.50444317346017,-0.07847472036660692,0.05533369403353392,0.01734012288860089,0.22481577107258166,0.4439838010443095,-0.2065555553600241,0.09757448075088937,0.5388218109568325,-0.6118865042696979,nm
13.405455350875854,-67.60865049110815,-21.166768169348483,-147.34943724028062,0.11080782042757464,-0.10723218118355879,0.0022350898556497247,0.2887959021160799,0.3373533653875003,-0.11589843155094977,0.15421449145899369,0.45895839969792784,-0.6189631887882479,nm
13.41223931312561,-69.84938858559383,-21.548078713074535,-147.294226642297,0.11384259387937747,-0.033085928307502,-0.04155524195130017,0.303453847394587,0.2957364114524991,-0.14142107880590388,0.12562504912152325,0.44670368712156927,-0.6189631887882479,nm
13.413737773895264,-71.85453616963683,-21.94865893733719,-147.41068891549165,0.11914577464343767,-0.026796556496305614,-0.11648920791369631,0.26403860129022133,0.2744158957706925,-0.16085674864845378,0.16877057390376116,0.413394920637252,-0.6189631887882479,nm
13.423733949661255,-73.80295932185173,-22.611454912538527,-147.57936501169192,0.03666801778398378,-0.05156735819235221,-0.12854549421653375,0.22684211189218575,0.311494569644773,-0.17018173674372417,0.14327484092651374,0.4212458120468375,-0.6189631887882479,nm
13.434471368789673,-75.7995843787977,-23.587776135690007,-147.79422311394163,-0.030785735012012923,-0.08564496305237732,-0.06560490897324828,0.20045364025729986,0.36726089583150817,-0.18808671784321196,0.11219102128896566,0.4587361343173186,-0.6189631887882479,nm
13.445803165435791,-77.7561369812989,-24.786361377326674,-148.00841689241312,-0.0708041988163703,-0.051500895773539584,0.009024976932086485,0.16988430185325873,0.3986026396219649,-0.1913595022829664,0.08801719743396613,0.4736699266828661,-0.6189631887882479,nm
13.452440023422241,-79.62143598649821,-26.045321714666045,-148.1262860802788,-0.060532306393837304,-0.11776414077381304,0.06938335599441431,0.1481276385258197,0.39768203451274825,-0.1716241256892389,0.14948780237397122,0.4577637364274613,-0.6189631887882479,nm
13.496910333633423,-83.49403386398778,-28.052777322211583,-148.09393315158422,-0.0051978521455417065,0.005151346489175002,0.07164837258948281,0.19991975568506942,0.33834064756902826,-0.15646904098546485,0.07202113115121006,0.42299511025249253,-0.6249783706290153,nm
13.499309301376343,-87.28465376150803,-28.937231519743694,-147.93749905436817,0.09494619469161122,-0.02793702535314421,-0.032272977271464075,0.2520494991312295,0.25933193372235497,-0.16015629764098496,0.10409996317945555,0.39551490684239365,-0.6249783706290153,nm
13.5014066696167,-89.16780880513335,-29.270600171657836,-148.0186996650946,0.12566874955943255,-0.041454832653332316,-0.12309134241514684,0.24107463745444022,0.2356453551130794,-0.18638130562828253,0.18072801759469972,0.38520605563498395,-0.6249783706290153,nm
13.51892638206482,-92.94125059109447,-30.343705140310224,-148.30083761677102,-0.018813692265646154,-0.0400191845198297,-0.06326781008925575,0.21334922256987005,0.2818465230272212,-0.20250847287593082,0.07719006373743154,0.4073880642584457,-0.6300912751936676,nm
13.531471252441406,-94.6868688872595,-31.234927806160094,-148.4928093440291,-0.050987060177945256,-0.09459818991080292,-0.04339000279871588,0.18234575025210598,0.301108055920746,-0.20409711092445562,0.11589301179476837,0.406904982352249,-0.6300912751936676,nm
13.543432712554932,-96.5512672904474,-32.21611216757582,-148.57610912976074,-0.09811012773941892,-0.018520373419124152,0.015049683739850868,0.17094026423617892,0.3154773260154486,-0.19948713874574117,0.10097076001149259,0.4105382268339392,-0.6300912751936676,nm
13.552496910095215,-98.29033130138149,-33.198916217810655,-148.58006028775011,-0.06628255709520178,-0.11003429629617552,0.0025826247742688335,0.17083011840575338,0.3093159326198073,-0.17559786110734224,0.12848188077389705,0.39458064366167067,-0.6300912751936676,nm
13.567649126052856,-101.97513764063562,-34.560804436087906,-148.49023641247743,0.026087237043402173,0.005075225268612602,0.03613766827449386,0.20360989891379935,0.26373034073610596,-0.18765995116961112,0.04485791921615601,0.3823963138335031,-0.634437244073622,nm
13.582778215408325,-103.59147053780192,-34.90798665632545,-148.5891354888026,0.09256029350929051,-0.038386237880874856,-0.06504421306251308,0.19992619370963433,0.22390316200239432,-0.1900886572891469,0.11946405671202831,0.3552981937976654,-0.634437244073622,nm
13.589251279830933,-105.16321692326417,-35.17257088270066,-148.79922186573316,0.10922292306236257,-0.035991291220426526,-0.08166308096162431,0.20249281339575803,0.20593977970439672,-0.20857191807450526,0.14104566196145535,0.35625381029668,-0.634437244073622,nm
13.59896206855774,-106.81240566384047,-35.534584785202775,-149.06845775323993,0.08529193408313894,-0.05740434784271613,-0.12462100521576357,0.1941886814071837,0.20331660687764855,-0.2309041790158509,0.16155608348767755,0.3638181228387133,-0.634437244073622,nm
13.605177640914917,-108.40883035908196,-35.95400027440585,-149.445635796997,0.04725572072291328,-0.0389546790151243,-0.08622425146924949,0.19084737210944894,0.21817166949747593,-0.24815498574193806,0.10576006665866712,0.3815789482675634,-0.634437244073622,nm
13.614672899246216,-110.0658987739117,-36.51691682035663,-149.77043615376414,0.009818490642598411,-0.030278385197959112,-0.00913106795586061,0.1828255396082946,0.2331957412502468,-0.24715921851741393,0.033114343881607056,0.38586670103606363,-0.634437244073622,nm
13.622981071472168,-111.69013776839789,-37.21593391424448,-150.0783986695852,-0.03378939988154165,-0.0837552031516478,0.02613344509459613,0.17493176223330564,0.24339805612691834,-0.24298192630994145,0.09401922437374599,0.38585483238868745,-0.634437244073622,nm
13.64534854888916,-113.39212267398558,-37.92677273171518,-150.3076630877057,-0.06544142129203535,-0.03731552844684514,0.05870152626683,0.1770766242815658,0.24672883824448383,-0.23988502820922744,0.09550338983535767,0.38700914362243344,-0.634437244073622,nm
13.648350238800049,-115.0505582588209,-38.6019507906299,-150.52663470381788,-0.03753583772443545,-0.11278946990611072,0.02271235200378726,0.18683745222708711,0.23860192516498588,-0.2358108935792937,0.12102171114688698,0.38398683542253315,-0.634437244073622,nm
13.660611391067505,-116.83029302621817,-39.12168420647421,-150.71577005425058,0.008788031892599826,-0.06614386250635795,0.03481420445360048,0.20777654889339828,0.22927826181088706,-0.24761577371633617,0.07526133724258713,0.39629936538204574,-0.634437244073622,nm
13.66693902015686,-118.53517385655462,-39.49098977481034,-150.97299489018516,0.058561198965589444,-0.047022507680843366,-0.010792353721380418,0.2084290511726069,0.20670815194518494,-0.25378053938531653,0.07587493098336051,0.3880405798676332,-0.634437244073622,nm
13.670918226242065,-120.09846200958849,-39.8115141801992,-151.37453396980038,0.0640047382527387,-0.08054728516938096,-0.09115332329445994,0.20328676937684304,0.1877887736298717,-0.266246220472953,0.1374532648378477,0.3840275823703517,-0.634437244073622,nm
13.680352926254272,-121.8136492588011,-40.15131483294346,-151.80134965765401,0.07640288149304542,-0.09213045590959841,-0.11528012107178373,0.20260753334177356,0.1848543883444724,-0.2922618540623752,0.1661773977437242,0.40079664269679705,-0.634437244073622,nm
13.694463014602661,-123.44187548398955,-40.486544333222206,-152.38708452350258,0.05858216221505097,-0.04658581945657326,-0.08530392315130564,0.20349601502399062,0.18919558542321066,-0.31438033385507264,0.11348509862195497,0.4195719151577028,-0.634437244073622,nm
13.712183952331543,-126.73595855275504,-41.40136009453206,-153.57838017457487,-0.025123914827001503,-0.0616100743202041,0.00023196096903542958,0.1997619658129046,0.19542619108993747,-0.3237918417319165,0.06653620187436801,0.4277118141009239,-0.6381313176215833,nm
13.727497577667236,-128.3765380313189,-41.97818249282723,-154.17475744517083,-0.04841270663698825,-0.12154202143218013,-0.007233177567976944,0.19942522969854914,0.19558365936866084,-0.32468444015842485,0.13102889755878092,0.42830290185025044,-0.6381313176215833,nm
13.748654842376709,-130.21465226919088,-42.484391092851304,-154.69448071824905,-0.03445463670891682,-0.07603831315058851,0.042653095563027064,0.2226939140600678,0.19957283640941215,-0.3382006380725304,0.09374557919517655,0.4514438702480714,-0.6381313176215833,nm
13.750035047531128,-132.09136886117855,-42.887614915536695,-155.17208945978814,0.009582993026952848,-0.04809653782695409,0.0827145817014666,0.23290343781344056,0.1894052644777363,-0.33714681140994945,0.09616034906520902,0.45142700185201196,-0.6381313176215833,nm
13.751445770263672,-133.80512759099696,-43.30685071962696,-155.7311142975937,-0.017030288120372057,-0.10666777855494677,-0.06298447442925831,0.22562623921983913,0.17287327691589294,-0.33341111145445473,0.12504035234451294,0.4381270808080937,-0.6381313176215833,nm
13.75987458229065,-135.61905940092564,-43.673964319289915,-156.36110924808196,-0.003966457261354223,-0.10113974906855336,-0.08646448053266821,0.24217093895152814,0.17285294560911846,-0.3631716894214179,0.13312057699183943,0.4694875722270191,-0.6381313176215833,nm
13.768131494522095,-137.51098852991933,-43.929120149797306,-157.0397391974178,0.07797945203595318,-0.06532506518981877,-0.03488242752800096,0.25120701387990857,0.16920727773538347,-0.385010138723349,0.1075404241768082,0.4898661792580217,-0.6381313176215833,nm
13.7896888256073,-141.23479592063927,-44.57710561177086,-158.5517556926845,-0.018991339437588725,-0.11088736635588946,-0.11092411775012989,0.24172326446105824,0.16195980533936893,-0.41030838044227497,0.15798999616945256,0.5030050518518075,-0.6412712801373504,nm
13.803008556365967,-143.1616372467574,-44.98707255642688,-158.56445196368898,-0.00826188199279533,-0.08497083731298194,-0.03876085222954229,0.2480695222108419,0.1719116975887242,-0.43603657179273253,0.0937587625413888,0.5303018117624257,-0.6412712801373504,nm
13.80945372581482,-145.10738138980653,-45.39726961523168,-158.56431162149192,0.002588551325704697,-0.06356458157406629,-0.020533859521373495,0.24482427547009222,0.17047584146879455,-0.43816447008244647,0.0668490539611103,0.5300839945014189,-0.6412712801373504,nm
13.813589811325073,-147.08543045372733,-45.87298916460527,-158.55605038467561,-0.07443160867102472,-0.10062657516112906,-0.03809365307294755,0.24851326064158027,0.1672472329631343,-0.43835158171585353,0.13083156500805532,0.5309261594999115,-0.6412712801373504,nm
13.844206809997559,-151.4250682922327,-46.65887846101573,-158.37626167354398,0.012639504915769916,-0.061130215561017456,-0.010170433063341642,0.2719814899551443,0.17355913294500844,-0.4566974374545522,0.0632463283341266,0.5591683582646626,-0.6439402482757524,nm
13.851568222045898,-153.60000645609654,-47.07826064033541,-158.26419559029378,-0.06492790806989132,-0.0957847570518921,-0.08907511280920473,0.2705330120276536,0.1684543570889423,-0.4515085634873565,0.14602988958358765,0.5526526611909326,-0.6439402482757524,nm
13.85285758972168,-155.94962897524707,-47.47391190792957,-158.14645433424658,-0.03619269773024584,-0.07057261874665412,-0.10721134551221997,0.29040191715622476,0.1793946891309721,-0.4777698854847595,0.13335920850205338,0.5871795223375293,-0.6439402482757524,nm
13.87263798713684,-160.70018933791826,-48.18933775815984,-158.0299638370539,-0.06924378619343141,-0.0998620279210382,-0.17215409820348115,0.2731734347784903,0.18370866248143836,-0.49074420063487245,0.21072294624733606,0.5909335568371092,-0.6462088711933941,nm
13.890123128890991,-163.1690783967588,-48.66977736685206,-158.1099855358404,-0.03991295606607599,-0.08799808309901504,-0.09689395732111272,0.2934497415649762,0.19498087673593525,-0.5331583332086457,0.13683985404983184,0.6390525028407968,-0.6462088711933941,nm
13.891663074493408,-165.58361895231062,-49.094085526419654,-158.22749855672373,0.021727040300150855,-0.0922994889525655,-0.012180661954679099,0.2879650237578017,0.1948440391095502,-0.547431078144587,0.09560140410455961,0.6485127907781775,-0.6462088711933941,nm
13.909006834030151,-170.75848219520805,-50.0301685536631,-158.38185968844883,-0.07131645809994694,-0.0473905348123856,-0.07020754395939915,0.3041538666964665,0.20172561853872112,-0.5859101610116342,0.1107293963432312,0.6902850980413242,-0.44691298484710185,nm
13.925442457199097,-173.48052332593923,-50.49067174986725,-158.5010509561968,-0.013609812310793269,-0.07234335696265028,-0.03230458159200646,0.30989788404362206,0.20194748365930157,-0.5901949778808772,0.08038889400654212,0.6965268096827625,-0.44691298484710185,nm
13.938342332839966,-176.3630339650938,-50.89490759861149,-158.4756923503928,-0.17207257473844856,-0.043991204621721805,-0.1432302412608882,0.31342897505435,0.20103807536975563,-0.5843439484048704,0.22816463151163768,0.6929010608949807,-0.44691298484710185,nm
13.939724445343018,-179.5044971004104,-51.36421266066165,-158.47967377784104,-0.02586232555883405,-0.05638740160055982,-0.08918398710744542,0.34897729084244455,0.21672274143798678,-0.6193131805780552,0.10863785021324257,0.7431707151239447,-0.44691298484710185,nm
13.97050166130066,173.94108529594774,-52.23092159515893,-158.20906722622112,-0.12051196302556386,-0.02467829664182903,-0.1794144573967435,0.3473044468825774,0.22341964246253615,-0.6244887741574762,0.2175355122281989,0.7486808028200054,-0.2775114814527534,nm
13.976056098937988,170.54143346885803,-52.72083348406875,-158.09775504550115,-0.08304876130314309,-0.008030475691493743,-0.1280039186627916,0.349877808728594,0.2354434025847154,-0.6489834604543577,0.1527959046795714,0.7739687389066201,-0.2775114814527534,nm
13.979002714157104,167.2003271199514,-53.26439015187473,-158.04330548842634,-0.11521274028027889,0.02957578058955161,-0.1266422943938114,0.33397162990428575,0.24107401082599703,-0.6579675486962157,0.173743987089341,0.7762570601379192,-0.2775114814527534,nm
14.005477905273438,160.64132815958465,-54.48533111406543,-158.18146609866758,-0.13166974377023705,0.10056620315581473,-0.09881812932902131,0.30790593130662536,0.24777941146063834,-0.6745493627117414,0.1929132067168644,0.7818040304401078,0.2,nm
14.019100427627563,153.4563861287644,-55.80836214330117,-157.93895461014134,0.028555875342819805,0.01157272888949734,-0.04535240075967141,0.3184141847114828,0.25849727263514294,-0.6874084081894256,0.05482888221740723,0.8004615872325203,0.2,nm
14.025273561477661,149.97242118454187,-56.39578774013745,-157.6941164976309,0.030477172835075582,0.05310747137343359,-0.03353494102222667,0.30238284887936684,0.25040271880604226,-0.6465868334334134,0.06981299197902464,0.7564465890274795,0.2,nm
14.055482149124146,143.50679034778233,-57.524883749818166,-156.87420111054956,0.1546386101206907,0.19594001866567756,0.08564034908762201,0.24896385937567145,0.22696106441327907,-0.5416963734820981,0.2638936529108171,0.6379100948241017,0.21501966853207677,nm
14.061454057693481,141.05156716129204,-58.15324325918355,-157.1061969849819,0.260036979814417,0.2596421725801643,0.17617625712608445,0.19048552468956753,0.20442156734840877,-0.4586174563385346,0.40751854218931877,0.5370315480228955,0.21501966853207677,nm
14.062784910202026,139.27363054583282,-58.83274492945705,-157.41190479628617,0.31090107905657627,0.35279839968083243,0.25558327091993394,0.11744037284653262,0.18375960769868846,-0.3608664441306466,0.5352093049920117,0.4216449040311119,0.21501966853207677,nm
14.080452919006348,137.7484016246106,-60.42734542321643,-158.1871719604222,0.5086554580430799,0.2547485996189295,0.32168367082600824,-0.03068321945781665,0.15486643735695166,-0.14159974516204926,0.653534703042552,0.21207442374291263,0.227786386784342,nm
14.094658851623535,138.18215927297533,-61.277132352497176,-158.61268443363832,0.4169030978970985,0.30268835087495566,0.27322068315863857,-0.10380053662287882,0.12916619261430895,-0.0054279240830780884,0.5831620465164645,0.165794810164631,0.227786386784342,nm
14.101897478103638,139.11721939255668,-62.06477222507975,-158.53928004295932,0.36083234164016625,0.20506261816615268,0.21785221797507923,-0.14233354644374085,0.10035114307955288,0.09128386453944176,0.4687325943641475,0.196626382476718,0.227786386784342,nm
14.110635995864868,140.50259033581267,-62.74636533930008,-158.36591340659467,0.29776946356620737,0.1057755347800629,0.10142229194709432,-0.17115557594476868,0.06558964082009631,0.18662722927312267,0.3318758781447016,0.261583552361492,0.227786386784342,nm
14.13664197921753,143.85951522619868,-63.9021897335758,-157.43634492939063,0.10555282578000713,0.020641474246004776,-0.1484179947864226,-0.18111246182211863,0.033073356768486085,0.3199582569937248,0.1832903998184727,0.3691461187303294,0.23863809729876745,nm
14.14832329750061,145.44074114332508,-64.47862965599411,-156.65643939494967,0.07952895953778666,-0.032725061293117086,-0.22419692271064676,-0.171882498950381,0.03847183283827934,0.3453163512863402,0.2401250615715171,0.38764295148122496,0.23863809729876745,nm
14.149660110473633,146.926634440416,-65.13016003591916,-155.73824358369066,0.03813922196991217,-0.06713233434878105,-0.24545622476832005,-0.16800583473493336,0.05432945484922166,0.35963093809024155,0.25731325042660125,0.40063956594533007,0.23863809729876745,nm
14.15795612335205,148.26811194031822,-65.90398998950043,-154.68067087463163,0.02908471755214174,-0.07222866542328524,-0.22471266465754275,-0.1650897255709208,0.08020806095522419,0.35900755561094666,0.23782069414037543,0.4032051283367138,0.23863809729876745,nm
14.188239336013794,150.52550874664067,-67.7172410825027,-152.39801121938098,0.05870505786131609,-0.06321732249470845,-0.07561686843947081,-0.15677770177128653,0.11580166276139066,0.33293141399780957,0.11471976496878242,0.3857882829967367,0.24786205123602909,nm
14.194403409957886,151.61361451624765,-68.63093338955134,-151.24203843214954,0.04359972167386142,0.003841696505461232,-0.012984096575931322,-0.1515781770177118,0.11985166520418244,0.33195467225680547,0.0456539278263258,0.3841019003250978,0.24786205123602909,nm
14.196172952651978,152.47735007494518,-69.45988716224763,-149.86499798062073,0.07128491128128472,0.001295918233064852,0.023343113905293072,-0.1369872882170096,0.1164667424038331,0.3292250788220927,0.07502079010009766,0.375125541312004,0.24786205123602909,nm
14.224603652954102,153.27985317946968,-70.85470286571568,-146.08173449283203,0.0692199439176561,0.06831996686633857,-0.012404423017140434,-0.0966535921530575,0.10530019670063834,0.34781287810787226,0.09804533756874531,0.3760370280689979,0.25570241208270145,nm
14.231877088546753,153.2157195536222,-71.44282489405504,-143.64869544041076,0.08350153546835415,0.08226766664142167,-0.06942928843109598,-0.07977108974125889,0.10608579047002019,0.3688758621791786,0.13623839947769942,0.39202936547737005,0.25570241208270145,nm
14.233729600906372,152.9529543271604,-72.14136880684903,-140.96149920505238,0.019757508156490123,0.09658765635875517,-0.13226200075227987,-0.06762272276731207,0.1088590794785123,0.39262106209637593,0.16496293926948208,0.4130065740651837,0.25570241208270145,nm
14.251342296600342,151.45494100368626,-73.61200600078102,-134.48508712469638,0.029988709379188908,0.03053262471486171,-0.1455235399604627,-0.06196475943784324,0.1352593393778642,0.42292487956595615,0.15168607234954834,0.4483304295461156,0.262366718802373,nm
14.276328802108765,150.2114538104449,-74.42435014731258,-130.56839390769048,-0.012533211569121766,0.011963414098158657,-0.11591994883745572,-0.06738942441375008,0.14940143282964302,0.44085021716793027,0.11720767554899611,0.47033077363848746,0.262366718802373,nm
14.277740478515625,148.52103854431496,-75.24051933936427,-126.17956347384069,0.008547973440224399,0.011688069708143076,-0.0549630573272237,-0.06756918068011346,0.16003690684133576,0.44539816354646167,0.0568385124206543,0.47807628033576904,0.262366718802373,nm
14.284055948257446,146.41998942783752,-76.01701959337268,-121.9088745491401,0.0,0.0,0.0,-0.060904863700533884,0.16414162516499703,0.4531337004549849,0.0,0.4857798122835231,0.262366718802373,nm
14.290029287338257,143.67304339097373,-76.71222655237646,-116.99235698568741,-0.0054608944758963805,-0.010721144165728351,0.05094666953193502,-0.04594306079653321,0.16638972382496015,0.45542685057061166,0.052348136901855476,0.48704201179217255,0.262366718802373,nm
14.316388368606567,136.6255141897965,-77.5944882127335,-104.351240160004,-0.0032547602057237217,-0.012721389015061223,0.05969653028093606,-0.00488082663157991,0.17012034093708892,0.4556033667998901,0.061123669147491455,0.4863529384187517,0.2680313795140938,nm
14.32980489730835,132.19118427751621,-77.74578880667985,-97.12468371732811,-0.025201532903334926,-0.022158473210577224,0.02056183467531416,0.018027073205994917,0.175942861126935,0.44755425058233295,0.039356120755438956,0.4812334911082352,0.2680313795140938,nm
14.332703351974487,127.54073633310935,-77.70561774489049,-89.75148669827884,0.0,0.0,0.0,0.03539152492205099,0.1866146513980473,0.4326660352698235,0.0,0.47252247166545536,0.2680313795140938,nm
14.33745551109314,122.73402566997291,-77.50426118696733,-82.21414187209251,-0.02264752185509217,-0.008729008373382809,-0.044998247707804945,0.04186005015761741,0.19847184960578654,0.4357475138747706,0.051126784860114544,0.48064460335385395,0.2680313795140938,nm
14.352439641952515,117.63322158911737,-77.14358054643903,-74.42850495000316,-0.05721022072354354,-0.033019000069578704,-0.07844597979317298,0.042815867404817465,0.21091603422464483,0.43595339656285426,0.1025525985362746,0.48618323291673454,0.2680313795140938,nm
14.378695011138916,108.48126894585374,-76.02197405346621,-59.97227980176976,-0.026458658956742903,-0.029382634775469374,-0.00303647971584848,0.03604600436663229,0.23236491200708909,0.41628862652546533,0.03965627402067185,0.4781098067780245,0.2728463411190565,nm
14.384898662567139,104.3581603086627,-75.27500506781078,-53.17611995195373,-0.026412083646655097,-0.03230267956696598,-0.0026353222916939536,0.030988388319709192,0.24135917805814508,0.4130134263138647,0.041809163987636566,0.47936898456103166,0.2728463411190565,nm
14.386240005493164,100.8423079030925,-74.40263635474024,-47.048479193278276,0.008482183974530426,-0.009111472983103762,0.044593616083996895,0.03344795252017456,0.24820648599740225,0.3997090802616067,0.0462985634803772,0.47169118505919744,0.2728463411190565,nm
14.407146453857422,95.51052278636799,-72.25889276345224,-36.55848164416955,0.016706685437460237,-0.012388706288766625,0.06501043034156888,0.05115955463319034,0.26507866026791327,0.3796628161019337,0.06825649738311768,0.4658624798050911,0.27693905848327477,nm
14.420296669006348,93.75002912102121,-71.01083739598911,-32.39021871082781,0.01668509969613285,-0.010584691100169623,0.057420329071761755,0.06266069224308077,0.27703188855593947,0.36439460045448113,0.06072497367858887,0.46201347866662235,0.27693905848327477,nm
14.426321506500244,92.23874979705856,-69.62006355184856,-28.45679223848539,-0.007201793415015739,-0.048652707233815096,0.040173004763664956,0.07543573655297119,0.28764141053559694,0.3653963771732664,0.06350450426003919,0.4711078898251918,0.27693905848327477,nm
14.43508243560791,90.89735461795509,-68.13363146634339,-24.761518256515423,-0.008219101288206234,-0.05228614127807908,0.033830723659350415,0.07020841060603987,0.30655427348982434,0.34593728696518433,0.06281649511913547,0.4675225663297255,0.27693905848327477,nm
14.462273597717285,88.71048014996873,-65.01473901258532,-18.00254863934458,-0.0004222004156616754,-0.07884437915601902,0.05543301018774082,0.0542849340836529,0.3269643470496838,0.3181808076210605,0.09638170467554125,0.45944702050234576,0.2804178682428603,nm
14.476448774337769,87.26309090228649,-61.8371110196859,-12.306537351851308,0.023437855130319086,-0.032190325041548555,0.05826881384681803,0.03705130369912956,0.3305811292785302,0.2947454360259599,0.07057481665938287,0.4444452206954268,0.2804178682428603,nm
14.479561805725098,86.80159984162218,-60.219839623008404,-9.705655689137512,0.034181093924042324,-0.005846154053911373,0.06059886656493319,0.03415013687652649,0.3316420803241706,0.2732269943332152,0.0698193907737732,0.4310518434281333,0.2804178682428603,nm
14.48944640159607,86.42434469571945,-58.564775067404895,-7.237961905458791,0.0007199451256865826,-0.03359921108302632,0.06544673548324295,0.0294894273315031,0.3365886795643003,0.2577220404299836,0.07357105743292895,0.42494966249965804,0.2804178682428603,nm
14.49879765510559,86.11389553702638,-56.87447362788741,-4.851813793947645,0.022721485707118266,-0.0019286704518108818,0.03494598760112062,0.01886553703270508,0.34545344157774094,0.2416114936805096,0.041727781295776374,0.4219835336407867,0.2804178682428603,nm
14.529458999633789,85.87698660174058,-53.35506284671558,-0.5732680550556936,-0.0019157457991823136,-0.028221661971562652,0.0012149732994497053,0.015070173635134273,0.36225417609701227,0.22943786848904507,0.02831269055604935,0.42906518587496073,0.283374856538508,nm
14.536197662353516,85.77319621212037,-51.51068186703936,1.4761507010230792,0.0,0.0,0.0,-0.0006176808528146191,0.37123837824190037,0.21467668331375436,0.0,0.4288407552552651,0.283374856538508,nm
14.546176195144653,85.649394066311,-49.661038824224086,3.409869130638307,0.0,0.0,0.0,-0.016564427285424732,0.3766548743686506,0.20039729819955096,0.0,0.4269687948347488,0.283374856538508,nm
14.564203023910522,85.30258742987932,-45.98261315597112,7.269631700657191,0.029120062800544466,0.0037146794437880066,0.030380610967606133,-0.05318529331319392,0.3752659301480414,0.1794309871291206,0.04224640130996704,0.41934314456875976,0.2858882965898086,nm
14.572205305099487,85.19123491205603,-44.210107935494506,9.082703245574107,0.0665582697339068,0.040179826383883704,-0.008065515667205932,-0.06557267802721749,0.3695902811320871,0.164600702988802,0.07816312596863355,0.4098660066843359,0.2858882965898086,nm
14.578273057937622,85.06444421610179,-42.43131961956066,10.90735448676903,0.048925880657518586,-0.02662600287359146,0.04345308427649346,-0.06528389111656924,0.36563846217637586,0.16031157492067494,0.0706459932358396,0.40454081687213256,0.2858882965898086,nm
14.587850570678711,84.8547421337278,-40.62374230474058,12.734991018829009,0.050109559339614786,-0.03898107540690022,0.04037757401599446,-0.08778012288655863,0.36298615804361617,0.14670252192152158,0.07523855833617446,0.40123052082734056,0.2858882965898086,nm
14.602779150009155,84.66412950981923,-38.78806988465318,14.404019328494305,0.03188457800255396,0.008188952415460983,0.026456573470398998,-0.11032633858623377,0.36274581923165544,0.12957484912046252,0.04223310947418213,0.4006820084312243,0.28802472063341406,nm
14.616661310195923,84.35058806138588,-34.959736128427046,17.32982398931344,0.0,0.0,0.0,-0.12767143335224065,0.36989433292966645,0.0999672859465722,0.0,0.4038753157686445,0.28802472063341406,nm
14.622996091842651,84.24216203705035,-32.998099886818636,18.746633630318758,-0.011377332248900505,0.04073966737176512,-0.003571693872929898,-0.14002644831080516,0.37148372222213566,0.10082670508562315,0.042449042201042175,0.40960174140373806,0.28802472063341406,nm
14.63369369506836,84.04524610770156,-30.985637919750225,20.285590647915953,-0.003379763068082318,-0.06095742468597275,0.040471728328973035,-0.14525599565403852,0.3721783844974353,0.10206945264021094,0.07324746559899947,0.41235206719845496,0.28802472063341406,nm
14.641409873962402,83.80059499590703,-29.018788204342723,21.75954164036255,0.013662922094345572,0.002197717108519855,-0.024343265560066486,-0.17923772291785506,0.3608761395656838,0.08308972483745672,0.028001785278320316,0.4114142095238969,0.28802472063341406,nm
14.650245189666748,83.56042705841462,-27.07541241317918,23.256452005685084,0.025388681346184414,0.010911225212506002,0.014126090147609486,-0.18045342329887742,0.35786762652579296,0.08976197581719142,0.03103524446487427,0.41071874610016806,0.28802472063341406,nm
14.673567295074463,82.77282665883563,-23.162615360564285,26.210972098641847,0.015473574158113044,0.07754516679044575,0.011939130824121475,-0.24452212957049924,0.3285300087833801,0.06488028830446815,0.07997016465295143,0.41464742894581025,0.28984068107047867,nm
14.691303730010986,82.45166930155379,-21.217684209299392,27.554957829596972,0.01711777369291476,0.04758408317119429,0.04272183379551142,-0.2340850149957334,0.33030728276166005,0.05999028677106417,0.06619983557605172,0.4092646207502164,0.28984068107047867,nm
14.692910194396973,82.08570634183849,-19.21631292601848,28.950976500960476,-0.029180173565369394,-0.0030944687099812352,0.07755296911272351,-0.24277381703291875,0.32652827076806196,0.05359064617692564,0.08291876316070557,0.41040442883230965,0.28984068107047867,nm
14.70200514793396,81.67169667280824,-17.172187633551054,30.335625206664307,-0.02868712858795359,0.03285498150253744,0.026423721711448574,-0.27221228299001654,0.3131815855307404,0.04218835423271601,0.05099621775424076,0.41708762839366315,0.28984068107047867,nm
14.708219289779663,81.28059456083497,-15.105733578329806,31.66491643439476,-0.043396348486409,0.0035521591569891214,-0.013565938446060138,-0.2745893991476516,0.3104263478351014,0.03972799423275365,0.04560587223760474,0.41634381114682784,0.28984068107047867,nm
14.730232000350952,80.54650111484,-10.954026089425085,34.14266231659703,-0.05688687430166338,0.024543714298407283,-0.015306515956336378,-0.2901145954734201,0.2996167756458212,0.0534243792699242,0.06381849112989645,0.42046504617563785,0.2913842474419836,nm
14.73720932006836,80.16253626092191,-8.900363748196337,35.445509728962705,0.0,0.0,0.0,-0.2929831234856758,0.2958561337471969,0.057380333796588266,0.0,0.4203123424667302,0.2913842474419836,nm
14.755195379257202,79.6526618117972,-6.892304842820999,36.82338756174127,0.05223156808212739,-0.010972129114789675,0.011631778996154354,-0.31445637558835293,0.2796172600157737,0.052059930944539715,0.054624377380844365,0.424003373402668,0.2913842474419836,nm
14.765735387802124,79.02665406350896,-4.902997968305656,38.14978123818202,0.050785726026076075,0.03989239802783214,0.005539874258612478,-0.34496533535787816,0.2570032017799,0.047527425455948104,0.06481730937957764,0.4327939284395797,0.2913842474419836,nm
14.76759958267212,78.36412360001746,-2.9076409882894128,39.64443446305491,0.02976742074755243,0.056547706606218585,-0.002065335991379735,-0.36524082371216393,0.2366266411608475,0.038111364364646995,0.06393753258565801,0.43685867589729677,0.2913842474419836,nm
14.792433738708496,76.97105318513306,1.1295707784792586,42.4737716022864,-0.023708541302964223,0.025661107770239003,-0.0080827587816602,-0.38177929159291535,0.20533289723332174,0.015607603993408863,0.03585970401763916,0.43377485344108324,0.2926962788577628,nm
14.799386262893677,76.1980609765009,3.2135113374071347,43.96663300520051,-0.03440392715590866,-0.03318478811595609,0.00268375430709243,-0.3922798792160366,0.19064810982073255,0.021426025801194352,0.047875493764877326,0.4366798369487648,0.2926962788577628,nm
14.806579828262329,75.39700896224782,5.33269806663936,45.51499515312372,-0.07832167339553564,-0.027171799430414208,-0.0027069124095927704,-0.4067023897947864,0.171528330521028,0.029763660525621953,0.08294527462463923,0.4423965161752586,0.2926962788577628,nm
14.818578243255615,74.56650315295586,7.4354084296627425,47.27338667863236,-0.04705633790671342,-0.03635810822305197,0.043811014618931395,-0.4115988810236612,0.15950432790976163,0.036611163735088374,0.07386214167413625,0.44293977783883015,0.2926962788577628,nm
14.841189622879028,72.78019727043012,11.582840345233476,51.46612878504204,-0.008283568433918455,0.024714742955590327,0.06914761643252368,-0.4379820028243378,0.11979584012517272,0.05293502908167783,0.07389742136001587,0.4571448298003514,0.29381150556117513,nm
14.853414535522461,71.86480205155115,13.616311977050216,53.4705460736149,-0.011285082850613314,0.03522678694706994,0.08912815708491342,-0.4453472024804634,0.09838756812096826,0.04695558416296651,0.09649926424026489,0.45849653346783165,0.29381150556117513,nm
14.854947328567505,70.95458389316964,15.623524739661981,55.10386283472327,-0.03981347612756113,0.08901641658833034,0.06640033152368244,-0.4481646040594407,0.08004435391700841,0.03673492393416639,0.11797474022027762,0.4567363195129062,0.29381150556117513,nm
14.875185251235962,69.2176771047616,19.644814320463063,54.99281706996595,-0.06411616701951235,0.07404296759275025,0.06685523656457473,-0.4346678221032873,0.08677175437023532,0.025249389417839867,0.1185869578803686,0.44396281893248357,0.29475944825907563,nm
14.881656646728516,68.37790924882133,21.64602355080937,54.87093758333327,-0.06113831063419019,0.03275279311051964,0.08198885164233038,-0.42461233451690616,0.09033025023146928,0.020891959055868974,0.10739092269540892,0.4346166847740305,0.29475944825907563,nm
14.888810396194458,67.54119841004575,23.63678162074437,54.73690007414484,-0.03548061701510111,0.004242166853336301,0.09041727178606934,-0.4169308098883699,0.09387231956549447,0.02356519359945481,0.0972221847142912,0.42801709190657106,0.29475944825907563,nm
14.899097681045532,66.74065149712199,25.6270677460804,54.61680266903649,-0.0772910909378215,0.012967957624360288,0.05965036734312377,-0.4119042005828064,0.09577118601856717,0.0287468297019217,0.09848983189890925,0.4238673975986772,0.29475944825907563,nm
14.909067153930664,65.93963078427046,27.58659108578755,57.128116487581906,-0.0643345410864374,0.018493757842139066,0.03756090958855708,-0.411373473697567,0.07816448442330552,0.02916865100268387,0.07675789330776309,0.41974829563499166,0.29475944825907563,nm
14.932365417480469,64.21568212205044,31.435668720586946,59.25976244732165,-0.00510153716977377,0.023862786741701503,0.02928762298868881,-0.415678022618549,0.057071553966945875,0.02693618686811295,0.038121163845062256,0.4204413620509558,0.29556519955229105,nm
14.945005178451538,63.19434741816278,33.3348373482,61.269622612744065,-0.02845638705958384,0.0066810608891826,-0.011889193049171123,-0.4223744505387189,0.021689479464468874,0.02063038653649026,0.03155559301376343,0.42343384705992665,0.29556519955229105,nm
14.950997352600098,62.06719063472773,35.20059081376422,63.56542053256174,-0.03934435010650454,0.00654144694924866,-0.016525415424916253,-0.4229254781636296,-0.013121351299527502,0.013219455381974637,0.04317241907119751,0.42333542722108236,0.29556519955229105,nm
14.955107688903809,60.88185766904036,37.05444732555147,65.48478929890518,-0.04489505563255025,0.004688156389231315,-0.01902270224468723,-0.41887338549899195,-0.03582601415100722,0.012966075285513695,0.04898375272750855,0.42060258615187435,0.29556519955229105,nm
14.981343984603882,58.33435934950233,40.677454007530905,69.45835078410897,-0.04773823554404143,-0.020391324459590337,0.00027060150298375597,-0.4008640761697804,-0.07998848580956346,0.018184662164864678,0.051911640999375896,0.4091709268308399,0.29625008815152415,nm
14.994179487228394,56.94250150185723,42.413447155075566,71.62043884473653,-0.0067698454784117105,-0.0203751707054273,0.01961441853478388,-0.39205698704806713,-0.10197661326819044,0.024433095407664522,0.029080986976623535,0.40583849854105564,0.29625008815152415,nm
