timestamp,roll,pitch,yaw,acc_x,acc_y,acc_z,gyro_x,gyro_y,gyro_z,acc_mag,gyro_mag,motor_input,markers
0.036745548248291016,4.950304833843848,23.49576639736338,143.67558129628964,0.020951432478876448,0.050571790371156666,0.030079899069646292,0.0,0.0,0.0,0.06246013794654348,0.0,0.0,nm
0.05614471435546875,4.7683515048067155,23.4618700489781,143.67300316358248,-0.00895633604224601,0.010003113082912463,0.030278325844719324,0.0,0.0,0.0,0.03312182426452637,0.0,0.0,nm
0.05825328826904297,4.662684906702397,23.454073630730964,143.65467334056135,-0.008802658356897962,0.009750926086549074,0.029661850161385006,0.0,0.0,0.0,0.03244060277938843,0.0,0.0,nm
0.0641171932220459,4.568024749092588,23.464054407353725,143.63706351719316,0.013105946146316418,-0.006518666280669766,0.040658542786424584,0.0,0.0,0.0,0.04321314540720689,0.0,0.0,nm
0.10069942474365234,4.468107790808818,23.53100033931326,143.6346647791698,-0.013334849515616393,-0.04389432018764718,0.038939906847412394,0.0,0.0,0.0,0.06017346509571291,0.0,0.0,nm
0.1033163070678711,4.481617005474179,23.577820808193852,143.6537784222279,-0.03192551879498016,-0.04065483126780269,0.0037114976809549493,0.0,0.0,0.0,0.05182498693466186,0.0,0.0,nm
0.10596776008605957,4.535115253612627,23.61106886492883,143.6781620791173,-0.03216039921139751,-0.04095460947884709,0.0037826504847308833,0.0,0.0,0.0,0.052209958434104926,0.0,0.0,nm
0.13143610954284668,4.61280854504727,23.627068410221412,143.69932297756134,-0.02840135201177659,-0.03615296789040033,0.0033966617952326692,0.0,0.0,0.0,0.046100012958049774,0.0,0.0,nm
0.13376498222351074,4.774450630756441,23.610789552005187,143.53412737767763,0.0,0.0,0.0,0.0,0.0,0.0,0.0,0.0,0.0,nm
0.1504683494567871,4.831756046090204,23.57779179983338,143.48948381070062,0.0,0.0,0.0,0.0,0.0,0.0,0.0,0.0,0.0,nm
0.15798377990722656,4.867433749173112,23.541825529088232,143.43889887920986,-0.007063382828097006,0.008010877432541193,0.023974858294618727,0.0,0.0,0.0,0.02624613046646118,0.0,0.0,nm
0.16021347045898438,4.880205577610642,23.507694157052065,143.38010477264982,-0.007831970045509609,0.008915646984997142,0.026678118410247503,0.0,0.0,0.0,0.029198467731475827,0.0,0.0,nm
0.16403698921203613,4.874302751322627,23.478334174151303,143.3274067848668,0.0,0.0,0.0,0.0,0.0,0.0,0.0,0.0,0.0,nm
0.1903059482574463,4.859599873379595,23.442121163907093,143.24683813408865,0.0,0.0,0.0,0.0,0.0,0.0,0.0,0.0,0.0,nm
0.1964733600616455,4.863380824317253,23.430488658571768,143.18767548386927,0.0,0.0,0.0,0.0,0.0,0.0,0.0,0.0,0.0,nm
0.21177196502685547,4.9086218040964,23.407383834101296,143.02145572143226,0.0,0.0,0.0,0.0,0.0,0.0,0.0,0.0,0.0,nm
0.23748087882995605,4.953381736744372,23.398691002908276,142.9740492311892,0.0,0.0,0.0,0.0,0.0,0.0,0.0,0.0,0.0,nm
0.28713512420654297,5.118302614961033,23.411174933141503,142.79843082278165,0.019979945312070983,-0.015166466403325042,0.01086073612068643,0.0,0.0,0.0,0.027334511280059818,0.0,0.0,nm
0.28967761993408203,5.159065519125512,23.437383947106902,142.74755479870467,0.014354846876088827,-0.007849519343889609,0.036484821865799884,0.0,0.0,0.0,0.039985232390786524,0.0,0.0,nm
0.29201292991638184,5.184690709707116,23.46870451715954,142.70390456750684,0.012560472300622138,-0.0065650837178992255,0.03475865757108328,0.0,0.0,0.0,0.037537049228482874,0.0,0.0,nm
0.29444169998168945,5.20246620362175,23.499785979207267,142.66877987224936,-0.007018043483384023,0.008421449025271524,0.02457935655397281,0.0,0.0,0.0,0.026913166046142578,0.0,0.0,nm
0.31573033332824707,5.205110147347852,23.52944167293753,142.63597944474975,0.0,0.0,0.0,0.0,0.0,0.0,0.0,0.0,0.0,nm
0.31878113746643066,5.198507477337587,23.551604845778204,142.60344666282694,0.0,0.0,0.0,0.0,0.0,0.0,0.0,0.0,0.0,nm
0.3210735321044922,5.18725708136429,23.569814809740315,142.57208649185097,0.0,0.0,0.0,0.0,0.0,0.0,0.0,0.0,0.0,nm
0.3249702453613281,5.171409096493558,23.586068646796775,142.54110212067096,0.020865698064443716,-0.015987044719808594,0.011476536565714898,0.0,0.0,0.0,0.028682291507720947,0.0,0.0,nm
0.34009480476379395,5.162651279141117,23.615797438429347,142.5095968572557,0.028311500056114526,-0.021716644851664538,0.015600484810592789,0.0,0.0,0.0,0.03894263505935669,0.0,0.0,nm
0.35947728157043457,5.18915761088527,23.70029541857243,142.48094461725412,0.03811057318065438,-0.02926341404702872,0.021092591259827147,0.0,0.0,0.0,0.05247533321380616,0.0,0.0,nm
0.3701894283294678,5.2028870280461685,23.76409097150504,142.45466953088913,0.036276243108676616,-0.02788136720054879,0.020145231332719248,0.0,0.0,0.0,0.04999166727066041,0.0,0.0,nm
0.3905932903289795,5.18385805488126,23.934736196154685,142.53684055579893,-0.007823926081711749,0.009346846190962916,0.026799685599828843,0.0,0.0,0.0,0.029441475868225098,0.0,0.0,nm
0.4089663028717041,5.156204298607296,23.96720703050442,142.5631854192753,-0.009200858485706856,0.0109500705123956,0.03140775727783902,0.0,0.0,0.0,0.03451097011566162,0.0,0.0,nm
0.4180738925933838,5.116639566983158,23.991790021152386,142.59028080039195,-0.009720116284096747,0.011513956596329832,0.03306464440104684,0.0,0.0,0.0,0.03633624315261841,0.0,0.0,nm
0.4252943992614746,5.0684259377574765,24.01263888141485,142.6167740710647,-0.009448145761892414,0.011132425486460833,0.03202384952631403,0.0,0.0,0.0,0.03519552946090698,0.0,0.0,nm
0.46426820755004883,4.981341467605817,24.036038324927226,142.66434612703975,-0.009579420549317074,0.011182113962202136,0.032284505054095886,0.0,0.0,0.0,0.035483717918395996,0.0,0.0,nm
0.4673268795013428,4.9476287914917,24.044516441993846,142.6814194747453,-0.009801443416632838,0.011400665189457296,0.032962331527661905,0.0,0.0,0.0,0.03622925281524658,0.0,0.0,nm
0.4701242446899414,4.922452644280783,24.052953703718075,142.69319799219124,-0.008964967016809218,0.01040007199858406,0.03009848327992899,0.0,0.0,0.0,0.03308248519897461,0.0,0.0,nm
0.4780886173248291,4.912671236799042,24.063875866955136,142.70122293648458,-0.008330024510688858,0.009651182769324036,0.027934918858114412,0.0,0.0,0.0,0.03070658445358276,0.0,0.0,nm
0.5201473236083984,4.938792864467624,24.101632375586473,142.69097902907905,-0.00888012763862569,0.01030848657431285,0.02975522553842406,0.0,0.0,0.0,0.03271842002868652,0.0,0.0,nm
0.5224466323852539,4.963239932396538,24.1115994774721,142.67380817980353,-0.008172837425678392,0.009511023646028962,0.027406186209682885,0.0,0.0,0.0,0.03013890981674194,0.0,0.0,nm
0.525775671005249,5.017240886782024,24.13692751785499,142.6247530638554,-0.008225375723284124,0.009628057289773236,0.027630418360270092,0.0,0.0,0.0,0.030394017696380615,0.0,0.0,nm
0.5451197624206543,5.053277623139049,24.157705262547502,142.5735269430268,0.012226291584108952,-0.005801118092125689,0.04093278763148643,0.0,0.0,0.0,0.04311181137812247,0.0,0.0,nm
0.569650411605835,5.056379397349288,24.166753073574434,142.5426868814587,-0.006897882074329211,0.008120132836920414,0.023208225912855922,0.0,0.0,0.0,0.025537014007568356,0.0,0.0,nm
0.6109926700592041,5.044835669881097,24.164773261689643,142.53904437518682,0.0,0.0,0.0,0.0,0.0,0.0,0.0,0.0,0.0,nm
0.6140856742858887,5.001226338418304,24.141956421587892,142.57198634315606,0.0,0.0,0.0,0.0,0.0,0.0,0.0,0.0,0.0,nm
0.6320264339447021,5.004664750818156,24.16113759385317,142.62141551211175,0.0,0.0,0.0,0.0,0.0,0.0,0.0,0.0,0.0,nm
0.6606004238128662,5.010900704049835,24.19266700679047,142.6526632665944,0.0245700319372353,-0.01874944836599466,0.013885297843008652,0.0,0.0,0.0,0.033882588148117065,0.0,0.0,nm
0.6634707450866699,5.023567650667465,24.242979507650286,142.75056651014,0.025740063024754404,-0.014910419183380383,0.05959452092926021,0.0,0.0,0.0,0.06660614363202902,0.0,0.0,nm
0.7031078338623047,5.0389565984486175,24.270594893761643,142.82973503685238,0.01190385621618434,-0.002474180107558461,0.06989966980993416,0.0,0.0,0.0,0.07094918744818753,0.0,0.0,nm
0.7053868770599365,5.105652727829228,24.2741697467832,143.02054591843276,0.015285496014414836,0.048845380663755586,0.03807543047363802,0.0,0.0,0.0,0.06379072037801989,0.0,0.0,nm
0.7082700729370117,5.061208065172877,24.18977158446507,143.13447336518266,0.05746656325350082,0.0711075223395539,-0.0073813074286582315,0.0,0.0,0.0,0.09172333031892776,0.0,0.0,nm
0.7108922004699707,4.934815450020305,24.154962437982434,143.14928752707354,0.1021240857515421,0.07207588807402526,0.03838667997173963,0.0,0.0,0.0,0.1307585550987028,0.0,0.0,nm
0.7271738052368164,4.744154303732359,24.16523365841465,143.16445448096985,0.14898621345507737,0.0559104699606799,0.08768740677825199,0.0,0.0,0.0,0.18169191990399738,0.0,0.0,nm
0.7324728965759277,4.63500347195721,24.12943615927735,143.26940119612885,0.18191668048796045,0.039073933306906776,0.14090364965089444,0.0,0.0,0.0,0.2333972780234879,0.0,0.0,nm
0.7353377342224121,4.451131369832258,24.175802912225173,143.42256697054717,0.17925424394774145,0.023239196026537512,0.1736884829938864,0.0,0.0,0.0,0.2506787452696255,0.0,0.0,nm
0.786414384841919,3.2102869019571636,25.086688781874024,144.39178133752958,-0.07805494660112475,-0.012566209786731921,-0.10179931441078865,0.026945495578370372,-0.0784961191588343,0.06925754797968928,0.1288936954696202,0.10809397951375854,0.0,nm
0.7891993522644043,2.841327756777911,25.166224605605006,144.56270544083142,-0.1894905184190484,0.05065734394727733,0.05117532336924784,0.037618275976511954,-0.0799645496513291,0.05727907920274313,0.20271096859435003,0.10531076299552204,0.0,nm
0.7915441989898682,2.411034414470048,25.137890011197516,144.6190417852076,-0.21194468612205578,0.043112750955517434,0.005254927179991985,0.06045488412425023,-0.07517336778487622,0.039620253616347266,0.21634896239639384,0.10428610998220457,0.0,nm
0.8188114166259766,0.9844325552221345,25.288837881968046,144.2108356703578,-0.40048064961398416,0.11825721687587187,0.18603281258243742,0.1108022201443501,-0.08236606371499404,0.0040999909055857145,0.4571408179279094,0.13812353299219277,0.0,nm
0.851783037185669,-2.5275145862079844,25.413719785507922,142.45985947721152,-0.839728058845158,0.08766918411504883,0.17289661194071484,0.19844095133929784,-0.13865204268639064,-0.03988870079128313,0.8618134003807515,0.2453452843654648,0.0,nm
0.8543882369995117,-4.055967225898017,25.361666203618846,141.53304664570086,-0.9931431761442564,0.02553993936782591,0.11193030457374875,0.22775674326618392,-0.14988320571400293,-0.06122558148512625,0.999756995427782,0.2794399421817081,0.0,nm
0.8581607341766357,-5.732076635303583,25.188097648408707,140.41077657029615,-1.1048276323365318,-0.02700482296879805,0.07335481346330892,0.2613016753770326,-0.15183528597084509,-0.08793981255315346,1.1075894032971603,0.3147474070625145,0.0,nm
0.8838081359863281,-7.372312289293466,24.86444189315341,139.06886922795974,-1.086939892696353,-0.1254651018498508,-0.06092542019915916,0.2728573418622502,-0.13048013779057133,-0.13592774081008996,1.095852056138691,0.33159093185386473,0.0,nm
0.9007959365844727,-9.903486515094137,23.377744075497663,135.65669651723454,-0.7975050036613146,-0.5002448131350165,-0.32008935557698326,0.2821038621217286,0.0025412447427529392,-0.2792754789601943,0.9943421440766802,0.3969683112003825,0.0,nm
0.9031977653503418,-10.655612862427658,22.25757807767094,133.61008981219345,-0.6234297995237223,-0.5757343549506635,-0.3633389878829411,0.26192816657157447,0.07135833645590636,-0.3566981167810451,0.9231197010791424,0.4482543063267155,0.0,nm
0.9164986610412598,-10.60974976063032,20.00478475500693,129.07903009825458,-0.34699204364832065,-0.5736760860542194,-0.16773050303806106,0.14590358560912173,0.1956648666531687,-0.4865960395497755,0.6911159466508693,0.5443788221831626,0.0,nm
0.9384524822235107,-9.797825122349042,18.92511655351276,126.74319676623816,-0.25966856755744283,-0.3285656166956167,0.05552500396112568,0.08239000077830481,0.2659220929861465,-0.5270410800834645,0.42245254824274425,0.5960494709853593,0.0,nm
0.94370436668396,-8.26746315449233,18.089201699178194,124.41446664616701,-0.15223848472853427,-0.10557503888966331,0.24667757966476245,-0.02654148321578608,0.34558302940309565,-0.5689218637856139,0.30850036203910575,0.6661862859861432,0.0,nm
0.9652996063232422,-2.5940450298440973,17.201861882856065,119.92197983640449,0.4153839436966377,0.03165212276248795,-0.12976517926484063,-0.2708287892571756,0.6011357820780024,-0.6386960537867054,0.4363309286607807,0.9179570309702678,0.0,nm
0.9785861968994141,1.354909575978206,17.074989820067493,117.85939505116214,0.27448382820550055,-0.05850100557318731,0.31000825121384606,-0.33520196811763214,0.6844944992989728,-0.6380415210178658,0.41817323613556134,0.9939768918557801,0.0,nm
0.9808337688446045,8.000942713884273,16.964713432192816,114.37820152147428,1.2975486672272287,0.16106822567613563,-0.2597533963608034,-0.26833390213388153,0.6290381052568803,-0.5175926386443689,1.3330593925503051,0.8576678613999721,0.0,nm
0.997452974319458,11.798571516267032,16.966442388541164,113.31127984574621,1.4181666821167054,0.36583923271649393,0.4404218692916085,-0.28671886127543844,0.6740837679759477,-0.42971739997791303,1.5293810857372379,0.8492665515040099,0.0,nm
1.0103867053985596,15.009449215398856,17.09681074319303,112.82270072755361,1.8577386312997362,0.23227863172941177,-0.20694160251203966,-0.25751995938757066,0.5638671377181326,-0.2800187138970315,1.8836058536306781,0.6802008222679263,0.0,nm
1.027414321899414,21.572616424980076,16.963774151179773,113.44449678728903,2.0819861997025333,0.0843821532457945,-0.07680929134886948,-0.20135140698390103,0.584771370467892,-0.08597673191661385,2.0851106807015567,0.624413279202448,0.0,marker_1
1.037750005722046,23.953041909613017,16.648986234286955,114.29442429803527,2.3112191652697383,0.09756647042641814,-0.17219528525758485,-0.12121543095968593,0.4503602551355611,0.02576731656530423,2.3196776634538163,0.46709902024248207,0.0,nm
1.0500669479370117,25.76057814832028,16.37800948196513,115.57177201265736,2.2599865743440404,0.08309304651715785,-0.14109844111599207,-0.09180676634358767,0.34504920924030186,0.141622744509484,2.265910973688105,0.3841151401679219,0.0,nm
1.0668790340423584,26.12584247396621,16.255407761042445,119.38909620075415,1.8104621465878665,0.20325584566452393,-0.2506085646723778,0.041521033064275105,-0.06799257837312796,0.4266025341778341,1.8389917823936832,0.4339777748543129,0.0,nm
1.0692856311798096,25.07703679720345,16.406631714960163,121.84419461739431,1.4039096251153689,0.2792980157034791,-0.08150107704320005,0.08122728740453966,-0.18088187164942549,0.5278646372742327,1.433740577171016,0.563876936037604,0.0,nm
1.0979411602020264,20.373259422223402,17.059834469411385,127.20003497343035,0.47919383172385976,0.6787524487445898,0.6573594511797326,0.2564912722003094,-0.48194108038930955,0.6779120827794789,1.0594588538939542,0.8704135624288946,0.0,nm
1.1000628471374512,16.752093811277486,17.8573808049424,129.88982323370928,-0.2993102052511146,0.9706222301152608,1.5346948272179912,0.3110100596177197,-0.6310574220545068,0.7298719126667488,1.8403755935273232,1.0137424406688889,0.0,nm
1.1300456523895264,4.6719100751759015,21.436125383566928,134.55552085068135,-1.9679278046521091,0.7380340631157143,0.5268193797495897,0.5899107372603047,-1.228456523636273,0.8857364985297813,2.1667885871772774,1.6253089716196458,0.0,nm
1.1322808265686035,-1.9802542942271502,23.42429671434921,136.23067248213647,-2.326592413460865,0.030021802597595293,-0.01874376237626911,0.6028165135714497,-1.1361460759729505,0.8204442131082709,2.3268615978680125,1.5255636210286416,0.0,nm
1.1346113681793213,-8.799325653064798,24.272921770830962,137.46141699884953,-3.2267591805153413,-0.39391182115685436,0.29101858670170966,0.8001551157221041,-0.9652920105986512,0.7751251104008302,3.263714624426132,1.474060993214236,0.0,nm
1.150834321975708,-15.684619061462122,24.4606620895788,138.1854512825286,-2.9504669548430784,-0.42069013063770405,-0.5948978680081,0.9098111938089953,-0.8579037628300523,0.7018962905687577,3.0391016618398177,1.43402011051878,0.0,nm
1.1983277797698975,-24.841013726933713,23.52752171686085,138.1700889930643,-2.2231410801052345,-1.3495131732324244,-1.2022581760388644,0.6582005727629087,-0.3389106946507406,0.2895004954071341,2.865129454079102,0.7949207443355876,0.0,nm
1.2029051780700684,-28.808375419112124,19.61616321096196,136.70318639797603,-1.3232414179836796,-1.523207598194154,-1.1164138015997738,0.43797406900708963,0.19445619238562498,-0.11741497574123587,2.3059724659818297,0.4933769070478037,0.0,nm
1.2055785655975342,-28.530684063540406,17.629923859228345,135.01718827307656,-1.0567805272485282,-1.6670302509615607,-0.7837824267343605,0.24280583573709208,0.3360890965622233,-0.34973882724440986,2.1236972083727577,0.5424276928571166,0.0,nm
1.2076542377471924,-27.261461337746123,15.907583959844146,132.7984662376871,-0.5178812732808343,-1.2786333255682312,-0.7466331915623938,0.08392165243087889,0.4283689368668345,-0.5102757333860776,1.5686189203281016,0.6715088338226465,0.0,nm
1.2311391830444336,-24.550664771747105,14.604846213504016,130.30106336702553,-0.7712993465996878,-1.0084922564883732,-0.06056172357560429,-0.14711332033877925,0.5787143846970617,-0.6293953712739774,1.2710731827178812,0.867577778333163,0.0,nm
1.2337682247161865,-16.787912012481474,14.108922705754955,124.99587690011101,-0.2730897169726615,0.08621829394193067,0.17402950701902234,-0.4928227885108157,0.6642975581533553,-0.6904218452177809,0.3351087242071586,1.0774265037569903,0.0,nm
1.2699801921844482,-2.8216587869190577,15.42336988684838,121.11786507192578,-0.03955382443723696,0.4248876874817387,0.8206742147520918,-0.9456154264647701,1.2354734125017846,-0.7064504939359368,0.924986604638226,1.7086999116724044,0.0,nm
1.2721855640411377,5.189202106325934,16.41482380786492,119.57420162257456,0.7723398015278254,0.4768154097293596,0.5708680043240587,-0.9404400219812546,1.2443204452080237,-0.690921606138061,1.0722648844107279,1.7059113315571812,0.0,nm
1.2757203578948975,13.375682834251837,17.082189678542115,118.05669897537479,1.451261369612326,0.4729079805515349,0.21474888497956784,-0.8647658252302431,1.3222264604399023,-0.7398304549186313,1.5414015066160869,1.7445491816508598,0.0,nm
1.2954530715942383,29.18207138733799,18.182613392462663,115.00951823393534,2.9077861044883946,0.8720968829669985,0.43345938502388137,-0.7388758876479149,1.2299889727122275,-0.7394350036447335,3.0665387721667288,1.6141792264046337,0.0,nm
1.3020849227905273,36.14250563866025,19.034672104892636,114.151804746567,3.253491009046885,0.4306643536074756,-0.24616088200582215,-0.7006872511252199,1.1361710308151216,-0.6352234170904401,3.2910895933181377,1.478294972180102,0.0,nm
1.3214874267578125,45.917205156040716,19.673385829954494,114.2190195454627,3.1949508521059204,0.2671917550308445,-0.6587005744869465,-0.3072886460778503,0.6333954996517352,-0.21152244066362177,3.273070244916574,0.7350904120526434,0.0,nm
1.3274292945861816,47.286326537173885,19.516275554769145,115.6836562398591,2.928236658923422,-0.004552465235030557,-1.2737118375418492,-0.0786118631003469,0.2517787622830139,0.15045507778817613,3.1932636127787752,0.3036595142410661,0.0,nm
1.348895788192749,44.95374263115405,18.203761035616512,120.4328586315601,2.133914389498678,0.4801125469976327,-0.35168917017112555,0.33438041854777845,-0.2734993709736319,0.646096738774482,2.2153518799300764,0.7772085730910211,0.0,nm
1.3561830520629883,41.05715381828872,17.700640904510266,123.40412994654447,1.545316480127963,0.8153374076844323,0.26989161130329997,0.4804090660901818,-0.5712005238680541,0.8221474712980523,1.7679421919215965,1.1104005465644198,0.0,nm
1.3808505535125732,28.236158351217476,18.865093201179402,129.1014165312565,-0.48344859134859525,1.5424553049667864,2.3544499739880327,0.703572064618643,-1.2271982088810358,0.9890086328242693,2.8559281483099976,1.7260264105144778,0.0,nm
1.383005142211914,18.683913050505947,20.7606183111546,131.32647340165897,-1.9145172162168864,1.4335651086634251,2.484495513244475,0.8802758714841908,-1.6089734277454264,1.041204182360916,3.448652352339963,2.1089777738217115,0.0,nm
1.3914477825164795,8.231855122162168,23.039423350104595,132.72646795076216,-2.9350687028847626,0.8050893392969666,1.5627797887560764,0.9706990879474602,-1.7358747025210135,1.007384240489199,3.421268449427457,2.229426094352636,0.0,nm
1.4195997714996338,-12.88900430418816,25.731472556160075,133.30802708323753,-4.470368751259989,-0.6479843122297685,0.31693076774956996,1.207696383741165,-1.5137106086090508,0.8795700168478285,4.528192305179188,2.1268506709345534,0.0,nm
1.4232146739959717,-22.72027867066364,25.7796832000049,133.0219713213916,-3.8641433556881437,-1.0711496774862408,-0.8687477409734486,1.2122202909650703,-1.2854899196158487,0.769259294890389,4.102887780860473,1.9271020289638687,0.0,nm
1.4448120594024658,-36.338455970753785,23.62382190908844,132.22043079675265,-1.9324751584614444,-1.6539318438110528,-1.7651702255734534,0.9104204007403321,-0.5454875211342577,0.38729667174834365,3.0960905521792883,1.1297878799777985,0.0,nm
1.4475326538085938,-39.79620230649461,21.633774167784136,131.88112109735476,-1.345120757943957,-1.8387874813051415,-1.810803537821913,0.7274747797987526,-0.19372962182445608,0.1988422796948733,2.9102403178164837,0.7786456021899466,0.0,nm
1.466062307357788,-41.20374068804486,19.675421984909697,131.03121382646285,-0.7721699996524332,-1.8057295277621868,-1.7812034276646718,0.47210322638167845,0.07594748100204277,-0.06983138316157926,2.6513376409880096,0.4832451741143467,0.0,nm
1.472381830215454,-40.486954212800626,18.03071164596718,129.41540995747567,-0.7314682017603569,-1.9899657671194422,-1.3640280707405608,0.1677392432439406,0.330298058934967,-0.36884296150147466,2.5210279772866495,0.5227603578212823,0.0,nm
1.4956605434417725,-34.90194359925746,15.537640058853935,124.45528557460666,-1.0831815971452907,-0.8445703201075468,-0.4046667557428595,-0.20271362060734974,0.6593215966756503,-0.7053829005531588,1.431899640758471,0.9865915143642058,0.0,nm
1.5162858963012695,-23.70172952640705,15.648900841649265,118.87836544471071,-0.6297299819517304,0.49542458326323974,0.17310643871344988,-0.6748743015948467,1.0349127538043403,-0.8241574071432383,0.8197384991535622,1.485171762015788,0.0,nm
1.5184838771820068,-15.386361970180568,16.521490121294928,117.06069783089126,-0.2599981908641441,0.733786876273871,0.317799021624438,-0.8937024440948959,1.3452751119988096,-0.7747634864429113,0.8408557885808025,1.791292172000362,0.0,nm
1.535904884338379,-5.779205296117517,17.761450870488023,116.06801303256405,0.07783014109906737,0.6978641025551741,1.1290215049894705,-1.031586910494182,1.5473994038194139,-0.7058162894789958,1.3295718841895419,1.9891689479120436,0.0,nm
1.5386559963226318,3.871819823444395,18.78021438680064,115.67166161482392,1.181114924563494,0.42167221132559896,0.8643014035980093,-0.972713048050928,1.5745804329248194,-0.6384723015843238,1.523107624264398,1.957835818828694,0.0,nm
1.547342300415039,13.669270428570513,19.057547246536572,115.30446348132284,1.9047132195976457,0.5101600747316702,1.075500124406681,-0.8392316810157675,1.6615252706447134,-0.6821231477255334,2.2460846529815033,1.982490360146684,0.0,nm
1.5708143711090088,31.856065692006084,19.7418492111518,113.37430342506094,3.2571658973100335,0.5139364159756582,0.5577886786290673,-0.7591812787465874,1.4650905358254265,-0.7570418579090403,3.344306883686385,1.8154775864193176,0.0,nm
1.5730156898498535,39.600577233615184,20.452669353176017,112.42442649419125,3.3320594854629375,0.3083883162689786,-0.06552446706870228,-0.693066820096249,1.291988234231495,-0.7224245229146874,3.34694147305557,1.6344639506025993,0.0,nm
1.6022255420684814,49.598165294147314,21.320884133719197,112.32640985290696,3.4114402328322857,0.13422167441207417,-1.0914406991153072,-0.322436351092736,0.6503078363750112,-0.23211374700265475,3.5842966841144848,0.7620644815921805,0.0,nm
1.60438871383667,51.50490326150581,20.947968549000908,113.60800204367872,2.9980773908668383,-0.16102379159210195,-1.450960881383857,-0.06845601323581524,0.3606742778772177,0.10500652605242308,3.3346190460668557,0.38183573822259326,0.0,nm
1.6101391315460205,51.39222722961122,19.85784270998067,115.65978464549346,2.7539979870025206,0.09953516838392211,-1.0183595642648087,0.2088076168282361,0.07566183419673406,0.40482502992461283,2.9379360721923073,0.4617452098863238,0.0,nm
1.6319255828857422,45.408843229123185,17.56273868206253,121.57983449599595,1.7170052806147804,0.5816315992813421,0.10721731916940155,0.5227381004498172,-0.5120707516545784,0.8545337721830887,1.8160115650709623,1.1250331302514727,0.0,nm
1.6562223434448242,32.74195257027451,18.17209983318049,126.9930395752535,-0.041398942248159216,1.0316037477574012,1.4597490287063626,0.6913384804901573,-1.208803412714637,0.9074455140720159,1.787956205172697,1.6621106901185667,0.0,nm
1.658236026763916,23.72796071837069,19.62057561684216,128.66637422744174,-1.3442930253914347,1.4897881875682222,2.5782390563895596,0.8267061035642284,-1.5167457088832847,0.8540699832839275,3.267094919622996,1.9270174009159373,0.0,nm
1.6766221523284912,1.4030051967022459,23.142128053746283,129.47512304376582,-4.092774275043827,0.8060858942847118,1.771423445075355,1.1068944415712019,-1.8541522467586298,0.8309677827939798,4.531944037296571,2.3137854945916745,0.0,nm
1.6926450729370117,-10.030108774114678,24.03339551045547,129.20913241791945,-4.468593072986898,-0.307578954077592,0.5018988193167833,1.201692280713562,-1.721717073419521,0.8166743082854422,4.507197720288021,2.2528495165554996,0.0,nm
1.7329227924346924,-30.217662143937904,22.448740986365895,129.16125090568906,-3.1491725019478305,-1.1309378750492698,-1.2320870420387704,1.266102440727741,-1.1683508047412177,0.7230316288376429,3.565718217050411,1.8683772985282734,0.0,nm
1.735626459121704,-41.34617444917227,20.05191923876954,129.2742284239787,-1.4072223242400612,-1.9199213747866624,-1.7528481125037458,0.7199174627637414,-0.4710999034414683,0.32072951129469646,2.9561544717267823,0.9181958895737219,0.0,nm
1.737839937210083,-43.66529703922162,18.87878471788947,129.03926683371213,-0.9350869786228404,-1.9147490526179298,-1.828580104488714,0.4625570229577645,-0.17719273274180397,0.10065729830203021,2.80790968348756,0.5054583620096933,0.0,nm
1.7538607120513916,-44.03702275597721,18.118551466952113,127.90688246626323,-0.920342322876869,-1.9529872869359386,-1.6403325291832955,0.16712917079999334,0.05321061918878789,-0.20135103937227017,2.7114350703103063,0.26703140411390014,0.0,nm
1.757673978805542,-43.01089989617831,17.69255199606229,125.97218601702235,-0.8925582708192804,-1.715085525161586,-1.4182418365850953,-0.04480952407668377,0.22116615936285625,-0.44885843267209463,2.397829963209852,0.5023905413880168,0.0,nm
1.7862029075622559,-35.567028477213995,17.3474258177295,121.39425736182855,-0.41689794898535837,-0.2696727672578466,-0.8521892976727187,-0.5052320389324149,0.8301106346732696,-0.7376784102406879,0.9862828703453308,1.220046112200966,0.0,nm
1.7997722625732422,-17.99583496714296,18.16504006607434,118.07131444139067,-0.05874497847864588,0.06717632598085906,0.40567294523351694,-0.9838435175757211,1.617256942358632,-0.7783518767906423,0.4153723266699158,2.046777889461012,0.0,nm
1.8018722534179688,-6.583106543179442,19.057213683604985,117.36877617530797,0.1526336389694572,0.06623886700582235,1.7870841161046291,-1.1482704538640072,1.8513208457259038,-0.7606736738293808,1.7948131527489812,2.307496120710372,0.0,nm
1.819155216217041,15.947721645745764,20.204090351736582,116.57713128454782,2.533018609177459,0.6377574034109297,1.7952154204089823,-1.0016404601501876,1.889329888898262,-0.7797761749369125,3.169497781308414,2.276159467940118,0.0,nm
1.8279550075531006,27.22651660001797,20.51933677847129,116.19159897461013,3.1364014302664933,0.9707881845178036,1.6511648493974764,-0.988649299009479,1.8777901834555808,-0.8319835948613891,3.6750223116142937,2.279412229420681,0.0,nm
1.8383817672729492,37.28619356631151,21.217500784050866,116.02409571474317,3.127272241000553,0.49731253964029515,0.38326405483339343,-0.9488224644634884,1.6349443482210713,-0.7522585427021874,3.18967753341046,2.0345023976193812,0.0,nm
1.8460135459899902,45.50676589376565,21.96850590298332,116.1929571471168,3.3750747163362513,0.7373098950586188,-0.033479765873504784,-0.806403712952269,1.3123090243622488,-0.5975067324089123,3.4548337321680944,1.6521066003620282,0.0,nm
1.8580524921417236,51.25832396033812,22.532595460208125,117.02454354843279,3.238232627966861,0.6372524984306633,-0.9449121408651545,-0.5779386706346562,0.9051532175709834,-0.31687526333128696,3.432943380473913,1.1196987928926825,0.0,nm
1.8655750751495361,54.788339091218944,22.57050523649591,118.38888277663565,2.8655730774581354,0.46135488158484644,-1.3685109582921289,-0.30921551901875644,0.5774651513298394,-0.012157537931870974,3.2089218800059154,0.655154977032914,0.0,nm
1.8915774822235107,54.120478133726344,20.685233982707377,122.19480473202889,2.0490114164209365,0.3495332462091127,-1.4650306606063261,0.35407633201703,-0.11537516855578381,0.5045573676342094,2.543017127615428,0.6271041505586391,0.0,nm
1.8938539028167725,51.284348801807326,19.44400586973596,124.52020764934669,1.5872669183799129,0.5104882938292249,-0.6146220888628772,0.501875045301376,-0.3048399782630988,0.6465189923186441,1.7770129094742402,0.8733800895786552,0.0,nm
1.9113104343414307,46.51754468719223,18.743518711028088,126.9800668491768,1.0453106423078853,0.923940804766852,0.5647620764032647,0.6422730074908494,-0.6453420822056294,0.7909817745771232,1.505090413423283,1.2060817496878116,0.0,nm
1.9213874340057373,39.4467691427501,18.98567473348078,129.37597772066513,0.24373656951198433,1.3219152825175835,1.4197538794798081,0.792464546148526,-1.0775073619194393,0.92399298348468,1.955139025176721,1.6256645427091958,0.0,nm
1.931333065032959,30.342450924515855,20.219221472187687,131.65027202686892,-1.1789638936905051,1.7666933822539344,2.624283140409117,0.9348433866021982,-1.4571210437994662,1.0056134943655979,3.376095876979986,2.002096999100518,0.0,nm
1.9897403717041016,-28.117481442381678,22.902506077518726,130.82125653928628,-2.8184685531572384,-0.9534210072439804,-1.5522075096076493,1.564023546804226,-1.2149867917837118,0.5504841974954434,3.3559089312841555,2.0555766613919193,0.0,nm
1.9937717914581299,-35.44638760003955,20.547922268571597,129.68998393815215,-2.416070051284106,-1.9274180310466482,-1.3371434634731205,1.2448875316128527,-0.7225585874629301,0.3167889043719473,3.3675343206899337,1.473835502562869,0.0,nm
1.9969382286071777,-41.073060972913936,17.830159050600834,129.2842599393536,-1.303866689541616,-2.0477245034754294,-1.709424865303004,1.1005903417673801,-0.4617244188555073,0.2903134441525955,2.9690701164415265,1.2283201680404163,0.0,nm
2.0011425018310547,-44.50159695143592,15.708190175115398,129.1142894166571,-0.40495730356242926,-1.673038034069595,-1.7532867408384913,0.7486719742101149,-0.22685519050438724,0.15577371360615086,2.4570431572831737,0.7976455680796477,0.0,nm
2.0220534801483154,-44.34240780410575,15.445358887014018,126.60382137822302,-0.38553252270387534,-1.9916981376489233,-1.4502563352922568,-0.14037500106507914,0.06609714128247324,-0.3764810971778394,2.4937402101325494,0.40720018362221544,0.0,nm
2.05574369430542,-32.14011948140715,17.6107590860757,120.38356718402363,-0.2850889122468766,0.06753207481585205,-0.8133904221497074,-0.6532848164275099,0.8621803801282326,-0.7447696468911518,0.8645462670441185,1.3133232222812325,0.0,nm
2.0579447746276855,-23.8596907175484,17.96174012205575,118.49411581892745,-0.019381335931195,0.48531246939466766,-0.37615686467300774,-0.8268311527996219,1.3549888913982224,-0.8342539306733922,0.6143271245623585,1.7932161810268556,0.0,nm
2.0748729705810547,-12.931871851980866,18.238096767823286,117.02044131082229,-0.7298487136261365,0.35845829544692803,1.4170117329151617,-1.0036942126605146,1.8301236544207309,-0.9008390277222408,1.6337361309512846,2.2733819777736546,0.0,nm
2.079714775085449,-2.4960321465079853,18.56644706984668,115.8651244997873,0.8751295302678552,0.33938553583449416,1.5876719780618946,-0.9278761126567155,1.760123746733872,-0.8167662494454797,1.8443797186597648,2.1508363002536144,0.0,nm
2.1022133827209473,19.36581598951138,18.59847754958681,114.47672786967624,2.8152653518542503,0.5926960796078122,2.109961627613511,-0.8829536680569919,1.961558598161412,-0.8185819650599835,3.5677648064488445,2.3016072096423676,0.0,nm
2.105863332748413,29.522922274094814,18.970910634944822,114.10103120330115,3.1964328223367677,0.5274529970664158,1.1351746504330793,-0.85402435194429,1.731808561186788,-0.7310253886628152,3.4327847207204827,2.064683173076038,0.0,nm
2.135948657989502,37.9958595280484,19.73639111640181,114.13128441865292,3.256429939841764,0.5043526243575749,0.1722314417449084,-0.7907047492025572,1.4037158942060544,-0.582656175644928,3.299753201728841,1.7132193470409312,0.0,nm
2.138277292251587,48.53007438913286,20.960614942506755,115.54829979829458,2.725982297859269,0.7188740668816987,-1.0959356537481557,-0.3986164493481384,0.6464330746211647,-0.1460656372761547,3.024704013524882,0.7733731079162105,0.0,nm
2.155097723007202,49.152919802529645,20.135972017872536,118.52522467355024,2.163905015471888,0.5659849736542312,-1.2263076704511653,0.1989218285331478,-0.060054023674436914,0.32809634503180907,2.5508144599312073,0.3883601308704239,0.0,nm
2.159884452819824,46.36918719568967,19.10939604041347,120.26469233588261,1.888533601786965,0.6937032907348819,-0.376273965996915,0.4394629001721102,-0.351104868705202,0.4824544931862012,2.046793960842639,0.7410564131371737,0.0,nm
2.19120454788208,35.25746554156543,18.42061177310397,124.16715629154433,0.6769718350968267,0.6793350888623575,1.343391016598505,0.670427370476144,-1.0158894442246,0.7471518280204837,1.6506018453738494,1.4281946912395642,0.0,nm
2.193390130996704,26.81874623156586,19.26077752232195,125.9703669630889,-0.5233538818456751,1.1601190815798281,2.8333949195206305,0.7887595780343535,-1.3965899896743004,0.8459447471175722,3.106107264576335,1.8133471224162259,0.0,nm
2.2758400440216064,-41.33204596235717,18.700860179407485,127.6699989313065,-1.5747859134221946,-2.057847953291368,-1.8491608258207632,0.98971186638141,-0.3974225192422409,0.27363710717704415,3.183407707430604,1.10106834650772,0.0,nm
2.2802369594573975,-44.46286130182083,15.93108578726919,127.47208205502622,-0.3995424050774812,-1.6575150979491793,-2.0656217656773275,0.8088198179518992,-0.12235431714380969,0.14108832747981112,2.678392001224708,0.8300999897521513,0.0,nm
2.3003242015838623,-43.22543714136859,13.449935106763244,125.18029613372657,-0.7648788849564714,-1.932044869109602,-1.2488146182105075,-0.07186187915910269,0.3241797679975668,-0.3783567811831618,2.42432981163068,0.5033989526434444,0.0,nm
2.3372695446014404,-30.879372100279063,15.121536943482345,120.3065985752951,-0.73959614896467,0.04806839431651475,-0.40191060132605544,-0.683591570337414,0.8470947456566402,-0.5287905105555885,0.8431163416479422,1.210159637076489,0.0,nm
2.339589834213257,-13.582388027700004,15.71753055442989,118.7759979524374,-0.2728200950706051,0.44179964685413875,0.9297289438866347,-0.9344420166146608,1.7124160847099201,-0.5717187047702167,1.0649007659567782,2.0328337381527937,0.0,nm
2.3553686141967773,8.423750439593778,15.044905134965488,117.66443353645727,2.009338773731486,0.011910996361741458,1.5661694646020434,-0.8995699431089641,1.9117349919557323,-0.6100393366220096,2.5476402750990834,2.1991145386812554,0.0,nm
2.3655142784118652,19.399486246044386,14.56091911900987,116.68545048982632,2.8734457688565485,0.08851120834870617,1.722824072184586,-0.8723510335131974,1.9465365874153475,-0.68956650925458,3.351514225579481,2.241763364519921,0.0,nm
2.369389772415161,29.5583001190531,14.681882502546687,115.65092477196448,3.3948030028089877,0.35227459694493773,1.3398005073304369,-0.8817349155794018,1.765626015330387,-0.6851719244445558,3.666585635025662,2.0891032175099276,0.0,nm
2.378831386566162,38.096071052000624,15.731274359240592,115.23424203533489,3.4028068941014817,0.2584149876639775,0.2752260372502075,-0.8939283129620119,1.406800867098423,-0.5292386341140007,3.423685504828736,1.7487967406828149,0.0,nm
2.392042636871338,44.52991709936343,17.064449037931812,115.65329221652483,3.3797621164753413,0.48288983698893756,-0.3469713710904051,-0.7699892159075632,1.0064983679108135,-0.30558332870650506,3.431670685101564,1.3035733688613091,0.0,nm
2.4302642345428467,49.26237030258891,17.302683423113077,120.64465884154909,2.0638815849892875,0.7812004670007674,-1.219464755607068,0.19506961422149188,-0.06258848449981036,0.42986111004301797,2.5213043562148374,0.47618278708067585,0.0,nm
2.432468891143799,46.52550534974423,16.33002079857359,122.72387612472396,1.7398509503413744,0.6951786296126677,-0.6966205502667402,0.4427305980484945,-0.33883174899743673,0.5614330966078389,1.9989084139919633,0.7912170742240757,0.0,nm
2.450664758682251,35.516797830677184,16.75300844556973,126.98018664253941,0.017562865322415754,1.573810647643961,2.3724437651063086,0.6239405541427339,-1.1550685413134572,0.7962697074817463,2.8470472120194343,1.5354252170942764,0.0,nm
2.524125576019287,1.5915617182152941,23.353911006795787,130.09810391718543,-4.242725647830763,0.6379606093664301,2.102092717043362,1.1656403873597792,-1.8367996997048783,0.8390671028902417,4.777709540450413,2.331648398158009,0.0,nm
2.526489734649658,-10.715245476219492,24.019101668734063,129.71796172787282,-4.513469873769404,-0.2852045659679566,0.4548110935777317,1.3555591702448044,-1.8018771146894044,0.863852857560551,4.54528382795996,2.4146518506798706,0.0,nm
2.5285563468933105,-21.947293036520385,23.61603634281692,129.58204859684247,-3.7010111965003816,-0.9026195160161682,-0.8327897458732938,1.3825455596451857,-1.5184157071697815,0.8476074519211231,3.8994544013420844,2.221588818126961,0.0,nm
2.5305798053741455,-30.652984804669796,22.255058463663854,130.11946626788094,-2.887126325793826,-1.0861782806558538,-1.4306287466997558,1.2437079535266922,-1.043598143810471,0.7612982086113602,3.400291206550401,1.7931763777902827,0.0,nm
2.532461166381836,-36.849125396791244,20.792646566193255,130.9308865533684,-2.0330643154909214,-1.49406305045894,-1.74783509407372,0.9769477013509229,-0.6730500134837025,0.6068196569631498,3.069283699129967,1.3325363889598434,0.0,nm
2.538734197616577,-42.289084753653306,17.957469815538957,132.32171458504305,-0.5239098047551105,-2.0073078786500678,-1.8709422670494578,0.40598082569427224,-0.00360472047114322,0.204512890420705,2.793598283547822,0.4545975661937814,0.0,nm
2.5556812286376953,-40.61507416094261,16.190897562385594,130.47174315472319,-0.416158113563792,-1.8345584207177668,-1.2197142328909103,-0.07984075588181082,0.29708515179245265,-0.3795883780727728,2.241984608428011,0.4885913123288643,0.0,nm
2.575566053390503,-37.99321212983983,15.886233885100028,128.3969304251206,-0.6822502130800527,-1.4749678938414217,-0.7412273954997697,-0.26905852150176574,0.4422488782114448,-0.5594660330088499,1.7861729179869872,0.7622196536187302,0.0,nm
2.5783989429473877,-34.746878810341045,15.899378404330246,126.13486345369878,-1.1186135333538505,-0.8990198147034733,-0.23326170398657717,-0.3756103345602505,0.5095511007221194,-0.630515422333455,1.4539408126806863,0.8934624477144644,0.0,nm
2.5832037925720215,-31.115444824115933,16.40520710513748,123.76407569310199,-0.35767683791388727,-0.1148483176543811,-0.4084195687703061,-0.4773296800107906,0.5277668907701951,-0.6773181525855401,0.55491386773322,0.9824161003537818,0.0,nm
2.6121554374694824,-17.903951660916867,16.19644286166932,120.19282431859993,-0.15525241047092822,0.20764029554367008,0.5870268450945187,-0.6538318359078817,1.3446968735253035,-0.6951842049440652,0.641730722462405,1.6489350594001904,0.0,nm
2.6145944595336914,-8.444044792763302,15.501077603249524,118.90717755396321,0.4709910019780685,0.9120051944489509,1.869920698456453,-0.7661610901158844,1.6676554120891218,-0.717090510345105,2.133117300375683,1.9703543309528624,0.0,nm
2.6167097091674805,3.13597607209058,15.553947018008271,117.79210743381515,1.2787783724750212,0.3522170038419845,1.59489819076274,-1.05716401616516,1.975334842301187,-0.7785964970216217,2.0743748896001297,2.3718676188729093,0.0,nm
2.6474006175994873,25.647907981204003,14.38921929126014,115.55598361995668,3.183017698445814,0.974132656894092,1.1761501921406867,-0.7534316192468269,1.934981231032444,-0.7556356316730015,3.5304199999885855,2.2097051335376365,0.0,nm
2.6634204387664795,44.09342688934189,14.336568305351973,115.34669177997372,3.4702804924931896,0.21488871554878286,0.2896935038930793,-0.7208223985587482,1.4656398131708352,-0.38841224737513974,3.488974947294238,1.678853497517408,0.0,nm
2.6660406589508057,49.27289252467132,14.26275452829804,115.80052516461909,2.9056268076521117,0.054003299125160546,-1.2183265399463692,-0.42042408462395503,0.9178482956194671,-0.20965184033007617,3.151174869727273,1.0310944665050041,0.0,nm
2.6843132972717285,52.292553587147005,14.075835808737619,116.95373971974468,2.5234430061534607,0.32501950211489095,-1.410963322692428,-0.22734547911740408,0.5465648167283205,0.024755386467385617,2.9093332191488623,0.592479446832997,0.0,nm
2.6864912509918213,52.672638762909216,13.924090631023958,118.66395676433562,2.1774452536992195,0.3134861565280575,-1.071929832858328,-0.007176798689435044,0.08457545912273287,0.31044842391137983,2.4471565070022954,0.32184272344471226,0.0,nm
2.6927809715270996,50.07048329097631,13.69140199761031,120.41050477716533,1.756949297722241,0.5610313587445002,-0.8814939198480946,0.29071030936300984,-0.41191134160562454,0.4606065265044268,2.0441767416225374,0.6828922386231635,0.0,nm
2.7483530044555664,30.945298641794178,16.026022297231652,125.15109274832581,-0.5774124726192463,1.0947401254778895,1.438428755454937,0.6891390610454052,-1.5061237941410173,0.6871741096046114,1.89761386756823,1.7931898353624378,0.0,nm
2.750450849533081,10.572205825709837,18.63089300275162,125.65414117686976,-2.8425427110824426,0.8190163682889979,2.3947213935978957,0.9697217301162767,-1.7367963209714326,0.5423464043161043,3.8059857368109866,2.061785953166384,0.0,nm
2.7695629596710205,-22.797031134699495,20.040863533753644,122.9446067313709,-3.6851869049261134,-1.1407488730170294,-0.640529676614056,1.1301020933316537,-1.6296715961992914,0.5042537075607977,3.9105228272127293,2.0462727223906745,0.0,nm
2.7967424392700195,-39.162671872634704,18.734967053930752,121.34930367712066,-1.8273780156119692,-1.341006713248963,-1.8762815811675027,0.8358993749183046,-1.0429308384826133,0.3259890333817739,2.942455095451611,1.3757548287147832,0.0,nm
2.826066017150879,-45.62528420613316,17.268814951200167,120.06450711612207,-0.8875870413599865,-1.471290435288266,-2.1931424293230997,0.318353887759731,-0.2562315225255941,-0.05275492615198908,2.7861048107094137,0.41205202732278995,0.0,nm
2.828270673751831,-43.65600152843766,16.39267788708887,117.13079735744611,-0.8313823238537319,-1.110196564246265,-1.4448269196945753,-0.10488313058852433,0.38405479807361487,-0.44538701926594865,2.002812474385647,0.5973844289366949,0.0,nm
2.8456993103027344,-39.83813843689477,16.17398237008121,115.22778365323778,-0.842972703949075,-0.6660013433558576,-0.8384806230301086,-0.27698484586923144,0.6905339556618229,-0.5844392576919017,1.362795114517212,0.9461115128221553,0.0,nm
2.849017858505249,-34.06432390288955,16.216864499771535,113.29133192412776,-0.47738116012488346,-0.21603292140162136,-0.36609675863972274,-0.4548095168433362,1.0214974424783885,-0.6816441786271968,0.6392103189545755,1.309560043624386,0.0,nm
2.8753018379211426,-15.112300466789073,17.11562297345724,110.44269810241796,-0.17646954094420866,0.04259448892308727,1.2661453713702746,-0.827664642636881,1.8924090712268535,-0.7643315143814133,1.279093386274063,2.2023722476932694,0.0,nm
2.879396677017212,-3.473977545068667,17.860355217609026,110.00113901311343,0.8834633996207745,0.21421100268912496,2.0788594213015386,-0.8929791543181458,2.04696344785773,-0.7269478606093239,2.268931560377427,2.3486005022048406,0.0,nm
2.8858041763305664,8.861346721658325,18.38810351306362,110.0671430889143,2.200657997477162,0.31272893307367394,2.381173393059049,-0.8905072118998264,2.179996734070332,-0.7147316760118158,3.257404140608582,2.4609409224314134,0.0,nm
2.9197587966918945,43.86349401878556,19.57017685775682,110.73014621195941,3.5968750201558417,0.24281379660009766,0.6236646778066421,-0.8112310380280784,1.7987212993576116,-0.5842871402763663,3.658609856323041,2.057883760593679,0.0,nm
2.937624454498291,51.59940328389845,20.3891761726077,111.43727483397002,3.550379422395879,0.174308685483198,-0.30809602685999954,-0.6741283831097707,1.3035536942982413,-0.3911753072532724,3.567982724534116,1.5187888042244315,0.0,nm
2.9450623989105225,56.62166428502381,21.084703982964353,112.68100452608678,2.6142399844116873,-0.27045787422810796,-1.6772585306165249,-0.4822175718613739,0.8220177075982378,-0.14377169354626138,3.1177867689042995,0.963803505950306,0.0,nm
2.9755783081054688,59.48254316752161,21.027854270685683,116.13744108420683,1.9477806216305167,-0.046563012851464365,-1.551375295901828,0.0688309356473855,0.009882778799349949,0.3596897967909885,2.490538651155539,0.3663497194409107,0.0,nm
2.978182315826416,52.24827963831368,19.362237183484574,120.41793323689103,1.1429899096235203,1.291509682019932,0.2748896889744385,0.5702613330587173,-0.6779522695547211,0.7729817005123724,1.7464213504641064,1.1757201950733438,0.0,nm
2.9808051586151123,44.52384070887729,19.248584713871093,123.1358419223627,0.06913216903897834,1.653076215624362,1.3405457069689346,0.7903749486769726,-1.224452360085255,1.0414114654269728,2.1294372552230407,1.791232531509305,0.0,nm
2.9966604709625244,34.04374146517758,20.004512221992453,125.5367626540345,-1.1482599603866193,1.6664903797733004,1.8295824633550755,0.9940923382122705,-1.7116724045825251,1.1719559182370851,2.72819777742019,2.300330991790658,0.0,nm
2.999016523361206,22.236687797734554,21.22145996568715,126.8950835889932,-2.2612704971886277,1.199711913548714,1.9096592993716126,1.116646252518296,-1.9215583336594497,1.0925346956216724,3.1936580243731325,2.4764727626316376,0.0,nm
3.0299088954925537,-3.6013202277076406,22.216806080787684,125.40758718154541,-4.889887818753322,-0.27774552049194984,1.7114590994921515,1.4612849736963556,-2.0239401050440318,0.7363038558075812,5.188182504825746,2.6026583892692328,0.0,nm
3.0443811416625977,-28.85178021396311,19.10917748716447,121.61091421104105,-2.995473973294595,-1.3509636335030213,-1.3478806179193612,1.5628422544703238,-1.6234922740999447,0.46138869015487904,3.5517248237857157,2.3002353357478293,0.0,nm
3.0464980602264404,-37.956757049598934,16.090999815625263,120.78899987098205,-2.231554253670954,-1.5536013177128765,-1.6187461694286696,1.4226976765031143,-1.1613886147313044,0.387918279308825,3.1644668749279248,1.877064938827844,0.0,nm
3.0654406547546387,-44.5228869911446,13.35454101717374,120.63636156814738,-1.4021974323700575,-1.5592517228780316,-2.004405339059379,1.1261297513684267,-0.8009280138665286,0.3060680316819513,2.900873030295024,1.4153909496428754,0.0,nm
3.080662488937378,-50.37388556606427,11.43108509743903,120.28626665482373,-0.2945233794395549,-1.5875794157551724,-2.239294263687811,0.2143151207596621,-0.2119539329053277,0.00023496803393840155,2.760722952733788,0.3014224541573532,0.0,nm
3.109867572784424,-47.68832041767048,13.214341202952873,118.38039510345553,-0.1951009167612657,-0.9945647334466965,-1.9452429045448019,-0.39953170074632927,0.26678995404412426,-0.35448420105452166,2.193443259904136,0.5970439751621173,0.0,nm
3.112022638320923,-42.911231576970856,14.037187976714575,117.1458930709856,0.17711642418456414,-0.4824422102128998,-1.817397124734274,-0.572239363665725,0.7586759969505811,-0.4701876168535006,1.888664348925833,1.060246930068598,0.0,nm
3.129699945449829,-34.91286096175464,14.050389103037048,116.20856535179092,-0.4289225860962656,-0.06557607362302714,-0.7971248514311099,-0.6897933348121426,1.4011929282411577,-0.5292349626541091,0.9075697411573339,1.6490136787182157,0.0,nm
3.1324305534362793,-11.208559052182798,14.203650751378786,114.2589222401984,-0.4076846017107296,-0.1436251888415003,2.232751193956275,-1.0687632003715213,2.23089915436164,-0.7040223341474928,2.2742059764794753,2.5719279271352726,0.0,nm
3.1418235301971436,1.360686731311793,14.355694871868732,113.52128315265513,1.5672798251203914,-0.02497298550902003,2.4545082563428195,-0.9975638484059854,2.232979718228118,-0.6692048756238647,2.9123187464097584,2.5355802529644844,0.0,nm
3.1696367263793945,40.804113821260245,15.366982592157274,114.22941349902295,3.581623165567071,0.13640776738581467,0.9892979535242289,-1.132944131108863,2.126497812819709,-0.541161136618336,3.7182444809314377,2.469496047360083,0.0,nm
3.197345495223999,57.82986510110355,17.7198673547446,116.67713385999492,2.8723014800508677,0.4316799665831237,-1.502581100272466,-0.8086151544475897,1.1308701565956047,-0.15441897918250874,3.270200811685366,1.398774821124771,0.0,nm
3.2002036571502686,62.68373935368956,18.349287128751875,118.38290716440008,2.432006297819454,0.6373827311817042,-1.706279851647021,-0.5398406301254697,0.764360942706933,0.02623771923250005,3.0384703899789307,0.9361431378697486,0.0,nm
3.2152528762817383,64.21677971322472,18.24770905073505,119.9651423777726,2.0528584473328424,0.7373825219639113,-1.8111413491806712,-0.12561450467947272,0.26726289052074337,0.20623651616078975,2.8351708546744847,0.3601971085857184,0.0,nm
3.219975709915161,62.62495976464733,17.575176915782617,121.37371376472436,1.240928881564705,0.5111726339122615,-1.906180525714645,0.2694320129912468,-0.18903773468858534,0.3659687218364491,2.3312499109653575,0.49220115818973004,0.0,nm
3.240630626678467,51.89482178750552,16.70748873296143,124.52768851967745,0.8321821429908435,1.240737505150243,0.8633890766255577,0.7449778589742719,-1.0623884742981389,0.7008801397105018,1.725513654954841,1.4747522676449867,0.0,nm
3.2474560737609863,42.10738169858808,17.74207664180002,126.02811305144107,-0.15533327389599885,1.6462484956721901,2.3374018428645713,0.9145871827618534,-1.6422163932382032,0.8670043517229804,2.863164317762586,2.0700340439227425,0.0,nm
3.270399808883667,16.82346782361182,21.679968426656004,126.6220134604398,-2.6227721740917116,0.4515567634988979,1.9486216865709527,1.1611605373608334,-2.14371416111663,0.8458876599037284,3.29847902300833,2.580567792419622,0.0,nm
3.2734429836273193,3.4981593097358656,22.331105730619058,125.48351781529003,-4.640480503010916,0.24818289402796914,2.8114445306457814,1.3574239496730331,-2.066512538097575,0.764952199137932,5.431378682858582,2.588093065603781,0.0,nm
3.3010811805725098,-23.745043103186294,22.09926773610604,123.21366729978152,-4.162677101610832,-0.9554733855193819,-0.926477215052788,1.3997856813103584,-1.9785169108337919,0.787714977755608,4.370259726002907,2.548415979826942,0.0,nm
3.306184768676758,-34.727358521384325,21.021593024375925,122.71380061415054,-3.2252079390361326,-1.2586880104657028,-1.480762161119666,1.299620042258736,-1.5860998670765258,0.7079669542253701,3.7654904508597005,2.1693183839298276,0.0,nm
3.3290209770202637,-49.31638716749141,17.49679548119084,122.22973957125005,-1.148427857946077,-1.8650981160862699,-2.2030115457862487,0.9535359892014733,-0.7895728143755795,0.32677817865306424,3.106563599606917,1.2804062206765552,0.0,nm
3.335994243621826,-52.88394870909407,15.622267950622856,121.51073624306375,-0.22789128249474114,-1.9137047381239294,-2.2094208199784076,0.6849832538313007,-0.3702933365614045,0.06340567410312352,2.9318493517077466,0.7812422752511318,0.0,nm
3.3411319255828857,-53.51355125599296,14.04123359271774,120.29588490257484,-0.3072725495241407,-1.9732442393265777,-2.0902213344374516,0.33918472394614396,0.07096995461281458,-0.2068705235228414,2.8908708851597074,0.403581992807882,0.0,nm
3.360811948776245,-49.19294985133095,13.432847008779412,115.74922524248268,-0.18671673889820248,-1.19107057336082,-1.3439249718367507,-0.30296491895095007,0.5353026867532005,-0.6832002208737193,1.8054491355995779,0.9192927990374176,0.0,nm
3.3786141872406006,-43.80934001585908,14.202434501643506,113.32753986039071,-0.3613364442487076,-0.5405232325554045,-0.8467194136326722,-0.5671723096604594,0.9010564101986721,-0.726759446253005,1.0675500720326423,1.289095177216823,0.0,nm
3.381059408187866,-35.84657795417546,15.381049394160227,111.4735881148062,-0.1611400640290444,0.182023775466352,-0.3311530780741418,-0.7942589221311859,1.3494112326718364,-0.726395680714989,0.41080547244199184,1.7260963458646537,0.0,nm
3.4495151042938232,1.1945821827927243,18.17695610610426,109.88983566353699,1.4906382819835837,0.527961482972999,2.3844551383560435,-0.8478814846085493,2.280136844670351,-0.7575600062660879,2.8611836924690026,2.5479058470554086,0.0,nm
3.4521212577819824,14.645586155388164,17.780184417725074,109.73435887218405,2.6430390192181434,0.7439615340319125,2.8989592794099774,-0.7865905690816682,2.445440274912554,-0.8721983665866975,3.9928810306476623,2.7128643261706094,0.0,nm
3.4547665119171143,27.677940575468146,17.623593343621067,109.08220785797214,3.222859616693584,0.5667981768789037,2.2126309543223006,-0.7909432157370366,2.3622895805341466,-0.9352245948389589,3.9501670878904322,2.6609487547888504,0.0,nm
3.4575867652893066,54.003657114174466,20.076448579578148,109.05341643222945,3.204901585799745,-0.07823520068631673,-1.1638190367383576,-0.5607488324615615,1.0916414851210166,-0.3483071551324246,3.4105702853867044,1.2757108839626108,0.0,nm
3.473346471786499,57.88923277947513,20.34994937377953,110.65282217634157,2.966200114049319,0.1108342954397791,-1.355772776457414,-0.3006090214470822,0.6704622570920391,-0.02369547438013114,3.2632418204930618,0.7351509351598645,0.0,nm
3.499908685684204,57.054807144800044,18.800100672899408,115.08127616553755,1.9808079605974493,0.11039064720806299,-1.4416012613510834,0.31940429983885016,-0.18821014080206347,0.5791048068948066,2.4523459112625763,0.6876078397058529,0.0,nm
3.5415146350860596,47.653036227985424,17.459952908555337,120.62703319666515,0.7166892686368331,0.8561294169358667,0.6153021355566982,0.5955840278324938,-0.9571746178603694,0.9192905785483557,1.2748324612837483,1.4546472943958242,0.0,nm
3.5438177585601807,39.33142795810375,18.47386884470794,123.53406342071483,-0.12339444517363235,1.085898303736006,1.6134811870220518,0.676832666155365,-1.4436373619284466,1.0223631519134553,1.948774706329732,1.8940479680095537,0.0,nm
3.545952796936035,28.63893489782752,20.318830373735935,125.35723605967576,-1.3992611211347459,1.3252019482606197,2.3041999122363155,0.8483141615414258,-1.8649763245177535,0.9979051008355098,3.0039023160453886,2.2789445359545306,0.0,nm
3.5485239028930664,16.429236052085866,22.20904668730799,125.83349020317935,-2.6846663040311647,1.0079474162631819,1.8231964994712542,1.031335332707504,-2.061174194505227,0.9049924931334571,3.398151943871288,2.4761064276830025,0.0,nm
3.564697027206421,-9.08974847695397,22.79285290982168,124.5369716403396,-5.088130717697906,-0.00878695173586744,1.0931102651769278,1.4386690223635852,-1.8883100747906987,0.7932301148318841,5.204233033093059,2.502937775802837,0.0,nm
3.56724214553833,-21.55586859163072,21.427777177158838,123.80723442612333,-4.8137150668532716,-0.7320154186451965,-0.4375675555901741,1.5310761035227949,-1.7483163192018,0.7909922332474282,4.888677191602004,2.4548875126619607,0.0,nm
3.5728025436401367,-32.44875236797037,19.41527638814561,123.43649170787451,-3.140078558532346,-0.7673448361328123,-1.5151326191586214,1.4727959669131263,-1.4669246434082002,0.6864199535798181,3.569949342068138,2.1891021498016867,0.0,nm
3.6007730960845947,-45.914442530202805,14.512398360977926,123.64285160504355,-1.7213958981624797,-2.1899799227716463,-1.995296946644457,1.0529564992271678,-0.6425208167074091,0.35273995521066404,3.426430475822063,1.2829559092849256,0.0,nm
3.6028451919555664,-50.01552219077138,12.135978262904166,123.44201705399344,-0.3045763441677373,-1.822439565565385,-2.2661897317015622,0.8432209084530076,-0.3893184237760377,0.13069122484053824,2.923981638046712,0.93790752838118,0.0,nm
3.6062493324279785,-51.049581118346595,10.415761157777462,122.31003326111222,-0.34260533081216826,-2.1015421826751948,-2.1910656652560387,0.40441276672344684,0.02976772301289567,-0.2055878129620551,3.0552621340448067,0.4546450836210664,0.0,nm
3.6312592029571533,-48.06712377572477,9.383091959420186,117.14062171253256,-0.5674160853558508,-1.0931563498731929,-1.5389331214594006,-0.18462528681854204,0.40197846639837786,-0.680156321677816,1.971108056782635,0.811348140996895,0.0,nm
3.6681647300720215,-36.99043499050396,10.930940820287173,111.54621974846539,-0.42612167068102497,0.5004479031101726,-0.7136535232518864,-0.6773150637509215,1.1480434471086671,-0.7233182642350883,0.9702211774648022,1.5165581965124604,0.0,nm
3.670645236968994,-26.84293535610003,12.082915252061195,110.10023429784502,-0.3452415231370901,0.836651852638957,-0.003498367739226189,-0.9103706114578545,1.7928680060545066,-0.6476365557355005,0.9050913050068793,2.1124827681344414,0.0,nm
3.673251152038574,-0.9529729950279381,14.23829404236252,109.95250880733697,0.8094123854081642,0.15443803324603586,2.1558114839577165,-0.9839341675971641,2.2626967636352227,-0.5064030084772178,2.307926053869363,2.5188027110762787,0.0,nm
3.689540147781372,11.443542798014867,14.040850489336233,110.32163044977631,2.5676231536024496,0.18987466475549028,2.0314466540485396,-0.7842855293324731,2.2826111848237627,-0.5416781912313108,3.2795604210742035,2.4736274730562164,0.0,nm
3.7141852378845215,36.436252441651774,13.946366021546229,109.74757575742962,3.214529385589618,-0.06997980544301288,1.0334818924940268,-0.8627818312442823,2.149621087238167,-0.6531105066286462,3.377303830883749,2.4066193385936554,0.0,nm
3.7224912643432617,45.96768668170147,15.210357865923855,109.49694078900286,3.8931841833357135,0.15708294356765196,0.39451199536411047,-0.8550096116960048,1.6610060935285973,-0.5345350280467651,3.9162734647904016,1.9431187238665164,0.0,nm
3.725675106048584,52.983371448370896,16.7215938454223,109.92271414019447,3.34454189991112,0.034913819010323206,-1.2398413107639674,-0.7400482852698771,1.1732656686743927,-0.339963234965184,3.5671257296170373,1.4282152481152302,0.0,nm
3.8093373775482178,25.41681552795143,19.67070651815623,125.01154810656084,-1.20333233850093,0.8490580159234622,2.1260702038977715,0.8577179541152583,-1.8956177930120859,0.8441150324542238,2.5863261092112717,2.245345651344325,0.0,nm
3.8193724155426025,13.733162316007276,21.400881524383905,125.28615848208305,-2.53190099513699,0.9727475689394269,2.6866318702610834,0.9907155154191313,-1.9787618208040274,0.7989490630960797,3.817689260319102,2.352729304740766,0.0,nm
3.82397723197937,1.5321150352284691,22.653517283589128,125.13464745539173,-4.419905534783437,0.6618735085901006,2.5465039295231655,1.1138440233453109,-1.9815533413421873,0.8153386680645928,5.143765521566817,2.4149491291883978,0.0,nm
3.865459680557251,-22.829227668872218,23.4486864018179,124.45509253292423,-4.407251922058129,-0.9263568999366578,-0.6826485231027599,1.2264332308098225,-1.7587020784709388,0.8867045323374856,4.554998969993265,2.3202190409787735,0.0,nm
3.8688323497772217,-44.75738642391531,19.0360531458069,123.94100039823864,-1.2823897055566063,-2.1229505265399067,-1.9986312699709978,0.8352208146158276,-0.5165772316592974,0.24895349494521646,3.1852738105788503,1.0131257020141913,0.0,nm
3.8854236602783203,-47.251019034331684,16.82775238620814,123.32817825927789,-0.4998789149193279,-1.9826623871576978,-2.067533637840312,0.6363541571248081,-0.13662028808730753,0.009205279947104765,2.9078384436952445,0.6509196982623805,0.0,nm
3.90087628364563,-45.5247244435137,14.421930223772824,119.2647701709017,-0.875894401342681,-1.6955017318538093,-1.5512855579973983,-0.029490533707509408,0.35212891026195786,-0.6142097725819781,2.459350322234313,0.7086029253085488,0.0,nm
3.9170496463775635,-42.47230603708474,14.461889436448233,116.37906539871335,-0.09262153324155892,-0.9729930775353236,-1.667617716767572,-0.27701387000385785,0.5322417249504887,-0.7436653278745009,1.9329364000475462,0.9555396683735714,0.0,nm
3.9194319248199463,-37.22063265832011,14.59782562363929,114.2524476705567,-0.6095776988238093,-0.6553094168224445,-0.8518121153764867,-0.45234263038540984,0.9209907565491285,-0.6884024247072408,1.2355562644338252,1.2356114790886883,0.0,nm
3.9373536109924316,-19.372818386443637,15.830187309029187,112.09182163416352,-0.12104408416491276,0.13687777767650183,0.8168230558490513,-0.9604704013423482,1.8507626225878338,-0.6780239173677332,0.837010812892858,2.1926107975529114,0.0,nm
3.939527988433838,-5.874693890923958,16.748467962552688,111.66505602481318,-0.5440455810696383,-0.2669274891333407,2.479394446549607,-1.119023728302419,2.3542293771455967,-0.760264719204174,2.5523778521836187,2.715255514309066,0.0,nm
3.95556640625,6.264629066946056,16.43702791458088,111.12641838514604,1.364736576109982,0.4347973532973889,2.3554966662729067,-0.77689264352507,2.2037232390810986,-0.7344680183282493,2.756795096743606,2.4493675844953295,0.0,nm
3.958828926086426,18.168309485658135,15.823369225986584,110.2897145579313,2.696172246969568,0.927136786223695,2.0084524985225456,-0.6851237362234739,2.1946136949740467,-0.8050802221757639,3.48752187728186,2.435955247586258,0.0,nm
3.9842257499694824,39.453075103711456,16.25130370039486,108.39707366273397,3.170745840324637,0.4326114366669958,0.35094077984432975,-0.6560074705096026,1.6950416521007294,-0.743714848976415,3.2193075761767185,1.963828857184044,0.0,nm
3.9887237548828125,46.291225806298435,16.62537815527974,107.7922496895784,3.5231222738021217,0.41165084023153453,-0.6706553585111303,-0.47845237450664263,1.2293882096858373,-0.5633098840335766,3.6099342903055245,1.4344441676954578,0.0,nm
4.010122060775757,53.248580588603275,16.269149663242267,109.02490081545587,2.887448704523538,-0.05707801529057286,-1.2315065809897896,-0.0356983955448478,0.41892302277239124,0.047267363377133643,3.139622012297871,0.4230899172680198,0.0,nm
4.019653797149658,52.34652687635513,15.16535742991534,110.58620830386765,2.4835869273738695,-0.04223630517269621,-1.5466774847654032,0.26821181307303416,-0.08398667508342092,0.34795406601386253,2.9261235744884826,0.4472844400591996,0.0,nm
4.039819002151489,45.04009294080817,13.060683598494238,115.74641564159694,1.600426848267901,0.6327134845726772,0.4580662084525021,0.5239212647495335,-0.7528038875526589,0.7724618227597362,1.7808753750734152,1.199126537273044,0.0,nm
4.047872066497803,38.01468854686836,13.28257377268803,118.63475366485008,0.6508391836056108,0.9411455887972313,1.3411079529446643,0.5894520733239315,-1.2323240846384684,0.8857436298083248,1.7629285872321467,1.6280719191952016,0.0,nm
4.067032814025879,28.880104859646256,14.709415914731668,121.28673847477344,-0.511010646734537,1.2959646023575229,2.5870050271694214,0.6477213071509891,-1.6713440684754122,0.9040240890845844,2.9382394630525948,2.0075341692261532,0.0,nm
4.084187746047974,5.443796836113878,19.21677131459889,123.18678063250107,-3.297237918058983,0.7345619477316105,1.8668330751637798,0.8975312412907991,-2.1654629388350717,0.7462625801792618,3.8595886923176996,2.4600203062448567,0.0,nm
4.086289167404175,-6.867801025421651,20.50166234697087,122.60221242013351,-4.708033542396446,0.09712473569057059,1.5090257284870483,1.0571686283667034,-2.072331911810758,0.6493163134126754,4.9449137201622495,2.4153212491045153,0.0,nm
4.113584756851196,-31.167194886085383,19.81053849020671,121.06078176331992,-3.6349568323021906,-0.7847441162042815,-1.511249660658819,1.286167983393396,-1.77424591486417,0.6205210229968973,4.014051573841448,2.2775475819177844,0.0,nm
4.1157026290893555,-40.166569335953135,18.411190508872203,120.94543925517121,-2.6538437022022965,-0.9987184394599827,-1.8464546671098319,1.1254035025607652,-1.3005199057057275,0.525743247214793,3.383743452853342,1.7984134760129074,0.0,nm
4.1193437576293945,-46.4103866727721,16.811581793639874,121.3570616642401,-2.195429771264762,-1.6009245168404829,-2.0138865263230428,0.8971013858911178,-0.8400030747971674,0.4307155480772034,3.382101436988854,1.3022718401285907,0.0,nm
4.149550914764404,-52.680507640793394,14.31957426254783,121.56103539972243,-0.7029985181235219,-1.671621315833117,-2.149693059278351,0.36492322078037803,-0.17734315751411567,0.04037685115745962,2.8124197747030983,0.4077374678530201,0.0,nm
4.152040004730225,-52.19558698595394,13.698681695216463,120.41907749757605,-1.0210091872746203,-1.9338652721740146,-2.0624701221831043,0.06299780425425146,0.1577723913809289,-0.2641160127942384,3.0060069288539313,0.31403521942170803,0.0,nm
4.17188024520874,-46.88732547262402,12.858625334832675,115.8491167439176,0.1878251639535788,-0.5697096697771161,-1.7873256683509655,-0.269848679627905,0.7201836832504336,-0.676126526236279,1.8853064591195685,1.024026331203169,0.0,nm
4.188230276107788,-30.36522738572107,12.430720103670486,111.84116603701496,-0.33509434541115307,0.25148703396291,0.30117566413169566,-0.7136993038351427,1.7305896645066152,-0.7201076042487726,0.5159852025428239,2.0057074175683733,0.0,nm
4.20556902885437,-17.663700344377414,13.692266883002379,110.53539323812669,-0.730802342945799,-0.27129083586010516,1.5335501475261502,-1.1141600251326895,2.234232542527625,-0.7650298907119042,1.7203042861814362,2.6112101312180527,0.0,nm
4.209613800048828,-5.065931770611891,15.024438926324615,110.06333902637478,0.3905475079623526,-0.33656547758872224,2.4157063326863017,-1.0813393227981654,2.2137013623809256,-0.6528161132275863,2.470109463659623,2.548712877223783,0.0,nm
4.236246824264526,18.89881621741754,15.597973901174111,110.82707983196849,2.982917035988758,0.4392306326944585,2.14214266720909,-0.8777709367650399,2.2371242585771767,-0.528033090320635,3.6985798354188333,2.4604929811355727,0.0,nm
4.238582372665405,30.524345413999924,16.137065421202095,111.54838115269466,3.015596416567987,-0.06520867029374257,1.346948909075076,-0.9040417108583926,2.056203363967496,-0.4975155856002445,3.3033839138007712,2.300605452240382,0.0,nm
4.24238133430481,39.485658380260006,16.690657072750128,112.04614145263272,3.3772341579117477,0.1596324443948109,0.23272354983941487,-0.7400330794284155,1.562286532446389,-0.44538573299897705,3.3890047691496674,1.7851489067499948,0.0,nm
4.271099090576172,50.85822121170031,18.32146504058755,114.17005952906378,2.9510317242884425,0.2617081950751062,-0.9080159902450944,-0.5016065354130066,0.7376791481612187,-0.04968726575409986,3.098640420517855,0.8934475174172346,0.0,nm
4.273415565490723,52.175210506339475,18.672237142470795,115.95223903247582,2.8004406352719373,0.421713246369691,-1.2595319133043763,-0.16867718039948645,0.20061939757199346,0.22246241412265727,3.099472609086607,0.3437872300812686,0.0,nm
4.28282904624939,51.0570703982709,18.314279228355982,117.86518615936426,2.258089672220853,0.39377574063148657,-1.678967486575827,0.16129293514234366,-0.15262777698798044,0.4402620739999254,2.841295500767054,0.49309364530263494,0.0,nm
4.307300806045532,43.79952192228276,16.913830770807895,123.10228978525875,1.3275683014141273,0.9716266595165549,0.29233922103526483,0.5846354921005772,-0.6990251646944912,0.8298520817157481,1.6709153720516177,1.2325134145427405,0.0,nm
4.3103346824646,37.23019173366874,16.871648748461084,125.94706292571087,0.44523861332283365,1.079325288472727,1.0449630520670465,0.7230977451965661,-1.0260638209969333,0.9386283874499644,1.5668848972772862,1.5673865393048727,0.0,nm
4.318613290786743,28.894200182642933,17.74923656521613,128.4440095819671,-0.7409045008589175,1.3113609235135175,2.455761445379497,0.8273453411478519,-1.3683509381719414,0.9840715564174464,2.8808629310891596,1.8775732826350462,0.0,nm
4.348284482955933,6.895280447751602,21.618599000807365,131.06204329067194,-3.1999571089089143,0.5116454035963459,1.8583694607068644,1.0839677918354884,-1.8695993893786222,0.8838815248040816,3.735645000581009,2.334873572678317,0.0,nm
4.350411415100098,-4.598645261151369,23.045201200482097,130.66822139222631,-4.49020420020747,-0.25305034434339796,1.467700616631371,1.18707017840159,-1.7826509361826972,0.7420090921557497,4.730762447681475,2.26661806698112,0.0,nm
4.356732368469238,-16.49347932365403,23.291295889904845,129.65103791992547,-4.791426405342119,-0.8410993683255832,0.2317162947938311,1.3833577801545411,-1.6903770205318984,0.6896432385633329,4.870206113346783,2.2905591055357033,0.0,nm
4.370909690856934,-27.484730153234345,22.453327727962925,128.37455115574204,-3.7819474451832633,-1.0415664218598073,-1.2642302411811408,1.4119013274264305,-1.4572432859456157,0.5986441730150361,4.121439698939071,2.1155136961756944,0.0,nm
4.392585039138794,-35.92716439059302,20.80572665033213,127.38151471808978,-2.5564963265043463,-0.9327034094055268,-1.8845230160341255,1.229864712638419,-1.0247786750101844,0.42449954863364886,3.310141404126003,1.6561818773730685,0.0,nm
4.395514249801636,-45.07832292981754,16.902320077032464,126.47621514189906,-1.2213994568273552,-1.6373426558896251,-2.0607137162969185,0.7386143045851644,-0.3143504294069886,0.16237446261396674,2.9015941526113034,0.8189827528802781,0.0,nm
4.41371750831604,-46.29577243860807,15.394933372648744,125.87981005318426,-0.8738511462624494,-1.7248389295237496,-2.015497466765705,0.3862918911851068,0.002895555903325148,-0.06140611463735242,2.793011850523339,0.39115280946736325,0.0,nm
4.415898323059082,-45.468858271386644,14.653671823691528,124.32292848711722,-1.3811743047612501,-2.2008531018165987,-1.601306778977693,0.03415981559509888,0.22960900750913013,-0.36174181808320055,3.052143547788731,0.42981895291036004,0.0,nm
4.442005634307861,-40.19362411340839,14.219670324448106,119.18646530041637,-0.6864190754303858,-1.2411784606705867,-1.214981555290066,-0.3197590596055577,0.6446048012482147,-0.7131962334501509,1.8675854192090868,1.0131189828443465,0.0,nm
4.457144260406494,-28.154215059852174,14.165678792269016,114.57920058216604,-0.18836478446987345,0.29588975160285236,0.005238765653142185,-0.6029448154055801,1.175778116937225,-0.7498918474757559,0.35079834919444547,1.5193203788548082,0.0,nm
4.461038589477539,-17.648824507137487,15.232582010349102,112.80332513764415,-0.39292864420729307,0.09646914125671148,0.992463087302668,-0.999686646472256,1.7920176608475644,-0.8319016854510742,1.0717659232834995,2.2142179436949876,0.0,nm
4.477134466171265,-5.427606400501509,16.289639983288467,111.70924854217371,-0.5765400337129757,0.10349968533099671,2.3471807256924677,-1.0707777355813848,2.1146076508755702,-0.8015318599698757,2.419166789289154,2.502115864364611,0.0,nm
4.481931924819946,5.200338339686068,16.946707897909935,110.99721083354133,1.3971895176558693,0.4890817086914291,1.6309443930172816,-0.8501727647897594,1.8639448816154496,-0.6776816221372953,2.202571015685641,2.15785463659472,0.0,nm
4.507880687713623,27.287649027916665,17.61059050446012,109.97750380930682,3.2811625952726007,0.5446894431850081,2.020491796966888,-0.7685645667751924,1.9937222996018455,-0.7660999917437468,3.8916708067029138,2.269918346236661,0.0,nm
4.510408163070679,36.7582906473222,17.676681598176124,109.17836158531736,3.361906938569948,0.19197753116032085,0.29534750265857695,-0.6133494282924273,1.7044382052363511,-0.7430568292358777,3.380311196236499,1.9579174058499091,0.0,nm
4.522846221923828,44.862279702700235,17.990683707742647,108.87528500379136,3.511619063693819,0.10344314228378765,-0.29625706979825445,-0.5614028294666084,1.4443679692217617,-0.5943866446339021,3.525611604188534,1.6597190879079684,0.0,nm
4.529876947402954,50.99290967860403,18.4253579867519,109.49895003094726,3.797787442884985,-0.06452380517226985,-0.5151659508810593,-0.4652806067335538,1.0762406694107884,-0.31055127842843155,3.833112148074456,1.212939453571224,0.0,nm
4.602470397949219,54.62929097063355,16.51629064304567,114.90184685393267,2.6906968215076263,0.3053961175210273,-1.0881321294018926,0.2811916525603017,-0.10691892176623119,0.5455653158789988,2.9184152728672554,0.6230103652359233,0.0,nm
4.604854106903076,51.359169017245335,15.378309413231394,117.68700650393144,2.226959109690497,0.36369144803218056,-0.7669089037372565,0.484149821490487,-0.4588135461992349,0.7238267387248072,2.383226303194205,0.9842947056233606,0.0,nm
4.608937740325928,34.45369008929629,15.972399613811247,125.29498777100912,0.22739250998712393,0.45658430938790867,0.6122635686333631,0.5609954864036372,-1.2039264020279228,0.7487208565566615,0.7968960174659794,1.5247090339825806,0.0,nm
4.622352838516235,26.613265018730516,17.346892846337706,126.53607347631103,-0.7911662630261284,1.4042966782782649,3.0378652222884686,0.6665293543331046,-1.3703400250456916,0.6402797169265717,3.43898507196002,1.6528917932936513,0.0,nm
4.637068033218384,2.571976394559293,22.153559219443157,127.68634747980772,-3.399453942346734,0.8463096790912209,0.9212316530414175,1.0530227915317907,-2.2349488516861094,0.9457107464425809,3.622318999981318,2.6454153142891284,0.0,nm
4.6530985832214355,-20.22246343822001,23.695171456328616,128.31313480688374,-5.600947372871876,-1.078199367048969,0.5608740470167911,1.3025858935223567,-1.631249464479315,0.9427824619750039,5.731291743176416,2.2905334741005507,0.0,nm
4.655337333679199,-31.515061410034743,23.263437425347945,128.2813719704957,-3.672099880712204,-1.106956617785952,-1.3414519166178682,1.3602383473278303,-1.559491244582186,0.8652098871098072,4.06314702320559,2.24295551721879,0.0,nm
4.679719686508179,-45.272506986779554,20.7102647061316,127.72821874003668,-1.918566200369265,-2.312941910130198,-1.973425998972347,0.9157617446663529,-0.5938235054185321,0.34523689641724536,3.595136536803031,1.1447420858995827,0.0,nm
4.684117794036865,-49.40123749397292,18.429108474990628,127.18964721657451,-0.9398703525113603,-1.8655936781839138,-2.1208407330298016,0.8402373603117387,-0.32642095439314306,0.1562463789492363,2.9768710866424835,0.9148564871417361,0.0,nm
4.749064683914185,-50.74923316567168,16.505677347926444,125.5950720398722,-0.805103507013492,-1.9593909344575884,-2.1188448199583902,0.46674104795007326,0.03496093226131132,-0.2450035816369281,2.996148838443195,0.5282955873760782,0.0,nm
4.751565456390381,-48.960518804091414,14.30701056756737,120.20077301998278,-0.5883597974655652,-0.964289867108226,-1.7797153648170274,0.004063173317113645,0.33566356547904724,-0.666354463523822,2.1079395102438605,0.7461332385208638,0.0,nm
4.756044864654541,-24.260468603561712,14.994912594993387,111.35680516315232,-0.6278163034656646,0.49602886586796674,0.6226026297954893,-0.7248121166410016,1.7290075428290514,-0.678416346450089,1.01382048770964,1.9937573640541244,0.0,nm
4.770973205566406,-1.0632019834739896,15.504748514262607,109.60425609075288,0.9398785765412692,0.0062394358031515485,1.8062533378273262,-0.7632422035664297,2.0479746078576846,-0.7248163958854646,2.0361634977606147,2.3026283815412274,0.0,nm
4.7858476638793945,10.29837103957526,15.352641743836264,108.45776309576576,2.1294870762354807,0.06797319154708964,1.7711257210512528,-0.674625811725,2.093377172279446,-0.7995307302062061,2.7705995528752174,2.340213101367133,0.0,nm
4.802325487136841,31.79358920482024,16.501133073613723,106.16279922847093,3.6924563381357163,0.026850300530936518,1.0006259779458322,-0.7295813146810077,1.815325235876863,-0.7751783307889767,3.8257296160885805,2.104422973469887,0.0,nm
4.819738388061523,47.772218403112156,18.546395257724697,106.5658127318426,3.8428519397640413,0.14556578015645288,-0.3583446509028334,-0.5509375644130112,1.2506745985614587,-0.3379808489143562,3.8622676391119617,1.4078175327793996,0.0,nm
4.829668760299683,52.25613487948584,18.81388327323828,108.38943804260545,3.390341829903746,-0.0823114622888157,-1.3455737364029723,-0.30607130609215966,0.7986397914862664,0.027008787927840953,3.648528687089723,0.8557070968406881,0.0,nm
4.836630821228027,54.38129260651948,18.152214239736505,110.81686778124299,3.0862321435113627,0.06260324668090923,-1.4549689294553565,-0.010184308961649785,0.42853453397612246,0.30007824324791216,3.4125771193949883,0.5232518695904602,0.0,nm
4.8605804443359375,51.471481862506174,15.874658459412213,116.44301921987604,2.3922893643920458,0.5012975402682358,-0.7087520525012639,0.3992922311114693,-0.3558155469915251,0.6917732557290778,2.544931649138545,0.8744079292005884,0.0,nm
4.866423606872559,47.554017258909425,15.737790685407765,119.3625784091198,1.819482638697268,0.5363572493963008,-0.043494732954220724,0.3789461196248208,-0.649166696844987,0.7845916851727016,1.8973897763231198,1.0865549568767703,0.0,nm
4.893402338027954,42.16116511603268,16.714242407733536,121.84754849099289,0.8961812301683715,0.7304463268684771,0.7247599303894481,0.36199993132851516,-0.9864236046359957,0.7858430810331158,1.3645400655311897,1.3121070177666687,0.0,nm
4.895748853683472,34.53949001065445,18.561190511209876,123.5128566093843,-0.15817242863863906,1.2351383856262448,1.6221740091775536,0.4780018661076748,-1.4175304627325773,0.7829624480593997,2.045002167451181,1.6884633818500248,0.0,nm
4.91200590133667,11.19708674736243,22.829820914115473,125.12346034019828,-2.612612651988815,1.2762020992379388,1.5469899598937873,1.036975719714942,-2.1650084957288622,0.9895860706783667,3.293571709169778,2.596509391690529,0.0,nm
4.914268255233765,-0.599526322330827,23.8360514816384,125.43324255757177,-3.9157971118355146,0.6542894978166925,1.3254163901859695,1.0991445172273533,-1.8746187811633892,0.9473209889039981,4.1854856797492666,2.370597245518418,0.0,nm
4.920682191848755,-12.42694725958532,24.10414955395448,125.82734656693468,-5.263671304417497,-0.48200331019817605,1.3735088430785085,1.2263216644070267,-1.7773420413662884,1.007081506516865,5.461235147290863,2.382650355669162,0.0,nm
4.944464445114136,-34.0743585404649,23.282065635578384,126.93994667484193,-3.168719407707895,-1.5502436406373246,-1.324754419753206,1.1605511024913087,-1.344135704310508,0.8714433174927372,3.7681576801902534,1.9781286886092233,0.0,nm
4.9467668533325195,-41.387041849420974,22.268992702777197,127.24586020667806,-2.6259624368111343,-2.233766766810274,-1.625725769972816,0.9812185360555522,-0.9404903736920134,0.6120190841905175,3.8116108100385593,1.4905969669631505,0.0,nm
4.970341920852661,-50.51550422040624,18.48040085448231,126.1533339385674,-0.6803927174304323,-1.8794149162459,-2.3731381673475225,0.7236719325724436,-0.24194279696926002,0.03369043406708976,3.102727741626956,0.7637882090907614,0.0,nm
4.976096153259277,-51.518076447318364,16.23211826124365,124.45515685798618,-0.9677871554868129,-2.0284405154280942,-2.3088907669983745,0.4822440903627907,0.11746184567105077,-0.28798014530642974,3.222135856366983,0.5738372695886854,0.0,nm
5.003300189971924,-49.12153308933863,13.066519154210729,119.33112990401702,-1.1992848952809518,-0.8840779929048663,-1.6173010516084598,-0.001486375050377876,0.48329205712380113,-0.6600914179544587,2.1989863230865194,0.8181039676268987,0.0,nm
5.005373001098633,-45.45881402630924,13.028712608789863,116.3873176280544,-1.793224106108492,-0.5452815718049164,-0.9973040631843337,-0.3207677168452494,0.6479017105085199,-0.7519394644517946,2.123110944280261,1.043111457539429,0.0,nm
5.043106317520142,-33.78823667179305,14.332919843698939,112.42803020579971,0.15054663964597173,0.005584516487749678,-0.9358699398065581,-0.6422235404035488,1.2434872955233378,-0.6110444614609633,0.9479177294294198,1.527117239722783,0.0,nm
5.045288324356079,-10.760727441984335,13.68344930905397,111.71967449797951,-0.45911167143998827,0.1550057420405051,3.2667714865163022,-0.8324626340703005,2.2945960679843385,-0.5674534283283075,3.302515140318645,2.506026445521675,0.0,nm
5.061816930770874,14.628675076382534,13.765557855293697,109.84959980325836,2.2538227674353695,-0.11293052793942306,1.9649937247148996,-0.7892826602889322,2.2944615530251276,-0.775488877976174,2.9922684888424764,2.5473327101122853,0.0,nm
5.070632696151733,26.354234856464597,14.027383901969383,108.48943989675548,3.454158278540969,0.9110947482999955,2.056986177408172,-0.7884536909038888,2.144869924164104,-0.8083594417504832,4.122195432975155,2.4239577556861107,0.0,nm
5.101186990737915,51.53352560065451,18.18985803418162,108.99280393320024,3.5307404881153945,0.555946131896524,-1.0943343776096832,-0.5284058457982203,1.0416510422141323,-0.2703515204164205,3.7380171516469014,1.1988909776168102,0.0,nm
5.1086812019348145,55.39719999497392,18.361643963147156,110.76936120999417,2.870426889534407,0.16426931739962466,-1.5222528627877694,-0.282204141849916,0.6825527970788708,0.0668828001149653,3.2532427998946942,0.741613651053334,0.0,nm
5.133811712265015,54.66269407760405,17.239738112033763,115.42566763317049,2.4390442156561956,-0.15341817961656876,-1.4056264220812504,0.2660707466840845,-0.24211615572049863,0.5374698666338891,2.8192657665100938,0.6467516777259642,0.0,nm
5.1394431591033936,51.95688457830703,17.090575809473393,117.95968756328962,2.2937024184353185,0.4866857752585851,-0.2587384657561145,0.2602031823422658,-0.44476418029709164,0.6534256004866932,2.3589996655016523,0.8321573694607179,0.0,nm
5.168680191040039,47.65278670394972,18.179333101997834,120.82883121081741,1.4257674937363392,0.49004424371240324,0.30604364342363916,0.21487510263439263,-0.8180956269396811,0.8216727048456018,1.5383819482400587,1.1792361080115628,0.0,nm
5.170877456665039,33.71171638363005,22.092386131114775,124.75783428241859,-0.4602100557998991,1.3690320620949534,1.2051335614826924,0.48030421254430844,-1.416897431463759,0.82568904006908,1.881060600702504,1.7088162156202185,0.0,nm
5.187740802764893,23.874163774766238,23.804773425431076,125.74386551523969,-1.721066861453463,1.6734144441444778,1.925392518951542,0.7758038969406229,-1.6706593464811044,0.9133918191403929,3.07725907188511,2.0560299009901395,0.0,nm
5.189992189407349,12.278850657417832,24.98103993286647,126.45388476966859,-3.361974413580064,1.6770253242938165,2.8152219972802763,1.0657628059738813,-1.8367832146309093,1.0502573908107233,4.694758863867296,2.36910605990946,0.0,nm
5.198225975036621,-0.3597156208207548,25.834414930942764,127.04060905544063,-4.8541254203842525,0.8131342184556025,2.0978494696583523,1.2410091135971049,-1.921892102208912,1.1609440781533156,5.350204972838875,2.565455909806932,0.0,nm
5.218480587005615,-25.50227522341494,26.06735449180777,127.18356619885787,-4.616165859552788,-1.9318683117966615,-0.4336554795079462,1.418405296461737,-1.7136994071433147,1.044499134166445,5.022863674432353,2.457563363241833,0.0,nm
5.223517656326294,-37.00953545375769,24.316917362611424,126.62410158251915,-3.0547735122194215,-2.226735595103843,-1.5362035917318693,1.537997058402026,-1.442757017604559,0.8468638350243904,4.080430626381208,2.2724790688965,0.0,nm
5.247071743011475,-52.439056132878676,18.404235046902286,124.18709138351717,-1.1004857129730046,-2.5862803559933227,-2.080702599785219,1.2157239098269668,-0.5902692715140035,0.14287082025332437,3.497032769793217,1.3589755366078144,0.0,nm
5.253074884414673,-56.50430222256235,15.259871010121675,122.61918835537129,-0.3422664005270978,-2.0861579626407623,-2.1702080900804313,0.9587881234418246,-0.2899223578614118,-0.0970433778741617,3.0296871931388867,1.0063533457142393,0.0,nm
5.2790772914886475,-57.029794533300326,12.759933284610472,117.43863548344635,-0.9280910122353669,-1.4866973625540334,-1.8505762699974249,0.007512641155523234,0.18686494873431972,-0.6564868479560855,2.5487750991201183,0.6826052522372854,0.0,nm
5.282672166824341,-54.698227101932076,13.669323408937114,114.23644496231485,-0.4397014812591114,-0.8754698001892859,-1.7770890063547808,-0.3564572519197202,0.34173530547056613,-0.7657053054814386,2.0292437261630125,0.9111253515810233,0.0,nm
5.3046815395355225,-50.07793334839445,15.08369356011614,111.78179342518318,-0.40284142269505024,-0.3678844041754292,-1.597921025206201,-0.6040278508598922,0.7265398266491366,-0.7173897813591886,1.6884820844387185,1.186321146536789,0.0,nm
5.307389736175537,-42.935403757484835,16.336501463835294,110.24746570595173,-0.12262802511864627,0.0482580687691838,-1.30139382855446,-0.7182027558998416,1.2083968784065313,-0.663056459079565,1.3080490704654262,1.5542464676658936,0.0,nm
5.334041357040405,-18.881021675209414,17.412980304371658,108.66063765142202,-1.3732974218112695,0.04560779138418574,1.7712548884357633,-0.8823065675753397,2.459422660631493,-0.8758603736944937,2.2417336503688414,2.755785930913816,0.0,nm
5.336387634277344,-5.548894206916391,17.116315306724193,107.6601125021124,0.1233136928031972,0.28826832435782374,2.8790713554064853,-0.7209695969716039,2.4532668141676153,-0.9209211947850275,2.8960933623042897,2.717795258708389,0.0,nm
5.338719844818115,7.2488275085673015,16.499792199622217,106.3134641751016,2.229575951407134,0.6352063298961882,2.6651759081060655,-0.5850972334209473,2.3923851885684773,-0.965047257847087,3.5323729454549677,2.645214901084004,0.0,nm
5.366089344024658,33.71355956822938,16.7930288261315,104.4199030727605,3.5651213235447434,0.3793897985674752,1.5326477752599443,-0.7148032699074104,2.365956660680851,-0.8492125451446528,3.8991070610922893,2.6133994301907753,0.0,nm
5.3697731494903564,44.34386474246528,17.519556676065665,104.90691595311681,4.171291319178043,0.2693530004070313,0.44847064036493745,-0.6522712056581208,1.9356947935630262,-0.5494062572232699,4.203968152061538,2.115235044867068,0.0,nm
5.375676870346069,52.64114505678161,17.886993307996086,106.61477097147679,3.7410826684273553,-0.10429793661215962,-0.9423236999780544,-0.5002602400305947,1.5069251594653987,-0.1981373295496021,3.8593459999240056,1.6001069168484752,0.0,nm
5.404707431793213,61.150789890733066,16.55244951419838,112.38019557290312,3.1201729050207403,0.15960118108153562,-1.3612252223710029,0.007854833424945697,0.5181062225510409,0.4589228301162603,3.4079151398248126,0.6921747758017192,0.0,nm
5.407409429550171,60.653043379353065,15.485828338988965,115.73508005892127,2.3103829690311173,-0.02980726017769068,-1.799285036716796,0.23339877126610636,0.0034255588130032463,0.685253007908628,2.928512349248557,0.7239187839319626,0.0,nm
5.426985502243042,53.310780298028774,15.462586103182387,122.47963019863394,1.4818929131030203,0.9439501455689041,0.15651461938240385,0.3979917931497382,-0.8798692573539931,0.9127413706020143,1.763957286700823,1.3287829721439295,0.0,nm
5.4435343742370605,45.863791956053234,17.299917609429084,125.31985712852727,0.5605040644752065,1.4685758090574172,1.285411610083865,0.4945137339384733,-1.3876876015546415,0.9749754824674024,2.0305572438570323,1.7665780209135369,0.0,nm
5.453641891479492,35.588354250204006,20.047673523958085,127.19392611386849,-0.8292071699603948,2.117580302444577,3.0406597925043273,0.7136377673168728,-1.8908809023811304,1.020441642545229,3.7970176246321867,2.2640694767986016,0.0,nm
5.469942569732666,8.17225166684316,25.169467420743572,127.92277648022045,-4.046960200511146,1.0630536210710613,2.1208408908753507,1.232635591523999,-2.2747090508979158,1.1012202350672795,4.691048491563742,2.811828190670662,0.0,nm
5.473186731338501,-5.84834140768296,26.168620823525934,127.79238213445858,-6.193915438162274,-0.045045862770379363,2.3073668395073152,1.4055976297596329,-2.107272590576395,1.148836600067517,6.60988345713566,2.7813895810251283,0.0,nm
5.488811254501343,-35.20846562371459,25.48076247951628,127.76841702666515,-4.000657844851907,-1.5258354464405104,-1.754740958855988,1.7071027903991243,-1.9479477563830532,1.2633106214084122,4.627369969418509,2.881779680119484,0.0,nm
5.513867616653442,-53.89057866280318,21.866559186584247,128.1378878492588,-2.5635377123242837,-3.203521369340705,-2.25891142522158,1.2618462918868854,-0.9081750863141053,0.6686560437424441,4.68369038188136,1.6923767182821952,0.0,nm
5.517038106918335,-61.30623417204577,19.212147197764583,127.89691756178492,-0.2835073206406216,-2.2138518165573875,-2.216466252360769,1.276783028257459,-0.7551206137355831,0.4773454966065232,3.1455109146822973,1.5582813499702868,0.0,nm
5.541372776031494,-65.36229519675828,14.685153537106764,124.91472460965886,-0.5081171892268516,-2.394522176534322,-2.3934473619207406,0.393796505443239,0.14088996581594487,-0.40922451073430555,3.423523010903799,0.5851413251109999,0.0,nm
5.554495096206665,-62.425362990641865,13.558581756154226,118.13729457048804,0.9308865847415415,-0.39037530293245637,-2.170731322816018,-0.2728458998863069,0.5046424069057441,-0.858212759442225,2.3939542991974507,1.0322974302020855,0.0,nm
5.5724732875823975,-56.284529162686994,14.380407076848911,115.41259848068118,0.7888455362479516,0.18020466878769945,-1.761488279963015,-0.679239896198959,1.0038436612006931,-0.8419060714037044,1.9384509184290077,1.4757624354168946,0.0,nm
5.574824094772339,-45.81353806526058,16.057637259773564,113.56809145458134,-0.5974287907377376,0.09219519248367633,-0.4811213292302158,-1.1346647413319426,1.7165335286554082,-0.8882966745633415,0.7725922902538617,2.241210033053654,0.0,nm
5.603545427322388,-19.28129201658202,18.85361409738057,112.45866384249376,-0.3703616557675681,-0.5841781898050872,1.9337206337768398,-1.034163314772317,2.166663355133356,-0.7632075026244507,2.0537057732307096,2.5192081192630447,0.0,nm
5.6056907176971436,-6.966862412953755,18.305664817834383,112.40139221178941,1.3933178714321899,0.24277406365941764,2.2331550932963244,-0.7782933344784084,2.214116069701398,-0.7620371147039811,2.6433417500492347,2.467539472590024,0.0,nm
5.615653038024902,7.13119575081913,17.95880260792123,111.8810425266125,1.7027910522586875,0.35568069326797,2.8936438589314353,-0.9394460500281988,2.520506343137872,-0.9908496615933746,3.3762673036279933,2.8665823132419446,0.0,nm
5.625603914260864,20.37687312859353,18.12837103489006,110.61245465696956,2.6970747654939684,0.7544288499680663,2.34433873693034,-0.9389698607230604,2.346378950993908,-1.0852091162382391,3.652300548120407,2.750424950254076,0.0,nm
5.631902694702148,32.215514812630985,18.687944567033327,109.2357419624286,3.4015366158027316,1.1518983114978427,0.9594984566161425,-0.8664539850572909,2.0832128412545208,-1.0356194279910518,3.7172514519369066,2.4825442291773787,0.0,nm
5.656003952026367,50.70174896983401,19.775451487825222,109.9583012277395,3.4085330777468186,0.5309811848548139,-0.7942666118210661,-0.5423427158264826,1.3802533499707186,-0.340665549801192,3.539900875931096,1.5216070282227223,0.0,nm
5.660743236541748,55.52178239929446,18.824070199853434,111.83737906544573,3.240840092773595,0.2991324987489392,-1.5699554858008093,-0.14697955682209143,0.9224996487781026,0.022646225518953664,3.613486541573471,0.9344096765603385,0.0,nm
5.673863887786865,57.81040815269406,16.976167662307837,114.24354429492453,2.9552904568856615,0.2932484667853686,-1.3944007807179608,0.16993760130241242,0.5500317501555125,0.32688418644522,3.2808672458815353,0.6620173606964603,0.0,nm
5.684680700302124,57.181514993169,15.132447303303667,117.11930252159245,2.306737994256492,0.08936902741488016,-1.1343530487868665,0.38507862542198407,0.05522672307118369,0.5967732124260502,2.57211660631854,0.712371957454372,0.0,nm
5.707462310791016,49.00688257336643,14.751541894772618,123.04771108656502,1.309214908199882,0.5429095108391265,-0.3516568953826549,0.399910447584825,-0.8520625914476413,0.8063347923810202,1.4602934584810592,1.2394009937208006,0.0,nm
5.719384670257568,42.60700958947474,16.576261937503528,125.06693449850135,0.4917313009722056,0.7989100204071936,0.7938050008350345,0.39050913301972084,-1.2211940753198913,0.7367392969041965,1.2288951429693054,1.4787146932965494,0.0,nm
5.735215902328491,20.830617034011716,20.52490271400318,125.03827045040775,-1.87125937203082,1.705295600014124,3.5026402344603973,1.0776662154434067,-2.1124444381793293,0.7162952340431245,4.321820603970218,2.477269633813766,0.0,nm
5.737640619277954,6.539457069522482,21.789705126203973,124.72550995721755,-3.669534172208669,1.3088295914178774,3.4323410934035925,1.3313353112419657,-2.320976441779165,0.9100475049541717,5.19225204721855,2.8262292574253296,0.0,nm
5.768871545791626,-21.95422808450767,23.159378580793273,125.93238933867792,-6.345565532247503,-1.2530590536760282,0.8269551595799977,1.4401879626841305,-2.182580162689913,1.2575101882209196,6.520752544914043,2.9015736089072783,0.0,nm
5.771109580993652,-35.88111389716941,23.60908262620503,126.7115938128693,-5.129217162779382,-1.9566010229961142,-1.2591593027472248,1.4495403138380674,-2.10260279832425,1.2618241775761885,5.632285363494546,2.8485620765710116,0.0,nm
5.787286281585693,-56.86615109162277,22.531260824623025,126.67996652088257,-1.9853728396143109,-2.7196868102814555,-2.3989097867840012,1.1605676118649426,-1.1707033874192758,0.6601292281507776,4.134388687995503,1.7757348340571022,0.0,nm
5.803236246109009,-63.63429686159615,20.21578005956984,126.15919087584827,-0.6819347505788486,-2.4218723529092707,-2.6651555481189426,1.1240728576450663,-0.7271915854876715,0.39452208135841643,3.6651814134504317,1.3957059375018062,0.0,nm
5.825718879699707,-68.50143796106791,14.944223396623759,123.04644363993519,-0.3406713014327429,-1.7964157418517679,-2.429084460968845,0.48073864837755453,0.17248102734514764,-0.38213829690652384,3.0403318522347225,0.6378785392224244,0.0,nm
5.828012704849243,-67.63684669892338,13.577611536338477,120.08362259543439,-0.6582574642476164,-1.2472009562420934,-2.1372226563507937,0.14800224475113416,0.2988772656304742,-0.65628092205552,2.560572943172687,0.7361636591249036,0.0,nm
5.845503568649292,-59.24595327581131,14.730360357589507,114.43637842861162,0.8413458479114877,-1.1141862911363574,-1.675159575970087,-0.6754649862731407,0.941663194142697,-0.7180299025661885,2.1806956532534234,1.3632862721612107,0.0,nm
5.861889839172363,-51.372401605890296,16.167883018884964,114.09968401341608,-0.06938254435861792,-0.6077092353502276,-0.5955962279447916,-0.8788008658461511,1.2808342668203818,-0.4577047560195668,0.853732580456959,1.619358213785999,0.0,nm
5.864233732223511,-40.29709626728031,18.52658508889531,113.58272344520773,0.8607721236464095,-0.7991424586862093,-0.3340432218883812,-1.2734879019738519,1.7625337228676543,-0.6919069586958532,1.2211233321050579,2.281892153501392,0.0,nm
5.873543739318848,-25.278351511995144,20.293891543122356,113.08953574046282,-1.6014935700693882,-1.9777907157089374,2.284082198957204,-1.4274919717615056,2.483301686463428,-0.9996575573521793,3.419571502646383,3.033782429147974,0.0,nm
5.902195692062378,0.4166056023354989,18.60605333195716,110.99328958508183,1.8066098532503876,1.6095344507387708,2.240457764678134,-0.7284733635703137,2.281245120358061,-1.1057898699848492,3.297588710752583,2.6377118828920683,0.0,nm
5.904385805130005,14.748319243859875,19.4243738650083,109.45259092058235,1.9002394469269743,1.141525163642531,2.3770658476375846,-1.0836724018249388,2.498203424097324,-1.2520330712671888,3.2502971708586017,2.997157492390978,0.0,nm
5.926075220108032,36.68099044845929,19.77482413291497,107.58366847719812,4.459297348688385,1.6565819564402962,0.4462899249832641,-0.5163247559347153,1.7214837617809053,-0.7613419171658056,4.777946349590417,1.9518552995803977,0.0,nm
5.941030025482178,45.417380496027235,19.338945269267644,109.20008260195836,3.386209951043391,-0.12777605047329177,-0.7396149780986955,-0.4344448540421556,1.596219034782249,-0.27604618462671343,3.468396584511029,1.6771580230413143,0.0,nm
5.943231582641602,51.53448846155454,18.00607601333873,111.76350776978713,3.666399547860178,-0.3098246379720676,0.07155710420037051,-0.15469930130149218,1.184644977203847,0.10683080061898322,3.6801626825461646,1.1994700562324871,0.0,nm
5.947549819946289,53.411128666957936,16.41250019360919,114.85794435302518,2.902967871962179,-0.3806829206854064,-1.3893642803846027,0.15135897880753385,0.46054815351763767,0.4703927195490364,3.240752236033298,0.6754875667093388,0.0,nm
5.977648973464966,51.787720425141686,16.131183734357435,123.2019217841945,1.8579933004381373,0.4317439381465088,0.025124276030390507,0.1132082994105676,-0.3628267438599145,0.9490089565485315,1.907661700052006,1.0222902546364967,0.0,nm
5.979756116867065,46.58974617842339,17.679451153279782,126.54684339562867,0.8062526705760745,0.9755139758225314,-0.13868916201001602,0.3165005234213123,-0.9894865399964897,0.9583539593258352,1.2731478977303363,1.4133996269688536,0.0,nm
5.99004340171814,39.426381339106086,20.139539126377045,128.89934631766727,-0.2096026649509202,1.9347529989370038,1.4077870538873363,0.44363786666418337,-1.3691497358900724,0.9221837212385993,2.4018881808158854,1.7093298019234535,0.0,nm
6.010197639465332,15.541192303748366,24.969987276934717,130.29119510190998,-2.8529583201086552,1.2778973612483007,1.591907401258718,1.284335969494816,-2.1284143693838597,1.1148295133749884,3.508070982227249,2.724428647300163,0.0,nm
6.019131422042847,2.415580967333614,25.686127206894273,130.36788848771528,-4.567127738234124,0.8249650236972464,2.198690056552687,1.4347271964367814,-1.8935091237351482,1.1318239532517538,5.1355098123219465,2.631509907071988,0.0,nm
6.047406196594238,-24.633666241473843,25.413083321177513,132.17057148006256,-5.450655993821956,-1.9926469877329456,-0.5353922217150479,1.7074442725021952,-1.8252579335994592,1.4196292008798321,5.82811612888602,2.8744181212654203,0.0,nm
6.0526416301727295,-46.253872797872134,22.984510930690277,134.20199308700094,-2.890382824776133,-2.610175204405212,-1.7788737428921604,1.3519414810664268,-0.9591059841049988,0.8922340043329512,4.281555706119425,1.8824748538724534,0.0,nm
6.0585854053497314,-53.874951715932774,20.83971494483121,134.34261685838527,-1.5739793446609842,-3.1558443331429684,-2.4214721310004554,1.29700193949703,-0.7004466691669838,0.6006841430594857,4.277884022932587,1.5917477837676697,0.0,nm
6.154739856719971,-62.189792483071045,14.911625318696524,132.9771789875231,-0.11903385122723836,-1.8673258125824304,-2.326122329327587,0.6923070096204513,0.1467033638465121,-0.09866847023495627,2.9852838791429903,0.7145252546635424,0.0,nm
6.161142826080322,-40.45186100766644,14.354738599475354,121.29725000215784,0.34658861414705366,-0.0852096852226324,-0.3655081420444946,-1.2998504574651006,1.4280711127242285,-0.6002512881029851,0.510862564505302,2.022201751467677,0.0,nm
6.1637468338012695,-13.000613061573201,17.383209283054292,120.94216801667375,-0.4732963135144597,-0.9999166210252771,2.680145697651383,-1.42162715860941,2.140270085669797,-0.7252324612470936,2.899486783903007,2.6697831261275478,0.0,nm
6.166760206222534,-1.484031321919479,17.10928642788932,120.30705630219384,1.5082264929524274,0.7229157356478533,2.035535329776776,-1.0655126172939353,1.935831227183317,-0.7856471956240361,2.6345319116800052,2.345208134418468,0.0,nm
6.181689977645874,23.055271197718618,18.88185025547059,117.26490245637467,2.43178476361965,1.2548520136034862,2.0001017203308122,-1.2383753099070058,1.8710318732849858,-1.1097584920155579,3.3894892836956534,2.503177498627742,0.0,nm
6.196924448013306,32.3011526233014,19.853624593614782,115.48541366252091,3.0544077153937295,1.562010692055251,0.11550834331743937,-0.9471103907591236,1.4843196716741716,-1.0066024044704796,3.4325830028314837,2.028169465475844,0.0,nm
6.2124247550964355,46.44874502668456,21.20104772483621,115.31308236361897,3.0432410145294693,0.2927092631943739,-0.6675474911264265,-0.5329739312488843,0.981018026440371,-0.38298818743896235,3.1293152986209836,1.1803124718944693,0.0,nm
6.214671850204468,48.94909930572571,20.520274244150603,115.87902255859336,3.237309224311295,0.2297788516548627,-1.059525962149486,-0.0771430684923792,0.48496717345950996,-0.07871642132304602,3.4140246921994604,0.4973333764545002,0.0,nm
6.221787214279175,49.26871595395679,19.63134273459163,117.15614918593408,2.758668519921255,-0.14090567847264154,-1.2300534489299453,0.13426063837793514,0.13752765988313795,0.22003710777228472,3.0237622096082255,0.2921576715531783,0.0,nm
6.234814405441284,47.72300511775231,19.375990212040755,119.10577108526064,2.4224106315169656,-0.10875118847206751,-0.21490077550953815,0.1845401546412131,-0.22872673344594682,0.4800464396674915,2.4343546233026756,0.5628637237425154,0.0,nm
6.257377624511719,38.622370136208424,21.888899846211743,122.35258028227868,0.9795175604989989,0.25541140202620005,-0.28226625235847386,0.19899199401311765,-0.9800878248670466,0.6225365182096084,1.0508871836840512,1.1780159908246057,0.0,nm
6.2767322063446045,25.15043006841935,26.046573097127034,122.70423637758391,-0.45262089490819796,0.9852112703699283,1.0284558797210905,0.4437387255732249,-1.3483845743550356,0.5042649295805081,1.4943990157599503,1.5064289349772844,0.0,nm
6.307751417160034,-13.218027176512583,28.325239755946534,121.49075523177265,-4.07764647024472,0.0034702256100494835,0.7311263355309627,1.1773849524564255,-2.1050163778618316,1.3298051129779185,4.142675282624978,2.754216933329613,0.0,nm
6.30984354019165,-25.253158458965522,28.24635329033733,122.6786802860937,-6.393828169434486,-1.567128024428691,1.1089953070527259,1.1488110579662243,-1.7776415415978601,1.3655010918459622,6.675836988443374,2.518803193810983,0.0,nm
6.325171709060669,-38.289855169733855,28.22441755724749,123.43992823849662,-4.616850486609078,-2.331052559314219,-1.1479113716346483,1.2648013767071116,-1.9122388598560183,1.3811893675930502,5.297812281226657,2.6765769274982065,0.0,nm
6.33427619934082,-49.486202896403995,28.050601671048884,123.14687772603277,-1.685026316084621,-2.252916503572862,-2.081775523294576,1.1193806429764368,-1.6195677830624278,0.9917023875209261,3.4998193935340556,2.204424290652504,0.0,nm
6.336405277252197,-56.941261084477205,26.785019144026634,122.44051290735995,-1.4958994514106574,-3.000887643012175,-2.1065341393113712,0.9346016796631414,-0.9627122426899638,0.5371460830255291,3.95986463086785,1.4452754326992394,0.0,nm
6.349204063415527,-62.60512708814964,24.41910913436416,121.27982694125272,-0.7590533256829383,-2.5682346138962533,-2.3538104429425277,0.9454657637244369,-0.6047532132698997,0.2483790864325038,3.5654473189980616,1.14948863844422,0.0,nm
6.357009410858154,-66.1164907214944,21.81227602213473,119.14691718536737,0.09000127760761548,-1.7042679510439447,-2.248249232903619,0.7797801677333427,-0.28241657324580793,-0.16434055438951767,2.8226324755763437,0.8454726776491355,0.0,nm
6.363381385803223,-66.59994926025242,19.770183957726996,116.26797997256023,-0.6833056247544554,-1.7887245411443822,-2.16102894339468,0.40776349040473037,0.12328655394612284,-0.5596286968634897,2.88729772540048,0.7033170812969685,0.0,nm
6.373655557632446,-65.57635057426795,18.766355131814393,113.11508935341678,0.04713864684459641,-0.9544649855329402,-2.2299918340626532,0.10610137926102677,0.272458784976248,-0.7169405553819764,2.42612634473575,0.7742706581959841,0.0,nm
6.383389472961426,-62.94426084325699,19.12026683662625,110.02617521669309,-0.049976736418639166,-0.6303976016749183,-1.659084743074806,-0.2440359254495101,0.44972857246276593,-0.803269604599443,1.7755171063901756,0.9523924503442588,0.0,nm
6.406030654907227,-57.889368922705536,20.645521804412105,107.57193958272532,0.09659024923184596,-0.7135140473738977,-1.4194472673232341,-0.5895981808175886,0.8146239152318501,-0.846070229311715,1.5916226050034434,1.314181483288612,0.0,nm
6.422447681427002,-38.03402779704001,24.317227566517403,105.56330949682597,-0.7776795675826943,-0.7133207973104299,0.09694596173744102,-0.931304936260408,2.0591780007911007,-1.043068584417335,1.0597219395711268,2.489083163545047,0.0,nm
6.427247047424316,-24.416295902815314,25.162520093782316,104.94124391390505,-1.6040445646495307,-0.6320619371494473,1.3793315816176432,-0.7967084040144616,2.357870727033048,-1.1972707274625178,2.2079440368412064,2.761839213507052,0.0,nm
6.433250188827515,-13.022403360435883,24.775567357672234,103.6649187285452,0.41420040427926613,0.575535636318425,2.2811387289051983,-0.42099897473695364,2.033564370484261,-1.1686815828121495,2.3888066359772164,2.382947928016247,0.0,nm
6.447015762329102,-1.0106743140422767,24.01561676556831,101.76714771968385,1.61950842614208,1.306254358284843,2.386923494152414,-0.32145541537850103,2.1788109602630725,-1.3505376428569877,3.166466762468874,2.583505894983088,0.0,nm
6.46768593788147,23.136945992665346,23.714240120532743,98.59010845278581,2.8801715268392414,1.03950223031723,0.9584041154451716,-0.32494561757689405,2.053044785901745,-1.1737940319223503,3.2085029779247867,2.387126929318443,0.0,nm
6.4816460609436035,41.36378508216205,22.159977678863918,99.88137515098629,3.4337382445964892,-0.007042517045130733,-0.23053504848022824,-0.008149072332574246,1.5665453890963232,-0.3946315923383243,3.441475604741183,1.615507646886982,0.0,nm
6.497604608535767,46.92246084593359,20.140548764191056,102.18104236456462,3.4319525531628305,-0.31411379892322494,-0.28092021012205004,0.201278612609071,1.1000337207281754,0.04484253436648947,3.4577278623815766,1.119195299990719,0.0,nm
6.4997382164001465,49.17165648836165,17.935528404591707,105.23505035745524,3.0156439567288578,-0.5345314026101251,-0.900449781298013,0.3302845961221355,0.5226785443453172,0.4376151139250111,3.192278512719601,0.7574877973209222,0.0,nm
6.5067832469940186,49.20321231848316,16.34911862391462,108.85605392047017,2.5136169786727507,-0.3811761726905198,-0.8368593045398536,0.3040334029033752,0.10373959206135529,0.6935670037096486,2.676546111258659,0.7643516217532623,0.0,nm
6.526035308837891,47.03580043499558,15.883670740438365,112.50942305628949,2.0263944931311513,-0.02172534516991651,-0.32112418566543544,0.23696475098687356,-0.35203575492221467,0.8174883096659901,2.05179613388716,0.9210692712247447,0.0,nm
6.531631231307983,42.6665369257035,16.608943946914632,115.55969867622169,1.331668004764134,0.4093215246663246,-0.12729395100911012,0.21338924818338406,-0.8207972265375627,0.8114438467483024,1.3989594473862221,1.1737479178928103,0.0,nm
6.548882007598877,27.61111844795518,20.531254658397952,118.90720127746496,-0.8311297561991167,1.8027282853265758,2.627685583779766,0.4205593528847505,-1.698242334683472,0.777391851806637,3.293225997340618,1.9144804224293759,0.0,nm
6.555280447006226,14.946611339430188,22.526408426595157,119.04469523258754,-2.2303393343587725,1.6021124501783244,2.4289954062581964,0.8054167149723697,-2.2476741975533177,0.908855660662267,3.6662237429032816,2.554751258933378,0.0,nm
6.570905447006226,1.5229434295846251,23.653484392174306,118.73976999809555,-3.215779910916261,1.0153246396992541,1.5939370439620097,1.0086003880148415,-2.263209687470926,0.9575750372122126,3.7299812143692312,2.656377756279763,0.0,nm
6.572884798049927,-11.264282814553486,23.885545431935498,118.73565336837486,-4.9776508274993585,0.037249310462875065,1.614457790929456,1.0961606332438671,-2.065683207755208,1.0050469235392618,5.233055439256097,2.5453358456579314,0.0,nm
6.611223936080933,-45.917684356532654,22.52547349287627,121.29119637939031,-2.743771535843707,-1.9407153555467982,-1.8852518249525443,0.972107683601454,-1.4394202692143414,0.930800253865337,3.8534183234691985,1.9706123851579354,0.0,nm
6.6134655475616455,-53.09210850977665,21.87647503602711,122.02328059861284,-1.5433934694410114,-2.1595066232958784,-2.3210218349575236,0.8131318738088056,-1.0507759375352983,0.6920822122476837,3.5259998037324847,1.4980958926639685,0.0,nm
6.628683567047119,-58.089179448706815,20.845629123989113,122.21321422153272,-0.5398140147384618,-1.8848892472958854,-2.4066118963501895,0.6739652374163859,-0.6662073485558092,0.40628689744561486,3.1041886967022414,1.031082157517756,0.0,nm
6.632562637329102,-60.13240356675211,19.606773508388198,121.57805959164024,-0.3496914412324764,-1.8367073774231062,-2.4488636649234152,0.41705891438869963,-0.18159724796655,0.0186393288019521,3.0810243984320946,0.4552615985543835,0.0,nm
6.6646459102630615,-57.84438518482352,17.58680249501026,117.98788441017592,-0.8557795881859251,-1.0879229921069324,-2.00028202491555,-0.03722571848535734,0.4203968770878075,-0.5528908844655629,2.432501453136426,0.6955628070182049,0.0,nm
6.666962146759033,-53.81529454496745,17.58283072571901,115.47856233078825,-0.35264444342446916,-0.5790274189645691,-1.927236088612953,-0.33982120833513435,0.699993368796391,-0.7487259396463573,2.0430050897252015,1.0798424434576517,0.0,nm
6.669377088546753,-47.98896060715528,18.228463343389194,113.39221640589167,-0.8571819482713244,-0.552951826263955,-1.1211005973772674,-0.5699806502963847,0.9700556039465205,-0.7694342587311935,1.515712098008897,1.3630535187473598,0.0,nm
6.6944663524627686,-29.84916316695709,20.474049830023993,111.78247061209943,-0.31501393764127134,-0.3910923652792626,0.7236622122846734,-0.9765840734514778,1.7881765908545406,-0.761331829980754,0.8808371112621984,2.175067384689746,0.0,nm
6.702778100967407,-16.546131703327738,21.742004152587043,111.80765921524483,-0.90642294267759,-0.8247663735415095,2.371400987782201,-1.1432954305675707,2.2272043745707717,-0.9047463865381904,2.66934163545836,2.6619785483015788,0.0,nm
6.709011554718018,-4.306473612213205,22.40929321667954,111.61285994225724,0.8717756283463892,-0.44893803811002575,2.2267724550792445,-0.9513253376202605,2.0723729559075013,-0.9245614812785075,2.4331160422266067,2.4606022634792084,0.0,nm
6.732879638671875,19.858888262434455,23.971030414703897,109.7917051826268,2.550814957268117,0.8562673225883235,2.269019840350905,-0.9769587435452762,2.036441461522689,-1.1984559458328186,3.5197019348037655,2.5569198006390943,0.0,nm
6.734952449798584,30.396149023319566,25.53174079447337,108.75937216480884,3.013771366479704,0.9453458592720518,1.0325582752029498,-0.9219251687683299,1.7106212059912853,-1.1148951834257597,3.323051795375126,2.240348677599438,0.0,nm
6.754666090011597,38.97242584261675,26.97016646586158,108.24585166066377,3.658779777638082,1.0270067319633527,0.13075224240054972,-0.7576235744244436,1.3725895587308363,-0.8898202052865475,3.802434540875647,1.8027133923607424,0.0,nm
6.7702796459198,50.16423081705259,27.51265831928941,109.9149844592694,3.4705326049001015,0.11717856230239401,-0.6831794643051464,-0.20710786869210573,0.7370005595931995,-0.19658970340414936,3.5390763706913995,0.7903866178013182,0.0,nm
6.774824857711792,51.68487459418149,26.59928426780525,111.75892779988767,3.039284087495212,-0.4151010358778197,-1.2524377231950734,0.07645430183493902,0.32084591080840197,0.18855540551427427,3.3133301804937134,0.37992170206529846,0.0,nm
6.80208683013916,48.90292803942125,25.62030409707219,117.40966963029305,2.223645972058145,0.09872609764726842,-0.19960599263116408,0.2242137742541676,-0.39854350687058465,0.8069568198373119,2.2347686241983404,0.9275171440550036,0.0,nm
6.804239749908447,44.47539886387936,26.391695196644793,120.34059861230163,1.5096774190399003,0.3687081120847724,-0.15416021866418173,0.2527792308943357,-0.7691811915446006,0.9616006749632053,1.5616776090136786,1.257065194445855,0.0,nm
6.813230037689209,38.740210031338535,27.797903427287256,122.80028807484513,0.497966436652107,1.0169912111683659,0.4333302364591875,0.30041618800867664,-1.0144614839605006,0.9847024363986503,1.2124424891331844,1.4453445529376183,0.0,nm
6.820340394973755,30.896987148063186,29.417441458211094,124.4928953541357,-0.6000177723152297,1.4208767164216387,1.0939037841490367,0.5007328670609222,-1.3222227849292678,1.0592796656386587,1.890909162106644,1.766657835342404,0.0,nm
6.8464295864105225,6.348927773730313,31.285326282381718,125.77058935563116,-3.979118228830116,1.63385363131475,3.2760947698852623,1.2814037723011944,-1.9959162569835054,1.486489711759357,5.407000694362641,2.7991657678181894,0.0,nm
6.850817441940308,-7.75564283900621,31.67364109658733,126.29026831537125,-4.762692457913056,0.1520016674309176,1.5738061217526835,1.3617429007997024,-1.9835345227770798,1.572103284974279,5.018287523092904,2.874067095520528,0.0,nm
6.877195119857788,-34.099819338198984,31.06182161648934,128.22025522965964,-4.773805369359997,-2.60345244065205,-0.6442048493018941,1.4742094178499785,-1.6745914452745765,1.57978621746316,5.4755987985910295,2.7337290299426034,0.0,nm
6.879880905151367,-45.552025609082825,29.987253468330547,129.11527481957418,-2.3183776219498267,-2.3272383389892473,-2.0219725436038605,1.4057203761830568,-1.3947915306903398,1.3438382169247214,3.8573677620246465,2.393197514491679,0.0,nm
6.897893905639648,-53.87197535337783,28.460516509627936,129.572737831416,-1.3582839449126738,-2.692391280512373,-2.013024015884787,1.160369446437861,-0.9169505481634191,0.906713372304709,3.625764991131597,1.7347578215762225,0.0,nm
6.914116621017456,-63.17149737733988,23.585730594670753,129.82885653041376,0.36281839159010815,-1.7901398528944183,-2.293419724664852,0.8198676106673107,-0.15550270654797443,0.2891455660296764,2.93189561745958,0.8831586205884493,0.0,nm
6.921474933624268,-63.70425220635911,21.523925854501968,128.57053991701324,0.19361536682416036,-1.6622017103454525,-2.261259430973761,0.38357013679318264,0.198248992503129,-0.20646171501574304,2.813129156351265,0.4785970670985024,0.0,nm
6.926316022872925,-61.99756517836526,20.373603852777617,126.31659971656477,-0.6372922084358472,-1.6918716828274791,-1.929309965818212,-0.009344149404558256,0.407013935797001,-0.5822722453610754,2.644013633529902,0.7104847815251839,0.0,nm
6.945485591888428,-58.4766478713025,20.154676555689683,123.68698224014092,-0.6593129364051751,-1.0507453328681218,-1.6482082832825415,-0.34076412356755936,0.5802925217517053,-0.7799264316648638,2.062849933401976,1.030118846309108,0.0,nm
6.9629902839660645,-36.69757796942832,21.83780750959017,118.82820337986014,-1.0386049254134546,-0.07370922822145184,-0.16302936791668418,-0.877021244308546,1.3823547116277743,-0.8045212800232017,1.0539031341738212,1.8240957490598426,0.0,nm
6.987417936325073,-17.498727805988516,20.67045385108777,117.37220386623525,-0.14392598749568208,-0.10314588308807816,1.2789879410781864,-0.6310154299419011,1.6572041355894944,-0.7981790767302522,1.2911870184051748,1.9446325767017387,0.0,nm
7.0109028816223145,1.566082540062311,17.806398423248645,113.8590870224129,1.625646565951578,0.18101954368721093,1.8754272835906431,-0.5209976245357004,1.8150039832207046,-1.0190875722044825,2.488518098914103,2.145744034991241,0.0,nm
7.013692617416382,11.128297908886456,17.063697398157906,111.58803627355876,2.5664808080093646,0.5393892288051653,1.7614833111512334,-0.5607126375018442,1.7518152027156924,-1.0268460399089163,3.1592068519639143,2.1065773083361363,0.0,nm
7.040265083312988,28.954428661417104,17.136991285341292,109.23229304996882,3.250877775410269,0.9797397449418843,0.5349770502172597,-0.5706178255973448,1.5501382688228917,-0.6411429457581127,3.4371931459745415,1.771890976401783,0.0,nm
7.042627334594727,35.69923248048296,16.899311668466407,109.9509402465569,3.52003257220795,1.110181843355722,0.043197269292159376,-0.38444572873376426,1.2384799454983872,-0.27610137481938796,3.6912056348564386,1.3258442830590926,0.0,nm
7.07168984413147,42.51465927255267,12.561386315421924,115.82404571052592,2.5947187375290137,0.4042510439735085,-0.7622951259363835,0.29692226324160226,0.12137533587345713,0.4072774149990395,2.7344246364572196,0.5184300293532481,0.0,nm
7.081438779830933,40.41351141246592,11.930775056759474,118.05641546486162,2.1982207900172153,0.15252242498826848,-0.5909110241390989,0.30163692125542296,-0.30224273851099526,0.49651637448143243,2.2813622181138467,0.6548770994432941,0.0,nm
7.1057257652282715,31.02202561567623,13.7702788333899,121.09167332339177,0.8931725556394581,0.2917091346074179,0.2659792430072901,0.33347018802246914,-1.0743993820745332,0.4401701908164693,0.9765226014136389,1.2080091867967258,0.0,nm
7.108478784561157,23.438998854738838,15.39710755085829,121.75912858731364,-0.41474697768142993,0.5119081270276694,1.177102787460985,0.4961685722500615,-1.414562209231022,0.46044260834498685,1.3489388267305815,1.5681762947617686,0.0,nm
7.144863128662109,-2.99728423931221,17.194049593854057,122.92503083159511,-3.5035368310128345,0.9205762296787341,3.4033300787663165,1.4556510078627447,-2.444450464448487,0.9773729529113437,4.970401044779838,3.008241316602923,0.0,nm
7.1535961627960205,-29.824723258098242,18.66138088849453,125.88567469930275,-6.554752116741484,-1.851249619884855,0.36084985228167554,1.3176554309836683,-2.199387549947053,1.1217713608268884,6.820712065682181,2.7985518425847085,0.0,nm
7.156195640563965,-43.728304679499495,18.939123084524322,127.1029690372549,-3.8253899116789243,-2.0679650436679857,-2.0399943394991444,1.5287522315084492,-2.1379627775975676,1.1314452223927787,4.803297232463985,2.8614920085525686,0.0,nm
7.173205137252808,-54.33679835212675,17.89531254666647,128.1358790723771,-1.7083381855653417,-1.7762141391300748,-2.6761081223418253,1.3998883053765996,-1.4545995449956632,0.8612961788499023,3.6379816803785814,2.194852662830287,0.0,nm
7.175368070602417,-61.5821004942143,15.722403149034339,128.54448543764482,-1.5611685726966578,-2.8970910531814327,-2.616893993335322,1.2048669059863215,-0.8060813845420834,0.49790332784978414,4.204582982312766,1.532768470294918,0.0,nm
7.193743944168091,-68.71659759199757,9.917466398934897,128.2051223389925,0.2668714466459159,-1.2987453658560089,-2.3256239225133797,0.6605930459023316,0.07535019057049312,-0.017767000372149077,2.677029421454658,0.6651138923641225,0.0,nm
7.209989786148071,-67.38430546875782,8.621707697685576,126.31171659451165,-1.0069366123558954,-1.7684951244663443,-2.0766503626017876,0.04909167312069929,0.37892275199237363,-0.4211188018992545,2.9075716801238336,0.5686242077684761,0.0,nm
7.215860605239868,-64.78177351674181,9.271743313624773,123.1901909852724,-0.8593346267978159,-1.1623221669680635,-1.6661567788789122,-0.39768036315510613,0.3609305794541666,-0.7094043440019433,2.205794014055535,0.889761247590119,0.0,nm
7.2206480503082275,-60.29314769118484,11.505696622451879,120.35706734766785,-0.7969596690999942,-0.5700500974025255,-1.461409956183897,-0.8420504284612192,0.5284894335855065,-0.7313751871839723,1.7594944977902092,1.2342040633183975,0.0,nm
7.2368855476379395,-53.91184539385461,14.477228239636647,118.61969012079247,-1.31365677214809,-0.28354645702183967,-1.1465282177102114,-1.1251634805355633,0.8046816692613259,-0.6207676199707413,1.7665275719065159,1.5161984978162442,0.0,nm
7.268509387969971,-26.82141377411073,18.787732612057862,117.52407992501625,-0.5735699734091675,-0.6337785558529607,0.8495076032802203,-0.8697802903667463,1.7785012098859923,-0.636038584323143,1.2051227905431718,2.0794541081313116,0.0,nm
7.270676612854004,-16.166312095582526,17.579908764091638,116.28447484674909,0.4849107867207087,-0.4246044406375965,1.6232705523805453,-0.6893201218889482,1.9305708257075642,-0.8577332304745406,1.7465493661254192,2.222154863679503,0.0,nm
7.287437915802002,-4.432289004840729,16.670692618066074,113.79146492926901,1.2469536450331822,-0.14687590008927723,2.4498409968458943,-0.7753367695174462,2.1235368924285396,-1.1660778104684122,2.7528506738861553,2.5436771610677353,0.0,nm
7.292885065078735,7.752846760801708,16.810391461519743,110.57526355752287,2.093071041473788,0.5062032969442337,2.8387795725724105,-0.899108018139652,2.1637673387687832,-1.3376792350977589,3.5631246994945007,2.69808637011814,0.0,nm
7.298726320266724,19.419192318114348,18.104477195821065,107.76544900380296,2.968163906628166,1.0721951314249891,1.5747680920671925,-0.968993531244163,2.028369168523601,-1.2721073465014479,3.5269666741060326,2.5829221917109915,0.0,nm
7.319859743118286,40.180882604891075,21.39976371348126,107.1849469884314,3.8395110852437173,1.1967520488856676,0.0976978191508057,-0.7712716111675897,1.6341068795435068,-0.5819469649964564,4.022885246199332,1.8983749529618887,0.0,nm
7.33180046081543,47.50715213008491,21.093859922936115,108.87252730638085,3.2478986287578095,0.466649072695495,-1.3859311857990093,-0.3632497078283822,1.3226730981397916,-0.22570933432523665,3.5619393750462227,1.3900932265073667,0.0,nm
7.348094701766968,54.960738156396296,17.32383969080576,113.50476226242272,3.0323123930571088,-0.12357438596209155,-0.9437614482853539,0.23303726048571852,0.51204408109561,0.32195073058930035,3.178187337024567,0.6481880735455725,0.0,nm
7.354247570037842,54.289572303374115,16.020443840929303,115.79544791820065,2.5732611822733547,-0.5850036624664703,-1.1416768772097303,0.2915377067487792,-0.0037493704359115136,0.4834358943321272,2.8752962437372274,0.5645516417155356,0.0,nm
7.363379955291748,51.89092205025056,16.235673191956508,118.05786139779975,2.536768096889532,-0.013671242344950976,-0.0339400228707586,0.17138729115155998,-0.42635110430459955,0.5726377258534415,2.537031967756074,0.7342089844047281,0.0,nm
7.3757123947143555,47.12777172924212,18.137342965903052,120.13482179160351,1.7037558730928002,0.11181702626447923,0.0015936845333833593,0.11226617256146415,-0.9767207755060578,0.683841937034636,1.707421934464716,1.197592151633451,0.0,nm
7.406035423278809,32.837814456483414,22.92186537212782,122.5164444168653,-0.4493093086260763,1.0730715452576263,0.8773844173058034,0.4208634019875954,-1.46873089692313,0.7338571261951479,1.457108373385685,1.6949462328866352,0.0,nm
7.409655332565308,7.7784522524983695,24.429177065092656,125.23850462552522,-3.370695273499181,1.73644418819704,2.9019143407959547,1.3772039607116542,-2.0980686119620775,1.448156653316033,4.774717990293272,2.8975403953083796,0.0,nm
7.424762964248657,-4.954430780416771,24.733884503772604,127.84911466392903,-5.894500889407375,0.6512209948771385,3.0439921054041994,1.3389398558867203,-1.8891438768071893,1.5749373105562836,6.665967105916155,2.800366414800447,0.0,nm
7.430694341659546,-18.464672501839242,25.90214706406243,130.297975248128,-6.74961561569569,-1.7075392105151952,1.0816679758021888,1.3671628848968032,-2.034083339156027,1.6412933398463239,7.0457793553989445,2.9496564565886962,0.0,nm
7.4586992263793945,-32.89937818923264,26.730221343918064,131.59416394770648,-4.181105416796832,-2.714008994723786,-1.3885926938679332,1.5783420240437345,-2.052295805437051,1.5385073735728922,5.1745219102128495,3.011658439533797,0.0,nm
7.460745573043823,-54.633828689904306,23.26085211217817,131.13295965283154,-1.740399614931654,-3.4410508133709565,-2.2551545972012885,1.547884787896301,-0.9538781359857853,0.6563773680796097,4.467162833066786,1.9330447651928828,0.0,nm
7.47637677192688,-62.21963369643832,19.428645933116666,129.94523114648408,-0.011815035201135513,-2.3045427318982354,-2.440541072936031,1.503468794372369,-0.5636978173437739,0.3201092142052214,3.356679538902923,1.6372670991468448,0.0,nm
7.4784018993377686,-66.04679321893511,15.667953208559558,128.57593525663833,-0.01789162526810149,-1.7136139733849973,-2.158126871462784,1.0467656464822734,-0.07631372924055647,-0.03710649438563699,2.7557765789999733,1.0501995028810687,0.0,nm
7.527881622314453,-63.79477597798236,15.775493520476328,119.4252746482037,-0.547867346444207,-0.6413007517063848,-1.8156702387882167,-0.6350872176688439,0.22222936493236636,-0.8591856356315908,2.0020199048611507,1.0912935540725315,0.0,nm
7.530070066452026,-52.79687504527253,21.563280608861778,115.50967464972936,-0.3233348886820525,-0.21326168562595701,-1.3926270237032483,-0.9990446102416093,0.8329006927540202,-0.7030565215298733,1.4454881611219192,1.478547317372231,0.0,nm
7.546140193939209,-44.111815665949905,22.72656280168346,114.91461386394012,-0.39072297947455625,-0.6122963417778031,-0.932819784057392,-0.8880230580053595,1.3723209898716735,-0.7444601836031651,1.1822537825580572,1.796126614624375,0.0,nm
7.5664074420928955,-23.876237031374533,19.801122183322338,112.5632449174948,-0.12536685305583575,-0.1705658114949544,1.4213178747066373,-0.38085335563480816,1.924797924598554,-1.0456123854650947,1.436994796391639,2.2233311920798484,0.0,nm
7.569178104400635,-12.165037932546777,18.264935765956118,109.4835300547293,0.5569437222733318,0.19310501545767028,2.561840749905166,-0.49662730879152195,2.191507046652283,-1.3469960143617523,2.628783727249019,2.6198740584368876,0.0,nm
7.585731744766235,12.855771585113628,18.530510338726838,103.31982106065486,2.857279170261095,1.1951030808907417,1.7644115774896558,-0.7154826388324914,2.246433925858299,-1.2765113986155454,3.564472449822275,2.6810188623941555,0.0,nm
7.6152074337005615,36.76577155554327,20.566725462310945,104.08475703203949,3.9019339604232552,1.0116457108091168,1.0746750423434661,-0.6219422070309776,2.042136490515148,-0.5116092716613038,4.171743295354919,2.195194205902953,0.0,nm
7.617326498031616,45.21800723962031,19.829330333810546,106.36356270232648,3.498286057598178,0.24858657734012665,-0.735068378004784,-0.27112030422052347,1.5756326476071623,-0.13520112759876504,3.5833121755663524,1.6044948751772823,0.0,nm
7.637331247329712,54.713428927824175,17.011084802050764,111.72473562029188,3.1447090150592327,-0.2942227517121346,-0.6100145595876773,0.021296278520373527,0.6485520737143977,0.3323025460389025,3.2168120212298414,0.7290393034000292,0.0,nm
7.639498233795166,54.77616430086197,17.095731241929606,114.23503859302245,2.5278395955404886,-0.6495819312625661,-1.0734112210229292,-0.01963288369342636,0.008508414570362756,0.4643081177807452,2.822081032788223,0.4648008944459113,0.0,nm
7.66050124168396,48.45783670136006,22.226446245485757,117.77938245820108,1.6746364931438233,0.2237205239019788,-0.2380002113418727,-0.21410824622636315,-1.027210832980679,0.5927038941955901,1.7061952870591321,1.2051150744595334,0.0,nm
7.684439182281494,33.77680103440107,28.57960279042757,118.55694657868082,-0.5764451878860605,1.0912880815869686,0.4122171525880864,0.22504029948417356,-1.5525764844961425,0.7752389291944248,1.3012001047258608,1.7498949322576045,0.0,nm
7.686585903167725,21.24940926436298,29.977707731034332,119.0479863412067,-2.7007774053184495,2.366939452506393,3.0367710886237727,0.8167605750610472,-2.0464246795271777,1.313786514768776,4.703039401239494,2.5653434102163106,0.0,nm
7.710070371627808,-7.512925427000429,30.506185420922204,123.76472691928844,-6.332104697098013,0.9990645514322074,2.6567420364366443,1.1631503139647263,-1.943904046940586,1.928029792891531,6.939161197227564,2.9747235970532775,0.0,nm
7.716580867767334,-21.718635961467914,32.0423549922279,126.43993173018124,-7.975432997679489,-2.2405956898293424,1.2459277767587071,1.154701149338318,-2.15513922236409,2.0121247382161633,8.377358567630703,3.166481608062297,0.0,nm
7.742871284484863,-51.427601520627555,32.13320764992076,127.5156200847905,-2.261702782422456,-3.43543834591481,-1.8728765105079215,1.518183991040172,-1.6469860501271725,1.4176072159310396,4.519425021859716,2.6508594641406256,0.0,nm
7.766460180282593,-70.39996105528215,24.396559482670227,124.61355960762855,0.6406659737307793,-2.4877115300377994,-2.4228423785154805,1.6703420927264898,-0.7119619329500091,0.4661057227502293,3.5311933871865424,1.8746165062445002,0.0,nm
7.768649339675903,-74.83537896499628,19.64426566966002,123.0726038023759,0.06883512346222048,-1.6010441496799401,-1.9798289160246774,1.2497890541269316,-0.14069091903918615,0.018838322857607538,2.547116640472884,1.2578241120775466,0.0,nm
7.778047323226929,-75.85010298387066,16.57206285323563,120.31083113817508,-1.1620684953067686,-1.5811013219677617,-2.3673795348070468,0.6263649682394994,0.1718568069651444,-0.5034743969997197,3.074861044004423,0.8217994305012358,0.0,nm
7.780507802963257,-76.2129994374797,15.904335418999418,116.32961008692791,-0.35260613050421563,-0.26963395854389227,-2.0493328972140445,0.15301039569026245,0.014376594170120405,-0.80506575191054,2.096854520102173,0.8196033995466991,0.0,nm
7.807272672653198,-68.35877191613649,21.06830225014409,110.19649686299387,-0.7006425979225867,-0.12292692777919519,-2.075598867310495,-1.005978444579815,0.740848708326748,-0.857473425661871,2.194110694011939,1.5152920891052455,0.0,nm
7.833199977874756,-39.22014534376667,26.326481485126482,111.58161793763938,-0.6747737452054317,-1.3440290499991037,0.06195139059227406,-0.7284959698019473,2.0793286390474623,-0.8011625378879761,1.5051816067360027,2.3443923262320565,0.0,nm
7.849443197250366,-27.10898678864123,24.65770362034569,111.12169120101889,-0.6096911216844253,-0.6734334028038543,1.869252774239062,-0.4742518136409526,2.172493824620713,-1.0980904037251056,2.078302611717846,2.4800094224639615,0.0,nm
7.874219179153442,11.85592634852772,23.1638423880975,102.63195943995055,2.7453430049970966,1.9209905345146647,2.4148829469021114,-0.7318125223564826,2.342452383084549,-1.5391903668980338,4.130226688212168,2.8968499651255577,0.0,nm
7.890026330947876,25.136755008549958,25.091956753375094,102.71201810487474,3.6350395999909817,1.5027027295844744,1.6531661667929598,-0.9003484963840512,2.2887048730831827,-1.08305156872249,4.26668334447638,2.6873403415883104,0.0,nm
7.8920392990112305,37.34903385217249,25.925225693430466,105.20757287933516,4.1325778635145065,1.121491453437272,1.0407635810296962,-0.6885702556418444,2.104969437544772,-0.5683078466790352,4.406714389399513,2.2864818255453487,0.0,nm
7.897474765777588,47.07746501674278,24.840846402223743,108.80976520326199,3.7561456721141915,0.5423734177522584,-0.37991758197683034,-0.30455030033594166,1.7491402365491404,-0.1292390674838914,3.814070870280409,1.7801531364222576,0.0,nm
7.919667482376099,58.64904652653504,21.67281439862058,116.67994722552235,3.0108290491011185,-0.2943471938881077,-0.45166726691778314,-0.08788413775915403,0.8000879393862613,0.41876733604219385,3.0587146243914174,0.9073204583590627,0.0,nm
7.922435998916626,59.33342551186045,22.175150091963705,119.5674037521019,2.252104395349666,-0.40486760362526003,-0.9473978305951324,-0.14868970668627776,0.06701122889471312,0.48467992358891976,2.4765812390137554,0.5113841628390462,0.0,nm
7.953631401062012,52.8249891521375,29.766426887574458,122.1989657838124,1.1882634430654941,0.6312401326062865,-0.2696748655293221,-0.3562305949143204,-1.2126486888798966,0.5667742068535052,1.3722822771707441,1.385153450325834,0.0,nm
7.956497430801392,45.01472374303651,34.62430888171826,120.93715351999838,0.2543005695841816,0.39062935329536114,-0.5644541425682138,-0.1305512995610182,-1.6346286748137933,0.5676147210972895,0.7320304299748807,1.7352927758585646,0.0,nm
7.96666955947876,34.39416614761824,37.98368835329113,118.28375319507016,-0.8736074941071329,1.198553644928332,0.06319764326197064,0.2696869640075094,-1.8188476043970938,0.7166618647634295,1.4844914400713134,1.9734593725189356,0.0,nm
7.987837791442871,7.577691213139094,38.997466873113936,117.11158825078132,-2.7196501619778024,1.6529422493072474,1.308271334003839,1.0028103390767018,-1.7888110785316995,1.768501094755914,3.440972096147682,2.70796413805459,0.0,nm
7.989983797073364,-4.353747874522675,38.3886914334765,120.24727635218966,-6.44424787323928,1.3853462349796293,3.1466170275369194,1.0097537318817076,-1.5717661565067211,2.1331292236479853,7.304020369666729,2.8355408187098985,0.0,nm
8.016645431518555,-31.52406098096522,40.62538375952422,126.85416917101989,-4.654368425092729,-2.9512153941755677,-0.5319321690495006,0.9668821464342989,-1.8619598292492987,2.3185562742644246,5.53676526247851,3.126892816801114,0.0,nm
8.03275203704834,-43.938981985479145,41.413254210967516,127.61504584285821,-3.588874377607504,-4.174672563554178,-1.0027064823556533,1.012578789413678,-1.5766008154246205,1.8089262497926077,5.595831537930508,2.6044577387926253,0.0,nm
8.034980058670044,-55.7362440076227,40.51792410108315,126.65333852357281,-1.407082431078159,-3.740018036857219,-1.6696841075803823,1.2209957629950001,-1.3007618511777164,1.3714243186031767,4.33075754377599,2.250248143735977,0.0,nm
8.041006088256836,-64.72148528192858,38.25255112184848,125.24480064305405,-0.35262250831177794,-2.536977562059986,-1.744188583749129,1.18425590257956,-0.8456051336287286,0.8617103535253501,3.0988371366441174,1.6911696597877377,0.0,nm
8.070735454559326,-71.881324348989,35.47051702984213,122.58836064664006,-0.07096705504461823,-0.5809986347658979,-2.3771686914696324,0.29713309889925127,-0.22225376838694916,-0.013996378705375125,2.4481680343074874,0.37132292501343916,0.0,nm
8.072842836380005,-71.02762992582625,37.50958674760196,120.6114833544929,0.34471386540612503,0.1021930194946338,-2.420024584261221,-0.4186734844980217,-0.08282246418006309,-0.4942997761790926,2.446587429597675,0.6530538384584185,0.0,nm
8.0811128616333,-66.50436723432784,42.037226752123196,118.55122532768378,-0.8668619799853476,-1.447383706563109,-2.132803050346446,-1.130173903672087,0.17053760179082403,-1.0258285680397923,2.7194150359839497,1.5358061001221932,0.0,nm
8.108080387115479,-50.465097260463864,51.133199386657495,119.77458033238695,0.5121404319104708,-1.968169787534486,-0.4213976393621992,-1.2599644952125204,0.7216262727366146,-1.070654186363474,2.076910230371313,1.8040386341421606,0.0,nm
8.110248565673828,-38.857554046964566,52.57700704979259,121.39370951776414,-0.5585810566304421,-2.380103171571178,0.6488046320584195,-0.971874754285379,1.101371652869225,-1.5084532046185957,2.5293974291775543,2.105466961575333,0.0,nm
8.117132186889648,-29.46054307618057,52.0376186960456,119.32777624499613,-0.7702144098238679,-2.0135843067388697,1.269477593317647,-0.4816043957778143,1.0587701699757834,-1.9218700712737027,2.501864376296395,2.246446446662072,0.0,nm
8.13913369178772,-18.677614634878136,49.49363608951114,103.3673888642387,-0.7070020008719291,1.0905676643755966,1.0841484811325783,0.021950470770133602,0.6321005929996926,-2.6661877457102015,1.6925033497634892,2.7401806652505303,0.0,nm
8.145405530929565,-14.488179193597913,49.955804109693304,93.41729155476831,0.32034453988293143,2.717913481780428,0.9443441188348038,-0.16139529814692508,0.5285185041993438,-2.7293442639582532,2.8950751516073803,2.784726263521581,0.0,nm
8.171975374221802,-1.0292907256395145,54.01511413097717,81.72933759747336,2.8321862307680616,2.5947580048545764,-0.3410429433994951,-0.3256017969883527,1.040710820869083,-2.154724273996091,3.8562103467979663,2.4149393863664623,0.0,nm
8.17603611946106,10.288055896358314,55.410743867307616,82.49196740056223,2.826738592953658,1.881374926563325,-0.6408350100068878,-0.08963293049518632,1.332390529150906,-1.7632720032588156,3.455530667964808,2.2118830759957775,0.0,nm
8.223616123199463,34.94841164444447,51.85632962921645,83.54697061656331,2.3886650616186227,0.12280492869408521,0.47873351488704663,0.3242206650500171,0.4706316596023089,-1.2592128566059277,2.4392596428804305,1.3828341248707885,0.0,nm
8.225720882415771,33.9342403263232,52.56182080429925,76.99069729618434,1.8768439741473506,-0.4764449008645275,0.40402336752110507,-0.1542627149752881,-0.10387092416673949,-1.2167224287345069,1.9780742979868386,1.2308532092432456,0.0,nm
8.228039503097534,27.796520400200308,55.22412644640156,66.16013174934271,1.3246744590332378,-0.7188196358095383,0.22370526402369897,-0.7271712523232853,-0.5267686891654824,-1.2499215171525864,1.523649610767604,1.5390149710550443,0.0,nm
8.230113744735718,16.095738509866404,57.96728555660919,50.53447686354044,1.2810597787336366,-0.5066582529498466,-0.07738161686075087,-1.1334194471336685,-0.8212033996454137,-1.2536509957038044,1.379784279008588,1.8790038546418992,0.0,nm
8.273290395736694,-13.200623042118997,57.75052964315046,16.59061175486601,0.6817066633714888,-1.0007445632830347,-0.4179000121810599,-1.2343728873561854,-0.8387846734461567,-0.7376059796815186,1.280958264740335,1.6647218190166653,0.0,nm
8.276557683944702,-30.242725396990323,50.17840257097081,3.556937172331572,-1.70589738801792,-1.5309923980493665,0.29774393156292533,-0.7280853443718506,-0.9769047977681801,0.35834308264369885,2.311422737214865,1.2699846524545695,0.0,nm
8.278746604919434,-34.56144929246956,46.08592244719042,2.581837894068206,-1.670365200579815,-0.44884638000522553,1.310750606103822,-0.5253044861842028,-0.8611855776392506,0.44501248313438024,2.1701728335672663,1.1025522719964465,0.0,nm
8.302366495132446,-45.94675221145817,42.05361127628669,-6.139314499353819,-2.65425693348061,0.5115113894816157,0.5691739646865839,-0.9617150570037882,-0.3223772073566279,-0.28540823587171127,2.7623690507563157,1.053698617154953,0.0,nm
8.307830095291138,-52.70753868015932,39.07965416622368,-13.395531645681178,-1.9921431999107284,-0.23920882508769326,-0.5332359724153088,-1.107342121944752,-0.42441441596409324,-0.5717900834067801,2.0761011519740773,1.3165401896613642,0.0,nm
8.316822290420532,-57.34788759394842,34.69676291251112,-20.008935595848172,-1.1965912177139126,0.060171235959855726,-0.9399210205183165,-0.9580686469210322,-0.6398177689956253,-0.7645194278103125,1.5227943540607165,1.382661298089682,0.0,nm
8.322721242904663,-60.127584044166625,29.591163664690704,-24.269359761896858,-0.7165413716322349,-0.5249225826392031,-1.2464407949501906,-0.8143694876962673,-0.7852120439829361,-0.6259436612752742,1.530552158647747,1.2928886586234858,0.0,nm
8.332905530929565,-60.99045843740907,25.239701201097212,-26.495878542729592,-0.4572158630408205,-1.2232923735503014,-0.8606004859134956,-0.505583456786662,-0.7364040029707869,-0.4291493485914985,1.5640088787973798,0.9909967965459104,0.0,nm
8.357818603515625,-58.03014913440169,23.4518250248101,-28.01196708033938,-0.5549767929980778,-0.4374149419822365,-0.026613956924493455,0.33428168075997655,-0.11358915072669068,-0.25159341487760206,0.7071346229247535,0.43352737360436533,0.0,nm
8.374826192855835,-50.74848661078844,27.316443430213372,-25.233046893406424,-0.6830689056817605,0.5911232249368155,0.9650461340468384,0.8476599104068337,0.032560428484275,0.0022874253289145922,1.3218637743004107,0.8482881217656159,0.0,nm
8.40009880065918,-43.76662235140517,30.93784705625906,-24.023691102305786,-0.23617330154886348,0.6377661031777073,2.0428240891940974,0.630801124030893,0.07708195863877995,-0.35446282513289284,2.1530568246376274,0.7276644699498667,0.0,nm
8.402199983596802,-42.339523742857324,32.3311089205681,-25.79895147852557,0.6863199503309751,0.4464632683641605,2.2986559005541705,0.34068563944137487,0.1367011273231755,-0.5243955025199163,2.440119561286542,0.6401129167546309,0.0,nm
8.408879518508911,-43.303041678982055,33.99906793653269,-29.085516429652554,1.18122955610627,-0.24398572187950948,1.997988006909735,0.012216295979807983,0.35674608685798115,-0.5724701593326191,2.333835549573966,0.6746399719126216,0.0,nm
8.436049461364746,-50.802209374662404,38.89809566863855,-36.87435500387308,1.6248350160677425,-1.1513284702759892,0.9372360728290664,-0.2738536076843632,0.831778117348541,-0.20565189346210622,2.2009219732012224,0.8995239497790893,0.0,nm
8.464694023132324,-70.53680711059575,49.78879334778848,-49.34550843581092,0.43623461635996835,-0.7670594836456041,-0.2847405831517695,-0.19557434421564832,1.2341516240415074,0.17804265503300204,0.9272314121377679,1.2621722316113881,0.0,nm
8.467214345932007,-79.76319175829437,51.80650212334702,-55.89875455893025,0.84507416421106,-0.2602423341086606,-0.2686861486988437,-0.3845962157730214,1.1581180004332277,0.14997944980244143,0.9241583533042173,1.229489889131842,0.0,nm
8.476627826690674,-89.93082537831368,51.58360185365723,-63.53538036563292,0.7451636481675015,-0.2517730399793682,-0.6006074293800402,-0.6705724151721626,1.0526363686851787,0.10140780565957341,0.9896402429354075,1.2521957641348402,0.0,nm
8.502009153366089,-107.60865399435751,45.96645904537942,-75.20233574099812,0.46219401084704215,-0.942992535586589,-1.1973838873771347,-0.9409996344236583,0.826135576081384,0.2813243107203623,1.5926664432910234,1.2834031595157718,0.0,nm
8.505752801895142,-114.31328374493341,43.23861675095769,-78.10948226061635,0.28598929603525314,-1.3582304684478868,-1.305192482880919,-0.7472654869565044,0.7910294558789465,0.39744848762283674,1.9052840471267698,1.1584897964065821,0.0,nm
8.523258686065674,-125.7625853087464,43.291885733444296,-83.05630286008832,-0.12777807459806995,-1.4677024654568447,-1.4106087968827663,0.10897843817398326,0.8137929070290966,0.25504489435768307,2.0396801075901916,0.8597575784229123,0.0,nm
8.541712760925293,-131.94835516813382,46.00194443798804,-87.1927678813361,-0.6994366220213106,-1.2668385753952451,-1.4349732982377474,0.4718437901330302,0.9091373912144753,0.08503975236053656,2.037949933386332,1.0278127834741628,0.0,nm
8.561887264251709,-142.64876698445195,53.68430446377921,-97.22657960446563,-1.3322005468792646,-0.07966606865234814,-1.447746577281075,0.8600907744653531,0.46588753415786016,-0.28050038415153994,1.9690289819169753,1.017589210002378,0.0,nm
8.564443588256836,-144.6612986100982,57.751120625501315,-99.56942968848891,-1.4108459872598098,0.2701620906624041,-1.2893469410237086,0.8436122644888612,0.09131760279239738,-0.13678989988812815,1.930256327363126,0.8594952205144474,0.0,nm
8.581413269042969,-141.37674254888145,61.46808991226261,-97.12540135942818,-1.5149693536652953,0.0762209155148338,-1.110114820880172,0.6927790899144306,-0.4506594666552788,-0.07944814759475653,1.8797065425339081,0.8302703357731898,0.0,nm
8.62226414680481,-95.64651151971728,62.46870674441603,-61.943610531910586,-0.08907378025045445,0.7895619870292381,-1.9929519889926526,0.19022525155470987,-1.6222443133680198,-0.6572882086201559,2.14550690982794,1.7606504615553378,0.0,nm
8.639250040054321,-68.4803624669973,55.46448146888852,-49.02295125800199,1.363335451501583,1.1071030236134973,-0.9277350948645106,0.2744545875669705,-1.4736330544791532,-1.2107494386525484,1.986215764829802,1.9268715325852876,0.0,nm
8.6737220287323,-57.994244172848546,52.45444259974956,-47.13416488684131,1.355131614783094,0.874901892325207,-0.2338194578786576,0.37690915584949947,-1.3351686795771103,-1.322300786412004,1.6298793064093835,1.9165634047515023,0.0,nm
8.67752718925476,-26.234848955916313,40.512979590271456,-46.263194664146454,0.5551107082504865,-0.4413640486519859,1.4434670738489959,0.25494008813606267,-1.163249851581042,-1.0773920052762245,1.6082746392152714,1.6059010551012363,0.0,nm
8.679699659347534,-21.08325176632992,37.71103127385488,-47.836176912916876,-0.23359120041432468,-0.9709241936268127,1.493170037341658,0.12960517324065277,-0.9808756211800698,-0.9708535989514637,1.796333877400237,1.3861714164392285,0.0,nm
8.695832967758179,-16.69476395455328,35.16570584637466,-49.61093109416394,-0.6238730403356402,-1.4896441247565209,1.7054898918356556,0.07759761462635312,-0.8798032931324473,-0.8829188388586448,2.348819482215024,1.2488478291665068,0.0,nm
8.715149879455566,-10.878340600901558,31.526054235683542,-51.894546821384694,-1.1710236606497297,-1.4627367079053009,2.226177378339801,-0.03724184244343357,-0.47906989487611135,-0.47398452368119387,2.9097698895766655,0.6749490704449322,0.0,nm
8.717587232589722,-10.514285155905519,30.49596562273296,-52.54454132222742,-1.4332114297193672,-1.5162344217682868,2.0814008050665525,-0.13091684194080078,-0.1873905016824571,-0.23046649804274447,2.9470817999107077,0.32460626356347766,0.0,nm
8.75116491317749,-19.02573467572771,29.91355381374914,-55.64243183900285,-0.47347012236480945,-1.6683365229390763,1.368409449648892,-0.49125826794400484,0.6375208357810018,0.16492481566286188,2.2090869454217907,0.8215641768600185,0.0,nm
8.768544673919678,-25.17896153512143,29.97623619982548,-57.489843791575446,-0.004170552908702964,-2.043909741975095,0.6503299060198563,-0.584388978384641,0.886022197404085,0.2506523346822858,2.1448807457562897,1.0905835159362571,0.0,nm
8.770718097686768,-40.09915035353357,29.807434761972402,-60.184696377400435,0.8685117455519312,-2.2566230240427156,-0.20648635995982817,-0.7313614063496645,1.1150996586211868,0.625746831114487,2.4267873292999558,1.4730566357084405,0.0,nm
8.779499053955078,-48.28257285035591,29.209214954310525,-59.84836134362336,1.8871336220093993,-1.90157850687865,-0.2194455780240158,-0.8192837062007132,1.1640682149259187,0.9243259247961113,2.6880160875365764,1.6972504280444232,0.0,nm
8.803750038146973,-68.2504370981976,28.033982336747318,-57.73435316738876,2.470659826551019,1.4732631425126295,-0.3011885974376726,-1.1046457292795464,1.521350048852762,1.3313132515637427,2.892296464203795,2.3037237534368282,0.0,nm
8.832757472991943,-91.83789120467934,23.897161439674758,-55.289831556166035,0.11239026973665862,3.6269678517505843,-0.9311161369680886,-1.6095437759797138,1.473050551231963,1.3500660718716224,3.746265424510936,2.5657722992695002,0.0,nm
8.834917068481445,-103.10829345715884,20.683794162226317,-54.72244542876989,-0.6704316809104209,2.990546396724651,-1.2223212443535267,-1.7137603272725683,1.3386233931745748,1.06269473065307,3.299532635712082,2.4203733469540176,0.0,marker_3
8.912743330001831,-130.73214451101356,12.11803683598733,-56.46976178551371,0.12089285836223487,-0.4899349059824591,-1.8743179667424674,-1.295682269936513,1.0791254265689478,0.1735356779450276,1.9410613426052898,1.6951161796217062,0.0,nm
8.915764093399048,-137.77334174102364,10.407186225571062,-57.11342966139626,0.08186791864432894,-1.0196125831364564,-1.8087169100383358,-1.0340900277711809,0.9639922962010196,0.15630532861227756,2.077924213356199,1.422341270027453,0.0,nm
8.932868957519531,-155.65940104373797,2.738431041208874,-42.29505943771834,-0.8001800248578717,-0.05855373858835439,0.8755874304916418,-0.3890400091339614,-0.11335823507148156,0.860195672856283,1.187589980135894,0.9508621423561606,0.0,nm
8.936548233032227,-156.21686457906696,1.1963199162513707,-39.8061795567245,-0.4372160369256808,0.15515465485912833,1.077133608074377,-0.2757384918551816,-0.158356875998628,0.49896057943213223,1.172794798552918,0.5916673692995618,0.0,nm
8.939528703689575,-156.71914096499358,0.09424192141029707,-40.17471607713696,-0.04449147162517997,0.05288377067931216,1.054939935024571,-0.20761029562259992,-0.10315063602397744,-0.09530475072708654,1.057201234750642,0.25064932489796676,0.0,nm
8.944629907608032,-157.01859105186648,-0.8258633883037227,-43.95665071034828,0.02851308257419016,-0.543576991347588,1.1109469385793986,-0.15656604109692268,-0.09594322362943176,-0.8036200101247647,1.2371305677814757,0.8243319404573,0.0,nm
8.967945098876953,-154.7564085901165,-1.7744094806943893,-58.502197541620355,-0.8347747107384185,-1.6802050424555652,0.9612249389604379,0.1929809907849134,-0.3075854278709443,-1.6650224714585538,2.108053885853257,1.7041567676434082,0.0,nm
8.9922034740448,-147.3231496819092,1.391938501439418,-71.82596291004825,-0.7497432735557734,-2.229188087770083,-0.6630602819849459,0.7099166101479091,-0.6315454766575979,-1.2620433709800465,2.443571861935745,1.5797419892771256,0.0,nm
8.99504828453064,-142.6751011929826,4.20343976897168,-75.92116899429753,-0.6169296332519992,-2.287268970857148,-1.0349091133655965,0.80960660038559,-0.7402586165841413,-0.9360566544551969,2.585196006177777,1.442098376382428,0.0,nm
9.011734008789062,-137.4855377201248,7.935184024227968,-78.44481825012072,-0.3366938136695708,-1.932947261017021,-1.6785664090305077,0.9669503358880398,-0.8466379930598652,-0.6735054101327728,2.5820985704581725,1.4509990974651032,0.0,nm
9.01430630683899,-131.58008066215507,12.831686937778409,-80.11009617893424,-0.015307960253474369,-2.0418456439414014,-2.042463976041697,1.1847193934332574,-0.9696106421350631,-0.5359533186123615,2.8880836311917384,1.6220205911917513,0.0,nm
9.020310163497925,-124.8395955829593,18.593758755347405,-81.4327508723768,-0.12532565045320512,-1.7480856039102266,-2.431317557053963,1.350375031142639,-1.1082523974600147,-0.6204157779219451,2.9971344415121837,1.8538208755712744,0.0,nm
9.056871175765991,-108.83293294248499,32.81370383395031,-80.61114745354482,-0.11975708507969748,-0.8302355433644923,-2.5586755517558846,1.7091002471040528,-1.3083069231477755,-0.5728028345895005,2.6926665957830354,2.2272839394925157,0.0,nm
9.059169292449951,-97.62106178315912,39.712529914820536,-76.56028556739388,1.044171374000665,0.4294418194317764,-2.5060174094127463,1.7072991801536817,-1.515395540199265,-0.5152041592364113,2.748606445244405,2.340241325056831,0.0,nm
9.061656475067139,-84.14085866173986,44.41354338569139,-69.26954653378115,1.471779900331973,1.0620707604583364,-1.5110583973439247,1.4839619735827012,-1.650555362319838,-0.3833008788013171,2.3616578616356203,2.252419966793959,0.0,nm
9.077431440353394,-68.62730523696078,45.63700479920502,-60.116426789081615,1.7058310140290494,1.2780783501836193,-0.6836338122373554,1.1569168879979637,-1.890366067038747,-0.40127940891111924,2.238459047395247,2.2523245141769626,0.0,nm
9.079633951187134,-53.92680334567931,43.55222360111491,-52.66743317689541,2.3290802229893335,1.1051200245595438,0.4279606819720432,0.8100781457516302,-1.9875066572796154,-0.5802964547856516,2.613246122950631,2.2233203301350857,0.0,nm
9.091647386550903,-41.571652082102624,39.835456710443154,-48.59284178379931,1.3949405115091509,0.15801932811681518,1.111959123024256,0.59462381099318,-1.9117775266371262,-0.8342129048517077,1.790888670460778,2.168958726803243,0.0,nm
9.172016143798828,-9.078590804931396,27.09868030730303,-30.481995921913672,-0.6977444145434053,-0.11188046028585591,1.6292433188017619,-0.6285267599472817,0.5017218535356879,0.6867975137908927,1.7758936615913898,1.0575734164749346,0.0,nm
9.21138858795166,-15.481750204194752,27.49882631313997,-30.41182895029042,-0.22695985159697382,0.00609668394921644,1.0591183830341069,-0.9426441958891858,0.6339471472188697,0.6183768539283386,1.0831803603615042,1.2933897320548138,0.0,nm
9.257062435150146,-66.21521272842018,23.926713183572797,-32.06527488900052,-0.9487352059204032,1.0655243644205536,-0.30368812586871896,-1.172862980401784,0.8581909882877995,0.7542839707126842,1.4586525082830075,1.6373892792031586,0.0,nm
9.259374141693115,-72.74705896372993,25.345451553511637,-31.865006683829755,-1.1895891850740412,0.8517873935590573,-0.7727020986132578,-0.8520101490863974,0.8593121669977443,0.6340953055875107,1.654609538916232,1.3661682001366826,0.0,nm
9.262608528137207,-85.71109904311722,28.506079091969628,-35.930829663915304,-0.253987247574444,0.6714672853027557,-1.5299022879685567,-0.833157863726421,0.9083188120782383,0.034242018653486944,1.6899641558014533,1.2330318755433134,0.0,nm
9.311902523040771,-98.06266417654702,28.83419945627249,-43.93756290425429,0.9144197897483657,-0.02386438000885336,-2.278086810936029,-0.7731428131636312,0.6326953729199539,-0.20752835151169316,2.454875267437704,1.0203534981280036,0.0,nm
9.315259456634521,-103.61250016646152,28.20838549258214,-47.877758653986355,1.5029938240047112,-0.3834044830061418,-2.3745735364887275,-0.7622980218264535,0.6034169648884822,-0.2508953146905026,2.8362984526981805,1.0040710963519457,0.0,nm
9.318037033081055,-112.25161341336818,27.177551910333527,-55.82239475828739,0.6587673818223839,-0.3822596988233793,-2.0045596086196067,-0.46484988863409676,0.5101592412960492,-0.368907613634374,2.1443778037479424,0.7825859044477489,0.0,nm
9.319995880126953,-116.14449837228517,26.85361872959453,-59.35386540777583,0.45244040650160594,-0.22105428173293473,-1.6714454333112447,-0.4199846765667635,0.5410834196515922,-0.345320189837405,1.7456509254271935,0.7670752434292815,0.0,nm
9.336721181869507,-119.63555533558699,26.033576127196973,-63.40667732349429,-0.1739485795479167,-0.20498491660440196,-1.1942443368086602,-0.437087419836907,0.4603789538149595,-0.49237362894555686,1.2241309000109457,0.8033840826008803,0.0,nm
9.33890438079834,-122.32952205653501,24.635904980315964,-67.40783938005289,-0.6060513062076822,-0.31267229349161596,-0.8030603412089262,-0.4511004778618964,0.3161790602414921,-0.5765669087027101,1.0535502173584048,0.7974272628104858,0.0,nm
9.39322304725647,-123.43492273091417,19.69780603450071,-77.31716351937338,0.10463082350184746,-2.827127877006628,-0.7838712839500089,-0.2411023754081595,-0.225025696922388,-0.7335181648006576,2.935652198741553,0.8042486044721422,0.0,nm
9.396044969558716,-117.25996965435122,21.995678950334664,-82.11157085841627,0.1949411894077359,-3.922712447335283,-1.5019197787118916,0.561984765071567,-0.5953210284262016,-0.6567856605979462,4.204930205543588,1.0495720113579894,0.0,nm
9.398500919342041,-113.35338414318416,26.46565403284222,-82.77552191951351,-0.040235187890215116,-3.0922260172116776,-1.3533275461582022,0.9832441936254657,-0.600379711421133,-0.4735866026735297,3.3756445397962054,1.2455959266215393,0.0,nm
9.417005777359009,-108.67061384533514,32.02608951373326,-81.74939250654276,-0.01603755140060731,-1.4339159641382153,-1.1541545954720316,1.21434361945112,-0.6727964891921555,-0.2643293240611692,1.840772942411574,1.413207533778946,0.0,nm
9.419214963912964,-102.60514365716426,37.21460315717607,-78.66014836037664,-0.0709106506647042,-0.5417341884984475,-0.5242606341777147,1.1934781458176298,-0.821110171519472,-0.07687895986215763,0.7572010723144696,1.4506972023087765,0.0,nm
9.479586362838745,-87.17774982127987,43.23458974601382,-68.20491358907825,-0.14022073536586133,0.45603937555286717,0.38822340515374704,0.7805941829283114,-0.9612494066432204,0.0806352883011969,0.6151025759906735,1.2408987669882174,0.0,nm
9.504641771316528,-27.89065455218411,40.54480973291761,-25.93593695491875,0.33074435227116633,-0.20599786522036032,0.18048388588093972,0.8298604510609563,-1.0853382229658446,0.23097193727110188,0.4294198180071609,1.3856317917370822,0.0,nm
9.506886720657349,-20.890997759441557,36.43346297759385,-20.685759290121744,-0.14661942021820243,0.0785023222733646,1.4508934410265477,0.6828617028143704,-1.2031368383475085,0.17256575210735947,1.4603943461275415,1.3941367564768383,0.0,nm
9.512935876846313,-15.49498350433664,31.144596758441438,-17.366832828203872,-0.770268336574584,0.20197575442469262,2.9190573209327217,0.5056123466462454,-1.3069835866293478,0.05719498727306666,3.025723576038584,1.402540982420408,0.0,nm
9.537862539291382,-9.283984215105024,22.300872296879835,-15.424327638484224,-2.8962332392973913,0.29206262530212695,4.644556234329052,0.20987592662295945,-0.8393434854724273,-0.10666767718173475,5.48136572100004,0.8717358456184966,0.0,nm
9.55087924003601,-7.1559827434287335,21.8212899111794,-12.800316623740013,-2.3632173340616145,-0.6974016248474341,2.4228619138482776,0.2315460950845521,0.11046949006892175,0.28378820129664284,3.455636706589057,0.3825609044063127,0.0,nm
9.575887203216553,-6.02397839070091,23.838339338829414,-10.155919958980334,-0.4811167168161778,0.27224298180593903,3.1838959790244163,0.28828151656087697,0.34174440110130094,0.44023744933268155,3.2315295359303793,0.6274587478628945,0.0,nm
9.58109998703003,-9.174707071230406,28.525993222541896,-5.84357358655459,0.14175357710128283,-0.0006462986887902184,0.6121527985858174,-0.26156830721928154,0.479955797722437,0.5517732564863655,0.628351448744612,0.7766783592211836,0.0,nm
9.598361492156982,-11.918412894879145,30.364937124266547,-5.159274719169146,0.831260516934518,1.0715634860232968,1.2486173675736627,-0.4368731255418736,0.4002312398005627,0.41646045587604247,1.8434445156280743,0.7242116295955915,0.0,nm
9.604204654693604,-17.393218125908824,31.680494636753142,-6.071373587437682,0.3527124621931618,0.9938062147493908,0.8258221414091432,-0.9050121192028382,0.34156652515452857,0.3876508598307168,1.3394174415403355,1.0421073918448356,0.0,nm
9.608381032943726,-23.985160655968897,32.422788660075526,-8.358288496437167,0.47426076346505563,1.5193794453927143,1.3557132718815919,-1.0868304656593888,0.2750875198845953,0.2467372162121347,2.09078828349506,1.14793416995304,0.0,nm
9.651892185211182,-46.79086422799319,34.73900020527578,-20.577451510090263,1.6348292888713647,2.49958966661379,0.9919231667675168,-1.0905361857907967,0.6018959762103386,-0.11806703479158687,3.1471458297899364,1.2511945345955653,0.0,nm
9.654258012771606,-54.668091534317234,36.69586597823031,-26.483007080425534,2.246806649280229,1.954456646383678,-0.17411420961586196,-1.013083574821308,0.8568299412654027,-0.2478632549569639,2.9830113408824546,1.349789639528862,0.0,nm
9.656615257263184,-62.914370430867166,39.1135409361151,-33.67569524605246,2.8914669770802957,1.0413616265429972,-1.338987063834497,-0.8800926382670228,1.0581651975856874,-0.4040709620595769,3.3522979691397166,1.434416250498131,0.0,nm
9.672837018966675,-71.20109477367767,41.466555418455,-42.10002328390796,3.9440692155355457,0.6085450798300327,-2.2847832923130724,-0.7053367819772687,1.135103276129774,-0.5932677442885025,4.598504516030562,1.4621648470346162,0.0,nm
9.676727533340454,-79.56506243130072,43.10265803279677,-51.29840621928884,3.5287736438350827,-0.6536581317883802,-3.5771664380786174,-0.6077622255627709,1.112116013251426,-0.6987748966726418,5.067112798072909,1.4472260728618456,0.0,nm
9.688855171203613,-87.24805740392559,43.48779282217466,-59.72477403463116,2.526146558497368,-1.7228496761501584,-3.938497530325207,-0.5666733560747363,0.9527416518507632,-0.6011814369977458,4.986119757686989,1.261052920319762,0.0,nm
9.715407371520996,-98.48780191656387,41.96014156767197,-70.80451791421957,1.443260666951905,-1.5853891322115277,-3.522729563356163,-0.46023661483738454,0.6406485287360413,-0.21569750072334512,4.123843308110576,0.8177858465557636,0.0,nm
9.717633247375488,-103.88748274868408,41.09456569696086,-75.50906550256167,0.8638533056439086,-1.3612151785455502,-3.1659543682550733,-0.39751243016951815,0.7109378232241818,-0.18650821466403925,3.55280401343053,0.8356039939870927,0.0,nm
9.74150538444519,-113.74881138146921,40.409902378955834,-84.68328335357698,-0.3896841788344871,-1.55092494105518,-2.62816011100856,-0.11995281343366798,0.6718631294848212,-0.2833662095867497,3.076434218558467,0.7389757444918958,0.0,nm
9.744503021240234,-117.84482136711097,40.28077722018877,-89.43189632801835,-0.8361474208058838,-1.6654766076333507,-2.638238270982486,-0.05610319609668185,0.6088581511837334,-0.3963448043854758,3.230055110113585,0.7286597428419508,0.0,nm
9.7681405544281,-121.97636305733722,40.11111062472662,-98.92966879320035,-1.9555784123032751,-2.5115118734386805,-1.8225107352472958,0.045424058412500426,-0.11718800927798478,-0.4371459664882641,3.667904605790847,0.45485488962762377,0.0,nm
9.787596940994263,-120.28274237969646,41.07555039981321,-99.51148197985337,-2.1577412117949013,-2.132964555578918,-1.4490159681082913,0.1485844407059096,-0.29883505882600186,-0.3326073003648324,3.362295675318711,0.47117655359685484,0.0,nm
9.813880443572998,-113.044748182722,44.61036615367528,-96.52546845525166,-2.23309915964386,-1.0369670291880506,-0.5694294208007799,0.29831383615103524,-0.6927781275084707,-0.1613283549899209,2.5271094835203947,0.7713361892955908,0.0,nm
9.816036224365234,-107.50268821656815,46.61254869591599,-93.02353385159523,-2.032365794529048,-0.4843850347754686,-0.09900602668375699,0.33245126040634077,-0.8202937072640588,-0.08890416968443861,2.0916361485702586,0.8895558206824671,0.0,nm
9.832539081573486,-101.07709392572593,48.39023029304018,-88.5863956148273,-1.8443577750263775,-0.027885859558972458,0.4107498946331347,0.3407653263349476,-0.8873909732677991,-0.05800049883865286,1.8897483164180156,0.9523380728159868,0.0,nm
9.8349289894104,-94.01095316008264,49.70434726927904,-83.69130165973638,-1.7044545660524144,0.36737587769413915,0.7545695317695206,0.3216439223342364,-0.9207848918928935,-0.08695917992536785,1.8998698854193508,0.9792147511583209,0.0,nm
9.837095260620117,-86.79516493170378,50.41046271045458,-78.70107433776116,-1.4571788509381047,0.516003065467193,0.9227313720436576,0.2781214187143405,-0.9083539793698457,-0.10764663317629038,1.8002951291792149,0.9560576724334691,0.0,nm
9.845635414123535,-79.58761936494838,50.49220471848643,-73.81210881955344,-1.1977437382428489,0.4074315883003703,0.9667845348510532,0.23046499818286872,-0.9021074829165711,-0.13355175815035342,1.5922508905546524,0.9406104923009054,0.0,nm
9.884448051452637,-63.85764957239916,48.73044353426295,-63.387060815920215,-0.5163118735478647,-0.03322957596664108,0.5183034380183628,0.200824140183177,-1.0787162976817593,-0.15526411244198507,0.7323391354741898,1.1081814520993174,0.0,nm
9.887107610702515,-55.75929284474054,46.90947449891782,-57.93693143159362,0.1450312475104546,-0.3723716116667006,0.30374451333354363,0.21368899305519604,-1.140708614665938,-0.1516924372022938,0.5019516005651601,1.1704228829061736,0.0,nm
9.889256238937378,-48.033740616254974,44.61329589566501,-52.91245508524717,0.8222703780925538,-0.6536358634889775,0.2798378708338997,0.23212930039245405,-1.162440352704417,-0.1442616498816247,1.087049976164989,1.19413693072563,0.0,nm
9.891592264175415,-40.87912651447459,41.834633524751084,-48.26368147657267,1.5844402478257975,-0.8655115932804766,0.6396372940452244,0.23172171058166932,-1.1727283415511178,-0.09856580403736467,1.915384317824149,1.1994590163726573,0.0,nm
9.91750168800354,-28.649350359373823,35.104457524637766,-40.24298195383722,2.2507997797992476,-0.7546351960761255,2.9099865836316563,0.21493280922741226,-1.1586399314558191,0.018226571859711504,3.7554754485707176,1.1785477551495696,0.0,nm
9.923372745513916,-23.83524985791154,31.464936707814623,-36.88159560896684,1.7186588355598669,-0.16782138507841476,4.396738705683408,0.17567580703566915,-1.085557033156028,0.09486374278789726,4.723691719025728,1.1037641012045463,0.0,nm
9.94649887084961,-19.049449757009306,25.85806576077156,-31.987279805485066,-0.6432057643814526,0.5373698671939834,4.195344698563649,-0.010829304783582417,-0.5465362279931856,0.24359667443221475,4.2782469738512905,0.5984634175499364,0.0,nm
9.949992418289185,-18.65177281240356,25.220538839768146,-30.50834043007191,-0.9330976829046101,0.5261095738798938,3.060200451272869,-0.005664052473086661,-0.1602652132182865,0.24054751217233283,3.242266085863513,0.2891022754504352,0.0,nm
9.990092277526855,-23.059172861855494,30.807896514311462,-28.61335393663257,1.4683442312022246,0.023900034005840707,0.6094852243080465,-0.11498954279991327,0.5843417033575466,0.2862081257328784,1.5899931545702208,0.6607517782584162,0.0,nm
9.992252826690674,-25.97263396223767,32.7324031253323,-28.749709847589166,2.1284615590724374,0.07383159464736694,0.07994530015377956,-0.2502590206980005,0.5624003577274359,0.28846721483350274,2.1312416483904215,0.6798066444559573,0.0,nm
10.016978979110718,-29.86868978010232,34.29200816567585,-29.80846317965219,2.3013761857564985,0.4842464750039028,-0.05871108873405332,-0.414654057403218,0.5766699918979591,0.22589724032983907,2.3525037702118934,0.7453293433544532,0.0,nm
10.01948857307434,-40.371626000031796,35.430213964330484,-35.226403466488875,1.0397831233875874,1.047024744803976,-0.27319608046963534,-0.7102469491178375,0.4996537138043603,-0.009640232035984863,1.5006817978163955,0.868445448213872,0.0,nm
10.037798643112183,-52.09625164759683,35.55341437077586,-44.52706467267694,0.5570019084696033,1.2732568195652492,-0.5652240182455092,-0.7189898808757894,0.6992215392355572,-0.3180891071999246,1.5003040509875967,1.0521586809279144,0.0,nm
10.047241926193237,-58.59833093168422,36.48487400653362,-50.581849684972774,0.8133037858620982,1.0628425692714283,-0.9810219386638636,-0.5736666466704738,0.8888552124520682,-0.43246623319032246,1.659367776984029,1.1428840943224226,0.0,nm
10.0548255443573,-65.81983486305029,38.14426015670177,-57.44729261501809,0.9860477131686196,0.5078896317548374,-1.8626448381808824,-0.40744287715888183,1.1116964523170751,-0.4742299975688235,2.167876325783142,1.275450034629348,0.0,nm
10.063109159469604,-74.02762729774582,40.21545954296297,-65.16423507419312,0.6934392082760401,-0.30777428758618147,-2.7702269642187805,-0.247726033442912,1.3023862514911952,-0.46421876331884804,2.872236129039269,1.404662662683082,0.0,nm
10.073707103729248,-82.4703546535964,42.06314955240848,-73.27011734200677,-0.06858254454960871,-1.0481902989305723,-3.454671432794356,-0.10575794043988179,1.3070367257123585,-0.4644722526937147,3.6108394005763356,1.3911377422273261,0.0,nm
10.093377828598022,-90.21149263261653,42.99952534822063,-80.95200350522819,-0.9397659790820693,-1.392654693666027,-3.916807121089914,-0.07232538642235319,1.140823909946471,-0.4448156054856727,4.261927406121643,1.2266095865882845,0.0,nm
10.096069097518921,-96.61074505664354,42.5987104557795,-87.01774070913477,-1.4039998881724436,-1.6915847764029346,-4.166897076098816,-0.1791660109854788,0.9126049555190514,-0.29956324335649437,4.711231896706769,0.9770805499551409,0.0,nm
10.114918231964111,-101.48197868225603,40.902701047921745,-91.21084322648632,-2.2118344808872172,-1.904974458985662,-3.9068606900714054,-0.35210854093397725,0.7090739233093885,-0.1437510182409378,4.876956008808626,0.8046307280742696,0.0,nm
10.136171102523804,-101.84550248252422,34.021018874094764,-92.26923760865336,-3.2291377148636022,-1.9212031635625133,-2.4572833800298386,-0.41431208709682293,-0.33514955561535537,-0.033245621594430924,4.489609513867325,0.5339335178642521,0.0,nm
10.159079313278198,-98.1156592513633,32.64319467688313,-90.35340861815293,-2.8399316372357006,-1.3952408700140007,-1.904450861884397,-0.29349394456464134,-0.6300440183710597,-0.02806867537489426,3.693080269214561,0.6956162815220516,0.0,nm
10.163854598999023,-84.19058197284167,31.16228419449821,-84.62833612798558,-0.1932616690238603,-0.45732629123805396,-1.6711863645645735,-0.029826171196276834,-1.3339233286910723,-0.2750190528836571,1.7433764006886168,1.3623055922822618,0.0,nm
10.17982792854309,-67.28047958054094,30.678644200164236,-80.37328749043415,0.23458372317997178,0.290868865601247,-0.6304718232915779,0.19495308635192501,-1.5578408076288355,-0.5326634915969266,0.7328908105043619,1.6578917585512127,0.0,nm
10.211212158203125,-47.91974194974388,30.384723647487924,-75.40950719810294,1.0842770290544563,0.07242938393423022,0.7733560412313064,0.3591244633545226,-1.605603728230034,-0.546962394287152,1.333784936899952,1.733811285304774,0.0,nm
10.228144645690918,-28.809034701072733,29.344850312215808,-71.51347015753639,1.6342609936932921,-0.19489233290516794,2.644497130919067,0.3120540034851537,-1.5998792177184407,-0.6193913782594618,3.1148285815389234,1.7437422091125274,0.0,nm
10.230901718139648,-21.365703790318396,27.95884928842365,-70.54077421177662,1.058319816864535,-0.6218646941100706,3.0438787150700137,0.15746529559194183,-1.3368497380709123,-0.5918080539240417,3.2820655332587543,1.4704418771870877,0.0,nm
10.24871015548706,-15.673935533941687,26.467777069715265,-70.71136336508482,0.6999659771332908,-0.7542431313580062,3.275917206840245,0.048089997415197074,-1.0649124244410941,-0.6240837856230322,3.4337251806772313,1.2352455994894205,0.0,nm
10.254507064819336,-11.91228589386118,24.756889391224735,-71.84335153229165,0.19093209076622986,-0.8151302836073357,2.919802456685993,-0.11438434099888967,-0.7629271386927065,-0.6101540104341395,3.037455979698751,0.983579947370042,0.0,nm
10.257313251495361,-9.50686160550022,22.962985799339993,-73.34191835371882,-0.25231334974009084,-1.034819249171302,2.5008586480135127,-0.21932149684571237,-0.5374746035815108,-0.5682250090531499,2.718235987227102,0.8123179976999144,0.0,nm
10.262425899505615,-7.529080264796132,21.435481807448028,-74.70547887124634,-0.5652234973196136,-1.1234715917991798,2.125194060956735,-0.2020506854306622,-0.44593102417398306,-0.4860293510109947,2.4694363357308435,0.6898575851927893,0.0,nm
10.32180380821228,-1.9838646857386844,16.56107243916515,-73.1768650871068,-0.9897280000552813,-1.3340551587873257,1.8614182603926184,-0.26278367810451847,-0.4102844615217249,0.22073867031917055,2.494823164255051,0.5348964025104173,0.0,nm
10.324986696243286,-0.8948898297288199,14.706224244133585,-70.48868056386672,-0.988309594342536,-0.9001371989632577,1.9749918107536815,-0.29631533456695575,-0.32479493848730817,0.47289670234868786,2.3848680222962093,0.6456979329831904,0.0,nm
10.327054738998413,-0.8493940320074629,12.840845633722003,-67.22054478346637,-0.9263876153611361,-0.5650500499473138,2.2598405609027736,-0.3534902132409862,-0.1530862466415514,0.6458343851220548,2.506861570478377,0.7519925417010055,0.0,nm
10.344212532043457,-2.041755913227123,11.429848970305628,-63.880814194382154,-0.6994532569905649,-0.4701027500792527,2.2263578184323416,-0.36152819178123013,0.08487644744737603,0.712937637729552,2.380525276077026,0.8038574003362083,0.0,nm
10.346681118011475,-4.492512290120154,10.967464901255376,-60.85985653584063,-0.27427762274794476,-0.5510945413914555,1.9998359032400517,-0.3124846952922949,0.3723882761333503,0.6947306598817501,2.092433283949497,0.8479212243912866,0.0,nm
10.349112272262573,-8.21542167451901,11.28179065822835,-58.35825377812823,0.23955273032772428,-0.8420707623015977,1.802654502231658,-0.3226325686609082,0.6511648931831022,0.6399104347544611,2.0040039754817673,0.9682937865041478,0.0,nm
10.351617574691772,-12.97256376533131,11.929699365289517,-56.498761240614826,0.8392059857417072,-1.203275011378831,1.447497056483882,-0.3983481178498076,0.8446968655457803,0.595356610956773,2.0609185253286797,1.1075393951762098,0.0,nm
10.367552995681763,-18.59708393546089,12.86036953237536,-54.93682107255966,1.4660608581512031,-1.3673181574600977,1.13938858578952,-0.47060055575130355,1.0020007302001932,0.5843713085418135,2.3058837206048706,1.2517827977097415,0.0,nm
10.417447328567505,-40.8760623572938,17.616715160306054,-51.46173693515181,2.5858625545976968,-0.4827888400471317,-0.36162668784092067,-0.7073877226082468,1.4721001447239428,0.710005540957514,2.655286063064275,1.780894183937807,0.0,nm
10.419890403747559,-61.180228236831084,20.911811715315316,-51.260230381244014,2.802562581563597,0.8375662447723773,-1.482875609367783,-1.0428463591256167,1.7431483773831342,0.7746975667808884,3.2794503061977305,2.17399427650839,0.0,nm
10.422544002532959,-72.84833507143124,21.40450886043924,-51.55040643352686,2.2861212771437494,1.1907653837752876,-2.026687975661132,-1.2775028502645969,1.7548075507961711,0.8546972172478596,3.2789841176340415,2.3327816884433616,0.0,nm
10.439831972122192,-84.4854432707895,20.958364367840407,-51.62823811801133,2.044509731482709,2.0071829247408512,-2.607726428267441,-1.4133654991477351,1.638766342736196,0.8954678763970318,3.8741502887966544,2.342011929501023,0.0,nm
10.442761182785034,-106.78881783754129,18.830103451922767,-49.908094376479845,0.2979575154058182,1.8672204880987546,-2.9021056851922387,-1.4442430452590673,1.4249302204643868,1.022213637832801,3.4637419707864603,2.271824119148144,0.0,nm
10.502644300460815,-115.91882979399531,18.192359971408663,-48.892554582126294,-0.3456253958363314,1.6505471797208724,-2.868146492392673,-1.2114176845266362,1.2311771686395432,0.9046493682604662,3.3271650407750952,1.94980011961668,0.0,nm
10.50484013557434,-131.5074469734769,18.127958659452954,-47.22314803655048,-1.8271992155177004,0.48762159894968476,-1.8633186287106553,-0.9346405440912885,1.0669158206115834,0.6911245013300193,2.65488005549232,1.5778198221816127,0.0,nm
10.508386850357056,-147.76232444327263,16.66680219488902,-46.81320247939276,-2.0554017504348505,-0.5370015811895613,-0.12459446651880046,-0.6429887140576458,0.4488717400233029,0.25946951228570087,2.128043898743125,0.825981085257303,0.0,nm
10.524250507354736,-150.75853343868346,15.430653159815856,-46.66042930521632,-1.764870205917721,-0.7294205322605505,0.13729671167350005,-0.5632103692963305,0.24785300416399578,0.19681345249821108,1.914594354858407,0.6460437809005611,0.0,nm
10.526580333709717,-152.44185068820792,13.967621836864522,-46.31496460979318,-1.4665755643448668,-1.0553626724997438,0.6014949906119805,-0.42476076935749296,0.03258863945370393,0.13822637117451209,1.9043189019097018,0.44787304037493353,0.0,nm
10.546653509140015,-152.056587638026,10.893008881197424,-46.065313816343895,-0.6931825975288906,-1.6569997560873133,0.7190477313378401,-0.1170737833459148,-0.32315394955551846,-0.068029602937023,1.9347299411371113,0.35037518852799177,0.0,nm
10.549132585525513,-150.2858021960067,9.451648755704012,-46.88371588130512,-0.4546601958473831,-1.929584643298482,0.9283295378539913,0.043274658642094184,-0.4531927846843937,-0.25856648474507166,2.1890199908163277,0.5235580418673831,0.0,nm
10.573141098022461,-143.49517205047647,8.988890172649802,-51.366901446444786,-0.2653507347615109,-2.3592346020422283,0.29683451807567934,0.5428357936711102,-0.5431648306035226,-0.7298487599921906,2.392594752780555,1.0594234019301423,0.0,nm
10.577125072479248,-138.86360255574172,10.561037235660617,-55.160876572938086,-0.3518462080706877,-2.3513994470014286,-0.2578338836849657,0.8103245398031186,-0.5463857224533577,-0.9736123842785567,2.3915169715200473,1.3795232119571563,0.0,nm
10.598726749420166,-133.46983684736603,13.727774471598728,-59.4329646328016,-0.5620811529473633,-2.1605996037856863,-0.8743400439979888,1.114737690956959,-0.5489839142399809,-1.1447445147106141,2.3976230693993386,1.6895157476905456,0.0,nm
10.63128662109375,-120.94272205703105,24.830760083663034,-66.70156350861988,-0.56487836341507,-1.0816344797736404,-2.096167602633265,1.6474950795620005,-0.5839295493122305,-1.181162443148263,2.425477134837385,2.109587275474746,0.0,nm
10.633918523788452,-106.02633240004535,39.0253385616675,-69.19797937990062,-0.6332012973259222,0.2369178852109127,-1.9137666130429745,1.8109281830972526,-0.6980320552645509,-1.0084488743927498,2.029674017290959,2.1871622634767576,0.0,nm
10.651308536529541,-85.31308502326686,51.6781332076493,-62.95360230912805,-0.09110075267856614,0.88631215704884,-1.4088239134735,1.6836024050762786,-0.876522267895822,-0.8770676751050123,1.6669233353834711,2.09094620954485,0.0,nm
10.653481721878052,-71.978848707523,55.982994078627755,-56.419917710535515,0.26410219880288105,0.6882531118690378,-1.2920141634518392,1.5357898799365302,-0.9372748714715494,-0.8937582119756237,1.4875291311332652,2.0089645296722725,0.0,nm
10.671746015548706,-39.115426462202336,58.3985346239648,-38.12557535412072,1.7665837657958177,0.5328977120063705,-0.3328833738382835,1.3110855435151016,-1.2461300555312549,-0.9544620356319952,1.8749958702922296,2.045185369392073,0.0,nm
10.69083046913147,-22.756482536140986,55.53557895622904,-28.79174293823859,1.4226451504959956,0.01664319022037895,1.1431585660810137,1.170244528173522,-1.4699067527196665,-0.8884373515549351,1.8251048537590615,2.0783212083431404,0.0,nm
10.695563077926636,-8.97271040998286,50.698881914609544,-22.78829396609599,0.8625117724944671,0.1246214057781802,1.9888012409783262,1.0684521034541046,-1.5996427838017342,-1.017256052463635,2.1713561266145653,2.176064523266339,0.0,nm
10.7025146484375,-0.04984951150219717,46.50641835379493,-20.92331111950076,0.21222331447334228,-0.2696308536102079,3.7554424217544864,0.7821255119208987,-1.2290003878501174,-0.9767790461077362,3.7710856945364983,1.7539269011701732,0.0,nm
10.725082159042358,7.158514305992212,42.50043008396724,-24.114333407843365,-0.9924667894685368,-1.2296887225315554,3.0926635267098996,0.23535931412472127,-0.39863068086631276,-0.7876350571829587,3.4729947267395884,0.9136024352949164,0.0,nm
10.731153011322021,8.151840609803218,42.9969934908226,-25.317024683554727,-1.176210799618403,-1.633837867618568,2.1332544040072277,0.1707431864791979,0.0193333634023012,-0.38586447044389427,2.9332017276381768,0.4223960277044075,0.0,nm
10.755874395370483,7.153244767913732,45.01371799957753,-22.449836953421432,0.4255708614903644,-1.209482129142484,1.078770874239995,-0.11279207504820725,0.20420790169090428,0.641236886579624,1.6756205351968,0.6823545002540922,0.0,nm
10.764137506484985,5.928729533483595,45.742002157526194,-18.34984581819837,0.7835316430110565,-0.6751144856243171,0.48809394397330425,-0.1136246217540225,0.18655952160236375,0.9861924722758697,1.1436507781848475,1.0100943530892743,0.0,nm
10.78383207321167,1.5113586803582806,48.223393595245184,-9.49921784905464,0.6218540232862577,0.9076302152165405,0.7031962317390137,-0.37235032980266464,0.33984709383820577,1.263286751003519,1.3057488174159981,1.3601596342177835,0.0,nm
10.788626909255981,-3.3586589619613045,49.81810477510524,-7.702763673328773,0.06890548270331906,1.053562385084366,0.48284834545365773,-0.5847164864826004,0.4006414193493584,1.1184816329687775,1.160984146971254,1.3241631620579575,0.0,nm
10.828040361404419,-18.697940132132516,53.168632705129546,-11.78240543067274,0.09445945753860926,1.872642611208567,0.30185938097285897,-1.029104818640549,0.48342101325501535,0.7971619637347139,1.8991661392079016,1.3886035432156612,0.0,nm
10.83030390739441,-39.49947474623955,55.39870240806914,-21.874188211034106,0.582262171827377,2.0076793682936347,-0.4926589944992151,-1.0670766789484412,0.5999193263404777,0.6711806442779988,2.1476774821825644,1.3960799741153358,0.0,nm
10.832543134689331,-50.16176068101416,56.70940865721898,-27.302270631681072,0.266941134068014,1.6570945141259248,-0.9712408658189503,-0.9705518800089833,0.7212608828959316,0.7111850583036096,1.9392082449392836,1.4028443962674904,0.0,nm
10.848729372024536,-60.145540062262626,58.356695955000646,-32.99755015110601,0.16181305934977225,1.299601272876831,-1.2800903053772372,-0.7562178959393391,0.8115492231895385,0.6083342414438476,1.831332335912846,1.265127739444332,0.0,nm
10.852488040924072,-70.08126659551635,60.25840012098152,-39.954834326280285,0.18847401334482383,1.3890448116660536,-1.4125810685384874,-0.5836167045105664,0.8963448765689066,0.3763797173860878,1.9900636215247045,1.1338890100864076,0.0,nm
10.875906705856323,-90.40972619596165,61.78436885344458,-57.64867878449778,-0.4144195451069686,0.4879210093328957,-1.4224676476900124,-0.5262377848447577,0.738094944874016,-0.05639231336046651,1.5598797003102052,0.908234797204467,0.0,nm
10.885272979736328,-98.07215070837968,60.330263817027486,-65.62716671850137,-0.4747219204210701,0.06334082984754688,-1.6455327086942566,-0.6042772626487045,0.5005455408246755,-0.22899751802795726,1.7138117918361695,0.8173963003688253,0.0,nm
10.907869338989258,-105.87426167860117,53.37206233889263,-76.92902942607705,-0.21416490190026885,-1.4297400135636207,-2.205600398995811,-0.8492174017050748,0.04689982077579061,-0.5794943030012267,2.6371758059790658,1.0291663790458747,0.0,nm
10.918732166290283,-103.05555939452495,45.10364422924395,-84.14028704814358,0.12949194471677097,-3.5389879564706157,-2.9540253317502048,-0.7143131636620124,-0.49457129087130497,-1.0746597388228833,4.611666681408415,1.3819325641223632,0.0,nm
10.947211503982544,-97.97158377284795,43.00803514680405,-85.68643811635435,0.2303931065279197,-4.6996222090307365,-2.925024672713804,-0.35378086593278885,-0.7805961402434602,-1.0621327669967395,5.5403338552053905,1.3647773627926614,0.0,nm
10.94994306564331,-83.5837877692198,45.09570316616087,-84.11228288592336,2.0507012835356315,-2.785320297392674,-1.679222695402652,0.45863447348572495,-1.0460628798095337,-0.754183451186658,3.8448893058341285,1.3687168468418738,0.0,nm
10.966172933578491,-76.48491747203143,46.59088570279638,-81.10594080853272,-0.157041333911566,-2.4677741749013347,0.02213614119040237,0.41957484576269316,-0.9557330955777901,-0.4502447302522944,2.472865012008033,1.1367449662520852,0.0,nm
10.968416452407837,-67.01489023403558,46.77417282178221,-77.7303641703703,-0.04266338702058321,-1.2366386497372708,0.45974921630787907,0.27039092041994905,-1.2838029102689195,-0.7454497394396316,1.3200244908757555,1.508958739094979,0.0,nm
10.991395950317383,-58.73212680753236,45.57830044961768,-75.44815436473263,1.6403941299223737,-0.3891407384329571,1.3370466749140915,0.02625007338409774,-1.1847633975523884,-0.7405488246172511,2.1517474820923472,1.397414017453146,0.0,nm
11.008005857467651,-52.11322912521362,42.48859196944507,-75.76254536707776,-1.4092887691492686,-0.9464189321338267,1.4766538590997529,-0.1423862175404851,-0.5032487180647683,-0.5698517321537717,2.2499578328372705,0.7734753414414535,0.0,nm
11.010189056396484,-49.75011346071143,42.303478778325506,-76.76685490122969,-0.15656015790020772,-0.8868333293537697,1.477160709489133,0.03825442191881009,-0.35983101568661835,-0.521189145718216,1.7300254907812396,0.6344918330923491,0.0,nm
11.0193350315094,-49.59130481537826,43.20973450277523,-77.00956031173483,-1.5509706924681372,-1.516258328469786,0.864864064160131,0.17329575204404996,0.007071037328842729,-0.07133473168318759,2.335067291755135,0.18753682622282775,0.0,nm
11.04477858543396,-45.61677761924393,48.00755568579351,-72.51738519122162,-0.13193392532932105,-1.2841642539486742,0.15910328551656272,0.613730494586112,-0.21396778094764063,0.24911291689259715,1.3006914496661084,0.6960636297288554,0.0,nm
11.061869621276855,-39.540353180959535,51.98672105923688,-62.033389679762955,-0.37624141215534435,-0.4431753566243292,0.11163455369683467,0.4633538060494998,-0.27792023760792356,0.5862883473115562,0.5919664437439344,0.7972894294081153,0.0,nm
11.06415605545044,-36.661133144387044,52.46446368880534,-56.90235237056522,0.30361906244270587,0.34154437049012243,0.7721678301998061,0.2548917507262281,-0.26770217352389103,0.5767991205163079,0.8972626427571574,0.6850777209383497,0.0,nm
11.081411838531494,-35.989464199514785,51.97745023418463,-53.20104607599862,-0.426623911127501,0.6734643855036692,1.080284583124599,-0.03893750850242898,-0.13584393096910147,0.6406573929193948,1.3426008418827426,0.6560576180883738,0.0,nm
11.08599853515625,-36.02137782037456,50.94978076014995,-50.70872270095211,-0.41837300422696533,0.962348422911467,1.3437921863238804,-0.1700654105594362,-0.13651213953541386,0.5049534838471025,1.7049715240352838,0.5500325708161398,0.0,nm
11.108033657073975,-38.01495916737344,49.901202521329566,-47.34899303142761,-0.5857039923464463,0.8876626548663371,1.039526204938557,-0.1470514013901978,0.10370451525835374,0.5447411362417994,1.4871479032863135,0.5736912467955196,0.0,nm
11.123914241790771,-37.1386510111344,52.477061158263076,-42.579567424413554,0.4612788457874596,1.2438849449494893,0.3160603397634208,0.3093500177844866,0.16406035303895455,0.4041530651968614,1.3637895982204784,0.5347456713714914,0.0,nm
11.141182661056519,-36.04911316529439,54.40931875131021,-39.61739038326572,-0.1432163886733893,0.951831945428324,-0.2768880954212035,0.34957577374877913,0.19281936630508947,0.42732209769017127,1.0015797540428306,0.5847962934122293,0.0,nm
11.14327597618103,-33.62450499164971,55.79810719623808,-36.50979270628195,0.2621583795337463,1.2176253010447673,-0.403681336777897,0.38749514524323003,0.034459746843307576,0.2259335373660995,1.3093116555529893,0.44987323219584363,0.0,nm
11.147448301315308,-31.4750001046856,56.24371734561997,-34.2357100003781,0.45181153975618066,1.3686842002634794,-0.4547683235451201,0.24527915628171987,-0.07966985053042083,0.09320985582948896,1.5113716735494847,0.2742211275842291,0.0,nm
11.186704635620117,-29.447230376679798,54.20564796419303,-34.037944853516635,0.4191931218171176,1.2229628194894817,-0.3852541115930561,-0.08003374434887346,-0.3153970356559847,-0.2761370068111034,1.3489928323500457,0.42676965316863696,0.0,nm
11.189285039901733,-28.404161530985622,50.45838524328957,-37.66790369375085,0.5400045369776869,0.712273864522123,-0.10252305513710396,-0.16147446311705566,-0.34961545644935665,-0.5371115251697177,0.8996943563635438,0.6609037449563845,0.0,nm
11.205307483673096,-27.229625301745365,49.06776314618105,-39.89795795221951,0.782633009340829,0.5208344047879852,0.016733321746929847,-0.059366641824178695,-0.32554294216940094,-0.6544671132162687,0.9402461957261105,0.7333688073809974,0.0,nm
11.207453489303589,-25.873536526406543,48.090321446284165,-42.18249309775681,0.836530293696033,0.14058887313680057,-0.13101706042384448,0.0030271529576441185,-0.278550607211194,-0.6922949114560483,0.8583202395628056,0.7462384664842007,0.0,nm
11.214685201644897,-24.30489980622791,47.28972379305466,-44.63640207320737,0.8192547333370679,-0.16930345709486122,-0.4643237955542191,0.03888645453492777,-0.2743648238693178,-0.7602152386907154,0.9567855380373065,0.8091448708733932,0.0,nm
11.22557783126831,-22.650583593425804,46.275310641366836,-47.44508310832104,0.9299983989522173,-0.45021552254514735,-0.8068482900517735,0.006144454844731144,-0.3166015305731347,-0.8487051091901715,1.310952021224941,0.9058557533360879,0.0,nm
11.268892765045166,-21.25189338858628,44.78321849758517,-50.71912070376829,1.409879603458566,-0.8845363457069816,-0.8845834380223394,-0.10281970731002685,-0.3561845068543297,-0.9165465379957767,1.884848243744988,0.988684404370993,0.0,nm
11.273625373840332,-17.466607637358944,37.74737400859384,-61.443552273209015,0.7501698329440709,-2.206924605463575,-0.8461503942017836,-0.32941419696539814,-0.5611586072372603,-0.9609148578464524,2.4797664168360143,1.1605042264760985,0.0,nm
11.275917530059814,-15.028594475320848,34.85622179928861,-63.739172143042175,0.29149487887035574,-2.3684256982944256,-0.5043366412542541,-0.3398956047662257,-0.6270396440574516,-0.8196074920897881,2.4390090201679664,1.0864916835617318,0.0,nm
11.293652534484863,-8.698873716682643,29.69727147283388,-65.32384991976043,-0.3529608681440131,-2.0811745721241954,0.6381955822255959,-0.20624392014674447,-0.7321226459656536,-0.46441524653933514,2.205257938489185,0.8911911380570601,0.0,nm
11.35696291923523,-2.706470204297859,25.584557708277583,-64.80131431032531,-0.9970518518095235,-1.1164126939240837,0.9641747226578733,-0.061665196367130866,-0.24147823051030184,-0.0862452948073323,1.7804838090148465,0.2637282372628819,0.0,nm
11.359190702438354,-2.8643733559749975,25.66669347743027,-65.04085103958137,-0.9724321459969528,-1.1353429400576158,0.8763690639823335,0.0,0.0,0.0,1.732815802793875,0.0,0.0,nm
11.361443996429443,-4.012557079278522,26.46699829601729,-65.43653632812891,-0.8444716187882234,-1.2897324701619002,0.7486254842356611,0.050408105903123585,0.24555200574388886,0.014715243824395569,1.7137626075906187,0.25110416775991345,0.0,nm
11.363598346710205,-5.807163206634998,27.730904984948054,-65.64404048085936,-0.6297959749657372,-1.4594256383446196,0.6539602844470587,0.08915782764122508,0.3868900986941965,0.11529497466901774,1.7187874265233387,0.41343197491393546,0.0,nm
11.380606889724731,-9.904606836917273,31.14232244784898,-64.24088296638445,-0.22951932284316323,-1.3587448175100503,0.4228820085097219,0.18097539692294512,0.4683729951557609,0.4102280429278366,1.44142144835923,0.6483921684343503,0.0,nm
11.386038780212402,-11.751837028439711,33.48481917762459,-62.59339057288685,-0.10928926095913985,-1.0297914503362469,0.4259000632741986,0.2710378913449134,0.4799379798410248,0.5213133387073682,1.1197345389169668,0.7586630346555737,0.0,nm
11.405245304107666,-15.234245185479226,39.43677502298721,-59.12763550567058,-0.2070315600187545,-0.38962370169658933,0.2774341396018748,0.40450373811204604,0.5452082184022926,0.5584297132686532,0.5211894066308184,0.8790443789828424,0.0,nm
11.408337354660034,-16.943988557651757,42.941161464445685,-57.849426161925166,-0.3112698053670146,-0.26970860108623723,0.16193918362200974,0.4560325263312614,0.5762072517948333,0.49026946360677925,0.44255612121546484,0.883371161538742,0.0,nm
11.425024032592773,-20.769505343814757,49.76643177679391,-56.27568987174392,-0.11706149581496937,0.1268477998943266,1.0687246748467063,0.37549695447253667,0.5833438885371383,0.4781036201114567,1.0825738721984137,0.8425385015982708,0.0,nm
11.479193687438965,-29.149584275521615,55.9509249763133,-54.338438924895414,-0.14226843900977615,0.7787835202206173,1.2862543887399631,0.06527149960675187,0.559555019755164,0.7004983617376632,1.5103623514436233,0.8989216559808014,0.0,nm
11.481164693832397,-33.620520253762926,57.802120370977256,-54.556709900074594,0.41110977791369724,0.4866540520743326,0.5739383514879463,0.011504443454955108,0.6020944473023897,0.738081501464586,0.8574664117067898,0.9525830034678322,0.0,nm
11.483992099761963,-46.686837983902755,62.07893705282063,-58.95711864688928,0.1272029975874716,0.5347042037084415,-0.5166359791797293,-0.04463319403395102,0.7648957348441949,0.7287086679448257,0.7543221613088896,1.05739015029006,0.0,nm
11.500468730926514,-52.48121485675833,62.83021659739888,-60.59156593351117,-0.10654263755643478,0.2637427741481065,-1.118809948440279,-0.1441248800429604,0.5267681089919121,0.7433387914806918,1.1544034326273291,0.9223931811425582,0.0,nm
11.502697706222534,-57.069516629996926,62.94160335661959,-61.571278746547506,0.33699364805160054,0.49931708877965597,-1.267101916160313,-0.18683408237070015,0.364481790542495,0.6625947144413784,1.40300731997793,0.7789645085483783,0.0,nm
11.508302450180054,-61.08254970473212,62.579645060480495,-61.914465340596045,-0.5688261942058144,0.6124208796060143,-1.074628954260166,-0.24154616321138878,0.27658171535260734,0.6833032636370675,1.3614146915346452,0.7757224660447842,0.0,nm
11.593376636505127,-63.678651680421005,59.718514074353365,-57.68677241573023,-1.095424396943197,0.8070270482987175,-0.4374123210110929,-0.17624085883481483,-0.05028425626516817,0.28453896672456974,1.4291874630979724,0.33845497534481606,0.0,nm
11.595969438552856,-64.6693980602843,58.49878050720255,-58.99332698312153,-0.5533858118343047,0.757874723575695,-0.6439371006496734,-0.1289005894905471,-0.035850043178140216,-0.12546218392524122,1.1380970709774962,0.18341577675373544,0.0,nm
11.598155498504639,-65.93154349568472,57.13420272058279,-63.960496363957915,0.06948943033718645,-0.0016731843692706497,-1.2754059778645233,-0.1569860535193594,-0.046045087955589495,-0.4815984355413894,1.2772987077606714,0.508627392341717,0.0,nm
11.601598262786865,-65.48531902474429,56.198649105811825,-66.60103560644983,0.7109156744484054,-0.49769226770711167,-1.597577183175495,-0.15372926862235492,-0.13698782511969163,-0.60508632756823,1.8180625802526236,0.6391618074260966,0.0,nm
11.621515035629272,-56.56447281615577,53.767251886665804,-72.13706817589933,1.4336250883627035,-1.4956469930334562,-1.5310413601905384,0.02287212002771932,-0.5555942712870116,-0.968874169087572,2.576107231535031,1.117105762086402,0.0,nm
11.624500274658203,-51.752452897462156,53.09889849668208,-72.2644513756658,0.8256632541427009,-2.0853246102017886,-1.255868827922882,0.041628355063014676,-0.5995642340697698,-0.849897206030688,2.5705067695112476,1.040930089650449,0.0,nm
11.65103006362915,-40.19582024884751,52.213756617188416,-70.9727672636415,1.0866032192806045,-2.0373638690139306,-0.26334672634600115,0.13280140332520196,-0.6960447032288101,-0.7809996394866635,2.3239857119163925,1.0545496093102134,0.0,nm
11.65773320198059,-35.463554274209706,51.58507392111856,-69.76894165230462,0.22906036972169566,-1.944865171443219,0.020071273709576395,0.0698245408616111,-0.6032918692908882,-0.5538853229883337,1.9584105912954584,0.8219644135124827,0.0,nm
11.675821304321289,-28.71668104574459,50.46718775602587,-67.77854914761541,-0.027971194387975837,-1.2150641294741131,0.7512617031828762,0.025802784558702718,-0.3494675687321152,-0.2791177806857686,1.4288307713369734,0.4479956481724653,0.0,nm
11.680116176605225,-27.645466954390553,50.27702801245,-67.31819329495154,-0.5974682601243703,-0.8881714482958815,0.66764087697667,0.007796757360184298,-0.15071369800891107,-0.09935130913011106,1.2615709191457383,0.18068229248800705,0.0,nm
11.70415210723877,-27.163865250945715,51.326261159456635,-66.35771786262873,-0.25529496967850696,-0.49653721045528537,0.5765896874599867,0.13348614540374135,0.059667032090450836,0.11787148703113146,0.8026084914795453,0.18780945979412714,0.0,nm
11.728936672210693,-26.662710541192723,53.941991919706076,-63.11488562822781,-0.19365187171067383,-0.16855317239647133,0.12616424532535708,0.28223447898044673,0.052200674443104604,0.3062316316302507,0.2860570504995092,0.4197130254693137,0.0,nm
11.73146390914917,-25.507934411841372,55.638609595682226,-60.493098514487166,-0.16730628039590473,0.035558880993020646,-0.004608786397660248,0.3539301939941196,0.03331968500621264,0.32999528543082446,0.1711054247808881,0.48505017476153917,0.0,nm
11.74755072593689,-21.534891792737433,58.81084616934942,-54.623424234329,-0.2791359857300814,0.46280891574190314,0.3524948118603352,0.36281656702468235,-0.04866074415561824,0.19914459862917316,0.6452608646184529,0.4167280893970658,0.0,nm
11.776103019714355,-17.359014771331616,60.21219708116944,-50.445055720416754,-0.48284978043827775,0.7254025833627881,1.0821587215962858,0.19285584013574766,-0.08843614700581272,-0.004882650055493146,1.38939566616051,0.21222197681499244,0.0,nm
11.778805494308472,-16.133542809243803,60.820392440551345,-49.95015707930005,-0.5927835886938454,0.7488920109068737,1.228200179304517,0.16296573382640564,-0.024284693630219293,-0.1219615839440325,1.5558622392321702,0.20499318209255105,0.0,nm
11.79822063446045,-15.051355944297173,62.67096826605755,-51.19555068985524,-0.20257440517138334,0.28230138370006347,0.825608051555375,0.17706824443905902,0.09898259653728138,-0.24451719851040696,0.8957450059378355,0.3177095811796842,0.0,nm
11.804429769515991,-14.85078328968244,64.00733455705016,-52.09373474571756,-0.0901057248705055,0.07018247169747743,0.34691340072966137,0.21272604336592302,0.1433947653853525,-0.2235610526279823,0.36523078812420107,0.34028513414219597,0.0,nm
11.830913066864014,-13.634169849099175,66.52730147520651,-52.34550716793369,0.2530015777953319,-0.10432822540024511,-0.3004453054846457,0.21324370218238808,0.08247200444662986,-0.11137022311952773,0.4064007364287789,0.25431837258756856,0.0,nm
11.835953950881958,-12.760518559053835,67.65923284306339,-51.74537753771212,0.5531379059445748,-0.2586162382091189,-0.3292775792139028,0.21177061789815374,0.07805569909990138,-0.04908804843965503,0.6937345499765404,0.23097429135415504,0.0,nm
11.85524845123291,-10.198192167906052,69.57737081831243,-49.657225786745364,0.49966374811408615,-0.23870476523364587,0.005369823427569604,0.18851774171907484,0.0036771997648297338,-0.07004758985873691,0.5537803365309301,0.20114453904092972,0.0,nm
11.860254049301147,-8.074133140217533,70.19692576581194,-48.26665364641474,0.7393752512243427,-0.3169930289977876,0.1759444743125431,0.18039944442888692,-0.03597122193925487,-0.12948113663192495,0.8234784760984157,0.22495166836800612,0.0,nm
11.889318466186523,-3.019381944070154,72.15503978520792,-45.47106864604112,0.5881187408706323,-0.536542554333433,0.1914201058127933,0.27074231221322326,0.014759983486998961,-0.2742617925167636,0.8187815477178781,0.38566667936134597,0.0,nm
11.909773588180542,0.4091274540569435,73.23955455428509,-43.72001799612232,0.7121566066642057,-0.9013852073107604,-0.07291047563144779,0.2884784706655313,0.005938440247258008,-0.33263574952284003,1.151077000826158,0.4403426336055999,0.0,nm
11.912006139755249,4.7051132304066074,74.30775854512949,-41.370420188848016,0.4109796761548434,-1.0809491620981422,-0.525197943137893,0.31209490033494247,-0.009557071932014754,-0.3838512008629215,1.2701134849804914,0.4948093661632713,0.0,nm
11.91574478149414,10.47113494486708,75.11891555667393,-38.15097465462946,0.9120000637294416,-1.4066286031783963,-0.6528644060647307,0.3278490066563526,-0.0736472805919756,-0.5029417839055231,1.7990497703588875,0.6048630680593916,0.0,nm
11.91797924041748,15.732451444039464,75.42799647310802,-34.74387699496576,0.980132399164649,-1.8674460290013728,-0.8602226784407102,0.24180223663339187,-0.1129239577164935,-0.371715806235101,2.2777175522063655,0.4575945612354657,0.0,nm
11.944257259368896,24.27783170600788,74.69681212402284,-28.93566219016835,-0.02918048781558708,-1.2324642862682222,-0.9949545769794765,0.11849483758654385,-0.21369166201949685,-0.31448599191735704,1.584220416497718,0.39825443131691607,0.0,nm
11.973907470703125,26.023940624586384,72.11118162909298,-27.891349626563652,-0.43563031607867336,-0.9943873546428307,0.19031226408549057,-0.08431110014812697,-0.09983955431976059,0.0072627150635089085,1.1021790876358148,0.13087797845722418,0.0,nm
11.976396083831787,24.71191696728442,72.06908913117692,-28.118388630827095,-0.6180366997626985,-0.6554455153892619,0.23216563545521923,-0.08500167856944592,0.026279746097427656,0.1789816988440772,0.9303112748880284,0.19987585881161488,0.0,nm
11.982797145843506,22.82571904393742,72.34326887349316,-28.387229728677067,-0.6646079816192876,-0.5317206273407498,-0.044882928716900826,-0.08530894678840559,0.09870180740138047,0.28680979689755937,0.8523174714048224,0.31508653221435134,0.0,nm
12.008748769760132,19.5235823916797,73.4482316166119,-27.626039932844133,-0.2887025222806081,-0.2180510250636058,-0.6115640407020156,-0.04043498121353298,0.1460775895442752,0.44651583081123214,0.7105673590745996,0.4715400693873739,0.0,nm
12.017439126968384,17.85317998272083,73.78285173936749,-26.944665418238657,-0.3665614688391211,0.020507561140799192,-0.8256988501490277,-0.06260479516517067,0.09767295661657881,0.46637930009512335,0.903640670642299,0.4805923619754211,0.0,nm
12.042888164520264,12.998592648805259,73.42914779335193,-27.333148915643125,-0.2530956136806438,0.2602566999131203,-0.5893493081224652,-0.1843801165650376,0.012332813124452209,0.43456283151388075,0.6921875081930315,0.47222132543698303,0.0,nm
12.044880390167236,8.959305377281225,72.89583401088917,-29.25497593338935,-0.34669786334924,0.4038238180374159,-0.2808173572815848,-0.26570496817841455,0.009720617964171993,0.39599456424160806,0.6017736057819897,0.4769751727681418,0.0,nm
12.050885677337646,3.9274661406924882,72.17278325969609,-32.428808364445324,-0.5883594352037054,0.504760546432206,-0.03093790613726635,-0.3423038524334268,0.022770798552442954,0.3302890416682852,0.7758267772279587,0.4762155895218419,0.0,nm
12.070711135864258,-6.824085519425461,70.30812998097379,-40.74683861163909,-0.5030292819731854,0.5919287345325138,0.3402891041187452,-0.40812284338245736,0.06082485491320404,0.1567315958384594,0.8480653038944937,0.44139405455880837,0.0,nm
12.090562343597412,-11.843536033107283,69.38901679300758,-45.02815786052476,-0.5700086892996272,0.590058873592217,0.2682782201085143,-0.38713690400237816,0.09160222896538435,0.08780256649021174,0.8631642853863842,0.40740059091052055,0.0,nm
12.09304928779602,-16.156946921192304,68.5454837487915,-48.998076641761806,-0.3526105808765065,0.4834352166820416,0.18523129295728283,-0.34323918588153374,0.10218997770275334,0.011172502224606319,0.6263820418603223,0.35830260266074837,0.0,nm
12.113173007965088,-22.934641275352984,66.96319107511819,-55.677410511984085,-0.019654039942857623,0.08077793595580907,-0.0964234792657946,-0.27284215943710866,0.09162464851627786,-0.06878604782616485,0.1273139567254013,0.29592134184201635,0.0,nm
12.116352081298828,-25.384997146227818,66.25107427865326,-58.536232775087036,0.0907447018799794,-0.1692966336591668,-0.1594498241432146,-0.2343765235690285,0.07647375930491639,-0.1285223758994665,0.24964013600964596,0.27802624295086503,0.0,nm
12.132324457168579,-27.018144850899237,65.54734312678843,-61.0697343043032,-0.16662138047208688,-0.35199612865917834,-0.24075856276978852,-0.19803591321059352,0.03495197963372541,-0.21510154445655175,0.45785220821619604,0.29446313560285264,0.0,nm
12.152875185012817,-26.573292705952827,64.00406082899097,-64.58392060938692,0.325049378472596,-0.9801506485220173,0.2296149992877108,-0.12905568416968224,-0.11994309324880453,-0.42049671765155927,1.0578636207666126,0.4559157869501026,0.0,nm
12.177127599716187,-22.844884959981297,63.22848327605565,-66.4575397159482,0.3480942418395126,-1.676072229374325,0.7774804205212178,0.043688591346842325,-0.23011926503156363,-0.6125410257754184,1.88012327350509,0.6557972837779523,0.0,nm
12.179868459701538,-20.458279443890948,63.387935080140124,-66.82086377217354,0.1205764896717325,-1.9699619911737964,0.8398172815168508,0.1043668657047515,-0.19179626642992628,-0.5242585605226437,2.1448967347789356,0.5679130996506132,0.0,nm
12.18627667427063,-17.918884556554055,63.90714223357685,-66.79302066348022,-0.2997535237997223,-2.020586403906379,0.6226122265299355,0.1742571253879655,-0.17327732788994718,-0.4721369466050874,2.1354783012960414,0.5322629749087687,0.0,nm
12.20461106300354,-15.061769473890529,64.70802087415815,-66.32733531404068,-0.0923451314217777,-2.022009679456196,0.4773321257300956,0.23560006693708496,-0.1697535720154226,-0.45490676394962914,2.0796386045094146,0.5396886423113588,0.0,nm
12.220564842224121,-10.779485494471132,66.40001293654026,-65.03469942413132,-0.8974256017456276,-1.3606845908310088,-0.2757120468000266,0.20706628816648487,-0.09318880040930176,-0.2651242323713019,1.6531341140827356,0.34907228306934157,0.0,nm
12.237337350845337,-6.841034286943366,67.86621655995869,-63.35378011913616,-0.7868327939700982,-1.1109273412876615,-0.3873130244646249,0.18549051599414063,-0.054118614506516734,-0.16122786713034143,1.415371605694843,0.2516544875405097,0.0,nm
12.240370988845825,-4.753550530013591,68.78895659792659,-62.03919638322452,-0.7377975754279394,-0.9413406805129948,-0.42064280560376743,0.22447836021560294,-0.056535088231179864,-0.14299511003117638,1.2678359156461152,0.2720925428952832,0.0,nm
12.260327577590942,-1.9742662340379626,69.83594575649407,-59.87873178316029,-0.5751919664806617,-0.8105903201147571,-0.49746483265196667,0.2682394068650154,-0.07376166297354644,-0.10540412173476088,1.1114736726945378,0.29749485911288387,0.0,nm
12.26273798942566,1.6730042752650145,70.99751762721179,-56.527858680307524,-0.6150117520937095,-0.5759508338878151,-0.7168873041579821,0.316164908653206,-0.08862488581272239,-0.0332781463839979,1.1062939144424249,0.3300334147866894,0.0,nm
12.285413265228271,12.505647686645458,73.02197356608286,-45.75117558714333,-0.2206521958411388,-0.25807668670113537,-0.7669342639141761,0.3519061346107469,-0.15003568903212955,0.06376283163568487,0.8387366290521306,0.3878328689760883,0.0,nm
12.29012417793274,18.3195069956926,73.53453370394968,-39.283695645180494,-0.1092648317965185,-0.10247559638155158,-0.6736363327013658,0.30521823525891395,-0.15281089114007987,0.16510624226823084,0.6900912693670463,0.3791693695718667,0.0,nm
12.314894437789917,26.339753359142872,73.53144927905659,-28.41577047816649,0.3390400518954675,0.10085338947286167,0.10356621094649314,0.11795998449981134,-0.12010421153459415,0.3761364897147558,0.3685722765038894,0.4120900853775553,0.0,nm
12.34496784210205,26.567706187039345,73.104950463766,-22.574850887931877,0.6232705714911897,0.25802636673416746,0.5795286010551257,-0.03770732815625371,-0.023885586637820286,0.5777184311971714,0.8893240189367992,0.5794402036367834,0.0,nm
12.34860873222351,22.70793957570525,73.1058083235498,-18.50939789036001,0.8847837195482824,0.5829332809996826,0.427887606337516,-0.13716702599023475,0.046400784975528415,0.8566289450106239,1.1426903535656532,0.8687813161523247,0.0,nm
12.365294694900513,21.22272166238398,73.30966622172616,-16.00253279897905,1.2073812924402034,0.6991286396927848,0.29019364219641763,-0.07899075612934288,0.058299691742207296,0.8005629129774161,1.4250483465989785,0.806560209312366,0.0,nm
12.36750316619873,20.293404256822676,73.62960071607763,-13.07586722007751,1.1575519690589564,0.9649053765568347,0.12477103328313938,-0.04387582826720625,0.06861790487110618,0.773974521375248,1.5121298745567777,0.7782480741467195,0.0,nm
12.37496829032898,19.52333410695119,73.87224503993747,-10.27125751071043,1.1280293202757676,0.9335165155262583,-0.0229557853493025,-0.04075099963817025,0.048982484234051965,0.7091449889103612,1.464387312237818,0.7120017858333823,0.0,nm
12.40652585029602,17.771958835995402,74.12314818346684,-7.395849937180866,1.0541280479836004,0.9265069493229923,0.10854405640737931,-0.07131705367622018,0.019127712690801872,0.39459189666634903,1.4076160274985796,0.4014408505030167,0.0,nm
12.408838748931885,15.188890525216598,74.0895770667598,-8.630366144644755,0.7133538914306251,0.7338554137951409,0.16965133738179825,-0.14794358924454845,0.004468432785926316,0.26470002005299553,1.0374001730533335,0.30327112145105123,0.0,nm
12.413662195205688,11.43906164775708,73.90191037842746,-11.84952907537536,0.70413552322805,0.4459792376894653,0.27757005637113125,-0.21667953674436521,-0.009257158007825835,0.0837017346505194,0.8784927158010983,0.23246870112262538,0.0,nm
12.496090173721313,-5.118614614137301,71.75543586547809,-33.393825727068965,0.42442416094048113,-0.7708011623513265,-0.3757990588363944,-0.23069050367204605,-0.08446521446818771,-0.5269539817117518,0.9568151508491634,0.5814060369324423,0.0,nm
12.498486280441284,-5.919849980768186,70.62347331835831,-36.88465845636786,0.35265617139449823,-1.0930142236926608,-0.44954855394838533,-0.18056824226426316,-0.16545802774410498,-0.5692097337948715,1.2333451953018586,0.6196619805234166,0.0,nm
12.501205205917358,-1.7784304550336063,68.2745472499906,-39.01506180423892,-0.060236666514201426,-1.4681662653741965,-0.12594477801569026,0.02392747124148357,-0.3230293472591444,-0.6722544691090266,1.474789044536533,0.7462215182556318,0.0,nm
12.503617286682129,2.066694648274035,67.50500125784701,-38.36579713344838,-0.4088423315953147,-1.4765605253091583,0.05533204365439441,0.12154485401406359,-0.3089786274732381,-0.6229001607824984,1.5331160008494211,0.7058651103967446,0.0,nm
12.519499778747559,6.36576000028062,67.2386435461654,-37.1231196742248,-0.986665097081858,-1.308517894696753,0.029430228452607975,0.22073592862477254,-0.2515448399904464,-0.5814058942511333,1.639083046367068,0.6708442222913007,0.0,nm
12.522785663604736,11.249825535505112,67.42136805761318,-35.442903004779325,-1.1651426704516838,-1.1375300325597113,0.08527518407516865,0.3167822476922648,-0.19925975237046312,-0.5984106655957534,1.6305839059985943,0.705797964056609,0.0,nm
12.52973461151123,16.163228065368997,67.90640175071408,-33.56426770858832,-1.2768379931446863,-1.1033399669240462,0.09808323612911526,0.35421818578408687,-0.1366156578970762,-0.5634424943879123,1.6903534140999228,0.6794128388578577,0.0,nm
12.546427488327026,26.225568795848556,69.7266335651077,-29.04631576825943,-1.2870346082649582,-1.0190623515744137,-0.041115093260251645,0.4135525071183192,-0.004859786075558987,-0.5059953254198463,1.6421439066543186,0.6535140113350928,0.0,nm
12.556320905685425,36.52582921605787,72.14438823922109,-22.916256786367796,-1.1373527163258934,-0.8026231853786276,-0.5737231147657811,0.3900568052692161,0.07867816350397065,-0.34792865925787514,1.5056338836044347,0.5285725273622981,0.0,nm
12.58077073097229,46.77642355899952,73.76720714533154,-14.901258353675802,-0.7753466320506945,-0.30806736160647463,-0.22339476497984484,0.2764188224576614,0.03413615612455123,-0.1279328669807184,0.8636973544824191,0.30649545023987884,0.0,nm
12.587758302688599,48.62270917075176,73.72889995720647,-13.106983937477782,-0.6171729709956238,-0.3918259713758023,-0.026138761665903572,0.0883169052583161,-0.033818694684419386,-0.013598948901928145,0.7315143900386261,0.09554324296255393,0.0,nm
12.609401941299438,51.91655361463071,74.29718901777339,-8.537242449940656,0.049648232822431415,-0.26005436538986326,0.6601216083082617,0.10726245784794113,0.0836263626493546,0.2124746012488374,0.7112339683509225,0.2522777429132328,0.0,nm
12.662010431289673,49.926815672330626,76.28060690475024,3.390492456435596,1.6423850999397485,-0.24858550366463925,0.12870572807190073,-0.08012934985020463,0.014904531078171046,0.7242826489528064,1.6660698465475023,0.7288540411688549,0.0,nm
12.664111137390137,48.85601870852114,76.37790113090388,5.648354660188758,2.03585934609331,-0.04772299401694127,0.07493837835983203,-0.062192110977208705,0.011042076276835292,0.677968325881259,2.0377969775678393,0.6809044257563185,0.0,nm
12.667787075042725,46.73353295179825,76.42340392634765,6.945130368615886,1.607683148465383,0.31421797863772555,0.007435780573869695,-0.10994585679897363,-0.006980371271425341,0.687117198209236,1.6381188402528943,0.6958928517273747,0.0,nm
12.693941354751587,38.98501846763749,75.98026437814269,3.976762154981158,1.5443117968702682,0.24164577027142486,0.3502015391467919,-0.20434808027979875,-0.07496233316267494,0.38146231738075764,1.6018529028170874,0.4391935665384101,0.0,nm
12.697171449661255,34.65920793412891,75.85091942212658,1.162549334300693,0.982997718089925,0.19667284539155652,0.5161307910751699,-0.21713470382976155,-0.04205963436788884,0.2803127599700166,1.127544107953339,0.3570598491183332,0.0,nm
12.722728729248047,27.79769331496265,75.81292822739411,-4.787219267179121,0.5190980971986515,-0.23142838293662374,0.45331616448328443,-0.15466124908954818,0.008328242999627675,0.0057996757419380976,0.7269920741835892,0.15499386387890246,0.0,nm
12.725630044937134,25.980926791223578,76.12156207212233,-6.910708030204261,0.4112084128593037,-0.4383018717473145,0.1548192264335152,-0.08925412242871206,0.0636755896179422,-0.08211129815220856,0.6206205623865028,0.13697862741301287,0.0,nm
12.757850646972656,24.795177266958902,76.83723198630669,-9.828816651288093,0.28060468101097663,-0.5970569417779463,-0.664541843446595,-0.010405442413434439,0.052248419884362046,-0.22449986445038453,0.9363929946458937,0.23073439221423608,0.0,nm
12.776784181594849,24.60610861538767,76.94251961992845,-10.840297129591994,0.247847717631337,-0.6747136714363643,-0.8806621257888161,-0.013141844468420772,0.015653193080081042,-0.17531953740354297,1.136764183706136,0.1765068574447655,0.0,nm
12.778860092163086,24.395716487673358,76.09877456668707,-12.535122031499455,-0.7103661751273768,-0.4866004209213997,-0.9037858148474535,-0.027597110191097774,-0.12984713594672753,-0.20323593153677902,1.2482903794892668,0.2427482709971172,0.0,nm
12.795353412628174,24.62716396885925,75.34948686664175,-13.35663350496466,-1.0739131397425323,-0.3455563085637142,-0.596925108332558,-0.031165940711183355,-0.15609472114957962,-0.23260494185769154,1.2763299648044313,0.2818544603297916,0.0,nm
12.797870874404907,24.718038336700314,74.67411750665961,-14.571023551876817,-1.5689041384380462,-0.2714041534622402,-0.28738268940101974,-0.03664876784476408,-0.13939529395197212,-0.2906265008850501,1.6179336266645632,0.32440398144471677,0.0,nm
12.804123878479004,24.96094868095051,74.28580535064373,-16.40623846536711,-1.553832226404002,-0.29958365167761375,-0.06544990557865547,-0.01678719963419256,-0.08484917718013252,-0.4451102759681648,1.5838019580441132,0.4534361594669746,0.0,nm
12.809892416000366,25.201914872441158,74.49298536134955,-18.774843349898273,-1.5322294593534547,-0.38180037477463513,-0.09407651074078047,0.01625079585394002,0.030136291618853304,-0.5498205185146176,1.5818814848659781,0.5508855480207353,0.0,nm
12.841721296310425,26.239124030824605,76.19338984429525,-24.285688154363505,-1.481044853732139,-0.6469887258613887,-0.8466160848071725,0.10128001327690764,0.15608461339021737,-0.7347667370620727,1.8245128295554465,0.7579592373732175,0.0,nm
12.844102144241333,28.41173339580253,77.09336889949284,-25.76563411850371,-1.377638440682875,-0.7550691046177046,-1.2717836707048165,0.15782103560090632,0.11833910265433831,-0.7561331453309025,2.0212497943269514,0.7814403086373138,0.0,nm
12.850444078445435,32.6196427011232,77.63788473572653,-25.095842742772355,-1.4181714944901829,-0.7432323367964824,-1.459048160413802,0.20302923407498555,0.01768900170395288,-0.7269244165902069,2.16620087449234,0.7549522356449913,0.0,nm
12.86782693862915,38.21934350482966,77.49996731554282,-22.832309752698464,-1.184753739617287,-0.8374097199455293,-1.4058263247943659,0.19841913824677054,-0.12469846583096096,-0.6812806487475231,2.0202089293143,0.7204603973578508,0.0,nm
12.873656272888184,43.8320178119162,76.7644046089124,-20.017928922200127,-1.112561584743847,-0.8152398572995072,-1.253535164696121,0.16806383743451328,-0.22995921628500435,-0.5713311979918388,1.8638024879013313,0.6383933210853773,0.0,nm
12.88189435005188,48.95289391478769,75.77803545751424,-17.19720930711803,-0.9338999922340793,-0.8513008110631501,-0.8890684257048975,0.15667917196867143,-0.26594900549963385,-0.46799640022991096,1.5450970623222915,0.5606227493450366,0.0,nm
12.913622856140137,56.36442114491052,74.18292426753169,-12.689065564608484,-0.6172767696565845,-0.7375261709142554,-0.41092275433074943,0.1278139437623508,-0.1714781965089834,-0.22098320657109036,1.0458647011769167,0.3075300858200708,0.0,nm
12.923487186431885,62.80175803619263,73.50554732203881,-6.6452910732950645,-0.30420590637841133,-0.6251749919612586,-0.15154887278208837,0.16160542768970046,-0.08694206024839382,0.04231236783080123,0.7115841938174232,0.18832305374131805,0.0,nm
12.925976276397705,65.55331655258594,72.97543244327298,-2.994781106468227,0.42804745627832974,-1.1621432303552182,0.6511209598056884,0.13886605854518316,-0.11886188664660666,0.19373350189102398,1.3991997773674392,0.2663542754829072,0.0,nm
12.942975044250488,62.826921677099605,72.05945872612196,-2.3494378636905737,1.4912387569555678,-2.3891996659674475,2.9335427745695544,-0.18225247175519158,-0.17643302226338303,0.6518477103317356,4.066662179765439,0.6994640893359677,0.0,nm
12.94857668876648,53.29917873176491,70.91160762080831,-5.698977607811073,1.0376955180464402,-0.8436045210869129,2.044604994879888,-0.6291341745562128,-0.18821967770377282,1.1551105962054864,2.4431312206387394,1.3287275665596894,0.0,marker_1
12.976691722869873,43.10048185286869,71.97767366343037,-1.312974748892187,2.507666293684516,-0.06943140039961454,1.4074352157334424,-0.2351032879281215,0.22207885061628221,1.4935754975493638,2.8764709013528247,1.5281885808909488,0.0,nm
12.987746953964233,33.725780431781345,72.89027741043424,1.8767408678875348,2.298027044369623,0.8729553657350775,-0.980237921991691,-0.28361763008530044,0.046533469582164644,1.1187481775696013,2.646477989882107,1.1550765380276151,0.0,nm
13.003821611404419,29.373544876516227,73.00159089314195,1.4931961262148263,2.122336326448824,1.1295242559647394,-1.0064221609194053,-0.26345417143109645,0.007730759569925093,0.791679254887773,2.6063426661447786,0.8344003282044135,0.0,nm
13.012683391571045,23.90197180072203,72.12451274700722,-1.2214141270016543,1.2768149908383644,1.1321600423586078,-0.7687271624711481,-0.3344136046228533,-0.18473493025793541,0.5233908060179261,1.8716261198925281,0.6479948990835874,0.0,nm
13.030069589614868,17.2724603060803,68.61170712250404,-6.600630429271429,0.7794156058385666,0.49207034763343754,0.7054769468047615,-0.18030909882895635,-0.3301263956891599,-0.0321094354331766,1.1607409858007773,0.37752592506351595,0.0,nm
13.034029960632324,17.323758262677252,67.3112455903315,-7.1577945298757575,-0.10109587848893248,0.35587363372848524,1.158825419362716,-0.0331609867467664,-0.2683258341039279,-0.1308987120495101,1.2164467815698885,0.3003878777610848,0.0,nm
13.05046010017395,22.34009979257893,66.22100997870865,-4.868032879474968,-0.7526269037223008,0.07395618219114314,0.8283294373138557,0.2511901283033484,-0.06615317756252027,-0.2768486345008553,1.1216266891491107,0.3796286210017089,0.0,nm
13.066949129104614,26.227913931185597,66.48568369207153,-3.1135749134293818,-0.9644512017161079,0.03601835155959581,0.3365336197809863,0.3088846852411381,0.02366320336831253,-0.3727176566490094,1.0221146312344858,0.4846526050152789,0.0,nm
13.069214105606079,29.777862180729244,66.68203855683709,-2.3393892423416776,-0.3447176756081583,-0.15231790259860256,0.01098648940128923,0.2775533392057019,0.018847727463795923,-0.5084157704861844,0.3770301344429825,0.5795495566505469,0.0,nm
13.079877853393555,31.935927437450495,66.97831728777966,-2.688405856824129,-0.19179072748076012,-0.49592465326581603,-0.40777218876455856,0.16575729832870945,0.045353903168962754,-0.4903360979473286,0.670076937966274,0.5195786248799162,0.0,nm
13.102916955947876,34.00661271531361,67.51595614190998,-6.632948486526214,-1.1000073832017065,-0.41278856688110444,-0.5447809614425709,0.056163233917407164,0.01191877637734729,-0.7076675656827672,1.2950663843974617,0.709992781367366,0.0,nm
13.106549263000488,34.13562416258385,67.39663062745423,-10.30010889806423,-1.297220166393643,-0.5834169552629581,-0.44166377271092366,-0.0010138481390256403,-0.03064592278034754,-0.7912976620505836,1.4893697968979691,0.7918915269390294,0.0,nm
13.130368709564209,36.1713902055782,67.92136690007565,-17.370470489781606,-1.479159858652394,-0.9145277498176773,-0.13410414238672846,0.1235826444557395,0.052637626013305995,-0.9804807104052101,1.744207216370932,0.9896392338421592,0.0,nm
13.157341480255127,40.71751248393006,69.92920223474908,-22.32875854069844,-1.4972244856633896,-1.3831971577157074,-0.8361333087103016,0.25058008316327796,0.1485696941769567,-0.9342430616895482,2.203187338270999,0.9786079043319703,0.0,nm
13.159465551376343,44.21972037152049,71.09583200347343,-23.16723770534745,-1.3004143133301826,-1.5834056986673668,-1.1631867267627556,0.29689943194924867,0.12492345013090873,-0.8729521495603043,2.3561100046906462,0.9304840656918054,0.0,nm
13.168665885925293,47.61726202432738,71.89393494689789,-23.123713526534992,-1.273481189862644,-1.570613718903048,-1.4383313415466208,0.2519154502402152,0.06282926463758885,-0.6910689610787459,2.4814066258909966,0.7382311423470889,0.0,nm
13.17948865890503,50.61376789159515,72.17191383580024,-22.481441282412288,-1.3365750883325878,-1.3550889310382022,-1.459270581082052,0.18264004408482828,-0.019488203315707192,-0.4898410198531548,2.3983681132355543,0.5231456780883899,0.0,nm
13.19716763496399,53.115010019135916,72.01513350596498,-21.570203575982408,-1.007503872775923,-1.3045250722442137,-0.9030696722785068,0.12135660621443355,-0.08595876623789397,-0.325705474674552,1.879463899829274,0.35805082264673155,0.0,nm
13.214195013046265,43.27311684123641,71.75709400980274,-25.56694680808825,0.2409156098207897,-0.8866985241450969,1.1671558323570708,-0.3078226173639858,0.21306035844895532,0.6592556600726821,1.4854384338576752,0.7581342265331911,0.0,nm
13.226202726364136,35.93257248593966,72.82779023660234,-27.635405317412307,1.4809705117548164,-1.1029328008097294,1.6511936990447373,-0.3127191421471051,0.3909690339781777,1.0200854512145348,2.4771304066508812,1.1363205424415295,0.0,nm
13.243476867675781,15.920378969529576,74.22714253856208,-32.158737842426454,2.875228932795161,-0.7188067773254428,0.9389921587727271,-0.4267212358437691,0.3441642526905842,1.5886750613524432,3.1089115254937787,1.6806036107640883,0.0,nm
13.299227476119995,5.293864907089256,75.14822964874678,-27.195158602971155,2.3318457124791307,0.8923712553779227,-0.9149474980165206,-0.11679804198654671,0.18905888372291305,1.512875398637228,2.659127640478878,1.5291098769964822,0.0,nm
13.303773403167725,4.917928291017483,75.4789181728688,-22.054293415947235,2.246782486438496,1.3129234483655892,-1.0655731121988934,0.0014011114963967278,0.06049918156811942,1.1410288664036774,2.8119824999590906,1.142632481618783,0.0,nm
13.30612850189209,5.156518872122806,75.16154723480452,-17.76785102839602,1.6703611408231342,1.5874477085705738,-0.9329424774742872,-0.018678181253496188,-0.07293851765563399,0.8389002836298732,2.4860567641334717,0.8422722764563852,0.0,nm
13.309014797210693,4.830546965613287,72.84368871675461,-14.985191251922187,1.0030015695282009,1.2182433368943715,0.17520339380425884,-0.08201365524633543,-0.27053103772942205,0.12723054609066373,1.5877106806859043,0.3100014417391494,0.0,nm
13.324843883514404,6.809167991462673,70.77228576647596,-14.856006156917537,0.34872082203980825,0.4247581258451897,0.9186144363070545,0.0509816083452816,-0.18905766269221644,-0.2615161661588874,1.0704569864255944,0.32669960112396584,0.0,nm
13.343555688858032,9.920306786806549,70.71393526258116,-13.701720922455886,0.08425556309244464,0.1942658074869438,0.7540008764477308,0.18977278965887492,-0.07104767248107309,-0.3666035571128822,0.7831701766248033,0.418879041666813,0.0,nm
13.348919153213501,19.47161114378682,71.48439018717212,-9.055370649099535,-1.3127721333212437,0.2260931619952514,-0.6379467233360478,0.33469333093478926,-0.006394080597655778,-0.5004457184636505,1.476978271248775,0.6020850663880587,0.0,nm
13.364042282104492,29.477207109873238,70.17655071409543,-7.001162089732163,-1.0931398627680662,-0.1487496736595957,-0.44369537899823847,0.23787659036245554,-0.2576986828527975,-0.8276592014400785,1.1890949559773658,0.8988957876834014,0.0,nm
13.374125480651855,31.979546829751463,68.47519793389303,-9.340703010487053,-1.0223651310654296,-0.6984335419098161,-0.18764662494741663,0.11990224988329305,-0.3690740133275653,-0.9875296560450514,1.252298338870287,1.0610405262803344,0.0,nm
13.4183988571167,38.58914888530466,67.27947307596818,-19.93254967701511,-1.9746604076773173,-0.9648380595449894,0.18000063178235134,0.13292313423977145,0.006075462992363009,-1.2388233815691632,2.205129573117402,1.2459489723055084,0.0,nm
13.421760559082031,44.41408683252243,69.66763668138118,-26.37999423509274,-1.8222981634867272,-1.668083979586329,-0.44281521003247043,0.3411588138381195,0.1680663535405157,-1.1782560489814613,2.5098525992248555,1.2381126573996577,0.0,nm
13.444897651672363,52.84140958102057,72.14418912838752,-27.28121345802989,-1.8351309957283914,-1.6249420205673684,-1.4450343372544587,0.3344568567223373,0.04861827269638195,-0.8409860162189453,2.8453939230857075,0.9063567757370041,0.0,nm
13.461783409118652,59.65063829114575,72.49544798089477,-24.946269234485946,-1.6011962485673479,-1.2068246256638075,-1.3020608918683898,0.12120582297185313,-0.07720308137335878,-0.2871379250359398,2.390735800892237,0.32109088322431495,0.0,nm
13.491681098937988,44.063414014226105,72.63172674649817,-30.517774867569372,0.03168011179498634,-0.612930602906592,0.6895720328134956,-0.530193147632953,0.36106831838090075,1.2702987524966296,0.9231452442066296,1.423072037856778,0.0,nm
13.495948553085327,30.342118805762937,72.5314008944281,-36.68333335884895,2.0228460854405768,-1.6003058340743073,1.9993406397405968,-0.703738981036609,0.4376699624204932,1.4386762952298118,3.2634717773672977,1.660299079049247,0.0,nm
13.528522491455078,0.757783391339984,72.26136248581224,-45.468785899933025,2.8085700218451746,-0.11455762488175074,1.578960127140433,-0.602907832994015,0.565325464737175,2.0580101244933595,3.2240198665835305,2.2177683397241954,0.0,nm
13.530805826187134,-7.547005461552741,72.64522549886772,-44.22001963169603,3.548010312244075,0.6646997480711836,0.6497704472761675,-0.3099579634784253,0.4019751820240651,1.8904111664490566,3.667751977033025,1.9573738437820856,0.0,nm
13.534651756286621,-11.933073903274177,73.78111585561994,-39.721908712702025,2.830551953038673,1.4082615789995676,-0.7038170403460332,-0.0444072627056981,0.33153370566810686,1.7898114654628983,3.2389170196253643,1.8207997377189749,0.0,nm
13.558640003204346,-8.429362525542862,76.34191829323571,-25.828252154378387,1.2276736897549727,1.935793219523506,-1.379218285150624,0.24579792424000146,0.07348839873188184,0.7963759683893913,2.6752048810069855,0.8366790587417676,0.0,nm
13.617582559585571,-1.149605308957498,73.04000686134255,-19.144102500493716,0.8125680599646008,0.9061617763410871,0.02778048445484908,-0.03155838397573765,-0.3445794522731833,-0.3972329061559408,1.2174431289767975,0.5268063327838245,0.0,nm
13.619842052459717,0.9811236736059252,72.01775996913422,-20.003085031619996,0.5046362668160805,0.4214862675792814,0.5556405675083941,0.04593695744466867,-0.24626741527778773,-0.6008837966653584,0.860839634197354,0.6510139637379919,0.0,nm
13.622657299041748,4.8493659852412385,71.6216292043629,-19.58205257563801,0.026340015052895883,-0.03197875016809356,0.6893703226102694,0.19394845272887165,-0.1657319224159603,-0.6789520025815522,0.6906141314446781,0.7252991756738134,0.0,nm
13.625452041625977,22.174611381224068,72.91588995712976,-10.087400522036601,-0.22913534877680636,-0.40562274237954954,-0.22386960215113577,0.6602107355834712,0.03969880767225008,-0.7302294024027839,0.516865955506728,0.985235601693216,0.0,nm
13.640312910079956,34.35338497952219,73.06134419869808,-1.5834139090275636,-1.5779507225016027,-0.006930483433701567,-0.4803393610421139,0.7022687017242115,-0.04871244554526712,-0.6598677710587572,1.6494551876332686,0.9648728968389891,0.0,nm
13.643089771270752,44.15781926863389,71.4264950786734,3.6529754002470476,-2.2296318392797976,0.2039283920093283,-0.2303855461898565,0.5955183380956951,-0.3207484006120949,-0.8642557967178272,2.2507604109924544,1.0974787969085515,0.0,nm
13.648600101470947,50.37949340226937,69.03884564218065,4.1951588060649625,-1.1351021952529634,-0.7343609174774087,0.9027522257511043,0.4459374641762556,-0.45216396620694016,-1.121216406625451,1.625639730040125,1.288580111897599,0.0,nm
13.67378568649292,57.698273164576165,67.88723452243755,0.718457764561361,-1.9531249885529645,-0.9754969685871983,1.0719006080085027,0.2750194241457079,0.07617542676566373,-1.0981733285117061,2.432131260866039,1.134646658107645,0.0,nm
13.677930355072021,61.9409056370517,69.97889807261735,-0.5603295197859671,-1.5823834394673486,-1.2962988414952703,0.52575354185395,0.2956144116705331,0.41978555400134054,-1.0924245770545558,2.1120475427258896,1.2070622387799035,0.0,nm
13.706243991851807,69.21124516111004,75.59940759942451,-2.2188710368888587,-1.7599866764738175,-1.3499227981175683,-1.6939525065904784,0.20624521317018188,0.5320538655051749,-0.855682997793234,2.790935283525414,1.0284997795172481,0.0,nm
13.709349632263184,72.501847388783,77.11196980055824,-2.6116299477545017,-1.684459026071346,-1.2175065091465052,-2.160652897065557,0.15806537175603536,0.299771134491348,-0.7312789682276963,2.9980235576000935,0.8059877940730664,0.0,nm
13.738398551940918,73.49327725102019,75.7123824379372,-6.008968778801783,-1.4485687723125618,-1.0205537697470672,-1.6472115891725883,-0.05021186985666046,-0.27028234595062944,-0.38661634272327683,2.419336170226981,0.4743901083157196,0.0,nm
13.741143941879272,72.32418533947576,73.78886440369708,-7.931272705630729,-0.701401578611007,-1.6028085083732366,-0.767298404195807,-0.11685428722854709,-0.3743997897599016,-0.1854039970260728,1.9104204066312431,0.4338257359000205,0.0,nm
13.757362127304077,69.6351388365717,72.3344363779049,-8.740830243235575,0.367338903129137,-2.7734194451691705,0.21054651588218712,-0.20659318425286813,-0.2645396481560763,0.328514721507239,2.8055521959045273,0.46966359394066187,0.0,nm
13.759898662567139,64.17179040206335,71.90477174773932,-9.37310366132016,0.04202684525075248,-1.0555490743713294,0.5530611998071815,-0.35468407238457555,-0.031058662458688917,0.9163847076865917,1.1924037885129601,0.9831207271738653,0.0,nm
13.774970054626465,54.855723814892094,72.07287692042871,-13.022091820461089,1.169182757496136,-1.1795736360862017,1.421636002184676,-0.5678201512365479,0.1454343328357557,1.0732139410038857,2.1861910268966707,1.2228487365503427,0.0,nm
13.792596340179443,25.239363446358947,72.93579092859036,-25.883673480657126,2.316350104290078,-0.6456147217254211,1.183496176264905,-0.798040298449366,0.4385799002590253,1.7183827932813047,2.680104358749282,1.9447519304799852,0.0,nm
13.796034812927246,13.482720415353812,73.12814678326518,-29.142611144770566,3.2256022009630665,-0.15262055303143424,0.8769832685149949,-0.5993093354294232,0.3469180392035329,1.66006447607557,3.3461772585026996,1.7987044977387858,0.0,nm
13.804912328720093,5.886107975052868,72.83264118901306,-28.280730698997093,2.940905579021053,0.7012169777653452,-0.21966266285010805,-0.4276644399621887,0.15574329279180182,1.6860385156501778,3.0313169679322423,1.746390197726058,0.0,nm
13.835837602615356,5.988075211274493,72.99614906040675,-15.871455723561679,1.9641649088337751,1.557486541367767,-1.0218384361359678,0.14117451933694986,-0.018096103071639516,1.0627346774145452,2.7070023836710084,1.0722232549407775,0.0,nm
13.838148593902588,10.033379155438745,72.54539221278777,-8.608953201660276,1.1483397137817164,1.7585838039473447,-0.7355950026051196,0.20775908312284264,-0.14886593640422383,0.7035663991502745,2.2253990881663928,0.748552323925879,0.0,nm
13.841937780380249,13.063989765589259,71.1910611321238,-4.201916745052752,0.9516211697626782,1.5072484903618202,-0.23786017451550726,0.15088018190020877,-0.30100379301118524,0.3161907121881882,1.7983209738695207,0.46189249741842986,0.0,nm
13.866539478302002,15.150514877811666,68.95283087434188,-3.9024863279416864,0.30768353159386097,0.715251068933483,0.615917286710233,0.025167506962895242,-0.17890391996910984,-0.29742958343897924,0.9927775940728396,0.34800053605091724,0.0,nm
13.86872410774231,15.874649413141261,68.49352842194703,-5.624545614507228,0.0025498687899341336,0.265112133045706,0.642371573054807,0.03955329990509329,-0.10536737320437356,-0.4900742196614019,0.6949332218190445,0.502831470421357,0.0,nm
13.909665822982788,29.548760828737564,69.5663065106609,-1.7303011244207098,-1.4406305566771562,0.1000201574066529,-0.645896923937713,0.5163852563182051,0.04874577309975481,-0.6633038639980647,1.5819618418507397,0.8420225052412046,0.0,nm
13.912776947021484,36.850436333786625,68.36294175964368,1.5453592870213408,-1.8357822324996083,-0.029096063508609694,-0.2862050682563238,0.5169895551443587,-0.24774525035210715,-0.7376092388998879,1.8581863004469035,0.9341966059191513,0.0,nm
13.928616285324097,42.79358576294312,65.94069442089969,2.6627212894051127,-1.381682788172306,-0.6065638549607167,0.4960007135741207,0.47298457804327493,-0.4730547916907842,-0.9086357957278254,1.5883903000026283,1.1283236487313046,0.0,nm
13.93054986000061,47.99636620615891,64.0136305206887,2.7305709916033543,-1.7242395790795524,-0.6394764320946861,1.249780264317749,0.45187324472581286,-0.36880295547057157,-0.9716151622342754,2.223484414685006,1.1332436069735403,0.0,nm
13.965015411376953,56.03307582196931,65.25998563038986,0.33651102621795603,-2.0278021577769754,-0.7505798764695956,0.9870319740731,0.28446335521769034,0.3088588457771501,-1.0416512842757932,2.3768853274587545,1.1230986533292207,0.0,nm
13.967807531356812,58.87327109131967,68.07456866233034,-2.2953928175563147,-1.7185751403995035,-1.1694598488839405,-0.03590240344047788,0.2258425305656719,0.5599621298882915,-1.1026225620388377,2.079044452127858,1.257115328773947,0.0,nm
13.970150470733643,62.23193840526838,71.47256990529668,-4.309778295002255,-1.3927970418585691,-1.6033399246130378,-0.8368977336723679,0.2616706089773555,0.6679556106915747,-1.081309487501679,2.2827571772516824,1.2976387837985108,0.0,nm
13.986427783966064,65.32686346259571,74.35300879345263,-5.765699537556106,-1.6782532937582868,-1.3751397780798404,-1.6581628433452564,0.22219020060807565,0.5618441675308338,-0.9239228630935006,2.730759517482057,1.1039342420550076,0.0,nm
13.988590478897095,68.0482787025032,75.85832853179708,-7.011043380635954,-1.7291327931151335,-1.3243884559620205,-2.1594982951689,0.16297057839033136,0.2873038849724428,-0.8155340430977922,3.0671383870554316,0.8798856216535018,0.0,nm
14.001018524169922,71.39907281903366,74.61163266910354,-8.635924000433022,-0.6790513960219723,-2.3999845430486135,-1.3101760061909271,-0.006751800352137065,-0.24187272022483883,-0.3742000433365496,2.8173742691573764,0.4456160589902858,0.0,nm
14.017932176589966,69.36469194748413,73.0517416427123,-9.664411959094151,-0.5984774487762328,-1.761859139886222,-0.851522224402751,-0.17093142918091492,-0.28957691379708284,0.16291317594238466,2.0463169315006255,0.37364829101938585,0.0,nm
14.029972314834595,57.98549919831754,71.37930854039834,-14.505538455259979,1.0050791990176837,-1.8065956886193073,1.3742263254456057,-0.4904174866622566,0.020940402929188872,0.7456316621368768,2.4824323096478644,0.8927006145847347,0.0,nm
14.05528974533081,46.15778484603829,72.0490326223963,-19.397709289765455,1.5011181049325826,-1.2164052244075723,1.6459966276030633,-0.6796217030046035,0.3443178184368526,1.2995875900163527,2.53816905130511,1.5064422735081828,0.0,nm
14.058445692062378,32.120484448973166,73.296093662208,-25.08091440095128,1.76519864042624,-0.8532167235666052,1.6506500324665647,-0.6875360720572313,0.5454172858767907,1.59838364686744,2.5629183653051166,1.8234626809140757,0.0,nm
14.080554962158203,7.335170428424621,74.05124451614357,-32.01728233955535,3.360280104230983,0.1453683602769373,0.044332771293860505,-0.5166084754533983,0.32581602732664394,1.8425460577632338,3.363715168332596,1.9411379074017474,0.0,nm
14.082717180252075,2.203452163849953,74.2665356525951,-28.276453951360555,2.8557623518681683,0.7918789179250291,-1.0188499763382046,-0.2299019435706638,0.17134709739619933,1.78720387405569,3.1337686745013724,1.8100586782983965,0.0,nm
14.126355171203613,6.547378465482549,74.13682195740734,-10.740873032505913,1.6843766357114516,1.9833096636917196,-1.088435343459939,0.14921762085024864,-0.12345797921873528,1.2331156942115131,2.820520053095944,1.2482315836076752,0.0,nm
14.130202054977417,9.766507749876958,69.17027845428683,-1.8015819290398487,0.38790602354357817,1.4586440193651222,0.6725799672916487,-0.08326837634032963,-0.36881620367089896,0.03176180145200301,1.65241558656806,0.3794309247017766,0.0,nm
14.133389711380005,8.761870161985632,68.062287164386,-4.244718005252533,-0.1224986245346114,0.8977801177100602,0.833918956446397,-0.08880941447197704,-0.2284782124459448,-0.3113829819539875,1.2314365102143956,0.39629378888888356,0.0,nm
14.189664363861084,11.35999516653904,67.94922766764888,-8.062103168161336,0.08480904889199868,-0.1117815466054012,-0.3937342847794216,0.16897059147534266,0.03993882300022502,-0.668326045338061,0.4179884878154224,0.6905113129003625,0.0,nm
14.192022562026978,25.898856920366665,68.4281781368242,-2.476682448694504,-1.497692046577601,0.09924635582185669,-0.9801929923557866,0.6424893859256174,-0.13388646175210997,-0.9116966040933231,1.7926822383760912,1.1233471830128359,0.0,nm
14.208502054214478,34.96119762547484,66.12209409230687,1.0581228307548483,-1.1823470146602004,-0.4419708028688001,0.1351196026221802,0.6887704515698277,-0.4757356063368518,-1.0078773512948744,1.26946443852404,1.3101701635076142,0.0,nm
14.22771668434143,49.62741209768431,61.26495523923539,3.521650227299479,-2.123595462392926,-0.9244296878128792,2.117586394952267,0.6803009406572249,-0.332583750202186,-1.188421291982616,3.138216065807544,1.409172270517443,0.0,nm
14.229901790618896,55.7248646921124,61.920833562756734,3.3048070343223004,-1.5729540884941566,-1.537245457103219,2.3306241896295417,0.564870131580525,0.1640850400980851,-1.1692720489373856,3.2045463443647257,1.30889239067313,0.0,nm
14.232091188430786,59.635299541573175,64.7029479106527,2.0888157238833145,-2.224074991600387,-1.1382350337947744,0.3698094173348645,0.31681338797525593,0.5724873596058936,-0.9846238715376291,2.5256380511802567,1.1821999273010624,0.0,nm
14.235153436660767,64.8587920144188,68.48641649348782,1.5723831480909318,-1.6307116355985118,-1.6403572885705782,-0.743760727162887,0.381844972612499,0.771561530695353,-1.0987075618568523,2.429644519659792,1.3958048163120176,0.0,nm
14.250556707382202,71.34608945575474,72.10557107738572,2.789005789820054,-1.1332039704724481,-1.8874353833287567,-1.427014172673511,0.4004107441101203,0.7430056737947971,-0.9926663620621659,2.6235344506880325,1.3029860711687657,0.0,nm
14.257986783981323,75.70317243402302,74.43770825258906,3.6673928253199413,-1.8978965142999404,-1.165367389555041,-2.3907712972501716,0.21428355081934605,0.4836590320201539,-0.6720187806948618,3.2673964753891536,0.8552501043630619,0.0,nm
14.262122392654419,78.51051879948018,74.97732382267168,3.3300250164670655,-1.7296190858421758,-1.1989699889154768,-2.502338357979768,0.13151117015537825,0.11962497898016355,-0.6384210827036914,3.269680179198936,0.6627117037688371,0.0,nm
14.28262209892273,78.40621569894384,72.42066935163301,0.005753673243540126,-1.2421835022780645,-1.1115130200760341,-1.157448907407809,-0.07565887716532169,-0.3230528087097241,-0.20496723781037984,2.0293272334421264,0.3899986557473957,0.0,nm
14.291222333908081,76.42592029349981,71.07490835860666,-1.9855606953726819,-0.6011998782828116,-1.3934737537585566,-0.4036050261340252,-0.1373696264299263,-0.2658827422225184,-0.04208154240636366,1.5703844794132031,0.3022166492577175,0.0,nm
14.323683023452759,67.09577294893715,71.95568533777573,-4.557792519112545,0.06821001737523504,-0.7857826400404301,0.6606401309890596,-0.39822259137374,0.24460847273982284,0.8925685967705602,1.028859731223105,1.007518355742213,0.0,nm
14.326238870620728,56.00192344136443,73.40099073421149,-10.12027896299987,1.2300293243566984,-0.8868540819165679,1.0897680864344292,-0.6267507923925908,0.37138271534802975,1.029077650773103,1.8673716243962881,1.2608499071438697,0.0,nm
14.32857084274292,39.146060746782986,74.31438417116772,-19.32257190249115,2.4020243608512435,-1.183427371952572,1.3448183932406412,-0.8663549683947147,0.41326801478770303,1.4612729598046885,2.9964575561165114,1.748336365338527,0.0,nm
14.349093675613403,10.933627818855486,73.8328728540446,-30.310909750947303,2.8504410472818837,0.07452230156541574,0.26026648796324775,-0.5910520587693288,0.20417820257119954,1.6395322052015597,2.863268478892046,1.754735628655712,0.0,nm
14.386049032211304,3.883026343916265,72.81677428510882,-22.85701890833549,2.2911035609397215,1.2601402608681724,-0.643434202036652,-0.13001424099319545,-0.05632347973715844,1.3811507055776433,2.6927897386097785,1.3883995493907222,0.0,nm
14.388532638549805,5.216880224751948,72.38558692900645,-16.790728771711603,1.5855818409515254,1.6230251380010026,-0.6590783058409906,0.03800739745616232,-0.11758688120670868,0.9520483139239834,2.362766299524486,0.9600350144337502,0.0,nm
14.409292697906494,7.314227639488364,71.72199012156472,-12.144445149511606,1.0658331058033825,1.7540251796946131,-0.334564173830566,0.08517967963665866,-0.170807522419122,0.5224622869087089,2.0795522899990115,0.556235227920563,0.0,nm
14.412262201309204,10.374952485392896,69.37970431744786,-8.989067327636487,0.8285144391004001,0.88862129926713,0.48426522303111214,0.06002156930567652,-0.2656603011951163,-0.14172067550907474,1.3078978536362944,0.30702236771894076,0.0,nm
14.41429591178894,12.956553074734057,68.67907823958227,-8.371328391567564,0.6522836486949724,0.44806953847609066,0.8439727067946726,0.15605579208329307,-0.17615346905269835,-0.3688005688328431,1.156948658964316,0.43748978785049675,0.0,nm
14.437804698944092,16.762147398583807,68.4298462749281,-7.035742120203577,0.195571561686089,0.10066096842286607,0.7921467848977087,0.26344122754290494,-0.09562792378604802,-0.4520287788949236,0.8221176285227935,0.5318608813648344,0.0,nm
14.439903259277344,21.869399878643364,68.42506546626981,-4.617064045668957,-0.07707541980835982,-0.1928619066713133,0.36733952368930445,0.36754150536759383,-0.04720775891256749,-0.47728510174646377,0.42198893474570437,0.604248623513994,0.0,nm
14.45921802520752,42.548809541149154,68.21298088343109,6.07729676151881,-0.9181912683209931,-0.3520762859324092,-0.8262907102605794,0.47093069020264233,-0.06321660836482604,-0.6110947015464948,1.2844412225554762,0.7740857761295504,0.0,nm
14.466782808303833,46.87513288556513,66.94601964154818,6.288341601288891,-1.3214549982935426,-0.5175168058824682,-0.3925836867876864,0.3486036858486429,-0.222010388264369,-0.7700218801264639,1.472477133274942,0.8739261056622862,0.0,nm
14.495500087738037,54.362334179203835,65.2278134772523,-0.14196893280432896,-2.2219378466250315,-0.9824794604665094,1.3189064593756878,0.23338229807494562,0.11543355418603181,-0.9183927380853617,2.7643783990413033,0.954587567410497,0.0,nm
14.522665977478027,59.86018256798784,69.81388182736254,-1.8299711162082704,-2.405214341239965,-0.8924894479931417,-0.5588011383612393,0.1821939637387059,0.5099645892149742,-0.588459820434753,2.625614624106005,0.7997146259398537,0.0,nm
14.53828477859497,70.0492270455407,73.43655237917604,2.1066905978692865,-1.4234067523919822,-1.1592598279534752,-1.4154801475553715,0.2921381682193172,0.2806124473035186,-0.5482481253055593,2.318092789252662,0.681662718515006,0.0,nm
14.556033372879028,73.83746280523879,73.41253638562944,2.130672782647665,-1.0773741592313022,-1.0173849794211351,-1.482542919116985,0.06383297865184875,-0.06676962585393287,-0.41894493858572235,2.0961251828922363,0.42900780140556444,0.0,nm
14.589828252792358,69.63983783138808,73.15545200592372,-2.1671645099086767,-0.013942545316903077,-1.9311514158478669,-0.4493966166834242,-0.2076412754070506,0.027249037950391675,0.11170622968476358,1.982800419756775,0.23735140840591967,0.0,nm
14.59364628791809,56.15066051073814,74.68325637398672,-10.123522208594624,0.30450938597630695,-0.7192405642864964,0.3777499757910326,-0.4328916898193457,0.21721150632289837,0.5658650635017003,0.8675989855186271,0.7448350983174024,0.0,nm
14.615703821182251,31.106487994717167,74.82820445479211,-24.577243232066305,1.0667227881224308,-0.6146660021788365,0.7123629333107296,-0.6326878125109971,0.20781291885111003,1.134570570537882,1.4223827718618054,1.3155722925297657,0.0,nm
14.618182182312012,21.87147757059217,74.35715888357441,-27.698747604405064,2.113085344771244,-0.5504921544461469,0.9667409154069087,-0.4918886368367851,0.12739994833237867,1.1844255635201335,2.3880450757713003,1.2888169355669676,0.0,nm
14.637485265731812,15.184676236207643,73.62330156095645,-27.496129399240807,2.613304338170557,-0.02026589184136022,0.5221044030348196,-0.4052363686343148,0.03523182393556583,1.3576659768081556,2.6650259432023407,1.4172913251918944,0.0,nm
14.640011310577393,11.160395196801806,73.12768120554172,-24.58907474407343,2.236653840725424,0.489256228482949,-0.2300610011252637,-0.2603407046963163,0.005296333470767401,1.386045644876133,2.301069343713898,1.4102935380090569,0.0,nm
14.726171493530273,9.268682874128444,72.7584030349487,-16.96724234104069,2.020249405680508,1.2597501453005837,-0.4598401175665697,-0.06280075657226131,-0.04154631428460566,0.8330013603789491,2.424836287970989,0.8363978106438726,0.0,nm
14.730066776275635,7.158602900528907,71.34933501178318,-15.291656628494684,1.1217177530694618,1.0278785703258553,-0.20311621777109543,-0.10200930572773176,-0.16117651298121521,0.16618584739454942,1.534940152190945,0.25298518270065173,0.0,nm
14.732023000717163,7.1954040085156015,70.49011256446998,-15.543789779541115,0.9449288302035843,0.6208940391093326,0.1809077182856557,-0.04980467020675308,-0.17634074713565176,-0.066408339644141,1.1450447609096939,0.19490159529633128,0.0,nm
14.735845804214478,13.805815127425575,69.64860037986129,-12.087015761538948,0.33097029588902815,-0.028860913862974104,0.5545726223082029,0.29638486204546033,-0.12893596644463892,-0.3474405414419863,0.6464712542129569,0.47453492993690166,0.0,nm
14.738028764724731,20.377387768213406,69.66632651644078,-7.533209659317007,0.07213500774132099,-0.22542396712528684,0.5806857933290314,0.4440261316416064,-0.08228992284020202,-0.33230514214488693,0.6270689075935031,0.5606759710185457,0.0,nm
14.740262031555176,28.09625873134024,69.6626466656202,-1.9578849127745457,-0.4434734796738594,-0.2944512295193281,0.24298076643331695,0.5274111081469659,-0.05231288908713024,-0.34361822367210904,0.5851580184839025,0.6316427780011646,0.0,nm
14.74289846420288,36.39569001111391,69.59955609641204,3.686610758034129,0.03066359732592168,-0.38452348322591934,0.002185178129866248,0.5703931642074563,-0.009963662793502236,-0.4526546825733449,0.3857503601509911,0.7282471407471728,0.0,nm
14.759387969970703,48.70999038649663,69.53061425648039,11.490194888488189,-0.8019729179846643,-0.5570312965199008,-0.45796346891943884,0.3558923276103273,0.04153826150488926,-0.41622924690942,1.0785058949065622,0.5492099434674577,0.0,nm
14.761816024780273,52.59967252882718,69.39273349302908,12.742608859063758,-0.6401405308840733,-0.735701040977379,-0.17419544811705606,0.2650002711619733,0.02588903253913161,-0.5137147782346378,0.9906462411579848,0.5786175412985634,0.0,nm
14.79325819015503,58.9139703151757,70.07227667010176,14.538974025244286,-1.7368487394491603,-0.7607581789226588,0.3800740433762725,0.1863168210593223,0.1519306834474524,-0.4340859579308624,1.933869910043653,0.4962131691674617,0.0,nm
14.795537948608398,62.87029294966974,70.86363077274021,15.925194106143397,-1.5841787435912682,-0.895987600125344,0.5107901192006448,0.20475073427287388,0.2198588559309119,-0.49529227663644093,1.8903234160052589,0.5792885455558734,0.0,nm
14.799220085144043,67.5463189462277,71.95428367558851,18.19367871576963,-1.7376418224254775,-0.8486113917916255,0.2983648500113382,0.21142535723651268,0.29440670803918484,-0.4558600623116392,1.956671147904763,0.5823953878868104,0.0,nm
14.818937301635742,78.19715746893226,74.3825602468203,24.347750345681398,-1.335807417443104,-0.8832595069151835,-0.40131691994066915,0.16130630604655025,0.3319489491413564,-0.4072015873270973,1.6509343061680966,0.5495661579174448,0.0,nm
14.835936069488525,81.62619680035019,75.5078956178455,26.244695462462058,-1.3324999863159133,-0.7617334071373688,-0.8625608086402846,0.053712953222781655,0.27957157372879493,-0.3004435948624428,1.760626350388746,0.41389817573284304,0.0,nm
14.838976621627808,82.98622578839995,76.5747861357794,26.40041101659393,-1.3189066942472902,-0.591423522205524,-1.009480008350403,-0.04699476401416996,0.22064029809388036,-0.25852378872237697,1.7630503503891863,0.3431110582931948,0.0,nm
14.862520456314087,76.15739824814621,78.75114017674669,17.709394225653718,-0.9806155480876276,-0.599527794448774,-0.7475107375915762,-0.28435733056645607,0.13296881416468193,-0.20449360876157902,1.3710626288694883,0.3746430741540223,0.0,nm
14.874601125717163,60.19712313590762,80.82747104160653,0.7127441755761529,0.01125003845053742,-1.257543625621551,-0.3465933263834984,-0.3162647854640621,0.17157713248645418,-0.10794128192502278,1.3044805355389986,0.3756506984693636,0.0,nm
14.890852689743042,50.95455805432581,81.61744121423983,-7.820018322446545,-0.2567164454993391,-0.8573570614295772,-0.5717765301142981,-0.2791068181397289,0.17485118546520362,0.1075217310044354,1.0620230056653772,0.3464599192242313,0.0,nm
14.900676727294922,42.92999023530212,81.84446016193789,-15.030792375377377,-0.38479609743332027,-0.39609399400840395,-0.5308802430458769,-0.22521105994334997,0.08792036573585259,0.13568639353475126,0.7660237079528884,0.27723782141403547,0.0,nm
14.904712200164795,35.72077380300707,81.22486182546172,-21.19132325955213,0.5843270597608246,-0.6842231007977116,-0.12457740787075382,-0.24961999052856965,-0.057185379173642394,0.18727289932217442,0.9083605534069397,0.317256120639539,0.0,nm
14.939969778060913,22.221804484081566,78.86442489269103,-28.689495801322952,0.59729946717486,-0.2516705232366622,0.6283441666891917,-0.3298281805890083,-0.1170960425516739,0.6716150630188102,0.9027298031891502,0.7573406794604918,0.0,nm
14.943757057189941,16.28337141344742,77.67982032324107,-31.131037277129675,1.5721995697114122,-0.24633475127617074,0.8578471074539995,-0.3385626281180382,-0.09152519575167477,0.6905389619019329,1.807870005408087,0.7744969803170149,0.0,nm
14.945956230163574,9.530472836643293,76.90293124312491,-33.554690785090514,1.8299877719474313,-0.1118343763900824,0.5181914912362061,-0.34454236011687817,0.021260734173161284,0.8568031122132547,1.9052256020768998,0.9237277898985228,0.0,nm
14.962508201599121,-1.7514565798569026,76.00173586622014,-36.819323315956744,2.3551185131948356,0.09728182337491133,-0.14706870602739247,-0.26194464163171455,0.04008768863086418,0.7400488322739733,2.3617104328525906,0.7860625243639363,0.0,nm
14.970359325408936,-5.043269636469723,75.05211029371772,-36.52260283964761,2.097774881707699,0.2367896597898192,-0.5124054684982285,-0.25522513023763843,-0.06274848708635683,0.7183374334199687,2.172392266938459,0.7649090847864433,0.0,nm
14.995327949523926,-3.729649958203527,73.13326213698886,-31.16457242433571,1.3339295294162599,0.541833648318429,-0.007042452133690117,-0.01247133748955294,-0.23249954105125298,0.29191475440579057,1.4397920988916417,0.37339763615697225,0.0,nm
15.001852989196777,-0.1056308057686445,72.0767203550386,-26.750945829182466,0.9628210956043204,0.45636615665783126,0.5519770153090826,0.0789073508968852,-0.2994565578953552,0.18806979681650945,1.1999888151615694,0.3623131912678609,0.0,nm
15.025555610656738,9.90763358368677,70.76385464060479,-17.203683443694807,0.48524512304052075,0.14955769407247194,1.2040718542544242,0.2938886305209713,-0.19628000849524369,-0.06691567619860746,1.3067591069124305,0.3596860806390787,0.0,nm
15.027862548828125,14.857662387406444,70.96660039404568,-12.98888657469004,0.1478547670712257,-0.0308036029835022,0.9839471732861319,0.31669214341039753,-0.05340460293273032,-0.1022160781032361,0.9954707097249125,0.33703722633424527,0.0,nm
15.050135135650635,23.818977040274483,72.52919991726742,-6.584187998670475,-0.0017617732517751473,-0.30443936430356194,-0.09923245624523501,0.2860218408805545,0.1394725935723115,-0.26576879293057953,0.3202085426015522,0.41460119285195707,0.0,nm
15.084521770477295,27.842346843486702,73.49091696290593,-4.14825943977303,0.00029660432584672076,-0.40075945547829994,-0.5544680623322452,0.24431315794968136,0.16339626723510609,-0.29327245651630146,0.6841367270333205,0.4152059646065048,0.0,nm
15.091309785842896,35.76614073601772,74.38134623657409,0.02176498055205016,-1.2206507318237008,-0.2785594277249797,-0.9405729712217681,0.22409063271294746,0.031379547985507926,-0.4202937384943479,1.565969692576823,0.4773343841784491,0.0,nm
15.094682216644287,40.50428633232022,74.04953970261349,1.8827932943762764,-1.6287516274621046,-0.20183387358159802,-0.46715729145067364,0.2503747767549439,-0.06782556112658378,-0.5633329024109753,1.706401099226362,0.6201869028897639,0.0,nm
15.096776008605957,45.11924478205656,73.30644411905712,2.994086896159664,-1.7105766646275984,-0.5277086943913882,0.18632184315605638,0.25717469645285423,-0.14275638482474462,-0.6998277716399143,1.7997957720090947,0.7591291852262936,0.0,nm
15.111258506774902,50.07958147504626,72.66915857883637,3.8509406082338167,-1.5706287656630087,-0.8389464639716956,0.6531473193439916,0.28898349692618647,-0.11399776432092361,-0.8251853706895875,1.896656877167022,0.8817243604244855,0.0,nm
15.117567300796509,55.763920411423896,72.70748796238627,5.367441362422591,-1.4777631294966282,-1.1070078129540502,0.7270260830454369,0.32756954830328777,0.032420623926982334,-0.8317331704756182,1.9843933809276246,0.8945015219108677,0.0,nm
15.142314672470093,67.8283281278661,74.79980813879332,9.780440649609357,-1.5606346394344768,-1.0878090773221056,-0.2302437477542233,0.26518759628282773,0.29937231505088807,-0.7457554440938753,1.9162257825963673,0.8462265811452896,0.0,nm
15.144503831863403,72.4142671328384,76.17141966590471,11.010807119077311,-1.3561297167824506,-1.2519184571904989,-0.9388525824353331,0.16571226874097483,0.31268666193962197,-0.6790492885485495,2.070708044061302,0.7657293522155957,0.0,nm
15.151874780654907,75.97176220549882,77.34009759228451,11.826388972847603,-1.4040951685522742,-1.1391497310936598,-1.36150544099445,0.10242924214399479,0.2633052844136157,-0.5616771579882648,2.263369704237487,0.6287309855988508,0.0,nm
15.180765867233276,76.97749331116647,78.14382405303247,9.034474823730276,-1.1790343567059094,-1.0600733195496195,-1.0169774294985574,-0.04992036159908714,0.018193432285546197,-0.35226713772317414,1.883645547661067,0.35625156813716635,0.0,nm
15.182887077331543,74.59762253871224,77.88980229736593,5.764346548763424,-0.8755972353802051,-0.955275388902672,-0.48941105145787617,-0.10091556569862767,-0.06296327481973883,-0.21026315100693715,1.3851876279182231,0.24157590535412685,0.0,nm
15.20737338066101,71.80236764975089,77.63184267469788,3.11586902898924,-0.527037514807335,-0.9733623075965552,0.0321948669384938,-0.12388714516738107,-0.06057453707197951,-0.0009778481481390695,1.1073568680968073,0.13790669115822188,0.0,nm
15.211258172988892,62.40917760085535,77.93147470906094,-2.48550511627714,0.3299781124276793,-0.6721494281347874,0.628085182442246,-0.2594847978948594,0.059371635014154635,0.4688279247154759,0.9773235926891182,0.5391261210290316,0.0,nm
15.223913669586182,52.889380629462536,78.27332566841812,-7.9475177492460105,0.9617107044758969,-0.6241597287400695,0.6085439382924809,-0.393772454350626,0.10285898883283838,0.7868155223083136,1.29799405657997,0.8858416244082992,0.0,nm
15.251022815704346,18.6054329908083,77.49094490109458,-24.58504416301452,2.3334816364305913,-0.011487398256832494,-0.30258990281891335,-0.4499150250963435,0.04177279156878951,1.2193159123307458,2.353046781763053,1.3003460270196745,0.0,nm
15.356914758682251,28.3161128002051,73.29058637601929,-5.346970819679312,0.1262094954434499,-0.47352795165639366,-0.4648469617222798,0.4841359208704096,-0.03156898813759103,-0.4934627924210389,0.6754555911104925,0.6920185824044324,0.0,nm
15.366135120391846,35.82876276136022,73.19198133094805,-0.5571963322526926,-0.0885032071018351,-0.6030339820540889,-0.5915038150168025,0.42305494410938577,-0.04771142046345699,-0.5083907826559098,0.8493288905711104,0.6631086285575877,0.0,nm
15.38648247718811,46.8257206370814,72.40925864939575,4.232645645229442,-0.5517557868430408,-0.8655623493713787,-0.4911543415117731,0.2976503403171168,-0.0764094375026297,-0.6590643570737631,1.1379214455092879,0.7271863268760054,0.0,nm
15.388550996780396,51.164547237157024,72.06486764244669,5.403010061298833,-0.986504566014046,-0.9778593026307831,-0.23346118517347725,0.2610742467190897,-0.05045266600496566,-0.6216535850027265,1.4085113416265869,0.6761349078058985,0.0,nm
15.39791226387024,55.24448924488791,71.73358535649862,6.286771866009979,-1.584452574975903,-0.9012542743238062,0.09709016565281003,0.25031923853786703,-0.04342589848222334,-0.6292273060397492,1.8254248079833884,0.6785812644828961,0.0,nm
15.421964406967163,62.72600593579667,71.0808854453182,7.311971313047821,-1.6938324496127137,-1.0687252386657404,0.7594584396609576,0.22600690615522817,-0.024161466513625,-0.5991245139142477,2.1419661819679616,0.6407909809500526,0.0,nm
15.518064260482788,73.85771343016614,72.42551673311887,12.7308094387329,-1.2959120374680686,-0.864623989541021,-0.3088049558692853,0.21620966057491672,0.21159764996836555,-0.24084770565233787,1.5881823424638317,0.38668824667430846,0.0,nm
15.521512269973755,81.26216972793542,73.82448024175429,18.187836967615784,-0.7633835568184727,-0.5436902608694631,-1.223625674274557,0.11749975691231104,0.15855826454188435,-0.18576435244452025,1.5413024833980484,0.271026402345082,0.0,nm
15.523793458938599,82.26290109093827,74.0548138908284,18.468629094943804,-0.5367529345553901,-0.5381147368687401,-1.3269905691472512,0.027945025418591923,0.06171966459892195,-0.1520072736857544,1.529240057477858,0.1664225125913709,0.0,nm
15.52641749382019,80.5468250194429,73.64772019923525,15.856792270319508,-0.15355552247158133,-0.5170969739453067,-0.49547062891956895,-0.07087031921876424,-0.08534551873619778,-0.10154513660500422,0.7324341083448167,0.15039240167857285,0.0,nm
15.529618740081787,72.51305135408323,72.89312968079821,9.299157103444122,0.22996867032643756,-0.49293692748063017,0.37633062532377426,-0.2686568753128895,-0.12369196133203902,0.17864082800495287,0.6614356683475247,0.34552679111951257,0.0,nm
15.532004356384277,65.95987386849728,72.65043662454336,4.979957849208539,0.2719307291479769,-0.2562722315175737,0.5042486050149029,-0.3880683575764281,-0.09765579604020387,0.3773904231506806,0.6276053168683506,0.5500520303918186,0.0,nm
15.54676628112793,50.852794042371976,72.48418016584739,-4.043034563885258,1.3126719354701613,-0.2659065917962419,0.07458166830044723,-0.4610065364237777,0.011811361834845751,0.5750838355696957,1.3414083460967994,0.7371485283356363,0.0,nm
15.556745290756226,42.90315486219736,72.40813315421394,-8.268493223925036,1.3913500681065163,-0.0446281076344649,-0.21697755077257183,-0.48731033531895485,0.03290232775588631,0.6839245433130482,1.4088739963354795,0.8404205536672634,0.0,nm
15.577197074890137,28.324387354655784,70.64748171713023,-16.26371015391925,2.032923374193649,-0.09913082131748928,-0.282674732960428,-0.4812594759735242,-0.11377825327393473,0.5647188521518588,2.054874538684107,0.7506420958806478,0.0,nm
15.594074487686157,23.417873376555395,69.46943743484911,-18.320633468845912,1.7144858834654606,0.09106376656609842,-0.10011139309008317,-0.3984523806376139,-0.13201464568452517,0.5214869864038914,1.719818811738604,0.6694332254225249,0.0,nm
15.596372842788696,20.525725446972377,68.25687224515147,-19.130092814416418,1.489103228545889,0.2266478797465772,0.2663688541882118,-0.284016927151478,-0.16986810944218134,0.3879506032030292,1.5296241542094418,0.5099278969027122,0.0,nm
15.612386465072632,18.783262407574618,66.3511652844772,-18.041966364399542,0.8809868937400339,0.2146786087433537,0.8449893093454721,-0.08022796104541294,-0.14363206829615463,0.24904098255040755,1.2394481614419515,0.2984763102261349,0.0,nm
15.636338949203491,20.75229181612852,66.46089941999018,-14.173364239312807,0.6290400048674402,-0.04201742975069177,0.8480502262703103,0.10753077061297034,0.028850944122786947,0.19478451047341996,1.056714710034647,0.22435741379719384,0.0,nm
15.639062881469727,22.45072665167298,67.26815593766092,-11.614565276445333,0.3833636564531274,-0.14038104290665923,0.3481632938401306,0.15904982576620963,0.120935331798699,0.18926642099481358,0.5365558773084886,0.27521624165319364,0.0,nm
15.663253545761108,27.392627417883833,69.31200737419292,-6.08142132594468,0.2594087995411853,-0.30140290599778063,-0.5476607072357814,0.2045410378394666,0.16321195484029385,0.06543430088385348,0.676807865847688,0.2697347328309702,0.0,nm
15.665932178497314,30.124950196780315,69.98293453121497,-3.602628195230724,-0.12015240855102573,-0.2870182840865864,-0.9156865856785453,0.1933299397224756,0.11135781639517041,-0.01747685481924925,0.9671080704203915,0.22379112877808552,0.0,nm
15.687207460403442,33.254143433282,70.22654826715406,-1.5248362781177895,-0.4792768668697606,-0.1725362412702032,-0.8621400984259361,0.20746198327666193,0.032836168963568585,-0.17706105995733212,1.0013793581765238,0.27471677679112344,0.0,nm
15.690792083740234,36.156272651938444,69.93587176964638,-0.2675635327208695,-0.9977361353087139,0.01613234733389659,-0.5553706949038076,0.18934049839421568,-0.06755088082842187,-0.3053295136575501,1.142004490835832,0.36556676236116126,0.0,nm
15.712980270385742,41.754995447601665,68.0088358776422,-0.6921250553761119,-1.5844245108619832,-0.41625222831209435,0.6509559043907023,0.21713591894037837,-0.23254213414896535,-0.7287532306746257,1.7627848812762537,0.7951761582613894,0.0,nm
15.715239524841309,45.196417485960765,67.16647044960787,-1.4339176884856564,-1.4047208930631956,-0.82977614270587,1.0423324299358525,0.2521936494967764,-0.17781899809260476,-0.8281406439278433,1.9360336073808413,0.8837636330232104,0.0,nm
15.74289584159851,54.46578636071486,68.1048768064287,-0.2506418118244089,-1.415337418989589,-1.1520720895717964,0.29466108570757077,0.383059891378621,0.1700813976235432,-0.755121348857444,1.8485873700187399,0.863638126590567,0.0,nm
15.746407985687256,59.76281071739234,69.30344749956272,1.4108252541157582,-1.2999813204079427,-1.0957484515558191,-0.5011762013496777,0.37350709441184005,0.2431658235208458,-0.6869927675217037,1.772510560559752,0.8188994015944058,0.0,nm
15.751044988632202,64.48651826490644,70.32675213069398,2.995655853944678,-1.1728846080960116,-1.131257647755887,-1.1845066585356114,0.3087051270263284,0.2172906893089938,-0.600388733052417,2.0145615388043914,0.7092113435986523,0.0,nm
15.79324984550476,70.71604989879532,70.76935532697621,4.289863394359142,-1.0371892116211476,-0.9932134809493656,-1.3586507758443704,0.15178676716261136,-0.006154323581981274,-0.45942961628160534,1.976908295836042,0.48389324308269865,0.0,nm
15.795591831207275,71.39845660189928,70.1504334140196,3.2742933113632455,-0.9754675483621648,-0.9344261952906678,-0.9605501570201384,0.04495527666694865,-0.1204382527547107,-0.3569707671077605,1.657511947620438,0.37941333423630813,0.0,nm
15.813167572021484,70.75141419340322,68.52706413491461,0.9923057346385649,-0.5747930281663945,-1.0137423331861974,0.05510656678945364,-0.034989945953077396,-0.15293824158282188,-0.12103463485632422,1.1666607377579008,0.19815091443404595,0.0,nm
15.815497159957886,69.87614705482697,68.07506412983982,0.554078827513747,-0.3652342877505934,-0.894017909581802,0.26869250541911177,-0.07222851554466836,-0.09089387480582709,0.06378385829302358,1.002426940016128,0.13246522379005093,0.0,nm
15.81905460357666,68.00934893553534,67.91654457678514,0.04828350427549919,0.11116109568870344,-0.8411620515946945,0.4360825081295166,-0.14855870709991545,-0.03209017555617141,0.2465405781452437,0.9539802619206744,0.28962342014176856,0.0,nm
15.869577169418335,56.1621692836888,67.76451490746797,-3.938674672754607,0.8875022095842618,-0.5472521058517057,0.2634654329244254,-0.5679485637886048,0.001500850712381021,0.8855418014513086,1.0754343651390952,1.0520228637154367,0.0,nm
15.873131036758423,41.331455390003086,67.25815149961228,-7.491256699460638,2.2966432632283187,-0.44105522579758927,0.2541458388970354,-0.5564901025054892,0.013014023245954983,1.0808907544326498,2.3523796670954416,1.2158023778581777,0.0,nm
15.876506328582764,34.776688337343174,66.8030526373889,-8.29403427294903,1.9509201744671063,0.18507683724092752,-0.0653150650340845,-0.52776376412048,-0.024425525128105943,1.0813846087304904,1.9607674570295877,1.2035463717678672,0.0,nm
15.907486200332642,25.626009211388666,65.2523362544846,-8.742778548588536,1.8991543859766795,0.7117937148743761,0.10895111654354565,-0.3535903350807517,-0.11070671175294881,0.7468397146684855,2.0310854290514735,0.8336975833572828,0.0,nm
15.911195039749146,22.162167530513507,63.81260063957605,-7.6495746511054925,1.0499021591176259,0.7414202297256343,0.463197972113007,-0.10165895088959175,-0.14202608856486182,0.3125148945285996,1.3662177213518594,0.3580104906720306,0.0,nm
15.933602333068848,22.484413062658167,63.33954058363148,-6.347288625462695,0.8303464676714776,0.5219623900471568,0.6797088101215896,0.011148571302342172,-0.1056097197869827,0.1925592272086844,1.1932828916711862,0.21990170426527886,0.0,nm
15.938321113586426,23.820137893345905,63.284792956418876,-4.517104912733723,0.4534803111037519,0.27562752682690583,0.7284385080914778,0.1128238365972955,-0.03023652476188075,0.13059077561494672,0.9012422461103398,0.1752067812897732,0.0,nm
15.940476655960083,26.02391827466389,63.51240747787267,-2.2445792160218616,0.4180616312375977,0.07370857728434865,0.6414140067848418,0.19423797818870586,0.026123160496539243,0.061672150246770883,0.7691686485928226,0.20546110532464387,0.0,nm
15.958088874816895,31.35699693028128,64.85727970079385,3.0065772656766203,0.1382595334168123,-0.20322896856797318,-0.14192397928851605,0.2295086839187754,0.16116752407484788,0.035153467979905574,0.28383116133173963,0.28263929861496484,0.0,nm
15.960518598556519,34.21002535829393,65.6191266440009,5.376481466983925,-0.06934147914090716,-0.20982104364847304,-0.5551466064633958,0.22139570673494288,0.16272553424284192,-0.0445862051157308,0.5975122306321501,0.2783587400135034,0.0,nm
15.97747540473938,36.95798277255594,66.15801949757767,7.181296778681508,-0.3156985800435196,-0.16166339062304447,-0.904961467006045,0.20535510252490524,0.12518639509176535,-0.14557007823514262,0.9719855462273946,0.2811280834894861,0.0,nm
15.984132766723633,39.50888155368467,66.40863972103351,8.39727309849624,-1.1440327652544562,0.13258176246178885,-0.9470016706662243,0.1903238837772923,0.07116386874513612,-0.23554773916647717,1.491040259670359,0.3110791127306461,0.0,nm
15.988842964172363,41.29268998031489,66.00012899616482,8.210209369343865,-2.0732812941587007,0.18892897213201784,-0.534464394854446,0.14809752103614213,-0.06647484805799705,-0.3757550593143638,2.149381694950054,0.4093209569051228,0.0,nm
15.998929500579834,42.47508476712775,64.82884704558951,6.386693779390882,-1.4172673578689405,-0.5376848212358725,0.3418688604685606,0.12153055592305519,-0.22630297680307868,-0.6070651476936558,1.5539067051873905,0.6591743372410835,0.0,nm
16.02524161338806,47.118129954488275,63.98461265648855,4.4901396912046705,-1.7567183725966422,-0.8219699854065688,0.6795121869933732,0.2555484295851384,0.03600066006035541,-0.6177705699589623,2.0550987591355283,0.6695084200334099,0.0,nm
16.02931308746338,50.88242700846193,64.81693104555046,4.759639203463957,-1.5385312529175816,-0.9145695936982652,0.44588006341456415,0.3037768506909028,0.18895408260322458,-0.6514793176716771,1.8445392348421674,0.7432424380389371,0.0,nm
16.069156646728516,59.266659201528356,68.37093619339745,3.8243728287738907,-1.04401047699142,-0.8921431706944218,-1.3635081726880236,0.1356002908111938,0.21525156004903992,-0.5738588859905915,1.935208477159911,0.6277218285211917,0.0,nm
16.071726322174072,60.02427256498194,68.76621057130023,2.0252564052823567,-0.7199532999353135,-1.1734077148368218,-1.5305900638487415,0.04285295298886799,0.08040937677788958,-0.535271313439786,2.058621957251699,0.5429709222833469,0.0,nm
16.088311672210693,60.27347988816699,68.5700759978835,0.27099370951959023,-0.7499815340652642,-1.1347746900666735,-1.353190703256277,0.01053845089212718,-0.04040739575831259,-0.42546063064518097,1.9186742761693607,0.4275050465294764,0.0,nm
16.091023683547974,60.374607829662416,67.83379053095916,-1.1697792251017656,-0.6619587383430011,-1.079171853332923,-0.7511988761535805,-0.001916677506403671,-0.1490197058760147,-0.3358947006716628,1.472107676710191,0.3674721708256878,0.0,nm
16.1116042137146,58.396252371629835,65.70398126456219,-3.94877625291832,-0.14820835864564472,-1.117422616424225,0.15278090926365148,-0.12044678517555871,-0.1995732601689128,-0.02859869057188978,1.1375152867123257,0.2348505893882373,0.0,nm
16.113805294036865,56.71580472002658,65.11939787341986,-4.5747227025951265,0.24708672056924752,-1.0617184813786769,0.5533590017821854,-0.15641465970591525,-0.10796499802604723,0.16901285340874692,1.2224991476627236,0.2543370424988233,0.0,nm
16.13041067123413,52.82738030256687,64.81591303411601,-5.9799690841474265,0.8493018188345143,-0.9283648275574206,0.8845524885265658,-0.34159361102231484,-0.03220122583580267,0.4260174162780968,1.5380532947462755,0.5470045274116642,0.0,nm
16.13254690170288,45.57030141402646,64.51497086087159,-8.821692877631914,1.0706711628315495,-0.6144280058397423,0.6430311457960093,-0.631899608382151,0.017717226918861385,0.7607826763957848,1.3918863343473824,0.9891416965769584,0.0,nm
16.13886833190918,37.298964895099836,64.22526353430672,-11.86280694392799,1.7919776872566935,-0.7180965739523242,0.5704734074022774,-0.7223791562602742,0.06799395487364271,0.9091673291563058,2.013029217299411,1.1632024998700248,0.0,nm
16.14913058280945,29.646048954582863,64.0867763338589,-14.058811961004713,2.2751149100994374,-0.35991423682782964,0.42472746184638127,-0.6642688244534575,0.11804808302094498,0.9671536931423649,2.342238145209534,1.1792263087315402,0.0,nm
16.162736892700195,23.029611302145483,63.8052140841443,-15.337132635827857,1.9255648481881023,0.2242075767323519,-0.056445155605008554,-0.5840682442419948,0.08719397861687886,0.9636913021013623,1.9393955443985986,1.130238660453971,0.0,nm
16.188883781433105,15.975216192944075,62.347241578383496,-14.570401790347647,1.7975645347498785,0.6836282312636361,-0.040630497643418285,-0.2652703430133082,-0.1067443601529254,0.6452955414691608,1.9235999200743243,0.7058109160014693,0.0,nm
16.191097497940063,15.208490481895119,61.50687384226754,-12.74564827293642,1.1711162436679767,0.8114196820609386,0.09828259147836042,-0.11582903848389871,-0.15515605476095193,0.512543136247936,1.4281367667021843,0.547896189072308,0.0,nm
16.19703483581543,16.004126818779415,60.5953056735107,-10.473920624885064,0.9098253193233168,0.729902234562347,0.4673335512024665,0.033393879810798666,-0.20326662709855206,0.32134010946268166,1.2565588055401113,0.3816961341831066,0.0,nm
16.211121797561646,17.5970628803362,59.85261458395217,-8.176121869267027,0.7281539221884047,0.572076652601098,0.8359959849457409,0.12722906023786387,-0.18129770281699892,0.18317848419888427,1.2475452367329347,0.28742033311707743,0.0,nm
16.215343475341797,19.268260127254376,59.56379298526497,-6.153676065137015,0.33275975534969876,0.3453439938049423,0.7709310898599657,0.15555971992238402,-0.08708895322949632,0.1108823914497686,0.9079241566068247,0.2099481292380565,0.0,nm
16.241105794906616,22.54715096197853,60.42652356907063,-3.3821268801009565,0.3249457569384628,-0.07998758988317124,0.29736121996877046,0.15530074072627462,0.10764007782123293,-0.039098567941618007,0.44767337940617424,0.19295959276122027,0.0,nm
16.24494194984436,23.767592510193776,61.284871484442704,-2.5864248690086984,0.14525560085301767,-0.23864913489538606,-0.30540214048718656,0.12296251318358041,0.1575312596887764,-0.05858749448182278,0.41391190678650763,0.20825074294516338,0.0,nm
16.278324365615845,27.111912547401296,62.770001742086144,-0.9891783866166337,-0.06178338170014082,-0.26380607433240494,-0.95352363534192,0.1720457358674101,0.11271909132209956,-0.17064960545086907,0.9912709792305282,0.26725758477389516,0.0,nm
16.283515691757202,31.23588517209055,62.656754877589776,0.7551720521738761,-1.8422905895338872,0.04087079838961195,-0.7244987898390695,0.18800083594178343,-0.07979239054716074,-0.24351406185007213,1.9800513970410965,0.31782107894656825,0.0,nm
16.29749631881714,33.38405331260088,61.53963272601665,0.5178238856822809,-1.7773814049298593,-0.23687195329189076,0.2712200659539598,0.19847352096754087,-0.22840252476593312,-0.45395594148116564,1.8134920195641409,0.5455597571767524,0.0,nm
16.30826735496521,35.19973876838441,60.39802062903133,-0.5823282333875673,-1.4439160505404105,-0.7134245910479142,0.8258674095012402,0.17106365575016683,-0.23525209342154055,-0.5667915503735396,1.8099517082498058,0.637070626659768,0.0,nm
16.327571630477905,40.122020728126216,61.62623284371968,-2.179943569722054,-1.5507079292157195,-0.8531196256396936,0.44200097719412496,0.26297541827111043,0.23235490637866393,-0.6416058409732202,1.8242458828854946,0.7313022140702544,0.0,nm
16.339197635650635,42.33109989963074,63.37590243543798,-3.442133837409613,-1.228484739214573,-1.0198047923322666,-0.3223063209689798,0.2141978984405331,0.3359347498939012,-0.6710503873063458,1.6288210256143902,0.7804111212602083,0.0,nm
16.416032791137695,46.67604188472898,63.562929121426386,-12.62632262328652,0.043217361754006624,-1.195991288423111,0.27382232576665827,-0.18700105692346644,-0.030691622244737968,0.17611463692732782,1.2276976697987219,0.258703954949575,0.0,nm
16.421850442886353,43.5805111343152,63.54260649913946,-13.89201702752687,0.6791546420211684,-1.061833591132002,0.5529591264317585,-0.27747580197772603,0.05633425661090689,0.2898991237821966,1.3764103307296696,0.40522570392408613,0.0,nm
16.42985248565674,38.09243874524427,63.66642789521732,-15.895522985616015,1.2203574980214795,-0.8070135906162528,0.6903319392785112,-0.47341207020849746,0.1459834773207141,0.5895644596780174,1.6177458220637173,0.770075591085171,0.0,nm
16.450993537902832,23.283603022713812,63.29749221674953,-19.77519956632973,2.2944553222494113,-0.5491130870862051,0.9832300774729084,-0.6509719021309046,0.141434381266948,1.015843852087681,2.555932666064459,1.21478674399774,0.0,nm
16.45327639579773,16.913985271056884,62.879036083865785,-19.974004864564012,2.3023873463223143,0.019334896664030696,0.535798808942176,-0.578305760750988,0.11140800390570989,1.1431924350590268,2.3639885140156607,1.2859775425053974,0.0,nm
16.479416370391846,11.371458663498105,62.64978382079478,-15.529157604732456,1.8231697277880383,0.9711463527458399,-0.08064982160338803,-0.13910762553987632,0.019063290383642784,0.8733264344943098,2.0672632847556973,0.8845413510459178,0.0,nm
16.50538468360901,11.314496200353236,61.537455062955864,-9.825639314804132,1.0882890665190865,1.1015636934918238,-0.02719720355506596,-0.00914384968591628,-0.15229243735865203,0.48719056130434923,1.5487270098392258,0.5105205573605871,0.0,nm
16.507534742355347,11.9670147327796,60.86544729882618,-8.197121451604128,0.9790031898032238,0.9689197477173217,0.258865191234737,0.03660881021151939,-0.15249053833093873,0.22053661396522437,1.401521997827534,0.27061036078614753,0.0,nm
16.514713287353516,12.313893647884369,60.36192003709834,-7.5775538475505035,0.6180471396907357,0.6804430540142321,0.29752046061156867,0.01579515522761824,-0.11423890966991986,0.06239222594052518,0.9661798182112038,0.1311213379624011,0.0,nm
16.5406813621521,14.864420206562404,60.175252764908215,-7.346249009314065,0.028098541318544425,-0.23215361162441034,-0.33343063919923005,0.14400793692307404,0.021260323578774575,-0.1781405267661754,0.4072601362413152,0.2300528950742518,0.0,nm
16.569840908050537,21.429454645514266,60.56700660955359,-4.097216545775654,-0.33435051194130233,-0.22061235544152294,-0.801143897716048,0.3867259111901101,-0.014345552166616544,-0.2862907235443134,0.8957073300227756,0.4813783373193195,0.0,nm
16.57272720336914,25.365426928291672,60.167247783329856,-1.8910408709454285,-2.116877600458052,0.1495751679509822,-0.8725618292031972,0.3801220765122522,-0.10822988645297113,-0.25450497814589973,2.29453865776348,0.47008433846986913,0.0,nm
16.59424352645874,28.920141164028266,58.394445644987314,-1.0823289284578161,-2.591506624663664,-0.13240040160922115,0.22676530712067514,0.3498930681881978,-0.3717953621765521,-0.47545153609338436,2.6047761816585076,0.6976468402248398,0.0,nm
16.59676170349121,31.962129488378235,56.057054420306685,-1.9342517145793618,-1.7954439907891848,-0.9656667613705422,1.2682546171083366,0.31351365295321193,-0.4835072821132102,-0.7206728066045772,2.40095839028782,0.9227347379522941,0.0,nm
16.601646184921265,35.47007057131069,55.99181602371248,-2.690133612810741,-1.866572351700272,-0.8180163635814729,1.5539812680355043,0.387004611295706,-0.03472861416583123,-0.7645972333283275,2.5628306414244726,0.8576640222251092,0.0,nm
16.621471881866455,37.61667361636339,58.16466401823903,-3.688541714973399,-1.8528306825471348,-1.0467467484742707,0.9567694711088996,0.2518836415539894,0.41634307312654006,-0.5795951159561306,2.333252689803559,0.7567809602937633,0.0,nm
16.625566720962524,42.058605565680864,62.88001191734207,-6.275197805695735,-0.49082625100783595,-1.6455772519900658,-0.9590953604934244,0.3388980206524074,0.4211384869556696,-0.7437890042303595,1.966900813835206,0.9194735321973221,0.0,nm
16.640263557434082,44.17074649555894,64.4831712482556,-6.454979979750075,-1.1431460724611326,-1.2712966455353534,-1.4978715952393828,0.21445626858469274,0.2949621720769613,-0.4274242035666236,2.2730150504908075,0.5618590783160767,0.0,nm
16.642524480819702,45.37399032751483,64.64348754498327,-7.414498172574382,-1.5650468232985397,-0.9972280939387971,-1.977275778371311,0.09898684639214296,0.015951950152094205,-0.42167907898821216,2.7117254533214696,0.43343523867893285,0.0,nm
16.66832160949707,48.190687512763056,63.340943749004246,-8.395546327372456,-0.9230417183952311,-1.2202378367741342,-0.618277455987196,0.05876508553202129,-0.138188836885822,-0.24676704432518268,1.6502282886847015,0.2888658236663326,0.0,nm
16.673627376556396,48.458274806629866,62.93231735037911,-9.079402896199984,-0.9383117259540733,-1.0896202647364182,-0.1444303106769153,0.003992574245031906,-0.08731970044821137,-0.21342743800064584,1.4451855697554568,0.2306337833600858,0.0,nm
16.696433305740356,44.00668464971033,63.798329101106766,-12.042224754699,0.1694867802719952,-1.3645416930347225,0.5829176932598898,-0.30149916017761436,0.2127377215666061,0.30213409602131525,1.493483457502113,0.4769109914268856,0.0,nm
16.719783544540405,33.737752291300154,65.16483523798152,-16.631672144762284,1.8595040797579119,-1.2262671967879786,0.5303089708561333,-0.42258374983710706,0.2259773123883989,0.5482761917326802,2.2896974178098417,0.7281823629844144,0.0,nm
16.721986293792725,26.59889955302494,65.34903866703448,-18.251880863618435,1.6048711080095643,-0.6392088715463944,0.2720401514428862,-0.5672559887780724,0.20961697823556072,0.998280769496811,1.7487724548335413,1.1671688520159973,0.0,nm
16.73863434791565,19.993825752645378,64.8295473736354,-18.82835709065424,2.36430881556346,-0.37413539238856375,0.7154012268625359,-0.5686860898876354,0.07250061966292912,1.1132021935105365,2.498345929327093,1.2521498841272423,0.0,nm
16.741668462753296,13.991111633733047,64.03139316271277,-18.15522097533732,3.0321642742615698,0.27769997814881003,1.0930401098815958,-0.5497242122073759,0.005807451735570477,1.2515365884017995,3.235100330095191,1.366958034502558,0.0,nm
16.766234636306763,5.950549485593658,64.01878707395167,-13.997971444658372,1.40702127732501,1.3191001554185986,0.3264672239321924,-0.22258295485265736,0.1112076292459661,1.009961526403385,1.9560968644657313,1.040159888386638,0.0,nm
16.76838731765747,4.897411739298704,64.44418815411251,-11.532268452164844,1.4495709707024549,1.6127860593417878,0.23564983518336516,-0.07522659669743696,0.09347708019720558,0.7015997718800802,2.1812532446124675,0.7117859546767231,0.0,nm
16.79658341407776,5.384073131269962,65.00688285863458,-7.950053505619468,0.9314134297308355,1.1324875575025848,-0.19917120711378705,0.08102491757075436,0.021954734460219165,0.15623502383117494,1.4797730281108288,0.17735960730700234,0.0,nm
16.7992422580719,7.11445135605738,65.10898093265722,-6.591166241395668,0.9808478759773434,0.806447171613501,-0.1325953513290576,0.14353352372521644,-0.008446242926285633,-0.0441349479738501,1.276714973518662,0.15040314187277323,0.0,nm
16.812557220458984,9.483649417219736,65.1391489603702,-5.18347433412013,0.6038149480774627,0.3422727991244462,-0.22752919833099322,0.1950333308565423,-0.024509248769630967,-0.15228550751865497,0.7304195346753926,0.24865554331336243,0.0,nm
16.830743074417114,17.006985522852926,65.06549242338036,-1.269404136460673,0.2841610274290189,-0.1382304430781991,-0.004189369878581715,0.3337280334780977,-0.035721880296103736,-0.3182044329229411,0.31602641617923405,0.4624981234479314,0.0,nm
16.858346223831177,25.972260110022752,64.99510712094511,3.046271526800925,-0.2839031796835788,-0.24439881229085508,-0.23079154274742336,0.38974359559025207,0.007335438162625139,-0.4355902010481844,0.4399960580361633,0.5845448675729292,0.0,nm
16.868743658065796,29.92365371547415,65.05398670924923,4.663081951199008,-1.5499668518626337,-0.06545824110819827,-0.490278165741408,0.32710798353433174,0.026515905503741104,-0.40468612439891866,1.6269771673274036,0.5210312710553917,0.0,nm
16.887531518936157,36.0845397011807,62.64105449631489,1.0635919348343095,-1.4825461069204715,-0.9715976663009892,0.5357049854343382,0.13696636980938248,-0.10354851677071664,-0.6687873118241577,1.851735622524387,0.6904770454121985,0.0,nm
16.907694339752197,40.80025089676643,64.8832459261801,-1.1958556013651467,-1.5463984270369455,-0.9661149186365995,0.17255965582533403,0.19243640585741512,0.2780481315330261,-0.7060780327372267,1.8315302252414782,0.7828720981503933,0.0,nm
16.91229820251465,41.763528124413725,66.46410322612219,-3.4775587622200708,-1.412973902207157,-1.0767941201628932,-0.6970402089223894,0.08479666401428662,0.30900911276577614,-0.6640406882638817,1.9083620931024772,0.7373107497318981,0.0,nm
16.928784132003784,42.30426687531231,69.26906062268226,-8.966305737204415,-1.3175401490520264,-1.1772919001651776,-1.288613947726581,0.02060510150964045,0.23377149136645947,-0.6227729983159825,2.186882294233975,0.6655222669568616,0.0,nm
16.960055828094482,41.00734418045537,69.65818507331547,-15.458930838150085,-1.1234002700672665,-1.4033508669609314,-1.1915454642838745,-0.04151183693235816,-0.006536314445954067,-0.5385098247383858,2.15666465080751,0.5401470053159622,0.0,nm
16.96214532852173,41.24215042665537,69.41356144283223,-17.221684939720966,-1.092752250277054,-1.2762796793231157,-0.8055583030232235,-0.006791544400468913,-0.05459215895264336,-0.4288741650579844,1.86330928187146,0.4323881107854811,0.0,nm
16.97864007949829,41.51972907687774,68.81546431480629,-19.240926930202924,-0.5871173812836625,-1.1526301397283585,-0.5215913358245253,-0.020372154534700447,-0.04898932500744657,-0.19466715096163123,1.3947474968691693,0.20176788225232842,0.0,nm
16.98531937599182,41.418806601101956,68.92979985812832,-19.403683341693462,-0.13544859254604621,-1.0877695526316242,-0.3505219561853004,0.0,0.0,0.0,1.15084949607804,0.0,0.0,nm
16.997066259384155,39.345208143216645,69.03419646868082,-20.087523243421565,0.6330884980654042,-1.3089910397043802,0.25993251866945466,-0.14220702493610238,0.06739927997283258,0.2398615572004562,1.4770996928680575,0.2868781405138099,0.0,nm
17.021746397018433,26.963295963872028,68.03054986647456,-24.48770922897044,1.6248293166680998,-0.6603853744049981,0.9550029456121664,-0.5395187156076817,0.08548990384611381,0.8569252515415101,1.9970502690618652,1.016223329234308,0.0,nm
17.02682113647461,17.677888501595962,66.82324890071673,-26.90364220207719,1.7064771293117558,-0.05342611116523829,1.4676791383630727,-0.7560437741254705,0.08616323256656962,1.2478518866724806,2.2514441133202716,1.4615610223703543,0.0,nm
17.03937339782715,8.905598526094085,65.25035934433834,-28.502864858383656,2.0201419196731316,0.12336039501296622,1.0671287573014183,-0.7856716724164015,0.04699673107897866,1.3303293272121206,2.288002392336614,1.5457246806628757,0.0,nm
17.06067156791687,-1.534357087157366,65.47726678146341,-27.279836587995387,1.6444799712916047,1.2056914769454363,-0.2662731415176866,-0.2663424640666382,0.2636156319324132,1.0475114434473338,2.056430815624927,1.1125249362227037,0.0,nm
17.079352378845215,-3.1265062286477465,65.28854134461253,-22.810332118332138,1.8542329004534475,1.1573741438196326,-0.9709049475170265,-0.016871719061962113,-0.07792847485985709,0.4625711013461385,2.3917255225086493,0.4693927203298627,0.0,nm
17.081780195236206,-1.8362602717978211,64.85959755817522,-20.58233102472882,1.2535711274672339,0.9732286555839282,-0.918802679950423,0.06398698131463626,-0.13053826843649852,0.21477651270946915,1.8337974131166321,0.25935212302157795,0.0,nm
17.09850811958313,0.8220603627755172,63.90651991256494,-18.477932280085085,0.9672418978464622,0.7181436326929839,-0.45280180879696463,0.14793686790767194,-0.2672707233056661,-0.06752141603462232,1.2869796595816518,0.31285475551122194,0.0,nm
17.113720417022705,8.134879188378232,61.282114753120624,-14.720153769334575,0.504643144269068,0.12278777762081017,0.6533090769572043,0.27328192848272304,-0.33161062408710995,-0.31855177724125927,0.834598281465702,0.5349054619521505,0.0,nm
17.130661249160767,12.044068121585576,60.500065181680895,-12.94162814770153,-0.055741328889536944,0.009501314256436699,0.9118881471876601,0.3275373259030298,-0.2521815383691299,-0.3519889911127652,0.91363962463343,0.5429295331979195,0.0,nm
17.133108854293823,15.835385018132861,60.07692763678277,-11.219264927195225,-0.12884729157645106,-0.23217471634148334,0.5105925659656911,0.3452975227078784,-0.1701543293365649,-0.33956061693732154,0.5755097669668725,0.5133072058280775,0.0,nm
17.14265203475952,20.03044130222953,60.52575643739311,-8.96664178405061,-0.028252149997953887,-0.4114133904721533,-0.10992599283872037,0.42020999508707835,0.007660630539140972,-0.3000322052837423,0.4267820119696679,0.516385950078781,0.0,nm
17.177239894866943,29.245356947098443,61.41430517428494,-2.95991801605665,-0.8693909124532148,-0.389560860906465,-0.9995626830026728,0.43082962094201493,-0.03710824022208667,-0.22773306940818283,1.3808416926852698,0.48872644155549083,0.0,nm
17.181806564331055,37.736990621925926,59.05214944328071,1.212139142861448,-1.5311263997315718,-0.4684530743248965,0.046553651273999484,0.40264455248616815,-0.27854423160501335,-0.3687830089751013,1.6018625338169168,0.6129522267811282,0.0,nm
17.18557357788086,41.04884065222487,57.5402042950274,1.9090971360676312,-2.349234155838915,-0.44369943348345153,0.6149683991529644,0.3516409402972134,-0.2984886248052241,-0.4582733797846399,2.4685940205287857,0.6502009694321126,0.0,nm
17.200891494750977,44.553764848667676,56.53830342500727,1.79736843315715,-2.4089827392167886,-0.7482955104705938,1.0551434726766027,0.3831035524761388,-0.1926619462720288,-0.6476365984139633,2.734313763408821,0.7767368415791625,0.0,nm
17.236621141433716,55.99401884522646,60.231298452463776,3.338268002950487,-1.395597436266053,-1.2289957195716303,-0.743898716173148,0.40465443456788236,0.32222843124625794,-0.5951635510490403,2.0028749293857135,0.7885404401907239,0.0,nm
17.23910403251648,60.30620344093396,61.23416547720423,4.49152026043686,-0.505941668423628,-1.4343342275538382,-0.9937721033554241,0.4000602327633116,0.227914613450374,-0.5532270462878247,1.8168309336829374,0.7197592830990228,0.0,nm
17.256059885025024,62.56940970543619,61.404507346140306,4.8353763099413865,-1.191502953380995,-0.8395361373056209,-1.726986820275979,0.20673939274796402,0.05052346570231095,-0.35775068516462605,2.2598636443742826,0.416268362761487,0.0,nm
17.258718967437744,64.22923510700579,60.746006115082665,4.099023403773434,-0.570394846655355,-1.0976687687075244,-1.454435129800205,0.16364450391305047,-0.1199420202510129,-0.4696887494429043,1.9093476775285894,0.5116376972390542,0.0,nm
17.261197566986084,64.81342147879019,59.85246335695501,3.0387181126275284,-0.07808932897451439,-1.4729297436407807,-0.7535303281599244,0.06233578627977839,-0.17587040869937,-0.3468915531935242,1.6563296557322726,0.39389072162748046,0.0,nm
17.29656219482422,62.863963334144856,58.90254662220398,0.5954384305285401,-0.45415838152057536,-0.9168203383531508,0.06977427331003003,-0.1228746035056107,-0.06620876357772594,-0.10377742285434502,1.025518316530386,0.17392964685596812,0.0,nm
17.299498319625854,57.85280619528583,59.53028715478318,-2.4736065223564263,-0.007721505920427491,-0.7670881069938675,0.672104287846996,-0.3148501160771517,0.11070028705087608,0.21712194302468718,1.019905858051336,0.3981546022461096,0.0,nm
17.354382276535034,41.86627567802685,60.140874128416556,-6.798705087443776,1.5240606263775733,-0.416854013628254,0.31116658344999365,-0.5848883873254038,0.04842968128829887,0.8445183905400456,1.6103889915819494,1.0284216895895122,0.0,nm
17.357242584228516,37.620208875181525,60.08546879768463,-6.231708223498951,1.7551799245387385,-0.03383045938559245,-0.06472919812573794,-0.4288125107440311,0.032363357780193204,0.8671110629885693,1.7566988747580083,0.9678890183562241,0.0,nm
17.36002254486084,32.55508428627082,59.02748450009288,-3.802938189947803,1.6368642328634888,0.7379109374298186,-0.3345894745986252,-0.2422336831074075,-0.13859509228443018,0.614230400118208,1.8264137496521744,0.6746589814613628,0.0,nm
17.377847909927368,29.914102981576878,56.90934901071034,-2.9700727638732896,1.1278540144652667,0.7578355819987319,0.23022325722784162,-0.1282003414240131,-0.221473884495123,0.1994763340765034,1.378177127751499,0.3244638915367832,0.0,nm
17.402034759521484,30.07444731700345,55.12192342465186,-3.228970486064442,0.749521178346181,0.1833085271976277,0.6918653118888918,0.04584565897124691,-0.16279857616612073,-0.1169606053245404,1.0363694431658648,0.2056331297386367,0.0,nm
17.411542177200317,31.307965310711243,54.70101098786849,-2.9941934896819467,0.5357020894129906,-0.08618687546542703,0.7048106057892225,0.13283082628686588,-0.0987950764815397,-0.1670472596030136,0.8894733813537691,0.2351792560791054,0.0,nm
17.413705587387085,33.11041499519371,54.57385595583465,-2.3733422599347804,0.4697546681148158,-0.303904046796858,0.6048865811658592,0.20301782775820423,-0.04178489678623086,-0.1821329194105162,0.8239629202516878,0.275925019380435,0.0,nm
17.432118892669678,35.16972310360252,54.749059456951116,-1.457362030472302,0.470352902918636,-0.46259909640348745,0.425765134992565,0.2349682307074927,0.02089987771640272,-0.16522700895182904,0.7851787869348917,0.2880049284605003,0.0,nm
17.43429732322693,37.11827499289448,55.17993855472698,-0.5207162157718154,0.4008068046386454,-0.5101443851945777,0.09570235381699084,0.22070254981443238,0.0765518620881904,-0.14429721375158353,0.6557837516409715,0.27457510626462756,0.0,nm
17.44650936126709,38.722344094004086,55.72530931508725,0.04814883297392663,0.3940406391597572,-0.5084121719322086,-0.1749292345373765,0.1776774577263668,0.10287701928287464,-0.16309973088331725,0.6665967288954304,0.26221075930412224,0.0,nm
17.471694707870483,39.97187124553488,57.550428098189506,-1.7115711873226824,0.14635119461122778,-0.46127218209897025,-0.6507920472626444,0.003689668555102598,0.12950357717238584,-0.21625540101187238,0.8109999919375974,0.2520936108299779,0.0,nm
17.49786877632141,39.99434129159218,58.822931953697505,-3.3533915099170133,-1.3017054438688607,0.21694152383344986,-0.9267764044101826,-0.0053282191922953805,0.1021675562489992,-0.15819621585265714,1.6125802898251216,0.18839491017475513,0.0,nm
17.50676393508911,40.82983066413803,58.665318770649556,-3.8997850877386746,-2.4311481514102704,0.31982713342409735,-0.6289579945912112,0.0786927202169701,-0.041889179217510196,-0.2825511710601889,2.5314736594205454,0.2962809676947663,0.0,nm
17.509613037109375,43.850607957556164,57.695551789551466,-3.976419831510593,-3.1263735567218482,0.0875273050202594,0.5009817022705291,0.2991743586629365,-0.21975494632212259,-0.56978339918463,3.1674682810256534,0.6800372455246916,0.0,nm
17.53548502922058,51.686458427405206,57.442754444308974,-2.3387450667516325,-1.5160826841443458,-1.4305277401442664,1.8258975556938721,0.36370801760242977,0.11746752928231369,-0.331398762107378,2.771068062024721,0.5058727923404096,0.0,nm
17.540046453475952,54.31287169285131,59.42381802675102,-0.05012103600347241,-1.8842328755720765,-0.9837129341792074,-0.17944673032428832,0.27657588712366316,0.3889138496492776,-0.006703509280698103,2.1331258273440317,0.47727679686313956,0.0,nm
17.54999542236328,58.12279064374216,61.45236160498711,2.4851635996582555,-0.973324393309892,-0.9285965471003467,-0.6724228637885765,0.3602402901924446,0.4125857188226688,-0.1687941863414138,1.5039296624657639,0.5731417969377343,0.0,nm
17.58631134033203,58.995085126788155,64.39341274669101,3.1243619881215117,-0.6722057503513071,-0.5556900406138094,-2.0657626223969134,-0.09751116972618798,0.2554156415666007,0.05736996407287173,2.242326292967844,0.2793508384737198,0.0,nm
17.58899235725403,57.60924687522664,65.31229569861982,1.5041150656168598,-0.14198985844979448,-0.7684866635805925,-1.343162637281582,-0.13305933520452132,0.1772900241961116,-0.08554629878518127,1.5539687069542418,0.2376019962045153,0.0,nm
17.6029691696167,50.158106588057954,66.58949396451516,-4.828644791327481,-0.472198787805749,-0.7129543371174607,-0.3554411583947195,-0.3264574672693511,0.14850161992931618,0.0764575202785309,0.9260745105556014,0.36670555145060524,0.0,nm
17.60524845123291,47.52641986487459,67.6505423313298,-6.913589392428434,-0.12404193509867839,-0.7485683426369135,0.12046989993595529,-0.19026140964735705,0.22964733807596371,0.05618437770957688,0.7682798722157046,0.3034699131462422,0.0,nm
17.622711181640625,45.12368089489685,68.8347859990173,-8.26212304528608,-0.11239634513633089,-0.5793831688038468,0.2562391805908658,-0.15394401633660504,0.25584123448419116,0.1652285584910888,0.6434099100597304,0.3412535332700351,0.0,nm
17.627722024917603,42.40738555155299,69.59587138180673,-9.381397535808235,0.2971577426897673,-0.7213517647428921,0.18595954008099527,-0.1759793757003088,0.17690681021976828,0.27324053210131033,0.8020174830297018,0.37003398297590284,0.0,nm
17.641323566436768,35.42298195258957,69.7556190706536,-9.804894962310449,0.8048493862536759,-0.3354093278661568,0.3135647916458816,-0.28554683842998896,0.01679599036009732,0.7694867325013541,0.9266093191482973,0.820931747300072,0.0,nm
17.6624755859375,31.372701692247325,69.32979735557126,-9.532959420820205,1.3509522070914677,-0.20300785873547103,0.33331269869109575,-0.3021271916227844,-0.04209000680117928,0.8297591735241173,1.4061939452516534,0.8840546898454983,0.0,nm
17.665070295333862,27.353668759924613,69.16146553479877,-9.038522084404832,1.8830881811872937,0.07413063983900857,0.27222080624111045,-0.29478280392830464,0.006396831388567535,0.8666001959990323,1.9041062515628615,0.9153871971189067,0.0,nm
17.688889265060425,18.206725459205906,69.36811114108676,-10.236462338981832,1.4544008284949037,0.8179471344293644,-0.12069693936921753,-0.33716273899724386,0.046107733728180084,0.6569732752145988,1.6729874583573445,0.7398773682333237,0.0,nm
17.691570520401,12.975451924743078,68.83127530723544,-12.65221592988635,1.3598345840500432,0.9050989008379168,-0.1857596920493201,-0.39381471131436785,-0.039820236382331904,0.5097887326925531,1.6440379495214874,0.6454147736560134,0.0,nm
17.71469497680664,6.948182217973839,67.10922079515848,-16.225112478277527,0.6954123826096781,0.7351948931286922,0.00979646195875328,-0.1821971692120115,-0.14539390510306321,0.07865297728849642,1.0120305743584468,0.24601115207716426,0.0,nm
17.7181396484375,7.569549371983956,66.28553131891084,-15.88123545642456,0.43094563763729804,0.49043729122570906,0.2258163808718947,-0.004164708327575001,-0.18182217166919382,-0.05470048503491838,0.6908226379422644,0.18991785058022032,0.0,nm
17.74264430999756,15.631398679193993,65.31362786157125,-10.910344473170346,-0.021811116419998198,0.022281888496934205,0.6176389492325983,0.3899695786647391,-0.17246378957068417,-0.3304064964588701,0.6184254837598663,0.5394334842214197,0.0,nm
17.74898386001587,21.517480232624507,64.975643114172,-7.602537377085728,-0.3003361641254849,-0.15103674375018686,0.6106023706899569,0.4718692905291681,-0.15410968603996344,-0.4309952454027597,0.6970288118409922,0.65739434454186,0.0,nm
17.780966997146606,33.76701103548359,64.43779170567919,-3.0283134378987207,-0.1880473736290303,-0.5977425043638941,0.6383788886700007,0.5145346166431027,-0.08094817770498285,-0.7666555069310192,0.8945308947999175,0.92685443598522,0.0,nm
17.783140659332275,38.69065126872211,64.4161313359025,-2.408973360052906,-0.7310139807276798,-0.7988804213537707,0.3411145824602348,0.418086676183567,-0.029518543333732127,-0.799142260079515,1.1353195699928398,0.9023836019386454,0.0,nm
17.79770255088806,47.83520725575225,64.74601953684021,-3.132737212426615,-0.7557410571977686,-1.3904050698061368,0.27151572058007395,0.38560128183575376,0.025011878688838928,-0.9569949555178815,1.6056436685015534,1.0320626373992974,0.0,nm
17.833740949630737,52.1097872059925,65.0712742715644,-3.2136476756101153,-1.201727889214485,-1.3997805161484895,0.004856013760420859,0.3582053263897329,0.04315935654719389,-0.8480501524345572,1.8448737067817067,0.9216088361966907,0.0,nm
17.837143898010254,60.87971602674437,65.40154321195516,-1.8175026278160482,-1.1879043096099096,-1.3961735724928277,-0.26372333358220207,0.3520652317326938,0.0044516816755059835,-0.6404836160675699,1.852017086852303,0.7308823484773221,0.0,nm
17.839407920837402,64.35509321247619,65.38583415168175,-0.836249244790025,-1.3155370934648225,-1.0992494745919603,-0.4410398508492025,0.28132873395035296,-0.010045384192415784,-0.44816433108038634,1.7701704442537902,0.5292428874745619,0.0,nm
17.842623472213745,67.00490633599607,65.35006325995424,0.021382744094893786,-1.0776927481194352,-1.0482529336162625,-0.442974233160549,0.2128141167182459,-0.008492104720881152,-0.3224686384610077,1.5673168293068562,0.3864556726301914,0.0,nm
17.858482122421265,68.73419393031207,65.49920315473005,0.8088971798434191,-0.7973012957153688,-0.9745433501626674,-0.3695984575595101,0.13547982759092428,0.03147613697716421,-0.16910270094203164,1.312260308523446,0.21895491396395278,0.0,nm
17.877281427383423,69.44433214653621,66.70083078337606,1.9965252414920207,-0.3294855655166643,-0.6810331427897487,-0.3407840054116562,-0.01939744198511633,0.1491749380919765,0.0967376620308526,0.8297593734368598,0.17885077065952618,0.0,nm
17.8954074382782,67.24994438200642,68.56628473931814,2.8567352718164787,0.12306537935625465,-0.44731194296024335,-0.4725176423597533,-0.11880120100548333,0.18211431166405398,0.3328420739490374,0.6621978437387022,0.3975716213010103,0.0,nm
17.91221594810486,61.94595400566589,69.69113385624817,3.3168920701523774,0.6243846001151148,-0.23776468212135266,-0.5338444857656137,-0.23221622183854032,0.06788754118925987,0.6059391785536685,0.855206470922392,0.6524533546852098,0.0,nm
17.932812690734863,54.07662533363458,69.84821454621654,4.223361697624876,1.5236404172752587,-0.06737809002620548,-0.1272164531933499,-0.30934017958006765,-0.0211993947834824,0.9173996752176093,1.5304260694765361,0.9683816009875392,0.0,nm
17.978290557861328,44.856295007608935,69.98718388612127,5.805666091403181,1.7769368519166038,0.4355640789300777,0.10777504347102525,-0.3151423251028187,-0.006255677191953716,1.0068772091135607,1.8327127714261935,1.0550618620728613,0.0,nm
17.981759071350098,40.550135580671885,70.33518832025027,6.730526816997601,1.5546961355161173,0.787926774971327,0.12749172306500375,-0.3063049052557365,0.03123905875515616,0.986123155797368,1.7476163240126676,1.033071852377846,0.0,nm
17.98467493057251,32.883662691138056,70.95262761924562,7.410751251614065,1.0688946803419501,1.0092236973957462,0.03470024749136413,-0.24236283619450552,0.009733361240822044,0.6850603540385701,1.4704667341441024,0.7267339068495016,0.0,nm
18.002295970916748,30.093694991511903,71.04894656373241,7.537309538737471,0.7304977193776669,0.9707550849436484,-0.1238995305189258,-0.18910041871813976,-0.012654568068963867,0.5437443538935864,1.221205734764922,0.5758272560790619,0.0,nm
18.00463056564331,28.609893702469588,71.02451306723454,8.056912535212632,0.16001898868045736,0.7839844297835096,-0.2945266751708353,-0.10096653629911531,-0.02641631295285287,0.375179933506462,0.8526333474996611,0.38942527594928517,0.0,nm
18.01235580444336,28.67730735481659,70.80000843924897,8.898995548013461,0.030638189103258957,0.5218040848174635,-0.29253053694523706,0.005216344461379577,-0.05246824588350368,0.14583095613318423,0.5989927517167353,0.1550702900053723,0.0,nm
18.01477026939392,29.712083356685653,70.41017775554919,9.660156298789614,-0.27780088203273134,0.28289238457339105,-0.35549785968092174,0.07483371798326234,-0.07459083388268432,-0.053292346499868616,0.5325224498042305,0.1183382949090222,0.0,nm
18.03741431236267,32.88887809943586,69.04706398037013,8.745731163994538,-1.1247759604601901,-0.08126958443125017,-0.4304252579531185,0.13749031756300412,-0.1509897918679234,-0.5382579061515329,1.207059074472654,0.5756935627628008,0.0,nm
18.040263175964355,34.75628883679143,68.03437632066614,6.4361597303041815,-0.4938793106777926,-0.3660880827729986,-0.052484647912043554,0.1567099829900478,-0.1907102242782441,-0.8217084000261996,0.6170023469407816,0.8579819946167961,0.0,nm
18.056448936462402,36.17137366289779,67.14273270090032,3.317881954173146,-0.7333553709375579,-0.7947008087740444,-0.010231985946902533,0.11683523674040298,-0.17585135123014767,-0.8978145265787778,1.081417666346126,0.9223042309398399,0.0,nm
18.062796115875244,38.0073153448884,66.47865024841809,0.015467613991569321,-0.9819796782200984,-1.1237943769058725,0.05672456242449611,0.1421790182110849,-0.13501918612403888,-1.010913855146973,1.4934575876082843,1.0297533085012065,0.0,nm
18.084367990493774,43.40495838216841,65.79480910675372,-5.518390200019687,-1.2963146745768976,-1.6234842733518837,0.11577434271147487,0.2210537512616099,-0.0673968735250167,-1.026011723762924,2.0807538585268985,1.0517162910246962,0.0,nm
18.10634732246399,47.0841279043983,65.7771131462782,-6.914661860031506,-1.5013208235168596,-1.6963927578005402,0.017501753010375227,0.29232007488915146,-0.03945948251642326,-0.9635935925133894,2.265395973158313,1.0077304641998885,0.0,nm
18.124425172805786,58.81346051131023,66.05171941579597,-5.718537215726708,-1.4697374607752471,-1.3760489571469057,-0.6724407448352041,0.28046519795821506,-0.018118050625192984,-0.45764615548100135,2.1226906254529134,0.5370558580359577,0.0,nm
18.18333911895752,62.76190862157723,66.421930943121,-3.5896922973893304,-0.4504717631568801,-1.029920293050024,-0.6437048114479866,-0.021579151907305808,0.04559177879114501,0.06799838382252875,1.2953827634020778,0.08466433896780402,0.0,nm
18.185694694519043,60.894123252695486,66.79659144923576,-3.979491471081045,-0.03266109215295786,-0.9266370968175274,-0.440684082826201,-0.15167173761934735,0.0842562915461381,0.2534216311392161,1.0266087458206312,0.3071253193516303,0.0,nm
18.18905520439148,52.006435611516046,67.64259161692166,-6.4083362477586565,0.8294726697376165,-0.7603855137506325,0.05162423966308288,-0.4062369229668834,0.11570042435395829,0.6765864702904513,1.1264440072565762,0.7976116082137843,0.0,nm
18.19131565093994,45.484283523555625,67.8120121677386,-8.062428886227273,0.8703722874631092,-0.4143192003746563,0.07417125667918029,-0.49512703390885715,0.09272982390108475,0.8664183455330794,0.9668038549262351,1.0022127266326184,0.0,nm
18.19351315498352,39.04670509950464,67.67245958840381,-9.395754800094238,1.7948000345132422,-0.38373708324328515,0.5367914161379342,-0.4950519197475928,0.04203103109717657,0.9155614014074146,1.9122516407063608,1.0416792647297812,0.0,nm
18.2096529006958,31.991558739477764,67.27764790673889,-10.31293117363081,2.308409049009629,0.07435167474826394,0.82363939930415,-0.5546206818257792,0.008991337062561907,1.1113846729556456,2.452073075822479,1.242119493499636,0.0,nm
18.23829483985901,18.5788847506372,66.0339586548133,-10.878494953888985,2.055782685395154,1.0941345733188739,0.6661339705792888,-0.5119604899703267,-0.04090201151818178,1.1004673756757744,2.422211258511923,1.2144154819350816,0.0,nm
18.24045205116272,13.197369782575473,65.52705404384241,-10.904809571233393,1.7377551168048286,1.5227459601656124,0.5389851038013515,-0.45916560084613445,-0.025219675245147354,0.9684541044631049,2.372562548659531,1.0720878851434228,0.0,nm
18.246636152267456,8.489965353207023,65.03058581226189,-11.331427328734499,0.9342085544983127,1.6262943712474318,0.1682923109067944,-0.41110303268903714,-0.03132937078881032,0.7619315440340004,1.8830563738665012,0.8663295624380957,0.0,nm
18.250192880630493,5.187542329517922,64.38273700329881,-12.17227629152003,0.8113088107044306,1.5591459809687478,0.04895459183695497,-0.307606232655861,-0.0797713774763438,0.42062851996827794,1.758281754543213,0.5271749414036189,0.0,nm
18.279290676116943,3.7784727516790504,62.33645955311882,-14.435530276384839,0.28022705197140524,0.3848409727110242,-0.27173490502405917,0.08595775286396,-0.17337354092020665,-0.3109773293530409,0.5481511046620141,0.36627041832528856,0.0,nm
18.314138174057007,6.915351760003853,61.633367494681515,-13.874813383083222,0.14367036262556881,-0.03548780361127342,-0.2740801519526433,0.24713683542515283,-0.21869643014814727,-0.4520237603913998,0.3114811182022095,0.5596697454230344,0.0,nm
18.316623210906982,11.640609637193718,60.87233656558033,-12.479720031049725,-0.3485016843635286,-0.33035290725560323,-0.35299947945513677,0.40354990045194095,-0.26148974093615446,-0.5605128500375388,0.5959824660441305,0.7385147675076194,0.0,nm
18.319002389907837,24.42130747326951,58.94810120074026,-8.574397155791239,-0.6206315203519148,-0.788010518693403,0.27304450470906794,0.608376646624916,-0.3132062514507408,-0.7339084690011668,1.0395659494123475,1.003415138902159,0.0,nm
18.33431601524353,30.76608502949755,58.088979459433446,-7.00217318634531,-1.436252163087437,-0.9725303996317328,0.24815209821235307,0.6285540310185556,-0.26685032191990826,-0.7806305492967982,1.7522029328900215,1.037146719955212,0.0,nm
18.338063716888428,37.43974421633883,57.50533281902612,-6.0221504838971605,-1.4544954792453846,-1.238878162711083,0.6912481803010556,0.6886270757470356,-0.20221301626930818,-0.9469894858577013,2.031797294997011,1.1882282776157445,0.0,nm
18.364068746566772,49.19237419158156,58.01823560430839,-5.699686477428905,-1.906386139133588,-1.778755628807994,0.43701150914180076,0.6077241797136431,0.05451486505954948,-0.9651318980449619,2.643720627755358,1.1418319183421666,0.0,nm
18.39237117767334,59.694435772541894,60.5417351494519,-4.641388810749839,-1.6732151654359275,-1.953627446670007,-0.5096054160143773,0.5135560511757181,0.23137331757264507,-0.7111564264246618,2.6222141160207215,0.9072027847338567,0.0,nm
18.39534306526184,67.27302832104013,62.357155037989855,-1.9681206302998349,-1.3106270538837852,-1.5333052633420758,-1.3134051309806993,0.3070806085425545,0.11278089259893588,-0.3293351121056189,2.4070316456272507,0.46419785215347437,0.0,nm
18.412092685699463,68.75411118974156,62.43454424826247,-1.234458124579261,-0.9455969329833599,-1.3712196899381695,-1.294584151944666,0.1301764772638279,0.012467087189666133,-0.1281819983235997,2.1095841116693963,0.18311736179304774,0.0,nm
18.43687105178833,66.48829936397809,62.272023198142286,-1.372873806573412,-0.15367340702537702,-1.083830796388643,-0.4160953349579603,-0.1911936843712237,0.0048966826545474886,0.27425260269015533,1.1710849836800934,0.3343553387143484,0.0,nm
18.439029455184937,62.5396464448229,62.7573367631792,-2.3245861940305947,0.26904515449428723,-0.9124627798904485,0.05260742419400276,-0.36915578437514995,0.10848877135613903,0.49849830148608654,0.9527545124126087,0.6297192733532221,0.0,nm
18.460254669189453,48.21220385731731,65.00241640625833,-6.719951268570477,0.9995163593940961,-0.4677286771929825,0.44721213687143385,-0.6946806080423266,0.31118631529758845,0.9458470093567991,1.1907148120058972,1.2141023989465416,0.0,nm
18.473153829574585,29.178337016048882,66.41616023755554,-12.92724300880027,2.5506152221326706,0.05491087879981339,0.7810676911367297,-0.7700365428191714,0.23579253948932163,1.1937775349113997,2.6680929433067213,1.4400205560389974,0.0,nm
18.505936861038208,19.838864153289734,66.30542488337035,-14.754822505663642,2.5595661432059202,0.607077169774508,0.5275016853455828,-0.7403754437341936,0.1504050968752228,1.3381210325621649,2.6829423325054687,1.5366669738872778,0.0,nm
18.508110284805298,7.137639270400274,65.7683611476877,-14.108694644206631,2.042196112311098,1.7684838422727416,0.31326536566391733,-0.4519882217931493,0.0558439345661623,1.1588511101002013,2.7196020390569773,1.2451296290137954,0.0,nm
18.527462244033813,0.3526634555274145,65.4091201902231,-12.813895752979432,0.5648293411681515,1.9448687056842302,-0.07066264627325497,-0.22749556101994106,-0.0010283970543474128,0.5478168040287417,2.026459887728509,0.5931766504680911,0.0,nm
18.529625415802002,-1.4038121793452656,65.14756187030392,-13.337357663650259,0.42432109060255624,1.7101641314814044,-0.14239323717186714,-0.15898350841277323,-0.028705965406462454,0.20613215587197076,1.7677628739533968,0.26189741136860784,0.0,nm
18.538060903549194,-2.269146532865244,64.86213579191313,-14.50043490283444,0.22987635276753507,1.172972213197533,-0.3515728725006091,-0.08856868724678309,-0.04890878825899089,-0.08452754181817022,1.2459175073709947,0.13183848927913197,0.0,nm
18.598959922790527,6.493878106778403,63.93291966829252,-14.693196598012152,-0.22448445427658797,-0.22605001123201565,-0.6615857284175657,0.401112214139455,-0.19316519239346513,-0.6983885585403597,0.7342939151563582,0.8282212135561018,0.0,nm
18.6010582447052,13.974235474089452,63.33295130318927,-12.289689570763452,-0.4542270978123666,-0.3536017757786525,-0.44878774152443723,0.6132516533617369,-0.28077420991024354,-0.8714619673655528,0.7299088362004305,1.1019789961093929,0.0,nm
18.604058742523193,22.51228263982426,62.36369389429708,-9.375641440233435,-0.44789497911898196,-0.6597384551118142,0.08266081573882314,0.7237347941756191,-0.3447015779351612,-0.949166350503729,0.8016841971324644,1.2423880195252945,0.0,nm
18.606277465820312,30.76826025068787,61.191291372874275,-6.899330772265813,-1.3768573157659771,-0.8776840928869676,0.16576176437021492,0.7344062195315721,-0.34929001670490417,-0.9726915623689177,1.6412015103003765,1.2678662731376895,0.0,nm
18.608795166015625,39.088216731734754,60.11473806855079,-5.402247650894057,-1.5590643294706175,-1.1760417083164378,0.6593313249466514,0.782327141120324,-0.3066715160348852,-1.1648150591716386,2.061182543877038,1.4362720134270046,0.0,nm
18.624526500701904,46.752398721413215,59.56603100124504,-5.120583733575507,-1.6838393142458,-1.6568058039168632,0.9368004166268507,0.7512772188598034,-0.18362358865750272,-1.28326688108308,2.5412428708576065,1.4983020289560702,0.0,nm
18.626689434051514,53.596845989927616,59.879146793135504,-5.672888811662364,-2.1021895698534645,-1.8803129396243397,0.6399817535990349,0.6872105040290352,-0.0046233594992873125,-1.307180345322583,2.8921193584392597,1.4768209463230697,0.0,nm
18.633103132247925,60.33276052987467,61.026113649742165,-6.283406666426771,-2.0325077504307436,-2.1405785118856335,0.24112153662385577,0.6785038651713485,0.15870657280211664,-1.3088014562901695,2.9616386877084455,1.4827395331919633,0.0,nm
18.666797876358032,77.12818218333203,65.07044322723411,-3.387377074172881,-1.905666875741742,-1.5668125274165272,-1.6951861321203694,0.3897871983384199,0.140844092362463,-0.527930587075455,2.99334658198844,0.6711794269133667,0.0,nm
18.669286966323853,79.15217648109476,64.96272869236498,-2.832721616819193,-1.4658704982917672,-1.5426699256898164,-1.7830063728249044,0.16200667644726074,-0.027627512281398408,-0.26802322962646247,2.7762778216389297,0.3143976689922266,0.0,nm
18.693548917770386,75.42981359968991,63.29596766007877,-4.188824373880895,-0.5792425677989687,-1.434481864278929,-0.8077995906541947,-0.27595789022676753,-0.15986757665236542,0.325133900005723,1.7452221491708668,0.4554365512077836,0.0,nm
18.735413551330566,53.19552393589358,64.72356417920129,-9.51193536440785,1.3946917774823597,-0.9582000254063308,1.0015846340962031,-0.840426362508686,0.377846107933803,1.2854440472300046,1.966337769083232,1.5815974679542701,0.0,nm
18.73992943763733,26.975668069812222,66.48381904878241,-18.2989800819046,3.3555300211677226,-0.2274794680719634,1.3215061432703483,-1.0419806506276001,0.3940266350787732,1.5603213634290591,3.613544951713404,1.9171811136684338,0.0,nm
18.75532341003418,13.677607818626557,66.22493964977502,-21.667593184242747,3.5328184129293265,0.6980300243824988,0.9574286540513993,-1.0279508695809485,0.30845460303098937,1.7567430739109178,3.726220804148701,2.058633882004572,0.0,nm
18.758707284927368,3.1652955927816433,65.70253605575796,-22.555861890614715,3.3075717161029328,1.5002243367827257,0.62698212074704,-0.8401476169058608,0.21664484237050552,1.7370669943806485,3.6856221045538193,1.9416963585702471,0.0,nm
18.76377820968628,-4.348808479356896,65.36026606075475,-21.468204814476614,2.590723483921384,2.2347355842906014,0.255157722051755,-0.6091240508229105,0.1596395663959566,1.5800070544524076,3.4308886261374107,1.7008642487186842,0.0,nm
18.79334783554077,-12.56003339292699,65.33079329479315,-18.037827755962553,0.27702444607633053,2.295716040358583,-0.30369471293672845,-0.23171921493076553,0.06963747614320087,0.8399718205599503,2.3322275104177357,0.8741257529592196,0.0,nm
18.803810834884644,-14.470323615243675,64.66635666974254,-18.044611020298138,-0.23210495946027027,1.5866435069319862,-0.49361216211057474,-0.07643340060072766,-0.08472734755616054,-0.028466237091145458,1.6777852356243221,0.11760576008607336,0.0,nm
18.8214590549469,-10.393149117420833,63.55369372602485,-20.328820596906134,0.03972042858794684,0.4974240152513366,-0.6268584493971925,0.21286814183333597,-0.2019347094993028,-0.757891629731577,0.8012239880187217,0.8127054787100495,0.0,nm
18.850698471069336,3.171126925269837,62.85707847107947,-18.369905612532808,-0.586519061738936,-0.373457215779311,-0.5229000670698096,0.6865272740767686,-0.32481593734705017,-1.1234152881910864,0.869999644794392,1.3560556776723376,0.0,nm
18.87760615348816,24.589738427078593,61.13476567165971,-11.555928463227545,-1.197281151685942,-1.0933277213785715,0.48787481930327675,0.9426998292311504,-0.449883596419787,-1.2106560152336936,1.693183245200436,1.5989891199071893,0.0,nm
18.880974292755127,45.129317258560995,59.02966307854084,-7.8474142935566595,-1.6553774599147473,-1.9249672796096189,1.297202727283666,0.9540938558775404,-0.3185608065702896,-1.4842887444007717,2.851053924083801,1.7930111963010176,0.0,nm
18.89808225631714,53.58187395303451,59.190987084244895,-7.922560285212056,-2.053875725882956,-2.0747698850532594,0.8286630297073182,0.85854275276745,-0.08901760789646872,-1.4806190336842342,3.03475830834992,1.7138414500043917,0.0,nm
18.901248931884766,61.53226079024765,60.50172204164564,-8.143400135622345,-1.936914383634025,-2.2603230568879127,0.23616292476903777,0.8216260997995389,0.14806241654988478,-1.4340841703770082,2.986045977218529,1.6593942674338444,0.0,nm
18.929510354995728,75.08089313079996,64.51391446318752,-6.160130442174262,-1.9953468294873036,-1.8635332397198845,-1.5509195569533398,0.5898113887059653,0.326927862920303,-0.8385397734346222,3.1399867161544277,1.0760614543011395,0.0,nm
18.93277883529663,79.38174854143516,65.61349971040488,-4.8686474915299565,-1.7833154178006507,-1.4614487849084754,-1.9929119990420847,0.37474172565941943,0.18820338113921864,-0.5344208099904495,3.0475801328598213,0.6793066139625623,0.0,nm
18.93657422065735,80.32875393074498,65.60632734024813,-4.848977062467173,-1.3651701365045479,-1.2614383253589163,-1.9611096257045995,0.07029936872233332,-0.00435317635852587,-0.18048150489784587,2.702011679160434,0.19373828996189207,0.0,nm
18.952550888061523,77.86557060857865,64.75865325162829,-5.951773579189156,-0.9347687051305649,-1.2234463711220769,-1.4991835179960586,-0.22946080943934757,-0.14655305766232707,0.21522223702933355,2.148991571815555,0.347060042486381,0.0,nm
18.95597004890442,73.1820911938011,63.702827787683006,-7.205520574543359,-0.2520720347051568,-1.4943040263589993,-0.575988234564906,-0.43659113150510753,-0.1611592878648662,0.5817994621339732,1.621186997304849,0.7450333860394455,0.0,nm
18.976295948028564,57.670312726571304,63.74383552497021,-9.184475281146359,1.338077374119076,-1.3462962084758197,1.2027328907859005,-0.7831705245013133,0.22179038195556441,1.3731776268138283,2.247116140003444,1.5962969143482406,0.0,nm
18.99499011039734,45.93633963113246,64.89986638287583,-11.644700170537925,1.8212766246896934,-0.7538820876325307,1.391956890005262,-0.9672252458581473,0.40827938237285827,1.6137214479463433,2.4130749531101157,1.925178859705809,0.0,nm
18.997167348861694,32.41199712523896,65.85872897248669,-15.65247349959863,3.133868454912668,-0.48156475990197317,1.6860358155199027,-1.0581451856974644,0.44678166056527335,1.649538217798125,3.5910657028091286,2.0100401533822154,0.0,nm
19.005345344543457,18.03399266661257,66.15343820105977,-19.859142851354076,3.5523587124214364,0.5533996029830278,1.2620018591972586,-1.103326110816226,0.4054045933598508,1.7796329281901946,3.81026931264912,2.13278567845551,0.0,nm
19.036898851394653,-3.885549821171477,65.60133489746238,-22.98345635842327,2.5497612919316994,2.0371781041192865,0.003917332867190744,-0.7316429875588861,0.227173799829496,1.5844778265023494,3.2636471346077,1.7599657324080697,0.0,nm
19.039846658706665,-10.404921812921627,65.52872290532345,-22.139587577595858,1.183015954246622,2.239316812267301,-0.5570617486206284,-0.508986840900057,0.18263024073985992,1.3505334528742627,2.593141786613548,1.4547721527354713,0.0,nm
19.05851125717163,-15.176842694650235,65.28400374472236,-19.893150520495656,-0.1347887093709921,2.0912691517866318,-0.6381680284934584,-0.10815873260861117,-0.025395778551228442,0.39012571845301336,2.19062390518763,0.4056369475358525,0.0,nm
19.063008308410645,-15.280547947777139,64.7261724291161,-19.908869924516114,-0.4670579288633086,1.5842909431577947,-0.6561666012895404,-0.04913706888200473,-0.11427680057155226,0.008199276960178598,1.7772663025370636,0.12466301307867912,0.0,nm
19.07829713821411,-10.601011803675608,63.331911892344806,-21.773663179882124,-0.2627985411369448,0.6223813926666052,-0.41538188659984354,0.2211124162255655,-0.24490395568961706,-0.8072161773085803,0.7930723692555268,0.8720473639832913,0.0,nm
19.09808373451233,-5.5852970211131145,62.89599635325318,-22.265648329129885,-0.5535338399870345,0.023161498375059188,-0.36688700625584725,0.3841101453364446,-0.26230373522832484,-1.0033024269433175,0.6644864501080123,1.1058750441055567,0.0,nm
19.101933002471924,2.1516076845171472,62.706815803140586,-21.437988798062747,-0.7854548767810077,-0.2973428152796461,-0.14418805239897126,0.6379659068283432,-0.3086631799532093,-1.2221532787496476,0.8521398404675739,1.4127746082417574,0.0,nm
19.122084140777588,22.811337348133282,62.246329174529514,-16.393778285954262,-1.115724063681605,-1.172728987268861,0.7771750389643526,0.9086309975032381,-0.3641293410289381,-1.3230497927971892,1.7955875097159943,1.6458010878725848,0.0,nm
19.140273571014404,33.69529100614551,61.81516157148654,-13.923312503900508,-1.3754156341562083,-1.5035944655161184,0.9861606993303765,0.9566119447363504,-0.35534064211568994,-1.442648275625441,2.2638633811066877,1.767090102942267,0.0,nm
19.14249873161316,43.81358788059958,61.654361719681944,-12.510736640314871,-1.2947809692617491,-2.02082110160922,0.9739213729117396,0.9192525041486937,-0.2537603562873197,-1.5144253346678016,2.5901155425358504,1.7896657730119314,0.0,nm
19.146472692489624,52.44011597514601,62.231172347574606,-11.942028604204053,-1.6673706130797254,-2.0782721305856278,0.2527594748233439,0.8110080056221936,-0.06059967559041021,-1.423425794513536,2.676420587696141,1.6393740568739772,0.0,nm
19.179704189300537,66.47639885994477,65.08704564580617,-11.145060786611184,-1.570850166796383,-2.132134761873464,-1.08921657993501,0.5941217444980079,0.20157086011859637,-1.0678437679738604,2.863557515978814,1.238507881175941,0.0,nm
19.182278871536255,70.63552047663603,66.37978761241816,-10.732606200011498,-1.723100556931854,-1.5263640516213455,-1.682982492116846,0.37723317078726176,0.19216122343426262,-0.6891151312901058,2.851542182074925,0.8087709596090501,0.0,nm
19.184455156326294,72.33724677316606,66.93541321368194,-10.893560160814449,-1.571926842014292,-1.251381002856271,-1.7330290606486796,0.14554879771555995,0.08709200054704794,-0.35711056017069054,2.6533560138073136,0.395344686648444,0.0,nm
19.202016353607178,71.17607302529042,66.6723659736449,-11.942562661422418,-1.1539314229345887,-1.3192474221926875,-1.3482298237201058,-0.10807633374779307,-0.03089446078841431,-0.008019117922862374,2.2112655081120955,0.11269102837418779,0.0,nm
19.20673680305481,67.53807730280312,65.91289597540315,-13.285240245199128,-0.6161114329238839,-1.5045577000586048,-0.6851536497009586,-0.32692630409381324,-0.08260554473667113,0.38666205539562987,1.7642909891182077,0.5130419372843275,0.0,nm
19.2113778591156,62.161695107983874,65.20890752140988,-14.216826372947764,0.07322232784575773,-1.5464123558575946,0.12756344627067484,-0.4742026622018939,-0.03010736254690565,0.7821425736070685,1.5533914884756639,0.9151620750269227,0.0,nm
19.235751390457153,45.04439770045939,65.24532842506767,-16.437778470313365,1.5987493594178803,-1.0825882086169325,1.1645373497797693,-0.7910048716802582,0.2737532432171231,1.4898817040669854,2.2548046440229785,1.708911067699937,0.0,nm
19.239665031433105,33.70174727409825,65.68294634871424,-18.632337412395092,2.376986578151664,-0.6780686743504778,1.2487451860948982,-0.8810012649818877,0.36318394677403315,1.6165746027325896,2.769333287931186,1.8765338404340273,0.0,nm
19.258376836776733,21.597540883138464,65.86471090302443,-21.25943687242335,3.4146976543488936,0.008793602835261422,1.3064139536677577,-0.9300073856723576,0.36694140441126344,1.6752282226671977,3.656084629272753,1.9508842430285662,0.0,nm
19.260735273361206,9.369251630756889,65.60558632675276,-23.540214812333918,3.0757650853144187,0.9983678598266319,0.5988697779769855,-0.9568847273058653,0.32724929300978206,1.7676927138744538,3.288725323669982,2.0365308767144814,0.0,nm
19.269394636154175,-0.7304878090833282,65.12768371718117,-24.63164357872586,2.692002859430701,1.617400102941703,0.13354531407469117,-0.814750366421332,0.24701815837090052,1.6124291669812525,3.14335757416973,1.823393525457547,0.0,nm
19.297050714492798,-13.390570098423524,64.18744044559375,-23.66037448044579,0.41476773828445906,2.0179055440710103,-0.8372475371226701,-0.44524687101907356,0.08212667685580113,1.0930304912677407,2.223726264613543,1.1830913836406092,0.0,nm
19.307054042816162,-15.330072919942143,63.611764567954694,-22.22034784402983,-0.18042485386784687,1.8604933010983495,-0.9060727782340201,-0.20581188205711612,-0.05161442537030184,0.6300912057812594,2.0772472964916293,0.6648590131035904,0.0,nm
19.319366693496704,-12.785923448866987,62.375437549916796,-19.51780419370595,-0.5622032636358234,1.156127229188886,-0.6029669782202931,0.13409804864687022,-0.19077799267948647,-0.1325235113343745,1.419954878346088,0.2682182137702521,0.0,nm
19.33655834197998,-8.675427601365536,61.78500001578125,-18.414807264403567,-0.6044586048061082,0.7744096498379951,-0.37712652065516816,0.3228774809112631,-0.24877263165611047,-0.5148307226348549,1.0522855711582413,0.6566493454724802,0.0,nm
19.342500925064087,-2.876304338919792,61.26464207310946,-17.314033976522598,-0.5841593198666258,0.39741885281878936,-0.1065313513392439,0.49132031013226113,-0.2800570870661904,-0.8094991987162687,0.7145157691618897,0.9874799096117055,0.0,nm
19.347412824630737,4.361499762884044,60.891716301281356,-16.08055120125083,-1.0557053713082072,-0.021860004165109873,0.00548059225011041,0.6455472012465902,-0.2830138125092835,-1.0315885576031172,1.055945892402878,1.2494010402132796,0.0,nm
19.37074565887451,22.72821080172148,60.36510862307844,-13.378316368096137,-0.8036238543247145,-0.9481563103837586,1.0309871789328162,0.8767458686290073,-0.2727121210743859,-1.3847712198872066,1.6148517737811414,1.6615193500428531,0.0,nm
19.397584438323975,41.529614016050914,60.74846261605842,-12.190933824096417,-1.1279544773850882,-1.9512986437265127,0.9109148804173388,0.917273522896904,-0.1280812102871536,-1.5890996663669115,2.4309696870647586,1.83930238456969,0.0,nm
19.48212695121765,57.34815471732676,65.63688091278723,-19.35275839781431,0.07317774237640662,-1.5552682803138442,0.22856288147980416,-0.5710504487108444,0.1678405806500718,0.8258417887789723,1.5736757596531887,1.0179802235699191,0.0,nm
19.48716449737549,47.892620789622946,65.8122442122081,-21.73156596888117,1.096233429223896,-1.697120499345366,1.0317463207971413,-0.7248628428434006,0.3050030530055922,1.2385279412389791,2.268578010808684,1.4671075163420753,0.0,nm
19.509660959243774,22.743622448635126,66.08851656488497,-27.172113673361817,2.8230100981712805,-0.781596556908089,1.3876284443871185,-0.960620870983783,0.4598250868931519,1.8458265092133364,3.2412639343039955,2.1310342724650457,0.0,nm
19.51256561279297,-1.0986146385451034,65.24784643612963,-29.30900797169959,3.5148918601692594,1.3077012983789602,0.5469600866904653,-0.8883428841016534,0.3663091983330125,1.997326497291812,3.789948919299385,2.2164495584834314,0.0,nm
19.54038977622986,-17.393845677239522,64.62663398929028,-27.595359731024374,1.4644939685158358,2.3955886559575634,-0.6810231091316351,-0.5585241587489723,0.22483368033329384,1.4807469433762066,2.889183287287801,1.5984714354771685,0.0,nm
19.542906999588013,-22.282558061011486,64.13749362525877,-26.46295927242994,-0.20689574583234185,2.0566901706346794,-1.1919648666767464,-0.42498587940376426,0.09277798515475988,1.1033437489357407,2.3861183019751016,1.1859967034260857,0.0,nm
19.562483072280884,-23.096801554642905,62.02804249994485,-24.06887171231571,-0.8052082681504058,1.460074091330811,-1.0522845558150717,-0.021641944171563513,-0.26646070785513776,0.05657228563916914,1.9716692150764519,0.27325831383624155,0.0,nm
19.56470227241516,-20.105247294163128,60.91699487391098,-23.024572790961443,-1.0061371984804501,0.9070170913254721,-0.7469551555843391,0.17108931678860417,-0.3310348733091971,-0.32429086831202175,1.5469111385521255,0.4939840168837374,0.0,nm
19.592926740646362,-6.653983363909309,59.54354374889748,-20.005204689147995,-1.1430262257338863,0.3644284433330268,0.3500401772517754,0.6957595235519571,-0.3954754318017446,-1.0219284220097808,1.2497380400372073,1.2980060983999357,0.0,nm
19.59517502784729,3.002317920517257,59.19608681691982,-18.002334773277624,-1.2776181958584154,0.06052782791681958,0.8917473568467928,0.9044081485945368,-0.3966651974843081,-1.2729738462576299,1.5592258402117642,1.6111361802763313,0.0,nm
19.603793621063232,13.700559885261143,59.137746350629875,-16.118499124791466,-0.8937060630428448,-0.3927058346663475,1.7108520725773242,1.0413866052282486,-0.34055021841502653,-1.503964763818421,1.9697571459300915,1.8607446153673903,0.0,nm
19.62771487236023,33.759455323522694,60.69855627541011,-15.5024329653799,-0.9763698691778162,-1.7847527514455315,1.1710640655648734,0.9987921025828924,-0.045370062105471204,-1.7561885212505701,2.34734563941658,2.020851857234882,0.0,nm
19.63389825820923,43.087893107213624,62.70322446138064,-16.108020933170092,-0.9538332473822758,-2.3196461510267388,0.2166309518171987,0.9541543443268972,0.14184018899913672,-1.7791904823780196,2.517436215491905,2.0238695423860036,0.0,nm
19.655338287353516,59.32075194832309,67.20669815551953,-16.900838542574263,-1.0761453491520918,-2.2395593935898144,-1.920906009463437,0.7028689925835957,0.2265393174062358,-1.4562932211841342,3.1406360800179955,1.6328303124125372,0.0,nm
19.661620378494263,64.5904803232717,68.4562389139064,-17.205638355335005,-1.2141965925517517,-1.6568122845425055,-2.325896045755855,0.4458636827971742,0.1250920066612272,-1.0508087700609519,3.103077944112581,1.148321168055785,0.0,nm
19.683518886566162,63.38878367822867,67.81128713510108,-21.459932731967253,-1.0206423847818562,-1.0565145083790175,-1.3603118192660941,-0.2473446364329152,-0.07703161924600745,-0.08541602753950955,2.0020944107767704,0.27278038290247913,0.0,nm
19.689929485321045,57.45597131947593,66.76792974222585,-24.543543272539377,-0.4328416567928126,-1.5203482065314886,-0.13886778828927898,-0.5118714257957947,-0.011893555507829088,0.4674495670363731,1.5868506015321722,0.6932985727169285,0.0,nm
19.711179971694946,37.79076109146668,66.24469170058887,-29.143780035921196,1.752906306115177,-1.7661085652935353,2.04447573348199,-0.8028999751726034,0.4311733592893152,1.6027840028932343,3.220512537969425,1.8437666326906612,0.0,nm
19.7158522605896,23.844238338784994,66.32228421137867,-31.55721707387435,2.8321564754642514,-1.2543514874067396,2.030651882794362,-0.9701007681842474,0.5763783210371495,2.0647746417466455,3.703789279180158,2.3529984680388676,0.0,nm
19.740291357040405,-2.1744008416559377,65.37106425064164,-32.32107534173994,4.978363097715538,0.9492760590048687,0.7810178541103383,-0.9225534971925601,0.4330025478099866,2.348005302402869,5.127885827252278,2.559633774918621,0.0,nm
19.792304515838623,-20.397776552865537,64.59427793788848,-27.47362345357626,1.9702567312422685,2.5946884002731023,-1.4058536755939188,-0.6301956908311109,0.26540948102563744,1.9689484771063632,3.5483438444855078,2.0843096955250835,0.0,nm
19.794628143310547,-26.208699202053303,63.945068943163335,-25.11713641901993,-0.8602726349147677,2.0533577081365433,-2.0137506329608432,-0.513274685476204,0.09459186639796946,1.514540099855008,3.0019224666365307,1.6019457662505823,0.0,nm
19.798203468322754,-28.668379801117286,62.246525751874636,-22.777165649149044,-2.2084256778238442,1.32504626429644,-1.97119128630996,-0.34323576315783094,-0.2338740777982203,0.9021520876524746,3.243221648950619,0.9931698055379174,0.0,nm
19.800755977630615,-27.506795139874008,59.69114441476528,-20.489914794040796,-1.9236860363457324,1.2606769460177536,-1.4751039605361207,-0.08442452951102357,-0.5310657415981423,0.24855381074326574,2.7323627180595103,0.5923996285594225,0.0,nm
19.802926063537598,-17.973504389584214,56.0040856429139,-17.21138692977744,-3.106256189501835,0.4315483214761561,0.023826114873154208,0.5610272428090625,-0.48718784401294696,-0.7252264286769678,3.1361806632171714,1.038295206277806,0.0,nm
19.88445234298706,0.5998209070040642,55.818580693136,-15.229943644831671,-1.2021016532942763,0.8074047615046355,3.07316574773313,1.0319792210773884,-0.21138366150824828,-1.4769931119589785,3.397248673087285,1.8141589836236498,0.0,nm
19.88824224472046,14.922128882810027,59.60321633123916,-18.556472772036237,-1.399724195435546,-1.1195107284141546,0.40220438513206375,0.898680672753293,0.1758987372879876,-1.7143940073063957,1.8369269070220346,1.9436342581998036,0.0,nm
19.89123773574829,35.02111043381816,65.21074958724115,-20.43438857068086,0.028904191882047407,-2.9225518778555166,-1.1578858974559754,0.98878173445173,0.21145597275920086,-1.8950931343822552,3.1436992035804874,2.147971353343352,0.0,nm
19.89410924911499,52.715005185967605,67.34627931663358,-21.278839882549867,-0.11025416935477952,-2.6800721718014735,-2.2255520916372555,0.6411066456801443,-0.15286509589449737,-1.66264340701798,3.4854016899800433,1.7885101530543337,0.0,nm
19.926751375198364,55.65237771069318,66.13662495946853,-26.523226942644133,-1.1618268259533797,-0.7699354846351726,-1.055200237817485,-0.11735963763002402,-0.1136758442384195,-0.4231747602202643,1.748167545144166,0.45362138375019995,0.0,nm
19.929847240447998,40.77596704089271,65.66699672068195,-34.43041377290002,0.3100347764314554,-1.6272884033043895,1.4519256535223164,-0.6919717112168047,0.4534938063532369,0.9660630434582904,2.202788508568641,1.271911665746075,0.0,nm
19.932575464248657,27.656288244619226,66.09665869074388,-38.42142412852915,1.646793292656124,-1.8706920831505702,2.4671069854542282,-0.821446027221749,0.7032901455124049,1.5892650894192923,3.5068552716609886,1.922278369243166,0.0,nm
19.9494309425354,-1.5304392933741362,64.4643816423864,-42.57048769976715,4.771508695904814,-0.641130509732742,1.8859598364163597,-1.0385165358843418,0.6032606023680629,2.537001584357994,5.170608094816416,2.80692304645312,0.0,nm
19.959221363067627,-11.89704804598185,63.6497664887586,-39.638430865744134,5.790914087286219,0.9609274409654294,0.7782695821701008,-0.7963210659316758,0.4720169553980438,2.6360629628203895,5.92146696821502,2.7938781630885785,0.0,nm
19.992770671844482,-27.0594553496592,64.47920792181347,-30.77492685016654,0.9482146202338475,2.6336172502713873,-1.9904623770476462,-0.4324702024916487,0.4227159926252324,2.1711380162863367,3.4346748407082743,2.253787827686553,0.0,nm
19.99568247795105,-34.63398493642987,62.39632225779263,-26.882985181670918,-2.4663768464186044,1.3862859274175134,-1.981079901531837,-0.3791254429672554,-0.2593641215383188,0.7551542239298673,3.453908075985667,0.8838912551697644,0.0,nm
20.00511407852173,-34.09515884869635,59.02760585851959,-26.04182428914813,-2.6448499730646575,0.8281116244599376,-1.8212973865839808,-0.2540817272462451,-0.6417132370037935,0.06890393259191578,3.316342022916731,0.6936145576564504,0.0,nm
20.017270803451538,-30.641595789038664,55.79605937253245,-25.73345219472013,-2.327861252113542,0.5476405834413288,-1.0381178770190462,0.052573798673630344,-0.7587229146848568,-0.5451787302443211,2.607016866901731,0.9357586833610843,0.0,nm
20.031622886657715,-24.170555304061143,53.969944255736614,-25.407374548830212,-2.4463154823031585,0.5098392503973722,0.39016369116067123,0.5142884333777272,-0.6641511571665439,-1.0288346046944097,2.529154642583567,1.3281904969124265,0.0,nm
20.04953694343567,-6.736288066101429,54.93097566525491,-24.52645089240995,-1.244806594511393,0.6538367136838316,2.5744419943502646,1.0095709569207536,-0.23420643887629441,-1.3883370669629553,2.933393510624528,1.7325028093980983,0.0,nm
20.071009874343872,9.345219147063805,59.21839078091072,-24.679525543983967,-1.4454035397493135,-0.8736348107997559,-0.2709100862210621,1.0615539522244506,0.027340318354121023,-1.5211096458791842,1.7105032739452075,1.8551061536412823,0.0,nm
20.07327127456665,20.064376107682957,61.52134781230814,-24.19334394993007,0.8520590084613522,-1.7442106147092662,-0.10076158551922863,1.1497646393746674,-0.025981413726132763,-1.7916359462064844,1.9438179234385529,2.128988756089325,0.0,nm
20.0910701751709,27.55593049526146,63.0492493065705,-24.547933194462807,-0.16816909322511553,-1.8190070855649132,-1.816185888108301,0.7542272502961704,-0.01419071781393751,-1.4112536600660839,2.5759656056351483,1.6002178022417182,0.0,nm
20.096089839935303,33.44991969360434,63.75745716736625,-25.604872040539014,-0.7081647866762997,-1.581936983689953,-2.4983164411016445,0.5307171002484102,-0.09960148503131741,-1.2548412419099877,3.0406589787960674,1.3660921047699255,0.0,nm
20.09895420074463,38.028158810633,63.79692387498649,-27.090471063344786,-0.30861476561055656,-1.7230477721216002,-1.4989057990570351,0.35810873580779634,-0.1758100038516927,-1.0915605519810057,2.3045292996646576,1.1621770358930983,0.0,nm
20.11418581008911,37.077029196573115,62.37410355341682,-32.94273210298286,-1.196805206365712,-1.264648122766528,0.0720923413781781,-0.2219325932285427,-0.07100984052202469,-0.2962119076276642,1.7426631579528975,0.37687924804707545,0.0,nm
20.131364583969116,34.392538815095364,61.87112175724643,-35.702628827237184,-0.7232485069405011,-1.441985020981794,1.234965208818763,-0.27265850115532564,0.057185845518654674,-0.014744328305297393,2.0316368451375113,0.2789807778273022,0.0,nm
20.14383316040039,30.283687834238652,61.83043516013736,-38.055161746361016,-0.7168416424084039,-1.0228759730179737,1.4184016883547694,-0.3231506314561677,0.22513709810793833,0.33364593897298883,1.8899736892337695,0.5161711500540792,0.0,nm
20.150691986083984,25.826958145985376,61.97650461046459,-39.923680475310725,0.10336053746564966,-1.2891154666292166,1.3924010964583373,-0.31585407171224966,0.28555803334245305,0.5077971133725052,1.9003375753866023,0.6626953246953425,0.0,nm
20.170936346054077,15.08385695192605,63.302757289408284,-41.275011942317064,1.618861497048282,-1.3638868684650727,0.6342030731856436,-0.2962357038882129,0.4721494202484085,1.074169186619024,2.2097767929442518,1.2101735862184517,0.0,nm
20.173346757888794,9.157049381455964,63.999702557115135,-41.39004083843784,2.4650026169363377,-1.0505522190119614,0.6769356492994841,-0.31050528611468897,0.44855232963314595,1.1385369359543527,2.763718462446286,1.2624892394221874,0.0,nm
20.182895183563232,2.457779177058503,64.29644701621584,-41.82577572899494,2.314252310259045,-0.12187857577319783,0.17782550024461766,-0.40513535591021554,0.42768396556351507,1.2060766842309285,2.3242719400511374,1.3422627161826786,0.0,nm
20.218712091445923,-10.226293862875178,65.02702836875645,-43.163726540720354,2.3781211394637314,0.5877602787468048,0.15533913686727677,-0.3200054364552498,0.3972494345470679,1.0034085109424085,2.454598245473069,1.1256283722617078,0.0,nm
20.22176170349121,-15.253733117449487,65.34417909477517,-43.186359812957484,2.166794220407961,0.8391377712237756,-0.04290410019709535,-0.27162200855932905,0.32628029737364794,0.9441842868440874,2.3240030452866174,1.035239738182088,0.0,nm
20.22434949874878,-18.72114154716989,65.6777945777252,-42.193073577074586,1.9933055105880038,0.8084535180162074,-0.380676594446573,-0.17301221321478788,0.23427672254943663,0.8512706173880671,2.184440115657265,0.899711327414658,0.0,nm
20.240241527557373,-20.55413333298567,66.67315639943892,-37.18163875797457,1.8108411994632037,0.7483709957586205,-0.723383007451931,0.036518017893915684,0.0668814772755524,0.6372885389386088,2.088656978164745,0.641828154178334,0.0,nm
20.268092155456543,-16.885365447846873,66.00325908931742,-29.64121634586452,0.7718451515191858,0.4056059750649589,-1.0669293082723283,0.0946948556244729,-0.21718046891148246,0.3110821352366436,1.3778966919847584,0.39103269252294054,0.0,nm
20.271776914596558,-14.200621754110692,64.78366636926877,-26.319506497007538,-0.4396313472232928,0.2632979565019213,-1.3334122424799582,0.07849147196125543,-0.3324133888847381,0.15231147654869998,1.4284921223986102,0.3739764139206186,0.0,nm
20.296663761138916,-5.6984132635224265,60.45890036469435,-21.120354816929776,-1.5243048595584276,0.10260108631189846,-0.5216040445948543,0.2521813178458651,-0.6563432440709653,-0.4433732787471116,1.6143429211674731,0.8312410814048111,0.0,nm
20.306358575820923,-0.23607278042131338,57.610202366446565,-19.252805147246065,-1.2508640324333624,0.17510708088998106,0.635605302300325,0.3279246226258097,-0.7401874476379985,-0.5903979517402851,1.413972212501204,1.001988900729074,0.0,nm
20.308682203292847,4.786247515172984,55.11444589134625,-18.307175480643,-4.218827308211164,0.3528338312419039,0.23072221645311194,0.362848802946971,-0.6627084585148989,-0.665846968584327,4.239838241034926,1.0070719638437866,0.0,nm
20.40814185142517,10.903210114340407,53.553717982138195,-18.97602040150469,-3.2555250920189196,0.718089319593128,2.1590797257747854,0.5729076001801865,-0.5336252257112304,-1.1473780310310615,3.971866205945291,1.3890483598321182,0.0,nm
20.41077160835266,18.995971631719407,59.10826303029498,-30.164947563318,-2.2458495627534023,-1.1192841524009391,0.472422656980973,0.47335375399289703,0.5110116706219671,-1.1290880902245475,2.5533939059934525,1.3266637175327958,0.0,nm
20.415987253189087,54.44509191303432,65.19622973234502,-20.290260329023504,-0.30667773362745926,-1.6512339088277679,-1.2834237782628395,0.31966329441973745,-0.21092677114810265,-0.8633950456402372,2.1137174003579493,0.944524075618166,0.0,nm
20.418108224868774,54.01415480170464,65.79200498019604,-23.798771514075707,-0.5495053998490732,-1.2711348041599486,-1.0332517262994962,0.003950421822597973,0.12470249224943965,-0.5880685881366002,1.7278162531678332,0.6011580339301574,0.0,nm
20.42172622680664,48.87941004387348,67.36586895981219,-31.00300587206487,-0.3653657970538392,-1.7284218120199677,-0.5947712600381718,-0.2242349447663095,0.4690856503506971,-0.43912469047138764,1.8640512272173666,0.6805535626244846,0.0,nm
20.42555022239685,39.16231137577929,69.36330217672798,-41.3047574959075,0.3909205517427546,-2.297047907955123,-0.0963554734804919,-0.34885985579011114,0.7464066679445795,-0.1790323685145745,2.332066111088088,0.8431362297458018,0.0,nm
20.443618059158325,7.414959401819698,69.53482118573868,-64.55574088861067,1.265482080546508,-1.616087194218753,0.8404661672588593,-0.7886830400591922,0.871541104212059,1.07926877216978,2.218009489116076,1.5957524609378013,0.0,nm
20.447227716445923,-4.899866329160937,66.69670801195579,-68.76400967993987,1.9341554933101657,-1.9457713022357201,0.9752600846132609,-0.8929079077663582,0.6190960872270407,1.5422232219576346,2.911720396182615,1.8865357042253172,0.0,nm
20.475399494171143,-18.224351757547133,64.4300030581101,-61.5056878604204,5.2676442667020185,-0.1395346883046611,1.4200738312099341,-0.30628103663912026,0.4489458511766885,2.230432670060893,5.457486210321212,2.295689514365664,0.0,nm
20.480347156524658,-24.21537461709841,64.76410923278479,-55.42288182984172,4.6588749703969965,1.3075853582693577,0.9182427290471571,-0.22044942767652337,0.466156256043169,2.356234708150888,4.925247726602185,2.411999503545967,0.0,nm
20.519370079040527,-36.248719362690366,64.27885727010676,-49.01102741163175,1.0110251557479613,1.7099182119540488,-0.35502220798159145,-0.35487341318101917,-0.034834966217496044,0.5855369360771315,2.0179278791095197,0.6855670045770255,0.0,nm
20.521435976028442,-35.825386005724255,62.09932988615601,-47.93154919464318,1.1214912961172567,0.8522221781509561,-0.7016899302864195,-0.30691643612534886,-0.3310533851507419,0.11470915441278676,1.573656292353729,0.46578131423420943,0.0,nm
20.544411659240723,-32.89000596024962,60.286746197115804,-48.71321839748818,0.508368012560701,-0.1888800612222568,-0.8653130464468474,-0.01663458585892769,-0.2044961199136424,-0.3169517731085701,1.0212151497472823,0.3775629735330245,0.0,nm
20.562570571899414,-16.78694031670053,59.34931380536388,-40.40224609561327,0.9245533872638008,-0.7204733854586431,-1.28123565499613,0.7195313812509203,-0.7153596140484427,-0.7246550789438335,1.7365038637125367,1.2468318930214641,0.0,nm
20.633007049560547,-5.719010813025622,59.295630542747766,-33.64655139694876,-0.4135292646421007,-0.49496188605928326,-0.8177508809945656,0.8903903281149964,-0.6970158989976931,-0.607754649967555,1.0414942269327216,1.2837413346984972,0.0,nm
20.637454748153687,17.68253977343616,53.579276760540544,-22.052087062375715,-1.950877789385984,-0.18662567069442096,0.8016555480998376,0.8778386086176926,-1.2321322565738269,-1.0222089371353216,2.1174052299644814,1.8258317643279407,0.0,nm
20.64070963859558,35.241104378449904,47.82408226808321,-22.626438639529603,-3.937409183765043,-0.09292528754461613,2.9976044887187947,0.8480396105937668,-0.74233220608651,-1.6079504382751575,4.949490767770924,1.9636020211026886,0.0,nm
20.64334273338318,48.22047246793124,52.88558225401305,-30.659478767484202,-3.087901797805231,-2.399076499226367,1.4837535746052828,1.041865857439051,0.31299053683120304,-1.7875081277971754,4.182371364690487,2.0925183029030014,0.0,nm
20.6604483127594,54.61407300446192,57.57822787779752,-32.669651724642975,-3.4204973696128866,-2.2138607129208556,-0.8786797966741751,1.1095204444947149,0.4155999187200866,-1.4281148193075992,4.168100250333056,1.8556052506710228,0.0,nm
20.662768602371216,64.0683667813954,60.64962143466768,-30.95856149177753,-3.2794226845018426,-1.5872291571081205,-1.9045591088623517,1.1431325598650162,0.011174832032014383,-1.2562490469560568,4.1111135887919685,1.6985401361971078,0.0,nm
20.66530132293701,74.66154742149496,60.82960662723505,-27.361346376673215,-2.7329319051889382,-1.9691183628215738,-1.8374735238616315,0.9157412974308382,-0.4698762883030035,-1.0989969209166566,3.8370109298897286,1.50570916259217,0.0,nm
20.814563751220703,81.36527371585579,58.6802002562425,-25.175032015804437,-2.4881001020988314,-0.9119022442304632,-1.947403931439025,0.41115813499230053,-0.6791846175650849,-0.7336200556188052,3.2885543774249713,1.0809908152771308,0.0,nm
20.820060968399048,-48.46345422142933,57.42308902899903,-62.11211617121417,0.4752459185462565,0.6451997744829078,-1.767070774713807,-0.20590389925680436,-0.09536222630774431,-0.4181257004277451,1.9402784735535579,0.47573046075873476,0.0,nm
20.839759588241577,-39.95398611203279,57.40342636090752,-61.71172097014154,0.1963423218897067,-0.1277217368225851,-1.3146714913278776,0.3473676867212975,-0.5183120984704022,-0.7267924441979304,1.3353742095503736,0.957882559681561,0.0,nm
20.85698914527893,-31.285246930358287,58.14925242075548,-58.525902776603914,0.11632476057306963,-0.029220531444100802,-0.6317450554657094,0.582421944399894,-0.7388587243786765,-0.8368813973310434,0.6430296295549917,1.2591656003512,0.0,nm
20.87603235244751,-10.177238339828364,57.8199013591198,-49.58974046575757,0.12286199317814224,-0.22870015923565387,0.8172694669068662,0.5844127619134883,-0.9329701182546895,-0.9830256068829166,0.8575128067500523,1.4759101807464596,0.0,nm
20.894549131393433,-1.8394990244840748,56.99200485402221,-47.7179842148493,-0.5469562949649536,-0.3597453239023578,0.9708126917905228,0.462804996630007,-0.791637631242045,-1.0824319182793243,1.1709206502632712,1.4186392994042123,0.0,nm
20.92143177986145,11.595429870244446,57.20595297057514,-53.317830597963855,-1.3139159639542028,-1.4389721661393973,0.0017081600563692084,0.3006476682154362,-0.164807104834581,-1.0711742475565051,1.9485941016713535,1.1247064820812496,0.0,nm
20.9244863986969,14.18149376958822,58.07496058595617,-55.086956009430565,-1.4107821026214828,-1.5772415386927139,-0.4506504025204663,0.29433226394003675,-0.12628167459518738,-0.8370489499199596,2.163581012522228,0.896230711087686,0.0,nm
20.941718816757202,16.747693730794605,58.48042637977745,-55.28671368691811,-1.497017711827226,-1.5143083602829568,-0.8639810861528149,0.2116824441437464,-0.17838438400223885,-0.4953770234689765,2.2979676143882184,0.5674758505835393,0.0,nm
20.943894386291504,19.621776485632815,58.18999974314331,-53.767416582368014,-1.3691722427346875,-1.3959357827180496,-0.8975106442066223,0.1185011417921829,-0.28244602231709426,-0.18179123774458614,2.151463384817872,0.35618300106758066,0.0,nm
20.973450660705566,22.343466225457636,57.320568534104815,-51.22396863869076,-1.0128152544449416,-1.3002047820131035,-0.4323512930283403,0.029438702254257945,-0.33923319460526213,0.06434444810642924,1.7038940270419964,0.34653427754643185,0.0,nm
20.975727081298828,21.256750295456836,55.51816309423057,-48.085027308508735,-0.34806399677019506,-0.4623806803466578,0.5805631793069728,-0.18663833969581084,0.17559493226802633,0.32437973487131233,0.8197548685872507,0.4133880289483532,0.0,nm
20.993550539016724,17.42333208565494,55.834453727092225,-50.23571516119429,-0.1579072676803544,-0.3408256898364922,0.48841053008286406,-0.2430233727575307,0.3654864687398116,0.25047856946504204,0.6161507136526095,0.505351592754586,0.0,nm
20.99578285217285,12.58838617080655,56.14716179945596,-53.43650812131827,-0.008989300848588481,-0.3429211276206802,0.18116253904731083,-0.2934798614104278,0.46062292806452704,0.20279735202367755,0.3879375888625046,0.5826067944163008,0.0,nm
21.03292965888977,1.883836028451837,56.074371809120876,-58.97292431110829,0.23171556189734116,-0.399725786662369,-0.27971180173571436,-0.15438954093327306,0.17672983618521163,0.27893851908868994,0.5401032291872452,0.3645219647415365,0.0,nm
21.035147666931152,1.059941610962227,55.92851436053808,-58.19330147424928,0.4009758205556007,-0.2731517571889572,-0.1817039652625875,-0.08270348471246698,0.05792621433748999,0.30860843268601107,0.5180828332591227,0.32470675603684984,0.0,nm
21.052472352981567,0.7871936198834495,55.7948400533119,-57.03249738287785,0.3480765005489918,-0.03190211629960259,-0.1359044347530698,-0.04864156561002444,0.005664882965031779,0.2898540935694858,0.37502667991007926,0.29396171240994984,0.0,nm
21.05461883544922,0.5668079611661944,55.60923628814481,-56.381258464031205,0.44096210587247275,0.09529944507610169,0.021066891386532692,-0.05423378030185356,-0.005729536551897478,0.17451821169041745,0.4516341184631546,0.18284074142966772,0.0,nm
21.072786569595337,-0.3286537095034923,55.33932441053877,-56.89982069209506,0.4275053670634515,0.14602966489777922,0.07683803547901637,-0.11049588610553168,0.048880478938825564,0.04853283294168415,0.45824620630670654,0.13020782595866126,0.0,nm
21.091031074523926,-3.871596395072907,54.50335716746427,-61.166405926789736,0.2856735231153298,-0.08874674347445438,-0.011993676714098712,-0.20250957676596554,0.13793436971664402,-0.18758057059618785,0.2993813530725783,0.3085814146967535,0.0,nm
21.095674753189087,-5.591596161439013,53.991761136012286,-63.596018326437076,0.15994018078950048,-0.27789070173813546,-0.0984579511264203,-0.19407234847162974,0.1243406938348788,-0.2151411469308707,0.335407322048139,0.31529414470833933,0.0,nm
21.098044633865356,-6.553795383800191,53.56349081382673,-65.26409506056362,0.060557542171487476,-0.4312925555498902,-0.1389688083430234,-0.1366701368761508,0.059318735470285384,-0.18665448468696402,0.45715731874146626,0.23882490520315416,0.0,nm
21.11869525909424,-5.831253712765098,53.105377639984184,-65.26804187310239,0.01058203275456533,-0.46179516113185654,-0.09059213540767269,-0.005864756285228666,-0.10063324095498356,-0.0205229842919501,0.47071614085320906,0.10287194678646137,0.0,nm
21.127931356430054,-4.66937195095266,52.9722212261149,-64.15064761162743,0.006985994670349021,-0.36596970225807635,-0.05248164384144615,0.02558947022838876,-0.1440297527117186,0.029422332168961025,0.36977959656084275,0.14921482594912977,0.0,nm
21.179282665252686,-4.188305058749934,51.98313189573564,-63.95476514365544,0.06796372807564911,-0.28488241148730303,0.030167893185761074,-0.08393874858283104,0.053857449361879806,-0.0761105775106846,0.2944268304486351,0.12545580247413468,0.0,nm
21.182498931884766,-6.1497877510158325,50.88325012029132,-65.89536602191384,-0.047423494842011714,-0.3789650886782873,-0.13100386275513584,-0.06443058588267858,0.035224957170439185,-0.029684408935032946,0.40376421133718493,0.07920392754571429,0.0,nm
21.200328588485718,-6.234666752630002,50.39227770364887,-65.78684318059398,0.012082318841592396,-0.39178014982039716,-0.11182642634999826,0.0,0.0,0.0,0.4076062043837095,0.0,0.0,nm
21.202608108520508,-5.712389815543493,50.07626582695795,-64.9288637428298,0.0006544613561801891,-0.30836405096279934,-0.11733862748495054,0.03505858847840398,-0.09326340759208052,0.09615407583389536,0.3299350992936439,0.13846578682568167,0.0,nm
21.208126068115234,-4.5986246521241805,49.86152474292521,-63.492457032421584,0.04504410885833904,-0.21661284196073496,-0.06065844589948005,0.0640801623131054,-0.14377519697863805,0.1226728862724747,0.22941129463060092,0.19956505579569692,0.0,nm
21.235201835632324,-2.3798155943982877,49.467927607931856,-60.96015100291148,0.05343788358234964,-0.08851957562327151,0.018028060939569213,0.03492362456536687,-0.12257576427167155,0.06598487773270639,0.104958723560863,0.14352171135046884,0.0,nm
21.238553047180176,-1.890958721998101,49.1964093686309,-60.613349668170194,0.03298463492638585,-0.12704258446727093,0.022696883543696197,0.0017067837030739436,-0.0818764765128777,-0.004748720444979272,0.1332026761440878,0.08203182835117999,0.0,nm
21.246160984039307,-1.9200008170102396,48.835312721353866,-60.93315979135709,-0.013463522714693253,-0.21203784348378032,-0.022406903800594714,-0.026920065320304935,-0.04190473608825289,-0.058518835684384436,0.2136431202989469,0.07684498001386685,0.0,nm
21.300935983657837,-2.306064376976552,47.45356439214051,-62.09791493007364,-0.1263576857762278,-0.394464652115826,-0.11567311349929794,0.010443636808174818,-0.09983763705827799,-0.02882538249095186,0.4300568517187059,0.1044391018676012,0.0,nm
21.30433940887451,-0.722077750018101,46.711655358886475,-60.56637610798086,-0.07855096112422252,-0.3002111440277948,0.007688865314800155,0.05782882347714907,-0.16494186979513265,0.05885447731841433,0.31041279474571537,0.18442842171609425,0.0,nm
21.321467399597168,0.08511686105605488,46.47317213759537,-59.67208836856914,-0.12369868252909672,-0.22143599682342366,0.017693189461680237,0.052258172690268584,-0.15339198992517494,0.067033622570577,0.254260326637768,0.1753668319297166,0.0,nm
21.325212001800537,1.4437907334188906,46.252320055610355,-58.626672613768214,-0.10317422576528065,-0.22945660090963646,0.07440273164848579,0.005288518022331815,-0.07251221552293119,-0.011137533991844582,0.2623566637995419,0.07355293662618811,0.0,nm
21.382869720458984,1.1027549943072839,45.98704775049391,-59.12362893694961,-0.13465860743680746,-0.26948620016517144,0.02283851114703759,-0.021977005484380474,-0.022445011564378583,-0.04823140942329856,0.302121416367156,0.05755897991750228,0.0,nm
21.386677503585815,-0.6239485521045515,44.936056665505795,-61.183968190587436,-0.14397908431139922,-0.3826280526778075,-0.02401016189225063,0.0,0.0,0.0,0.40952495807856704,0.0,0.0,nm
21.390015363693237,-0.7511836143558388,44.37208940314228,-60.87488574173192,-0.09458287855404836,-0.26597609109473297,0.03863362052381802,0.007502154887850278,-0.05582946215157645,0.0659671202018473,0.28492412776804626,0.08674602077225545,0.0,nm
21.41012954711914,-0.5965751338945926,44.18340637515245,-60.481261613276835,-0.058017130412461974,-0.19752322548894805,0.07832814609760938,0.009144916042851944,-0.05672759229069588,0.07167636413891165,0.22026509142381795,0.0918648485151099,0.0,nm
21.412883043289185,-0.39136667705989187,44.130318656041034,-60.147179196147036,-0.03773623099652948,-0.14435889902306315,0.10970005416918453,-0.0036123191956395993,-0.03814870698600096,0.05004804621647988,0.18519615747011706,0.06303316289669947,0.0,nm
21.44073796272278,-1.5398738170419606,43.38242235324912,-61.52151257620572,-0.044957474664169904,-0.2258136172828322,0.006513708198726881,-0.05511793472214227,0.025355284661606928,-0.061866256196680944,0.23033756244484974,0.08665050977402741,0.0,nm
21.462097883224487,-2.120945734018415,43.02535496464946,-62.2828217440855,-0.07477136213794681,-0.270188157068288,-0.016443292566520343,-0.05269961805157164,0.017195574633203228,-0.06600250037081219,0.28082517459506734,0.08619319918036841,0.0,nm
21.480748653411865,-2.762116284529234,42.33143767602032,-63.08640126950724,-0.10324423385292436,-0.2867514090241291,0.02724362294202754,0.0,0.0,0.0,0.3059868582017994,0.0,0.0,nm
21.48322081565857,-2.787109756050648,42.08343303139985,-63.09642251525543,-0.10095533227049489,-0.2449324282606422,0.06613593330510563,0.0,0.0,0.0,0.2730528066173978,0.0,0.0,nm
21.485463857650757,-2.5164037389984593,42.04118081053893,-62.85424227105041,-0.09355566820552211,-0.19682088400137931,0.0960582715316539,0.001555752513397713,-0.0471661750395968,0.022862006781849117,0.23815607269627853,0.05243796132423669,0.0,nm
21.488585948944092,-2.3650735758441686,42.02291580177588,-62.72865492536306,-0.08413594286341368,-0.1560538111201431,0.1111454869924424,0.0,0.0,0.0,0.20924857974529742,0.0,0.0,nm
21.511460065841675,-2.416138206132824,42.02633641103828,-62.8456821913292,-0.06448941074049126,-0.14452191181825622,0.11002719833671548,0.0,0.0,0.0,0.19274711792160873,0.0,0.0,nm
21.514464378356934,-2.8344427311024942,41.91064200065879,-63.31777085560551,-0.04731304016990271,-0.1658829941510281,0.06636617382498004,0.0,0.0,0.0,0.18482467515674503,0.0,0.0,nm
21.516732692718506,-3.362972565559009,41.761624011959874,-63.909457459496615,-0.033699722419756425,-0.19250852948403502,0.022933565804783382,-0.029687463025572142,0.04264879338028434,-0.04011637154632227,0.19677691342176437,0.06564745466300635,0.0,nm
21.530892610549927,-3.865257002673124,41.58603924902493,-64.45699849412473,-0.02288570720653403,-0.21593966061220962,-0.008547146734610586,-0.026023548240309467,0.03976132387490229,-0.03600996261796208,0.21731715610361377,0.05962302698662334,0.0,nm
21.535505056381226,-4.216222758813493,41.41269481435314,-64.81892055677174,-0.016911727133019982,-0.21714104714040333,-0.021796249155829894,0.0,0.0,0.0,0.21888653989022624,0.0,0.0,nm
21.5737886428833,-4.063086055005671,41.1161364452591,-64.56032652558706,0.01168190529674082,-0.1107141635531471,0.04496604964247194,0.0,0.0,0.0,0.12006680866536046,0.0,0.0,nm
21.576426029205322,-3.8845153065036158,41.08437460864846,-64.38376534946612,0.006775491047929556,-0.07047136756668067,0.07624261513158505,0.0,0.0,0.0,0.10404353554047356,0.0,0.0,nm
21.59476637840271,-3.9102874686743756,40.93965522126914,-64.73270208290892,0.008528758692722106,-0.13013477219236066,0.03802994892385053,0.0,0.0,0.0,0.1358457790052638,0.0,0.0,nm
21.610552072525024,-4.118291438214809,40.77717722354863,-65.19593626413888,0.0012964060309017303,-0.17953697589818068,0.011503918400697217,-0.013143780483506564,0.0074857333397210825,-0.05751818724523204,0.17990982886388052,0.059473834860462746,0.0,nm
21.627468824386597,-4.567975621767124,40.320799640436,-65.9433753644705,-0.01018758740466075,-0.24492544131920596,-0.020739064907506193,0.0,0.0,0.0,0.24601294184610117,0.0,0.0,nm
21.631153106689453,-4.655849665055435,40.09577017525645,-66.07913464165676,-0.008275726448989466,-0.23365495904086522,-0.01760872293641574,0.0,0.0,0.0,0.23446363184105623,0.0,0.0,nm
21.656774044036865,-4.534275771366132,39.74374578651262,-65.90188481827022,0.01690430732301088,-0.15856165067717645,0.03191122610965504,0.0,0.0,0.0,0.16262188974231995,0.0,0.0,nm
21.696199655532837,-4.496190293075981,39.51061861894841,-65.88607623911894,0.019518090205064426,-0.10230735798841689,0.04182705258694017,0.0,0.0,0.0,0.11223748781906061,0.0,0.0,nm
21.69963765144348,-4.627873657753688,39.39113237868402,-66.12312084191137,0.011952705029081766,-0.11072867549886699,0.03007380220264981,0.0,0.0,0.0,0.11536091328595544,0.0,0.0,nm
21.702226638793945,-4.8416906602402525,39.24837527374221,-66.49240721890611,-0.0018546450796834816,-0.13633383024538379,0.010619328160097698,0.0,0.0,0.0,0.13675936204999115,0.0,0.0,nm
21.70466709136963,-5.080519653479671,39.09744807774653,-66.85914150098378,-0.014270218220566365,-0.16143881149176126,-0.007043846242908712,0.0,0.0,0.0,0.16222128329485236,0.0,0.0,nm
21.72590160369873,-5.295955063457989,38.960410491238626,-67.1231685416165,-0.031432117941356114,-0.172419766823781,-0.023130535869109518,0.0,0.0,0.0,0.1767811520480577,0.0,0.0,nm
21.730499267578125,-5.44028010707272,38.844140504102214,-67.27930273522013,-0.03792685673324236,-0.16876872396654097,-0.028900821712204743,0.0,0.0,0.0,0.17537555743774283,0.0,0.0,nm
21.73269510269165,-5.551647665994603,38.70074683131138,-67.20321281453057,-0.030878941651327634,-0.12771219779466753,-0.018394283903045032,0.0,0.0,0.0,0.13267352480188427,0.0,0.0,marker_3
21.750855207443237,-5.6095569719278515,38.65797046519185,-67.16934852813525,-0.025792830787703596,-0.10456845861994778,-0.015874668386808514,0.0,0.0,0.0,0.10886614604451642,0.0,0.0,nm
21.767060041427612,-5.938210002908957,38.530428457580285,-67.34724453411467,-0.03139456230821231,-0.07867592513071232,-0.040307070552799945,0.0,0.0,0.0,0.09380927285852965,0.0,0.0,nm
21.769540548324585,-6.194783152941466,38.41978692001851,-67.54702974351294,-0.03275499555811485,-0.08678055030203616,-0.044904580143484606,0.0,0.0,0.0,0.10305423311343878,0.0,0.0,nm
21.787848472595215,-6.459956403047422,38.2905228612536,-67.75907797669505,-0.037376099414309055,-0.09628574133646256,-0.048943431596426494,0.0,0.0,0.0,0.1142951280176656,0.0,0.0,nm
21.789979696273804,-6.676200554279686,38.1582225538805,-67.94657225882817,-0.041785729541128615,-0.09775571942433824,-0.047633965834720855,0.0,0.0,0.0,0.11649559036546252,0.0,0.0,nm
21.806308269500732,-6.851507077831226,37.89197203524422,-67.82821204372998,-0.040522929369210356,-0.0764957491360427,-0.033120477493913544,0.0,0.0,0.0,0.09268588603434302,0.0,0.0,nm
21.82505702972412,-6.833832664610693,37.76932640105066,-67.74936284588392,-0.02249845793886172,-0.07782556459983617,-0.0005320854048727003,0.0,0.0,0.0,0.08101408661330498,0.0,0.0,nm
21.856723308563232,-6.813574170196977,37.48174231569854,-67.60656716600232,0.003227122199053926,-0.09416375774126544,0.02099319957638191,0.0,0.0,0.0,0.0965294878164033,0.0,0.0,nm
21.85891318321228,-6.872078288705273,37.29502793037375,-67.66826060145716,0.007126067776549777,-0.10626846722256789,0.016163011640325187,0.0,0.0,0.0,0.10772655621096988,0.0,0.0,nm
21.86125111579895,-6.957021667976447,37.06446593113232,-67.7817135867168,0.008256820033947138,-0.11910522854120291,0.014480018692744753,0.0,0.0,0.0,0.12026596145322002,0.0,0.0,nm
21.86999535560608,-7.036459788047939,36.81734864108826,-67.8979776693997,-0.0007281002209238048,-0.12251627950146028,0.01410038191881999,0.0,0.0,0.0,0.12332716506539924,0.0,0.0,nm
21.884827136993408,-7.030131897823014,36.377671425322646,-67.93972212893297,-0.016852028110270825,-0.10471321228886629,0.04595239885612718,0.0,0.0,0.0,0.11558750209220345,0.0,0.0,nm
21.903132915496826,-6.941610086420519,36.20185012639136,-67.85017733564507,-0.02812316651805775,-0.07535999439525691,0.08087455905817316,0.0,0.0,0.0,0.11406461130915889,0.0,0.0,nm
21.978509664535522,-6.756063886511963,35.94418443717547,-67.66241435148169,-0.026494212226256107,-0.076780178582114,0.08406142170190062,0.0,0.0,0.0,0.11689081111505721,0.0,0.0,nm
21.98120641708374,-6.789627762684795,35.70104532023455,-67.76290312920555,-0.034679121417565975,-0.08129917654270816,0.08645782116969329,0.0,0.0,0.0,0.1236412245581035,0.0,0.0,nm
21.984015941619873,-7.072413199614982,35.4074184950293,-68.08404265919037,-0.032250224304029504,-0.11049536170874971,0.06014491062077955,0.0,0.0,0.0,0.1298719068944058,0.0,0.0,nm
21.986600160598755,-7.230401457866355,35.273584559138605,-68.21440118779577,-0.026479915860767197,-0.10794880963487374,0.049825485208047186,0.0,0.0,0.0,0.1218060360647076,0.0,0.0,nm
21.989129781723022,-7.413205812283792,35.092700438306856,-68.25083562069922,-0.010176844073859824,-0.06548340885571566,0.036630388153609354,0.0,0.0,0.0,0.07571941842719448,0.0,0.0,nm
21.9921395778656,-7.415097398880904,35.072377692246164,-68.19178452803213,0.013788147115827699,-0.02000947113783727,0.03375592074791425,0.0,0.0,0.0,0.04159271717071533,0.0,0.0,nm
22.054040908813477,-7.3014456377583254,35.16286673599075,-68.1242249637072,0.01124335961591704,-0.016408944065287673,0.027562726238797047,0.0,0.0,0.0,0.03399074077606201,0.0,0.0,nm
22.057464361190796,-7.372413675707871,35.14636765582842,-68.58809151188306,-0.03688421451389519,-0.08177752308661426,0.013928664385490975,0.0,0.0,0.0,0.0907855509101113,0.0,0.0,nm
22.078820943832397,-7.462462497066131,35.05098314188615,-68.76758888981325,-0.042045515830617,-0.08996612013151555,0.012619457769725978,0.0,0.0,0.0,0.10010483948033105,0.0,0.0,nm
22.08135151863098,-7.5283122392573745,34.99746475831539,-68.79344692059685,-0.04084676471812062,-0.07784056126305072,0.013869354316543563,0.0,0.0,0.0,0.08899421416497863,0.0,0.0,nm
22.120346069335938,-7.718100972780265,34.93920474657421,-68.8802433737604,-0.04040548767310762,-0.019322660605064403,0.004961014579409112,0.0,0.0,0.0,0.04506196081638336,0.0,0.0,nm
22.123197078704834,-8.013512042442049,34.898052760195924,-69.1835805322416,-0.020207797150762475,-0.03270652572353641,-0.011078758885519005,0.0,0.0,0.0,0.04001013357930937,0.0,0.0,nm
22.126063108444214,-8.160165504526377,34.856188821940975,-69.37396791693833,-0.012835251398642247,-0.0471604203192222,-0.02258935236820637,0.0,0.0,0.0,0.05384354895033429,0.0,0.0,nm
22.14580488204956,-8.326864866010546,34.729594680156914,-69.63914597121654,-0.002915579981746096,-0.0657540691810864,-0.03746835332966576,0.0,0.0,0.0,0.0757362246335116,0.0,0.0,nm
22.171196222305298,-8.309790792679413,34.532886361978036,-69.68954979980607,0.032220167503059775,-0.06878475085575435,0.0006161341700958489,0.0,0.0,0.0,0.07595959956140493,0.0,0.0,nm
22.20316505432129,-8.278389426058823,34.30081364034406,-69.71880549145624,-0.011439271842494927,-0.03393335863592034,0.040846457677559886,0.0,0.0,0.0,0.05432092482096727,0.0,0.0,nm
22.20539927482605,-8.310685722391854,34.152571476356094,-69.83918248802071,-0.01702184127704498,-0.04021295234901135,0.04699712958225837,0.0,0.0,0.0,0.0641525900183021,0.0,0.0,nm
22.20768666267395,-8.389045394159163,34.00174696410914,-70.01472178463354,-0.022004067076712826,-0.047842738885766845,0.055505137765548086,0.0,0.0,0.0,0.0765109596749421,0.0,0.0,nm
22.226242542266846,-8.510214268210277,33.86619276752007,-70.2020028137334,-0.029863557888012746,-0.04980710512013722,0.054756854837026726,0.0,0.0,0.0,0.07981787369895484,0.0,0.0,nm
22.22847819328308,-8.645747313599486,33.740220926275235,-70.39080550315164,-0.02969900123475492,-0.048342197412701404,0.053256124125045136,0.0,0.0,0.0,0.0778152522443562,0.0,0.0,nm
22.23352551460266,-8.776975396470501,33.63127279344901,-70.5401280421851,-0.02523401062112449,-0.04568884312372244,0.05212417966654232,0.0,0.0,0.0,0.0737641903901963,0.0,0.0,nm
22.236918687820435,-8.877499303796455,33.546351251470824,-70.6077105058852,-0.010064813291547334,-0.040474888179347364,0.052540231667116764,0.0,0.0,0.0,0.06708198702601675,0.0,0.0,nm
22.2552592754364,-8.974814630300015,33.416300512129034,-70.59851774725472,0.016845794345712425,-0.02370152367909488,0.04236450409955697,0.0,0.0,0.0,0.05138379335403442,0.0,0.0,nm
22.274072408676147,-8.983202226114278,33.35911107701389,-70.59531268241945,0.015628631319631842,-0.02195600303889511,0.039342345815247384,0.0,0.0,0.0,0.04768794775009155,0.0,0.0,nm
22.283806324005127,-8.993840982457131,33.244369306755885,-70.68571945739154,0.014989728090867816,-0.02107836554890935,0.037910507752269056,0.0,0.0,0.0,0.04589331150054932,0.0,0.0,nm
22.303249835968018,-9.021678884945914,33.104529413520346,-70.7976430021736,0.01762672950983426,-0.024792564237681586,0.04480138822808277,0.0,0.0,0.0,0.054152905941009515,0.0,0.0,nm
22.32103657722473,-9.025784367346173,33.04542738027412,-70.833993089291,-0.010793176448646925,-0.03963928977747397,0.05210887554020026,0.0,0.0,0.0,0.06635586531707849,0.0,0.0,nm
22.336723804473877,-9.024084797295172,32.99853489447243,-70.83564291072518,-0.015606901117913373,-0.04382738399328518,0.05586185919448513,0.0,0.0,0.0,0.0726977459269796,0.0,0.0,nm
22.378442525863647,-9.015436388968666,32.95140191655352,-70.7531272866459,-0.007990811364389875,-0.037778807165609295,0.05096117413572318,0.0,0.0,0.0,0.06393850644493548,0.0,0.0,nm
22.380876064300537,-9.089073145096476,32.904114769700264,-70.67593971610246,0.010347609812067766,-0.014382546420600429,0.02626829509620362,0.0,0.0,0.0,0.0316852331161499,0.0,0.0,nm
22.400618314743042,-9.135950169656576,32.865249081827315,-70.71541649474749,0.009315017806916974,-0.012919552921709026,0.023636820236923036,0.0,0.0,0.0,0.028502345085144046,0.0,0.0,nm
22.412668466567993,-9.087454409622007,32.844158325867085,-70.69994649941944,0.0,0.0,0.0,0.0,0.0,0.0,0.0,0.0,0.0,nm
22.451128482818604,-9.025905977888295,32.84227454468757,-70.65696395790994,0.009202142951704196,-0.012821078627563688,0.02346290426093478,0.0,0.0,0.0,0.028276622295379642,0.0,0.0,nm
22.45388889312744,-8.920945412494325,32.82794116584087,-70.64716482328222,-0.01804117329949003,-0.027329808595215267,0.030701544341978033,0.0,0.0,0.0,0.04488860876498377,0.0,0.0,nm
22.490886926651,-8.947853918454285,32.7911813978938,-70.68229110081742,-0.024655309317114984,-0.029954672176106187,0.031218360159975214,0.0,0.0,0.0,0.049797115115019816,0.0,0.0,nm
22.49454665184021,-9.128747679599034,32.62263518029488,-70.76413781505964,-0.018498172058509992,-0.0471199909816153,0.013251697915719295,0.0,0.0,0.0,0.05232669889514555,0.0,0.0,nm
22.496957778930664,-9.19030882684037,32.553385035408645,-70.8414015683845,-0.019947919922994554,-0.02496991355016492,0.026693047223603383,0.0,0.0,0.0,0.04164054348874944,0.0,0.0,nm
22.5148868560791,-9.23683766971706,32.49329377831243,-70.86030515621657,0.009815630038380771,-0.013518930850046702,0.025105609279127777,0.0,0.0,0.0,0.030156254768371586,0.0,0.0,nm
22.517051935195923,-9.264761407419003,32.44564724669464,-70.8526575692698,0.010735041403132575,-0.014743321358281795,0.027446509059077907,0.0,0.0,0.0,0.03295326232910156,0.0,0.0,nm
22.54047417640686,-9.293405831960657,32.37406000229924,-70.89031747775287,0.010694723973477649,-0.01466427313394339,0.027378261365273077,0.0,0.0,0.0,0.03284794092178345,0.0,0.0,nm
22.542604446411133,-9.304099379848324,32.337104049679716,-70.90637143838504,0.011620086401569136,-0.01592199286135569,0.029770507313117135,0.0,0.0,0.0,0.035704612731933594,0.0,0.0,nm
22.56359338760376,-9.332496550280807,32.25717684207397,-71.01130343554118,0.012327125682575947,-0.016902910065323712,0.03167996993769453,0.0,0.0,0.0,0.03796428442001343,0.0,0.0,nm
22.58639621734619,-9.348580740699177,32.21521233356023,-71.09177782511789,0.011402085285913778,-0.015653689256890948,0.02936636930412731,0.0,0.0,0.0,0.03517711162567139,0.0,0.0,nm
22.593694925308228,-9.362634812721993,32.14174037603365,-71.19547741108723,0.010137156370191348,-0.013940594681657174,0.026203621384859477,0.0,0.0,0.0,0.031364500522613525,0.0,0.0,nm
22.621166944503784,-9.36658525236947,32.12037665059705,-71.19786083147233,0.008261681901691029,-0.01135552893910334,0.021364180168060014,0.0,0.0,0.0,0.025566220283508304,0.0,0.0,nm
22.62387466430664,-9.39790426563769,32.11069252613579,-71.11498341813099,0.008127069943498839,-0.01111233219210004,0.020945674357557627,0.0,0.0,0.0,0.025065004825592038,0.0,0.0,nm
22.64305830001831,-9.43882044441825,32.11989919233409,-71.02556395519582,0.0008094166339786002,0.010257391771738025,0.0350479667921356,0.0,0.0,0.0,0.036527102506343424,0.0,0.0,nm
22.64527153968811,-9.502268317161427,32.12657756389058,-71.04618541009182,0.0,0.0,0.0,0.0,0.0,0.0,0.0,0.0,0.0,nm
22.65027928352356,-9.584296397802609,32.12629903502625,-71.08179925170573,0.0,0.0,0.0,0.0,0.0,0.0,0.0,0.0,0.0,nm
22.675832986831665,-9.762587583190355,32.09438694905639,-71.15026750236764,0.0,0.0,0.0,0.0,0.0,0.0,0.0,0.0,0.0,nm
22.677947521209717,-9.829301428430698,32.05217877715514,-71.1603375830909,0.008780005575669358,-0.011685306358270761,0.022190892726071408,0.0,0.0,0.0,0.026571989059448242,0.0,0.0,nm
22.68152666091919,-9.877334086903453,32.0092039528857,-71.15596820135302,0.009433029811656213,-0.01250483414232905,0.023806699691275957,0.0,0.0,0.0,0.028497576713562015,0.0,0.0,nm
22.700448989868164,-9.913067299120389,31.964342216632428,-71.14655957334726,0.0,0.0,0.0,0.0,0.0,0.0,0.0,0.0,0.0,nm
22.70999789237976,-9.941422997045294,31.90876441999108,-71.14329385498017,0.0,0.0,0.0,0.0,0.0,0.0,0.0,0.0,0.0,nm
22.71476984024048,-9.962022414765945,31.853005821727333,-71.15354411032627,0.010102825098256588,-0.013283489645574095,0.02548636672592959,0.0,0.0,0.0,0.030464291572570804,0.0,0.0,nm
22.727306604385376,-9.988037022359139,31.808598926366198,-71.18550848366411,0.009666482168286663,-0.01269355106251574,0.024398523950592863,0.0,0.0,0.0,0.029152274131774902,0.0,0.0,nm
22.762749910354614,-10.028071441147418,31.7195500618802,-71.2693043846344,0.013946265041508393,-0.018293643642615518,0.035275481828671296,0.0,0.0,0.0,0.04211312532424927,0.0,0.0,nm
22.764943838119507,-10.013836143048728,31.63076774034121,-71.28201896920868,0.01492804927805055,-0.019577455417695275,0.037880940070945605,0.0,0.0,0.0,0.04517841339111328,0.0,0.0,nm
22.783621788024902,-9.928551449443953,31.55632188125347,-71.2859483589895,0.01576041791082883,-0.020757786266893476,0.04024564134427886,0.0,0.0,0.0,0.04794776439666748,0.0,0.0,nm
22.791022062301636,-9.869241235729,31.52606782615879,-71.25979773017286,0.017738796202439257,-0.023417899727019742,0.04544222570693291,0.0,0.0,0.0,0.0541115403175354,0.0,0.0,nm
22.79575538635254,-9.818283608739405,31.504120017537176,-71.2541890342693,0.0167074805948509,-0.02211580708346287,0.04293023886498226,0.0,0.0,0.0,0.05110043287277222,0.0,0.0,nm
22.814494609832764,-9.77995154313059,31.48095078372832,-71.2641552726634,0.00850980816079997,0.0013856198205608652,0.056979956302977725,0.0,0.0,0.0,0.057628571017421554,0.0,0.0,nm
22.834920167922974,-9.762276812953116,31.445888491661627,-71.33540094074557,0.009068219702865742,0.0019451790840175497,0.06212385171453582,0.0,0.0,0.0,0.06281233383737606,0.0,0.0,nm
22.83718180656433,-9.774574429127789,31.441008969825038,-71.37912268824283,0.015040289163455414,-0.020033630815712772,0.038907282741899314,0.0,0.0,0.0,0.046274542808532715,0.0,0.0,nm
22.846444129943848,-9.789615679041079,31.444018708064842,-71.40528457466492,0.012129132257594847,-0.0161564822040731,0.03136884269478151,0.0,0.0,0.0,0.037311553955078125,0.0,0.0,nm
22.87666368484497,-9.797732244814386,31.478296690538084,-71.35801154899777,0.010591296371756568,-0.014084966624742377,0.027326618705989358,0.0,0.0,0.0,0.0325162410736084,0.0,0.0,nm
22.882296323776245,-9.785541041409788,31.501535869861936,-71.31589261442474,0.008986748916918086,-0.01194716723464946,0.023165105103625103,0.0,0.0,0.0,0.027570247650146488,0.0,0.0,nm
22.889544248580933,-9.76620856509898,31.532236449522955,-71.2753988674519,0.0,0.0,0.0,0.0,0.0,0.0,0.0,0.0,0.0,nm
22.899379014968872,-9.747745615723527,31.56880160241994,-71.24851732119356,0.0,0.0,0.0,0.0,0.0,0.0,0.0,0.0,0.0,nm
22.91801428794861,-9.73978019986262,31.60416900155091,-71.2432980680125,0.0,0.0,0.0,0.0,0.0,0.0,0.0,0.0,0.0,nm
22.935354709625244,-9.76289640663124,31.69737734571719,-71.31020477561701,0.0,0.0,0.0,0.0,0.0,0.0,0.0,0.0,0.0,nm
22.945804834365845,-9.774912456251682,31.70386235850966,-71.3298059047438,0.0,0.0,0.0,0.0,0.0,0.0,0.0,0.0,0.0,nm
22.976335525512695,-9.786340756263483,31.69749455891766,-71.44804520563474,-0.034727702338546995,-0.015266437397405384,0.005544478729207635,0.0,0.0,0.0,0.03833821415901184,0.0,0.0,nm
22.982718467712402,-9.773335296224412,31.680048348310482,-71.51091738586936,-0.04927042633422195,-0.02158524028348553,0.00785288901055581,0.0,0.0,0.0,0.054361432790756226,0.0,0.0,nm
22.984991550445557,-9.76219264794898,31.669728356759336,-71.59827673155436,-0.07946179026287105,-0.011307873634352273,0.02481884525366544,0.0,0.0,0.0,0.0840120181738088,0.0,0.0,nm
23.02411389350891,-9.746823415542549,31.66773238031419,-71.71014712368894,-0.11287814988517705,-0.008910057043122244,0.0388273521124057,0.0,0.0,0.0,0.11970141649150574,0.0,0.0,nm
23.02774977684021,-8.752010778572325,31.748614984730885,-71.94502152832146,-0.2835697330204742,-0.06342087056984458,0.10921346684485043,0.0210143059813431,-0.06351785184102765,-0.04430520955492996,0.31042161917207256,0.08024381690873453,0.0,nm
23.046605348587036,-8.31333146234234,31.844051421886068,-71.91454170783051,-0.29948652831323175,-0.06730149704324632,0.14563972368542158,0.03138614794896657,-0.07308550248307825,-0.046943970117906596,0.3397537361980589,0.09235971679638999,0.0,nm
23.04897665977478,-7.888210830089206,31.951227970892408,-71.87330924879612,-0.3189975498139282,-0.07572411043669817,0.18096764215967406,0.032931575123332626,-0.0700009762573871,-0.04357103881114714,0.37449014032087774,0.08878660225604686,0.0,nm
23.055328607559204,-7.521876769580748,32.07773485916464,-71.84773742148062,-0.37733492832465193,-0.06809516918509553,0.15903897524406235,0.03351826362906994,-0.05914079643335033,-0.04068707649156836,0.41510480104041014,0.07922465520852426,0.0,nm
23.079872131347656,-7.11832733379236,32.43965333292674,-71.95103466276574,-0.3395133989711525,-0.03528050332266038,0.23924871955803784,0.0,0.0,0.0,0.41683811222800377,0.0,0.0,nm
23.09813165664673,-7.3083003482913655,32.65307537958606,-72.18667433572709,-0.2381006919346094,-0.02773800050226898,0.34400606649445825,0.0,0.0,0.0,0.4192869064931473,0.0,0.0,nm
23.10135793685913,-7.930473036740788,32.9078189134538,-72.51052465077602,0.009826322299765397,-0.02162513178397083,0.5446477777121563,0.006886450907746755,0.10754910727489088,0.013403980911725894,0.5451654837766267,0.10859972553378165,0.0,nm
23.116605043411255,-9.232709571357818,33.243572861528214,-72.89957637553867,0.36635406532702075,-0.023974220486411037,0.770562803799656,-0.010731498410985325,0.22086992314451837,0.07606848012082283,0.8535555629419523,0.23384845878453517,0.0,nm
23.13609743118286,-19.117743472179725,35.158813102924924,-74.03629945352264,2.045670788359438,-0.23319559279793614,1.1170924408060847,-0.03235035011382933,0.6605122759313199,0.43301335760517085,2.342444167990691,0.7904578291553339,0.0,nm
23.15781044960022,-29.194490244787566,37.34991883142192,-73.54707657186715,2.4051076157549027,0.14397625824829957,-0.0803880541174435,-0.02495691093530537,0.8819596688904282,0.7549971781527055,2.4107538334608543,1.1612477961104144,0.0,nm
23.160280227661133,-33.38756722037159,38.566101519964995,-72.647725539135,2.340325109399467,0.3180885753866395,-0.6603385786416346,0.03145469775090056,0.6940813434645318,0.7131769979495537,2.4524169706474432,0.9956704975846515,0.0,nm
23.178913116455078,-36.35034940106531,39.78320935897497,-71.55934987315203,2.204225937195241,0.5236605917916483,-1.063140497999931,0.08150134127316791,0.5019150444243162,0.5947214606353495,2.5026186517500744,0.7824671214747827,0.0,nm
23.182839393615723,-38.07777503765885,40.77503088185123,-70.49602441451721,1.3918342925984921,0.6556125503266051,-1.451605273233355,0.09307590858658193,0.3031506224396759,0.4239984919427797,2.1152277379700237,0.5294696835651047,0.0,nm
23.189536571502686,-37.832445532160435,41.20025138634397,-69.30795300597312,0.7804408385840838,0.7881092996255614,-1.5305032389943314,0.08408676524916765,-0.01670181027803284,0.173752993076398,1.890143998550973,0.19375148298694087,0.0,nm
23.210765600204468,-32.00749206647818,40.17956822971662,-66.66619489405846,-0.973611899140631,0.8992906729287702,-1.3063702690375514,0.07731281038008474,-0.6078923262414831,-0.29147402095882163,1.8609801515304107,0.6785775238291144,0.0,nm
23.216628789901733,-25.591417613336414,39.06372896701723,-65.2200991957678,-1.6383385900417258,1.2513492190359687,-0.964545028681247,0.1936309589513784,-1.0048796480247937,-0.6002121368124128,2.27604378603654,1.1863939752273636,0.0,nm
23.22939658164978,-16.322712940944783,37.637325194884895,-63.62910298657675,-1.4128632429332932,1.3115117909989116,0.06477112881935246,0.36789511317519635,-1.44455987806549,-0.9274904893088934,1.9288444779944514,1.7556590396125396,0.0,nm
23.25461745262146,8.015560526939716,36.44512380760085,-62.08662559895946,-2.5020767581623016,0.24574088863967913,3.1334926469334667,0.9699832308066156,-1.8797545131605424,-1.6168352259382497,4.017406234932123,2.662423829075352,0.0,nm
23.260223627090454,22.81670266676248,37.298870294029065,-62.44828731019725,-3.5318940103828713,-1.1981456759125717,3.6097099363908507,1.2575534612663697,-2.01850396849517,-1.98048813062882,5.190359735718252,3.0948557663218192,0.0,nm
23.28343105316162,56.1933416639464,42.671193686226765,-61.93582614568994,-4.905395027497654,-3.9079662608868384,1.4966361800981975,1.763582289911309,-1.9499980822258247,-2.1510681127998597,6.447869456464476,3.3970294434811072,0.0,nm
23.294085264205933,84.93630352258437,47.54919751688153,-57.30217470152087,-0.719474248680143,-0.9709993589606553,-3.878602306626162,1.259329996919265,-1.4145682795418681,-1.5170913757270885,4.062516314131138,2.4266193976254757,0.0,nm
23.313130855560303,94.18232654766078,47.010596630657254,-56.901684680636095,0.12545829729021413,-1.4103419663055723,-3.401024413857101,0.5949614626103817,-1.107209338334929,-1.2926670994168077,3.6839885056733914,1.803019659017122,0.0,nm
23.31530475616455,95.74726868365288,44.97616397085146,-59.54203229179028,2.577941631686992,1.294708812410638,-3.1337887378060647,-0.22790151598902925,-0.3948759400603639,-0.7664421804646523,4.259423179084098,0.8917957866148867,0.0,nm
23.32001757621765,93.09186772166787,42.179078763392106,-64.11258042530854,2.3688052367754007,1.71170062575909,-1.4280396390039694,-0.6717569297226713,0.07878145450153773,-0.5610515071245095,3.2527610567893257,0.8787733973274858,0.0,nm
23.340300798416138,88.0973956006071,39.88908748322442,-68.42803989132821,3.0246958676349096,2.7971619034928006,-0.476005002007879,-0.7196894614185252,0.5089105667477746,-0.22031038724763885,4.147225647101408,0.9085590528708811,0.0,nm
23.34253191947937,81.54811817711892,38.763925624011506,-71.17285395402784,2.3010430934169785,2.4492289232334277,0.6266328027194856,-0.5590142309406195,0.8765449412608367,0.26805664624486636,3.4185070287494264,1.07363043457241,0.0,nm
23.36549949645996,64.69782290103485,40.270888347021646,-69.80997426571727,0.9364625654147134,0.9377981726610215,0.6715904551450661,-0.16564508812229037,1.2856222241641693,1.3946409349664632,1.4857527683001013,1.9040184179697417,0.0,nm
23.367852449417114,55.00838041689527,42.89525392917543,-67.09003442731503,0.5864675812107862,-2.240579992501161,2.940727116221926,-0.048613733859210556,1.5455748146775377,1.8173657958376361,3.743263135112286,2.3862068725837253,0.0,nm
23.390719652175903,25.58179439157982,48.004591923090715,-65.27610031832303,3.255885350562753,-2.874516123136044,0.7927772998716299,-0.48036108027459423,2.0308382409142665,2.2231496535301467,4.414989037967135,3.0491712169364216,0.0,nm
23.40747046470642,12.223342870904142,49.181340991281694,-65.51984973186167,4.78015456009896,-2.055045967931316,-0.06473024625474898,-0.532811230690487,1.7033549754128336,1.9478010621674444,5.203583529984489,2.641824172346485,0.0,nm
23.409766912460327,-0.7981158036603645,48.96992552409604,-66.221111437942,1.5685956758083242,1.0272184408529237,-3.6175464632680043,-0.7468555068582163,1.5362286808226435,1.8220393535285473,4.07459354209665,2.4975225952357767,0.0,marker_1
23.427207946777344,-6.295446186146788,46.600244029520766,-66.07417041428023,-0.6465481695198412,1.7492542012649324,-4.380697025093397,-0.743056459657576,0.47800152419785386,0.8373778275512404,4.7611365472767755,1.21730028565213,0.0,nm
23.439101696014404,-3.5311050787496465,42.92615902960397,-64.97422735666451,0.024128755083973837,2.1405048275171863,-2.3685449083322165,-0.5164618637515863,-0.6699082411415977,-0.17774661622831192,3.192545707775027,0.864351645940358,0.0,nm
23.44095730781555,4.009383995694109,38.54425425772438,-63.58211778582998,-0.6468758011457135,1.7360217568187504,0.3638314877200164,-0.30177587063872013,-1.4183571677527957,-0.7163396441926542,1.888013027950954,1.617389321486187,0.0,nm
23.45819878578186,36.88543683776746,35.217839903658074,-64.10370988321108,-2.9969272277996053,0.5764583384836374,9.785572463032796,1.3106068923254888,-2.736483539476994,-2.4265151164722405,10.250429525341838,3.8851007964411814,0.0,nm
23.461435794830322,51.56319220417886,39.02505656022362,-67.00840897977575,-6.527531089570976,-1.893960788542937,5.254593094544165,1.658332116864741,-1.8215275454633275,-2.368449812568845,8.59107084030187,3.4172477995258324,0.0,nm
23.474748611450195,68.78259702691732,45.77265494241844,-66.0783254097935,-7.713082961314972,-2.6522740900242447,-0.3241040975851097,2.243707668499224,-1.7991428366735351,-2.1565602881818835,8.162796707183924,3.5947032318397367,0.0,nm
23.48697280883789,92.79787709710666,51.29741660117631,-58.75760841786733,-5.550251664487572,-4.238310550179009,-3.256801199176161,2.4383099019946632,-2.3048980018329748,-2.163239550491531,7.705538521729746,3.9921817756497093,0.0,nm
23.499337673187256,112.50991346915148,52.5642458583607,-50.37850620053406,-1.22489171350959,-2.742025049322119,-6.221601238002559,1.6171239361197096,-1.8240553385440674,-1.4462469571319725,6.908500781330881,2.834413160401268,0.0,nm
23.519333839416504,125.67863549429417,46.401754637099096,-54.359811775367916,5.900244201367845,-0.23872248220738457,-1.9171690307503382,-0.26717507604301083,-0.9126916617812715,-1.7270566766691067,6.208494757326797,1.9715763630077803,0.0,nm
23.547789335250854,128.23133628574945,39.59298733274595,-85.07910509576212,3.4908790687660556,2.510981155290573,3.3108175977537946,-0.2068948294336862,-0.08640105600376521,-1.7523825445295718,5.427041201296481,1.766667822567926,0.0,nm
23.55121088027954,134.94537561259997,40.20250368271758,-87.9316885619949,3.5322938425239165,2.0523140926283387,4.2996958914042205,0.1961867425777846,-1.0245857769727413,-1.4410322075447373,5.930976115555651,1.7789994591116034,0.0,nm
23.568618535995483,166.95347698486768,44.23064815326427,-75.71637794089739,0.5800296898056994,1.3265405817136653,-2.134719951999511,0.7117059011571103,-2.5562044401601254,-0.6677280282644792,2.579374658605089,2.7361591966415557,0.0,nm
23.598732233047485,-161.92851324444317,35.852568744877956,-59.49864469163213,2.950041824220274,-0.9192475221209193,-3.429590157154811,0.028722364313843805,-2.255886001345094,-0.43027391909915874,4.61625946168838,2.2967329559035554,0.0,nm
23.600860118865967,-156.3413134272117,33.92961145550201,-58.19518060205664,2.9862301568906684,-2.030487471077903,-1.4446182162410084,0.1580540888463426,-0.9891004880593386,-0.37530090229293783,3.889392203265564,1.06965024084612,0.0,nm
23.604666709899902,-156.81604698674366,36.44312889452192,-60.022238371327724,1.6814657433705906,-0.9538617886870732,-0.592470100791438,0.40532422324732775,0.31948777544235163,-0.3082005463622612,2.021929815393683,0.6011220686234605,0.0,nm
23.615201950073242,-163.80164556440258,41.79819325611955,-63.87822201475293,-0.7924840461250522,2.4316295786950404,-1.789509786037453,0.4487812089871665,1.4553458971221684,0.11213552569056445,3.121409720890733,1.5270922139583487,0.0,nm
23.6396906375885,161.27832009030757,46.106432557663986,-72.41997082980193,-8.524550737699897,5.097923995326127,-1.3549332148240372,-0.9218126268050559,2.603223890868088,2.174011475259157,10.024601655845242,3.5146605866686644,0.0,nm
23.643914461135864,141.85016623136084,44.14817979757178,-72.42558930335814,-10.340158236155341,2.818569911562544,0.460703754299462,-1.1864158753006386,2.498392892901757,2.7474187344571717,10.727322902025577,3.898443199395579,0.0,nm
23.655396938323975,124.09667474063036,42.97832303172374,-69.87935098892407,-10.422623158924424,-2.6365205130141227,2.1408983681364844,-1.0424544413480044,2.3666694757005518,2.946918666605559,10.962014402069604,3.92073530056381,0.0,nm
23.66353940963745,106.06962611342729,42.92433233667261,-65.56159525197634,-6.057546376198927,-5.987190940290458,2.4011756921702023,-1.005921667056364,2.448507575131024,3.307565024300631,8.849065948447098,4.236396361969014,0.0,nm
23.68430256843567,74.10851781896426,45.93755803188367,-60.149316367842644,2.9673352429915067,-4.046756275051325,0.6893666518244778,-0.7096177942029064,2.091221033191107,2.43641500128422,5.065228639914928,3.288294524824847,0.0,nm
23.694512605667114,56.5052060400478,48.36006551924415,-63.78725397797426,4.700326115121503,-1.0221938118766862,-1.0653435779676317,-0.7048440091488029,2.3428492225797224,1.844564674138042,4.926753770653559,3.0640114872587128,0.0,nm
23.700820207595825,37.29900403753141,49.19064379807146,-72.10800624474088,3.6965648096832426,-0.5447647686648546,-0.8306696657813053,-0.8041031054880076,2.406915316629654,1.2209902243089656,3.8277110835349375,2.8161392496714264,0.0,nm
23.73539900779724,-0.8802985720671049,39.86792087203678,-86.17469296071516,5.541252580816719,-0.7883285602961883,4.536886855097675,-1.595971714641668,2.6426060249762005,1.6159544163143142,7.204879209212649,3.4845087161295085,0.0,nm
23.737638473510742,-19.300371752622958,33.65300338001275,-85.82840613412733,6.8345542895973335,-0.012400587820129762,4.4718649870339755,-1.4495641067145528,2.857946887995008,2.2735173079736053,8.167549361607309,3.929119171485011,0.0,nm
23.739871740341187,-36.226791338676954,31.781481994275794,-82.0444561635626,9.343264935276258,1.7404147199551805,2.662841535133887,-0.6832599482403123,2.7910588194150994,2.5845480256109137,9.86997305413919,3.8648081436202544,0.0,nm
23.756303787231445,-53.339590560425286,34.63832779300978,-77.34871028132893,9.188859596176863,2.724707256982833,-0.7339676648465828,0.037214615839421636,2.915755526313784,2.8133872771841633,9.61238153880436,4.05193326552686,0.0,nm
23.758223056793213,-68.85423224855488,41.26579816970094,-75.19655354267185,4.892035107097338,1.6574552111070178,-3.336930287413373,0.6948554812894776,2.682893434713044,2.3425806875298543,6.149330777324908,3.628832539466685,0.0,nm
23.776888847351074,-81.08917836143063,48.784804703596336,-78.36373920356954,0.7710115081987933,1.5218663217409414,-3.9745327233445042,1.0604384821369726,2.015054615476856,1.1038055921670968,4.32521054007323,2.530486447908959,0.0,nm
23.794251203536987,-91.81715516209712,54.12482314841425,-81.3212616382953,-6.781630927593984,-0.3005356000967918,-1.3843552218167607,0.10935683933030883,0.1331212613371892,0.5871131599780771,6.92800686093743,0.6118676745406333,0.0,nm
23.796416521072388,-83.96483906782859,50.802963172978366,-73.59908871560646,-3.4479209684720304,1.458425274933992,-2.717357952326809,-0.44365179846865554,-1.0926260176065112,0.298930898148947,4.625926667000802,1.216559992151342,0.0,nm
23.804671049118042,-77.40877991900561,44.058169867767816,-67.80452314870112,-5.982238407274691,-0.5641761112628714,-2.354568916056284,-0.9830019953674948,-1.298296135633662,0.19273300740290963,6.4536397347892445,1.6398206581331833,0.0,nm
23.831849098205566,-58.34331704308492,33.2039031022869,-64.33507302895403,-3.843412044648772,1.8948047148993155,1.1303475131523153,0.04830628799430187,-1.9122768913440582,-1.068254700863414,4.43167987935112,2.190959724080994,0.0,nm
23.834217071533203,-46.26275215859463,34.39259860898235,-65.38025865954916,-4.65059279018886,3.6186423695648258,2.278866826231577,1.0624869740459284,-1.7323885709823426,-1.5548648230036026,6.3178967948728895,2.5588382810763055,0.0,nm
23.868817806243896,-27.683113587997383,43.485807773507,-72.3696401627781,0.1278518749703892,-0.7741467552596991,2.8384548371578324,1.2406481936556477,-0.5227970477874857,-1.6940838180567406,2.944906647620135,2.1638957174961173,0.0,nm
23.87116026878357,-20.868520542449332,48.418045219085236,-76.5165899081717,-2.5458665220107473,-2.2024625492348178,-0.3394754490759598,1.1956193729490023,-0.6578281086042069,-1.817063954888179,3.3834185684308045,2.2724359004369354,0.0,nm
23.87592053413391,-8.314595068721435,51.684855112903726,-78.12664943854628,1.578673786010249,-5.124599994104097,-1.6826745038554558,0.9798035392084294,-1.4377076232262258,-2.258190274862436,5.620064902484032,2.850691407853795,0.0,nm
23.890589714050293,-0.07970306780113309,52.744439092232305,-76.50456761443688,0.3621682420960734,-6.476079091075214,-4.340775210237718,0.4177329888626426,-0.9423643060782118,-0.9883245211849846,7.804684212398272,1.4280534634704387,0.0,nm
23.89270567893982,1.729138235177318,51.12299587593544,-72.05249297653644,1.1445153502977836,-3.2137013747533767,-1.1151888407313144,-0.26286685101765234,-0.30664342564360353,0.5972258083798558,3.5890720337784603,0.7209770024413769,0.0,nm
23.922332048416138,-38.344332478546626,39.96408181732874,-74.97138304119731,8.107591278006737,3.706291952232485,4.4345070270354805,-1.480090846247566,2.9802304491700684,2.157439448343219,9.95663040085456,3.9657265937749364,0.0,nm
23.942567110061646,-75.66778035095847,33.098747329351646,-76.00606260635266,8.013146742606784,5.393179616938994,-2.73631117346571,-1.1213128320729144,2.518867793810066,2.25554845299232,10.039138704946218,3.562237534733053,0.0,nm
23.961891412734985,-94.2405526250489,34.01666144810704,-77.00839385127806,3.390151317168372,2.171149490159553,-5.203020831735789,-0.5239115146896022,3.046589079768453,2.0339733148190913,6.5786352564491,3.700437236541772,0.0,nm
23.96423649787903,-110.08110377096352,37.544702151087044,-80.89407112789141,-2.505891923369942,-2.4519799494154104,-2.805965953959873,0.21416638982579095,2.6436054941074296,1.2279587470698752,4.490561762043569,2.922738430908831,0.0,nm
23.96826434135437,-119.83651061329758,41.76347693570567,-85.8046570571279,-3.889051864371993,-0.8204962101866649,-3.5241382056569015,0.6656398237948428,1.5767369279372065,0.2694108177525557,5.312013603830152,1.7325581963283627,0.0,nm
23.991607427597046,-128.33806150700468,45.61463914634371,-85.07942210856858,-5.1537730474625345,-0.6051890721002007,0.15747956262710044,0.21697977806400148,0.13480553626248354,0.7368716890096437,5.191573003472645,0.7798927123391038,0.0,nm
23.996793746948242,-125.86187247079914,44.72842033656723,-77.3584705691568,-5.477881596043715,1.3996776531495039,-0.4401681753928849,-0.11721801906199558,-0.38501210669038266,1.197713004134638,5.6709816024767035,1.2635231800660423,0.0,nm
24.006001472473145,-126.69106861524068,42.59588663501541,-66.45886905738995,-5.545522574415705,0.8012300361318163,0.9898048954006392,-0.4371012096223433,-0.029564619803552353,2.3007863300473437,5.689859745645147,2.3421249477195207,0.0,nm
24.02025079727173,-129.56408608692394,41.3308338824536,-56.84505698887806,-3.550886637695309,0.9271030881642341,1.5987980434314641,-0.41739273796090326,0.24720100972887943,2.3135687574933628,4.003057735472602,2.363879318527674,0.0,nm
24.03958797454834,-152.44002607049293,45.85889266016909,-59.807547613702255,-2.564890103031624,1.3982357503241687,-1.0068694669632685,-0.6495007174416547,2.1511741616421167,0.9194374297731033,3.089904622737903,2.427914051802835,0.0,nm
24.073172092437744,171.08905543484147,41.126174480968324,-82.27761272782962,-5.294384535435299,-0.7778680683492666,-1.6286822692268268,-1.5264146922441943,2.377691407569581,0.5443488207910577,5.593584921578263,2.877442246340623,0.0,nm
24.075457096099854,156.84289502485464,31.719878526778338,-84.81524015905279,0.24645777893555726,-2.8593731827207103,2.7142303622943498,-0.6351862187654791,0.2591478984644046,0.4033514107779395,3.9501649199066016,0.7958087247351957,0.0,nm
24.07916235923767,161.5755251456854,32.52473881981421,-81.22475203007865,1.619258883531493,-3.93693289726356,2.537909176266518,0.27072774710705433,-0.7813389573663173,0.21192442910707385,4.956049127725582,0.8536369503508526,0.0,nm
24.095367193222046,171.67913014702617,35.485313121402925,-77.26014917338667,0.3955531937727941,-2.6792946164246065,0.15141351744258366,0.9071591964246772,-1.540927630260778,-0.3405005621362139,2.7125648423530953,1.8202572351659643,0.0,nm
24.100889205932617,-172.61703421334636,37.98053223676599,-74.1285083819296,0.9894827648840389,0.4868810096340474,-4.110353298225944,1.115881778329013,-2.3229775243863147,-1.254889036899356,4.2557177415545,2.8663850433849403,0.0,nm
24.107882022857666,-152.42911843939845,36.91312500704779,-74.61761377539949,1.6338759213523775,4.987843697817239,-5.456876919710767,0.6709220493675531,-3.1558171758349207,-2.5505299773441377,7.571369823030857,4.11272678510904,0.0,nm
24.145689487457275,-91.22352335125353,35.365278177060084,-81.49823902718657,7.958810923466369,0.9127794833244518,-0.3716649092017757,0.6753348770391115,-3.0811449348632114,-3.1071397025263576,8.019599273367566,4.4276233395349065,0.0,nm
24.148738861083984,-73.56845452205025,37.55061099609846,-86.61935042747554,6.817082428937827,-0.27512440575780284,0.8214676724877974,0.7205526941081057,-2.8003089984594576,-3.117616121230896,6.871907698632088,4.252112057695356,0.0,nm
24.166086435317993,-56.80983558786862,39.86539614872551,-86.74353896086129,0.38750665684150487,-3.2168906134197126,-0.16432040731750402,0.601452694215357,-2.5986731905530336,-2.1230671019958725,3.244310069038612,3.4091438242255414,0.0,nm
24.17174458503723,-35.04139322076015,42.049674913441216,-82.75667948546908,-0.3599945150964587,-2.233950664485748,-1.1172437675396918,0.7195402666672208,-3.243687702253158,-2.0685518022200284,2.523562017934597,3.913841420340333,0.0,nm
24.201857089996338,12.381935642052769,37.683724252176994,-69.86985726770064,-2.6290051099700964,-3.0077719345424323,4.431621386371064,0.1443370176349557,-3.4436141917363767,-1.6205003743916102,5.966374777920961,3.808586790345112,0.0,nm
24.20413899421692,53.85181200823771,26.810338283997364,-69.9627932717958,-6.431789174301456,0.35925276153231717,6.383738301302503,0.47045298873526337,-3.7065114469032667,-2.4152442775548932,9.069128361030435,4.448927740579357,0.0,nm
24.213303089141846,71.10383021049583,27.385697162651915,-73.59760020628315,-8.160058043853748,0.6819372449869092,3.1759851511614334,1.0723200106103465,-2.8889345695658344,-2.311667376275513,8.782850753915866,3.852222632575176,0.0,nm
24.22384476661682,86.05915395408586,32.74818998073485,-74.36437390407592,-7.572671826411625,0.031315660756340145,-0.5516093799305879,1.7464115945992749,-2.1962778913701833,-1.6681712746518416,7.592800021676087,3.2644119585992497,0.0,nm
24.248305559158325,100.73778927661654,39.4797877526458,-69.61266585706471,-6.5585715129056785,-1.5874659403035045,-2.7412713354283236,2.015126775559757,-1.8393846341326794,-0.7997366640592009,7.283507186511355,2.843176126394883,0.0,nm
24.252495765686035,109.8825237404566,44.53504491716199,-61.9775390671014,-1.7246210952839953,-1.0690662618742361,-4.813756301951953,1.4864734361000558,-0.8207156138197352,0.2881237927233785,5.223932458326626,1.7222638342983096,0.0,nm
24.275229930877686,108.72887765230628,46.57331206776436,-61.86858284512499,2.601104955717402,-0.7283477851446625,-3.782618531551465,-0.3127345131854274,0.4207768666454801,-0.1571051592296987,4.648057706399451,0.547300720169363,0.0,nm
24.278342723846436,100.48477756637593,43.26385282521266,-68.788334115353,5.8057896775289315,1.2272152451615468,-3.3907584421147483,-1.083244536366695,0.7888832522296823,-0.23033897363665637,6.834507579221113,1.3597100992464404,0.0,nm
24.286060094833374,94.4151822246032,37.360108632665025,-75.79470435462713,4.291108769048086,1.339157851652487,-0.6391684470663683,-1.4023748821364392,0.5252781395830969,-0.6263889363012015,4.540428891984668,1.623248450943854,0.0,nm
24.303991317749023,79.00855349880338,28.19325396730489,-84.95299890142824,2.9047422172377413,3.684850649130167,1.80013000011367,-0.794651152864146,1.2827541929361028,0.18180473770708538,5.025546703823125,1.5198624072251445,0.0,nm
24.32190489768982,70.27243303790218,28.638234381019885,-83.86508165943374,4.34755523124467,2.938605806545161,1.3499720796109558,-0.060333694510470486,1.5396869332353398,1.0354590300745248,5.418400611869979,1.8564620680293482,0.0,nm
24.324102640151978,60.884608588369595,30.96301327822815,-81.02303424941927,4.080274682025881,3.223710208038965,-1.7961607537524842,0.24521951595013153,1.6791078887735702,1.4876278840559405,5.50155818287117,2.256672912622742,0.0,nm
24.32738184928894,55.11006900606858,34.41174972079835,-77.28003499288266,-0.1827612551539209,-1.48406454218967,2.5454616156680294,0.4926381433110789,1.0869550122079565,1.358678261066293,2.952155835759584,1.8083611796052004,0.0,nm
24.336800813674927,44.24747099155112,38.68332572265901,-74.32809069930842,1.997610627299925,-3.5525229558725337,2.218462475773641,0.3938527474238616,1.905473197953419,1.8711758970306152,4.64030638285002,2.699490198611671,0.0,nm
24.369922161102295,20.929787928007446,42.10143963753778,-73.97879919023518,1.6071655198833488,-1.8914514642407665,-1.2889859746852061,-0.34601400753347317,1.3109949483129777,1.0806171192700216,2.7967936092632266,1.7338300973195042,0.0,nm
24.381017923355103,16.82327785402272,39.58223543021863,-75.03727116552288,1.5279981225169466,-1.0723995345227901,-3.1989428675702594,-0.6612953708849311,0.4619294563261458,0.3154716645060259,3.703789207560096,0.866148232857292,0.0,nm
24.38323998451233,18.500668351632015,36.55376195202292,-74.47818659875485,0.5168191283688718,-1.342841557001552,-0.893033817481379,-0.524341083295791,-0.4180746013838627,-0.10608615710170627,1.69346829253567,0.6789508205184579,0.0,nm
24.419121503829956,54.325772198803975,24.860606331328704,-70.3446293358548,-6.310487137278153,1.9648451945360088,7.500620406302996,0.28481437992000014,-2.895222920025746,-1.4493227074900723,9.99710813323999,3.2502263456716327,0.0,nm
24.421374797821045,68.50530456519424,25.637714474233537,-72.17376268101623,-7.580652532258758,0.8444570252589227,5.07880449711759,0.9729347282735099,-2.384300020843256,-1.590441625314576,9.163714072486773,3.02671325672041,0.0,nm
24.425379276275635,80.26202242933032,30.79598054137046,-72.24012406893306,-7.008805789908058,-0.8542301195986215,-0.8294670392815642,1.6175184298879688,-1.6604583101105923,-1.1414737141440594,7.109225222704139,2.5838827200018963,0.0,nm
24.44211721420288,94.38180740989776,37.060914295310866,-67.7577648721965,-5.347869339378198,-3.0760128528970774,-3.5870504629654874,1.9803132045092398,-1.773880666813309,-0.6992654871799199,7.136420150615456,2.7490480588030204,0.0,nm
24.46997308731079,109.15299525084602,40.81447952470411,-61.614012489596135,2.587697618006771,-3.140945531612415,-6.147604608579967,0.23145146586632134,-0.46156775950227863,-0.42688383574374955,7.372568088409056,0.669958496388335,0.0,nm
24.473080158233643,95.11163205002502,32.60885327164646,-76.58781999201832,4.48410492845057,1.561597113052296,-1.7054819890574155,-1.348836700474568,0.9936570396092325,-0.7442317311903031,5.045240466801082,1.8331927412638909,0.0,nm
24.504169464111328,82.69578142062977,25.10761377261119,-88.6451238925023,3.1316374198122254,5.65339502548146,2.2470148768416145,-0.6072280670109524,1.1462595073500828,-0.3771032708009128,6.842302543738783,1.3508677434912193,0.0,nm
24.506630182266235,69.75351747744926,26.84504493195551,-91.26477099873257,6.307186537063238,3.649514793086201,-0.8571545707972829,0.3175183152062431,1.1322646463460369,0.504595021425305,7.3371843507237475,1.279631683533872,0.0,nm
24.5177161693573,66.43326758942034,27.93642484051953,-88.3546334332199,5.05467388441685,3.395089828460661,-2.1931911967470903,0.2169284705198968,0.5905902393713743,0.8738142799361509,6.471974246442247,1.0767572558302883,0.0,nm
24.549387216567993,52.79158877245892,32.85590893170919,-74.78600275191233,0.9709023130033332,-2.4862285768538963,-0.8125025071519533,0.1097351066118667,1.349455469599033,1.491696371601078,2.7900079143056895,2.014504882868663,0.0,nm
24.573057174682617,40.10251035721993,36.40729400546086,-74.11188921372268,1.5891651180519581,-2.143309161556684,-2.3950565289247816,-0.07605915839508472,1.0006879379732903,0.5134277746878286,3.5854589261614938,1.1272840922331424,0.0,nm
24.598655223846436,37.85337957938694,31.780654871609737,-77.96957019477487,-1.6859219784585362,-2.6785204578860875,1.092536993934418,-0.5764984166299801,-0.2858249174358387,-0.3445558467928759,3.3481997915117154,0.7299075553542612,0.0,nm
24.60085964202881,43.78727884629287,27.857020410531778,-76.58633535551039,-3.7092899075515238,-0.7005472099857746,3.1062256648061575,-0.5430952848307596,-1.1809833205051554,-0.3275793236093638,4.88858219654563,1.3405156862092868,0.0,nm
24.603110551834106,53.5658753082558,23.05126781484174,-74.62898839725013,-5.902192778096651,2.428766215118596,4.956121112221591,-0.49241656648909143,-1.9542586382931997,-0.4645466505538726,8.080712926253868,2.0681886980731035,0.0,nm
24.63007426261902,75.93657433283668,20.965869170426362,-74.17116138348318,-8.06839903844561,1.7101195281371173,4.028871298055147,0.8075515211124952,-1.783479313519231,-0.6791909410886147,9.179072708089773,2.0722543896585117,0.0,nm
24.632240295410156,82.79851502809674,26.228011974759227,-72.30721805827902,-6.0802812253242395,0.07849388401617431,-1.353976239765557,1.3751153012258446,-0.9024634920546141,-0.1921339466354456,6.2297056693481165,1.6559884962180644,0.0,nm
24.65942144393921,95.36348518678254,36.243592996730605,-66.00023176184295,-0.5098532412179084,-2.942179241203981,-4.834498224699237,1.0426482722889,-0.29097657417963274,0.11003545355256289,5.682318373654552,1.0880673634784115,0.0,nm
24.661754846572876,93.76521599154027,37.148858851126796,-67.03229445153704,-0.33244215149941236,-3.409959511073089,-4.28350361063653,0.06905208179209742,0.3104213385481674,-0.02883579340172253,5.48513854278883,0.3193134829708343,0.0,nm
24.678516626358032,87.25621437998073,35.15626811028657,-70.75159207937928,1.0830190866629,-1.3756366007846657,-3.289870530522696,-0.7469666544725242,0.8397267580728276,0.011311834272830043,3.7267351002044964,1.1239342368270453,0.0,nm
24.68346881866455,81.8122276750806,31.48660820335042,-74.00422029500581,2.971217384956533,0.8897549614881063,-1.9228798606868942,-0.9726825184215183,0.6464286089325337,-0.06529153088956861,3.6492826142676167,1.1697197151861558,0.0,nm
24.705240964889526,64.84486246824333,24.735110815107653,-80.32576437663994,2.523663310491516,2.9697361055123452,0.8286148123073346,-0.9317596382697841,1.7939684420531894,0.31326166899572555,3.9843207135319503,2.0456372278225126,0.0,nm
24.730204105377197,43.37315819726215,24.817398747190857,-81.32818967525382,2.77138453579113,1.5488659145606003,1.1369670328152435,-0.05937866772330042,1.8521370456529598,1.1111073766220172,3.372276960781626,2.1606705126984376,0.0,nm
24.73236083984375,30.28167365928844,27.24287895083853,-80.30056159094786,3.622542163628241,-0.9517409713259662,5.0405225315279845,0.11074109679166699,2.4001138431640534,1.4963086620457262,6.279768307398463,2.8305034292117393,0.0,nm
24.769477128982544,10.839857800130115,29.85371612372454,-80.62186846045603,6.205145386656025,-2.02694605462023,3.9751110682334168,-0.039235869352490786,3.455765117540465,1.9615742419404918,7.642895235620522,3.9738678271550154,0.0,nm
24.772229433059692,-54.95282878506049,33.11876964082499,-82.88724187077833,6.8778471488188995,0.3516724090004785,-4.013695759512372,-0.48443256408674384,3.685707409362309,2.211318793229306,7.971085781478961,4.325395337060532,0.0,nm
24.774858713150024,-73.57420310998255,31.717256112925565,-82.79397257083701,1.9014232301035423,1.2855509060563703,-4.444074725516491,-0.6750237853503299,3.076610706010394,2.021813156493232,5.001784841235598,3.742849046768463,0.0,nm
24.789900541305542,-86.05609879083285,29.021859560826066,-80.24456350841886,-1.4967990058513487,1.049067206355332,-3.425139357241592,-0.8543015632559471,2.042074478084453,1.7784590034066334,3.8823354934746575,2.8395097749124867,0.0,nm
24.812535524368286,-94.05463596533811,25.96759025713172,-76.082561821627,-4.764370631214699,0.5570224669046412,-2.041034898841394,-0.8913858660813874,1.2536138008551834,1.578650923157236,5.212995779636329,2.2041449728022515,0.0,nm
24.815691471099854,-100.52516882035775,21.86299690588903,-65.96051274097816,-6.790240339117526,-0.36079077091245726,0.8539944494036004,-0.37762546121002766,0.1828569506350191,1.1155907292126366,6.8532357586009445,1.1918810043183028,0.0,nm
24.83129072189331,-98.94058138715627,22.400909123336604,-64.15378341728855,-7.474161355355526,0.28246302673949114,1.0378420714843855,0.2235659749933069,-0.23270549211100114,0.25054431601692434,7.551158155720736,0.4085413632935099,0.0,nm
24.833473443984985,-95.2720241832057,24.622178163735462,-65.12038081591479,-7.748146544865412,0.9858279349851804,0.9106311089399913,0.6918225599464354,-0.4303411177099312,-0.4787737221610838,7.86351579223163,0.9450059307087182,0.0,nm
24.842727661132812,-89.26398356588952,26.755944508893997,-67.31135708339225,-5.221193646272391,2.471100813373636,-0.7659298310276687,0.8280311703703106,-0.8327530993335188,-0.952966659056836,5.826993292238211,1.5123686048144334,0.0,nm
24.852883100509644,-85.03892283236178,27.300818499123295,-70.35009721542579,-3.7467100580905415,1.8530966784028648,-1.0897953185048328,0.37245602483482365,-0.6764291832973739,-0.9864064500777047,4.319659407307434,1.2527081125334067,0.0,nm
24.880744695663452,-71.72436647681616,27.02124469337386,-76.25715460233037,0.16629563720957707,0.5091891028165231,-1.2455850771177732,0.43021772892470295,-1.5821529609110234,-1.418045150606008,1.355879775540783,2.1677516774662786,0.0,nm
24.88748335838318,-64.08961123652534,27.82445940630104,-79.59776937693209,2.957223010908488,-0.47329472020354224,-0.20653973916726112,0.43389812633924174,-1.3059450333858598,-1.3685631309130348,3.0019717674013013,1.940805260081595,0.0,nm
24.915161609649658,-49.79525065904428,30.119352126393487,-82.77696948018158,4.917113742116913,-1.0149579938278601,1.8811952888088423,-0.0507605377186276,-0.43635391096533177,-0.11973244769709725,5.361626898319824,0.4553210151483929,0.0,nm
24.934049606323242,-54.27006974898703,28.6621547219126,-83.10531496206545,4.763145041059538,-0.5139896905342815,2.1995571980199253,-0.39495682204077703,0.7283256201866397,0.37600865471500466,5.271602028938344,0.9098525203116112,0.0,nm
24.937116384506226,-72.60950223897783,23.097300286183117,-86.39775536723495,8.136766246186648,2.003496662376898,-0.07777105271096485,-0.8215533813110522,1.9056057445698975,0.6001623678408949,8.380155855225933,2.16020324966282,0.0,nm
24.945478916168213,-84.37832207124801,19.761722298997714,-86.33440268055713,6.888361268072287,1.485886681704611,-0.9633753823773666,-0.808939009926291,2.1363006182077102,0.8812260781404365,7.112346470590161,2.448412149522614,0.0,nm
24.987740993499756,-105.168316081444,21.962948139993053,-87.37516892846195,-0.12249340766782361,-1.201923153632492,-2.064227558568559,0.5020123566653469,0.88944051185303,0.08054771070357783,2.391789981523015,1.0245041552232292,0.0,nm
24.990077257156372,-104.93194890577865,25.734255090766386,-88.70082732428517,-0.8557811603773172,-0.921196923384927,-2.638227856764895,0.7548993195795836,-0.029488416624470964,-0.2764504544930099,2.9225350965079775,0.804467154833638,0.0,nm
25.007630586624146,-102.44894197056699,29.094977262160445,-88.61992472528249,-4.966853139072059,-0.7452877934538744,-1.3050301917207978,0.6810387478490761,-0.4379190522907035,-0.20552303010164333,5.189237689823442,0.83536015486327,0.0,nm
25.01287841796875,-96.79986556759314,30.842803497999903,-85.50443146137023,-6.774438728748977,-0.6183290528275667,-0.9229778557026042,0.39664103890324415,-0.9730394557462251,0.06485808849265452,6.864928188208677,1.0527756018373886,0.0,nm
25.015161991119385,-87.78669695665006,29.762683028430448,-79.8797279405913,-1.8809735533346539,1.1759545304335979,-1.3599438787811842,-0.0197053493165443,-1.584993551651839,0.2198199278248549,2.6019949883553024,1.600285493353771,0.0,nm
25.030284643173218,-78.0619432684866,25.8099673636687,-74.87545406022076,-3.792275062744266,0.44071544905385307,-1.0695199387656058,-0.3986898286736913,-1.865916157604458,0.09742038705317987,3.9647765583906427,1.910520195787219,0.0,nm
25.051817893981934,-37.135607869730016,15.941278630548492,-80.48747976101652,-0.5874291067649343,3.646882670502753,4.057788595515476,0.43073190807727696,-2.694565267336017,-1.9533185300664102,5.4873011994771534,3.3558404664808363,0.0,nm
25.06382131576538,-24.278078242672144,19.836887524560506,-88.8129039634437,-0.10113235890014977,0.3451190000384314,5.5433628366143575,0.9918675618053808,-2.3795407801252106,-2.4534775273185834,5.555016329099439,3.5588716697147085,0.0,nm
25.084958791732788,1.7225945834625664,34.10380835739935,-95.80265369312866,-2.9900175392861783,-3.8226936789563593,-0.6370693385817632,1.2441780155310556,-2.6717347182609856,-1.6716944434222951,4.894798176690524,3.3883192959431794,0.0,nm
25.111260890960693,36.84865848605008,35.152107024651016,-81.91069933511866,-0.09499615192354624,-5.688940048285008,-3.3377082523462676,-0.4806265430273499,-2.7394877413566228,-0.3511283340388206,6.59646568395847,2.80340615428277,0.0,nm
25.113561153411865,44.704428485806666,26.682687102970473,-77.76964784006931,0.994730293323112,-1.495585978822835,-1.7393182427158997,-1.4327503835100837,-1.6304004984401361,0.004894001943985895,2.5002987273424884,2.170484599811103,0.0,nm
25.123074769973755,44.9336379427823,17.57622753189777,-79.63049895545183,0.8850643351602916,1.185529974748831,-2.973411084156283,-1.7843007007609548,-0.40348803679765294,-0.4015419652767861,3.321143428667924,1.872903504309072,0.0,nm
25.14203929901123,28.892083005640067,9.80105090951516,-88.13222433975506,1.727448889992723,3.992012898968836,1.8305804997186592,-0.46972278787092503,2.4785417688824802,-0.4001630135076225,4.719244814482597,2.5542003122151224,0.0,nm
25.144250869750977,12.9459541418062,11.023329673570771,-91.3387338232696,0.4021736507924163,3.3837162261180755,1.357969207234392,0.21858434364346058,3.1363662744421412,-0.0695023225204417,3.6681547830051087,3.144742134989744,0.0,nm
25.156097173690796,-2.4451106078517846,13.266991486294677,-92.40961701063704,5.319765439038181,2.313399961814919,7.183188379030339,0.5331798230036807,2.9917634929420682,0.42929161212014333,9.233088269823206,3.0690749110433706,0.0,nm
25.187777280807495,-44.235498066535726,16.4227462173804,-89.71558426049849,10.617980024688483,-2.171659912546924,-0.7947727204213945,0.4004628508482792,4.088936317510095,1.5740830802087717,10.866888711014436,4.39971683713419,0.0,nm
25.193257093429565,-65.90133912536238,20.900676364162262,-89.95095874308325,10.003910036202798,-2.233986528845547,-6.078716679150176,0.8650425772426688,4.104248754169469,1.347343936084487,11.91720220055366,4.405507028555046,0.0,nm
25.20517373085022,-88.23029127332107,22.940447997826816,-92.63812137789452,0.692573152091096,-0.6624453248290244,-7.713473470773279,0.49108973087922425,4.124849239455233,1.1445794831450817,7.772783565988982,4.308783188470511,0.0,nm
25.22465705871582,-110.15462657519338,17.08585863422525,-79.92859220489953,-2.1977758099105253,1.652763193197555,-3.9116610903624456,-0.5645031298221298,0.30635388847101686,1.3521038483952788,4.781520382605511,1.496897226066511,0.0,nm
25.236423015594482,-115.48224294512578,15.039217028642572,-73.4538698203356,-6.985083169274794,0.0146464312475248,3.4304796239327575,-0.632243813654673,0.8939537020314671,1.6005419903066522,7.782017209557694,1.939231838645176,0.0,nm
25.24770951271057,-116.72331726548126,15.415972728097268,-68.8001175758138,-4.612314928223044,1.9362918423523916,0.6223124998347702,-0.00212322158422159,0.24178467788297536,1.0070897571036594,5.0408281009493034,1.0357094753800304,0.0,nm
25.322141647338867,-124.33748987932861,23.100920565833285,-74.94607434976618,-5.654897101334209,1.8891027802904985,0.9879601749372549,0.6876498533119595,0.9737471681857428,-0.7718083725708417,6.043396052588427,1.4201176121294192,0.0,nm
25.329262256622314,-138.93308719708534,27.65176581308379,-89.99700998805804,-4.624330643917923,1.0984221864177608,-0.3628647301697621,0.04976508680453917,1.4759374252934883,-0.7201937551939505,4.766826619072095,1.643029790438079,0.0,nm
25.33398675918579,-153.57313369681705,18.580749267849423,-84.0312031918228,-1.1640003571732271,-1.5440790069748962,-0.6277495146003753,-0.24092079956940007,-0.42717694671298834,0.5939206922229241,2.0330140836602655,0.7702368233983283,0.0,nm
25.35038948059082,-146.93910942798163,17.300913272962255,-82.42958690961078,0.1808186556283638,-0.41012889508082656,-2.011164981564116,-0.09739169453508494,-1.2937223306790029,-0.08097118289152089,2.0605061707923276,1.2999072826631826,0.0,nm
25.360377550125122,-120.96162040583853,16.30665767813738,-86.16188131611345,5.964983002093386,2.950852061129267,-4.016327323121145,0.2774137638865841,-2.893989863696082,-1.3666900733816272,7.772993970690015,3.21247217641636,0.0,nm
25.377033472061157,-84.02914482593036,19.320055864176705,-87.98992433659178,7.901615978460547,-1.0798580820608472,0.30851577413943226,0.42750036089056165,-3.474497388868907,-1.167771321190477,7.981028162545726,3.6903358278635516,0.0,nm
25.39356017112732,-68.4425628046036,20.65255264591162,-88.4422484550549,6.635437913182779,-3.052322395118142,2.4905130210161195,0.34790425460640695,-2.9338490800607855,-1.1512174140016707,7.716758607815461,3.1707742476006473,0.0,nm
25.396059274673462,-55.7055520128967,21.871710942699675,-88.96492790200327,3.6140919061747425,-2.329134555037767,2.1732784047706724,0.28658015633791944,-2.380622595745841,-1.0258717440752358,4.817641238862781,2.608046196806011,0.0,nm
25.41073751449585,-45.77911337290007,20.136191290414214,-84.76395163295537,0.9826685425545464,-1.7604745933728616,2.440658361306775,-0.2726710489092207,-0.34193916419422216,0.414194345059619,3.165710267073456,0.6023527607660354,0.0,nm
25.42731285095215,-46.488342040903575,19.419945087146008,-82.47839643473267,0.20670059652904188,-0.4259085813405171,1.8261813837547185,-0.16780482317736473,0.1069497204263442,0.5076804130232547,1.8865475617214775,0.5452853410356108,0.0,nm
25.431638479232788,-48.386175505866625,18.926158024922245,-80.46292158019612,-0.28181186633409566,1.206116190149856,0.6672343731349933,-0.16087978839394673,0.32999230782598954,0.5307880905063327,1.4068887307961342,0.645378359229191,0.0,nm
25.457385301589966,-51.6857786493509,15.343708500107212,-76.61435929598002,-2.4881816221732977,1.0011777428039321,-1.1580958062317235,-0.4403769457528779,0.03988062698262612,0.3656681282320939,2.9214021554757617,0.5737904659053892,0.0,nm
25.463804006576538,-50.989483264710394,13.662172023613625,-76.74636586535085,-4.194452994414962,1.208464256819347,-2.424922743956776,-0.30542694157317074,-0.21980612749959638,-0.05768969829225083,4.9934028574235265,0.3806946960678081,0.0,nm
25.479026794433594,-39.270731364917566,10.615893986704195,-78.04823534571062,-3.9423722927712976,0.7973271009656094,-1.3075024545524707,0.08045250199624526,-1.6819097655906072,-0.44270361799354785,4.2293725857869005,1.7410570232048932,0.0,nm
25.52665901184082,-26.11193216931123,10.846514347877786,-78.8833241842254,-2.240349833972326,1.6953128387737626,1.4846092586897395,0.5521284898731091,-2.537649504567371,-0.6581440301609812,3.177627676566007,2.679116354658215,0.0,nm
25.529112339019775,29.138692626182618,16.41897199938314,-79.723798644716,-4.785501778043976,-0.5087272369318417,5.008354065421506,1.2042072251307168,-3.700877607646647,-0.9910940012671949,6.945749859725909,4.016077368177213,0.0,nm
25.531334400177002,47.960117271975435,20.111833208607045,-78.32945710752088,-5.083871338573298,-1.8030981899049026,2.2162622537968635,1.3977705051941562,-3.3781413238904965,-0.9186856675235414,5.8317003735797455,3.7695602588472488,0.0,nm
25.552239656448364,79.24542215201596,23.50166448149588,-74.57448442838722,-0.3574205691472796,-4.124432183526688,-3.276206580061796,0.7337490374534955,-2.555953028669615,-0.839737266465896,5.279414726558286,2.7886272987656353,0.0,nm
25.575897455215454,90.07581089213365,15.242889544602347,-78.22654098949273,4.386030283916854,-0.2558178124086074,-1.684348025575559,-0.91136320840711,-0.7364682525143639,-0.8303488140906311,4.70528773571198,1.436122396476491,0.0,nm
25.587260484695435,82.00876198720624,7.198739391560994,-88.01077027724278,4.446404091635839,2.646353818593041,-1.1233796992472054,-0.6604172829512966,0.9743177803448688,-0.7864205751495966,5.294872975622611,1.4155929661225177,0.0,nm
25.604880809783936,75.25148048046701,7.051521415062506,-88.86685243973683,3.098719541057454,2.9175090224527915,0.47442878182869513,-0.06398561669044836,1.3354402254154176,-0.01643227983846675,4.282406374837892,1.3370732121396824,0.0,nm
25.607074975967407,65.62056031532366,9.145914140596338,-86.78923156823578,4.263413534474735,3.00950324023478,-1.4177634208283294,0.3462084132675159,1.9188139786048986,0.6730560114664776,5.407759040153771,2.0626952621456067,0.0,nm
25.61518955230713,57.01719664226415,12.583022106307826,-83.90554635311832,0.4698423239162226,1.0513109464376678,1.2286039358665697,0.5464262087540964,1.7381057636330657,0.8870657151693624,1.683886619303535,2.0264448747046613,0.0,nm
25.632084608078003,27.231340732220545,21.19568998565696,-80.55276548429424,2.6347087748392894,-2.6069912989598327,1.8779019667067127,0.24796221831210907,3.426969633874649,1.3340208488621246,4.155070367349795,3.6858130389926225,0.0,nm
25.649494886398315,-0.7845422043247549,22.195001104461703,-81.00383838186748,2.9239270823174173,-2.2121114558420385,-3.3431110658569874,-0.46997140051870234,2.248215249363623,0.8479622694741715,4.961771687052143,2.448343304201524,0.0,nm
25.65906858444214,-6.925753043231989,19.22392329076731,-81.39311764946405,0.748944551726143,-1.1439280615903822,-5.136415211477875,-0.774452703443284,1.0386457202890242,0.3513786010492703,5.315284618565172,1.3423966788623471,0.0,nm
25.685325860977173,2.564973215820592,9.461896896893277,-78.52692854527636,0.156558732301681,0.6779115691374255,0.06550935270842775,-0.6784868690878805,-1.6076413910341336,0.11459058049970053,0.6988320309792282,1.7487098886979788,0.0,nm
25.68793821334839,16.114791466472887,5.9598024345414835,-75.62872578747208,-2.220344777343684,4.936458648987959,1.6533006339814793,-0.08652097058153528,-2.786365019139545,0.20465950093114607,5.659678251435232,2.795210441014464,0.0,nm
25.69793438911438,36.909657459079135,3.4019432190722814,-74.76413647671104,-3.4077028940738505,6.8111274851499495,7.784393647889713,0.5667588845488892,-4.150951380200108,-0.17985837399093937,10.89039398270559,4.193323506324661,0.0,nm
25.708410263061523,55.4596881230377,5.023284631649078,-77.51572656829319,-7.091488783629789,4.410741942124702,4.954200388118536,1.1993040175491188,-3.5274452513635994,-0.8319415941673578,9.710198717533999,3.8175027104093573,0.0,nm
25.71607732772827,71.72889695321577,11.95571467061218,-77.3373619009866,-8.84744008083548,-0.09750332207469141,-1.346317690770736,2.0618183420119536,-2.842595879853581,-0.5523947586594814,8.949819786245529,3.5547976287001126,0.0,nm
25.724843502044678,91.87204309947184,19.21309936133766,-72.38397915823629,-7.0294356113882825,-4.105391657547259,-2.450596860315252,2.4212372905148536,-3.3686368678160985,-0.19484061267698222,8.50133111037909,4.153079246599793,0.0,nm
25.75715947151184,113.6092222600604,21.656130908814816,-62.58192651097061,2.0502624208808,-4.122666525767736,-6.912173350637656,0.3313266539438498,-1.2180799125077224,0.1693544045092162,8.305305274728148,1.2736471015140416,0.0,nm
25.761508464813232,118.35257982613308,17.318532118997894,-64.8256708212493,3.7407683965725225,-2.2737987475588355,-1.9199179227726815,-0.3710767509676404,-1.187838136249469,-0.7747518849004698,4.780124869852216,1.4659119605877236,0.0,nm
25.766281366348267,120.68834467133841,13.196596234916333,-72.12203367624572,3.9914388680436126,-0.3830367833945506,-0.7697083496043887,-0.59191325372692,-0.7256366193736253,-1.5916445558106154,4.082983266952392,1.8466841081666199,0.0,nm
25.791707515716553,120.30667418389159,6.994258164271577,-89.15816772037662,4.639471175081978,4.295537022472265,1.597560754065667,-0.5701934376547616,0.22503672261559593,-1.4625462590633804,6.52139030106137,1.585813243345638,0.0,nm
25.79852533340454,120.08071184920217,6.235706132926113,-92.1369498847498,4.581811577272143,5.327556604412248,2.429812265868465,-0.14183616176553634,0.039691793197285184,-0.5991743306940741,7.435041650872337,0.6170111942212128,0.0,nm
25.820430278778076,121.60407338785706,9.9943854932391,-86.0235565612097,6.446022348470538,0.9472925022180047,1.1801748572905593,0.48211749056410824,-0.32314191957818883,0.8229451224870754,6.6212823452501155,1.007023658868935,0.0,nm
25.82414937019348,126.33764852792446,11.217955831498548,-80.50115551801419,5.447011953862815,-0.23659835379267422,0.4730488778919094,0.36454861524138593,-0.9005147924913214,0.9231182382090375,5.472631291016836,1.3401380026266911,0.0,nm
25.830876111984253,131.87779706585226,10.5188225126559,-75.30315920195277,4.635682703231851,-1.5885945034174414,-0.7025299864951783,0.10426845032532006,-1.0975802056338548,0.824618855224812,4.9504277596240085,1.3767899164087374,0.0,nm
25.85832977294922,142.32854662058676,6.3487974847739626,-72.8430861870403,2.894640378416315,-2.621932345491902,-1.4360217141126128,-0.08587957630374309,-1.1145173423631665,-0.20839668544880424,4.161205415273048,1.137081081788108,0.0,nm
25.860350847244263,145.4211049586841,4.83257619562421,-74.60494693072889,2.6741314346942193,-1.2064669114165687,-1.216744679069529,-0.10519496795398726,-0.680228731431761,-0.4158286443613627,3.176005187717238,0.804170734247095,0.0,nm
25.89160132408142,133.8810817074204,7.88209592515704,-76.5516133562262,-3.8804418575836817,1.1185593864607553,-3.7211333920672285,-0.17936157488847748,1.9489235028384682,0.3509701952592341,5.491433131040085,1.9883796097382775,0.0,nm
25.89655041694641,121.94314011926213,8.248011519746557,-74.59386806829454,-8.514937626360222,1.1276016247833875,-2.1995878048792243,-0.5012941228296238,2.307932344219527,0.7756751507989437,8.866444310792946,2.485863922793267,0.0,nm
25.92777180671692,85.52434563858058,9.702386627772695,-75.09924927019362,-7.689607401934698,-1.1656328094848671,2.8399990091769385,-0.8881554001688208,3.644053733006247,0.53266240812416,8.279755806457246,3.7883607094513096,0.0,nm
25.92994260787964,70.61633206939146,8.78750019487219,-75.5722419799952,-5.995003977130795,-1.7527427867520964,5.112418106851676,-0.9032867546009877,2.804632071702838,0.5066113308363099,8.071492975998334,2.9897396306691117,0.0,nm
25.998268842697144,51.42472467271332,5.705583910587335,-75.52024859169106,-0.16198332618755792,1.7037426691072062,1.1927210792444625,-0.6768142984428547,1.31123744886486,0.2520890984506885,2.0860396097326164,1.4969870258088414,0.0,nm
26.00210976600647,50.1856597326311,4.482459828003175,-76.54553244302583,-0.3765567233392545,2.2682032514751373,2.342982775860708,-0.2985694727276534,0.1747204219944359,-0.11308509907520668,3.282698469837632,0.3639494409112783,0.0,nm
26.00516176223755,54.987933325388234,7.274557908798418,-80.77205474222167,0.0475858439835668,1.521691734910349,0.32121931138829357,0.578010821658716,-0.6138193108451402,-0.5870518501607399,1.5559537250994535,1.0273755550421348,0.0,nm
26.007914543151855,65.02583340848584,12.935200799800715,-85.5962167395018,1.7332123553169072,-1.4765856300857179,-1.328260721352681,0.6079728625312613,-0.7987626156562028,-0.6115979902229941,2.636021004371392,1.1754594078015626,0.0,nm
26.010977268218994,64.30844622978847,11.448330013074406,-87.32036451799236,3.237717909773918,-1.8271680457508235,-1.9083474257306825,-0.46403680903649486,0.3304185530667304,-0.03465663969127061,4.178893421466572,0.5707080365880391,0.0,nm
26.035027503967285,59.49723195323035,7.371366333138448,-87.45615109797713,4.19434930283464,-1.5261634681463534,-2.5415545472618155,-0.8580022359521718,0.9083258478989673,0.16082872028884737,5.136267177863818,1.2597974282121918,0.0,nm
26.059876203536987,40.885935271680424,2.257069879248123,-83.96631130042209,3.26246300554423,0.7993309463309369,3.956568270802379,-0.503250917403983,2.426554122520502,0.639759035573047,5.190089335052638,2.5594370511865594,0.0,nm
26.062474250793457,22.3733702884356,3.5977639554030505,-82.93238490936398,4.690112984711097,0.9996861034179484,5.491099339619416,-0.14080804436402417,3.7025913394459806,0.5372054147551772,7.290315773153545,3.744008438817985,0.0,nm
26.066055059432983,1.6470222731992998,6.959552757613511,-83.64815425638682,7.4798425907014074,0.6872380679042741,6.142026419054819,0.19631192592492155,4.174546073287224,0.387613886902014,9.702825870642785,4.197096355288667,0.0,nm
26.070935249328613,-20.321038423490712,9.582685699003294,-85.81667634984736,9.470799048740867,0.43437766042566706,3.2490926171443837,0.13415294410982745,4.3745163264909,0.35200410981754143,10.022041778414712,4.390705751525284,0.0,nm
26.081973791122437,-41.65955937344255,10.052329089800313,-86.60859301780255,8.338480593342252,-0.9849411973128659,-0.5679904284542192,-0.1966601958588076,4.199144773403367,0.5743697543768062,8.41563906631725,4.242804812312123,0.0,nm
26.087589263916016,-60.22787425832001,10.381075989651395,-86.94180832780913,5.65810147681801,-1.65452883231995,-4.121225671227577,-0.15019791665065388,3.6482515940746385,0.5993184412899959,7.1927796443470555,3.700200224569558,0.0,nm
26.107736349105835,-85.86513233012774,7.597919639668472,-85.18869000366074,-3.0758336698165794,-1.4136285628278449,-2.6216880607858655,-0.5908990050153424,1.8221780896053001,0.63815180233827,4.281628985104524,2.0190919610541083,0.0,nm
26.114203453063965,-88.21835652566239,4.465662781176323,-82.49959170645957,-1.9401679584099725,-0.6753340986479391,-3.6673117031456073,-0.6784443641254508,0.3897834602902663,0.5980969648516276,4.203510792143405,0.9848542432736784,0.0,nm
26.14090585708618,-91.23836623880167,-0.7226146518057845,-74.77873107041084,-7.672372810099222,0.2529809138070514,-0.2984826148259446,-0.39117558371619937,-0.11091070401223403,0.925362181048297,7.68234311595452,1.0107495672394127,0.0,nm
26.165979862213135,-77.27667515106175,1.1096590873865202,-72.06420817121813,-8.401374303966925,3.899796881245694,-1.889074416202513,0.8544198861433719,-1.5474200222261705,-0.06489044400199355,9.453047554110803,1.7688280970027785,0.0,nm
26.1682186126709,-64.69202054639761,2.2603827894682826,-73.81350558916817,-2.9795851666344264,5.5232463626326505,-2.3273021320266274,0.951770501844707,-2.3508509417219345,-0.4150562432094158,6.693318561169668,2.5699492063859446,0.0,nm
26.202290534973145,-40.14522389470129,4.069275512982777,-83.86011798969662,-1.4323390285956996,1.8081420515939217,1.301277198261015,0.7065187330606868,-2.4494528113667275,-1.3401820908622186,2.6484514566619466,2.880117329545078,0.0,nm
26.204825162887573,-23.90592256426803,7.8814703460838995,-88.83040182556255,-0.6424980099911182,1.0364900014341996,2.453198655148659,0.9515106718722713,-3.189715424300673,-1.3276997766075065,2.7395800513105657,3.583635548365942,0.0,nm
26.226115703582764,9.145180249054404,14.781151948601181,-89.69273583492878,-1.8903682059901121,-1.9007573763306433,1.6573406990424209,0.5621722936088213,-3.086648382848477,-0.5292729452335713,3.1516898246172715,3.1817551410501,0.0,nm
26.228529930114746,23.010420918456724,15.598046656092516,-86.75272338689558,-1.8227283654004267,-1.8217778184158497,-0.1934557755754798,0.23771970635401904,-2.6784121930078992,-0.15243005787874142,2.584306144947002,2.6932577776713726,0.0,nm
26.26039958000183,33.76513371936596,12.855421905822977,-84.47785854157583,-0.9955787018934216,-1.9345985859985124,-0.7741588901443364,-0.39249722009458526,-2.129167085475282,-0.08699285192277711,2.309365849708691,2.1667889380230236,0.0,nm
26.26400136947632,39.95938168364753,3.4719645548333093,-84.87471816403857,0.6749093148917138,-0.736998143704228,-2.0981614206765253,-0.8832435334780941,-0.20666721231810417,-0.3299724181365037,2.3239944480067964,0.9652524399394478,0.0,nm
26.280919551849365,35.38098142486292,0.42912352678748383,-87.05451447478794,0.5338055011214458,-0.04337259945663573,-0.12296928485353502,-0.6788920066997078,0.8632443569148656,-0.43380198965862415,0.5495006282330653,1.1807918287055925,0.0,nm
26.283543586730957,23.289333347237186,-1.3324343581446374,-89.61102913534992,0.8352280215687248,0.9886816635163379,3.737840650435036,-0.4234763144910414,2.404173298479179,-0.4732962407219203,3.9555720203065006,2.4866424691814206,0.0,nm
26.285911560058594,4.734020852716629,-2.670554558313167,-92.0034981597788,4.010149853453126,1.161300343423961,6.589393175472818,-0.20605789620444637,3.711595893098082,-0.4974853259764808,7.8006424578847655,3.750452716648042,0.0,nm
26.291226625442505,-16.845660680617087,-4.165284911499104,-93.25614097821229,9.239035049615406,0.9766914597453781,4.478176905776896,-0.08549555786332415,4.317463770243557,-0.37664070467970784,10.31347483901498,4.3347042711356565,0.0,nm
26.313520431518555,-60.8642675383319,-5.822723747484423,-90.8180712651916,10.047834776460691,-1.8190310265064586,-4.008951547875812,0.13102189333841124,4.3853440302157916,-0.010388912569877217,10.969938472191258,4.387313178858747,0.0,nm
26.36394429206848,-82.04363105775022,-5.572014062478754,-90.87229572036854,4.765724845974442,-1.9401094295093695,-4.701551987541872,0.12071655742778588,4.212051486774046,-0.3371441572905952,6.969989167679403,4.227246905169824,0.0,nm
26.40647029876709,-108.43348578417046,-3.420493099690567,-85.9818883907464,0.3655758830572596,-1.3097641324198779,-4.733983908737297,0.1285065407075415,2.1507372079048035,0.39314152327411706,4.925416881547221,2.190147192723143,0.0,nm
26.46164083480835,-117.89303856313745,-3.8584597936412086,-84.52461703161984,-2.429186750738672,0.14666823658883224,-2.8793623196593736,-0.24222763103566716,1.869688502131409,0.18373657015730407,3.7700380912482294,1.8942461422562573,0.0,nm
26.469125270843506,156.83066895904273,-2.7717834742898524,-86.06118749750223,-2.7202186763316027,0.7062315062325368,0.3825552294124676,-0.2052418621629784,1.6248543515849072,0.034161165258422284,2.8363182280924617,1.6381217509881092,0.0,nm
26.476608276367188,150.6134189188282,-3.1338272714860165,-84.82148431301282,-0.4046762202355917,-0.15549374332787103,1.9398246168114717,-0.15796718425354583,1.2267362865510052,0.18310678354907634,1.9876772100685896,1.2503454091664559,0.0,nm
26.534478902816772,156.6697965156717,-7.2345558801342955,-83.49266749499327,0.7548590588525097,-1.2342998345771532,2.2802674097230113,-0.22029323540194717,-1.169914317169285,-0.018149646918905023,2.700542119688892,1.1906124595202308,0.0,nm
26.537415027618408,-177.58954498478502,-10.152850920538178,-88.32113503541613,-0.20537932793575572,-0.5273688944554675,-1.107392064031766,-0.05438707733849891,-3.2012532662275,-0.01936472164219298,1.2436300907677733,3.2017737929400854,0.0,nm
26.539937496185303,-156.34991935256397,-10.003850898417879,-90.91735207029458,1.9268151998496252,-1.0000189306639453,-7.346518225222811,0.0656579099679742,-4.190219750926597,0.2401985597045152,7.660547285252453,4.197612162918443,0.0,nm
26.58779501914978,-91.03260173247932,-1.3722517223628492,-90.60314180154886,7.533850801765333,-0.46968066509629325,-1.3501593769931926,0.5979276019545786,-4.348362749677543,0.5434601555001329,7.6682747847027555,4.422796056860255,0.0,nm
26.590087890625,-71.82579226151843,-0.21973690199814927,-86.16068682723845,7.542473684302319,-0.0318189058458242,1.3598114211841068,0.32912884049074004,-3.84644271126518,0.9437898628986637,7.664137839466679,3.9741900596219706,0.0,nm
26.592685222625732,-58.257473466678675,-0.918244283614467,-82.7977960998835,3.6588245777245945,0.719910044877536,2.8527597244887977,0.11334147262595466,-2.7266758696026985,0.7041931170333464,4.695051204081009,2.8184207516564648,0.0,nm
26.604456663131714,-47.59089527844458,-1.930431290369772,-81.61132343427896,0.6882583888099596,1.692347464362123,1.5527345210246435,0.07912735104700352,-2.152040210383731,0.2951253246770077,2.397649691402357,2.1736230496702684,0.0,nm
26.60744333267212,-39.94271281390276,-3.7314743440127502,-80.99303353879435,0.2739502114303966,1.7684980950912064,1.65405279972739,-0.13537790206709588,-1.5757464056695958,0.20305298251604087,2.4369088811381525,1.594532666663621,0.0,nm
26.615008115768433,-35.8472409210147,-5.4235127696409124,-80.51345078126502,-3.082431516734103,-0.256899107647119,-0.23373120705497613,-0.21378732417827392,-0.8704949995290777,0.1646033016645108,3.101936731143459,0.911351091019972,0.0,nm
26.662028312683105,-29.646135575410423,-5.426730880917613,-79.82600029870447,-3.9212452655465944,0.34384093024695433,-0.6448949563930022,0.19956485811283087,-1.2277013009372568,0.2568664721695864,3.9887692992533177,1.2700618100870036,0.0,nm
26.664682865142822,-10.790565933996625,-7.065834364317715,-75.47428964440292,-2.3898253406159724,0.38054438217667713,0.7059099510795035,0.13949793943784214,-1.90082338510404,0.7074958099306948,2.520791154477011,2.033012429262368,0.0,nm
26.66970443725586,27.60180341357058,-11.721316831911828,-72.1200728501368,-5.081779893400223,1.8002175924334611,3.3105282454945573,0.4385894405984995,-2.841274073495032,0.3939586529066706,6.326520965688092,2.9017929764749923,0.0,nm
26.697833776474,51.347052476171825,-10.086517171475192,-75.50956477232864,-4.954838101855833,0.5494520937951918,0.21047532959651197,1.0169141704020075,-2.0439876966210186,0.15642163366408718,4.9896510983581805,2.288332987434443,0.0,nm
26.72228741645813,59.84316074948638,-6.347690470048526,-76.61657642439913,-4.00675716763249,-0.046908231114782706,-0.4072400733491198,1.1317710307764546,-1.4634075313138375,0.010403415456615878,4.027672759778535,1.8500204052561209,0.0,nm
26.724713563919067,66.07655849884111,0.3375928090116263,-79.49208480897128,-1.6635715281842007,-1.8347122952919348,-1.6748692996678562,0.6410637105741804,-0.26869305415409994,-0.28535186756017533,2.9897870504185433,0.7513882662684284,0.0,nm
26.72809648513794,63.52606949105208,2.0257455514692295,-81.84553716023187,0.6910934628145811,-0.8811125484243612,-1.9952681899253082,0.25109816331521023,0.5517345030883546,-0.47334770353533917,2.288026365028108,0.7691029176648629,0.0,nm
26.7401704788208,56.581503955332444,2.355018046024428,-86.18639312401305,1.040007670128195,-0.2975172712942724,-0.2292794817914174,-0.0812340873647697,1.3821945882766484,-0.827464751524815,1.1057583648403513,1.6129968294535686,0.0,nm
26.803534746170044,21.14126427963554,0.20522061640250006,-94.33859225494005,1.7134317498379226,1.2767432564767858,4.465828813744586,-0.1041382107487914,4.155404190861525,-0.6214394367134608,4.95071193849763,4.202905629427126,0.0,nm
26.820303678512573,-86.61747391174322,0.16647647785879927,-88.97932717479164,3.4965496231299924,-2.414160595941583,-5.975687533848138,0.6806575609769733,4.071439945695356,-0.14749666240424128,7.332316970248597,4.1305778302967875,0.0,nm
26.822922468185425,-116.7089535402813,1.4167411780877022,-87.88532478200338,-2.1561081101494923,0.19882742974628978,-4.918569829424231,-0.23024542796853334,2.715158727148787,0.37214429420499456,5.374073287218387,2.750198401283436,0.0,nm
26.83800220489502,-129.73351691760092,-1.9577763615120618,-84.31045837202844,-4.783823613028422,1.860904816870073,-2.6487309817962705,-0.8451581117700652,2.5494443952292376,0.7122037119631592,5.7761328682732,2.7787034900454235,0.0,nm
26.85561990737915,-159.78629106385037,-4.809307470738486,-71.46084456620153,-3.6691501585440194,1.4865186758733078,-1.9340496539668044,-0.9060647296741025,3.1374562019927463,0.9375725354829987,4.406012792045985,3.397591348746075,0.0,nm
26.86173391342163,-172.7444249122607,-3.9139543360149602,-70.61476380724999,-1.6755147569275988,1.1228912448063748,-2.1588741973941934,-0.6591050272178834,2.5006272013965036,-0.021619969732643757,2.9544834148323433,2.5861212771947177,0.0,nm
26.892250061035156,157.00628888941236,-4.778099483968726,-77.66158535565917,-7.650761223828615,-2.4181629794219064,-1.9875559324379775,-1.1775547034323008,3.7546007001245534,-1.067524519743316,8.266319500458202,4.077164467764885,0.0,nm
26.894729375839233,138.6660270617783,-7.702033925924987,-80.87549401612472,-3.661239762499901,-1.2755830033455053,-0.8657129649223267,-1.2376228770189481,3.4727439982545767,-1.0394960882098918,3.972561835210231,3.830432531782476,0.0,nm
26.89704656600952,127.85549945420264,-10.534389915327976,-82.44279155940664,-10.397467772512154,-0.7687281535070281,-0.24864149969189,-0.8578313409371494,2.0254888105394344,-0.6600440516043776,10.428811133096247,2.296549080941403,0.0,nm
26.92119598388672,98.5687905627858,-7.123913317198943,-82.79237226143564,1.3427111791944688,2.4330471952032595,0.6055897170631118,0.3219656168172918,2.73230203241405,-0.5221240542729416,2.8441749014842297,2.8003124437813898,0.0,nm
26.954142093658447,86.93936098285896,2.6851198676745125,-87.41576389478124,1.6947233333226677,0.8040073792776462,1.9094420176627322,0.8971559487924846,1.490971992902882,-0.5060014915239232,2.6766553497335304,1.8121599790026732,0.0,nm
26.956268548965454,79.37854182408678,5.612752940729541,-89.54119229833982,3.4833919278441967,-0.382389949818206,-1.3911066416452915,0.5479750728759161,1.5189412802008355,-0.32828018342699844,3.7703340813675545,1.6477946389105598,0.0,nm
26.958489418029785,77.02424622645701,5.218833925464964,-90.03892960545276,1.7398050392773758,-0.6673963554141171,0.7085606332475098,-0.07829006086696841,0.46273425407978686,-0.06791935920719738,1.9935891354296427,0.4741997078072135,0.0,nm
26.974907875061035,72.3798698702514,2.179850853898654,-89.46118008976744,2.506882338397785,-1.1309919763110121,1.5861334973768852,-0.6109185583090734,0.918576564348071,0.1632286561910241,3.1748104479719204,1.1151896626394409,0.0,nm
26.97726607322693,64.86943455584121,-1.837128158828265,-87.64834802950651,3.989621066451814,-1.3679262867696345,-0.0278943113761446,-0.8409309115034558,1.4757439967655417,0.3549160045891572,4.217709884821219,1.7352090687364157,0.0,nm
26.982170581817627,59.175331632524994,-5.144956735448789,-85.02838390258296,3.344426919526164,-0.15636729088778475,0.9996874406635645,-0.7339467150276369,1.0851861822907114,0.44315251922930937,3.494140399115542,1.3830007180163832,0.0,nm
27.01290225982666,28.85678465394629,-4.22029299085705,-84.36584529262923,3.125638853909079,0.46683689316479865,2.13735218196648,0.1802195949880546,2.4288320920014836,-0.4661891477153827,3.8152102536613492,2.479725136986266,0.0,nm
27.030166625976562,17.25184534330954,-1.800924236981962,-86.50142987890177,3.5992091292304678,0.21025495239977135,2.8891372211858903,0.2877024687273069,2.344336301619874,-0.5561410856051858,4.62013283183355,2.4265156732860085,0.0,nm
27.034146070480347,4.861622301176365,-0.9972290678164255,-88.4989331403956,3.6702032493765846,-1.1563091041657074,1.2764710268029944,0.04130055149573624,2.4779143203596474,-0.4648172178743892,4.0542349362584345,2.521471824278382,0.0,nm
27.0720431804657,-10.573354293151063,-1.5851946481485963,-83.2424232527435,0.6380093443032048,-1.2081013655302746,-4.700664729290074,-0.14187814442591223,-0.35193359086232945,0.7565616207891296,4.8951827064989155,0.8463877044794945,0.0,nm
27.084638357162476,-2.120844287071156,-4.157319014234642,-78.69774020820378,2.122983314437546,0.021889363730484158,-0.788293202736898,-0.25233419236562266,-1.7611276894284358,0.9888915727691714,2.2647170841202104,2.035472875231266,0.0,nm
27.086784601211548,8.860934634837603,-7.338150987716861,-74.21197831114485,0.6695067453910806,2.338096137398722,2.3062702431787456,-0.09766884465160862,-2.288687776606761,0.9596115116904297,3.3516884199481805,2.4836435322673767,0.0,nm
27.089533805847168,22.993823798933978,-10.844169932565693,-71.96518521876303,-2.6992594851640614,3.9350364558948168,1.9394144559867212,0.159280024241592,-2.8883047558539747,0.7306912940228318,5.1509069210731875,2.9835522881243177,0.0,nm
27.095089435577393,44.038230923052026,-14.222710939289165,-73.25303308628793,-5.556041916208585,5.226895243507367,4.750277058920665,0.6191388266336494,-4.132599541582432,0.4879290191219936,8.98638791716531,4.207111430118529,0.0,nm
27.10652494430542,65.6474523307597,-13.571393589175447,-77.53109323642958,-7.802447178817675,3.4633390128667294,2.0979398802393012,1.1856205177107797,-4.041056409654412,0.1819476945430214,8.790577389306296,4.215321800476839,0.0,nm
27.13188123703003,102.97211252390076,-1.6007376579257202,-76.66451798388927,-6.966430691724613,-2.5523288504669472,-3.3462366929020497,2.0301051783539252,-3.2758269068402743,0.8041091495065521,8.138970398548741,3.9368719160112757,0.0,nm
27.161086797714233,125.01211170817545,2.915864637400284,-68.81114617100398,0.9848874823502863,-3.0684054839813695,-4.904177706581566,0.6555479491545112,-1.5344905504586164,0.5240214053463086,5.868225843025204,1.7490005135358289,0.0,nm
27.16385841369629,131.54727306761933,1.0642822822077829,-70.93290642703933,3.534723769359142,-1.8025228971688294,-1.2568709647572756,0.11502704842240208,-1.3584028898026987,-0.47499116813160414,4.16210109710712,1.4436433918028782,0.0,nm
27.16607356071472,135.7012490918188,-1.4643742695859283,-78.19536094928912,0.8872325344199583,-1.4907050321703008,-1.3433099674610605,-0.25428707103707027,-0.9419576247261282,-1.4544490262189498,2.1940521260333257,1.7513903194735183,0.0,nm
27.182592630386353,135.3016218737282,-4.6491148133391444,-87.44635446001446,1.8483849768994505,0.09221803946583186,-0.464773912203135,-0.6321086076414407,-0.007636108784739857,-1.8596983885391531,1.9081525041503131,1.9642040877533313,0.0,nm
27.186089277267456,134.58373299085892,-8.48983739533908,-95.26671457430909,4.032913430781686,2.8035712518044704,1.6567451651342848,-0.755907599201348,0.1521815104337922,-1.5848157542971888,5.183551586153997,1.762440491397319,0.0,nm
27.191962003707886,134.46909823672794,-11.08229106013066,-99.62482413734664,2.4273682879575618,3.547270250483837,0.9384304452518454,-0.502272171148697,0.07987552254729421,-0.8792260351746574,4.399533467985584,1.0157243001629808,0.0,nm
27.216485500335693,131.81695094500236,-11.33835927926729,-94.13728356231609,5.218180778884209,1.7829829515331967,2.548915553295821,0.18656396051265572,0.11958300591473618,0.9072643084217614,6.074982250542629,0.9339350791151324,0.0,nm
27.222174167633057,132.4985398452236,-8.900274482479668,-87.58899122884257,2.4739806617397684,0.08393464209028509,1.0469349060957802,0.4985858750845725,-0.14940032607070758,1.330967505599882,2.6876938137382664,1.4291196007425881,0.0,nm
27.24880814552307,132.54359222770293,-4.53162806985548,-76.41658795458216,4.038382119098458,-2.3185846902067997,0.2512967614258336,0.3314550090996594,-0.007671299241306507,0.9320738365104788,4.663423116962327,0.9892840383816307,0.0,nm
27.251383781433105,132.75408773036003,-4.854143723146127,-74.47223986769957,2.5430151685919955,-1.8942270305552893,-0.3980542809740754,-0.03880251568436657,-0.06132863586012348,0.388520600931099,3.1958519054513572,0.395240552256169,0.0,nm
27.27589774131775,131.45931386867832,-8.52645201530372,-77.05012537291027,-2.643237550747214,-1.0842050209193288,-3.096817356525726,-0.43424511229554386,0.021201142974978122,-0.4252981066279375,4.213369556156426,0.6081914053300354,0.0,nm
27.285799026489258,126.63445251333762,-10.526129006372264,-78.81053982807015,-4.4150816016436725,0.07771712021880917,-2.988555745731668,-0.5785288449486874,0.841692083367461,-0.5166332494331076,5.33202128139914,1.1445746380472228,0.0,nm
27.292070627212524,118.36671611359512,-12.114806131873195,-78.93418890790049,-4.6764167617513985,1.105267819480775,-2.842867164012461,-0.6135583663175281,1.5242671426259276,-0.3553661151338996,5.583223477041688,1.6811095344303428,0.0,nm
27.3036367893219,109.7039860626889,-12.939237734402898,-76.9771521993733,-6.600355627703464,0.6943634132065626,-2.182724130088221,-0.5112417379338118,1.6117390333203718,-0.09602039493766598,6.986495515623411,1.6936028880401852,0.0,nm
27.31336212158203,90.65846505778252,-11.529962295897047,-74.5383983170477,-5.409138449946056,-0.4808684252013169,0.39810099945528105,-0.2688098834443032,1.8680422416058915,-0.30131710114556093,5.445043399166595,1.9111861670972998,0.0,nm
27.331530332565308,83.76431331067685,-10.36196561034953,-74.72322309831098,-3.586666430043423,-0.8085084650185598,0.9028419588650338,-0.1286594232675434,1.3605583309026086,-0.3238537699751918,3.7858929753882835,1.4044762309527254,0.0,nm
27.35014843940735,79.42381643428888,-9.388785202741998,-75.39641612358726,-2.777678310225385,-0.2599898868814824,1.4069544908581981,-0.02909399455614952,0.8692027362328238,-0.33730181710237733,3.124517958937546,0.9328088619939385,0.0,nm
27.368767976760864,77.16091028361377,-8.330034393921528,-80.11506050021185,-1.682749476961809,0.5252807909366317,0.5859736471555015,0.0977865024452189,-0.058033984980966354,-0.5290302768100462,1.8576681153271095,0.5411129061988394,0.0,nm
27.37104630470276,78.90520669183513,-7.743816157906557,-82.1834084830614,-1.8190496383800148,0.8386853435640812,0.48798042520818596,0.17302475603293005,-0.3321794563606454,-0.37630310985014126,2.0616642762064887,0.5309282323546153,0.0,nm
27.378366470336914,80.81419640506155,-7.067370705407734,-83.61990019049942,-0.464250866153701,0.8066496989128271,-0.4781491362372495,0.18529218655106297,-0.3678326433575105,-0.2493664826378002,1.0463456407731835,0.4814744962917514,0.0,nm
27.38885188102722,85.7415194992183,-7.101863327450652,-85.65364096191095,0.48171673251807584,-0.405600949778807,-0.25292766899901176,-0.02299475041080828,-0.4488682821759091,-0.12570479298716644,0.6786276936543596,0.4667046049375914,0.0,nm
27.40466570854187,85.72644351285123,-8.05508277698796,-86.26399263568989,2.567300321821293,-0.541321490583383,-0.454994507689206,-0.1859563411910842,-0.019148501772357725,-0.1330695175416689,2.662908166012954,0.22946442523422542,0.0,nm
27.40980863571167,84.04125084476836,-9.520323761611941,-86.61089702228996,3.637381918181859,-0.6614566767464581,-0.4338890271171416,-0.31071176163063174,0.3041756993623202,-0.23388201716130005,3.722409413509141,0.4937260909143913,0.0,nm
27.439526319503784,67.04692664361792,-11.649268681152888,-85.43358535471555,2.4612406404637968,1.1243706418247206,1.0325150668221024,-0.08921266483418118,1.6297361028172554,-0.2589090445626488,2.896204791392112,1.6525836008351091,0.0,nm
27.488000869750977,27.22012374363846,-7.265189030532353,-84.90772796219014,3.028878838321715,0.9073844063444368,3.474762043384158,0.044144733522292715,3.0748245648791044,-0.3802892709681481,4.698023492518252,3.0985665705121157,0.0,nm
27.49136996269226,-3.2690251591446207,-5.391436320497558,-81.9022216026691,4.886800527902059,-1.1429800112150086,1.7034246358905476,-0.1528598442906679,2.8904059550325867,0.09390099767314322,5.299894168349001,2.8959679062877095,0.0,nm
27.494855165481567,-16.168777289795493,-3.9664582191935485,-80.07366100581265,3.5670756520604248,-1.5875946373952086,-1.705237162010226,-0.13352583520194405,2.5783284489554625,0.15268029883662843,4.260553862927802,2.5862942626492256,0.0,nm
27.51254940032959,-23.900833535215718,-3.768542467523054,-78.8260757520051,0.36182692029559516,-1.6189170171754232,-4.8270996614155814,-0.25476397901461334,1.5165618044504872,0.14546335470662988,5.1041847703613925,1.544676011105236,0.0,nm
27.52282166481018,-24.00117833088501,-5.951396341824968,-77.70922981834782,-0.3379747807675576,-1.457275838486646,-5.250006829006549,-0.44273709725903315,-0.0791510621607443,0.22260342938864214,5.45897898205216,0.5018299659308049,0.0,nm
27.542035818099976,-10.03212104777282,-13.31756325736144,-75.55493938783009,0.15979813202707563,1.0016710558620954,-1.3790048231025585,-0.3152183142150574,-1.7761393732028166,0.5105280949563316,1.711880442464177,1.8747460079695109,0.0,nm
27.55119824409485,4.448381848015346,-15.680218901498666,-74.27053661418738,-1.2965517880357573,3.1660824258122586,0.15066420130188526,0.2887637155695125,-2.8433238843029534,0.8137170592161614,3.4245910949557015,2.9715333831098953,0.0,nm
27.5542414188385,25.578368724612037,-16.648680860425188,-73.72529779624169,-3.599064377638485,6.699662944120214,4.823080238608745,0.957801125933913,-3.9653899200293417,1.1267141166284564,9.005601087504488,4.232160785617723,0.0,nm
27.559600114822388,47.76446586317729,-15.615836865574611,-74.68152851957211,-7.39787517533544,4.296922165460886,2.777588001509264,1.3823844778916787,-4.053144927141303,0.8943696239812314,8.994836980846383,4.374799157610262,0.0,nm
27.585312366485596,90.89572584733827,-6.0502885511666324,-73.61874491573533,-7.065616412861601,-4.079005678947123,-0.8405833406076396,2.1759489149023516,-3.747143694813966,0.9334178262926901,8.201695128148158,4.432505881359861,0.0,nm
27.58868670463562,107.7499601795832,-2.2890745119827587,-69.96377787247944,-5.033455061340813,-6.8284710900008765,-4.272633871766223,1.7734179585091405,-2.9689249768284562,0.9626084843114405,9.498372886114717,3.5897272692597335,0.0,nm
27.61335587501526,130.6911003406409,-4.687590589236863,-69.12253210662698,3.058403265846144,-1.6004308180182858,-0.7972408317809218,0.39190033761566734,-2.283077269893546,-0.23528630122376562,3.542711148775719,2.3283872827498873,0.0,nm
27.637381076812744,145.69701157252183,-7.690016961981854,-85.99021720435546,2.628977371162977,2.080903190034033,-0.07542578864529058,-0.008231991072717902,-1.0340650397614033,-1.7916881904721131,3.353709759948463,2.0686964117557243,0.0,nm
27.6397647857666,151.18836663949722,-9.11865475125201,-93.56359131461224,3.088943655882012,4.123832392642669,1.0735534037814283,-0.2702460911682959,-1.097195311789304,-1.354306427924005,5.263086872035591,1.7638073598668447,0.0,nm
27.649367570877075,158.4216558747588,-10.616113296220789,-97.24611045348732,2.5316501735368484,4.936866929334434,1.577285323506421,-0.42128293289925345,-1.4005116683933152,-0.48630859281029765,5.767992429855808,1.5412359619147082,0.0,nm
27.675410985946655,177.16620978078492,-11.983127560159641,-91.9589501586706,1.817027237814452,0.8512146133741098,-0.09713190786356465,-0.33541758000780886,-2.0400945403893767,1.3326825627866992,2.008877524516233,2.459783222127625,0.0,nm
27.678252935409546,-169.4619837268859,-15.294333970807672,-85.83238500935627,2.455729867423804,-1.8525419380151293,-2.239575846252324,-0.6000133373931551,-2.6205860053291543,1.8607678557800698,3.8050257272427213,3.2695479854990728,0.0,nm
27.69400143623352,-154.64839053085825,-20.022587723765422,-80.95806440747855,4.519411982521079,-3.7487392557566985,-2.733252585791339,-0.6025269240977648,-2.920617488192953,1.881116849447658,6.476789356860499,3.5258539118739893,0.0,nm
27.6974995136261,-138.7858298417312,-24.1211673834867,-79.5304892728372,6.376003763118734,-3.832545135265041,-0.7076511878276935,-0.2998140338097788,-3.0405096711910153,1.4903231838365352,7.47279040284029,3.3993603380277375,0.0,nm
27.71983242034912,-102.94468292554772,-21.301437467705806,-83.1437482862493,2.654372502699467,-1.4255985680025447,0.06725715403609091,1.1639013666308526,-3.14218847030013,1.094481630728699,3.0137266274410113,3.525039689724754,0.0,nm
27.729226112365723,-88.53120720557472,-15.139805026213809,-80.99256564995686,0.5057999721071871,-0.04981816678407264,-0.4745352565848896,1.5900000621455985,-2.5525682546341213,1.3444397349605337,0.6953410467299078,3.294119471593227,0.0,nm
27.74997043609619,-65.94161491697088,-9.132416466026596,-70.27028061009425,-2.2699391576485395,1.7122709164591985,-2.0095434602190188,0.819585646354008,-1.9724888120971786,1.4668247041294773,3.481775465087778,2.591140184976989,0.0,nm
27.806529998779297,-22.080381452019896,-20.879439328029683,-75.88044783216644,-1.305710334925682,1.7679422876178057,0.1450179816336977,0.32549492580781764,-3.568983024495309,-0.04578695757357772,2.2026188108876505,3.584087501909819,0.0,nm
27.809255123138428,-0.12185021073620989,-20.156607043521294,-83.64433071899965,-2.509594222453655,2.632130171536468,3.336939282399107,0.8618263252803163,-4.034779985311423,0.0016382715618402856,4.935720431274813,4.125796508402897,0.0,nm
27.811673879623413,40.554740427633654,-7.493476224534717,-88.46747666840912,-7.7876536297095775,0.468474782950161,2.4669212172005652,1.4926944552245036,-3.6287340728530664,0.7180120685496377,8.182464052500523,3.9889082514800602,0.0,nm
27.813637495040894,58.08019955317821,-3.0416170641149667,-84.67749060885906,-6.452280014947573,-1.6724865939718165,-0.3647244811446931,1.0917844531966643,-3.4459500347858016,1.0628319268479247,6.675488951788743,3.7677813948276615,0.0,nm
27.833438873291016,87.00271351675359,-7.437898851202497,-78.84002274541255,-2.5936394363841537,-5.04934028381617,-1.7445609177987305,-0.38859299125193625,-2.564212481060725,0.5097187565935317,5.938543224027811,2.6431048733830034,0.0,nm
27.837310552597046,95.55112034183388,-13.419489819991732,-81.3328066639941,-1.0953764497772867,-2.8356145425762853,-2.0464264401215497,-0.8807680992628474,-1.873370704872476,-0.1962958822495268,3.664480942183404,2.0793754629555496,0.0,nm
27.87624740600586,106.59278241681423,-19.870099526321464,-98.46101515758865,2.455806671170736,2.7955156970439665,-0.9519822035679111,0.11000043620953158,0.3526279031068101,-1.1084070257568546,3.840854661985522,1.1683375662722437,0.0,nm
27.878426790237427,99.01943893689057,-18.353186014927942,-99.57716613460616,3.787694688909082,2.281122383491796,-1.5993930713075586,0.529133451694081,1.356244768815841,-0.7272165435701708,4.701936684112621,1.627337083668953,0.0,nm
27.895726442337036,90.07857235784395,-17.43899987589609,-98.00737565591325,3.5517336827812587,0.7507412482744061,-1.9983305474913449,0.44457819271892424,1.6442591147495267,-0.24503888653331765,4.143880977091475,1.7208375466009598,0.0,nm
27.904484272003174,80.9158040041654,-17.65372149602942,-94.58152384325794,0.2237985233374493,0.685554895396247,0.4403075663176681,0.15166327632768029,1.7322132170450848,0.12227617436691593,0.8449509137259807,1.7431339138201452,0.0,nm
27.933813333511353,44.762501940572456,-16.479694808353624,-84.7910775898476,1.0164163566932163,0.04395512904287015,3.1974255865006107,0.016947435874442893,3.9456507362685582,-0.2497994750410018,3.3553784652005296,3.953586564871205,0.0,nm
27.937997817993164,6.08122725306591,-10.882860474417546,-78.71654325806335,6.763943886548147,0.8075879472201245,7.481391306376622,0.0005359366264897378,4.011729249793001,-0.4712661754353373,10.11802110454386,4.039314752403214,0.0,nm
27.972089052200317,-31.852603862533503,-7.497366230866104,-80.27742481491056,4.794951237037748,-0.06845828491480908,-1.044300630335519,-0.5720835971733336,3.3058434819474063,-0.6960661432661601,4.907831263283454,3.426425082369431,0.0,nm
27.974274158477783,-45.12836358553192,-9.805865049256642,-81.1316906257309,3.2774070845541496,-0.35131332107103286,-2.873296343748896,-0.8893073218691682,2.5117616257412774,-0.564706934358895,4.372716561412192,2.7237305114474153,0.0,nm
27.976903438568115,-55.78601911432327,-13.28366096744931,-81.0095758739277,-2.646286883892606,-1.7754886900129483,-4.36393693142692,-1.0203270752747464,1.9510261478525615,-0.395017087419031,5.403622849690542,2.2368747996917793,0.0,nm
27.979031562805176,-60.80210152546233,-16.401906819914636,-79.89996879734971,-4.461915905023309,-1.3684934566865914,-4.140180815657327,-0.7855200056338207,0.8474295798259956,-0.026393854536160194,6.238795161794541,1.1558006781328247,0.0,nm
27.9944064617157,-60.766032301781166,-18.676525637584728,-77.89894924628989,-2.105062928329406,-0.3452394679521471,-3.952421786897626,-0.4546266757395007,-0.1011765788217551,0.41199683477510674,4.491338130669041,0.6218227289676138,0.0,nm
28.00017213821411,-58.94545281328697,-19.84203962530323,-76.34939105915981,-4.028490775127172,-0.32130639968452723,-4.3341141977573265,-0.15975619857034146,-0.3944554971914101,0.43959435331176755,5.925919473547087,0.6118499633976945,0.0,nm
28.022683143615723,-42.15714103670705,-18.67019149506294,-77.81135301252161,-0.6394604462209978,1.676337964405649,-3.19692855512358,0.646700300040692,-1.9298150873480704,0.4149287171301437,3.6659747434691057,2.0771551193226347,0.0,nm
28.0300235748291,-29.708907850823625,-16.88062079759241,-79.92949695254269,-1.4810290655393552,1.6572824595083477,-1.9255416020531777,0.7975707182185124,-2.269019906292661,0.34206823997124136,2.940704457235363,2.4293169958877274,0.0,nm
28.051312923431396,6.975390337398139,-11.276158323733572,-81.71343015369683,-1.6632750405233176,1.6335656208048666,5.9533868891103525,1.1598723414438359,-3.6629571833538908,0.6755738406544061,6.393577711214157,3.9011484449719185,0.0,nm
28.06097412109375,25.152722340731756,-8.530324037648004,-80.96682807991677,-4.84105602083149,-0.622479131302624,4.30619337119425,1.0961996870441244,-3.4662130194469256,0.6106460232559828,6.508963436358618,3.68634982276199,0.0,nm
28.0846688747406,61.92360010949551,-7.394457302346289,-78.2338270485308,-2.3714130038171075,-2.466436321790056,0.5954513704377534,0.6131180278254139,-3.5543003441640098,0.5346498328683937,3.4729627263583374,3.6462055751637377,0.0,nm
28.086926221847534,74.89068753567648,-10.309997229612597,-78.50841742673681,-4.356916972376782,-2.682928532581594,-0.24272094395000812,-0.0291374310198946,-2.6395947921651843,0.1647896692712364,5.122474448131222,2.644894192932966,0.0,nm
28.09620428085327,82.02616807291476,-14.075997845823903,-79.7358102780519,1.0338843386829155,-0.49156979816276636,-2.663855396407346,-0.4595915529613544,-1.526715718403614,-0.1287213838053773,2.89942809278108,1.599579468179954,0.0,nm
28.10542392730713,87.74226116850593,-17.287876538422616,-81.8498639175906,2.995826492122318,1.3076483643706718,-1.8465336494578983,-0.4435296887475506,-1.2037673794657908,-0.29241764948768106,3.7542785104895335,1.315782113572888,0.0,nm
28.144481420516968,73.59045430183309,-18.713330959228653,-82.17144803875061,2.8652938106892165,0.7383838260469773,-2.276883024567834,-0.10500015195201001,1.6700192105985738,-0.10625567835044128,3.733539286482315,1.6766870503644802,0.0,nm
28.146676540374756,63.46193132791283,-17.53910128059314,-78.36809057106733,-1.3680956874480472,1.1899510615378108,2.9933935056139664,-0.09266989445351627,1.9285127196163272,0.11905085113160678,3.499724848944668,1.9344048501322437,0.0,nm
28.16340947151184,45.59777597470879,-15.406187267193916,-74.91835811699735,0.18533356037685925,0.418604290634282,5.147332186425786,-0.3815168574750932,3.4238923301955886,-0.33833104527455227,5.16765001893068,3.461655918416274,0.0,nm
28.165749073028564,26.2084731553407,-13.391208496157773,-72.47368719014187,1.592055261249406,-0.4517840887687742,4.445306395209365,-0.6768211478851685,3.710193881295442,-0.48823802396863775,4.743363549742506,3.802893881122051,0.0,nm
28.1679847240448,9.515022921514385,-11.6920350489858,-70.78502570917253,4.846354569274926,0.8342741071656415,7.263472094743625,-0.7147558916671942,3.192044086657713,-0.395445602559446,8.771612894339235,3.2949049546873193,0.0,nm
28.200411796569824,-22.972398272173358,-12.152241558337748,-70.69921404058378,0.29069762711443203,-2.144174849863824,-4.724317120210368,-1.20706125039446,2.487741160968056,-0.620591135329472,5.196264345615155,2.8338994871780563,0.0,nm
28.218518495559692,-28.595319473295422,-20.781360484204964,-70.5764740821388,0.5284330979038385,-0.7159856038018889,-4.205538725696161,-0.9640056046586192,-0.1202009900113214,-0.12236201951592061,4.298654777618446,0.9791463361688826,0.0,nm
28.248168230056763,-26.130894868221265,-24.449046342302307,-70.74871311600268,-2.8221505477349966,-2.213992224745595,-6.4227292760747945,-0.5482633440729625,-0.6862357072427864,0.04136075272426221,7.356476509788035,0.8793309116680662,0.0,nm
28.250369548797607,2.5696799770592187,-22.44811611323675,-73.08438407079883,-0.41545416986825484,5.262963211652212,3.2039153928866044,1.4712957542554257,-2.6533045449314843,0.8718226268478027,6.175472271757133,3.156708871170719,0.0,nm
28.25312566757202,18.74283051325637,-17.718905495260017,-74.26952218215149,-4.292581614323416,2.668366298964505,3.5063053259286345,1.764982327072091,-2.6584822404016335,0.7574906560638396,6.151472397703859,3.279707689936975,0.0,nm
28.270495891571045,58.43515209518406,-9.603870644608788,-72.09734430398893,-6.35262535219363,-4.347220514533639,2.4525256437046705,1.828355831374149,-3.424225252433795,1.0305390954993692,8.07892672948235,4.016243823882933,0.0,nm
28.274468660354614,75.9691637798566,-7.987471517739247,-69.71600468408006,-3.671594557985578,-4.80289879685692,-1.9999099559973699,1.4442314664603086,-3.1823993072990446,0.9989423380278746,6.367737689570477,3.634742862227826,0.0,nm
28.285865545272827,95.16484456233181,-9.511873692765436,-69.16054650653656,-3.790265588851341,-4.7179118280593295,-1.6029784127106326,1.0797729061482644,-3.6635852900491566,0.5617252376875971,6.260538718272496,3.8604794972867835,0.0,nm
28.30916404724121,122.16850950621122,-15.323677938527743,-76.24309942547771,-0.7160722243936748,0.8048903080322332,-3.5945771240601774,0.093710484556238,-2.2218394206997445,-0.5528530501883698,3.752544808437211,2.2915057410780637,0.0,nm
28.31154751777649,131.2145360790239,-16.23291078382081,-82.00564937819914,-0.24213600617594147,3.237747614033376,-2.7651552040716156,0.16232172891473431,-1.752492056871526,-0.6621544180859213,4.264706644104608,1.8804321914034459,0.0,nm
28.33702778816223,133.78924962516913,-16.301730826773973,-81.56913143640715,3.405595354072932,3.6142807822955403,0.7141516790401418,-0.06972679702038607,0.29089060879515594,0.4407447494183505,5.017082609408565,0.5326679140400548,0.0,nm
28.36695122718811,128.59323369433113,-16.86398520728445,-72.9241280264372,4.2178866167874025,0.6101545185728571,0.11906655197619985,-0.14936903930516848,0.3005689532136433,0.694330664316248,4.26345316526506,0.7711989866102889,0.0,nm
28.372868299484253,124.13195199529018,-21.087712731465192,-67.47364318813828,4.763983333863972,0.3650190096273673,1.5808610784671953,-0.6729541881850097,0.3446189958885626,0.23430941057552962,5.032682965589577,0.7915367910635859,0.0,nm
28.42558479309082,121.32307100764783,-23.942071797337107,-66.32404072612238,3.2917517364808315,1.1251158294964374,1.0062705528249827,-0.1792821142384431,0.03209850973783895,0.009694106229044125,3.6213389167393215,0.18239069742938177,0.0,nm
28.42776608467102,117.54274559654533,-22.699951406065182,-64.9295451063701,1.0511863714199934,0.4208319246436963,-0.4280782958756082,-0.03591685786895246,0.5683251002281446,-0.052164132463595095,1.2105136610787235,0.5718431051819972,0.0,nm
28.431141138076782,109.25481564123112,-20.914278789529018,-62.517747629374206,-0.980926505871438,-0.7257585889212965,-0.991437558213207,-0.24655696503416533,0.8209410763479097,-0.11009271479342819,1.5722247839128938,0.8642077260084582,0.0,nm
28.441972255706787,103.86394862669084,-20.858007578047,-61.998978200736374,-0.6836829288430015,-0.722571229108571,-0.8319858624329296,-0.4506316218990983,0.8905428335127585,-0.36077048076126295,1.29681610246599,1.0612684565014912,0.0,nm
28.451350688934326,98.74743118143793,-21.888029626635007,-62.107416462257596,-1.2692511777863449,-1.1952649862086642,-0.5018589909519505,-0.6207369907767891,0.7375888252893671,-0.47755264960968746,1.8142544987866867,1.075829084966383,0.0,nm
28.45514702796936,93.61893571573206,-23.9375784372448,-61.74918545142226,-1.6627576416518117,-1.1462365871786595,0.15842557296053578,-0.7989007073530835,0.6315272086663075,-0.4139163304490971,2.0257640412511893,1.0992705236235352,0.0,nm
28.48539662361145,81.12807065956068,-30.20442093318304,-60.170596973163946,-1.57649811754702,-0.2863015060550403,0.5990902065456393,-0.522014638165202,0.2718869660494238,-0.35981089375747694,1.710620923108793,0.689844681093405,0.0,nm
28.498338222503662,79.41994560277635,-30.92175297833555,-60.597069323816136,-1.5353668039843373,-0.15484253686923974,0.4255124465364744,-0.2624596133249615,0.17462570887205084,-0.33957965179549116,1.6007461623126376,0.4633503283038673,0.0,nm
28.519920110702515,80.12549048760285,-30.431097393104842,-62.89663675906442,-1.7419762201179303,-0.22847061690881784,0.0743023439248966,0.16680111093817643,-0.10994505019042931,-0.2541549999472493,1.7584654709603431,0.3232727774956811,0.0,nm
28.547719478607178,81.53043869339251,-29.825763315221586,-64.0606581723943,-1.7392823608076975,-0.41880788744000796,-0.1570766425108091,0.22594001793708654,-0.17250805533462743,-0.17536989859753574,1.795877570666004,0.3340097636220472,0.0,nm
28.55146813392639,86.00959321777084,-29.285301341716057,-65.78791177126868,-1.2069443815198633,-0.625830499441653,-0.4800672691747123,0.09405532431275093,-0.23366261305634087,-0.0459287783318137,1.4418193843358535,0.2560352972754868,0.0,nm
28.57120966911316,87.13629029676714,-29.390983852282105,-66.30773587226021,-0.9788625875075218,-0.642913856178476,-0.5139947287023713,0.06991646536232596,-0.1974572788253187,-0.06548013723568147,1.278945179756358,0.21946602803683457,0.0,nm
28.573779106140137,88.10305668250018,-29.3074760365291,-66.95597572079605,-0.9353602980585425,-0.5726947998985024,-0.4898761699861055,0.0916385696917323,-0.1573048388816752,-0.10783507855331789,1.201189778068065,0.21159121899865438,0.0,nm
28.5772864818573,88.7461619622323,-28.889148919177288,-67.89731127203747,-0.8195225697819598,-0.4927620805219649,-0.5017581263226047,0.1296226026266844,-0.08068906020849606,-0.20043738813629675,1.0799041289453122,0.2519680339089586,0.0,nm
28.60879635810852,88.58814216933055,-27.264829784204785,-69.97294374201967,-0.7062127994926134,-0.20735573205529131,-0.47714075814163087,0.15203299294620462,0.11416625492135477,-0.2951171102190061,0.8771523361784714,0.3510585043136905,0.0,nm
28.61125612258911,87.53981092202687,-26.45864219003669,-70.7777859357558,-0.6259556747435127,-0.05157901264969602,-0.4442754525861574,0.096807439276625,0.2211896142692548,-0.31150418389694534,0.7693254051831115,0.39412102499762824,0.0,nm
28.635653257369995,83.71981617195328,-25.82086595067088,-71.49773662173425,-0.5721886319964139,0.10868937731585657,-0.1129416406657404,-0.0953355851271071,0.37508193658108757,-0.26990988612619093,0.5932697746586332,0.4718333175705169,0.0,nm
28.63799738883972,81.03313742275807,-25.990776152268044,-71.30009774958845,-0.39471141992408315,0.1958371262489205,0.013290565677374896,-0.18024053586615976,0.4372931631007496,-0.22850669909574994,0.44082414200216635,0.5252877999683743,0.0,nm
28.655168771743774,75.39344501084948,-26.47804304265786,-70.23658233396394,-0.1627338052108039,0.28904700866745303,0.2636784750069022,-0.1989437935125097,0.4512284187571038,-0.15510909160887004,0.42374143384846863,0.5169570090161397,0.0,nm
28.672162771224976,72.8289996377613,-26.42496168687676,-69.62839502014133,-0.0022771155921959213,0.33211805217477197,0.25497751069006713,-0.14252149900067704,0.4244863946919105,-0.13495458274393068,0.4187136453394946,0.4676684898082453,0.0,nm
28.674463987350464,70.64832720541217,-26.11179924993295,-69.22854765890317,-0.02833833892451004,0.33764256490059025,0.2951097728380499,-0.0738407493420987,0.3776291584630118,-0.13374786230345306,0.4493276545130236,0.40736314052160955,0.0,nm
28.682131052017212,68.73574283513213,-25.650474239714775,-69.02759975906557,0.025127261059937143,0.29537585683367135,0.24011318741435472,-0.031734107324595896,0.34382325476349485,-0.14555803499905073,0.3814873770111939,0.3747113897877097,0.0,nm
28.71269178390503,65.43664910780264,-25.044433964060975,-68.58634325704347,-0.009358969651481358,0.17506066938157488,0.13387259275328606,-0.06646251441995855,0.2723521765566015,-0.09782733517036404,0.22058036940704764,0.29692282061956127,0.0,nm
28.73315954208374,62.19455857155278,-25.755947831632454,-67.24300386274278,-0.0807210031162567,0.19665631616044515,0.1398682708729933,-0.20847887121721914,0.22489548704151563,0.0012641081481393527,0.25446555803662846,0.30666434061536496,0.0,nm
28.735309839248657,60.41158468320442,-26.484781643186885,-66.16651244744882,-0.04898836508639066,0.23640807200703998,0.10312601264875965,-0.25712706249722267,0.22497762851339484,0.038397059253502175,0.26253306631499856,0.34380749520520737,0.0,nm
28.757227420806885,58.63741945809603,-27.18757067237681,-64.91714188902581,-0.02119635401088932,0.25617110356820805,0.10590858877436995,-0.25573910224833746,0.2183733448322116,0.06657218598877085,0.27800997986203146,0.342813742576515,0.0,nm
28.759735345840454,55.40257260518197,-27.7982344831878,-62.69375087118532,0.054937826464791985,0.13981955053856554,0.13290889192858835,-0.1451200455229097,0.21922253306910738,0.03638487669619124,0.20058027082234994,0.2654095059902797,0.0,nm
28.777331829071045,54.12612842879236,-27.648773093136224,-62.008453861172306,0.04058371514626971,0.038540885269090844,0.19657253314324474,-0.07515798650634105,0.2022932831850303,-0.007129226247270389,0.20438492742555855,0.2159215626665178,0.0,nm
28.781190872192383,52.98685659874087,-27.298850903035486,-61.62658102071128,0.05432582897329266,-0.055396070041382715,0.18308495215929874,-0.030686151452698422,0.19949556959086442,-0.055190502087416646,0.19884697628286413,0.20925131707595657,0.0,nm
28.83433246612549,51.0463667834181,-26.520585851865167,-61.180908184717175,-0.0026048710488731836,-0.08708599841212625,0.1257541322419625,-0.01209508486440071,0.16621279251982182,-0.06946888761087211,0.1529864642657876,0.18055168185593393,0.0,nm
28.837145805358887,50.082438877330894,-26.25293714894976,-60.89609093245802,-0.0570816791563327,-0.036414693780840945,0.11947301857617507,-0.03413749299462807,0.1651583394836949,-0.05326189451987813,0.13732498019720227,0.17686004335862954,0.0,nm
28.852885007858276,46.325871342701916,-25.375628079185212,-59.173976210161086,-0.034742325033418696,0.1452505982353611,0.1541760761220872,-0.02200192059636255,0.1427784250548028,-0.02706825313959383,0.21465094429063578,0.14697773130337707,0.0,nm
28.86030125617981,45.74999166418973,-25.05490855624934,-59.00989613058989,-0.011183193314060645,0.10175642354946726,0.19891858262851747,0.0037259681218522593,0.11033035928693295,-0.04213853286243034,0.22371418386239295,0.118162290814908,0.0,nm
28.882712364196777,45.30527407699529,-24.6163059520105,-59.04138077107125,0.050580704127471295,-0.002637003692922601,0.05967183359096538,0.0,0.0,0.0,0.0782693371801189,0.0,0.0,nm
28.888238668441772,45.48107260937578,-24.583559294936286,-58.95312495738802,-0.034419883986049074,-0.028470651947285264,0.050804610009215156,0.0,0.0,0.0,0.06764920423851992,0.0,0.0,nm
28.93487858772278,45.88647673638693,-24.634368040136305,-58.203859443548374,-0.26062495702410443,-0.009801377434364203,-0.014864604022592742,0.022408632568833776,-0.1054577251575674,0.08403881133189943,0.2612324475944281,0.13669674619058278,0.0,nm
28.93891739845276,46.07094910567538,-24.60544944065829,-57.70248960091071,-0.3487702040402083,-0.005092704027308396,-0.05139531024749874,0.026881251048742345,-0.11578036484034337,0.09795276543044262,0.352573494148376,0.1540209037630277,0.0,nm
28.941250324249268,46.26831058937095,-24.192896220980902,-56.6804225848102,-0.45974320260014,-0.03898340300732304,-0.08505267251468475,0.06434042318904129,-0.09531863254850871,0.08475439567092952,0.46916678819898894,0.1428588091529781,0.0,nm
28.962888717651367,46.245996426426224,-23.842474172098107,-56.26459948565038,-0.4562836967150201,-0.08540837792499938,-0.10842107254986108,0.07910288258043267,-0.07454823839708057,0.06222767541645536,0.4767017221288027,0.1252477124277222,0.0,nm
28.967324256896973,46.12752663255821,-23.46883990971123,-55.96978656454088,-0.4564687461746503,-0.13129372798960517,-0.08485011661870545,0.08257493337322228,-0.05431973078709223,0.0414516270481726,0.48249487202857777,0.10717970964373372,0.0,nm
28.969695329666138,45.85820171304199,-23.139451078366715,-55.69742675841217,-0.4208584346745721,-0.1669371793137356,-0.09685342840734727,0.06789921601818306,-0.029768850469685554,0.025145622051900678,0.4630015447795121,0.07828659082210324,0.0,nm
28.98623538017273,44.948807903692185,-22.7991275294427,-55.08372828210044,-0.3556898693388896,-0.15782915125317376,-0.0966420146115948,0.0,0.0,0.0,0.40095511360226005,0.0,0.0,nm
28.991071701049805,44.39120534422946,-22.765624924561457,-54.792741900749284,-0.32842215805578356,-0.10383835035411601,-0.08737613534821506,0.0,0.0,0.0,0.35535630842109983,0.0,0.0,nm
29.01381278038025,43.33101802592615,-22.71668833335415,-54.313179290373654,-0.3046980350369127,0.02579684282538006,-0.049977318925779245,-0.051152746693294934,-0.0012509925389252235,0.013994502548595186,0.3098452873001655,0.05304728624711616,0.0,nm
29.01882815361023,42.90737609882744,-22.638814929374366,-54.1799441052522,-0.2846145568612157,0.05958274584302606,-0.03126436874304128,0.0,0.0,0.0,0.2924602713744239,0.0,0.0,nm
29.04874300956726,42.32836181628807,-22.38845217675326,-54.215835455671524,-0.22715337423408058,0.0517854812962532,-0.011566732116205613,0.0,0.0,0.0,0.23326847363255265,0.0,0.0,marker_3
29.119924545288086,42.13775640406989,-22.287090113563632,-54.315320606271364,-0.20405752428012733,0.025312423022098202,-0.0061193263133539335,0.0,0.0,0.0,0.20571251330221432,0.0,0.0,nm
29.123916149139404,41.8258984888558,-22.239699670789992,-54.43741904501316,-0.18988988205647894,-0.0045491184660834535,0.003981950625361721,0.0,0.0,0.0,0.18998609874678926,0.0,0.0,nm
29.126640558242798,41.65854694334777,-22.292281620737466,-54.43144347196957,-0.19114038520939294,-0.0056445539472955416,0.0019197446091380908,0.0,0.0,0.0,0.19123334768450656,0.0,0.0,nm
29.131545543670654,41.035633157497195,-22.29991210084877,-54.34262998385932,-0.19099634242859523,0.02644051906793689,-0.031557369710459006,0.0,0.0,0.0,0.19538314014450106,0.0,0.0,nm
29.14128303527832,40.71742673478999,-22.08015862014928,-54.69354065146721,-0.18059145299159893,-0.013432118763536777,-0.02622527898310215,0.0,0.0,0.0,0.18297939765404242,0.0,0.0,nm
29.148492574691772,40.47560166791613,-22.01442126591774,-54.88561269995409,-0.17107567057937836,-0.04195001796857252,-0.015159089853684625,0.0,0.0,0.0,0.1767950425689013,0.0,0.0,nm
29.173484086990356,39.54305999444835,-22.241066491200307,-55.17424370350558,-0.09122915373379685,-0.05442137558969977,0.018157887867558536,0.0,0.0,0.0,0.10776898210464243,0.0,0.0,nm
29.195868968963623,39.25268094411933,-22.375273855832894,-55.22116208674824,-0.09187140652723184,-0.013793179531769414,0.024331668599348363,0.0,0.0,0.0,0.09603456271424385,0.0,0.0,nm
29.200695753097534,38.77311691131253,-22.561378876343266,-55.446829000105204,-0.07583538085632452,0.018224913900906768,0.046159561279696254,0.0,0.0,0.0,0.09063033473320778,0.0,0.0,nm
29.22184705734253,38.38976604929041,-22.608245288658075,-55.81717223508319,-0.0737061032330943,-0.02752373885873886,0.04476569093508489,0.0,0.0,0.0,0.09052133969107587,0.0,0.0,nm
29.23101258277893,38.21897210358007,-22.63287017584762,-55.996888250534376,-0.07748053879545205,-0.03036344743583531,0.04355264700989357,0.0,0.0,0.0,0.0939255337689953,0.0,0.0,nm
29.253799438476562,37.884649978363804,-22.717657667188217,-56.24210824264021,-0.07306184996084365,-0.029260559454804838,0.038866605877120285,0.0,0.0,0.0,0.0877771457255042,0.0,0.0,nm
29.261996030807495,37.73386902304219,-22.770124992702293,-56.330337288146175,-0.06995780945022731,-0.025578372030669188,0.04168534468004467,0.0,0.0,0.0,0.08535816410811424,0.0,0.0,nm
29.28067946434021,37.52146772951341,-22.807414996307575,-56.43721674625117,-0.08355378908213124,0.022876877569350806,0.05304760820979159,0.0,0.0,0.0,0.10158068681636233,0.0,0.0,nm
29.282880783081055,37.48265125249071,-22.75814504796746,-56.60057813796158,-0.0859743762304991,0.035511826683209756,0.04156665828635135,0.0,0.0,0.0,0.10188459296525672,0.0,0.0,nm
29.29747247695923,37.4991261619064,-22.664803435769358,-56.82042097173502,-0.07860376995741764,0.04466044275872959,0.024823486529481305,0.0,0.0,0.0,0.09375133749661245,0.0,0.0,nm
29.30408477783203,37.55370810587264,-22.533871091778018,-57.07664032956344,-0.08263387355732398,0.05081035876279456,0.022457391048025035,0.0,0.0,0.0,0.09957099994162767,0.0,0.0,nm
29.345993280410767,37.76518342311295,-22.17933445734838,-57.77195697598897,-0.10739381908972832,0.014818616395832204,-0.006983549449598926,0.0,0.0,0.0,0.10863606092582295,0.0,0.0,nm
29.34869122505188,37.824290877996674,-22.11799169272063,-57.92351513708858,-0.10887345815022142,0.017007126055971745,-0.015834081634704407,0.0,0.0,0.0,0.11132560517457883,0.0,0.0,nm
29.351581573486328,37.88590361696648,-22.062193227657325,-58.03868901876523,-0.11201468209021698,0.030961014976724276,-0.0259708646017423,0.0,0.0,0.0,0.11908131364879777,0.0,0.0,nm
29.37253499031067,37.949128862965374,-21.998133627509528,-58.16502557602942,-0.11934488525321585,0.04246021899380217,-0.028939699726965112,0.0,0.0,0.0,0.12993682331576295,0.0,0.0,nm
29.375314950942993,38.00862514735807,-21.917976497154115,-58.299590034234875,-0.12537842647154707,0.04426688501854175,-0.03248845712473152,0.0,0.0,0.0,0.13687515033807798,0.0,0.0,nm
29.397953748703003,38.05282901721847,-21.72042993242824,-58.58180418474515,-0.1324105637526739,0.024522044532410216,-0.047340116826731726,0.0,0.0,0.0,0.1427409356930206,0.0,0.0,nm
29.400089979171753,38.018458954785814,-21.650247225432814,-58.72601375973142,-0.13530227659530186,0.006960742667047405,-0.04390474714972727,0.0,0.0,0.0,0.14241764220990988,0.0,0.0,nm
29.405168294906616,37.93273552899627,-21.62004343851555,-58.83755814120701,-0.13402983956492887,-0.007831462984886243,-0.04230574449660145,0.0,0.0,0.0,0.1407661384129576,0.0,0.0,nm
29.4147629737854,37.78528966332088,-21.636258733034442,-58.8882159687829,-0.1407963145845035,-0.019494120908312058,-0.021248114946619268,0.0,0.0,0.0,0.1437188412816883,0.0,0.0,nm
29.424947261810303,37.58909343385428,-21.702919391021762,-58.899304652035674,-0.13211778069572114,-0.026050859179773487,-0.009359394855780407,0.0,0.0,0.0,0.13498649381339403,0.0,0.0,nm
29.44371271133423,37.35730207341683,-21.80040992155664,-58.89026703775134,-0.12044417230084963,-0.02282436602718147,0.003188860596407041,0.0,0.0,0.0,0.12262919374146936,0.0,0.0,nm
29.46732521057129,36.862271641624645,-22.005322025936724,-58.9188463814598,-0.10287947631875083,-0.009488656027141561,0.026530050658781654,0.0,0.0,0.0,0.10666801220974985,0.0,0.0,nm
29.47005343437195,36.65281502908358,-22.070657807565933,-58.9702973533881,-0.09886908653273097,0.002647966620098851,0.04068807893470162,0.0,0.0,0.0,0.10694684551885722,0.0,0.0,nm
29.47238826751709,36.475267114330016,-22.100097316389686,-59.082029227560184,-0.09288767859675161,0.007070581883457591,0.04136657391414694,0.0,0.0,0.0,0.10192795200855695,0.0,0.0,nm
29.48193049430847,36.33963302117048,-22.09758404989504,-59.25164741090702,-0.07241860355421946,0.021645928629066048,0.052489328977062974,0.0,0.0,0.0,0.09202244304201107,0.0,0.0,nm
29.49373745918274,36.221165118482055,-22.070083279118204,-59.43248368895853,-0.0816034507266089,0.018615568464400642,0.06624103074833662,0.0,0.0,0.0,0.1067405111208718,0.0,0.0,nm
29.49968409538269,36.10991125662621,-22.043127102510308,-59.60138363679421,-0.08146881737628975,-0.020616926644549918,0.05789459724730158,0.0,0.0,0.0,0.10204905810141152,0.0,0.0,nm
29.52020525932312,35.90699065711893,-22.0040101533741,-59.824946988040146,-0.07090347928234911,-0.021100918984040554,0.04305181339517469,0.0,0.0,0.0,0.08559211875474573,0.0,0.0,nm
29.53720736503601,35.826571880738435,-21.99795053004071,-59.910666373228665,-0.06301371996031425,-0.018592263702176547,0.038380294873488936,0.0,0.0,0.0,0.07608842360953563,0.0,0.0,nm
29.540910720825195,35.7454024792457,-21.99482530968082,-60.01468290727898,-0.06986915071683303,-0.019786806101334237,0.0440201151823513,0.0,0.0,0.0,0.08491752739129185,0.0,0.0,nm
29.568110942840576,35.56808008669756,-21.958217898942745,-60.30021938986675,-0.07377008156357405,-0.020993792684932715,0.04542376340140862,0.0,0.0,0.0,0.08914080180670045,0.0,0.0,nm
29.572377920150757,35.45190832250421,-21.93788110873787,-60.460043253421965,-0.07696719687075261,-0.022623567824303418,0.04534744312467376,0.0,0.0,0.0,0.09215294793541641,0.0,0.0,nm
29.5968759059906,35.17351606787088,-21.878025788091303,-60.71615575511647,-0.0673214423849604,0.005934670526200777,0.02237985124686245,0.0,0.0,0.0,0.0711916755026723,0.0,0.0,nm
29.605818271636963,35.03381657987252,-21.844248836125644,-60.82968049194244,-0.0477165436700251,0.026902480265518246,0.025136515446993905,0.0,0.0,0.0,0.06026986305830613,0.0,0.0,nm
29.608360052108765,34.90361651839861,-21.80326516738585,-60.947414181538434,-0.042604158682381744,0.03299554885747428,0.012942986456121974,0.0,0.0,0.0,0.055419684948968206,0.0,0.0,nm
29.63460874557495,34.69728160982295,-21.705279267107375,-61.199237877089814,-0.01783148576462259,0.032434330245568375,-0.01473313424456479,0.0,0.0,0.0,0.03983733057975769,0.0,0.0,nm
29.63682508468628,34.627854890411044,-21.676072831939887,-61.33301111650467,-0.012109373897527012,0.02214850909659408,-0.010033077424249871,0.0,0.0,0.0,0.027163505554199215,0.0,0.0,nm
29.666493892669678,34.55362251969743,-21.646659750603643,-61.59208639932587,0.0,0.0,0.0,0.0,0.0,0.0,0.0,0.0,0.0,nm
29.668731927871704,34.53566442461088,-21.656218930832324,-61.725844443384695,0.0,0.0,0.0,0.0,0.0,0.0,0.0,0.0,0.0,nm
29.692753314971924,34.47864783679762,-21.702581174249413,-61.98510927956743,0.0,0.0,0.0,0.0,0.0,0.0,0.0,0.0,0.0,nm
29.696072578430176,34.44199512618835,-21.72086683326208,-62.09404440837587,-0.018461852261063998,0.00014417021878578696,0.02200955615355604,0.0,0.0,0.0,0.02872771024703979,0.0,0.0,nm
29.70266318321228,34.40923021825516,-21.726210983229127,-62.228925037218225,0.0,0.0,0.0,0.0,0.0,0.0,0.0,0.0,0.0,nm
29.710389614105225,34.40151067130272,-21.716141537968554,-62.39670443855439,0.0,0.0,0.0,0.0,0.0,0.0,0.0,0.0,0.0,nm
29.719693183898926,34.41557366844632,-21.697188051139364,-62.54868515396291,0.0,0.0,0.0,0.0,0.0,0.0,0.0,0.0,0.0,nm
29.742457628250122,34.44092777208419,-21.696873370193607,-62.83627920864177,0.0,0.0,0.0,0.0,0.0,0.0,0.0,0.0,0.0,nm
29.750141382217407,34.43624738846224,-21.741962689620188,-62.95514585373654,-0.007176726631595188,-0.02083423864422583,0.031009759397320324,0.0,0.0,0.0,0.038041767610205716,0.0,0.0,nm
29.7712242603302,34.35845869815681,-21.89226558685664,-63.05969018290867,-0.02247738601362598,0.0006544443029555152,0.026794386637206437,0.0,0.0,0.0,0.03497999906539917,0.0,0.0,nm
29.777738571166992,34.293463292615726,-21.953550180976823,-63.085602002904174,-0.023235408135782547,0.0007368973825524032,0.02772326698401103,0.0,0.0,0.0,0.036180198192596436,0.0,0.0,nm
29.800421476364136,34.12096873193737,-21.995000393941154,-63.15582752656223,-0.04208229016735885,0.024420170343714225,0.02573477005517028,0.0,0.0,0.0,0.05504127773896874,0.0,0.0,nm
29.805700302124023,34.01546868043764,-21.98461818197164,-63.18824459776189,-0.035813161173663836,0.001378756447521391,0.04306127674243208,0.0,0.0,0.0,0.056024610996246345,0.0,0.0,nm
29.844201803207397,33.90370643077168,-21.97245922576525,-63.203128260963354,-0.03396150351001682,0.0013695138728526451,0.04097796984107138,0.0,0.0,0.0,0.05323958396911622,0.0,0.0,nm
29.846577405929565,33.66730099557657,-21.9893255423983,-63.26444465626189,-0.03066848410642837,0.001396022550248982,0.037254468553430314,0.0,0.0,0.0,0.048274219036102295,0.0,0.0,nm
29.85005784034729,33.54279129285157,-22.03240954209969,-63.28359357447725,-0.02109095774881072,-0.028340895027847868,0.057796217823740934,0.0,0.0,0.0,0.06773800723722924,0.0,0.0,nm
29.852381467819214,33.415000181505654,-22.088185670059392,-63.26730468826306,-0.029009750542210447,-0.02747971253764458,0.06726541872585429,0.0,0.0,0.0,0.0782389722838776,0.0,0.0,nm
29.866711854934692,33.30208812381204,-22.145568583433114,-63.268474488909106,-0.03127193513706936,-0.018616575490735837,0.060706176512913504,0.0,0.0,0.0,0.0707795922355897,0.0,0.0,nm
29.87654685974121,33.2049603986884,-22.177082015293955,-63.30328810260006,-0.038371923057844134,0.0021966984533109968,0.04710640453454447,0.0,0.0,0.0,0.06079673767089844,0.0,0.0,nm
29.903326749801636,33.04087847603466,-22.065660659685307,-63.494197849053755,-0.030471116169501683,0.0018657917901048913,0.037666733730508835,0.0,0.0,0.0,0.04848456382751465,0.0,0.0,nm
29.911731004714966,32.994957775318255,-21.995490528902945,-63.53202326664054,-0.044388902998547856,-0.015619588575955329,0.014362782433963711,0.0,0.0,0.0,0.04919995707256238,0.0,0.0,nm
29.91787624359131,32.93981615470684,-21.928506437030357,-63.57323117357384,-0.046494520631424584,-0.021692267128570985,0.003147344990680466,0.0,0.0,0.0,0.05140234121529494,0.0,0.0,nm
29.93299388885498,32.8755511627985,-21.874134654994247,-63.61841359923535,-0.050689179188245934,-0.025477057878390292,-0.000747597052715716,0.0,0.0,0.0,0.05673651616261068,0.0,0.0,nm
29.954983234405518,32.708515205010755,-21.733870592970042,-63.68573157220427,-0.08255753982104344,0.03108294909541254,-0.016981348340170198,0.0,0.0,0.0,0.08983464419265756,0.0,0.0,nm
29.974747896194458,32.48996423440684,-21.503274533942317,-63.77908796651915,-0.10097447990669359,0.06921462746796277,-0.019269414079390434,0.0,0.0,0.0,0.12392667415419145,0.0,0.0,nm
29.99220085144043,32.36216200830297,-21.35965814871617,-63.85628466280934,-0.09778115035742357,0.07630579246021482,-0.021681568309265212,0.0,0.0,0.0,0.12591194436014316,0.0,0.0,nm
29.99436855316162,32.22595150640316,-21.219868465713883,-63.954983032738376,-0.0888446197318398,0.07593718101101121,-0.015000789155175082,0.0,0.0,0.0,0.11783397468672742,0.0,0.0,nm
29.99682378768921,32.07711752761192,-21.114215831506076,-64.04678687083488,-0.06801606394006651,0.07428749714745822,0.011707452989386568,0.0,0.0,0.0,0.1013996136177625,0.0,0.0,nm
30.004295587539673,31.90442327460698,-21.049245646064886,-64.10323140504501,-0.07564308194200643,0.05732238984450734,0.041469220105696585,0.0,0.0,0.0,0.1035732998380639,0.0,0.0,nm
30.01344084739685,31.71110529450084,-21.028665770216275,-64.134034120971,-0.05327430077045938,0.0657900775541019,0.06812678439272779,0.0,0.0,0.0,0.1086634445379371,0.0,0.0,nm
30.045971870422363,31.304906929363977,-21.160284771305054,-64.22384178382673,-0.003828733935335342,0.07205826912364562,0.08949583725584484,-0.05051491108833571,0.01195447120764754,-0.007340631851033907,0.11496329083132578,0.05242662014749138,0.0,nm
30.048222064971924,31.071557724086066,-21.354379588868074,-64.23213269723698,0.006573147778007419,0.057757034557828775,0.12572670915964174,-0.05572043826199361,0.009735245141130076,-0.0008718385458569892,0.13851457218913427,0.05657121476967399,0.0,nm
30.05542492866516,30.846969673651927,-21.560148900634694,-64.17084748447817,0.02470564303830182,0.012936441874514886,0.16183990537087212,-0.057118321354725034,0.007130245442734715,0.010339561793152577,0.16422507511571288,0.0584828998300332,0.0,nm
30.060476303100586,30.64909848517563,-21.777914739169002,-64.04592231522214,0.04006320877229628,-0.03101446436297919,0.19140759258489895,-0.05711308180457007,0.0014278477015707363,0.024838867396617746,0.19799955605001182,0.06229696778994266,0.0,nm
30.08701491355896,30.406082908700327,-22.283938855092515,-63.62854381527062,0.03345914002479178,-0.041022168749415576,0.19857291368666902,-0.05727072549083299,-0.021450118799022175,0.04434299321965251,0.20550799115878063,0.07554035108745961,0.0,nm
30.092463731765747,30.365760472226313,-22.562579984951707,-63.42593867901581,0.015108486479207775,-0.0023975319548833543,0.17056326344839975,-0.05497119718087462,-0.030994147138591253,0.040736665570266804,0.17124789447270677,0.07511288569966543,0.0,nm
30.10596466064453,30.38412435525643,-22.80393049130783,-63.32773720868356,0.004278484721001778,0.041674980316843094,0.08400621346062453,-0.043356101469841174,-0.037511011057437156,0.0318780623720299,0.0938730702380034,0.06559754832163596,0.0,nm
30.134181261062622,30.638528097996208,-22.983560444761324,-63.335776106525344,-0.07376362052734498,0.18483326578860154,0.008275171230597591,0.0,0.0,0.0,0.19918053698661844,0.0,0.0,nm
30.136536359786987,30.820339800187874,-22.64130171427375,-63.455870819343524,-0.08207516090454688,0.20117897671468263,-0.03283692466121304,0.0,0.0,0.0,0.21974434311417496,0.0,0.0,nm
30.15493607521057,31.189586102996365,-21.721025240919484,-63.85447212480146,-0.05896362550163382,0.12011804935723466,-0.05330626251366367,0.06805960644588527,-0.008597749030533699,-0.016536724321946708,0.14403684437274933,0.07056553386222551,0.0,nm
30.15735173225403,31.366256253276934,-21.28661076869787,-64.03983058948818,-0.010560784095017357,0.07016524738201106,-0.06373788829552275,0.0732851681612468,-0.005178926068590032,-0.011716059463509556,0.09537929809582851,0.07439625795023992,0.0,nm
30.166751861572266,31.539366336071044,-20.94179492827789,-64.1767222494745,0.01469844262588102,0.03192865308456694,-0.05589419820242113,0.06649799008722139,-0.007439913488823526,-0.005217805532456156,0.06602760404643257,0.06711602262452614,0.0,nm
30.18733310699463,31.878865448541756,-20.52271274755333,-64.36113027770126,0.03428454703026219,0.03271838563461074,-0.08286023736134461,0.0,0.0,0.0,0.09545544436638348,0.0,0.0,nm
30.205286502838135,32.03555279845414,-20.361757007155592,-64.44430725985166,0.011809620132334919,0.06728331582592968,-0.088276846289646,0.0,0.0,0.0,0.1116212941469845,0.0,0.0,nm
30.272019624710083,32.14205816380237,-20.296970458484623,-64.54824692824343,-0.009199320080167845,0.10636650548275597,-0.10045599842514727,0.0,0.0,0.0,0.14659423112163633,0.0,0.0,nm
30.2742121219635,32.26300526202216,-19.98489806619366,-64.81828806062528,-0.05190567742330176,0.10094325525835608,-0.11160205563393828,0.0,0.0,0.0,0.15918152830226925,0.0,0.0,nm
30.277004718780518,32.1335586414651,-19.69006722252618,-65.00827009515156,-0.015397991236102155,-0.0020709914537144145,-0.07062285683541542,0.0,0.0,0.0,0.07231165222358026,0.0,0.0,nm
30.280217170715332,31.69028962065503,-20.08315038727508,-65.08527218044672,0.07865050338907593,-0.1091784124060559,0.004618830148226099,0.0,0.0,0.0,0.134637145731778,0.0,0.0,nm
30.282225370407104,31.550325083917215,-20.374314815854245,-65.09926577044213,0.06518330442837669,-0.10025467564072678,0.014583405811792788,0.0,0.0,0.0,0.12046799944010526,0.0,0.0,nm
30.30801224708557,31.342575278306168,-20.922774197284276,-65.20259206756151,-0.004077850191310147,-0.028421874447699634,0.03667241718087945,-0.05116782375557515,-0.01669052600794909,-0.02006079216289105,0.046575723195587976,0.05743827320268548,0.0,nm
30.325822114944458,31.1613451066931,-21.20268379886657,-65.4348895800125,-0.051167685776844246,0.052067880592118254,0.06977467465918957,-0.038055763964873576,-0.015508543988444156,-0.029467555291560973,0.1009836693773241,0.05056770631987258,0.0,nm
30.33358597755432,31.062168821990024,-21.241726214434085,-65.57423880212625,-0.049008818274335,0.06422653235247172,0.07030740872491048,0.0,0.0,0.0,0.10709828872713843,0.0,0.0,nm
30.362149953842163,30.840033153015018,-21.29068025303796,-65.74685117549195,-0.02180105609372418,0.037042925632949926,0.10964612914251907,0.0,0.0,0.0,0.11776985192394503,0.0,0.0,nm
30.380350828170776,30.625896566635394,-21.349194802854026,-65.74360354342501,0.020953295234384238,0.016023200270874186,0.1202003876045727,0.0,0.0,0.0,0.12306062208679643,0.0,0.0,nm
30.382534503936768,30.574574453924694,-21.395488365963264,-65.76415403203656,0.0279171210487631,0.01970597712100409,0.12319618401176495,0.0,0.0,0.0,0.1278475300387359,0.0,0.0,nm
30.389057874679565,30.577347834982685,-21.446778119765575,-65.79058727789402,0.012989915131732501,0.049272792963951706,0.10083696419870872,0.0,0.0,0.0,0.11298070353122132,0.0,0.0,nm
30.405893325805664,30.66476222127984,-21.4418672842969,-65.85454417755815,0.0013413852227725717,0.04079987763062719,0.09339944114428612,0.0,0.0,0.0,0.1019307850212829,0.0,0.0,nm
30.428570985794067,30.89707179437819,-21.309453997374213,-65.96774407074474,-0.07280024780434573,0.056429754055513426,0.046372987093358284,0.0,0.0,0.0,0.10312442559888832,0.0,0.0,nm
30.433268547058105,30.996203272261084,-21.1965061734351,-65.98018890010195,-0.06998347347000596,0.055434900814746293,0.04315392192886977,0.0,0.0,0.0,0.09916136225925284,0.0,0.0,nm
30.435725688934326,31.045286947904238,-21.082529696977787,-65.97694304447003,-0.0908635012146216,0.02027625180479713,0.03425460144299492,0.0,0.0,0.0,0.09920020141234347,0.0,0.0,nm
30.449553966522217,31.059378233384738,-21.00128818696381,-65.93842863641785,-0.07362417972423248,-0.025758602018396783,0.016925509585164457,0.0,0.0,0.0,0.07981540135040188,0.0,0.0,nm
30.472862720489502,31.025967862106906,-20.92106754693459,-65.71480735713885,-0.06322316294506226,-0.06310722910227214,0.03781771067231444,0.0,0.0,0.0,0.09700448411408331,0.0,0.0,nm
30.47614884376526,30.972063433148612,-20.890174419436907,-65.65015414689772,-0.06702363946348945,-0.06381510314605755,0.07203863939716777,0.0,0.0,0.0,0.11727788027871648,0.0,0.0,nm
30.495336055755615,30.8118813533657,-20.89012626321115,-65.82404675546782,-0.004660007456523188,-0.0785698799426471,0.0033740776829105463,0.0,0.0,0.0,0.07878023929836177,0.0,0.0,nm
30.50420880317688,30.749931818934087,-20.890766772697198,-65.97711332540813,-0.011246024905234549,-0.06886767215344589,0.03128098189707512,0.0,0.0,0.0,0.07647044639891154,0.0,0.0,nm
30.52439308166504,30.63675950966439,-20.866986180233702,-66.24486969095211,0.022650822883887603,-0.05146540962913528,0.021434813547545957,0.0,0.0,0.0,0.06017640233039855,0.0,0.0,nm
30.527668714523315,30.601432217740875,-20.866597960715115,-66.36212199014143,0.024650461289685743,-0.056321155718354415,0.023435645529797232,0.0,0.0,0.0,0.06579473614692688,0.0,0.0,nm
30.55352807044983,30.57048904799999,-20.893966357729774,-66.53302682016313,0.03302634359703516,-0.0760752797618024,0.031659728787492,0.0,0.0,0.0,0.08877232670783997,0.0,0.0,nm
30.571027994155884,30.570355520197847,-20.93556009221038,-66.61071502489209,0.03971899077800935,-0.09183228637359321,0.03827800824786003,0.0,0.0,0.0,0.10712596774101257,0.0,0.0,nm
30.57329797744751,30.57217795189054,-21.008295767048654,-66.73375036801268,0.04806265908827569,-0.11178144875811026,0.0467273533087441,0.0,0.0,0.0,0.13034015893936157,0.0,0.0,nm
30.579029083251953,30.571199394502177,-21.087069233982888,-66.8837535231159,0.05290521859065659,-0.12393715618303391,0.05196336333976879,0.0,0.0,0.0,0.14442843198776245,0.0,0.0,nm
30.60127091407776,30.550248387216666,-21.260950600016045,-67.25622595076024,0.06903391367375351,-0.12469142293340768,0.027025030151218796,0.0,0.0,0.0,0.14506544883240627,0.0,0.0,nm
30.603420734405518,30.526094947581,-21.338951015081943,-67.45683074515267,0.06148213954937598,-0.11490982011880606,0.027491520604020988,0.0,0.0,0.0,0.1331919815470384,0.0,0.0,nm
30.63296341896057,30.50176051205919,-21.411382008222418,-67.82541748768192,0.06033108471700755,-0.07881792839307196,-0.010078493945244574,0.0,0.0,0.0,0.09976813950109771,0.0,0.0,nm
30.64250087738037,30.50094551648413,-21.368466581009617,-67.97873593236204,0.047152694866951166,-0.0531977809571633,-0.01711037018014404,0.0,0.0,0.0,0.0731173392546781,0.0,0.0,nm
30.646226406097412,30.53035701428837,-21.284145915076532,-68.15973865199439,0.04443659155408222,-0.007653019124104555,-0.060670315491761787,0.0,0.0,0.0,0.07559144496917725,0.0,0.0,nm
30.671983003616333,30.68160414226162,-21.032958423133245,-68.5564026423777,0.05340208263917262,0.0170360664588764,-0.09959141592398493,0.0,0.0,0.0,0.11428237010290099,0.0,0.0,nm
30.674265384674072,30.777947606101787,-20.863798468592815,-68.71113055228857,0.03395846602419737,0.04410802568827881,-0.0965924264830741,0.0,0.0,0.0,0.11148449308635935,0.0,0.0,nm
30.692115783691406,30.818455464729276,-20.740399697629623,-68.82817585464734,0.025853168672799933,0.07065274941434012,-0.11036384387380055,0.0,0.0,0.0,0.13356786801035048,0.0,0.0,nm
30.71173334121704,30.869559485174037,-20.57867971354887,-68.95640162145973,-0.013349060710255172,0.09372255834188063,-0.136109917217911,0.0,0.0,0.0,0.165795129388833,0.0,0.0,nm
30.715768337249756,30.872372094138658,-20.53881808210382,-68.94851866181784,-0.024883783213463774,0.10376179210658575,-0.13524223911142727,0.0,0.0,0.0,0.17226774337657486,0.0,0.0,nm
30.733531713485718,30.84844270987789,-20.419777325917888,-68.85492403893014,-0.043738326390231425,0.09618583813877238,-0.08830790241111931,0.0,0.0,0.0,0.1377063625332116,0.0,0.0,nm
30.736172676086426,30.822256883642375,-20.34199348309931,-68.8035771468924,-0.03798615835416094,0.09795230106102623,-0.038950431572628556,0.0,0.0,0.0,0.1120479255914688,0.0,0.0,nm
30.74569582939148,30.78777731916425,-20.29875519966428,-68.76605367523423,-0.05251594390791382,0.07260784852750382,-0.046460158068315154,0.0,0.0,0.0,0.10093745746780489,0.0,0.0,nm
30.778651237487793,30.72562116539951,-20.338305012791636,-68.74104283704511,-0.025796101332485975,0.06630387714918813,-0.02637150348382302,0.0,0.0,0.0,0.07587555050849916,0.0,0.0,nm
30.780924320220947,30.704418556800263,-20.402005140417387,-68.74000911543041,-0.02456544243160946,0.06313733596577331,-0.025197934059144063,0.0,0.0,0.0,0.07228222489356995,0.0,0.0,nm
30.78450846672058,30.697102877158493,-20.47586020104703,-68.73669951467178,-0.03731705432702419,0.059785413412307274,-0.002312796786738105,0.0,0.0,0.0,0.07051387969402415,0.0,0.0,nm
30.80608296394348,30.695247583868426,-20.55941420619894,-68.72885544986141,-0.03639439272995054,0.04340415546329661,0.01256483047637357,0.0,0.0,0.0,0.058020233527312726,0.0,0.0,nm
30.808988571166992,30.6925199993602,-20.65679389211374,-68.71041301917263,0.0,0.0,0.0,0.0,0.0,0.0,0.0,0.0,0.0,nm
30.832285404205322,30.67781369852343,-20.965226001475802,-68.77339077967734,0.0036758199921418234,-0.07273128857502845,0.01193526313157272,0.0,0.0,0.0,0.07379568074364903,0.0,0.0,nm
30.83474826812744,30.660436246505,-21.21323485577562,-68.76271726986128,-0.0071014825249307275,-0.10722349741855906,0.05696997433154284,0.0,0.0,0.0,0.12162601460237152,0.0,0.0,nm
30.863317012786865,30.629347812506072,-21.721061429743145,-68.7854290718958,-0.015335917224845142,-0.1499488636538892,0.11247058959620578,-0.04103324316274189,-0.028493351518279197,-0.005284740459623638,0.18806776861636368,0.05023471515717503,0.0,nm
30.86554265022278,30.611407726424385,-21.94421000944014,-68.84654486620717,-0.007023139934133374,-0.14192644765801746,0.15756685031696951,-0.04575872580153008,-0.025551515133613624,-0.009961158558860681,0.21217858835935513,0.05334759218969178,0.0,nm
30.86967897415161,30.55330309203126,-22.15918895551213,-68.90716324532511,-0.023402034825050055,-0.13507442752183219,0.17674950114767896,-0.046942932194057554,-0.0179891412280004,-0.01421231163225084,0.2236808940438519,0.05224210837082517,0.0,nm
30.895071744918823,30.392843223899046,-22.50889833809909,-69.06136505460107,-0.011482228063939875,-0.1277688610034101,0.15180978340351986,0.0,0.0,0.0,0.19875344963155903,0.0,0.0,nm
30.897403240203857,30.306035142518454,-22.609459523578277,-69.12538914793662,-0.005584702530199803,-0.1240025679644135,0.13898268467818112,0.0,0.0,0.0,0.18634380162611938,0.0,0.0,nm
30.92432737350464,30.17895038117689,-22.636644454639388,-69.22476568807247,0.009278668673641298,-0.1083708270553551,0.09908088357734987,0.0,0.0,0.0,0.14713038890550537,0.0,0.0,nm
30.928462982177734,30.160914695116066,-22.578014592285975,-69.30970078214453,0.0020236435754550585,-0.10065991131429783,0.1022074106164222,0.0,0.0,0.0,0.1434673052093637,0.0,0.0,nm
30.95659899711609,30.17401776925882,-22.42672093741264,-69.59295815204204,0.014615938190246673,-0.07604600456537194,0.0553686859682374,0.0,0.0,0.0,0.09519617558172687,0.0,0.0,nm
30.95883345603943,30.19816870658923,-22.388189871125455,-69.75022738651047,0.025334087422222578,-0.06867188809549817,0.030151536175897175,0.0,0.0,0.0,0.07916286587715149,0.0,0.0,nm
30.98637294769287,30.24267240375049,-22.27604585426523,-69.9980935810265,0.0,0.0,0.0,0.0,0.0,0.0,0.0,0.0,0.0,nm
30.988595724105835,30.271708243365968,-22.18953981632693,-70.07404873694132,0.0,0.0,0.0,0.0,0.0,0.0,0.0,0.0,0.0,nm
31.005969047546387,30.29821013802397,-22.07988669309681,-70.14474506245818,-0.014294845837002643,0.03958563919419912,-0.01707279093825867,0.0,0.0,0.0,0.04541856050491332,0.0,0.0,nm
31.00821352005005,30.328379545132258,-21.932834835083277,-70.19144977546199,-0.005087009353741575,0.05188508723451069,-0.04393097636416207,0.0,0.0,0.0,0.06817529336795262,0.0,0.0,nm
31.018835067749023,30.361078459391532,-21.75982493428038,-70.24615044824489,-0.005014331325751121,0.05838672718144439,-0.0502081129284669,0.0,0.0,0.0,0.07716869853407216,0.0,0.0,nm
31.02317190170288,30.39131403853799,-21.597855791241713,-70.30418841915022,0.0008057267277617819,0.04844715036769203,-0.04928324966193025,0.0,0.0,0.0,0.06911305427739205,0.0,0.0,nm
31.053458213806152,30.43127354042268,-21.308536258373746,-70.36094415593725,0.010885482285514924,0.03737803554567346,-0.05399254712869601,0.0,0.0,0.0,0.0665643028303185,0.0,0.0,nm
31.05567717552185,30.440308335174123,-21.194182521675234,-70.33160518085333,0.004678040190399447,0.04599312490617844,-0.052477127161324785,0.0,0.0,0.0,0.06993640306567228,0.0,0.0,nm
31.05907130241394,30.43894844099961,-21.10186786971113,-70.26035533311598,-0.021148438857937185,0.05893677135645705,-0.024163959844154214,0.0,0.0,0.0,0.06711703538894653,0.0,0.0,nm
31.070239543914795,30.436760059871037,-21.00832679977236,-70.15963730131176,-0.02495714148523547,0.06916820316189179,-0.0282389285695523,0.0,0.0,0.0,0.07876887917518616,0.0,0.0,nm
31.08196187019348,30.432700727385296,-20.89849452641696,-70.0161761082844,-0.027303540311279097,0.07508180884025188,-0.030505453821852695,0.0,0.0,0.0,0.08551809191703798,0.0,0.0,nm
31.09725308418274,30.41129978910752,-20.770132628755075,-69.87526498439685,-0.025581775867022625,0.06981208716035245,-0.028199166716790448,0.0,0.0,0.0,0.07951948046684265,0.0,0.0,nm
31.099306344985962,30.381404507230368,-20.646450146867718,-69.75571283803667,-0.038300346309549226,0.03742145919836822,-0.03262353869526191,0.0,0.0,0.0,0.06270229192755071,0.0,0.0,nm
31.128244638442993,30.29772904089157,-20.50908900462454,-69.49708736270925,-0.021120512234457642,-0.026712227314698456,-0.047110893626535505,0.0,0.0,0.0,0.05812964324205629,0.0,0.0,nm
31.13326621055603,30.22392569682312,-20.53157387772907,-69.32652715341544,-0.015405100140301265,-0.06892660842320325,-0.03447910394495247,0.0,0.0,0.0,0.0785939124099643,0.0,0.0,nm
31.136945009231567,30.101017308759417,-20.60754557581458,-69.13393081486052,-0.020234897018479397,-0.07935890816813086,-0.004042812462879965,0.0,0.0,0.0,0.08199775421068745,0.0,0.0,nm
31.165095567703247,29.622610022354436,-20.89020903835272,-68.67665739187473,-0.022080158410590394,-0.07666455028862212,0.0460947118726967,0.0,0.0,0.0,0.09213961758668397,0.0,0.0,nm
31.167309999465942,29.28471648805845,-21.038448885986817,-68.4198182041756,0.003358781463383807,-0.061464297809404815,0.05968122686416492,-0.04018834464817857,0.03513614232437242,0.02057478078575905,0.08573791552244489,0.05720990427698143,0.0,nm
31.201467275619507,28.544699785250707,-21.246638962771474,-68.04732538930251,0.034479762554500144,-0.03852777197201227,0.08789225128567951,-0.035765472383141914,0.053605792791579975,0.014834015796851641,0.10197201123351013,0.06612713558187999,0.0,nm
31.20410966873169,28.144525838185057,-21.21584243062724,-67.88552921555461,0.036521748543314754,-0.02149943549822244,0.1070021586930039,-0.0253855535036022,0.05902716778654576,0.011596743722693587,0.11508920804474299,0.06529255186125832,0.0,nm
31.221054792404175,27.34603653846309,-20.957024354940653,-67.583239181216,0.05833774594307651,0.006389479861434964,0.10305777633378271,-0.002473407572811737,0.07065541790879327,0.00835461293169034,0.1185960510197646,0.07119062706653057,0.0,nm
31.223302364349365,27.000890578239073,-20.742856391695756,-67.43743630487907,0.052732759760907195,0.022633898175886766,0.08300693282639356,0.007076965779347732,0.07434296386174472,0.013478142730304747,0.10091178422703354,0.07588557209278458,0.0,nm
31.240244388580322,26.64914800450272,-20.459494404290812,-67.24588805848632,0.03123271155978994,0.04424242200250346,0.07697851945964784,0.013596449244275733,0.07617688891094912,0.0221163405021489,0.09411995874533743,0.08047927903137701,0.0,nm
31.285394430160522,25.902116340509117,-19.650039008941825,-66.66257358249838,-0.02274740513328678,0.09436412466692026,0.04390910752895608,0.03184748646903002,0.08340350195193524,0.04403252522838162,0.10653657676329467,0.09954531536054109,0.0,nm
31.290858268737793,23.888164352286314,-17.416981350045408,-65.42808690144297,-0.09018274431771747,0.04487656342386606,-0.0072953801673206475,0.04929298935947774,0.11714152880832826,0.02543936319247712,0.10099532607599626,0.12961133349821205,0.0,nm
31.306452751159668,23.220912373766858,-16.821951188115385,-65.19740906160372,-0.10046681231721578,0.02549739445038613,0.02161263566280978,0.04597927683806082,0.131622060502536,0.016041072719270005,0.1058810819799014,0.14034164287006617,0.0,nm
31.31056547164917,22.44237587988062,-16.244291650518644,-64.94880949205437,-0.06690821179632628,0.003291281455804485,-0.03460067483266068,0.037331596284951814,0.15508498414880134,0.009773541818619658,0.0753972681088572,0.15981402475783188,0.0,nm
31.338593006134033,20.516950538366075,-15.129002832925217,-64.39745297248685,-0.07535923277507596,0.012054909187503744,0.040017361865877815,0.01180118254428551,0.19504167069326228,0.0119900730275184,0.08617264096377492,0.1957658884164137,0.0,nm
31.34183430671692,19.51547515144307,-14.551226351618853,-64.0854270928252,-0.038795115916182094,0.04062839931296674,0.03607149963211477,0.007175030298490968,0.20462115208305826,0.01925445611343185,0.0667598751900686,0.2056502638457009,0.0,nm
31.368377685546875,17.607833986808984,-13.252377000566003,-63.44534007860032,0.05281801373762017,0.07735583172152599,0.015944861098651657,0.021030799783847254,0.22223575241780735,0.025372935029088196,0.09501529283211084,0.22466599659104527,0.0,nm
31.370963096618652,16.771819003973565,-12.521805730144555,-63.16866782360007,0.09959633574972435,0.08597492537008265,-0.0009172574419499794,0.0341085833613243,0.22129043198994522,0.020321891631840408,0.13157491876637398,0.2248239978932615,0.0,nm
31.37534236907959,16.01310962248744,-11.773075085639613,-62.95909178303134,0.12626616843548397,0.06420858897665685,-0.0010292068075233012,0.0467780304414787,0.21554097855830148,0.01003381032224685,0.14165785349356358,0.22078671816809298,0.0,nm
31.386045694351196,15.369193317396203,-10.994259738676952,-62.83816789701779,0.12499768895275232,0.06561199789941581,0.006764791869714865,0.06594814188340786,0.20051466932498604,0.0018484969217208282,0.14133336096238044,0.21108933410585246,0.0,nm
31.436092376708984,13.958672849288437,-8.694794553519984,-62.69048772657401,0.1152919965837858,-0.02938903808674016,-0.027229032484100985,0.09809423041319935,0.15855502145989162,-0.000563587870229026,0.12205482475494268,0.1864470179482418,0.0,nm
31.438522338867188,13.525134109128777,-7.892077043262483,-62.58887069894231,0.0950132821975937,-0.03031148459418622,-0.05997674180877073,0.10558427159958397,0.16060221466792599,0.0073552608283936885,0.11637662759445777,0.1923413882327748,0.0,nm
31.440906524658203,13.075183962726511,-7.079662784172653,-62.43058438212585,0.07373794626536814,-0.030890990904663716,-0.07419993947786488,0.1055344033907202,0.1601277834191851,0.013479593522993034,0.10907414476870836,0.19225014112692304,0.0,nm
31.444411039352417,12.630092371257279,-6.275779388745392,-62.267997590733415,0.06888177080258069,-0.03751248433869032,-0.06253988790628932,0.10537550516618953,0.15758977198438032,0.015659726865974485,0.10031511555837923,0.19022029431329227,0.0,nm
31.4489848613739,12.186726595326133,-5.456650992736662,-62.1249856839594,0.07084046349587077,-0.04239319383857453,-0.06641347044004532,0.10888935028573776,0.1596810954886879,0.01298644632454488,0.10595425054255976,0.19371006853093065,0.0,nm
31.481062173843384,11.298918325872112,-3.8639563110711443,-61.992098908989945,0.0901921133519435,-0.05604444921694886,-0.09702449605654578,0.10392356988611007,0.16205325542443996,-0.005980584524096645,0.14383793113760937,0.1926061612793886,0.0,nm
31.48404312133789,10.769549190410375,-2.9953174989784683,-62.00108603047673,0.09916527561880485,-0.06471514356288167,-0.12436069495631934,0.09855550333067957,0.16348650991991287,-0.014816615388407981,0.17171891027180622,0.19146947081486743,0.0,nm
31.493478536605835,10.24764063830907,-2.1284153779309856,-62.03120768263605,0.10471599727907223,-0.06630928847307671,-0.1462123636551973,0.09885700258952723,0.1621093447912726,-0.017403194402077042,0.19167789937704352,0.19066991845867554,0.0,nm
31.511423110961914,9.275386949783114,-0.3828929000694032,-62.0776586673558,0.11078112261747207,-0.03487367948846322,-0.1563873026032185,0.1044845730690515,0.15329686695246192,-0.011846457747507148,0.1947963528020021,0.1858959224620762,0.0,nm
31.52991223335266,8.5909060821452,1.3411472202183303,-62.0563168640511,0.12109543461248753,0.013554179100839744,-0.19305034207351557,0.1176510258938676,0.12005315029390594,-0.012069330858263557,0.22828984784651782,0.1685235637432846,0.0,nm
31.558491945266724,8.45752385153539,2.9597349789300402,-62.11111286808717,0.13046506207054714,0.04567350117639676,-0.19916253610860318,0.13480081634519828,0.06277200931700262,-0.02899346658588024,0.24243126225797015,0.1514998559263087,0.0,nm
31.583826303482056,8.594484560869295,3.7314677641720673,-62.19873172394037,0.1279071921634408,0.043728386624780145,-0.18385248378344224,0.1434279649301006,0.037032515454231967,-0.039537938843619135,0.22819762793964907,0.15331743844996845,0.0,nm
31.58651638031006,8.850855050181943,4.492785853348702,-62.30712229063989,0.129383923862581,0.04398208184387136,-0.19188417437808677,0.15272883858785685,0.014847369768397733,-0.048075867714818636,0.23557198401796248,0.16080370512512424,0.0,nm
31.603527784347534,9.661261972699034,5.987430524866149,-62.543133660033924,0.12256892503393679,0.025145827275409163,-0.16668362662192435,0.16842814224913757,-0.022537507360116553,-0.054926986277758834,0.20841997360420286,0.17858597974382015,0.0,nm
31.605769157409668,10.260952891229744,6.709401372265068,-62.65991986112127,0.09889348516968761,-0.010314407635883972,-0.05397228226845771,0.17722400879066208,-0.04988051648573701,-0.055843032549824714,0.11313406059694173,0.19239246217322897,0.0,nm
31.621774435043335,12.07213981433033,7.839876972632702,-62.890818606437136,0.08774895916528129,-0.013778464917037067,-0.025229193009911537,0.1700530330787468,-0.1412674820740769,-0.07012817757642326,0.09233763106118542,0.23193209532322465,0.0,nm
31.637147903442383,13.08207570573397,8.16665543224865,-63.02144014716552,0.08795298919370398,-0.009977683957038247,-0.15881555773303918,0.1434868356155735,-0.15863386135182939,-0.07882508113720214,0.181817666532465,0.2279617673616533,0.0,nm
31.639293432235718,14.103023281337013,8.361515522626021,-63.166611124691606,0.032274324872365444,0.008973448815511167,0.04464076294086205,0.12265060786417648,-0.16379067128818753,-0.08294480347736463,0.055811759921667294,0.22079491849765415,0.0,nm
31.64779281616211,15.027472766469648,8.48045136135339,-63.290873175457776,0.021042090442263624,0.052836381420812886,-0.02747198219862346,0.0860110697839327,-0.15772234662538712,-0.08136628555421774,0.06315981774631327,0.1972174312156149,0.0,nm
31.673447370529175,17.23343563165712,8.038705166347155,-63.28026096482871,-0.0047657264664201,0.05570613995964912,0.04719206756028456,-3.751616955394139e-07,-0.15602972458957864,-0.019260903098045557,0.07316404457499062,0.15721404944785566,0.0,nm
31.723947286605835,17.882784694941407,7.627181712074497,-63.040068617677875,0.015773066948373687,0.01835073681687501,-0.06874289757359074,-0.02432691343038387,-0.15810159278432828,0.005321306655784792,0.07287746667861938,0.1600507065355097,0.0,nm
31.726978540420532,19.20704476271179,6.613152804232003,-62.4697530149166,0.014059386209110498,-0.037633685994595004,-0.08654186727428369,-0.027370535646350204,-0.16898719009646201,0.03695635942298755,0.09541202991990284,0.17513306124220793,0.0,nm
31.729473114013672,20.356733793596728,5.526199419536884,-61.97838003997202,-0.060224142346222,-0.026155408830742192,-0.05379156661018402,-0.04204360279201055,-0.168914202339273,0.022733558939692346,0.08487982899852674,0.17554625313492078,0.0,nm
31.747355937957764,20.889846013596493,4.7775493454863325,-61.83586691188843,-0.20038679368221524,0.08903929908606613,0.04586048605719295,-0.0691373768134085,-0.1198297339094331,-0.009464771306382529,0.22402242754996346,0.1386676743056106,0.0,nm
31.752885818481445,21.12966551738748,4.2777916024255,-61.86854704798024,-0.19667632420972928,0.06774139187956942,0.16695639317664107,-0.07022560480296658,-0.0995117305520744,-0.019629723442462527,0.2667300318692762,0.12336752461583504,0.0,nm
31.756020307540894,21.21533419333968,3.921235321983724,-61.87420900666001,-0.1559910064753929,0.048963351819149875,0.1548526756483622,-0.05942904655048994,-0.058876261631195304,-0.011629550190851828,0.22518870992576154,0.08445988512428135,0.0,nm
31.786293745040894,21.19614921329106,3.352773844988211,-61.66811349281729,0.014558656917711054,-0.05453999831732044,0.12059282080701554,-0.057022150457747486,-0.033570753762509106,0.019687404468958027,0.13315102079178323,0.06903705559866644,0.0,nm
31.788539171218872,21.258225576030323,2.957785675553642,-61.44782922003811,0.07960104716912006,-0.073184345822132,0.08639746552782011,-0.05311018018431738,-0.04260873135338464,0.0342524004670884,0.13840808225484794,0.07621956549674998,0.0,nm
31.795918703079224,21.407063427340233,2.6243417500752444,-61.22446244465636,0.11224016581587894,-0.02175873539263554,0.10423764943891785,-0.04859114780253731,-0.0684895571674813,0.034134092294139495,0.15471517362176684,0.0906479748395437,0.0,nm
31.832484245300293,21.989667578271952,1.7605149344462414,-61.153202953004445,0.06068395927233478,0.1211919691578957,0.15192449893941992,-0.04889138141673299,-0.11263994948120468,-0.02072082585213472,0.2035954068227683,0.12452902480931624,0.0,nm
31.83501124382019,22.417056085539325,1.385934337053944,-61.36895597638243,-0.0031457049168533164,0.21355878522741178,0.1580452081837628,-0.028718939531337726,-0.12151880594603824,-0.05469674097787089,0.2656982085695736,0.13632069233962918,0.0,nm
31.837087392807007,22.894470641824842,1.0956081136567208,-61.72839531587759,-0.062205349095990195,0.2312762600576667,0.14346616788594388,-0.009642483532724615,-0.12215248025604536,-0.08322646405912042,0.2791787156111535,0.14812444174128211,0.0,nm
31.87522292137146,23.964054553540347,0.8790664063962006,-62.47823051541072,-0.10396768013709984,0.06643230389482421,0.14003302157212133,0.03863634456547432,-0.11056451009310857,-0.07939577465338907,0.18663273197508196,0.14149546652215717,0.0,nm
31.878862619400024,25.55798708339687,0.673205396228048,-62.84752767306758,-0.05122918925880131,-0.19869520988780257,0.17760429866970062,0.0190165965851487,-0.11347950197060915,-0.01176037175339931,0.2713807347075843,0.11566129282070958,0.0,nm
31.89584493637085,26.037810371069803,0.48822915301016256,-62.887467555647866,-0.04578026853426644,-0.15194559643801722,0.16716754591573155,0.007056797567007519,-0.11258056244560358,-0.01160983475947598,0.23049573894426453,0.11339739721709889,0.0,nm
31.904908180236816,26.502337525439728,0.28406552695108267,-62.99367271252322,-0.05867691416412755,-0.07229759771523414,0.1704978560337471,0.002205025666153598,-0.11160302989044993,-0.03148767756271036,0.194266419649209,0.11598091333150584,0.0,nm
31.90747618675232,26.932043212032216,0.1525299865877905,-63.24259627846552,-0.06115300674666295,0.018403697743042784,0.17430955012315077,0.011738250714570636,-0.09879705258846441,-0.05981260869368217,0.18563998919658958,0.11608700310004332,0.0,nm
31.985548973083496,28.909717870600602,1.1041019622556123,-64.91016157282868,0.001528878683241349,-0.04908752312202624,0.14964606295276947,0.07806119724465346,-0.05927976378594743,-0.03952965252248068,0.1574987827049713,0.10568932934944039,0.0,nm
31.990836143493652,30.422119826712148,1.5472717518252408,-64.90094435221198,0.02016255201997786,0.003701018088763349,0.1925505578234115,0.06587812957387054,-0.10040448977943861,-0.015441424007463003,0.19363869281979415,0.12107612109495135,0.0,nm
32.000372648239136,31.022737467022573,1.6939699331533176,-65.0538947808057,-0.008707555426532067,0.04653881558220836,0.2219970852577041,0.07401554966281401,-0.10598136452543981,-0.04440812242452494,0.22698984281288287,0.13668369528160348,0.0,nm
32.01120114326477,32.155552268888165,2.3053769586424364,-65.77955423930509,-0.04278984606602364,0.060291400962199114,0.17609512846397177,0.1089885130033963,-0.0775153485237737,-0.0977246040912376,0.19098564926475858,0.16564185300896245,0.0,nm
32.037068367004395,33.1575579915514,3.1858137856466118,-66.62368270801318,-0.04729717488854797,-0.05732213208508027,0.09953712491665273,0.11625680501412282,-0.06345534925155756,-0.09543067847265728,0.12421951865906827,0.16324595080577223,0.0,nm
32.05568528175354,34.0675433156677,3.8815151989814223,-67.07779524346509,-0.013646596397034855,-0.11794564464066054,0.140298637649891,0.0866081942418707,-0.06458609168937213,-0.05103871490715334,0.18379638845564936,0.11948762684445308,0.0,nm
32.06191110610962,34.435747076198844,4.0924890687250395,-67.2009900917563,0.013922836732695319,-0.10409610232727924,0.14615201049976115,0.06408408018696082,-0.06001362676618226,-0.04087213591508372,0.17997292595148576,0.09684490810208107,0.0,nm
32.08560585975647,35.002466658574164,4.4172532693161335,-67.56584561463738,0.0722794287824849,-0.035587404899723334,0.14367601247934741,0.04650845844872296,-0.042920721538593595,-0.05932033000148061,0.1647227239168438,0.08674172350232985,0.0,nm
32.110880851745605,35.492492622101395,4.788849790294365,-68.29512868625616,0.09013518090009548,-0.007673569758395946,0.11685510375942892,0.05005857925146452,-0.040313399771901105,-0.09636544952639196,0.1477780422909872,0.11583320517134915,0.0,nm
32.16712665557861,35.72461053677598,4.957567699573768,-68.71367275219419,0.07925020644285131,-0.03083920671637595,0.10021183104221254,0.044901616669340845,-0.03901625917036772,-0.0990745628646383,0.13143082961376631,0.11556034209878792,0.0,nm
32.18079948425293,36.187694020759864,5.116002472266181,-69.29264718416772,0.04515820246429403,-0.05245601803310812,0.04344588059127962,0.020535931389853358,-0.05262795428033159,-0.062292986676204073,0.08172173283801355,0.0840942461695399,0.0,nm
32.184168100357056,36.650102249835925,4.802202423513935,-69.50371862992202,0.038943379541278224,-0.015598189748625733,0.020785193805752132,-0.02517991935732669,-0.05849636398526445,-0.030433204916665218,0.04681788776816888,0.07058351719656478,0.0,nm
32.18623900413513,36.98924410477155,4.396238536597342,-69.57203053307929,0.07002726851611839,0.02676925371822107,-0.008379258438677397,-0.039520266580160994,-0.03068771241510914,-0.04173846081713688,0.07543621976505176,0.06515893089380077,0.0,nm
32.19820427894592,37.05136701737834,4.169794635180834,-70.01496874799875,0.057641842689276614,0.05417016460420277,0.021226351479139993,-0.032998977783977194,-0.0012890934061329136,-0.07211663412792217,0.08189961391226289,0.079318366186765,0.0,nm
32.20357584953308,36.86438597067196,3.98819150008688,-70.6166710421829,0.0717089047219157,0.09001058512483663,-0.028041996489371415,-0.04778787233041687,0.021398403378328823,-0.06492834467769121,0.11845009927409164,0.08341020532042209,0.0,nm
32.2287232875824,36.53621573081752,3.7595049047208615,-70.71038212920404,0.06499826156670319,0.1589825914783057,0.02351523846566379,-0.07399484739073343,0.031117609078858906,-0.020417014756123134,0.1733586018631566,0.08282751672430101,0.0,nm
32.25256419181824,36.235973274481196,3.526759179773001,-70.59250656906258,0.10383770587632507,0.18318593447125978,0.0760580923687917,-0.06996205776772943,0.029613922399898514,0.0056188113887097315,0.22388432094397884,0.07617903234108592,0.0,nm
32.259069204330444,35.896520254959206,3.3326017403431063,-70.57776499432954,0.12463617835535315,0.16450031431938078,0.09021171527958749,-0.06286404436723811,0.042616868933259375,-0.004110236821427374,0.22523917052743697,0.07605905362682938,0.0,nm
32.26334500312805,35.74343772455283,3.296594743494819,-70.64719404822462,0.15145547096447964,0.14369784650051942,0.0460961022124152,-0.05075698227055389,0.04978673552362083,-0.023230369415036128,0.21380524178124494,0.07479732847148578,0.0,nm
32.29046440124512,35.542660533491016,3.2879472171867516,-70.99938922260196,0.1690871590402524,0.09747569814659728,-0.004253818791039739,-0.03032298198887467,0.04440851767910968,-0.05950966123429705,0.19521801672944317,0.08020598144386872,0.0,nm
32.29269456863403,35.521407290494565,3.2894700284689122,-71.19772806093052,0.16320712964592746,0.0862649639361904,-0.021914702863832562,-0.024179519480552858,0.032371452772977545,-0.06506879328605959,0.18589907307941284,0.07659313269900575,0.0,nm
32.299784660339355,35.5520490800236,3.299681320379578,-71.37751000507568,0.1664474005980489,0.05753974624891016,-0.023853997005457078,-0.018073993730818184,0.02211099378338889,-0.06077960687135348,0.17772049048259095,0.0671544928274125,0.0,nm
32.32228326797485,35.84551443767051,3.4527099754090953,-71.60073586377128,0.15274706245072545,0.11981259485705205,-0.0638859920111835,-0.00021420919982949722,-0.006329510301966318,-0.05200806235056279,0.2043725591877709,0.052392243087159535,0.0,nm
32.33975577354431,36.241781600357186,3.775458035422805,-72.00703105138358,0.09631578329310088,0.12933495296257985,-0.060541866348884595,0.01688055492067901,-0.01203125982072535,-0.08143231112391731,0.1722485928830843,0.08402931418431504,0.0,nm
32.35766363143921,36.45961969144154,4.008767420843479,-72.28736789283545,0.0563647252949333,0.10516540119679152,-0.02122024257777789,0.03030495632381717,-0.022381847264348418,-0.10353823637723919,0.12119010917362502,0.11017941666600956,0.0,nm
32.383371353149414,36.79084611774827,4.430337278331814,-73.02832563066939,0.02852242942534705,0.012030155887201103,-0.04105099105626485,0.03978623420991171,-0.023321561349773288,-0.12619944501913383,0.05141437053680419,0.13436197222255472,0.0,nm
32.38579344749451,36.938898996556226,4.55270480798192,-73.43783914287422,-0.020878558680161426,-0.03989122679229325,-0.026242192093236735,0.036030615617634966,-0.030917511829733367,-0.12156309310339333,0.05211407519484016,0.1305054918552922,0.0,nm
32.38804340362549,37.068217979712394,4.5973044007626385,-73.80788167013749,-0.007730275862599953,-0.05336430941815131,-0.06412977108618612,0.024547306647469003,-0.03206496100160464,-0.11204396364022653,0.08378624125806527,0.11909904187646393,0.0,nm
32.442155838012695,37.199791475086364,4.596882322681096,-74.1459760901186,0.002222446450838308,-0.04254313460780226,-0.07891079690675873,0.013454112188097432,-0.03267469691687062,-0.10363522144022669,0.0896759245223831,0.10949387232326788,0.0,nm
32.44466257095337,37.510069167775896,4.658142161293886,-74.87982799206138,0.05178781363823291,0.02004498786982999,-0.07170496979550839,0.007726221655634981,-0.027664285838037882,-0.11505743766230654,0.0906938910484314,0.11858845295144137,0.0,nm
32.44735860824585,37.700081518723465,4.785191184658497,-75.38092864859952,0.057845407127157425,0.05574124994763581,-0.04290684635100765,0.01740755238619644,-0.02438309739222124,-0.13362561688898503,0.09107236427819573,0.13694292171367792,0.0,nm
32.44976353645325,37.99938404078138,5.242510886131155,-76.61413684510885,0.045436240997676035,0.047517380462066855,-0.06767802150392549,0.038586520404442895,-0.00925161362109969,-0.16470980773474275,0.09435395082698715,0.16942205486751874,0.0,nm
32.45196294784546,38.117040488743264,5.45667112740739,-77.28702481037716,0.030322271564629535,0.010811379498167016,-0.040548189730909935,0.04052842860388924,-0.010190138739406319,-0.1668502448523932,0.05177336931228638,0.1720040600100255,0.0,nm
32.46967959403992,38.1800467896359,5.625307346647269,-77.90802011833993,0.02413905933574008,-0.02447902872354316,-0.0264644631458409,0.03665957862533962,-0.005148456707034603,-0.15635241270523298,0.04338530675770315,0.1606751638250267,0.0,nm
32.473031997680664,38.22878030015173,5.7498545550245295,-78.45773302994102,0.007322897803202117,-0.03585777379550619,-0.0036851188272596733,0.02866764382757976,-0.003753674498940393,-0.14056086524705336,0.03678294271230697,0.14350359129258494,0.0,nm
32.479084491729736,38.2570905214734,5.831790423373854,-78.93865858393819,0.03890947950397295,0.004419747573967554,0.030620930808045684,0.01610597891877773,0.0011072869330635473,-0.12855372995767875,0.04971039295196533,0.12956345984619289,0.0,nm
32.48590898513794,38.272100856905844,5.902549983318589,-79.38040381662825,0.06407340240794537,0.006713018790287277,0.05039310715385642,0.006739806103745246,0.008640552018570006,-0.12324904518398178,0.08179199695587157,0.12373524665294396,0.0,nm
32.4991455078125,38.29272080066247,6.004127983011857,-79.84410537574551,0.09119561456945498,0.043209117096778084,0.0800967245234643,0.006686947727604526,0.013299285244816052,-0.1259920768582823,0.12883770098993305,0.12686839515418333,0.0,nm
32.51069974899292,38.326387589902126,6.150612420618007,-80.36267776824127,0.13031573425663517,0.05525413556323888,0.07891884188422565,0.014195844256868423,0.018142940108872258,-0.1364696395759446,0.16205984603236592,0.13840032801965324,0.0,nm
32.51737833023071,38.38811491850433,6.333653839270046,-80.95331974335052,0.1502632054932596,0.014902569007728109,0.08027402075623397,0.0262745650663431,0.016881852723776968,-0.15042034018097183,0.17101180045982775,0.15362821505495688,0.0,nm
32.54423499107361,38.38132414197574,6.769354178652532,-82.30625749620106,0.117735058649239,-0.038133316095737176,0.12975013575227812,0.03953259214498646,-0.006942755423308925,-0.17324164097913933,0.179306418065087,0.17783052005692032,0.0,nm
32.54653024673462,38.48134203307393,6.955208031415787,-83.00135226041994,0.09039798353242193,-0.06411037275035283,0.1575928583786555,0.03446963837032908,-0.02162014350942455,-0.17364689938494407,0.1926588807526717,0.17835030765533955,0.0,nm
32.60135102272034,38.77744561763758,7.127844845775538,-84.2151458965265,0.07838479223010174,-0.011092356281873886,0.1514314933887679,0.007173680924651206,-0.03725965148310226,-0.15303504684631727,0.17087630968274303,0.15766885833894234,0.0,nm
32.6044237613678,38.96203050240291,7.098044502414458,-84.74418603321948,0.08124233007383735,0.050425443452550275,0.15290914003657718,-0.007489815351515506,-0.0435782797938224,-0.1432869891265458,0.18034479934264325,0.1499544099276154,0.0,nm
32.60707139968872,39.17974380636365,7.061877229044914,-85.23568973376597,0.10885687014777698,0.1143204534280616,0.10987745396524275,-0.008525055157737129,-0.05018534593142409,-0.1341021890593954,0.19233314623395423,0.14343863713177488,0.0,nm
32.60934329032898,39.46698884179111,7.076026582382244,-85.71025117432151,0.0980956168067176,0.17309656684666969,0.11241907977853377,0.002250499308771649,-0.06307476233878617,-0.13005001133374935,0.22852400527963426,0.14455620304622516,0.0,nm
32.61169362068176,39.82658449677079,7.153884965215123,-86.27864764106144,0.11516669711763647,0.22224888601394113,0.056736413054514837,0.015432877187148275,-0.0765161718402886,-0.1346936888815519,0.25666506584596926,0.15567687071587247,0.0,nm
32.61406183242798,40.25229651060652,7.297064732895303,-86.87865119040481,0.0994565991957436,0.22631682326256006,0.018482746513185207,0.028572460987863195,-0.0889439056342511,-0.14288383654660525,0.24789621121330252,0.17071377982651117,0.0,nm
32.63672947883606,40.81830263735793,7.746438283386136,-87.47481525972364,0.07171328356331604,0.20583605760669407,-0.026919896497014956,0.04420170492981126,-0.09748525612064299,-0.14648478666421721,0.2196268619224635,0.18142480151200577,0.0,nm
32.65742588043213,42.31832593025686,8.958003278994576,-89.14659851228758,-0.05854263359401509,0.01903800117782925,-0.1262921472661307,0.05679024185953244,-0.09519923993775933,-0.12918462556384955,0.14049694622325487,0.1702254221239098,0.0,nm
32.675143003463745,42.864471632707115,9.466120981917834,-89.98430429809606,-0.10624042379753786,-0.02523266055074711,-0.1400509167959821,0.04003181035630296,-0.04292323695465186,-0.0981303453413659,0.1775893411850632,0.11434384455616282,0.0,nm
32.68054127693176,42.85584032847691,9.612112197944079,-90.34698571441102,-0.12546797806479965,-0.03892180162249038,-0.12456574741388553,0.024303217983286097,-0.0037551137960286324,-0.0848172316135004,0.1810352053883152,0.08831030552853056,0.0,nm
32.72029519081116,42.689148369390516,9.70736351070699,-90.6559926993563,-0.09517993649548578,-0.008993146685329446,-0.12962617386434205,0.014364032453925566,0.02741210020586951,-0.06874719641348476,0.161068438712546,0.07539181441475135,0.0,nm
32.723397731781006,41.94597206096119,9.8930264149148,-91.17866294259866,-0.029044928456433663,0.05593359463323795,-0.09055955233687867,0.0021727219993399106,0.06236416140701277,-0.047583916804581496,0.11033225909538244,0.07847444480435456,0.0,nm
32.727375745773315,41.63397127235482,10.043722634574978,-91.36265173584724,0.009266000020959522,0.07730478838652027,-0.08085006812015334,0.0076200033048841025,0.057915003980881986,-0.03838951307116934,0.11224358591432536,0.06989969134633932,0.0,nm
32.74363040924072,41.43154882174582,10.262460611730775,-91.49093318928848,0.04833492320363844,0.0892273523144556,-0.09479087916218884,0.017661305108525746,0.04549962831729585,-0.03090428063306534,0.13886358764805948,0.05776861117073671,0.0,nm
32.74576258659363,41.33188242245462,10.495543710929288,-91.58677464421025,0.051526471670499195,0.06414286731768253,-0.10175450624322355,0.0,0.0,0.0,0.13085589116026378,0.0,0.0,nm
32.748310804367065,41.28586320436784,10.722043003490919,-91.65718922964129,0.00657015552004888,0.014649090887370514,-0.0783360626877753,0.0,0.0,0.0,0.07996437659862755,0.0,0.0,nm
32.76391077041626,41.24897012356755,10.904353636580291,-91.72020001262025,-0.05585217149451767,0.010997563311729859,-0.048357516622630055,0.0,0.0,0.0,0.0746917724609375,0.0,0.0,nm
32.785810470581055,40.930699625925634,10.968542973872148,-91.83337489662433,-0.16599578357636777,-0.0714590138297467,-0.047898792860286775,0.0,0.0,0.0,0.18696332576236688,0.0,0.0,nm
32.78822636604309,40.68476347584615,10.969881112672478,-91.83558239280494,-0.22460236537435463,-0.07124666961237763,0.0362589649201172,0.0,0.0,0.0,0.2384051656313023,0.0,0.0,nm
32.79257845878601,40.34959098153949,11.01879702631669,-91.84353042908896,-0.22436567006715202,-0.05392389614642799,0.059021431677557856,0.0,0.0,0.0,0.23818326951648283,0.0,0.0,nm
32.81655693054199,39.56203675649098,11.590157577321902,-91.96132302834873,-0.14615634720726564,-0.003875634832327413,0.043276023273622184,0.07158064151193355,0.041313445844075945,-0.012334721861866392,0.15247790844808773,0.08356275731557058,0.0,nm
32.819188833236694,39.2143511779435,12.122176113553026,-92.1022458708296,-0.06645892393202053,0.013915275238522597,-0.05339262938473641,0.09830760501105114,0.042425460065120955,-0.02638556250502374,0.08637821674346924,0.11027466968190172,0.0,nm
32.82827877998352,38.94250532637077,12.632906091309916,-92.29444029670573,-0.06585376656347124,-0.06353396703216284,-0.0672073906300052,0.11315292412932822,0.031071602701870506,-0.039332492427163336,0.11353465062585179,0.12375812576963685,0.0,nm
32.83768153190613,38.80298619701679,13.247694508942647,-92.46982502381616,-0.030245604032677682,-0.1759954144560715,-0.18302081965460953,0.11827483882535943,0.017653023992355587,-0.04133129480258827,0.25570647801710267,0.12652605536132822,0.0,nm
32.855002641677856,38.78545306452064,13.80421907592807,-92.62250383593808,-0.044764262702357886,-0.2954913104692869,-0.25798681304760773,0.10561291580235069,-0.005842187445012271,-0.042260101904968164,0.3948115366660446,0.11390406204975909,0.0,nm
32.879337310791016,39.27579191119963,14.280851483517315,-93.07059775841604,-0.18192594776042492,-0.3483485120452805,-0.2285758927144958,0.008432570284856342,-0.06949014412507745,-0.08455577971365637,0.45463246149270786,0.10977098093356669,0.0,nm
32.88215184211731,39.62978786406326,14.150988240698743,-93.39370919852554,-0.2573392105618635,-0.30657422957364583,-0.22217128008116582,-0.035641114870281085,-0.07128759092483004,-0.09467327885136055,0.45778958619018567,0.12375475513098458,0.0,nm
32.88542032241821,39.5664177655431,13.609355633473227,-93.75765304447273,-0.37224820118861895,-0.24597870510430878,-0.11078344912964547,-0.05660683358929224,-0.07159712362136346,-0.08196461118052137,0.4597251562118564,0.12267305819059322,0.0,nm
32.898014307022095,39.38816606628689,13.049179652426265,-94.04770070436363,-0.4088889480789047,-0.1688703556121718,-0.07773419353904411,-0.07771897719385154,-0.05401568663068809,-0.061906909555131354,0.4491658643650696,0.11309464739283787,0.0,nm
32.914700746536255,39.43557055254008,12.027278675029772,-94.13894562259921,-0.4781637791649471,-0.148885579037827,0.02019690306582367,-0.11409418061585426,0.016814584321966267,-0.006177751824846138,0.5012139565536694,0.11549189111765845,0.0,nm
32.93203163146973,39.16938538175254,11.442045455423225,-94.03944316372386,-0.4108892192948908,-0.07860801571001322,0.0404927490691746,-0.11915062021935095,0.055764821251590796,0.018487506396120408,0.4202961258372597,0.13284718092840536,0.0,nm
32.939555406570435,38.43368987896789,10.825621747198909,-93.97497413652668,-0.2926189251940538,-0.03217922437214052,0.03356103890315323,-0.11230484096282994,0.08672971634020676,0.029469844188062245,0.29628986009510144,0.14492374793872784,0.0,nm
32.95383834838867,37.01841895106065,10.250038091425486,-93.77157543036338,-0.06911960269979632,0.029454346708597492,0.026401782031774644,-0.037983751007502176,0.11820035415558874,0.033184792447906404,0.07963750443014457,0.1285119430750199,0.0,nm
32.97134256362915,36.42946520413864,10.182440733614008,-93.71306305445437,0.0,0.0,0.0,-0.008383819288931353,0.11184879558373519,0.020694303542730642,0.0,0.11405566929583251,0.0,nm
32.976736545562744,35.994363180436636,10.093158052326181,-93.67598365635178,0.02742578820628913,-0.10319383860453514,-0.06554031816937159,0.005990525357351349,0.09207085182393518,0.010792255667013782,0.1252863739215783,0.09289456890488425,0.0,nm
33.00657773017883,35.72338682422768,9.890182218308173,-93.61276155791516,0.0407457329163058,-0.19396661065012588,-0.10794971029290203,0.003844885530005009,0.06330633509380153,0.010114060959226897,0.22569094078032007,0.06422436793643427,0.0,nm
33.00881242752075,35.75022674962419,8.970834604631591,-93.27400480637786,-0.050886022996956735,-0.28660273330336317,-0.07072549094762437,-0.04939062839726305,-0.028244370833964298,0.027318424081452197,0.2995540170706913,0.06311477601621578,0.0,nm
33.01103448867798,35.989612975574026,8.353877171622479,-92.98817384498611,-0.10610273487106603,-0.2354639460848169,-0.04660844332447896,-0.07879856994482368,-0.07005662155530588,0.03855654607045142,0.26243743490989324,0.11226643351409833,0.0,nm
33.02762532234192,36.27161654982246,7.741731246915296,-92.69653539690658,-0.1823629180676919,-0.14262844986593437,0.023777503251058756,-0.1011062391968705,-0.0942486618449856,0.03912583493585921,0.232732632559719,0.14365275083872686,0.0,nm
33.02986431121826,36.479563113923014,7.201713825249679,-92.46969416951234,-0.24515486529350858,-0.0513025090496724,0.05329642865272528,-0.1055618169099941,-0.0928933922008995,0.028656133231351574,0.25607296756784986,0.14350489007592118,0.0,nm
33.03905153274536,36.546450201495645,6.826823938298348,-92.34169338203648,-0.2876141509062628,0.032326179077076446,0.04523395036956474,-0.08857674510051014,-0.07564509905611616,0.012607595556151815,0.29293854632207417,0.11716216219205701,0.0,nm
33.06449794769287,36.08002631087083,6.479364277755347,-92.44695951755234,-0.34039715830419476,0.07476041191925555,-0.0035301831392638944,-0.04665682812731822,-0.009194547275801195,-0.025544034300511397,0.34852805735679954,0.0539805242550937,0.0,nm
33.06870150566101,35.53997396076132,6.350564053703572,-92.60070737330533,-0.34191363890600274,0.018204445255778176,-0.024001693322347424,-0.03545369191833189,0.028036187941824782,-0.03002244344260295,0.3432381382937436,0.05426176568462923,0.0,nm
33.09254240989685,34.09765820937575,5.893537558621282,-92.76804849175664,-0.2568306000024704,-0.040142465600063466,0.007231431200170487,-0.04746692854635967,0.09207036536672857,-0.0045253211106152345,0.26004935731372997,0.10368481092012603,0.0,nm
33.09479308128357,33.327221141490504,5.514510990026698,-92.72806089166005,-0.18877001115657552,-0.06560458828472272,0.065977482423442,-0.06190564444427959,0.11204655071186453,0.012284599353667946,0.21045452549897145,0.12859879362485535,0.0,nm
33.15081071853638,32.71946258347101,5.172345957309309,-92.62096803120411,-0.07388776877347067,-0.049629933127895626,0.10701489729651145,-0.06990778256872811,0.11813314178785832,0.021803284762615376,0.13919310643844454,0.13898892214412809,0.0,nm
33.15419292449951,31.667104681254383,4.458276145408857,-92.59955723512779,0.08582910514071375,-0.014777119496866392,0.13940294024368852,-0.07298171533885744,0.09271191788982801,-0.012482863810392169,0.16437207274493365,0.11864928310580317,0.0,nm
33.15789580345154,31.205008129396298,3.911563715767343,-93.1010651409403,0.10520912229371633,-0.06042184503496813,0.1492953870280135,-0.05752882280115208,0.023830174025194918,-0.07203011965507992,0.1923768992345188,0.09521439378834778,0.0,nm
33.1743438243866,31.39304403650358,3.2398410531038753,-93.8648598120785,8.920734363456973e-06,-0.22168587606414522,0.2129451040393356,-0.0851547966945679,-0.03051715903016287,-0.08680023342727854,0.30739265615858574,0.12536712854012205,0.0,nm
33.17776846885681,31.54548517686658,2.7174281091782766,-94.14955307858108,-0.019258757523301924,-0.22970199771057306,0.20692195669900904,-0.11403572431363979,-0.02949279094768534,-0.06912501507951872,0.3097589444353722,0.13657319959407854,0.0,nm
33.183462381362915,31.69103837078209,2.0430150246271235,-94.31924885332342,0.0017298916303430507,-0.16999060487339537,0.1886900393188853,-0.14438465156849684,-0.02556492412360679,-0.0456540274481093,0.25397584374983,0.15357338042849328,0.0,nm
33.20149755477905,31.821980784870306,1.2984072186656836,-94.37765025617108,0.03078422415853157,-0.033632290540656376,0.22473411772052784,-0.1582097414019571,-0.02145128663462016,-0.022846422413070534,0.22931250094942035,0.16128372202374058,0.0,nm
33.22276067733765,32.19463131422771,0.0004065349230197274,-94.34693018682948,0.10242494983763883,0.18625646970630075,0.12294946635087708,-0.12826104255336276,-0.048506704048785584,-0.006257437717033841,0.24555837214939835,0.13726962847379812,0.0,nm
33.24657845497131,33.2672614604144,-0.37126133862251387,-94.64958246173126,-0.06028519845306388,0.0641958263932254,0.09913848356714246,0.010860547101313381,-0.08298222398501055,-0.04468253274280473,0.13260410326542313,0.09487112159740774,0.0,nm
33.250410318374634,33.54007701022677,-0.14429493069608199,-94.90416173027779,-0.10865645291985129,-0.04590208480624578,0.016601956557749986,0.03345704791970212,-0.06507199892055349,-0.06117511870855894,0.11911696399853826,0.09537365594347338,0.0,nm
33.25799059867859,33.57043664485958,-0.10595398851857435,-95.2036861323351,-0.1558699017173726,-0.12976697254174033,-0.020941971895006663,0.028754926678395316,-0.04850325492758973,-0.07041468436821098,0.20389570768136203,0.09020886498302383,0.0,nm
33.28023052215576,33.266704765613646,-0.3505531878402114,-95.65256609302281,-0.17274707292657426,-0.12109579415743411,-0.027428802845960148,0.0,0.0,0.0,0.21273946928786247,0.0,0.0,nm
33.29801416397095,32.96849094155551,-0.5573824599979232,-95.7320488064686,-0.1436062372930878,-0.04884077739435037,0.004515253707108588,0.0,0.0,0.0,0.15175164065670818,0.0,0.0,nm
33.30800533294678,32.59556135919837,-0.7707563278895058,-95.72661706165752,-0.10293402779375592,0.011009094012179881,0.05078316292007659,-0.04695734286821323,0.05023805331987994,-0.00997024161410916,0.11530630453267407,0.0694856803122611,0.0,nm
33.31118702888489,32.186459125159004,-0.9239069866854688,-95.65930254351211,-0.03842714403983136,0.0687360314449117,0.07049235574801826,-0.04443146838722506,0.06844274232048767,0.002158682062147676,0.10569039519634223,0.08162857506804275,0.0,nm
33.32405209541321,31.46044956841314,-1.017128883363967,-95.56845216982221,0.06319539225822925,0.06490906066158089,0.06973195455384311,-0.019183252596016727,0.07416175907963185,-0.007835753439391437,0.11432142950706788,0.07700235530106125,0.0,nm
33.341041564941406,31.211585386376015,-1.0235384047508955,-95.64142350755337,0.08281273568542204,0.03128562234976105,0.07785235177346209,-0.010644765580474712,0.05991141668828887,-0.025524627046873267,0.11788862555045049,0.06598632790012648,0.0,nm
33.37609243392944,31.00493580111636,-1.0208364711384457,-96.02824883128115,0.0815262206978843,-0.0077277510567687,0.049204439648662696,-0.008416089157480522,0.018921084741254722,-0.05551601745960223,0.095537006855011,0.059252562805901174,0.0,nm
33.37824201583862,31.03173524569187,-1.0333813574165456,-96.28279937286025,0.04236219643871506,-0.003326340978867649,0.07371067690758716,-0.014851096790456644,-0.0025532387673330354,-0.060890247980005044,0.08508163210467157,0.0627271584176187,0.0,nm
33.38043189048767,31.105832944804366,-1.0514106727365955,-96.530814989473,0.016888222409871794,0.040965115252997404,0.05866911277177214,-0.021772623824027042,-0.017516609359023914,-0.05942131664158586,0.07352154457901149,0.06566408168122694,0.0,nm
33.38719058036804,31.219395019184525,-1.078953358104808,-96.75464822449271,-0.01603448036468419,0.059413346065531204,0.03673312989320791,-0.028399100534566707,-0.029336793731734246,-0.05443807599675378,0.07166849435434862,0.06804895661109793,0.0,nm
33.412628173828125,31.36785693856256,-1.162682788088824,-97.09869726297262,-0.03950184299674698,0.005128510939098127,0.01022913850656173,-0.021895287931737437,-0.023212947064764566,-0.040474004366806225,0.04112581305188411,0.0515401743742636,0.0,nm
33.4150276184082,31.364623118471158,-1.226601620601821,-97.23145670613056,-0.03315568585682382,-0.02574880736134728,-0.017441620874892157,0.0,0.0,0.0,0.045458890482628724,0.0,0.0,nm
33.43117332458496,31.305266274764534,-1.3647077174732898,-97.37939175900829,-0.030065652472147736,-0.07740514403477583,-0.04081400461521425,0.0,0.0,0.0,0.09252720007841524,0.0,0.0,nm
33.44049525260925,31.20155114833013,-1.6076145510002404,-97.57217548401984,-0.03059359912571452,-0.11818789479571527,-0.0391382016185527,-0.02639994867812889,0.01314423062285194,-0.04911749793305853,0.12820353197023263,0.057290982641935606,0.0,nm
33.443188190460205,31.03741174990031,-1.7849433385680902,-97.81643551853601,-0.16065064859988276,-0.13725593541682135,0.397704039326386,-0.038914922284102864,0.03063955703185938,-0.059792118874825384,0.45035133573603753,0.07764181290405048,0.0,nm
33.46519422531128,30.48213114546556,-2.003787093146268,-98.07567997913957,-0.03395875706967804,-0.24589835331107163,0.3414432375949369,-0.036294122168139986,0.10948005193608573,-0.06539466890993617,0.42214059487583816,0.1325881133349595,0.0,nm
33.46853566169739,29.765449473027854,-2.3332796342266873,-98.29120489239477,0.23169230410768119,-0.23670386870421717,-0.19334908365722298,-0.05330845216819364,0.1447013956448604,-0.05825743210184719,0.3835282432798885,0.16484602927956848,0.0,nm
33.479994773864746,29.734175347053363,-2.932909119122154,-98.46478486062588,0.2794204998067395,-0.08400645709124191,-0.06447429502217455,-0.10689991528431254,0.08128700619017801,-0.04497287182428375,0.2988140479694306,0.14162531010832313,0.0,nm
33.49675011634827,29.76677967418143,-3.840822813552356,-98.54985869819551,0.2836312674467613,0.12399516542725168,0.1391472705957232,-0.07608614744043696,-0.020486382993678352,-0.008806280909436994,0.3393868881336272,0.0792864698668537,0.0,nm
33.50574040412903,30.009160186179813,-3.934767838952464,-98.62805997863397,0.3016115767275319,0.13488540110929223,0.09576209573934653,-0.03427543066443138,-0.05197058747282011,-0.021858038311538607,0.3439970837505375,0.06598121663269767,0.0,nm
33.53266453742981,31.021444584574873,-3.869758185786872,-99.27722984527998,0.09777003287143045,-0.10306598212309472,0.02468451439851978,3.702400238422678e-05,-0.08631982140225092,-0.0768283831866963,0.14419050332726285,0.11555826842236382,0.0,nm
33.53644275665283,31.4996801752246,-3.860524137217016,-99.63184860403152,0.0020019794441227066,-0.16453723619560795,0.029044737265252116,0.013683377099077566,-0.09990141635161885,-0.07409163057721975,0.1670931081145823,0.12512832420953404,0.0,nm
33.53956055641174,31.87118246294401,-3.9915222975726286,-99.95339509362088,-0.0712384255266474,-0.19805141528652095,-0.00792508921926736,-0.00193798238062202,-0.08969170232042713,-0.06884727635554376,0.2106230837482991,0.11308538677663144,0.0,nm
33.55711054801941,32.225794215498524,-4.566156533606708,-100.38510779435029,-0.10066061829492991,-0.11502169546594762,-0.039015535205264594,-0.04284353150431833,-0.04108967329515574,-0.04213564440286409,0.15774904909612614,0.07279657940115568,0.0,nm
33.563637256622314,32.243493142161206,-4.794808686408385,-100.51129277837728,-0.054270206483834335,0.004399159091576623,-0.06646479248482362,-0.05138630673392269,-0.015581724856130151,-0.0345925150277234,0.08591959353117123,0.0638747584354587,0.0,nm
33.58693552017212,32.020885123253485,-5.005862518775763,-100.78269558656478,0.01872399280410851,0.09831592025499061,-0.008766447427919571,-0.034029869602914924,0.027416274953834554,-0.04004603439769694,0.10046620666980742,0.05927367905333003,0.0,nm
33.611470222473145,31.799810146848944,-4.9482426239751565,-100.91569938123976,0.030933475209321187,0.111147859320988,0.04778809971620638,-0.012276318658170237,0.040925202898177776,-0.039991720876570776,0.12487765610648653,0.05852279872599656,0.0,nm
33.628812074661255,31.46432437675788,-4.890260621277126,-101.09027380352425,0.13084508134020192,-0.06032886609140228,0.01580141269323098,0.0,0.0,0.0,0.14494720431212257,0.0,0.0,nm
33.6313955783844,31.55927894393751,-5.004212922731729,-101.04353856089648,0.14329859656703017,-0.08252978775582527,0.03002040247959815,0.0,0.0,0.0,0.16806807611839644,0.0,0.0,nm
33.640952587127686,31.75597974809494,-5.187500450754189,-100.99711659746721,0.14225731475965822,-0.0745401601649057,0.033501672052729164,0.0,0.0,0.0,0.16406017527226674,0.0,0.0,nm
33.662973165512085,32.36893036688781,-5.5470988232059115,-101.05448717822442,0.10577429547035282,0.048657581827285024,0.05356241427826293,-0.06538738364431423,-0.042338174793382866,-0.016657609291984045,0.12815886264650098,0.07965869024788298,0.0,nm
33.67699694633484,33.090979673099184,-5.753523149417666,-101.34315788104686,0.024639157568793695,0.12282537202117406,-0.012622042936292412,-0.06232791614813791,-0.06522254978623335,-0.03337473720688527,0.12590661644935608,0.09619055679023618,0.0,nm
33.69322633743286,33.418016926389484,-5.7803342492106164,-101.48262749091329,0.02396595036334444,0.11797950241016816,-0.012186930172906727,-0.0533760812268214,-0.06656497298494111,-0.031058232219292534,0.12100434303283693,0.0907993142276178,0.0,nm
33.723673582077026,33.673665018541364,-5.960210594427159,-101.59857056106873,-0.08498352477627615,0.020724010545282733,0.030790533567010104,0.0,0.0,0.0,0.09273478880022376,0.0,0.0,nm
33.72658371925354,33.69927967281224,-6.445220462815885,-101.5151355164498,-0.04056903415893224,-0.09009055962462768,-0.003722058180589505,0.0,0.0,0.0,0.09887370319335116,0.0,0.0,nm
33.74355959892273,33.64359754321321,-6.97830089192105,-101.49744667636135,0.008470677924263249,-0.05671846064611031,0.07964709030384166,0.0,0.0,0.0,0.09814476632214922,0.0,0.0,nm
33.7529935836792,33.63041968366003,-7.1726762010565395,-101.59786035269678,0.08348368286351714,-0.01903494238216392,-0.014800995507615069,-0.03817827489200736,0.021264268431850444,-0.0299165338630379,0.08689605171677851,0.05295987900335276,0.0,nm
33.801527976989746,33.66136975514049,-7.316338017939336,-101.75420383051153,0.10280077355501943,0.004951720753170557,-0.0005265061255952308,-0.03877605962155827,0.01544693949520387,-0.039987248876453836,0.10292130872967004,0.057802861626831153,0.0,nm
33.80443835258484,33.702928778522086,-7.3673959391521295,-101.90080042129003,0.10171628318000171,0.052527224717973026,0.0502953554304731,0.0,0.0,0.0,0.1250397311993446,0.0,0.0,nm
33.80670499801636,33.75552938645489,-7.314599444443232,-102.02271422176827,0.10660744581146184,0.041289703442938704,0.05642731024752651,0.0,0.0,0.0,0.1274912877596748,0.0,0.0,nm
33.80906701087952,33.87834564542639,-7.295684152320473,-101.98704491301378,0.12539528002724903,-0.029046888464391133,-0.01851257676427844,0.0,0.0,0.0,0.13004004568219854,0.0,0.0,nm
33.82719039916992,34.06115667293389,-7.297407462920454,-101.9123574592323,0.10828099168918164,-0.022738711415170858,0.000795142213285305,0.0,0.0,0.0,0.1106456253502794,0.0,0.0,nm
33.83183836936951,34.210564578673285,-7.344609133759016,-101.84736634574213,0.0501578953755425,-0.06357642332007157,0.0492906895604897,0.0,0.0,0.0,0.09480162523936694,0.0,0.0,nm
33.83403444290161,34.33749265391876,-7.423162940298398,-101.81742771985094,0.012219238960876897,-0.07071272425564112,0.06079856884293132,0.0,0.0,0.0,0.09405352277180269,0.0,0.0,nm
33.83832812309265,34.45939840509887,-7.492212346586915,-101.82654332144581,0.0038212271237098444,-0.05574997673205854,-0.015217285820376056,0.0,0.0,0.0,0.05791569277920331,0.0,0.0,nm
33.86319923400879,34.64459868632176,-7.549584680882967,-101.96448102681693,-0.024228559783135,0.01014990230353916,0.03702247847664788,0.0,0.0,0.0,0.04539501667022705,0.0,0.0,nm
33.86544322967529,34.618666364954734,-7.481121637845278,-102.03681538481996,-0.011647435509650394,0.0586904646861458,0.027305963294684245,0.0,0.0,0.0,0.06577118693225656,0.0,0.0,nm
33.92359375953674,34.20623357060888,-7.052713730011433,-102.05963539836631,0.0,0.0,0.0,0.0,0.0,0.0,0.0,0.0,0.0,nm
33.92585492134094,33.99526416334268,-6.912058796889438,-101.99217806284915,0.03612541126417637,-0.00466125085986749,0.024306064562066867,0.0,0.0,0.0,0.04378992319107056,0.0,0.0,nm
33.92844009399414,33.79273180119695,-6.815783717194659,-101.92777740968518,0.04330669840946471,-0.05199224018113856,0.040812485341795775,0.0,0.0,0.0,0.07902102331630378,0.0,0.0,nm
33.93054747581482,33.642450693421,-6.753981935718879,-101.88778943593287,0.07891266874659032,-0.07335781016481285,0.024542537894896247,0.0,0.0,0.0,0.11050300343071329,0.0,0.0,nm
33.94124126434326,33.5357508180267,-6.690081267137056,-101.87789179890366,0.09055576320785202,-0.05823052989945467,0.0320174915944185,0.0,0.0,0.0,0.11232212885503244,0.0,0.0,nm
33.956708908081055,33.42068527734858,-6.484216699877731,-101.94315473084166,0.077401832633963,-0.010439343768996677,0.051068366885852444,0.0,0.0,0.0,0.09331667423248291,0.0,0.0,nm
33.972843170166016,33.40325817835051,-6.311837883706649,-101.97740046734181,0.07003496898918933,0.040846503385745095,0.03380389605692822,0.0,0.0,0.0,0.08784097625132592,0.0,0.0,nm
33.9752414226532,33.40057508488958,-6.095705927577763,-101.98750364687282,0.05492260542804953,0.05470871983287525,0.021158685250362803,0.0,0.0,0.0,0.08035687011252476,0.0,0.0,nm
33.97845101356506,33.37597628657148,-5.866847130650332,-101.97136524522884,0.03210466219050478,0.04681041840586456,0.008978996558023188,0.0,0.0,0.0,0.057467790847461,0.0,0.0,nm
34.00282621383667,33.24382984681954,-5.444459307156849,-101.90238111868472,0.0,0.0,0.0,0.0,0.0,0.0,0.0,0.0,0.0,nm
34.024171113967896,32.96275987859134,-5.14191035204843,-101.89243322266114,-0.006938885871442067,-0.03294893851209205,0.00302994333238644,0.0,0.0,0.0,0.03380770981311799,0.0,0.0,nm
34.02823352813721,32.7354121228481,-5.010088142639974,-101.92411250661934,-0.01732743101977829,0.006190556987229309,0.02825327478767404,0.0,0.0,0.0,0.03371661901473999,0.0,0.0,nm
34.044553995132446,32.46541192148215,-4.87187991026372,-101.96817804205409,-0.015699004222782437,0.0055813731378485006,0.02586438226812377,0.028637120341061008,0.03729176319758828,-0.023154301615668123,0.03076648712158203,0.05241070450893349,0.0,nm
34.10561776161194,31.90487343946651,-4.528821980419067,-102.02931633002653,0.038242096587652166,0.03827724790426189,0.014779654737081038,0.03127683533450132,0.04951909513842136,-0.018299892429053822,0.0560896055672614,0.0613617737258668,0.0,nm
34.10911011695862,31.644420789100725,-4.3172496571384364,-102.02518654093859,0.056787497074742836,0.042024071737549386,0.02491891975945684,0.03441743094799337,0.047006629910583936,-0.012802339211998076,0.07491191488271323,0.059649666368803436,0.0,nm
34.11145901679993,31.40883851814855,-4.088163845037381,-102.00108671411739,0.06270616553909791,0.03665615121678263,0.029387456861822682,0.037636712402108405,0.04137595132311819,-0.008249106177514684,0.07835406332443694,0.05653794496672104,0.0,nm
34.11380481719971,31.14796428299231,-3.672955337858175,-101.96951048467321,0.04877201072889781,-0.008382557028717522,0.02982529772428987,0.0,0.0,0.0,0.05777996778488159,0.0,0.0,nm
34.1304132938385,31.125567444555315,-3.507521584116351,-101.98802166374875,0.03784584060054048,-0.006586303250910086,0.023137362121757224,0.0,0.0,0.0,0.04484444856643677,0.0,0.0,nm
34.132657051086426,31.11731331266057,-3.361151740616172,-102.03043031628118,0.0,0.0,0.0,0.0,0.0,0.0,0.0,0.0,0.0,nm
34.135470151901245,31.032772809639155,-3.103199172632769,-102.15117127218767,0.0,0.0,0.0,0.0,0.0,0.0,0.0,0.0,0.0,nm
