timestamp,roll,pitch,yaw,acc_x,acc_y,acc_z,gyro_x,gyro_y,gyro_z,acc_mag,gyro_mag,motor_input,markers
0.0022945404052734375,52.38264240236398,14.138152560882292,-20.265164517972288,-0.04627509437124313,0.09279607640219706,-0.0374087742343836,0.0048217951882503435,0.17847772860237507,-0.09600785362212169,0.11023571356157193,0.20271915862351844,0.26044793465293403,nm
0.0013086795806884766,52.38264240236398,14.138152560882292,-20.265164517972288,-0.04627509437124313,0.09279607640219706,-0.0374087742343836,0.0048217951882503435,0.17847772860237507,-0.09600785362212169,0.11023571356157193,0.20271915862351844,0.26044793465293403,nm
0.009885072708129883,52.178541564042334,15.09514461468465,-20.738001320900096,-0.029737308781864147,0.10917157360854286,-0.05569476515143621,0.004434951631960113,0.1843520429925393,-0.09771408040199146,0.1261136268728604,0.20869448018648631,0.26044793465293403,nm
0.010618209838867188,52.178541564042334,15.09514461468465,-20.738001320900096,-0.029737308781864147,0.10917157360854286,-0.05569476515143621,0.004434951631960113,0.1843520429925393,-0.09771408040199146,0.1261136268728604,0.20869448018648631,0.26044793465293403,nm
0.03618431091308594,51.70149925257529,17.00184781906335,-21.773487834326264,0.028199377794185937,0.10492536804482865,-0.04164380549297406,-0.0013144241993061263,0.19986276163000527,-0.10657196940365206,0.11635610986647256,0.22650482524644147,0.26318109605577505,nm
0.036713361740112305,51.70149925257529,17.00184781906335,-21.773487834326264,0.028199377794185937,0.10492536804482865,-0.04164380549297406,-0.0013144241993061263,0.19986276163000527,-0.10657196940365206,0.11635610986647256,0.22650482524644147,0.26318109605577505,nm
0.04459238052368164,51.37265303171892,17.918051421689754,-22.37618785392068,0.045335141059464575,0.07500142440995075,-0.04116347722358325,-0.00549589275330845,0.2000877230941181,-0.11444800504449258,0.09682417330160668,0.23057243466817223,0.26318109605577505,nm
0.046738386154174805,50.9829959323716,18.786766909008183,-23.037698933861677,0.022513617732997086,0.06648492722904051,-0.01558012101749363,-0.013375978563814452,0.19496389937503963,-0.12147124692391084,0.07190165994605466,0.23009802843855467,0.26318109605577505,nm
0.051728248596191406,50.49737730815581,19.611440980919305,-23.74482394248553,0.02245866595709578,0.04425943922050574,0.007678192191686185,-0.028006585799120607,0.18868629993430816,-0.12322762766709101,0.05022195010170877,0.22709455486973354,0.26318109605577505,nm
0.06119894981384277,49.90638097431427,20.419448141912415,-24.471846186632565,-0.025733112893467518,0.046435585781173766,-0.012510663045796901,-0.04761690084070985,0.18560984359235952,-0.11864482143601475,0.05454331687635213,0.22537740999851333,0.26318109605577505,nm
0.06165790557861328,49.90638097431427,20.419448141912415,-24.471846186632565,-0.025733112893467518,0.046435585781173766,-0.012510663045796901,-0.04761690084070985,0.18560984359235952,-0.11864482143601475,0.05454331687635213,0.22537740999851333,0.26318109605577505,nm
0.07271480560302734,49.28115622176073,21.236415682302184,-25.193831812755036,-0.052753345638316795,0.0770705814921903,-0.012362375001441826,-0.05519538208891752,0.1820969363898186,-0.11355351026209128,0.09421050006902808,0.22158570382437157,0.26318109605577505,nm
0.07933783531188965,48.66573037765149,22.04703994586265,-25.912765776532957,-0.0635280695492968,0.05872586841190501,0.06427237936238275,-0.049267543251580156,0.17870610453516106,-0.11201329943855207,0.1077751455127513,0.21658749240731553,0.26318109605577505,nm
0.09309029579162598,48.03025207353994,22.867217279998542,-26.63534038398273,-0.04673856004449629,0.09679432666684229,0.052470254732173774,-0.05370953076172104,0.1852702762341525,-0.1095240545477933,0.11961087869244823,0.22182269377841263,0.26318109605577505,nm
0.09363031387329102,48.03025207353994,22.867217279998542,-26.63534038398273,-0.04673856004449629,0.09679432666684229,0.052470254732173774,-0.05370953076172104,0.1852702762341525,-0.1095240545477933,0.11961087869244823,0.22182269377841263,0.26318109605577505,nm
0.09881329536437988,47.34448824697123,23.698309219613655,-27.38620801673423,-0.02792334672167107,0.09889264560442293,0.009002668716659718,-0.059360801262718456,0.19517379024752313,-0.10948180530329818,0.10315288018665583,0.23152273931215786,0.26318109605577505,nm
0.11262011528015137,46.70706489688132,24.522487509926385,-28.163542005892598,0.010024332366824047,0.08398305550798649,-0.06751784087453135,-0.05131302057038173,0.1964649591770237,-0.11688875505437722,0.10822337865829468,0.23429572621507247,0.26318109605577505,nm
0.13515615463256836,45.37773182874601,25.924088643863904,-29.90767392647822,0.05252362377050734,0.033052595854876986,-0.03452740418856761,-0.05500266240635979,0.18474435412507034,-0.13429290547815464,0.071016524744121,0.23492627293396104,0.2655042832481899,nm
0.1563115119934082,44.597083147185124,26.512140171819212,-30.869754791194822,0.03685771625546974,0.03406803362642225,-0.06163602229452844,-0.0701507624324584,0.17516608814802515,-0.13701388977601928,0.07948661149546736,0.23318896607363757,0.2655042832481899,nm
0.1581251621246338,43.81695193544008,27.030223657289934,-31.866983206802974,0.005114896747960884,0.04472966105614675,-0.037772239048020614,-0.07461643673234498,0.15552384238594136,-0.14266842151826264,0.058767735958099365,0.22385163988595624,0.2655042832481899,nm
0.16008543968200684,43.024995417560305,27.480305665134726,-32.8777297343298,-0.023926210203968776,0.015465370839968167,0.014818156001672132,-0.08000646224761827,0.14164887106154816,-0.14304921190308756,0.03211259841918945,0.21662990029191517,0.2655042832481899,nm
0.1650676727294922,42.158306092001034,27.933136940504102,-33.88839509527919,-0.04476172866062712,0.0600167554889951,0.0063629030705821205,-0.09234781508445396,0.1424568690565297,-0.13483623425912536,0.07514060039418806,0.21680149575462684,0.2655042832481899,nm
0.17822575569152832,41.30127054338265,28.388517948625235,-34.904454463036764,-0.0746574691567975,0.06543710122695373,-0.00490171517104922,-0.09079543716538356,0.13945650675454507,-0.13551620506513168,0.09939707606113396,0.21460794608189235,0.2655042832481899,nm
0.18416976928710938,40.41399536228109,28.795743421279216,-35.959096748887234,-0.052205711260081084,0.037872756262355256,0.03545094095280983,-0.09246738750515707,0.14133590417262876,-0.1391836293173838,0.07359722256660461,0.2188564329195792,0.2655042832481899,nm
0.19481897354125977,39.48160031354891,29.212119883255838,-37.05029024664741,-0.04122659270262616,0.06889312851301205,-0.057297726640896635,-0.10119218354958158,0.14971865041452356,-0.1408769714229706,0.0986353110219334,0.22913282909872823,0.2655042832481899,nm
0.20881175994873047,38.61491506573418,29.551230711615165,-38.18390304696196,0.005145631920845205,0.04524087288822997,-0.04219519244566951,-0.09311593772932435,0.14120957055512012,-0.15475280777456027,0.06207776069641115,0.22925782906954967,0.2655042832481899,nm
0.2231922149658203,36.748732887922294,29.919289497267286,-40.60189841604936,0.032843224576354496,0.019137479959514474,-0.06266052414804092,-0.11686936011598695,0.1309153598877097,-0.16334313745472923,0.07328889292574213,0.23974623947416435,0.26747899236174255,nm
0.24026799201965332,35.815422242330186,29.94548709641441,-41.83358995864847,0.024758609828498538,0.005898187059637533,-0.04179774627662079,-0.12462599127240845,0.11283461184475727,-0.16611214594680992,0.04893698974227029,0.2363398662135564,0.26747899236174255,nm
0.26092004776000977,34.932235785339756,29.904954548001932,-43.031027995296206,0.005908526490010358,0.044812330963286094,-0.0456595156925203,-0.1319213454729785,0.09522584954790443,-0.1641388291145312,0.06424832344055174,0.23111200539264584,0.26747899236174255,nm
0.26444315910339355,34.08587736461413,29.788196302508112,-44.19394529689383,0.003186338583660719,0.022934553048129306,-0.023938007332567176,-0.13533750989637458,0.0800080141678509,-0.16101295270118965,0.03330427408218384,0.22503931846144098,0.26747899236174255,nm
0.2661285400390625,33.25110283331775,29.670851283895495,-45.33240243564897,-0.01591276283537877,0.06571440903598559,-0.028226415113690485,-0.1374298365900136,0.07261406270162307,-0.15741297015085284,0.07326888893776273,0.2212207161612727,0.26747899236174255,nm
0.2712388038635254,32.48684729878188,29.48662242458284,-46.4759324521971,-0.031222096963696003,0.03287355871946899,0.02563675931774922,-0.13257635279053392,0.059695200560301455,-0.16573615776357303,0.05208390951156616,0.22047330967581244,0.26747899236174255,nm
0.3003268241882324,30.91291625189046,28.997821706507526,-48.861127342293756,0.0035695242495994636,0.020520303440113994,-0.023645703946725976,-0.14267038857732164,0.05896849304503068,-0.17773930393452667,0.031511008739471436,0.23542171333998874,0.2691574951082623,nm
0.307147741317749,30.91291625189046,28.997821706507526,-48.861127342293756,0.0035695242495994636,0.020520303440113994,-0.023645703946725976,-0.14267038857732164,0.05896849304503068,-0.17773930393452667,0.031511008739471436,0.23542171333998874,0.2691574951082623,nm
0.3145294189453125,30.116079405157766,28.651119579287975,-50.09315308630358,0.0,0.0,0.0,-0.14649503717077558,0.05549176630439383,-0.18184118170752,0.0,0.24001322340245274,0.2691574951082623,nm
0.31712794303894043,29.30441359204948,28.222112899595995,-51.3250000712657,-0.007992749420700393,-0.04266434939452617,-0.03615361972541593,-0.15577457506377804,0.049290476492538475,-0.18123498634348828,0.0564908397159247,0.24401104397974796,0.2691574951082623,nm
0.3194441795349121,28.504857672137828,27.655752019938955,-52.53163725255605,0.01945679430298295,-0.0636970750683205,0.015755618677194685,-0.16611856156063418,0.03562109364533349,-0.17847722442475966,0.0684406585058108,0.24641095439494942,0.2691574951082623,nm
0.3280651569366455,27.655480326876383,27.013578903130533,-53.69548691760691,-0.028650262408185485,-0.058422986414470864,-0.04928208900144187,-0.1866414755834449,0.0312061996761798,-0.16664209006309896,0.08162602020182885,0.2521476818985121,0.2691574951082623,nm
0.328610897064209,27.655480326876383,27.013578903130533,-53.69548691760691,-0.028650262408185485,-0.058422986414470864,-0.04928208900144187,-0.1866414755834449,0.0312061996761798,-0.16664209006309896,0.08162602020182885,0.2521476818985121,0.2691574951082623,nm
0.34926581382751465,26.23906262757239,25.502006283812925,-55.804882102380326,0.0,0.0,0.0,-0.20179606748206938,0.00033009963000057724,-0.1566294628283062,0.0,0.25544970237382814,0.2705842224428041,nm
0.3573122024536133,25.51592008772943,24.694286914690654,-56.79462614216974,-0.030644566078431263,-0.01233634718995072,-0.01404930436977764,-0.21337338729911,0.005864787140052135,-0.1480738353675459,0.035897880792617805,0.2597854092441475,0.2705842224428041,nm
0.35789918899536133,25.51592008772943,24.694286914690654,-56.79462614216974,-0.030644566078431263,-0.01233634718995072,-0.01404930436977764,-0.21337338729911,0.005864787140052135,-0.1480738353675459,0.035897880792617805,0.2597854092441475,0.2705842224428041,nm
0.3701503276824951,24.81854642991424,23.843490140311353,-57.77096968133182,-0.021817790755756808,-0.005492123959337543,0.0536464250910293,-0.2158238359216457,0.00099495462365672,-0.14928768470029724,0.05817317546854507,0.26242662000988376,0.2705842224428041,nm
0.3768441677093506,24.115385450870036,22.940041334858297,-58.73321248286393,-0.019008712290131985,-0.059609482297842034,0.09707444023921724,-0.22790528586140146,0.008131053335741122,-0.14789459469312058,0.11549055576324463,0.27180828628163306,0.2705842224428041,nm
0.38581132888793945,23.307395062327164,21.986754359711945,-59.72213970705545,-0.05282991240825568,-0.0533480658438369,0.04813375585261273,-0.23884717813061762,0.010987140924951106,-0.14703453515300655,0.08918449543962928,0.28069172822568966,0.2705842224428041,nm
0.3863410949707031,23.307395062327164,21.986754359711945,-59.72213970705545,-0.05282991240825568,-0.0533480658438369,0.04813375585261273,-0.23884717813061762,0.010987140924951106,-0.14703453515300655,0.08918449543962928,0.28069172822568966,0.2705842224428041,nm
0.3929872512817383,22.67707609559073,20.97579013373009,-60.64277564139367,-0.023584836975102674,-0.06460485948238638,0.11671408698267331,-0.24029740144299092,-0.005636479889479147,-0.14894744192458406,0.13547033071517944,0.28277190720026585,0.2705842224428041,nm
0.40758490562438965,21.989877263954604,19.887316140279584,-61.51168389416988,-0.007565395225263715,-0.019303131385606125,0.03692456505236784,-0.253885611118408,-0.0004726308105390097,-0.13660883995833636,0.0423470139503479,0.2883055706496372,0.2705842224428041,nm
0.41843461990356445,21.381852063785747,18.77566535470609,-62.277500691962295,0.00027101716005245645,-0.008155862301275468,-0.08397356655084634,-0.25490444809362917,-0.010679245218014343,-0.12355305996790689,0.08436913783752818,0.28347077902982765,0.2705842224428041,nm
0.4271581172943115,20.943337333703155,17.608286865486633,-62.92243764607142,0.01714331654011645,-0.03353335369464745,-0.011952887126865309,-0.24537542656600353,-0.034442987673571124,-0.11216163079895572,0.03951266407966614,0.271984651746769,0.2705842224428041,nm
0.43399953842163086,20.463313458504587,16.39342890588454,-63.49840162019134,0.02118573240986987,-0.042489037061613805,-0.013967597163287474,-0.2546961103653313,-0.032570973831067176,-0.09746761518666314,0.04948987066745758,0.2746468878063404,0.2705842224428041,nm
0.4569416046142578,19.754279856734936,13.790199234009009,-64.52164766445179,0.019442557476368957,-0.07396587404940036,0.13514399171945748,-0.26587250179443367,-0.06859842317693877,-0.09349819083021584,0.15528316735236455,0.29006179093654677,0.27179694067716464,nm
0.4758279323577881,19.32256743408292,12.402262462766233,-65.01632153568467,-0.00268419632206269,-0.043906633229821676,0.052753553326581056,-0.28345042379538027,-0.05386061295593756,-0.08915396358704955,0.06868722399437821,0.30198267765064096,0.27179694067716464,nm
0.47863292694091797,18.973504571410004,10.987115015975572,-65.48581051720224,-0.018306200643453025,-0.024753495241278314,0.07688298606940817,-0.28548543068094,-0.06905874300732003,-0.0893487025255952,0.08281815052032471,0.30700852066325485,0.27179694067716464,nm
0.487041711807251,18.64174790652616,9.580022443762818,-65.90693313396139,-0.02846100360743879,-0.034344430103790055,0.11692301258770803,-0.2902195942280546,-0.06491187218677195,-0.08186836361329529,0.1251421570777893,0.30845322657642477,0.27179694067716464,nm
0.4878122806549072,18.64174790652616,9.580022443762818,-65.90693313396139,-0.02846100360743879,-0.034344430103790055,0.11692301258770803,-0.2902195942280546,-0.06491187218677195,-0.08186836361329529,0.1251421570777893,0.30845322657642477,0.27179694067716464,nm
0.4898202419281006,18.19527270729597,8.180294794143249,-66.27099914185996,-0.06555034048746235,-0.037951999067505286,0.05819298648938157,-0.2926917660558121,-0.05621128819482047,-0.06811067420192862,0.09551766877282712,0.30572412854996034,0.27179694067716464,nm
0.5116171836853027,17.573392376088517,5.400738742163914,-68.79629159780575,-0.042674688549362336,-0.03304815119639779,0.1626388487097504,-0.29203416108479247,-0.04105838509574398,-0.03288997389310139,0.17136132717132568,0.2967347175674896,0.3518595163642371,nm
0.5127358436584473,17.573392376088517,5.400738742163914,-68.79629159780575,-0.042674688549362336,-0.03304815119639779,0.1626388487097504,-0.29203416108479247,-0.04105838509574398,-0.03288997389310139,0.17136132717132568,0.2967347175674896,0.3518595163642371,nm
0.5211360454559326,17.168117325526172,3.967159249735432,-69.96428527173725,0.013141332229501253,-0.03603560704615747,-0.002660090795516261,-0.29480957753352915,-0.03288092616769261,-0.017304579577813742,0.038449130952358246,0.29714186979540275,0.3518595163642371,nm
0.5217850208282471,17.168117325526172,3.967159249735432,-69.96428527173725,0.013141332229501253,-0.03603560704615747,-0.002660090795516261,-0.29480957753352915,-0.03288092616769261,-0.017304579577813742,0.038449130952358246,0.29714186979540275,0.3518595163642371,nm
0.5301623344421387,16.916907008319082,2.5113837173560065,-70.99555965411923,0.041205118310394966,-0.04065204590732102,0.03179743718326037,-0.2903428142686525,-0.047642219331607186,-0.006672506579270128,0.06604186265428899,0.29430129664059007,0.3518595163642371,nm
0.5393776893615723,16.621869568247508,1.0281172765474973,-71.9709302922781,0.019219687524289184,-0.05905015771067024,-0.001114430612263522,-0.2953276057522163,-0.03933764428044518,-0.001685645161980249,0.06210925430059433,0.29794074306224627,0.3518595163642371,nm
0.5472004413604736,16.41742107143863,-0.4100388331566289,-72.89702877534764,0.02047587381342173,-0.04873308839010055,0.10567492651512068,-0.29466295133650505,-0.05469496940971827,0.0009248716110069197,0.11815822191636383,0.2996975975155063,0.3518595163642371,nm
0.5479130744934082,16.41742107143863,-0.4100388331566289,-72.89702877534764,0.02047587381342173,-0.04873308839010055,0.10567492651512068,-0.29466295133650505,-0.05469496940971827,0.0009248716110069197,0.11815822191636383,0.2996975975155063,0.3518595163642371,nm
0.5667910575866699,16.105875423147882,-3.300516207340324,-74.76249595467799,0.046867765905790185,-0.02386794853118915,0.11609383341895226,-0.2939932248054392,-0.055862799712258084,0.011820388123007444,0.1274521267221339,0.2994868781742731,0.41991270569824873,nm
0.5752382278442383,16.082838453491647,-4.769680587023759,-75.67459911982866,0.056005443328047314,-0.019906846476849472,0.017039867417986646,-0.28962933136064956,-0.0648961609922136,0.02516285152945537,0.061832429198977266,0.2978755283554486,0.41991270569824873,nm
0.5898475646972656,16.161969565873985,-6.186123007407214,-76.34209091678157,0.07465660238074946,-0.0015820221140637324,0.11372026677688427,-0.27982907893408376,-0.09121775267321193,0.046521688057308073,0.13604561789639694,0.2979752662211252,0.41991270569824873,nm
0.5963356494903564,16.25361077615206,-7.565204496870693,-76.68990433304533,0.07419072119407401,-0.00038136674576571243,0.09909290065107847,-0.27255218547425347,-0.09013334081485294,0.06704417751732375,0.12378938367782637,0.2947942242857087,0.41991270569824873,nm
0.602318286895752,16.45292348124962,-8.914903695640065,-77.05622810536538,0.0638304227391071,0.027590509969798567,0.08027272370428258,-0.26421874609688967,-0.09379047007081762,0.08688420833453649,0.10620390425191895,0.2935252352405781,0.41991270569824873,nm
0.6461770534515381,16.933049661324965,-11.507871788503973,-78.09022799085018,0.04973522466983042,0.003730796903486196,0.1427380368736292,-0.24715527112678531,-0.1148113493690983,0.11546256322069624,0.1512007228455972,0.2959712443721538,0.4777579166321586,nm
0.6493916511535645,17.271568508295946,-12.727604479286693,-78.49063055455085,0.04382669246025205,0.00923871839474376,0.15636449607795525,-0.23446973881119998,-0.12254444890371252,0.12419233411565737,0.16265296961105805,0.29226175977777524,0.4777579166321586,nm
0.6520788669586182,17.620240253327843,-13.912843223865083,-78.78253016711004,0.03224874949343208,-0.008291584586563797,0.1077044425909089,-0.22792317834788195,-0.1217935504532505,0.12780376086535294,0.11273410829320765,0.2882992290165501,0.4777579166321586,nm
0.6558148860931396,18.040013876593775,-15.059085718333469,-78.97520434990707,0.04234285425621765,-0.020994187444306544,0.08682686828444217,-0.21809611412138363,-0.13286619061462496,0.1379692737029676,0.09885635168816334,0.2902668773549849,0.4777579166321586,nm
0.6596341133117676,18.560444156463806,-16.199436438066442,-79.14161363459284,0.05805032366502027,-0.029890024775179904,0.02967020559090667,-0.20746392290437107,-0.13824814517839634,0.15190336333765458,0.07171871972143083,0.2919391387694176,0.4777579166321586,nm
0.692007303237915,19.701263704639082,-18.355715579236097,-79.17973289588387,0.015795457099815984,0.049403777208484885,0.13731315157906862,-0.19461906967577478,-0.16052734371863125,0.19124139781730015,0.14678259864178048,0.31657366062567255,0.526926345925982,nm
0.6926138401031494,19.701263704639082,-18.355715579236097,-79.17973289588387,0.015795457099815984,0.049403777208484885,0.13731315157906862,-0.19461906967577478,-0.16052734371863125,0.19124139781730015,0.14678259864178048,0.31657366062567255,0.526926345925982,nm
0.7079923152923584,20.239197440549457,-19.326232591565947,-79.056237216232,-0.010388415777630486,0.06051975078971697,0.175049156385336,-0.17979267020669557,-0.146367069524338,0.20568474510842955,0.1855067830814717,0.30992731030277987,0.526926345925982,nm
0.7108299732208252,20.74178792593013,-20.17054347102961,-78.81070055272288,-0.020553427439875798,0.01241289395511362,0.044005959047198034,-0.1601742130750057,-0.1352169332849519,0.2177018677293865,0.050130307674407966,0.3022143292334891,0.526926345925982,nm
0.7142167091369629,21.402187115802942,-21.001879339848507,-78.5374109588017,0.05227480533986187,-0.006698914814428134,-0.04416175946607496,-0.14573755057634757,-0.1521200790047147,0.23281229626237895,0.06875893928901809,0.3139769376488595,0.526926345925982,nm
0.7148292064666748,21.402187115802942,-21.001879339848507,-78.5374109588017,0.05227480533986187,-0.006698914814428134,-0.04416175946607496,-0.14573755057634757,-0.1521200790047147,0.23281229626237895,0.06875893928901809,0.3139769376488595,0.526926345925982,nm
0.7196979522705078,22.130104175298083,-21.78134910611342,-78.25260353404738,0.055554283211349656,0.02058174807295306,0.022122352965402093,-0.13786461153337326,-0.16129943689994214,0.2376717682942936,0.06323990225791931,0.3186095241853619,0.526926345925982,nm
0.7263360023498535,22.767884801619676,-22.531015678331105,-78.00471520427027,0.021772652374837154,-0.012774180505975357,-0.04102778043640759,-0.13216816945527046,-0.15182699121247178,0.2328956183453364,0.048171639442443855,0.3078314950134987,0.526926345925982,nm
0.7373795509338379,23.499989599915114,-23.231738922165416,-77.72232053436012,-0.01718482355283069,0.06149819832063369,0.14850329153452946,-0.11616633947351603,-0.17223175188933137,0.2457698362600068,0.16164954114941177,0.3218092714649703,0.526926345925982,nm
0.7530243396759033,24.178799641323895,-23.828587450323262,-77.30051704594219,-0.009753642508427569,0.07486222797009051,0.17021459730811495,-0.09668659099533959,-0.15852841749740293,0.24968147545962954,0.18620552047560712,0.31115975835610327,0.526926345925982,nm
0.7539534568786621,24.178799641323895,-23.828587450323262,-77.30051704594219,-0.009753642508427569,0.07486222797009051,0.17021459730811495,-0.09668659099533959,-0.15852841749740293,0.24968147545962954,0.18620552047560712,0.31115975835610327,0.526926345925982,nm
0.7613565921783447,24.800657767683564,-24.317168953173017,-76.86097287292887,0.016872600393901482,-0.009186718125306125,-0.028285530747432754,-0.07888958752992782,-0.13655122526028335,0.2527263452593372,0.03419286012649536,0.2978932858069622,0.526926345925982,nm
0.7619655132293701,24.800657767683564,-24.317168953173017,-76.86097287292887,0.016872600393901482,-0.009186718125306125,-0.028285530747432754,-0.07888958752992782,-0.13655122526028335,0.2527263452593372,0.03419286012649536,0.2978932858069622,0.526926345925982,nm
0.7636251449584961,25.512965942065808,-24.739697721709383,-76.33179824134847,0.028833809561777758,0.013422882883031173,0.01351890729439231,-0.06603359809055508,-0.15369275730915913,0.2719840313464879,0.0345589816570282,0.31930739583286255,0.526926345925982,nm
0.7840211391448975,26.141421612180764,-25.17849238075809,-75.82951295176451,-0.02898117171269532,0.04425769760908215,0.1063714201009668,-0.06408523940116263,-0.1433539933719899,0.27353052700290964,0.11880038352545017,0.3153985328553231,0.526926345925982,nm
0.7851829528808594,26.141421612180764,-25.17849238075809,-75.82951295176451,-0.02898117171269532,0.04425769760908215,0.1063714201009668,-0.06408523940116263,-0.1433539933719899,0.27353052700290964,0.11880038352545017,0.3153985328553231,0.526926345925982,nm
0.8048961162567139,27.108293237102394,-25.79749289085176,-74.68052991836842,-0.045166595860961486,0.021109131548169017,0.06680693226810114,-0.03485668648148217,-0.12865364536964305,0.2834037429824249,0.08335936069488525,0.31318433964011444,0.4043028954987987,nm
0.805678129196167,27.108293237102394,-25.79749289085176,-74.68052991836842,-0.045166595860961486,0.021109131548169017,0.06680693226810114,-0.03485668648148217,-0.12865364536964305,0.2834037429824249,0.08335936069488525,0.31318433964011444,0.4043028954987987,nm
0.8298318386077881,27.500749063896276,-26.01089437472039,-74.0840918330492,-0.0667281188247912,0.01576308842886405,0.0087397473321646,-0.030724647194563297,-0.10625108823343561,0.26813617191549,0.06911946167427607,0.29005224423457393,0.4043028954987987,nm
0.8341214656829834,27.791649988930914,-26.215849204064376,-73.56583105040666,-0.0764495239367307,-0.04332485014080355,-0.0404671835189761,-0.02344542174945132,-0.09109058552864786,0.25616030089717556,0.09674277901649474,0.2728832760150264,0.4043028954987987,nm
0.8386209011077881,28.122838961439143,-26.272254920513365,-73.0671949293327,-0.09029898575522023,0.0365655494704556,0.03632416935850114,-0.006249242528385083,-0.09183417362253535,0.2576403308864187,0.10397303263867451,0.2735893063998954,0.4043028954987987,nm
0.8420088291168213,28.24008903698515,-26.24563734193432,-72.66320731058507,-0.10435874821486452,0.03757845950466275,0.030107686759246754,-0.0011140672633259546,-0.05334940136387365,0.23752911583079633,0.11493198749569238,0.24344913357642242,0.4043028954987987,nm
0.8458788394927979,28.20809072969371,-26.2108450582247,-72.29751403379318,-0.10630429020082513,-0.038127798417078564,-0.008121065554129909,0.0059377255340453275,-0.02965920296611821,0.22882373733008232,0.11322668781241065,0.23081427094269877,0.4043028954987987,nm
0.853142499923706,28.33622253917804,-26.091384192478355,-71.85550049836255,-0.10314100345173478,0.03970602539441651,0.14263836796566476,0.025492932361156163,-0.026991303256454918,0.2410099008997002,0.1804448366165161,0.24385280884897698,0.4043028954987987,nm
0.854501485824585,28.33622253917804,-26.091384192478355,-71.85550049836255,-0.10314100345173478,0.03970602539441651,0.14263836796566476,0.025492932361156163,-0.026991303256454918,0.2410099008997002,0.1804448366165161,0.24385280884897698,0.4043028954987987,nm
0.8651418685913086,28.21630983040426,-25.880350717674645,-71.4413484139711,-0.04080236815160106,0.01531199300874365,0.05668786590483602,0.030502201116744045,0.011377974884453914,0.2296194515182536,0.07150387763977051,0.23191579312539537,0.4043028954987987,nm
0.8702051639556885,28.134416601129132,-25.766220764515957,-71.13867452671637,0.042774239015662935,-0.08075186360777609,-0.07681763355072328,0.03220180397820983,0.019378515553193077,0.22483730175846578,0.11937942797580804,0.2279567838572123,0.4043028954987987,nm
0.880964994430542,28.22739795989873,-25.559675485785412,-70.7148773736962,0.038737212154016896,-0.005823948120718496,0.029360064675347127,0.04199618846837498,-0.005557410263247665,0.23177281184041346,0.048954094567448606,0.23561239560582764,0.4043028954987987,nm
0.8997652530670166,28.3000244987379,-24.950936778215496,-69.95710364438277,0.0,0.0,0.0,0.05646674695539895,0.006464737736977092,0.2013844658814211,0.0,0.209251020174522,0.30007296263569294,nm
0.9295825958251953,28.471954230058174,-24.49042281788262,-69.67889297083411,-0.0035125414431060576,0.0364893470123103,0.07779633342855824,0.08307267752223021,-0.012273622686153734,0.20483353646986405,0.08600046446212802,0.22137861059123495,0.30007296263569294,nm
0.9302666187286377,28.471954230058174,-24.49042281788262,-69.67889297083411,-0.0035125414431060576,0.0364893470123103,0.07779633342855824,0.08307267752223021,-0.012273622686153734,0.20483353646986405,0.08600046446212802,0.22137861059123495,0.30007296263569294,nm
0.9325106143951416,28.594880037176203,-23.964402612194807,-69.4645461382757,-0.009215967159402693,0.024602802997925912,-0.011677613529814286,0.09457709278362546,0.003566187350911523,0.1890561934455563,0.028750628232955936,0.21142324482361893,0.30007296263569294,nm
0.9349410533905029,28.606708606230026,-23.448835851460608,-69.20967445233515,-0.03574245436562976,-0.012244991293839129,-0.07137404804338987,0.09680537280790175,0.013166448496553991,0.17482254532903346,0.08075715194312791,0.2002687142960957,0.30007296263569294,nm
0.940704345703125,28.62289972950062,-22.879062992437586,-68.93818457934483,-0.10174735028989333,-0.017662651663345533,0.04759111452279125,0.10678417775097793,0.0032000775041674577,0.17760437986184377,0.1137075491615063,0.20725929860948394,0.30007296263569294,nm
0.9445288181304932,28.489631878540745,-22.220977763899445,-68.6634643093586,-0.12350681748241686,-0.019885416886884912,0.06466008393235333,0.11324326701708863,0.03148234707911544,0.17067493679169304,0.1408200632848147,0.20723201912629702,0.30007296263569294,nm
0.9755880832672119,27.900130836054455,-20.940452209782787,-68.21096529737154,-0.1086193131130466,-0.04019283800797212,0.007831983043736895,0.11013229113812513,0.06281771570881889,0.1518426701552801,0.11608169264221868,0.19781653984965955,0.3214485203905881,nm
0.9879107475280762,27.416790917004874,-20.247829208173574,-68.06000102024426,-0.12029591174537166,-0.03815254019383024,0.025909617955359877,0.10335018307604597,0.09875277807376705,0.13016594586640473,0.1288333458716523,0.19333014504322577,0.3214485203905881,nm
0.9932355880737305,26.871622432895805,-19.504852534051135,-67.92678525599851,-0.1077422774171032,-0.03482863882897283,0.0231858028290697,0.10849512544435858,0.11726178991395415,0.11785864407282307,0.11558120036810292,0.19852501001560438,0.3214485203905881,nm
0.9938962459564209,26.871622432895805,-19.504852534051135,-67.92678525599851,-0.1077422774171032,-0.03482863882897283,0.0231858028290697,0.10849512544435858,0.11726178991395415,0.11785864407282307,0.11558120036810292,0.19852501001560438,0.3214485203905881,nm
0.9993901252746582,26.433469034460437,-18.717000094532953,-67.90589550437625,-0.058808491153949594,-0.009726414508500302,0.11905788762904931,0.11175972493798621,0.12368479697874853,0.10539923923424074,0.1331458687969201,0.19722364146583768,0.3214485203905881,nm
1.006345510482788,25.827293431791,-17.933281908142693,-67.97369124631525,-0.010470142006934012,-0.030918026985669304,0.054262500815037314,0.10546649566342926,0.15127918341712476,0.08350813371771847,0.06332430229409453,0.20244056273358996,0.3214485203905881,nm
1.0351836681365967,24.898609727552152,-16.33923418612268,-68.16804245982513,0.05374623112342827,0.030125746260020736,0.027212186596017932,0.11587003044394209,0.12799244475905971,0.07596229344365754,0.0673551857471466,0.1886218436335022,0.3396177444822489,nm
1.0548272132873535,24.546431172590164,-15.511106803442122,-68.28170914775231,0.06521564530663508,0.027149141702392226,0.003925042566911971,0.11670067674856456,0.12602954742382483,0.06848518370710158,0.07074999821264646,0.18491272310152843,0.3396177444822489,nm
1.0590431690216064,24.261465434974482,-14.646756251630103,-68.39208048067886,0.05463042391218124,0.016614503522470556,-0.017872027648823813,0.12771419826229327,0.11361276461847258,0.06719320368832983,0.05983255231396312,0.18366737147336265,0.3396177444822489,nm
1.060136079788208,24.101822255754275,-13.71298264676364,-68.4644843884395,0.03851173184781464,0.060728969908835376,0.0164267177584286,0.14481605976357112,0.09149249043655461,0.06909939253633066,0.07376312312003394,0.1847086706698393,0.3396177444822489,nm
1.062255620956421,23.95487590603887,-12.77341285467604,-68.54735195677313,0.0,0.0,0.0,0.15435590143923533,0.08657779713461575,0.06363877209477597,0.0,0.18807273215310202,0.3396177444822489,nm
1.0709998607635498,23.92750770791884,-11.829386370874971,-68.65043325041138,0.0,0.0,0.0,0.1685206506369909,0.06514046952261925,0.06239075901722331,0.0,0.19114156343267483,0.3396177444822489,nm
1.1056532859802246,24.094573127831552,-9.95352848811174,-68.89265712661624,0.0,0.0,0.0,0.17659204603410064,0.04592003804508278,0.04668419629576161,0.0,0.18834228096832897,0.35506158496016066,nm
1.1145946979522705,24.41986329312218,-8.1807744478641,-68.94838938253379,0.011251807130904066,0.0007178563495812085,-0.023454437656537746,0.17822783534943962,0.018565429869675302,0.030043734275944794,0.02602362632751465,0.18169331976943007,0.35506158496016066,nm
1.1237213611602783,24.621412217009986,-7.2713380432913715,-69.1493305148485,0.0,0.0,0.0,0.17714328243052957,0.01476873509665574,0.020334026218492122,0.0,0.17891710557929302,0.35506158496016066,nm
1.1269781589508057,24.836038930589428,-6.3889468347653136,-69.42836981758626,-0.08471995991038142,-0.010481374021058146,0.17821966251286345,0.17518071339481775,0.011914917570647606,0.01085141964260895,0.19760966300964358,0.17592043916069733,0.35506158496016066,nm
1.1350443363189697,25.051996632414564,-5.488055794869118,-69.71437595733939,-0.06963921577226385,0.018447477928161753,0.12266278595918423,0.178812282956628,0.012186359234296654,0.0044868635229249314,0.14225360759767952,0.179283216815802,0.35506158496016066,nm
1.1445257663726807,25.18359305334532,-4.5572575124469905,-70.08073950729131,-0.039470073483011354,-0.007193003917459843,0.08386443400229672,0.17791049323761007,0.017935131361242612,-0.003935692900272521,0.09296703338623047,0.17885553449530148,0.35506158496016066,nm
1.1541271209716797,25.408008779675697,-3.643540765449819,-70.40246610349956,0.045707649723679605,0.009696651143306931,-0.0973011384995003,0.18192156379440858,0.009579539526064471,-0.009359103913072583,0.1079385280609131,0.18241385851132635,0.35506158496016066,nm
1.1690945625305176,25.718319244840544,-2.7473114017824254,-70.70518770967671,0.07539439335628656,0.018256376725841756,-0.1600777604535185,0.18435810488301702,-0.008590846668109844,-0.015268289817759552,0.17788338661193848,0.18518864478280406,0.35506158496016066,nm
1.1774117946624756,26.100304176819954,-1.8717816672396297,-70.98844443822888,0.023294568007130777,0.006327749815786321,-0.049137192936819896,0.186882833028137,-0.022031908624333144,-0.02022704957837501,0.05474615097045899,0.18926101503716908,0.35506158496016066,nm
1.1782970428466797,26.100304176819954,-1.8717816672396297,-70.98844443822888,0.023294568007130777,0.006327749815786321,-0.049137192936819896,0.186882833028137,-0.022031908624333144,-0.02022704957837501,0.05474615097045899,0.18926101503716908,0.35506158496016066,nm
1.2013323307037354,26.43600633623264,-1.0050245871901575,-71.26235001689207,-0.06788812966454685,-0.022430968212888886,0.03226133294379998,0.1868700412140038,-0.030814866704139066,-0.026521673646680725,0.07843940392193628,0.19124164684068787,0.36818884936638563,nm
1.2077951431274414,27.2999695553425,0.6779407286080734,-72.05040056949385,-0.0505630113762025,-0.017670094796417037,0.10373941233101355,0.17496184557138494,-0.028632580367119395,-0.043751413823925674,0.11675065755844116,0.18260793596067257,0.36818884936638563,nm
1.247570514678955,27.639870982615932,1.4810350740163105,-72.49088054931528,0.010046967563727395,0.005371991651090513,-0.08123846244724013,0.16510244813339134,-0.02277902210026231,-0.05308871364696806,0.0820334543483183,0.17491744836971865,0.36818884936638563,nm
1.2526707649230957,28.063715069143452,2.2411617025547423,-72.90502844397905,0.07395720891414193,0.02882001245970789,-0.14836901585855033,0.1647430777256221,-0.04426252863902464,-0.05959655930480842,0.16826653480529785,0.18069643876126168,0.36818884936638563,nm
1.271223783493042,28.549409640614385,3.0221469787355573,-73.38946454033847,-0.007863911139592865,0.026361259593349652,0.0014523598263740747,0.1656738420404473,-0.057719659271182236,-0.06430576823228547,0.027547530829906467,0.18685452317449763,0.36818884936638563,nm
1.2751781940460205,29.003971976698896,3.801238467728609,-73.97435034642766,-0.03528318440154438,0.033933188843505296,-0.01082313871265397,0.16246309366630338,-0.06112470699045205,-0.07056826082929565,0.05013486549494001,0.18737760283653482,0.36818884936638563,nm
1.2760355472564697,29.003971976698896,3.801238467728609,-73.97435034642766,-0.03528318440154438,0.033933188843505296,-0.01082313871265397,0.16246309366630338,-0.06112470699045205,-0.07056826082929565,0.05013486549494001,0.18737760283653482,0.36818884936638563,nm
1.2800464630126953,29.493921886406632,4.5003684448758605,-74.5344649900481,-0.08766283875269835,0.012361204246356504,0.14676419235993396,0.15531368967071452,-0.06418635278244222,-0.07846550441162647,0.17139807708275326,0.1854698505558629,0.36818884936638563,nm
1.282327651977539,29.818414124154764,5.208219670309238,-75.0820691875297,-0.04763312876141563,0.016199886990817054,-0.021544579000549128,0.14387024518501104,-0.0434360878544278,-0.08428135031605799,0.05473134548344072,0.17230405447577504,0.36818884936638563,nm
1.2852661609649658,30.24609042757697,5.891543171124945,-75.66995786464831,-0.003505202324887626,0.006622633495544937,-0.07058906073168933,0.14329059611580236,-0.05707233541396614,-0.08743330422763937,0.07098564089121712,0.17729644410700737,0.36818884936638563,nm
1.2888743877410889,30.72988505429261,6.5477543619943335,-76.26018931742641,0.0406067389575607,0.018589958345686598,-0.07329988897117032,0.14025845568426043,-0.060876736201232164,-0.0895387498327888,0.08583337068557739,0.17718803323889226,0.36818884936638563,nm
1.2896904945373535,30.72988505429261,6.5477543619943335,-76.26018931742641,0.0406067389575607,0.018589958345686598,-0.07329988897117032,0.14025845568426043,-0.060876736201232164,-0.0895387498327888,0.08583337068557739,0.17718803323889226,0.36818884936638563,nm
1.2918801307678223,31.11485996814818,7.160042509745572,-76.83274426233412,-0.0007323000876920928,0.012334741227948748,-0.09693660368236257,0.13239530264570432,-0.05213096180555137,-0.09126027329268113,0.0977209662152924,0.16904020475281714,0.36818884936638563,nm
1.3052308559417725,31.52355299251316,7.72609139312612,-77.43117045163437,-0.016402575408767158,-0.025507702358688576,-0.05341191240184303,0.12841415905162387,-0.0646340598583405,-0.09410514336377344,0.061420841300668404,0.17182414250105732,0.36818884936638563,nm
1.3136093616485596,31.89402985017784,8.24778370268974,-78.04310220456735,-0.030293333414408995,-0.01408618677938993,0.051771900627805886,0.11811529812024851,-0.06324619781400175,-0.09809520182602005,0.0616152286529541,0.16605412915447368,0.36818884936638563,nm
1.355013132095337,32.36616959680928,9.173019398305849,-79.37120344015064,0.0,0.0,0.0,0.08940981130985233,-0.03491317834661688,-0.10659437844335094,0.0,0.14344129773691536,0.28596052196142774,nm
1.3561325073242188,32.36616959680928,9.173019398305849,-79.37120344015064,0.0,0.0,0.0,0.08940981130985233,-0.03491317834661688,-0.10659437844335094,0.0,0.14344129773691536,0.28596052196142774,nm
1.365546464920044,32.526304697503974,9.629001264728027,-80.08628596544277,-0.00754427059561687,0.0056544854293296325,-0.04048680679549754,0.08270866573659857,-0.023616350861894106,-0.10711202145301309,0.04157007034858537,0.1373733618854515,0.28596052196142774,nm
1.3661243915557861,32.526304697503974,9.629001264728027,-80.08628596544277,-0.00754427059561687,0.0056544854293296325,-0.04048680679549754,0.08270866573659857,-0.023616350861894106,-0.10711202145301309,0.04157007034858537,0.1373733618854515,0.28596052196142774,nm
1.3694777488708496,32.63729708058851,10.089810698845586,-80.8355759358527,-0.032505003781194114,0.03330566050835955,-0.010652032735457857,0.08015287972886051,-0.018311163234922226,-0.10728881538664693,0.04774209980835374,0.13516905243033683,0.28596052196142774,nm
1.3728759288787842,32.68174653572708,10.535366957373897,-81.58381780020385,-0.04157248153988387,0.02641341490591031,0.06506417858589846,0.07760795909862238,-0.008881265133691208,-0.10809721986058661,0.08160445480139818,0.1333674665254475,0.28596052196142774,nm
1.3759868144989014,32.559504960956836,10.97783031141165,-82.34333387456846,-0.03310715346935904,0.029415595079457266,-0.012282026149290297,0.07230898218348615,0.02131093024777125,-0.1067916781144628,0.045958775125694254,0.13071804453456348,0.28596052196142774,nm
1.37888503074646,32.32982365315597,11.379016933446165,-83.12175074858246,-0.04485989536053642,0.00018749304797179987,-0.02761959982539152,0.0666247268785359,0.038064586152062,-0.10693733544856189,0.052680999040603645,0.1316182383387861,0.28596052196142774,nm
1.3875067234039307,32.01148397498789,11.745379491360946,-83.8922586673051,-0.047826872781739214,0.009339177271247674,-0.0691378059628702,0.060797689053648886,0.054056027481048964,-0.10501034968450904,0.08458525997798876,0.13283669162606754,0.28596052196142774,nm
1.3919968605041504,31.649054222887052,12.053568289004273,-84.68775413611242,-0.055117785662545125,-0.004304773150782916,-0.003824723398814583,0.05313334272969751,0.05977824811661129,-0.10450129859260038,0.055417775824183044,0.13159450013227172,0.28596052196142774,nm
1.422863483428955,30.609274817030386,12.537284603551603,-86.39022615727914,-0.03998608191984089,0.0025916626615760004,-0.02295230233274141,0.030477562662875272,0.09856874769890413,-0.10415375252846822,0.04617804288864136,0.14660383356024873,0.21606644366721356,nm
1.4233927726745605,30.609274817030386,12.537284603551603,-86.39022615727914,-0.03998608191984089,0.0025916626615760004,-0.02295230233274141,0.030477562662875272,0.09856874769890413,-0.10415375252846822,0.04617804288864136,0.14660383356024873,0.21606644366721356,nm
1.4312193393707275,30.0229852617089,12.738204426597006,-87.24550643467799,-0.021447493682488165,0.01639327318126511,0.04054323475197063,0.022924133506261702,0.10460763439305519,-0.10506629644686907,0.04870819515245206,0.15002399714507472,0.21606644366721356,nm
1.4398860931396484,29.353059733912023,12.941404860606545,-88.16907692990847,-0.028169123073481527,0.04150958669069734,-0.0057408876918321645,0.017791638480759434,0.1236502496393592,-0.10285501608807796,0.050492604146069715,0.16181804896297775,0.21606644366721356,nm
1.441622018814087,28.690742639371937,13.134074577096591,-89.06356157225244,-0.00763541946928034,0.05270951422576392,-0.034606988147965326,0.015890369114746516,0.12399584287096392,-0.10220633322686441,0.06351563704365475,0.161473240605261,0.21606644366721356,nm
1.4510917663574219,28.041660574208848,13.315048137847496,-89.92872382670346,0.013236487259264273,0.04351858866874475,-0.01534598569762602,0.017326604000846256,0.12317799081598077,-0.09980920813712207,0.04800595204467678,0.1594832488276538,0.21606644366721356,nm
1.4521005153656006,28.041660574208848,13.315048137847496,-89.92872382670346,0.013236487259264273,0.04351858866874475,-0.01534598569762602,0.017326604000846256,0.12317799081598077,-0.09980920813712207,0.04800595204467678,0.1594832488276538,0.21606644366721356,nm
1.4872868061065674,26.564585464280277,13.559431167282478,-91.7323888879012,-0.031500092889488865,0.004661836041283794,-0.015372241312107467,0.011259619123887614,0.1377758315974716,-0.09621317037724705,0.03535950183868408,0.16842188975673866,-0.2,nm
1.4993467330932617,25.750054222277363,13.554933461888773,-92.54951903062587,-0.02418689847592977,-0.01044968718089758,0.04776266345593423,0.0009519042627946105,0.14539762301355405,-0.09673757299307782,0.054547905921936035,0.17464115473824654,-0.2,nm
1.5024991035461426,24.749081826559774,13.49041275816908,-93.46018950115938,-0.06923834304008758,-0.012806741102541368,0.0707050741853455,-0.008445735167162356,0.17721636634735902,-0.09272787316684812,0.09978561158884369,0.20018848469860168,-0.2,nm
1.5041050910949707,23.408941834974595,13.387474258174297,-94.39339236813886,-0.12146830191094839,0.00467150769307308,0.01952576233005384,-0.015893632390230946,0.23222013432831834,-0.08386832268511457,0.1231163138979782,0.24741199220739588,-0.2,nm
1.5048682689666748,23.408941834974595,13.387474258174297,-94.39339236813886,-0.12146830191094839,0.00467150769307308,0.01952576233005384,-0.015893632390230946,0.23222013432831834,-0.08386832268511457,0.1231163138979782,0.24741199220739588,-0.2,nm
1.5071871280670166,21.995035371891877,13.22228802281809,-95.3595908503613,-0.1819705190811817,0.047183965177925634,-0.12759929535705716,-0.01806061020687764,0.27383171766751785,-0.07441320231345998,0.22720294135464866,0.2843366313374552,-0.2,nm
1.5151441097259521,20.27855924459005,13.106020293656634,-96.34913655428933,-0.1692225601230854,0.07400350802677219,-0.054141692087024754,-0.013617061611181452,0.2914776073429871,-0.0650389934130995,0.1924684828145273,0.29895600113311743,-0.2,nm
1.5366716384887695,15.692516910490735,12.846094586784764,-98.54410686147897,-0.24688971585026612,0.053011351636265955,-0.06903348094081713,0.015212671849276166,0.4280558394507124,-0.03489861318650162,0.26178303360939026,0.42974543659588627,-0.2,nm
1.555919885635376,13.42426840487811,12.62291249268824,-99.73512190589894,-0.15820532313686766,-0.0109816895397284,0.1677859403824759,0.017587433529973308,0.44134786746118354,-0.03524440984539883,0.23087148711787572,0.4431020495958647,-0.2,nm
1.5589330196380615,10.696461587752061,12.340008817716896,-100.98895823149022,-0.0638597623377057,-0.024779468179690047,0.30614993954343606,0.031632232866297356,0.5317323274642234,-0.025911631280016105,0.3137194236440359,0.5333022396936087,-0.2,nm
1.5629358291625977,7.4022857577579275,12.00238211446666,-102.27071111885613,-0.10764242019055324,0.04278601194893798,0.06775070190787949,0.04620572815898294,0.6198613329481207,-0.01662139716726444,0.1341927384472969,0.6218032745512962,-0.2,nm
1.584700345993042,1.068774872894284,11.106719672719693,-104.70108775287915,0.09253188676037416,0.02093236217736662,0.1818185725748647,0.054967063341492844,0.6371047510718488,-0.012107483484937684,0.20508122095140865,0.6395861420067263,-0.2,nm
1.6057043075561523,-2.1896423456288807,10.720471199153474,-105.83564024839642,0.07316926956889896,0.05714615680152452,-0.014751645313438156,0.07126153031826901,0.652229018139587,-0.004212980944481519,0.09400551199735105,0.6561239570500912,-0.2,nm
1.60634183883667,-2.1896423456288807,10.720471199153474,-105.83564024839642,0.07316926956889896,0.05714615680152452,-0.014751645313438156,0.07126153031826901,0.652229018139587,-0.004212980944481519,0.09400551199735105,0.6561239570500912,-0.2,nm
1.6193959712982178,-5.1637773785954915,10.320951331304235,-106.71213448113632,0.1637066652014498,0.006813253125060538,0.040198053997334886,0.0743978764908291,0.6168326667976163,-0.0033224993503033796,0.16870736852520216,0.621312016507758,-0.2,nm
1.6199066638946533,-5.1637773785954915,10.320951331304235,-106.71213448113632,0.1637066652014498,0.006813253125060538,0.040198053997334886,0.0743978764908291,0.6168326667976163,-0.0033224993503033796,0.16870736852520216,0.621312016507758,-0.2,nm
1.6276047229766846,-8.09649729237999,9.923753650598549,-107.29365365557773,0.17463427117912012,-0.01333317048162808,-0.017797620411844507,0.08203479888917985,0.6135300084927178,-0.0010361820955798158,0.17604447562385683,0.6189909960760315,-0.2,nm
1.6295356750488281,-10.94104650446928,9.479982149505641,-107.95233715762353,0.1481996066151762,-0.03157559639366566,-0.0936658498616068,0.0794158765611317,0.596145282317455,-0.004651591267232656,0.17813880295658696,0.6014297268847363,-0.2,nm
1.6415908336639404,-13.586548757521387,8.949881772659863,-108.73689819833342,0.1836003264596683,-0.05467682621727781,-0.04570181007030641,0.06837779778137223,0.5687371957920339,-0.013017812117133376,0.19694489240646365,0.5729807889791189,-0.2,nm
1.656923532485962,-18.618784128532468,7.6521083003906485,-110.0452873926094,0.11900749389901073,-0.05545148713555202,0.08411350125496332,0.029430998905973175,0.522463635344352,-0.029177237372225075,0.15592540563691373,0.5241047081781604,-0.2,nm
1.6706798076629639,-20.912493503468035,6.889780026627582,-110.5338329044873,0.13822287129571537,-0.028562105884657584,0.14820737011778665,0.0008388947563349009,0.47860215910560683,-0.03435526283368695,0.20466260185737128,0.47983436155545645,-0.2,nm
1.6780738830566406,-22.97324072829006,6.157755655016748,-110.963412015105,0.04803373346053041,0.04465850852331467,-0.005959277508757491,-0.01580965450763161,0.4444999343302002,-0.03513340384115395,0.0658569276698407,0.4461664407602488,-0.2,nm
1.682034969329834,-24.889983835974615,5.458080704545545,-111.32930537746563,-0.011508754445756667,0.06842589845956802,-0.07140707691173469,-0.02204931273969683,0.4069696194886173,-0.03440520619161726,0.09956668941955553,0.4090160896494056,-0.2,nm
1.6867239475250244,-26.707936862871268,4.807259842340206,-111.65927278223195,-0.011624845935297657,0.04385558874314633,-0.05076863112480543,-0.012083060914549687,0.38326647819243614,-0.033118008960038234,0.06808747031072569,0.3848843932722851,-0.2,nm
1.6873376369476318,-26.707936862871268,4.807259842340206,-111.65927278223195,-0.011624845935297657,0.04385558874314633,-0.05076863112480543,-0.012083060914549687,0.38326647819243614,-0.033118008960038234,0.06808747031072569,0.3848843932722851,-0.2,nm
1.7175004482269287,-30.074370875092683,3.4956908797431225,-112.48895926716216,0.020010269105789923,-0.048876432010704685,0.06204063165676804,-0.007207941621702309,0.3534012989344782,-0.023179744084108944,0.08147610970188708,0.3542340088794455,-0.2,nm
1.730921745300293,-31.66199531901691,2.7545233415522543,-112.81447741649573,-0.048064906704791376,-0.044629268943806887,0.013793919475145569,-0.0179866827513735,0.3399524059658402,-0.019319850506054972,0.06702446655875557,0.3409756819803112,-0.2,nm
1.732729196548462,-33.16572157436907,1.9532207748043149,-113.31514073715968,-0.047474435697995,-0.03947782633405646,-0.04470501025996464,-0.035521254180365884,0.323447811623936,-0.018442329581347706,0.07622898896908267,0.32591466039938494,-0.2,nm
1.7364811897277832,-34.647461065507116,1.0865608866481349,-113.74706784160499,-0.04713312928326894,-0.02348987916145068,-0.0495165513006522,-0.04948245847591117,0.3268885483869593,-0.020133693775469995,0.07228551135437185,0.3312250026619339,-0.2,nm
1.74375319480896,-36.188690123476974,0.1906309667653018,-114.20777114007373,-0.03595378358048119,0.016182979986379055,-0.005166538834845318,-0.052977626715767376,0.34498492242474954,-0.024439208755426167,0.039765016264596054,0.34988355285357003,-0.2,nm
1.7650065422058105,-39.34333139946141,-1.5687307869185378,-115.10122157214253,0.011284507962250617,0.039611489889882515,0.09230700492882905,-0.04490724327993796,0.36285518394713756,-0.027096025542160698,0.1010791442889048,0.36662615784542163,-0.2,nm
1.7792768478393555,-40.94243144322461,-2.381544749443028,-115.45098388030097,0.0017295497779779138,0.041041111503523575,0.07320409020654307,-0.031847205330801986,0.35861971396728515,-0.023234842164560246,0.08394166426064505,0.360779990608919,-0.2,nm
1.779872179031372,-40.94243144322461,-2.381544749443028,-115.45098388030097,0.0017295497779779138,0.041041111503523575,0.07320409020654307,-0.031847205330801986,0.35861971396728515,-0.023234842164560246,0.08394166426064505,0.360779990608919,-0.2,nm
1.7874152660369873,-42.57380911206881,-3.1266745175154833,-115.7958146418949,0.0032853143018829246,0.030721392538559007,0.04238883049558771,-0.012525449602973535,0.3588671947798385,-0.01784680338189922,0.05245388641801532,0.3595289400978166,-0.2,nm
1.801947832107544,-45.96893660519458,-4.542346165173241,-116.32435913548947,0.011526552071279929,-0.001540303859231393,0.04696186677178247,0.014695176615869946,0.3664609905959837,-0.009522626325451969,0.048380273555668714,0.3668791166808155,-0.2,nm
1.8335776329040527,-47.59712255692323,-5.271526832015613,-116.55395890159589,0.028940240969830163,-0.046590904113896665,0.04549419308964854,0.010309866111140356,0.35962133239333666,-0.009091634811338832,0.07125988702222573,0.35988394500884746,-0.2,nm
1.8355200290679932,-49.18561631550336,-6.068231293214777,-116.88528799205586,0.006043202087217124,-0.04834286346001873,0.0279601812852108,-0.002777067432447304,0.35355904123151755,-0.00975727463999024,0.05617227498048136,0.35370455488793817,-0.2,nm
1.8374791145324707,-50.73786531725642,-6.934674798950866,-117.16909381116784,-0.018703887215773846,-0.03644216683550312,0.004982073802211487,-0.018461140344008548,0.34845922913422284,-0.010995888688919965,0.04126363992691039,0.3491211217323826,-0.2,nm
1.8408854007720947,-52.28445905124746,-7.836482969979472,-117.55723325301851,0.0,0.0,0.0,-0.026244828446554774,0.3533835376877429,-0.01246101954938714,0.0,0.3545757926552569,-0.2,nm
1.878974437713623,-55.375986229926305,-9.59566623525047,-118.35241057042298,-0.0030599332185097324,0.013249541949631122,0.06037534959254973,-0.023014688738753133,0.34460197865132675,-0.007597774635052413,0.061887772553222246,0.34545321791460587,-0.2,nm
1.8869259357452393,-56.84558207746591,-10.371678846080803,-118.81665990060941,-0.022288508016933054,0.021693353645506768,0.045151274610330236,-0.012048601139944274,0.3271149340397537,-0.005051539537740894,0.05482715368270874,0.3273757274340345,-0.2,nm
1.8892428874969482,-58.31021638166378,-11.0694755140646,-119.3298730888307,-0.01580285780408013,0.01671421909844861,0.03491565941482191,0.0039049639772157124,0.31573787964674055,-0.0022773531237995823,0.041811466217041016,0.3157702388204649,-0.2,nm
1.8921136856079102,-59.78770762434561,-11.71877667535955,-119.74175506070863,-0.010068812195433553,0.011570872318758441,0.02435301662366603,0.019933594889848968,0.314854572820497,-0.00011843594854685924,0.028780817985534668,0.31548496677065957,-0.2,nm
1.8988430500030518,-61.29197487915703,-12.34478010499683,-120.12403907917937,-0.009906244272243847,0.012430842726925483,0.026411481569458987,0.029963770022399187,0.315386633992635,-0.0009845838281968154,0.03082573413848877,0.31680834240984607,-0.2,nm
1.9243414402008057,-64.21899567977718,-13.65884867435725,-120.92869808025564,0.0,0.0,0.0,0.022313973132569723,0.309900436628769,-0.003662834252547951,0.0,0.3107243318030056,-0.2,nm
1.93617582321167,-65.66558955253419,-14.38441678242368,-121.30982251495857,0.0,0.0,0.0,0.014395973156372255,0.3127867220223735,-0.005195297273883939,0.0,0.3131609308812078,-0.2,nm
1.9395124912261963,-67.10345415515866,-15.14226310471409,-121.73134469737644,0.0,0.0,0.0,0.0089373063985857,0.3148580063268451,-0.005475797353172497,0.0,0.3150324173008721,-0.2,nm
1.9399495124816895,-67.10345415515866,-15.14226310471409,-121.73134469737644,0.0,0.0,0.0,0.0089373063985857,0.3148580063268451,-0.005475797353172497,0.0,0.3150324173008721,-0.2,nm
1.9432275295257568,-68.52485810576096,-15.90008821652171,-122.09520231536492,-0.0050271464401432245,0.011813173338691602,0.025755400988810167,0.006960644529399277,0.3102796277547863,-0.004297529554631063,0.028777837753295895,0.3103874461575183,-0.2,nm
1.943866491317749,-68.52485810576096,-15.90008821652171,-122.09520231536492,-0.0050271464401432245,0.011813173338691602,0.025755400988810167,0.006960644529399277,0.3102796277547863,-0.004297529554631063,0.028777837753295895,0.3103874461575183,-0.2,nm
1.9566640853881836,-69.90717233862938,-16.61550041433109,-122.65805259064578,-0.004636418526141737,0.013219189792845766,0.028911444037366858,0.011327720224651543,0.2981747456541009,-0.0034961513814704193,0.032126545906066895,0.2984103203072204,-0.2,nm
1.9620487689971924,-71.26857158949417,-17.26524614359373,-123.15977284219649,-0.0032713956489416407,0.011680812701000574,0.025705280163158015,0.020639983866840968,0.285996628308313,-0.002700489037334196,0.028423666954040527,0.28675315687675973,-0.2,nm
1.9718682765960693,-72.60382072352583,-17.854351691809807,-123.525205098248,0.0,0.0,0.0,0.03221463481779753,0.27786421758470187,-0.0013008831502069945,0.0,0.27972843689437993,-0.2,nm
1.9723761081695557,-72.60382072352583,-17.854351691809807,-123.525205098248,0.0,0.0,0.0,0.03221463481779753,0.27786421758470187,-0.0013008831502069945,0.0,0.27972843689437993,-0.2,nm
1.982567548751831,-73.94321188036612,-18.397824766960476,-123.99255483275834,0.0,0.0,0.0,0.0426504837757075,0.2718315225318863,-0.0021113668527860314,0.0,0.2751652199648283,-0.2,nm
1.9903151988983154,-75.24745116631769,-18.919929055762076,-124.54613763330369,0.0,0.0,0.0,0.046092489165109475,0.26322086688643564,-0.003712909808864508,0.0,0.2672518063945147,-0.2,nm
2.0003745555877686,-76.51030775721266,-19.452829779750775,-124.96230987721411,0.0,0.0,0.0,0.04263998528362676,0.2570156245944227,-0.004948386556738179,0.0,0.2605756822118365,-0.2,nm
2.002911329269409,-76.51030775721266,-19.452829779750775,-124.96230987721411,0.0,0.0,0.0,0.04263998528362676,0.2570156245944227,-0.004948386556738179,0.0,0.2605756822118365,-0.2,nm
2.0126094818115234,-77.76588705337004,-20.02322851290605,-125.34914293294955,0.0,0.0,0.0,0.037083699603886584,0.2582373347394966,-0.005575882091382106,0.0,0.26094599496977744,-0.2,nm
2.0192692279815674,-79.00865137311722,-20.63814922813328,-125.73776215360697,0.0,0.0,0.0,0.030853082183280617,0.260510665355091,-0.0053449756944451594,0.0,0.26238576220735504,-0.2,nm
2.0293118953704834,-80.2218218433198,-21.27644240145163,-126.0724053938471,0.0,0.0,0.0,0.024990221139101123,0.2580703745635412,-0.004832995862823633,0.0,0.2593225544162283,-0.2,nm
2.030428171157837,-80.2218218433198,-21.27644240145163,-126.0724053938471,0.0,0.0,0.0,0.024990221139101123,0.2580703745635412,-0.004832995862823633,0.0,0.2593225544162283,-0.2,nm
2.0604753494262695,-82.51262791980744,-22.513666002593638,-126.44865769529054,0.0,0.0,0.0,0.020611896659787993,0.237537646021138,-0.0014777937600607587,0.0,0.2384348284868939,-0.2,nm
2.0612847805023193,-82.51262791980744,-22.513666002593638,-126.44865769529054,0.0,0.0,0.0,0.020611896659787993,0.237537646021138,-0.0014777937600607587,0.0,0.2384348284868939,-0.2,nm
2.0871741771698,-83.61324355930242,-23.064618081734015,-126.67922514476368,0.0,0.0,0.0,0.026414585036761206,0.22801238185828535,-7.534500751918401e-05,0.0,0.2295373221509369,-0.2,nm
2.0892598628997803,-84.69463313221456,-23.568949430573888,-127.00909292139181,0.0,0.0,0.0,0.03238406694483358,0.21827359933795262,0.001407670646304535,0.0,0.22066733672313402,-0.2,nm
2.0909054279327393,-85.72127427115751,-24.037841722434862,-127.3528654438077,0.0,0.0,0.0,0.0332286859752186,0.20535833092626296,0.0020258303955669847,0.0,0.20803916371984343,-0.2,nm
2.0945944786071777,-86.69578882402635,-24.49445917767017,-127.63107513165609,0.0,0.0,0.0,0.030382931300836576,0.19562883942060497,0.0015800063630282332,0.0,0.1979804579941955,-0.2,nm
2.1035919189453125,-87.64983513634478,-24.96351601706324,-128.0717824891215,0.0,0.0,0.0,0.026943987863828595,0.19280800584273836,0.0024907279316182243,0.0,0.19469748155712985,-0.2,nm
2.10408091545105,-87.64983513634478,-24.96351601706324,-128.0717824891215,0.0,0.0,0.0,0.026943987863828595,0.19280800584273836,0.0024907279316182243,0.0,0.19469748155712985,-0.2,nm
2.1079320907592773,-88.58702365929369,-25.46301066819403,-128.40976366594316,0.0,0.0,0.0,0.0223309052325732,0.19331941037812245,0.00451351522539049,0.0,0.19465722585391204,-0.2,nm
2.117011070251465,-89.49574911847556,-25.985820879917714,-128.7589052295446,0.0,0.0,0.0,0.01630281243771756,0.19139850533748665,0.0051212422674876005,0.0,0.19215982062118397,-0.2,nm
2.138922929763794,-91.21309978730625,-27.03241773276917,-129.4440080135496,0.0,0.0,0.0,0.010417589314588041,0.1820204461932947,0.0067504161201591304,0.0,0.18244324355077884,-0.2,nm
2.1525611877441406,-92.01910902813647,-27.529913396320286,-129.85596572021083,0.0,0.0,0.0,0.011642397011707968,0.17391482675169145,0.0075711222375583285,0.0,0.17446843343191093,-0.2,nm
2.1605589389801025,-92.78695879595482,-27.993365922057524,-130.21274847481374,0.0,0.0,0.0,0.013348527915875211,0.16394012340210423,0.006201393611619924,0.0,0.1645995277676832,-0.2,nm
2.172304153442383,-93.52332104288753,-28.4270387489413,-130.4014081370898,0.0,0.0,0.0,0.013791350151860025,0.1543443405086946,0.006109758480088464,0.0,0.1550796760854242,-0.2,nm
2.1728906631469727,-93.52332104288753,-28.4270387489413,-130.4014081370898,0.0,0.0,0.0,0.013791350151860025,0.1543443405086946,0.006109758480088464,0.0,0.1550796760854242,-0.2,nm
2.174804210662842,-94.21566637804662,-28.851392062435746,-130.59858517135206,-0.010062726601148743,-0.008660303123863894,-0.023821889044331208,0.011711174539985058,0.14623887192757826,0.007474505157297016,0.027271628379821774,0.14689733659635593,-0.2,nm
2.176254987716675,-94.21566637804662,-28.851392062435746,-130.59858517135206,-0.010062726601148743,-0.008660303123863894,-0.023821889044331208,0.011711174539985058,0.14623887192757826,0.007474505157297016,0.027271628379821774,0.14689733659635593,-0.2,nm
2.2085721492767334,-95.47094447975867,-29.728786289856146,-131.0050445389913,-0.013960857798312461,-0.01093233201143488,-0.030487690892360964,-0.0002058696235073498,0.13562172339211725,0.01080156669033155,0.03526926040649414,0.13605134354763104,-0.2,nm
2.21533465385437,-96.0396781229982,-30.198519576757683,-131.07244490377954,-0.013966378386346262,-0.010543041321277523,-0.0294241922807555,-0.00744706688958327,0.1331788881388233,0.014719727209890536,0.034234464168548584,0.1341966669492381,-0.2,nm
2.217275857925415,-96.56374430204413,-30.683308875262075,-131.18211824922008,-0.011912271044022975,-0.008690115908050348,-0.024241582805369307,-0.013987870710184227,0.12998670356176945,0.018286451561560987,0.0283738374710083,0.13200984031720314,-0.2,nm
2.2205970287323,-97.04529160491639,-31.16627016320436,-131.26037498934824,0.0,0.0,0.0,-0.019098006862028952,0.12482078940897826,0.020525708188483482,0.0,0.12793071574653753,-0.2,nm
2.2449848651885986,-97.87792540245725,-32.074363276576605,-131.0778642562354,0.0,0.0,0.0,-0.023713529833196596,0.10980115478876609,0.022912330541226007,0.0,0.11464554060637018,-0.2,nm
2.245680809020996,-97.87792540245725,-32.074363276576605,-131.0778642562354,0.0,0.0,0.0,-0.023713529833196596,0.10980115478876609,0.022912330541226007,0.0,0.11464554060637018,-0.2,nm
2.254328966140747,-98.23152950546297,-32.489565757306025,-131.06644649510258,0.0,0.0,0.0,-0.024471287915021546,0.10158839344453541,0.022355482870437777,0.0,0.10685884722020933,-0.2,nm
2.260873556137085,-98.54972110031682,-32.88697987356144,-131.1457079258486,0.0,0.0,0.0,-0.026186547197284846,0.0941890472209726,0.021458084343104485,0.0,0.10008876687314125,-0.2,nm
2.2613842487335205,-98.54972110031682,-32.88697987356144,-131.1457079258486,0.0,0.0,0.0,-0.026186547197284846,0.0941890472209726,0.021458084343104485,0.0,0.10008876687314125,-0.2,nm
2.272263288497925,-98.82632472124642,-33.28170301586212,-131.4762790568574,0.0,0.0,0.0,-0.02902093376589312,0.08884933303484602,0.021144779370518466,0.0,0.09583068544056876,-0.2,nm
2.275369882583618,-99.07074191414567,-33.686644444544946,-131.62271939700284,0.0,0.0,0.0,-0.03352237054050155,0.08529900621261735,0.02141925338533129,0.0,0.0941193614677652,-0.2,nm
2.2870683670043945,-99.28428557234417,-34.10997185875145,-131.57228918102078,0.0,0.0,0.0,-0.0393497513497011,0.08326197631080626,0.022055153154729668,0.0,0.09469630093695924,-0.2,nm
2.287688970565796,-99.28428557234417,-34.10997185875145,-131.57228918102078,0.0,0.0,0.0,-0.0393497513497011,0.08326197631080626,0.022055153154729668,0.0,0.09469630093695924,-0.2,nm
2.320568084716797,-99.60974602051434,-35.002850345496455,-131.62742967055078,0.0,0.0,0.0,-0.04999992696508377,0.07786744637306924,0.02500175046575117,0.0,0.09585624355005892,-0.2,nm
2.3265421390533447,-99.71271277084782,-35.44931170986664,-131.73254046325923,0.0,0.0,0.0,-0.05312209777874438,0.07313792083083369,0.025616190745898205,0.0,0.09395372246059236,-0.2,nm
2.3327066898345947,-99.78234456503338,-35.880673531609304,-131.85638986785042,0.0,0.0,0.0,-0.0547597529122761,0.06724071151151864,0.0264508950604437,0.0,0.09066197479146046,-0.2,nm
2.3334126472473145,-99.78234456503338,-35.880673531609304,-131.85638986785042,0.0,0.0,0.0,-0.0547597529122761,0.06724071151151864,0.0264508950604437,0.0,0.09066197479146046,-0.2,nm
2.338712453842163,-99.80823664015779,-36.29297976885544,-131.92082340265017,0.0,0.0,0.0,-0.05598805337229203,0.06009293710399149,0.026606811191406725,0.0,0.08633507752922948,-0.2,nm
2.3654279708862305,-99.74116712456457,-37.067970199520225,-132.00810517424122,-0.013242556360608124,-0.008305238406370359,-0.019901097473815806,-0.05981394844533151,0.04604876278922995,0.02634410145497766,0.02530604600906372,0.07995128932362318,-0.2,nm
2.3752667903900146,-99.64801566591461,-37.44816081236526,-132.02528867950204,-0.014545269427821476,-0.009214530520535924,-0.02165121965962643,-0.06306572833228327,0.04086489707230765,0.02701853597302283,0.027663111686706543,0.07985754309354368,-0.2,nm
2.376291275024414,-99.64801566591461,-37.44816081236526,-132.02528867950204,-0.014545269427821476,-0.009214530520535924,-0.02165121965962643,-0.06306572833228327,0.04086489707230765,0.02701853597302283,0.027663111686706543,0.07985754309354368,-0.2,nm
2.3779027462005615,-99.51957734982014,-37.83308639067076,-132.13910400099363,-0.01599010546367631,-0.010214257101819542,-0.02356712544655387,-0.06715096742277407,0.03673048992277734,0.028102579470646746,0.030255973339080814,0.08153610420351054,-0.2,nm
2.3788180351257324,-99.51957734982014,-37.83308639067076,-132.13910400099363,-0.01599010546367631,-0.010214257101819542,-0.02356712544655387,-0.06715096742277407,0.03673048992277734,0.028102579470646746,0.030255973339080814,0.08153610420351054,-0.2,nm
2.3857216835021973,-99.3488665981718,-38.22483068256767,-132.306274658029,-0.01626829672993323,-0.010481826336257868,-0.02374481709062923,-0.0716692006470594,0.0330900545104657,0.029683038100054883,0.0306323766708374,0.08433569101954023,-0.2,nm
2.413642168045044,-98.8832663332596,-39.00742515044968,-132.50885589120395,-0.013572922613122705,-0.00899927691378486,-0.019512753174707787,-0.07927745803312379,0.02407132844658623,0.033457401734503615,0.025415718555450436,0.08935178753780532,0.2,nm
2.4153430461883545,-98.58596709127164,-39.37920294968716,-132.61352071989896,0.0,0.0,0.0,-0.08171170918566764,0.018272559838141956,0.03424019425965145,0.0,0.09046038228981938,0.2,nm
2.422752618789673,-98.24143003487788,-39.73139406986613,-132.6928465986918,0.0,0.0,0.0,-0.08366681781066336,0.011467229163170016,0.03463796292702076,0.0,0.09127662473479756,0.2,nm
2.434122323989868,-97.8519330005514,-40.05748834237422,-132.83607456695694,0.0,0.0,0.0,-0.08532623929826685,0.004268128048046717,0.03492462071632513,0.0,0.09229579168087128,0.2,nm
2.4352364540100098,-97.8519330005514,-40.05748834237422,-132.83607456695694,0.0,0.0,0.0,-0.08532623929826685,0.004268128048046717,0.03492462071632513,0.0,0.09229579168087128,0.2,nm
2.4615185260772705,-96.96823715737902,-40.65635719007782,-133.17636416240484,-0.021792020312667415,0.023973671937810154,0.0029945032353812548,-0.09269286663314216,-0.011796825354334404,0.03800870831388202,0.03253607451915741,0.10087514322567236,0.2685554187853965,nm
2.4620566368103027,-96.96823715737902,-40.65635719007782,-133.17636416240484,-0.021792020312667415,0.023973671937810154,0.0029945032353812548,-0.09269286663314216,-0.011796825354334404,0.03800870831388202,0.03253607451915741,0.10087514322567236,0.2685554187853965,nm
2.4708478450775146,-95.35804510299114,-41.19812371186325,-133.4218342245376,-0.1328615064395031,-0.028859502951149966,-0.1282709265546284,-0.14866521610358815,-0.07842893405610864,0.10319622075051478,0.18691838166200891,0.1972356563948136,0.2685554187853965,nm
2.475384473800659,-93.97709735241578,-41.450286197081994,-133.47746468488336,-0.19889146657409484,-0.08699425442936887,-0.22642964358026577,-0.1801984449226252,-0.11135281190034416,0.13884981406419886,0.31368168462886425,0.25327889595524616,0.2685554187853965,nm
2.508301258087158,-90.17077454168073,-41.95791745933382,-133.30424233174304,-0.27517494386715763,-0.12336294401479,-0.35627927363817374,-0.2533258096818848,-0.1888003107085493,0.23481201685807265,0.4667703787864374,0.39364477188905106,0.32682752475298354,nm
2.516238212585449,-87.53235316806419,-42.20445693217416,-133.15332084107914,-0.24922863777783028,-0.17885542147012087,-0.40503523813689646,-0.30556212949361994,-0.24732921544201691,0.30340854871457346,0.5080922355345139,0.4965850412818766,0.32682752475298354,nm
2.5167109966278076,-87.53235316806419,-42.20445693217416,-133.15332084107914,-0.24922863777783028,-0.17885542147012087,-0.40503523813689646,-0.30556212949361994,-0.24732921544201691,0.30340854871457346,0.5080922355345139,0.4965850412818766,0.32682752475298354,nm
2.5197360515594482,-84.36087396395365,-42.445974195609004,-133.02684787967934,-0.17032907632774047,-0.2581481725278929,-0.42968806430731704,-0.35730020660941697,-0.30532605508099286,0.3625346755381462,0.5294188378121061,0.5935645108343343,0.32682752475298354,nm
2.5289602279663086,-80.72407207723847,-42.6838079039472,-132.910436282809,-0.12172128725661814,-0.23781297241246818,-0.36899885782371805,-0.4018741678011417,-0.3556208080446351,0.41135522659413665,0.4555559665883765,0.67615244457629,0.32682752475298354,nm
2.5324835777282715,-76.51718364776572,-42.909788272276515,-132.66277267835002,-0.042341250058566905,-0.29637354074176436,-0.3218311909864377,-0.4542869024057989,-0.4192485034661513,0.47878687001750053,0.43955133101843896,0.7819096906019379,0.32682752475298354,nm
2.5330703258514404,-76.51718364776572,-42.909788272276515,-132.66277267835002,-0.042341250058566905,-0.29637354074176436,-0.3218311909864377,-0.4542869024057989,-0.4192485034661513,0.47878687001750053,0.43955133101843896,0.7819096906019379,0.32682752475298354,nm
2.5546605587005615,-66.9804025269372,-43.302797865033234,-132.7665984358709,0.07725079636536267,-0.30282076431522376,-0.08709499880333474,-0.5153669014792077,-0.49615111595870776,0.5468297930321437,0.324428173339018,0.9004397789718798,0.37635881482543254,nm
2.5553200244903564,-66.9804025269372,-43.302797865033234,-132.7665984358709,0.07725079636536267,-0.30282076431522376,-0.08709499880333474,-0.5153669014792077,-0.49615111595870776,0.5468297930321437,0.324428173339018,0.9004397789718798,0.37635881482543254,nm
2.5743765830993652,-61.71375748835075,-43.4412333279973,-132.86607064804235,0.11779030486388348,-0.2975767146370396,-0.009580178985313931,-0.5452253461190654,-0.5390851761903503,0.593546565909366,0.3201846917694401,0.9696293266716086,0.37635881482543254,nm
2.5764548778533936,-56.314505580827706,-43.551709220858136,-132.60875787360524,0.2714353951282196,-0.3457044492300474,0.11435517335952895,-0.5516067868937935,-0.558299351763717,0.6167151376368973,0.4541649982329672,0.9981511781877427,0.37635881482543254,nm
2.5769052505493164,-56.314505580827706,-43.551709220858136,-132.60875787360524,0.2714353951282196,-0.3457044492300474,0.11435517335952895,-0.5516067868937935,-0.558299351763717,0.6167151376368973,0.4541649982329672,0.9981511781877427,0.37635881482543254,nm
2.5810227394104004,-50.98702307254336,-43.632597394206336,-132.36183261214936,0.12941231331289307,-0.1811533983636066,0.17194645887877538,-0.5379476892819062,-0.5560567478938286,0.6089328597594893,0.28129999163993646,0.9845740454515715,0.37635881482543254,nm
2.589681386947632,-45.55702666864943,-43.67583874165341,-132.21917338395545,0.26646326991334546,-0.18550178359568276,0.22752757158214124,-0.5413292560049984,-0.5730013934244398,0.6275294340029569,0.39646233334348213,1.0075520586120332,0.37635881482543254,nm
2.606955051422119,-40.28813719162171,-43.704368426635334,-132.07725156267458,0.22821903595245605,-0.09652236796285293,0.2453641028090356,-0.522745543565482,-0.5587835201156222,0.607938109114239,0.34871770651274336,0.9772874040852944,0.37635881482543254,nm
2.6323559284210205,-30.04984206612356,-43.65893484051355,-131.33882531406906,0.2317890020698918,-0.024768120846799614,0.21421755754273006,-0.48730374266995913,-0.5547008951841189,0.5752320804462677,0.3165892658483715,0.9359754094594335,0.4184604113870142,nm
2.633028268814087,-30.04984206612356,-43.65893484051355,-131.33882531406906,0.2317890020698918,-0.024768120846799614,0.21421755754273006,-0.48730374266995913,-0.5547008951841189,0.5752320804462677,0.3165892658483715,0.9359754094594335,0.4184604113870142,nm
2.6351006031036377,-25.18279970936199,-43.573493051780446,-130.42978476442593,0.19979762807873314,0.0006299889527263632,0.1992518853678842,-0.4538691688714752,-0.5459454648425527,0.5432564474581126,0.2821715841374266,0.8939693734905261,0.4184604113870142,nm
2.650949239730835,-20.47695321811167,-43.420801007741,-129.61057446959592,0.18682659400097013,0.002908414564171628,0.18100317783651468,-0.4221242269224625,-0.5444207314073712,0.5189455132701796,0.2601437784921972,0.8624889805001997,0.4184604113870142,nm
2.652994394302368,-15.926314413389205,-43.190983694614175,-128.73368814397506,0.18170036315362356,-0.001758882028517293,0.16406786773515483,-0.3894026637771693,-0.5449223482355585,0.4982445394016449,0.2448190778091225,0.8347589000465151,0.4184604113870142,nm
2.658297061920166,-11.602823480762513,-42.91076015965914,-128.03372413825912,0.23181764710581645,0.020885153226690708,0.23558125425574436,-0.35656165764304676,-0.5322193526261448,0.47097065757015943,0.3311708599676138,0.7951144667926866,0.4184604113870142,nm
2.6776959896087646,-3.656219466805503,-42.20031932009524,-127.28162094243083,0.006960022974761036,0.0007833435377651873,0.10257623093142441,-0.3073688651469644,-0.5133412165523668,0.4327199692525823,0.10281507038855865,0.7384046286848102,0.4542467684643586,nm
2.678219795227051,-3.656219466805503,-42.20031932009524,-127.28162094243083,0.006960022974761036,0.0007833435377651873,0.10257623093142441,-0.3073688651469644,-0.5133412165523668,0.4327199692525823,0.10281507038855865,0.7384046286848102,0.4542467684643586,nm
2.6879947185516357,0.3235076863390131,-41.80708073821933,-127.02242770162609,0.19743259246395536,0.003247163725909671,0.22462331567511581,-0.30582564229461234,-0.5210383372044242,0.4387631604537481,0.29907491801250047,0.7466748846004028,0.4542467684643586,nm
2.6887569427490234,0.3235076863390131,-41.80708073821933,-127.02242770162609,0.19743259246395536,0.003247163725909671,0.22462331567511581,-0.30582564229461234,-0.5210383372044242,0.4387631604537481,0.29907491801250047,0.7466748846004028,0.4542467684643586,nm
2.6976726055145264,3.9954704305966353,-41.39335097714641,-126.94814396994728,0.11593147993038995,-0.02900147319990174,0.14897958299442776,-0.27656297595424556,-0.4905430806981095,0.3930148062363035,0.19098719757043564,0.686716995282933,0.4542467684643586,nm
2.7070062160491943,7.615808377354719,-40.94973063318683,-127.0534230444812,0.07369667638505319,-0.054338854959565926,0.0766341928329475,-0.2702076866835423,-0.49087614462470963,0.38382862789643996,0.11940146891758652,0.6791877493722586,0.4542467684643586,nm
2.7075181007385254,7.615808377354719,-40.94973063318683,-127.0534230444812,0.07369667638505319,-0.054338854959565926,0.0766341928329475,-0.2702076866835423,-0.49087614462470963,0.38382862789643996,0.11940146891758652,0.6791877493722586,0.4542467684643586,nm
2.7158303260803223,11.29225951917243,-40.48929039486523,-127.2072205550503,0.16990350675808466,-0.008445032571726279,0.15927972081901415,-0.27618230154113976,-0.5025568005663802,0.38880165170854036,0.2330419482582806,0.6928251769756687,0.4542467684643586,nm
2.7520291805267334,18.27783264558021,-39.43870730623213,-127.90147832606884,0.10790894216558493,-0.00726260999054194,0.07362350086364923,-0.25290133811395743,-0.49270797613326434,0.3579617791015599,0.13083388392381398,0.6594367838259567,0.4902914204120225,nm
2.754157066345215,21.74872230518889,-38.85137738009636,-128.48367020502735,0.1401540712686846,0.034791271767594036,0.14208699244433431,-0.2554729420062538,-0.4987422783649014,0.3605644606955756,0.2025890167463933,0.6663460172032507,0.4902914204120225,nm
2.7562592029571533,25.053778673027686,-38.24258882537754,-129.1079023502931,0.07015055788258702,0.002109882199424254,0.10152038732925191,-0.243955814955378,-0.4824675934449378,0.3385538539608438,0.12341775163085321,0.6378935102404105,0.4902914204120225,nm
2.7664361000061035,28.323514547107074,-37.60946308874908,-129.72590721217838,0.04646283878942341,0.004355703581595429,0.10869205704534989,-0.24456626674961285,-0.4824925078349424,0.3362279373671415,0.1182866467815039,0.6369151472644196,0.4902914204120225,nm
2.796753406524658,34.56311032954263,-36.314643459687375,-131.25364386797634,0.024051186802686766,-0.012346219727768677,0.07304906141426525,-0.23692843424585908,-0.457220857077553,0.3066833601592026,0.07789129670052472,0.599366898067841,0.5209293745675369,nm
2.804985761642456,37.574054289305266,-35.6789283183104,-132.04949241404964,0.04876005853195479,0.016563465651582242,0.1062777840871596,-0.24379616820244054,-0.45255277022574,0.30280516175439054,0.11809682084166244,0.5965999894856576,0.5209293745675369,nm
2.805567502975464,37.574054289305266,-35.6789283183104,-132.04949241404964,0.04876005853195479,0.016563465651582242,0.1062777840871596,-0.24379616820244054,-0.45255277022574,0.30280516175439054,0.11809682084166244,0.5965999894856576,0.5209293745675369,nm
2.8081398010253906,40.438240229390004,-35.033842150701346,-132.88919206218833,0.060282487654678085,0.027930826102027677,0.08770841564977562,-0.23517952908890624,-0.43590883347692666,0.28534352981719086,0.11003124801787868,0.5716177499117997,0.5209293745675369,nm
2.8143372535705566,43.249691780528096,-34.34623649273086,-133.63714984861775,0.04850331535591543,-0.013616090468163004,0.03456172583063941,-0.2296306946007611,-0.4244930064022939,0.2725440556759403,0.061094045639038086,0.5542606162010575,0.5209293745675369,nm
2.8199026584625244,46.0065014250789,-33.61668413184307,-134.4430773605035,0.05332835438706782,0.02006680227670646,0.07771620951429743,-0.23398469160896831,-0.4214904734325727,0.2685728924356854,0.09636596472051376,0.5518464040410416,0.5209293745675369,nm
2.8466625213623047,51.16443798750825,-32.15222973879528,-134.6599135843233,0.03419934185945574,-0.006767540695328152,0.030585191658821006,-0.20836352592076782,-0.40548801982362936,0.2497292746223344,0.04637724161148071,0.5198082374857288,0.5469716355997241,nm
2.8589084148406982,53.65585441540438,-31.407343269157405,-134.7054140512692,0.042607959861514964,0.014325287302856734,0.06576472463394657,-0.20569032678113297,-0.40419170381744024,0.24640866825218094,0.07965959519134326,0.5161362957165364,0.5469716355997241,nm
2.8596863746643066,56.01573045920475,-30.695656699687945,-134.74454432213702,0.02911689805878917,-0.0038898101749507375,0.029872633060274198,-0.18880170131412072,-0.3894547152552703,0.22860993951672381,0.041896283626556396,0.48947273887266723,0.5469716355997241,nm
2.8906092643737793,60.70566391996213,-29.265251128566465,-134.78346477453147,0.025828563883622875,0.003741753073530757,0.09074318580390785,-0.19107934346824385,-0.3918300876656489,0.2206624226773936,0.09442161404146938,0.48860417300938186,0.5691075574770832,nm
2.8911900520324707,60.70566391996213,-29.265251128566465,-134.78346477453147,0.025828563883622875,0.003741753073530757,0.09074318580390785,-0.19107934346824385,-0.3918300876656489,0.2206624226773936,0.09442161404146938,0.48860417300938186,0.5691075574770832,nm
2.904245138168335,62.89154656830688,-28.55435554347698,-134.8159731181107,0.03775687490694023,-0.024552052105065968,0.01689804915042513,-0.17133837142914965,-0.3729892324802466,0.1971877262886723,0.048103315170561683,0.4553688663809736,0.5691075574770832,nm
2.9065072536468506,65.09436419499121,-27.868413269628167,-134.8527506767031,0.0379246523075381,-0.05861822615701127,-0.02800469354180538,-0.1709635580493483,-0.37268828592636727,0.19320230779045092,0.07522392272949219,0.4532683844955246,0.5691075574770832,nm
2.9140737056732178,67.23582075709356,-27.11120928170986,-134.82337906647834,0.022821513954094267,0.024762733705616748,0.06572852915753004,-0.1754998804618375,-0.37882837528046587,0.1953765386705292,0.07385292157351991,0.4609589329025239,0.5691075574770832,nm
2.945026397705078,71.24460746855212,-25.6377101637828,-134.80043849075258,0.0368995118723913,-0.04925027582152337,-0.01863906088602121,-0.15038685953926234,-0.3590193792966529,0.1706219467702652,0.06430068612098694,0.42499761287836774,0.5879230910728385,nm
2.9556193351745605,73.19144502050709,-24.853247013984348,-134.7032157471811,0.008547595397553858,0.0277040980644131,0.05549227417299625,-0.15209224243856498,-0.36571127971791223,0.17689805381469828,0.06260967121406955,0.43378532912759066,0.5879230910728385,nm
2.9589035511016846,74.98470910373923,-24.093283819332996,-134.62442570904258,0.02061573402519512,-0.025343617556963433,-0.007952196790925906,-0.12408273937039195,-0.3421297563778566,0.15578382521914588,0.033623576164245605,0.3958761127028777,0.5879230910728385,nm
2.9605486392974854,76.80389955067979,-23.390836525365003,-134.59103551019197,0.03675745687268466,-0.0675476266458778,-0.05154984980667592,-0.12258907790908588,-0.3387572800685776,0.14471923991179234,0.0925806649162179,0.3882373439311416,0.5879230910728385,nm
2.961268186569214,76.80389955067979,-23.390836525365003,-134.59103551019197,0.03675745687268466,-0.0675476266458778,-0.05154984980667592,-0.12258907790908588,-0.3387572800685776,0.14471923991179234,0.0925806649162179,0.3882373439311416,0.5879230910728385,nm
2.962833881378174,78.58550916411566,-22.658250186961144,-134.49405138418504,0.011064523431520173,0.0035624862047540814,0.024662915613787466,-0.13042757140372888,-0.3461028883139275,0.15004230487050993,0.027264893054962158,0.3991381389097925,0.5879230910728385,nm
2.9633021354675293,78.58550916411566,-22.658250186961144,-134.49405138418504,0.011064523431520173,0.0035624862047540814,0.024662915613787466,-0.13042757140372888,-0.3461028883139275,0.15004230487050993,0.027264893054962158,0.3991381389097925,0.5879230910728385,nm
2.984265089035034,81.8593743116752,-21.21983269166403,-134.36474800735755,0.030508626538098313,-0.049261742297546,-0.03576098879256678,-0.10386181752511853,-0.31570148372142165,0.11731601322658122,0.0680907032336506,0.35244538714942414,0.6039162946292304,nm
2.9849743843078613,81.8593743116752,-21.21983269166403,-134.36474800735755,0.030508626538098313,-0.049261742297546,-0.03576098879256678,-0.10386181752511853,-0.31570148372142165,0.11731601322658122,0.0680907032336506,0.35244538714942414,0.6039162946292304,nm
3.0077662467956543,83.48157728013547,-20.527342239280554,-134.30715173299242,0.019706012584059327,-0.020839653633647464,-0.003066621550746872,-0.11190820690666804,-0.32072561523558407,0.11826149232292898,0.028844796121120456,0.3596861793393732,0.6039162946292304,nm
3.0101535320281982,85.00552431555663,-19.780705426608588,-134.1931755407534,0.021469296525237096,0.02208262403127602,-0.011076576030440185,-0.10311572078704295,-0.3137221254740616,0.11874438109005031,0.032730162143707275,0.35093397089175243,0.6039162946292304,nm
3.0121960639953613,86.48981926616166,-19.049132625751145,-134.14359001659258,0.06651891323268924,-0.030444132578091882,-0.04929841457300234,-0.08718652797745748,-0.2978027324596774,0.0996182649856295,0.0882153314651262,0.32590145265089154,0.6039162946292304,nm
3.0292890071868896,89.42816012289903,-17.640837958227387,-133.985276615657,0.0,0.0,0.0,-0.09259097222898721,-0.3027550836334329,0.10415570023454351,0.0,0.3332898718766355,0.6175105176521635,nm
3.0301573276519775,89.42816012289903,-17.640837958227387,-133.985276615657,0.0,0.0,0.0,-0.09259097222898721,-0.3027550836334329,0.10415570023454351,0.0,0.3332898718766355,0.6175105176521635,nm
3.0478458404541016,90.84451755914651,-16.926791954617165,-133.88103023949859,0.03685398082996184,-0.035138688549836844,0.0007180845749779038,-0.08294330044833,-0.2937610210062718,0.09599110871167667,0.05092601478099824,0.3199834706724804,0.6175105176521635,nm
3.057065010070801,92.21254272386935,-16.245612962003683,-133.83198319862143,0.025873870648439247,-0.0243080008113482,0.001316758950678309,-0.07986530888655656,-0.28927451347664357,0.07891665411850861,0.035525623708963394,0.3102999355590559,0.6175105176521635,nm
3.064112424850464,93.60639511170442,-15.610175779986196,-133.77495894540098,0.023252016266064227,-0.07155576037175047,-0.013975276069783965,-0.08022663795681825,-0.28720028093591443,0.07905551862678764,0.07652575673616935,0.30849649889889014,0.6175105176521635,nm
3.0662548542022705,94.95979658895031,-14.92754629282992,-133.6614501098286,0.0,0.0,0.0,-0.08570750718083163,-0.2894453190822917,0.08494572200780304,0.0,0.31359232326896797,0.6175105176521635,nm
3.0754029750823975,96.26490326414346,-14.262915207329256,-133.6267502321833,0.03873047282183698,-0.034967991369603275,0.005549829395767724,-0.07281975097091216,-0.2758658415555339,0.06377206319074667,0.05247485637664795,0.29235518588219567,0.6175105176521635,nm
3.0852160453796387,97.58760778045988,-13.637560660699506,-133.63201660540355,0.046385351367925313,-0.05583511107298114,-0.034645539208831365,-0.07345325965298265,-0.27463537779854463,0.05390264550234184,0.08043303946220548,0.2893535333883949,0.6175105176521635,nm
3.0936667919158936,98.87588676254177,-12.982175814120788,-133.55823485038943,0.0,0.0,0.0,-0.08210329348355482,-0.2798762643091059,0.06512156720029415,0.0,0.2988519577300601,0.6175105176521635,nm
3.1204376220703125,101.37202270778987,-11.660046945287055,-133.51327471820096,0.04962456156925196,-0.053429675675956814,-0.022195663493314872,-0.06470000810915792,-0.26640836031493587,0.03976948676905442,0.07622319090465106,0.2770218720117453,0.6290656072216566,nm
3.127624034881592,102.6367312287599,-11.042912317692313,-133.50545178738602,0.024180026129824343,-0.021053812461083374,0.007048574960590255,-0.0740723716076491,-0.2725003193960312,0.04265591778212606,0.03282710909843445,0.285591784945499,0.6290656072216566,nm
3.134667158126831,103.8558857930503,-10.408447710198208,-133.4436359193865,-0.0015139885136898324,0.008301673226225853,0.02714599410290874,-0.07784592556528995,-0.27153750690097483,0.048981035276732324,0.0284273624420166,0.2866910315965501,0.6290656072216566,nm
3.1426761150360107,105.08194148137854,-9.782539550901165,-133.4690511873053,0.051496185017301487,-0.0445247860840118,0.01805957650145883,-0.06549756729043495,-0.26048750750111377,0.02932381357503186,0.07043054699897766,0.2701917077330299,0.6290656072216566,nm
3.162519931793213,107.62328289475889,-8.62786409644097,-133.5637382392807,0.0,0.0,0.0,-0.08927118871455521,-0.272760702085224,0.02732927290523357,0.0,0.28829608893299746,0.6388874333557258,nm
3.179070234298706,108.8319409789532,-8.032505906546755,-133.59552680494357,0.02440951413569989,-0.021119641045929716,0.010888020038644263,-0.07613878923791123,-0.2574125793231216,0.020276747866334856,0.03406482934951782,0.26920159309415753,0.6388874333557258,nm
3.1861679553985596,110.08914974664582,-7.46328450660456,-133.709669323762,0.0560499663205759,-0.06028286141634797,-0.036982453636243535,-0.07447776442281281,-0.25823001212602154,0.002899495195625899,0.09024036780752398,0.26877143380280333,0.6388874333557258,nm
3.1879312992095947,111.38068851416392,-6.913275002677351,-133.80061740844198,0.0,0.0,0.0,-0.09207426574129243,-0.2706817500501504,0.00602192959981852,0.0,0.2859764743088414,0.6388874333557258,nm
3.1996047496795654,112.57958568140896,-6.351897021176696,-133.8413142677256,-0.02263456325585939,0.019820083008296224,-0.012421019885098732,-0.09018447105584741,-0.26494600738115515,0.011447369196610274,0.03254905343055725,0.28010831460055163,0.6388874333557258,nm
3.2005159854888916,112.57958568140896,-6.351897021176696,-133.8413142677256,-0.02263456325585939,0.019820083008296224,-0.012421019885098732,-0.09018447105584741,-0.26494600738115515,0.011447369196610274,0.03254905343055725,0.28010831460055163,0.6388874333557258,nm
3.207998752593994,113.79299431297383,-5.781466238507036,-133.94456222528632,0.06929921584554406,-0.06867512318659094,-0.013391279970235401,-0.06844278899845353,-0.24930560680000852,-0.002823916394227959,0.09847832371005293,0.2585453063809298,0.6388874333557258,nm
3.2334158420562744,116.18393057760399,-4.6988114659979905,-134.2058600083531,-0.040246181591918305,0.03610985818719697,-0.02647658604155771,-0.08348605255286415,-0.2609929238976418,-0.009708489494474684,0.0602053701877594,0.2741924179545528,0.6472359855696846,nm
3.239469528198242,116.18393057760399,-4.6988114659979905,-134.2058600083531,-0.040246181591918305,0.03610985818719697,-0.02647658604155771,-0.08348605255286415,-0.2609929238976418,-0.009708489494474684,0.0602053701877594,0.2741924179545528,0.6472359855696846,nm
3.246194362640381,117.26113850196477,-4.128855993139919,-134.3327094758987,0.032727561441007635,-0.0338029176936585,-0.018122670385571787,-0.05895180020863821,-0.23799029007871594,-0.01632245602801152,0.05041985426777096,0.2457256915553946,0.6472359855696846,nm
3.2534401416778564,118.4884709072555,-3.5647212807276483,-134.54605872348793,0.09290923365691311,-0.09386484892156871,-0.027642696705597363,-0.06449297481269334,-0.2481240395789105,-0.033463922424512814,0.13493277675546975,0.25854345267513784,0.6472359855696846,nm
3.2556252479553223,119.65381608440921,-3.0002553036020556,-134.7616788555415,-0.02655271935310882,0.024808379704171466,-0.020650912981469392,-0.08707011437938476,-0.26306193694126645,-0.037151567593984997,0.04179668426513672,0.2795765127116733,0.6472359855696846,nm
3.2644810676574707,120.6870313539157,-2.427698819462016,-134.96266333563878,0.02807674664765997,0.005720465503883388,-0.027700866614348462,-0.06337787713299475,-0.23296492216731454,-0.03765988040884025,0.0398543026420477,0.244351543606166,0.6472359855696846,nm
3.2744085788726807,121.82121679104047,-1.8773109661982539,-135.19818666992472,0.10779437210686094,-0.1094938127155078,-0.020447790816364744,-0.05795242404250191,-0.22393010105691352,-0.04553378812163333,0.15500527033027267,0.23574668496601867,0.6472359855696846,nm
3.302231550216675,123.83924514788421,-0.8328527159794269,-135.71525036398907,0.0105303391225568,-0.01127553567209464,-0.023004245183484578,-0.06409057972146676,-0.21746589696341576,-0.05397042083826627,0.027698755264282227,0.23304897570381256,0.5876396792485454,nm
3.311223268508911,124.93867269144774,-0.3558783613375822,-135.9746347304676,0.10762364183255292,-0.11135923055247905,-0.0011613121981284785,-0.06324605873769584,-0.21132029853930479,-0.05614383839022569,0.1548711566320964,0.22761472516026013,0.5876396792485454,nm
3.311784505844116,124.93867269144774,-0.3558783613375822,-135.9746347304676,0.10762364183255292,-0.11135923055247905,-0.0011613121981284785,-0.06324605873769584,-0.21132029853930479,-0.05614383839022569,0.1548711566320964,0.22761472516026013,0.5876396792485454,nm
3.323206901550293,125.90162459616847,0.1441845138208772,-136.27738533879938,-0.03116631150408204,0.032706999604128616,-0.032705493731126654,-0.07775813918134036,-0.22455947053975425,-0.06685985585884124,0.05577397346496581,0.24686742260473432,0.5876396792485454,nm
3.3248703479766846,126.64443933852067,0.6447112586991134,-136.6012957995302,0.013712838836801015,-0.014069095020325991,-0.026406398423686882,-0.035315021580975534,-0.1870031912031706,-0.07231167889207595,0.0329132080078125,0.20358370065804643,0.5876396792485454,nm
3.353954315185547,128.25875789904225,1.6591392132762097,-137.31638284537792,-0.0022783104543566074,0.07869743336081735,-0.04536130193558404,-0.05270245931068287,-0.18987599439682765,-0.08536753485831673,0.09086321824257568,0.21475115476607856,0.5369828188755772,nm
3.366619348526001,128.76114521647025,2.1771900865110325,-137.7127958050179,0.03132117197902351,0.05047675191989781,-0.0623153371026,-0.013195315765455141,-0.1494881583653305,-0.08901156701354754,0.08609366722781155,0.174481760971786,0.5369828188755772,nm
3.3688457012176514,129.96262555456224,3.0395327774261687,-138.5272474934762,0.041080274397654694,0.06948615089869357,-0.016782065256436118,-0.04168670412734838,-0.14340136074384316,-0.09567054239056967,0.08244726693817023,0.17735440294927193,0.5369828188755772,nm
3.396491527557373,130.53776158924416,3.74021400820868,-139.38970140984873,0.11362122043724135,-0.13448428005850271,0.019598836004750462,0.020004720642306066,-0.07608115663900389,-0.09565849246549371,0.1771437768854528,0.12385103319825906,0.49392448755855417,nm
3.4080970287323,130.82109182889525,4.011080808108966,-139.84883061936264,-0.040767200178838954,0.05470663843382368,-0.05868351833857834,-0.02225806007504191,-0.09883561376787955,-0.10180544944518681,0.08999186754226685,0.14362537841173517,0.49392448755855417,nm
3.4179911613464355,130.9725839200966,4.270510066842804,-140.31309449099948,-0.030602441562768253,0.042141092569599845,-0.04500958190536329,0.00036758818849329857,-0.07731966844121242,-0.1011677625495383,0.06883490085601807,0.12733178090412112,0.49392448755855417,nm
3.4187252521514893,130.9725839200966,4.270510066842804,-140.31309449099948,-0.030602441562768253,0.042141092569599845,-0.04500958190536329,0.00036758818849329857,-0.07731966844121242,-0.1011677625495383,0.06883490085601807,0.12733178090412112,0.4573249059390846,nm
3.4321839809417725,131.53579100738048,4.760863863732246,-141.28841975957727,0.0,0.0,0.0,-0.006080688604239253,-0.07991847112391773,-0.11182011241325228,0.0,0.13757788463557133,0.4573249059390846,nm
3.450191020965576,131.4041387020091,5.054016808803005,-141.8071983435566,-0.003062831640310397,0.08218022600797877,-0.05456822225956775,0.03784662961208057,-0.0454740372482733,-0.10763680691062134,0.09869478894525759,0.12282482500930235,0.4573249059390846,nm
3.452115774154663,131.30908574779082,5.349595575797022,-142.31873968004504,0.09844719059840898,-0.03809336280377907,-0.042025544486968124,0.062414422887278664,-0.025064876502832213,-0.1066671191846286,0.11361822043953136,0.12610187363240105,0.4573249059390846,nm
3.459364652633667,131.39304246595646,5.571133163417751,-142.8399313696191,0.056039124801216506,-0.007889059710603014,-0.04186262236680769,0.017694022912614286,-0.04515170952928554,-0.11198329077303106,0.07039247064160858,0.1220328346495578,0.4573249059390846,nm
3.4777064323425293,131.1980945338635,5.868712355572148,-143.83520980568125,0.06606648842730112,-0.030231997213261693,-0.0019628413081700493,0.05041723479624993,-0.0006823792477243645,-0.10019917766681714,0.07268154713968625,0.1121705772965634,0.4262152615625354,nm
3.4840574264526367,131.1980945338635,5.868712355572148,-143.83520980568125,0.06606648842730112,-0.030231997213261693,-0.0019628413081700493,0.05041723479624993,-0.0006823792477243645,-0.10019917766681714,0.07268154713968625,0.1121705772965634,0.4262152615625354,nm
3.4969663619995117,130.9994345956859,5.972059530627385,-144.36118773424423,0.056900127785946525,-0.07074288350852966,-0.048016610265238874,0.06248697815750033,0.006835002875785074,-0.10734696444808009,0.10270236107569428,0.12439738936081128,0.4262152615625354,nm
3.4986488819122314,130.75024816557968,6.04043576668245,-144.9083103009082,0.00014767056044172593,0.014857041977694465,-0.08185712807469134,0.04727066272902088,0.0036375642733050767,-0.11053917202233093,0.08319460871689834,0.12027741259299578,0.4262152615625354,nm
3.516841411590576,130.05481826434044,6.137060544469871,-145.96080601381425,0.026608064804179224,-0.030302232444177617,-0.04730994694448684,0.07745327257934886,0.029333999681702128,-0.10407449069272373,0.06216466426849365,0.13300749070457218,0.39977206384246866,nm
3.5261173248291016,129.57738855570364,6.219675427606871,-146.53402126056247,0.025169756188341573,-0.029022980737194632,-0.045809899177397154,0.09519909625532996,0.03369245325580306,-0.11092540955903013,0.05978626012802123,0.15000831916952015,0.39977206384246866,nm
3.5267586708068848,129.57738855570364,6.219675427606871,-146.53402126056247,0.025169756188341573,-0.029022980737194632,-0.045809899177397154,0.09519909625532996,0.03369245325580306,-0.11092540955903013,0.05978626012802123,0.15000831916952015,0.39977206384246866,nm
3.5373892784118652,129.03670890610735,6.307273733819952,-147.1064314420328,0.029560765805065056,-0.034477540622872734,-0.05516660463976447,0.10494276856571544,0.04264181622649172,-0.10933580100095369,0.07145553827285767,0.1574345151034275,0.39977206384246866,nm
3.5431320667266846,128.45456962986526,6.384981637655477,-147.6625974613538,0.05015227290740596,0.027837634724003742,-0.04841096502391146,0.10047730404775916,0.04849275358706405,-0.10510134038274936,0.07505868317091877,0.15327598484241456,0.39977206384246866,nm
3.5707244873046875,126.91305962517191,6.4358478169135696,-148.78025250286376,0.025840463414674962,0.03440248128720768,-0.05672913743765376,0.1365262105883282,0.08127347838845915,-0.09984957256025276,0.07120010746215233,0.18765585950732544,0.3772953457804119,nm
3.5829014778137207,126.03577505263587,6.362442045898179,-149.31801857046395,0.026646875009649223,-0.03250619966759058,-0.05676584732295149,0.14721131827474068,0.09820284404477257,-0.09521870912535452,0.07063335180282593,0.2009516692495183,0.3772953457804119,nm
3.585066556930542,125.16386331196388,6.229305338609971,-149.85754514535947,0.019054403997748454,-0.02361550213423992,-0.04231972853464239,0.1410180751380401,0.10339880546968741,-0.09617686985079227,0.052074193954467766,0.19956803547284926,0.3772953457804119,nm
3.5856146812438965,125.16386331196388,6.229305338609971,-149.85754514535947,0.019054403997748454,-0.02361550213423992,-0.04231972853464239,0.1410180751380401,0.10339880546968741,-0.09617686985079227,0.052074193954467766,0.19956803547284926,0.3772953457804119,nm
3.604154109954834,123.2305979511987,5.940234924864129,-151.01549860126673,0.013783052259935069,-0.017666180476892935,-0.03360106610207333,0.16527620487165295,0.1116216377384035,-0.10442817941954247,0.040386855602264404,0.2251240959228046,0.35819013542766365,nm
3.612443685531616,122.12044301676673,5.832320954417944,-151.58941515568668,-0.0074755203293473795,0.02533479253245176,-0.05363665707722635,0.176294879618939,0.11353769305063674,-0.09989496237566303,0.05978817691882597,0.23227073821545394,0.35819013542766365,nm
3.6129584312438965,122.12044301676673,5.832320954417944,-151.58941515568668,-0.0074755203293473795,0.02533479253245176,-0.05363665707722635,0.176294879618939,0.11353769305063674,-0.09989496237566303,0.05978817691882597,0.23227073821545394,0.35819013542766365,nm
3.620194673538208,121.00628768345818,5.7437668242709,-152.13492268098528,0.023089198566408512,-0.030287856814450387,-0.06219376386170626,0.19359769806127947,0.11716858076657706,-0.09470259236920173,0.07292824983596802,0.24531026479731216,0.35819013542766365,nm
3.6292741298675537,119.91740506968745,5.663778845322346,-152.6796860117706,0.020285999047372015,-0.026869364616803743,-0.057384535879722975,0.18996927630523006,0.11293602894429024,-0.09555153045556404,0.0665317177772522,0.24077576195713513,0.35819013542766365,nm
3.65439772605896,117.41256306676267,5.403929985470033,-153.73920593257293,0.015897451742731907,-0.02144277753006583,-0.05041537860892518,0.21828966372588554,0.13523413640887436,-0.0875791953008336,0.057045876979827874,0.2713093518280485,0.3419507066278276,nm
3.6565136909484863,116.12998843583713,5.212177630074798,-154.2414299050365,0.018875061896805243,-0.02574200048180343,-0.06371912946862933,0.22073329512112136,0.1438818223442359,-0.08557659248728203,0.07126742601394653,0.2770352316184002,0.3419507066278276,nm
3.673417329788208,114.72912134230658,4.962166938803491,-154.76110730543272,-0.011980057076377967,0.03860184851208116,-0.0647655198140296,0.22140474814093464,0.14888773691443757,-0.08817957053494022,0.07634262919813803,0.28100401663068797,0.3419507066278276,nm
3.679442882537842,113.29087401722437,4.691349260132407,-155.2605349653175,0.016569961525797136,-0.02323276472002969,-0.06490661462533122,0.241997904253513,0.16004963200916983,-0.08501551912595376,0.07090270519256592,0.3023350936653212,0.3419507066278276,nm
3.682835817337036,111.8276454981696,4.406966387524975,-155.7506505098923,0.017060524094166016,-0.024266246750939285,-0.07251850031592608,0.25079349074912943,0.16346889846673698,-0.08437008106664677,0.07835078239440918,0.31102695437414196,0.3419507066278276,nm
3.7147529125213623,108.41313779342134,3.9144777788024023,-156.77245006669705,0.006752007191176953,-0.00970904111084437,-0.0347178624474866,0.3010488830163803,0.17646997662421085,-0.08735568763179036,0.036676764488220215,0.3597264221276812,0.328147192147967,nm
3.7297184467315674,106.65934106430792,3.681699579251117,-157.27453099103695,0.009526053541475394,-0.013687432473544215,-0.05437504865607649,0.30708084213765946,0.17850514519435356,-0.08729149488326515,0.056874752044677734,0.36576294993859954,0.328147192147967,nm
3.7313733100891113,104.81854858730932,3.4304785119912475,-157.75205653528772,0.0074900921510687515,0.06697816422378575,-0.013742581106137313,0.3035049117055902,0.1799914827248018,-0.0829274097523955,0.06878251593739995,0.3624763724315454,0.328147192147967,nm
3.73341965675354,102.95969848195442,3.133384411852337,-158.17279639923453,0.006770242020043445,-0.009601455111219737,-0.04959542266528856,0.3195741760796928,0.19011677838368202,-0.07341500845017732,0.05096793174743652,0.3790274487497497,0.328147192147967,nm
3.744676113128662,101.02618373069387,2.783666777149281,-158.55903812014927,-0.021649790439185645,0.05669881609693222,-0.01181155293724259,0.3179484792839651,0.19454659452493644,-0.06805438893514346,0.06183026731014251,0.3789076573171513,0.328147192147967,nm
3.7624802589416504,96.80333137369445,1.9839730767919763,-160.6461973625556,-0.03611206859983388,-0.019914520039001134,-0.05862251685915985,0.3747812139630077,0.20550221804821733,-0.07050525315496528,0.07167474513275486,0.4332010049443198,0.3164142048400855,nm
3.77972149848938,94.7559077246629,1.5642451273570974,-161.67334092164074,-0.02683513044324672,-0.012781987528145732,-0.045243936640032824,0.36372525115675675,0.1969384596120909,-0.07422967232437874,0.054134251946092726,0.4202271522127212,0.3164142048400855,nm
3.781592607498169,92.70791195724746,1.1631702552880372,-162.06673541608305,0.0015845997562445547,-0.0018124935084116848,-0.046765805212835784,0.36474922395367987,0.1948001062406326,-0.08057167581261958,0.04682773351669311,0.4212847881296301,0.3164142048400855,nm
3.7931933403015137,90.65980206484765,0.7825251720869104,-163.09403573289154,0.0011122532955658803,-0.0004774652727228468,-0.06774816558106458,0.3689089639243343,0.18914504156471978,-0.08615468384943509,0.06775897741317749,0.42342921481806317,0.3164142048400855,nm
3.8212218284606934,86.35366266778415,0.05099501178962545,-165.10806768696068,0.030717406765637154,0.049185066012767106,-0.03168877907539078,0.38995116036248884,0.1871438258580682,-0.08352827531272995,0.06608258860225433,0.4405243373544368,0.347235194521471,nm
3.827599287033081,84.03182354935625,-0.3423208655412018,-166.03480167732604,0.024602046614579636,0.08273279287068468,0.007510967469180659,0.4077839360634881,0.19006487559628615,-0.07857433216436881,0.08663942720339655,0.4567125147419756,0.347235194521471,nm
3.828169584274292,84.03182354935625,-0.3423208655412018,-166.03480167732604,0.024602046614579636,0.08273279287068468,0.007510967469180659,0.4077839360634881,0.19006487559628615,-0.07857433216436881,0.08663942720339655,0.4567125147419756,0.347235194521471,nm
3.831571340560913,81.56505467408518,-0.7735895326003449,-166.86294957031237,-0.022175039471424178,0.09883999177123165,0.06441467716246416,0.43349097356361255,0.1921259567206147,-0.06952897570880469,0.12004302138333924,0.47922967966316077,0.347235194521471,nm
3.835670232772827,79.0799779258875,-1.2124865589600102,-167.59793750197295,-0.009841748932336485,0.054989147093293125,0.10384852967904905,0.46055132211321814,0.1893542631923316,-0.059604106978809746,0.11792024184420292,0.5015129179374,0.347235194521471,nm
3.846726417541504,76.53530887723397,-1.6286451950704974,-168.29377963874646,-0.048383432286148845,0.011422087190921013,0.12799137449702164,0.4751820380383341,0.18215100994664377,-0.05961408045573187,0.13730700106411978,0.5123775934673858,0.347235194521471,nm
3.858485460281372,74.0885837415367,-2.1012941844378834,-169.0251952740726,-0.06339274760352842,-0.09754970215284035,0.09160855202368097,0.4754769934133549,0.17106829630179898,-0.06735488925680463,0.14807670864355402,0.5097836937092045,0.347235194521471,nm
3.866544246673584,71.84821559717213,-2.5653540043819554,-169.7844526376043,-0.05107493120194215,-0.15755624038204474,0.03998770099494451,0.45079106522748763,0.15848880265436244,-0.07646544453092494,0.17038671811930903,0.4839196723249205,0.347235194521471,nm
3.8770852088928223,69.7414979687415,-3.009168459915236,-170.57984408132796,-0.029573772161430263,-0.09831641941258412,0.04445094175020295,0.4145130921548515,0.14937344853375392,-0.085546893274069,0.11187766778248137,0.4488338240858051,0.347235194521471,nm
3.9051408767700195,65.44712042006326,-3.8423114116904147,-172.0675743661203,-0.0024239731373964686,0.052505942279302754,0.07214391729752073,0.40033973186535626,0.14396371886122075,-0.07914183254169305,0.08926082244433894,0.43273650518119605,0.3734330357506487,nm
3.9133059978485107,63.29643131038232,-4.2326376585576355,-172.70998960637525,0.040434394767072085,0.005172600103093225,-0.003016860902937299,0.41090373779730793,0.1417903198742482,-0.0658145643157352,0.04087539017200469,0.43963386291539286,0.3734330357506487,nm
3.926034450531006,59.5047364137197,-5.075582102673314,-173.82597354093,0.006578379002243858,-0.11797879744755273,-0.06922284738234635,0.3673776808438118,0.1260300562347434,-0.043616267245564194,0.13694551587104797,0.3908354055419579,0.3734330357506487,nm
3.9339749813079834,57.795014858582185,-5.484332652079387,-174.34624982156782,0.002757117204902608,-0.07148212185505241,-0.04476956222270173,0.3418107007906414,0.11394394774928378,-0.04008301433528157,0.08438962697982788,0.3625250700874124,0.3734330357506487,nm
3.9347500801086426,57.795014858582185,-5.484332652079387,-174.34624982156782,0.002757117204902608,-0.07148212185505241,-0.04476956222270173,0.3418107007906414,0.11394394774928378,-0.04008301433528157,0.08438962697982788,0.3625250700874124,0.3734330357506487,nm
3.939889430999756,56.09790533634463,-5.898670822394346,-174.8689606558576,-0.0437205624264888,-0.020893802238229422,0.029973706736524556,0.32766603472428985,0.10507905743161683,-0.047038782620692055,0.05697772938952484,0.34730287314258323,0.3734330357506487,nm
3.9710376262664795,54.401081246886996,-6.244358128960365,-175.43562372397,-0.04725645242214298,0.0020623351276106683,0.11199586231064006,0.32313477626235676,0.09806367387699758,-0.05443697419469506,0.12157507432203644,0.34204671014914234,0.3734330357506487,nm
3.977261781692505,51.10781815334064,-7.051294570309149,-176.55025408319273,-0.032390756327351534,-0.11444472571265361,-0.03713736263889397,0.32546872948856087,0.09640935175240413,-0.060528361250376,0.12460313014798265,0.3448018844146198,0.4095891262899042,nm
3.9821057319641113,49.60849307218081,-7.459092444474939,-177.08108140829447,0.0019435237296766222,-0.07198440788455819,-0.013172599521513194,0.30116017309332976,0.09994615415431919,-0.052060156536243435,0.07320553012670852,0.32155395112861146,0.4095891262899042,nm
3.9915168285369873,48.11344547695122,-7.839566089985845,-177.55574245743028,0.006694652947519771,-0.03414754330147046,0.03800122988887221,0.28941635746002076,0.0981370795145473,-0.03795165072229604,0.05152636766433716,0.3079497396225856,0.4095891262899042,nm
4.010857105255127,46.64503196715216,-8.173999116437601,-177.95108217452545,0.038907752221214294,-0.0199042555173759,0.01728963793024572,0.28526807342934035,0.08948587134771814,-0.022665251554899818,0.04699919308208798,0.2998321338966102,0.4095891262899042,nm
4.0116119384765625,46.64503196715216,-8.173999116437601,-177.95108217452545,0.038907752221214294,-0.0199042555173759,0.01728963793024572,0.28526807342934035,0.08948587134771814,-0.022665251554899818,0.04699919308208798,0.2998321338966102,0.4095891262899042,nm
4.024171352386475,45.236237099612374,-8.475531366348243,-178.2759074691433,0.011243471499765019,-0.010378549351736469,0.07332260794156811,0.27095552785635235,0.07764703667286067,-0.010896757535932345,0.07490216801512067,0.2820721533664534,0.4095891262899042,nm
4.028894662857056,43.89853404591779,-8.768806310132097,-178.5529948997998,-0.025532024689526034,-0.034630490125264285,0.037151533827007685,0.26612892197898047,0.06355987392613484,-0.006619853029105878,0.056845330474559565,0.27369377621956875,0.4095891262899042,nm
4.030540466308594,42.710686648148524,-9.086000941942233,-178.84798469911044,-0.08250627485200947,-0.08432869403272923,-0.07721110378879031,0.24744411341142555,0.053574362630781434,-0.007119516873254496,0.1409970516553603,0.2532774942898983,0.4095891262899042,nm
4.04028844833374,41.6625893285466,-9.41441604082914,-179.20800557529836,-0.0892235464870977,-0.08076634074877777,-0.07561730147335924,0.21814724519556913,0.05252260480924889,-0.012603626554647649,0.14213380782838353,0.2247347236292009,0.4095891262899042,nm
4.048008680343628,40.632717957889874,-9.756131236206425,-179.63129731194815,-0.07514511908466015,-0.05721632668812852,-0.054099984115481455,0.2041878053040564,0.056596765703711846,-0.022737471584937805,0.10884532715383674,0.21310290081808822,0.4095891262899042,nm
4.054097414016724,39.657640005142134,-10.028116375267485,179.907000003205,-0.05184381578950337,-0.01666433232971402,-0.12311342075650453,0.18401372752288508,0.0597776343530737,-0.024223066689831138,0.13461944725031086,0.1949901906393662,0.4095891262899042,nm
4.063672304153442,38.78899903075978,-10.294425708192133,179.46406055106542,-0.0027921497089581386,0.020822504149471736,-0.016444373671663168,0.15721594799373872,0.0618957292675777,-0.016624384039688196,0.026679396629333493,0.16977722388422506,0.4095891262899042,nm
4.0738160610198975,37.8248258311538,-10.510997118019755,179.09352056315424,0.04637809761574904,0.026710404207121948,-0.030193291607662535,0.17347116234757018,0.05748210620188288,-0.01145814582530485,0.06144923506008134,0.18310577764061828,0.4095891262899042,nm
4.075270652770996,37.8248258311538,-10.510997118019755,179.09352056315424,0.04637809761574904,0.026710404207121948,-0.030193291607662535,0.17347116234757018,0.05748210620188288,-0.01145814582530485,0.06144923506008134,0.18310577764061828,0.4095891262899042,nm
4.1091954708099365,35.85551132458673,-10.830399259103025,178.5331056152282,0.02254140089525751,-0.011346582075536755,-0.15103399885501126,0.17801873843422134,0.03256842656548157,0.012611842344470823,0.15312781749000784,0.18141232651058933,0.44032180324827136,nm
4.121179103851318,35.00784710921773,-10.936577408045537,178.29292118178904,-0.02015820162576045,-0.01798419087031187,-0.10150250089886222,0.15895182805260494,0.022760939510366965,0.019569494840926207,0.10503590768288788,0.1617612720554228,0.44032180324827136,nm
4.134409666061401,34.136767209836826,-11.020972354608707,178.06587137913294,0.0,0.0,0.0,0.15840496757068934,0.015004315548961112,0.015070796129283248,0.0,0.15982613094276654,0.44032180324827136,nm
4.136867523193359,32.24354796181419,-11.217985572868518,177.637110465374,-0.07779756040437522,0.049476020552894046,-0.013906270633576797,0.16647815455471401,0.004652339958938445,0.0022017981650664757,0.0932401275071902,0.1665577020920872,0.44032180324827136,nm
4.144840478897095,31.423781093164457,-11.33514369506028,177.3788710906388,-0.07588209156108089,-0.0006175893969548215,-0.060973796221645546,0.15390631803071958,0.005525870357164661,0.005832623952578801,0.09734617127564006,0.1541158962441882,0.44032180324827136,nm
4.145608186721802,31.423781093164457,-11.33514369506028,177.3788710906388,-0.07588209156108089,-0.0006175893969548215,-0.060973796221645546,0.15390631803071958,0.005525870357164661,0.005832623952578801,0.09734617127564006,0.1541158962441882,0.44032180324827136,nm
4.1522297859191895,30.61679878047842,-11.438617765825539,177.1669925451628,-0.04537510325711326,-0.02384929883319127,-0.08635924271260041,0.15694524779570643,0.009381336202931929,0.008580006944753606,0.10042712707392548,0.157459317900784,0.44032180324827136,nm
4.179919242858887,29.050355480768726,-11.530526620911475,176.77306682205435,0.039776720796492686,0.00895979080104929,-0.1634132662007591,0.12941102320996087,0.007552967459681706,0.032051506204634976,0.1684231603400223,0.1335348617241273,0.46644457866288347,nm
4.191673517227173,28.387492269561708,-11.405818881221627,176.64052652921842,0.10624681303329828,0.037432509616615726,0.06133823331005626,0.11317339267352614,-0.0024865169554375167,0.043330665306211,0.12826518203132745,0.1212103383861488,0.46644457866288347,nm
4.193259954452515,27.53637868784686,-11.180419374666933,176.54384657559442,0.09566022663713099,0.05810353359977522,0.036569439902649534,0.14355633405584614,-0.026800079465228374,0.04055504465967905,0.11774643736368828,0.1515631121158602,0.46644457866288347,nm
4.198719501495361,26.77500695703897,-10.948333332453554,176.51958364380306,0.06691038793728539,0.11787477762275898,0.1393537300342118,0.13851209159527028,-0.04733798456450483,0.04069302677427989,0.19439888191031576,0.15192895289831396,0.46644457866288347,nm
4.22330904006958,25.15498636821713,-10.357366478199562,176.35832714545012,-0.09510692266708759,0.028696188131172157,0.06659734948547008,0.1637868734489024,-0.07716594403035945,0.022274469917147176,0.11959935163266082,0.18241950236296892,0.48864893776530377,nm
4.239570617675781,24.311783495345495,-10.017580943362594,176.1679612422251,-0.1862777450475439,-0.054533828883990325,-0.32318698502208776,0.1535328009193852,-0.07028988313376748,0.015313733462799161,0.3769922599741449,0.16955087455297868,0.48864893776530377,nm
4.2404022216796875,24.311783495345495,-10.017580943362594,176.1679612422251,-0.1862777450475439,-0.054533828883990325,-0.32318698502208776,0.1535328009193852,-0.07028988313376748,0.015313733462799161,0.3769922599741449,0.16955087455297868,0.48864893776530377,nm
4.242448091506958,23.80472835022758,-9.80241693945686,175.85119216679308,-0.10149938993830028,-0.07576457181936204,-0.17417935621652067,0.08909509810321399,-0.041197914955656265,0.01900066098788612,0.21536212441564556,0.09998114732634042,0.48864893776530377,nm
4.244489669799805,23.291479659260443,-9.659710071973576,175.5134076993751,0.00015555772775441854,0.02510513458759102,-0.010626836760663989,0.08404493561942504,-0.0264097184384404,0.016084088320231543,0.027262091636657715,0.08955290240055878,0.48864893776530377,nm
4.244904041290283,23.291479659260443,-9.659710071973576,175.5134076993751,0.00015555772775441854,0.02510513458759102,-0.010626836760663989,0.08404493561942504,-0.0264097184384404,0.016084088320231543,0.027262091636657715,0.08955290240055878,0.48864893776530377,nm
4.275225877761841,22.390985719801044,-9.07722208727034,175.1850424708689,0.1714885854295679,0.1157329059583573,0.21280751390560013,0.05134453173552803,-0.054801469389750924,0.03994714244085464,0.29679871702701544,0.08506019148583185,0.507522643002361,nm
4.277367830276489,21.850621757790417,-8.543844658181264,175.03190261422108,0.123762802735799,0.07447075579452339,0.04700489950578665,0.07411980831204533,-0.08025482712160745,0.03916328994301005,0.15189662730678696,0.11605320564160955,0.507522643002361,nm
4.2839648723602295,21.2949149023039,-7.970133431119588,174.9202401940161,0.05518348503572997,0.08281901246619575,-0.07215202292930546,0.0724461851961321,-0.1016235885916265,0.03678166836074711,0.12292322912840982,0.13011031717397517,0.507522643002361,nm
4.310612916946411,20.391106225330002,-6.876981171417186,174.48213676325759,-0.050750850689885614,0.07839992684044259,-0.020389167368507946,0.06660390847536969,-0.11205551143777788,0.007017653216559686,0.09559244489139737,0.1305441140934561,0.5235652924538597,nm
4.311280727386475,20.391106225330002,-6.876981171417186,174.48213676325759,-0.050750850689885614,0.07839992684044259,-0.020389167368507946,0.06660390847536969,-0.11205551143777788,0.007017653216559686,0.09559244489139737,0.1305441140934561,0.5235652924538597,nm
4.322339057922363,19.902176067834635,-6.43380746530019,174.16568748658526,-0.08136971131136936,0.10393920524068384,-0.07402224545872821,0.05631756040660842,-0.10765841576854071,-0.006550467288121379,0.1513396218037854,0.12167543185720243,0.5235652924538597,nm
4.324442386627197,19.635770254692908,-5.927622119707466,173.72706442148578,-0.030257146329780906,0.10887209032943669,0.18099508065812875,0.03523362706976476,-0.0965017476838083,-0.01266227007821048,0.21337255254405457,0.10351004234398808,0.5235652924538597,nm
4.3317084312438965,19.23028271647498,-5.464786866445696,173.28846627368762,0.00482282335168295,0.13686398698424618,0.22529370791249695,0.06317783230398617,-0.09132500311661457,-0.020211091904213753,0.2636517881283321,0.1128724187959168,0.5235652924538597,nm
4.362899303436279,18.32930668118817,-4.411255080228496,172.90018579871332,0.06148494621079991,-0.027983315383998952,-0.06603639411225136,0.06099604149716644,-0.09806326378541161,-0.01096796033106907,0.0944683539486843,0.11600524529690533,0.5372015444876336,nm
4.370028018951416,17.94177170814335,-3.802853087564257,172.89828500884406,0.09140678334632663,-0.005349622064315778,-0.10014600560847724,0.05715757189696172,-0.09760608709698008,-0.013749786146321028,0.13569466068083322,0.11394293695797546,0.5372015444876336,nm
4.3767852783203125,17.677318653406537,-3.259158238041079,172.86425185273038,0.1158089949599028,0.07290504509132413,0.2665340107325462,0.03312895171741156,-0.10420043771689745,-0.017977669633556247,0.2996118285224531,0.11080819133864113,0.5372015444876336,nm
4.377319097518921,17.677318653406537,-3.259158238041079,172.86425185273038,0.1158089949599028,0.07290504509132413,0.2665340107325462,0.03312895171741156,-0.10420043771689745,-0.017977669633556247,0.2996118285224531,0.11080819133864113,0.5372015444876336,nm
4.379086494445801,17.38986105664513,-2.6095015280286997,172.77873891082146,0.11547971752569569,0.10199226405969405,0.46589123803069266,0.03506536521674273,-0.1258327608523704,-0.028000955532481837,0.49070625914248167,0.1335945996372811,0.5372015444876336,nm
4.404523611068726,16.759460792563658,-1.2111437886549914,172.34801995600176,-0.05328609214780894,-0.022966398962742662,-0.0981156674481966,0.0325350427549109,-0.13540871423724246,-0.061313331202131505,0.11398924202092826,0.15216232609141245,0.5487923587163414,nm
4.412299871444702,16.611903348343304,-0.649680846894588,172.0225545584152,-0.08010381550286924,0.011225703068666956,0.0009172178113418403,0.006769401564964981,-0.12232441531479596,-0.07369331185291113,0.08089177310466768,0.1429677991419916,0.5487923587163414,nm
4.423661470413208,16.39762235959603,-0.06983652751016863,171.64498644926067,-0.07142992041086577,0.04497921314794187,0.11605068515861738,0.020848039220064663,-0.11040670952455982,-0.0839231408763282,0.1435030476021159,0.14024042149790447,0.5487923587163414,nm
4.424493074417114,16.39762235959603,-0.06983652751016863,171.64498644926067,-0.07142992041086577,0.04497921314794187,0.11605068515861738,0.020848039220064663,-0.11040670952455982,-0.0839231408763282,0.1435030476021159,0.14024042149790447,0.5487923587163414,nm
4.426615476608276,16.08058285676919,0.36963300594203885,171.24855385407628,-0.0647947213103025,0.06395467603011411,0.0336921939293707,0.030931966909502836,-0.09962644876563785,-0.08734757162722978,0.09707584883775648,0.13605812779733845,0.5487923587163414,nm
4.435401439666748,15.899746927859649,0.8481842288338284,170.86194762360498,0.006193831191641025,0.05735815704044526,0.2022362727519648,0.016022010964530525,-0.08955313022545221,-0.08509742438348131,0.21030414104461667,0.12457142371036248,0.5487923587163414,nm
4.446439266204834,15.61911493350617,1.2865736422907443,170.46316582720831,0.037184425453693715,0.04058441104083029,0.16591492285669768,0.03649146189681879,-0.08493739615237952,-0.08687424419332701,0.17480714385400933,0.12685867081392208,0.5487923587163414,nm
4.454200506210327,15.340222190492062,1.715268361830124,170.04276234091074,0.06281681578842174,0.026948519236749163,0.1381258428784989,0.035926289040840685,-0.08319360296529224,-0.0907863040257,0.15411334629338796,0.12827325059122632,0.5487923587163414,nm
4.464351654052734,15.067513681630867,2.1784377981257665,169.5873456805643,0.08005269470745537,0.018672136337502258,0.26040334246996594,0.03291019221527009,-0.09001226472602522,-0.09740738020852933,0.2730695577593037,0.13665096513322933,0.5487923587163414,nm
4.47463321685791,14.695296436218904,2.6528325164248727,169.06944367577464,0.07015169016250107,0.04144163626739464,0.3767748819101381,0.051353725554919426,-0.09614038669825398,-0.10861675421139275,0.385484085907023,0.15387585378569926,0.5487923587163414,nm
4.4849464893341064,14.226401472962277,3.1212893790601264,168.4867625649424,0.03601932357331457,0.08116698449443675,0.3436126843955283,0.0696757391319176,-0.09916756329834417,-0.11996574783891654,0.3549016031523388,0.17053062742117805,0.5487923587163414,nm
4.511965990066528,13.216454097745904,3.9984193107632398,167.2204050424235,-0.056644686954835634,-0.013350244520842335,0.1538465360718213,0.08150020050575923,-0.0929292600300129,-0.12998027830710845,0.16448588465359518,0.17936834392110018,0.5239508336295623,nm
4.512751340866089,13.216454097745904,3.9984193107632398,167.2204050424235,-0.056644686954835634,-0.013350244520842335,0.1538465360718213,0.08150020050575923,-0.0929292600300129,-0.12998027830710845,0.16448588465359518,0.17936834392110018,0.5239508336295623,nm
4.530474424362183,12.174995869107248,4.587493204722903,165.92792984498928,-0.08813350656171248,-0.023949833392161158,0.13917013510187964,0.07584897822582393,-0.060343457295374145,-0.12863404249859492,0.1664615150797659,0.16106246373935323,0.5239508336295623,nm
4.532541751861572,11.687447054203359,4.77831280849126,165.29099203005697,-0.0595293177768437,-0.03566179174268782,0.21891704534627202,0.08160251995157948,-0.04962275533840361,-0.12730914218983333,0.22965229327924638,0.15915089316411074,0.5239508336295623,nm
4.533260822296143,11.687447054203359,4.77831280849126,165.29099203005697,-0.0595293177768437,-0.03566179174268782,0.21891704534627202,0.08160251995157948,-0.04962275533840361,-0.12730914218983333,0.22965229327924638,0.15915089316411074,0.5239508336295623,nm
4.54204797744751,11.213772603768177,4.873273115397775,164.64006097129024,-0.02684793368308159,-0.04908653960536712,0.1511465502459799,0.08334819418973016,-0.03121919623338316,-0.13002516662592087,0.161169412621443,0.1575693613753827,0.5239508336295623,nm
4.54298996925354,11.213772603768177,4.873273115397775,164.64006097129024,-0.02684793368308159,-0.04908653960536712,0.1511465502459799,0.08334819418973016,-0.03121919623338316,-0.13002516662592087,0.161169412621443,0.1575693613753827,0.5239508336295623,nm
4.550723314285278,10.797805135073373,4.9247526857719635,163.97334796405636,-0.026154706267344594,-0.08573727487298739,0.01703038578760542,0.07426129497345671,-0.020626624664460552,-0.13398053149613715,0.09124134480953217,0.15456707410108622,0.5239508336295623,nm
4.551218271255493,10.797805135073373,4.9247526857719635,163.97334796405636,-0.026154706267344594,-0.08573727487298739,0.01703038578760542,0.07426129497345671,-0.020626624664460552,-0.13398053149613715,0.09124134480953217,0.15456707410108622,0.5239508336295623,nm
4.561094522476196,10.442272196835955,4.973640022638672,163.28893477203772,0.011001110104732703,-0.10474666396288738,0.021511990620299293,0.0626005259976339,-0.01756114497266014,-0.13843555134637012,0.10749722682626908,0.15294319711744195,0.5239508336295623,nm
4.569562673568726,10.136955228512115,4.9954987316186035,162.5823475918592,0.012853831227824845,-0.1027962029694054,0.020674468744281225,0.05440242529688119,-0.010168450309527533,-0.14365033509979083,0.10563954742433754,0.15394297656652695,0.5239508336295623,nm
4.578680515289307,9.99420772578885,5.004505112147223,161.87670987660658,-0.024232544824456973,-0.08321946647951939,-0.03261612653212565,0.043435224330835805,-0.0034835470059131086,-0.1462544904561574,0.09260943547913894,0.15260776451741462,0.5239508336295623,nm
4.591450929641724,9.820732710920085,4.9947330190454915,161.17339160004417,-0.03915717227900097,-0.08197078529171578,0.12139953495306685,0.031204106080896625,0.0028751107490685296,-0.14522290330827006,0.15162566032518648,0.14856531945043708,0.5239508336295623,nm
4.61876106262207,9.38613704119948,4.816023633735458,159.83296297678183,-0.08188555032869775,0.010101914003224686,0.2005494634801871,0.041781175650482456,0.023372913416630624,-0.1349911663595264,0.21685797038926916,0.14322909870352155,0.5028355373058001,nm
4.630598306655884,9.252323838515393,4.6314725011454545,159.21480002827474,-0.08877295261398048,-0.04342548022805128,0.06984929867020528,0.03608988824892852,0.03741581581892657,-0.12885173657176402,0.12101790765651355,0.13894312982215154,0.5028355373058001,nm
4.643153429031372,9.084806074353018,4.3829195372426595,158.61223425714383,-0.06067002398918138,-0.04451119447152655,-0.16515334855815922,0.047356844954871836,0.046593815317030114,-0.12524256123518562,0.18148753892238093,0.1417721888616611,0.5028355373058001,nm
4.6448447704315186,9.16331496538227,4.066219436077066,158.02734902793907,-0.030328292103502835,-0.08796544489859841,-0.06735535685150412,0.02685672335294519,0.06663051617256531,-0.1255368335328822,0.11486717936258907,0.14463888083133697,0.5028355373058001,nm
4.648883581161499,9.204964254757773,3.7173413194127662,157.42587299285174,-0.03037749706086884,-0.07609062328965888,-0.01784582368296223,0.03338105850221204,0.07076481243453922,-0.12823201656136746,0.08385134884553289,0.15021785452141978,0.5028355373058001,nm
4.665596008300781,9.157627044605261,3.38658520609562,156.80791743494683,-0.02368920214145624,-0.03715186978620488,0.120723156841627,0.03298658175235807,0.06961720619494724,-0.13027835560971796,0.12851272436812616,0.15135098253551887,0.5028355373058001,nm
4.672900438308716,9.19208569089381,2.6329127781800006,155.5948174249213,-0.012231405082787167,-0.026433506398000378,0.004708186238095485,0.027406373441045684,0.08305913186136306,-0.1270618723199094,0.029504314064979557,0.1542551395843727,0.4848875354306022,nm
4.690236330032349,9.305473214010659,2.207035536338233,155.04324432942164,-0.05116102713969188,-0.020998498381283252,0.005215283474785318,0.01918679309141017,0.08760269275735443,-0.1184627587777187,0.05554805859775311,0.14857923820204488,0.4848875354306022,nm
4.702462196350098,9.404886035922631,1.770496854534712,154.53839332796136,-0.040799262622190524,-0.027896449433310388,-0.09373531724174625,0.024837112117516044,0.08991619153803826,-0.10881592585410937,0.105967454531618,0.14332728058025196,0.4848875354306022,nm
4.704111576080322,9.53756621426263,1.2687621125203916,154.07684300877384,-0.053798322728676184,-0.030094027038974003,-0.07065736680205575,0.025612018394280945,0.10157450055781966,-0.1001381870570869,0.09376765687187424,0.144917256242587,0.4848875354306022,nm
4.704572916030884,9.53756621426263,1.2687621125203916,154.07684300877384,-0.053798322728676184,-0.030094027038974003,-0.07065736680205575,0.025612018394280945,0.10157450055781966,-0.1001381870570869,0.09376765687187424,0.144917256242587,0.4848875354306022,nm
4.711487293243408,9.629638606555403,0.7467220343886664,153.6451448712491,-0.048688598853262696,-0.018452215808253666,-0.05988917560302615,0.03270287258896612,0.10287713321376332,-0.09373085480027336,0.07935853628273648,0.1429638260380663,0.4848875354306022,nm
4.736918926239014,9.780008117307345,-0.30811798625833475,152.81981706056308,-0.010840748329575992,-0.0215725585806726,0.0391397044203011,0.03851913894052227,0.11427406466557989,-0.08927490247090832,0.04598710221540702,0.1500409748405501,0.33486295130955457,nm
4.7497687339782715,9.815405928137528,-0.879323452464557,152.41004777511154,-0.007388696688523701,-0.011527179929663003,-0.07882207575410986,0.04808126231474377,0.11480371783922516,-0.08877428554716114,0.08000242710113525,0.152880918331545,0.33486295130955457,nm
4.751828193664551,9.868682408140698,-1.4300597292986814,152.0242494534973,-0.01354027454922309,-0.01854142185205637,-0.13059784537492627,0.04095931188488047,0.11509383359189147,-0.08376002897061807,0.1326006054878235,0.1481215656618566,0.33486295130955457,nm
4.7532830238342285,9.868682408140698,-1.4300597292986814,152.0242494534973,-0.01354027454922309,-0.01854142185205637,-0.13059784537492627,0.04095931188488047,0.11509383359189147,-0.08376002897061807,0.1326006054878235,0.1481215656618566,0.33486295130955457,nm
4.7601563930511475,9.866392654197693,-1.983202393643096,151.67250882592737,0.0,0.0,0.0,0.05235799261537249,0.11090179997789026,-0.07710543460417052,0.0,0.14486482207404736,0.33486295130955457,nm
4.781011343002319,9.732566067128904,-3.0641570647119223,151.1512885576212,0.030800904432012752,0.02957985138865658,0.2373625846035909,0.06508181303463205,0.09630588239319514,-0.052394137528108224,0.24117350578308105,0.12749749416643863,0.20734205480666407,nm
4.78942084312439,9.526561091348489,-3.5779992420699243,150.9790389005918,0.041044189442247324,0.06104924881460035,0.10033684423958474,0.08484887631624634,0.08284868785219908,-0.04329259208189578,0.12441510591466279,0.12624375398462379,0.20734205480666407,nm
4.801683187484741,9.301599995602546,-4.0876412776024384,150.84458917514308,-0.03599916955853096,0.08131116281574394,-0.15619139057034712,0.08791275194090532,0.08010555568838608,-0.03624129515592065,0.1797308985557325,0.12433416055351335,0.20734205480666407,nm
4.813251495361328,9.049413863402327,-4.604663832183177,150.7252774377186,-0.03724467661737337,0.03389537909707236,-0.18383595480850498,0.09349727214163038,0.07861300248160481,-0.0339159348119492,0.19060881653486456,0.12677552875562098,0.20734205480666407,nm
4.815716505050659,8.627972106943233,-5.172781029193591,150.59091653244212,-0.003189545805813098,0.08786875455100601,-0.18133783009574164,0.12806636265010918,0.07086541706087418,-0.04014315790237561,0.20153039436428538,0.15177079331681698,0.20734205480666407,nm
4.835958003997803,7.585255849691494,-6.354821789792643,150.33076875217765,0.05707689808258344,0.06662221750094255,0.1492013663464706,0.14903680947873507,0.059897511329442855,-0.04353072702772305,0.17308188778473108,0.16641696619823246,-0.2,nm
4.844045162200928,6.657566027645949,-6.85466153999524,150.23616289499847,0.06154264924587729,0.10183688894366806,0.023869653528771614,0.1884986643780442,0.02467356343816571,-0.045632306452413514,0.12135901279060267,0.1955066203411299,-0.2,nm
4.856924057006836,5.441481647160881,-7.335533717947318,150.1978880415407,0.06488524268337073,0.130477728333845,-0.06637147827418538,0.22672735042178668,-0.006324049213516851,-0.0427745091620622,0.16012403141796436,0.23081365570908924,-0.2,nm
4.871106863021851,4.061879370924525,-7.792973364539879,150.2022581121916,0.08535951649818495,0.21247689870194483,-0.23027153981066503,0.2823865670823709,-0.043199158189718694,-0.04034112605992677,0.3247424542396253,0.28850606057524963,-0.2,nm
4.873598337173462,2.2990882155663455,-8.269076410956133,150.3275579564972,0.09830115204070462,0.1981287219088677,-0.0871853273009344,0.30167581333905147,-0.05555055603761949,-0.02854067109243929,0.23773806643939505,0.30807260594910696,-0.2,nm
4.886904001235962,0.3719204542830052,-8.70573481174674,150.45755165682047,0.09243944396100648,0.01934214328707338,0.4629220912589114,0.3744051227354823,-0.09885574924803402,-0.0349395225086548,0.4724574392284257,0.38880898307921663,-0.2,nm
4.893136739730835,-2.4275888331028574,-9.094021751149619,150.57336222654004,0.17562942716901564,0.2948757860880873,0.2530471749080892,0.5198768623519943,-0.19105087821860287,-0.06693594769453728,0.42641563953231015,0.5579003595363778,-0.2,nm
4.908163070678711,-5.220929813109222,-9.419308524143158,150.7126008048518,0.15074715669088018,0.2505604826682045,0.29250977220575164,0.5127382651040869,-0.19987681410754404,-0.06487968499262001,0.41360274123991136,0.5541305287064342,-0.2,nm
4.927549839019775,-11.985590499629096,-10.080201109426792,150.944134295165,0.03625724513779509,0.21262526224731965,-0.04907372934581572,0.6670346389302796,-0.27804559841692156,-0.10745031443423776,0.22120651184499518,0.7306094267143622,-0.2472914538064573,nm
4.934683561325073,-15.663544141021461,-10.455316900559561,151.07170894823588,0.0026121628089574734,-0.03752816126056797,0.11076179720502087,0.6703842616573836,-0.27128718103182825,-0.10617946727354981,0.11697590351104736,0.7309486111489687,-0.2472914538064573,nm
4.940632104873657,-19.621190773310524,-10.843647183572148,151.21763269184146,-0.05923837790873162,-0.19535635301667273,0.22000117085009394,0.7199096976825313,-0.29350787127538663,-0.11678489954016986,0.3001229835528176,0.786165094670687,-0.2472914538064573,nm
4.94757604598999,-23.649421933340665,-11.17830504464708,151.39043023250005,-0.0370675985662067,-0.10667621726921225,0.09381482613694463,0.7270695606598756,-0.30719999325368225,-0.11810579156741208,0.14681636079619592,0.7980920748228063,-0.2472914538064573,nm
4.983260869979858,-31.156607193414164,-11.556566424436028,151.82057459762888,-0.09750358302101614,-0.08524407085677445,-0.2234520226991219,0.6673820353525084,-0.30859723344544204,-0.10201602853953347,0.2582717692015522,0.7423195428388076,-0.287489189541946,nm
4.983801364898682,-31.156607193414164,-11.556566424436028,151.82057459762888,-0.09750358302101614,-0.08524407085677445,-0.2234520226991219,0.6673820353525084,-0.30859723344544204,-0.10201602853953347,0.2582717692015522,0.7423195428388076,-0.287489189541946,nm
4.991401195526123,-38.05396918341499,-11.928748194529517,152.3104172678414,-0.11564907749893359,-0.17191470314727317,-0.10659626462618818,0.6226792785223968,-0.274332733982307,-0.08429967145673045,0.23300673362979393,0.6856342811171948,-0.287489189541946,nm
4.999131679534912,-41.296585475904436,-12.107672903034137,152.51470935800248,-0.06665718738534558,-0.08554849883066801,-0.09160447200226035,0.6007106046100625,-0.2626805492446699,-0.08918376310968508,0.14196163415908813,0.6616706469572855,-0.287489189541946,nm
5.017338752746582,-47.08723440557987,-12.437773956145602,152.8607285699248,-0.04609422061201723,-0.02967116301612703,-0.12461540921868272,0.510346143942314,-0.21478938597066458,-0.08170341959525533,0.13613983731185614,0.559699129654498,-0.32165726491711144,nm
5.023653268814087,-47.08723440557987,-12.437773956145602,152.8607285699248,-0.04609422061201723,-0.02967116301612703,-0.12461540921868272,0.510346143942314,-0.21478938597066458,-0.08170341959525533,0.13613983731185614,0.559699129654498,-0.32165726491711144,nm
5.029739141464233,-49.91429075284722,-12.599575476499894,153.03317332016073,-0.016583511108949168,0.039122310392191724,-0.14549719810078726,0.5073695088060981,-0.21003952800155654,-0.08118840011800132,0.15157507270756418,0.5550963683028187,-0.32165726491711144,nm
5.0374274253845215,-52.71251344279694,-12.789188711090475,153.24549224555994,-0.03003976997466689,-0.014426883505064929,-0.08955790729262061,0.5094358978256975,-0.20691194060690768,-0.07317463684575033,0.09555700657949286,0.5546999302656332,-0.32165726491711144,nm
5.046785831451416,-55.529581704526976,-12.941980207688367,153.48899475149017,-0.016226534710231583,-0.016466808796078203,-0.031200830687436273,0.5109263826316851,-0.21187750642081357,-0.06882901017311426,0.03883230686187744,0.5573825246970089,-0.32165726491711144,nm
5.047515392303467,-55.529581704526976,-12.941980207688367,153.48899475149017,-0.016226534710231583,-0.016466808796078203,-0.031200830687436273,0.5109263826316851,-0.21187750642081357,-0.06882901017311426,0.03883230686187744,0.5573825246970089,-0.32165726491711144,nm
5.057762861251831,-58.25511125504261,-13.007850739301102,153.73311758894735,0.0,0.0,0.0,0.47951579766575014,-0.21298508955177015,-0.06512038931803768,0.0,0.5287142079491802,-0.32165726491711144,nm
5.079431056976318,-63.27659837790457,-12.962231052052044,154.19115368815423,-0.0011679647081579126,0.027618913309838906,-0.0568088180328464,0.43234227617055854,-0.21335889934885105,-0.05739799673474244,0.0631776093269202,0.48552692378986995,-0.350700128986002,nm
5.089910507202148,-65.86563826218668,-12.928490632208522,154.42852387873157,-0.022042130759039342,-0.017154843463496723,-0.05435928090247633,0.4515140108358935,-0.2202940433471175,-0.058890076332795374,0.06111526489257813,0.5058284379172641,-0.350700128986002,nm
5.092004060745239,-68.58082597714785,-12.903879806708145,154.67018432763325,-0.014115388548374566,-0.009890465321174149,-0.037218884088439444,0.4808430726251026,-0.226764064065148,-0.062931676100557,0.04101598262786865,0.5353432516616957,-0.350700128986002,nm
5.112390756607056,-73.93324431724638,-12.88433457286752,155.10234057833972,-0.022578899613573348,0.0245330898777603,0.052450982792069695,0.45243463566974984,-0.21169767663776307,-0.06644012025928747,0.06215130571889925,0.5039119917480778,-0.375386563444559,nm
5.130285263061523,-76.44201123226253,-12.848942866426581,155.27477337843771,0.006670541407052689,0.12996471204380292,0.08063459975899036,0.4142886956811792,-0.20182935365953342,-0.06619673687334124,0.15309232893121844,0.4655665573691007,-0.375386563444559,nm
5.132086277008057,-78.73015869239792,-12.782178292612414,155.44803535066973,-0.03100111108619832,0.07479558648666021,0.06090703487527553,0.3840343091404849,-0.19658068495350606,-0.05554020641124697,0.10131690650508585,0.4349839431772201,-0.375386563444559,nm
5.139001131057739,-81.07696475318951,-12.680403302423375,155.6459916449892,-0.07078240710703594,-0.02678298087882578,0.02064800065853864,0.41360685321032564,-0.21583308126632017,-0.052229228760574814,0.07844626920266337,0.46944908172067634,-0.375386563444559,nm
5.1396918296813965,-81.07696475318951,-12.680403302423375,155.6459916449892,-0.07078240710703594,-0.02678298087882578,0.02064800065853864,0.41360685321032564,-0.21583308126632017,-0.052229228760574814,0.07844626920266337,0.46944908172067634,-0.375386563444559,nm
5.152184009552002,-83.78191527876035,-12.494017915941349,155.90358866961986,0.06257697503657512,0.22458196837479175,0.11949537768990966,0.4655371942579736,-0.2435676515963806,-0.054260047563088123,0.2619772578165484,0.5281990466702025,-0.375386563444559,nm
5.152909278869629,-83.78191527876035,-12.494017915941349,155.90358866961986,0.06257697503657512,0.22458196837479175,0.11949537768990966,0.4655371942579736,-0.2435676515963806,-0.054260047563088123,0.2619772578165484,0.5281990466702025,-0.375386563444559,nm
5.162226676940918,-86.090474142426,-12.206289743722612,156.14825573861154,0.0744110640051448,0.5289744390935905,0.30830137892119014,0.3877652813988539,-0.22916768652667396,-0.037464570216406465,0.6167663284465712,0.45197714104567316,-0.375386563444559,nm
5.184645175933838,-90.65348060133263,-11.196556996036541,156.25244138339733,-0.13756138222661365,0.10973863434844668,0.03419516773921677,0.44014855819957943,-0.308873119452644,-0.08562860684347637,0.1792624089023456,0.5444865613727583,-0.39637003273433247,nm
5.186358690261841,-90.65348060133263,-11.196556996036541,156.25244138339733,-0.13756138222661365,0.10973863434844668,0.03419516773921677,0.44014855819957943,-0.308873119452644,-0.08562860684347637,0.1792624089023456,0.5444865613727583,-0.39637003273433247,nm
5.19188928604126,-93.73513204389437,-10.54376546679963,156.64163182510242,-0.11619186059855423,0.33009390317377035,0.21982316391943124,0.5009394701484586,-0.35632871467295385,-0.0254977379379774,0.41326112420284283,0.6152728177752139,-0.39637003273433247,nm
5.193135023117065,-93.73513204389437,-10.54376546679963,156.64163182510242,-0.11619186059855423,0.33009390317377035,0.21982316391943124,0.5009394701484586,-0.35632871467295385,-0.0254977379379774,0.41326112420284283,0.6152728177752139,-0.39637003273433247,nm
5.20110297203064,-96.37179063478797,-9.736823128425247,156.94611079818233,-0.33895298414407166,0.1442533972843697,0.06321072566571538,0.41128208844432274,-0.34811969920449004,-0.01891428507182508,0.3737562894821167,0.5391641970950284,-0.39637003273433247,nm
5.202752113342285,-96.37179063478797,-9.736823128425247,156.94611079818233,-0.33895298414407166,0.1442533972843697,0.06321072566571538,0.41128208844432274,-0.34811969920449004,-0.01891428507182508,0.3737562894821167,0.5391641970950284,-0.39637003273433247,nm
5.205426454544067,-98.9732328991917,-8.851312923339005,156.87859273130167,-0.16425948754947448,0.08713887002075395,-0.07137347629934956,0.40027504181059653,-0.3599671454974608,-0.08446423855061513,0.1991696137405594,0.5449134449873669,-0.39637003273433247,nm
5.219497919082642,-101.79231384890505,-7.918750112703989,156.9543894936234,-0.028667444913205973,-0.01193763121490555,-0.15605479324395674,0.43700785543398796,-0.38648007086044517,-0.05390738091137475,0.15911451200719837,0.5858743180922271,-0.39637003273433247,nm
5.2272937297821045,-104.72572563366256,-6.942363573189179,157.29075248488545,-0.11011155198305794,0.10474781549492256,-0.19013840177829852,0.4566386601103028,-0.402821203670682,0.004624129010287002,0.24341173053466772,0.6089377395129436,-0.39637003273433247,nm
5.238035202026367,-107.55952205204802,-5.990192866956793,157.34203346546775,-0.12272434218164449,0.19843550160927603,-0.13782364975950612,0.44225673562918844,-0.39011028220575583,-0.04038589952994134,0.27098573928506525,0.5911074973072857,-0.39637003273433247,nm
5.24852728843689,-110.04571791120632,-5.033023832529434,157.06713189774214,0.0011066301833375816,0.21959648651062622,-0.1634318932405416,0.3777440888869475,-0.36586216716691383,-0.08963432052551551,0.2737404340727948,0.5334604328993593,-0.39637003273433247,nm
5.280064344406128,-114.91572902161742,-2.681049655243491,156.84973141819725,-0.24185200561907516,0.2121483478954956,-0.2011567718186746,0.35595783016166704,-0.4242410018849918,-0.030188029245675582,0.3794250400082574,0.55461493095978,-0.4142059816306399,nm
5.280939817428589,-114.91572902161742,-2.681049655243491,156.84973141819725,-0.24185200561907516,0.2121483478954956,-0.2011567718186746,0.35595783016166704,-0.4242410018849918,-0.030188029245675582,0.3794250400082574,0.55461493095978,-0.4142059816306399,nm
5.282531499862671,-117.21812918407583,-1.3566308613818916,156.58559993310874,-0.10322801623444,0.46428272511539526,0.009470452751939149,0.3122080687742496,-0.42397683778168405,-0.05629361038147782,0.47571436981827886,0.5295273437254063,-0.4142059816306399,nm
5.284762382507324,-119.21822423124873,0.07958628049492206,156.27119175931065,-0.09940705197061814,0.2505719828493922,-0.0849248911112945,0.2454053513917938,-0.42224620016845704,-0.05477970800351347,0.2826310628731925,0.4914432382863566,-0.4142059816306399,nm
5.292933940887451,-121.18383811908961,1.631094741679518,156.05275431713775,-0.1869501912480248,0.07080382185712061,-0.12844658952379104,0.2272947245853775,-0.4419613130986863,-0.025467514288120798,0.23761751104988282,0.49763569846251315,-0.4142059816306399,nm
5.293622255325317,-121.18383811908961,1.631094741679518,156.05275431713775,-0.1869501912480248,0.07080382185712061,-0.12844658952379104,0.2272947245853775,-0.4419613130986863,-0.025467514288120798,0.23761751104988282,0.49763569846251315,-0.4142059816306399,nm
5.299715995788574,-123.23571617993126,3.1913697550502307,155.80745140798558,-0.16480945358452695,-0.00407671946893777,-0.1571441030326843,0.23978068599083524,-0.4516626302865458,-0.01970086219945806,0.2277565471076642,0.5117441088503106,-0.4142059816306399,nm
5.324773788452148,-127.61099268971888,6.308399714063621,155.211627535613,-0.1000572021256808,0.17365733444942325,0.07159311685632253,0.2525176015019474,-0.46742109496674356,-0.006441363040059797,0.2128236074464044,0.5313088652055598,-0.4293665381925012,nm
5.325504541397095,-127.61099268971888,6.308399714063621,155.211627535613,-0.1000572021256808,0.17365733444942325,0.07159311685632253,0.2525176015019474,-0.46742109496674356,-0.006441363040059797,0.2128236074464044,0.5313088652055598,-0.4293665381925012,nm
5.3406195640563965,-129.69863919720558,7.66235083554644,154.81911264708862,-0.2111139774677309,0.030783204938815062,-0.12318640496639321,0.24488701035554086,-0.4732270060155201,-0.017290300337545413,0.24635666736886766,0.533115748734785,-0.4293665381925012,nm
5.344145774841309,-131.99951883119812,9.04428126348988,154.30204934908463,-0.22312647890194512,0.06622402365082584,-0.07038112653677533,0.2650415041746986,-0.4969384813439039,-0.026749534270741362,0.24315540271248526,0.5638354287904174,-0.4293665381925012,nm
5.35214638710022,-134.32022839254188,10.808627201306553,153.7448836906733,-0.1850521077456788,0.2108246442748837,0.05710007820583897,0.24687181842759207,-0.518268096083532,-0.02102447498814951,0.28627212953038667,0.5744471626706171,-0.4293665381925012,nm
5.357054233551025,-136.41817602329587,12.676358658136628,153.22303555658993,0.07861117837710228,0.3860084893295189,0.3238537080150196,0.19072961288318685,-0.5186229681088687,-0.009028497744516036,0.509964209916119,0.5526563869640391,-0.4293665381925012,nm
5.367765426635742,-138.4320802856201,14.68436642377499,152.9070716130437,0.05777335043599956,-0.2092802092744543,-0.14805623848256388,0.1564027107513718,-0.5364675863393944,0.041563530717047714,0.26278625490722685,0.5603452562562298,-0.4293665381925012,nm
5.369194746017456,-138.4320802856201,14.68436642377499,152.9070716130437,0.05777335043599956,-0.2092802092744543,-0.14805623848256388,0.1564027107513718,-0.5364675863393944,0.041563530717047714,0.26278625490722685,0.5603452562562298,-0.4293665381925012,nm
5.380016803741455,-140.61748834596585,16.535670825067335,152.55339312698754,0.10270301512566916,-0.40694032504602917,-0.3160057027808515,0.1935705815643283,-0.5233265419102072,0.055876269929059925,0.5253645797486648,0.5607694687267071,-0.4293665381925012,nm
5.410072088241577,-145.94345171537086,19.418023622649333,151.28022992285932,0.07810006530958079,0.10080092080072352,0.20460715432445972,0.32724793870631597,-0.49366540279484844,0.04697748616256856,0.24109030141502538,0.5941410838431281,-0.4422530112700833,nm
5.420923709869385,-148.68471385342724,20.925612466851724,150.56774297478032,-0.06346758613582082,0.11871988786054162,0.17693574256825864,0.29132871374578284,-0.5156926409787658,0.053944240931724625,0.2223258942671962,0.5947447356153113,-0.4422530112700833,nm
5.4354774951934814,-151.4590390369252,22.580787392835386,149.78701573077456,-0.12139713833140052,-0.16193278704758113,-0.41003815273790367,0.27021755816104953,-0.5458241707185155,0.056258879967988076,0.457264452386978,0.6116425554638328,-0.4422530112700833,nm
5.43802547454834,-158.08570471110409,25.793937452949592,147.76762472751363,-0.07042682677979317,-0.07394743883235128,-0.2861314260429224,0.35044830609862976,-0.604268072967392,0.08501948940155146,0.3038080884530425,0.7036918592915686,-0.4422530112700833,nm
5.445892095565796,-161.7184019122231,27.465107072265607,146.73525042438126,-0.018848638918899874,0.02806749556858295,-0.06302818056903622,0.3524413599775224,-0.6356199879944792,0.1237897972821611,0.07152347196851203,0.7372595169084397,-0.4422530112700833,nm
5.446536064147949,-161.7184019122231,27.465107072265607,146.73525042438126,-0.018848638918899874,0.02806749556858295,-0.06302818056903622,0.3524413599775224,-0.6356199879944792,0.1237897972821611,0.07152347196851203,0.7372595169084397,-0.4422530112700833,nm
5.474461317062378,-169.3825585846657,30.8845963456913,144.94338948120358,0.23073173005787667,-0.2129628913077268,-0.27880875580871983,0.35049523570444746,-0.6620713732873678,0.22043784100169733,0.4199102840432155,0.7808829972048481,-0.45320651338602813,nm
5.474986791610718,-169.3825585846657,30.8845963456913,144.94338948120358,0.23073173005787667,-0.2129628913077268,-0.27880875580871983,0.35049523570444746,-0.6620713732873678,0.22043784100169733,0.4199102840432155,0.7808829972048481,-0.45320651338602813,nm
5.477259635925293,-173.47501159432224,32.404291093685195,144.10226135310904,0.25108288860796346,-0.1977729957530193,-0.2780050842287375,0.37771773718279245,-0.6561504676380159,0.263286505329843,0.4236078394669653,0.8015758910127458,-0.45320651338602813,nm
5.4858927726745605,-177.8280127665543,33.78458659321584,143.19718453047605,0.1351306250865575,-0.11352384777819206,-0.19766592914938952,0.4105459470177303,-0.6592657949642077,0.2955537044778198,0.2649901307542252,0.8309821630173756,-0.45320651338602813,nm
5.48979115486145,177.57470690664448,35.140084164404875,142.13103193001464,0.07751505187114442,-0.048606546583914535,-0.2019105362291438,0.4251766280537389,-0.680311445814464,0.30731939679778536,0.2216732827332623,0.8590948958045721,-0.45320651338602813,nm
5.517754554748535,167.3400249570198,38.01995295984345,139.32310245599618,0.2109833668255321,-0.03769568168105009,-0.4712475401974873,0.4490377589096056,-0.769984870236869,0.3384715340723965,0.5176960398116046,0.9534540307207111,-0.4625169901845812,nm
5.528981924057007,161.690121162294,39.40646254782679,137.671963831392,0.22996077319904443,-0.016484301175637865,-0.4091711634203796,0.46427329750629276,-0.7979115479025217,0.37366725498012504,0.4696538410045621,0.9959115174040044,-0.4625169901845812,nm
5.532299041748047,155.85265404883472,40.78096696653959,135.96751571530044,0.2739548231136923,-0.02791518779810209,-0.3151726581741259,0.45132486158364504,-0.8178731597918816,0.4071266152971035,0.4185263519512267,1.0190008425289592,-0.4625169901845812,nm
5.539093017578125,149.73517470578096,42.272910664954466,134.23182346271633,0.4179817164781961,-0.01560124113705875,-0.2191873959200136,0.4269753622247971,-0.8644673458907558,0.4590548940888365,0.4722237060602449,1.0678685068140727,-0.4625169901845812,nm
5.5635986328125,136.25346278443283,45.56398858124399,130.60237913697344,0.5096414983333543,-0.09981618387696978,-0.1533853991105024,0.39480144934659167,-0.963240464385636,0.5983475496169393,0.5415023619962479,1.2007165222352114,-0.4704308954633513,nm
5.576726198196411,129.10237169383336,47.119795976428556,128.63474021042606,0.48759043433649274,-0.06511493446463221,-0.11367898171207906,0.38157759807383235,-0.9663471179191913,0.633240997899301,0.5048834491542362,1.216726089587556,-0.4704308954633513,nm
5.577404975891113,129.10237169383336,47.119795976428556,128.63474021042606,0.48759043433649274,-0.06511493446463221,-0.11367898171207906,0.38157759807383235,-0.9663471179191913,0.633240997899301,0.5048834491542362,1.216726089587556,-0.4704308954633513,nm
5.584639072418213,121.5830972868927,48.55368409138379,126.38363225518727,0.5705382287451745,0.07496976968069236,-0.05884880595905309,0.38001477535866013,-0.9828630801273013,0.6556734580202956,0.5784440498340901,1.2411038422793281,-0.4704308954633513,nm
5.5868613719940186,113.44560370410116,49.8587916549205,123.72874553721351,0.5474324058682487,0.17839500096437855,-0.002082582555127067,0.3913007818054281,-1.0278474551316235,0.691606630139003,0.5757702254492485,1.2991945288194227,-0.4704308954633513,nm
5.606997013092041,96.0624069829977,52.00005763881423,117.49303833644638,0.4381193703795862,0.29550602804725673,0.19325809529081991,0.3548960967040416,-1.061016719467566,0.7174898878235378,0.5626909335590069,1.3290972340557001,-0.4771577149503059,nm
5.607644081115723,96.0624069829977,52.00005763881423,117.49303833644638,0.4381193703795862,0.29550602804725673,0.19325809529081991,0.3548960967040416,-1.061016719467566,0.7174898878235378,0.5626909335590069,1.3290972340557001,-0.4771577149503059,nm
5.621467590332031,86.90893111494873,52.93850564304756,113.90613914274616,0.346438225056857,0.27667887750097947,0.3492341636159039,0.31326860951768104,-1.0934610661810944,0.7234005707165468,0.5643891796200982,1.3479995217640333,-0.4771577149503059,nm
5.62882924079895,77.30192752310974,53.82656290347165,109.80467834316529,0.2619009336576065,0.22802735025014068,0.4632467216974308,0.2622104426789788,-1.1366753304316755,0.7107975843328431,0.578952585861954,1.366022814214781,-0.4771577149503059,nm
5.634423732757568,67.30670552130606,54.59803363911857,105.18260619050905,0.1795790193895447,0.15947490461459607,0.5695775500131236,0.20631282771079354,-1.1678824751934382,0.6862019556000288,0.6181419374914611,1.3701779383026425,-0.4771577149503059,nm
5.636762857437134,67.30670552130606,54.59803363911857,105.18260619050905,0.1795790193895447,0.15947490461459607,0.5695775500131236,0.20631282771079354,-1.1678824751934382,0.6862019556000288,0.6181419374914611,1.3701779383026425,-0.4771577149503059,nm
5.6647233963012695,46.75840213961102,55.30487615562104,94.79379878924468,0.013243004131906684,0.08324562515087744,0.7217035972415557,0.12302871566746397,-1.1768489005677842,0.6207510893821612,0.7266094504867108,1.3362040692257782,-0.4828755115142173,nm
5.671451091766357,36.699223723021746,55.078870347099674,89.5888189494313,-0.08725915250925077,0.012533625276059291,0.6541189063894677,0.09539395440695309,-1.1514756660994094,0.6009777586503833,0.6600324197759884,1.302371100166505,-0.4828755115142173,nm
5.682208776473999,27.215370684446594,54.51084281001853,84.79098929523887,-0.15163165714119664,-0.02632219043162874,0.5737137090959843,0.06737882917619971,-1.1030769243851155,0.5808681946353201,0.59399700096985,1.2484896744751146,-0.4828755115142173,nm
5.682925462722778,27.215370684446594,54.51084281001853,84.79098929523887,-0.15163165714119664,-0.02632219043162874,0.5737137090959843,0.06737882917619971,-1.1030769243851155,0.5808681946353201,0.59399700096985,1.2484896744751146,-0.4828755115142173,nm
5.696922540664673,10.233884283706196,52.66018805502092,76.55200729275695,-0.23996525578803496,-0.01955014634751063,0.3661900841905605,0.01544550664193081,-1.0060250020731822,0.5151197470341602,0.43824731598392697,1.1303420819629382,-0.487735638593542,nm
5.7145795822143555,2.598735843166053,51.43308527659726,72.83672188184681,-0.2723939119091659,-0.07566176754177917,0.20880143923199262,-0.0006506009112809355,-0.9748506218279492,0.4535372252141349,0.3514558113590899,1.0751884359566104,-0.487735638593542,nm
5.716356992721558,-4.447320101655523,49.94364291874054,69.21779833942374,-0.3716746043114506,0.07613187469215044,0.22238043673913663,0.002749306761608881,-0.9450205652057263,0.3597952743472383,0.4397625864924207,1.0111993210005752,-0.487735638593542,nm
5.718738555908203,-11.388279262703827,48.14585131261379,65.6481658652963,-0.33826059314164286,0.035123594019569916,0.120573546216442,-0.005227981140032897,-0.981798531219751,0.3287124209020474,0.36082111326334004,1.0353779712488314,-0.487735638593542,nm
5.751824378967285,-23.4262890227171,43.6754266073649,59.29702098329845,-0.15671750039613064,-0.05846822185725558,0.061561313722646886,0.04515374254012692,-0.914833927960089,0.1774957981267695,0.1782377716557818,0.9329869959248758,-0.491866746610968,nm
5.758298635482788,-28.50535763330987,41.150801740352776,56.76245594705339,-0.17073221924089174,0.011589404084857867,0.11157158013433958,0.04470411736281334,-0.9064947310465998,0.17521306831362274,0.2042841708690015,0.9243542474789143,-0.491866746610968,nm
5.760213375091553,-33.20688961332434,38.61174826343439,54.666134904299255,0.03575958443422918,-0.21559192811686229,0.042672010392664675,0.026835017233995694,-0.8849683455906047,0.1816466263585093,0.22266460836649987,0.903816678156997,-0.491866746610968,nm
5.768634080886841,-37.026859515068274,36.12334874410361,53.006625723802294,-0.125344721529492,-0.08397715079849441,0.18537792139030598,0.05750697993750065,-0.7864029189007544,0.1305686974773526,0.2390155534908334,0.7992401318490526,-0.491866746610968,nm
5.801551103591919,-43.81429605815773,31.264186062543995,50.43617182938954,0.010373455505782954,-0.240611706976542,-0.043685017311866255,0.03545935645770785,-0.7371167871729479,0.11092682820689112,0.2447651585721175,0.746259529325157,-0.49537818842578013,nm
5.804527282714844,-46.80341290689019,28.940408860918545,49.21887240753376,-0.13791881475159615,-0.03899030225786408,-0.02996377095304037,0.03559418252595013,-0.6970979861514183,0.057695906590626914,0.14642291727175416,0.7003865830834911,-0.49537818842578013,nm
5.806104421615601,-49.83083719627205,26.508236120561236,48.04452924375841,-0.08393523093657775,0.004085770669906519,-0.10641706852726834,0.02482361983033008,-0.7257872142861933,0.04901431947967002,0.13559649327427695,0.7278637894804554,-0.49537818842578013,nm
5.806758880615234,-49.83083719627205,26.508236120561236,48.04452924375841,-0.08393523093657775,0.004085770669906519,-0.10641706852726834,0.02482361983033008,-0.7257872142861933,0.04901431947967002,0.13559649327427695,0.7278637894804554,-0.49537818842578013,nm
5.813729286193848,-52.66833336093662,23.884684346248473,47.002692169855955,0.12521485989482298,-0.09505370790626433,-0.13748426711242767,0.05410758231236854,-0.7351246941885492,0.03629294379827619,0.20884418169690752,0.7380061817078788,-0.49537818842578013,nm
5.8263938426971436,-54.967361874057566,21.12023706890337,46.115184676087146,-0.0013876547425676184,0.0032347441790913185,-0.15960293583687318,0.12311466390966035,-0.6906754812720479,0.002296488640077586,0.15964174354891578,0.7015661870130555,-0.49537818842578013,nm
5.832489252090454,-57.108451199176905,18.25747960470454,45.35053933698589,-0.06080698383922432,-0.01706068829639578,-0.16632695006963408,0.14211578451703252,-0.6904904555672934,-0.004053213927177375,0.17791349214783292,0.704975456297281,-0.49537818842578013,nm
5.847231388092041,-59.15622688616449,15.371517307466474,44.68118937404292,0.008193940453486733,-0.09969253334355299,-0.09435712342617059,0.14435259634784087,-0.6875235091915947,-0.010026898503010298,0.13751003092819195,0.7025857858347813,-0.49537818842578013,nm
5.874891757965088,-62.15474037440051,9.883870892053144,43.523863810918634,-0.006992604284196951,-0.12252733043570034,-0.029470808903620124,0.19568516339785863,-0.5698740023392584,-0.0525598527473716,0.12621557667660663,0.6048236105155264,-0.4983629139683704,nm
5.883173227310181,-63.37531534094854,7.340579168848788,42.98029572009984,0.03483228585161903,-0.05043965758884388,-0.06911959929182858,0.18508686197367935,-0.5383876023746528,-0.06502374316929507,0.09238488080628597,0.5730152214747332,-0.4983629139683704,nm
5.888669490814209,-63.37531534094854,7.340579168848788,42.98029572009984,0.03483228585161903,-0.05043965758884388,-0.06911959929182858,0.18508686197367935,-0.5383876023746528,-0.06502374316929507,0.09238488080628597,0.5730152214747332,-0.4983629139683704,nm
5.8948655128479,-65.81059848114022,2.5276787074153577,41.922551864014665,0.12133993375908118,-0.012204101981941242,-0.07469897210828691,0.15662713811944998,-0.5160677376912235,-0.07731690783922629,0.1430113843855742,0.544826462755845,-0.4983629139683704,nm
5.909870862960815,-67.79292429192425,-2.409196221462075,41.07494614499316,0.11594676689167635,0.015838100433775024,-0.10342703742538806,0.20026505539762277,-0.504686581735446,-0.07739495013059572,0.1561782643282211,0.5484565766794481,-0.5008999306795722,nm
5.921212911605835,-68.7158561764997,-5.0291961788823185,40.6666338098528,0.09435883864079497,-0.05701638816157939,-0.10530093549807601,0.21400354596952934,-0.5203394287868168,-0.08420691983634043,0.15245571804757418,0.5688949324664855,-0.5008999306795722,nm
5.933148384094238,-69.54867401782094,-7.746853539049808,40.264767754572894,0.0434586825528663,-0.033957274184588195,-0.08243683996734077,0.2367809666006595,-0.5247969270079572,-0.08909335076449905,0.09918460638163092,0.5825930534187511,-0.5008999306795722,nm
5.94085955619812,-70.27003497589574,-10.473946287703779,39.79563606095421,0.013079085441884058,-0.05354801658621677,-0.05301761011814948,0.25123121202195303,-0.5134051776325261,-0.10652759507235503,0.07648084426151398,0.5814207829324687,-0.5008999306795722,nm
5.948999881744385,-70.89720865001138,-13.089239446828826,39.234141655141045,0.025019417168192965,-0.05710206637010018,-0.06081958525202013,0.2606255795452467,-0.48026105824174464,-0.12714279332467948,0.08709557491284582,0.5610184191906522,-0.5008999306795722,nm
5.979088306427002,-71.9751703909285,-17.997630983856382,38.00291787254383,0.10196169321778953,0.010525022509936187,-0.0267567312801355,0.22061166116725556,-0.441829973321346,-0.14445860190352994,0.1059381218045264,0.5145401034244462,-0.5030563948840936,nm
5.979751348495483,-71.9751703909285,-17.997630983856382,38.00291787254383,0.10196169321778953,0.010525022509936187,-0.0267567312801355,0.22061166116725556,-0.441829973321346,-0.14445860190352994,0.1059381218045264,0.5145401034244462,-0.5030563948840936,nm
5.986799001693726,-72.49028288877143,-20.243303354217975,37.37441514205949,0.1341464496246293,0.013681358274421334,-0.024743211421017944,0.20509104651046997,-0.420242630012696,-0.1483713499112083,0.13709367608519174,0.49059174770191727,-0.5030563948840936,nm
5.988732099533081,-72.97985249408869,-22.43272762050235,36.75307559661095,0.11491023352731981,0.019803656612952802,-0.040147034185050896,0.19819622876185317,-0.4099734440098138,-0.14865454513455803,0.12332206184784039,0.4790178949453257,-0.5030563948840936,nm
6.000795364379883,-73.45209712626114,-24.646671026708074,36.135361039872905,0.10135409579071894,0.006184720128351176,-0.03265577178501555,0.1999529435234609,-0.41351674397682514,-0.14988038046980995,0.10666444078274297,0.48315774403673434,-0.5030563948840936,nm
6.001923561096191,-73.45209712626114,-24.646671026708074,36.135361039872905,0.10135409579071894,0.006184720128351176,-0.03265577178501555,0.1999529435234609,-0.41351674397682514,-0.14988038046980995,0.10666444078274297,0.48315774403673434,-0.5030563948840936,nm
6.0319459438323975,-73.92117871495456,-29.290344427780735,34.539813324039386,0.019916084989208323,0.04279678755930673,-0.07250241682316884,0.24944517882566392,-0.4024722639937285,-0.1776351601326109,0.08651483058929443,0.5057282577026354,-0.5048893894579368,nm
6.035802841186523,-74.38039920523784,-34.12918855869257,32.582057848943116,0.03470002079343635,0.0076528841862496125,-0.049218633124634516,0.24038876897517622,-0.4254099085905015,-0.21351974820472036,0.06070528746402932,0.5332457533349765,-0.5048893894579368,nm
6.044006824493408,-74.35475281136331,-36.47495508224387,31.344050654755627,-0.015823272097235587,0.07163485404747756,-0.03212390190992931,0.23747989407872033,-0.4031412928692513,-0.2334092247426466,0.0800866613624599,0.5228761500612693,-0.5048893894579368,nm
6.044755220413208,-74.35475281136331,-36.47495508224387,31.344050654755627,-0.015823272097235587,0.07163485404747756,-0.03212390190992931,0.23747989407872033,-0.4031412928692513,-0.2334092247426466,0.0800866613624599,0.5228761500612693,-0.5048893894579368,nm
6.063323497772217,-74.2110234796351,-40.68130342850801,28.44779617602023,0.04995812720109867,-0.0004240457683424845,-0.050867127248563904,0.20914093087738703,-0.34202308218827887,-0.2747634385963356,0.07129837952419674,0.4860192021999876,-0.5064474348457036,nm
6.08148455619812,-74.0579223565785,-42.600536728220824,26.892607246997272,0.03913680114794219,0.04626767803561766,-0.0607158832609406,0.1847800195941595,-0.32945940927650935,-0.27953130526306325,0.08578348159790038,0.46992010876756096,-0.5064474348457036,nm
6.091468334197998,-73.898887422434,-44.41662291176369,25.220913353311428,0.03723089069962181,0.040821983552677396,-0.05212720466502844,0.17259733038984337,-0.3158000983560877,-0.3012886605136959,0.07595932483673096,0.46935529988863717,-0.5064474348457036,nm
6.10036301612854,-72.85392461413919,-47.79750815310513,21.147934846475334,0.012323201282575096,0.11492705478030524,-0.15156008473254323,0.21080078768567018,-0.28765465063634615,-0.3264385292296473,0.19060574097980842,0.48347107823243435,-0.5077717734253054,nm
6.1126813888549805,-72.1000035567815,-49.50255670402006,18.728675768822775,0.022354791289253228,0.07847456659260856,-0.12331974131971166,0.20999187343119977,-0.2958076278942854,-0.35994055969907457,0.14787073035135934,0.5110341927347642,-0.5077717734253054,nm
6.125924587249756,-70.98306156948412,-51.18998630865512,15.921675129899938,0.023518569854415236,0.0334234729756157,-0.07940847592788029,0.22311940030748417,-0.2862609104416469,-0.3790446757902174,0.0893082175554829,0.5247879970858356,-0.5077717734253054,nm
6.133145332336426,-69.39776011942095,-52.75788577515918,12.694862981159355,0.025536910162623296,0.10720544482793833,-0.03684841819185318,0.2412066542435466,-0.2594775849006115,-0.385567247297964,0.11620218201329835,0.5236137596608297,-0.5077717734253054,nm
6.141905069351196,-67.63521306054102,-54.12149560071281,9.213375478684476,0.03650811498217192,0.07317810263474656,-0.03454067965585772,0.2396385936493251,-0.22748596603253587,-0.40323493949027034,0.08877463441694125,0.5213203782068224,-0.5077717734253054,nm
6.1468095779418945,-65.69390342472238,-55.24654261377379,5.522532974856494,0.0373134678804126,0.09025318277404894,-0.031794716086694076,0.22887195843410119,-0.1937733751084659,-0.4117072794527981,0.10270752580576532,0.509346029937224,-0.5077717734253054,nm
6.157418727874756,-63.624322914642484,-56.09846890193053,1.654472710579791,0.01329121185110129,0.11220266862065917,-0.011105104200618653,0.21607327405228696,-0.1605899062371394,-0.4224558202163158,0.11353157489163491,0.5009448051228479,-0.5077717734253054,nm
6.193755388259888,-58.66328382680929,-56.9847691794336,-6.923435201056817,0.010340187917505269,0.1639885555851615,0.006174825132840237,0.25125847842931154,-0.09120061753607951,-0.43837249395237715,0.1644302110760005,0.5134382329702396,-0.508897461217967,nm
6.2062132358551025,-55.962976220290116,-57.11485122068658,-11.512352435904997,0.03323918423813703,0.09491911716282372,-0.0088104254364917,0.2610169958973617,-0.07394973714222026,-0.4558867000025633,0.10095595954751088,0.5305008190473545,-0.508897461217967,nm
6.209120035171509,-50.482954725736256,-56.91067765257245,-20.928014456943146,0.042745162409221375,0.1317434860112042,0.06257016457341409,0.25695143930970404,-0.05562577419046691,-0.4846769351558088,0.15198197429471427,0.551389155125167,-0.508897461217967,nm
6.21655797958374,-47.91108690387883,-56.448384748044724,-25.556390838573417,0.001998887395043658,0.08704277079529056,0.07583751072317348,0.27200063272154923,-0.03378530841369956,-0.4879803380498246,0.11546327351685039,0.5596879501907764,-0.508897461217967,nm
6.223876953125,-45.257155026512166,-55.69100227406827,-30.172192125791646,0.04110938226866639,0.17055366758389903,0.07479953230582241,0.2921706458717319,-0.005285696333170366,-0.4749892906219305,0.19071839153579354,0.5576795236516724,-0.508897461217967,nm
6.2324745655059814,-43.04879701067611,-54.6986102030966,-34.46267897955601,0.0617957773576434,0.1032698637038567,0.05697006592547131,0.29165981459615337,0.0365688420527882,-0.48783153577394595,0.13315018310239427,0.5695457268340366,-0.508897461217967,nm
6.253203630447388,-39.76102878192223,-51.95481584787755,-41.91910231264236,0.05431963143363304,0.11195399008086279,0.026900896248781208,0.31288582856322544,0.10967035147135387,-0.4610089259391587,0.12731055130310037,0.5678506471803331,-0.5098542958417293,nm
6.253851413726807,-39.76102878192223,-51.95481584787755,-41.91910231264236,0.05431963143363304,0.11195399008086279,0.026900896248781208,0.31288582856322544,0.10967035147135387,-0.4610089259391587,0.12731055130310037,0.5678506471803331,-0.5098542958417293,nm
6.269975185394287,-38.481243368608574,-50.26854408360929,-45.228052153600046,0.06976014451329964,0.12433534370649191,0.032528029317072396,0.31600550511525843,0.13989419797073063,-0.45532780700192566,0.14623210368581943,0.571623370514368,-0.5098542958417293,nm
6.272259950637817,-37.407322967425074,-48.378638876528086,-48.339990138733434,0.0754251304520131,0.12816969875442247,0.07574948594228967,0.33800795873735895,0.16342813194068295,-0.4524021856502531,0.16689639481733493,0.5878995424905036,-0.5098542958417293,nm
6.284510850906372,-36.63889114336908,-46.33079157638212,-51.172596303203285,0.08773523267168833,0.09924336470599535,0.11376569794284079,0.37233333495111187,0.17585161791246862,-0.44700260527086133,0.17461199992710746,0.6077558991545761,-0.5098542958417293,nm
6.300920248031616,-35.45224058167251,-41.89445260834016,-56.331080601258186,0.16039773182106057,-0.015469282050629678,0.17918614122123974,0.40435244785343194,0.18678584734786277,-0.4179788391462154,0.24098631551658875,0.6108159827874016,-0.5106676052719271,nm
6.30914306640625,-35.178042706542314,-39.583320280049044,-58.57082437533938,0.15051204480409233,-0.05971499939140797,0.20653581475376423,0.40375234124367865,0.20462776507084554,-0.4062246466451657,0.2624438979275879,0.6081997524166142,-0.5106676052719271,nm
6.309805870056152,-35.178042706542314,-39.583320280049044,-58.57082437533938,0.15051204480409233,-0.05971499939140797,0.20653581475376423,0.40375234124367865,0.20462776507084554,-0.4062246466451657,0.2624438979275879,0.6081997524166142,-0.5106676052719271,nm
6.322468996047974,-35.06654870113719,-37.204672031143154,-60.556358762688156,0.0968236307742863,-0.10291370768363789,0.16449979040371726,0.4106088648850497,0.21696683534455655,-0.3774653579511666,0.21685531524123522,0.5984599769531989,-0.5106676052719271,nm
6.342109680175781,-35.029700381105265,-32.14695077827795,-63.83234619113188,0.14329800046114746,0.03098932924558366,0.26195664970406923,0.4531577847420465,0.22928092218002,-0.30579185432404016,0.30019317411865754,0.5928156351843078,-0.5113589182875954,nm
6.359455585479736,-35.06588389951788,-29.383964067215295,-65.24810183085245,0.0904810978036041,-0.013995033772209156,0.1532540234932722,0.4875248511956802,0.23423914246185978,-0.28151903058852845,0.17852026704804994,0.6097552139819243,-0.5113589182875954,nm
6.362660646438599,-35.140312885915314,-26.562752078228673,-66.5119003492942,0.06391487131193369,-0.00943908076352065,0.1041982197676183,0.5007863008856754,0.23361617723424713,-0.25459852750857065,0.12260292012518377,0.6084273560827405,-0.5113589182875954,nm
6.365390777587891,-35.267871374264494,-23.750912612702717,-67.6358349131098,0.08595063388968778,0.03368557328182902,0.20738069306693205,0.5000387463100583,0.23133164682233875,-0.23068903626630713,0.22699995852485458,0.5973026955291159,-0.5113589182875954,nm
6.375829219818115,-35.300208036364864,-20.88338201691509,-68.68739298751564,0.3778186056504966,0.4564792331973724,1.059908190472234,0.5211566926721238,0.20980472743773815,-0.20805124478211112,1.2143004411373126,0.5990890104379784,-0.5113589182875954,nm
6.395022630691528,-33.89241843660256,-15.124242267900843,-70.45382403884578,-0.2731190915843941,-0.2768968355566062,-0.36220201240665084,0.5785853186577405,0.01444879237114835,-0.10005448771034679,0.5314660793696758,0.5873505248812191,-0.5119465343509134,nm
6.411923885345459,-33.54120798790717,-12.522261217651945,-71.13727789735323,-0.06375081065841129,-0.10367823262914114,-0.34893617116575304,0.504643633738463,0.09723022026039951,-0.11631130035125091,0.36955350536630366,0.5269224149664206,-0.5119465343509134,nm
6.412587642669678,-33.54120798790717,-12.522261217651945,-71.13727789735323,-0.06375081065841129,-0.10367823262914114,-0.34893617116575304,0.504643633738463,0.09723022026039951,-0.11631130035125091,0.36955350536630366,0.5269224149664206,-0.5119465343509134,nm
6.419232606887817,-34.164749549329045,-10.047523669360434,-71.8127864309873,-0.19782339177556424,0.02324164091699472,-0.1927622631446306,0.4210603809595952,0.2638918643752043,-0.15609365948933876,0.27718506146389404,0.5208608173303443,-0.5119465343509134,nm
6.426628589630127,-34.62969641625452,-7.53366968517666,-72.45271644911352,0.09712024236096264,0.1958927317639786,0.7472272777311433,0.4409188665653788,0.23234639454322747,-0.13893619884972933,0.7785595085924398,0.5173949761075642,-0.5119465343509134,nm
6.435122728347778,-34.35007223088197,-4.764642890813809,-73.09126486127548,0.12785829985260339,0.22688595351150914,0.3796570485678256,0.5360639450467364,0.10132655578009439,-0.11879419669250568,0.4603959765997714,0.5583401161058953,-0.5119465343509134,nm
6.4590208530426025,-34.31980231861795,0.6319165684909068,-73.92850382028809,-0.1110045811027618,-0.22318627601745294,-0.24880012819395053,0.49946228335704795,0.16590042062584612,-0.06903785467325817,0.35218693135558643,0.5308029271188646,-0.5124460080047337,nm
6.471457004547119,-34.69216235218429,3.471995409239786,-74.27985043494846,0.09079376205869555,-0.19054030539987785,0.03915227777631372,0.5164305091121135,0.21757037714128966,-0.0655079368066285,0.21466722168445598,0.5642061941665131,-0.5124460080047337,nm
6.473621368408203,-35.042855563149594,6.185394401156682,-74.48832137049666,0.11577300474800295,-0.10757424090261138,0.34617379161892603,0.49433202124216297,0.2037373185659183,-0.03391559489133492,0.38054158765892826,0.5357455644040611,-0.5124460080047337,nm
6.4808595180511475,-34.87558990926,8.568988693749247,-74.44201725897403,0.057764163583864776,-0.08032887112412158,0.03548620319051363,0.45866098517425363,0.08583506680645483,0.006545606505924266,0.10511278108535443,0.46666947937401676,-0.5124460080047337,nm
6.509405612945557,-34.97353271997608,13.349665303754591,-74.45442545959358,-0.25508097979642225,0.024262939269330704,-0.3865830853925417,0.4531699277277699,0.16747139795565072,-0.004810828345438925,0.4637903388251066,0.4831488348318574,-0.512870560610481,nm
6.5187318325042725,-35.40411823735417,15.8530497939593,-74.56121856897799,0.03944944641819482,-0.003857283571777664,0.05007496935563431,0.45073914167749285,0.20417546075336565,0.0011504621720301348,0.06386423110961914,0.4948279662440487,-0.512870560610481,nm
6.530024766921997,-35.874066056004544,18.400530408605213,-74.61231497365705,0.24922297157779108,-0.14657825937883281,0.42585269522401914,0.457848812734789,0.21210647378616934,0.01805599769452741,0.5147307973243433,0.5049165382490493,-0.512870560610481,nm
6.53281044960022,-35.99819681188682,21.007104475235337,-74.50569439869606,0.0563121596140234,-0.08191970756147735,0.1321887394774061,0.4868952034595514,0.15131045199041174,0.029994241314045517,0.16539576975236928,0.5107459706600395,-0.512870560610481,nm
6.533308506011963,-35.99819681188682,21.007104475235337,-74.50569439869606,0.0563121596140234,-0.08191970756147735,0.1321887394774061,0.4868952034595514,0.15131045199041174,0.029994241314045517,0.16539576975236928,0.5107459706600395,-0.512870560610481,nm
6.5397772789001465,-35.976229653551535,23.619802861434337,-74.18754062903568,-0.03255435873508032,-0.0815614371906811,-0.19847382987316506,0.49494217041864025,0.12697379288642358,0.06195621451345363,0.21703436468399143,0.5147122192599626,-0.512870560610481,nm
6.564982652664185,-36.76912637823232,29.549823346329447,-73.56938748072102,0.1424763788620853,-0.2628271010043564,-0.1281461739474,0.5623055728204186,0.2540762981789141,0.1024615136899768,0.32526765202424285,0.6254923535174838,-0.5132314303253661,nm
6.5656445026397705,-36.76912637823232,29.549823346329447,-73.56938748072102,0.1424763788620853,-0.2628271010043564,-0.1281461739474,0.5623055728204186,0.2540762981789141,0.1024615136899768,0.32526765202424285,0.6254923535174838,-0.5132314303253661,nm
6.573088645935059,-37.18914477914231,32.57506889633702,-73.15880468258858,0.3050888038259159,-0.28364050189389617,0.1645085171816111,0.5501425507291864,0.23200771397005215,0.12462200265255553,0.44787739925100256,0.6099303640658977,-0.5132314303253661,nm
6.580467224121094,-37.13733941695625,35.23043005859634,-72.41286150777773,0.09040955204317527,-0.17865962857741924,-0.0875140893250344,0.5009059387656505,0.1386126907749387,0.1422290470532171,0.21852200304422234,0.5388407365448835,-0.5132314303253661,nm
6.580932378768921,-37.13733941695625,35.23043005859634,-72.41286150777773,0.09040955204317527,-0.17865962857741924,-0.0875140893250344,0.5009059387656505,0.1386126907749387,0.1422290470532171,0.21852200304422234,0.5388407365448835,-0.5132314303253661,nm
6.594005346298218,-37.19982876085238,40.67180358940077,-71.01433750463875,0.0018649880031167028,-0.07736319497872807,-0.2489888989578276,0.5214455889024951,0.21298121807907264,0.14703341422307334,0.26073744250068837,0.5821385800120186,-0.5135381695830185,nm
6.615154027938843,-37.72565269544047,43.76662404000489,-70.5445670339222,0.10013501879441579,-0.18676093764963136,-0.07173792711710655,0.550303992814257,0.2670263678653596,0.16251696114591255,0.22372527798124822,0.6328896651887927,-0.5135381695830185,nm
6.622813701629639,-37.97723143479209,46.87519180528216,-69.82265870550602,0.6137390170867534,-0.4812974819784778,0.32632189483488666,0.5645329596713851,0.23371291204479103,0.17771173391043238,0.8454636753297378,0.6363180401192804,-0.5135381695830185,nm
6.62981390953064,-37.45159917809028,49.77952153185253,-68.48272715372082,-0.03646943473825245,-0.02965885775425046,0.5492713736437572,0.559472086783339,0.13093299181800813,0.1865594019836371,0.5512791574310737,0.6041166068770257,-0.5135381695830185,nm
6.631856679916382,-35.21992294769784,51.611345084373035,-65.63488427043764,-0.516566754944885,0.5989710234495065,0.6852365740419419,0.43933884581652327,-0.1283812044659479,0.22078325152599312,1.0464973299780445,0.5081787079934698,-0.5135381695830185,nm
6.6601104736328125,-32.8898888216209,57.11159418807362,-61.237250288087786,-0.20684957946903026,-0.03770394316006743,-0.09149636259794336,0.676597877384215,0.3367695678544697,0.2181082620692672,0.22930311865516917,0.7866191222545938,-0.5137988979520229,nm
6.660635232925415,-32.8898888216209,57.11159418807362,-61.237250288087786,-0.20684957946903026,-0.03770394316006743,-0.09149636259794336,0.676597877384215,0.3367695678544697,0.2181082620692672,0.22930311865516917,0.7866191222545938,-0.5137988979520229,nm
6.674329996109009,-33.26492343453048,61.660621567980094,-60.5604332116462,-0.033700823764086965,0.0394450593037961,0.42424437296293216,0.769206593364211,0.466073352032727,0.19525178241931818,0.4274048972772417,0.9203403779515043,-0.5137988979520229,nm
6.6761474609375,-31.349367182563064,64.28070755018041,-57.26589301728224,-0.032946148762217554,-0.19074267878682952,-0.11242480465112445,0.5312465389742658,0.11125368060193566,0.3126015686161815,0.22384716868855253,0.6263545380380914,-0.5137988979520229,nm
6.678366422653198,-27.78067906229163,65.86578182496866,-52.245943634699536,0.16002212636099364,-0.3774260841966294,-0.9102234135140219,0.42510024243890426,-0.0732116809271379,0.3513180112227276,0.9982806180960407,0.5563223088779424,-0.5137988979520229,nm
6.681981801986694,-27.78067906229163,65.86578182496866,-52.245943634699536,0.16002212636099364,-0.3774260841966294,-0.9102234135140219,0.42510024243890426,-0.0732116809271379,0.3513180112227276,0.9982806180960407,0.5563223088779424,-0.5137988979520229,nm
6.688164949417114,-24.927223134624807,68.44279135369803,-47.77979977646788,0.30721886314404295,-0.2697724486006481,-0.7575199506179159,0.5304174310095378,0.15135588623590646,0.3614026841975267,0.8608118722924756,0.6594415482529074,-0.5137988979520229,nm
6.698281764984131,-21.788676074109503,71.18763396608865,-42.674373929944416,-0.24638118375325194,0.03561795618729739,-0.48981694516979024,0.5356698633975673,0.22302098382634442,0.42567598516006544,0.5494478740390931,0.7196392194156953,-0.5137988979520229,nm
6.721340656280518,-10.19722476496574,72.67750057420108,-26.68933936968183,0.06423781079390543,0.06954600663656205,-0.03681487831865152,0.33211334744400445,-0.17428410674243716,0.507874590182835,0.10157991258267278,0.6313563373934357,-0.5140205170656768,nm
6.727167844772339,-4.4060203390162735,72.61895464376721,-18.29720129011194,0.05243720242920738,0.03907131399147705,0.08085134915528883,0.3088384150435277,-0.15371531056483692,0.5660532692180369,0.10398638581974413,0.662892047697866,-0.5140205170656768,nm
6.757903099060059,1.5952206582032324,73.19963105724854,-9.618684029911682,0.050098072012069325,0.04102079999203945,0.012843760405146785,0.36504604631323817,0.01701012414552595,0.5812699788901029,0.06601124928872505,0.6866023220258388,-0.5140205170656768,nm
6.760096788406372,8.742020208976982,73.92310531067751,0.2833453742174289,0.12830193818021152,0.11952629183822812,0.2721436119137889,0.4099719259036998,0.1006889038898648,0.6019199863632128,0.3237438297278869,0.7352026287896564,-0.5140205170656768,nm
6.761683702468872,15.618017094091154,73.44542195078674,10.186491516165107,0.022439275755265203,0.1018571875461077,0.11604076241685278,0.389149982338607,-0.07072183002890901,0.6530389822415391,0.1560252104421214,0.7634783548495931,-0.5140205170656768,nm
6.774797677993774,26.633702262004125,71.03331592859848,27.262257020897895,0.2355351650449854,0.22912589195826227,-0.5940971273658866,0.39643830843583316,-0.06680001674363038,0.6472080333264008,0.6789159631963563,0.7619080082494485,-0.5142088933122826,nm
6.785309076309204,31.21591899180616,69.9625934789733,34.98135573163294,0.0465889546596842,0.1933262388185314,-0.45100948173728705,0.3707707330665568,-0.03576619366231496,0.6710028563434641,0.49290477572137426,0.7674600903818319,-0.5142088933122826,nm
6.792654752731323,31.21591899180616,69.9625934789733,34.98135573163294,0.0465889546596842,0.1933262388185314,-0.45100948173728705,0.3707707330665568,-0.03576619366231496,0.6710028563434641,0.49290477572137426,0.7674600903818319,-0.5142088933122826,nm
6.805088043212891,33.032443057225976,67.93936484077236,39.89525496890053,0.26343936498396825,0.2040048063542126,-0.43894508185975634,0.3489121078068996,-0.25271855330955817,0.6343520845043852,0.5510817044029356,0.7668173793519472,-0.5142088933122826,nm
6.80704140663147,32.60929801225774,65.34013618427967,42.632432382285316,0.37915444913973834,0.3180201764038112,-0.34144550798705964,0.31798102696938474,-0.4235883783315387,0.615458048693528,0.6012320382572031,0.8119899368044486,-0.5142088933122826,nm
6.815418243408203,31.254507419627576,62.85871301456527,44.78697393110716,0.1423096723119868,0.14326835015001796,-0.14010799468030766,0.25859635227357614,-0.4509124219720006,0.6648601104402752,0.24578061998780606,0.8439390097350103,-0.5142088933122826,nm
6.839032888412476,27.923081366784345,58.08750313279968,48.79433703629845,0.37851971519410965,0.20998590721843502,0.2900746780294095,0.23956546837834589,-0.4658848456620466,0.6881570307682038,0.5210706044816237,0.86487016485285,-0.5143690131218975,nm
6.8402886390686035,27.923081366784345,58.08750313279968,48.79433703629845,0.37851971519410965,0.20998590721843502,0.2900746780294095,0.23956546837834589,-0.4658848456620466,0.6881570307682038,0.5210706044816237,0.86487016485285,-0.5143690131218975,nm
6.851254940032959,25.707926648971625,55.56955948225499,50.7699503494108,0.2596185408268276,0.1785746193546413,0.34706406819676944,0.2321384812054623,-0.519543137097351,0.7559800253861895,0.46876875840012844,0.9462130545200902,-0.5143690131218975,nm
6.854034185409546,23.20556553350732,52.86803543005976,52.66776256193083,0.05766387684059089,0.1231238399260327,0.1637105363419436,0.24805343495983512,-0.5732327164895875,0.775646821810213,0.21280446978337883,0.995868588737334,-0.5143690131218975,nm
6.863328218460083,20.76707116408591,50.25145127847807,54.55697954130868,-0.003513628451243789,0.33765402816532575,0.02954375235864271,0.2476367956475836,-0.5627187323544441,0.7499725406024584,0.33896227168313703,0.9697603652237504,-0.5143690131218975,nm
6.869886636734009,18.149322620542645,47.969643202684765,56.344121644126034,-0.02918171483478804,0.4511807771174567,-0.013951023234689953,0.18861479836510978,-0.548629319961694,0.7435451625058963,0.45233869740528043,0.9430954785014408,-0.5143690131218975,nm
6.870699167251587,18.149322620542645,47.969643202684765,56.344121644126034,-0.02918171483478804,0.4511807771174567,-0.013951023234689953,0.18861479836510978,-0.548629319961694,0.7435451625058963,0.45233869740528043,0.9430954785014408,-0.5143690131218975,nm
6.8800718784332275,15.158249337151773,45.63989280691424,57.65982827687739,-0.019812687334557426,0.4385481178047804,0.028946527994752676,0.1757758380424671,-0.6041518980136112,0.6898192552507286,0.4399487421194468,0.9336740684134107,-0.5143690131218975,nm
6.904846906661987,8.178175904162561,39.60793696015265,58.43673052211941,-0.11006007916518977,0.417832066582788,0.016100819031166898,0.26426733307026046,-0.8061260010941806,0.4998791480330041,0.43238419636263953,0.9846601015611249,-0.5145051149600702,nm
6.916051149368286,5.024060899481765,36.398988949571226,58.631071780360266,-0.22370163606553067,0.15696904110605062,-0.06591268704962076,0.26324671673850736,-0.8166855297875496,0.41718376547889385,0.28111596211928164,0.9541050165558942,-0.5145051149600702,nm
6.916741371154785,1.7771017070612873,33.176576572144974,58.6030134004755,-0.20105336689235936,0.19008863907969833,0.2721274996699248,0.2837939926550365,-0.7956319900458163,0.35725017898808076,0.3880844278279282,0.9171679149634316,-0.5145051149600702,nm
6.927906036376953,-1.2351577942725076,29.94039727406294,58.76521145940047,-0.1040935144093946,0.24590859073983773,0.610270453883776,0.2981168384584182,-0.7791313392905304,0.34074367966571023,0.6661355129590839,0.9011246020774409,-0.5145051149600702,nm
6.928545951843262,-1.2351577942725076,29.94039727406294,58.76521145940047,-0.1040935144093946,0.24590859073983773,0.610270453883776,0.2981168384584182,-0.7791313392905304,0.34074367966571023,0.6661355129590839,0.9011246020774409,-0.5145051149600702,nm
6.937710762023926,-3.922603762252893,26.79056581179092,59.18052993159406,-0.16333293883597128,0.07304567663947399,0.5309873303459637,0.308621204702273,-0.7335807044245277,0.33207233340998454,0.5603221080525445,0.8623570794701118,-0.5145051149600702,nm
6.945739507675171,-6.1475793476361815,23.714916473134032,59.7878617936197,-0.2613773961272052,-0.14467932082292645,-0.06683720084056485,0.33863921602294544,-0.6620535975659413,0.3055586434223209,0.3061330764491534,0.8039636616469239,-0.5145051149600702,nm
6.95540714263916,-8.072459127950927,20.863455166852024,60.40753281677215,-0.3562789007892421,0.09789102619146389,-0.06685346843871559,0.3302250536256088,-0.5955290765548168,0.2647678635654734,0.3754819494978352,0.7306199344675002,-0.5145051149600702,nm
6.982995510101318,-12.49346775160118,15.715109928336151,60.99285968171202,0.011048314437704572,0.15709020601712914,0.06481317372200046,0.2709121390227386,-0.6196002183167789,0.15839561247840903,0.17029429105620858,0.6945408466465354,-0.514620801522517,nm
6.991701126098633,-14.215110487594497,12.653899314191648,60.983991466516486,-0.027045827490491912,0.41471776079528605,0.34625582817220646,0.3877691078597581,-0.5904022791379568,0.07929862706836216,0.5409393648524038,0.7107939254640362,-0.514620801522517,nm
7.003722667694092,-15.989277434051148,9.354179029148677,60.75364430151338,0.07038741448227115,0.2698478329905687,-0.10512504696910145,0.42135157581610444,-0.6269608077228865,0.019036966103307653,0.2980327441531562,0.7556317958779045,-0.514620801522517,nm
7.0089640617370605,-17.72796762172013,5.943406447650468,60.38009255260311,0.13332187717927627,0.009656278244486909,-0.35723424689089317,0.43933768161985004,-0.6367821437950958,-0.03034193339708973,0.3814240078912765,0.7742284740757448,-0.514620801522517,nm
7.009736061096191,-17.72796762172013,5.943406447650468,60.38009255260311,0.13332187717927627,0.009656278244486909,-0.35723424689089317,0.43933768161985004,-0.6367821437950958,-0.03034193339708973,0.3814240078912765,0.7742284740757448,-0.514620801522517,nm
7.029360055923462,-21.028815064291585,-1.1157515495996613,59.66205893435033,-0.11399399947014174,-0.06151259259376044,0.3841210136819068,0.44657201350236525,-0.6466336429316097,-0.06604479123761883,0.4053731418271569,0.7886212943258518,-0.5147191351005967,nm
7.037928104400635,-22.38220686835476,-4.248516517732538,59.34879288813458,-0.11280347239900394,-0.10777759653943442,0.2349730963982439,0.4173839167803276,-0.5523805294772871,-0.07510559708826425,0.28205139555064845,0.6964010583323953,-0.5147191351005967,nm
7.050505638122559,-23.548880134114874,-7.112751255277449,59.083213707949234,-0.18202416478719993,-0.03789800006065922,0.0867730480807537,0.3879503875809216,-0.49414992995266255,-0.07541675276003723,0.2051794747246913,0.6327537776207086,-0.5147191351005967,nm
7.055802345275879,-24.879648925050283,-9.827952589039604,58.817230961313385,0.09427575209152109,0.03868546359746627,-0.2221482583115355,0.3439868971091322,-0.5072769575423768,-0.09102502044627202,0.24440607847805573,0.6196308993130211,-0.5147191351005967,nm
7.056386947631836,-24.879648925050283,-9.827952589039604,58.817230961313385,0.09427575209152109,0.03868546359746627,-0.2221482583115355,0.3439868971091322,-0.5072769575423768,-0.09102502044627202,0.24440607847805573,0.6196308993130211,-0.5147191351005967,nm
7.0620481967926025,-26.068340881551865,-12.453347071645052,58.4820123718728,0.03665701203423443,0.13544315869537407,-0.15802296960516782,0.34151504007972294,-0.4741909006569586,-0.1110744143932145,0.2113287597358535,0.5948336392633725,-0.5147191351005967,nm
7.081150770187378,-28.325673761428888,-18.11671450954682,57.3688878343876,0.07384675160265414,0.2271681558809529,0.09898008859537956,0.39503847572615064,-0.4897138809687054,-0.19132453488464338,0.25856483076197,0.6576322377790622,-0.5148027186419646,nm
7.099510669708252,-28.83312663948921,-21.003026060342577,56.4070235588489,0.03826899752492066,0.25908401985930696,-0.022354622244358722,0.44545285368873866,-0.3981475510546975,-0.2230622883546914,0.2628474360797688,0.6377354480945255,-0.5148027186419646,nm
7.101512670516968,-29.20961620168789,-23.99716228462294,55.20432841841689,-0.04196637766356591,0.2045362170364521,-0.16330061877966517,0.47024286439122764,-0.39725177175992327,-0.2657308762858692,0.2650723165998389,0.6704850634346157,-0.5148027186419646,nm
7.1400182247161865,-29.769723761957913,-30.328357085777142,52.49197880055088,-0.11845423794602876,0.013038428027796138,0.10560473342106631,0.5019924863556061,-0.3861930225065228,-0.2871802367337574,0.15922866203590638,0.695423608572979,-0.5148737646521272,nm
7.143277883529663,-29.58723164879912,-32.96574647605009,50.8376586453889,-0.11744066905668532,-0.0044568911363531485,-0.11006081350609467,0.44632488476206267,-0.307439453966858,-0.3072479216030848,0.16101415247333553,0.6229977575743942,-0.5148737646521272,nm
7.1450653076171875,-29.532935844527714,-35.40462349232615,49.131340857734074,0.026266128478848415,-0.06123082354533335,-0.29666790084684674,0.39232032798606975,-0.3119370033298388,-0.33054334020822235,0.3040575054988474,0.6003988953633291,-0.5148737646521272,nm
7.147212743759155,-29.499939547796433,-37.81493001046513,47.45790970745146,-0.044939619643847434,-0.030492794540783262,-0.1161871340228423,0.3760884320114793,-0.3224764794289971,-0.32594748713207344,0.12825299234357856,0.5930222195208934,-0.5148737646521272,nm
7.172223806381226,-28.529511563716568,-41.78911971682667,43.04912310539305,0.020949275123113665,0.1580154690395447,-0.06548106077998204,0.3112637149028187,-0.1930999907345588,-0.4015123482803397,0.17232390984666904,0.5434932128908168,-0.5149341537607655,nm
7.185307025909424,-27.774719358586097,-43.55055074181989,40.3540266001262,0.15284027178968307,0.18570774861591935,-0.18742422049916996,0.3288846450264664,-0.19642757787035353,-0.4318945561453652,0.30491860390349945,0.5773056475647892,-0.5149341537607655,nm
7.187283754348755,-26.583140810669107,-45.77818255248977,37.23858091635485,0.02854817540225487,0.2275816782493701,-0.052787675069042465,0.3703468226517278,-0.2413566847246744,-0.45117942045746035,0.23536133334257037,0.6316428482567075,-0.5149341537607655,nm
7.192411184310913,-25.326780223224294,-47.76721936904843,33.82548496506181,-0.2569044583588865,0.17996433656359265,0.2386083746209946,0.38209814776665785,-0.23228192864192468,-0.4948448576586933,0.39410787812313497,0.6669522636977667,-0.5149341537607655,nm
7.213561058044434,-21.33630595447623,-50.496453343576064,25.44590492906651,0.09007554955389221,0.13045812466297077,-0.19031150668499053,0.36886010740618,-0.09007199963003337,-0.5338216603566309,0.2476921405590539,0.6550849632062712,-0.514985484503108,nm
7.214336395263672,-21.33630595447623,-50.496453343576064,25.44590492906651,0.09007554955389221,0.13045812466297077,-0.19031150668499053,0.36886010740618,-0.09007199963003337,-0.5338216603566309,0.2476921405590539,0.6550849632062712,-0.514985484503108,nm
7.228882551193237,-19.22663501674143,-51.63157958474761,21.075080556625675,-0.04323913588071476,0.10000190171050288,-0.23885279299064968,0.3425896928197594,-0.1140752143180519,-0.5419458107664781,0.26252744606395373,0.6512189447147417,-0.514985484503108,nm
7.236314296722412,-16.974669974930354,-52.32182138651546,16.50896944983729,-0.2864168050472018,0.06158802064231581,-0.04008138072191963,0.30045880559120886,-0.11603037251238935,-0.5555664402694978,0.29569272493698684,0.6421780210785644,-0.514985484503108,nm
7.245672225952148,-14.868035997031704,-52.62973872324504,12.043867014308306,-0.5151011904663008,0.13085777281128447,0.2086911966380011,0.2720624077349043,-0.007509406599050487,-0.5554057269575201,0.5709684830874038,0.6185061571457431,-0.514985484503108,nm
7.250702142715454,-12.762550694134283,-52.148719723686646,7.49778954086605,-0.05693351557851923,0.17925032206107477,-0.18922756068275517,0.24455364193662235,0.12703180793526858,-0.5725114638300514,0.266794251956586,0.6353840887436487,-0.514985484503108,nm
7.279200553894043,-9.490073164755604,-51.11398349982663,-1.2142010066348832,-0.15823399091258816,0.21729139689807087,0.06780999206772093,0.1984277351277726,0.07950603633832766,-0.6164925246015196,0.27722146754943844,0.6525011944599981,-0.5150291156340991,nm
7.292450904846191,-7.937249011754009,-50.20528987768599,-5.57863557649176,-0.3620783110599291,0.3895974430021692,0.43801529120512567,0.21302912706265106,0.15720732429844397,-0.6305065555195402,0.6890168838739369,0.6838377500133099,-0.5150291156340991,nm
7.294549942016602,-6.708297958407206,-48.685298824903406,-9.909349489686212,0.07093422545958664,0.186633466551546,-0.03318860358075369,0.2043487931273989,0.2669610885668834,-0.6775740802738032,0.20239861310354604,0.7563949274818876,-0.5150291156340991,nm
7.314753532409668,-4.931304824306123,-45.99830646610705,-17.677841449363243,-0.21631484260935843,0.37375213207101743,0.22099877935073067,0.1674627256139279,0.19942274824829356,-0.6379260595090687,0.48510125523982695,0.6890303726177213,-0.5150662020954416,nm
7.329453229904175,-4.647380710550257,-44.29488183044636,-21.074164701338646,-0.19395546370996733,0.2524869518229168,0.21794219219289254,0.15367551734683155,0.2946700281427557,-0.6379943247343208,0.38583310107042407,0.7193631548186707,-0.5150662020954416,nm
7.3370232582092285,-4.5556538371158615,-42.01056714683829,-24.04801697704196,-0.20377622550300237,0.38655530016580764,0.09993689255677642,0.1899204268324922,0.4033263053743201,-0.5814118828177514,0.4482601171869217,0.7326538436511597,-0.5150662020954416,nm
7.337502956390381,-4.5556538371158615,-42.01056714683829,-24.04801697704196,-0.20377622550300237,0.38655530016580764,0.09993689255677642,0.1899204268324922,0.4033263053743201,-0.5814118828177514,0.4482601171869217,0.7326538436511597,-0.5150662020954416,nm
7.3395116329193115,-4.977897074844648,-39.61555949184736,-26.63347271454677,-0.03653743784810042,0.27232896463874645,-0.03292312359576655,0.14882376380213558,0.4467718509824167,-0.5717150786438147,0.27673449624688556,0.7406832863317436,-0.5150662020954416,nm
7.345623254776001,-5.657636468131403,-37.133415456204936,-28.91303327513685,-0.12840924375895205,0.3343853463886691,0.3619501813080882,0.13795991053160903,0.47536340324657494,-0.5399165118637168,0.5092253209642801,0.7324705740459055,-0.5150662020954416,nm
7.3796706199646,-7.489976641835269,-31.23730790049049,-32.95875478588869,0.17602857197920774,0.15911929114304424,0.10453545951752215,0.1766044853588516,0.592273562222343,-0.5010091062686721,0.2592926324897094,0.7956049530517906,-0.5150977255875827,nm
7.388489484786987,-9.774994113278447,-25.579988215524015,-36.450488209846995,0.27202427610086877,0.1327847789071175,0.3305948985945603,0.15237807035382656,0.5683764482940661,-0.4454587201015752,0.44824322780646825,0.7380408759781985,-0.5150977255875827,nm
7.415196657180786,-12.357206807386989,-19.699906192857778,-39.30158364795393,0.17113007002028433,0.09779907827560878,0.027765939584529113,0.17037265651634154,0.5965531103673285,-0.3586814871545065,0.1990505161453187,0.7166274239831586,-0.5151245205559026,nm
7.423076152801514,-13.704995443090422,-16.780470637764175,-40.37804699134944,0.13659727048854772,0.176155486406492,0.2012403945264369,0.17485744221222646,0.599105937055786,-0.30003272625412974,0.30031194795609656,0.6924757654503001,-0.5151245205559026,nm
7.430357217788696,-15.084279950755894,-13.646686442022617,-41.263302683987824,0.10877498955419339,0.282507762876172,0.43064253955445514,0.20535586550874732,0.635175398458565,-0.24983722471661593,0.5263987379465539,0.7127674635952067,-0.5151245205559026,nm
7.43384313583374,-16.4332262929007,-10.331867548104254,-41.9833164745901,0.05518868428650968,0.1988383549611079,0.24044104251045795,0.23995699353994981,0.6578263088745537,-0.20049177960445186,0.31685071753182353,0.7283623858253606,-0.5151245205559026,nm
7.434480905532837,-16.4332262929007,-10.331867548104254,-41.9833164745901,0.05518868428650968,0.1988383549611079,0.24044104251045795,0.23995699353994981,0.6578263088745537,-0.20049177960445186,0.31685071753182353,0.7283623858253606,-0.5151245205559026,nm
7.440382242202759,-17.606440706831467,-6.9348090042995265,-42.563355035732535,0.1401797854856766,0.16734994010861376,0.0818035489110704,0.28208920969243084,0.645761637672894,-0.15176950717256005,0.23312699399171433,0.7208442260449063,-0.5151245205559026,nm
7.4627532958984375,-19.99420888270419,0.051945459889937,-43.55418656701331,0.22226448101016738,0.04449161468401609,0.2171884196506335,0.3064633016771387,0.6575571054050089,-0.10200406153466805,0.31392963053246453,0.7326021640106145,-0.5151472962789745,nm
7.476369619369507,-20.985213509997163,3.4354381690083,-43.9341831604796,0.3338675920160825,0.08691451055123334,0.45717465254031786,0.3210892609613812,0.612943340740228,-0.07088269893072144,0.5727393508991138,0.6955732955413259,-0.5151472962789745,nm
7.4838547706604,-21.88717581695247,6.677273037926486,-44.195656625552125,0.18079126789541783,-0.04616480814249598,0.07979356697164404,0.3180265694009548,0.5779447647366782,-0.037453325834779366,0.2029376391607147,0.6607297492527189,-0.5151472962789745,nm
7.487481117248535,-22.577585112666505,9.855931732512104,-44.31499957920029,0.07362039155503781,-0.06154846358953676,-0.17431862334601195,0.341976154910696,0.5377714545592315,-0.005254209585223583,0.19898532073547132,0.6373173735154419,-0.5151472962789745,nm
7.509770631790161,-24.076441349483435,16.314292416800743,-44.16411686568118,0.033127086645415894,0.008063060440325526,0.06199691714244116,0.3373065504306366,0.5607018791814956,0.06827404366973511,0.07075333595275879,0.6578933434228477,-0.5151666556435857,nm
7.526021242141724,-24.576915599783497,19.53841056809248,-43.82787272929894,0.04384787633798182,0.05507030474359855,0.1649324667392893,0.37563642739229974,0.5171627263513765,0.09625330166740693,0.17932677800208904,0.6463936178468318,-0.5151666556435857,nm
7.5324578285217285,-24.98803017457767,22.77516568418324,-43.350793947181025,0.1474101765421168,0.12659115970141874,0.19220524437319872,0.38711777943357106,0.508898099641498,0.12303862396073663,0.27330923480059943,0.651134359374821,-0.5151666556435857,nm
7.5348899364471436,-25.516058399916073,26.061025943723877,-42.79374139070704,-0.05109698326696127,0.028630520051764124,-0.004110681174942575,0.37492657056461104,0.5329358905650113,0.15279592375845494,0.05871546710314596,0.6692811001999546,-0.5151666556435857,nm
7.562825918197632,-26.174236914477014,32.63855089935548,-41.398831623694235,0.25122325179080407,-0.012995263704444657,0.09697786882240204,0.3937907993149546,0.5148963368001913,0.1773412137112063,0.2696047220662665,0.6720411723666421,-0.5151831111035051,nm
7.575638055801392,-26.55547789288229,38.808538696579035,-39.42557547639621,0.15769690308012313,-0.0861827184526681,-0.16352551534283752,0.36819350897848263,0.45371041695650616,0.2289941344917174,0.24297400759977228,0.6275810036484099,-0.5151831111035051,nm
7.587502479553223,-26.42047344918229,41.53264676499701,-38.06752261661553,0.1999006469058397,-0.06922530159943314,-0.1140641734214991,0.37049892149851144,0.4486819057392087,0.25106771380990184,0.24033944052784073,0.6337348817029556,-0.5151831111035051,nm
7.594640254974365,-26.165147860824774,44.370940121238085,-36.48087534167411,0.01674109671224351,0.05965973731723459,-0.06658103747829694,0.37063997081637357,0.4164052624892077,0.2786599525087687,0.0909537416909085,0.6232324604252072,-0.5151831111035051,nm
7.622192859649658,-24.945281980327984,49.348504066634376,-32.12174267107327,0.012000852566938159,0.023635212663653354,-0.11615473748634216,0.34952175372141064,0.3535655787270648,0.354583453403415,0.11914095341447695,0.6106582515716843,-0.5151970982444366,nm
7.629222631454468,-24.063133542081307,52.0692268668891,-29.625685671545344,-0.012847769375662628,0.0965774186471459,-0.045910626592893244,0.3729708782508172,0.3972098595957544,0.3579156548071817,0.1077035217837763,0.6519099359108729,-0.5151970982444366,nm
7.636572599411011,-22.689115956700483,54.677093878544696,-26.55864660388275,0.046906554104747734,0.08527308574043393,-0.07572461519079964,0.3675912549419081,0.377424769702896,0.38823889590921373,0.12331237292125923,0.6544480329192351,-0.5151970982444366,nm
7.641439437866211,-21.097716941706977,57.03132639698296,-23.114656855202973,0.116402987791973,0.02920589663572998,-0.19881972943040452,0.35826178753254756,0.3398936251292308,0.420009721980116,0.23223248001942884,0.64829572832722,-0.5151970982444366,nm
7.642141580581665,-21.097716941706977,57.03132639698296,-23.114656855202973,0.116402987791973,0.02920589663572998,-0.19881972943040452,0.35826178753254756,0.3398936251292308,0.420009721980116,0.23223248001942884,0.64829572832722,-0.5151970982444366,nm
7.660690069198608,-16.36962635380672,61.128703566560986,-14.575372762792224,0.14481979606328443,0.08005433481241157,-0.28696631211812323,0.3623272919207787,0.27570574515610385,0.44857432688442433,0.3312569005239666,0.6391507264507661,-0.5152089873142284,nm
7.684802532196045,-13.35738684992426,62.684900996264254,-9.40111705471424,0.17204543049749552,0.0827195305145316,-0.24936203618453676,0.34143859083673245,0.23338907908647524,0.4970744496098428,0.3140439077162799,0.6466326484212924,-0.5152089873142284,nm
7.6887593269348145,-9.92776443325209,63.81403820248989,-3.651500237498104,0.04394637977629209,0.051908597064686174,-0.22455256551381414,0.3320901470013047,0.1772074463463799,0.5308260026941578,0.23462659999135185,0.6507400325108417,-0.5152089873142284,nm
7.69092321395874,-6.1557866007578905,64.52465945865421,2.5327601792029744,0.1942850086755923,0.17390477522631087,-0.09044500810470366,0.33022007247280527,0.126946051916895,0.550939656089491,0.2759888311755543,0.6547481202823254,-0.5152089873142284,nm
7.705069541931152,-2.477870496028139,64.98209029608897,8.930909091733922,0.10743940242591435,0.18312148261932967,-0.06814015343954376,0.3037001734473589,0.11057785886521784,0.6071880815339942,0.22297933334976047,0.6878507284143154,-0.5152089873142284,nm
7.742687463760376,4.666768093724846,65.17868873253668,21.9777415273992,0.08265699053079775,0.22705388750360686,-0.1825788879916645,0.28580220532995965,0.07988053181295784,0.6535558750517299,0.302854249193208,0.7177736981450502,-0.5152190930235514,nm
7.751127243041992,7.971469359292675,64.9361162485865,28.394845633636933,0.1884926039998381,0.3120583149326774,-0.2236712528783904,0.2753425501124979,0.06364945016041633,0.6761908510379062,0.42771331876088536,0.7328702746295176,-0.5152190930235514,nm
7.752886056900024,10.783838728640363,64.32060789645394,34.46299857692174,0.10198821170606395,0.28075584660670794,-0.28198700207256183,0.27301467608287155,0.00984614311598396,0.6972142985235594,0.41078231469809073,0.7488269078743063,-0.5152190930235514,nm
7.754484176635742,12.927903846912539,63.17642238831327,39.90204019843722,0.13089778565512708,0.3591647235625409,-0.2985835177139353,0.2933823338832528,-0.07818533788690227,0.6947333231995861,0.485062517611493,0.7581823865398181,-0.5152190930235514,nm
7.756579637527466,14.24106546177462,61.706071155541125,44.672382709893085,0.1226193908802309,0.3900502722938957,-0.3056644441653123,0.2925378195958892,-0.14589751796398095,0.7125413774638945,0.5104953304030022,0.7839513226215714,-0.5152190930235514,nm
7.764488697052002,14.864068593696556,60.103779542859336,48.904595525740476,0.013410894670867384,0.2396862396629238,-0.3409618152527125,0.28060907943559693,-0.18486776251247192,0.728732992671517,0.41699437051362037,0.8024769901287178,-0.5152190930235514,nm
7.785328149795532,14.702131568463686,56.36074287492522,55.96935229718693,0.20363815056135443,0.5085826418637623,0.06921500869473249,0.3038714213286592,-0.2715699589448137,0.7144201001769547,0.5521915586078663,0.8224865730444706,-0.515227682876476,nm
7.793744802474976,13.550059480715573,54.13584926461143,58.803734592134056,0.07431271550326665,0.3537841444351973,0.08559811405144596,0.3119609960366493,-0.3582834034903038,0.7471780829200769,0.3715005217605735,0.88541614388992,-0.515227682876476,nm
7.805738687515259,12.32051384030978,51.53295759955373,61.52430435496095,-0.05117093374256535,0.24044439212695148,-0.038839952841503995,0.3324231217309812,-0.40823043292725353,0.7299217513753066,0.2488785087188435,0.8999683224203718,-0.515227682876476,nm
7.810856580734253,10.661979208828136,49.27882408896067,63.813451820557134,-0.02814140186934437,0.4000385546670924,0.025141640128093615,0.3128166843999083,-0.4010028378786729,0.704561253907456,0.4018144917591186,0.868944252834063,-0.515227682876476,nm
7.831112623214722,7.17700659254507,44.636268355497435,68.05482917970036,-0.08140370649328052,0.4759965651029121,0.08611737093815426,0.32303616709956867,-0.4456132347497714,0.6493211046016987,0.49052573326780186,0.8511999865599772,-0.515234984251462,nm
7.8568971157073975,4.955375450373803,42.08451901975615,69.59392074683194,-0.0488626465054814,0.6301712850036695,0.2360814924316858,0.37040487584069276,-0.48933126751688183,0.6046430880845606,0.6747131818302261,0.8615324285159967,-0.515234984251462,nm
7.859919786453247,2.5870459573321454,39.361747864595436,70.85429902735567,-0.17572076065904274,0.36885976115980984,0.14618673771674334,0.4027316477626504,-0.5249886172544256,0.5532148064030195,0.43394224432950573,0.8624688112505076,-0.515234984251462,nm
7.861497640609741,0.18048985057190325,36.425046425001085,71.85043410163092,-0.235983938284082,0.19019621971015924,0.09197001903037057,0.44731498382795437,-0.5498330580520209,0.4873742629880425,0.3167357029457641,0.8601980927129388,-0.515234984251462,nm
7.8680384159088135,-2.1652942196197427,33.48698949210753,72.64226830037582,-0.24661998310410732,0.04412211425607249,-0.13580066977704625,0.45504328849785886,-0.5467653189122874,0.42016011954918187,0.2849736811436987,0.826166589999731,-0.515234984251462,nm
7.902129411697388,-5.828132358396232,28.178755425801768,74.1953230223162,-0.16378593680183445,0.10184604603039892,-0.0892417868670426,0.40787467395866545,-0.4897116346756159,0.3144275128525877,0.2125148152701437,0.7106644043655316,-0.5152411904202,nm
7.908651351928711,-7.611131273070185,25.547263540017802,74.80402994127384,-0.09741306538658488,0.3407440673357503,0.13456108276914397,0.4355752097064846,-0.4466348920622367,0.277227518694595,0.3790811387137664,0.6826884994196518,-0.5152411904202,nm
7.91051983833313,-9.084656608775774,22.824029390356806,75.43652578771336,-0.1972700654359007,0.4415200635078307,0.3012410719035248,0.47100315850285696,-0.3985502304199393,0.24205328061790574,0.5697382105832712,0.6627790371951611,-0.5152411904202,nm
7.918826341629028,-10.610578333755907,19.939665999515622,76.01827887041226,-0.0936487362342785,0.19515085438373225,-0.15843054819913596,0.5028414131751039,-0.41603610399593816,0.22296920010249913,0.26824276386821116,0.689674409287747,-0.5152411904202,nm
7.919490337371826,-10.610578333755907,19.939665999515622,76.01827887041226,-0.0936487362342785,0.19515085438373225,-0.15843054819913596,0.5028414131751039,-0.41603610399593816,0.22296920010249913,0.26824276386821116,0.689674409287747,-0.5152411904202,nm
7.927304983139038,-12.034385660589466,16.918903887855198,76.48183397883157,0.045639186716,0.04898195424042398,-0.5016164830331129,0.5366250986183704,-0.40398476836389313,0.17861882798185294,0.5060644852741775,0.6950358805463318,-0.5152411904202,nm
7.92772650718689,-12.034385660589466,16.918903887855198,76.48183397883157,0.045639186716,0.04898195424042398,-0.5016164830331129,0.5366250986183704,-0.40398476836389313,0.17861882798185294,0.5060644852741775,0.6950358805463318,-0.5152411904202,nm
7.965693950653076,-14.806525900024042,10.942774420188991,76.75916192013975,-0.12162672311307728,0.17155180990010138,0.58069113055406,0.5238986990069443,-0.4219868644286963,0.06472358490529281,0.6175963668605718,0.6758194307760945,-0.5152464656636273,nm
7.969728231430054,-17.10023192538092,4.880816115373698,76.3882965597707,-0.11812831648261958,0.2029287949955982,0.16953534088984826,0.5568595868633844,-0.32903031905612823,-0.02580014575873501,0.2896146177319448,0.6473169222730152,-0.5152464656636273,nm
7.9732444286346436,-18.368141092801192,2.006092402511156,76.0717880167494,0.09342727230482417,0.13812413869892273,-0.2876803630794764,0.5125705695717987,-0.3798409760972887,-0.04942905485319368,0.3325160510459283,0.6398835732985956,-0.5152464656636273,nm
8.002603530883789,-20.701180636771205,-3.782115843668578,75.54111493694144,-0.16052245626275666,0.20376755279439115,0.13920581629096843,0.5236598158592207,-0.3628489303287559,-0.05815192040780508,0.2943924826242655,0.639734784761272,-0.5152509496205405,nm
8.009621858596802,-21.944342613969418,-6.581474122704049,75.22017776452728,-0.12579322647130364,0.19048777477110646,0.2958550193245159,0.49372330828612704,-0.3782350007271421,-0.08626758047439854,0.3736839849696775,0.6279064551037568,-0.5152509496205405,nm
8.016998291015625,-22.822345628250986,-9.219048716757737,74.74951705400707,-0.06110319724464806,0.18909734693650135,-0.019335996616755426,0.4789251951674512,-0.3020649765316383,-0.11742518951675586,0.1996629362127711,0.5782743879390531,-0.5152509496205405,nm
8.02978777885437,-23.562209982904605,-11.896143830524464,74.10382954793414,-0.1144978777405955,0.2283455248724512,-0.2508101272921077,0.49121857270206276,-0.2814917054275612,-0.1549761716974351,0.3579904505551214,0.5869845655432189,-0.5152509496205405,nm
8.033862829208374,-24.483434219154034,-14.749326911080574,73.26561302690482,0.05450257401865481,0.1784853140015589,-0.35189082844233466,0.5118205480887694,-0.33038661954750165,-0.20836113908893247,0.39831481648405526,0.643840008157579,-0.5152509496205405,nm
8.063807487487793,-25.62613733226238,-20.51708902025033,70.94152650952297,-0.2568529000927279,0.0991053954936665,0.25812685523565193,0.5206729899156803,-0.2626225461649129,-0.2870796156451204,0.3773920575420846,0.6499889767533185,-0.5152547609839168,nm
8.06446886062622,-25.62613733226238,-20.51708902025033,70.94152650952297,-0.2568529000927279,0.0991053954936665,0.25812685523565193,0.5206729899156803,-0.2626225461649129,-0.2870796156451204,0.3773920575420846,0.6499889767533185,-0.5152547609839168,nm
8.070963859558105,-25.843820804207972,-23.00198902901275,69.38832899467712,0.09192271328479108,0.19822060769257624,-0.15902833838240885,0.46822745057765025,-0.20591141621012216,-0.32398700813786857,0.2702428665854513,0.6054783548915943,-0.5152547609839168,nm
8.072956800460815,-25.799242164101855,-25.35567849742744,67.75336991286214,0.0003948351686071659,0.2272008673415698,-0.28924814693551504,0.4555791435523015,-0.16411920630587612,-0.32031513140262574,0.36781093039930346,0.5805938798538964,-0.5152547609839168,nm
8.097203493118286,-26.16516707163123,-30.26845036831064,64.52044900515048,-0.11968281436218582,0.11728839706945036,0.26305845657241245,0.4395330043059269,-0.22341043680286252,-0.34158820617763563,0.3118978930916884,0.599819962777411,-0.5152580006427866,nm
8.097718000411987,-26.16516707163123,-30.26845036831064,64.52044900515048,-0.11968281436218582,0.11728839706945036,0.26305845657241245,0.4395330043059269,-0.22341043680286252,-0.34158820617763563,0.3118978930916884,0.599819962777411,-0.5152580006427866,nm
8.100989580154419,-25.510271733851365,-32.33144164566395,62.382430958862166,-0.11249659746666911,0.2540906654412621,-0.013321731823864777,0.3774233009926148,-0.10982692680601609,-0.35659758016138515,0.2781996032433334,0.5307279304509717,-0.5152580006427866,nm
8.112729549407959,-25.2369468349839,-34.10070845814421,60.12430725300985,0.10692542972405701,0.24121039603584787,-0.5316427541195405,0.34620939847182103,-0.13205212531245933,-0.41804475018644577,0.5935145496828659,0.5586234192622123,-0.5152580006427866,nm
8.113144874572754,-25.2369468349839,-34.10070845814421,60.12430725300985,0.10692542972405701,0.24121039603584787,-0.5316427541195405,0.34620939847182103,-0.13205212531245933,-0.41804475018644577,0.5935145496828659,0.5586234192622123,-0.5152580006427866,nm
8.114579200744629,-25.024180192965435,-36.32855703479168,57.810768555909775,-0.03142664848730664,0.0749371445382736,-0.24973685485349587,0.41362984412989284,-0.2026370201789233,-0.43437038547776397,0.2626246495262981,0.6331106077787784,-0.5152580006427866,nm
8.141074180603027,-23.267974549320613,-39.77637216697038,51.72407167716447,-0.3842087394052009,0.10234185132594548,0.18938301714247363,0.32288524111829725,-0.03220767006176386,-0.5441167560307152,0.4404045153607556,0.6335260508741667,-0.5152607543528259,nm
8.154091119766235,-22.044057129225976,-40.77554808146501,48.0432504677908,0.2716030971337068,0.2469482656161951,-0.4851146065143236,0.2863211326411526,0.009419432872642006,-0.574432505947639,0.6083484772044848,0.6419043702934565,-0.5152607543528259,nm
8.156120538711548,-20.776821675384316,-42.011342869589754,44.48374924644391,-0.019215713074717287,0.30478542929462454,-0.26936884472122263,0.322990622487034,-0.0389092699377278,-0.5408795637000772,0.4072136736968991,0.6311795116526158,-0.5152607543528259,nm
8.163340330123901,-19.81963498384799,-43.25205621754675,40.93881513425901,-0.38868315782397006,0.12015763392718086,0.22840925899661196,0.28440701000310714,-0.09300801768644283,-0.5759935216844009,0.4665653692274781,0.6490811780627039,-0.5152607543528259,nm
8.193846702575684,-17.179771642295748,-43.6212237810154,33.219563320782946,-0.07359767296732599,0.3378706850054474,-0.12962513524716482,0.15774170022143805,0.14714097211558733,-0.5899876614097324,0.3692910680480933,0.6281865569077351,-0.5152630950063594,nm
8.196006298065186,-16.118516543905233,-43.420948008221494,29.33462466307426,0.03842857688178584,0.25328043054985866,-0.4041337766070127,0.12208070675368099,0.10619675488103986,-0.6281766043708087,0.4784891236123638,0.6486811974981096,-0.5152630950063594,nm
8.207764625549316,-15.060100102573696,-43.49879500538358,25.55871829824524,-0.3022431101150187,0.2664744456271418,0.1661881863310231,0.15448658381560448,0.04835606488176899,-0.6070636247584208,0.4358647049948948,0.6282759410439798,-0.5152630950063594,nm
8.210028886795044,-13.828568133556939,-42.95926849238409,21.57428916259734,-0.47600003867503843,0.4206411938017582,0.4255237832553007,0.13182544082846423,0.16155645903996946,-0.6259428339140842,0.7645819386158101,0.6597597044648507,-0.5152630950063594,nm
8.237732410430908,-12.005924285951371,-40.72584282860295,13.692745132537759,0.08521239120717139,0.2383695852493812,-0.5140934342209899,0.0772163379578729,0.21552764155511178,-0.6460903044275927,0.5730386286249272,0.6854540163988192,-0.5152650845618627,nm
8.23872685432434,-12.005924285951371,-40.72584282860295,13.692745132537759,0.08521239120717139,0.2383695852493812,-0.5140934342209899,0.0772163379578729,0.21552764155511178,-0.6460903044275927,0.5730386286249272,0.6854540163988192,-0.5152650845618627,nm
8.245029926300049,-11.3680719674536,-39.791667476871254,10.173077594130355,-0.6417124033540798,0.39776815067883003,0.48248794121970173,0.06544448925748687,0.19220573707668348,-0.6200030364188398,0.8959960511829012,0.6524030898976074,-0.5152650845618627,nm
8.24901795387268,-11.05665434797294,-38.00041321362906,6.765332298147065,-0.4104794681519831,0.30291750003136414,0.4247142126920595,0.0033683538930006384,0.350514040891097,-0.6411987372309427,0.6638031094098779,0.7307580032379457,-0.5152650845618627,nm
8.269621133804321,-10.884218934803686,-35.58555168815671,3.631307030555303,-0.06360808220039472,0.2997773078711119,-0.10352690515230364,-0.008616726187295639,0.4722615075245037,-0.605139919180508,0.32346598356871725,0.7676584535099549,-0.5152650845618627,nm
8.277007818222046,-11.085948257392326,-33.36067954673963,0.8864529328518918,0.05333088128143517,0.3447716934995218,-0.042057199025400074,-0.04371641665937405,0.43166148496471135,-0.5710136412555729,0.35139793899032024,0.7171466664409895,-0.5152650845618627,nm
8.282247304916382,-11.594904840883506,-31.163444349874037,-1.5971165812921926,-0.05764872623367873,0.4269039128617731,0.49402343909691493,-0.07687589058194179,0.4279807782063129,-0.5504092235607536,0.655461276377332,0.701446906363981,-0.5152650845618627,nm
8.288717269897461,-12.191547981661094,-28.545562529530052,-3.9626076520200884,-0.08885955356447812,0.44816249475810066,0.5111084452797656,-0.07203407248680085,0.515810280100089,-0.5320160782388798,0.6855490389489158,0.7445067227101739,-0.5152650845618627,nm
8.289375066757202,-12.191547981661094,-28.545562529530052,-3.9626076520200884,-0.08885955356447812,0.44816249475810066,0.5111084452797656,-0.07203407248680085,0.515810280100089,-0.5320160782388798,0.6855490389489158,0.7445067227101739,-0.5152650845618627,nm
8.315088748931885,-13.820810259456099,-23.086645060788474,-8.244786416099952,0.19958427368443496,0.30877567164267006,0.14560788321777868,-0.09631472819739759,0.5441572268670783,-0.488949150246476,0.39544652401517916,0.737871862823186,-0.5152667756840406,nm
8.316703081130981,-14.674278234771494,-20.248542148153888,-10.138861371931918,0.21507115232594337,0.29765626922189004,0.011163335964030715,-0.06149974837299608,0.572895256151022,-0.44174602509549915,0.36739552969483613,0.7260377016780604,-0.5152667756840406,nm
8.324503660202026,-15.608775280440392,-17.369318523634107,-11.821480870209509,0.004952814273290356,0.4376440697385548,0.27113559068578047,-0.0600185960507154,0.5860816086396073,-0.3967894931765053,0.5148508237179754,0.7103068250782592,-0.5152667756840406,nm
8.336597204208374,-16.64666355114051,-14.52633551375895,-13.243004096884283,0.041667653972138056,0.33769753631333815,0.3024451982083324,-0.06787200649472938,0.5853105428592891,-0.34140660554660973,0.4552459965105873,0.680994501562762,-0.5152667756840406,nm
8.363180160522461,-18.5606441806254,-8.047150922433111,-15.51349655714223,0.031040601872180253,0.233489366028168,-0.01349279298273843,-0.011751000248307017,0.6875440093377108,-0.243813088364041,0.2359297744569304,0.7295887011464894,-0.5152682131378917,nm
8.376167297363281,-19.47152470095406,-4.706970635268079,-16.35216737512548,0.09601937772906,0.21626375476189486,0.0030139502332017123,0.012101273422287232,0.6789146017477135,-0.1883954144113371,0.2366406905398924,0.7046731933711661,-0.5152682131378917,nm
8.376865148544312,-19.47152470095406,-4.706970635268079,-16.35216737512548,0.09601937772906,0.21626375476189486,0.0030139502332017123,0.012101273422287232,0.6789146017477135,-0.1883954144113371,0.2366406905398924,0.7046731933711661,-0.5152682131378917,nm
8.378469228744507,-20.322606723392223,-1.2999436537134823,-17.061677236282023,0.1888403867511276,0.31354542932756085,0.3792054670418077,0.03571635576799952,0.6883234301856948,-0.15141402967768972,0.5270372037673577,0.7056847816094546,-0.5152682131378917,nm
8.379353761672974,-20.322606723392223,-1.2999436537134823,-17.061677236282023,0.1888403867511276,0.31354542932756085,0.3792054670418077,0.03571635576799952,0.6883234301856948,-0.15141402967768972,0.5270372037673577,0.7056847816094546,-0.5152682131378917,nm
8.382413625717163,-21.094908534553444,2.220916776105876,-17.70249733702527,0.184872802840044,0.30860041376389324,0.3848538124580247,0.0654439430889829,0.704968225875008,-0.12772341223695324,0.5268060606795031,0.7194278137616317,-0.5152682131378917,nm
8.404858112335205,-22.39719496032213,8.826753192220602,-18.58052810964902,0.14334292074159044,0.07089710231031962,-0.09571061794362809,0.08988874839056149,0.6362020719177087,-0.05868160188744061,0.18637090553485258,0.6451950044751457,-0.5152694349736653,nm
8.405500411987305,-22.39719496032213,8.826753192220602,-18.58052810964902,0.14334292074159044,0.07089710231031962,-0.09571061794362809,0.08988874839056149,0.6362020719177087,-0.05868160188744061,0.18637090553485258,0.6451950044751457,-0.5152694349736653,nm
8.41446328163147,-22.93801198183914,12.11697322709255,-18.851435927803813,0.1336632703423765,0.07334772959641465,-0.18654887848074334,0.11254771525958408,0.6441031100155353,-0.03596315790862878,0.24092787995163847,0.6548504816128627,-0.5152694349736653,nm
8.429647445678711,-23.552211955314142,15.495653723936384,-19.013882881510757,0.11582297094533807,0.07700337116584971,-0.11021659163494303,0.1084396522384878,0.6646493867104362,-0.00482797047821182,0.17746035287109635,0.6734547310184268,-0.5152694349736653,nm
8.431357622146606,-24.115678417781766,18.838372848861667,-18.97573373984322,0.28391176063611834,0.17371704145811245,0.5333205896846056,0.11777604156214937,0.6539656149628186,0.03902846289753822,0.628660758837384,0.6656316116560955,-0.5152694349736653,nm
8.432004690170288,-24.115678417781766,18.838372848861667,-18.97573373984322,0.28391176063611834,0.17371704145811245,0.5333205896846056,0.11777604156214937,0.6539656149628186,0.03902846289753822,0.628660758837384,0.6656316116560955,-0.5152694349736653,nm
8.458924770355225,-24.41849398980501,24.972775675837816,-18.013024415846644,-0.07951298008101156,0.1608915399858445,-0.005927864629435138,0.17178585829256388,0.5577425479378266,0.12939749315213572,0.17956486632814572,0.5977715634952441,-0.5152704735340728,nm
8.471067667007446,-24.527257773211954,28.132338433218663,-17.31349500183895,-0.14427467664194438,0.018684128592957393,-0.2680092930676804,0.17532786985871426,0.594913492310396,0.14694569622998152,0.3049479630232895,0.637381332424052,-0.5152704735340728,nm
8.473145008087158,-24.571150520695934,31.660067148934974,-16.644173804384266,0.16392135086331538,0.2183082844117724,0.1532861994388798,0.20090723641642844,0.6640696652363698,0.1351859858193949,0.313090043358267,0.7068433268367131,-0.5152704735340728,nm
8.480945110321045,-24.638257440930005,35.05475853915367,-15.811107550177265,0.23563002585773693,0.2208850432478147,0.317972397335339,0.18111190998448848,0.6421405059826838,0.17065308913925054,0.45323079869255295,0.6886714965748877,-0.5152704735340728,nm
8.485886812210083,-24.414587624930878,37.84451210794727,-14.557581608263826,-0.07143873504814746,0.0020411616215920375,-0.15477674833915037,0.18310649943725088,0.5161103151902902,0.22053561455711934,0.1704802071575629,0.5903675167809209,-0.5152704735340728,nm
8.51052713394165,-30.36925322469025,40.456834259001575,-11.280241252756296,-1.9305067779551157,5.339211041123911,1.747684094034124,-0.893281407039355,0.21385395010511143,1.137928136601389,5.940406606784589,1.4623835434682924,-0.5152713563104192,nm
8.528940200805664,-44.31087127136669,38.23439588517271,-9.568245243538582,-0.5150300802934049,1.1046718646671474,-0.1895351918248002,-2.198565968929377,-0.05792937028775741,2.1112537661048325,1.2334826715987086,3.048678500033768,-0.5152713563104192,nm
8.54174518585205,-53.51891958910111,39.58631212447665,-11.67906963827509,-1.856776780988781,-1.097069121301726,-1.8355050413916758,-1.3531901830560227,0.5173581967395678,0.7367480143758637,2.8320062549908074,1.6252940693731666,-0.5152713563104192,nm
8.543599843978882,-62.12419354342191,41.98579093345888,-15.495721759334467,0.5801613688618931,5.613663227084551,-1.5518958587276692,-1.1477883663166735,0.7602587285673452,0.3638635446187888,5.853049017168499,1.4240112876368938,-0.5152713563104192,nm
8.545716524124146,-72.80708497112492,43.08327163647522,-17.028387417595194,-1.1227272933776937,-3.5965114508371467,-2.842896441589138,-1.4428601318284058,0.6404359551532557,1.1422160049326506,4.7199016270361085,1.948502238797085,-0.5152713563104192,nm
8.546379804611206,-72.80708497112492,43.08327163647522,-17.028387417595194,-1.1227272933776937,-3.5965114508371467,-2.842896441589138,-1.4428601318284058,0.6404359551532557,1.1422160049326506,4.7199016270361085,1.948502238797085,-0.5152713563104192,nm
8.562296152114868,-72.32860129789701,43.274858015739845,-15.16380113324904,-0.617095805669129,2.3689759601663996,-1.0379581161012008,0.3806746235150039,-0.205399340319008,-0.09592164489100569,2.658986909332406,0.4430609664034622,-0.5152721066703136,nm
8.573727130889893,-70.53327202754234,40.69335476983097,-11.708901507242027,-1.5463996570633871,-0.584138501725789,-0.4222957440652818,0.1488283853703207,-0.5756193900977589,0.4538655815924655,1.7061369769218007,0.7479849842762349,-0.5152721066703136,nm
8.574384212493896,-70.53327202754234,40.69335476983097,-11.708901507242027,-1.5463996570633871,-0.584138501725789,-0.4222957440652818,0.1488283853703207,-0.5756193900977589,0.4538655815924655,1.7061369769218007,0.7479849842762349,-0.5152721066703136,nm
8.589319229125977,-69.36585989696303,37.53418103920405,-10.307569231976721,0.06250947474011402,0.773031343010907,0.49669266880920276,0.06628224539442003,-0.6662083925919163,0.13616647327738446,0.9209714973647881,0.6832044107433966,-0.5152721066703136,nm
8.589967966079712,-69.36585989696303,37.53418103920405,-10.307569231976721,0.06250947474011402,0.773031343010907,0.49669266880920276,0.06628224539442003,-0.6662083925919163,0.13616647327738446,0.9209714973647881,0.6832044107433966,-0.5152721066703136,nm
8.596488237380981,-69.58845624942414,35.30313357955219,-12.870729555517684,-1.316311046760359,0.20188225536652954,0.16838273295001274,-0.11636165152516062,-0.4413466525995501,-0.48313975488598804,1.3423054650901722,0.6646434566425697,-0.5152721066703136,nm
8.600512742996216,-71.80599135982547,33.16660879610398,-15.262818238995866,0.6295304106951458,1.0059230488517763,0.46950688723512307,-0.4518643693493143,-0.3365997415794874,-0.22482375503616134,1.2761764906792736,0.6066518895935222,-0.5152721066703136,nm
8.601272106170654,-71.80599135982547,33.16660879610398,-15.262818238995866,0.6295304106951458,1.0059230488517763,0.46950688723512307,-0.4518643693493143,-0.3365997415794874,-0.22482375503616134,1.2761764906792736,0.6066518895935222,-0.5152721066703136,nm
8.62361454963684,-72.01306538122394,31.27644918734505,-15.863286676804451,-0.07064683149730179,-0.4441156381104906,1.078230305060424,0.2810577059739669,-0.19536949615941818,-0.026461582095831746,1.168250942890949,0.343311650609105,-0.515272744476224,nm
8.638152122497559,-68.98211769300606,31.07667067057289,-12.979602417032067,0.35678821554405143,1.154076307472875,-0.0639337125922508,0.5009396669559922,-0.17903349967800675,0.26753237365738236,1.2096600654015008,0.5954553844677941,-0.515272744476224,nm
8.650568962097168,-70.97207652030458,31.87736769405624,-12.4585415254929,0.6458965514979415,0.5414553420215965,0.18148653322097652,-0.28771219172882107,0.22061024409721125,0.31687623890181676,0.8621447699668691,0.48151608057321854,-0.515272744476224,nm
8.651320695877075,-70.97207652030458,31.87736769405624,-12.4585415254929,0.6458965514979415,0.5414553420215965,0.18148653322097652,-0.28771219172882107,0.22061024409721125,0.31687623890181676,0.8621447699668691,0.48151608057321854,-0.515272744476224,nm
8.658352851867676,-77.08678759235188,32.60043337891821,-14.518963651706564,-0.21987124066570676,1.0058488698281312,-0.39939855602029617,-0.4495728119012985,0.01204184698815315,0.24578941907000212,1.104352533368536,0.5125164951555174,-0.5152732866112477,nm
8.65907597541809,-77.08678759235188,32.60043337891821,-14.518963651706564,-0.21987124066570676,1.0058488698281312,-0.39939855602029617,-0.4495728119012985,0.01204184698815315,0.24578941907000212,1.104352533368536,0.5125164951555174,-0.5152732866112477,nm
8.677510261535645,-79.51835815313531,30.53961227628929,-13.787011736350392,-0.05626522857728796,-0.43612690954845096,0.5460791208250279,-0.4940954871410593,-0.3081425688039026,0.40710013408410295,0.7011240000029756,0.7105017327871362,-0.5152732866112477,nm
8.68555498123169,-79.07126542028792,27.6884860094842,-14.563034355588883,-0.855077225864044,0.3706984853875382,-0.3577430386775894,-0.06312729275747658,-0.581375956962861,0.11712613064172854,0.9982757690048574,0.5964072341148067,-0.5152732866112477,nm
8.69283676147461,-80.96370293606464,24.49550264720645,-15.869209090424132,0.09718028907167507,1.6578221131720932,-0.33985264141423355,-0.4952088082553628,-0.5300805500858461,0.2276801950321925,1.6950864241632844,0.7602995623850556,-0.5152732866112477,nm
8.695096015930176,-84.85292059791759,22.00136303112329,-18.468595139631645,-0.029098250820142637,-0.8909093129590882,0.13026641334235178,-0.8268304649862664,-0.2627925370726374,0.12363919947700527,0.9008526242194707,0.8763533459842517,-0.5152732866112477,nm
8.716344118118286,-88.04660996521066,20.436421032188257,-19.917381255601285,-0.12224142596746877,0.02975951286051867,0.4741387526108645,-0.17092318993199143,0.001186406544814978,0.24531172222090025,0.4905467883450488,0.29898826979666165,-0.5152737474260178,nm
8.734375,-87.82894494413345,20.961909277760366,-18.60425989910415,0.1749794045677759,0.4125346922114104,-0.49814716903155903,0.0811745981002033,0.077444850420075,0.25586904918131764,0.6700397498022137,0.2793850220793321,-0.5152737474260178,nm
8.737828016281128,-89.98310731137637,21.63868492328645,-19.191414069629477,0.2760710241386468,1.2342051825462568,-0.5378170335832068,-0.32806554552651557,0.25021336310759285,0.0475119887529012,1.374308846149671,0.41532050071538507,-0.5152737474260178,nm
8.770706415176392,-93.54999819826592,20.70679050013993,-21.04277057079908,-0.3296363111750015,0.5075808010508323,0.08735166351741248,-0.155413436393783,-0.15227201158115533,0.20968763266763474,0.6114970812356558,0.3021737993546973,-0.5152741391185724,nm
8.7783043384552,-93.24124415466085,18.732480047227227,-21.137466551159875,0.08987276053839492,0.6201717220625445,-0.4923276930235037,-0.0848519888686149,-0.3964085972711082,0.24706115675927526,0.7969169563076562,0.4747408252769488,-0.5152741391185724,nm
8.780170679092407,-94.57397220696137,16.127352264679004,-22.517377296032944,0.08009520872968727,0.5045762892415414,-0.3188917641713117,-0.4276022444778005,-0.39176593778997393,0.09193105880467353,0.6022494760334021,0.587175909815669,-0.5152741391185724,nm
8.782853841781616,-96.65284317128182,13.583159075183453,-24.2078509166273,-0.25598037862594925,-0.19873650242818913,0.28769479158469724,-0.5681864583108093,-0.3079903435470565,0.06611238660900975,0.43334794881692507,0.6496651066427641,-0.5152741391185724,nm
8.803035020828247,-97.07774837927188,11.137791650729115,-22.57461262969706,0.4520716831325824,0.6719065633940641,-0.13187499500432998,0.002581659135241992,-0.15806410766106913,0.17409460027851467,0.8204987817966213,0.2351592161509228,-0.5152744720572439,nm
8.80371880531311,-97.07774837927188,11.137791650729115,-22.57461262969706,0.4520716831325824,0.6719065633940641,-0.13187499500432998,0.002581659135241992,-0.15806410766106913,0.17409460027851467,0.8204987817966213,0.2351592161509228,-0.5152744720572439,nm
8.817147731781006,-98.25650621354507,11.12713119442896,-22.71846369731738,0.10534839620354274,0.4794093755924786,-0.23617619867774162,-0.2076266573371533,0.08076447953606254,0.02749376320719581,0.5447116951291728,0.22447190694388483,-0.5152744720572439,nm
8.824569940567017,-100.22220500628966,11.39877780078537,-23.22706865512234,-0.3668401926329131,0.03948718585225742,0.19508499960459727,-0.32705717070507045,0.1945995393978631,-0.01416872925605549,0.4173597031916345,0.3808360887996271,-0.5152744720572439,nm
8.833628416061401,-100.95861250487128,11.562948808553951,-24.441477365407753,-0.3939982072396961,0.03708982778699805,0.06887772631038634,-0.11079018996933902,0.08369976127376384,0.06757067029992755,0.401689412127146,0.1544212152377671,-0.5152744720572439,nm
8.83859920501709,-101.00077925548565,11.097179504168984,-25.268409302236822,-0.08803207126886524,0.4978418827016832,-0.41294173221955643,-0.040763106176137744,-0.08682670801528519,0.10831134248860602,0.6527764241701219,0.14467845368811066,-0.5152744720572439,nm
8.864970445632935,-103.21941574360523,7.597005101224536,-27.59399869800251,-0.21759627809648652,-0.014531821301516,0.05176119046350439,-0.42770445252051525,-0.25106593537267663,0.07770412946840786,0.2241395433875555,0.5019991377949505,-0.5152747550551146,nm
8.884955883026123,-103.56547634945315,3.708699361236912,-28.42532034906485,0.37061581099705126,0.3527743154223455,-0.1279138446482399,-0.13027397825094167,-0.32970425702482437,0.1861875053342586,0.5274161057792989,0.4004272638722454,-0.5152747550551146,nm
8.886839151382446,-104.11351843152318,2.5085804212962093,-28.06826132793918,0.2750708856850236,0.4698217298544439,-0.13785785404547918,-0.20488370043990087,-0.16497787410458303,0.08962078633915521,0.5616059454074449,0.27789731015982,-0.5152747550551146,nm
8.894749641418457,-105.22306330138943,1.961253655735607,-27.99528132969049,-0.1774310923590255,0.03313497394968236,0.27309603320302644,-0.24205319366920425,0.002726865941464041,0.035571736183998684,0.3273547958799316,0.24466820957874363,-0.5152747550551146,nm
8.895339012145996,-105.22306330138943,1.961253655735607,-27.99528132969049,-0.1774310923590255,0.03313497394968236,0.27309603320302644,-0.24205319366920425,0.002726865941464041,0.035571736183998684,0.3273547958799316,0.24466820957874363,-0.5152747550551146,nm
8.904337167739868,-105.56984430463858,1.9803912934307002,-27.81160046207513,-0.1801523405562354,0.09087531986626157,0.14854130492730125,-0.05408772049533153,0.03108333204076657,0.05148483166176006,0.2505548020657171,0.0808847509137379,-0.5152747550551146,nm
8.917214155197144,-105.46549876899536,2.074460958879333,-27.7474853659508,-0.012629487177026822,0.482677362836816,-0.28675591244642407,0.0,0.0,0.0,0.5615744775757168,0.0,-0.5152747550551146,nm
8.923861742019653,-105.87170578348083,1.7289392968900812,-27.903797188453524,-0.13570119130920974,0.4218674029338979,-0.3210739342848877,-0.09875898831509371,-0.02794030131210013,-0.016252109579552625,0.5472434469759385,0.10391404754034723,-0.5152747550551146,nm
8.93608021736145,-106.54796349865505,0.7873581793795117,-27.86162830526581,-0.25078949167860815,0.06659705247437914,-0.06144573229836648,-0.20251339063518833,-0.10781489296252125,0.023881565984435634,0.26665729795445764,0.23066437463325204,-0.5152747550551146,nm
8.957201719284058,-106.44704792417853,-2.332278371027768,-26.892908719978763,0.2093092394926118,0.29080828000701475,-0.1653155201426069,-0.1055096177294835,-0.32996999609923305,0.1223413433686628,0.3945998411779134,0.3673960833438466,-0.5152749956033047,nm
8.976730108261108,-106.63500186935121,-4.0194656163744416,-26.378596351333,0.16853934753109398,0.3226827464275233,-0.10847777503220438,-0.18057893898303498,-0.2889916156319519,0.11386621751588138,0.3798645734786988,0.3592915565403375,-0.5152749956033047,nm
8.992921352386475,-107.15011303388985,-5.337665582267218,-25.836798743676884,-0.0012626687965965248,0.05257840120207386,0.25741766284151624,-0.20417384915412895,-0.1953624538198686,0.11319371586123445,0.2627354862751598,0.3044113439926429,-0.5152749956033047,nm
8.998918771743774,-106.83522155989242,-6.423568715831546,-25.33419780454638,0.02945726365961759,0.4736334510112465,-0.15400914089491918,0.02969317944129173,-0.08814341385076602,0.038723383188431486,0.4989140124092789,0.10074942538872496,-0.5152749956033047,nm
9.00115966796875,-107.0202483199841,-6.597080058350849,-25.396087633603592,-0.13377193269329052,0.36236396272810106,-0.11514431793403171,0.0,0.0,0.0,0.40306424477123276,0.0,-0.5152749956033047,nm
9.008478879928589,-107.23525815860353,-6.626436824881255,-25.438340278057996,-0.18745893598052926,0.14561879177923542,0.03763787662969229,-0.0677890662729415,-0.029808278293038767,-6.0166445244194933e-05,0.24033787665573736,0.07405332255175073,-0.5152749956033047,nm
9.02095913887024,-106.82365879535186,-7.04859243576522,-25.49817551598278,-0.047998633048152946,0.21763771707803783,-0.11471430195323597,-0.01210314807385746,-0.12673340848225112,0.010838563680615485,0.250657965646515,0.12777056578682586,-0.5152749956033047,nm
9.038618564605713,-106.62850423577906,-8.060888354255626,-25.461958041717676,0.04337511794321607,0.2839866509410414,-0.22665410646683717,-0.04854364523445304,-0.20301479601750624,0.025747408305644755,0.3659260891868427,0.21031980869413058,-0.5152752000692663,nm
9.055059671401978,-106.66413054142886,-10.770946969670813,-24.761665393107393,0.08699731545462869,0.06678366762723295,0.09733613118859345,-0.13137564267017393,-0.2495713972290226,0.09971518779175952,0.14663871791863148,0.29914638636994045,-0.5152752000692663,nm
9.066589832305908,-106.16298771560704,-12.019488399901608,-24.446345807650903,0.08505130470521235,0.20860342307821242,0.04181184654610441,-0.05452228993989466,-0.2512068816644496,0.09608695362258474,0.2291229867638809,0.27442718551983053,-0.5152752000692663,nm
9.06764006614685,-106.16298771560704,-12.019488399901608,-24.446345807650903,0.08505130470521235,0.20860342307821242,0.04181184654610441,-0.05452228993989466,-0.2512068816644496,0.09608695362258474,0.2291229867638809,0.27442718551983053,-0.5152752000692663,nm
9.075220346450806,-105.53043721937992,-12.841512709234784,-24.271640968806484,0.03255570962756964,0.3281167991979463,-0.06546694947079472,-0.027653531051921237,-0.1967629919102506,0.07528215032907269,0.33616428962379635,0.21248010477049847,-0.5152752000692663,nm
9.077641248703003,-105.27175583889232,-13.272977497276381,-24.120640813654617,-0.06939098544799521,0.247898374072919,0.016645940185791026,-0.03993356093484584,-0.11749524730657653,0.05541152986565466,0.2579647263757386,0.135905334960122,-0.5152752000692663,nm
9.106171131134033,-104.27266725521982,-13.797263045813503,-24.379816676868877,-0.07368598613911473,0.29792050831271316,-0.15545044420873916,0.07433250677680972,-0.11053099627625149,-0.0045134145872299195,0.3440219388807835,0.13327713086940837,-0.5152753738653336,nm
9.11209225654602,-104.27266725521982,-13.797263045813503,-24.379816676868877,-0.07368598613911473,0.29792050831271316,-0.15545044420873916,0.07433250677680972,-0.11053099627625149,-0.0045134145872299195,0.3440219388807835,0.13327713086940837,-0.5152753738653336,nm
9.119866847991943,-103.82249792695912,-14.28863692254032,-24.58840222786543,-0.06658674494579092,0.24276144181327283,-0.15716634793988482,0.040958823980317735,-0.12903592398799577,-0.006169507140773432,0.29676282307340285,0.1355210602070635,-0.5152753738653336,nm
9.121704339981079,-103.30062643407359,-14.97458029385707,-24.687693278772112,0.02543049270302879,0.16194620190077733,-0.08006440866446952,-0.00213766437619054,-0.16421928612829556,0.01997949808051733,0.182437912189318,0.16544402040878248,-0.5152753738653336,nm
9.124190330505371,-102.74482886164758,-15.99319078002463,-24.730942037855222,0.08003020465353342,0.11199936662415808,0.017614344087794522,-0.010487320019571745,-0.216070576491273,0.03457867924809977,0.1387766439237606,0.21907113676841808,-0.5152753738653336,nm
9.128281116485596,-102.74482886164758,-15.99319078002463,-24.730942037855222,0.08003020465353342,0.11199936662415808,0.017614344087794522,-0.010487320019571745,-0.216070576491273,0.03457867924809977,0.1387766439237606,0.21907113676841808,-0.5152753738653336,nm
9.13313364982605,-101.98886004646073,-17.13776756780627,-24.76303036129017,0.06185401615905708,0.15054256925424608,0.022346443203837493,0.006696526016854694,-0.25509648895772613,0.050185557712344626,0.16428130750799588,0.26007239827046774,-0.5152753738653336,nm
9.13429570198059,-101.98886004646073,-17.13776756780627,-24.76303036129017,0.06185401615905708,0.15054256925424608,0.022346443203837493,0.006696526016854694,-0.25509648895772613,0.050185557712344626,0.16428130750799588,0.26007239827046774,-0.5152753738653336,nm
9.159335613250732,-100.90559614338267,-19.21087257090084,-24.509421622703236,0.041250276319526734,0.18491896175284422,0.11243797851425867,-0.027767206286653755,-0.2033001361530754,0.07260194526062426,0.2203154709151404,0.21765340695806087,-0.5152755215919909,nm
9.172454118728638,-100.42294372034908,-19.947548503724747,-24.469406446191968,-0.040882637982180725,0.22392509395684176,0.09606002126700051,0.02236683774551093,-0.17536281451779417,0.05423718338289951,0.24706550847453201,0.18491637084813925,-0.5152755215919909,nm
9.174217224121094,-99.46938056289488,-20.26901478245561,-24.726066505247807,-0.05862786768906018,0.30508326748246817,-0.05396489909833492,0.06745307226161758,-0.1500423934882761,0.027582021789080223,0.31531767679950745,0.16680349135193479,-0.5152755215919909,nm
9.2105553150177,-98.07839166702975,-20.759156987239137,-25.34524600055529,-0.03765043608164535,0.1886083806348507,-0.028218550412596088,0.0465573676585056,-0.1178145087264574,-0.004612661824986502,0.19438869095250116,0.12676404694887847,-0.5152756471596496,nm
9.212656259536743,-97.21314488019996,-21.22100260504121,-25.801023417340215,0.025352203871421525,0.17842229871485998,-0.04459885326047823,0.0654772021306937,-0.1498163344322479,-0.01571704068498823,0.18565103994317542,0.16425353399386097,-0.5152756471596496,nm
9.215303421020508,-96.37364534805428,-21.865658645119467,-26.237494363606075,0.044087986257826235,0.12605187030060705,-0.06289381773253279,0.05400632106876869,-0.17815405932294334,-0.012186498792665914,0.14760913537963832,0.18655846890840788,-0.5152756471596496,nm
9.218943357467651,-95.60846552857758,-22.686332819863985,-26.521190756301277,0.0756174136360147,0.1139559304273917,-0.04013009658036459,0.02860981485355382,-0.19469355748411463,0.01474639211876154,0.1425284953127692,0.19733615713369698,-0.5152756471596496,nm
9.221384048461914,-95.60846552857758,-22.686332819863985,-26.521190756301277,0.0756174136360147,0.1139559304273917,-0.04013009658036459,0.02860981485355382,-0.19469355748411463,0.01474639211876154,0.1425284953127692,0.19733615713369698,-0.5152756471596496,nm
9.22839069366455,-94.86112022127088,-23.556237174203208,-26.72999171106531,0.08558384099215714,0.11336630952937407,0.03253808625845767,0.02001118753974404,-0.20321370157769122,0.030388032764977094,0.14572316573779037,0.20644536485710469,-0.5152756471596496,nm
9.248509883880615,-92.76903601723542,-24.880240558695025,-27.378383716173527,0.0017517805760729223,0.21649200008880667,-0.05574199118306534,0.08141667817964372,-0.1998412548950827,0.03450472529041956,0.22355989000420337,0.21853095595639627,-0.5152757538921594,nm
9.26720404624939,-91.83183814516293,-25.271356147330714,-27.715725583029485,-0.04529466748766001,0.23283955418406216,-0.010219582047833098,0.06182742057981758,-0.16256567010845482,0.025068001098401894,0.23742431373530998,0.17572316783063663,-0.5152757538921594,nm
9.267821550369263,-91.83183814516293,-25.271356147330714,-27.715725583029485,-0.04529466748766001,0.23283955418406216,-0.010219582047833098,0.06182742057981758,-0.16256567010845482,0.025068001098401894,0.23742431373530998,0.17572316783063663,-0.5152757538921594,nm
9.271016120910645,-90.88914390737102,-25.53508127777726,-28.129861764252137,-0.061386844577490385,0.20549219327176865,0.017325816929977852,0.08019202427330942,-0.14437713282059145,0.011137303713376264,0.21516405395677501,0.16552811474957885,-0.5152757538921594,nm
9.2797532081604,-89.67947115110026,-25.726041764787528,-28.775076293187695,-0.018706071179704815,0.23245833965893842,-0.027826290987499672,0.11995881905780183,-0.14664902345298528,-0.011450351444668308,0.23486400159686366,0.1898082319017357,-0.5152757538921594,nm
9.280933856964111,-89.67947115110026,-25.726041764787528,-28.775076293187695,-0.018706071179704815,0.23245833965893842,-0.027826290987499672,0.11995881905780183,-0.14664902345298528,-0.011450351444668308,0.23486400159686366,0.1898082319017357,-0.5152757538921594,nm
9.30666995048523,-87.4593276827632,-26.268421810275417,-30.136865738114395,0.03389295818833177,0.14368562741509255,-0.014146838378667273,0.09912615383299868,-0.14747488124267016,-0.0244890205757066,0.1483051758251779,0.17937264869544736,-0.5152758446147928,nm
9.313739776611328,-86.57041933154161,-26.69319354158181,-30.717039701854816,0.05079217452480293,0.1254403025005661,0.040590155267205406,0.06621390864357829,-0.14735994172829964,-0.023868959057169622,0.14128933147625625,0.16330634197881244,-0.5152758446147928,nm
9.321150064468384,-85.6069978360182,-27.149795396917494,-31.291141286973073,0.008591116296158963,0.08650677747574262,0.07329828926202057,0.08220463932603621,-0.16727925205969366,-0.014723587250386364,0.11370958199373797,0.18696720278672932,-0.5152758446147928,nm
9.325875043869019,-84.38965854147193,-27.572585939731784,-31.943755119242944,0.02956660550815056,0.15765498839578082,-0.013896347851171675,0.10218056057712856,-0.18294212864735873,-0.006008043861232539,0.1610043105353057,0.20963011707510323,-0.5152758446147928,nm
9.332820177078247,-83.43800708600561,-27.922446042236196,-32.50280529031836,-0.03373276741207702,0.1864554826603455,-0.0023773176331644613,0.061435535431495276,-0.1622285521251055,-0.01073710977982509,0.1894972249150595,0.17380366412934625,-0.5152758446147928,nm
9.360254764556885,-81.14394731103627,-28.391812286439382,-33.82674348469702,0.009821115037152939,0.24924721098346977,0.010180787343537208,0.12165378815062436,-0.1635898291391725,-0.019504602787344043,0.24964830244675332,0.2047967428917577,-0.35614239581670226,nm
9.360954761505127,-81.14394731103627,-28.391812286439382,-33.82674348469702,0.009821115037152939,0.24924721098346977,0.010180787343537208,0.12165378815062436,-0.1635898291391725,-0.019504602787344043,0.24964830244675332,0.2047967428917577,-0.35614239581670226,nm
9.368241786956787,-79.97541239017013,-28.429445016624427,-34.701448466238716,-0.06803429300743981,0.17528935092792503,-0.02876085233353123,0.12283363165467562,-0.14347833103417673,-0.05169209293044222,0.19021621434753297,0.1958218706206199,-0.35614239581670226,nm
9.374756574630737,-78.94295088576243,-28.48956973717665,-35.48012638111694,-0.022669931585019447,0.1467837834174965,-0.0029522893324021656,0.10580903226940722,-0.1255224574350577,-0.04525241620055386,0.14855342771113095,0.17029157290456998,-0.35614239581670226,nm
9.380064725875854,-77.8634119690576,-28.59961489117075,-36.278688088385366,0.08518934985351494,0.14519420095613064,0.031617395414261305,0.10718805058172874,-0.11906516385412196,-0.044451904121643376,0.17128409445285797,0.1662581222411703,-0.35614239581670226,nm
9.402626752853394,-75.4045747163068,-28.705637657191183,-38.008797010448525,0.062006025449339676,0.11010748705068805,-0.07092453796237384,0.14912526063090015,-0.143302264874561,-0.033134505291884886,0.1449092681018637,0.20945590924428625,-0.22087896433832532,nm
9.409646034240723,-75.4045747163068,-28.705637657191183,-38.008797010448525,0.062006025449339676,0.11010748705068805,-0.07092453796237384,0.14912526063090015,-0.143302264874561,-0.033134505291884886,0.1449092681018637,0.20945590924428625,-0.22087896433832532,nm
9.421573400497437,-74.12714756349044,-28.85297735753923,-38.73047081242331,0.07542629745179098,0.07848610458697815,-0.07781807844846282,0.13445034942380196,-0.15102704979913767,-0.009578547388002102,0.13380899930100082,0.20242977745696866,-0.22087896433832532,nm
9.424943447113037,-72.71116258232868,-28.97594755866545,-39.48721567715578,0.05899089025678011,0.10778024605905547,-0.0937627974186373,0.14640143938841585,-0.16828599672344452,-0.0029086507457037024,0.15455733160742144,0.22307401999642107,-0.22087896433832532,nm
9.433465957641602,-71.23772961559077,-29.113922000311856,-40.23114371705347,0.0024742046975912515,0.1418310886572047,-0.14596317038723303,0.17571789724358075,-0.19372092396449844,0.0057109700902904,0.2035372853018971,0.2616050285692857,-0.22087896433832532,nm
9.452611923217773,-67.3017673021634,-29.18653484614899,-41.971056295418805,0.10026180556142325,0.20991814568789513,-0.11920763182414669,0.2408587241558171,-0.23383552694859208,0.03055723766800838,0.2613972399024181,0.3370841488993407,0.2,nm
9.466977596282959,-65.19132680903749,-29.03786194999429,-42.93059216748062,0.03323659819782835,0.13256263323051728,-0.08204185586184086,0.255433026932655,-0.2272452004883577,0.023880764371933018,0.15940009191348542,0.3427195694732942,0.2,nm
9.474057912826538,-62.973790003249775,-28.848537647005784,-43.80327202329892,0.03978191500637909,0.08296037527189337,-0.0721192455565998,0.28329130319952384,-0.23808711460024481,0.05036653086416731,0.11690256715094535,0.3734651577302035,0.2,nm
9.476615905761719,-60.59517249208248,-28.61408658783746,-44.65683910793666,0.09929733299741413,0.10979042323193365,-0.056791122572073846,0.30070598478040783,-0.24315134881421027,0.06802665949173571,0.15855323704309154,0.39265034587343633,0.2,nm
9.49580693244934,-55.77211106993688,-28.066078192694103,-46.0573481478324,0.0852722691739715,0.12842865785565322,-0.14056621137870012,0.3505628338343408,-0.3010068799260289,0.1195963373161918,0.2086243989327329,0.47728683841922015,0.25184207210587156,nm
9.514200210571289,-52.90259278063743,-27.838302666007618,-46.7431444268607,0.1913018767390689,0.19283217117846485,-0.18194390592722517,0.3770153893731085,-0.34574050742472573,0.1406672714863052,0.3269315512295282,0.5305321701516934,0.25184207210587156,nm
9.518049955368042,-49.7706447060041,-27.60604449355611,-48.020348082551564,0.15928309642379906,0.14943988520699364,-0.246867909639831,0.40217128816552483,-0.38879592387739187,0.1456111017203591,0.32961666964365205,0.5780195571021876,0.25184207210587156,nm
9.523615837097168,-46.213687141627304,-27.365598212312857,-49.22740787862706,0.20681933465431016,0.1675629395701022,-0.3083203918178888,0.44571757029166437,-0.45420058912066436,0.1750349838312237,0.4073242442022838,0.6599996766582996,0.25184207210587156,nm
9.53533673286438,-42.38612218439195,-27.119608278627883,-50.426953504015366,0.2925318484948197,0.26526174608866887,-0.22931458446891906,0.4687517602123985,-0.5012651959678052,0.19955999554737094,0.45664412289216927,0.7147161682890144,0.25184207210587156,nm
9.542784929275513,-38.30140073748079,-26.802724609041576,-51.654380097516494,0.23087498321397232,0.2147013425632022,-0.16030751093341364,0.49877148464264887,-0.5399973810441908,0.22091964633485286,0.3536925535463816,0.7675777846993317,0.25184207210587156,nm
9.553512334823608,-33.73258147205717,-26.368971263108687,-52.83926868475127,0.29677498301309824,0.3219026535060795,-0.0993114670512838,0.56027652713433,-0.6072727734344423,0.26533341942292554,0.44895375749018746,0.8678086377048383,0.25184207210587156,nm
9.574249505996704,-24.07704468562648,-25.359715986555024,-55.047783249973065,0.19443109918892726,0.2757073441582604,0.08422043801961687,0.5888720141989834,-0.6749196148597332,0.299531122724674,0.34772269718100374,0.9444604963204559,0.2959078333958624,nm
9.603705883026123,-18.932481885180824,-24.81218087589492,-56.0992218982438,0.20618544125549365,0.3517641589099962,0.2594686490921351,0.6082131480687984,-0.7222970569772404,0.3154047570744308,0.48329539573751085,0.9955483076108973,0.2959078333958624,nm
9.617426633834839,-13.831242070073712,-24.272032294914624,-57.14509871525277,0.13742345572515063,0.3126982160057556,0.31515389492177087,0.592052336141692,-0.731199493762279,0.2999558190091682,0.46474440067739087,0.9874979300061894,0.2959078333958624,nm
9.619462966918945,-8.846565172880139,-23.763165794876787,-58.130885000463714,0.04382612719074193,0.1506510725559893,0.2380323734476874,0.5652865882952971,-0.7300149983554751,0.27837172361154516,0.28508925952401004,0.9643451878020357,0.2959078333958624,nm
9.622035503387451,-3.8642558867636905,-23.262236452638604,-59.12501760477259,0.02365759329192572,0.24033312664642492,0.3522486309554103,0.5532534308390531,-0.7434043619149179,0.26970821214330665,0.4270817152419119,0.9651331119316381,0.2959078333958624,nm
9.624006748199463,0.7288631668354778,-22.753032382451803,-60.210051989921624,-0.07339190205378489,0.2272995697512737,0.36280413700885605,0.5067974326747242,-0.6939734916366714,0.22960640140056635,0.434371163323404,0.8894728463669945,0.2959078333958624,nm
9.631191492080688,4.8966523059029665,-22.215430121203816,-61.2845957031929,-0.1990482261149913,0.07111122024395818,0.15600415133475642,0.46241713989261335,-0.6347945994193085,0.19337108507162518,0.26270572357256894,0.8088177614643256,0.2959078333958624,nm
9.631829023361206,4.8966523059029665,-22.215430121203816,-61.2845957031929,-0.1990482261149913,0.07111122024395818,0.15600415133475642,0.46241713989261335,-0.6347945994193085,0.19337108507162518,0.26270572357256894,0.8088177614643256,0.2959078333958624,nm
9.653961896896362,12.66107342545211,-20.9572285130845,-63.37277109907619,-0.1649384095434682,0.23078158122693895,0.36596695743442675,0.423731039257595,-0.5628469486018032,0.1654538925080481,0.4630298382503514,0.7236847875468623,0.3333637304923546,nm
9.66611909866333,15.871931025598823,-20.213490184167615,-64.44532132530207,-0.04614984029408209,0.09651799910456037,-0.03939097293908775,0.3907963976386402,-0.48958724362733236,0.13247714897148344,0.11400517821311952,0.6402871922267067,0.3333637304923546,nm
9.677733898162842,19.02362531456488,-19.440448692473606,-65.38047244170589,0.042655989898358615,0.1158553909453044,-0.05560141488648138,0.38491155133080385,-0.486041041519104,0.1283677476138781,0.1354013383341421,0.6331438027939006,0.3333637304923546,nm
9.703298330307007,24.89332598782931,-17.919123626596345,-67.56248514320592,0.0035691933653119487,0.137187268495097,0.10471786323733133,0.34500183475335783,-0.45638825700370333,0.09179011488352355,0.17262362717605387,0.5794324225519245,-0.2,nm
9.709738969802856,27.745170195081286,-17.125896558543083,-67.94850539564621,-0.013829835334689289,0.18258487175040336,0.2760414832355502,0.3491901955560016,-0.4554437889140174,0.08720259121322674,0.3312512644570258,0.5804886988108345,-0.2,nm
9.710829496383667,30.38559707345729,-16.280394720975842,-68.30943539094143,0.06245376071041824,0.16747170072910697,0.11603290456740409,0.34214915271576485,-0.4182294245901371,0.0717724488196425,0.21309828181926305,0.5450992374849566,-0.2,nm
9.712727785110474,32.9043650938684,-15.451056127226607,-68.66249002837421,0.05438539295473799,0.13489105598638157,0.03769561732367761,0.32914175491979225,-0.4015614555404682,0.058826721735791336,0.15024755411445317,0.5225384967613775,-0.2,nm
9.726913928985596,35.04105362625134,-14.7939484200711,-69.0752484974888,-0.11384957433785316,1.0417294694814543,0.35559148048541356,0.2686492280711602,-0.348744680040856,0.020253685237017142,1.106619769458702,0.44068749853576455,-0.2,nm
9.732922315597534,35.5861480238303,-15.7804536145604,-70.37686307813756,0.07378427312699946,1.7286258573283333,-1.6085720539763317,-0.15189761970190813,-0.17818424835090865,-0.24044672606654707,2.3624342374801945,0.3356145725495318,-0.2,nm
9.758452653884888,37.912060555149374,-16.87747751346964,-69.349578383386,-0.8696565581313492,0.949956279098749,0.7950629895122496,0.21794404434574674,-0.1647836601548328,0.4714939343012353,1.513553639152627,0.5449401721314568,-0.2659267568377106,nm
9.76521897315979,36.915399075131525,-15.317188491179454,-66.30725578436892,-0.7095842365698065,0.8510915851075735,-0.11460167607880548,0.21498340921715406,0.284474417538306,0.544905592588175,1.1140018937099474,0.6512032442381248,-0.2659267568377106,nm
9.776981353759766,36.37339582428842,-15.536614646883,-64.66171380271757,0.5546391106715287,-0.7758178628946989,-0.47719174525429203,-0.08518363381705808,0.06581353780338173,0.29186060397228014,1.0664097998479942,0.3110792268531281,-0.2659267568377106,nm
9.781638860702515,35.97979405035025,-15.548824570856953,-63.29382645213303,0.38100040486995296,-1.4414025952514296,0.9886368926270295,-0.03711380686340507,0.05595361068398699,0.24406336532964587,1.7889118635561265,0.25313073204275593,-0.2659267568377106,nm
9.789588928222656,34.75834257138904,-14.88368506360168,-63.17239925952322,0.764409252233397,-0.7426929864620908,-0.9236631244852443,0.01306126804900884,0.25939018559249205,0.14540020894395866,1.4103432009882717,0.2976492665297571,-0.2659267568377106,nm
9.790240049362183,34.75834257138904,-14.88368506360168,-63.17239925952322,0.764409252233397,-0.7426929864620908,-0.9236631244852443,0.01306126804900884,0.25939018559249205,0.14540020894395866,1.4103432009882717,0.2976492665297571,-0.2659267568377106,nm
9.811682939529419,33.34312554241261,-17.898008088674715,-67.59721945926793,-0.7218023642019501,-0.22147382146775133,1.1779203681862742,-0.4377119495262863,0.010468835445688584,-0.4310786080360314,1.3991231898411025,0.6144347919673604,-0.32196450014976463,nm
9.819848537445068,31.10032812420931,-18.54612919536133,-69.26586285340426,-0.4401795702262703,0.410315515088329,-0.44276608831692854,-0.27806982533688906,0.33981789627104775,-0.28732813173714616,0.7471001839982767,0.5247442097598861,-0.32196450014976463,nm
9.83215880393982,28.780532726488715,-18.97162205179879,-70.01531373486566,-0.5359559802517102,1.3328482135254862,-0.5215499367708791,-0.23371657959791875,0.3730967288911192,-0.11197999550079049,1.5283152520377985,0.4542731866185376,-0.32196450014976463,nm
9.83265495300293,28.780532726488715,-18.97162205179879,-70.01531373486566,-0.5359559802517102,1.3328482135254862,-0.5215499367708791,-0.23371657959791875,0.3730967288911192,-0.11197999550079049,1.5283152520377985,0.4542731866185376,-0.32196450014976463,nm
9.868773221969604,22.782848404784623,-19.759828281330574,-69.3439270651126,-0.08824089058467006,0.2026444168112095,0.17587603488075548,-0.16604474464027008,0.5570287955658084,0.1523302935314686,0.2824598981825697,0.6008797339231297,-0.36959658196501055,nm
9.875248432159424,19.75602156469484,-18.393724284636473,-67.82364291861572,0.12618952537116157,0.47855281413333883,0.2898184139519682,0.045062814272226935,0.6209386116542894,0.2732673323087238,0.5735253309959129,0.6799047371363257,-0.36959658196501055,nm
9.878194093704224,16.71779393886416,-17.912514103439356,-67.20192905629001,0.3983984983359359,-0.1091650391302699,0.33071839531076047,-0.13346453471746278,0.5600599666451697,0.09649770121718772,0.5291625707110873,0.5837737186668641,-0.36959658196501055,nm
9.879903078079224,14.012237911892742,-17.996336810549458,-67.51463781092464,0.6279576992307039,-0.783227028600592,0.5525971985050572,-0.21677738703436736,0.45875288960471744,-0.08249820418854478,1.1459228220736637,0.5140550582811736,-0.36959658196501055,nm
9.880633354187012,14.012237911892742,-17.996336810549458,-67.51463781092464,0.6279576992307039,-0.783227028600592,0.5525971985050572,-0.21677738703436736,0.45875288960471744,-0.08249820418854478,1.1459228220736637,0.5140550582811736,-0.36959658196501055,nm
9.893784761428833,9.386652808161035,-18.517983086979118,-70.09013870988495,0.2746842492022244,-0.032575994326624544,-0.3707190819393288,-0.2967668052269727,0.33597111662519524,-0.3265749489346592,0.46254218173059286,0.5546154750479649,-0.22431328617717872,nm
9.917173862457275,7.408837524661357,-20.457643668860815,-71.80214463191147,-0.05041130629119688,0.10852327775464832,0.3185664566051265,-0.4954828981293909,0.21736985940822226,-0.3539914238169716,0.3402986760046876,0.64657782691167,-0.22431328617717872,nm
9.925379991531372,2.8331694209032205,-21.96588732211915,-72.74862950299537,-0.28857039822245445,0.8998321432421009,-0.19090446588507068,-0.1951992650930775,0.4216785395719654,-0.10145304423784941,0.964061863075603,0.4756135658426388,-0.22431328617717872,nm
9.94538950920105,-2.4768958929130975,-21.719652939897806,-71.1407734613364,0.16432884006279058,0.22446404339292164,-0.07407392300480693,-0.07757699942016563,0.4702543901056795,0.12919338306277167,0.2878802190530007,0.49380999633452644,0.2,nm
9.951116800308228,-4.919474301625871,-20.460037411262544,-70.19839571016601,0.31009115908232243,0.1802506959305111,-0.05649377592623718,0.08067802818515209,0.5024546813214841,0.12321236704921973,0.36309556186058745,0.5235942497846877,0.2,nm
9.973920345306396,-7.059887349635549,-19.666222697162876,-69.7150916520792,0.31899359045059544,-0.014842295416424317,0.005824910751422572,0.004436231308787219,0.42145075454192926,0.05192853716393198,0.3193918190358868,0.4246610314405743,0.2,nm
9.981601476669312,-8.591523933791361,-19.790047378404093,-69.76467674182601,0.517814593839099,-0.32378844680882285,0.36970417987892795,-0.13126709894855904,0.2515942705798354,-0.03232432185824474,0.7138992173266278,0.2856144079673951,0.2,nm
9.983370542526245,-9.699649112149773,-20.149774614879654,-70.34574845864236,0.48047324512162903,-0.3746608010727628,0.08622821188387655,-0.1476103067132515,0.1608618161049471,-0.13796374714829707,0.6153540116574232,0.2582621188942762,0.2,nm
9.991335153579712,-10.290021953646306,-20.969032378351326,-71.21283965426446,0.23590572018731726,-0.20805490713121028,-0.5613974232975468,-0.20062109040015955,0.0401162545951166,-0.170505385004465,0.6435102330838246,0.2663272838287697,0.2,nm
10.001649618148804,-10.172574927493004,-22.545885094840887,-71.85766717074077,0.34267584615478863,0.16825726806421964,-0.2623549144144763,-0.30221675331746295,-0.13104078779061432,-0.09204390162714685,0.46321414584591675,0.34202154007793273,0.2,nm
10.031633377075195,-8.944906996187463,-24.230116354473854,-71.68588740183978,0.23060732757749228,0.7086709283866568,-0.34639436760533987,-0.031846904539088436,-0.16715353970538652,0.10205170291973366,0.8218170612621414,0.19841643387980648,0.25984380849308025,nm
10.03849196434021,-7.698665076641988,-24.058566511705397,-71.09135134503565,0.2762840955791912,0.6535471470994838,-0.4747714838203639,0.09593904814539755,-0.2159066696537606,0.2375943612063349,0.8537357534980459,0.3350687562830491,0.25984380849308025,nm
10.048863649368286,-3.888738788742267,-22.795950577569467,-69.44465304821956,0.38804415935757397,0.11222476825543232,-0.16050261402593682,0.27866312116944997,-0.3255648222951265,0.3544130579013837,0.4346651094011004,0.5561062886058442,0.31071104571219843,nm
10.055793523788452,-1.1637937360688935,-22.240018221217863,-68.90331319498262,0.4021412882393768,0.027887379130491892,0.11877020473883602,0.27462942023277476,-0.44351319665673794,0.3426884483924095,0.42024003040559854,0.6241479365724647,0.31071104571219843,nm
10.076529264450073,1.8467130099945588,-22.39290821274758,-68.68153592808484,0.34630523339054237,-0.19240415425900248,0.4689995108241564,0.16528737065618143,-0.5428244395803296,0.27932097256186694,0.6139276947679572,0.6324543404998024,0.31071104571219843,nm
10.077288389205933,1.8467130099945588,-22.39290821274758,-68.68153592808484,0.34630523339054237,-0.19240415425900248,0.4689995108241564,0.16528737065618143,-0.5428244395803296,0.27932097256186694,0.6139276947679572,0.6324543404998024,0.31071104571219843,nm
10.0836820602417,5.030460230329746,-22.861537613614622,-68.81929587108897,0.21424365046338567,-0.2846551189291056,0.45902994391401186,0.11847200037471689,-0.5943242857795257,0.21474413683852311,0.5810657173729332,0.6429401339523397,0.31071104571219843,nm
10.08567500114441,8.295254711487274,-23.454175106154246,-69.03992160432982,0.07286393989718165,-0.047382974405937826,0.17669762326290087,0.09921328239259752,-0.6153783391225823,0.17900171534496884,0.19691711471492748,0.6485178407421206,0.31071104571219843,nm
10.109219074249268,14.378613106206958,-25.27287258020992,-69.51477974085968,-0.2577762498337738,0.39263007177863635,0.04315621989201947,0.015623003243663084,-0.5799073355866373,0.19091412125810808,0.4716666487665092,0.6107248134743666,0.3539481973484489,nm
10.116655349731445,16.987798113532733,-25.634147520505742,-69.38338385647164,-0.32152327183187135,0.617486457261803,-0.02846314585465025,0.09216667075670644,-0.4794231168678448,0.24634066822862777,0.696761716731873,0.5468317337252668,0.3539481973484489,nm
10.130024671554565,19.256454331051685,-25.566230883491414,-69.05084302051645,-0.2323066003779929,0.6082748790466354,-0.12078093090090304,0.15232699420968604,-0.3907703193571857,0.28751296293849826,0.6622331298928408,0.508496469518864,0.3539481973484489,nm
10.134527206420898,21.32980428927527,-25.296266809855258,-68.62765316194523,-0.028754189775753877,0.354949778650958,-0.01760948139388906,0.1803189670119581,-0.3428875889516853,0.299712802256406,0.3565476723090278,0.4898107719903137,0.3539481973484489,nm
10.135132551193237,21.32980428927527,-25.296266809855258,-68.62765316194523,-0.028754189775753877,0.354949778650958,-0.01760948139388906,0.1803189670119581,-0.3428875889516853,0.299712802256406,0.3565476723090278,0.4898107719903137,0.3539481973484489,nm
10.142577409744263,23.267523219417683,-24.833706063220127,-68.2902584964725,0.1402690945926142,0.04316019862220164,0.0747660757007818,0.2099744901884486,-0.30588049044376453,0.2871403658563986,0.1647063681787522,0.46915003002042244,0.3539481973484489,nm
10.1503586769104,25.285801991478703,-24.420669342352863,-68.11658448549454,0.250918953808647,-0.13862694539613007,0.14952679864293048,0.20835455211159767,-0.32329596728808047,0.2542571852538353,0.32332029766578374,0.46106248828500807,0.3539481973484489,nm
10.160321235656738,27.429021810308257,-24.394396102910562,-68.22858475347839,0.2756853065267442,-0.22424143963775264,0.36165788634755325,0.14581993819856612,-0.37342586301164865,0.1895983232309765,0.5070335671757211,0.44346122007930533,0.3539481973484489,nm
10.170025110244751,29.496434981761457,-24.674097443938237,-68.65815986929152,0.2528814586956886,-0.2235847259045372,0.3060365871316683,0.08207063404464837,-0.38332131675706216,0.12770621260920229,0.45562874631992384,0.4122859415403894,0.3539481973484489,nm
10.17091703414917,29.496434981761457,-24.674097443938237,-68.65815986929152,0.2528814586956886,-0.2235847259045372,0.3060365871316683,0.08207063404464837,-0.38332131675706216,0.12770621260920229,0.45562874631992384,0.4122859415403894,0.3539481973484489,nm
10.181071758270264,31.547456918261148,-25.118901175411093,-69.23981734127466,0.19986982259863723,-0.028132804548692592,0.05606073427750573,0.046523031873714274,-0.39208214731662006,0.11090960129440014,0.20948080247392303,0.41011430406463173,0.3539481973484489,nm
10.199197053909302,35.8145594955459,-26.320737815965007,-70.28609016399729,-0.07706217730952224,0.5066455404202835,-0.031844001082486154,0.014633797139691561,-0.4114856402810811,0.1531649567790624,0.5134611214146468,0.43931091969286284,0.3906997762392618,nm
10.21561050415039,37.76998724882404,-26.57890139802046,-70.40520533768908,-0.10270352554954919,0.5930812376986363,-0.12750761421136678,0.06613711163606514,-0.36001699525259034,0.20648605658961502,0.6152654389386162,0.4202652090908724,0.3906997762392618,nm
10.22258996963501,39.64126762226735,-26.48012764826978,-70.2707218229343,-0.06433666130803212,0.5518883564470033,-0.10739772749100142,0.12884872416376278,-0.3216569036809281,0.24939092915643685,0.5659100951920459,0.4269203590246572,0.3906997762392618,nm
10.233991384506226,41.45320557396456,-26.18369998179724,-70.14886519188232,0.04582838081965775,0.2603901052264659,-0.0581203404231383,0.1637349939215786,-0.2985386110778981,0.2461319433192284,0.270705044946161,0.4201373395223516,0.3906997762392618,nm
10.236303567886353,43.3417115301607,-25.777072852329262,-70.13879722733854,0.11436306933214326,-0.02274735430218589,0.08762655999501165,0.1900843826766061,-0.3047684038762709,0.23564380933570167,0.14585872538650937,0.4295856811127167,0.3906997762392618,nm
10.277539014816284,46.99539136643567,-25.28056748070524,-70.66457740851317,0.18057884203267577,-0.2793750519490822,0.15716814429698342,0.12989477634940427,-0.3060991456948175,0.13846310464148306,0.36791434250810584,0.36019629546251186,0.42193861829645274,nm
10.278335571289062,46.99539136643567,-25.28056748070524,-70.66457740851317,0.18057884203267577,-0.2793750519490822,0.15716814429698342,0.12989477634940427,-0.3060991456948175,0.13846310464148306,0.36791434250810584,0.36019629546251186,0.42193861829645274,nm
10.281034708023071,48.71571160597296,-25.46128460758242,-71.1387497767759,0.10852204175332185,-0.19105504926014708,0.15442123488884701,0.06682224787386401,-0.31792161854462625,0.09694519193286275,0.26856094872245184,0.33902468728375895,0.42193861829645274,nm
10.28243374824524,50.298370778048906,-25.843160503499117,-71.5677334940576,0.09298811925435803,0.015305707650543439,-0.03072332772842809,0.0184463570419313,-0.30695918223560487,0.08815792739059251,0.09912102640638369,0.3199000278347513,0.42193861829645274,nm
10.284826517105103,51.86414482823648,-26.32314283082181,-71.97817678528395,-0.012224178856914918,0.33460845177763576,-0.12261680400983538,-0.003619700337396539,-0.3093170677608123,0.11047960971428118,0.3565769582787685,0.32847510529916785,0.42193861829645274,nm
10.303271293640137,54.509882191570455,-26.861052614413424,-71.95228581276778,-0.04221980489486777,0.5063350827373487,-0.16740840817047345,0.042273242608591916,-0.22353961201107564,0.16428714367518552,0.5349610294798774,0.28061940552224496,0.4484916340450651,nm
10.328868865966797,55.67374584033398,-26.675853722230872,-71.68657765562992,0.013696652496894657,0.39334271938311893,-0.10185172700672075,0.10110668388226544,-0.1979726710316734,0.19272243301964165,0.40654626732461746,0.294206859522503,0.4484916340450651,nm
10.335909366607666,56.816697512040946,-26.287524805089614,-71.47272975792367,0.0883319955656973,0.14569007800471745,-0.005967280485613669,0.13977031836798198,-0.18157825808632613,0.17704474595643344,0.17048093355572935,0.289570799248007,0.4484916340450651,nm
10.338098287582397,58.02219927598982,-25.84151408987269,-71.22184532025389,0.18404053621816566,-0.11325991799207084,0.0729525846336342,0.15581611264199402,-0.18829978787005738,0.14790097046822534,0.22808070413730339,0.28567493438559505,0.4484916340450651,nm
10.340318441390991,59.244046027475854,-25.478536202137292,-71.12638842690527,0.15580141813187612,-0.21010859449604266,0.18760720645561785,0.14205912301153586,-0.19656712785074956,0.11655894649485152,0.32189465246736704,0.2690825490259249,0.4484916340450651,nm
10.372971534729004,61.373417142081216,-25.502772352570112,-71.58177867039473,0.17011768792010754,-0.04317814771698937,0.00048653225668685355,0.03361421817995674,-0.20554270764759958,0.049803424985869836,0.17551244086158124,0.214145047739329,0.47106169743138554,nm
10.373637914657593,61.373417142081216,-25.502772352570112,-71.58177867039473,0.17011768792010754,-0.04317814771698937,0.00048653225668685355,0.03361421817995674,-0.20554270764759958,0.049803424985869836,0.17551244086158124,0.214145047739329,0.47106169743138554,nm
10.380651950836182,62.4108001518141,-25.851827924032186,-71.68262208720091,0.031171072321305504,0.1991568167827724,-0.024122654185420377,-0.0046669968973863845,-0.2108687861851216,0.061335691375175166,0.2030196440388373,0.21965767203468553,0.47106169743138554,nm
10.38111925125122,62.4108001518141,-25.851827924032186,-71.68262208720091,0.031171072321305504,0.1991568167827724,-0.024122654185420377,-0.0046669968973863845,-0.2108687861851216,0.061335691375175166,0.2030196440388373,0.21965767203468553,0.47106169743138554,nm
10.384386777877808,63.303522120235506,-26.21309823488507,-71.60268454321822,0.021164605550397068,0.40398081582009,-0.15279581452323437,-0.015173442813582492,-0.18639410253050873,0.08603839751921057,0.4324291861271484,0.20585334748952847,0.47106169743138554,nm
10.384915113449097,63.303522120235506,-26.21309823488507,-71.60268454321822,0.021164605550397068,0.40398081582009,-0.15279581452323437,-0.015173442813582492,-0.18639410253050873,0.08603839751921057,0.4324291861271484,0.20585334748952847,0.47106169743138554,nm
10.388608455657959,64.20440056835804,-26.43893435682654,-71.34240806819528,-0.017016196409220335,0.49572997775070377,-0.12463815166490298,0.011653477535201148,-0.17879252494507952,0.12372612898225809,0.5114415222011152,0.2177400411220561,0.47106169743138554,nm
10.411037683486938,65.81932189580243,-26.087848031044935,-70.4845952146027,0.12724373101429057,0.24777250702691592,-0.05399867547158237,0.10966697684379571,-0.12483682137291013,0.15204601709649454,0.28372176383479203,0.2252311459267057,0.49024625130975796,nm
10.42346453666687,66.7542407636009,-25.629840048099144,-70.13928707369674,0.12923341017784762,0.05195878744675891,0.08763271858245673,0.14698935460003013,-0.13847078045840416,0.142218130598758,0.1645614877949435,0.24699397579191754,0.49024625130975796,nm
10.430798768997192,67.62722990027474,-25.16972806568351,-69.9664264093127,0.1814210781045889,-0.12242894745923208,0.10991176776098699,0.1445459440177603,-0.12761408950672506,0.1009287436733739,0.2449143757498769,0.21763615754764082,0.49024625130975796,nm
10.441523551940918,68.51738291224643,-24.857129983862325,-69.92451534523812,0.2698533321917504,-0.15804380497031076,0.025277254750177926,0.11842898420792809,-0.14075953179161005,0.07504095941939112,0.3137476769510656,0.19867011773615495,0.49024625130975796,nm
10.442025899887085,68.51738291224643,-24.857129983862325,-69.92451534523812,0.2698533321917504,-0.15804380497031076,0.025277254750177926,0.11842898420792809,-0.14075953179161005,0.07504095941939112,0.3137476769510656,0.19867011773615495,0.49024625130975796,nm
10.445531129837036,69.53520464160064,-24.799001793011524,-69.9613366893787,0.15114837780950788,-0.017843780482776996,0.07430571826652435,0.07880734831492434,-0.18016330954893783,0.06948804246926893,0.1693681563443003,0.2085617517721481,0.49024625130975796,nm
10.455395936965942,70.62659811751429,-24.862092134905915,-70.07532877074884,0.09702366307107971,0.1472260934714576,-0.022381278777695912,0.027353572273770273,-0.17931315745152676,0.060040205316676934,0.17773585860574592,0.19106609486206894,0.49024625130975796,nm
10.481406927108765,72.40890111553574,-25.414571767926365,-69.6862351645363,-0.07563700604340069,0.4386966566416054,-0.03578725821394332,0.01285050686558856,-0.17626395913204954,0.12576487097197783,0.44660546468018447,0.21691224397485173,0.5065531221063745,nm
10.489624738693237,73.14819188471037,-25.467384673091416,-69.24893579100309,0.0716359673298594,0.41687161525866584,-0.12143431409810407,0.04233292978300192,-0.1390359686153057,0.14262503813506225,0.44006811752742414,0.2036295141079426,0.5065531221063745,nm
10.497556447982788,74.27511039770202,-25.03111450449642,-68.8866723714337,0.09871487243517243,0.28011116535523856,-0.04438757121211124,0.09677633532611132,-0.14754983118065604,0.15990803874302384,0.3002951006504642,0.23813272058923876,0.5065531221063745,nm
10.508960723876953,75.38753449680259,-24.587403456957745,-68.5413319452033,0.1020945728532468,0.10387723048639178,0.051392746012272006,0.14007976076356976,-0.14458695635676766,0.15395913218013274,0.15445062370314916,0.25343863499031155,0.5065531221063745,nm
10.509804487228394,75.38753449680259,-24.587403456957745,-68.5413319452033,0.1020945728532468,0.10387723048639178,0.051392746012272006,0.14007976076356976,-0.14458695635676766,0.15395913218013274,0.15445062370314916,0.25343863499031155,0.5065531221063745,nm
10.511879444122314,76.4790491169092,-24.22125140319287,-68.31512818004599,0.15780963266788683,-0.03539398402796613,0.05919227326683448,0.15463888334814557,-0.13478528461226613,0.12716086427640796,0.17222177412464693,0.24135066313290712,0.5065531221063745,nm
10.532830476760864,78.43150487087678,-23.88072052221457,-68.18413378023817,0.20355731153337384,-0.03575327606098214,-0.0351008462624688,0.09801028722251807,-0.12456189231502712,0.07219018095717666,0.20963288204890299,0.17416401363419143,0.5204139622834986,nm
10.546266794204712,79.53131996615257,-23.83812944735554,-68.19538866477016,0.12973786416451982,0.12118399619477918,-0.06184714275102153,0.06198838221155575,-0.16237972127302153,0.0780860350895121,0.18799612601905627,0.190544384031413,0.5204139622834986,nm
10.554070234298706,80.49193252455272,-23.766935151189067,-68.09758875018022,-0.05692143843124887,0.23870911544352652,-0.04816296420839356,0.031113282763129302,-0.18035887032991751,0.08819282014252801,0.25008351219193226,0.20316331360675022,0.5204139622834986,nm
10.559441328048706,81.3170571528892,-23.63097039859552,-67.84672069513908,-0.06497621174456678,0.3153638437011359,-0.0738541461324783,0.016276586354208696,-0.15436347720212065,0.10758852819247289,0.33034935584557557,0.18886053519964982,0.5204139622834986,nm
10.583094120025635,82.96045164238225,-23.059030556377596,-66.9651574619563,0.1091868266791149,0.26594187393929325,-0.06146545650852842,0.07030841497291225,-0.10842843773087092,0.1509943121177246,0.2939810296233412,0.19874426184588428,0.532195676434054,nm
10.583869934082031,82.96045164238225,-23.059030556377596,-66.9651574619563,0.1091868266791149,0.26594187393929325,-0.06146545650852842,0.07030841497291225,-0.10842843773087092,0.1509943121177246,0.2939810296233412,0.19874426184588428,0.532195676434054,nm
10.60149598121643,83.97769468317446,-22.711928961278105,-66.59650952096058,0.1303982506879443,0.12049743067971744,0.007388709406779662,0.11906057011296875,-0.1251276743050005,0.14440910378702013,0.17770179405280948,0.2251362775946466,0.532195676434054,nm
10.604292392730713,84.96302643845175,-22.358234861041925,-66.29049548457607,0.0922074636370483,-0.011291879001071625,0.07318037077351855,0.14788897783462507,-0.12786431516438024,0.12838581073361685,0.11825857071816011,0.23388747135140495,0.532195676434054,nm
10.604861974716187,84.96302643845175,-22.358234861041925,-66.29049548457607,0.0922074636370483,-0.011291879001071625,0.07318037077351855,0.14788897783462507,-0.12786431516438024,0.12838581073361685,0.11825857071816011,0.23388747135140495,0.532195676434054,nm
10.611797094345093,85.860212232383,-22.02653523276645,-66.04397579695622,0.10629222250965634,-0.0411802553802222,0.0616982234111148,0.14453644203449206,-0.11111437540538853,0.10875520467348994,0.12961682287153334,0.21228490770964475,0.532195676434054,nm
10.612301349639893,85.860212232383,-22.02653523276645,-66.04397579695622,0.10629222250965634,-0.0411802553802222,0.0616982234111148,0.14453644203449206,-0.11111437540538853,0.10875520467348994,0.12961682287153334,0.21228490770964475,0.532195676434054,nm
10.617323160171509,86.76619367819593,-21.787622564666428,-65.90678226518381,0.16427758759914074,0.007581209815705074,-0.01724911236399691,0.11862196196758162,-0.1052948182349696,0.08671392740944818,0.1653545657277382,0.1807691174259163,0.532195676434054,nm
10.617917537689209,86.76619367819593,-21.787622564666428,-65.90678226518381,0.16427758759914074,0.007581209815705074,-0.01724911236399691,0.11862196196758162,-0.1052948182349696,0.08671392740944818,0.1653545657277382,0.1807691174259163,0.532195676434054,nm
10.626433849334717,87.78559363990504,-21.637787644229764,-65.8222307263658,0.14045623010273173,0.09264558538534698,-0.06192327596294694,0.09149991409408796,-0.13564948290950346,0.08388098856403053,0.1792920778284652,0.18387233814611748,0.532195676434054,nm
10.642064809799194,88.77722018431129,-21.512774619969274,-65.64585332998735,0.012385787134238381,0.17013255307058625,-0.0609486242492664,0.0672907239950266,-0.16304416596774537,0.0995590774770356,0.18114421916011778,0.20254246838619036,0.532195676434054,nm
10.655518293380737,90.49054003882627,-21.18487102417408,-64.92742341833753,-0.007355489918240562,0.22574736346357482,-0.07963956301449392,0.05253891487900134,-0.1329591747577888,0.13395796060431822,0.2394962115354484,0.1959163467865896,0.5422101334620261,nm
10.670419931411743,91.34722108186011,-20.94462884494716,-64.45004664547845,0.0625687326439478,0.178204868387382,-0.04785283960212656,0.07976550788496395,-0.11731257931461175,0.14868210744233942,0.19483766494089588,0.20550218146552285,0.5422101334620261,nm
10.684476137161255,92.23484355914943,-20.625453783263733,-63.98756705972631,0.08945593088935792,0.09350056950392888,-0.011798491477698235,0.11773289772974903,-0.10927918640126028,0.14728190110326864,0.12993815632827002,0.21793332508122282,0.5422101334620261,nm
10.684973955154419,92.23484355914943,-20.625453783263733,-63.98756705972631,0.08945593088935792,0.09350056950392888,-0.011798491477698235,0.11773289772974903,-0.10927918640126028,0.14728190110326864,0.12993815632827002,0.21793332508122282,0.5422101334620261,nm
10.691847085952759,93.14743750030641,-20.259831149089294,-63.626553714337106,0.1159049502872265,0.019839123196304202,0.01904719501204558,0.14713571493233224,-0.10183253269993855,0.12787646253937004,0.1191232300943417,0.2199344743243212,0.5422101334620261,nm
10.693490743637085,93.97774627705977,-19.87622495306285,-63.334450598039794,0.09498820469648599,-0.02666785044061092,0.001632605494232746,0.15393303542834888,-0.0907579335720409,0.10732648284092665,0.09867420473094331,0.20844988803416525,0.5422101334620261,nm
10.714012622833252,95.73999608804667,-19.194533211473363,-62.89342756645283,0.08062520022311537,0.09467848290388031,-0.06352628162122076,0.12103975705588006,-0.10729928558350846,0.09401955740970995,0.13964249529644066,0.18709205394777062,0.5507224219358023,nm
10.7147057056427,95.73999608804667,-19.194533211473363,-62.89342756645283,0.08062520022311537,0.09467848290388031,-0.06352628162122076,0.12103975705588006,-0.10729928558350846,0.09401955740970995,0.13964249529644066,0.18709205394777062,0.5507224219358023,nm
10.722066164016724,96.60686012428425,-18.920477178143134,-62.65490398881046,0.02784516440881204,0.15352652862677893,-0.08576170738969685,0.09694568529606866,-0.12005008409752972,0.09601616089617919,0.17804723706797285,0.18174045158574167,0.5507224219358023,nm
10.73953914642334,97.40907751605667,-18.698415916138558,-62.32750840904444,-0.0017254146187495145,0.16840108652889066,-0.08217584548037489,0.07957099408274108,-0.1205710306049488,0.10892985866546252,0.1873893609043266,0.18092714177074914,0.5507224219358023,nm
10.745113611221313,98.20742771379548,-18.470384856143713,-61.899207724505175,0.027595442614069224,0.18520209778358376,-0.08090357065885412,0.0773859112186142,-0.1116710080468488,0.12835547283498586,0.2039772370188858,0.18690671657280644,0.5507224219358023,nm
10.761879444122314,99.56074344449678,-17.9022468152726,-60.96530479712983,0.09841172783915066,0.042536272449991384,-0.03272869221537233,0.10869088199912824,-0.062376680943938854,0.12122909983506852,0.11209536094038651,0.17435897683271537,0.5579578671385123,nm
10.776905298233032,100.29776369593722,-17.527960116293183,-60.59123745281402,0.15315930302196984,0.06119177935222625,-0.06934104104817669,0.13298443679144847,-0.05336149362361379,0.11188702892749172,0.17891446541884767,0.18179938578747482,0.5579578671385123,nm
10.777563571929932,100.29776369593722,-17.527960116293183,-60.59123745281402,0.15315930302196984,0.06119177935222625,-0.06934104104817669,0.13298443679144847,-0.05336149362361379,0.11188702892749172,0.17891446541884767,0.18179938578747482,0.5579578671385123,nm
10.790616273880005,101.05461393775087,-17.075007501263215,-60.27286041911572,0.09728015746949992,0.0341829105615546,-0.06040442724749961,0.1534766845795249,-0.06254017534596078,0.10086425086506372,0.11950144452201578,0.1940102145362378,0.5579578671385123,nm
10.793748378753662,101.64029205122809,-16.598988812473976,-59.98110836374447,0.01901527472087322,-0.008539808223846342,-0.056718231358151246,0.14473713158557788,-0.049190276027363464,0.08431952762630678,0.06042736768722534,0.17458036331269508,0.5579578671385123,nm
10.797555685043335,102.01813015982385,-16.208127636757805,-59.65450849211483,0.08075881114987653,0.10363451188770155,-0.11075730742125456,0.11511658663394791,-0.027657817436490206,0.07865983395468604,0.17184085305814176,0.14214131300005722,0.5579578671385123,nm
10.82964277267456,102.9612144696889,-15.614004614512,-58.929101728125076,-0.0038087958369503127,0.11003534315396793,-0.06931703941894692,0.09179078455155952,-0.06124621355163056,0.09520614458922781,0.13010432591788365,0.14574243297868916,0.5844667183609602,nm
10.832859516143799,103.37478812820999,-15.340994764057978,-58.50864437689053,0.016639232866903917,0.09385959583065116,-0.045592377706222716,0.07752638705980625,-0.03983495366096072,0.09819805264960564,0.10566528618614118,0.1313012633903136,0.5844667183609602,nm
10.840343713760376,103.83701891847475,-15.034422249737332,-58.10610382168631,0.10800504114685255,0.1221441157389908,-0.05986322479820599,0.08168439130989588,-0.022194730524911256,0.09684728100187645,0.17368903133483657,0.12862480975378754,0.5844667183609602,nm
10.850042343139648,104.35681885596183,-14.661656548682373,-57.74504755516905,0.12041603161209467,0.06221906895027125,-0.04451714242751634,0.10905770269698405,-0.023852807867831522,0.09100780361065648,0.14266397295798042,0.1440311052473016,0.5844667183609602,nm
10.871201753616333,105.2975777034754,-13.578689522497317,-57.09188758528152,0.07487720488261007,0.08138698302585448,-0.06359498103280815,0.13968710684943397,0.004179743747516603,0.07541954451903159,0.12757256142935408,0.15880197030647408,0.606999241900041,nm
10.889541387557983,105.68034358880426,-12.946404877326204,-56.81206000659245,0.06198814856585428,0.08608056796465186,-0.09268191439067737,0.13714972355805563,0.018692204977506222,0.0655727705820569,0.14086281268972417,0.15316407359684336,0.606999241900041,nm
10.89171576499939,106.12365298680547,-12.340145790995955,-56.52604514495055,0.08088220801276678,0.1184202842240148,-0.11088349835935382,0.1310086731488945,0.011599761751509209,0.06864945405149882,0.18127450316336755,0.14835961193833885,0.606999241900041,nm
10.900967359542847,106.50915679097538,-11.813020379866067,-56.18862962053911,-0.015652835811352534,0.06412020283783249,-0.09112362633734654,0.12292650011939175,-0.007277772972366955,0.07551078865120468,0.1125163408477644,0.14444988616737306,0.606999241900041,nm
10.90192174911499,106.50915679097538,-11.813020379866067,-56.18862962053911,-0.015652835811352534,0.06412020283783249,-0.09112362633734654,0.12292650011939175,-0.007277772972366955,0.07551078865120468,0.1125163408477644,0.14444988616737306,0.606999241900041,nm
10.904463291168213,106.86794395991427,-11.364054841789603,-55.853227476561266,0.04199183176953312,0.09765770793944371,-0.08496667871926576,0.10168318912038767,-0.0003958632421536232,0.07342229185286682,0.13608702490659932,0.12542113298135432,0.606999241900041,nm
10.928769588470459,107.61647993825765,-10.63373369040181,-55.19484703838342,0.0691825102346838,0.034332965263304746,-0.06017320216184293,0.10333523053735218,-0.007104448669441999,0.07354528509664898,0.09790702980150832,0.1270336649123052,0.6261518869082596,nm
10.929449081420898,107.61647993825765,-10.63373369040181,-55.19484703838342,0.0691825102346838,0.034332965263304746,-0.06017320216184293,0.10333523053735218,-0.007104448669441999,0.07354528509664898,0.09790702980150832,0.1270336649123052,0.6261518869082596,nm
10.94269609451294,108.0241225537583,-10.185282339030287,-54.90840952129755,0.10108025182524469,0.0563395295837382,-0.06685070126268355,0.1149230364019091,0.005790555750188848,0.06398944808738431,0.13364271832795213,0.13166428634317895,0.6261518869082596,nm
10.949732303619385,108.40888913056516,-9.62952348834186,-54.6901402678717,0.09316246034290547,0.04678363028316052,-0.09236007658067308,0.13279500635690733,0.02174540893659508,0.048843832880601214,0.13927790860578962,0.14315410065247489,0.6261518869082596,nm
10.951406002044678,108.76097241799776,-8.963937613799462,-54.468056333062904,0.07808628635266424,0.03948014773109559,-0.08401050269059174,0.14657066971282015,0.034855554161391925,0.04768437192273527,0.12130092639195024,0.1580242709257919,0.6261518869082596,nm
10.97183609008789,108.56959202260195,-7.4087102437328065,-53.95950022531421,0.02343716681987967,0.0687820061684442,-0.06535860989655812,0.10045703699610993,0.13010515897475167,0.03214986124902652,0.09773440053895675,0.16748905114130552,0.6424316351652455,nm
10.972602605819702,108.56959202260195,-7.4087102437328065,-53.95950022531421,0.02343716681987967,0.0687820061684442,-0.06535860989655812,0.10045703699610993,0.13010515897475167,0.03214986124902652,0.09773440053895675,0.16748905114130552,0.6424316351652455,nm
10.98708200454712,108.27647084321198,-6.685103058647858,-53.745402214337105,0.062099684399666295,0.03664614880636826,-0.061196541396784834,0.08139902916114991,0.14315008430954856,0.027114116766816198,0.09457445587369268,0.16689195281454747,0.6424316351652455,nm
10.994676351547241,108.02573907233867,-6.028088861365818,-53.52287888662573,0.023404777505690734,0.05206542584609904,-0.0407198649526543,0.07551454369609585,0.1224547206680227,0.03028535896688303,0.07011918125868932,0.14701975340499657,0.6424316351652455,nm
11.002518892288208,107.99370863143021,-5.438579304227834,-53.366266939287996,0.10480330770587885,0.10815783767462162,-0.04767369175544492,0.07710717815584671,0.09864075869332002,0.02202363622482854,0.157970351782023,0.12712417846859367,0.6424316351652455,nm
11.027538537979126,107.7552405981495,-4.316847953414587,-53.12820445355617,-0.1062170409018675,-0.039687775324270154,0.013545390041780845,0.08274765124435322,0.08931709984446912,0.012689970340052857,0.11419569553850405,0.12241631205977166,0.6562694211836835,nm
11.037293195724487,107.41054178433174,-3.6348878892447662,-53.04174877906465,0.06991096637727703,0.0921782494708757,-0.04815971693199991,0.05731782397718066,0.15250130368318116,0.003511391528983531,0.12531452920667308,0.16295493377317155,0.6562694211836835,nm
11.039535760879517,107.48384753287975,-2.89107061631416,-53.0414225713278,0.19524657712387433,0.13916056355770465,-0.12257985704476597,0.09979696181683297,0.12216377035231081,-0.00799016910259274,0.26928184060831545,0.15794702648942327,0.6562694211836835,nm
11.047090291976929,107.6104613441448,-2.0975230719981712,-53.03298669934038,-0.0826257340204396,-0.022897991516275137,-0.06966420284329299,0.15844937190649483,0.055041380729805384,-0.006703060390938392,0.11047366697854881,0.167871045951381,0.6562694211836835,nm
11.055872678756714,107.43805937700557,-1.2462251731832827,-53.0154406160515,-0.07913839482415638,-0.0011945146069055747,-0.05587645111507278,0.12640143457739822,0.1110199122055564,-0.007072373136309309,0.09688390057024589,0.1683827842480725,0.6562694211836835,nm
11.068548440933228,106.93446052062667,-0.43698508806577957,-53.05452500484524,0.03798307636066532,0.06316512547734313,-0.12591664730872162,0.0793910249343585,0.17755608701520723,-0.01895811517981596,0.14590253334283687,0.1954188041296204,0.6562694211836835,nm
11.077247619628906,106.46564881963492,0.31346107050833943,-53.13954812355207,0.02810659488476393,0.021896847348702744,-0.12052566819291245,0.07420378833897495,0.16488908602178512,-0.026928024142913717,0.12568169832229614,0.18281064350085416,0.6562694211836835,nm
11.083199977874756,106.0588141211636,0.9810917911743084,-53.2234895754018,0.020597738653928988,0.01739448635352993,-0.09347835881930215,0.06543749410584311,0.14828118914075847,-0.025794303227498042,0.09728842973709106,0.164118014754145,0.6562694211836835,nm
11.09311318397522,105.58166160647413,1.5974213529643344,-53.365850008315306,0.016653783983788643,0.015176555171994342,-0.08036725519211248,0.048733093371624105,0.15459760167037323,-0.03639470498146847,0.08346599340438843,0.16613219851216965,0.6562694211836835,nm
11.120026350021362,104.18237051791233,2.8760017065698777,-53.83444411726517,0.0604922792062883,0.049581264204699,-0.08618947684106697,0.019832865837730244,0.2043714293251101,-0.05335848150670957,0.11638833069446664,0.21215124614394265,0.6680315392993558,nm
11.12076473236084,104.18237051791233,2.8760017065698777,-53.83444411726517,0.0604922792062883,0.049581264204699,-0.08618947684106697,0.019832865837730244,0.2043714293251101,-0.05335848150670957,0.11638833069446664,0.21215124614394265,0.6680315392993558,nm
11.125117063522339,103.67880808080432,3.577744061298536,-54.10917612698771,0.06353109416150884,0.05085677975899163,-0.0632749898458931,0.04903939024013254,0.17653193450677573,-0.05973521509440291,0.10308412250589787,0.1927088000538718,0.6680315392993558,nm
11.137944459915161,103.00601848012576,4.3152948700644425,-54.441414179243004,-0.23979297278214456,-0.08339215594929009,0.08088302508277133,0.050899701871395454,0.1949359142817585,-0.06795857777905213,0.2664525946882658,0.21262445442896147,0.6680315392993558,nm
11.144779920578003,101.74740897709273,5.1855330152546335,-54.844349929544045,0.009646680551266305,0.06994191396872125,-0.03830811715735632,-0.010167669596524449,0.3074681508213088,-0.07054902003505133,0.08032709141633303,0.31562194078106365,0.6680315392993558,nm
11.154990673065186,100.73881093879923,5.949132443551915,-55.26948779388972,0.25336706326087816,0.19728032169521104,-0.1706744224527926,0.01914970442269154,0.2518382021753423,-0.07668830329197292,0.3636538911564155,0.2639512968639985,0.6680315392993558,nm
11.156424045562744,100.73881093879923,5.949132443551915,-55.26948779388972,0.25336706326087816,0.19728032169521104,-0.1706744224527926,0.01914970442269154,0.2518382021753423,-0.07668830329197292,0.3636538911564155,0.2639512968639985,0.6680315392993558,nm
11.158605575561523,100.1940165048541,6.60394895209019,-55.65323532199284,-0.41696656806646487,-0.23824822202125295,0.1499587026882704,0.05530401973557425,0.16316247642074594,-0.07619238742914594,0.5031013284551763,0.18837677195667288,0.6680315392993558,nm
11.171171188354492,98.53865696903837,7.316086828396269,-56.14632795446403,-0.03932559354411871,0.050746565266176234,0.03769493749229272,-0.06715725827701273,0.34069178783131754,-0.0699327397540714,0.07444880460060706,0.3542196772124547,0.6680315392993558,nm
11.192009449005127,96.7242607916118,8.239130693062172,-57.26655418984272,-0.3321610166481639,-0.26061758338851604,0.08566922468361829,0.03877001139654596,0.09102194469320862,-0.10230006097554523,0.43080353040557157,0.14231447809348882,0.6780293396976772,nm
11.192702770233154,96.7242607916118,8.239130693062172,-57.26655418984272,-0.3321610166481639,-0.26061758338851604,0.08566922468361829,0.03877001139654596,0.09102194469320862,-0.10230006097554523,0.43080353040557157,0.14231447809348882,0.6780293396976772,nm
11.204603433609009,95.3776636951354,8.658427420695357,-57.764500630833865,-0.3752495432260286,-0.16026602742903984,0.24348271422746545,-0.06469994703559659,0.2691600628025504,-0.07208836978926633,0.47516444665694685,0.2860593568005701,0.6780293396976772,nm
11.215915441513062,93.06999040674195,9.147747751915215,-58.60347355186079,0.3207769706566006,0.27985734076700186,-0.19344340548172187,-0.15016801814611125,0.4384043878294285,-0.1087352880827655,0.46758779625773944,0.47599601239555434,0.6780293396976772,nm
11.218630313873291,91.76265462873795,9.572077713474101,-59.474617689178785,0.04754284587544254,-0.008687952357306879,-0.06567793077299237,-0.053079303657561826,0.2639093561924724,-0.14428345426654277,0.08154381215469937,0.3054231096983044,0.6780293396976772,nm
11.252012014389038,88.39672528003328,10.435744914999047,-60.83899251370796,0.030466111256987956,0.20281753670665317,0.026316240976276183,-0.12922949877346357,0.4170450900608485,-0.08612221528754452,0.20677447054701703,0.4450212427099812,0.5493249387430256,nm
11.254117250442505,86.43662450139537,10.751341827683936,-61.873636265364205,0.23861636906469538,0.15724014247837984,-0.1378957629014989,-0.12371723154060171,0.36706531784386903,-0.147958445870902,0.31729714057713554,0.4146499760622495,0.5493249387430256,nm
11.262024402618408,85.09259078434542,10.950230347296788,-62.65873866467412,-0.09577268110852921,-0.11768791573579805,0.10795586552091249,-0.08229463874355543,0.2505387520307469,-0.11960033146035708,0.18621847614380715,0.28956227848337507,0.5493249387430256,nm
11.26368260383606,83.34546934550715,11.098197598973258,-63.260365819263114,-0.3056244954246959,-0.09851012225705175,0.21775093616301142,-0.12462991579167057,0.3171951865828064,-0.06675161284050769,0.3879768634732838,0.3472768061911842,0.5493249387430256,nm
11.28043508529663,80.97824014953027,11.117739389527447,-64.22313161119563,-0.022062624264937655,0.06893505810597234,0.07897975057107244,-0.19769053312673257,0.41645280628972964,-0.11475486957128733,0.10712890658360336,0.4750612243120312,0.5493249387430256,nm
11.282105445861816,78.57567587113519,11.019051132570983,-65.34901219168009,0.07684814276775732,-0.009546241566231212,0.04009093851236282,-0.21494538363945642,0.4160194439679348,-0.14647807009774805,0.08720121057471913,0.4906419475818018,0.5493249387430256,nm
11.292151689529419,76.3424951674428,10.940734713461058,-66.14684550690379,-0.03128938637281088,0.010985048975233181,0.08448914179839263,-0.19102468891186142,0.3908382288222735,-0.08808015548279705,0.09076404619894494,0.4438502750620742,0.5493249387430256,nm
11.310800075531006,71.4707894234944,10.592657935641839,-67.95299382369903,-0.23382859471606982,-0.025513455248772667,0.2790082357219452,-0.2391110472623614,0.45320694021534064,-0.12710989283063093,0.36492786096199303,0.5279465393746502,0.4399261979315717,nm
11.336344242095947,65.46564289737057,10.122365950407408,-69.70347224985713,0.06624509120794048,0.15690147741354743,0.10912947614696973,-0.252826111340733,0.5435465975823486,-0.05750846744694148,0.20227636611283661,0.6022218612331507,0.4399261979315717,nm
11.343328475952148,62.505421122656884,9.734614554958826,-70.55279977728904,0.21729110747518476,0.18217075703249894,-0.060178963164658685,-0.27091598996265304,0.5182354058688065,-0.08137608522713753,0.2898674140243422,0.5904112776364838,0.4399261979315717,nm
11.355009078979492,59.73872450911003,9.217020870182674,-71.38240730185747,-0.06275763196913736,-0.08270733981910877,0.1576549490337375,-0.2761970163697479,0.4779718157086694,-0.08832529462035361,0.18876998539269318,0.5590556377796089,0.4399261979315717,nm
11.355561256408691,59.73872450911003,9.217020870182674,-71.38240730185747,-0.06275763196913736,-0.08270733981910877,0.1576549490337375,-0.2761970163697479,0.4779718157086694,-0.08832529462035361,0.18876998539269318,0.5590556377796089,0.4399261979315717,nm
11.358805179595947,56.906214716640406,8.737148044763964,-71.98466352005475,-0.2716211881681679,-0.12385300081935298,0.4565041371419737,-0.2679028055197523,0.4965421935321656,-0.045384861762688654,0.5454481303493338,0.5660263676193074,0.4399261979315717,nm
11.36739206314087,53.696372761780715,8.150155098804614,-72.64764615030452,0.05436032635039617,0.09768361482148297,0.2021011518904073,-0.30639562875666926,0.5645692072441786,-0.051469572303548566,0.23095889088957566,0.6444111947837539,0.4399261979315717,nm
11.395726680755615,47.38155428950867,6.661913102855116,-74.10871721911973,-0.004373133454856036,-0.012118695659672763,0.33664694830883046,-0.306960171499545,0.5314482830858094,-0.06794625330047539,0.3368933880122228,0.6174775443847793,0.34693726824183596,nm
11.410236358642578,44.24265651566071,6.019484163275921,-74.62551655078622,-0.04149190223018501,0.1204545199665883,0.453612680079388,-0.29545784650246265,0.5604604051996019,-0.0463466880427563,0.4711638068229198,0.635263111119249,0.34693726824183596,nm
11.416341781616211,40.89287567049745,5.171732695724594,-75.24431434378744,0.07133139504075735,0.13157379144857717,0.23373278443182888,-0.34132664778699073,0.5937142803019481,-0.07038126768560976,0.27754431183663275,0.6884432075087952,0.34693726824183596,nm
11.418232440948486,37.68571934767557,4.279840535318329,-75.76412514848008,0.16111170705702957,0.06391411182741599,0.17930875695213852,-0.3376257000304706,0.5678384595346935,-0.06265043496956928,0.24938649955688988,0.6635937812017796,0.34693726824183596,nm
11.418675184249878,37.68571934767557,4.279840535318329,-75.76412514848008,0.16111170705702957,0.06391411182741599,0.17930875695213852,-0.3376257000304706,0.5678384595346935,-0.06265043496956928,0.24938649955688988,0.6635937812017796,0.34693726824183596,nm
11.446201801300049,31.504105246118208,2.736016030779168,-76.24533920140316,0.1770452388223803,0.15307201677321597,0.13294509880821745,-0.3100895766276576,0.549814623306637,-0.018454057550062228,0.269166227832951,0.6314999744853519,0.26789667800556055,nm
11.453970670700073,28.576230481816847,1.7775786160263827,-76.44288800110718,0.16352253359279137,0.03155903366253697,0.24657534223351438,-0.3309033664336023,0.5160030464193875,-0.026595787086215145,0.29754830027391094,0.6135662292873645,0.26789667800556055,nm
11.46046495437622,25.71460383798022,0.9189830471219875,-76.53221426561282,0.2545432769893248,0.060778440101067074,0.010952304165651957,-0.307574882313824,0.5086170155572001,-0.014040164790800287,0.26192795117764744,0.5945508413685314,0.26789667800556055,nm
11.46303653717041,22.935978315713037,0.0903141978854024,-76.56558608979257,0.19965692711047772,0.11349027438228267,0.03904827758383955,-0.29777528291552846,0.49406659732011193,-0.01091051557709274,0.23295428501066257,0.5769670363660776,0.26789667800556055,nm
11.463586807250977,22.935978315713037,0.0903141978854024,-76.56558608979257,0.19965692711047772,0.11349027438228267,0.03904827758383955,-0.29777528291552846,0.49406659732011193,-0.01091051557709274,0.23295428501066257,0.5769670363660776,0.26789667800556055,nm
11.483333110809326,17.516355354350036,-1.7999412106555621,-76.64609240843033,0.163691366898324,0.042038429971491806,0.09848054919200519,-0.312853776554068,0.4737117092589577,-0.017800457633525536,0.19560294415133095,0.5679763421879022,0.20071217630472646,nm
11.497652769088745,14.881057333837097,-2.6541578396937875,-76.57849965827084,0.24465654151286895,0.11226346969539495,-0.2015179742058913,-0.29639365866888845,0.46437481922777096,-0.007284960625764636,0.3362579424506331,0.5509503101762203,0.20071217630472646,nm
11.50340986251831,14.881057333837097,-2.6541578396937875,-76.57849965827084,0.24465654151286895,0.11226346969539495,-0.2015179742058913,-0.29639365866888845,0.46437481922777096,-0.007284960625764636,0.3362579424506331,0.5509503101762203,0.20071217630472646,nm
11.510270595550537,12.264368688418712,-3.55316588827352,-76.40556015649948,0.17729975546790216,0.11026593040599447,-0.1893279027162306,-0.30558641711454254,0.4574104109849401,-0.0006688352732815534,0.28184895501705165,0.5500979819477052,0.20071217630472646,nm
11.513481855392456,9.767189017990647,-4.4265814532891,-76.13336764879867,0.1186524738442004,0.08588582289730282,0.06689579207879226,-0.29687713711264946,0.43360884864604754,0.013337819664502286,0.1610274235089928,0.5256715377474385,0.20071217630472646,nm
11.514237403869629,9.767189017990647,-4.4265814532891,-76.13336764879867,0.1186524738442004,0.08588582289730282,0.06689579207879226,-0.29687713711264946,0.43360884864604754,0.013337819664502286,0.1610274235089928,0.5256715377474385,0.20071217630472646,nm
11.54108214378357,4.8109225158967925,-5.828734496864972,-75.29409641921065,0.08764362247686669,0.08689865848645936,0.10984749613793235,-0.26461384112542563,0.44186351502195004,0.03787895549873651,0.16522485834579156,0.5164287618756147,-0.2,nm
11.554887771606445,2.389737952134308,-6.455513440811479,-74.77625358387434,0.08170114929188946,0.058608436868175004,0.3101914512336928,-0.25484266107672227,0.42335646811570915,0.04710144680472241,0.3260809149370918,0.4963809296207608,-0.2,nm
11.566415071487427,0.06406400598817134,-6.94758705988946,-74.2189913971807,0.12144490183758382,0.009127112450732418,0.29160068640132536,-0.22780352285189964,0.4092954671436981,0.05304939986206692,0.31601127934577394,0.4714143223045302,-0.2,nm
11.567115783691406,0.06406400598817134,-6.94758705988946,-74.2189913971807,0.12144490183758382,0.009127112450732418,0.29160068640132536,-0.22780352285189964,0.4092954671436981,0.05304939986206692,0.31601127934577394,0.4714143223045302,-0.2,nm
11.569803476333618,-4.790351472834048,-7.992213439477472,-73.10477669202335,0.0806879013083392,-0.06883207528494517,-0.44289306239580883,-0.2649378416590719,0.43330036253379833,0.04019701511572282,0.45541481829636865,0.5094674318728354,-0.2,nm
11.570475101470947,-4.790351472834048,-7.992213439477472,-73.10477669202335,0.0806879013083392,-0.06883207528494517,-0.44289306239580883,-0.2649378416590719,0.43330036253379833,0.04019701511572282,0.45541481829636865,0.5094674318728354,-0.2,nm
11.584825277328491,-7.525918568360534,-8.630191799275057,-72.55808877007154,-0.01803297130980525,0.03564246362007108,-0.055901409399722185,-0.29155216797264655,0.4697867696660808,0.02786422469974177,0.06870619215211754,0.5536051757534057,-0.2,nm
11.598263263702393,-10.325046834556195,-9.171317798802367,-72.00203081385675,-0.14469930752405538,0.09600009460804965,0.18828792585861903,-0.2813259440218669,0.4840555845538852,0.022853684834223596,0.25613717181782975,0.5603359587141451,-0.2,nm
11.605600595474243,-12.907217410298605,-9.549629457833223,-71.40380122422532,0.09167023132402781,0.2573739185335402,0.4834739341803827,-0.2416914336674946,0.45008942026856996,0.03452536437799651,0.5553303613923583,0.5120422210437141,-0.2,nm
11.613672733306885,-16.113087225937328,-9.746248405006714,-70.80182444746889,-0.04242409523542277,0.04281757030727697,-0.0017252425910311653,-0.25184943156356393,0.5754681626527219,0.012488954336033004,0.0603002872759387,0.628289516374575,-0.2,nm
11.628689289093018,-23.078512223029975,-9.838899581774914,-69.37782105664175,0.109811620732336,0.06907068995111583,0.1497370053216184,-0.25266991996784866,0.6302476883924923,0.035375327095971146,0.19811744754279456,0.6799306221577214,-0.2,nm
11.629340410232544,-23.078512223029975,-9.838899581774914,-69.37782105664175,0.109811620732336,0.06907068995111583,0.1497370053216184,-0.25266991996784866,0.6302476883924923,0.035375327095971146,0.19811744754279456,0.6799306221577214,-0.2,nm
11.637850284576416,-27.16408842807101,-9.848078519711807,-68.59677224782652,0.10635084549796034,0.02586998660426142,0.2774539587943077,-0.30019019998200386,0.7412437435032038,0.01845714549385149,0.298262397555691,0.7999356909575044,-0.2,nm
11.649379968643188,-31.132845186207128,-9.72925628178617,-67.84891136248854,0.11605603241612167,0.006777227048328221,0.3767232755842139,-0.2777313183099393,0.7255630054352428,0.01741381779301807,0.39425291353842407,0.7770969058467081,-0.2,nm
11.653002977371216,-34.763999924077986,-9.528270840707723,-67.15401197696534,0.2011197159487269,0.02094719817465456,0.11336768266181574,-0.24621360734456368,0.6672399774990493,0.021077231423462763,0.231819232866419,0.7115297447746181,-0.2,nm
11.677808284759521,-42.50318547628881,-9.424724402451659,-65.81615055741761,0.1523108854264824,0.032568115333251005,-0.19691745191705842,-0.3260090518591379,0.7038723671616312,0.009164509457593336,0.25106925503786004,0.775759111697317,-0.2,nm
11.689562797546387,-42.50318547628881,-9.424724402451659,-65.81615055741761,0.1523108854264824,0.032568115333251005,-0.19691745191705842,-0.3260090518591379,0.7038723671616312,0.009164509457593336,0.25106925503786004,0.775759111697317,-0.2,nm
11.697282314300537,-46.61756222477352,-9.468610756034035,-65.18027036431819,0.16857747167873555,0.15348203571448374,-0.07447112459900421,-0.35319023512140824,0.7257876869442054,-0.0018980917543658434,0.23983545952110033,0.8071646123667982,-0.2,nm
11.698937177658081,-50.462661118820435,-9.412224522291412,-64.59560086396685,0.08680514936988216,0.13064853831318443,-0.07419091972195974,-0.3198865284078467,0.6826187641481564,-0.0024542757061425855,0.17351791575998557,0.7538579386683025,-0.2,nm
11.706636905670166,-53.90529124346287,-9.16118040614489,-64.07511894311584,0.09703113073305919,0.08270983836793326,-0.17663560981315848,-0.2567378505786748,0.6252299873946783,0.0003866216673321093,0.21784420200742557,0.6758897917069181,-0.2,nm
11.723506212234497,-60.78213460514265,-8.200763497845617,-63.04731789308619,0.1209357138158786,0.0009115568567951587,-0.18769901725394306,-0.21944518994717582,0.6531109312497927,0.01295095092467409,0.2232872564437014,0.689113783811336,-0.2,nm
11.745895385742188,-64.16551398611337,-7.579204393078194,-62.49951488160247,0.08071947585134227,-0.06745051378422899,-0.16114486994318944,-0.20233805420380718,0.6443499893163211,0.02577786384362479,0.1924392753584344,0.6758639620332382,-0.2,nm
11.747513055801392,-67.25820569103797,-6.906581983268224,-61.9974490383524,0.049277697640153606,-0.06625389553451941,-0.13397986266821035,-0.1723366224238732,0.5972025548522408,0.03198591269657772,0.157380029733146,0.6223936869550859,-0.2,nm
11.753854751586914,-70.07624503446372,-6.270603771234524,-61.537105828180145,0.005526272622052144,-0.018798303801429078,-0.17436782248748295,-0.15795016685479166,0.5450477952764837,0.037339805156072006,0.1754652485078753,0.5686999344068062,-0.2,nm
11.754313945770264,-70.07624503446372,-6.270603771234524,-61.537105828180145,0.005526272622052144,-0.018798303801429078,-0.17436782248748295,-0.15795016685479166,0.5450477952764837,0.037339805156072006,0.1754652485078753,0.5686999344068062,-0.2,nm
11.763134241104126,-72.8916543355774,-5.754126387361892,-61.083413182609554,0.04170603564620403,0.03738253697072641,-0.17949324361267635,-0.18289529333424287,0.5325516696672089,0.04206245119971833,0.18802838078941633,0.5646514136970521,-0.2,nm
11.763930320739746,-72.8916543355774,-5.754126387361892,-61.083413182609554,0.04170603564620403,0.03738253697072641,-0.17949324361267635,-0.18289529333424287,0.5325516696672089,0.04206245119971833,0.18802838078941633,0.5646514136970521,-0.2,nm
11.769175052642822,-75.87861892737715,-5.354151934317441,-60.66255274002245,0.0021687013107107023,0.06640468711634034,-0.14276367221461814,-0.22372668662750517,0.5502690043057235,0.0370202879160932,0.1574666689829853,0.5951639346653362,-0.2,nm
11.787450075149536,-82.0397977852666,-4.589346418017598,-60.03909544597906,0.007339317919510575,0.09135387186468427,-0.05065301016279955,-0.23847573501522093,0.5664646124471652,0.014652290576782455,0.10471448290826574,0.6147906334396396,-0.24838754226256168,nm
11.807583093643188,-85.06837426970442,-4.040243969404589,-59.83706152885761,0.036454539845443244,0.021483018723731234,0.0036419559980820234,-0.21677234691937589,0.5774408458254505,0.006548405990579302,0.04247019439935684,0.6168233640496794,-0.24838754226256168,nm
11.815048217773438,-88.07459163896905,-3.3700919264502756,-59.920227577257045,0.021003922999122588,-0.03626316879689551,0.0024677726508623926,-0.18007768774696767,0.5879293059066925,-0.0017540084729895063,0.04197942465543747,0.6148917944760224,-0.24838754226256168,nm
11.821577072143555,-91.05661033830256,-2.495571081278201,-59.994958466658545,-0.05521640943841239,-0.12651421046164962,0.06723595181736616,-0.1472051288661727,0.5963562804628724,-0.0013921017780227374,0.1535427319569121,0.6142573574320286,-0.24838754226256168,nm
11.82738709449768,-93.77684280370961,-1.5270740340799007,-60.04169388281246,-0.10390899624744154,-0.14623334218595782,0.11257226285728941,-0.10393735701322736,0.5609217885585183,0.008772729915219785,0.21178712008249442,0.5705376305317184,-0.24838754226256168,nm
11.847660541534424,-99.18101877882465,0.21821400430667875,-60.12362922255888,0.17928056085141922,0.17281667900326325,-0.1116607967264362,-0.14547128302265253,0.5687054892538064,0.03006410000329192,0.2729015528840004,0.5877854011462652,-0.2895169531857391,nm
11.85458254814148,-102.37787217947447,0.9202717412354183,-60.1802331111167,0.09974375078239227,0.16358988705813884,-0.09394609402235476,-0.23421428200640151,0.642278994476279,0.03306740924579381,0.21339244492224116,0.684450210165402,-0.2895169531857391,nm
11.866894721984863,-105.93687198156071,1.3640718427473228,-60.25476314751041,-0.2241097767850381,-0.04275009235758142,0.13254609779837845,-0.27420158997690397,0.6558614512042492,0.02955303552591642,0.26385835307755307,0.7114872711654102,-0.2895169531857391,nm
11.872048616409302,-109.13311323321348,1.800801320094695,-60.26470057457588,-0.011180596618029566,0.04087417966983304,0.031758056460909324,-0.23871459237370393,0.5922616128750737,0.028111412957028403,0.05295543838541223,0.639178164705247,-0.2895169531857391,nm
11.904090404510498,-116.24696834313625,2.912970795479119,-60.53987170704154,0.14441961655429322,-0.017129140626387433,-0.18020632161573394,-0.2677686521750968,0.7200893890217648,0.007717034104213633,0.23157018688631095,0.7683022399321585,-0.27308941020787825,nm
11.91204023361206,-120.11885883501122,3.6720138891253296,-60.83575715582141,-0.08697690900518595,-0.17963998155337332,-0.02015129171729706,-0.241449373463345,0.7434769889357541,-0.002563018691337097,0.2006030414287588,0.7817048049536535,-0.27308941020787825,nm
11.91366720199585,-123.6617611729085,4.564027401211612,-61.17032246419451,-0.09087864600726975,-0.13087963400809954,-0.10355152226557184,-0.18110450242666887,0.6998227251267459,-0.0041262580994266395,0.1900297994045301,0.7228884515670031,-0.27308941020787825,nm
11.921958446502686,-127.06075673363966,5.46346387797476,-61.51176714702947,0.056860324400230346,0.07163867887134473,-0.3747502736063528,-0.16074971190800058,0.6758320353464293,0.002750808497041734,0.3857498728053807,0.6946920014124173,-0.27308941020787825,nm
11.940712928771973,-134.00043420401303,6.82280007971184,-62.13612171460094,-0.23962898566642332,-0.02323679447488675,-0.0515449455887255,-0.20654133592086713,0.6541681086573158,0.0320442172671318,0.24620901852842783,0.686747456994585,-0.2591259986766965,nm
11.959469556808472,-137.23638612155855,7.324886704240808,-62.34587053267881,-0.14241855365677764,0.01562972283124492,-0.10058615637924968,-0.20218985154595195,0.6110091130813563,0.04843103250904516,0.17505686937855613,0.6454133847748527,-0.2591259986766965,nm
11.960045576095581,-137.23638612155855,7.324886704240808,-62.34587053267881,-0.14241855365677764,0.01562972283124492,-0.10058615637924968,-0.20218985154595195,0.6110091130813563,0.04843103250904516,0.17505686937855613,0.6454133847748527,-0.2591259986766965,nm
11.962067127227783,-140.37916533988613,7.77343622166063,-62.55761087769566,0.030499821156431024,0.0536726234760722,-0.24596652029938232,-0.1999970860797048,0.5900405897051998,0.05054692878929892,0.25359518668453657,0.6250613761464254,-0.2591259986766965,nm
11.970439195632935,-143.5858748571863,8.222206581127876,-62.86289857159549,0.04609983189650336,0.005033938734300299,-0.22021195043777994,-0.2022337197243323,0.6018731202477507,0.03808226446532788,0.2250418586745093,0.6360817472126601,-0.2591259986766965,nm
11.977002382278442,-146.85171873108496,8.764880048777364,-63.189412963643484,-0.07634062434620394,-0.16174365610431968,0.1435691259889813,-0.18711593449538896,0.6212925174764065,0.0197265787813269,0.2293490683495371,0.6491578414566594,-0.2591259986766965,nm
11.995843172073364,-150.0398886105833,9.447537726307782,-63.600680327150215,0.04007639779979248,-0.06125932899197581,-0.09801609152480821,-0.15039733339382072,0.6205257443803187,-0.0018907469019494023,0.12233551098088372,0.6384944261734538,-0.2591259986766965,nm
12.01051139831543,-156.6652028886367,10.821432281038465,-64.68162053132905,-0.009920790032518827,0.07847443206647246,-0.18999032927899534,-0.15631113339078462,0.6511979825508517,-0.01595057592465718,0.20579840568518942,0.6698853661429985,-0.24725709887519204,nm
12.021995306015015,-160.12860224317612,11.402941697730594,-65.17575677463745,-0.06157359317317502,0.08202426869740144,-0.12750445666404656,-0.1720817921650135,0.6617299310714445,0.005105120092396449,0.16363579834740594,0.6837577839569356,-0.24725709887519204,nm
12.034624338150024,-163.6532641513051,11.8794457449921,-65.55178947574636,-0.05696115541267513,0.09037023396560374,-0.16979940542097363,-0.1902851678278963,0.6642372875331317,0.03377953453275578,0.20060705494638284,0.6917808006861079,-0.24725709887519204,nm
12.04153823852539,-167.26856041299823,12.252419210826229,-65.82629284000171,-0.003836250891176691,0.10367967832378262,-0.44279029800003306,-0.211914384256122,0.6721951378106888,0.0605450620698538,0.4547828498538409,0.707403501611368,-0.24725709887519204,nm
12.050848960876465,-171.0201815114468,12.578478580058409,-66.08232400790654,-0.011479382755993783,0.0015561388603432683,-0.1657589901761795,-0.22739203694156798,0.6931303509605827,0.07774238799403882,0.1661632950468847,0.7336080021225175,-0.24725709887519204,nm
12.051886796951294,-171.0201815114468,12.578478580058409,-66.08232400790654,-0.011479382755993783,0.0015561388603432683,-0.1657589901761795,-0.22739203694156798,0.6931303509605827,0.07774238799403882,0.1661632950468847,0.7336080021225175,-0.24725709887519204,nm
12.05500340461731,-174.89942319116764,12.969416826678863,-66.3746391362796,0.03772859311531509,-0.07851411278873409,-0.05570616038685404,-0.22153397559882337,0.721596054376513,0.07957748296168912,0.10339772217272954,0.7590195938385843,-0.24725709887519204,nm
12.078810453414917,176.7773151421499,13.893105676413644,-67.31799844459715,-0.02803306386437428,0.07233739817537665,-0.48749536878165406,-0.22402788336008161,0.7968512777288242,0.05360244514641263,0.49362970577951243,0.8294779523691587,-0.23716853404391325,nm
12.090147972106934,172.31716002210658,14.279993118812714,-68.18179119154546,-0.046182182955002246,0.07193047664746437,-0.3297992382304628,-0.2422351547871738,0.8286642517764049,0.04609551628615937,0.3406968227480472,0.8645733682045744,-0.23716853404391325,nm
12.092262268066406,167.65356738395377,14.583149110449888,-69.07791754628033,-0.12368421238201352,0.08967468876550187,-0.3609277177922465,-0.25884760156781766,0.8619808461685304,0.0539852975457559,0.3919287584095714,0.901624906682336,-0.23716853404391325,nm
12.1017587184906,162.75997727508366,14.796198156878274,-69.9209378455144,-0.08072347396173214,0.07245425229237315,-0.14449716184072958,-0.27780209303332776,0.9005360566387568,0.07930980768370802,0.18068018071643416,0.9457426911137122,-0.23716853404391325,nm
12.102325439453125,162.75997727508366,14.796198156878274,-69.9209378455144,-0.08072347396173214,0.07245425229237315,-0.14449716184072958,-0.27780209303332776,0.9005360566387568,0.07930980768370802,0.18068018071643416,0.9457426911137122,-0.23716853404391325,nm
12.110295295715332,157.55869821143858,15.015705975372587,-70.67793306745105,-0.2877377487236061,0.0779474930032791,-0.43038019302765274,-0.28377014784237425,0.9602282275832876,0.11482055270018163,0.5235417216006236,1.007842996292875,-0.23716853404391325,nm
12.138748407363892,146.05250593591907,15.499154905053965,-71.97473636551337,-0.18221029846926937,0.03967250913698639,-0.597142573528161,-0.2945900588218515,1.0821042480984484,0.17907400903746495,0.6255827315146413,1.1356937999399839,-0.22859325393732627,nm
12.139347553253174,146.05250593591907,15.499154905053965,-71.97473636551337,-0.18221029846926937,0.03967250913698639,-0.597142573528161,-0.2945900588218515,1.0821042480984484,0.17907400903746495,0.6255827315146413,1.1356937999399839,-0.22859325393732627,nm
12.153327226638794,140.3212596945754,15.701378366081856,-72.63081651719259,-0.3053775119095977,-0.06435967350352467,-0.5135475072704707,-0.28419569680508583,1.0635593979794566,0.1720462769877232,0.6009397928056446,1.1142377253253855,-0.22859325393732627,nm
12.16107726097107,127.22260696736578,16.244533062888614,-74.28274991662127,-0.5838464289464258,-0.09249726496510197,-0.23722252761939205,-0.3000166061474019,1.2984196098927165,0.195584712704412,0.636951273041864,1.3469063913879935,-0.22859325393732627,nm
12.176898956298828,112.76972707472429,16.63901868963441,-76.27901433036534,-0.5566682840388631,-0.059731966179013794,-0.14767153248824055,-0.30353427041326,1.3263845619676224,0.20230880180700184,0.5790115437068667,1.3756300050631116,-0.22130426584672733,nm
12.193436622619629,106.02601416533322,16.590127102367287,-77.1377861881734,-0.5604811676843647,-0.11450634228132081,0.12655431373925496,-0.2983800954473598,1.255156869438494,0.20299959291137992,0.5858897815097049,1.306008530975201,-0.22130426584672733,nm
12.206610441207886,98.75053249585244,16.54449136302249,-78.07644970404189,-0.9503727267375869,-0.1815938178153529,0.493064657436703,-0.30132467455574563,1.3597854034423762,0.21545729263283797,1.0859545988707653,1.4093384078565887,-0.22130426584672733,nm
12.208803415298462,90.47408107571171,16.56503675764989,-79.24985324755215,-0.630026840990115,-0.09112002845174862,0.5104363985410019,-0.3026615853567551,1.5560694081916617,0.22458579182535113,0.8159546537084886,1.6010605286029735,-0.22130426584672733,nm
12.215890645980835,82.52974013390289,16.539253695762877,-80.43775573938785,-0.1213690109195598,-0.044863297484332584,0.2886501535375284,-0.2700778774266413,1.4975418824875344,0.20208557558886583,0.3163258816631966,1.5350610181815807,-0.22130426584672733,nm
12.216541290283203,82.52974013390289,16.539253695762877,-80.43775573938785,-0.1213690109195598,-0.044863297484332584,0.2886501535375284,-0.2700778774266413,1.4975418824875344,0.20208557558886583,0.3163258816631966,1.5350610181815807,-0.22130426584672733,nm
12.239897727966309,67.77790723257826,16.314624441329983,-82.47537079518787,-0.4561613458251537,-0.13469754771540868,0.9431865613600028,-0.2314472624051633,1.4357996867413036,0.2020100143342089,1.0563273603933898,1.4682971843644521,-0.21510862596971822,nm
12.258382081985474,59.880757253478066,15.995683696502358,-83.80061460595729,-0.24910915826392585,-0.08274016138689537,0.8611729599029528,-0.24598881392993527,1.497166257551484,0.1611154912215146,0.9002889391219376,1.5257704613869423,-0.21510862596971822,nm
12.260201454162598,52.22557723860506,15.551823441923586,-85.12407927114235,0.1204168023606222,-0.03654879997330182,0.7219156308559548,-0.2336064825625732,1.4562157982069508,0.13849629366441596,0.7328016096764505,1.481322943520941,-0.21510862596971822,nm
12.263488054275513,44.83992015273723,15.088992143412959,-86.28227072803716,0.2519820736512016,0.0346660910669122,0.6633855442059232,-0.2036756601534624,1.4116739847149076,0.14610031416847824,0.7104766594145144,1.4337546915215107,-0.21510862596971822,nm
12.282637596130371,30.9617535334712,13.738065354464,-88.491059015954,0.2060441530129314,-0.00805707508001946,1.0266713299322892,-0.2077252632999706,1.3117374167952163,0.10015842875019203,1.0471738772308048,1.3318545515495812,-0.20984233207426048,nm
12.296470165252686,24.201230161922346,12.895284585203267,-89.56169082159332,0.434890078918713,0.0841748215536456,0.5961735289597002,-0.19946794476886462,1.3098082407272258,0.08714400357440487,0.7427231368132914,1.327772256761769,-0.20984233207426048,nm
12.30407190322876,17.77378329664501,12.018962342781977,-90.56454099961513,0.4722101465863399,0.1321003003428502,0.2722210424861631,-0.18351937573631216,1.2522626337611595,0.06756120272364906,0.5608361684681341,1.2674405632212296,-0.20984233207426048,nm
12.325744390487671,6.113725673741648,10.05995473966734,-92.37116632289306,0.4222402886867959,0.059490082390658186,0.3906481716147252,-0.17722757761980887,1.1251002224045434,0.02778137055878848,0.5783008951048614,1.1393120420999083,-0.20536598226312142,nm
12.326390266418457,6.113725673741648,10.05995473966734,-92.37116632289306,0.4222402886867959,0.059490082390658186,0.3906481716147252,-0.17722757761980887,1.1251002224045434,0.02778137055878848,0.5783008951048614,1.1393120420999083,-0.20536598226312142,nm
12.334974765777588,0.7198351957212403,8.95924961053431,-93.15982197458852,0.36699981315534397,0.04553510951477273,0.41789100353941355,-0.18046474786221792,1.0695436139783436,0.014567442802575003,0.5580279561937358,1.0847595483850954,-0.20536598226312142,nm
12.346702098846436,-4.293770051783092,7.771836942161805,-93.84255987809017,0.36052764605325516,0.06663596900414016,0.2320845946379777,-0.18886988069391558,1.0007378094278903,0.004502094634353451,0.433916806544868,1.018414583511039,-0.20536598226312142,nm
12.348384380340576,-9.023267464926262,6.514877432865409,-94.41660679412111,0.3312993550220985,0.07097104366790856,0.08800783052387857,-0.19594703060230617,0.9501263639601765,-0.0009275875802100416,0.35005932341660373,0.9701217483969554,-0.20536598226312142,nm
12.37520170211792,-17.351027459394206,3.975106433350409,-95.01931675029668,0.5276767601367515,0.0726541873391667,0.20833939399544238,-0.19963774009577082,0.8107303510547613,-0.010444104787411453,0.5719499079611096,0.8350137775610253,-0.2015610849236532,nm
12.38867998123169,-21.47080976839275,2.6716275972259664,-95.18780478268458,0.18953463220579791,0.0923536396538382,-0.10340980737364035,-0.2007521845800119,0.8378939271999455,-0.012442530262714685,0.23483219503243477,0.8616974465620363,-0.2015610849236532,nm
12.390317440032959,-25.071159490576292,1.3609288390740448,-95.26201719737881,0.08764571412917636,0.08135691066965407,-0.21794812322424417,-0.20965342301877815,0.7357649332108365,-0.013270401080390829,0.2486002866770143,0.765167104801998,-0.2015610849236532,nm
12.404817819595337,-31.839093409185523,-1.277465580592462,-95.15558396181244,0.1708776226249705,0.05616064825275734,0.07347184564871911,-0.2159355191812785,0.7072269591883054,-0.018696568657094757,0.1942969182183829,0.7396943165432426,-0.2,nm
12.420598268508911,-34.78554027838806,-2.5807381641813083,-94.9737809808884,0.09058714188222547,0.02255994470737974,0.06292636127866358,-0.22156891924067723,0.6047333308692078,-0.01107091807083542,0.11258200710310405,0.644141096860447,-0.2,nm
12.429339408874512,-37.33873191497842,-3.8504228967357492,-94.69264444925507,0.15088657216116377,0.013711778267548354,-0.11587260737204313,-0.22377837743767315,0.5244014303671032,-0.00024803511113003385,0.19073864752849684,0.5701523339434101,-0.2,nm
12.435585498809814,-40.03858666975194,-5.139853028200832,-94.3265491818953,0.029935995262367773,0.006404503767912945,-0.22583947411425487,-0.22824854688670454,0.5519878096506263,0.005857629220742534,0.22790491339386457,0.5973460077533589,-0.2,nm
12.444310426712036,-42.75171400925211,-6.424900335769739,-93.89150466643403,0.11646505549352201,0.0365993261385453,-0.06708164327754858,-0.23081919439905582,0.5520448099904977,0.012086852179001073,0.13929668585332905,0.598478959309407,-0.2,nm
12.468667268753052,-47.615889415754026,-8.841645320113962,-92.7618551852916,0.05000855607387603,0.051865778406448786,-0.06105338068981028,-0.2236931166209776,0.4633398498506979,0.023797309770715827,0.09443743931278395,0.5150618786472136,-0.2,nm
12.469367742538452,-47.615889415754026,-8.841645320113962,-92.7618551852916,0.05000855607387603,0.051865778406448786,-0.06105338068981028,-0.2236931166209776,0.4633398498506979,0.023797309770715827,0.09443743931278395,0.5150618786472136,-0.2,nm
12.482171535491943,-49.72441388800389,-9.970080705765584,-92.07670826215802,0.04813032011325502,0.04047589582924605,-0.1357742088528509,-0.22050250226987428,0.42017336111882736,0.03076560344147344,0.1496310851628162,0.47551396326110806,-0.2,nm
12.484289646148682,-51.9350420627251,-11.086157311851924,-91.3685018913067,0.05454386683462571,0.0372118341175823,-0.13234192306510645,-0.22222722991759639,0.4363233744203347,0.03104874580630782,0.14789908251317316,0.4906394331874891,-0.2,nm
12.489990234375,-54.24343872021497,-12.181623290920193,-90.61763709521155,0.06700287439134488,0.04252197516726567,-0.016972464934463957,-0.22306298151223,0.45116600232961723,0.029837231695186924,0.0811515133240256,0.5041806380400242,-0.2,nm
12.490730047225952,-54.24343872021497,-12.181623290920193,-90.61763709521155,0.06700287439134488,0.04252197516726567,-0.016972464934463957,-0.22306298151223,0.45116600232961723,0.029837231695186924,0.0811515133240256,0.5041806380400242,-0.2,nm
12.518672227859497,-58.22737865149173,-14.109607903162715,-89.25876485964284,0.07441225096583001,-0.026588320195437703,0.20447517975765037,-0.19454705726126428,0.34760216037763586,0.03738887199111769,0.21921273001707775,0.400092173301335,-0.2,nm
12.528030157089233,-59.697060356020586,-14.915476177145,-88.58546669818605,-0.20961160743655313,-0.1206408865640138,-0.09778864455942142,-0.1769957349331848,0.276964181869074,0.05168813796052692,0.26087136387088516,0.3327285858305087,-0.2,nm
12.535684585571289,-61.40063065572822,-15.756670161095562,-87.74335718633598,0.07226490983612312,-0.01412365509750339,-0.06010239010885321,-0.18901041051023712,0.31858204438778415,0.06393904822522231,0.09504731518424396,0.3759091062683847,-0.2,nm
12.546032428741455,-63.73503404831027,-16.695641171396545,-86.74270181449023,-0.06514160538828326,0.0288545928269915,-0.042411881740332995,-0.2191508938958906,0.43454037786089733,0.059607892984320496,0.08291431717460064,0.49031169187863505,-0.2,nm
12.558901309967041,-68.4701481416393,-18.28696438140996,-84.85712054068146,0.03013573581343423,0.14045597768971257,0.0596646641571112,-0.2063849087274082,0.4183813451829759,0.029515890738900808,0.1555503660901221,0.4674493216955692,-0.2,nm
12.578704833984375,-72.758556749551,-19.462760291933563,-83.27355088810165,0.07564363409373355,0.022579238872347206,-0.088833145968427,-0.17381101146507186,0.4016998444714753,0.004909155893509124,0.11884068844301189,0.4377180971430191,-0.2,nm
12.587971687316895,-75.42232627535766,-20.079349456726852,-82.32139868086368,-0.033201065402011364,-0.04741541269710139,-0.03058146339075921,-0.18221274955364616,0.4709378013147083,0.005725749037746784,0.0654657010058353,0.5049917652883804,-0.2,nm
12.594697952270508,-77.94326035776442,-20.64220468860137,-81.32624563505404,-0.017452494637713256,-0.06851821697287837,0.018228838317405238,-0.16913914996787965,0.44610130958503064,0.01953411243320051,0.07301798526817861,0.47748927947535025,-0.2,nm
12.620890378952026,-82.36634456601945,-21.529372467440556,-79.37830399916983,-0.050261916873197525,0.019706148208173076,-0.1416448567112025,-0.1612535507412613,0.38001442506907673,0.03280183891184671,0.15158449128359994,0.41411306611026444,-0.2,nm
12.63271975517273,-84.63155959122733,-22.032939342159473,-78.21105691689067,0.026876674790827837,0.07663414355781158,-0.19741254213077972,-0.18683426380015372,0.39012708872749297,0.04676358824937716,0.21346395339070265,0.43507817765855816,-0.2,nm
12.633695125579834,-84.63155959122733,-22.032939342159473,-78.21105691689067,0.026876674790827837,0.07663414355781158,-0.19741254213077972,-0.18683426380015372,0.39012708872749297,0.04676358824937716,0.21346395339070265,0.43507817765855816,-0.2,nm
12.63892650604248,-87.02135186046517,-22.59867828502131,-77.05045712871635,-0.01899938295268352,0.10958865958191917,-0.17199655925591056,-0.21109087799606227,0.40486645741011057,0.03257044968487008,0.20482545558942727,0.45775216143851905,-0.2,nm
12.639498472213745,-87.02135186046517,-22.59867828502131,-77.05045712871635,-0.01899938295268352,0.10958865958191917,-0.17199655925591056,-0.21109087799606227,0.40486645741011057,0.03257044968487008,0.20482545558942727,0.45775216143851905,-0.2,nm
12.64433741569519,-89.23080534737677,-23.161250217918337,-76.00809971223609,-0.08373564851193672,0.09463797104831895,-0.12460625896451355,-0.20965545857264464,0.36707916546294317,0.016866097456214247,0.17746752990051018,0.42306854086504614,-0.2,nm
12.645342111587524,-89.23080534737677,-23.161250217918337,-76.00809971223609,-0.08373564851193672,0.09463797104831895,-0.12460625896451355,-0.20965545857264464,0.36707916546294317,0.016866097456214247,0.17746752990051018,0.42306854086504614,-0.2,nm
12.656418800354004,-91.16527388953713,-23.65545642862018,-75.06665591596078,-0.009854572546451088,0.029919038296696576,-0.11101690684536814,-0.1893530537472236,0.3166272472829367,0.011551456556260178,0.11539937200082853,0.3691081533019015,-0.2,nm
12.662964820861816,-93.08547970586613,-24.087833442639575,-74.1755425186278,0.0058927885831175555,-0.0403898145903812,-0.09051447826142345,-0.17182179655762547,0.3154084133475858,0.0024066256248839453,0.09929215908050538,0.359180997311425,-0.2,nm
12.693577527999878,-97.33308663745409,-24.637648057914742,-72.07822049787818,-0.13917778595288233,-0.12884467892702647,0.06094463534003479,-0.13669275546125886,0.32987029934382217,0.027897719697874513,0.19921258988147483,0.3581586332187394,-0.2,nm
12.69559621810913,-99.00773487517348,-24.802089849852692,-71.15384929897097,-0.01688843721770837,-0.08410125058704394,0.007428068954066667,-0.11173123600561985,0.272984939035603,0.03625907229421057,0.08610119552217382,0.2971857438762031,-0.2,nm
12.714526414871216,-102.3986138984895,-25.082407812464382,-69.11642860653517,-0.015277180600070682,0.0831803511635854,-0.11909378014822254,-0.15030310435611013,0.2880875686301022,0.054048652280125675,0.14606742120259988,0.32940359316738715,-0.2,nm
12.723536014556885,-104.36865122565656,-25.238279364924818,-67.90362378952105,-0.044352790032783945,0.09122583526994191,-0.0769640758962134,-0.1850221604413092,0.3125861661868642,0.05589554495558552,0.12732946235239076,0.36751547326834194,-0.2,nm
12.731003522872925,-106.30670747830081,-25.44420954241096,-66.8266565009021,-0.0988246514245067,0.07944951591056075,-0.03394892087936695,-0.19445250931843125,0.284508654102538,0.03081527752911575,0.13126715711277978,0.3459863204935545,-0.2,nm
12.740260362625122,-107.95261488153633,-25.681466509686288,-65.95646579176703,-0.034790383170356064,0.07798096547043422,-0.04106127653260389,-0.1815611713470019,0.24850924861795776,0.012150964322634667,0.09474930167198181,0.30800803808265664,-0.2,nm
12.747271299362183,-109.65853346511818,-25.900576774493587,-65.12030432117058,0.03046009325149792,-0.006912899286543174,-0.039305745132573226,-0.17028183913808095,0.2661727867881179,0.002764420898780096,0.0502050501230966,0.31599287838447526,-0.2,nm
12.759562492370605,-111.51521808827206,-26.02995618971238,-64.23520406461633,0.014129461617125524,-0.055576254380654215,-0.004832060007646742,-0.154128107120441,0.2918587272939038,-0.0031657646565636834,0.05754746337146851,0.33007122287168295,-0.2,nm
12.776480197906494,-115.04175285148487,-25.98850012582437,-62.49920148527133,-0.01576840753801979,-0.044941822589028596,-0.06683778047697904,-0.11502750783960033,0.2640239865905104,-0.0020102670403685415,0.08207130432128906,0.28800005942448853,-0.2,nm
12.794482231140137,-116.60646734911987,-25.921753730082138,-61.640856810396116,-0.0544514539202516,-0.006421318026807449,-0.12295608601776187,-0.11967230321300307,0.2549018620777237,0.012789436416662848,0.13462686673928775,0.28188648270332456,-0.2,nm
12.796475410461426,-118.22478756472987,-25.93385237149823,-60.702505087885946,-0.050447487162483894,0.044137583383115346,-0.1599677957751358,-0.1418269285913058,0.2540449754781014,0.02677958694366014,0.17344385521852884,0.29218294528631467,-0.2,nm
12.807432413101196,-119.83092091006428,-26.05577458716508,-59.7129456269593,-0.08164258307078144,0.056597040097537354,-0.12547158520084872,-0.16372301169762427,0.23878380791721954,0.03339648634805597,0.16003704262165538,0.29144168676286497,-0.2,nm
12.818401575088501,-121.324653784143,-26.267516693961138,-58.74308487013311,-0.0708666232558459,0.05389187274558564,-0.10064905212969684,-0.17244597733322334,0.20917841367775405,0.03155053048106963,0.1343750123137439,0.2729261068875403,-0.2,nm
12.818973779678345,-121.324653784143,-26.267516693961138,-58.74308487013311,-0.0708666232558459,0.05389187274558564,-0.10064905212969684,-0.17244597733322334,0.20917841367775405,0.03155053048106963,0.1343750123137439,0.2729261068875403,-0.2,nm
12.82438325881958,-122.72762645386075,-26.450311740407376,-57.86012086468036,-0.014730339621751028,0.02891418908386498,-0.06854696257802889,-0.1686826181462321,0.19187776437943943,0.023888479421290985,0.075839958560269,0.25659610592715676,-0.2,nm
12.83341932296753,-124.07308703011056,-26.607994171672512,-57.03598771859207,0.029867871966195926,0.008626959364908463,-0.017992964198300328,-0.15408103456764582,0.19236499648774139,0.013601096825649459,0.03592020273208618,0.2468405293342759,-0.2,nm
12.857228517532349,-126.73516767371339,-26.59818941471953,-55.51873813549869,0.013687055642275518,-0.019928748861304794,0.012105603021417943,-0.11262085434017996,0.20455062973549765,-0.0022189015103393577,0.027037680149078366,0.23351518255011444,-0.2,nm
12.870463371276855,-128.02992285268297,-26.43710046513959,-54.78667019490156,-0.03832309608494272,-0.010999438234018456,0.026369648166513854,-0.10103500401673009,0.19995405276304876,-0.0001515627069015617,0.047801733016967766,0.22403061894366777,-0.2,nm
12.877281188964844,-129.23195430535992,-26.280542221872878,-54.07626691155759,-0.026036847484859856,0.0359371450237548,-0.02191416315082481,-0.10240858393273822,0.186774504495736,0.00910562118185266,0.04949370026588439,0.21320212459036095,-0.2,nm
12.877719163894653,-129.23195430535992,-26.280542221872878,-54.07626691155759,-0.026036847484859856,0.0359371450237548,-0.02191416315082481,-0.10240858393273822,0.186774504495736,0.00910562118185266,0.04949370026588439,0.21320212459036095,-0.2,nm
12.879599332809448,-130.42020362283486,-26.173911664483768,-53.33782385889146,-0.026814114514919652,0.06728211814465679,-0.08883699296306789,-0.12243161114514797,0.17966726556048151,0.018202412785461065,0.11462064158767805,0.21817688592696896,-0.2,nm
12.894438743591309,-131.73799905583346,-26.123669222245283,-52.51767105459628,-0.06249241230505181,0.08149372656556068,-0.05036301276653499,-0.14977603415770682,0.18317730042990582,0.028374539702600777,0.11438077688217163,0.23831050816976787,-0.2,nm
12.895132541656494,-131.73799905583346,-26.123669222245283,-52.51767105459628,-0.06249241230505181,0.08149372656556068,-0.05036301276653499,-0.14977603415770682,0.18317730042990582,0.028374539702600777,0.11438077688217163,0.23831050816976787,-0.2,nm
12.89997673034668,-133.0677581881669,-26.18306977447257,-51.65812289258258,-0.021229043561227963,0.05805851742639976,-0.04903758472060845,-0.16673445659622438,0.17840747965836198,0.03357377476288047,0.07890594687035274,0.2464889574936689,-0.2,nm
12.913637638092041,-134.37752205154698,-26.321754248657847,-50.858105296080275,-0.021465537399935543,0.026373912512086924,-0.016822476818661836,-0.17324861439617084,0.1672529617837201,0.022963485517354318,0.03793874382972717,0.24190071782184808,-0.2,nm
12.93100643157959,-136.89106638343597,-26.53239319150928,-49.44493776151948,0.04224261591571889,-0.012927413250907885,-0.00966986717638716,-0.14637620412455749,0.1711098907244803,-0.0026485285236015417,0.04522237216214631,0.2251923678569015,-0.2,nm
12.937192678451538,-136.89106638343597,-26.53239319150928,-49.44493776151948,0.04224261591571889,-0.012927413250907885,-0.00966986717638716,-0.14637620412455749,0.1711098907244803,-0.0026485285236015417,0.04522237216214631,0.2251923678569015,-0.2,nm
12.954092025756836,-138.116385506935,-26.515178373390906,-48.83057014584255,0.03681815598470888,-0.012792999768189789,-0.007148315762280417,-0.12996299223187022,0.17728110295986146,-0.014357474229146119,0.03962746360064602,0.2202841480514809,-0.2,nm
12.955944538116455,-139.3377694431914,-26.408479817268137,-48.2371994807888,-0.0163261316055086,-0.03159367507941557,-0.025558371724322307,-0.11988690744143954,0.17503734923910605,-0.01902300217956599,0.043794214725494385,0.21300896416923124,-0.2,nm
12.96132755279541,-140.53625359375755,-26.266762729079485,-47.605605109192226,-0.059648572599699766,-0.007189587462726519,-0.062119953574961355,-0.11659970053276447,0.16688435703384358,-0.01033125165606247,0.08642066311491253,0.20384458184536233,-0.2,nm
12.96183729171753,-140.53625359375755,-26.266762729079485,-47.605605109192226,-0.059648572599699766,-0.007189587462726519,-0.062119953574961355,-0.11659970053276447,0.16688435703384358,-0.01033125165606247,0.08642066311491253,0.20384458184536233,-0.2,nm
12.98267912864685,-142.78761998044146,-26.173848676448873,-46.2250806523428,-0.04828480661117004,0.01967705581648964,-0.08622290407086648,-0.13603004552748535,0.13675180088832928,0.017541721117442986,0.10076208742129741,0.19368257617083975,-0.2,nm
12.995501518249512,-143.85897427441432,-26.242658081047672,-45.47873845193043,-0.019763622829462903,0.026427058078875208,-0.08178520484137768,-0.14514058834928795,0.1271707669328317,0.0284835039315689,0.08819189258086946,0.1950628215341964,-0.2,nm
12.997351169586182,-144.92400113904876,-26.342420308424202,-44.71410432794901,0.0,0.0,0.0,-0.1469096064145313,0.12503376660618415,0.03180560085386416,0.0,0.1955184684224934,-0.2,nm
13.0052170753479,-145.93238129164214,-26.44341506477355,-44.00949894524035,0.0,0.0,0.0,-0.13923047044593817,0.12055049845177575,0.02418907141836439,0.0,0.18574891050461528,-0.2,nm
13.01365065574646,-146.85406758356154,-26.514071773714303,-43.412285898275705,0.027450735873054227,0.006120291465269864,0.024862280507655165,-0.12540930128024444,0.11594853923681854,0.01046114946629984,0.03753843176843395,0.17111689643897657,-0.2,nm
13.022696495056152,-147.7242578878553,-26.50941370493441,-42.8809627976318,0.02324022721425617,0.004884694446125732,-0.027478264138566397,-0.11246070754203137,0.11937083821578473,-0.0011690164474027647,0.03631836175918579,0.16400662900214633,-0.2,nm
13.048634052276611,-149.53091712116034,-26.310627951115702,-41.88173046893248,-0.040022670171353456,0.0358872590414214,-0.026580287104278254,-0.11100009905979467,0.12596386213745325,-0.004862071865505679,0.059968501329422004,0.1679629610917029,-0.22762946192186465,nm
13.049433708190918,-149.53091712116034,-26.310627951115702,-41.88173046893248,-0.040022670171353456,0.0358872590414214,-0.026580287104278254,-0.11100009905979467,0.12596386213745325,-0.004862071865505679,0.059968501329422004,0.1679629610917029,-0.22762946192186465,nm
13.066663026809692,-150.46742201075037,-26.242120358223385,-41.34587800681058,-0.056416926322962274,0.04964357698912577,-0.03704647952447228,-0.12301835654618999,0.11666460765257868,0.0025863954758477575,0.08378422260284424,0.1695607152839747,-0.22762946192186465,nm
13.069064855575562,-151.41152812728632,-26.259214469469136,-40.754275827305875,-0.021187344210577875,0.05668812082695726,-0.08574076113388308,-0.13780270232512346,0.10837232920343463,0.013208554389424892,0.10494724730742969,0.17580845376187856,-0.22762946192186465,nm
13.072519540786743,-152.40279225442305,-26.343697204413857,-40.11049899867615,-0.009138218489313022,0.040196094618155084,-0.06934289481349505,-0.15113470173477653,0.10593969885866092,0.020886145959286517,0.08067013152850029,0.18574484906924404,-0.22762946192186465,nm
13.082204341888428,-153.42205077136654,-26.467753621910493,-39.44948705544071,0.0,0.0,0.0,-0.15693980132077642,0.10488021846894525,0.021827143600378476,0.0,0.19001680363181042,-0.22762946192186465,nm
13.108030557632446,-155.33956431401464,-26.72877674895578,-38.24744162900671,0.02889289688917293,0.025880088141956626,-0.013244410630071243,-0.14419331549097136,0.09935586748492967,0.0033965949451022826,0.04098771603568278,0.17514233495412468,-0.2511145045554496,nm
13.120103120803833,-156.2530066858225,-26.776550121995516,-37.73385865313772,0.017335377876697835,0.002001609312069435,-0.024741092511619853,-0.13398545514008717,0.10276711793598625,-0.006655566220814576,0.03027611970901489,0.16898958334668107,-0.2511145045554496,nm
13.12222170829773,-157.1549072046002,-26.77497174639014,-37.263825927887545,-0.024529827304362612,0.018662257793918557,-0.015552389193274145,-0.12793521456200643,0.10213243473404779,-0.011631557768394717,0.034523457288742065,0.16411504040108774,-0.2511145045554496,nm
13.130824089050293,-158.04456272597426,-26.78492673720886,-36.79777276643749,-0.02523450386405585,0.03701882969253758,-0.06176353296531655,-0.13060829696782014,0.09424457785709046,-0.010934672450140084,0.0763014281742347,0.1614315172259969,-0.2511145045554496,nm
13.140134334564209,-158.95387259748813,-26.82828201478448,-36.46061132592546,-0.037235013811487735,0.04496843539608817,-0.06954690685008781,-0.13892893865400513,0.0870131732774295,-0.0036218627889262212,0.09080406757369754,0.16396847321786617,-0.2511145045554496,nm
13.16907262802124,-160.86226704256416,-27.096523380538112,-35.59795940281381,-0.003956814163501817,0.02003163735723237,-0.05288101555744254,-0.1592167925570457,0.08122637714209419,0.01403682756763632,0.05668619479134788,0.1792895532482208,-0.27107679079399677,nm
13.169617891311646,-160.86226704256416,-27.096523380538112,-35.59795940281381,-0.003956814163501817,0.02003163735723237,-0.05288101555744254,-0.1592167925570457,0.08122637714209419,0.01403682756763632,0.05668619479134788,0.1792895532482208,-0.27107679079399677,nm
13.182505369186401,-161.86775696349824,-27.307136329946143,-35.12744660560251,0.020223276694993936,0.00013859384466787146,-0.03188159877603661,-0.16818293785139143,0.08133493812128093,0.012633852060441519,0.037754952907562256,0.18724445775884185,-0.27107679079399677,nm
13.183070659637451,-161.86775696349824,-27.307136329946143,-35.12744660560251,0.020223276694993936,0.00013859384466787146,-0.03188159877603661,-0.16818293785139143,0.08133493812128093,0.012633852060441519,0.037754952907562256,0.18724445775884185,-0.27107679079399677,nm
13.185104608535767,-162.88375465055785,-27.522805162604683,-34.700541660294704,0.04452825032310092,0.05200862816222162,-0.013434862632024881,-0.17538866322222868,0.08720269706386709,0.002086912028328705,0.06977218653657306,0.1958822318739168,-0.27107679079399677,nm
13.185802459716797,-162.88375465055785,-27.522805162604683,-34.700541660294704,0.04452825032310092,0.05200862816222162,-0.013434862632024881,-0.17538866322222868,0.08720269706386709,0.002086912028328705,0.06977218653657306,0.1958822318739168,-0.27107679079399677,nm
13.187931299209595,-163.8891261835104,-27.73209414723294,-34.345466354231455,0.07707100011444218,0.06541090862704328,-0.050844153213402986,-0.17701554758050753,0.09351916093442884,-0.01216605783107142,0.11315323213255443,0.20057006384367407,-0.27107679079399677,nm
13.2121102809906,-166.1155607506189,-27.97344870034427,-33.792091253877224,0.05566770433872778,0.12347292831471772,-0.06008787950999069,-0.20182334808528316,0.11954088825051738,-0.046422946992087176,0.14817223288107184,0.2391187525132778,-0.2880447340967619,nm
13.21280813217163,-166.1155607506189,-27.97344870034427,-33.792091253877224,0.05566770433872778,0.12347292831471772,-0.06008787950999069,-0.20182334808528316,0.11954088825051738,-0.046422946992087176,0.14817223288107184,0.2391187525132778,-0.2880447340967619,nm
13.2255699634552,-167.3845142867268,-28.077145129982448,-33.51796417295073,0.04374648382242802,0.1273106819047981,-0.09116312791560131,-0.22142539740274522,0.12496662587099826,-0.05476761716703599,0.16258068909082324,0.2600872086179955,-0.2880447340967619,nm
13.229017972946167,-168.9907381658119,-28.279345629974895,-33.108205844633275,0.040234085733058485,0.12541175842654634,-0.11758905085571464,-0.2513253505337325,0.12926526867566943,-0.06039557148516996,0.17656181831744192,0.2890009802089204,-0.2880447340967619,nm
13.229695081710815,-168.9907381658119,-28.279345629974895,-33.108205844633275,0.040234085733058485,0.12541175842654634,-0.11758905085571464,-0.2513253505337325,0.12926526867566943,-0.06039557148516996,0.17656181831744192,0.2890009802089204,-0.2880447340967619,nm
13.242356777191162,-172.55121312222772,-28.747433155192716,-32.151640392388735,0.0708222005627888,0.08961596210440555,-0.11183668289310497,-0.3082127963842768,0.14725856378764146,-0.06679146315586854,0.1598569623037641,0.34805360508737193,-0.30246748590411227,nm
13.243007898330688,-172.55121312222772,-28.747433155192716,-32.151640392388735,0.0708222005627888,0.08961596210440555,-0.11183668289310497,-0.3082127963842768,0.14725856378764146,-0.06679146315586854,0.1598569623037641,0.34805360508737193,-0.30246748590411227,nm
13.259099245071411,-174.51506897080594,-29.061017519588123,-31.63092691309672,0.10149763715784313,0.06087028030402776,-0.09806766569350574,-0.33406670129811616,0.1585269476668781,-0.07745717077428606,0.15370175154333568,0.3777975216397519,-0.30246748590411227,nm
13.272680044174194,-176.63430932526816,-29.366507531008335,-31.10893165002224,0.09617045277492992,0.06614249623136967,-0.08559821994352092,-0.3561731488001783,0.17102801953059338,-0.09460558008658894,0.14474336272227187,0.40627590523474433,-0.30246748590411227,nm
13.274498701095581,-179.01932275681474,-29.600548247498033,-30.541219393519842,0.10732416063175078,0.04905446319414671,-0.11883114962942186,-0.3722943816484732,0.18105738838511015,-0.11354874718930585,0.16746837891621744,0.4292763707497963,-0.30246748590411227,nm
13.291444778442383,175.79601690068438,-30.060530396508923,-29.497864655607938,0.07819316147042121,0.04911165614027448,-0.16650089053586617,-0.4135258208087483,0.19579582762607117,-0.15601819171537118,0.19039083963997958,0.48340592335785615,-0.31472682494036003,nm
13.302485466003418,172.97196238785705,-30.32414898304116,-28.986348577595802,0.07056322906139269,0.037845184175856486,-0.191840734159881,-0.4428182371540104,0.20138622999570055,-0.17552057134202012,0.20788048139225868,0.517157496080542,-0.31472682494036003,nm
13.315469980239868,169.9859185394782,-30.607758026763204,-28.445673773310887,0.04969404469537291,0.06034889876935419,-0.17141855992720834,-0.4695512915567802,0.20658714206436896,-0.1889865848511872,0.18840331830511212,0.5466924107052147,-0.31472682494036003,nm
13.322754859924316,166.87291102731328,-30.89006379498435,-27.856446177391966,0.056138752256172784,0.00799630978705967,-0.20377190431747755,-0.48903292076818144,0.21175291344938624,-0.19536083322216868,0.21151474999219746,0.5675899480316946,-0.31472682494036003,nm
13.332483053207397,163.53684195731796,-31.176078437674388,-27.194454333744037,0.059941899808403455,-0.022207516632733744,-0.22878979621997672,-0.5238229509473552,0.2226350190227917,-0.20707109696464207,0.23755204903770522,0.6056692784289247,-0.31472682494036003,nm
13.333122730255127,163.53684195731796,-31.176078437674388,-27.194454333744037,0.059941899808403455,-0.022207516632733744,-0.22878979621997672,-0.5238229509473552,0.2226350190227917,-0.20707109696464207,0.23755204903770522,0.6056692784289247,-0.31472682494036003,nm
13.35037636756897,156.27304391145537,-31.704494612021133,-25.68604000833012,0.07854376182538705,-0.05062068044315882,-0.24719346711438672,-0.5793701170095441,0.24116457220955548,-0.2295397965069068,0.2642653704030154,0.6682204737607962,-0.32514726312117065,nm
13.369448184967041,152.38186688201768,-31.940736041205646,-24.8847571045445,0.0768971103643569,-0.06375954113049459,-0.26076370103196056,-0.6077624700084967,0.24882364320089967,-0.24766995510432252,0.279242103636692,0.7018752253983429,-0.32514726312117065,nm
13.37243938446045,148.29028559528737,-32.15993871658896,-24.082118065871914,0.06573809760020692,-0.13244028831304572,-0.29314393350941126,-0.6388414725425876,0.2565294102939122,-0.2720581426570705,0.3283219352981265,0.7402306386337566,-0.32514726312117065,nm
13.374652862548828,143.88910839716763,-32.38227352319767,-23.27538230111047,0.09226071272768979,-0.060760329155309885,-0.2759257722137963,-0.6886934211370327,0.26696802162253214,-0.30779330572867786,0.29721858704304266,0.8001920219159064,-0.32514726312117065,nm
13.386644840240479,139.33656572008914,-32.64240158266762,-22.45483358990611,0.09393843001796265,-0.10647954392353566,-0.29533006611148493,-0.7166915321435905,0.2589126910650063,-0.3252381312151937,0.327692187666746,0.8285302504056217,-0.32514726312117065,nm
13.387287378311157,139.33656572008914,-32.64240158266762,-22.45483358990611,0.09393843001796265,-0.10647954392353566,-0.29533006611148493,-0.7166915321435905,0.2589126910650063,-0.3252381312151937,0.327692187666746,0.8285302504056217,-0.32514726312117065,nm
13.39534592628479,134.58865900682386,-32.93580282316354,-21.597949347431314,0.0438505135519645,-0.22486807063069952,-0.31077859384054324,-0.7508158153176321,0.2531417844344997,-0.34365002704092745,0.3860982402413272,0.8636553089300114,-0.32514726312117065,nm
13.41254472732544,129.55702792439087,-33.21866411621352,-20.703359932091754,0.037563876481993295,-0.1778963452876582,-0.2421195576018574,-0.7954454807716651,0.2592179313378433,-0.37193078583006595,0.3027871111133684,0.915565376286864,-0.33400463557485965,nm
13.442461013793945,119.05621749140735,-33.719105101938865,-18.75283752045461,-0.04817343050463022,-0.2545923622464676,-0.14719474661371534,-0.8441031413517986,0.25615562179434725,-0.3938111849394876,0.29800040897874097,0.9660295364015877,-0.33400463557485965,nm
13.448148965835571,113.56962124741288,-33.908550744084074,-17.713074906527112,-0.03155298433735676,-0.23247478713036027,-0.060508949558425666,-0.8659480194092876,0.25519193559462106,-0.40668469291357107,0.24228382209417923,0.9901420785733746,-0.33400463557485965,nm
13.44983983039856,107.90885258558862,-34.07699817950056,-16.584365523981937,-0.05736362625408121,-0.334023678817635,-0.012905682217133434,-0.8949655956033096,0.24974518620182595,-0.41192981404855594,0.3391591960442384,1.016377020129169,-0.33400463557485965,nm
13.452552556991577,102.05114562925056,-34.22509916488013,-15.354749305406344,-0.02170521273319039,-0.23166449762792776,0.0323903139944787,-0.9283092123082661,0.2425966151781101,-0.41711560305381984,0.2349227280653239,1.0462296772999806,-0.33400463557485965,nm
13.46039342880249,96.23333958463476,-34.333685871766136,-14.186822199656817,-0.028137454600538216,-0.1694141323402769,0.04325865289757174,-0.9232523344801834,0.22755336963989498,-0.4276881235765939,0.17709933833450311,1.0426373004099014,-0.33400463557485965,nm
13.472876071929932,90.3902999384612,-34.40429715089301,-13.066260294630528,-0.07172605547733883,-0.38693367274981094,0.16905546245241415,-0.9288296185700423,0.21599243686884584,-0.44199655143593214,0.4283013466322464,1.051065242788843,-0.33400463557485965,nm
13.479954719543457,84.20949119751539,-34.42703073184147,-11.773225080356504,-0.019277943968453254,-0.2492353496192358,0.19359497555595193,-0.9850599677637052,0.21633521914128925,-0.44690852198867276,0.31617860962434374,1.1031188939355727,-0.33400463557485965,nm
13.502902746200562,71.93670520054793,-34.379644774725534,-9.247825079937236,-0.09251345714730422,-0.20016475216785934,0.26467706070469005,-0.9733039469227307,0.176258285556927,-0.4531703147928866,0.34449762586560856,1.088003166600317,-0.3415334021604953,nm
13.508853197097778,71.93670520054793,-34.379644774725534,-9.247825079937236,-0.09251345714730422,-0.20016475216785934,0.26467706070469005,-0.9733039469227307,0.176258285556927,-0.4531703147928866,0.34449762586560856,1.088003166600317,-0.3415334021604953,nm
13.515330791473389,65.6874173060453,-34.283160923444996,-8.002286949918721,-0.09019658573974262,-0.20746736785009176,0.3239422632968176,-1.006155316173015,0.17205710523999265,-0.4631922348021622,0.39511608769020873,1.1209367574077527,-0.3415334021604953,nm
13.522277355194092,59.275537364301435,-34.07470281219063,-6.602165210075013,-0.06464499895652867,-0.14872360030775061,0.32987561930293213,-1.0358282067077906,0.17328475631899276,-0.44777767881672265,0.3675807522015838,1.141697214777413,-0.3415334021604953,nm
13.532164096832275,52.84556716627985,-33.800483868546046,-5.173864193653677,-0.0038040911347930885,-0.008953038428786302,0.2903341886262386,-1.0447592093968916,0.15999878852545307,-0.4395353136167655,0.29049710685603297,1.1446889140135057,-0.3415334021604953,nm
13.547568321228027,40.16742618268971,-33.13762515187903,-2.4460188828282465,-0.0797680716767939,-0.07335616202395392,0.5704846011284002,-1.0401458077666403,0.12565820987779291,-0.42771353182999866,0.5806864488607845,1.1316501899592026,-0.34793285375828564,nm
13.565086364746094,33.742966549317586,-32.59452655176679,-1.0146194547467855,0.049246494349772664,0.11087499948096262,0.4197685009861914,-1.065464956008911,0.13411835907854813,-0.4170981828565354,0.43694859781882794,1.1520304687234693,-0.34793285375828564,nm
13.567411184310913,27.444647337500804,-31.99682440210295,0.37015856398926616,0.04881002502863691,0.18348570522989194,0.37315975832653053,-1.054431018462589,0.11760794591991751,-0.4015610601215414,0.418685595407009,1.1344195373165482,-0.34793285375828564,nm
13.59499979019165,15.368345977995139,-30.787589197881747,2.8902376359545303,-0.004428448967075414,0.23172096739153447,0.47736389148541414,-1.0171780338566798,0.07851125248518412,-0.37277113212548313,0.5306510178857861,1.0861737827223816,-0.35337238761640744,nm
13.601920366287231,9.575660447665962,-29.991874939487232,4.122882933940803,0.039215581904808366,0.2815941949746841,0.321850711150937,-0.9984687754574998,0.08774577761525935,-0.34277128588477973,0.42944270022429887,1.0593070241813802,-0.35337238761640744,nm
13.607960224151611,4.012717689846494,-29.10653181735858,5.335616204188107,0.055468030238181795,0.3101880306421014,0.30554086995741886,-0.9706940081028947,0.08623357075258856,-0.3085289766012712,0.43891746370640733,1.0221904008032126,-0.35337238761640744,nm
13.619013547897339,-1.2337408430674959,-28.1470637258479,6.534404307157435,0.15235197033721165,0.31074151737755074,0.20412840771170532,-0.9276547251978845,0.08486120929773888,-0.26448464181864395,0.40179574453028927,0.9683474788439188,-0.35337238761640744,nm
13.619694709777832,-1.2337408430674959,-28.1470637258479,6.534404307157435,0.15235197033721165,0.31074151737755074,0.20412840771170532,-0.9276547251978845,0.08486120929773888,-0.26448464181864395,0.40179574453028927,0.9683474788439188,-0.35337238761640744,nm
13.628319501876831,-5.9823532443063465,-27.083943001325128,7.7228263250029325,0.17651461377619962,0.410024727583932,0.1020924076456402,-0.853253727403096,0.09558803773754111,-0.20324212042304537,0.45793072162252024,0.882318738211904,-0.35337238761640744,nm
13.64291763305664,-15.190703178978186,-24.964767515163274,9.910609521164329,0.14345962597651007,0.17319165472592382,0.035967478560702947,-0.8425155260308242,0.057034530999125456,-0.18197489271318334,0.22774914503909427,0.8638288087967785,-0.35799599139581095,nm
13.656517028808594,-19.105020564436792,-23.82757034427064,10.891718494410114,0.08250073394868598,0.2573142004481267,0.1607256666641828,-0.7344888789244706,0.0838140895110363,-0.1255129765847822,0.3144037353133334,0.7498347965755268,-0.35799599139581095,nm
13.657222270965576,-19.105020564436792,-23.82757034427064,10.891718494410114,0.08250073394868598,0.2573142004481267,0.1607256666641828,-0.7344888789244706,0.0838140895110363,-0.1255129765847822,0.3144037353133334,0.7498347965755268,-0.35799599139581095,nm
13.6679527759552,-22.80882136887218,-22.500526267775424,11.730043036595706,0.02328894115886434,0.2706003799432629,0.14266405778027022,-0.7121253476282531,0.11558408668764188,-0.12147565723899152,0.30678978762023934,0.7315999775367148,-0.35799599139581095,nm
13.685351371765137,-26.40436390642427,-21.159720698198313,12.501068096366026,0.13703854898235843,0.040928203076818104,-0.0201263119730921,-0.7012789470681398,0.11107208158587224,-0.11033254331800213,0.14442904883687957,0.7185418839732561,-0.35799599139581095,nm
13.70426344871521,-32.541294917035785,-18.282243139889367,13.925702038675984,0.14484289653728136,0.17207804101147575,0.08551870595942757,-0.6120729709778331,0.152125349574155,-0.05732044367468783,0.24063201354897015,0.6332938315251091,-0.36192605460830396,nm
13.704868078231812,-32.541294917035785,-18.282243139889367,13.925702038675984,0.14484289653728136,0.17207804101147575,0.08551870595942757,-0.6120729709778331,0.152125349574155,-0.05732044367468783,0.24063201354897015,0.6332938315251091,-0.36192605460830396,nm
13.716476440429688,-35.434827681660394,-16.705673433376127,14.553811257732383,0.18699506383597847,-0.00963699993594388,-0.029038433815066798,-0.6047712468410442,0.15941027577497616,-0.04394192770396828,0.18948154608092857,0.6269695287959902,-0.36192605460830396,nm
13.718531608581543,-40.71964013275605,-13.660569215093721,15.805000956339686,0.04295319123008478,0.19360433588926226,0.16570230440144026,-0.5643146965001228,0.14819214589768145,-0.00687862711876608,0.2584276865893399,0.5834889067521545,-0.36192605460830396,nm
13.735921859741211,-45.15132490373368,-10.390941174399208,16.637433996738316,0.039979982923990305,0.06065586422446141,-0.03749035348131403,-0.4703161381988713,0.193372969779337,0.0007950980965882993,0.08174998167322564,0.5085184435913445,-0.365266608338923,nm
13.757622480392456,-47.19237073575106,-8.766351271583062,16.955798594845998,0.07944000520839839,0.0337921004063621,-0.08547744163423497,-0.47092893465843016,0.1855458939321302,0.0018550526998592004,0.1214866803633965,0.5061667526360424,-0.365266608338923,nm
13.765005588531494,-49.21884293272792,-7.122956918348092,17.20957674948056,0.06728856084147979,0.04496963251038352,-0.01723188366060074,-0.47183465875335573,0.18733215243480977,0.0010835656121648309,0.08274633576617728,0.507663722016051,-0.365266608338923,nm
13.766945838928223,-51.051243771065025,-5.424400212980705,17.410866164101375,0.034602678560432296,0.1376352598744565,0.10527074834836948,-0.44029846073743867,0.20728168409663236,0.006749870155573695,0.17669957719839488,0.4866970226299017,-0.365266608338923,nm
13.767614126205444,-51.051243771065025,-5.424400212980705,17.410866164101375,0.034602678560432296,0.1376352598744565,0.10527074834836948,-0.44029846073743867,0.20728168409663236,0.006749870155573695,0.17669957719839488,0.4866970226299017,-0.365266608338923,nm
13.775272607803345,-52.61088479184854,-3.6653040469244016,17.580069582140776,0.11501392667076918,-0.017697579909575645,-0.03284269969399709,-0.3935645558285249,0.23368872966352985,0.015792598811724075,0.12091340118479407,0.45798786900253863,-0.365266608338923,nm
13.793728351593018,-55.42084132837344,-0.07819953550620351,17.8654559580017,0.09228020672843938,-0.0007805999788655349,-0.10246836690750022,-0.37352080512132146,0.24540116827171837,0.02859857958170171,0.1378985573052184,0.44783635850798825,-0.3681060790099492,nm
13.794424533843994,-55.42084132837344,-0.07819953550620351,17.8654559580017,0.09228020672843938,-0.0007805999788655349,-0.10246836690750022,-0.37352080512132146,0.24540116827171837,0.02859857958170171,0.1378985573052184,0.44783635850798825,-0.3681060790099492,nm
13.81387996673584,-56.95373383737269,1.6831489229032468,17.962012510252794,0.05260155558691745,0.056274342473448216,0.02230241519071341,-0.3907827609808268,0.2332576976839997,0.03050675448932754,0.08019428280321153,0.4561260591964795,-0.3681060790099492,nm
13.821911573410034,-58.250180046680555,3.3895500489685415,17.99401370094855,0.04297643307017939,0.02225954748524269,0.078471784149979,-0.3468459428440924,0.24610806256409293,0.024715323164932558,0.09219697479507817,0.426007199147627,-0.3681060790099492,nm
13.823738098144531,-59.3354340434162,5.109571759646265,17.95853041898859,0.008912174716537088,-0.03341043000578625,-0.020392507669195675,-0.29435549265937705,0.26023869031735514,0.01569942301471017,0.040143966674804694,0.39321216140886545,-0.3681060790099492,nm
13.832731008529663,-60.43440150960654,6.793430041627279,17.865970049112697,0.03130256747269537,-0.021712962186755357,-0.020048306501695683,-0.29753002566891434,0.2529369432176406,0.011012410502023801,0.04304925145565307,0.3906692803432257,-0.3681060790099492,nm
13.859361171722412,-63.04117287027561,10.17858074643187,17.472556873284315,0.08153851292479496,0.0025514196555676285,0.1484156577338053,-0.3415446836500126,0.24771488940147518,0.004281343219169755,0.16935833694508165,0.42194047833851234,-0.37051962908032143,nm
13.867151737213135,-64.04168355354389,11.947534180387008,17.285477748328034,0.0891694538873878,-0.08736792600995785,0.10108706851899199,-0.28278100380989507,0.2726006037452483,0.007763889774262608,0.1606329400329205,0.3928567973987884,-0.37051962908032143,nm
13.874008417129517,-64.90945288932014,13.651681174430369,17.146331743686385,0.07307830031420143,-0.027268632258221726,0.08960887301957726,-0.24860648468167226,0.2836682134900693,0.017101513903885614,0.11880137375420144,0.3775782056054492,-0.37051962908032143,nm
13.879473447799683,-65.92586413378523,15.377666683170895,16.9414747540034,0.05667482754876107,-0.007075754041286387,0.0397052901663456,-0.27387005798051134,0.2790823127746864,0.016351083339531895,0.06956013542344701,0.3913554699864215,-0.37051962908032143,nm
13.888096809387207,-67.25095315162288,17.10398693359538,16.615934870287894,0.026620202493154083,-0.02105229697498183,0.06333306086809887,-0.3300068715856037,0.2610328064004122,0.015372011544108355,0.0718533992767334,0.4210450807810304,-0.37051962908032143,nm
13.911696434020996,-69.95329258690921,20.38538006800258,15.746784780671879,0.03861995793561226,-0.054991368490714156,0.059866210589703144,-0.301777808196083,0.24230318888810726,0.01764177310517098,0.08999730512521281,0.3874169756519092,-0.37257114664013785,nm
13.931709289550781,-71.21446854838082,21.872212869531733,15.26861253450821,0.06227006448900336,0.03732015659454234,0.05165745692929931,-0.30274593159386387,0.23166677204071442,0.020249360263562048,0.08910021254805295,0.381752051671611,-0.37257114664013785,nm
13.939457178115845,-74.16528015448323,24.86063253310523,14.075667398710783,0.02789458805943713,-0.038329582986432194,0.03827603952167396,-0.3146829922966934,0.22724216477180034,0.023660069214004896,0.06092881236643491,0.3888755404575947,-0.37257114664013785,nm
13.950022459030151,-75.58578112432012,26.353697941342457,13.49408338697025,0.03250714617822866,-0.07329455486461676,0.02928323529972467,-0.29261076709777234,0.23216287494798224,0.03081721224806239,0.08535990976491298,0.3747937594149632,-0.37257114664013785,nm
13.967915296554565,-78.28184700144566,29.35571048866948,12.299016360224712,0.016185007429112767,0.014363306329015413,-0.06917075754824036,-0.30160970778554197,0.23640795872043516,0.029244793741373506,0.07247656679216408,0.38433370492037056,-0.2683990508048075,nm
13.975973129272461,-79.9601194588536,30.83226359243678,11.453133498213553,0.045315956585024526,-0.10414882783517647,-0.06915438513281529,-0.30816131488185233,0.23597771696849354,0.022732871860726752,0.13297685228548162,0.3888002859546413,-0.2683990508048075,nm
13.982860326766968,-79.9601194588536,30.83226359243678,11.453133498213553,0.045315956585024526,-0.10414882783517647,-0.06915438513281529,-0.30816131488185233,0.23597771696849354,0.022732871860726752,0.13297685228548162,0.3888002859546413,-0.2683990508048075,nm
13.989675045013428,-81.36267858704052,32.275193153273214,10.66552526526529,0.021929504598645285,-0.06541819859195246,-0.09231061532991265,-0.26166497649127657,0.2388830929990293,0.01864134341379623,0.11524623022704578,0.3547973953219418,-0.2683990508048075,nm
13.993038177490234,-82.51851830289371,33.664058363449506,10.006953601903463,0.03454159338613331,-0.03406328569150721,-0.11984076630237493,-0.22813635126015494,0.23470131083363108,0.026505626679525992,0.12928742542759003,0.32838003641968844,-0.2683990508048075,nm
13.993853092193604,-82.51851830289371,33.664058363449506,10.006953601903463,0.03454159338613331,-0.03406328569150721,-0.11984076630237493,-0.22813635126015494,0.23470131083363108,0.026505626679525992,0.12928742542759003,0.32838003641968844,-0.2683990508048075,nm
14.019763946533203,-84.98438219913906,36.34068841955034,8.480771778534086,-0.02360014493608273,-0.08218413108852611,-0.04820441807393845,-0.20747532983236927,0.2291965779356685,0.011172763250981614,0.09815734392100878,0.3093572602431271,0.2,nm
14.032122373580933,-86.13823337501536,37.66334707542593,7.7417971941160575,-0.009439039674883203,-0.11281923423941863,0.009525681801468523,-0.18174565446692162,0.22709362217697945,0.016732233171048043,0.11361343977776421,0.2913468101386399,0.2,nm
14.034247398376465,-87.10158321556214,38.94320338382906,7.094645620119037,0.003106232904049808,-0.03366362955053308,-0.0013305827875787575,-0.16231222130827544,0.2282757288765988,0.014690890082688115,0.03383281081914901,0.2804833111462974,0.2,nm
14.04240870475769,-88.2033832673809,40.22802773651561,6.288689327143268,0.00511465443143057,-0.056992250654541346,-0.001370066115132541,-0.17287195814255898,0.2307853453605497,0.0014823740948077362,0.05723769217729568,0.2883553137679065,0.2,nm
14.078733444213867,-90.5587724965373,42.73861884074611,4.508441669181877,0.029327252466587007,-0.07432651874268126,-0.020602047155434226,-0.16440552812909298,0.23630322448640126,0.005082771421461205,0.08251644364997693,0.2879135740936842,0.21828642383930963,nm
14.08091688156128,-91.64731917388633,43.939735825589565,3.7220456910694995,0.046317613455305905,-0.04041011057934522,-0.04028162656890853,-0.152921323118804,0.23712389268614564,0.008534547015480787,0.07349086876794314,0.2822862200671436,0.21828642383930963,nm
14.083129405975342,-92.74965453978486,45.11814747223609,2.9463983947638543,0.04231642303093119,0.0007096537335956905,-0.08574124211961018,-0.15804027934664722,0.2330351143116215,0.01532502172411884,0.09561769641006806,0.28198750094470765,0.21828642383930963,nm
14.090479135513306,-94.15905165126823,46.24135713243562,1.9092521451265239,0.05744710182811456,-0.11835701028026126,-0.04320233375466545,-0.1653152026777712,0.2253855324624868,0.02532378265215622,0.13847379908409077,0.28065824136769063,0.21828642383930963,nm
14.091161966323853,-94.15905165126823,46.24135713243562,1.9092521451265239,0.05744710182811456,-0.11835701028026126,-0.04320233375466545,-0.1653152026777712,0.2253855324624868,0.02532378265215622,0.13847379908409077,0.28065824136769063,0.21828642383930963,nm
14.096989631652832,-95.37553735338922,47.349513539146145,0.9743667471848225,0.041262403029503764,-0.1410417887367456,-0.022500082340308383,-0.1257851541484353,0.22022466616684966,0.020012425467506492,0.14866615545964265,0.25440382419597884,0.21828642383930963,nm
14.12892746925354,-96.81364504520877,49.56999988477169,-0.4432287357945383,-0.0950804785321927,-0.16411398106402306,-0.16135895701363853,-0.057400628352135184,0.21423374785630744,-0.04103758487733984,0.24901889323326962,0.22555490291355834,0.23382988410272282,nm
14.136019468307495,-97.67642129850606,50.88801066534115,-1.6237680677803723,-0.19224439583534794,-0.2852131203517263,-0.14966604801244834,-0.02085482198063436,0.21504878429408644,-0.09556604014095735,0.37510579531450955,0.23624938360645842,0.23382988410272282,nm
14.1390380859375,-97.36787005727545,52.01900309160182,-2.17672220400782,-0.2737340955106154,-0.26945962370602167,-0.20557347572580792,0.05958191197797289,0.2211447783205786,-0.15192080772831623,0.43565961228325356,0.27483622220193754,0.23382988410272282,nm
14.147300481796265,-96.55297628387717,53.198610253456735,-2.612356393824289,-0.28247769337586415,-0.16972599939815533,-0.3269210303430473,0.12237378673650286,0.22767117027497658,-0.2148101088777754,0.464195995466582,0.33608464459223686,0.23382988410272282,nm
14.158441066741943,-95.54655830706052,54.41625962850809,-3.2862326448870074,-0.2776640015437428,-0.23063022075861656,-0.3213355400691611,0.1448237690936466,0.2328308110730012,-0.29583224951282294,0.483264033207512,0.40336191011450073,0.23382988410272282,nm
14.178364276885986,-91.37792539357233,57.03274401626257,-3.997169675512987,-0.29376865374486344,-0.11089041798211478,-0.254823782349541,0.32059566442904674,0.24216602681152075,-0.45301431632270045,0.4043907352725132,0.6055146037757503,0.24704182532662403,nm
14.197113275527954,-88.35517537459339,58.38576472045951,-3.892617057531257,-0.26340909502483345,0.06896224829318141,-0.2261317375608058,0.3538709698438931,0.24210995770311633,-0.5071405641090844,0.3539430826612116,0.6641034909425959,0.24704182532662403,nm
14.200088739395142,-85.26707643697526,59.72675487915169,-3.9171043435524924,-0.21805833204235464,-0.12107868126451542,-0.015058223539480888,0.34781539582075116,0.23979950401056335,-0.557678989691179,0.2498724341059111,0.6996321942539753,0.24704182532662403,nm
14.206997156143188,-81.31074712697333,61.26360322400178,-3.443885862457202,-0.22179331575816258,0.08161064352242065,0.052884527357582804,0.40273202312085976,0.22947749048196564,-0.6219188333470885,0.2421762690376135,0.7756520072537201,0.24704182532662403,nm
14.224738597869873,-72.95479358015308,63.82389220171286,-2.152213920147807,-0.03889481798579865,-0.010723492160521196,0.16828440850360368,0.37820917461718634,0.2227646778295359,-0.6450919251394818,0.17305329322400348,0.7802626950798512,0.25827197536694,nm
14.225476026535034,-72.95479358015308,63.82389220171286,-2.152213920147807,-0.03889481798579865,-0.010723492160521196,0.16828440850360368,0.37820917461718634,0.2227646778295359,-0.6450919251394818,0.17305329322400348,0.7802626950798512,0.25827197536694,nm
14.242295742034912,-68.86185897722038,65.04561226391354,-1.6760315210668142,-0.05215722857646064,0.10427009975906483,0.21270611318472757,0.3721304327620193,0.22389041725536535,-0.6687446101091509,0.24256240595503795,0.7973878174868673,0.25827197536694,nm
14.243272066116333,-68.86185897722038,65.04561226391354,-1.6760315210668142,-0.05215722857646064,0.10427009975906483,0.21270611318472757,0.3721304327620193,0.22389041725536535,-0.6687446101091509,0.24256240595503795,0.7973878174868673,0.25827197536694,nm
14.245274066925049,-64.69973413517403,66.21412581376528,-0.9061836178332854,0.05421349893140118,0.08442087677288952,0.14550643834243204,0.35899675386500307,0.2168977321508076,-0.6312800996618071,0.17674306634374207,0.7579167894477561,0.25827197536694,nm
14.253739833831787,-60.74236118159228,67.34097846229317,-0.21608263459290808,0.07555443839332729,-0.017529890849003128,0.09092989844227856,0.32798316588529447,0.22815753074994136,-0.6180854683895485,0.1195157590647867,0.7359744983193225,0.25827197536694,nm
14.263996124267578,-56.636342424555316,68.55868069794671,0.6031557350628001,0.0153280412686438,0.08007416671915044,0.10276662001200454,0.3165807090859052,0.23476236876647866,-0.6246032826026852,0.1311785013391725,0.7385566842106518,0.25827197536694,nm
14.292513370513916,-47.5039106546887,70.612240374136,3.761638443838562,0.019352387549602466,0.0012723704681891817,-0.055110306650711684,0.31205173736057146,0.2074618996064238,-0.5648563982602707,0.05842328071594238,0.6778491552208518,0.3506232515150338,nm
14.307636022567749,-42.4975591144666,71.65907979583913,5.778757101465357,-0.038119888058329776,0.09741704494979887,-0.009321255358944045,0.2906885009634617,0.2162981896852795,-0.5727439652489786,0.10502424631387444,0.6777317767248611,0.3506232515150338,nm
14.308602094650269,-37.288179550814135,72.5161832143248,8.15093527221874,-0.06036577071203196,0.043764730002633215,0.03851361397745713,0.2914604430458372,0.18822856445936226,-0.5432628696076419,0.08392065495136213,0.6446035431435649,0.3506232515150338,nm
14.314841270446777,-31.929862678010966,73.15108832039049,10.748658594608383,-0.029462538616719325,-0.028270933126423106,-0.010362956490778048,0.30390273587862243,0.1586880131076173,-0.5316406532776436,0.04212692379951477,0.6325982473861548,0.3506232515150338,nm
14.317082643508911,-26.078872195983347,73.83078765189653,13.625857925629054,-0.08445163504426331,0.006079158250018836,0.020635522992143655,0.29987242430770117,0.1735015316852487,-0.5731050687449206,0.0871484918735689,0.6696832625789788,0.3506232515150338,nm
14.348273038864136,-13.639524393285921,74.99963189028114,19.996594764768478,-0.10114468806415308,0.04906923161657658,0.08254618685266539,0.28539333966620556,0.18143550993876023,-0.5846173253171304,0.13947010568201065,0.6753855340866605,0.42912183624091355,nm
14.355950832366943,-6.357563073643453,75.31045522926689,24.1143086093008,-0.07221499232864795,0.09810714126978766,0.046225320979647634,0.30490420956633346,0.17053829318399644,-0.6114941426903586,0.1302950366853174,0.7042549062647686,0.42912183624091355,nm
14.358082294464111,1.2445851931178513,75.48811221958705,28.494246277835163,-0.024508179813428437,0.11819115283925694,0.00901953610226665,0.30458222113030153,0.18507357461058105,-0.6207404031320067,0.12104194115570036,0.7157801377017194,0.42912183624091355,nm
14.364376783370972,8.938213926686958,75.71014967236513,32.96531474488595,-0.060805628810609864,0.0395877164892978,-0.007507527350353247,0.29883276472459763,0.20872581875709195,-0.6305202251604611,0.07294432643329425,0.7283016154212235,0.42912183624091355,nm
14.404971837997437,24.47020179487858,75.15898843466007,41.702730820449354,0.03236771175160455,0.0935003869697558,0.0228857090826267,0.32963254165866446,0.17097305184620912,-0.6647762950812169,0.10155661872937509,0.7614571028494428,0.4958456332579113,nm
14.406814575195312,31.47612475060025,74.64635166758943,45.34006456934668,-0.006543043312556897,0.0247934610572524,0.003579446140354191,0.3278540169460817,0.17026610315776905,-0.6619819328731515,0.025890916585922238,0.7580889669179254,0.4958456332579113,nm
14.409061670303345,38.376307678865075,74.19381238589337,48.799050001511404,0.09079451701898258,0.05746611337288225,0.09868183151534878,0.3172844324825205,0.19938321413353066,-0.6694897925848338,0.14589072067173758,0.7672285575689008,0.4958456332579113,nm
14.409595966339111,38.376307678865075,74.19381238589337,48.799050001511404,0.09079451701898258,0.05746611337288225,0.09868183151534878,0.3172844324825205,0.19938321413353066,-0.6694897925848338,0.14589072067173758,0.7672285575689008,0.4958456332579113,nm
14.415523767471313,44.59825229575893,73.6259584470353,51.654914785962134,0.037009326367286405,-0.023569835649455785,0.14179034999619583,0.30585057861909354,0.1824018224957183,-0.655964127210267,0.1484241582180825,0.7463939559496185,0.4958456332579113,nm
14.435727834701538,54.69054455427991,72.11108136037271,55.10602009892145,0.07091059753069047,-0.011651898690570482,0.05341429616029454,0.2954914748503079,0.16138232411474127,-0.6441510851999612,0.08953863199510331,0.7268356669909459,0.5525608607223594,nm
14.45304799079895,59.879267105063626,71.46070910055302,57.076901761997085,0.046627604839282424,-0.02242138291876138,0.07420389247641167,0.28866253513969503,0.19746202417439476,-0.620835962027533,0.09046032060350473,0.7125690155563721,0.5525608607223594,nm
14.456270217895508,64.55247130467035,70.69485799508337,58.5816013730164,0.06897380197116061,-0.024376339775303308,0.05975595615664254,0.2880348634135459,0.18142045395978856,-0.6145441630661896,0.09445827436171221,0.7025254386962506,0.5525608607223594,nm
14.469688415527344,72.49052401150654,68.76842861888812,60.256105699446145,0.04880779029644907,0.04367639518556033,-0.040427024269585915,0.29797077924462023,0.14304702003061698,-0.6095497601164876,0.07696864414371007,0.693397393477473,0.6007688040671403,nm
14.470377206802368,72.49052401150654,68.76842861888812,60.256105699446145,0.04880779029644907,0.04367639518556033,-0.040427024269585915,0.29797077924462023,0.14304702003061698,-0.6095497601164876,0.07696864414371007,0.693397393477473,0.6007688040671403,nm
14.484423398971558,76.64804437415911,67.75894636785286,61.2466716878544,0.04482449390927319,0.04884250672426435,-0.005283550271468807,0.3099539065584972,0.1738210828623634,-0.6059150012970517,0.06650369629429191,0.7024373152354054,0.6007688040671403,nm
14.493349075317383,80.5591498287495,66.70540132433489,61.9146670108451,0.04548619072972302,0.055875885968813065,0.06876582172314358,0.31153115153484257,0.16990225302522055,-0.6205110963827025,0.09959842577651369,0.7148093834678828,0.6007688040671403,nm
14.499951362609863,83.8087384112422,65.6778698023694,61.86716572824178,0.10477885001738374,0.05621509962548916,0.11112226810290482,0.29798825776731364,0.12943761681396032,-0.6397738789023415,0.16274797481137185,0.7175386502059834,0.6007688040671403,nm
14.516736030578613,90.3732670416248,63.61522894975313,61.71736726833294,0.0778628121507064,0.008321688179015732,0.11947510280869335,0.3159832485540772,0.17692971214605452,-0.6481239249602542,0.1428501599625034,0.7424379829405003,0.4459749180889633,nm
14.538323879241943,94.01137897047364,62.634797108007966,61.91099519916138,0.0896495776425376,-0.013471947907167577,0.16180848663830846,0.3200012983595149,0.19439487661300764,-0.645455577033147,0.18547378925357208,0.7461924020843114,0.4459749180889633,nm
14.545621395111084,96.99942071034661,61.65809575274654,61.469264553091115,0.04727655162092332,-0.020838213524001243,0.09308579025157081,0.30046627494681893,0.16044750416337455,-0.6502166370719619,0.10646251839402039,0.7340334182432329,0.4459749180889633,nm
14.547152757644653,99.6301655293894,60.62426826833274,60.68465599438752,0.16394987938188663,-0.04812220493927321,0.021566830350411702,0.30740002511102826,0.15506485362403027,-0.6607956011331173,0.17222205935627416,0.7451112069648266,0.4459749180889633,nm
14.572760343551636,105.67739498656054,58.508944134229964,59.93394519775703,0.09627458936593139,-0.08574461191011834,0.04326275099019495,0.3488107476406041,0.17859802196377672,-0.642439995549267,0.13598750182437772,0.7525259723094699,0.31440011500751286,nm
14.585612773895264,108.09168200863314,57.47949179758524,59.03395226832968,0.11561620974640555,-0.1212691991426418,-0.02837009361900928,0.32574684960375044,0.1429742913352767,-0.6323437096689795,0.16993583738803864,0.7255420216414205,0.31440011500751286,nm
14.587448835372925,110.3861680561982,56.53397666814923,58.17125376119224,0.00878778493206712,-0.11256687833951234,-0.06015763050305151,0.3087930101114682,0.11795710820616082,-0.6024459476352578,0.12793540468086428,0.687174011653675,0.31440011500751286,nm
14.59471607208252,112.76767488636881,55.59361576000129,57.39243656564494,0.024509000926057532,-0.15420539927112412,-0.00296244691796067,0.3257827211007192,0.13171290974373606,-0.593747465295771,0.15616905065505787,0.6899411022008353,0.31440011500751286,nm
14.62668752670288,117.05003221707611,53.92225239634273,55.85377556142898,-0.08145953981159793,-0.1013931469594486,-0.018011904205967703,0.28410884765780436,0.10110970699369433,-0.5290338352492504,0.13130367690884595,0.6089481168411043,0.20256153238828,nm
14.6301748752594,120.54031450379455,52.343686047751234,54.12514267959189,-0.011442535250313217,-0.1436161592335352,-0.05276304551812508,0.27132593395309407,0.07558418821019564,-0.4592675249770241,0.15342904476758806,0.5387554096632668,0.20256153238828,nm
14.653648376464844,123.62271970044978,50.65539083633488,52.58766037067989,0.02441209654860974,-0.16186888991127946,-0.060066232913465564,0.2581082968424635,0.041377818207211856,-0.41801908700115104,0.17437155821814304,0.4930232994857162,-0.2,nm
14.661007642745972,124.67669614297124,49.88639765797164,51.70797747475567,-0.08233502598536752,-0.09453829936301904,-0.10549593888500354,0.2185305547560965,-0.0026542670427311347,-0.36657524447955925,0.16384730596409375,0.4267786995162599,-0.2,nm
14.673179388046265,125.60634420128069,48.93685874756206,50.82901290985928,-0.07606040622247895,-0.12569693571982318,-0.1267550860586983,0.21538478780440992,-0.017981098246838023,-0.34279717350879885,0.19404060628082434,0.40524539340667975,-0.2,nm
14.680150270462036,126.3031667614441,47.97327243552195,50.0263261255048,-0.06306554703526841,-0.21884627777470173,-0.13142202758979424,0.199165272674847,-0.044752961974289365,-0.28739793065996355,0.2629500063786122,0.3525155372359459,-0.2,nm
14.714348793029785,126.29584233447603,46.224591110044756,48.46750080599443,-0.24375536306786103,-0.15179077112732603,-0.2637268664500998,0.10251641788722886,-0.12347716364197182,-0.14835315592458292,0.38988328421639445,0.21855178962954946,-0.2346785653681059,nm
14.716056823730469,125.7860584925582,45.392108438137676,47.80996721425471,-0.2005372850522517,-0.21412078768058954,-0.34969649214526627,0.06878099773999555,-0.15689519813770675,-0.08313750899022321,0.4564543252416264,0.1904173685614812,-0.2346785653681059,nm
14.71872854232788,124.81845183810962,44.55803228634073,47.23727626938769,-0.23644837449967526,-0.12954666867978357,-0.37539373093958545,0.02290453710045879,-0.20655040504586356,0.0009797130376541124,0.4621802964193845,0.20781878520006977,-0.2346785653681059,nm
14.7258780002594,123.3240200541089,43.75771088175941,46.61310205716669,-0.19507509189539532,-0.1397425206004071,-0.3937605424755733,-0.03710715191697753,-0.2590338642781406,0.06458963966845663,0.46111780311804257,0.26953164029248383,-0.2346785653681059,nm
14.7540922164917,118.71582176952413,42.22518288626259,45.117427576682005,-0.06555073612085663,-0.14327007140256962,-0.3808967967824529,-0.1565018867770552,-0.36692637480450396,0.17270427206345862,0.4121960482159149,0.43468905056479473,-0.26415534593099593,nm
14.766794681549072,115.87264829500724,41.41169682197812,44.389288004561436,-0.003801072013835969,-0.17010057415445368,-0.28416488388030176,-0.19354351614061402,-0.4078896563153984,0.2189997250846684,0.3312073892696758,0.5017907372165475,-0.26415534593099593,nm
14.767321109771729,115.87264829500724,41.41169682197812,44.389288004561436,-0.003801072013835969,-0.17010057415445368,-0.28416488388030176,-0.19354351614061402,-0.4078896563153984,0.2189997250846684,0.3312073892696758,0.5017907372165475,-0.26415534593099593,nm
14.76906156539917,112.63276131753285,40.61466627069962,43.62694369630946,0.02781408690760602,-0.1631323529894009,-0.1974473111529804,-0.2477661399720687,-0.44880189182007807,0.2543690860246486,0.25762614134420486,0.5722891141223594,-0.26415534593099593,nm
14.76968002319336,112.63276131753285,40.61466627069962,43.62694369630946,0.02781408690760602,-0.1631323529894009,-0.1974473111529804,-0.2477661399720687,-0.44880189182007807,0.2543690860246486,0.25762614134420486,0.5722891141223594,-0.26415534593099593,nm
14.776413202285767,109.09443540006265,39.839358201722625,42.82748506781143,0.08414130564568714,-0.14924902061029785,-0.1527209418681261,-0.29407862557204634,-0.47796604840595613,0.2793851483830832,0.22951844273169336,0.6268890193520589,-0.26415534593099593,nm
14.806659936904907,101.53077348006353,38.30459620429474,41.40927578044824,0.10678454352458008,-0.1571157616631005,-0.030172533301411,-0.3563028999054836,-0.511889543279917,0.32925255490778227,0.19235041737556458,0.7052587510365832,-0.2892106094094524,nm
14.807307481765747,101.53077348006353,38.30459620429474,41.40927578044824,0.10678454352458008,-0.1571157616631005,-0.030172533301411,-0.3563028999054836,-0.511889543279917,0.32925255490778227,0.19235041737556458,0.7052587510365832,-0.2892106094094524,nm
14.813329458236694,97.49355405707568,37.56997627917994,40.68175761544298,0.12858639871012803,-0.08728951771518796,-0.05613758465287441,-0.38935605512258853,-0.5255934811621877,0.333922990124997,0.16524330620890146,0.7344053434138602,-0.2892106094094524,nm
14.815237283706665,93.44399292766319,36.83157286520772,39.99432207140532,0.22955791854164753,-0.10506900405916136,-0.018621282893618214,-0.40122346171047796,-0.5273749812324728,0.33450864776408956,0.2531463721955381,0.7422941953739435,-0.2892106094094524,nm
14.822617530822754,88.96452018722746,35.985330856297146,39.155321820960886,0.2057557684721926,-0.09569788461948608,0.03044475931920751,-0.4328366862528662,-0.5437512553446349,0.345177215492049,0.2289550277898074,0.7759899063454839,-0.2892106094094524,nm
14.841449975967407,79.68196628633203,34.19081221873611,37.32004861239586,0.25170066853609946,-0.11826528620666661,0.04912739657135032,-0.4791410543930164,-0.5689672608854217,0.3230730533950783,0.2824064545242245,0.8109723125941662,-0.3105075833661405,nm
14.853939771652222,75.1094886656607,33.37979206892022,36.5672275146188,0.19944925799993518,-0.13075093412743274,0.12489886262512358,-0.512559270970873,-0.5865496900261777,0.33747950450535874,0.2692128139167422,0.8489110442732974,-0.3105075833661405,nm
14.854598045349121,75.1094886656607,33.37979206892022,36.5672275146188,0.19944925799993518,-0.13075093412743274,0.12489886262512358,-0.512559270970873,-0.5865496900261777,0.33747950450535874,0.2692128139167422,0.8489110442732974,-0.3105075833661405,nm
14.86381721496582,70.22962327833514,32.524625143932454,35.67880519055416,0.05994135624081084,-0.056650567319944486,0.02454136053887537,-0.5492340406903446,-0.6099759862344327,0.33331297014764955,0.08604958653450012,0.8859042111336642,-0.3105075833661405,nm
14.87022352218628,65.57693046317677,31.652075437913187,34.87371151242214,0.20131474536830737,-0.13343135154134014,0.1441615859535989,-0.5440328976511245,-0.5992731316493696,0.31558613683556175,0.2812723149218778,0.8687316558099604,-0.3105075833661405,nm
14.898604154586792,55.79649091673228,29.910492584896215,33.35448940506709,0.12220112518269553,-0.07927888956175444,0.18832779276579334,-0.6190483268976708,-0.6323793950248457,0.33311518277847657,0.23808741011254098,0.9455634591524427,-0.3286100112293253,nm
14.91266918182373,50.7421498875531,28.933765883518838,32.47645950977146,0.18381889149921105,-0.03916144396896513,0.24248240786142447,-0.6319642156714288,-0.6460998413674396,0.3076083140003369,0.3067910065305164,0.9546971508003806,-0.3286100112293253,nm
14.920028924942017,40.57508809182125,26.995975865503745,30.897230285834496,0.12039174004118161,0.002687606578782304,0.3309582387511364,-0.6652304907831075,-0.6413791824383499,0.3004659872765081,0.35218567559814234,0.9716885668993266,-0.3286100112293253,nm
14.928204774856567,35.4560907735753,25.861689872334175,30.038363006862056,0.08746830407373907,0.051953264384904094,0.335195008577812,-0.6716585080418994,-0.666139390467329,0.27174539625391186,0.35029350504007817,0.9842318829129904,-0.3286100112293253,nm
14.956987380981445,25.501445739532993,23.451356936909324,28.436705576939488,-0.0697050990720033,0.16080713184865453,0.2190142940260066,-0.6650893956779205,-0.6503560541600278,0.23750948794483898,0.28050845883455716,0.9600612784034372,-0.34399707491303244,nm
14.962465763092041,20.779960030146803,22.169084287103928,27.722414048609696,-0.05674209869643089,0.15984124235198102,0.32066289891997835,-0.6413950339243397,-0.6433876151771774,0.2129499796534604,0.3627582986850397,0.9331039099374677,-0.34399707491303244,nm
14.967501163482666,16.23022374880858,20.79263473352372,27.048219161255854,-0.020297087523720492,0.17653532579523606,0.4442141321335319,-0.618633258715636,-0.6417573631639629,0.1888321310880729,0.47843796693272855,0.9111625517412097,-0.34399707491303244,nm
14.99031662940979,7.67884803238808,17.950466561455187,25.85804574654553,-0.12682717274863525,0.18059816583131413,0.2825411123045601,-0.5724588112035551,-0.6133845131526148,0.14415211701414685,0.3585112402580218,0.8513104512102022,-0.3570760790441835,nm
