timestamp,roll,pitch,yaw,acc_x,acc_y,acc_z,gyro_x,gyro_y,gyro_z,motor_input,markers
0.0,3.4118538291076113,9.050246036236118,142.69409016263467,-0.0016681717262643503,-0.057801393831600975,0.30346154353236676,-0.13789464163381626,-0.01051796521923007,0.16749354879771183,0.0,nm
0.009517000000016651,4.164463478185139,9.263547461617396,143.6868904005157,-0.15650888781141553,-0.06918234415474184,0.5220264698346788,-0.14234727343589607,0.06796237199987518,0.16788370836588962,0.0,nm
0.019010999999977685,5.0133922162210185,9.76837467910176,144.4606728444907,-0.06057322006133225,-0.18135411364187695,0.5186827635285997,-0.1928776681531422,0.02942267504860602,0.11970119496926919,0.0,nm
0.047709999999995034,8.272696730251047,11.531510890067356,144.42994406993517,-0.11785281351322237,0.17781978959219455,0.6733534250292487,-0.25880627053653693,0.0432621918189427,-0.11313498927687535,0.0,nm
0.06653699999998253,10.888287436676833,13.357824138899943,144.39163031580912,-0.09437886294245733,0.3668946904752089,0.4990430686295849,-0.3159932133071196,0.027354348599204874,-0.042429893405987566,0.0,nm
0.07604300000002695,12.359020656791229,13.991181712924302,144.92384514115406,-0.17745436198960646,0.4803157108357453,0.49644034840516327,-0.30449525434521185,0.073803700612125,0.027995006131554232,0.0,nm
0.08559300000001713,13.955578972901293,14.689607389398962,145.84050653622356,-0.1362278400366461,0.4200718040048364,0.4544067142346748,-0.3322235544880904,0.07233890485551041,0.09501648703956335,0.0,nm
0.10462300000000369,17.377126080308024,15.948187581314508,147.7654177526607,0.038541302487827916,0.2571173302198914,0.3658296453918221,-0.3383135749871438,0.09973492103869905,0.06990267109296848,0.0,nm
0.11412999999998874,19.12805087027415,16.540827471427583,148.3299303258235,0.03976125460492988,0.3253762112246643,0.37273552486017714,-0.34669678715089725,0.08808558088508817,0.004593177995023306,0.0,nm
0.12364800000000287,20.84959367846629,17.362885637811978,148.64292340769546,0.12386704911582215,0.3656450865606859,0.270239156654894,-0.3654414939077046,0.04231938654511173,-0.04852334986879454,0.0,nm
0.13315899999997782,22.555974200971274,18.211882366064984,148.78527410188616,0.13485117723469006,0.49469380977919514,0.16447955763987893,-0.3645705253703026,0.03361694700908097,-0.08687176177949456,0.0,nm
0.15212500000001228,26.056273239647524,19.678362569824788,149.44596026373412,0.056720491361492195,0.7736880098793314,0.05115673016361504,-0.36055039362216773,0.05725595765447873,-0.03202962252770836,0.0,nm
0.16164400000002388,27.802194138609096,20.28987305699154,150.30216596309572,0.09628047233619928,0.7330287521363538,0.001914479175891602,-0.34396812966700174,0.06783694889434004,0.03998622877077596,0.0,nm
0.17116500000003043,29.422564746977795,20.654462711548913,151.35992839212875,0.10748025209382003,0.6764884919050608,-0.020428060690429208,-0.2994895827616892,0.09294241542450979,0.08609066424851057,0.0,nm
0.18071700000001556,30.865925600535792,20.90965288391169,152.449253044666,0.09038881517992202,0.6187965250409929,0.035987223689175285,-0.2610815587219098,0.09044756422631418,0.10314540596902383,0.0,nm
0.19017000000002326,32.074027380886086,21.281992596955504,153.41096846003043,0.11013666648173064,0.512122650225267,0.053157084666733544,-0.2336535680348638,0.044340209328999146,0.09291384703644787,0.0,nm
0.19975399999998444,33.06005002857686,21.80268886566844,154.0603908012476,0.10759301916598862,0.41787065401291645,0.030574684372641603,-0.20960168307821977,-0.004436146266574231,0.04484095077473042,0.0,nm
0.21876100000002907,34.597432477107425,23.17275486049099,154.48141384890647,-0.01356682907611372,0.4344149109570295,-0.10737675272322653,-0.1842261109593519,-0.06821655031907903,-0.04421674690338416,0.0,nm
0.22828199999997878,35.42635201437818,23.923132679637334,154.6716567418294,-0.015687766521800622,0.42281058587410136,-0.2243744655754154,-0.20045397774636212,-0.06323123630838191,-0.04123258093501351,0.0,nm
0.25681500000001733,39.287785455969576,25.088053542309527,156.76776176136144,0.0654861243427659,0.30746089874611315,-0.22425128953733073,-0.266948274449783,0.07700519337635434,0.05780226536338551,0.0,nm
0.2855610000000297,43.134571915668616,25.63953902302068,159.29117309133738,0.09594012670317638,0.3056997494179929,-0.10506357757730528,-0.2997763410493249,0.06145440748718598,0.018006305304550857,0.0,nm
0.39001000000001795,56.73966062105858,26.309670130873535,163.2722621035968,0.036987102929080085,0.014916676007021326,-0.6615117323787986,-0.08988446888332281,-0.028731285748895878,-0.009458883877313657,0.0,nm
0.3995180000000005,57.15047246651811,26.61954351938155,163.5732675535157,-0.06403380485652936,-0.04529891962307112,-0.7242783345426319,-0.08781481914526722,-0.0360127356662539,0.00887953393556634,0.0,nm
0.41854299999999967,58.21115037320833,27.216150798055047,164.60948148211355,-0.10281175209117875,-0.20268513145655578,-0.712215995329712,-0.10561858261909676,-0.024017672694535377,0.045488998840097356,0.0,nm
0.4280069999999796,58.76907262506061,27.341685653974157,165.00101944738304,-0.08951087863926215,-0.23146560542287223,-0.7280677362558521,-0.10188834023883336,0.0038196677574955634,0.012403664815786801,0.0,nm
0.43757199999998875,59.43142382768241,27.367323615870117,165.2538882674939,-0.06696720570630703,-0.20639462182665705,-0.6843445289000175,-0.11468039282342275,0.027198453091154578,-0.025101157736216614,0.0,nm
0.447086000000013,60.1360251952964,27.364444892462878,165.4451253051905,0.02154250934615567,-0.21096218984691525,-0.677604186999314,-0.12062894354192204,0.03402405297463742,-0.04136615204013528,0.0,nm
0.4660999999999831,61.485187655946675,27.262049910410592,165.6377678932922,0.13291124481697827,-0.11099754673953578,-0.6330849755652779,-0.10632854902396817,0.042714040096502676,-0.05789677154542365,0.0,nm
0.47561600000000226,61.97312613698367,27.201937222718104,165.81719786572805,0.1488587391775254,-0.09286571278347698,-0.6342663926720004,-0.08089853232001873,0.03446067095538545,-0.023621780986620173,0.0,nm
0.48511700000000246,62.32468594593437,27.137916078331415,166.1296624032693,0.1472139998014587,-0.12187758350365503,-0.6125083243545434,-0.057363032150327814,0.02890931237860747,0.0155599604843883,0.0,nm
0.49459200000001147,62.5204782918372,27.033013452931225,166.48078581533508,0.09463236674332597,-0.10951931694965124,-0.559867420756339,-0.028684924664958245,0.029928074898540352,0.0375918387604748,0.0,nm
0.5136640000000057,62.55056103376284,26.759344329516928,167.11925462801713,-0.018977234196721853,-0.14916938417058018,-0.49588847209455816,0.011548596281829433,0.02673096563982802,0.04808110025500602,0.0,nm
0.5231620000000134,62.412173110323636,26.62959933835114,167.31615986716153,-0.012326488861680742,-0.21678722290020996,-0.5226489064550789,0.030034506239384945,0.021179158802246807,0.03703700968423273,0.0,nm
0.532636000000025,62.28635151647711,26.49247767397572,167.3664945449445,-0.007666176900596152,-0.21486405561455618,-0.48239700404141583,0.0,0.0,0.0,0.0,nm
0.5421959999999899,62.14920942151345,26.36115718867774,167.3079029072265,0.0008340469406582042,-0.16336039729825783,-0.40683780181680296,0.0,0.0,0.0,0.0,nm
0.5517070000000217,61.967464947166064,26.245966072933307,168.00795846555204,0.04773999475203857,-0.15910098737283765,-0.3935918815890736,0.0,0.0,0.0,0.0,nm
0.5611690000000067,61.813565580354805,26.127373644934007,168.7165259080266,0.07490013519521066,-0.1260115101489779,-0.3322047935813696,0.0,0.0,0.0,0.0,nm
0.5706809999999791,61.629269279314514,25.997880895764425,169.44690889164272,0.07686760556725748,-0.10985814388011196,-0.2876300331458441,0.0,0.0,0.0,0.0,nm
0.5801930000000084,61.403358713050096,25.867540680676765,170.23213656938046,0.06650474713870487,-0.12064192365116637,-0.2740507413789917,0.04443303304475854,0.020402142688199683,0.014547766215194907,0.0,nm
10.902257680892944,-5.8875861121361694,2.323156125094037,-1.5980139464949015,0.001186058372349692,0.002786440029043083,0.027308851923953825,0.0,0.0,0.0,0.0,nm
10.977153680892943,-5.877167467592769,2.339928685563418,-1.5976970998284956,0.0012254235482922885,0.0028546516181700136,0.028029715855558288,0.0,0.0,0.0,0.0,nm
20.14937973022461,-3.294789737237465,1.2745067659098912,100.54869236551102,-0.0017058078581480168,0.00031849910273492823,0.02811040020010477,0.0,0.0,0.0,0.0,nm
20.16554673022461,-3.3005487468344623,1.311877497944278,100.54893202426754,-0.0016686913375603563,0.00032750676358711284,0.027399629752011885,0.0,0.0,0.0,0.0,nm
20.20356473022461,-3.3148840447077266,1.3805534356830913,100.54748715861281,-0.0016840407962024227,0.0003591265526731526,0.02744093596260794,0.0,0.0,0.0,0.0,nm
20.21308173022461,-3.320235552010842,1.395979632160513,100.54693799103588,-0.0017485557672363753,0.0003790810743403284,0.028426544772494906,0.0,0.0,0.0,0.0,nm
20.24163273022461,-3.3360596699673146,1.4391108957027021,100.54552782954129,-0.0017321612203131111,0.0003923659056562061,0.027973057298657362,0.0,0.0,0.0,0.0,nm
20.25113473022461,-3.3428023034178085,1.453928818720328,100.54439179074171,-0.0017073127253355057,0.0003921519978423082,0.027499129833430686,0.0,0.0,0.0,0.0,nm
20.27928673022461,-3.3627741468842154,1.4903321537549634,100.54309679331075,-0.0017678993977716952,0.0004189678071665274,0.028265138211634375,0.0,0.0,0.0,0.0,nm
20.34622473022461,-3.4186594637871237,1.566666664570323,100.54145752463548,-0.0017301944998362523,0.00043300961735031533,0.02713809995175183,0.0,0.0,0.0,0.0,nm
20.36525773022461,-3.4378007856132475,1.5864506485591983,100.54069812316845,-0.0018207910531892301,0.00046081126551743187,0.028384005066146214,0.0,0.0,0.0,0.0,nm
20.37477373022461,-3.447554207985973,1.5947459271339226,100.54033357511642,-0.0017645423500586611,0.00044828362097229464,0.02742393215845456,0.0,0.0,0.0,0.0,nm
20.431837730224608,-3.5078243275211345,1.6433600204928327,100.53750259121384,-0.0018188304437929644,0.00047154378733500003,0.027752523141442966,0.0,0.0,0.0,0.0,nm
20.44134973022461,-3.5180310624313433,1.6510705427051129,100.53713768952625,-0.0018413454280458213,0.0004787271501163503,0.028010320660666402,0.0,0.0,0.0,0.0,nm
20.460374730224608,-3.539562643668262,1.6649741486784884,100.53637832813978,-0.0019193315061607828,0.0005008157998686625,0.029013198495139482,0.0,0.0,0.0,0.0,nm
20.46988773022461,-3.5502770245864754,1.670955868511812,100.53602555702442,-0.0019100327326661492,0.0004988378506569699,0.028783953031945843,0.0,0.0,0.0,0.0,nm
20.47939273022461,-3.5604325876160225,1.6764481258489214,100.53570085506949,-0.0018840620864580267,0.0004923895569537793,0.02831039929092292,0.0,0.0,0.0,0.0,nm
20.48890873022461,-3.5710412986277134,1.6808015875457827,100.53539117407578,-0.001890519529165211,0.0004937847288487644,0.02832368617360428,0.0,0.0,0.0,0.0,nm
20.49842473022461,-3.5807758462247326,1.6859724695549725,100.53503017525827,-0.0019128925083997208,0.0004999098649205156,0.02857995059755487,0.0,0.0,0.0,0.0,nm
20.54602273022461,-3.6312935504135053,1.7161596549130929,100.53310962161476,-0.0018130079643660871,0.0004766310208633807,0.026701649515785623,0.0,0.0,0.0,0.0,nm
20.555531730224608,-3.639966770094188,1.7201247809373974,100.5327536678626,-0.0019837674468976556,0.0005214665245135274,0.029146947206752802,0.0,0.0,0.0,0.0,nm
20.59352473022461,-3.6749848660818785,1.7445912764555886,100.53107110916724,-0.002007097895424177,0.0005314114982200485,0.029197157525528605,0.0,0.0,0.0,0.0,nm
20.60304773022461,-3.6822410248436706,1.750119310980029,100.53065041368167,-0.001961696934213632,0.0005203693185659883,0.028477561198050817,0.0,0.0,0.0,0.0,nm
20.61254573022461,-3.6905107513046405,1.7557961273950995,100.53016743381208,-0.0019670952668068057,0.0005226250416479526,0.028489457372250452,0.0,0.0,0.0,0.0,nm
20.62206173022461,-3.6973056451948296,1.7610986781863815,100.52972971277792,-0.0019884575054288484,0.0005292826564030743,0.028743020440290933,0.0,0.0,0.0,0.0,nm
20.65060673022461,-3.7188840800820673,1.7754771186413796,100.52830596040297,-0.0019518215444412912,0.0005214437254567347,0.028044027502676913,0.0,0.0,0.0,0.0,nm
20.67913173022461,-3.737373714505629,1.7935503115249318,100.5267477489526,-0.001981507527826444,0.0005336890400685772,0.028317339827463827,0.0,0.0,0.0,0.0,nm
20.707675730224608,-3.750924670929902,1.8097137863019308,100.52588001998456,-0.001974139978256232,0.0005361518641336798,0.028097408647845497,0.0,0.0,0.0,0.0,nm
20.73620373022461,-3.759688753708391,1.8273810482822221,100.52559930922169,-0.0020156286096983385,0.0005536871677522452,0.028603213519060606,0.0,0.0,0.0,0.0,nm
20.75521873022461,-3.7627492412911985,1.8393189398302554,100.52517791326927,-0.0019330846987866365,0.0005356878670761956,0.02739641616912117,0.0,0.0,0.0,0.0,nm
20.764735730224608,-3.765711427547122,1.8446911343694714,100.52454353866271,-0.0021072634690602514,0.0005858840390044646,0.02983610638213723,0.0,0.0,0.0,0.0,nm
20.77423873022461,-3.767369134937374,1.8497228749792292,100.52394727500042,-0.002074522069101543,0.0005788186236907437,0.02935398619822057,0.0,0.0,0.0,0.0,nm
20.79325373022461,-3.769906931823471,1.8625426731065795,100.5233632217487,-0.0020432694309105936,0.0005755571144014174,0.028877063744983656,0.0,0.0,0.0,0.0,nm
20.81191773022461,-3.7712404284129577,1.8747737569912275,100.52206404072855,-0.001959475004512452,0.0005572074205015351,0.0276685648505962,0.0,0.0,0.0,0.0,nm
20.82179973022461,-3.771603633623447,1.8795422541358928,100.52146361402784,-0.0019775253047009107,0.0005644440672375405,0.02791499023704776,0.0,0.0,0.0,0.0,nm
20.85984373022461,-3.765506818220795,1.9026515789317726,100.52097983084441,-0.002011562293776817,0.0005862528234852602,0.02840777643002793,0.0,0.0,0.0,0.0,nm
20.86935873022461,-3.763111225722883,1.9072781500605605,100.52102523693704,-0.002079700826899258,0.0006088949056359745,0.029380982074771227,0.0,0.0,0.0,0.0,nm
20.87886273022461,-3.7605974672317997,1.9127081371676304,100.52036282774957,-0.0020273009018741063,0.0005966974760606475,0.02865124966072074,0.0,0.0,0.0,0.0,nm
20.888377730224608,-3.757682871755507,1.917212277078558,100.52042024904537,-0.0019401784220000442,0.0005737188613457593,0.027433813750324436,0.0,0.0,0.0,0.0,nm
20.89788573022461,-3.7557776121966224,1.9229449106560956,100.52042224689518,-0.0018882526189775027,0.0005612692342595353,0.026705008741632147,0.0,0.0,0.0,0.0,nm
20.91690273022461,-3.749913514841708,1.9366137272921642,100.52040748543368,-0.0018868246286479044,0.0005680678710159542,0.02670634055212146,0.0,0.0,0.0,0.0,nm
20.92641673022461,-3.745898827572295,1.9416373632015573,100.52047925207397,-0.002057085532505035,0.0006226789682136996,0.029138084527053913,0.0,0.0,0.0,0.0,nm
20.993003730224608,-3.720065400814403,1.9756254741058572,100.51984616113585,-0.0020295813431356765,0.00063656283816372,0.02888595264695488,0.0,0.0,0.0,0.0,nm
21.00251773022461,-3.717549669018884,1.9820685298412444,100.5191175146956,-0.002028985845715284,0.0006400379155909062,0.028886873949356164,0.0,0.0,0.0,0.0,nm
21.01202373022461,-3.713118785171408,1.9858450894229354,100.51855917156307,-0.001941557386554128,0.0006152269506145371,0.027667522913252033,0.0,0.0,0.0,0.0,nm
21.021530730224608,-3.7088683002429685,1.9907079688570521,100.51791868495343,-0.001956899573379796,0.0006233324061440379,0.027909154577252814,0.0,0.0,0.0,0.0,nm
21.05011473022461,-3.695109998086432,2.0069035518774903,100.51799682556583,-0.002053456399586822,0.000665275839971253,0.029363675876080436,0.0,0.0,0.0,0.0,nm
21.06904673022461,-3.6874257340100804,2.0144244900426367,100.51676516445202,-0.001982036983671952,0.0006475445642930304,0.02838652721105486,0.0,0.0,0.0,0.0,nm
21.07863973022461,-3.6833960389451237,2.01821217160745,100.51615660052354,-0.0019802558327763047,0.0006497293730567438,0.028384390289183412,0.0,0.0,0.0,0.0,nm
21.097574730224608,-3.6756908124986545,2.02581815905296,100.51559003904416,-0.002061654725963064,0.0006821070353773027,0.029597177802170336,0.0,0.0,0.0,0.0,nm
21.11668973022461,-3.670962095216708,2.0339700123416593,100.51492207185467,-0.0019583763249918663,0.0006528413930808514,0.028136922105423418,0.0,0.0,0.0,0.0,nm
21.12619473022461,-3.66784703140148,2.0362041160230695,100.51435108496456,-0.0020076908171875684,0.0006711457297226473,0.02886482575967715,0.0,0.0,0.0,0.0,nm
21.13572073022461,-3.664571727434146,2.039569100756622,100.51374363388577,-0.0019893466128328686,0.0006674272920597591,0.02861995739533994,0.0,0.0,0.0,0.0,nm
21.14521973022461,-3.662238019238159,2.0420026171543846,100.51382930057936,-0.001988348690923458,0.0006688099377000972,0.028618918703351558,0.0,0.0,0.0,0.0,nm
21.18327973022461,-3.6501575993742894,2.0544487909380242,100.51356747946748,-0.0020337573105403263,0.0006931601825698277,0.029343544180207234,0.0,0.0,0.0,0.0,nm
21.19272873022461,-3.649244001260962,2.056798918809362,100.51296803852631,-0.002016672816967346,0.0006887015313633077,0.029100577201152902,0.0,0.0,0.0,0.0,nm
21.20225773022461,-3.6468664566162174,2.0592552758050076,100.51245645842906,-0.001965068454709922,0.0006728310326767718,0.02836954819932829,0.0,0.0,0.0,0.0,nm
21.23076773022461,-3.6411302244530512,2.0647197948081324,100.51098918693684,-0.001979379437996245,0.0006817939725390985,0.02860997066152214,0.0,0.0,0.0,0.0,nm
21.24028473022461,-3.6404434410409148,2.066953904911412,100.51039588812618,-0.001861437319169321,0.0006423250751832608,0.026907131046989094,0.0,0.0,0.0,0.0,nm
21.268817730224608,-3.6398197824803935,2.071206118663066,100.51014857027519,-0.0019626647249541816,0.0006793644690163072,0.028369200307612023,0.0,0.0,0.0,0.0,nm
21.278335730224608,-3.640997494580705,2.0720845628895317,100.50968208696376,-0.001963443651090476,0.0006797459245644612,0.028371049728233465,0.0,0.0,0.0,0.0,nm
21.28784373022461,-3.6418589502823457,2.074232641607194,100.5091535678768,-0.001997894678680084,0.0006924611358718124,0.02885986224747577,0.0,0.0,0.0,0.0,nm
21.34490173022461,-3.651820393599735,2.076708944132182,100.50698592558366,-0.001953235883579012,0.0006756124929715912,0.028142060965076224,0.0,0.0,0.0,0.0,nm
21.35441373022461,-3.653008985645315,2.077466718342824,100.50656427076868,-0.0020046825285255226,0.0006934610599314088,0.028873830746661576,0.0,0.0,0.0,0.0,nm
21.36392973022461,-3.6539148509202035,2.0776948728379976,100.5061529967821,-0.002005230032193816,0.0006935327202962432,0.028874986314698384,0.0,0.0,0.0,0.0,nm
21.41148373022461,-3.672280763622416,2.0799275477574244,100.50380669721478,-0.002016031407265725,0.0006935351779801559,0.02889616853009132,0.0,0.0,0.0,0.0,nm
21.42099873022461,-3.6751962450262545,2.080517123664732,100.50333619275202,-0.0019838047422602928,0.0006819800304605695,0.02841309012730214,0.0,0.0,0.0,0.0,nm
21.43051073022461,-3.680484107655615,2.080298031881244,100.50289008872345,-0.0020037623886791753,0.0006873745684953872,0.028661870752197963,0.0,0.0,0.0,0.0,nm
21.44944373022461,-3.688592817339912,2.0803932270166716,100.50201772591306,-0.0020254381945956686,0.0006927526054694141,0.028914117278867897,0.0,0.0,0.0,0.0,nm
21.46855773022461,-3.697545699728149,2.079199753821353,100.50108244332434,-0.002030411423684274,0.0006915808161975052,0.028923120392370244,0.0,0.0,0.0,0.0,nm
21.478062730224607,-3.701350561153038,2.0790010119478786,100.50059685690526,-0.0020496677542006904,0.000697059251564142,0.02917051284834571,0.0,0.0,0.0,0.0,nm
21.48757873022461,-3.706365494675955,2.0793735205885375,100.50009773448656,-0.0019499034164198708,0.0006620565591873294,0.02771618065965425,0.0,0.0,0.0,0.0,nm
21.49708373022461,-3.710559324362704,2.0800842672792417,100.49964275117269,-0.0020208694467451827,0.0006854085116705687,0.02869454624512753,0.0,0.0,0.0,0.0,nm
21.50660173022461,-3.7159140649770905,2.07952536331185,100.49917176139776,-0.0019552116290806076,0.0006615654881623468,0.027726696504163567,0.0,0.0,0.0,0.0,nm
21.51611373022461,-3.719908639899329,2.0808070961082086,100.49874891848066,-0.0019232427541931183,0.000650343161780486,0.027245204489683882,0.0,0.0,0.0,0.0,nm
21.53513273022461,-3.7307817663038536,2.0826068862453933,100.49769493458687,-0.0019638716537122495,0.0006622019778378111,0.027744956848206447,0.0,0.0,0.0,0.0,nm
21.57322973022461,-3.746374560305881,2.0857115095343803,100.4957450664881,-0.0020593980688118087,0.0006918664619220273,0.028980657007115433,0.0,0.0,0.0,0.0,nm
21.58274173022461,-3.7515180590210613,2.084254256387188,100.4952726390009,-0.0020102395151951713,0.0006734007548507477,0.02825555326859669,0.0,0.0,0.0,0.0,nm
21.61127073022461,-3.7639266781138865,2.082084411767617,100.49388189544239,-0.0021211232762314066,0.0007062543694291889,0.029727856158894145,0.0,0.0,0.0,0.0,nm
21.62078073022461,-3.7677522011349556,2.0815715947851365,100.49339301459709,-0.002088549742311905,0.0006941870140194523,0.02924505080365935,0.0,0.0,0.0,0.0,nm
21.639794730224608,-3.7764159399398336,2.0818286939328092,100.49232585596651,-0.002006571229452241,0.0006649282159580017,0.028038323214927958,0.0,0.0,0.0,0.0,nm
21.64931173022461,-3.779786612391464,2.0826274529562525,100.4918540500767,-0.0020608517781178235,0.0006824403980852242,0.0287724687941028,0.0,0.0,0.0,0.0,nm
21.67784873022461,-3.7914909088727398,2.084591402349886,100.49026412332474,-0.002015419224697004,0.0006654207924137681,0.02805686471114981,0.0,0.0,0.0,0.0,nm
21.68735273022461,-3.794281027587099,2.085411952500248,100.48905358407733,-0.0021045296537457172,0.0006945522390873909,0.029276892530148146,0.0,0.0,0.0,0.0,nm
21.69686573022461,-3.797030450432364,2.0854201725659616,100.48857755197979,-0.001966125381051617,0.000648228992396888,0.027333531492910332,0.0,0.0,0.0,0.0,nm
21.70638073022461,-3.800012045699974,2.085259697254605,100.48803304849828,-0.0020553179150805912,0.0006768274592273346,0.028553386582120262,0.0,0.0,0.0,0.0,nm
21.73501773022461,-3.8064631527005726,2.0881943378361467,100.48772250975469,-0.0019892390932019673,0.0006548047822353464,0.027589165025939732,0.0,0.0,0.0,0.0,nm
21.753883730224608,-3.810132882324348,2.0890668527381537,100.48732125483819,-0.002114303210557804,0.0006954471914033316,0.0292969095416052,0.0,0.0,0.0,0.0,nm
21.77291273022461,-3.8134545275851663,2.0914066115899805,100.48622136622842,-0.0021165687010244166,0.0006964793472403525,0.02930216112296269,0.0,0.0,0.0,0.0,nm
21.80144773022461,-3.815616228092036,2.093899456589303,100.48587749582907,-0.00201266149691014,0.0006628858567012987,0.027846234078131773,0.0,0.0,0.0,0.0,nm
21.81095673022461,-3.8161665532814744,2.094804643509485,100.48594222916843,-0.0020306850507377044,0.0006690921083520878,0.02809076587745007,0.0,0.0,0.0,0.0,nm
21.82046973022461,-3.816352669226663,2.095720099321984,100.48539056009012,-0.002136446946230985,0.000704349633780547,0.029551361227598213,0.0,0.0,0.0,0.0,nm
21.84899773022461,-3.813174095089507,2.0970940450805577,100.48435455798602,-0.0021171660944920277,0.0006995114712729776,0.029305273693372647,0.0,0.0,0.0,0.0,nm
21.887039730224608,-3.812163543185867,2.0994593290417805,100.48199554122607,-0.0021344507257929518,0.0007067114474698546,0.02954893846015965,0.0,0.0,0.0,0.0,nm
21.89655173022461,-3.810653313434326,2.10100484521383,100.48207431239992,-0.002081066662770579,0.0006901379677579478,0.028818293217634995,0.0,0.0,0.0,0.0,nm
21.915576730224608,-3.8063651668566574,2.1034834317991993,100.48228525720445,-0.0020789260056763123,0.0006916712653384621,0.02881494391469931,0.0,0.0,0.0,0.0,nm
21.92509873022461,-3.803353314428631,2.105593080306756,100.48168321452032,-0.0020248447399559165,0.0006754112812109029,0.02808302618542547,0.0,0.0,0.0,0.0,nm
21.93460573022461,-3.8012902307133136,2.106225681147866,100.48176064819182,-0.0021289762497677792,0.0007109884883885402,0.02954098165172658,0.0,0.0,0.0,0.0,nm
21.944020730224608,-3.7984181149123772,2.1073887444413337,100.48120480456488,-0.001987249895408267,0.0006649054223967599,0.02759205561642318,0.0,0.0,0.0,0.0,nm
21.97263973022461,-3.793607943202339,2.1128674406948007,100.48139595288342,-0.001932782156909833,0.0006502013174690389,0.02686012778020237,0.0,0.0,0.0,0.0,nm
22.001184730224608,-3.7857707531301172,2.1177842816685266,100.48035962346047,-0.001999067879334501,0.0006767040937619808,0.0278276331167416,0.0,0.0,0.0,0.0,nm
22.01068573022461,-3.783248089287621,2.1192189695895736,100.47976549738148,-0.00203278212675921,0.0006894385884762248,0.028312373280698244,0.0,0.0,0.0,0.0,nm
22.02024873022461,-3.7818637563885042,2.1203316743393557,100.47914733044821,-0.0021019944865482702,0.0007138286112631146,0.029284740500749848,0.0,0.0,0.0,0.0,nm
22.06779473022461,-3.7677991314114956,2.1269515464550874,100.47681262659489,-0.0019902000555075843,0.0006824551057588035,0.027813363908694655,0.0,0.0,0.0,0.0,nm
22.07731273022461,-3.7644457775641804,2.126974444062734,100.47690065039438,-0.002005731686359836,0.0006886443603594808,0.02805305339611754,0.0,0.0,0.0,0.0,nm
22.10584073022461,-3.754743097492223,2.128955317940747,100.47519231679712,-0.0020005110902063606,0.0006902907290663602,0.028043463212257348,0.0,0.0,0.0,0.0,nm
22.11535773022461,-3.7525052641630885,2.1305296062422188,100.47462731478984,-0.0020688525794930533,0.0007152227363294524,0.029015221353148414,0.0,0.0,0.0,0.0,nm
22.12487273022461,-3.7496063770991075,2.1322488877750008,100.47404658247329,-0.00199805063968059,0.0006922868672893207,0.02803982366285743,0.0,0.0,0.0,0.0,nm
22.17242773022461,-3.7369135533307616,2.1361264023006927,100.47260887831922,-0.0020605712575386993,0.0007191870322848852,0.02900148665682854,0.0,0.0,0.0,0.0,nm
22.18193473022461,-3.735631805626473,2.1364462942810043,100.47210886157241,-0.0019734612483372645,0.0006892735561753084,0.0277837847318172,0.0,0.0,0.0,0.0,nm
22.22952073022461,-3.742299780589513,2.1333548268558875,100.47090572283817,-0.0020286795505282573,0.000705440191500636,0.02851921327866457,0.0,0.0,0.0,0.0,nm
22.25803973022461,-3.7707135520999238,2.122452810177035,100.46894663029357,-0.002060803481455813,0.000704136142977896,0.028787012791322168,0.0,0.0,0.0,0.0,nm
22.26755873022461,-3.7797346175830837,2.121510936145289,100.46814097340558,-0.0021007728101534013,0.0007149834834426168,0.029283066500541684,0.0,0.0,0.0,0.0,nm
22.276997730224608,-3.780674718161332,2.120219130502868,100.46765110800271,-0.0020836816854837748,0.0007083358699012649,0.029040032701123396,0.0,0.0,0.0,0.0,nm
22.28651173022461,-3.7814967788421114,2.120000197737834,100.46714563042093,-0.0020492004432052014,0.0006963213252712695,0.028554194395101547,0.0,0.0,0.0,0.0,nm
22.30553073022461,-3.7839679149107814,2.1191914586253424,100.4662214718294,-0.002033026233463223,0.0006898604851125266,0.02831318233694918,0.0,0.0,0.0,0.0,nm
22.32454873022461,-3.7866211891293835,2.116000461549575,100.4660007174632,-0.002069047303342358,0.0006999230553245783,0.028800631304281215,0.0,0.0,0.0,0.0,nm
22.334071730224608,-3.7880104579179683,2.116126304191652,100.46549340104782,-0.002034895145589416,0.0006880924805989488,0.0283157212416738,0.0,0.0,0.0,0.0,nm
22.34357773022461,-3.7913939855857968,2.116493800046138,100.46497238932159,-0.0020718584552699188,0.0006999037331565139,0.0288062877489181,0.0,0.0,0.0,0.0,nm
22.35308573022461,-3.7933016000115107,2.116988052010649,100.46444019603686,-0.0020730200541204105,0.0007000513718220218,0.028808711196878823,0.0,0.0,0.0,0.0,nm
22.36260073022461,-3.7950900527892037,2.11747932386964,100.46401232973327,-0.0020390904944132585,0.0006883778812047005,0.0283244985249959,0.0,0.0,0.0,0.0,nm
22.381627730224608,-3.7998394798366433,2.116879435379272,100.46438910670271,-0.0020592550197088997,0.0006936716791965779,0.028572783692601793,0.0,0.0,0.0,0.0,nm
22.39120273022461,-3.802846490631493,2.117129075480641,100.46461025884507,-0.002096105939960474,0.0007054066135744996,0.02906282182927787,0.0,0.0,0.0,0.0,nm
22.40065073022461,-3.8055760268979593,2.1167046340513487,100.46411897807128,-0.0020800728692777384,0.0006991265318416613,0.028822332708483715,0.0,0.0,0.0,0.0,nm
22.419665730224608,-3.812324017943359,2.1154944307946955,100.46381623301828,-0.0021189786187899152,0.0007098670822482012,0.029315773202302095,0.0,0.0,0.0,0.0,nm
22.42918473022461,-3.815642528159136,2.1158737893561756,100.46332529389375,-0.002085767748408827,0.0006980794697428209,0.0288330652162616,0.0,0.0,0.0,0.0,nm
22.43869473022461,-3.8178130372001053,2.1152958053825617,100.4629165143683,-0.002157378398247229,0.0007212066351231196,0.029808398535036307,0.0,0.0,0.0,0.0,nm
22.45770873022461,-3.823879553726285,2.113322946484246,100.46262035168112,-0.0020196545509639386,0.0006727785422373011,0.027867668291605835,0.0,0.0,0.0,0.0,nm
22.46721873022461,-3.8283444993149125,2.1133206588614173,100.46215022993597,-0.0021457124571205087,0.0007136092946195844,0.029575694382978922,0.0,0.0,0.0,0.0,nm
22.47673273022461,-3.83173484090157,2.1130101200355367,100.4623242273034,-0.002094684623735979,0.0006956145853915752,0.028849455578619083,0.0,0.0,0.0,0.0,nm
22.54335973022461,-3.8586486034672625,2.1081000609628147,100.45899143963481,-0.0021451312985430095,0.000703137410304927,0.029363412282827413,0.0,0.0,0.0,0.0,nm
22.562388730224612,-3.8671524782142344,2.106251675810756,100.45802552335836,-0.0020786572881257223,0.0006784058083779716,0.028398921337712022,0.0,0.0,0.0,0.0,nm
22.59091073022461,-3.878115912855806,2.1062055073101917,100.45662399860744,-0.002102773153613822,0.0006835425017197608,0.02865462952072523,0.0,0.0,0.0,0.0,nm
22.600425730224607,-3.8815181219716917,2.1043087811282675,100.45620851126118,-0.0021044791294040667,0.0006823796657181056,0.028657401531546407,0.0,0.0,0.0,0.0,nm
22.638467730224612,-3.8969439960112426,2.1024437451311266,100.45501462974651,-0.0020414142825851463,0.0006573928042665881,0.027700674593734157,0.0,0.0,0.0,0.0,nm
22.64798273022461,-3.900841606217202,2.100391510764602,100.45459109137919,-0.0020433283122627158,0.0006561642044646489,0.027703910463404386,0.0,0.0,0.0,0.0,nm
22.65749273022461,-3.9029663588356427,2.0996614719963445,100.45419887847244,-0.0020623719348215118,0.0006614475815854655,0.027949165851320387,0.0,0.0,0.0,0.0,nm
22.69555673022461,-3.923009713717134,2.093586233663666,100.45341268241516,-0.002127016409287648,0.0006743825375373162,0.028698433894810152,0.0,0.0,0.0,0.0,nm
22.70507273022461,-3.9358102945682565,2.090287033435502,100.45257009773415,-0.0021701450669751148,0.0006833004641499497,0.029197635657697674,0.0,0.0,0.0,0.0,nm
22.71457873022461,-3.946346212373333,2.0874533670756423,100.45188505662803,-0.002139722331624971,0.0006698261881602253,0.028721689875720473,0.0,0.0,0.0,0.0,nm
22.77164673022461,-4.0089658859828115,2.064780257903584,100.44996843842544,-0.0021547754899704195,0.0006488094779465327,0.028537974577295927,0.0,0.0,0.0,0.0,nm
22.781162730224608,-4.01420848647558,2.0629068907003174,100.45001258485559,-0.0021575703999937015,0.0006475284141026946,0.028543054026104214,0.0,0.0,0.0,0.0,nm
22.79067073022461,-4.022878310400569,2.0578133008029376,100.44992669089085,-0.002254009712821851,0.0006718587981879383,0.02976640703714618,0.0,0.0,0.0,0.0,nm
22.80017373022461,-4.031388883963171,2.053904670010559,100.44984279427794,-0.002240135552932675,0.0006637615959658127,0.029530810126499184,0.0,0.0,0.0,0.0,nm
22.83822073022461,-4.063942765957994,2.039059894555129,100.44705572405225,-0.002183273286084978,0.000632420125062658,0.028587837688423868,0.0,0.0,0.0,0.0,nm
22.84773373022461,-4.072067202798909,2.0365002665031815,100.4463955575564,-0.002280695636728761,0.0006574468072355355,0.029812052586094543,0.0,0.0,0.0,0.0,nm
22.86675673022461,-4.086368575353601,2.0304777263380305,100.44519353362553,-0.0022885087471829135,0.0006533516950868718,0.029825655293698274,0.0,0.0,0.0,0.0,nm
22.89529173022461,-4.105661605672928,2.021666437633073,100.44353209243782,-0.002280226632564906,0.0006421856526222296,0.029600392057577744,0.0,0.0,0.0,0.0,nm
22.92383173022461,-4.122360969957687,2.015426546944441,100.4421381341633,-0.002233031437693363,0.0006221388121670486,0.02888733712905863,0.0,0.0,0.0,0.0,nm
22.94284073022461,-4.133798305366255,2.0115564867869526,100.44237412023759,-0.0022958109353474134,0.0006350442380321078,0.029628522503844082,0.0,0.0,0.0,0.0,nm
22.97130373022461,-4.141670141345313,2.0049548044977743,100.4417253276778,-0.0022052734641173424,0.0006051914700822896,0.02841811318621868,0.0,0.0,0.0,0.0,nm
22.99033373022461,-4.145222618574534,2.0042792661904514,100.44152654460538,-0.002263916973443518,0.0006201523184974329,0.029151620989416094,0.0,0.0,0.0,0.0,nm
22.99985173022461,-4.144585983119271,2.0034193260736046,100.44181100104922,-0.0022823069577219473,0.0006249137699516684,0.02939358718968173,0.0,0.0,0.0,0.0,nm
23.00934473022461,-4.14559385735775,2.0037614065577336,100.44207851934222,-0.0022074163079528484,0.0006043289357925124,0.028422270600772837,0.0,0.0,0.0,0.0,nm
23.01890873022461,-4.146237767885218,2.002975916779523,100.44170045593935,-0.002302138509293676,0.0006297471895275924,0.029638668972899386,0.0,0.0,0.0,0.0,nm
23.04744573022461,-4.145858126678323,2.004107996169439,100.44053061267206,-0.002302047840400636,0.0006304087406640682,0.029638781546852396,0.0,0.0,0.0,0.0,nm
23.05695373022461,-4.146201685038954,2.0028338914202526,100.44018504352847,-0.0022265111987681335,0.0006090645449738596,0.028665617744636104,0.0,0.0,0.0,0.0,nm
23.06645673022461,-4.146901247097569,2.0022242958803544,100.4397540906471,-0.0022457366105359373,0.0006138947371698988,0.02890943111418637,0.0,0.0,0.0,0.0,nm
23.11401773022461,-4.145493022291943,2.0010330492339756,100.43862413932051,-0.0022447183359010467,0.0006134242853284665,0.028906948893650263,0.0,0.0,0.0,0.0,nm
23.12352773022461,-4.145335869815932,2.00044720082865,100.43899128040626,-0.002338978989577416,0.0006389169490573662,0.03012254435097221,0.0,0.0,0.0,0.0,nm
23.13304773022461,-4.145783495794352,2.0001838065109228,100.43923155133488,-0.0022447867362297884,0.0006129509244337507,0.028906893825759637,0.0,0.0,0.0,0.0,nm
23.14254973022461,-4.145640206732619,1.9992522784454039,100.4395501791102,-0.00230122652296444,0.0006279318732779139,0.02963572864431302,0.0,0.0,0.0,0.0,nm
23.15205773022461,-4.145495271124631,1.9999825087799143,100.43916048038274,-0.002301230792738798,0.0006283365354569748,0.02963589912815491,0.0,0.0,0.0,0.0,nm
23.16157573022461,-4.143440360381416,1.9995800161860864,100.43951836442807,-0.002281061086231808,0.0006230979974163049,0.029390015019809815,0.0,0.0,0.0,0.0,nm
23.17108673022461,-4.142624991608604,1.99993740429936,100.43919235261954,-0.0022428736789092286,0.0006130348686005231,0.028902854739474296,0.0,0.0,0.0,0.0,nm
23.19011273022461,-4.142081407295932,1.9989016584093158,100.43853033728658,-0.002204656687787382,0.0006022588585035688,0.028415113893786793,0.0,0.0,0.0,0.0,nm
23.199626730224608,-4.1424960873694925,1.9988294154306807,100.43885129563314,-0.0021860189666644938,0.0005970288911933198,0.028172339736853923,0.0,0.0,0.0,0.0,nm
23.20913273022461,-4.1418335951049405,1.998370896628988,100.43916104635387,-0.0022233101020445326,0.0006071363644800687,0.02865765511254911,0.0,0.0,0.0,0.0,nm
23.21864173022461,-4.141973480447534,1.9979899487609265,100.43881867440327,-0.0022233407695053,0.0006069494061749559,0.028657656693556417,0.0,0.0,0.0,0.0,nm
23.24712473022461,-4.145203688808118,1.9946081165008134,100.43831379228568,-0.00226252923925051,0.0006153189287110315,0.029145971026376394,0.0,0.0,0.0,0.0,nm
23.27574073022461,-4.153473293994702,1.993483437183973,100.43772438281954,-0.0023051454037200944,0.0006244600980190165,0.029641895807554986,0.0,0.0,0.0,0.0,nm
23.30426173022461,-4.166370287246498,1.9913174815997783,100.43655746111781,-0.0023316274049469277,0.0006275987459326293,0.02989965069969282,0.0,0.0,0.0,0.0,nm
23.33279173022461,-4.181825516698333,1.9881788810834262,100.43592358331654,-0.0023216029738648203,0.0006198187324281942,0.029673479167379627,0.0,0.0,0.0,0.0,nm
23.361333730224608,-4.190937778030883,1.9772289915774794,100.43562511925512,-0.0023256147093083475,0.0006134922416338665,0.02967843930506249,0.0,0.0,0.0,0.0,nm
23.380352730224608,-4.200788419048022,1.9776606049528351,100.43487666403796,-0.002312563800408334,0.0006080454701640683,0.02944754991786621,0.0,0.0,0.0,0.0,nm
23.38988173022461,-4.204549652375151,1.9769283793364003,100.4345734909783,-0.0023529706167156462,0.0006174556043366619,0.029938256755776587,0.0,0.0,0.0,0.0,nm
23.41839273022461,-4.212372733873721,1.9745866073252667,100.43377316451551,-0.002299995155151542,0.0006007081624140117,0.029216899820266255,0.0,0.0,0.0,0.0,nm
23.42792373022461,-4.2167010069203785,1.9744798793594183,100.43344214575501,-0.002379240983319357,0.0006203624457821665,0.030195070113330027,0.0,0.0,0.0,0.0,nm
23.46595573022461,-4.233769314886306,1.973646116620869,100.43307280590214,-0.0023704564812261682,0.0006137497566650237,0.02997253659200113,0.0,0.0,0.0,0.0,nm
23.47547273022461,-4.236655765538932,1.9735422862469516,100.43285334789731,-0.0022759909367976896,0.0005886164301184373,0.028760117966547337,0.0,0.0,0.0,0.0,nm
23.48497073022461,-4.240452511946874,1.972870787297997,100.43265806530518,-0.002239630777471472,0.0005780897994394564,0.028278025480924434,0.0,0.0,0.0,0.0,nm
23.51351173022461,-4.246472840969335,1.9678941978744318,100.43398310324775,-0.002261787060373763,0.0005801204548414616,0.02852590939148487,0.0,0.0,0.0,0.0,nm
23.532527730224608,-4.251008848095669,1.9675290203471558,100.4335140044387,-0.0023609253585448035,0.0006043643536774779,0.029747365068860374,0.0,0.0,0.0,0.0,nm
23.551560730224608,-4.256516147003591,1.9683921697374627,100.43304090320441,-0.00228712389743461,0.0005846938147975654,0.028782040666635034,0.0,0.0,0.0,0.0,nm
23.56107173022461,-4.260333275564218,1.9643316092066743,100.43277563499983,-0.002308174951422279,0.0005873173260862966,0.029027667066786833,0.0,0.0,0.0,0.0,nm
23.57056673022461,-4.262420815766605,1.9666735058488045,100.43255855613509,-0.0022517015707328287,0.0005735935864648104,0.028301977665738495,0.0,0.0,0.0,0.0,nm
23.60862973022461,-4.272777810760412,1.96025928743013,100.43254126050712,-0.0022957018356525656,0.0005795203947543184,0.028797729579300598,0.0,0.0,0.0,0.0,nm
23.627646730224612,-4.2766309977947685,1.9574099998610701,100.43218091496188,-0.0024140079593985495,0.0006071111383256858,0.030260041487065282,0.0,0.0,0.0,0.0,nm
23.63706573022461,-4.278884555478696,1.9548815334931944,100.431977570864,-0.0023568171995355857,0.0005910137960282083,0.02953176547151348,0.0,0.0,0.0,0.0,nm
23.64658273022461,-4.2804128658094704,1.9555886670156697,100.43175257476626,-0.0023772658482329036,0.0005961545165009446,0.02977732867675298,0.0,0.0,0.0,0.0,nm
23.67519673022461,-4.290031693956817,1.9518993665402442,100.43116544973421,-0.0023048490096637406,0.000574197191564503,0.028814628988843342,0.0,0.0,0.0,0.0,nm
23.68470773022461,-4.2904036106522545,1.9509965816292156,100.43108368366433,-0.0024022050104140526,0.000597927134025071,0.03003043486072122,0.0,0.0,0.0,0.0,nm
23.694220730224608,-4.2931037398497605,1.948818864179061,100.43089706048943,-0.0023062660879826697,0.0005724454582931385,0.028816823122132847,0.0,0.0,0.0,0.0,nm
23.71296873022461,-4.2939514796713505,1.950152087284769,100.43133663301263,-0.0024432254767778948,0.0006068940260579794,0.030520859615806386,0.0,0.0,0.0,0.0,nm
23.74178473022461,-4.299231419054167,1.946943027823005,100.43152935669046,-0.0022707049977862192,0.0005614249044552939,0.028337066387354,0.0,0.0,0.0,0.0,nm
23.75128773022461,-4.300803843321108,1.944316092877678,100.43200393097077,-0.0023492367735235987,0.0005792161752846655,0.029310185172177435,0.0,0.0,0.0,0.0,nm
23.77981873022461,-4.3040224853622275,1.939659063946957,100.43207881992538,-0.002350544727684274,0.0005765969149241402,0.029311627140318323,0.0,0.0,0.0,0.0,nm
23.789332730224608,-4.306474963846512,1.9424972463364187,100.43244064522955,-0.0023914604939107645,0.0005874619014013403,0.029802680312371373,0.0,0.0,0.0,0.0,nm
23.79875873022461,-4.306633800394395,1.9417669748821575,100.43286377281669,-0.0023329332811519794,0.0005726842076811697,0.02907310892552171,0.0,0.0,0.0,0.0,nm
23.80836673022461,-4.30627152151913,1.9393386007504578,100.4332681684028,-0.002449439320815345,0.0006001325830961517,0.030530303720761084,0.0,0.0,0.0,0.0,nm
23.81786273022461,-4.308722915391814,1.9396376017121442,100.43291498361711,-0.002314373453669626,0.0005666728942057244,0.028831299019049864,0.0,0.0,0.0,0.0,nm
23.84631973022461,-4.310872984042221,1.9427714632952258,100.43218227724738,-0.002433277029515833,0.0005968928798929732,0.030294825665810987,0.0,0.0,0.0,0.0,nm
23.86541673022461,-4.313458028817781,1.9430593504491316,100.43166119596648,-0.0024153859078473055,0.0005920929526919228,0.03005509122355946,0.0,0.0,0.0,0.0,nm
23.88436073022461,-4.317484457114302,1.9404952086483116,100.43237534474153,-0.0023393066215749293,0.0005713217636467632,0.02908614036642027,0.0,0.0,0.0,0.0,nm
23.89395073022461,-4.317675598225208,1.9387077068387473,100.43205801422228,-0.0023391677065682914,0.0005704081624438681,0.0290853321503224,0.0,0.0,0.0,0.0,nm
23.92240073022461,-4.318606110507275,1.9360662937162183,100.4326134967717,-0.002417597829222658,0.0005880002358999177,0.030057625304095496,0.0,0.0,0.0,0.0,nm
23.93199173022461,-4.3195129099694896,1.9369387733503687,100.43232611706665,-0.002398724331745197,0.0005836495883731136,0.02981616668886462,0.0,0.0,0.0,0.0,nm
23.95102373022461,-4.320788676402188,1.9398934861080621,100.4324183332407,-0.0024586412763930618,0.0005994163937270497,0.030548956220400672,0.0,0.0,0.0,0.0,nm
23.96044173022461,-4.321654718629428,1.938860225273252,100.43210926949531,-0.0024198853163849973,0.0005892798293761358,0.030063098013301336,0.0,0.0,0.0,0.0,nm
23.970041730224608,-4.322063446842965,1.9396280662003997,100.43179590446836,-0.0024006699138644978,0.0005848998715335082,0.029820889934019292,0.0,0.0,0.0,0.0,nm
23.97946073022461,-4.323126108897805,1.9381262457447574,100.43157421820321,-0.0023032148436349063,0.0005602364098070484,0.02860552898129468,0.0,0.0,0.0,0.0,nm
23.98897473022461,-4.322133151421117,1.9361279772252389,100.43135589776612,-0.002458938254702367,0.0005973476741286941,0.03054855417742582,0.0,0.0,0.0,0.0,nm
23.99857273022461,-4.322630637390421,1.9364359543642735,100.43180225549978,-0.0023222643462453025,0.0005641662682398786,0.02884710131809687,0.0,0.0,0.0,0.0,nm
24.00809373022461,-4.322485362007427,1.9394849427210639,100.43148867963625,-0.0023617447872554425,0.0005752692794206582,0.02933491579870241,0.0,0.0,0.0,0.0,nm
24.017510730224608,-4.322623539194108,1.9388291953178687,100.43126671939744,-0.0024204741219456907,0.0005892304805708819,0.030064307567143022,0.0,0.0,0.0,0.0,nm
24.02711073022461,-4.3245271866778205,1.9386056960883875,100.4309186001428,-0.0023628628014900226,0.0005747010980744778,0.029337049838820226,0.0,0.0,0.0,0.0,nm
24.065156730224608,-4.324407731832089,1.9386026847229951,100.43130277381434,-0.0024019692788294906,0.0005842204325327231,0.029823310602249364,0.0,0.0,0.0,0.0,nm
24.07457673022461,-4.325620166665391,1.9372746679464177,100.43168080196055,-0.0023437645237446613,0.0005691532787816927,0.0290945561387348,0.0,0.0,0.0,0.0,nm
24.08417773022461,-4.325306380368177,1.9344568276297767,100.43142203816865,-0.00228442760251648,0.000553510098397165,0.028363093070092892,0.0,0.0,0.0,0.0,nm
24.09368873022461,-4.32563036007556,1.933738351839374,100.43178739483734,-0.0024607996178635234,0.0005957950356910036,0.030551604491822797,0.0,0.0,0.0,0.0,nm
24.13163873022461,-4.327296658143883,1.9342285332237814,100.43187281312164,-0.0023443619731383213,0.0005674770729173771,0.029095019218966848,0.0,0.0,0.0,0.0,nm
24.14123973022461,-4.327483845420786,1.9325748327848595,100.43153376086745,-0.0023834221430479373,0.0005761039229622405,0.0295805834028922,0.0,0.0,0.0,0.0,nm
24.16026373022461,-4.330019997414791,1.9308073447771725,100.43215149836554,-0.00238473771547887,0.0005749853123301488,0.02958283169749423,0.0,0.0,0.0,0.0,nm
24.19830873022461,-4.32788490197973,1.928128917458683,100.43164300141653,-0.0023242749364798206,0.0005596138902526749,0.028849121376492887,0.0,0.0,0.0,0.0,nm
24.20782273022461,-4.328392622521095,1.930735539240827,100.4313555196399,-0.002344535221684246,0.0005656400299739293,0.029094442940119116,0.0,0.0,0.0,0.0,nm
24.21733273022461,-4.327106514109797,1.929455511488285,100.43114854507454,-0.0024415152979935517,0.0005886967280479367,0.03030784006408826,0.0,0.0,0.0,0.0,nm
24.25508873022461,-4.327370951875515,1.929245400732944,100.43024125543808,-0.00244164257824162,0.0005886050095221875,0.030308070827690485,0.0,0.0,0.0,0.0,nm
24.26479973022461,-4.326062572946409,1.9287577870213755,100.43008380284586,-0.0023232470991383144,0.0005601166895935368,0.028847101101133064,0.0,0.0,0.0,0.0,nm
24.27439273022461,-4.3291381046770745,1.928258301020483,100.42980762056911,-0.00228583228097432,0.0005502348804027744,0.028364419235135597,0.0,0.0,0.0,0.0,nm
24.28390373022461,-4.327285051790929,1.9282578680366658,100.42969075919729,-0.002363079263513936,0.0005692331535017744,0.0293346270353347,0.0,0.0,0.0,0.0,nm
24.33137173022461,-4.330494299819132,1.9304017079512525,100.43004633509676,-0.0022673307250500735,0.0005464802975865527,0.028124234832122102,0.0,0.0,0.0,0.0,nm
24.34096773022461,-4.329568548940485,1.9293670515201815,100.42989968982496,-0.002364630890483519,0.0005696398473278448,0.029338202274285526,0.0,0.0,0.0,0.0,nm
24.35999673022461,-4.3310439676021515,1.929354639060033,100.43076692035451,-0.0024243600824021575,0.0005836580009575926,0.030069665419199327,0.0,0.0,0.0,0.0,nm
24.36950573022461,-4.332811596532833,1.9294598374529748,100.43045230998807,-0.002347023319209741,0.0005647257815646053,0.029099343894552133,0.0,0.0,0.0,0.0,nm
24.39774673022461,-4.336269036936883,1.926594235452717,100.4309236195862,-0.002289837174264408,0.0005488927058144624,0.02837249555661027,0.0,0.0,0.0,0.0,nm
24.407544730224608,-4.336774478741681,1.9279494013527712,100.43067882866305,-0.0022314476419687678,0.0005354187227248064,0.027644562218750956,0.0,0.0,0.0,0.0,nm
24.41698273022461,-4.335368143051293,1.9263790440619433,100.43114554593517,-0.002348153355197165,0.0005629511245933672,0.029100901971628068,0.0,0.0,0.0,0.0,nm
24.42656973022461,-4.334381553943678,1.925241419663348,100.43094450632343,-0.002406234368005059,0.000576543205330441,0.029828379417882037,0.0,0.0,0.0,0.0,nm
24.43608873022461,-4.333512071916287,1.924238274178587,100.43139671716948,-0.0024251782966646846,0.0005807584211430786,0.030069954627649477,0.0,0.0,0.0,0.0,nm
24.44531273022461,-4.334198397194618,1.9241571907680537,100.43115096438845,-0.0023275138761425927,0.0005571979563348001,0.02885488794228694,0.0,0.0,0.0,0.0,nm
24.47411873022461,-4.333248727072943,1.9232248197292392,100.43118106125412,-0.002385644436994797,0.0005708657982075491,0.02958265894506146,0.0,0.0,0.0,0.0,nm
24.493155730224608,-4.336037168387994,1.9262850357603991,100.43069260426908,-0.002289655957794045,0.000548763251117686,0.02837203420920346,0.0,0.0,0.0,0.0,nm
24.531117730224608,-4.335782494158776,1.9286172986755459,100.43061283942711,-0.002348704746330733,0.000564086882874755,0.029102629769637456,0.0,0.0,0.0,0.0,nm
24.54062673022461,-4.336295474618004,1.9301525364102639,100.43038537325798,-0.002408107950829109,0.000579003093055002,0.029833623255231922,0.0,0.0,0.0,0.0,nm
24.54993273022461,-4.337271951157706,1.9300957320190786,100.43019938855383,-0.0022320201824004783,0.0005364486645066429,0.02764640994364149,0.0,0.0,0.0,0.0,nm
24.55973673022461,-4.336433085680065,1.928405900777509,100.43005513126401,-0.0024471956850745558,0.0005875168750212928,0.030319127531893447,0.0,0.0,0.0,0.0,nm
24.56919373022461,-4.3364241003715875,1.9288809621664338,100.42990834713184,-0.002349124103831971,0.0005642072000799835,0.02910361035464014,0.0,0.0,0.0,0.0,nm
24.60728773022461,-4.3403649306892,1.9273233340393496,100.42928053098474,-0.0023709187488098263,0.0005678715787759372,0.029350767662348377,0.0,0.0,0.0,0.0,nm
24.61678473022461,-4.341534334852036,1.9260545824857218,100.42917697598548,-0.0022732260858995914,0.0005436505598465255,0.028135775788457062,0.0,0.0,0.0,0.0,nm
24.626308730224608,-4.34210612357425,1.926934406942529,100.42909254738817,-0.00237193092348332,0.0005675609695750547,0.029352845052439534,0.0,0.0,0.0,0.0,nm
24.65474073022461,-4.343127497003666,1.9270644056378352,100.43070155494448,-0.002510168030810722,0.0006003984178818648,0.031056391401513377,0.0,0.0,0.0,0.0,nm
24.664270730224608,-4.34351151614564,1.926180387399701,100.43113489642369,-0.002353057697014994,0.0005622969048397981,0.02911116468788566,0.0,0.0,0.0,0.0,nm
24.673867730224607,-4.342311055080379,1.925357669188275,100.43096665453257,-0.0024111506017785744,0.0005760454495607487,0.02983851861047167,0.0,0.0,0.0,0.0,nm
24.68328373022461,-4.342635374988369,1.9258726273268956,100.43080671027812,-0.0023524779179837827,0.0005622119705406957,0.029109837555320272,0.0,0.0,0.0,0.0,nm
24.702401730224608,-4.343881364081249,1.9257969019429917,100.43044828538446,-0.0023532197168004815,0.0005621035553191703,0.0291113945659257,0.0,0.0,0.0,0.0,nm
24.74966273022461,-4.345236168200967,1.926392566430057,100.43068374790852,-0.002314799116077023,0.0005529126092801387,0.02862710549886144,0.0,0.0,0.0,0.0,nm
24.76887873022461,-4.343100474152585,1.9277531652202977,100.43106802709393,-0.002333369121016326,0.0005584266896393488,0.02886832707753169,0.0,0.0,0.0,0.0,nm
24.77848273022461,-4.3435254059611035,1.9319590715626112,100.43080260101489,-0.0025111304951937414,0.0006030281977865744,0.031059612022003594,0.0,0.0,0.0,0.0,nm
24.79751573022461,-4.339890188401752,1.932975967118939,100.4311524153348,-0.002332159491788315,0.0005612852504669626,0.028867173185429893,0.0,0.0,0.0,0.0,nm
24.80701473022461,-4.337585436316866,1.9355936115652441,100.43167005359315,-0.002331136515667823,0.0005627444108938123,0.0288656723451027,0.0,0.0,0.0,0.0,nm
24.81652473022461,-4.338142635009989,1.9376757037488974,100.43210950300931,-0.0022532027674724703,0.00054475102661303,0.027894961931484868,0.0,0.0,0.0,0.0,nm
24.87359173022461,-4.344254065830281,1.9284802705299062,100.43174317931962,-0.002334167395060038,0.0005586895104093073,0.02887017138717754,0.0,0.0,0.0,0.0,nm
24.88311273022461,-4.345196279149876,1.9294197688407575,100.43144459652572,-0.002275863099226991,0.0005449866296320521,0.028142355146855993,0.0,0.0,0.0,0.0,nm
24.89262473022461,-4.345097857678962,1.9303412507965627,100.43184183078709,-0.0023152724814940904,0.0005548602565104603,0.028629182709405437,0.0,0.0,0.0,0.0,nm
24.94968973022461,-4.347445147657457,1.931958466683218,100.43151740220188,-0.0023759186749138083,0.0005696830884235548,0.029362529628414822,0.0,0.0,0.0,0.0,nm
24.97821473022461,-4.347923321469732,1.9307348822279038,100.43075076065112,-0.002356360157852097,0.0005643402705607573,0.029119351138843497,0.0,0.0,0.0,0.0,nm
24.987636730224608,-4.345386458318018,1.933505652679898,100.43059762943379,-0.002296191575483283,0.0005517541421458197,0.028388075372594326,0.0,0.0,0.0,0.0,nm
24.99723973022461,-4.3452397574646655,1.9312390657830456,100.43042930143993,-0.00247279820581423,0.0005930947583022059,0.03057521057425404,0.0,0.0,0.0,0.0,nm
25.00674173022461,-4.344787327780267,1.9314629367593859,100.43027306629313,-0.0023545521957268455,0.0005649439312403166,0.029115717624583072,0.0,0.0,0.0,0.0,nm
25.03528973022461,-4.348402411390172,1.9320353843464024,100.42955313709675,-0.002317460287736635,0.000555585749961271,0.02863437459302319,0.0,0.0,0.0,0.0,nm
25.04470673022461,-4.348539228092771,1.9341400128748083,100.42937061477585,-0.002337515029923057,0.0005613698424104139,0.028878939791473986,0.0,0.0,0.0,0.0,nm
25.05422473022461,-4.347251852444955,1.9351222781310966,100.42988255167661,-0.0022975175390396244,0.0005524678398866598,0.028391423233336974,0.0,0.0,0.0,0.0,nm
25.06372673022461,-4.347718288406029,1.9351036067992324,100.43031335061784,-0.0022584337079400354,0.0005429476631267254,0.027905639078160786,0.0,0.0,0.0,0.0,nm
25.07333273022461,-4.348684461624927,1.9345312903454357,100.43069463466587,-0.0023967083876273994,0.0005756855007579328,0.029608705804676852,0.0,0.0,0.0,0.0,nm
25.08254873022461,-4.348175898498905,1.9346201172236295,100.43047524244926,-0.002475137564761024,0.0005946926370027463,0.030580851710212888,0.0,0.0,0.0,0.0,nm
25.14942073022461,-4.349391544428248,1.9327740603558432,100.43064077199857,-0.0024559514603504353,0.0005888861977052452,0.03033813058994064,0.0,0.0,0.0,0.0,nm
25.16835173022461,-4.34871060987162,1.932138311509971,100.43140010746936,-0.0022979898479844403,0.000550823478710302,0.028391596390971868,0.0,0.0,0.0,0.0,nm
25.17794673022461,-4.348184311387885,1.93062254059087,100.43115456368616,-0.0023171494368001604,0.000554824708905813,0.028633278103334162,0.0,0.0,0.0,0.0,nm
25.18746673022461,-4.346389939145419,1.9296490049115986,100.43151564562966,-0.002394622681088789,0.0005732749093217373,0.02960305990907167,0.0,0.0,0.0,0.0,nm
25.19696473022461,-4.347236026337307,1.9286005081230009,100.43184650431493,-0.002237618940525111,0.0005350273800146828,0.027658246074153688,0.0,0.0,0.0,0.0,nm
25.21599873022461,-4.348908277927901,1.9312242675398954,100.4317920931719,-0.00225862278259348,0.0005409120610338163,0.027905005389096522,0.0,0.0,0.0,0.0,nm
25.22550473022461,-4.349300679932539,1.9284379451058082,100.43211085029586,-0.002396244509497496,0.0005724181254756377,0.029606055408102513,0.0,0.0,0.0,0.0,nm
25.23501573022461,-4.349778798017012,1.9287121542267593,100.43237627124451,-0.0023768936001798933,0.0005678134616568141,0.029363623342521652,0.0,0.0,0.0,0.0,nm
25.24453273022461,-4.351894521124527,1.9271354800572604,100.43264535210835,-0.0023385904262853267,0.0005574580035392252,0.028879167746392233,0.0,0.0,0.0,0.0,nm
25.25395873022461,-4.351816259111963,1.9258194717843604,100.43226164246978,-0.002318669459034186,0.0005521236886446713,0.028635181020941772,0.0,0.0,0.0,0.0,nm
25.29209273022461,-4.354365522519865,1.9249381712506328,100.43281020233543,-0.0023397800895238836,0.0005561721567719257,0.028881129749424098,0.0,0.0,0.0,0.0,nm
25.31111073022461,-4.35591657901063,1.921559418227085,100.43268015587314,-0.0024190588830551234,0.0005730297258567601,0.029853846323408696,0.0,0.0,0.0,0.0,nm
25.32062473022461,-4.354869201157232,1.9236893775263781,100.43234449831914,-0.0024581143068997413,0.0005835883972044474,0.03034009136875358,0.0,0.0,0.0,0.0,nm
25.33013473022461,-4.355193481361163,1.926412618749191,100.43263613276612,-0.002360183071479949,0.0005615587347041147,0.02912615301850611,0.0,0.0,0.0,0.0,nm
25.35865673022461,-4.35795298114367,1.9325572014955619,100.43154530269888,-0.0023232619065184186,0.0005551335235323382,0.02864683253402679,0.0,0.0,0.0,0.0,nm
25.37759573022461,-4.3591464066017505,1.9340917217108682,100.43157215624655,-0.0025411778794224107,0.0006077179374370369,0.03132396416040094,0.0,0.0,0.0,0.0,nm
25.40613073022461,-4.358656418475327,1.9365385599479623,100.43187795411531,-0.0022847858305770213,0.0005476210466788485,0.02816371138925041,0.0,0.0,0.0,0.0,nm
25.41573273022461,-4.357931846754585,1.936243299598429,100.43157356999397,-0.002422376477433898,0.0005806263328188429,0.02986473494314405,0.0,0.0,0.0,0.0,nm
25.48202673022461,-4.357131799969429,1.9383193957300662,100.43091426657047,-0.0024024473310836837,0.0005770612036078226,0.02962173136976993,0.0,0.0,0.0,0.0,nm
25.501325730224607,-4.360938315097898,1.9334138940529,100.43091730740228,-0.002423827326214181,0.000578959561783328,0.029866922433301638,0.0,0.0,0.0,0.0,nm
25.52985473022461,-4.359851864238874,1.9336315989980806,100.43144572345027,-0.0023837340282163296,0.0005696977397920286,0.02937936095208518,0.0,0.0,0.0,0.0,nm
25.53937373022461,-4.360919002375961,1.9312261867998193,100.43114529042593,-0.0023643176936981275,0.000563693153129971,0.02913624350858451,0.0,0.0,0.0,0.0,nm
25.56781773022461,-4.362351064637174,1.9266354274320858,100.43152375785687,-0.002463225185000789,0.0005846532391990472,0.030351319642244714,0.0,0.0,0.0,0.0,nm
25.57732273022461,-4.361611863068355,1.9254854502202399,100.43195037376378,-0.002324487581880218,0.0005513186108392172,0.028647584328797424,0.0,0.0,0.0,0.0,nm
25.60566773022461,-4.361330150857714,1.9228041940795464,100.43237464014102,-0.0024423121033758464,0.0005779816704635156,0.030104627979019898,0.0,0.0,0.0,0.0,nm
25.64399573022461,-4.365149334481921,1.9240008084936993,100.43125479739122,-0.0023263996233662855,0.000550366074413779,0.028651335202342084,0.0,0.0,0.0,0.0,nm
25.65350573022461,-4.366280612205976,1.9267424452033683,100.43101469533481,-0.0024262030711197486,0.0005750866282442482,0.029870094019790294,0.0,0.0,0.0,0.0,nm
25.663018730224607,-4.365810162086447,1.9285797364596262,100.43077537773024,-0.0023471658182978913,0.0005573331436033631,0.02889785357927539,0.0,0.0,0.0,0.0,nm
25.69126073022461,-4.368107289335682,1.9281415468807783,100.43124745210358,-0.002546089303201049,0.0006037957742600804,0.03133213451258886,0.0,0.0,0.0,0.0,nm
25.700977730224608,-4.369102801825256,1.9278537582730026,100.43162259561578,-0.002270005948104742,0.0005379736505970646,0.027929020466565414,0.0,0.0,0.0,0.0,nm
25.710575730224612,-4.3702042078881105,1.9252276702989815,100.43133860140497,-0.0023098243553374095,0.0005459697593226462,0.028415252869372156,0.0,0.0,0.0,0.0,nm
25.720090730224612,-4.372653472289972,1.924874600899835,100.43105152491752,-0.0023705624576370915,0.000559651367812403,0.02914771669143772,0.0,0.0,0.0,0.0,nm
25.729590730224608,-4.373900343806388,1.925515255935455,100.43080771753434,-0.0024109632535938338,0.0005692436861504484,0.029635904629745094,0.0,0.0,0.0,0.0,nm
25.75803673022461,-4.3759145019815975,1.9249562457011276,100.43065072452809,-0.00237255547900901,0.0005594884450491015,0.029151983798734352,0.0,0.0,0.0,0.0,nm
25.767649730224612,-4.373928747963882,1.9266327132910763,100.43053021220837,-0.002430921360325637,0.000574510405038953,0.02987977001112332,0.0,0.0,0.0,0.0,nm
25.79608673022461,-4.370792849364495,1.9224803902753236,100.43003029700273,-0.0023493245157014393,0.0005539358602480407,0.02890085371792773,0.0,0.0,0.0,0.0,nm
25.81519573022461,-4.37249590024478,1.9215204510165957,100.42959401488919,-0.002468845928553903,0.0005812834841098604,0.030361394839019933,0.0,0.0,0.0,0.0,nm
25.82471773022461,-4.372957865908894,1.922832798099776,100.42942433908208,-0.0024495500871391986,0.0005772962260975045,0.030119604294681118,0.0,0.0,0.0,0.0,nm
25.87226973022461,-4.372090773419763,1.9205175720176428,100.4287665929224,-0.0024882145254545465,0.0005854675583991356,0.03060353455864704,0.0,0.0,0.0,0.0,nm
25.900802730224612,-4.369949574788354,1.9191905317557985,100.42837492658086,-0.002427374226177745,0.0005709819663697548,0.029870436486187008,0.0,0.0,0.0,0.0,nm
25.91031873022461,-4.36901013845243,1.9204651443798717,100.42831442019062,-0.0023677082356098147,0.0005577578389033538,0.029140568302164497,0.0,0.0,0.0,0.0,nm
25.91953773022461,-4.36884013258788,1.9207115542130673,100.428187212072,-0.002446656532609146,0.0005765202706745553,0.030113035786155228,0.0,0.0,0.0,0.0,nm
25.957858730224608,-4.369164821488486,1.9207910711777925,100.42820558106949,-0.0022097794269270933,0.0005206742499242971,0.02719562750411912,0.0,0.0,0.0,0.0,nm
25.967365730224607,-4.371683942914572,1.9224956006247436,100.42792597179911,-0.0022905311785556153,0.0005399870178381616,0.02817248358196161,0.0,0.0,0.0,0.0,nm
25.976880730224607,-4.373872995989376,1.9212645064479579,100.42776528110835,-0.002390543876611156,0.0005625111523158455,0.02939037028786867,0.0,0.0,0.0,0.0,nm
26.01492273022461,-4.371390640817661,1.9282966306861515,100.42906157340803,-0.002409794281102386,0.0005709384065519563,0.029634292358008824,0.0,0.0,0.0,0.0,nm
26.03394773022461,-4.370201219865263,1.9258886916575826,100.42877031573599,-0.002329659068657464,0.0005510799713998584,0.028658832234451984,0.0,0.0,0.0,0.0,nm
26.04338173022461,-4.369210895164236,1.9270253878767938,100.4292548821019,-0.0024082689931620204,0.0005704197869056663,0.029630717984141245,0.0,0.0,0.0,0.0,nm
26.06248473022461,-4.370987190166612,1.9249516319782434,100.42945011498021,-0.002330010896065278,0.0005505294338055383,0.02865935252385916,0.0,0.0,0.0,0.0,nm
26.07171173022461,-4.37065426074978,1.9251476409528068,100.42924428295522,-0.002369366804094484,0.0005600015954235107,0.029145295068177576,0.0,0.0,0.0,0.0,marker_1
26.08151573022461,-4.3721585133574425,1.9228877501389232,100.42962697921918,-0.0024095102343176227,0.0005680493527081284,0.02963221773290896,0.0,0.0,0.0,0.0,nm
26.09101073022461,-4.372223406904658,1.9216578891122662,100.4300253008631,-0.0023500750078538734,0.000553422807480921,0.028902238024522405,0.0,0.0,0.0,0.0,nm
26.11954073022461,-4.366957560029108,1.9189865536610244,100.42939852059727,-0.00240575422211069,0.0005663937477629778,0.02962334360321964,0.0,0.0,0.0,0.0,nm
26.19555273022461,-4.364677453202241,1.9168502990729368,100.42907307995102,-0.00250272244822472,0.000588666076582787,0.030834962931836365,0.0,0.0,0.0,0.0,nm
26.25204673022461,-4.361685421812396,1.918341710830394,100.4283393845147,-0.00240240488100496,0.0005664699685397685,0.029616197366155585,0.0,0.0,0.0,0.0,nm
26.30026273022461,-4.3630553416322195,1.9214230099806582,100.4285406227868,-0.0024431493144946408,0.0005772922632284629,0.030106008751076614,0.0,0.0,0.0,0.0,nm
26.30978373022461,-4.362438292232445,1.9235517211039135,100.42833489107635,-0.0024825358989124455,0.0005878146395788331,0.03059282580576609,0.0,0.0,0.0,0.0,nm
26.319186730224608,-4.36203544159285,1.924743692211105,100.42816149224102,-0.0023837897653199145,0.0005651020585511116,0.02937711253582463,0.0,0.0,0.0,0.0,nm
26.39508273022461,-3.9189289301896735,1.3806388353282315,101.40782641284068,0.3104395842792062,0.13935663889725755,-0.02667633096575089,-0.3186696130659805,-0.08630100296838063,0.07839852994027023,0.0,nm
26.40457873022461,-3.2219550854212655,3.3740659147309677,101.88233457024874,0.02042162628717135,-0.08739257304733895,1.8270896313547147,-0.40855436884036855,0.06465591163323085,0.08460908107094153,0.0,nm
26.41409673022461,-2.495356246941841,2.665240172995007,102.23847654414821,0.09866971304708681,0.47135889071370657,-0.44785139281173597,0.11879739938388097,0.1804764487127202,0.05897086745432005,0.0,nm
26.42360073022461,-1.7192551229978186,1.7029554092224792,102.31835176759851,-0.3099996046589694,1.2876225941432484,0.8991203834650487,0.1655142349553835,0.2015241849528915,0.0053436296726250086,0.0,nm
26.43312273022461,-1.8820596668131875,2.1402993566767523,102.07323314169354,-0.06560568835139385,-0.15391752662666622,-0.06066875078675705,-0.06836573301490485,-0.04158811994307016,-0.05272305083808505,0.0,nm
26.44264373022461,-2.7353035704362423,1.1024388943965202,101.62919885393093,0.1688544465626406,-0.48787830338769766,-0.29697593099972674,0.24888653100966524,-0.1156807101323886,-0.08850991942403517,0.0,nm
26.452134730224607,-3.554011516255083,-0.9279097061147937,101.24072545127079,-0.23843305367523812,-0.1929233239222061,1.3495629045764386,0.44147343734424027,-0.07122165620406687,-0.08155947746115363,0.0,nm
26.461650730224612,-4.981153869282162,-1.0931117962149126,100.98989347129441,-0.1483342964092757,-0.5138698093854415,0.40887729551440294,0.09820815351613264,-0.26511779295227617,-0.058975647315692374,0.0,nm
26.537815730224608,-3.97129344175517,1.3550116715933829,104.02806665282526,-0.23968254496178634,-0.19315439980275864,0.1066287604094216,-0.05539767304623154,0.3334885265460245,-0.03654772844587199,0.0,nm
26.57583573022461,1.9006173702924203,0.5799686818160837,105.14529007180734,0.25991047719766835,-0.5182089867830937,0.4409194415251727,-0.1490501481237975,0.18993397169507445,0.1221910710199552,0.0,nm
26.61391373022461,3.377172054352538,2.5775066876342794,107.08855666547854,-0.21716073576895742,0.24676913221762642,0.199007437023463,-0.08057092719804622,0.009354488906211118,0.02242392783267016,0.0,nm
26.62344073022461,3.5468732641659524,2.423153517537496,106.95621506817223,-0.24244112384608257,0.4288889614691897,0.23124228750492254,0.028731616454660436,0.050897847688243035,-0.03385855355332717,0.0,nm
26.63294973022461,3.971428291363857,2.2551328238648733,106.7166985947464,-0.2869633656387075,0.29893288153088127,0.36714385169783836,0.016712258583445307,0.10039134584186055,-0.05737084731622839,0.0,nm
26.64245873022461,4.4622970198753515,2.0928494002875784,106.50554233976975,-0.19059354735969242,0.018134365677723894,0.16916580999861972,0.012157395734049612,0.11272034240167882,-0.05203240680902129,0.0,nm
26.67081173022461,7.256190237131943,1.438832106985391,106.99142309656787,0.020494018412045564,-0.16123873321178106,0.26999802916322807,-0.06793921909198058,0.2102386539425061,0.06691266055963267,0.0,nm
26.68031373022461,8.453877376027998,1.6225458072041954,107.49298914534566,0.07703466692002368,-0.1255924597237987,0.2444792663680263,-0.09766478949165967,0.22740935658694658,0.08726201539812267,0.0,nm
26.72786473022461,13.64076053222176,1.9109202300100772,108.58906085418107,0.21091117076665455,0.1410633365540941,0.31175263213811477,-0.020496588379238255,0.1698483258045826,-0.02128915394897845,0.0,nm
26.737384730224612,14.390054013017494,1.914812297249523,108.55550255345113,0.2154396517737097,-0.01531268711697759,0.33430905166321,-0.040829233028970166,0.15110775781458013,-0.019604653948596364,0.0,nm
26.803976730224612,20.71818945773387,4.35663465629559,99.9092456023888,0.05237823563858062,0.2281539521900368,0.11333330330471915,-0.10742236951371444,0.23614932192217672,0.06373638721118727,0.0,nm
26.84202173022461,25.613547534661315,5.3736219220036325,94.77082820375303,0.33817117288694554,-0.08963455258605506,0.22134450231182828,-0.07369638652604348,0.22489775285960642,-0.0233490881280425,0.0,nm
26.88957873022461,29.677588991987374,7.280551463155677,88.95789418792434,0.23467049894673322,0.27382533022834354,0.02306617428367094,-0.04092857485754967,0.1435428786660278,0.08514749344243866,0.0,nm
26.89909173022461,30.41256755070314,7.341474066519457,88.2251356131694,0.2078763157087159,0.26626847366649725,0.021527061875461273,0.0009972136345940217,0.15128045776387966,0.09889872304188359,0.0,nm
26.937139730224608,33.53162565630512,6.3045784668752445,84.92422030740074,0.22348885172212243,-0.22435469675968342,0.08476819840033331,0.0739153659102727,0.15163402009813629,0.07108967665613491,0.0,nm
26.96565973022461,35.413078726690564,6.3557711129760195,82.57916405721662,0.1403710292986717,-0.1272695309066299,0.048719494127642496,-0.005723292456996947,0.11969317697739706,0.0985346542249331,0.0,nm
27.02277373022461,39.68734011729265,7.458351745334052,76.89809754843253,0.13103272154917103,-0.12601057621848535,0.07327101077659062,0.02120314882833615,0.22952952796237833,0.0077162543445189555,0.0,nm
27.03228373022461,40.68817366436649,7.853855832077058,75.85653150621626,0.1543952452479176,-0.16475876573153986,0.06162531577583893,0.012943502893832372,0.2472716682742517,0.00910017490130598,0.0,nm
27.051505730224612,42.752674579579434,8.840439890376508,73.98981118783738,0.1941279928909922,-0.10782053656838556,0.009970751772965074,-0.010835400978837107,0.27004655651278825,0.026851456274606677,0.0,nm
27.07036673022461,44.81043410293078,9.720739347948749,73.51740901429058,0.22275233372343792,0.036435637754726115,-0.07016872286404584,-0.021216709218207144,0.2731324968913565,0.029243015846462547,0.0,nm
27.08932773022461,47.077781084126144,10.516224067572994,74.13831471864901,0.2233110193570354,0.09495748230826612,-0.14304657130451265,-0.017539091121820463,0.26524781046548396,0.0011209491853588097,0.0,nm
27.10835873022461,49.5416351103215,11.438300352160718,74.4933999523158,0.23641694802252902,0.008423620607552093,-0.17133120445739675,-0.020357016160874947,0.2587855659600421,-0.031935938561776574,0.0,nm
27.12734873022461,51.8702132983913,12.44154133216322,74.69269156532881,0.28131942079228545,-0.09214274632303622,-0.2133917728870427,-0.03620597958942514,0.24514955311857803,-0.04204008654051715,0.0,nm
27.18440873022461,57.22695847872818,15.885016960396467,76.64257550653906,0.4595801404946521,-0.040827457257098305,-0.3198609027099561,-0.0891823915289719,0.14016646130695548,0.03639411493055279,0.0,nm
27.20338873022461,57.93920521481527,17.28990626237304,77.3684114922426,0.40294958640421574,-0.0591888250667053,-0.25634608961044236,-0.13183798613900535,0.08340541946844655,0.04287716876642343,0.0,nm
27.260495730224612,59.37914114268122,22.06722257885773,78.30272251252671,0.17661325496959823,0.19862702470969604,-0.22080453261954547,-0.10310715605155141,0.12104354053236567,0.10144997019029092,0.0,nm
27.27000873022461,60.044005414096276,22.599513599201117,77.83600562034033,0.1243061617032437,0.19321961879065802,-0.24138714120376087,-0.07539649573264208,0.14417700423720808,0.09067659264873515,0.0,nm
27.30805973022461,63.82141513976763,24.336285201615727,75.55598573345111,0.07355450476252225,-0.06535541544319506,-0.17509318940531593,-0.034523856920627476,0.2181777395572968,0.010676002684080848,0.0,nm
27.32725673022461,66.26859441769986,25.19438398037767,74.50397522062218,0.08434498216569418,-0.09048464079919966,-0.23467246681999615,-0.01585872837161139,0.24595305930761976,0.00812005033314858,0.0,nm
27.336771730224612,67.6464230668248,25.53296138170924,74.20307385581295,0.09075664286652929,-0.059021709154410885,-0.2633232669140375,0.004463108182480892,0.2587075611293624,0.022628416478709945,0.0,nm
27.38429173022461,75.09905235664218,25.366396148275122,76.89486561811891,-0.08032695982105592,0.0756855005840824,-0.3418558084418238,0.09034298656137182,0.25515115233602587,-0.026958069374633124,0.0,nm
27.42237173022461,80.50856597275259,25.078429411024374,78.28669103414411,-0.13905313723630022,0.06377904404136799,-0.40877121047372134,0.061776973999848606,0.21843905062060595,-0.06182175632424062,0.0,nm
27.43187573022461,81.67112732786615,24.87790611340013,78.56619183867826,-0.15779328580813673,0.07394264105347619,-0.397853437895103,0.07874473661216139,0.20000819192442615,-0.056317870196504326,0.0,nm
27.44139673022461,82.72692792075156,24.559435869131093,78.83342892085311,-0.1885900816288753,0.08391819357107844,-0.3614307751093703,0.09702543360020562,0.1772951076343677,-0.04881848125086372,0.0,nm
27.48888973022461,86.80692345636646,22.93857384315555,79.64399878124475,-0.30707271262101987,0.14688466019166319,-0.22869242696588127,0.056600738882992906,0.12765239997877373,-0.055611894247161564,0.0,nm
27.50790673022461,88.15450798084845,22.65305577762474,79.65028409712113,-0.2788893125017833,0.1427903686833366,-0.2342156438074011,0.04606626640457454,0.11519375431219864,-0.0673655399286956,0.0,nm
27.51742473022461,88.7676256947317,22.46400819162849,79.61503403773531,-0.2715950631924409,0.12005478514288716,-0.22743710326013927,0.05335173995638636,0.10703909638923967,-0.0676469771070835,0.0,nm
27.52693473022461,89.32044140339373,22.225227306127596,79.56787445475379,-0.2635674691362763,0.08512572538813619,-0.20554315619639413,0.061135885111346405,0.0944839724145818,-0.06497011648531213,0.0,nm
27.59353473022461,91.0729371791797,21.485459074326208,79.53357924786451,-0.1570673640228591,0.08899224066507294,-0.15665922603802473,0.0,0.0,0.0,0.0,nm
27.60305273022461,91.02292943673224,21.441780192650377,79.57024023241588,-0.1378883026049877,0.1011190186997785,-0.14352557747662772,0.0,0.0,0.0,0.0,nm
27.62213773022461,90.77395046120809,21.298863128004395,79.58563140644115,-0.11700705376189677,0.07849127216283666,-0.08574004713230506,0.0,0.0,0.0,0.0,nm
27.631569730224612,90.60824227896254,21.267374361585173,79.56413621811265,-0.11358897324832982,0.05478616959080464,-0.062124880098671766,0.0,0.0,0.0,0.0,nm
27.669685730224607,90.38486939222,21.68268792066503,79.62571163891262,-0.08267102383803127,0.004041594466752895,-0.02744399486246906,0.0,0.0,0.0,0.0,nm
27.67920173022461,90.29906876009149,21.786663519493743,79.66513645875892,-0.08306153792395855,0.01531338406034231,0.0004093786958873861,0.0,0.0,0.0,0.0,nm
27.688701730224608,90.22972212511468,21.82709169290755,79.73140683659057,-0.09307395624194457,0.017005047026640564,0.00035215473767903236,0.0,0.0,0.0,0.0,nm
27.69819073022461,90.19618264762602,21.806618279160624,79.81361124978636,-0.10324021861339631,0.018686115343111508,0.00033353627721287885,0.0,0.0,0.0,0.0,nm
27.74573973022461,90.38593113529134,21.79348894072208,80.0782782447205,-0.041693575393269636,0.03974327368505003,-0.012433247813738352,0.0,0.0,0.0,0.0,nm
27.75525073022461,90.43828975639417,21.86922096707087,80.07517614161223,-0.026175226893356766,0.048491185540767014,-0.0170796065390288,0.0,0.0,0.0,0.0,nm
27.764800730224607,90.46216859541501,21.93183606705597,80.04938335263374,-0.02005182379186205,0.04858544422736278,-0.01762842447346313,0.0,0.0,0.0,0.0,nm
27.82186473022461,90.49101347933056,22.175820841236018,79.74539582957252,-0.07921984550441906,-0.017817330787099683,0.013586778178694173,0.0,0.0,0.0,0.0,nm
27.83134373022461,90.59404839684504,22.261085512356786,79.7118999866195,-0.07285456774723252,0.013520090573872264,0.0007110196424549874,0.0,0.0,0.0,0.0,nm
27.85036173022461,90.8215525433728,22.36880451169375,79.61855475144618,-0.0637526184086098,-0.010697932594372132,-0.05348548869816138,0.0,0.0,0.0,0.0,nm
27.91698873022461,90.3055554880365,22.410133620899742,78.69258302296839,-0.09137808951590427,-0.007424273293198472,-0.061101699208135296,-0.020442845257700546,-0.04587274492673042,-0.03248047729680839,0.0,nm
27.99307073022461,88.54554690220995,22.702597522647988,77.60608759665475,-0.07257544987187599,-0.05871522088862592,-0.04454424132890227,-0.02529161731403368,-0.04861538427745099,-0.005994558124668999,0.0,nm
28.050077730224608,86.90113650536051,23.185573872443474,77.54860091255635,-0.11392560724699151,0.06744094403466519,-0.13510527729249042,-0.022562303858277455,-0.0580158569914053,0.000530609063662544,0.0,nm
28.05958673022461,86.56056850492149,23.221026628392845,77.45825990478522,-0.08053613809533182,0.046598489167271155,-0.13580043206306322,-0.024285706124371906,-0.05749266564946388,-0.004893340791824247,0.0,nm
28.088084730224608,85.51136735187133,23.47755730579075,77.11928497690323,-0.0663576393307367,0.01374923041486284,-0.19106461606114322,-0.039628555873175896,-0.05944445836146742,-0.0082797723025645,0.0,nm
28.16421073022461,80.43097680025943,23.844041525822917,75.38923474414077,0.0875173905038777,-0.10242106285426299,-0.1742932773237798,-0.051373240778180625,-0.15331195572413847,-0.006075622966402009,0.0,nm
28.20229073022461,76.37366434199696,24.19112549313297,73.43715183114973,0.10497367971446138,-0.11023866529709418,-0.08370449916610806,-0.07399462943036289,-0.1799913202297356,0.04239065301639067,0.0,nm
28.22132273022461,74.22783800212612,24.346624932384323,73.27023397614093,0.0723976458915289,-0.07136213641357629,-0.03310276486580057,-0.07187290278875773,-0.18176113324924334,0.06082302550597806,0.0,nm
28.23090273022461,73.10089725075241,24.475582092415273,73.18619379080806,0.046732341504760765,-0.05736200489519469,-0.011401312768779114,-0.07215628958081774,-0.17769009562147667,0.06221273953212482,0.0,nm
28.28797673022461,67.87855291797001,25.280427453670356,73.09584177072004,0.039949742542243205,-0.004944963889905707,0.014578106395567125,-0.048306791740425105,-0.11461707934056155,0.06376411343408785,0.0,nm
28.306955730224608,66.62684751237678,25.40158529444249,73.34494040489187,-0.009757672859884794,0.017927100762954215,0.030278630242318832,-0.04847093984410737,-0.09814509168880695,0.06096611403054671,0.0,nm
28.316504730224608,66.06624323635256,25.468382939456493,73.43214731987399,-0.0007153039495056998,0.06079607091962763,0.017316303279562153,-0.05430751830169312,-0.09046779700638677,0.05126834088997188,0.0,nm
28.383086730224612,62.359970199327456,26.192624320549648,73.02458381489902,0.0,0.0,0.0,-0.038828044192772776,-0.08622660452953036,0.023910477400501867,0.0,nm
28.39241073022461,61.81091719666896,26.25996819198926,73.00110350943112,0.0,0.0,0.0,-0.042215830274903235,-0.08850493647686118,0.02957497908243944,0.0,nm
28.42094273022461,59.984923553938835,26.325972778896887,72.70156326618178,0.031052405401895897,0.09970737711939602,-0.051671881857050746,-0.05420314805557945,-0.10670157343754318,0.010283323882058623,0.0,nm
28.50655273022461,54.13106218828668,25.840076428595,70.47300252995969,0.02674100820807647,0.07540134741612603,-0.03874391453613723,-0.047773056469721534,-0.10294365874952022,-0.015370915759094262,0.0,nm
28.51619973022461,53.499110701565556,25.755573969217522,70.14572207143996,0.038054663112452335,0.10538753583302463,-0.05405883835197195,-0.044919346936597715,-0.10444829914809872,-0.024602889097615772,0.0,nm
28.56379873022461,50.59531043552668,24.833129819934662,68.35663452279476,0.05722864389350366,-0.01639962379089314,0.012671880889487092,0.004632896739047548,-0.09277213673717749,-0.035449632533855975,0.0,nm
28.573299730224612,50.05032414857059,24.737495873276256,66.89513566383626,0.06158231013247485,-0.06374815902870151,0.028978501485675903,-0.0033707628372798793,-0.08612777472394645,-0.034084040905953086,0.0,nm
28.58282273022461,49.476714700735414,24.699848886745457,65.44886454696896,0.08263342393254362,-0.07632086921749875,0.02966769345666767,-0.015805214744361175,-0.08119844179837916,-0.034886639212476596,0.0,nm
28.611302730224608,47.29346265604952,24.668257218698066,61.06272718558282,0.16851402082814793,-0.03167113509661438,0.004057462429908781,-0.05419714275432469,-0.09789475020287682,-0.03326812199729242,0.0,nm
28.65890173022461,42.66615058742607,23.636272308590346,55.725397365336185,0.04595260809580253,0.011669118355925576,0.08116520654740311,-0.04008381464816067,-0.1583678309381929,-0.03790613664210412,0.0,nm
28.70641673022461,39.692748177359405,22.4467545703799,53.11027535649418,-0.10555399535720512,0.0034971804674836507,0.102719905875658,-0.006897844526529336,-0.08870839438548953,-0.026831971053429507,0.0,nm
28.73495273022461,39.2343087050467,22.03414644359023,51.90482563241902,-0.06213107068642524,0.051485154397727884,0.0053992068414101336,0.0038328479240913823,-0.048267933105871866,-0.02338107006793597,0.0,nm
28.74445173022461,39.129934195918494,21.87423321136385,50.91297570774492,-0.02554420410501023,0.05997657674158394,-0.01907152414649098,0.005000578510338082,-0.04332207703118969,-0.030845630651541476,0.0,nm
28.75401573022461,38.99231143878018,21.7116077764667,49.871436353811,0.004716350735939513,0.042375440866968636,-0.04562884635790993,0.0035543317260886944,-0.042513963878944606,-0.04022857193892015,0.0,nm
28.76352173022461,38.80569168426629,21.55826835433202,48.810962289906925,0.017905213975941043,0.021665546491494093,-0.05766164020178265,0.0011513905242066236,-0.044653028062103216,-0.049413325426616646,0.0,nm
28.77303373022461,38.55604884881554,21.426949315197245,47.73152944182337,0.02191027811117564,-0.011453269970127251,-0.06899389840505155,-0.0030082624144753436,-0.04954874868832617,-0.055187861118698,0.0,nm
28.830044730224607,35.98700183815098,21.2545953073316,41.87012942995309,-0.024828459644939283,-0.07163595504929843,-0.0719844339499705,-0.05072295794816254,-0.07053083490038686,-0.006806406639712573,0.0,nm
28.83960373022461,35.43733868005982,21.264409532605836,41.028920404962705,-0.012305307711952332,-0.033671066207005225,-0.0806486283952385,-0.06321540472267159,-0.07388343401138835,-0.0039717972583034255,0.0,nm
28.84907373022461,34.86046726416716,21.256068915891685,40.17799785071297,-0.027865917871113786,-0.01633353322017768,-0.0818214405723604,-0.07392670430688093,-0.07791575047734949,-0.006520047334983651,0.0,nm
28.85863073022461,34.27884570637168,21.220004447705403,39.31115080912525,-0.023324300377156267,0.04731208571347141,-0.08549828001434305,-0.08005130349426808,-0.0819830486692318,-0.01316713045796392,0.0,nm
28.86804473022461,33.63643069637098,21.172851799193428,38.405664540079876,-0.01855333178434318,0.06253244570667925,-0.10697782689190545,-0.08169709188154585,-0.08624736383253052,-0.020689218259480075,0.0,nm
28.906092730224607,31.404803789088767,20.789133407544483,34.84920633327443,-0.07722033331152721,0.0359737372957047,-0.11277697985692471,-0.05213316553954695,-0.07753839588465186,-0.03645614189053622,0.0,nm
28.934644730224612,30.209070883798983,20.459551916766735,32.39931951351918,-0.001982913432049406,-0.017409524894269363,-0.12411864144439999,-0.04088935485869951,-0.05775838981879836,-0.04475474132295429,0.0,nm
28.99171073022461,27.4822390659123,19.377093574562366,27.562657650625788,0.08295393833799324,-0.10366690593370138,-0.1286276287481328,-0.07611687130532746,-0.11356545895904957,-0.04291089558828776,0.0,nm
29.00122573022461,26.74639298586628,19.071036055615366,26.802795864639076,0.05680184732865729,-0.09886693917490276,-0.11081749596177264,-0.0896774037219281,-0.12379289284409332,-0.037427315079931384,0.0,nm
29.020240730224607,25.149528330020825,18.43744107842349,25.34570321275339,0.0028899690089716798,-0.07287184816570208,-0.08573691410589995,-0.10377628218931106,-0.1296586574125822,-0.03076161780858551,0.0,nm
29.03922273022461,23.584934879788772,17.784714540221543,24.332146895174546,0.028327333430960194,-0.034086586783781535,-0.08698172480950782,-0.09897671749050486,-0.12707717972598376,-0.029124131961613363,0.0,nm
29.067973730224608,21.329440007966067,16.663987466652852,23.32414981476422,0.07522276035665565,-0.06981110843804972,-0.05067137352698098,-0.0763123684572494,-0.1200340193033596,-0.0365261785466166,0.0,nm
29.07729673022461,20.578381297733657,16.248352021591923,22.960565831858837,0.07438240597372446,-0.0875641243879488,-0.05288299687989393,-0.07230705357856206,-0.12308727516991749,-0.04036065608358578,0.0,nm
29.09635973022461,18.995953651440786,15.389344064427569,22.220177352248562,0.035641737909927175,-0.11657613518562061,-0.04029247200223382,-0.07690068464696125,-0.1337546125759017,-0.039769132587851544,0.0,nm
29.10584173022461,18.161861675045095,14.96440720870241,21.878708151720005,0.04530090147429977,-0.11606126447446993,-0.004531961167392159,-0.08322939746146683,-0.13927752827439138,-0.03425366308833106,0.0,nm
29.15343173022461,14.384172664914358,13.120327952360482,20.87071906308029,0.017244056136016265,0.0608136386957963,-0.03173610427482836,-0.08872494300241746,-0.11547627111508157,-0.009820198673580144,0.0,nm
29.162940730224612,13.896399408899981,12.69543682832505,20.71317555831717,0.05425316770356318,0.0787060947447114,-0.05495277732149536,-0.06917506563227843,-0.10851892586642684,-0.018684093117562025,0.0,nm
29.172454730224608,13.525404664625878,12.20972854995848,20.53190611604725,0.08647097501894639,0.07376787243362938,-0.07355531637816907,-0.04308546161254589,-0.10386355876804312,-0.02912308711287609,0.0,nm
29.18196673022461,13.22414419923661,11.65434422512394,20.32987340972806,0.11291343475833632,0.05323009999947838,-0.07208144208227309,-0.01796224769631112,-0.10485764549039601,-0.036679385481058674,0.0,nm
29.19143873022461,12.959761169757718,11.05210578693157,20.12509933202222,0.12791719144843758,-0.012841818570095793,-0.07041153896803318,0.004379504081153453,-0.10871396137696451,-0.039097392531616024,0.0,nm
29.20098473022461,12.72086912014276,10.432835196191457,19.941019082452538,0.12389570536190367,-0.07089569237829808,-0.04198935938595172,0.02296146651412176,-0.11226881062880274,-0.036279000030683614,0.0,nm
29.219968730224608,12.234837704365034,9.216405588071346,19.68145307270993,0.06803924743101139,-0.17720570153163887,0.027013526891911596,0.03860332970638702,-0.1192243133507385,-0.021789662514060854,0.0,nm
29.26752073022461,10.327382335568998,6.683090274415149,19.629614346190227,0.1259733941909838,-0.24117772462688106,0.05288454372151158,0.005113095979069881,-0.0953838585316791,0.011480727543157192,0.0,nm
29.27701673022461,10.173433778085148,6.330565670998653,19.71156777903686,0.14597565301434615,-0.24304401302810727,0.06628093747230163,0.003973731703511923,-0.08493367055981245,0.012326653199285454,0.0,nm
29.28654073022461,10.033582031935659,6.037088320214021,19.786566305185012,0.15879765777813562,-0.23827778865079063,0.09793400266727309,0.002762499407835896,-0.07286202851286117,0.010513463946643414,0.0,nm
29.32464273022461,8.587365976243658,4.999708149336588,19.500878304909822,0.15665860514819677,-0.19792072539004496,0.04756255761560195,-0.04235505195478961,-0.07113089408263597,-0.036805720245800394,0.0,nm
29.33410073022461,7.897990983168147,4.69368792767599,19.223954231075002,0.15190626063139864,-0.1854693647965236,0.047944248414414616,-0.061389590789495734,-0.0802002277617295,-0.05073497938583569,0.0,nm
29.343652730224612,7.107904294566767,4.379754626781724,18.899414330275018,0.13481275974239681,-0.172992402614908,0.03912669601216213,-0.0826429803959168,-0.0910916045651345,-0.0592386506011362,0.0,nm
29.36267673022461,5.2976210817883524,3.708986325156541,18.234128069686115,0.04369385087633932,-0.12329727869750146,0.04504454844676948,-0.12038602534861179,-0.1212794613179359,-0.059009579083951116,0.0,nm
29.410227730224612,0.8921647747426896,2.532441478683893,16.88389770531391,-0.08549347960517151,0.04182023430181798,0.04247570560111178,-0.13093639564340062,-0.11223229121159947,-0.04798270544784775,0.0,nm
29.42919573022461,-0.42754852101747554,2.038521895577028,16.43594125258211,-0.011944834925798946,0.05636905575978123,0.1262155948206048,-0.09981322044256355,-0.09579392705215548,-0.042747498479976866,0.0,nm
29.438701730224608,-0.9736544642423833,1.7965599504953904,16.269563613964912,-0.005030256431470061,0.035063237886221836,0.1592285327742765,-0.08173128015362598,-0.08684640378164675,-0.03454264892388642,0.0,nm
29.44819573022461,-1.4385265337271478,1.5678605114708941,16.172290489717174,0.003882782532192897,0.006390708041453676,0.2012745332589777,-0.06703848758983984,-0.07959539424608625,-0.021510912575386808,0.0,nm
29.45770573022461,-1.8770253525199345,1.3499856213346875,16.15507985586235,0.003380445989472793,0.009516008897457136,0.25013418707435975,-0.06262498494698115,-0.07600128838554977,-0.0058627529017090075,0.0,nm
29.486233730224612,-3.587202020533985,0.7034789959642742,16.380423610189304,-0.12613711075687178,0.07957760801627628,0.23281750836960238,-0.1094814974930746,-0.08994818787814837,0.014020565798001327,0.0,nm
29.49574373022461,-4.406908823612421,0.4824644123784275,16.411001160662835,-0.16663459433572717,0.1506357123192261,0.19764725704953232,-0.1352504010229307,-0.09856061025573105,0.0037977806629040387,0.0,nm
29.50520973022461,-5.351004493642669,0.2684725276402813,16.364940441334873,-0.18625664516830057,0.23477136653420988,0.12904060694226455,-0.1595313833964098,-0.1042842767555597,-0.011780581728330639,0.0,nm
29.543323730224607,-9.215079599601216,-0.8145030517042919,15.451976587479722,-0.40008059603712354,0.38336979640330204,-0.02715354726877427,-0.12457031331774358,-0.10238480112640076,-0.06719579956586993,0.0,nm
29.57185673022461,-9.64324945110897,-1.4422527548153192,14.282420787322588,-0.40109842278427876,0.13604973517937372,0.02779398330390317,0.04697340577719368,-0.026805579841946685,-0.08969730788409873,0.0,nm
29.581299730224607,-9.30942908740325,-1.4113563234361368,13.802625651957086,-0.35565869130197003,0.0072717519092710715,0.15895383952960965,0.07272815232090889,0.011733661655489551,-0.0971514934746401,0.0,nm
29.59085473022461,-8.852417299517512,-1.2108315445781979,13.33491158833604,-0.21152483012873188,-0.0545276136633895,0.3841705631439369,0.08881671754730448,0.04995440551141659,-0.0944253168583537,0.0,nm
29.600364730224612,-8.385692899639794,-0.7323229268728962,12.955210002340403,0.029432555606519452,-0.043623943125084136,0.4992632679850535,0.07841057771104251,0.10396548261124111,-0.07746891004158439,0.0,nm
29.647936730224608,-8.465568567726407,0.7554075214057879,13.799699012495475,-0.03053915357896685,0.13188937316075375,0.13664640140417206,-0.055305608302888457,-0.04816395174085898,0.0675557088639959,0.0,nm
29.66694973022461,-9.37542615798705,0.4439448696368764,14.128526491363427,-0.334028879002944,0.18606755784525744,0.09010219008056514,-0.08220306907596212,-0.05771238142572814,0.016377384250025443,0.0,nm
29.67646773022461,-9.897403710412922,0.5589502491496088,14.12026030043968,-0.3060989943229346,0.15806837838209992,-0.03725817204935489,-0.09758262061376645,-0.013651674619010524,-0.003593088998341725,0.0,nm
29.68598273022461,-10.31488838544855,0.8694454219232916,14.116074105922992,-0.182406043362528,0.21085849958418756,-0.0701188193310704,-0.08684816949218092,0.029397979371572448,-0.0025934717008824514,0.0,nm
29.69549173022461,-10.656866784824567,1.2612017980329069,14.201724528278765,0.0006851283637797785,0.2488993085208446,-0.1472467348240025,-0.07619006976918044,0.04879872489145452,0.015653900811632083,0.0,nm
29.70500873022461,-10.896342528165254,1.6407349809284537,14.396898719841332,0.13748739848335065,0.2725952206068445,-0.17153304303765565,-0.055818937414621,0.05130448031032845,0.03753285835061535,0.0,nm
29.73360873022461,-10.24119714517079,1.2460325574910236,14.892887361513596,-0.05150692857346875,0.19065512793134792,-0.03567198253417145,0.023748706549440994,-0.049236436274969146,0.001623490760625846,0.0,nm
29.74313373022461,-10.031839943778468,1.0459774025171078,14.66983902006834,-0.1463056356200896,0.12888165679074443,0.06630191848204868,0.03356148305252594,-0.068557234179275,-0.04847397283486473,0.0,nm
29.752580730224608,-9.989520862485398,0.6966356661432935,14.227824769074296,-0.21742608249799195,0.02971063426420147,0.08835362645590121,0.03505173056856694,-0.07608555789434315,-0.091475232753514,0.0,nm
29.76184773022461,-9.902916739112513,0.37653327781844875,13.691225988804646,-0.21284844474096898,-0.027718129754576833,0.13571817119053536,0.04159891974231462,-0.06856175496357064,-0.11042814579195624,0.0,nm
29.77140473022461,-9.800440068090264,0.19766134985849468,13.199987303484663,-0.15539330844790375,-0.05050978078757355,0.18132633908127588,0.0375101583167155,-0.040680865005275374,-0.1012890054286689,0.0,nm
29.78097573022461,-9.828957614520277,0.2726432528901774,12.867484190445,-0.05284249029334923,-0.08838265123977757,0.08747999350895483,0.01819858523772188,-0.00816077368722601,-0.06939009830382609,0.0,nm
29.79064273022461,-9.886888803295951,0.3603658504089445,12.755015520142724,0.02182777643557487,-0.09593716371511264,0.017148076671956572,0.0,0.0,0.0,0.0,nm
29.80001673022461,-9.86781957919614,0.3311961327562384,12.830938253782467,0.07405466943379786,0.0032434374284105436,-0.07678559260521055,0.0,0.0,0.0,0.0,nm
29.828480730224612,-10.055976901394203,-0.5109605472014946,12.668791818131405,-0.05899497778457922,0.08426279224416236,0.1259559691580149,0.01613050676780794,-0.0884264144121265,-0.0532514504616572,0.0,nm
29.847471730224612,-10.185099978166434,-1.2255424001067312,11.593928031278734,-0.08327201115044847,0.046523110339811824,0.34535282115873256,0.011850569040743766,-0.07472767959250273,-0.12093787011231431,0.0,nm
29.86648873022461,-10.469847264621725,-1.5139446199739321,10.804838699853292,0.036303725005545656,0.09559505310484644,0.4728853924094064,-0.02990954612015945,-0.032497536638316504,-0.05977415415827315,0.0,nm
29.87601273022461,-10.79017487545344,-1.424564180819177,10.80680585115691,0.03700987074561267,0.1781174388642927,0.41554129157619524,-0.05747579610421788,-0.0054704463172330015,-0.003680601127052956,0.0,nm
29.895027730224612,-11.90063086732868,-1.27344059097381,11.300632915446098,-0.06862680001898042,0.3164995090033512,0.23734390742713835,-0.11513831198175294,-0.028588040515094067,0.04959079691744391,0.0,nm
29.90453273022461,-12.56288568247374,-1.3313737110300703,11.415140962760555,-0.17709828587451001,0.37933759116816496,0.16202726806384388,-0.11870456003590142,-0.048486734487340595,0.017858661951545084,0.0,nm
29.914045730224608,-13.235502349355793,-1.479459663663549,11.211210875951986,-0.2620432067380162,0.3965236550097584,0.08914323252637119,-0.1172543387307247,-0.06654829850471548,-0.04602107687124391,0.0,nm
29.92359373022461,-13.845777330333021,-1.727670971068064,10.659331950124047,-0.2738197646755238,0.35497542419067357,0.01465939893913409,-0.10165187023120599,-0.08313413954809706,-0.1156387327753951,0.0,nm
29.952235730224608,-14.715995782395492,-2.242397181675155,8.172682501268662,-0.06785759892368748,0.2574042405934026,-0.03204684056515991,-0.019454584460655,-0.026989654348466133,-0.1593464107267222,0.0,nm
29.96162273022461,-14.69469212689596,-2.183036584410151,7.650148059144487,0.0006118421296633533,0.24242323337985666,-0.01771289293332888,0.01083976557105528,0.0007127070632349985,-0.10594111008890951,0.0,nm
30.00925873022461,-11.9507451400946,-1.6624834756544058,7.176299467201548,-0.10319009389007638,0.07986558150034846,0.0811454607339354,0.14480119573696226,-0.008005349549223967,-0.038439915731149014,0.0,nm
30.01870073022461,-11.27538953049329,-1.772557962629516,6.7943264736961835,-0.1366358345855274,0.040045961229761735,0.12310861316337601,0.14491005817912322,-0.017078942084712084,-0.07470754510918959,0.0,nm
30.03773373022461,-10.14645001531047,-1.753747591108252,5.842607688956824,-0.10515886755441906,-0.09628625002358972,0.1296817732295887,0.1277106328079358,-0.0012308098371174693,-0.09228187253682225,0.0,nm
30.04722073022461,-9.653836389906166,-1.644230061681136,5.492809046583077,-0.08681325354894269,-0.11009159847323337,0.14106266456449118,0.10374613558115058,0.019810120267652484,-0.06976251935052204,0.0,nm
30.05695673022461,-9.426736154209127,-1.3872587979027373,5.30847678747512,-0.04045382628796381,-0.15360124864889063,0.060860132141152955,0.08010766757292911,0.03527334981139628,-0.038526607196109924,0.0,nm
30.085329730224608,-8.704264644118247,-0.7387225432831535,5.087311934831673,0.005538393161350554,-0.06363389767347592,0.009778199834044174,0.051965015135881275,0.02435535396947833,-0.0276550314276042,0.0,nm
30.09485373022461,-8.515343771489537,-0.7089605446777075,4.794444549285479,0.002196484487867397,-0.03511707593671489,0.06031270916623744,0.05207654326756809,-0.001267801382263615,-0.061166121951053046,0.0,nm
30.10434073022461,-8.465874448900776,-0.7939361854037782,4.321571217169348,0.0058930595313792695,-0.08968172594837041,0.06361708561119535,0.037363151386112736,-0.025586076492801802,-0.09753982375166216,0.0,nm
30.12329373022461,-8.215923418931439,-1.0583634186840423,3.1727345595474548,0.011476884444136632,0.0783638298632188,1.6059562201808795,0.02933197359581586,-0.03272483990323076,-0.11678871183026493,0.0,nm
30.132799730224612,-8.368513522282315,-1.184968742658081,2.7309210879286563,0.07011486153997594,-0.11508783379584092,0.18577809908804055,-0.02198544969395163,-0.038930282479132335,-0.09203945199682018,0.0,nm
30.16137273022461,-9.579599445589215,-1.3828470470611574,2.4380375049147553,-0.10945931980680051,0.029963302581760866,-0.15226822699215672,-0.10200713147494499,-0.010683675628834427,-0.004780623729316301,0.0,nm
30.17085573022461,-10.075391281971365,-1.3224090160224362,2.4030318204632932,-0.15191924758556208,0.1770829683564854,0.2949993995323547,-0.09251328570017738,-0.004272419576490926,-0.011949464424379518,0.0,nm
30.18036473022461,-10.483177113615223,-1.2261230303130188,2.238559562772421,-0.15358907252524215,0.27033320345942574,0.5003049478856025,-0.07523206276981102,0.0037457824827547863,-0.037265504032650755,0.0,nm
30.18988573022461,-10.773049317802409,-1.113120941066807,1.922556440205541,-0.09558779914711363,0.19689382046218493,0.05998728250784185,-0.051774784649984314,0.008239811308350857,-0.06692328149525664,0.0,nm
30.208919730224608,-10.97732554490283,-1.0411219087550718,1.078062978768521,0.04996491314436122,0.12312328653545848,-0.2640567321914658,-0.008994241544907442,-0.009451955996981598,-0.08930981608422857,0.0,nm
30.21842173022461,-10.980241715483409,-1.021119624313189,0.7112619497408003,0.061963326831117126,0.07758041496060149,-0.21730158313965708,0.006121436003272861,-0.008423645827614488,-0.07588527659996726,0.0,nm
30.24696673022461,-10.417392216975143,-1.196526771243129,0.39273226388043747,-0.06758376930534588,0.032895068034816816,0.1800734763615099,0.06177827949424159,-0.026740168492258198,-0.0013062262201501494,0.0,nm
30.26598973022461,-9.958526588477419,-1.348594124687826,0.3586751255401414,-0.1271332449160607,-0.050788859869171005,-0.13757182086686162,0.04721579285573525,-0.03145434380387283,-0.010230354732739462,0.0,nm
30.27555873022461,-9.813235133456027,-1.449358030262661,0.23210925223900025,-0.10945098482613803,-0.042449857303932845,0.004494435896577851,0.03587273394546468,-0.03244461526412203,-0.027270135162647213,0.0,nm
30.304052730224612,-9.805873264199514,-1.7502804411711321,-0.23457428410066652,0.044537583795004144,-0.026952579765818607,0.06331829782782075,0.0,0.0,0.0,0.0,nm
30.31361273022461,-9.910998944758658,-1.942023005802711,-0.20563852422975504,0.07548686482969143,-0.009799221375676494,-0.05200307183303193,0.0,0.0,0.0,0.0,nm
30.36115873022461,-9.421321888564279,-2.313660492058314,0.1782010729711626,-0.11222512700266739,0.1446365394662767,-0.028593185413476895,0.027836460276801363,-0.03590277062603838,-0.026153365353419635,0.0,nm
30.38019473022461,-8.838299772560713,-2.349475600141361,-0.32722443838014564,0.0008484088379452966,0.07019761183530154,-0.01090661734844671,0.047956470951821824,-0.01969034171235835,-0.053572630665953275,0.0,nm
30.389648730224607,-8.579674329678744,-2.335668571082978,-0.5091707085634246,0.03131545212895562,0.032321822346687665,0.047432858534028836,0.051488283362121294,-0.0034029604221090773,-0.037100249360393245,0.0,nm
30.41822373022461,-7.94441631816524,-2.210645894425061,-0.00031975324514665573,0.07239269730378604,-4.0400532263916794e-07,0.002794517845739268,0.046907184945937326,0.01746460947654276,0.06627902868324666,0.0,nm
30.427732730224612,-7.772414341502282,-2.09764516631582,0.41144710806077367,0.0,0.0,0.0,0.040664293245623824,0.015135491932432759,0.08073830461002063,0.0,nm
30.437250730224612,-7.618806206422137,-1.9786601170513676,0.8030307189183858,-0.029691270287996254,0.00609460526666343,0.047675625257641484,0.03261193821362729,0.005551741776774916,0.0764388455940677,0.0,nm
30.446764730224608,-7.49152052471133,-1.8400147955589408,1.0981581534208158,-0.07877881303769653,0.03495693830627298,0.07067855243972174,0.024712309860535814,-0.0003580040624609406,0.056833132923882985,0.0,nm
30.45626273022461,-7.37895444443777,-1.6798526193978107,1.2653851176217403,-0.11742933596253938,0.042310842493327804,0.0580455329350955,0.0,0.0,0.0,0.0,nm
30.46578873022461,-7.285759234154559,-1.5355970711183509,1.3232633594418546,-0.12703589843138566,0.037251508663819086,0.02696152648101143,0.0,0.0,0.0,0.0,nm
30.47529273022461,-7.18714022328957,-1.4104451094982622,1.3224127297904074,-0.11464731686636188,0.026330682422836364,-0.047280536794647283,0.0,0.0,0.0,0.0,nm
30.48476773022461,-7.049811356121252,-1.3035253313503183,1.3204461754839933,-0.09356278089059393,0.029438285910237488,-0.07249886301377385,0.0,0.0,0.0,0.0,nm
30.494258730224608,-6.879299744374505,-1.2210140054046315,1.3600488170584433,-0.06870796405265596,0.037570276549936464,-0.006174296201298406,0.0,0.0,0.0,0.0,nm
30.513284730224612,-6.437870624798231,-1.1236808685511153,1.595552830552374,-0.004526701844450078,0.07091522336381402,0.1300255779980156,0.04975611092076766,-0.004475088631694301,0.025102270494043483,0.0,nm
30.52284873022461,-6.121367451185137,-1.0938890968607107,1.730149271000864,-0.0029388426128332617,0.06713088597493122,0.0476934743496817,0.05597588104322696,-0.0062303819407151005,0.024697371129377085,0.0,nm
30.53234373022461,-5.780220563451878,-1.1153611057622577,1.8158140095174637,-0.0019238502452206263,0.06471020165686148,-0.00655209377812412,0.06106358958439205,-0.013420021640789667,0.014922246739280063,0.0,nm
30.54185373022461,-5.457408796116594,-1.1791465411813131,1.8231660092928847,-0.0004591404764374981,0.04814344488336718,-0.05211948341046119,0.06068818384429279,-0.02116467349559749,-0.0008431160413067715,0.0,nm
30.55138573022461,-5.156431350701923,-1.2668180664009296,1.7567955284318522,-0.0009699416886067678,0.03382574713573374,-0.003052953444257133,0.06026678305270552,-0.027923753315924747,-0.015670161298397402,0.0,nm
30.560885730224612,-4.883082652908436,-1.3699711243444552,1.6514311833622897,-0.002478082139505971,0.007963245645815693,0.09398096008028553,0.05740831050354394,-0.03404963383227821,-0.023555903883382474,0.0,nm
30.57034273022461,-4.661902431404234,-1.4920423460234276,1.5532045740014238,-0.0031905167198621096,0.009130157936278348,0.11294492351678001,0.05193128027466684,-0.03515290426416225,-0.0223014029809236,0.0,nm
30.589387730224608,-4.286078812461974,-1.5430213678143383,1.5061616714577368,-0.051291142891682705,-0.001348625566906206,-0.0013821232353915,0.0,0.0,0.0,0.0,nm
30.61791273022461,-3.774732851964986,-1.372349979356423,1.6306998088726645,-0.03166683800217638,0.06163386884899385,0.05452366338829025,0.0,0.0,0.0,0.0,nm
30.62747873022461,-3.5922630765407955,-1.319161557797004,1.6057371207048112,-0.003425123803732329,0.06873344833839762,0.0650409412790624,0.0,0.0,0.0,0.0,nm
30.64646073022461,-3.204814321387946,-1.366709538296414,1.4516323530181767,0.03957352438556589,0.05146137343632639,-0.0018502705227339304,0.0,0.0,0.0,0.0,nm
30.65599873022461,-3.004321409731451,-1.4302448402020063,1.386974193355209,0.03388570119773753,0.04072803400901835,-0.0012241128411762405,0.0,0.0,0.0,0.0,nm
30.66551673022461,-2.81127403110048,-1.4868705184949127,1.3721597385036877,-0.0006019500463970385,0.02654286583584393,-0.0013032931733783896,0.0,0.0,0.0,0.0,nm
30.68455273022461,-2.436626898146912,-1.470259609167436,1.5005692278232903,-0.05569592832351847,0.0017443167991841393,0.07384978401402571,0.0,0.0,0.0,0.0,nm
30.70350973022461,-2.1050214011852826,-1.2529732319217624,1.6539138002696507,-0.07451212406827408,0.023584297674288476,-0.002559940499718549,0.0,0.0,0.0,0.0,nm
30.71306873022461,-1.9670888079305093,-1.1252761789641252,1.6658848349601052,-0.04986376810030424,-0.001450206474780379,-0.0009798532233567757,0.0,0.0,0.0,0.0,nm
30.72256673022461,-1.8533316991979853,-1.0155128601205223,1.6302694385682692,-0.0006064141637252675,0.0010360657418846426,0.03253391577240302,0.0,0.0,0.0,0.0,nm
30.74159873022461,-1.6883155659397986,-0.9176494168426113,1.5152690124048027,0.038668499742172506,0.002654911895936984,0.05597760162582699,0.0,0.0,0.0,0.0,nm
30.76056373022461,-1.5566576531290146,-0.9194546492898962,1.5006209173561094,-0.0007683036399264068,0.029824998528901307,-0.0008106733045441396,0.0,0.0,0.0,0.0,nm
30.77016373022461,-1.4864063520066177,-0.9051822881965854,1.534229925647188,-0.0009600911496758214,0.03640356445838949,-0.0009448285894016221,0.0,0.0,0.0,0.0,nm
30.77964473022461,-1.4090537321988812,-0.8540909054143885,1.5684293869214259,-0.04268052848236371,0.04185609040104361,0.03355504959622225,0.0,0.0,0.0,0.0,nm
30.817692730224607,-1.1156965370521974,-0.3860330996927307,1.4665137003203403,0.0,0.0,0.0,0.0,0.0,0.0,0.0,nm
30.82718973022461,-1.0701051221732496,-0.27251442050321145,1.4373317853603482,0.0,0.0,0.0,0.0,0.0,0.0,0.0,nm
30.846361730224608,-1.0163197488811286,-0.11653825212102956,1.4822252523609454,0.029064597459279747,0.0016321792034592968,0.049654825052821816,0.0,0.0,0.0,0.0,nm
30.85567673022461,-1.0032890655386206,-0.05750917850782691,1.5378369602730664,-5.8326403764157034e-05,0.0006919627784096418,0.03958766620401498,0.0,0.0,0.0,0.0,nm
30.86521073022461,-1.0006324521775367,-0.0017504644489916136,1.5852233871941557,0.0,0.0,0.0,0.0,0.0,0.0,0.0,nm
30.87475973022461,-1.0090711740788647,0.05967740038407196,1.603626819654613,0.0,0.0,0.0,0.0,0.0,0.0,0.0,nm
30.88427273022461,-1.0326119110946053,0.13950480900932727,1.5861333998506062,-0.03824112945545896,-0.0005252442632527722,0.029689726091051204,0.0,0.0,0.0,0.0,nm
30.89378073022461,-1.0718581185037226,0.23754013224036408,1.540496699307901,-0.04592841618649549,-0.000347569744049487,0.04761407986234526,0.0,0.0,0.0,0.0,nm
30.90329473022461,-1.123054375866957,0.348958880399752,1.487189166083243,-0.04192140022225575,-8.612284814775946e-05,0.05136493335068463,0.0,0.0,0.0,0.0,nm
30.95080673022461,-1.4071738307143855,0.9075843594678883,1.5140079273764202,-0.0002242138007974205,0.029325113157091565,0.03476109752259517,0.0,0.0,0.0,0.0,nm
30.96035073022461,-1.4569872661357315,0.981042371323775,1.5249299773762393,-0.00010979885056338204,0.02809408413873245,0.03725027586265231,0.0,0.0,0.0,0.0,nm
30.97934573022461,-1.5824804655224871,1.0982979235652888,1.4850983314045874,0.0,0.0,0.0,0.0,0.0,0.0,0.0,nm
30.98889673022461,-1.667522792372607,1.1628341680918335,1.4557887322908785,0.0,0.0,0.0,0.0,0.0,0.0,0.0,nm
30.99835873022461,-1.7676301944017228,1.2423661394901906,1.438812045755796,-0.027280939219500824,0.0004934304508653914,0.038780749962242116,0.0,0.0,0.0,0.0,nm
31.007920730224612,-1.8793433814879628,1.3407577555863432,1.4413161728748538,-0.03284861564697048,0.0007340865961886388,0.0483269964569677,0.0,0.0,0.0,0.0,nm
31.017423730224607,-1.9998097204912701,1.4530996866297594,1.46060609205411,-0.03212745706167118,0.0006837394026131871,0.04385628513611164,0.0,0.0,0.0,0.0,nm
31.026935730224608,-2.1237526913505893,1.5719711199533546,1.4854848934076257,-0.02641043870440009,0.00042763033134658024,0.030725788769773388,0.0,0.0,0.0,0.0,nm
31.04596273022461,-2.3759614548695773,1.7772654220082653,1.4972512453039355,0.0,0.0,0.0,0.0,0.0,0.0,0.0,nm
31.07445573022461,-2.7606047950151673,1.917018020401407,1.402917819726445,0.000996090973665456,0.0015136291547341559,0.030858292236101596,0.0,0.0,0.0,0.0,nm
31.08400573022461,-2.889561536472291,1.9412707221454382,1.381500352418373,0.0,0.0,0.0,0.0,0.0,0.0,0.0,nm
31.11249773022461,-3.2794703217138674,2.0961082221828606,1.408555658168926,-0.03567096210950993,0.0014139880823056186,0.04130273146327202,0.0,0.0,0.0,0.0,nm
31.122047730224608,-3.413884040560336,2.1730488111965336,1.4198698759164132,-0.035697948337614235,0.0015693395141218296,0.04250955279461949,0.0,0.0,0.0,0.0,nm
31.13156073022461,-3.5541766977040687,2.247163110906219,1.4179277536348347,-0.026642990541149877,0.0013478771328789868,0.03337732503030811,0.0,0.0,0.0,0.0,nm
31.14103273022461,-3.7005310406630416,2.3070240960967263,1.4017819138934169,0.0,0.0,0.0,0.0,0.0,0.0,0.0,nm
31.16009873022461,-4.010472099898505,2.359631221041342,1.3567425918588665,0.0010973998009141366,0.0019743599171020607,0.027758634887459763,0.0,0.0,0.0,0.0,nm
31.169606730224608,-4.17077614192929,2.357652825989099,1.34334645945242,0.0013232579876970045,0.0024798129982506025,0.03354291062671484,0.0,0.0,0.0,0.0,nm
31.17911873022461,-4.3302593021666365,2.3458215752738174,1.341874545496935,0.001188299925819822,0.002327013201746912,0.030329839587623048,0.0,0.0,0.0,0.0,nm
31.19813973022461,-4.633209812157031,2.3370644905657745,1.3556638076194922,0.0,0.0,0.0,0.0,0.0,0.0,0.0,nm
31.20766073022461,-4.7778037351151506,2.347078751895446,1.3551760832968045,-0.03012496238922144,0.0016720499367410358,0.029780008087175267,0.0,0.0,0.0,0.0,nm
31.21712273022461,-4.921708150831481,2.36461903019024,1.344111364400118,-0.031198744662033342,0.001890175469070277,0.031754839595022295,0.0,0.0,0.0,0.0,nm
31.236187730224607,-5.203575920658713,2.39591719782581,1.30333058915275,0.0010530392447235153,0.00243885778260295,0.026486910094732703,0.0,0.0,0.0,0.0,nm
31.24555873022461,-5.342411808395667,2.3966134670686423,1.2875051792150105,0.0,0.0,0.0,0.0,0.0,0.0,0.0,nm
31.255207730224612,-5.477612335400261,2.382202337253375,1.2822167263953916,0.0,0.0,0.0,0.0,0.0,0.0,0.0,nm
31.26467073022461,-5.609740709275766,2.355148251417438,1.2866809613646562,0.0010357612441872918,0.0026407294582758228,0.026619106711510382,0.0,0.0,0.0,0.0,nm
31.27422173022461,-5.738750551126411,2.3191824593473536,1.2965107845016457,0.0012191496706004871,0.0032372521364208645,0.03190373658952267,0.0,0.0,0.0,0.0,nm
31.28373173022461,-5.86709349269867,2.276846989713569,1.3037921095370575,0.0011824323492407515,0.003278355185198419,0.0316081241090855,0.0,0.0,0.0,0.0,nm
31.31226973022461,-6.246583057460141,2.1605375935082103,1.2714954755686907,0.0009311148025213478,0.002911717505793773,0.02638727844945154,0.0,0.0,0.0,0.0,nm
31.34080773022461,-6.621338940404249,2.077178356543314,1.2332648702240088,0.0010356669154963469,0.0035864204209398167,0.03067638904146448,0.0,0.0,0.0,0.0,nm
31.35031773022461,-6.735951580507307,2.0446502573197636,1.2380196525391838,0.000846804619135693,0.00303896456772841,0.025552937528201775,0.0,0.0,0.0,0.0,nm
31.35979073022461,-6.842536762016317,2.003834389870223,1.2467378800164615,0.0,0.0,0.0,0.0,0.0,0.0,0.0,nm
31.37885073022461,-7.0366103519512135,1.890774528070648,1.2512345347841827,0.0,0.0,0.0,0.0,0.0,0.0,0.0,nm
31.38832473022461,-7.1243619393184865,1.821789791090217,1.2418958736808878,0.0007978227429059628,0.003447865828570726,0.027426791158330823,0.0,0.0,0.0,0.0,nm
31.39786673022461,-7.207612627765248,1.7488897638123464,1.2274569252418213,0.0008003582984701227,0.003658473061491749,0.028773266030329415,0.0,0.0,0.0,0.0,nm
31.40733773022461,-7.288078624956232,1.6793021816411973,1.214600106608152,0.0006917382342876937,0.0033428040883342718,0.026006119199210965,0.0,0.0,0.0,0.0,nm
31.41681373022461,-7.36532944243436,1.615973277007735,1.2082384485483877,0.0006660465119436593,0.0033952443469532885,0.026141475126298414,0.0,0.0,0.0,0.0,nm
31.43591173022461,-7.505810501693627,1.5089983891396124,1.2221642217240178,0.0006722560830654857,0.0037814469514734117,0.028575179586736686,0.0,0.0,0.0,0.0,nm
31.44538673022461,-7.5668761324865645,1.4597045424099522,1.2352948337336727,0.0006486875792459143,0.0038270796156779233,0.028688384779680824,0.0,0.0,0.0,0.0,nm
31.45489373022461,-7.622377349233635,1.4040971289921158,1.245851894697467,0.0005851273181236928,0.0036408146260870724,0.027095946755351232,0.0,0.0,0.0,0.0,nm
31.46441273022461,-7.671491533458906,1.3394967099477733,1.249467457657314,0.0,0.0,0.0,0.0,0.0,0.0,0.0,nm
31.47396673022461,-7.712176007745563,1.2639178376905178,1.2456668331271528,0.0,0.0,0.0,0.0,0.0,0.0,0.0,nm
31.49298573022461,-7.773578128258411,1.0859207336715009,1.2288279369370345,0.0004106480948695224,0.0035089604256152624,0.025629160490522065,0.0,0.0,0.0,0.0,nm
31.50249673022461,-7.794232789263601,0.994586517990271,1.2252306827262534,0.0004049688619513676,0.0038517751177325425,0.02806578451139558,0.0,0.0,0.0,0.0,nm
31.51200973022461,-7.807690365242997,0.9094767228228103,1.2289858034676415,0.0003504730381773141,0.003725614477760155,0.02710603962513008,0.0,0.0,0.0,0.0,nm
31.54049473022461,-7.808646171862956,0.7013631158924823,1.2615750464241104,0.0002405530194158394,0.0035846904232583006,0.026092630007684952,0.0,0.0,0.0,0.0,nm
31.55004873022461,-7.796797805985377,0.6371246306000691,1.2678157602871085,0.0002322200549534959,0.003937779485763001,0.028712105091733532,0.0,0.0,0.0,0.0,nm
31.559519730224608,-7.777621013026493,0.5678611886693662,1.2684966737748649,0.00018898027069530346,0.003754222705229569,0.027447619803097453,0.0,0.0,0.0,0.0,nm
31.56906173022461,-7.753160923208658,0.489161727904322,1.2654474992466895,0.00014736584731080225,0.003633317339165745,0.026654709127521475,0.0,0.0,0.0,0.0,nm
31.578583730224608,-7.724078173706524,0.4034271361578523,1.262893757184403,0.00010372575113259612,0.0034768535087450416,0.025610509408577866,0.0,0.0,0.0,0.0,nm
31.58809273022461,-7.689018146325743,0.31324821006620573,1.263076199258251,0.0,0.0,0.0,0.0,0.0,0.0,0.0,nm
31.60711473022461,-7.6002484225644995,0.13668131632165,1.2739187688396112,-1.6126768864837138e-05,0.0037006386182574617,0.027729832277555606,0.0,0.0,0.0,0.0,nm
31.61663073022461,-7.547444430860811,0.059631771958843116,1.2796233465980396,-5.4358859539101316e-05,0.0037541567965235618,0.02833640789667738,0.0,0.0,0.0,0.0,nm
31.63564973022461,-7.426070039160021,-0.07425464919405173,1.2801125456612,-0.00011810835575873856,0.0036570354943561752,0.02807087103260658,0.0,0.0,0.0,0.0,nm
31.64515373022461,-7.358542274698714,-0.1356631866956306,1.2759652640323182,-0.00014514800465729625,0.003572898278275907,0.02768460424398051,0.0,0.0,0.0,0.0,nm
31.654668730224607,-7.286297792239728,-0.1967228165483438,1.2716274721465668,-0.0001680812576464925,0.0034246216672774764,0.026806594240430817,0.0,0.0,0.0,0.0,nm
31.66417673022461,-7.209867244479718,-0.26058671828108837,1.270339373381986,-0.0001941294794721641,0.003337072507199845,0.02640637789683032,0.0,0.0,0.0,0.0,nm
31.67365273022461,-7.128605827101592,-0.3271618814296373,1.2735025106780955,-0.0002515136255475449,0.0037011042401622167,0.029630673536301545,0.0,0.0,0.0,0.0,nm
31.70217573022461,-6.855254266728337,-0.5335277226332521,1.2949093533833704,-0.000326636263833469,0.0032587214970730147,0.027159397334202535,0.0,0.0,0.0,0.0,nm
31.74028773022461,-6.45418531786898,-0.7435374210433032,1.2860328350059647,-0.00046997058686533194,0.0034175985823420903,0.03029371258714171,0.0,0.0,0.0,0.0,nm
31.74977473022461,-6.353698203138236,-0.7821472917074909,1.2844093753280257,-0.0004509458380964699,0.0031011405284308686,0.02793162399603456,0.0,0.0,0.0,0.0,nm
31.75928673022461,-6.251508715258638,-0.8200181285686126,1.286741716041565,-0.0004572447373341507,0.002977665771711484,0.027266343382992234,0.0,0.0,0.0,0.0,nm
31.768802730224607,-6.146495778349727,-0.8586148584055658,1.291986388322131,-0.0004969215608133501,0.0030633970593955495,0.02854004131370723,0.0,0.0,0.0,0.0,nm
31.77826873022461,-6.038939877715846,-0.8956145640360732,1.2976684184486833,-0.0005373693688224052,0.0031429578427878634,0.02981277680699632,0.0,0.0,0.0,0.0,nm
31.79729873022461,-5.818230106437558,-0.9704502232389142,1.3018762927521779,-0.0005622374526271106,0.002964520901610627,0.02920675252393847,0.0,0.0,0.0,0.0,nm
31.80680873022461,-5.708112782733726,-1.0057076172874069,1.2989054322881601,-0.0005800922107069783,0.0029141065579250027,0.02927336520700223,0.0,0.0,0.0,0.0,nm
31.81636073022461,-5.598485951294569,-1.035944377619811,1.2936927669872011,-0.0005954163188510948,0.0028640970086901054,0.029343164835396576,0.0,0.0,0.0,0.0,nm
31.82586873022461,-5.490141454323523,-1.0610224528218666,1.287978407162374,-0.000638376100035129,0.002954406454893218,0.030874350250258763,0.0,0.0,0.0,0.0,nm
31.83533173022461,-5.3814405460742,-1.0790532948126983,1.2850119466204983,-0.0006787111558644303,0.0030388457601208123,0.03240687418506086,0.0,0.0,0.0,0.0,nm
31.84489173022461,-5.2746283471696405,-1.0909678749689453,1.2860952856460866,-0.0006807002424784429,0.002962784623576442,0.03224391075739144,0.0,0.0,0.0,0.0,nm
31.86381673022461,-5.0635222836383535,-1.0994576222085215,1.2938618095505041,-0.0006661601216141058,0.002772023189374196,0.03144084640325126,0.0,0.0,0.0,0.0,nm
31.90195873022461,-4.650536317409394,-1.1163987343979547,1.2859497849834276,-0.0006367993706637016,0.0024178023952108898,0.02988501484198081,0.0,0.0,0.0,0.0,nm
31.911470730224607,-4.5519525191367345,-1.1186698677816371,1.2802980052293875,-0.0006285819348610913,0.002336328878581056,0.029509114543875847,0.0,0.0,0.0,0.0,nm
31.92098373022461,-4.453338103646459,-1.1157379617594947,1.2770776680345437,-0.0006384839069828389,0.0023316088363728293,0.03010715927625567,0.0,0.0,0.0,0.0,nm
31.939962730224607,-4.256915253544647,-1.0891411432256686,1.2788896193206034,-0.000717446920054612,0.0025688924199638546,0.03471251603542627,0.0,0.0,0.0,0.0,nm
31.95898073022461,-4.068293703815399,-1.037701773751164,1.2824030158526183,-0.0006166964617958593,0.0022135414090594225,0.03130310444722983,0.0,0.0,0.0,0.0,nm
31.99706273022461,-3.719005453444311,-0.9188666473079945,1.2677320532016043,-0.0006159416922545289,0.0022785552908613877,0.035251123945602036,0.0,0.0,0.0,0.0,nm
32.00657573022461,-3.64141405846315,-0.8883301748449649,1.2651977886784436,-0.0005615123868059616,0.002101968736900094,0.03321162897923904,0.0,0.0,0.0,0.0,nm
32.01609773022461,-3.5674560347370265,-0.8536426311499572,1.264625601914457,-0.00049939300111055,0.0019029728338345485,0.03068948238441563,0.0,0.0,0.0,0.0,nm
32.04462273022461,-3.3651002209515846,-0.7139312811452498,1.2658774224133826,-0.00045912355238434424,0.001952834231492957,0.03337343733050857,0.0,0.0,0.0,0.0,nm
32.05413873022461,-3.3054646132696957,-0.6558852504159918,1.2624647491190242,-0.0004452246916202044,0.0020127340349920713,0.03500841088494448,0.0,0.0,0.0,0.0,nm
32.063603730224614,-3.238268470301749,-0.5935080636791398,1.2559576836030917,-0.0003881547637772453,0.0018857909969900001,0.033470972688046614,0.0,0.0,0.0,0.0,nm
32.07316073022461,-2.952192568026159,-0.14734545072053604,1.2279895127687956,-0.3534152511463046,0.3922584116912186,-0.0859816948365318,0.0,0.0,0.0,0.0,nm
32.08257173022461,-4.800042727447837,-0.16056988370165998,1.1266327222071084,0.42093447524803645,0.6467623097973149,1.4449339871814515,-0.36301804554207484,-0.02227113638284949,-0.025151067902491053,0.0,nm
32.09210173022461,-6.889867144219788,1.2980284509857962,1.0560318157806798,-0.23702557725257178,-0.7033172430993606,-0.45187652702935405,-0.4171780303396769,0.2718140488265298,-0.01356584676030758,0.0,nm
32.10162273022461,-6.20652987775106,1.0803370914871768,1.4151167844416623,-0.19011175253030416,0.3657665005808167,-0.07801552343950777,0.14449449881884277,-0.052706912560720076,0.06534658514821327,0.0,nm
32.12062273022461,-7.601222718829276,-0.9209522451611262,1.9678049852565176,0.35703099153323103,0.2224259504370047,1.011641830616018,-0.24410319444878242,-0.08012755332623954,0.020794066603056254,0.0,nm
32.13013773022461,-7.825761891457658,-0.30006075602842563,2.037947596016153,-0.9848690453607531,0.4161980864753515,0.12206456448181957,-0.04225071787934732,0.11056475835274747,0.010361934255383192,0.0,nm
32.15866773022461,-7.342657518406121,-1.7340033362742853,3.240507845461373,-0.5891114569988675,0.5321681117440632,0.17886977573854568,0.14115631978228502,0.15195098455146425,0.08477698108992021,0.0,nm
32.16817773022461,-6.741949679696408,-1.0499473620393736,3.7332281758910653,-0.6719429320808494,0.4433426025227127,0.028973308241937286,0.11910119360288993,0.13219621526650274,0.09822125225895252,0.0,nm
32.17786273022461,-5.853163399842718,-1.373736706076434,4.333245475609323,-0.2769881306218305,0.2784617246325276,0.05261299359046564,0.189588762871583,-0.06383875990810649,0.12039246221818092,0.0,nm
32.196725730224614,-3.389183590215195,-0.29770367970091,5.111477971812486,-0.3060980779748136,0.15463080543435775,-0.012248816835342296,0.20769653838390034,0.1960570045804421,0.05636225951531937,0.0,nm
32.20627773022461,-1.9383198611100747,-0.09500457678827862,5.380950411892889,-0.2180379843254151,0.048390386789867845,0.03907047746375858,0.29322475973267925,0.05569623691774227,0.05047025541341849,0.0,nm
32.26348873022461,5.061241629673908,0.8259660933513739,8.235810194345381,-0.020728264113151245,-0.18322053800921045,0.292826858056862,0.12580434606942098,0.11124204282289103,0.09254394775987378,0.0,nm
32.32052973022461,6.062886794105266,1.2267384766195784,9.558605201239999,0.03940302133531509,0.03019169796961974,0.31923515164249877,0.05119555223956994,-0.03759107068629754,0.055990496147347135,0.0,nm
32.33009373022461,6.445444245713072,1.4507501230208888,9.991406937537832,-0.08559204868236502,0.08614154108186971,0.2998813620859834,0.07609683745292072,0.04731794423072476,0.078520006007857,0.0,marker_1
32.349117730224606,7.71042827303988,1.9079857643396856,10.779113486053099,-0.10482010405238656,0.052537769818901514,0.22731836891314744,0.1523091608503562,0.04060861083457499,0.0575151067507805,0.0,nm
32.37764473022461,10.666904389886954,3.1044311709719974,11.304430988788175,0.0428717625526758,-0.14749690922867323,0.24204370632034958,0.19917836548859166,0.11573203361001692,-0.00036076115145849513,0.0,nm
32.39666373022461,12.619379132896123,3.7629454771529445,11.389225277439042,0.17886724709217255,-0.2682837009158785,0.33628769218416216,0.1717837143670344,0.10642906399319856,-0.006785377802474127,0.0,nm
32.44422273022461,15.350512115941518,6.380596071647503,11.496269828383506,0.04404398443744485,-0.13695272532704228,0.14187441545408466,0.05074523710852042,0.14070212429143747,-0.029846843924359347,0.0,nm
32.47276273022461,16.67025743963374,8.468874707058959,11.333075058462768,0.16210988035821802,-0.07422263892472356,0.09713674816967864,0.07343767144025407,0.16402488367160506,-0.04445716123801791,0.0,nm
32.48224073022461,17.264904987571825,9.14872067789883,11.47464954369872,0.15381845533214678,-0.07591188191727627,0.09393793375618875,0.09513320804667807,0.14829285995435953,-0.04568552876183551,0.0,nm
32.49175273022461,17.922671598196708,9.74948336828797,11.400746901979538,0.17763165125417663,-0.09510054281005713,0.12734580570229834,0.11036908330340531,0.13513696629166,-0.045686860206984155,0.0,nm
32.50126973022461,18.626313768219692,10.424395354972555,11.369227708439572,0.1278822587784055,-0.11536636252335149,0.12154045925706551,0.1160387631696182,0.15140196396864106,-0.040430424504752815,0.0,nm
32.510731730224606,19.35016094071748,11.131956251285237,11.333879826604372,0.04707323896511318,-0.13747585346423025,0.09725836406915404,0.118276235350647,0.1585413829367733,-0.04380411718339979,0.0,nm
32.52978073022461,20.76856467610837,12.482790300862959,11.152252404260134,0.1203367360579357,-0.19165365935314538,0.12785337814251027,0.11378222114460497,0.15452896826604892,-0.058483871171912914,0.0,nm
32.55830173022461,22.746554860197694,14.676674126094852,11.14779847806705,0.1771680085357273,-0.20753140744818196,0.12683355642012925,0.10283567597254423,0.14764584823181834,-0.03215428841926761,0.0,nm
32.56782573022461,23.37832735478507,15.345015055857198,11.290910950848591,0.17079410905892925,-0.18371790730567245,0.13945375002881302,0.09937833697658913,0.14708227162109588,-0.014683522721127133,0.0,nm
32.57728573022461,23.997473291326852,16.019828630515473,11.497030811671548,0.10919283520579795,-0.1515379557277211,0.13925538027182405,0.09573942252366646,0.14816764141109967,-0.002951762963226537,0.0,nm
32.58687773022461,24.613534920264684,16.657838895164605,11.69358041635169,0.07899278206414617,-0.13021717861105528,0.17031785322314114,0.09557048049181857,0.1411546381899514,-0.006190458126388928,0.0,nm
32.59635773022461,25.24696741184638,17.313923159809775,11.86259050824307,0.08164567658401359,-0.11001308718889426,0.18377051680966133,0.09707374315442477,0.14566782396949735,-0.014186412616761155,0.0,nm
32.60586673022461,25.93153142666749,18.062205314876227,12.024729425326349,0.0750919703773666,-0.0762876350725461,0.17647158492835135,0.10172614555151015,0.16600377021994608,-0.020297504391583773,0.0,nm
32.624851730224606,27.581351573399797,19.6853275355936,12.36147059821054,0.12481608276179082,-0.06918228229679221,0.15340443940689324,0.13203621201146895,0.18746646836795536,-0.03397530149861887,0.0,nm
32.63444073022461,28.574104568812086,20.511209534622385,12.61351047166412,0.1900291259389197,-0.0940626068959054,0.12392566482531446,0.15085207742620696,0.19456321335319574,-0.029443586900102688,0.0,nm
32.64395273022461,29.6845154356262,21.32520077273279,12.9675589457689,0.22069525942246435,-0.10342077872432028,0.1120913431340734,0.1705824954363436,0.19783016027309305,-0.020275528263701267,0.0,nm
32.66299273022461,32.11957095997091,22.69540754258318,14.011325223354033,0.22901190571894747,-0.12535631942742897,0.09303037326274012,0.19707146930222902,0.1726780060340114,-0.019152643316399556,0.0,nm
32.68197273022461,34.69721466544142,23.897703264900013,15.06549306729951,0.13586211628793202,-0.15923563781090969,0.09108994065328012,0.2023491487538001,0.1699473606709177,-0.030921538630492084,0.0,nm
32.69153973022461,35.99404874089777,24.48739652213444,15.524880491671128,0.10301216845641177,-0.1945775328635147,0.10357360392446656,0.20039680980492527,0.17045235721382507,-0.04161768996984502,0.0,nm
32.70104073022461,37.306423928555226,25.101482668480465,15.992751726212868,0.11143933208646224,-0.22741013294389578,0.09492939471710109,0.19905015499827594,0.1774164388495039,-0.044031863350471656,0.0,nm
32.72001473022461,40.04076579670417,26.382634326568795,17.12608997311404,0.16777613575097555,-0.25966508844360114,0.025137094341919547,0.20391867769720054,0.18771949865871454,-0.02787020791531572,0.0,nm
32.72960673022461,41.05913359518294,26.826899955534923,17.617040306760714,0.19312257241499606,-0.24853468170967336,-0.013242280947396136,0.2039667745181979,0.17630644273785917,-0.018160622820074773,0.0,nm
32.73915673022461,42.071490225051484,27.19234735563996,18.112068126858215,0.19510552311855733,-0.21773757910140454,-0.04678302704492503,0.20094407220155322,0.16418134581277716,-0.00617435813880218,0.0,nm
32.74866573022461,43.06971663284493,27.513851860363104,18.657636762824463,0.1796831994760426,-0.18897081072801558,-0.04712963946647443,0.19328057282636502,0.15317677177968916,0.004103319127845447,0.0,nm
32.75817273022461,44.04749237230419,27.811496605789145,19.214733949365698,0.1533402416541247,-0.16067211010685797,-0.03605312517698661,0.18305748962005025,0.14274969269873813,0.00727031730730101,0.0,nm
32.76765373022461,45.00265382016996,28.101627753000923,19.752857199267925,0.1430424979604679,-0.14776326047981914,-0.005858617149291243,0.1743113060986113,0.13816332306802567,0.004624975000876757,0.0,nm
32.78671273022461,46.94878142822913,28.79797232857159,20.807995863250547,0.09617366454866706,-0.11999804918923078,-0.008856606192961816,0.16586358339039486,0.148332355678235,-0.003210263285581733,0.0,nm
32.79621873022461,48.000227729256295,29.175526022354674,21.340309263690138,0.09233429317191964,-0.10862263636181715,-0.021314127146947207,0.1705762294124895,0.15357171656171828,-0.009163434927003226,0.0,nm
32.82475673022461,51.52101709662282,30.224529493966234,23.1580518520665,0.0605325548989643,-0.08732517013859643,-0.0797801796133061,0.196366755813766,0.15463802782491234,-0.008122840986220698,0.0,nm
32.83425873022461,52.808757299485094,30.50429101990827,23.842420191961537,0.059030280401844284,-0.09623455164167882,-0.08702369235467125,0.2057388909137886,0.15117937967756073,-0.007312767404201045,0.0,nm
32.84376873022461,54.13513059925053,30.765251472150926,24.553939698641,0.05159702875330746,-0.10679051492992601,-0.09654519099551556,0.21371107718336987,0.15097315181048376,-0.006954212556500049,0.0,nm
32.85322173022461,55.65787352238242,31.001963130739746,25.35849032020937,0.04359493510004922,-0.11678936526465147,-0.11475779157138823,0.21761702813683675,0.15065512022742186,-0.009503774641399095,0.0,nm
32.87221073022461,58.649914803237046,31.400185458621838,26.916333640372912,0.05738967519669747,-0.14864371655927436,-0.14830145428495067,0.20906757998364514,0.1446141117541105,-0.013373434024102817,0.0,nm
32.91032773022461,63.93692905979646,31.922392780363943,29.971563939478656,0.04178176260395812,-0.1209012229073887,-0.16209636369974414,0.1722528635916428,0.11774185890947826,0.009910459823632064,0.0,nm
32.94826173022461,68.55341524588393,32.098636730756546,32.92248230918387,0.0013522730173717934,-0.0311780649540709,-0.1532123909012747,0.16028713114004065,0.10889887978971323,0.0032163127887884324,0.0,nm
32.96728373022461,70.93542358459673,32.13953864465673,34.26063139002566,-0.01940435756666023,-0.02879922891672261,-0.15831518210206807,0.16677773521771028,0.11752916024096374,-0.010130583630012806,0.0,nm
32.97683573022461,72.19378156186768,32.148468811031705,34.93265747615461,-0.030686215674120665,-0.028036938334724607,-0.17507080066501896,0.1729976569622562,0.12276575862348743,-0.013761937612089907,0.0,nm
32.98635473022461,73.50869711099975,32.13734930716503,35.62220279417945,-0.028774490770130747,-0.03313041755641261,-0.19460165150721037,0.18151910914544225,0.1273198719217282,-0.016252873174258914,0.0,nm
32.99585873022461,74.8716834472231,32.09984338036603,36.33002943100906,-0.01882836975559756,-0.034351176165435905,-0.22322986896661517,0.1895442191185937,0.13033158492510938,-0.017586414367418986,0.0,nm
33.00536573022461,76.26374336831203,32.034275391840545,37.046009995730046,-0.021020143950784567,-0.017636906958737635,-0.26361912836414364,0.19517418088988156,0.13146543390107238,-0.018800980974454217,0.0,nm
33.02440473022461,78.99833415595742,31.838330167667383,38.41704991510898,-0.015778892159396755,0.016185897814205773,-0.33719132034351823,0.19077148329447685,0.12572555454200426,-0.02266941155382386,0.0,nm
33.03390273022461,80.28258302905131,31.723154646259314,39.03265132366536,-0.01946630572399846,0.033396178378391754,-0.36583533047787276,0.18242654248887966,0.12034150381969849,-0.026209840789551377,0.0,nm
33.06244773022461,83.67381284970786,31.340989615425254,40.52223393459565,-0.07244305263592099,0.08098702101505692,-0.4087097309083701,0.1525530249211245,0.09851604743806644,-0.035673063797635865,0.0,nm
33.081460730224606,85.62789595974141,31.033304877279374,41.29715893427854,-0.1180938408223953,0.09349530577146367,-0.4177915564397779,0.14096514486203301,0.08583646100179931,-0.03786914110456771,0.0,nm
33.11946973022461,88.89467442002247,30.461720944519957,42.57513408217224,-0.1609398388849076,0.06386722506312244,-0.4147502611582525,0.10267807811305964,0.0707774922852331,-0.026021467986345196,0.0,nm
33.12902573022461,89.54503277546489,30.38628418794766,42.876906917286654,-0.16687908586732092,0.07087768832432123,-0.41528039723577437,0.08923901317147553,0.06838584922953053,-0.019043776348226366,0.0,nm
33.13852973022461,90.11321922151615,30.33801663581989,43.1720355846928,-0.1618771070925525,0.07637951955177835,-0.41631933752592676,0.07479216055159055,0.06330045950951181,-0.011895810466766143,0.0,nm
33.15750673022461,91.0058511060223,30.269689610119524,43.73386922399832,-0.1392889056112527,0.09064403124503387,-0.3975547787897422,0.051895951476309356,0.04693726534105117,0.0006397529897601416,0.0,nm
33.166961730224614,91.33019187774754,30.225965051668794,43.9990126276052,-0.11844610880050818,0.08820027155730596,-0.37850489576144836,0.04278345030056285,0.03613557781376518,0.006982997216035676,0.0,nm
33.19568873022461,91.9569082370897,30.064748780147344,44.69292350818919,-0.08674617807634694,0.1327638535562559,-0.3120595311886436,0.0,0.0,0.0,0.0,nm
33.205016730224614,92.06952596000387,30.02816209848641,44.851794747043684,-0.07636560097183995,0.15086963099457038,-0.30155198898689056,0.0,0.0,0.0,0.0,nm
33.21456973022461,92.11612838322205,29.998450772892703,44.93472312945509,-0.04884057882975455,0.14869378206315217,-0.29575809691546884,0.0,0.0,0.0,0.0,nm
33.22407773022461,92.09796896732445,29.959415787470952,44.93342479726702,-0.026668390495957494,0.13408586210406062,-0.2889716968948751,0.0,0.0,0.0,0.0,nm
33.23354973022461,92.01579825278098,29.893243229828105,44.84115055901246,-0.048398950380076265,0.13318471632910545,-0.2706423389257651,0.0,0.0,0.0,0.0,nm
33.24309873022461,91.86280879353586,29.791822061969967,44.65179286729604,-0.06885726976516109,0.10391927342505179,-0.23559006359620233,0.0,0.0,0.0,0.0,nm
33.25261373022461,91.63555139273298,29.656648896797986,44.38444538834187,-0.07837354882378417,0.04675147500751728,-0.1942345317394694,-0.01288866382959835,-0.0433051860594898,-0.04433438454767854,0.0,nm
33.27164773022461,91.04269635569044,29.33384870582837,43.82047348940922,-0.11010078895474389,-0.05476285517890479,-0.09516505553386848,-0.02006992658703998,-0.05802311285144897,-0.03743050300480633,0.0,nm
33.28115973022461,90.69348597008238,29.18216996478363,43.58019406990687,-0.1252816820109421,-0.06888431581459432,-0.05502506509564902,-0.026573060004178948,-0.06044233288646849,-0.027377194977014283,0.0,nm
33.30014173022461,89.9564194771301,28.94406658066087,43.27473000094887,-0.11434774249282005,-0.04480365234528193,-0.004613751533660841,-0.03536104315293424,-0.056383816772140515,-0.0013683034017724417,0.0,nm
33.30976773022461,89.64460318097026,28.944094604533237,43.2377972760181,-0.09485844280483327,-0.02307689535060213,0.008592002747783786,-0.037978307058944796,-0.05474711763936766,0.009343968935527374,0.0,nm
33.31926973022461,89.33749739909885,28.911918197578498,43.22780788860418,-0.06472842256264777,-0.003082150982631375,0.02665837318367352,-0.036758596100103624,-0.05275785610671837,0.01422394645276227,0.0,nm
33.32874073022461,89.07998404043573,28.84613859455932,43.252532482808235,-0.06017249627959689,0.01696785412773623,0.016753090851478275,-0.031681921767813453,-0.04912140939339438,0.01629478012937933,0.0,nm
33.347811730224606,88.83204211804026,28.66321593208512,43.4158728797673,-0.037035116981604825,0.07152917469434954,0.040719796258483994,0.0,0.0,0.0,0.0,nm
33.366827730224614,88.9886993067371,28.516268070014473,43.64652515407912,-0.05902072941700556,0.09270046796929014,0.03915616090976173,0.0,0.0,0.0,0.0,nm
33.385855730224606,89.43151708539513,28.505303450379877,43.83591508902575,-0.0461482334703514,0.047609268601863514,-0.0005781287907044115,0.0,0.0,0.0,0.0,nm
33.40487973022461,89.95818596765115,28.614051763852682,43.97589808114678,-0.040110649432353145,0.00893664838605586,-0.04153657389449501,0.0,0.0,0.0,0.0,nm
33.414375730224606,90.17352598947856,28.69070358518225,44.042305553254344,-0.02365020506418981,-0.022585514706721963,-0.05975372224767001,0.0,0.0,0.0,0.0,nm
33.42384373022461,90.34894093494923,28.77554877963209,44.1147232463825,-0.028442208317645636,-0.026886941234395476,-0.07126002543313346,0.0,0.0,0.0,0.0,nm
33.43336773022461,90.46862484555263,28.86603961979393,44.184721602535305,-0.04817428454756877,-0.04590399701479102,-0.055268211836492984,0.0,0.0,0.0,0.0,nm
33.44287273022461,90.53873259887487,28.970097068999348,44.258698293300945,-0.04958781977492409,-0.04733631637714278,-0.04777519367291446,0.0,0.0,0.0,0.0,nm
33.45238473022461,90.58307062499351,29.094250201448258,44.338765229364725,-0.07182175853187245,-0.023351009168663502,-0.036238774958702494,0.0,0.0,0.0,0.0,nm
33.46194073022461,90.59723079547437,29.231465398813892,44.40999833729587,-0.0682870321979527,-0.014977644612463835,-0.027145081530652003,0.0,0.0,0.0,0.0,nm
33.471444730224604,90.58312425312818,29.363534783631994,44.470741733971074,-0.05491521075066585,-0.00553855574318973,-0.02510409677730169,0.0,0.0,0.0,0.0,nm
33.480956730224605,90.57320932778678,29.473879255407944,44.541302836188926,-0.04171337665208845,0.01876042606812999,-0.029322096308779383,0.0,0.0,0.0,0.0,nm
33.52847273022461,90.51964094229668,29.397747528303963,44.793734991511506,-0.01927559093427061,0.019588532016828215,0.00021715541181146258,0.0,0.0,0.0,0.0,nm
33.53802873022461,90.52783120468929,29.36426362449914,44.8139234987042,-0.03603663648146703,0.0010370730378601847,0.01424878494522005,0.0,0.0,0.0,0.0,nm
33.54751373022461,90.55288414934668,29.367605787525168,44.82800161056399,-0.024752496608498317,-0.02460433001995017,0.019639546974130624,0.0,0.0,0.0,0.0,nm
33.557015730224606,90.59366755163389,29.401298696468523,44.84114196235958,-0.02668298263815589,-0.026535429115145986,0.02120524032336512,0.0,0.0,0.0,0.0,nm
33.56656473022461,90.66148415029764,29.44608092086763,44.86820591006498,-0.02488318606212576,-0.024768973936252697,0.019820390189410134,0.0,0.0,0.0,0.0,nm
33.57603273022461,90.74859977211398,29.47423026711947,44.90859719856232,-0.021435724231951583,-0.021367441147609318,0.017105966086888327,0.0,0.0,0.0,0.0,nm
33.58554973022461,90.84300910217465,29.46525580308297,44.962285169584355,-0.009346327911820803,-0.008791801752446822,-0.02270172232136693,0.0,0.0,0.0,0.0,nm
33.595053730224606,90.94584302446057,29.41731344689336,45.03418766357498,-0.011594236839606075,-0.010853123609851053,-0.028149018451494007,0.0,0.0,0.0,0.0,nm
33.61406873022461,91.16010709868837,29.284330360874087,45.21456527752918,-0.011022413896172976,-0.010222560483981484,-0.02678291703374969,0.0,0.0,0.0,0.0,nm
33.62362873022461,91.27793005547498,29.24564581717073,45.315125049765676,-0.010790339902225117,-0.009957308440055053,-0.02619509160139816,0.0,0.0,0.0,0.0,nm
33.63313973022461,91.38738466436507,29.2448681004403,45.414372991404974,-0.01185594709388762,-0.010893054885891878,-0.028720062487095226,0.0,0.0,0.0,0.0,nm
33.642606730224614,91.47719592199036,29.27892151918296,45.50739189701119,-0.015116776421237644,-0.013846658444157743,-0.03651122395940593,0.0,0.0,0.0,0.0,nm
33.65211573022461,91.55017467305207,29.321636272097646,45.59362363918524,-0.0180120325298528,-0.016464885917400404,-0.04338169977177231,0.0,0.0,0.0,0.0,nm
33.66163173022461,91.60266351799724,29.354438808633315,45.67047439514142,-0.001404116568733887,0.0008356776146965806,-0.06491708404340647,0.0,0.0,0.0,0.0,nm
33.68065273022461,91.63505782973773,29.345559699636866,45.7862550626545,-0.017669273573627294,-0.016164136247409262,-0.04252246777231292,0.0,0.0,0.0,0.0,nm
33.69020273022461,91.62323981637103,29.322184458403417,45.82823786710443,-0.01250924400339168,-0.011469205514627958,-0.030164559772906826,0.0,0.0,0.0,0.0,nm
33.69967773022461,91.60440966224698,29.313114674354,45.874514162901704,-0.023333813095469818,-0.024057205568606185,0.018817500577635263,0.0,0.0,0.0,0.0,nm
33.70922873022461,91.59774811858608,29.334002264052543,45.94451497238931,-0.033904608508290746,-0.035041277237296484,0.027400183228667423,0.0,0.0,0.0,0.0,nm
33.728254730224606,91.67961844794345,29.456459976036662,46.19472248028468,-0.01714636431788321,-0.017876766942319017,0.013989624234737172,0.0,0.0,0.0,0.0,nm
33.73772073022461,91.78702396551543,29.513047085558362,46.369163263196434,-0.024837038009703324,0.02441698797617586,0.0009455416210211802,0.0,0.0,0.0,0.0,nm
33.747264730224614,91.91389091761893,29.540125841240076,46.55414827438936,-0.00358447045012439,0.05151370944986032,-0.01833718158970557,0.0,0.0,0.0,0.0,nm
33.756737730224614,92.0280621556674,29.528341694199536,46.71383958975355,0.01315605698864806,0.05622526431709028,-0.02711319584297848,0.0,0.0,0.0,0.0,nm
33.775805730224604,92.18558934019812,29.43231968340798,46.9129598661508,0.0224871864324998,0.02404122897263717,-0.018573321661944316,0.0,0.0,0.0,0.0,nm
33.785266730224606,92.2461462580688,29.40045422760514,46.97988313814365,0.0,0.0,0.0,0.0,0.0,0.0,0.0,nm
33.794781730224614,92.30682002517403,29.409484019006918,47.04034858458146,0.0,0.0,0.0,0.0,0.0,0.0,0.0,nm
33.804342730224604,92.37238008318593,29.4637394872114,47.102380754862104,-0.015348155839134441,-0.016517959113268255,0.012738170600437514,0.0,0.0,0.0,0.0,nm
33.81380173022461,92.45205672466575,29.55086010962873,47.17388874032094,-0.014964622107143928,-0.01614555616566609,0.012480766167881682,0.0,0.0,0.0,0.0,nm
33.82335973022461,92.5620388277471,29.644303196131904,47.26049949519533,-0.03357990221788138,0.011885523851042315,-0.02470602903714331,0.0,0.0,0.0,0.0,nm
33.832875730224615,92.68974776946271,29.713345312550594,47.34778439259723,-0.041551900650592756,0.010065151557696864,-0.036360044061148886,0.0,0.0,0.0,0.0,nm
33.842385730224606,92.81860536166992,29.732179524210345,47.422824546017694,-0.04280175252577021,0.0035086549735393676,-0.04618048182626016,0.0,0.0,0.0,0.0,nm
33.86140573022461,93.01500612238456,29.621868077598382,47.52249181161616,-0.007340766169335404,-0.0030418719098983036,-0.06928837818212062,0.0,0.0,0.0,0.0,nm
33.88038573022461,93.0024108531412,29.451066088692908,47.52171253682092,-0.019770017734779075,-0.01744968569072815,-0.04643729981110811,0.0,0.0,0.0,0.0,nm
33.88993473022461,92.93074636273035,29.40762773178074,47.50202614027538,-0.01734140823698409,-0.015369180887301612,-0.04088901702916358,0.0,0.0,0.0,0.0,nm
33.91844673022461,92.4365888790533,29.503292833379255,47.33164306445505,0.0,0.0,0.0,0.0,0.0,0.0,0.0,nm
33.927985730224606,92.221468197486,29.536534840783446,47.26721097792644,0.0,0.0,0.0,0.0,0.0,0.0,0.0,nm
33.937503730224606,92.03611674432985,29.529411116324884,47.23249874760293,0.0,0.0,0.0,0.0,0.0,0.0,0.0,nm
33.947010730224605,91.8865416464021,29.47572335483466,47.22139530995291,0.013637010867968936,0.012892145273566113,0.03312806784353321,0.0,0.0,0.0,0.0,nm
33.96603973022461,91.73978166914523,29.308216533630848,47.250151300977066,0.01901439670215118,0.01817021176386748,0.04676084009359166,0.0,0.0,0.0,0.0,nm
33.97549573022461,91.74050079710933,29.256100912609213,47.26090195565887,0.017444027478243012,0.016671621166751367,0.04299269671855965,0.0,0.0,0.0,0.0,nm
33.98505573022461,91.77324672054806,29.255695559794074,47.26123285800994,0.013233121314048722,0.012617806636447489,0.032576491085956026,0.0,0.0,0.0,0.0,nm
33.99456773022461,91.8201100858675,29.30835583896993,47.25686397010983,0.0,0.0,0.0,0.0,0.0,0.0,0.0,nm
34.00430473022461,91.87521111876046,29.397913988448988,47.26437998613628,0.0,0.0,0.0,0.0,0.0,0.0,0.0,nm
34.01358373022461,91.9333861342094,29.489853897637026,47.29545433054795,0.0,0.0,0.0,0.0,0.0,0.0,0.0,nm
34.03259273022461,92.00126006900307,29.582755995084923,47.415307013572,-0.009119623841168345,-0.00861395031892906,-0.022042874164853028,0.0,0.0,0.0,0.0,nm
34.04206373022461,92.0057863977759,29.576033007571887,47.48834229265786,0.0,0.0,0.0,0.0,0.0,0.0,0.0,nm
34.089678730224605,92.08999542928083,29.652735561849227,47.8094178839409,0.0,0.0,0.0,0.0,0.0,0.0,0.0,nm
34.108697730224605,92.21787228317214,29.742614223615742,47.90681942074099,0.01109167821485947,0.013824953757175578,-0.040941385185989373,0.0,0.0,0.0,0.0,nm
34.12767873022461,92.39578238222036,29.727609081139864,47.96615046913104,-0.017693318065345024,-0.016582242867623456,-0.04231548301630164,0.0,0.0,0.0,0.0,nm
34.13723873022461,92.49442953329883,29.703559591102188,47.976484130658534,-0.021164496427437778,-0.01970321387628831,-0.05049359452969105,0.0,0.0,0.0,0.0,nm
34.14669573022461,92.59443309056091,29.693705700980203,47.9823822359844,-0.0236407921177744,-0.021857845225825182,-0.056227169943346235,0.0,0.0,0.0,0.0,nm
34.15620273022461,92.68693401295992,29.70854734672834,47.9927759745764,-0.04363339087618623,-0.04313606793210738,-0.05225281229752347,0.0,0.0,0.0,0.0,nm
34.16571373022461,92.7740912272911,29.740116955740703,48.01708885923122,-0.03221772844497685,-0.029458283487414416,-0.07604933616327587,0.0,0.0,0.0,0.0,nm
34.17523173022461,92.85496129057191,29.76946229078327,48.058773651859624,-0.05634004999449648,-0.015527657074275602,-0.08602451200495749,0.0,0.0,0.0,0.0,nm
34.18472273022461,92.87969107948658,29.726822026552842,48.09427255738876,-0.06808514164795527,-0.011275120334115133,-0.09433449315256416,0.0,0.0,0.0,0.0,nm
34.20375173022461,92.84966458233419,29.578862357754186,48.1661921157083,-0.05146899098051471,0.02475219293778937,-0.12488587314073062,0.0,0.0,0.0,0.0,nm
34.21321073022461,92.78478291696881,29.48233096371655,48.18482536377878,-0.05918248205598077,0.03336001381705226,-0.12398995909362905,0.0,0.0,0.0,0.0,nm
34.22276873022461,92.69699288673266,29.392849416967632,48.19479983455562,-0.06799457411067136,0.03953637692484335,-0.11835089168175256,0.0,0.0,0.0,0.0,nm
34.241780730224605,92.48217761844654,29.29590510010123,48.21490073956194,-0.07438761370995442,0.04207473598266408,-0.12338167113492474,0.0,0.0,0.0,0.0,nm
34.25129173022461,92.37672700278048,29.290401907266613,48.24324375390232,-0.07479773245837111,0.055721475565320304,-0.14140776691520576,0.0,0.0,0.0,0.0,nm
34.260784730224614,92.27601573221092,29.297730038961124,48.28670634721231,-0.07069019787271888,0.07797995339619525,-0.1648348069197938,0.0,0.0,0.0,0.0,nm
34.27030373022461,92.16452150838695,29.30095868855372,48.33531477417052,-0.05609242517850133,0.09347478982086876,-0.18916438631865706,0.0,0.0,0.0,0.0,nm
34.27981473022461,92.02806932923022,29.290532869274394,48.376461609568366,-0.039758791115865236,0.10538069391094393,-0.21041161872412442,0.0,0.0,0.0,0.0,nm
34.28927173022461,91.85835777435001,29.270193325038573,48.39587364532718,-0.024804167912978056,0.11087393809394604,-0.2222169705276973,0.0,0.0,0.0,0.0,nm
34.298826730224604,91.64559916009671,29.254698529767545,48.38576738801651,-0.016127367165758136,0.10883842344905531,-0.2262649708643015,0.0,0.0,0.0,0.0,nm
34.30829973022461,91.38872393987656,29.26395621843972,48.33985953260673,-0.01868177589593041,0.10843842704746165,-0.22469294336685466,0.0,0.0,0.0,0.0,nm
34.327363730224604,90.75585144266519,29.40328522593742,48.144966765816406,-0.02654610951064864,0.09062616586918101,-0.21734871924774676,-0.056377729378812656,-0.02816534361281546,-0.0030275681882788092,0.0,nm
34.33683173022461,90.39602083334432,29.525750362634813,48.01450638482333,-0.023181228172854212,0.07682660761513493,-0.2210067277274602,-0.06389527980550366,-0.027023219400470228,-0.004146252184699471,0.0,nm
34.34638673022461,90.02565084726398,29.663454185422005,47.886117027921834,-0.01500558032840777,0.06517774058905819,-0.22823987030759518,-0.06737316269600514,-0.0262267048223354,-0.0025745948151555,0.0,nm
34.35590173022461,89.65002493899509,29.799786445809733,47.76647908460748,-0.002846900142107158,0.05459068643846802,-0.23950349642496163,-0.06775412184143402,-0.026962781243073882,-0.00017379466413140816,0.0,nm
34.36540873022461,89.2615515331181,29.924760891433184,47.64422468401589,0.0304008290727035,0.029579584093979847,-0.2514607990072475,-0.06754516396451969,-0.030025091133746327,0.00070422864506913,0.0,nm
34.37492273022461,88.84310520373745,30.038054676145936,47.501044492305205,0.03594849411810756,0.033207509226446136,-0.26102273776631585,-0.06930622209726224,-0.03531438135806258,-0.0003756572165117493,0.0,nm
34.39394173022461,87.85788419954481,30.263895990696927,47.09314794526086,0.10405388646581899,-0.03174556806222915,-0.26194257680310556,-0.08194646625162778,-0.047913097026603305,-0.0066581530025473755,0.0,nm
34.40345573022461,87.25343762217464,30.38453689745376,46.800503129452,0.10757001160407285,-0.04796084414433175,-0.2519190533952522,-0.0923887932476468,-0.05718509110031009,-0.011170215460008112,0.0,nm
34.41292173022461,86.55746934346935,30.498131755366742,46.44513461606124,0.11822041034038809,-0.06509143900788496,-0.23263556297508073,-0.10237914841143225,-0.06915898323302873,-0.01427441005005721,0.0,nm
34.44154573022461,83.97833631224664,30.61366464873279,45.265777146117316,0.12317415771066882,-0.07245526096489822,-0.10868616045035857,-0.11285348292354573,-0.11414856109758983,0.0016019155505106527,0.0,nm
34.46051673022461,82.16194906356537,30.434143052809393,44.61356147239542,0.08453317368942403,0.03515385908994251,-0.044374599761454955,-0.09598972763935985,-0.12066852859662419,0.016922631200737264,0.0,nm
34.470104730224605,81.33999495782089,30.324477020818577,44.240527105824704,0.05389461150907324,0.10251846420003007,-0.007066309601369664,-0.08867910814023396,-0.11319979398437081,0.0160228112342714,0.0,nm
34.50821173022461,79.31741384691145,29.705986389915385,42.60360038505621,0.0019794915889038223,0.10732616565998958,-0.05914666269029226,-0.06188782307461823,-0.047796545134540805,-0.04863720102703066,0.0,nm
34.51773073022461,79.06031402306917,29.65585298447013,42.14084617228612,-0.007816311197418073,0.08403281945264512,-0.08809947833665525,-0.04881508635934705,-0.03780947749829624,-0.06046743829761868,0.0,nm
34.52717773022461,78.79591506343556,29.635837464287363,41.653244948008876,-0.009580499193484856,0.04331775677643796,-0.12854883487045338,-0.03362103214996241,-0.03212368861394276,-0.06444108192197048,0.0,nm
34.53667273022461,78.5675665031243,29.576548303106634,41.226150520544685,-0.019756977886179364,0.003624286075579912,-0.1702188900035946,-0.02393758784664254,-0.03365165898227611,-0.060002415877900034,0.0,nm
34.55568373022461,78.01224229114503,29.370703652128036,40.40452094210217,-0.021333605505501674,-0.04317341699538143,-0.24229665661208893,-0.028230469482997796,-0.050473551648965914,-0.04960466919543129,0.0,nm
34.56519673022461,77.59847760015862,29.267375972556735,40.00941238373799,-0.02421410973556882,-0.05717015595919436,-0.2656863552767982,-0.04359741282920195,-0.060953150186293784,-0.040940704801413805,0.0,nm
34.57471073022461,77.04571895032602,29.18597190218333,39.58491641677081,-0.026134919186478138,-0.06816742702883226,-0.27421399794992424,-0.0654706164769187,-0.07292910067816802,-0.03364855118772051,0.0,nm
34.584213730224604,76.34066124073004,29.125135804583604,39.1046139651483,-0.010250654086797479,-0.09067149409514662,-0.26467868308848086,-0.08921627421426455,-0.0862496973070154,-0.027817386753589864,0.0,nm
34.59373273022461,75.49569382122095,29.077180514971737,38.58714113436699,-0.02711937415200153,-0.07403160352300138,-0.25859527235589774,-0.1105991280294842,-0.09897528063170266,-0.019201443258305244,0.0,nm
34.61274873022461,73.53892551258912,28.966021049790395,37.58432412187403,-0.03140771686127037,-0.04334623892953468,-0.21152458514627945,-0.13348349067054205,-0.11766870512020573,0.004144030002489516,0.0,nm
34.622256730224606,72.50106373314838,28.883198213274373,37.13175968324127,-0.016051678123325294,-0.016932271840701615,-0.1920615866471702,-0.13557449592579227,-0.122786772872992,0.01200444075373273,0.0,nm
34.63177973022461,71.47329653612964,28.786003805131262,36.68199346894698,0.010831065580044178,0.0017291331240859938,-0.1771475052518366,-0.13339290555226585,-0.12320369763327396,0.014979125499476635,0.0,nm
34.641289730224614,70.47363145712877,28.68247463656784,36.2170361436284,0.032939718594180545,0.006889572827402385,-0.17276570114035542,-0.12964938497266376,-0.12049012294228621,0.010400606883402018,0.0,nm
34.66980273022461,67.58291817164668,28.347234423578364,34.42106785071869,0.1339942356283598,-0.15499590882421926,-0.17075789985850268,-0.1267435454502516,-0.1154125032479529,-0.037203615198739416,0.0,nm
34.68880573022461,65.56914336846347,28.095322584185,33.10536245833131,0.13182232491087378,-0.28032765218212763,-0.16393233037788463,-0.136088314799094,-0.12293682242341318,-0.04198317975129297,0.0,nm
34.69836273022461,64.4829780966508,27.922029163059033,32.47630023764398,0.1498710121795599,-0.3209888529700066,-0.1482047624181859,-0.1423918473096364,-0.13379575750997694,-0.03815647314275526,0.0,nm
34.70783873022461,63.33220127301946,27.72537859216136,31.900265227106207,0.18070817389763186,-0.33309597668840807,-0.14144973560528826,-0.1510779662807101,-0.14270624613638033,-0.022107938538971993,0.0,nm
34.72685973022461,60.70196133670309,27.304561508026914,30.9136920694569,0.15339268191265382,-0.17432119926573517,-0.14195571657316697,-0.18980981552096188,-0.1681261740412261,0.015636295984237037,0.0,nm
34.73657173022461,59.08478426889161,27.0662510678603,30.364693781453425,0.21263895238497116,-0.08901205754993273,-0.11929530000449624,-0.22246001944304922,-0.18938443483990763,0.023786352392497503,0.0,nm
34.75543373022461,55.387327056154746,26.538665418400527,29.088627948211606,0.14824645961805935,0.08247438584804992,-0.08472429420416917,-0.2643014918281363,-0.21923169070388618,0.017118957294194725,0.0,nm
34.774527730224605,51.7909764048468,25.375302624899895,27.363960862779138,0.05189814476358791,0.10611704887895146,-0.005147750084854787,-0.2415640898072221,-0.23922809797225159,-0.04090761674851146,0.0,nm
34.78403873022461,50.252979244128944,24.859929048046904,26.53552076739838,-0.026410372837583216,0.09345616266224495,0.03911543067744477,-0.218071233517845,-0.22914829689000663,-0.04907636177511456,0.0,nm
34.80306973022461,47.65439212505833,23.912057413138918,25.103474469576575,-0.12406834910823179,0.03657944594016598,0.043352699156736924,-0.165099718372702,-0.21165974447538555,-0.04831107073460023,0.0,nm
34.81256973022461,46.57080580325516,23.444811413332385,24.562761843790824,-0.1050494663408635,0.004247629614848209,0.0397428281595001,-0.1388937079287395,-0.19433430847852953,-0.034545727784191294,0.0,nm
34.83155473022461,44.62976431534308,22.53400012662975,23.743114490489887,-0.045406129609445636,-0.04109910367957368,0.003442831360828669,-0.11089931283677303,-0.1722512817179668,-0.018277095875563483,0.0,nm
34.84110973022461,43.61939214355442,22.032898986193505,23.319779119489283,0.0024332623252711835,-0.038157847669756245,-0.031803693719691724,-0.11550020033480352,-0.17095221732336635,-0.021238740962001613,0.0,nm
34.85062373022461,42.56313302950452,21.550457265106054,22.857143206811067,0.00371398025628372,-0.050379532560591904,-0.04088546366101602,-0.12505742539735826,-0.16725285473910706,-0.027209035898221153,0.0,nm
34.86963873022461,40.31072263487457,20.632826318606675,21.76491358285697,0.006245065591594403,-0.06968890749535397,-0.05322485141920342,-0.14584278376659693,-0.16952385292397712,-0.045355548003844184,0.0,nm
34.91718573022461,34.52742285183846,18.495952787824166,19.276979907848013,0.010552839701578868,-0.08638269547582415,-0.05547340646379696,-0.1505089437068098,-0.15880688548973862,-0.026226079342899934,0.0,nm
34.92670373022461,33.39110612260822,18.04672970163521,18.821186637317094,0.01197706583817334,-0.09375568077402872,-0.058039131311973975,-0.14860908311820822,-0.15780263695640379,-0.031892326784787525,0.0,nm
34.93621273022461,32.22336700767703,17.560550506983507,18.32155752086869,0.013189498773825714,-0.09945797765005157,-0.05922907188400166,-0.15070263686990065,-0.16076291958531455,-0.04035509864456866,0.0,nm
34.96476173022461,28.471449934604372,16.149626169107343,16.74766050472064,-0.025985862770559164,-0.11100538319990351,-0.03931828356226584,-0.1778977177036034,-0.17222530432564973,-0.041652363188399856,0.0,nm
34.974226730224615,27.144819832294456,15.716123670605851,16.266412549937776,-0.046849365263576644,-0.10503109051564465,-0.025779656964987355,-0.1899646948774131,-0.17254210375836143,-0.03431727835253718,0.0,nm
34.99567873022461,24.57567352825419,15.02922432659358,15.438916756468219,-0.08353963256792124,-0.061710926404024355,-0.02400094438281759,-0.19809055134609285,-0.15288642638439126,-0.023725109864106773,0.0,nm
35.00287773022461,23.339709804212106,14.710920031428241,15.046023148635426,-0.0478982454764351,-0.05752532136311488,-0.0031707967203116307,-0.19446364871118774,-0.14182625293950663,-0.02551569480562443,0.0,nm
35.012394730224614,22.161153162414312,14.404253824332192,14.656652934227997,-0.02271761581058363,-0.06254927590536732,-0.013320481721175177,-0.18409734181719994,-0.12997146134539836,-0.028855003973148753,0.0,nm
35.021895730224614,21.061186361395052,14.082528717040201,14.272901864488773,0.009735290178799535,-0.06202709591025593,-0.023349487830436607,-0.1692125106217285,-0.12360228194507554,-0.03269959836316905,0.0,nm
35.03139873022461,19.976204097798984,13.718082554470804,13.90527922932986,0.011285634667725804,-0.07142862974050701,-0.025442198392566985,-0.1641658657415365,-0.12144695757420063,-0.03133296037711709,0.0,nm
35.04092773022461,18.86770466692844,13.354407864669822,13.576293896137475,0.07274335856209209,-0.0899422212711713,-0.010393023079662937,-0.1656125899248009,-0.11398531329729031,-0.023673192658820928,0.0,nm
35.05994673022461,16.658716396722845,12.547541682287436,13.016201904727886,0.11938246857096682,-0.10188490762428341,0.029370843268723232,-0.16304757604550507,-0.11778440771093754,-0.01485961962081914,0.0,nm
35.069409730224606,15.513930475818821,12.035624469240222,12.742798491012845,0.14531441362644051,-0.10604948746196768,0.05121204521156145,-0.16636509408903297,-0.12814522590725766,-0.015115659585592356,0.0,nm
35.07897073022461,14.350298956085757,11.508871473147257,12.465507911418651,0.1333749140175714,-0.1012028634346863,0.06062292565734123,-0.1715211293992169,-0.13387443832060517,-0.016896984020857552,0.0,nm
35.08848073022461,13.148657034898836,10.96105194712182,12.170939299652941,0.10296762335670387,-0.09672298652929932,0.0573239986610601,-0.17980974839477118,-0.1450549634600558,-0.02070908810175108,0.0,nm
35.09794073022461,11.918119616130808,10.369599403563079,11.864575015778001,0.08843984216383335,-0.09418293197313715,0.06935821453686855,-0.18544097821398844,-0.1571829937107636,-0.024047912672811582,0.0,nm
35.10744673022461,10.791673094231278,9.830268261009326,11.597164352561052,0.06980338804450976,-0.09533306856625128,0.10435996994941941,-0.18813522591752446,-0.16025239498005478,-0.022013452571317454,0.0,nm
35.116962730224614,9.66945633909213,9.299848621821742,11.376441389753042,0.042450087645306396,-0.09284933496924754,0.14229379708186868,-0.18856898162645908,-0.1577148157734607,-0.014624968594562648,0.0,nm
35.12650773022461,8.54767642285893,8.782101419768843,11.217792045974173,0.04726245604933374,-0.07654447885062447,0.20369574948006303,-0.18969728120674723,-0.1547547036275606,-0.003980202302314303,0.0,nm
35.135947730224615,7.420043888185078,8.31579962148528,11.118147289126435,0.019158553546547115,-0.06485463982399237,0.2510007123194526,-0.19334620403078878,-0.14460661287518853,0.006360280277891891,0.0,nm
35.14546273022461,6.302016452039359,7.926428655848391,11.05300503998882,0.0020739299624263777,-0.029704510580154067,0.27067491226254514,-0.19478282441421257,-0.1289968882606915,0.011581375001775715,0.0,nm
35.15501973022461,5.192039710399835,7.585545296577765,10.980369478109482,0.0021588357058616716,-0.023381943263200276,0.2597157212779906,-0.1953276893408443,-0.11906806995604131,0.00870020491345479,0.0,nm
35.17404273022461,2.948774150431938,6.9527984920129295,10.703078193658847,0.023107171383050146,0.0427456735675579,0.25128555974735306,-0.20110253702636857,-0.11330079303308721,-0.011043394908742543,0.0,nm
35.183574730224606,1.7956012937792736,6.638347866925145,10.50261947956871,0.04673064410534947,0.06876462703742355,0.23913415414077197,-0.20582593843051325,-0.11441979269171917,-0.018792165221414737,0.0,nm
35.193081730224606,0.6344795981144723,6.292748752587447,10.304126715847689,0.06430650792517557,0.09372496991793455,0.26005064758856195,-0.20672365714793697,-0.12024042208602206,-0.019269114590212567,0.0,nm
35.20257573022461,-0.5138205265508052,5.925897325016186,10.158303963656467,0.07397009693492435,0.11880037945213529,0.2696598594646134,-0.20389020404993033,-0.12346322445970138,-0.010160828889140742,0.0,nm
35.21209573022461,-1.6259474691156193,5.563170115586091,10.105368186386924,0.0662942404318829,0.14913706839060478,0.2684424123231678,-0.19722404268431554,-0.12112838740726763,0.006522776348450143,0.0,nm
35.221607730224605,-2.700891393529316,5.219053830138455,10.154330671866399,0.04158062269026893,0.180093969362326,0.286565083215706,-0.1906440518542442,-0.1162391851050744,0.025117832693471728,0.0,nm
35.25012873022461,-5.588321065751804,4.33681709814868,10.155106423646917,-0.07187798873129086,0.24253442775420447,0.2345820023836909,-0.16029603160018405,-0.09596513521732886,0.029008283916536554,0.0,nm
35.25964373022461,-6.404083112582658,4.0995947702564415,9.820613547110158,-0.06522501423519445,0.26953182325350306,0.2908330025318677,-0.14410934703777112,-0.08556902160297371,0.010552836084613715,0.0,nm
35.27867373022461,-7.900252051730988,3.841769856555034,8.949875758985574,-0.003061625740266054,0.260959162515455,0.1422001923801437,-0.13316309816820948,-0.05309365940635917,-0.013835130139386358,0.0,nm
35.288182730224605,-8.651544801525112,3.7227628495034466,8.566087057889622,0.025456778676033083,0.2819159642083809,0.13371401604772756,-0.13671621103074885,-0.057293082362356924,-0.0051023003607992435,0.0,nm
35.29771573022461,-9.40589691769972,3.5897632817513836,8.29603280194871,0.05703996262525898,0.27151235992996325,0.02924838381123074,-0.13721311294161356,-0.059452376220353396,0.00985162628358685,0.0,nm
35.30717873022461,-10.063673993493742,3.5128202838947598,8.105011409769746,0.05373710996988611,0.30326580887544197,0.03350799261689159,-0.11990077362676883,-0.045135858116848046,0.01966659229357602,0.0,nm
35.31672073022461,-10.616536055629936,3.4806418618643487,7.954576940680807,0.03237801233126186,0.2804983600058351,-0.055637950423446714,-0.10048373282642879,-0.03307322739872377,0.020056210448657966,0.0,nm
35.335749730224606,-11.241680966180882,3.3908612444880375,7.584961790245733,0.051620184504808125,0.22694234748941292,0.014387505193726419,0.0,0.0,0.0,0.0,nm
35.34532873022461,-11.193399363126135,3.315264649119344,7.325027569890749,0.047845750694497625,0.14709409290580716,0.024844450932973564,0.0,0.0,0.0,0.0,nm
35.354847730224606,-11.078665262201143,3.256646605399533,7.057480976229509,0.052041858597348445,0.07383051837455977,0.05851563957539113,0.0,0.0,0.0,0.0,nm
35.36431273022461,-10.90102863235896,3.271901343441345,6.830170388005826,0.07639908818871476,0.0285373381296933,0.0955811159024372,0.04273456484771819,-0.004342738828236953,-0.037141387939812566,0.0,nm
35.37380373022461,-10.558364030606747,3.3351244267592137,6.614558302351175,0.0917642967215258,-0.04186849313154944,0.11655178003912321,0.07435187669450298,0.008887144869754521,-0.036451200401050675,0.0,nm
35.40230973022461,-9.338810299424816,3.5157746956904687,6.369456472725777,0.08696419542918278,-0.10643120120799657,0.2702451031729336,0.07475060188357138,0.0021474589257798934,-0.023179123460977762,0.0,nm
35.41182973022461,-9.076327028920819,3.527930611947219,6.377514005485978,0.06215360867418152,-0.11388205883314295,0.30030037182990654,0.05956545619900942,-0.0033396526298623387,-0.02447586358490136,0.0,nm
35.43078173022461,-9.278546815424667,3.461947907870896,6.112901220535547,0.03494429661700721,-0.1362323482895162,0.3345425872173907,-0.0404229347027664,-0.026541097186639395,-0.029351990401321772,0.0,nm
35.44027173022461,-9.733929078243635,3.415835178538268,5.968341595932986,0.0013372805395187727,-0.06281627661063395,0.3912164514895788,-0.08188567926655815,-0.03047020698204692,-0.0266845778641912,0.0,nm
35.45937973022461,-11.473308595341836,3.360579064952989,6.163780365033117,-0.06750134582074423,0.06048914081073611,0.33614128855276254,-0.18640117693961739,-0.03751897574999504,-0.013147331504907024,0.0,nm
35.46887873022461,-12.589146072300542,3.3418584128176487,6.544603100400882,-0.12024637387369566,0.2317739680075936,0.32399925122536694,-0.2132986071178119,-0.041107092056126913,-0.011277681439455716,0.0,nm
35.47839373022461,-13.840682886921824,3.3107480785761405,6.390119743405555,-0.1529323928948864,0.312563848340148,0.23157470702976354,-0.24005188976385183,-0.04618355970777789,-0.01869159112870814,0.0,nm
35.487913730224605,-15.101321684362722,3.2472486055787555,6.1557556346624285,-0.17457333728023272,0.3983298491003931,0.19137066469701883,-0.24130472482750065,-0.05205710904536587,-0.03450203801139415,0.0,nm
35.49742373022461,-16.303186076635384,3.1446966206410822,5.8237247804941275,-0.17524360212612847,0.422892997185781,0.10826785508704113,-0.22906764689162434,-0.057452343205227796,-0.05480024580013824,0.0,nm
35.50693873022461,-17.327222050664588,3.0049802395330056,5.41955373340589,-0.1626625659176535,0.43322323326239864,0.05519345143894091,-0.19333830167311503,-0.05993051358630124,-0.07141944351481862,0.0,nm
35.51890573022461,-18.101264673890874,2.8389280036670077,5.003101132144643,-0.14248129796887413,0.4198603941519342,0.004409957306465709,-0.14351884146659913,-0.05927213223738267,-0.0767867177891219,0.0,nm
35.525981730224615,-18.57900770914977,2.670557785387227,4.648171150374441,-0.11516230526088671,0.40668005336113217,-0.03639261173112859,-0.08483640662788815,-0.0537874654381008,-0.06764737057204404,0.0,nm
35.54484073022461,-18.719999801312944,2.449738583536705,4.302734543535288,-0.10076598978014982,0.3434171506210824,-0.06343214847770345,0.0,0.0,0.0,0.0,nm
35.554344730224614,-18.434237002174306,2.3957051667658313,4.314364205664378,-0.1142018323354755,0.30568475282314,-0.04352073684808295,0.06527825371503405,-0.018693652245834087,-0.0012732326642622626,0.0,nm
35.56392173022461,-17.687797568699363,2.4640367425957694,4.400651747714727,-0.12429451868991039,0.25371376502968807,-0.005214273538444736,0.1000807665504241,-0.014283234589866613,0.009468812065226177,0.0,nm
35.573436730224614,-16.877704165680754,2.5484958460742897,4.475783888274736,-0.12604302140764992,0.18938384077170967,0.015320118029485503,0.1269347779107306,-0.009918686279171716,0.0062667705183248315,0.0,nm
35.58295073022461,-15.983792735688416,2.6395691999896562,4.4911106187403105,-0.12078089561671387,0.14521120952103037,0.030997967049151205,0.1533110798649079,-0.005727693422785134,-0.0069403717594210615,0.0,marker_1
38.71851073022461,6.056348630760623,29.996085390886616,-58.82746708594985,-0.1037572809006786,0.018080855929481086,-0.11983651522376094,0.02098550877187661,-0.028268187014808828,-0.054942057607415565,0.0,nm
38.74051673022461,6.379533676483533,29.946222537842615,-59.38524910346706,-0.15020119490962108,-0.15096690172400676,-0.10418712470794929,0.0,0.0,0.0,0.0,nm
38.77850073022461,5.380868405889701,28.90176588004692,-59.50890932595884,-0.09498218523146465,0.08085650678594897,0.14856391147415005,-0.08402335751154474,0.02580087675879627,0.028053700752125096,0.0,nm
38.82611873022461,3.6312320116992978,28.83264780211261,-60.812466288483726,0.05129929127350993,0.1477740402547834,0.029414833071733426,0.017279412568909018,0.04175780885403801,-0.02909079314421716,0.0,nm
38.835633730224615,3.756458276823797,29.092055157563838,-60.82246094382603,0.057220400072920855,0.07716824553199556,-0.07095592753148605,0.0,0.0,0.0,0.0,nm
38.86390873022461,4.933268408904098,29.394450842650386,-60.31014301017192,-0.12361049093372241,0.09606084930587708,-0.2568145352090557,0.038112375195069714,-0.07461055495359059,-0.010231695375420081,0.0,nm
38.91154173022461,5.587677466819765,29.584130076418035,-61.32138203909467,-0.18454023154838933,0.010947074027558417,-0.07130634428209635,-0.004457149686779021,0.04484107594767889,-0.05282400980041038,0.0,nm
38.920963730224614,5.309924215774202,29.728160471914435,-61.643938533182826,-0.07214313029765958,-0.0846438014406651,0.07043850005437877,0.02087240105737252,0.041799183924151787,-0.03711431820361251,0.0,nm
38.940019730224606,4.792044354550633,29.840545196510107,-61.65973092177119,-0.006875755566476248,-0.03685449193726592,-0.12388381558699081,-0.02451036924995736,0.0349168290106854,0.041546202189606266,0.0,nm
38.94957973022461,4.82046113702428,29.663731622370943,-61.399746479758264,0.10652973658443468,-0.012831977044916273,0.004123567752264614,-0.025986588363010106,0.0022863637007984124,0.049203739406912333,0.0,nm
38.95909373022461,4.826025800632258,29.64987365057005,-61.131743011607824,0.056451557765770356,0.11401265621561968,-0.06661050193713419,-0.02899054495031392,0.011119437827232495,0.05310474114334762,0.0,nm
38.96860573022461,4.913869605893283,29.66865633917503,-60.97595758159429,0.02020851451128956,0.19887188797825087,-0.025147846825606536,0.0,0.0,0.0,0.0,nm
38.97812373022461,5.045617566927637,29.565686258457543,-60.995785404396734,0.05368981945578706,0.15253179043417772,0.07318297426586665,0.0,0.0,0.0,0.0,nm
65.43459796905518,-0.786918461094956,26.46424289653408,-51.92773881313005,-0.2890090594231722,0.08932537684157776,-0.15454662960848897,0.08586000203361474,0.0529476397419,-0.012949945100160391,0.0,nm
