ISO-10303-21;
HEADER;
/* Generated by software containing ST-Developer
 * from STEP Tools, Inc. (www.steptools.com) 
 */
/* OPTION: using custom renumber hook */

FILE_DESCRIPTION(
/* description */ ('STEP AP242 Edition 2',
'CAx-IF Rec.Pracs.---Representation and Presentation of Product Manufa
cturing Information (PMI)---4.0---2014-10-13',
'CAx-IF Rec.Pracs.---3D Tessellated Geometry---0.4---2014-09-14','2;1',
'CAx-IF Rec.Pracs.---User Defined Attributes---1.5---2016-08-15'),
/* implementation_level */ '2;1');

FILE_NAME(
/* name */ 'clamp fixed axis V1 parts RIGHT - Komponente1',
/* time_stamp */ '2026-06-18T10:43:43Z',
/* author */ (''),
/* organization */ (''),
/* preprocessor_version */ 'ST-DEVELOPER v20',
/* originating_system */ 'ONSHAPE BY PTC INC, 1.216',
/* authorisation */ '  ');

FILE_SCHEMA (('AP242_MANAGED_MODEL_BASED_3D_ENGINEERING_MIM_LF { 1 0 10303 442 3 1 4 }'));
ENDSEC;

DATA;
#10=SHAPE_REPRESENTATION_RELATIONSHIP('','',#3978,#11);
#11=ADVANCED_BREP_SHAPE_REPRESENTATION('',(#3976),#8178);
#12=B_SPLINE_SURFACE_WITH_KNOTS('',1,3,((#6235,#6236,#6237,#6238,#6239,
#6240,#6241,#6242,#6243,#6244,#6245,#6246,#6247,#6248,#6249,#6250,#6251,
#6252,#6253,#6254,#6255,#6256,#6257,#6258,#6259,#6260,#6261,#6262,#6263,
#6264,#6265,#6266,#6267,#6268,#6269,#6270,#6271,#6272,#6273,#6274,#6275,
#6276,#6277,#6278,#6279,#6280,#6281,#6282,#6283,#6284,#6285,#6286,#6287,
#6288,#6289,#6290,#6291,#6292,#6293,#6294,#6295,#6296,#6297,#6298,#6299,
#6300,#6301,#6302,#6303,#6304,#6305,#6306,#6307,#6308,#6309,#6310,#6311,
#6312,#6313,#6314,#6315,#6316,#6317,#6318,#6319,#6320,#6321,#6322,#6323,
#6324,#6325,#6326,#6327,#6328,#6329,#6330,#6331,#6332,#6333,#6334,#6335,
#6336,#6337,#6338,#6339,#6340,#6341,#6342,#6343,#6344,#6345,#6346,#6347,
#6348,#6349,#6350,#6351,#6352,#6353,#6354,#6355,#6356,#6357,#6358,#6359,
#6360,#6361,#6362,#6363,#6364,#6365,#6366,#6367,#6368,#6369,#6370,#6371,
#6372,#6373,#6374,#6375,#6376,#6377,#6378,#6379,#6380,#6381,#6382,#6383,
#6384,#6385,#6386,#6387,#6388,#6389,#6390,#6391,#6392,#6393,#6394,#6395,
#6396,#6397,#6398,#6399,#6400,#6401,#6402,#6403,#6404,#6405,#6406,#6407,
#6408,#6409,#6410,#6411,#6412,#6413,#6414,#6415,#6416,#6417,#6418,#6419,
#6420,#6421,#6422,#6423,#6424,#6425,#6426,#6427,#6428,#6429,#6430,#6431,
#6432,#6433,#6434,#6435,#6436,#6437,#6438,#6439,#6440,#6441,#6442,#6443,
#6444,#6445,#6446,#6447,#6448,#6449,#6450,#6451,#6452,#6453,#6454,#6455,
#6456,#6457,#6458,#6459,#6460,#6461,#6462,#6463,#6464,#6465,#6466,#6467,
#6468,#6469,#6470,#6471,#6472,#6473,#6474,#6475,#6476,#6477,#6478,#6479,
#6480,#6481,#6482,#6483,#6484,#6485,#6486,#6487,#6488,#6489,#6490,#6491,
#6492,#6493,#6494,#6495,#6496,#6497,#6498,#6499,#6500,#6501,#6502,#6503,
#6504,#6505,#6506),(#6507,#6508,#6509,#6510,#6511,#6512,#6513,#6514,#6515,
#6516,#6517,#6518,#6519,#6520,#6521,#6522,#6523,#6524,#6525,#6526,#6527,
#6528,#6529,#6530,#6531,#6532,#6533,#6534,#6535,#6536,#6537,#6538,#6539,
#6540,#6541,#6542,#6543,#6544,#6545,#6546,#6547,#6548,#6549,#6550,#6551,
#6552,#6553,#6554,#6555,#6556,#6557,#6558,#6559,#6560,#6561,#6562,#6563,
#6564,#6565,#6566,#6567,#6568,#6569,#6570,#6571,#6572,#6573,#6574,#6575,
#6576,#6577,#6578,#6579,#6580,#6581,#6582,#6583,#6584,#6585,#6586,#6587,
#6588,#6589,#6590,#6591,#6592,#6593,#6594,#6595,#6596,#6597,#6598,#6599,
#6600,#6601,#6602,#6603,#6604,#6605,#6606,#6607,#6608,#6609,#6610,#6611,
#6612,#6613,#6614,#6615,#6616,#6617,#6618,#6619,#6620,#6621,#6622,#6623,
#6624,#6625,#6626,#6627,#6628,#6629,#6630,#6631,#6632,#6633,#6634,#6635,
#6636,#6637,#6638,#6639,#6640,#6641,#6642,#6643,#6644,#6645,#6646,#6647,
#6648,#6649,#6650,#6651,#6652,#6653,#6654,#6655,#6656,#6657,#6658,#6659,
#6660,#6661,#6662,#6663,#6664,#6665,#6666,#6667,#6668,#6669,#6670,#6671,
#6672,#6673,#6674,#6675,#6676,#6677,#6678,#6679,#6680,#6681,#6682,#6683,
#6684,#6685,#6686,#6687,#6688,#6689,#6690,#6691,#6692,#6693,#6694,#6695,
#6696,#6697,#6698,#6699,#6700,#6701,#6702,#6703,#6704,#6705,#6706,#6707,
#6708,#6709,#6710,#6711,#6712,#6713,#6714,#6715,#6716,#6717,#6718,#6719,
#6720,#6721,#6722,#6723,#6724,#6725,#6726,#6727,#6728,#6729,#6730,#6731,
#6732,#6733,#6734,#6735,#6736,#6737,#6738,#6739,#6740,#6741,#6742,#6743,
#6744,#6745,#6746,#6747,#6748,#6749,#6750,#6751,#6752,#6753,#6754,#6755,
#6756,#6757,#6758,#6759,#6760,#6761,#6762,#6763,#6764,#6765,#6766,#6767,
#6768,#6769,#6770,#6771,#6772,#6773,#6774,#6775,#6776,#6777,#6778),(#6779,
#6780,#6781,#6782,#6783,#6784,#6785,#6786,#6787,#6788,#6789,#6790,#6791,
#6792,#6793,#6794,#6795,#6796,#6797,#6798,#6799,#6800,#6801,#6802,#6803,
#6804,#6805,#6806,#6807,#6808,#6809,#6810,#6811,#6812,#6813,#6814,#6815,
#6816,#6817,#6818,#6819,#6820,#6821,#6822,#6823,#6824,#6825,#6826,#6827,
#6828,#6829,#6830,#6831,#6832,#6833,#6834,#6835,#6836,#6837,#6838,#6839,
#6840,#6841,#6842,#6843,#6844,#6845,#6846,#6847,#6848,#6849,#6850,#6851,
#6852,#6853,#6854,#6855,#6856,#6857,#6858,#6859,#6860,#6861,#6862,#6863,
#6864,#6865,#6866,#6867,#6868,#6869,#6870,#6871,#6872,#6873,#6874,#6875,
#6876,#6877,#6878,#6879,#6880,#6881,#6882,#6883,#6884,#6885,#6886,#6887,
#6888,#6889,#6890,#6891,#6892,#6893,#6894,#6895,#6896,#6897,#6898,#6899,
#6900,#6901,#6902,#6903,#6904,#6905,#6906,#6907,#6908,#6909,#6910,#6911,
#6912,#6913,#6914,#6915,#6916,#6917,#6918,#6919,#6920,#6921,#6922,#6923,
#6924,#6925,#6926,#6927,#6928,#6929,#6930,#6931,#6932,#6933,#6934,#6935,
#6936,#6937,#6938,#6939,#6940,#6941,#6942,#6943,#6944,#6945,#6946,#6947,
#6948,#6949,#6950,#6951,#6952,#6953,#6954,#6955,#6956,#6957,#6958,#6959,
#6960,#6961,#6962,#6963,#6964,#6965,#6966,#6967,#6968,#6969,#6970,#6971,
#6972,#6973,#6974,#6975,#6976,#6977,#6978,#6979,#6980,#6981,#6982,#6983,
#6984,#6985,#6986,#6987,#6988,#6989,#6990,#6991,#6992,#6993,#6994,#6995,
#6996,#6997,#6998,#6999,#7000,#7001,#7002,#7003,#7004,#7005,#7006,#7007,
#7008,#7009,#7010,#7011,#7012,#7013,#7014,#7015,#7016,#7017,#7018,#7019,
#7020,#7021,#7022,#7023,#7024,#7025,#7026,#7027,#7028,#7029,#7030,#7031,
#7032,#7033,#7034,#7035,#7036,#7037,#7038,#7039,#7040,#7041,#7042,#7043,
#7044,#7045,#7046,#7047,#7048,#7049,#7050)),.RULED_SURF.,.F.,.T.,.F.,(2,
1,2),(4,2,2,2,2,2,2,2,2,2,2,2,2,2,2,2,2,2,2,2,2,2,2,2,2,2,2,2,2,2,2,2,2,
2,2,2,2,2,2,2,2,2,2,2,2,2,2,2,2,2,2,2,2,2,2,2,2,2,2,2,2,2,2,2,2,2,2,2,2,
2,2,2,2,2,2,2,2,2,2,2,2,2,2,2,2,2,2,2,2,2,2,2,2,2,2,2,2,2,2,2,2,2,2,2,2,
2,2,2,2,2,2,2,2,2,2,2,2,2,2,2,2,2,2,2,2,2,2,2,2,2,2,2,2,2,2,4),(-0.00600057681510251,
0.,1.),(-0.00985405383351545,-0.00981545698617882,-0.00977686013884219,
-0.00973826329150556,-0.00969966644416893,-0.00962247274949568,-0.00954527905482242,
-0.00946808536014916,-0.00939089166547591,-0.00935229481813928,-0.00931369797080265,
-0.00927510112346602,-0.00923650427612939,-0.00908211688678288,-0.00892772949743637,
-0.00885053580276311,-0.00881193895542648,-0.00877334210808986,-0.00873474526075323,
-0.0086961484134166,-0.00861895471874334,-0.00846456732939683,-0.00838737363472357,
-0.00831017994005032,-0.00823298624537706,-0.0081557925507038,-0.00807859885603055,
-0.00800140516135729,-0.00792421146668404,-0.00784701777201078,-0.00776982407733752,
-0.00773122723000089,-0.00769263038266427,-0.00761543668799101,-0.00753824299331775,
-0.00738385560397124,-0.00730666190929798,-0.00722946821462473,-0.0071908713672881,
-0.00715227451995147,-0.00707508082527821,-0.00699788713060496,-0.0069206934359317,
-0.00684349974125844,-0.00676630604658519,-0.00668911235191193,-0.0066505155045753,
-0.00661191865723868,-0.00653472496256542,-0.00645753126789216,-0.00630314387854565,
-0.00622595018387239,-0.00618735333653577,-0.00614875648919914,-0.00611015964186251,
-0.00607156279452588,-0.00599436909985262,-0.00583998171050611,-0.00576278801583286,
-0.0056855943211596,-0.00560840062648634,-0.00553120693181309,-0.00545401323713983,
-0.00537681954246657,-0.00522243215312006,-0.0051452384584468,-0.00510664161111018,
-0.00506804476377355,-0.00502944791643692,-0.00499085106910029,-0.00491365737442703,
-0.00483646367975378,-0.00475926998508052,-0.00468207629040726,-0.00460488259573401,
-0.00452768890106075,-0.0044504952063875,-0.00429610781704098,-0.00414172042769447,
-0.00398733303834796,-0.00383294564900144,-0.00375575195432819,-0.00367855825965493,
-0.0036399614123183,-0.00360136456498168,-0.00356276771764505,-0.00352417087030842,
-0.00344697717563516,-0.00336978348096191,-0.00329258978628865,-0.00321539609161539,
-0.00313820239694214,-0.00309960554960551,-0.00306100870226888,-0.00298381500759562,
-0.00290662131292237,-0.00275223392357585,-0.0026750402289026,-0.00259784653422934,
-0.00255924968689271,-0.00252065283955609,-0.00244345914488283,-0.00236626545020957,
-0.00228907175553632,-0.00221187806086306,-0.0021346843661898,-0.00209608751885317,
-0.00205749067151655,-0.00201889382417992,-0.00198029697684329,-0.00190310328217003,
-0.00182590958749678,-0.00167152219815026,-0.00159432850347701,-0.00151713480880375,
-0.0014399411141305,-0.00136274741945724,-0.00120836003011073,-0.00113116633543747,
-0.00105397264076421,-0.00101537579342759,-0.000976778946090957,-0.000938182098754329,
-0.000899585251417701,-0.000822391556744444,-0.000745197862071188,-0.000668004167397931,
-0.000590810472724675,-0.000513616778051418,-0.00047501993071479,-0.000436423083378162,
-0.000359229388704906,-0.000282035694031649,-0.000127648304685136,-5.045461001188E-5,
2.67390846613764E-5),.UNSPECIFIED.);
#13=(
BOUNDED_CURVE()
B_SPLINE_CURVE(2,(#6221,#6222,#6223),.UNSPECIFIED.,.F.,.F.)
B_SPLINE_CURVE_WITH_KNOTS((3,3),(0.359252081601329,0.829312538041426),
 .UNSPECIFIED.)
CURVE()
GEOMETRIC_REPRESENTATION_ITEM()
RATIONAL_B_SPLINE_CURVE((1.26784801626732,1.36717067806612,1.26784801626732))
REPRESENTATION_ITEM('')
);
#14=(
BOUNDED_CURVE()
B_SPLINE_CURVE(2,(#7748,#7749,#7750),.UNSPECIFIED.,.F.,.F.)
B_SPLINE_CURVE_WITH_KNOTS((3,3),(0.,0.775550958958098),.UNSPECIFIED.)
CURVE()
GEOMETRIC_REPRESENTATION_ITEM()
RATIONAL_B_SPLINE_CURVE((1.,1.14285714285714,1.))
REPRESENTATION_ITEM('')
);
#15=(
BOUNDED_CURVE()
B_SPLINE_CURVE(2,(#7754,#7755,#7756),.UNSPECIFIED.,.F.,.F.)
B_SPLINE_CURVE_WITH_KNOTS((3,3),(0.,0.583678131893133),.UNSPECIFIED.)
CURVE()
GEOMETRIC_REPRESENTATION_ITEM()
RATIONAL_B_SPLINE_CURVE((1.,1.07390574820356,1.))
REPRESENTATION_ITEM('')
);
#16=(
BOUNDED_CURVE()
B_SPLINE_CURVE(2,(#7763,#7764,#7765),.UNSPECIFIED.,.F.,.F.)
B_SPLINE_CURVE_WITH_KNOTS((3,3),(0.518878655536722,0.827795825100563),
 .UNSPECIFIED.)
CURVE()
GEOMETRIC_REPRESENTATION_ITEM()
RATIONAL_B_SPLINE_CURVE((1.15573770491803,1.15573770491803,1.10053679301787))
REPRESENTATION_ITEM('')
);
#17=(
BOUNDED_CURVE()
B_SPLINE_CURVE(2,(#7767,#7768,#7769),.UNSPECIFIED.,.F.,.F.)
B_SPLINE_CURVE_WITH_KNOTS((3,3),(0.209961485973213,0.518878655536722),
 .UNSPECIFIED.)
CURVE()
GEOMETRIC_REPRESENTATION_ITEM()
RATIONAL_B_SPLINE_CURVE((1.10053679301799,1.15573770491803,1.15573770491803))
REPRESENTATION_ITEM('')
);
#18=(
BOUNDED_CURVE()
B_SPLINE_CURVE(2,(#7794,#7795,#7796),.UNSPECIFIED.,.F.,.F.)
B_SPLINE_CURVE_WITH_KNOTS((3,3),(0.,0.583678131893133),.UNSPECIFIED.)
CURVE()
GEOMETRIC_REPRESENTATION_ITEM()
RATIONAL_B_SPLINE_CURVE((1.,1.07390574820356,1.))
REPRESENTATION_ITEM('')
);
#19=(
BOUNDED_CURVE()
B_SPLINE_CURVE(2,(#7797,#7798,#7799),.UNSPECIFIED.,.F.,.F.)
B_SPLINE_CURVE_WITH_KNOTS((3,3),(0.949440776316741,1.13086776656862),
 .UNSPECIFIED.)
CURVE()
GEOMETRIC_REPRESENTATION_ITEM()
RATIONAL_B_SPLINE_CURVE((1.58093236610522,1.53097307183,1.44070792236408))
REPRESENTATION_ITEM('')
);
#20=(
BOUNDED_CURVE()
B_SPLINE_CURVE(2,(#7801,#7802,#7803),.UNSPECIFIED.,.F.,.F.)
B_SPLINE_CURVE_WITH_KNOTS((3,3),(1.27971816361399,1.45478540726502),
 .UNSPECIFIED.)
CURVE()
GEOMETRIC_REPRESENTATION_ITEM()
RATIONAL_B_SPLINE_CURVE((1.48307095795826,1.33413809919101,1.13541629993161))
REPRESENTATION_ITEM('')
);
#21=(
BOUNDED_CURVE()
B_SPLINE_CURVE(2,(#7804,#7805,#7806),.UNSPECIFIED.,.F.,.F.)
B_SPLINE_CURVE_WITH_KNOTS((3,3),(0.057299246449845,0.232366490100873),
 .UNSPECIFIED.)
CURVE()
GEOMETRIC_REPRESENTATION_ITEM()
RATIONAL_B_SPLINE_CURVE((1.13541629993161,1.33413809919101,1.48307095795826))
REPRESENTATION_ITEM('')
);
#22=(
BOUNDED_CURVE()
B_SPLINE_CURVE(2,(#7808,#7809,#7810),.UNSPECIFIED.,.F.,.F.)
B_SPLINE_CURVE_WITH_KNOTS((3,3),(0.318254595863813,0.499681586115696),
 .UNSPECIFIED.)
CURVE()
GEOMETRIC_REPRESENTATION_ITEM()
RATIONAL_B_SPLINE_CURVE((1.44070792236408,1.53097307183,1.58093236610522))
REPRESENTATION_ITEM('')
);
#23=B_SPLINE_CURVE_WITH_KNOTS('',3,(#6214,#6215,#6216,#6217,#6218),
 .UNSPECIFIED.,.F.,.F.,(4,1,4),(0.00749120121339154,0.00866912721957897,
0.0098470532257664),.UNSPECIFIED.);
#24=B_SPLINE_CURVE_WITH_KNOTS('',3,(#6227,#6228,#6229,#6230,#6231),
 .UNSPECIFIED.,.F.,.F.,(4,1,4),(0.00466267257364876,0.00615529038844051,
0.00764790820323226),.UNSPECIFIED.);
#25=B_SPLINE_CURVE_WITH_KNOTS('',3,(#7051,#7052,#7053,#7054,#7055,#7056,
#7057,#7058,#7059,#7060,#7061,#7062,#7063,#7064,#7065,#7066,#7067,#7068,
#7069,#7070,#7071,#7072,#7073,#7074,#7075,#7076,#7077,#7078,#7079,#7080,
#7081,#7082,#7083,#7084,#7085,#7086,#7087,#7088,#7089,#7090,#7091,#7092,
#7093,#7094,#7095,#7096,#7097,#7098,#7099,#7100,#7101,#7102,#7103,#7104,
#7105,#7106,#7107,#7108,#7109,#7110,#7111,#7112,#7113,#7114,#7115,#7116,
#7117,#7118,#7119,#7120,#7121,#7122,#7123,#7124,#7125,#7126,#7127,#7128,
#7129,#7130,#7131,#7132,#7133,#7134,#7135,#7136,#7137,#7138,#7139,#7140,
#7141,#7142,#7143,#7144,#7145,#7146,#7147,#7148,#7149,#7150,#7151,#7152,
#7153,#7154,#7155,#7156,#7157,#7158,#7159,#7160,#7161,#7162,#7163,#7164,
#7165,#7166,#7167,#7168,#7169,#7170,#7171,#7172,#7173,#7174,#7175,#7176,
#7177,#7178,#7179,#7180,#7181,#7182,#7183,#7184,#7185,#7186,#7187,#7188,
#7189,#7190,#7191,#7192,#7193,#7194,#7195,#7196,#7197,#7198,#7199,#7200,
#7201,#7202,#7203,#7204,#7205,#7206,#7207,#7208,#7209,#7210,#7211,#7212,
#7213,#7214,#7215,#7216,#7217,#7218,#7219,#7220,#7221,#7222,#7223,#7224,
#7225,#7226,#7227,#7228,#7229,#7230,#7231,#7232,#7233,#7234,#7235,#7236,
#7237,#7238,#7239,#7240,#7241,#7242,#7243,#7244,#7245,#7246,#7247,#7248,
#7249,#7250,#7251,#7252,#7253,#7254,#7255,#7256,#7257,#7258,#7259,#7260,
#7261,#7262,#7263,#7264,#7265,#7266,#7267,#7268,#7269,#7270,#7271,#7272,
#7273,#7274,#7275,#7276,#7277,#7278,#7279,#7280,#7281,#7282,#7283,#7284,
#7285,#7286,#7287,#7288,#7289,#7290,#7291,#7292,#7293,#7294,#7295,#7296,
#7297,#7298,#7299,#7300,#7301,#7302,#7303,#7304,#7305,#7306,#7307,#7308,
#7309,#7310,#7311,#7312,#7313,#7314,#7315,#7316,#7317,#7318,#7319,#7320,
#7321,#7322,#7323,#7324,#7325,#7326,#7327,#7328,#7329,#7330,#7331,#7332,
#7333,#7334,#7335,#7336,#7337,#7338,#7339,#7340,#7341,#7342,#7343,#7344,
#7345,#7346,#7347,#7348,#7349,#7350,#7351,#7352,#7353,#7354,#7355,#7356,
#7357,#7358,#7359,#7360,#7361,#7362,#7363,#7364,#7365,#7366,#7367,#7368,
#7369,#7370,#7371,#7372,#7373,#7374,#7375,#7376,#7377,#7378,#7379,#7380,
#7381,#7382,#7383,#7384,#7385,#7386,#7387,#7388,#7389,#7390,#7391,#7392,
#7393,#7394,#7395,#7396,#7397,#7398,#7399,#7400,#7401,#7402,#7403,#7404,
#7405,#7406,#7407,#7408,#7409,#7410,#7411,#7412,#7413,#7414,#7415,#7416,
#7417,#7418,#7419,#7420,#7421,#7422,#7423,#7424,#7425,#7426,#7427,#7428,
#7429,#7430,#7431,#7432,#7433,#7434,#7435,#7436,#7437,#7438,#7439,#7440,
#7441,#7442,#7443,#7444,#7445,#7446,#7447,#7448,#7449,#7450,#7451,#7452,
#7453,#7454,#7455,#7456),.UNSPECIFIED.,.T.,.F.,(4,3,3,3,3,3,3,3,3,3,3,3,
3,3,3,3,3,3,3,3,3,3,3,3,3,3,3,3,3,3,3,3,3,3,3,3,3,3,3,3,3,3,3,3,3,3,3,3,
3,3,3,3,3,3,3,3,3,3,3,3,3,3,3,3,3,3,3,3,3,3,3,3,3,3,3,3,3,3,3,3,3,3,3,3,
3,3,3,3,3,3,3,3,3,3,3,3,3,3,3,3,3,3,3,3,3,3,3,3,3,3,3,3,3,3,3,3,3,3,3,3,
3,3,3,3,3,3,3,3,3,3,3,3,3,3,3,4),(-1.,-0.99609375,-0.9921875,-0.98828125,
-0.984375,-0.9765625,-0.96875,-0.9609375,-0.953125,-0.94921875,-0.9453125,
-0.94140625,-0.9375,-0.921875,-0.90625,-0.8984375,-0.89453125,-0.890625,
-0.88671875,-0.8828125,-0.875,-0.859375,-0.8515625,-0.84375,-0.8359375,
-0.828125,-0.8203125,-0.8125,-0.8046875,-0.796875,-0.7890625,-0.78515625,
-0.78125,-0.7734375,-0.765625,-0.75,-0.7421875,-0.734375,-0.73046875,-0.7265625,
-0.71875,-0.7109375,-0.703125,-0.6953125,-0.6875,-0.6796875,-0.67578125,
-0.671875,-0.6640625,-0.65625,-0.640625,-0.6328125,-0.62890625,-0.625,-0.62109375,
-0.6171875,-0.609375,-0.59375,-0.5859375,-0.578125,-0.5703125,-0.5625,-0.5546875,
-0.546875,-0.53125,-0.5234375,-0.51953125,-0.515625,-0.51171875,-0.5078125,
-0.5,-0.4921875,-0.484375,-0.4765625,-0.46875,-0.4609375,-0.453125,-0.4375,
-0.421875,-0.40625,-0.390625,-0.3828125,-0.375,-0.37109375,-0.3671875,-0.36328125,
-0.359375,-0.3515625,-0.34375,-0.3359375,-0.328125,-0.3203125,-0.31640625,
-0.3125,-0.3046875,-0.296875,-0.28125,-0.2734375,-0.265625,-0.26171875,
-0.2578125,-0.25,-0.2421875,-0.234375,-0.2265625,-0.21875,-0.21484375,-0.2109375,
-0.20703125,-0.203125,-0.1953125,-0.1875,-0.171875,-0.1640625,-0.15625,
-0.1484375,-0.140625,-0.125,-0.1171875,-0.109375,-0.10546875,-0.1015625,
-0.09765625,-0.09375,-0.0859375,-0.078125,-0.0703125,-0.0625,-0.0546875,
-0.05078125,-0.046875,-0.0390625,-0.03125,-0.015625,-0.0078125,0.),
 .UNSPECIFIED.);
#26=B_SPLINE_CURVE_WITH_KNOTS('',3,(#7458,#7459,#7460,#7461,#7462,#7463,
#7464,#7465,#7466,#7467,#7468,#7469,#7470,#7471,#7472,#7473,#7474,#7475,
#7476,#7477,#7478,#7479,#7480,#7481,#7482,#7483,#7484,#7485,#7486,#7487,
#7488,#7489,#7490,#7491,#7492,#7493,#7494,#7495,#7496,#7497,#7498,#7499,
#7500,#7501,#7502,#7503,#7504,#7505,#7506,#7507,#7508,#7509,#7510,#7511,
#7512,#7513,#7514,#7515,#7516,#7517,#7518,#7519,#7520,#7521,#7522,#7523,
#7524,#7525,#7526,#7527,#7528,#7529,#7530,#7531,#7532,#7533,#7534,#7535,
#7536,#7537,#7538,#7539,#7540,#7541,#7542,#7543,#7544,#7545,#7546,#7547,
#7548,#7549,#7550,#7551,#7552,#7553,#7554,#7555,#7556,#7557,#7558,#7559,
#7560,#7561,#7562,#7563,#7564,#7565,#7566,#7567,#7568,#7569,#7570,#7571,
#7572,#7573,#7574,#7575,#7576,#7577,#7578,#7579,#7580,#7581,#7582,#7583,
#7584,#7585,#7586,#7587,#7588,#7589),.UNSPECIFIED.,.F.,.F.,(4,2,2,2,2,2,
2,2,2,2,2,2,2,2,2,2,2,2,2,2,2,2,2,2,2,2,2,2,2,2,2,2,2,2,2,2,2,2,2,2,2,2,
2,2,2,2,2,2,2,2,2,2,2,2,2,2,2,2,2,2,2,2,2,2,2,4),(-1.,-0.9921875,-0.984375,
-0.96875,-0.9609375,-0.953125,-0.94921875,-0.9453125,-0.9375,-0.9296875,
-0.921875,-0.9140625,-0.90625,-0.90234375,-0.8984375,-0.89453125,-0.890625,
-0.8828125,-0.875,-0.859375,-0.8515625,-0.84375,-0.8359375,-0.828125,-0.8125,
-0.8046875,-0.796875,-0.79296875,-0.7890625,-0.78515625,-0.78125,-0.7734375,
-0.765625,-0.7578125,-0.75,-0.7421875,-0.73828125,-0.734375,-0.7265625,
-0.71875,-0.703125,-0.6953125,-0.6875,-0.68359375,-0.6796875,-0.671875,
-0.6640625,-0.65625,-0.6484375,-0.640625,-0.63671875,-0.6328125,-0.62890625,
-0.625,-0.6171875,-0.609375,-0.59375,-0.578125,-0.5625,-0.546875,-0.5390625,
-0.53125,-0.5234375,-0.515625,-0.5078125,-0.499986980184465),
 .UNSPECIFIED.);
#27=B_SPLINE_CURVE_WITH_KNOTS('',3,(#7592,#7593,#7594,#7595,#7596,#7597,
#7598,#7599,#7600,#7601,#7602,#7603,#7604,#7605,#7606,#7607,#7608,#7609,
#7610,#7611,#7612,#7613,#7614,#7615,#7616,#7617,#7618,#7619,#7620,#7621,
#7622,#7623,#7624,#7625,#7626,#7627,#7628,#7629,#7630,#7631,#7632,#7633,
#7634,#7635,#7636,#7637,#7638,#7639,#7640,#7641,#7642,#7643,#7644,#7645,
#7646,#7647,#7648,#7649,#7650,#7651,#7652,#7653,#7654,#7655,#7656,#7657,
#7658,#7659,#7660,#7661,#7662,#7663,#7664,#7665,#7666,#7667,#7668,#7669,
#7670,#7671,#7672,#7673,#7674,#7675,#7676,#7677,#7678,#7679,#7680,#7681,
#7682,#7683,#7684,#7685,#7686,#7687,#7688,#7689,#7690,#7691,#7692,#7693,
#7694,#7695,#7696,#7697,#7698,#7699,#7700,#7701,#7702,#7703,#7704,#7705,
#7706,#7707,#7708,#7709,#7710,#7711,#7712,#7713,#7714,#7715,#7716,#7717,
#7718,#7719,#7720,#7721,#7722,#7723,#7724,#7725,#7726,#7727,#7728,#7729,
#7730,#7731,#7732,#7733),.UNSPECIFIED.,.F.,.F.,(4,2,2,2,2,2,2,2,2,2,2,2,
2,2,2,2,2,2,2,2,2,2,2,2,2,2,2,2,2,2,2,2,2,2,2,2,2,2,2,2,2,2,2,2,2,2,2,2,
2,2,2,2,2,2,2,2,2,2,2,2,2,2,2,2,2,2,2,2,2,2,4),(-0.499986980184465,-0.4921875,
-0.48828125,-0.484375,-0.48046875,-0.4765625,-0.46875,-0.453125,-0.4453125,
-0.4375,-0.4296875,-0.421875,-0.4140625,-0.40625,-0.390625,-0.3828125,-0.37890625,
-0.375,-0.37109375,-0.3671875,-0.359375,-0.34375,-0.3359375,-0.328125,-0.32421875,
-0.3203125,-0.3125,-0.3046875,-0.296875,-0.2890625,-0.28125,-0.2734375,
-0.26953125,-0.265625,-0.2578125,-0.25,-0.234375,-0.2265625,-0.21875,-0.21484375,
-0.2109375,-0.203125,-0.1953125,-0.1875,-0.1796875,-0.171875,-0.1640625,
-0.15625,-0.1484375,-0.140625,-0.125,-0.1171875,-0.11328125,-0.109375,-0.10546875,
-0.1015625,-0.09375,-0.078125,-0.0625,-0.05859375,-0.0546875,-0.05078125,
-0.046875,-0.0390625,-0.03125,-0.0234375,-0.015625,-0.01171875,-0.0078125,
-0.00390625,0.),.UNSPECIFIED.);
#28=CONICAL_SURFACE('',#4162,0.00367418847672234,0.478094398198759);
#29=CONICAL_SURFACE('',#4164,0.00328709423836117,0.523598775598299);
#30=CONICAL_SURFACE('',#4179,0.0054,1.38080803887618);
#31=ELLIPSE('',#4151,0.00212195121951802,0.00145);
#32=ELLIPSE('',#4153,0.00212195121950636,0.00145);
#33=CYLINDRICAL_SURFACE('',#4149,0.00145);
#34=CYLINDRICAL_SURFACE('',#4167,0.00145);
#35=CYLINDRICAL_SURFACE('',#4170,0.008);
#36=CYLINDRICAL_SURFACE('',#4185,0.00367418847672234);
#37=CYLINDRICAL_SURFACE('',#4189,0.014);
#38=CYLINDRICAL_SURFACE('',#4194,0.00215);
#39=CYLINDRICAL_SURFACE('',#4198,0.00215);
#40=CYLINDRICAL_SURFACE('',#4199,0.014);
#41=CYLINDRICAL_SURFACE('',#4201,0.0002);
#42=CYLINDRICAL_SURFACE('',#4203,0.0002);
#43=CYLINDRICAL_SURFACE('',#4205,0.0002);
#44=CYLINDRICAL_SURFACE('',#4207,0.0002);
#45=CYLINDRICAL_SURFACE('',#4209,0.0002);
#46=CYLINDRICAL_SURFACE('',#4211,0.0002);
#47=CYLINDRICAL_SURFACE('',#4213,0.0002);
#48=CYLINDRICAL_SURFACE('',#4215,0.0002);
#49=CYLINDRICAL_SURFACE('',#4217,0.0002);
#50=CYLINDRICAL_SURFACE('',#4219,0.0002);
#51=CYLINDRICAL_SURFACE('',#4221,0.0002);
#52=CYLINDRICAL_SURFACE('',#4223,0.0002);
#53=CYLINDRICAL_SURFACE('',#4225,0.0002);
#54=CYLINDRICAL_SURFACE('',#4227,0.0002);
#55=CYLINDRICAL_SURFACE('',#4229,0.0002);
#56=CYLINDRICAL_SURFACE('',#4231,0.0002);
#57=CYLINDRICAL_SURFACE('',#4233,0.0002);
#58=CYLINDRICAL_SURFACE('',#4235,0.0002);
#59=CYLINDRICAL_SURFACE('',#4237,0.0002);
#60=CYLINDRICAL_SURFACE('',#4239,0.0002);
#61=CYLINDRICAL_SURFACE('',#4241,0.0002);
#62=CYLINDRICAL_SURFACE('',#4243,0.0002);
#63=CYLINDRICAL_SURFACE('',#4245,0.0002);
#64=CYLINDRICAL_SURFACE('',#4247,0.0002);
#65=CYLINDRICAL_SURFACE('',#4249,0.0002);
#66=CYLINDRICAL_SURFACE('',#4251,0.000199999999999997);
#67=CYLINDRICAL_SURFACE('',#4253,0.0002);
#68=CYLINDRICAL_SURFACE('',#4255,0.0002);
#69=CYLINDRICAL_SURFACE('',#4257,0.0002);
#70=CYLINDRICAL_SURFACE('',#4259,0.0002);
#71=CYLINDRICAL_SURFACE('',#4261,0.0002);
#72=CYLINDRICAL_SURFACE('',#4263,0.0002);
#73=CYLINDRICAL_SURFACE('',#4265,0.0002);
#74=CYLINDRICAL_SURFACE('',#4267,0.000199999999999997);
#75=CYLINDRICAL_SURFACE('',#4269,0.0002);
#76=CYLINDRICAL_SURFACE('',#4271,0.0002);
#77=CYLINDRICAL_SURFACE('',#4273,0.0002);
#78=CYLINDRICAL_SURFACE('',#4275,0.0002);
#79=CYLINDRICAL_SURFACE('',#4277,0.0002);
#80=CYLINDRICAL_SURFACE('',#4279,0.0002);
#81=CYLINDRICAL_SURFACE('',#4281,0.0002);
#82=CYLINDRICAL_SURFACE('',#4283,0.0002);
#83=CYLINDRICAL_SURFACE('',#4285,0.0002);
#84=CYLINDRICAL_SURFACE('',#4287,0.0002);
#85=CYLINDRICAL_SURFACE('',#4289,0.0002);
#86=CYLINDRICAL_SURFACE('',#4291,0.0002);
#87=CYLINDRICAL_SURFACE('',#4293,0.0002);
#88=CYLINDRICAL_SURFACE('',#4295,0.0002);
#89=CYLINDRICAL_SURFACE('',#4297,0.0002);
#90=CYLINDRICAL_SURFACE('',#4299,0.0002);
#91=CYLINDRICAL_SURFACE('',#4301,0.0002);
#92=CYLINDRICAL_SURFACE('',#4303,0.0002);
#93=CYLINDRICAL_SURFACE('',#4305,0.0002);
#94=CYLINDRICAL_SURFACE('',#4307,0.0002);
#95=CYLINDRICAL_SURFACE('',#4309,0.0002);
#96=CYLINDRICAL_SURFACE('',#4311,0.0002);
#97=CYLINDRICAL_SURFACE('',#4313,0.0002);
#98=CYLINDRICAL_SURFACE('',#4315,0.0002);
#99=CYLINDRICAL_SURFACE('',#4317,0.0002);
#100=CYLINDRICAL_SURFACE('',#4319,0.0002);
#101=CYLINDRICAL_SURFACE('',#4321,0.0002);
#102=CYLINDRICAL_SURFACE('',#4323,0.0002);
#103=CYLINDRICAL_SURFACE('',#4325,0.0002);
#104=CYLINDRICAL_SURFACE('',#4327,0.0002);
#105=CYLINDRICAL_SURFACE('',#4329,0.0002);
#106=CYLINDRICAL_SURFACE('',#4331,0.000199999999999997);
#107=CYLINDRICAL_SURFACE('',#4333,0.0002);
#108=CYLINDRICAL_SURFACE('',#4335,0.0002);
#109=CYLINDRICAL_SURFACE('',#4337,0.0002);
#110=CYLINDRICAL_SURFACE('',#4339,0.0002);
#111=CYLINDRICAL_SURFACE('',#4341,0.0002);
#112=CYLINDRICAL_SURFACE('',#4343,0.0002);
#113=CYLINDRICAL_SURFACE('',#4345,0.0002);
#114=CYLINDRICAL_SURFACE('',#4347,0.0002);
#115=CYLINDRICAL_SURFACE('',#4349,0.0002);
#116=CYLINDRICAL_SURFACE('',#4351,0.0002);
#117=CYLINDRICAL_SURFACE('',#4352,0.0002);
#118=CYLINDRICAL_SURFACE('',#4354,0.0002);
#119=CYLINDRICAL_SURFACE('',#4356,0.0002);
#120=CYLINDRICAL_SURFACE('',#4358,0.0002);
#121=CIRCLE('',#3981,0.00215);
#122=CIRCLE('',#3982,0.00215);
#123=CIRCLE('',#3983,0.0002);
#124=CIRCLE('',#3984,0.0002);
#125=CIRCLE('',#3985,0.0002);
#126=CIRCLE('',#3986,0.0002);
#127=CIRCLE('',#3987,0.0002);
#128=CIRCLE('',#3988,0.0002);
#129=CIRCLE('',#3989,0.0002);
#130=CIRCLE('',#3990,0.0002);
#131=CIRCLE('',#3991,0.0002);
#132=CIRCLE('',#3992,0.0002);
#133=CIRCLE('',#3993,0.0002);
#134=CIRCLE('',#3994,0.0002);
#135=CIRCLE('',#3995,0.0002);
#136=CIRCLE('',#3996,0.0002);
#137=CIRCLE('',#3997,0.0002);
#138=CIRCLE('',#3998,0.0002);
#139=CIRCLE('',#3999,0.0002);
#140=CIRCLE('',#4000,0.0002);
#141=CIRCLE('',#4001,0.0002);
#142=CIRCLE('',#4002,0.0002);
#143=CIRCLE('',#4003,0.0002);
#144=CIRCLE('',#4004,0.0002);
#145=CIRCLE('',#4005,0.0002);
#146=CIRCLE('',#4006,0.0002);
#147=CIRCLE('',#4007,0.0002);
#148=CIRCLE('',#4008,0.0002);
#149=CIRCLE('',#4009,0.000199999999999997);
#150=CIRCLE('',#4010,0.0002);
#151=CIRCLE('',#4011,0.0002);
#152=CIRCLE('',#4012,0.0002);
#153=CIRCLE('',#4013,0.0002);
#154=CIRCLE('',#4014,0.0002);
#155=CIRCLE('',#4015,0.0002);
#156=CIRCLE('',#4016,0.0002);
#157=CIRCLE('',#4017,0.000199999999999997);
#158=CIRCLE('',#4018,0.0002);
#159=CIRCLE('',#4019,0.0002);
#160=CIRCLE('',#4020,0.0002);
#161=CIRCLE('',#4021,0.0002);
#162=CIRCLE('',#4022,0.0002);
#163=CIRCLE('',#4023,0.0002);
#164=CIRCLE('',#4024,0.0002);
#165=CIRCLE('',#4025,0.0002);
#166=CIRCLE('',#4026,0.0002);
#167=CIRCLE('',#4027,0.0002);
#168=CIRCLE('',#4028,0.0002);
#169=CIRCLE('',#4029,0.0002);
#170=CIRCLE('',#4030,0.0002);
#171=CIRCLE('',#4031,0.0002);
#172=CIRCLE('',#4032,0.0002);
#173=CIRCLE('',#4033,0.0002);
#174=CIRCLE('',#4034,0.0002);
#175=CIRCLE('',#4035,0.0002);
#176=CIRCLE('',#4036,0.0002);
#177=CIRCLE('',#4037,0.0002);
#178=CIRCLE('',#4038,0.0002);
#179=CIRCLE('',#4039,0.0002);
#180=CIRCLE('',#4040,0.0002);
#181=CIRCLE('',#4041,0.0002);
#182=CIRCLE('',#4042,0.0002);
#183=CIRCLE('',#4043,0.0002);
#184=CIRCLE('',#4044,0.0002);
#185=CIRCLE('',#4045,0.0002);
#186=CIRCLE('',#4046,0.0002);
#187=CIRCLE('',#4047,0.0002);
#188=CIRCLE('',#4048,0.0002);
#189=CIRCLE('',#4049,0.000199999999999997);
#190=CIRCLE('',#4050,0.0002);
#191=CIRCLE('',#4051,0.0002);
#192=CIRCLE('',#4052,0.0002);
#193=CIRCLE('',#4053,0.0002);
#194=CIRCLE('',#4054,0.0002);
#195=CIRCLE('',#4055,0.0002);
#196=CIRCLE('',#4056,0.0002);
#197=CIRCLE('',#4057,0.0002);
#198=CIRCLE('',#4058,0.0002);
#199=CIRCLE('',#4059,0.0002);
#200=CIRCLE('',#4060,0.0002);
#201=CIRCLE('',#4061,0.0002);
#202=CIRCLE('',#4062,0.0002);
#203=CIRCLE('',#4063,0.014);
#204=CIRCLE('',#4064,0.014);
#205=CIRCLE('',#4066,0.0002);
#206=CIRCLE('',#4067,0.0002);
#207=CIRCLE('',#4068,0.0002);
#208=CIRCLE('',#4069,0.0002);
#209=CIRCLE('',#4070,0.0002);
#210=CIRCLE('',#4071,0.0002);
#211=CIRCLE('',#4072,0.000199999999999997);
#212=CIRCLE('',#4073,0.0002);
#213=CIRCLE('',#4074,0.0002);
#214=CIRCLE('',#4075,0.0002);
#215=CIRCLE('',#4076,0.0002);
#216=CIRCLE('',#4077,0.0002);
#217=CIRCLE('',#4078,0.0002);
#218=CIRCLE('',#4079,0.0002);
#219=CIRCLE('',#4080,0.0002);
#220=CIRCLE('',#4081,0.0002);
#221=CIRCLE('',#4082,0.0002);
#222=CIRCLE('',#4083,0.0002);
#223=CIRCLE('',#4084,0.0002);
#224=CIRCLE('',#4085,0.0002);
#225=CIRCLE('',#4086,0.0002);
#226=CIRCLE('',#4087,0.0002);
#227=CIRCLE('',#4088,0.000199999999999997);
#228=CIRCLE('',#4089,0.0002);
#229=CIRCLE('',#4090,0.0002);
#230=CIRCLE('',#4091,0.0002);
#231=CIRCLE('',#4092,0.000199999999999997);
#232=CIRCLE('',#4093,0.0002);
#233=CIRCLE('',#4094,0.0002);
#234=CIRCLE('',#4095,0.0002);
#235=CIRCLE('',#4096,0.0002);
#236=CIRCLE('',#4097,0.0002);
#237=CIRCLE('',#4098,0.0002);
#238=CIRCLE('',#4099,0.0002);
#239=CIRCLE('',#4100,0.0002);
#240=CIRCLE('',#4101,0.0002);
#241=CIRCLE('',#4102,0.0002);
#242=CIRCLE('',#4103,0.0002);
#243=CIRCLE('',#4104,0.0002);
#244=CIRCLE('',#4105,0.0002);
#245=CIRCLE('',#4106,0.014);
#246=CIRCLE('',#4107,0.014);
#247=CIRCLE('',#4108,0.008);
#248=CIRCLE('',#4109,0.0002);
#249=CIRCLE('',#4110,0.0002);
#250=CIRCLE('',#4111,0.0002);
#251=CIRCLE('',#4112,0.0002);
#252=CIRCLE('',#4113,0.0002);
#253=CIRCLE('',#4114,0.0002);
#254=CIRCLE('',#4115,0.0002);
#255=CIRCLE('',#4116,0.0002);
#256=CIRCLE('',#4117,0.0002);
#257=CIRCLE('',#4118,0.0002);
#258=CIRCLE('',#4119,0.0002);
#259=CIRCLE('',#4120,0.0002);
#260=CIRCLE('',#4121,0.0002);
#261=CIRCLE('',#4122,0.0002);
#262=CIRCLE('',#4123,0.0002);
#263=CIRCLE('',#4124,0.0002);
#264=CIRCLE('',#4125,0.0002);
#265=CIRCLE('',#4126,0.0002);
#266=CIRCLE('',#4127,0.0002);
#267=CIRCLE('',#4128,0.0002);
#268=CIRCLE('',#4129,0.0002);
#269=CIRCLE('',#4130,0.0002);
#270=CIRCLE('',#4131,0.0002);
#271=CIRCLE('',#4132,0.0002);
#272=CIRCLE('',#4133,0.0002);
#273=CIRCLE('',#4134,0.0002);
#274=CIRCLE('',#4135,0.0002);
#275=CIRCLE('',#4136,0.0002);
#276=CIRCLE('',#4137,0.0002);
#277=CIRCLE('',#4138,0.0002);
#278=CIRCLE('',#4139,0.0002);
#279=CIRCLE('',#4140,0.0002);
#280=CIRCLE('',#4141,0.0002);
#281=CIRCLE('',#4142,0.0002);
#282=CIRCLE('',#4143,0.0002);
#283=CIRCLE('',#4144,0.0002);
#284=CIRCLE('',#4145,0.0002);
#285=CIRCLE('',#4146,0.0002);
#286=CIRCLE('',#4147,0.0002);
#287=CIRCLE('',#4148,0.0002);
#288=CIRCLE('',#4150,0.00145);
#289=CIRCLE('',#4152,0.00145);
#290=CIRCLE('',#4154,0.00145);
#291=CIRCLE('',#4156,0.0028);
#292=CIRCLE('',#4157,0.00215);
#293=CIRCLE('',#4158,0.00215);
#294=CIRCLE('',#4160,0.00367418847672234);
#295=CIRCLE('',#4161,0.00367418847672234);
#296=CIRCLE('',#4163,0.00367418847672234);
#297=CIRCLE('',#4165,0.00377418847672234);
#298=CIRCLE('',#4166,0.00367418847672234);
#299=CIRCLE('',#4168,0.00145);
#300=CIRCLE('',#4169,0.00145);
#301=CIRCLE('',#4171,0.008);
#302=ORIENTED_EDGE('',*,*,#1452,.F.);
#303=ORIENTED_EDGE('',*,*,#1453,.T.);
#304=ORIENTED_EDGE('',*,*,#1454,.F.);
#305=ORIENTED_EDGE('',*,*,#1455,.F.);
#306=ORIENTED_EDGE('',*,*,#1456,.F.);
#307=ORIENTED_EDGE('',*,*,#1457,.T.);
#308=ORIENTED_EDGE('',*,*,#1458,.F.);
#309=ORIENTED_EDGE('',*,*,#1459,.F.);
#310=ORIENTED_EDGE('',*,*,#1460,.T.);
#311=ORIENTED_EDGE('',*,*,#1461,.F.);
#312=ORIENTED_EDGE('',*,*,#1462,.T.);
#313=ORIENTED_EDGE('',*,*,#1463,.F.);
#314=ORIENTED_EDGE('',*,*,#1464,.F.);
#315=ORIENTED_EDGE('',*,*,#1465,.F.);
#316=ORIENTED_EDGE('',*,*,#1466,.F.);
#317=ORIENTED_EDGE('',*,*,#1467,.F.);
#318=ORIENTED_EDGE('',*,*,#1468,.T.);
#319=ORIENTED_EDGE('',*,*,#1469,.F.);
#320=ORIENTED_EDGE('',*,*,#1470,.T.);
#321=ORIENTED_EDGE('',*,*,#1471,.F.);
#322=ORIENTED_EDGE('',*,*,#1472,.F.);
#323=ORIENTED_EDGE('',*,*,#1473,.F.);
#324=ORIENTED_EDGE('',*,*,#1474,.F.);
#325=ORIENTED_EDGE('',*,*,#1475,.F.);
#326=ORIENTED_EDGE('',*,*,#1476,.T.);
#327=ORIENTED_EDGE('',*,*,#1477,.F.);
#328=ORIENTED_EDGE('',*,*,#1478,.T.);
#329=ORIENTED_EDGE('',*,*,#1479,.F.);
#330=ORIENTED_EDGE('',*,*,#1480,.F.);
#331=ORIENTED_EDGE('',*,*,#1481,.F.);
#332=ORIENTED_EDGE('',*,*,#1482,.F.);
#333=ORIENTED_EDGE('',*,*,#1483,.F.);
#334=ORIENTED_EDGE('',*,*,#1484,.T.);
#335=ORIENTED_EDGE('',*,*,#1485,.F.);
#336=ORIENTED_EDGE('',*,*,#1486,.T.);
#337=ORIENTED_EDGE('',*,*,#1487,.F.);
#338=ORIENTED_EDGE('',*,*,#1488,.F.);
#339=ORIENTED_EDGE('',*,*,#1489,.F.);
#340=ORIENTED_EDGE('',*,*,#1490,.F.);
#341=ORIENTED_EDGE('',*,*,#1491,.F.);
#342=ORIENTED_EDGE('',*,*,#1492,.T.);
#343=ORIENTED_EDGE('',*,*,#1493,.F.);
#344=ORIENTED_EDGE('',*,*,#1494,.T.);
#345=ORIENTED_EDGE('',*,*,#1495,.F.);
#346=ORIENTED_EDGE('',*,*,#1496,.F.);
#347=ORIENTED_EDGE('',*,*,#1497,.F.);
#348=ORIENTED_EDGE('',*,*,#1498,.F.);
#349=ORIENTED_EDGE('',*,*,#1499,.F.);
#350=ORIENTED_EDGE('',*,*,#1500,.T.);
#351=ORIENTED_EDGE('',*,*,#1501,.F.);
#352=ORIENTED_EDGE('',*,*,#1502,.T.);
#353=ORIENTED_EDGE('',*,*,#1503,.F.);
#354=ORIENTED_EDGE('',*,*,#1504,.F.);
#355=ORIENTED_EDGE('',*,*,#1505,.F.);
#356=ORIENTED_EDGE('',*,*,#1506,.F.);
#357=ORIENTED_EDGE('',*,*,#1507,.F.);
#358=ORIENTED_EDGE('',*,*,#1508,.T.);
#359=ORIENTED_EDGE('',*,*,#1509,.F.);
#360=ORIENTED_EDGE('',*,*,#1510,.T.);
#361=ORIENTED_EDGE('',*,*,#1511,.F.);
#362=ORIENTED_EDGE('',*,*,#1512,.F.);
#363=ORIENTED_EDGE('',*,*,#1513,.F.);
#364=ORIENTED_EDGE('',*,*,#1514,.F.);
#365=ORIENTED_EDGE('',*,*,#1515,.F.);
#366=ORIENTED_EDGE('',*,*,#1516,.T.);
#367=ORIENTED_EDGE('',*,*,#1517,.F.);
#368=ORIENTED_EDGE('',*,*,#1518,.T.);
#369=ORIENTED_EDGE('',*,*,#1519,.F.);
#370=ORIENTED_EDGE('',*,*,#1520,.F.);
#371=ORIENTED_EDGE('',*,*,#1521,.F.);
#372=ORIENTED_EDGE('',*,*,#1522,.F.);
#373=ORIENTED_EDGE('',*,*,#1523,.F.);
#374=ORIENTED_EDGE('',*,*,#1524,.T.);
#375=ORIENTED_EDGE('',*,*,#1525,.F.);
#376=ORIENTED_EDGE('',*,*,#1526,.T.);
#377=ORIENTED_EDGE('',*,*,#1527,.F.);
#378=ORIENTED_EDGE('',*,*,#1528,.F.);
#379=ORIENTED_EDGE('',*,*,#1529,.F.);
#380=ORIENTED_EDGE('',*,*,#1530,.F.);
#381=ORIENTED_EDGE('',*,*,#1531,.F.);
#382=ORIENTED_EDGE('',*,*,#1532,.T.);
#383=ORIENTED_EDGE('',*,*,#1533,.F.);
#384=ORIENTED_EDGE('',*,*,#1534,.T.);
#385=ORIENTED_EDGE('',*,*,#1535,.F.);
#386=ORIENTED_EDGE('',*,*,#1536,.F.);
#387=ORIENTED_EDGE('',*,*,#1537,.F.);
#388=ORIENTED_EDGE('',*,*,#1538,.F.);
#389=ORIENTED_EDGE('',*,*,#1539,.F.);
#390=ORIENTED_EDGE('',*,*,#1540,.T.);
#391=ORIENTED_EDGE('',*,*,#1541,.F.);
#392=ORIENTED_EDGE('',*,*,#1542,.T.);
#393=ORIENTED_EDGE('',*,*,#1543,.F.);
#394=ORIENTED_EDGE('',*,*,#1544,.F.);
#395=ORIENTED_EDGE('',*,*,#1545,.F.);
#396=ORIENTED_EDGE('',*,*,#1546,.F.);
#397=ORIENTED_EDGE('',*,*,#1547,.F.);
#398=ORIENTED_EDGE('',*,*,#1548,.T.);
#399=ORIENTED_EDGE('',*,*,#1549,.F.);
#400=ORIENTED_EDGE('',*,*,#1550,.T.);
#401=ORIENTED_EDGE('',*,*,#1551,.F.);
#402=ORIENTED_EDGE('',*,*,#1552,.F.);
#403=ORIENTED_EDGE('',*,*,#1553,.F.);
#404=ORIENTED_EDGE('',*,*,#1554,.F.);
#405=ORIENTED_EDGE('',*,*,#1555,.F.);
#406=ORIENTED_EDGE('',*,*,#1556,.T.);
#407=ORIENTED_EDGE('',*,*,#1557,.F.);
#408=ORIENTED_EDGE('',*,*,#1558,.T.);
#409=ORIENTED_EDGE('',*,*,#1559,.F.);
#410=ORIENTED_EDGE('',*,*,#1560,.F.);
#411=ORIENTED_EDGE('',*,*,#1561,.F.);
#412=ORIENTED_EDGE('',*,*,#1562,.F.);
#413=ORIENTED_EDGE('',*,*,#1563,.F.);
#414=ORIENTED_EDGE('',*,*,#1564,.T.);
#415=ORIENTED_EDGE('',*,*,#1565,.F.);
#416=ORIENTED_EDGE('',*,*,#1566,.T.);
#417=ORIENTED_EDGE('',*,*,#1567,.F.);
#418=ORIENTED_EDGE('',*,*,#1568,.F.);
#419=ORIENTED_EDGE('',*,*,#1569,.F.);
#420=ORIENTED_EDGE('',*,*,#1570,.F.);
#421=ORIENTED_EDGE('',*,*,#1571,.F.);
#422=ORIENTED_EDGE('',*,*,#1572,.T.);
#423=ORIENTED_EDGE('',*,*,#1573,.F.);
#424=ORIENTED_EDGE('',*,*,#1574,.T.);
#425=ORIENTED_EDGE('',*,*,#1575,.F.);
#426=ORIENTED_EDGE('',*,*,#1576,.F.);
#427=ORIENTED_EDGE('',*,*,#1577,.F.);
#428=ORIENTED_EDGE('',*,*,#1578,.F.);
#429=ORIENTED_EDGE('',*,*,#1579,.F.);
#430=ORIENTED_EDGE('',*,*,#1580,.T.);
#431=ORIENTED_EDGE('',*,*,#1581,.F.);
#432=ORIENTED_EDGE('',*,*,#1582,.T.);
#433=ORIENTED_EDGE('',*,*,#1583,.F.);
#434=ORIENTED_EDGE('',*,*,#1584,.F.);
#435=ORIENTED_EDGE('',*,*,#1585,.F.);
#436=ORIENTED_EDGE('',*,*,#1586,.F.);
#437=ORIENTED_EDGE('',*,*,#1587,.F.);
#438=ORIENTED_EDGE('',*,*,#1588,.T.);
#439=ORIENTED_EDGE('',*,*,#1589,.F.);
#440=ORIENTED_EDGE('',*,*,#1590,.T.);
#441=ORIENTED_EDGE('',*,*,#1591,.F.);
#442=ORIENTED_EDGE('',*,*,#1592,.F.);
#443=ORIENTED_EDGE('',*,*,#1593,.F.);
#444=ORIENTED_EDGE('',*,*,#1594,.F.);
#445=ORIENTED_EDGE('',*,*,#1595,.F.);
#446=ORIENTED_EDGE('',*,*,#1596,.T.);
#447=ORIENTED_EDGE('',*,*,#1597,.F.);
#448=ORIENTED_EDGE('',*,*,#1598,.T.);
#449=ORIENTED_EDGE('',*,*,#1599,.F.);
#450=ORIENTED_EDGE('',*,*,#1600,.F.);
#451=ORIENTED_EDGE('',*,*,#1601,.F.);
#452=ORIENTED_EDGE('',*,*,#1602,.F.);
#453=ORIENTED_EDGE('',*,*,#1603,.F.);
#454=ORIENTED_EDGE('',*,*,#1604,.T.);
#455=ORIENTED_EDGE('',*,*,#1605,.F.);
#456=ORIENTED_EDGE('',*,*,#1606,.T.);
#457=ORIENTED_EDGE('',*,*,#1607,.F.);
#458=ORIENTED_EDGE('',*,*,#1608,.F.);
#459=ORIENTED_EDGE('',*,*,#1609,.F.);
#460=ORIENTED_EDGE('',*,*,#1610,.F.);
#461=ORIENTED_EDGE('',*,*,#1611,.F.);
#462=ORIENTED_EDGE('',*,*,#1612,.T.);
#463=ORIENTED_EDGE('',*,*,#1613,.F.);
#464=ORIENTED_EDGE('',*,*,#1614,.T.);
#465=ORIENTED_EDGE('',*,*,#1615,.F.);
#466=ORIENTED_EDGE('',*,*,#1616,.F.);
#467=ORIENTED_EDGE('',*,*,#1617,.F.);
#468=ORIENTED_EDGE('',*,*,#1618,.F.);
#469=ORIENTED_EDGE('',*,*,#1619,.F.);
#470=ORIENTED_EDGE('',*,*,#1620,.T.);
#471=ORIENTED_EDGE('',*,*,#1621,.T.);
#472=ORIENTED_EDGE('',*,*,#1622,.F.);
#473=ORIENTED_EDGE('',*,*,#1623,.T.);
#474=ORIENTED_EDGE('',*,*,#1624,.F.);
#475=ORIENTED_EDGE('',*,*,#1625,.F.);
#476=ORIENTED_EDGE('',*,*,#1626,.F.);
#477=ORIENTED_EDGE('',*,*,#1627,.F.);
#478=ORIENTED_EDGE('',*,*,#1628,.F.);
#479=ORIENTED_EDGE('',*,*,#1629,.T.);
#480=ORIENTED_EDGE('',*,*,#1630,.F.);
#481=ORIENTED_EDGE('',*,*,#1631,.T.);
#482=ORIENTED_EDGE('',*,*,#1632,.F.);
#483=ORIENTED_EDGE('',*,*,#1633,.F.);
#484=ORIENTED_EDGE('',*,*,#1634,.F.);
#485=ORIENTED_EDGE('',*,*,#1635,.F.);
#486=ORIENTED_EDGE('',*,*,#1636,.F.);
#487=ORIENTED_EDGE('',*,*,#1637,.T.);
#488=ORIENTED_EDGE('',*,*,#1638,.F.);
#489=ORIENTED_EDGE('',*,*,#1639,.T.);
#490=ORIENTED_EDGE('',*,*,#1640,.F.);
#491=ORIENTED_EDGE('',*,*,#1641,.F.);
#492=ORIENTED_EDGE('',*,*,#1642,.F.);
#493=ORIENTED_EDGE('',*,*,#1643,.F.);
#494=ORIENTED_EDGE('',*,*,#1644,.F.);
#495=ORIENTED_EDGE('',*,*,#1645,.T.);
#496=ORIENTED_EDGE('',*,*,#1646,.F.);
#497=ORIENTED_EDGE('',*,*,#1647,.T.);
#498=ORIENTED_EDGE('',*,*,#1648,.F.);
#499=ORIENTED_EDGE('',*,*,#1649,.F.);
#500=ORIENTED_EDGE('',*,*,#1650,.F.);
#501=ORIENTED_EDGE('',*,*,#1651,.F.);
#502=ORIENTED_EDGE('',*,*,#1652,.F.);
#503=ORIENTED_EDGE('',*,*,#1653,.T.);
#504=ORIENTED_EDGE('',*,*,#1654,.F.);
#505=ORIENTED_EDGE('',*,*,#1655,.T.);
#506=ORIENTED_EDGE('',*,*,#1656,.F.);
#507=ORIENTED_EDGE('',*,*,#1657,.F.);
#508=ORIENTED_EDGE('',*,*,#1658,.F.);
#509=ORIENTED_EDGE('',*,*,#1659,.F.);
#510=ORIENTED_EDGE('',*,*,#1660,.F.);
#511=ORIENTED_EDGE('',*,*,#1661,.T.);
#512=ORIENTED_EDGE('',*,*,#1662,.F.);
#513=ORIENTED_EDGE('',*,*,#1663,.T.);
#514=ORIENTED_EDGE('',*,*,#1664,.F.);
#515=ORIENTED_EDGE('',*,*,#1665,.F.);
#516=ORIENTED_EDGE('',*,*,#1666,.F.);
#517=ORIENTED_EDGE('',*,*,#1667,.F.);
#518=ORIENTED_EDGE('',*,*,#1668,.F.);
#519=ORIENTED_EDGE('',*,*,#1669,.T.);
#520=ORIENTED_EDGE('',*,*,#1670,.F.);
#521=ORIENTED_EDGE('',*,*,#1671,.T.);
#522=ORIENTED_EDGE('',*,*,#1672,.F.);
#523=ORIENTED_EDGE('',*,*,#1673,.F.);
#524=ORIENTED_EDGE('',*,*,#1674,.F.);
#525=ORIENTED_EDGE('',*,*,#1675,.F.);
#526=ORIENTED_EDGE('',*,*,#1676,.F.);
#527=ORIENTED_EDGE('',*,*,#1677,.T.);
#528=ORIENTED_EDGE('',*,*,#1678,.F.);
#529=ORIENTED_EDGE('',*,*,#1679,.T.);
#530=ORIENTED_EDGE('',*,*,#1680,.F.);
#531=ORIENTED_EDGE('',*,*,#1681,.F.);
#532=ORIENTED_EDGE('',*,*,#1682,.F.);
#533=ORIENTED_EDGE('',*,*,#1683,.F.);
#534=ORIENTED_EDGE('',*,*,#1684,.F.);
#535=ORIENTED_EDGE('',*,*,#1685,.T.);
#536=ORIENTED_EDGE('',*,*,#1686,.F.);
#537=ORIENTED_EDGE('',*,*,#1687,.T.);
#538=ORIENTED_EDGE('',*,*,#1688,.F.);
#539=ORIENTED_EDGE('',*,*,#1689,.F.);
#540=ORIENTED_EDGE('',*,*,#1690,.F.);
#541=ORIENTED_EDGE('',*,*,#1691,.F.);
#542=ORIENTED_EDGE('',*,*,#1692,.F.);
#543=ORIENTED_EDGE('',*,*,#1693,.T.);
#544=ORIENTED_EDGE('',*,*,#1694,.F.);
#545=ORIENTED_EDGE('',*,*,#1695,.T.);
#546=ORIENTED_EDGE('',*,*,#1696,.F.);
#547=ORIENTED_EDGE('',*,*,#1697,.F.);
#548=ORIENTED_EDGE('',*,*,#1698,.F.);
#549=ORIENTED_EDGE('',*,*,#1699,.F.);
#550=ORIENTED_EDGE('',*,*,#1700,.F.);
#551=ORIENTED_EDGE('',*,*,#1701,.T.);
#552=ORIENTED_EDGE('',*,*,#1702,.F.);
#553=ORIENTED_EDGE('',*,*,#1703,.T.);
#554=ORIENTED_EDGE('',*,*,#1704,.F.);
#555=ORIENTED_EDGE('',*,*,#1705,.F.);
#556=ORIENTED_EDGE('',*,*,#1706,.F.);
#557=ORIENTED_EDGE('',*,*,#1707,.F.);
#558=ORIENTED_EDGE('',*,*,#1708,.F.);
#559=ORIENTED_EDGE('',*,*,#1709,.T.);
#560=ORIENTED_EDGE('',*,*,#1710,.F.);
#561=ORIENTED_EDGE('',*,*,#1711,.F.);
#562=ORIENTED_EDGE('',*,*,#1712,.F.);
#563=ORIENTED_EDGE('',*,*,#1713,.F.);
#564=ORIENTED_EDGE('',*,*,#1714,.F.);
#565=ORIENTED_EDGE('',*,*,#1715,.T.);
#566=ORIENTED_EDGE('',*,*,#1716,.F.);
#567=ORIENTED_EDGE('',*,*,#1717,.T.);
#568=ORIENTED_EDGE('',*,*,#1718,.F.);
#569=ORIENTED_EDGE('',*,*,#1719,.F.);
#570=ORIENTED_EDGE('',*,*,#1720,.F.);
#571=ORIENTED_EDGE('',*,*,#1721,.F.);
#572=ORIENTED_EDGE('',*,*,#1722,.F.);
#573=ORIENTED_EDGE('',*,*,#1723,.T.);
#574=ORIENTED_EDGE('',*,*,#1724,.F.);
#575=ORIENTED_EDGE('',*,*,#1725,.T.);
#576=ORIENTED_EDGE('',*,*,#1726,.F.);
#577=ORIENTED_EDGE('',*,*,#1727,.F.);
#578=ORIENTED_EDGE('',*,*,#1728,.F.);
#579=ORIENTED_EDGE('',*,*,#1729,.F.);
#580=ORIENTED_EDGE('',*,*,#1730,.F.);
#581=ORIENTED_EDGE('',*,*,#1731,.T.);
#582=ORIENTED_EDGE('',*,*,#1732,.F.);
#583=ORIENTED_EDGE('',*,*,#1733,.T.);
#584=ORIENTED_EDGE('',*,*,#1734,.F.);
#585=ORIENTED_EDGE('',*,*,#1735,.F.);
#586=ORIENTED_EDGE('',*,*,#1736,.F.);
#587=ORIENTED_EDGE('',*,*,#1737,.F.);
#588=ORIENTED_EDGE('',*,*,#1738,.F.);
#589=ORIENTED_EDGE('',*,*,#1739,.T.);
#590=ORIENTED_EDGE('',*,*,#1740,.F.);
#591=ORIENTED_EDGE('',*,*,#1741,.T.);
#592=ORIENTED_EDGE('',*,*,#1742,.F.);
#593=ORIENTED_EDGE('',*,*,#1743,.F.);
#594=ORIENTED_EDGE('',*,*,#1744,.F.);
#595=ORIENTED_EDGE('',*,*,#1745,.F.);
#596=ORIENTED_EDGE('',*,*,#1746,.F.);
#597=ORIENTED_EDGE('',*,*,#1747,.T.);
#598=ORIENTED_EDGE('',*,*,#1748,.F.);
#599=ORIENTED_EDGE('',*,*,#1749,.T.);
#600=ORIENTED_EDGE('',*,*,#1750,.F.);
#601=ORIENTED_EDGE('',*,*,#1751,.F.);
#602=ORIENTED_EDGE('',*,*,#1752,.F.);
#603=ORIENTED_EDGE('',*,*,#1753,.F.);
#604=ORIENTED_EDGE('',*,*,#1754,.F.);
#605=ORIENTED_EDGE('',*,*,#1755,.T.);
#606=ORIENTED_EDGE('',*,*,#1756,.F.);
#607=ORIENTED_EDGE('',*,*,#1757,.T.);
#608=ORIENTED_EDGE('',*,*,#1758,.F.);
#609=ORIENTED_EDGE('',*,*,#1759,.F.);
#610=ORIENTED_EDGE('',*,*,#1760,.F.);
#611=ORIENTED_EDGE('',*,*,#1761,.F.);
#612=ORIENTED_EDGE('',*,*,#1762,.F.);
#613=ORIENTED_EDGE('',*,*,#1763,.T.);
#614=ORIENTED_EDGE('',*,*,#1764,.F.);
#615=ORIENTED_EDGE('',*,*,#1765,.T.);
#616=ORIENTED_EDGE('',*,*,#1766,.F.);
#617=ORIENTED_EDGE('',*,*,#1767,.F.);
#618=ORIENTED_EDGE('',*,*,#1768,.F.);
#619=ORIENTED_EDGE('',*,*,#1769,.F.);
#620=ORIENTED_EDGE('',*,*,#1770,.F.);
#621=ORIENTED_EDGE('',*,*,#1771,.T.);
#622=ORIENTED_EDGE('',*,*,#1772,.F.);
#623=ORIENTED_EDGE('',*,*,#1773,.T.);
#624=ORIENTED_EDGE('',*,*,#1774,.F.);
#625=ORIENTED_EDGE('',*,*,#1775,.F.);
#626=ORIENTED_EDGE('',*,*,#1776,.F.);
#627=ORIENTED_EDGE('',*,*,#1777,.F.);
#628=ORIENTED_EDGE('',*,*,#1778,.F.);
#629=ORIENTED_EDGE('',*,*,#1779,.T.);
#630=ORIENTED_EDGE('',*,*,#1780,.F.);
#631=ORIENTED_EDGE('',*,*,#1781,.T.);
#632=ORIENTED_EDGE('',*,*,#1782,.F.);
#633=ORIENTED_EDGE('',*,*,#1783,.F.);
#634=ORIENTED_EDGE('',*,*,#1784,.F.);
#635=ORIENTED_EDGE('',*,*,#1785,.F.);
#636=ORIENTED_EDGE('',*,*,#1786,.F.);
#637=ORIENTED_EDGE('',*,*,#1787,.T.);
#638=ORIENTED_EDGE('',*,*,#1788,.F.);
#639=ORIENTED_EDGE('',*,*,#1789,.T.);
#640=ORIENTED_EDGE('',*,*,#1790,.T.);
#641=ORIENTED_EDGE('',*,*,#1791,.T.);
#642=ORIENTED_EDGE('',*,*,#1792,.T.);
#643=ORIENTED_EDGE('',*,*,#1793,.F.);
#644=ORIENTED_EDGE('',*,*,#1794,.F.);
#645=ORIENTED_EDGE('',*,*,#1795,.F.);
#646=ORIENTED_EDGE('',*,*,#1796,.T.);
#647=ORIENTED_EDGE('',*,*,#1797,.F.);
#648=ORIENTED_EDGE('',*,*,#1798,.F.);
#649=ORIENTED_EDGE('',*,*,#1799,.F.);
#650=ORIENTED_EDGE('',*,*,#1800,.T.);
#651=ORIENTED_EDGE('',*,*,#1801,.F.);
#652=ORIENTED_EDGE('',*,*,#1802,.T.);
#653=ORIENTED_EDGE('',*,*,#1803,.F.);
#654=ORIENTED_EDGE('',*,*,#1804,.T.);
#655=ORIENTED_EDGE('',*,*,#1805,.F.);
#656=ORIENTED_EDGE('',*,*,#1793,.T.);
#657=ORIENTED_EDGE('',*,*,#1806,.T.);
#658=ORIENTED_EDGE('',*,*,#1804,.F.);
#659=ORIENTED_EDGE('',*,*,#1807,.F.);
#660=ORIENTED_EDGE('',*,*,#1802,.F.);
#661=ORIENTED_EDGE('',*,*,#1808,.F.);
#662=ORIENTED_EDGE('',*,*,#1809,.F.);
#663=ORIENTED_EDGE('',*,*,#1810,.F.);
#664=ORIENTED_EDGE('',*,*,#1811,.F.);
#665=ORIENTED_EDGE('',*,*,#1812,.T.);
#666=ORIENTED_EDGE('',*,*,#1813,.T.);
#667=ORIENTED_EDGE('',*,*,#1814,.T.);
#668=ORIENTED_EDGE('',*,*,#1815,.F.);
#669=ORIENTED_EDGE('',*,*,#1816,.F.);
#670=ORIENTED_EDGE('',*,*,#1814,.F.);
#671=ORIENTED_EDGE('',*,*,#1813,.F.);
#672=ORIENTED_EDGE('',*,*,#1812,.F.);
#673=ORIENTED_EDGE('',*,*,#1817,.F.);
#674=ORIENTED_EDGE('',*,*,#1818,.T.);
#675=ORIENTED_EDGE('',*,*,#1819,.F.);
#676=ORIENTED_EDGE('',*,*,#1706,.T.);
#677=ORIENTED_EDGE('',*,*,#1820,.T.);
#678=ORIENTED_EDGE('',*,*,#1821,.T.);
#679=ORIENTED_EDGE('',*,*,#1822,.T.);
#680=ORIENTED_EDGE('',*,*,#1704,.T.);
#681=ORIENTED_EDGE('',*,*,#1819,.T.);
#682=ORIENTED_EDGE('',*,*,#1823,.T.);
#683=ORIENTED_EDGE('',*,*,#1820,.F.);
#684=ORIENTED_EDGE('',*,*,#1707,.T.);
#685=ORIENTED_EDGE('',*,*,#1824,.F.);
#686=ORIENTED_EDGE('',*,*,#1825,.T.);
#687=ORIENTED_EDGE('',*,*,#1826,.F.);
#688=ORIENTED_EDGE('',*,*,#1827,.F.);
#689=ORIENTED_EDGE('',*,*,#1828,.F.);
#690=ORIENTED_EDGE('',*,*,#1829,.F.);
#691=ORIENTED_EDGE('',*,*,#1815,.T.);
#692=ORIENTED_EDGE('',*,*,#1830,.F.);
#693=ORIENTED_EDGE('',*,*,#1831,.F.);
#694=ORIENTED_EDGE('',*,*,#1832,.T.);
#695=ORIENTED_EDGE('',*,*,#1833,.T.);
#696=ORIENTED_EDGE('',*,*,#1834,.T.);
#697=ORIENTED_EDGE('',*,*,#1829,.T.);
#698=ORIENTED_EDGE('',*,*,#1835,.F.);
#699=ORIENTED_EDGE('',*,*,#1824,.T.);
#700=ORIENTED_EDGE('',*,*,#1836,.T.);
#701=ORIENTED_EDGE('',*,*,#1830,.T.);
#702=ORIENTED_EDGE('',*,*,#1837,.T.);
#703=ORIENTED_EDGE('',*,*,#1838,.F.);
#704=ORIENTED_EDGE('',*,*,#1839,.F.);
#705=ORIENTED_EDGE('',*,*,#1837,.F.);
#706=ORIENTED_EDGE('',*,*,#1816,.T.);
#707=ORIENTED_EDGE('',*,*,#1834,.F.);
#708=ORIENTED_EDGE('',*,*,#1840,.F.);
#709=ORIENTED_EDGE('',*,*,#1821,.F.);
#710=ORIENTED_EDGE('',*,*,#1823,.F.);
#711=ORIENTED_EDGE('',*,*,#1818,.F.);
#712=ORIENTED_EDGE('',*,*,#1809,.T.);
#713=ORIENTED_EDGE('',*,*,#1841,.T.);
#714=ORIENTED_EDGE('',*,*,#1842,.T.);
#715=ORIENTED_EDGE('',*,*,#1827,.T.);
#716=ORIENTED_EDGE('',*,*,#1826,.T.);
#717=ORIENTED_EDGE('',*,*,#1843,.T.);
#718=ORIENTED_EDGE('',*,*,#1844,.T.);
#719=ORIENTED_EDGE('',*,*,#1822,.F.);
#720=ORIENTED_EDGE('',*,*,#1840,.T.);
#721=ORIENTED_EDGE('',*,*,#1817,.T.);
#722=ORIENTED_EDGE('',*,*,#1705,.T.);
#723=ORIENTED_EDGE('',*,*,#1808,.T.);
#724=ORIENTED_EDGE('',*,*,#1844,.F.);
#725=ORIENTED_EDGE('',*,*,#1845,.F.);
#726=ORIENTED_EDGE('',*,*,#1846,.F.);
#727=ORIENTED_EDGE('',*,*,#1847,.T.);
#728=ORIENTED_EDGE('',*,*,#1841,.F.);
#729=ORIENTED_EDGE('',*,*,#1788,.T.);
#730=ORIENTED_EDGE('',*,*,#1848,.F.);
#731=ORIENTED_EDGE('',*,*,#1849,.F.);
#732=ORIENTED_EDGE('',*,*,#1845,.T.);
#733=ORIENTED_EDGE('',*,*,#1843,.F.);
#734=ORIENTED_EDGE('',*,*,#1825,.F.);
#735=ORIENTED_EDGE('',*,*,#1838,.T.);
#736=ORIENTED_EDGE('',*,*,#1839,.T.);
#737=ORIENTED_EDGE('',*,*,#1833,.F.);
#738=ORIENTED_EDGE('',*,*,#1850,.T.);
#739=ORIENTED_EDGE('',*,*,#1835,.T.);
#740=ORIENTED_EDGE('',*,*,#1831,.T.);
#741=ORIENTED_EDGE('',*,*,#1836,.F.);
#742=ORIENTED_EDGE('',*,*,#1828,.T.);
#743=ORIENTED_EDGE('',*,*,#1842,.F.);
#744=ORIENTED_EDGE('',*,*,#1847,.F.);
#745=ORIENTED_EDGE('',*,*,#1851,.F.);
#746=ORIENTED_EDGE('',*,*,#1848,.T.);
#747=ORIENTED_EDGE('',*,*,#1832,.F.);
#748=ORIENTED_EDGE('',*,*,#1850,.F.);
#749=ORIENTED_EDGE('',*,*,#1852,.F.);
#750=ORIENTED_EDGE('',*,*,#1811,.T.);
#751=ORIENTED_EDGE('',*,*,#1853,.F.);
#752=ORIENTED_EDGE('',*,*,#1807,.T.);
#753=ORIENTED_EDGE('',*,*,#1854,.T.);
#754=ORIENTED_EDGE('',*,*,#1810,.T.);
#755=ORIENTED_EDGE('',*,*,#1854,.F.);
#756=ORIENTED_EDGE('',*,*,#1803,.T.);
#757=ORIENTED_EDGE('',*,*,#1853,.T.);
#758=ORIENTED_EDGE('',*,*,#1806,.F.);
#759=ORIENTED_EDGE('',*,*,#1805,.T.);
#760=ORIENTED_EDGE('',*,*,#1849,.T.);
#761=ORIENTED_EDGE('',*,*,#1852,.T.);
#762=ORIENTED_EDGE('',*,*,#1851,.T.);
#763=ORIENTED_EDGE('',*,*,#1846,.T.);
#764=ORIENTED_EDGE('',*,*,#1855,.F.);
#765=ORIENTED_EDGE('',*,*,#1620,.F.);
#766=ORIENTED_EDGE('',*,*,#1856,.F.);
#767=ORIENTED_EDGE('',*,*,#1702,.T.);
#768=ORIENTED_EDGE('',*,*,#1789,.F.);
#769=ORIENTED_EDGE('',*,*,#1857,.T.);
#770=ORIENTED_EDGE('',*,*,#1801,.T.);
#771=ORIENTED_EDGE('',*,*,#1858,.F.);
#772=ORIENTED_EDGE('',*,*,#1452,.T.);
#773=ORIENTED_EDGE('',*,*,#1859,.T.);
#774=ORIENTED_EDGE('',*,*,#1790,.F.);
#775=ORIENTED_EDGE('',*,*,#1859,.F.);
#776=ORIENTED_EDGE('',*,*,#1459,.T.);
#777=ORIENTED_EDGE('',*,*,#1860,.T.);
#778=ORIENTED_EDGE('',*,*,#1792,.F.);
#779=ORIENTED_EDGE('',*,*,#1861,.T.);
#780=ORIENTED_EDGE('',*,*,#1794,.T.);
#781=ORIENTED_EDGE('',*,*,#1857,.F.);
#782=ORIENTED_EDGE('',*,*,#1791,.F.);
#783=ORIENTED_EDGE('',*,*,#1860,.F.);
#784=ORIENTED_EDGE('',*,*,#1458,.T.);
#785=ORIENTED_EDGE('',*,*,#1862,.T.);
#786=ORIENTED_EDGE('',*,*,#1795,.T.);
#787=ORIENTED_EDGE('',*,*,#1861,.F.);
#788=ORIENTED_EDGE('',*,*,#1457,.F.);
#789=ORIENTED_EDGE('',*,*,#1863,.T.);
#790=ORIENTED_EDGE('',*,*,#1796,.F.);
#791=ORIENTED_EDGE('',*,*,#1862,.F.);
#792=ORIENTED_EDGE('',*,*,#1863,.F.);
#793=ORIENTED_EDGE('',*,*,#1456,.T.);
#794=ORIENTED_EDGE('',*,*,#1864,.T.);
#795=ORIENTED_EDGE('',*,*,#1797,.T.);
#796=ORIENTED_EDGE('',*,*,#1864,.F.);
#797=ORIENTED_EDGE('',*,*,#1455,.T.);
#798=ORIENTED_EDGE('',*,*,#1865,.T.);
#799=ORIENTED_EDGE('',*,*,#1798,.T.);
#800=ORIENTED_EDGE('',*,*,#1865,.F.);
#801=ORIENTED_EDGE('',*,*,#1454,.T.);
#802=ORIENTED_EDGE('',*,*,#1866,.T.);
#803=ORIENTED_EDGE('',*,*,#1799,.T.);
#804=ORIENTED_EDGE('',*,*,#1453,.F.);
#805=ORIENTED_EDGE('',*,*,#1858,.T.);
#806=ORIENTED_EDGE('',*,*,#1800,.F.);
#807=ORIENTED_EDGE('',*,*,#1866,.F.);
#808=ORIENTED_EDGE('',*,*,#1621,.F.);
#809=ORIENTED_EDGE('',*,*,#1855,.T.);
#810=ORIENTED_EDGE('',*,*,#1703,.F.);
#811=ORIENTED_EDGE('',*,*,#1856,.T.);
#812=ORIENTED_EDGE('',*,*,#1695,.F.);
#813=ORIENTED_EDGE('',*,*,#1867,.T.);
#814=ORIENTED_EDGE('',*,*,#1460,.F.);
#815=ORIENTED_EDGE('',*,*,#1868,.F.);
#816=ORIENTED_EDGE('',*,*,#1869,.F.);
#817=ORIENTED_EDGE('',*,*,#1696,.T.);
#818=ORIENTED_EDGE('',*,*,#1868,.T.);
#819=ORIENTED_EDGE('',*,*,#1467,.T.);
#820=ORIENTED_EDGE('',*,*,#1870,.F.);
#821=ORIENTED_EDGE('',*,*,#1697,.T.);
#822=ORIENTED_EDGE('',*,*,#1869,.T.);
#823=ORIENTED_EDGE('',*,*,#1466,.T.);
#824=ORIENTED_EDGE('',*,*,#1871,.F.);
#825=ORIENTED_EDGE('',*,*,#1698,.T.);
#826=ORIENTED_EDGE('',*,*,#1870,.T.);
#827=ORIENTED_EDGE('',*,*,#1465,.T.);
#828=ORIENTED_EDGE('',*,*,#1872,.F.);
#829=ORIENTED_EDGE('',*,*,#1699,.T.);
#830=ORIENTED_EDGE('',*,*,#1871,.T.);
#831=ORIENTED_EDGE('',*,*,#1464,.T.);
#832=ORIENTED_EDGE('',*,*,#1873,.F.);
#833=ORIENTED_EDGE('',*,*,#1700,.T.);
#834=ORIENTED_EDGE('',*,*,#1872,.T.);
#835=ORIENTED_EDGE('',*,*,#1463,.T.);
#836=ORIENTED_EDGE('',*,*,#1701,.F.);
#837=ORIENTED_EDGE('',*,*,#1873,.T.);
#838=ORIENTED_EDGE('',*,*,#1462,.F.);
#839=ORIENTED_EDGE('',*,*,#1874,.F.);
#840=ORIENTED_EDGE('',*,*,#1867,.F.);
#841=ORIENTED_EDGE('',*,*,#1694,.T.);
#842=ORIENTED_EDGE('',*,*,#1874,.T.);
#843=ORIENTED_EDGE('',*,*,#1461,.T.);
#844=ORIENTED_EDGE('',*,*,#1709,.F.);
#845=ORIENTED_EDGE('',*,*,#1875,.T.);
#846=ORIENTED_EDGE('',*,*,#1468,.F.);
#847=ORIENTED_EDGE('',*,*,#1876,.F.);
#848=ORIENTED_EDGE('',*,*,#1877,.F.);
#849=ORIENTED_EDGE('',*,*,#1710,.T.);
#850=ORIENTED_EDGE('',*,*,#1876,.T.);
#851=ORIENTED_EDGE('',*,*,#1475,.T.);
#852=ORIENTED_EDGE('',*,*,#1878,.F.);
#853=ORIENTED_EDGE('',*,*,#1711,.T.);
#854=ORIENTED_EDGE('',*,*,#1877,.T.);
#855=ORIENTED_EDGE('',*,*,#1474,.T.);
#856=ORIENTED_EDGE('',*,*,#1879,.F.);
#857=ORIENTED_EDGE('',*,*,#1712,.T.);
#858=ORIENTED_EDGE('',*,*,#1878,.T.);
#859=ORIENTED_EDGE('',*,*,#1473,.T.);
#860=ORIENTED_EDGE('',*,*,#1880,.F.);
#861=ORIENTED_EDGE('',*,*,#1713,.T.);
#862=ORIENTED_EDGE('',*,*,#1879,.T.);
#863=ORIENTED_EDGE('',*,*,#1472,.T.);
#864=ORIENTED_EDGE('',*,*,#1881,.F.);
#865=ORIENTED_EDGE('',*,*,#1714,.T.);
#866=ORIENTED_EDGE('',*,*,#1880,.T.);
#867=ORIENTED_EDGE('',*,*,#1471,.T.);
#868=ORIENTED_EDGE('',*,*,#1715,.F.);
#869=ORIENTED_EDGE('',*,*,#1881,.T.);
#870=ORIENTED_EDGE('',*,*,#1470,.F.);
#871=ORIENTED_EDGE('',*,*,#1882,.F.);
#872=ORIENTED_EDGE('',*,*,#1875,.F.);
#873=ORIENTED_EDGE('',*,*,#1708,.T.);
#874=ORIENTED_EDGE('',*,*,#1882,.T.);
#875=ORIENTED_EDGE('',*,*,#1469,.T.);
#876=ORIENTED_EDGE('',*,*,#1687,.F.);
#877=ORIENTED_EDGE('',*,*,#1883,.T.);
#878=ORIENTED_EDGE('',*,*,#1476,.F.);
#879=ORIENTED_EDGE('',*,*,#1884,.F.);
#880=ORIENTED_EDGE('',*,*,#1885,.F.);
#881=ORIENTED_EDGE('',*,*,#1688,.T.);
#882=ORIENTED_EDGE('',*,*,#1884,.T.);
#883=ORIENTED_EDGE('',*,*,#1483,.T.);
#884=ORIENTED_EDGE('',*,*,#1886,.F.);
#885=ORIENTED_EDGE('',*,*,#1689,.T.);
#886=ORIENTED_EDGE('',*,*,#1885,.T.);
#887=ORIENTED_EDGE('',*,*,#1482,.T.);
#888=ORIENTED_EDGE('',*,*,#1887,.F.);
#889=ORIENTED_EDGE('',*,*,#1690,.T.);
#890=ORIENTED_EDGE('',*,*,#1886,.T.);
#891=ORIENTED_EDGE('',*,*,#1481,.T.);
#892=ORIENTED_EDGE('',*,*,#1888,.F.);
#893=ORIENTED_EDGE('',*,*,#1691,.T.);
#894=ORIENTED_EDGE('',*,*,#1887,.T.);
#895=ORIENTED_EDGE('',*,*,#1480,.T.);
#896=ORIENTED_EDGE('',*,*,#1889,.F.);
#897=ORIENTED_EDGE('',*,*,#1692,.T.);
#898=ORIENTED_EDGE('',*,*,#1888,.T.);
#899=ORIENTED_EDGE('',*,*,#1479,.T.);
#900=ORIENTED_EDGE('',*,*,#1693,.F.);
#901=ORIENTED_EDGE('',*,*,#1889,.T.);
#902=ORIENTED_EDGE('',*,*,#1478,.F.);
#903=ORIENTED_EDGE('',*,*,#1890,.F.);
#904=ORIENTED_EDGE('',*,*,#1883,.F.);
#905=ORIENTED_EDGE('',*,*,#1686,.T.);
#906=ORIENTED_EDGE('',*,*,#1890,.T.);
#907=ORIENTED_EDGE('',*,*,#1477,.T.);
#908=ORIENTED_EDGE('',*,*,#1717,.F.);
#909=ORIENTED_EDGE('',*,*,#1891,.T.);
#910=ORIENTED_EDGE('',*,*,#1484,.F.);
#911=ORIENTED_EDGE('',*,*,#1892,.F.);
#912=ORIENTED_EDGE('',*,*,#1893,.F.);
#913=ORIENTED_EDGE('',*,*,#1718,.T.);
#914=ORIENTED_EDGE('',*,*,#1892,.T.);
#915=ORIENTED_EDGE('',*,*,#1491,.T.);
#916=ORIENTED_EDGE('',*,*,#1894,.F.);
#917=ORIENTED_EDGE('',*,*,#1719,.T.);
#918=ORIENTED_EDGE('',*,*,#1893,.T.);
#919=ORIENTED_EDGE('',*,*,#1490,.T.);
#920=ORIENTED_EDGE('',*,*,#1895,.F.);
#921=ORIENTED_EDGE('',*,*,#1720,.T.);
#922=ORIENTED_EDGE('',*,*,#1894,.T.);
#923=ORIENTED_EDGE('',*,*,#1489,.T.);
#924=ORIENTED_EDGE('',*,*,#1896,.F.);
#925=ORIENTED_EDGE('',*,*,#1721,.T.);
#926=ORIENTED_EDGE('',*,*,#1895,.T.);
#927=ORIENTED_EDGE('',*,*,#1488,.T.);
#928=ORIENTED_EDGE('',*,*,#1897,.F.);
#929=ORIENTED_EDGE('',*,*,#1722,.T.);
#930=ORIENTED_EDGE('',*,*,#1896,.T.);
#931=ORIENTED_EDGE('',*,*,#1487,.T.);
#932=ORIENTED_EDGE('',*,*,#1723,.F.);
#933=ORIENTED_EDGE('',*,*,#1897,.T.);
#934=ORIENTED_EDGE('',*,*,#1486,.F.);
#935=ORIENTED_EDGE('',*,*,#1898,.F.);
#936=ORIENTED_EDGE('',*,*,#1891,.F.);
#937=ORIENTED_EDGE('',*,*,#1716,.T.);
#938=ORIENTED_EDGE('',*,*,#1898,.T.);
#939=ORIENTED_EDGE('',*,*,#1485,.T.);
#940=ORIENTED_EDGE('',*,*,#1679,.F.);
#941=ORIENTED_EDGE('',*,*,#1899,.T.);
#942=ORIENTED_EDGE('',*,*,#1492,.F.);
#943=ORIENTED_EDGE('',*,*,#1900,.F.);
#944=ORIENTED_EDGE('',*,*,#1901,.F.);
#945=ORIENTED_EDGE('',*,*,#1680,.T.);
#946=ORIENTED_EDGE('',*,*,#1900,.T.);
#947=ORIENTED_EDGE('',*,*,#1499,.T.);
#948=ORIENTED_EDGE('',*,*,#1902,.F.);
#949=ORIENTED_EDGE('',*,*,#1681,.T.);
#950=ORIENTED_EDGE('',*,*,#1901,.T.);
#951=ORIENTED_EDGE('',*,*,#1498,.T.);
#952=ORIENTED_EDGE('',*,*,#1903,.F.);
#953=ORIENTED_EDGE('',*,*,#1682,.T.);
#954=ORIENTED_EDGE('',*,*,#1902,.T.);
#955=ORIENTED_EDGE('',*,*,#1497,.T.);
#956=ORIENTED_EDGE('',*,*,#1904,.F.);
#957=ORIENTED_EDGE('',*,*,#1683,.T.);
#958=ORIENTED_EDGE('',*,*,#1903,.T.);
#959=ORIENTED_EDGE('',*,*,#1496,.T.);
#960=ORIENTED_EDGE('',*,*,#1905,.F.);
#961=ORIENTED_EDGE('',*,*,#1684,.T.);
#962=ORIENTED_EDGE('',*,*,#1904,.T.);
#963=ORIENTED_EDGE('',*,*,#1495,.T.);
#964=ORIENTED_EDGE('',*,*,#1685,.F.);
#965=ORIENTED_EDGE('',*,*,#1905,.T.);
#966=ORIENTED_EDGE('',*,*,#1494,.F.);
#967=ORIENTED_EDGE('',*,*,#1906,.F.);
#968=ORIENTED_EDGE('',*,*,#1899,.F.);
#969=ORIENTED_EDGE('',*,*,#1678,.T.);
#970=ORIENTED_EDGE('',*,*,#1906,.T.);
#971=ORIENTED_EDGE('',*,*,#1493,.T.);
#972=ORIENTED_EDGE('',*,*,#1725,.F.);
#973=ORIENTED_EDGE('',*,*,#1907,.T.);
#974=ORIENTED_EDGE('',*,*,#1500,.F.);
#975=ORIENTED_EDGE('',*,*,#1908,.F.);
#976=ORIENTED_EDGE('',*,*,#1909,.F.);
#977=ORIENTED_EDGE('',*,*,#1726,.T.);
#978=ORIENTED_EDGE('',*,*,#1908,.T.);
#979=ORIENTED_EDGE('',*,*,#1507,.T.);
#980=ORIENTED_EDGE('',*,*,#1910,.F.);
#981=ORIENTED_EDGE('',*,*,#1727,.T.);
#982=ORIENTED_EDGE('',*,*,#1909,.T.);
#983=ORIENTED_EDGE('',*,*,#1506,.T.);
#984=ORIENTED_EDGE('',*,*,#1911,.F.);
#985=ORIENTED_EDGE('',*,*,#1728,.T.);
#986=ORIENTED_EDGE('',*,*,#1910,.T.);
#987=ORIENTED_EDGE('',*,*,#1505,.T.);
#988=ORIENTED_EDGE('',*,*,#1912,.F.);
#989=ORIENTED_EDGE('',*,*,#1729,.T.);
#990=ORIENTED_EDGE('',*,*,#1911,.T.);
#991=ORIENTED_EDGE('',*,*,#1504,.T.);
#992=ORIENTED_EDGE('',*,*,#1913,.F.);
#993=ORIENTED_EDGE('',*,*,#1730,.T.);
#994=ORIENTED_EDGE('',*,*,#1912,.T.);
#995=ORIENTED_EDGE('',*,*,#1503,.T.);
#996=ORIENTED_EDGE('',*,*,#1731,.F.);
#997=ORIENTED_EDGE('',*,*,#1913,.T.);
#998=ORIENTED_EDGE('',*,*,#1502,.F.);
#999=ORIENTED_EDGE('',*,*,#1914,.F.);
#1000=ORIENTED_EDGE('',*,*,#1907,.F.);
#1001=ORIENTED_EDGE('',*,*,#1724,.T.);
#1002=ORIENTED_EDGE('',*,*,#1914,.T.);
#1003=ORIENTED_EDGE('',*,*,#1501,.T.);
#1004=ORIENTED_EDGE('',*,*,#1671,.F.);
#1005=ORIENTED_EDGE('',*,*,#1915,.T.);
#1006=ORIENTED_EDGE('',*,*,#1508,.F.);
#1007=ORIENTED_EDGE('',*,*,#1916,.F.);
#1008=ORIENTED_EDGE('',*,*,#1917,.F.);
#1009=ORIENTED_EDGE('',*,*,#1672,.T.);
#1010=ORIENTED_EDGE('',*,*,#1916,.T.);
#1011=ORIENTED_EDGE('',*,*,#1515,.T.);
#1012=ORIENTED_EDGE('',*,*,#1918,.F.);
#1013=ORIENTED_EDGE('',*,*,#1673,.T.);
#1014=ORIENTED_EDGE('',*,*,#1917,.T.);
#1015=ORIENTED_EDGE('',*,*,#1514,.T.);
#1016=ORIENTED_EDGE('',*,*,#1919,.F.);
#1017=ORIENTED_EDGE('',*,*,#1674,.T.);
#1018=ORIENTED_EDGE('',*,*,#1918,.T.);
#1019=ORIENTED_EDGE('',*,*,#1513,.T.);
#1020=ORIENTED_EDGE('',*,*,#1920,.F.);
#1021=ORIENTED_EDGE('',*,*,#1675,.T.);
#1022=ORIENTED_EDGE('',*,*,#1919,.T.);
#1023=ORIENTED_EDGE('',*,*,#1512,.T.);
#1024=ORIENTED_EDGE('',*,*,#1921,.F.);
#1025=ORIENTED_EDGE('',*,*,#1676,.T.);
#1026=ORIENTED_EDGE('',*,*,#1920,.T.);
#1027=ORIENTED_EDGE('',*,*,#1511,.T.);
#1028=ORIENTED_EDGE('',*,*,#1677,.F.);
#1029=ORIENTED_EDGE('',*,*,#1921,.T.);
#1030=ORIENTED_EDGE('',*,*,#1510,.F.);
#1031=ORIENTED_EDGE('',*,*,#1922,.F.);
#1032=ORIENTED_EDGE('',*,*,#1915,.F.);
#1033=ORIENTED_EDGE('',*,*,#1670,.T.);
#1034=ORIENTED_EDGE('',*,*,#1922,.T.);
#1035=ORIENTED_EDGE('',*,*,#1509,.T.);
#1036=ORIENTED_EDGE('',*,*,#1733,.F.);
#1037=ORIENTED_EDGE('',*,*,#1923,.T.);
#1038=ORIENTED_EDGE('',*,*,#1516,.F.);
#1039=ORIENTED_EDGE('',*,*,#1924,.F.);
#1040=ORIENTED_EDGE('',*,*,#1925,.F.);
#1041=ORIENTED_EDGE('',*,*,#1734,.T.);
#1042=ORIENTED_EDGE('',*,*,#1924,.T.);
#1043=ORIENTED_EDGE('',*,*,#1523,.T.);
#1044=ORIENTED_EDGE('',*,*,#1926,.F.);
#1045=ORIENTED_EDGE('',*,*,#1735,.T.);
#1046=ORIENTED_EDGE('',*,*,#1925,.T.);
#1047=ORIENTED_EDGE('',*,*,#1522,.T.);
#1048=ORIENTED_EDGE('',*,*,#1927,.F.);
#1049=ORIENTED_EDGE('',*,*,#1736,.T.);
#1050=ORIENTED_EDGE('',*,*,#1926,.T.);
#1051=ORIENTED_EDGE('',*,*,#1521,.T.);
#1052=ORIENTED_EDGE('',*,*,#1928,.F.);
#1053=ORIENTED_EDGE('',*,*,#1737,.T.);
#1054=ORIENTED_EDGE('',*,*,#1927,.T.);
#1055=ORIENTED_EDGE('',*,*,#1520,.T.);
#1056=ORIENTED_EDGE('',*,*,#1929,.F.);
#1057=ORIENTED_EDGE('',*,*,#1738,.T.);
#1058=ORIENTED_EDGE('',*,*,#1928,.T.);
#1059=ORIENTED_EDGE('',*,*,#1519,.T.);
#1060=ORIENTED_EDGE('',*,*,#1739,.F.);
#1061=ORIENTED_EDGE('',*,*,#1929,.T.);
#1062=ORIENTED_EDGE('',*,*,#1518,.F.);
#1063=ORIENTED_EDGE('',*,*,#1930,.F.);
#1064=ORIENTED_EDGE('',*,*,#1923,.F.);
#1065=ORIENTED_EDGE('',*,*,#1732,.T.);
#1066=ORIENTED_EDGE('',*,*,#1930,.T.);
#1067=ORIENTED_EDGE('',*,*,#1517,.T.);
#1068=ORIENTED_EDGE('',*,*,#1663,.F.);
#1069=ORIENTED_EDGE('',*,*,#1931,.T.);
#1070=ORIENTED_EDGE('',*,*,#1524,.F.);
#1071=ORIENTED_EDGE('',*,*,#1932,.F.);
#1072=ORIENTED_EDGE('',*,*,#1933,.F.);
#1073=ORIENTED_EDGE('',*,*,#1664,.T.);
#1074=ORIENTED_EDGE('',*,*,#1932,.T.);
#1075=ORIENTED_EDGE('',*,*,#1531,.T.);
#1076=ORIENTED_EDGE('',*,*,#1934,.F.);
#1077=ORIENTED_EDGE('',*,*,#1665,.T.);
#1078=ORIENTED_EDGE('',*,*,#1933,.T.);
#1079=ORIENTED_EDGE('',*,*,#1530,.T.);
#1080=ORIENTED_EDGE('',*,*,#1935,.F.);
#1081=ORIENTED_EDGE('',*,*,#1666,.T.);
#1082=ORIENTED_EDGE('',*,*,#1934,.T.);
#1083=ORIENTED_EDGE('',*,*,#1529,.T.);
#1084=ORIENTED_EDGE('',*,*,#1936,.F.);
#1085=ORIENTED_EDGE('',*,*,#1667,.T.);
#1086=ORIENTED_EDGE('',*,*,#1935,.T.);
#1087=ORIENTED_EDGE('',*,*,#1528,.T.);
#1088=ORIENTED_EDGE('',*,*,#1937,.F.);
#1089=ORIENTED_EDGE('',*,*,#1668,.T.);
#1090=ORIENTED_EDGE('',*,*,#1936,.T.);
#1091=ORIENTED_EDGE('',*,*,#1527,.T.);
#1092=ORIENTED_EDGE('',*,*,#1669,.F.);
#1093=ORIENTED_EDGE('',*,*,#1937,.T.);
#1094=ORIENTED_EDGE('',*,*,#1526,.F.);
#1095=ORIENTED_EDGE('',*,*,#1938,.F.);
#1096=ORIENTED_EDGE('',*,*,#1931,.F.);
#1097=ORIENTED_EDGE('',*,*,#1662,.T.);
#1098=ORIENTED_EDGE('',*,*,#1938,.T.);
#1099=ORIENTED_EDGE('',*,*,#1525,.T.);
#1100=ORIENTED_EDGE('',*,*,#1741,.F.);
#1101=ORIENTED_EDGE('',*,*,#1939,.T.);
#1102=ORIENTED_EDGE('',*,*,#1532,.F.);
#1103=ORIENTED_EDGE('',*,*,#1940,.F.);
#1104=ORIENTED_EDGE('',*,*,#1941,.F.);
#1105=ORIENTED_EDGE('',*,*,#1742,.T.);
#1106=ORIENTED_EDGE('',*,*,#1940,.T.);
#1107=ORIENTED_EDGE('',*,*,#1539,.T.);
#1108=ORIENTED_EDGE('',*,*,#1942,.F.);
#1109=ORIENTED_EDGE('',*,*,#1743,.T.);
#1110=ORIENTED_EDGE('',*,*,#1941,.T.);
#1111=ORIENTED_EDGE('',*,*,#1538,.T.);
#1112=ORIENTED_EDGE('',*,*,#1943,.F.);
#1113=ORIENTED_EDGE('',*,*,#1744,.T.);
#1114=ORIENTED_EDGE('',*,*,#1942,.T.);
#1115=ORIENTED_EDGE('',*,*,#1537,.T.);
#1116=ORIENTED_EDGE('',*,*,#1944,.F.);
#1117=ORIENTED_EDGE('',*,*,#1745,.T.);
#1118=ORIENTED_EDGE('',*,*,#1943,.T.);
#1119=ORIENTED_EDGE('',*,*,#1536,.T.);
#1120=ORIENTED_EDGE('',*,*,#1945,.F.);
#1121=ORIENTED_EDGE('',*,*,#1746,.T.);
#1122=ORIENTED_EDGE('',*,*,#1944,.T.);
#1123=ORIENTED_EDGE('',*,*,#1535,.T.);
#1124=ORIENTED_EDGE('',*,*,#1747,.F.);
#1125=ORIENTED_EDGE('',*,*,#1945,.T.);
#1126=ORIENTED_EDGE('',*,*,#1534,.F.);
#1127=ORIENTED_EDGE('',*,*,#1946,.F.);
#1128=ORIENTED_EDGE('',*,*,#1939,.F.);
#1129=ORIENTED_EDGE('',*,*,#1740,.T.);
#1130=ORIENTED_EDGE('',*,*,#1946,.T.);
#1131=ORIENTED_EDGE('',*,*,#1533,.T.);
#1132=ORIENTED_EDGE('',*,*,#1655,.F.);
#1133=ORIENTED_EDGE('',*,*,#1947,.T.);
#1134=ORIENTED_EDGE('',*,*,#1540,.F.);
#1135=ORIENTED_EDGE('',*,*,#1948,.F.);
#1136=ORIENTED_EDGE('',*,*,#1949,.F.);
#1137=ORIENTED_EDGE('',*,*,#1656,.T.);
#1138=ORIENTED_EDGE('',*,*,#1948,.T.);
#1139=ORIENTED_EDGE('',*,*,#1547,.T.);
#1140=ORIENTED_EDGE('',*,*,#1950,.F.);
#1141=ORIENTED_EDGE('',*,*,#1657,.T.);
#1142=ORIENTED_EDGE('',*,*,#1949,.T.);
#1143=ORIENTED_EDGE('',*,*,#1546,.T.);
#1144=ORIENTED_EDGE('',*,*,#1951,.F.);
#1145=ORIENTED_EDGE('',*,*,#1658,.T.);
#1146=ORIENTED_EDGE('',*,*,#1950,.T.);
#1147=ORIENTED_EDGE('',*,*,#1545,.T.);
#1148=ORIENTED_EDGE('',*,*,#1952,.F.);
#1149=ORIENTED_EDGE('',*,*,#1659,.T.);
#1150=ORIENTED_EDGE('',*,*,#1951,.T.);
#1151=ORIENTED_EDGE('',*,*,#1544,.T.);
#1152=ORIENTED_EDGE('',*,*,#1953,.F.);
#1153=ORIENTED_EDGE('',*,*,#1660,.T.);
#1154=ORIENTED_EDGE('',*,*,#1952,.T.);
#1155=ORIENTED_EDGE('',*,*,#1543,.T.);
#1156=ORIENTED_EDGE('',*,*,#1661,.F.);
#1157=ORIENTED_EDGE('',*,*,#1953,.T.);
#1158=ORIENTED_EDGE('',*,*,#1542,.F.);
#1159=ORIENTED_EDGE('',*,*,#1954,.F.);
#1160=ORIENTED_EDGE('',*,*,#1947,.F.);
#1161=ORIENTED_EDGE('',*,*,#1654,.T.);
#1162=ORIENTED_EDGE('',*,*,#1954,.T.);
#1163=ORIENTED_EDGE('',*,*,#1541,.T.);
#1164=ORIENTED_EDGE('',*,*,#1749,.F.);
#1165=ORIENTED_EDGE('',*,*,#1955,.T.);
#1166=ORIENTED_EDGE('',*,*,#1548,.F.);
#1167=ORIENTED_EDGE('',*,*,#1956,.F.);
#1168=ORIENTED_EDGE('',*,*,#1957,.F.);
#1169=ORIENTED_EDGE('',*,*,#1750,.T.);
#1170=ORIENTED_EDGE('',*,*,#1956,.T.);
#1171=ORIENTED_EDGE('',*,*,#1555,.T.);
#1172=ORIENTED_EDGE('',*,*,#1958,.F.);
#1173=ORIENTED_EDGE('',*,*,#1751,.T.);
#1174=ORIENTED_EDGE('',*,*,#1957,.T.);
#1175=ORIENTED_EDGE('',*,*,#1554,.T.);
#1176=ORIENTED_EDGE('',*,*,#1959,.F.);
#1177=ORIENTED_EDGE('',*,*,#1752,.T.);
#1178=ORIENTED_EDGE('',*,*,#1958,.T.);
#1179=ORIENTED_EDGE('',*,*,#1553,.T.);
#1180=ORIENTED_EDGE('',*,*,#1960,.F.);
#1181=ORIENTED_EDGE('',*,*,#1753,.T.);
#1182=ORIENTED_EDGE('',*,*,#1959,.T.);
#1183=ORIENTED_EDGE('',*,*,#1552,.T.);
#1184=ORIENTED_EDGE('',*,*,#1961,.F.);
#1185=ORIENTED_EDGE('',*,*,#1754,.T.);
#1186=ORIENTED_EDGE('',*,*,#1960,.T.);
#1187=ORIENTED_EDGE('',*,*,#1551,.T.);
#1188=ORIENTED_EDGE('',*,*,#1755,.F.);
#1189=ORIENTED_EDGE('',*,*,#1961,.T.);
#1190=ORIENTED_EDGE('',*,*,#1550,.F.);
#1191=ORIENTED_EDGE('',*,*,#1962,.F.);
#1192=ORIENTED_EDGE('',*,*,#1955,.F.);
#1193=ORIENTED_EDGE('',*,*,#1748,.T.);
#1194=ORIENTED_EDGE('',*,*,#1962,.T.);
#1195=ORIENTED_EDGE('',*,*,#1549,.T.);
#1196=ORIENTED_EDGE('',*,*,#1647,.F.);
#1197=ORIENTED_EDGE('',*,*,#1963,.T.);
#1198=ORIENTED_EDGE('',*,*,#1556,.F.);
#1199=ORIENTED_EDGE('',*,*,#1964,.F.);
#1200=ORIENTED_EDGE('',*,*,#1965,.F.);
#1201=ORIENTED_EDGE('',*,*,#1648,.T.);
#1202=ORIENTED_EDGE('',*,*,#1964,.T.);
#1203=ORIENTED_EDGE('',*,*,#1563,.T.);
#1204=ORIENTED_EDGE('',*,*,#1966,.F.);
#1205=ORIENTED_EDGE('',*,*,#1649,.T.);
#1206=ORIENTED_EDGE('',*,*,#1965,.T.);
#1207=ORIENTED_EDGE('',*,*,#1562,.T.);
#1208=ORIENTED_EDGE('',*,*,#1967,.F.);
#1209=ORIENTED_EDGE('',*,*,#1650,.T.);
#1210=ORIENTED_EDGE('',*,*,#1966,.T.);
#1211=ORIENTED_EDGE('',*,*,#1561,.T.);
#1212=ORIENTED_EDGE('',*,*,#1968,.F.);
#1213=ORIENTED_EDGE('',*,*,#1651,.T.);
#1214=ORIENTED_EDGE('',*,*,#1967,.T.);
#1215=ORIENTED_EDGE('',*,*,#1560,.T.);
#1216=ORIENTED_EDGE('',*,*,#1969,.F.);
#1217=ORIENTED_EDGE('',*,*,#1652,.T.);
#1218=ORIENTED_EDGE('',*,*,#1968,.T.);
#1219=ORIENTED_EDGE('',*,*,#1559,.T.);
#1220=ORIENTED_EDGE('',*,*,#1653,.F.);
#1221=ORIENTED_EDGE('',*,*,#1969,.T.);
#1222=ORIENTED_EDGE('',*,*,#1558,.F.);
#1223=ORIENTED_EDGE('',*,*,#1970,.F.);
#1224=ORIENTED_EDGE('',*,*,#1963,.F.);
#1225=ORIENTED_EDGE('',*,*,#1646,.T.);
#1226=ORIENTED_EDGE('',*,*,#1970,.T.);
#1227=ORIENTED_EDGE('',*,*,#1557,.T.);
#1228=ORIENTED_EDGE('',*,*,#1757,.F.);
#1229=ORIENTED_EDGE('',*,*,#1971,.T.);
#1230=ORIENTED_EDGE('',*,*,#1564,.F.);
#1231=ORIENTED_EDGE('',*,*,#1972,.F.);
#1232=ORIENTED_EDGE('',*,*,#1973,.F.);
#1233=ORIENTED_EDGE('',*,*,#1758,.T.);
#1234=ORIENTED_EDGE('',*,*,#1972,.T.);
#1235=ORIENTED_EDGE('',*,*,#1571,.T.);
#1236=ORIENTED_EDGE('',*,*,#1974,.F.);
#1237=ORIENTED_EDGE('',*,*,#1759,.T.);
#1238=ORIENTED_EDGE('',*,*,#1973,.T.);
#1239=ORIENTED_EDGE('',*,*,#1570,.T.);
#1240=ORIENTED_EDGE('',*,*,#1975,.F.);
#1241=ORIENTED_EDGE('',*,*,#1760,.T.);
#1242=ORIENTED_EDGE('',*,*,#1974,.T.);
#1243=ORIENTED_EDGE('',*,*,#1569,.T.);
#1244=ORIENTED_EDGE('',*,*,#1976,.F.);
#1245=ORIENTED_EDGE('',*,*,#1761,.T.);
#1246=ORIENTED_EDGE('',*,*,#1975,.T.);
#1247=ORIENTED_EDGE('',*,*,#1568,.T.);
#1248=ORIENTED_EDGE('',*,*,#1977,.F.);
#1249=ORIENTED_EDGE('',*,*,#1762,.T.);
#1250=ORIENTED_EDGE('',*,*,#1976,.T.);
#1251=ORIENTED_EDGE('',*,*,#1567,.T.);
#1252=ORIENTED_EDGE('',*,*,#1763,.F.);
#1253=ORIENTED_EDGE('',*,*,#1977,.T.);
#1254=ORIENTED_EDGE('',*,*,#1566,.F.);
#1255=ORIENTED_EDGE('',*,*,#1978,.F.);
#1256=ORIENTED_EDGE('',*,*,#1971,.F.);
#1257=ORIENTED_EDGE('',*,*,#1756,.T.);
#1258=ORIENTED_EDGE('',*,*,#1978,.T.);
#1259=ORIENTED_EDGE('',*,*,#1565,.T.);
#1260=ORIENTED_EDGE('',*,*,#1639,.F.);
#1261=ORIENTED_EDGE('',*,*,#1979,.T.);
#1262=ORIENTED_EDGE('',*,*,#1572,.F.);
#1263=ORIENTED_EDGE('',*,*,#1980,.F.);
#1264=ORIENTED_EDGE('',*,*,#1981,.F.);
#1265=ORIENTED_EDGE('',*,*,#1640,.T.);
#1266=ORIENTED_EDGE('',*,*,#1980,.T.);
#1267=ORIENTED_EDGE('',*,*,#1579,.T.);
#1268=ORIENTED_EDGE('',*,*,#1982,.F.);
#1269=ORIENTED_EDGE('',*,*,#1641,.T.);
#1270=ORIENTED_EDGE('',*,*,#1981,.T.);
#1271=ORIENTED_EDGE('',*,*,#1578,.T.);
#1272=ORIENTED_EDGE('',*,*,#1983,.F.);
#1273=ORIENTED_EDGE('',*,*,#1642,.T.);
#1274=ORIENTED_EDGE('',*,*,#1982,.T.);
#1275=ORIENTED_EDGE('',*,*,#1577,.T.);
#1276=ORIENTED_EDGE('',*,*,#1984,.F.);
#1277=ORIENTED_EDGE('',*,*,#1643,.T.);
#1278=ORIENTED_EDGE('',*,*,#1983,.T.);
#1279=ORIENTED_EDGE('',*,*,#1576,.T.);
#1280=ORIENTED_EDGE('',*,*,#1985,.F.);
#1281=ORIENTED_EDGE('',*,*,#1644,.T.);
#1282=ORIENTED_EDGE('',*,*,#1984,.T.);
#1283=ORIENTED_EDGE('',*,*,#1575,.T.);
#1284=ORIENTED_EDGE('',*,*,#1645,.F.);
#1285=ORIENTED_EDGE('',*,*,#1985,.T.);
#1286=ORIENTED_EDGE('',*,*,#1574,.F.);
#1287=ORIENTED_EDGE('',*,*,#1986,.F.);
#1288=ORIENTED_EDGE('',*,*,#1979,.F.);
#1289=ORIENTED_EDGE('',*,*,#1638,.T.);
#1290=ORIENTED_EDGE('',*,*,#1986,.T.);
#1291=ORIENTED_EDGE('',*,*,#1573,.T.);
#1292=ORIENTED_EDGE('',*,*,#1765,.F.);
#1293=ORIENTED_EDGE('',*,*,#1987,.T.);
#1294=ORIENTED_EDGE('',*,*,#1580,.F.);
#1295=ORIENTED_EDGE('',*,*,#1988,.F.);
#1296=ORIENTED_EDGE('',*,*,#1989,.F.);
#1297=ORIENTED_EDGE('',*,*,#1766,.T.);
#1298=ORIENTED_EDGE('',*,*,#1988,.T.);
#1299=ORIENTED_EDGE('',*,*,#1587,.T.);
#1300=ORIENTED_EDGE('',*,*,#1990,.F.);
#1301=ORIENTED_EDGE('',*,*,#1767,.T.);
#1302=ORIENTED_EDGE('',*,*,#1989,.T.);
#1303=ORIENTED_EDGE('',*,*,#1586,.T.);
#1304=ORIENTED_EDGE('',*,*,#1991,.F.);
#1305=ORIENTED_EDGE('',*,*,#1768,.T.);
#1306=ORIENTED_EDGE('',*,*,#1990,.T.);
#1307=ORIENTED_EDGE('',*,*,#1585,.T.);
#1308=ORIENTED_EDGE('',*,*,#1992,.F.);
#1309=ORIENTED_EDGE('',*,*,#1769,.T.);
#1310=ORIENTED_EDGE('',*,*,#1991,.T.);
#1311=ORIENTED_EDGE('',*,*,#1584,.T.);
#1312=ORIENTED_EDGE('',*,*,#1993,.F.);
#1313=ORIENTED_EDGE('',*,*,#1770,.T.);
#1314=ORIENTED_EDGE('',*,*,#1992,.T.);
#1315=ORIENTED_EDGE('',*,*,#1583,.T.);
#1316=ORIENTED_EDGE('',*,*,#1771,.F.);
#1317=ORIENTED_EDGE('',*,*,#1993,.T.);
#1318=ORIENTED_EDGE('',*,*,#1582,.F.);
#1319=ORIENTED_EDGE('',*,*,#1994,.F.);
#1320=ORIENTED_EDGE('',*,*,#1987,.F.);
#1321=ORIENTED_EDGE('',*,*,#1764,.T.);
#1322=ORIENTED_EDGE('',*,*,#1994,.T.);
#1323=ORIENTED_EDGE('',*,*,#1581,.T.);
#1324=ORIENTED_EDGE('',*,*,#1631,.F.);
#1325=ORIENTED_EDGE('',*,*,#1995,.T.);
#1326=ORIENTED_EDGE('',*,*,#1588,.F.);
#1327=ORIENTED_EDGE('',*,*,#1996,.F.);
#1328=ORIENTED_EDGE('',*,*,#1997,.F.);
#1329=ORIENTED_EDGE('',*,*,#1632,.T.);
#1330=ORIENTED_EDGE('',*,*,#1996,.T.);
#1331=ORIENTED_EDGE('',*,*,#1595,.T.);
#1332=ORIENTED_EDGE('',*,*,#1998,.F.);
#1333=ORIENTED_EDGE('',*,*,#1633,.T.);
#1334=ORIENTED_EDGE('',*,*,#1997,.T.);
#1335=ORIENTED_EDGE('',*,*,#1594,.T.);
#1336=ORIENTED_EDGE('',*,*,#1999,.F.);
#1337=ORIENTED_EDGE('',*,*,#1634,.T.);
#1338=ORIENTED_EDGE('',*,*,#1998,.T.);
#1339=ORIENTED_EDGE('',*,*,#1593,.T.);
#1340=ORIENTED_EDGE('',*,*,#2000,.F.);
#1341=ORIENTED_EDGE('',*,*,#1635,.T.);
#1342=ORIENTED_EDGE('',*,*,#1999,.T.);
#1343=ORIENTED_EDGE('',*,*,#1592,.T.);
#1344=ORIENTED_EDGE('',*,*,#2001,.F.);
#1345=ORIENTED_EDGE('',*,*,#1636,.T.);
#1346=ORIENTED_EDGE('',*,*,#2000,.T.);
#1347=ORIENTED_EDGE('',*,*,#1591,.T.);
#1348=ORIENTED_EDGE('',*,*,#1637,.F.);
#1349=ORIENTED_EDGE('',*,*,#2001,.T.);
#1350=ORIENTED_EDGE('',*,*,#1590,.F.);
#1351=ORIENTED_EDGE('',*,*,#2002,.F.);
#1352=ORIENTED_EDGE('',*,*,#1995,.F.);
#1353=ORIENTED_EDGE('',*,*,#1630,.T.);
#1354=ORIENTED_EDGE('',*,*,#2002,.T.);
#1355=ORIENTED_EDGE('',*,*,#1589,.T.);
#1356=ORIENTED_EDGE('',*,*,#1773,.F.);
#1357=ORIENTED_EDGE('',*,*,#2003,.T.);
#1358=ORIENTED_EDGE('',*,*,#1596,.F.);
#1359=ORIENTED_EDGE('',*,*,#2004,.F.);
#1360=ORIENTED_EDGE('',*,*,#2005,.F.);
#1361=ORIENTED_EDGE('',*,*,#1774,.T.);
#1362=ORIENTED_EDGE('',*,*,#2004,.T.);
#1363=ORIENTED_EDGE('',*,*,#1603,.T.);
#1364=ORIENTED_EDGE('',*,*,#2006,.F.);
#1365=ORIENTED_EDGE('',*,*,#1775,.T.);
#1366=ORIENTED_EDGE('',*,*,#2005,.T.);
#1367=ORIENTED_EDGE('',*,*,#1602,.T.);
#1368=ORIENTED_EDGE('',*,*,#2007,.F.);
#1369=ORIENTED_EDGE('',*,*,#1776,.T.);
#1370=ORIENTED_EDGE('',*,*,#2006,.T.);
#1371=ORIENTED_EDGE('',*,*,#1601,.T.);
#1372=ORIENTED_EDGE('',*,*,#2008,.F.);
#1373=ORIENTED_EDGE('',*,*,#1777,.T.);
#1374=ORIENTED_EDGE('',*,*,#2007,.T.);
#1375=ORIENTED_EDGE('',*,*,#1600,.T.);
#1376=ORIENTED_EDGE('',*,*,#2009,.F.);
#1377=ORIENTED_EDGE('',*,*,#1778,.T.);
#1378=ORIENTED_EDGE('',*,*,#2008,.T.);
#1379=ORIENTED_EDGE('',*,*,#1599,.T.);
#1380=ORIENTED_EDGE('',*,*,#1779,.F.);
#1381=ORIENTED_EDGE('',*,*,#2009,.T.);
#1382=ORIENTED_EDGE('',*,*,#1598,.F.);
#1383=ORIENTED_EDGE('',*,*,#2010,.F.);
#1384=ORIENTED_EDGE('',*,*,#2003,.F.);
#1385=ORIENTED_EDGE('',*,*,#1772,.T.);
#1386=ORIENTED_EDGE('',*,*,#2010,.T.);
#1387=ORIENTED_EDGE('',*,*,#1597,.T.);
#1388=ORIENTED_EDGE('',*,*,#1623,.F.);
#1389=ORIENTED_EDGE('',*,*,#2011,.T.);
#1390=ORIENTED_EDGE('',*,*,#1604,.F.);
#1391=ORIENTED_EDGE('',*,*,#2012,.F.);
#1392=ORIENTED_EDGE('',*,*,#2013,.F.);
#1393=ORIENTED_EDGE('',*,*,#1624,.T.);
#1394=ORIENTED_EDGE('',*,*,#2012,.T.);
#1395=ORIENTED_EDGE('',*,*,#1611,.T.);
#1396=ORIENTED_EDGE('',*,*,#2014,.F.);
#1397=ORIENTED_EDGE('',*,*,#1625,.T.);
#1398=ORIENTED_EDGE('',*,*,#2013,.T.);
#1399=ORIENTED_EDGE('',*,*,#1610,.T.);
#1400=ORIENTED_EDGE('',*,*,#2015,.F.);
#1401=ORIENTED_EDGE('',*,*,#1626,.T.);
#1402=ORIENTED_EDGE('',*,*,#2014,.T.);
#1403=ORIENTED_EDGE('',*,*,#1609,.T.);
#1404=ORIENTED_EDGE('',*,*,#2016,.F.);
#1405=ORIENTED_EDGE('',*,*,#1627,.T.);
#1406=ORIENTED_EDGE('',*,*,#2015,.T.);
#1407=ORIENTED_EDGE('',*,*,#1608,.T.);
#1408=ORIENTED_EDGE('',*,*,#2017,.F.);
#1409=ORIENTED_EDGE('',*,*,#1628,.T.);
#1410=ORIENTED_EDGE('',*,*,#2016,.T.);
#1411=ORIENTED_EDGE('',*,*,#1607,.T.);
#1412=ORIENTED_EDGE('',*,*,#1629,.F.);
#1413=ORIENTED_EDGE('',*,*,#2017,.T.);
#1414=ORIENTED_EDGE('',*,*,#1606,.F.);
#1415=ORIENTED_EDGE('',*,*,#2018,.F.);
#1416=ORIENTED_EDGE('',*,*,#2011,.F.);
#1417=ORIENTED_EDGE('',*,*,#1622,.T.);
#1418=ORIENTED_EDGE('',*,*,#2018,.T.);
#1419=ORIENTED_EDGE('',*,*,#1605,.T.);
#1420=ORIENTED_EDGE('',*,*,#2019,.F.);
#1421=ORIENTED_EDGE('',*,*,#1780,.T.);
#1422=ORIENTED_EDGE('',*,*,#2020,.T.);
#1423=ORIENTED_EDGE('',*,*,#1613,.T.);
#1424=ORIENTED_EDGE('',*,*,#1787,.F.);
#1425=ORIENTED_EDGE('',*,*,#2021,.T.);
#1426=ORIENTED_EDGE('',*,*,#1614,.F.);
#1427=ORIENTED_EDGE('',*,*,#2020,.F.);
#1428=ORIENTED_EDGE('',*,*,#2021,.F.);
#1429=ORIENTED_EDGE('',*,*,#1786,.T.);
#1430=ORIENTED_EDGE('',*,*,#2022,.T.);
#1431=ORIENTED_EDGE('',*,*,#1615,.T.);
#1432=ORIENTED_EDGE('',*,*,#2022,.F.);
#1433=ORIENTED_EDGE('',*,*,#1785,.T.);
#1434=ORIENTED_EDGE('',*,*,#2023,.T.);
#1435=ORIENTED_EDGE('',*,*,#1616,.T.);
#1436=ORIENTED_EDGE('',*,*,#2023,.F.);
#1437=ORIENTED_EDGE('',*,*,#1784,.T.);
#1438=ORIENTED_EDGE('',*,*,#2024,.T.);
#1439=ORIENTED_EDGE('',*,*,#1617,.T.);
#1440=ORIENTED_EDGE('',*,*,#2024,.F.);
#1441=ORIENTED_EDGE('',*,*,#1783,.T.);
#1442=ORIENTED_EDGE('',*,*,#2025,.T.);
#1443=ORIENTED_EDGE('',*,*,#1618,.T.);
#1444=ORIENTED_EDGE('',*,*,#2025,.F.);
#1445=ORIENTED_EDGE('',*,*,#1782,.T.);
#1446=ORIENTED_EDGE('',*,*,#2026,.T.);
#1447=ORIENTED_EDGE('',*,*,#1619,.T.);
#1448=ORIENTED_EDGE('',*,*,#1781,.F.);
#1449=ORIENTED_EDGE('',*,*,#2019,.T.);
#1450=ORIENTED_EDGE('',*,*,#1612,.F.);
#1451=ORIENTED_EDGE('',*,*,#2026,.F.);
#1452=EDGE_CURVE('',#2027,#2028,#2411,.T.);
#1453=EDGE_CURVE('',#2027,#2029,#121,.F.);
#1454=EDGE_CURVE('',#2030,#2029,#2412,.T.);
#1455=EDGE_CURVE('',#2031,#2030,#2413,.T.);
#1456=EDGE_CURVE('',#2032,#2031,#2414,.T.);
#1457=EDGE_CURVE('',#2032,#2033,#122,.F.);
#1458=EDGE_CURVE('',#2034,#2033,#2415,.T.);
#1459=EDGE_CURVE('',#2028,#2034,#2416,.T.);
#1460=EDGE_CURVE('',#2035,#2036,#2417,.T.);
#1461=EDGE_CURVE('',#2037,#2036,#123,.T.);
#1462=EDGE_CURVE('',#2037,#2038,#2418,.T.);
#1463=EDGE_CURVE('',#2039,#2038,#124,.T.);
#1464=EDGE_CURVE('',#2040,#2039,#2419,.T.);
#1465=EDGE_CURVE('',#2041,#2040,#125,.T.);
#1466=EDGE_CURVE('',#2042,#2041,#2420,.T.);
#1467=EDGE_CURVE('',#2035,#2042,#126,.T.);
#1468=EDGE_CURVE('',#2043,#2044,#2421,.T.);
#1469=EDGE_CURVE('',#2045,#2044,#127,.T.);
#1470=EDGE_CURVE('',#2045,#2046,#2422,.T.);
#1471=EDGE_CURVE('',#2047,#2046,#128,.T.);
#1472=EDGE_CURVE('',#2048,#2047,#2423,.T.);
#1473=EDGE_CURVE('',#2049,#2048,#129,.T.);
#1474=EDGE_CURVE('',#2050,#2049,#2424,.T.);
#1475=EDGE_CURVE('',#2043,#2050,#130,.T.);
#1476=EDGE_CURVE('',#2051,#2052,#2425,.T.);
#1477=EDGE_CURVE('',#2053,#2052,#131,.T.);
#1478=EDGE_CURVE('',#2053,#2054,#2426,.T.);
#1479=EDGE_CURVE('',#2055,#2054,#132,.T.);
#1480=EDGE_CURVE('',#2056,#2055,#2427,.T.);
#1481=EDGE_CURVE('',#2057,#2056,#133,.T.);
#1482=EDGE_CURVE('',#2058,#2057,#2428,.T.);
#1483=EDGE_CURVE('',#2051,#2058,#134,.T.);
#1484=EDGE_CURVE('',#2059,#2060,#2429,.T.);
#1485=EDGE_CURVE('',#2061,#2060,#135,.T.);
#1486=EDGE_CURVE('',#2061,#2062,#2430,.T.);
#1487=EDGE_CURVE('',#2063,#2062,#136,.T.);
#1488=EDGE_CURVE('',#2064,#2063,#2431,.T.);
#1489=EDGE_CURVE('',#2065,#2064,#137,.T.);
#1490=EDGE_CURVE('',#2066,#2065,#2432,.T.);
#1491=EDGE_CURVE('',#2059,#2066,#138,.T.);
#1492=EDGE_CURVE('',#2067,#2068,#2433,.T.);
#1493=EDGE_CURVE('',#2069,#2068,#139,.T.);
#1494=EDGE_CURVE('',#2069,#2070,#2434,.T.);
#1495=EDGE_CURVE('',#2071,#2070,#140,.T.);
#1496=EDGE_CURVE('',#2072,#2071,#2435,.T.);
#1497=EDGE_CURVE('',#2073,#2072,#141,.T.);
#1498=EDGE_CURVE('',#2074,#2073,#2436,.T.);
#1499=EDGE_CURVE('',#2067,#2074,#142,.T.);
#1500=EDGE_CURVE('',#2075,#2076,#2437,.T.);
#1501=EDGE_CURVE('',#2077,#2076,#143,.T.);
#1502=EDGE_CURVE('',#2077,#2078,#2438,.T.);
#1503=EDGE_CURVE('',#2079,#2078,#144,.T.);
#1504=EDGE_CURVE('',#2080,#2079,#2439,.T.);
#1505=EDGE_CURVE('',#2081,#2080,#145,.T.);
#1506=EDGE_CURVE('',#2082,#2081,#2440,.T.);
#1507=EDGE_CURVE('',#2075,#2082,#146,.T.);
#1508=EDGE_CURVE('',#2083,#2084,#2441,.T.);
#1509=EDGE_CURVE('',#2085,#2084,#147,.T.);
#1510=EDGE_CURVE('',#2085,#2086,#2442,.T.);
#1511=EDGE_CURVE('',#2087,#2086,#148,.T.);
#1512=EDGE_CURVE('',#2088,#2087,#2443,.T.);
#1513=EDGE_CURVE('',#2089,#2088,#149,.T.);
#1514=EDGE_CURVE('',#2090,#2089,#2444,.T.);
#1515=EDGE_CURVE('',#2083,#2090,#150,.T.);
#1516=EDGE_CURVE('',#2091,#2092,#2445,.T.);
#1517=EDGE_CURVE('',#2093,#2092,#151,.T.);
#1518=EDGE_CURVE('',#2093,#2094,#2446,.T.);
#1519=EDGE_CURVE('',#2095,#2094,#152,.T.);
#1520=EDGE_CURVE('',#2096,#2095,#2447,.T.);
#1521=EDGE_CURVE('',#2097,#2096,#153,.T.);
#1522=EDGE_CURVE('',#2098,#2097,#2448,.T.);
#1523=EDGE_CURVE('',#2091,#2098,#154,.T.);
#1524=EDGE_CURVE('',#2099,#2100,#2449,.T.);
#1525=EDGE_CURVE('',#2101,#2100,#155,.T.);
#1526=EDGE_CURVE('',#2101,#2102,#2450,.T.);
#1527=EDGE_CURVE('',#2103,#2102,#156,.T.);
#1528=EDGE_CURVE('',#2104,#2103,#2451,.T.);
#1529=EDGE_CURVE('',#2105,#2104,#157,.T.);
#1530=EDGE_CURVE('',#2106,#2105,#2452,.T.);
#1531=EDGE_CURVE('',#2099,#2106,#158,.T.);
#1532=EDGE_CURVE('',#2107,#2108,#2453,.T.);
#1533=EDGE_CURVE('',#2109,#2108,#159,.T.);
#1534=EDGE_CURVE('',#2109,#2110,#2454,.T.);
#1535=EDGE_CURVE('',#2111,#2110,#160,.T.);
#1536=EDGE_CURVE('',#2112,#2111,#2455,.T.);
#1537=EDGE_CURVE('',#2113,#2112,#161,.T.);
#1538=EDGE_CURVE('',#2114,#2113,#2456,.T.);
#1539=EDGE_CURVE('',#2107,#2114,#162,.T.);
#1540=EDGE_CURVE('',#2115,#2116,#2457,.T.);
#1541=EDGE_CURVE('',#2117,#2116,#163,.T.);
#1542=EDGE_CURVE('',#2117,#2118,#2458,.T.);
#1543=EDGE_CURVE('',#2119,#2118,#164,.T.);
#1544=EDGE_CURVE('',#2120,#2119,#2459,.T.);
#1545=EDGE_CURVE('',#2121,#2120,#165,.T.);
#1546=EDGE_CURVE('',#2122,#2121,#2460,.T.);
#1547=EDGE_CURVE('',#2115,#2122,#166,.T.);
#1548=EDGE_CURVE('',#2123,#2124,#2461,.T.);
#1549=EDGE_CURVE('',#2125,#2124,#167,.T.);
#1550=EDGE_CURVE('',#2125,#2126,#2462,.T.);
#1551=EDGE_CURVE('',#2127,#2126,#168,.T.);
#1552=EDGE_CURVE('',#2128,#2127,#2463,.T.);
#1553=EDGE_CURVE('',#2129,#2128,#169,.T.);
#1554=EDGE_CURVE('',#2130,#2129,#2464,.T.);
#1555=EDGE_CURVE('',#2123,#2130,#170,.T.);
#1556=EDGE_CURVE('',#2131,#2132,#2465,.T.);
#1557=EDGE_CURVE('',#2133,#2132,#171,.T.);
#1558=EDGE_CURVE('',#2133,#2134,#2466,.T.);
#1559=EDGE_CURVE('',#2135,#2134,#172,.T.);
#1560=EDGE_CURVE('',#2136,#2135,#2467,.T.);
#1561=EDGE_CURVE('',#2137,#2136,#173,.T.);
#1562=EDGE_CURVE('',#2138,#2137,#2468,.T.);
#1563=EDGE_CURVE('',#2131,#2138,#174,.T.);
#1564=EDGE_CURVE('',#2139,#2140,#2469,.T.);
#1565=EDGE_CURVE('',#2141,#2140,#175,.T.);
#1566=EDGE_CURVE('',#2141,#2142,#2470,.T.);
#1567=EDGE_CURVE('',#2143,#2142,#176,.T.);
#1568=EDGE_CURVE('',#2144,#2143,#2471,.T.);
#1569=EDGE_CURVE('',#2145,#2144,#177,.T.);
#1570=EDGE_CURVE('',#2146,#2145,#2472,.T.);
#1571=EDGE_CURVE('',#2139,#2146,#178,.T.);
#1572=EDGE_CURVE('',#2147,#2148,#2473,.T.);
#1573=EDGE_CURVE('',#2149,#2148,#179,.T.);
#1574=EDGE_CURVE('',#2149,#2150,#2474,.T.);
#1575=EDGE_CURVE('',#2151,#2150,#180,.T.);
#1576=EDGE_CURVE('',#2152,#2151,#2475,.T.);
#1577=EDGE_CURVE('',#2153,#2152,#181,.T.);
#1578=EDGE_CURVE('',#2154,#2153,#2476,.T.);
#1579=EDGE_CURVE('',#2147,#2154,#182,.T.);
#1580=EDGE_CURVE('',#2155,#2156,#2477,.T.);
#1581=EDGE_CURVE('',#2157,#2156,#183,.T.);
#1582=EDGE_CURVE('',#2157,#2158,#2478,.T.);
#1583=EDGE_CURVE('',#2159,#2158,#184,.T.);
#1584=EDGE_CURVE('',#2160,#2159,#2479,.T.);
#1585=EDGE_CURVE('',#2161,#2160,#185,.T.);
#1586=EDGE_CURVE('',#2162,#2161,#2480,.T.);
#1587=EDGE_CURVE('',#2155,#2162,#186,.T.);
#1588=EDGE_CURVE('',#2163,#2164,#2481,.T.);
#1589=EDGE_CURVE('',#2165,#2164,#187,.T.);
#1590=EDGE_CURVE('',#2165,#2166,#2482,.T.);
#1591=EDGE_CURVE('',#2167,#2166,#188,.T.);
#1592=EDGE_CURVE('',#2168,#2167,#2483,.T.);
#1593=EDGE_CURVE('',#2169,#2168,#189,.T.);
#1594=EDGE_CURVE('',#2170,#2169,#2484,.T.);
#1595=EDGE_CURVE('',#2163,#2170,#190,.T.);
#1596=EDGE_CURVE('',#2171,#2172,#2485,.T.);
#1597=EDGE_CURVE('',#2173,#2172,#191,.T.);
#1598=EDGE_CURVE('',#2173,#2174,#2486,.T.);
#1599=EDGE_CURVE('',#2175,#2174,#192,.T.);
#1600=EDGE_CURVE('',#2176,#2175,#2487,.T.);
#1601=EDGE_CURVE('',#2177,#2176,#193,.T.);
#1602=EDGE_CURVE('',#2178,#2177,#2488,.T.);
#1603=EDGE_CURVE('',#2171,#2178,#194,.T.);
#1604=EDGE_CURVE('',#2179,#2180,#2489,.T.);
#1605=EDGE_CURVE('',#2181,#2180,#195,.T.);
#1606=EDGE_CURVE('',#2181,#2182,#2490,.T.);
#1607=EDGE_CURVE('',#2183,#2182,#196,.T.);
#1608=EDGE_CURVE('',#2184,#2183,#2491,.T.);
#1609=EDGE_CURVE('',#2185,#2184,#197,.T.);
#1610=EDGE_CURVE('',#2186,#2185,#2492,.T.);
#1611=EDGE_CURVE('',#2179,#2186,#198,.T.);
#1612=EDGE_CURVE('',#2187,#2188,#2493,.T.);
#1613=EDGE_CURVE('',#2189,#2188,#199,.T.);
#1614=EDGE_CURVE('',#2189,#2190,#2494,.T.);
#1615=EDGE_CURVE('',#2191,#2190,#200,.T.);
#1616=EDGE_CURVE('',#2192,#2191,#2495,.T.);
#1617=EDGE_CURVE('',#2193,#2192,#201,.T.);
#1618=EDGE_CURVE('',#2194,#2193,#2496,.T.);
#1619=EDGE_CURVE('',#2187,#2194,#202,.T.);
#1620=EDGE_CURVE('',#2195,#2196,#203,.T.);
#1621=EDGE_CURVE('',#2196,#2195,#204,.T.);
#1622=EDGE_CURVE('',#2197,#2198,#205,.T.);
#1623=EDGE_CURVE('',#2197,#2199,#2497,.T.);
#1624=EDGE_CURVE('',#2200,#2199,#206,.T.);
#1625=EDGE_CURVE('',#2201,#2200,#2498,.T.);
#1626=EDGE_CURVE('',#2202,#2201,#207,.T.);
#1627=EDGE_CURVE('',#2203,#2202,#2499,.T.);
#1628=EDGE_CURVE('',#2204,#2203,#208,.T.);
#1629=EDGE_CURVE('',#2204,#2198,#2500,.T.);
#1630=EDGE_CURVE('',#2205,#2206,#209,.T.);
#1631=EDGE_CURVE('',#2205,#2207,#2501,.T.);
#1632=EDGE_CURVE('',#2208,#2207,#210,.T.);
#1633=EDGE_CURVE('',#2209,#2208,#2502,.T.);
#1634=EDGE_CURVE('',#2210,#2209,#211,.T.);
#1635=EDGE_CURVE('',#2211,#2210,#2503,.T.);
#1636=EDGE_CURVE('',#2212,#2211,#212,.T.);
#1637=EDGE_CURVE('',#2212,#2206,#2504,.T.);
#1638=EDGE_CURVE('',#2213,#2214,#213,.T.);
#1639=EDGE_CURVE('',#2213,#2215,#2505,.T.);
#1640=EDGE_CURVE('',#2216,#2215,#214,.T.);
#1641=EDGE_CURVE('',#2217,#2216,#2506,.T.);
#1642=EDGE_CURVE('',#2218,#2217,#215,.T.);
#1643=EDGE_CURVE('',#2219,#2218,#2507,.T.);
#1644=EDGE_CURVE('',#2220,#2219,#216,.T.);
#1645=EDGE_CURVE('',#2220,#2214,#2508,.T.);
#1646=EDGE_CURVE('',#2221,#2222,#217,.T.);
#1647=EDGE_CURVE('',#2221,#2223,#2509,.T.);
#1648=EDGE_CURVE('',#2224,#2223,#218,.T.);
#1649=EDGE_CURVE('',#2225,#2224,#2510,.T.);
#1650=EDGE_CURVE('',#2226,#2225,#219,.T.);
#1651=EDGE_CURVE('',#2227,#2226,#2511,.T.);
#1652=EDGE_CURVE('',#2228,#2227,#220,.T.);
#1653=EDGE_CURVE('',#2228,#2222,#2512,.T.);
#1654=EDGE_CURVE('',#2229,#2230,#221,.T.);
#1655=EDGE_CURVE('',#2229,#2231,#2513,.T.);
#1656=EDGE_CURVE('',#2232,#2231,#222,.T.);
#1657=EDGE_CURVE('',#2233,#2232,#2514,.T.);
#1658=EDGE_CURVE('',#2234,#2233,#223,.T.);
#1659=EDGE_CURVE('',#2235,#2234,#2515,.T.);
#1660=EDGE_CURVE('',#2236,#2235,#224,.T.);
#1661=EDGE_CURVE('',#2236,#2230,#2516,.T.);
#1662=EDGE_CURVE('',#2237,#2238,#225,.T.);
#1663=EDGE_CURVE('',#2237,#2239,#2517,.T.);
#1664=EDGE_CURVE('',#2240,#2239,#226,.T.);
#1665=EDGE_CURVE('',#2241,#2240,#2518,.T.);
#1666=EDGE_CURVE('',#2242,#2241,#227,.T.);
#1667=EDGE_CURVE('',#2243,#2242,#2519,.T.);
#1668=EDGE_CURVE('',#2244,#2243,#228,.T.);
#1669=EDGE_CURVE('',#2244,#2238,#2520,.T.);
#1670=EDGE_CURVE('',#2245,#2246,#229,.T.);
#1671=EDGE_CURVE('',#2245,#2247,#2521,.T.);
#1672=EDGE_CURVE('',#2248,#2247,#230,.T.);
#1673=EDGE_CURVE('',#2249,#2248,#2522,.T.);
#1674=EDGE_CURVE('',#2250,#2249,#231,.T.);
#1675=EDGE_CURVE('',#2251,#2250,#2523,.T.);
#1676=EDGE_CURVE('',#2252,#2251,#232,.T.);
#1677=EDGE_CURVE('',#2252,#2246,#2524,.T.);
#1678=EDGE_CURVE('',#2253,#2254,#233,.T.);
#1679=EDGE_CURVE('',#2253,#2255,#2525,.T.);
#1680=EDGE_CURVE('',#2256,#2255,#234,.T.);
#1681=EDGE_CURVE('',#2257,#2256,#2526,.T.);
#1682=EDGE_CURVE('',#2258,#2257,#235,.T.);
#1683=EDGE_CURVE('',#2259,#2258,#2527,.T.);
#1684=EDGE_CURVE('',#2260,#2259,#236,.T.);
#1685=EDGE_CURVE('',#2260,#2254,#2528,.T.);
#1686=EDGE_CURVE('',#2261,#2262,#237,.T.);
#1687=EDGE_CURVE('',#2261,#2263,#2529,.T.);
#1688=EDGE_CURVE('',#2264,#2263,#238,.T.);
#1689=EDGE_CURVE('',#2265,#2264,#2530,.T.);
#1690=EDGE_CURVE('',#2266,#2265,#239,.T.);
#1691=EDGE_CURVE('',#2267,#2266,#2531,.T.);
#1692=EDGE_CURVE('',#2268,#2267,#240,.T.);
#1693=EDGE_CURVE('',#2268,#2262,#2532,.T.);
#1694=EDGE_CURVE('',#2269,#2270,#241,.T.);
#1695=EDGE_CURVE('',#2269,#2271,#2533,.T.);
#1696=EDGE_CURVE('',#2272,#2271,#242,.T.);
#1697=EDGE_CURVE('',#2273,#2272,#2534,.T.);
#1698=EDGE_CURVE('',#2274,#2273,#243,.T.);
#1699=EDGE_CURVE('',#2275,#2274,#2535,.T.);
#1700=EDGE_CURVE('',#2276,#2275,#244,.T.);
#1701=EDGE_CURVE('',#2276,#2270,#2536,.T.);
#1702=EDGE_CURVE('',#2277,#2278,#245,.T.);
#1703=EDGE_CURVE('',#2277,#2278,#246,.T.);
#1704=EDGE_CURVE('',#2279,#2280,#2537,.T.);
#1705=EDGE_CURVE('',#2281,#2279,#2538,.T.);
#1706=EDGE_CURVE('',#2282,#2281,#247,.F.);
#1707=EDGE_CURVE('',#2280,#2282,#2539,.T.);
#1708=EDGE_CURVE('',#2283,#2284,#248,.T.);
#1709=EDGE_CURVE('',#2283,#2285,#2540,.T.);
#1710=EDGE_CURVE('',#2286,#2285,#249,.T.);
#1711=EDGE_CURVE('',#2287,#2286,#2541,.T.);
#1712=EDGE_CURVE('',#2288,#2287,#250,.T.);
#1713=EDGE_CURVE('',#2289,#2288,#2542,.T.);
#1714=EDGE_CURVE('',#2290,#2289,#251,.T.);
#1715=EDGE_CURVE('',#2290,#2284,#2543,.T.);
#1716=EDGE_CURVE('',#2291,#2292,#252,.T.);
#1717=EDGE_CURVE('',#2291,#2293,#2544,.T.);
#1718=EDGE_CURVE('',#2294,#2293,#253,.T.);
#1719=EDGE_CURVE('',#2295,#2294,#2545,.T.);
#1720=EDGE_CURVE('',#2296,#2295,#254,.T.);
#1721=EDGE_CURVE('',#2297,#2296,#2546,.T.);
#1722=EDGE_CURVE('',#2298,#2297,#255,.T.);
#1723=EDGE_CURVE('',#2298,#2292,#2547,.T.);
#1724=EDGE_CURVE('',#2299,#2300,#256,.T.);
#1725=EDGE_CURVE('',#2299,#2301,#2548,.T.);
#1726=EDGE_CURVE('',#2302,#2301,#257,.T.);
#1727=EDGE_CURVE('',#2303,#2302,#2549,.T.);
#1728=EDGE_CURVE('',#2304,#2303,#258,.T.);
#1729=EDGE_CURVE('',#2305,#2304,#2550,.T.);
#1730=EDGE_CURVE('',#2306,#2305,#259,.T.);
#1731=EDGE_CURVE('',#2306,#2300,#2551,.T.);
#1732=EDGE_CURVE('',#2307,#2308,#260,.T.);
#1733=EDGE_CURVE('',#2307,#2309,#2552,.T.);
#1734=EDGE_CURVE('',#2310,#2309,#261,.T.);
#1735=EDGE_CURVE('',#2311,#2310,#2553,.T.);
#1736=EDGE_CURVE('',#2312,#2311,#262,.T.);
#1737=EDGE_CURVE('',#2313,#2312,#2554,.T.);
#1738=EDGE_CURVE('',#2314,#2313,#263,.T.);
#1739=EDGE_CURVE('',#2314,#2308,#2555,.T.);
#1740=EDGE_CURVE('',#2315,#2316,#264,.T.);
#1741=EDGE_CURVE('',#2315,#2317,#2556,.T.);
#1742=EDGE_CURVE('',#2318,#2317,#265,.T.);
#1743=EDGE_CURVE('',#2319,#2318,#2557,.T.);
#1744=EDGE_CURVE('',#2320,#2319,#266,.T.);
#1745=EDGE_CURVE('',#2321,#2320,#2558,.T.);
#1746=EDGE_CURVE('',#2322,#2321,#267,.T.);
#1747=EDGE_CURVE('',#2322,#2316,#2559,.T.);
#1748=EDGE_CURVE('',#2323,#2324,#268,.T.);
#1749=EDGE_CURVE('',#2323,#2325,#2560,.T.);
#1750=EDGE_CURVE('',#2326,#2325,#269,.T.);
#1751=EDGE_CURVE('',#2327,#2326,#2561,.T.);
#1752=EDGE_CURVE('',#2328,#2327,#270,.T.);
#1753=EDGE_CURVE('',#2329,#2328,#2562,.T.);
#1754=EDGE_CURVE('',#2330,#2329,#271,.T.);
#1755=EDGE_CURVE('',#2330,#2324,#2563,.T.);
#1756=EDGE_CURVE('',#2331,#2332,#272,.T.);
#1757=EDGE_CURVE('',#2331,#2333,#2564,.T.);
#1758=EDGE_CURVE('',#2334,#2333,#273,.T.);
#1759=EDGE_CURVE('',#2335,#2334,#2565,.T.);
#1760=EDGE_CURVE('',#2336,#2335,#274,.T.);
#1761=EDGE_CURVE('',#2337,#2336,#2566,.T.);
#1762=EDGE_CURVE('',#2338,#2337,#275,.T.);
#1763=EDGE_CURVE('',#2338,#2332,#2567,.T.);
#1764=EDGE_CURVE('',#2339,#2340,#276,.T.);
#1765=EDGE_CURVE('',#2339,#2341,#2568,.T.);
#1766=EDGE_CURVE('',#2342,#2341,#277,.T.);
#1767=EDGE_CURVE('',#2343,#2342,#2569,.T.);
#1768=EDGE_CURVE('',#2344,#2343,#278,.T.);
#1769=EDGE_CURVE('',#2345,#2344,#2570,.T.);
#1770=EDGE_CURVE('',#2346,#2345,#279,.T.);
#1771=EDGE_CURVE('',#2346,#2340,#2571,.T.);
#1772=EDGE_CURVE('',#2347,#2348,#280,.T.);
#1773=EDGE_CURVE('',#2347,#2349,#2572,.T.);
#1774=EDGE_CURVE('',#2350,#2349,#281,.T.);
#1775=EDGE_CURVE('',#2351,#2350,#2573,.T.);
#1776=EDGE_CURVE('',#2352,#2351,#282,.T.);
#1777=EDGE_CURVE('',#2353,#2352,#2574,.T.);
#1778=EDGE_CURVE('',#2354,#2353,#283,.T.);
#1779=EDGE_CURVE('',#2354,#2348,#2575,.T.);
#1780=EDGE_CURVE('',#2355,#2356,#284,.T.);
#1781=EDGE_CURVE('',#2355,#2357,#2576,.T.);
#1782=EDGE_CURVE('',#2358,#2357,#285,.T.);
#1783=EDGE_CURVE('',#2359,#2358,#2577,.T.);
#1784=EDGE_CURVE('',#2360,#2359,#286,.T.);
#1785=EDGE_CURVE('',#2361,#2360,#2578,.T.);
#1786=EDGE_CURVE('',#2362,#2361,#287,.T.);
#1787=EDGE_CURVE('',#2362,#2356,#2579,.T.);
#1788=EDGE_CURVE('',#2363,#2363,#288,.T.);
#1789=EDGE_CURVE('',#2364,#2365,#31,.F.);
#1790=EDGE_CURVE('',#2365,#2366,#289,.F.);
#1791=EDGE_CURVE('',#2366,#2367,#32,.F.);
#1792=EDGE_CURVE('',#2367,#2364,#290,.F.);
#1793=EDGE_CURVE('',#2368,#2368,#291,.T.);
#1794=EDGE_CURVE('',#2369,#2370,#2580,.T.);
#1795=EDGE_CURVE('',#2371,#2369,#2581,.T.);
#1796=EDGE_CURVE('',#2371,#2372,#292,.T.);
#1797=EDGE_CURVE('',#2373,#2372,#2582,.T.);
#1798=EDGE_CURVE('',#2374,#2373,#2583,.T.);
#1799=EDGE_CURVE('',#2375,#2374,#2584,.T.);
#1800=EDGE_CURVE('',#2375,#2376,#293,.T.);
#1801=EDGE_CURVE('',#2370,#2376,#2585,.T.);
#1802=EDGE_CURVE('',#2377,#2378,#294,.T.);
#1803=EDGE_CURVE('',#2379,#2378,#2586,.T.);
#1804=EDGE_CURVE('',#2379,#2380,#295,.T.);
#1805=EDGE_CURVE('',#2377,#2380,#2587,.T.);
#1806=EDGE_CURVE('',#2377,#2380,#23,.T.);
#1807=EDGE_CURVE('',#2378,#2379,#296,.T.);
#1808=EDGE_CURVE('',#2381,#2382,#13,.T.);
#1809=EDGE_CURVE('',#2382,#2381,#297,.T.);
#1810=EDGE_CURVE('',#2383,#2384,#24,.T.);
#1811=EDGE_CURVE('',#2384,#2383,#298,.T.);
#1812=EDGE_CURVE('',#2385,#2385,#25,.T.);
#1813=EDGE_CURVE('',#2386,#2387,#26,.T.);
#1814=EDGE_CURVE('',#2387,#2386,#27,.T.);
#1815=EDGE_CURVE('',#2388,#2389,#299,.T.);
#1816=EDGE_CURVE('',#2389,#2388,#300,.T.);
#1817=EDGE_CURVE('',#2390,#2281,#2588,.T.);
#1818=EDGE_CURVE('',#2390,#2391,#301,.T.);
#1819=EDGE_CURVE('',#2282,#2391,#2589,.T.);
#1820=EDGE_CURVE('',#2280,#2392,#2590,.T.);
#1821=EDGE_CURVE('',#2392,#2393,#14,.T.);
#1822=EDGE_CURVE('',#2393,#2279,#2591,.T.);
#1823=EDGE_CURVE('',#2391,#2392,#15,.T.);
#1824=EDGE_CURVE('',#2394,#2395,#2592,.T.);
#1825=EDGE_CURVE('',#2394,#2396,#2593,.T.);
#1826=EDGE_CURVE('',#2397,#2396,#16,.T.);
#1827=EDGE_CURVE('',#2398,#2397,#17,.T.);
#1828=EDGE_CURVE('',#2395,#2398,#2594,.T.);
#1829=EDGE_CURVE('',#2388,#2399,#2595,.T.);
#1830=EDGE_CURVE('',#2400,#2389,#2596,.T.);
#1831=EDGE_CURVE('',#2399,#2400,#2597,.T.);
#1832=EDGE_CURVE('',#2401,#2402,#2598,.T.);
#1833=EDGE_CURVE('',#2402,#2403,#2599,.T.);
#1834=EDGE_CURVE('',#2403,#2388,#2600,.T.);
#1835=EDGE_CURVE('',#2401,#2399,#2601,.T.);
#1836=EDGE_CURVE('',#2395,#2400,#2602,.T.);
#1837=EDGE_CURVE('',#2389,#2404,#2603,.T.);
#1838=EDGE_CURVE('',#2394,#2404,#2604,.T.);
#1839=EDGE_CURVE('',#2404,#2403,#2605,.T.);
#1840=EDGE_CURVE('',#2393,#2390,#18,.T.);
#1841=EDGE_CURVE('',#2381,#2405,#19,.T.);
#1842=EDGE_CURVE('',#2405,#2398,#20,.T.);
#1843=EDGE_CURVE('',#2396,#2406,#21,.T.);
#1844=EDGE_CURVE('',#2406,#2382,#22,.T.);
#1845=EDGE_CURVE('',#2407,#2406,#2606,.T.);
#1846=EDGE_CURVE('',#2408,#2407,#2607,.T.);
#1847=EDGE_CURVE('',#2408,#2405,#2608,.T.);
#1848=EDGE_CURVE('',#2409,#2402,#2609,.T.);
#1849=EDGE_CURVE('',#2407,#2409,#2610,.T.);
#1850=EDGE_CURVE('',#2410,#2401,#2611,.T.);
#1851=EDGE_CURVE('',#2410,#2408,#2612,.T.);
#1852=EDGE_CURVE('',#2409,#2410,#2613,.T.);
#1853=EDGE_CURVE('',#2378,#2383,#2614,.T.);
#1854=EDGE_CURVE('',#2379,#2384,#2615,.T.);
#1855=EDGE_CURVE('',#2196,#2278,#2616,.F.);
#1856=EDGE_CURVE('',#2277,#2195,#2617,.T.);
#1857=EDGE_CURVE('',#2364,#2370,#2618,.T.);
#1858=EDGE_CURVE('',#2027,#2376,#2619,.T.);
#1859=EDGE_CURVE('',#2028,#2365,#2620,.T.);
#1860=EDGE_CURVE('',#2034,#2366,#2621,.T.);
#1861=EDGE_CURVE('',#2367,#2369,#2622,.T.);
#1862=EDGE_CURVE('',#2033,#2371,#2623,.T.);
#1863=EDGE_CURVE('',#2032,#2372,#2624,.T.);
#1864=EDGE_CURVE('',#2031,#2373,#2625,.T.);
#1865=EDGE_CURVE('',#2030,#2374,#2626,.T.);
#1866=EDGE_CURVE('',#2029,#2375,#2627,.T.);
#1867=EDGE_CURVE('',#2269,#2036,#2628,.T.);
#1868=EDGE_CURVE('',#2271,#2035,#2629,.T.);
#1869=EDGE_CURVE('',#2272,#2042,#2630,.T.);
#1870=EDGE_CURVE('',#2273,#2041,#2631,.T.);
#1871=EDGE_CURVE('',#2274,#2040,#2632,.T.);
#1872=EDGE_CURVE('',#2275,#2039,#2633,.T.);
#1873=EDGE_CURVE('',#2276,#2038,#2634,.T.);
#1874=EDGE_CURVE('',#2270,#2037,#2635,.T.);
#1875=EDGE_CURVE('',#2283,#2044,#2636,.T.);
#1876=EDGE_CURVE('',#2285,#2043,#2637,.T.);
#1877=EDGE_CURVE('',#2286,#2050,#2638,.T.);
#1878=EDGE_CURVE('',#2287,#2049,#2639,.T.);
#1879=EDGE_CURVE('',#2288,#2048,#2640,.T.);
#1880=EDGE_CURVE('',#2289,#2047,#2641,.T.);
#1881=EDGE_CURVE('',#2290,#2046,#2642,.T.);
#1882=EDGE_CURVE('',#2284,#2045,#2643,.T.);
#1883=EDGE_CURVE('',#2261,#2052,#2644,.T.);
#1884=EDGE_CURVE('',#2263,#2051,#2645,.T.);
#1885=EDGE_CURVE('',#2264,#2058,#2646,.T.);
#1886=EDGE_CURVE('',#2265,#2057,#2647,.T.);
#1887=EDGE_CURVE('',#2266,#2056,#2648,.T.);
#1888=EDGE_CURVE('',#2267,#2055,#2649,.T.);
#1889=EDGE_CURVE('',#2268,#2054,#2650,.T.);
#1890=EDGE_CURVE('',#2262,#2053,#2651,.T.);
#1891=EDGE_CURVE('',#2291,#2060,#2652,.T.);
#1892=EDGE_CURVE('',#2293,#2059,#2653,.T.);
#1893=EDGE_CURVE('',#2294,#2066,#2654,.T.);
#1894=EDGE_CURVE('',#2295,#2065,#2655,.T.);
#1895=EDGE_CURVE('',#2296,#2064,#2656,.T.);
#1896=EDGE_CURVE('',#2297,#2063,#2657,.T.);
#1897=EDGE_CURVE('',#2298,#2062,#2658,.T.);
#1898=EDGE_CURVE('',#2292,#2061,#2659,.T.);
#1899=EDGE_CURVE('',#2253,#2068,#2660,.T.);
#1900=EDGE_CURVE('',#2255,#2067,#2661,.T.);
#1901=EDGE_CURVE('',#2256,#2074,#2662,.T.);
#1902=EDGE_CURVE('',#2257,#2073,#2663,.T.);
#1903=EDGE_CURVE('',#2258,#2072,#2664,.T.);
#1904=EDGE_CURVE('',#2259,#2071,#2665,.T.);
#1905=EDGE_CURVE('',#2260,#2070,#2666,.T.);
#1906=EDGE_CURVE('',#2254,#2069,#2667,.T.);
#1907=EDGE_CURVE('',#2299,#2076,#2668,.T.);
#1908=EDGE_CURVE('',#2301,#2075,#2669,.T.);
#1909=EDGE_CURVE('',#2302,#2082,#2670,.T.);
#1910=EDGE_CURVE('',#2303,#2081,#2671,.T.);
#1911=EDGE_CURVE('',#2304,#2080,#2672,.T.);
#1912=EDGE_CURVE('',#2305,#2079,#2673,.T.);
#1913=EDGE_CURVE('',#2306,#2078,#2674,.T.);
#1914=EDGE_CURVE('',#2300,#2077,#2675,.T.);
#1915=EDGE_CURVE('',#2245,#2084,#2676,.T.);
#1916=EDGE_CURVE('',#2247,#2083,#2677,.T.);
#1917=EDGE_CURVE('',#2248,#2090,#2678,.T.);
#1918=EDGE_CURVE('',#2249,#2089,#2679,.T.);
#1919=EDGE_CURVE('',#2250,#2088,#2680,.T.);
#1920=EDGE_CURVE('',#2251,#2087,#2681,.T.);
#1921=EDGE_CURVE('',#2252,#2086,#2682,.T.);
#1922=EDGE_CURVE('',#2246,#2085,#2683,.T.);
#1923=EDGE_CURVE('',#2307,#2092,#2684,.T.);
#1924=EDGE_CURVE('',#2309,#2091,#2685,.T.);
#1925=EDGE_CURVE('',#2310,#2098,#2686,.T.);
#1926=EDGE_CURVE('',#2311,#2097,#2687,.T.);
#1927=EDGE_CURVE('',#2312,#2096,#2688,.T.);
#1928=EDGE_CURVE('',#2313,#2095,#2689,.T.);
#1929=EDGE_CURVE('',#2314,#2094,#2690,.T.);
#1930=EDGE_CURVE('',#2308,#2093,#2691,.T.);
#1931=EDGE_CURVE('',#2237,#2100,#2692,.T.);
#1932=EDGE_CURVE('',#2239,#2099,#2693,.T.);
#1933=EDGE_CURVE('',#2240,#2106,#2694,.T.);
#1934=EDGE_CURVE('',#2241,#2105,#2695,.T.);
#1935=EDGE_CURVE('',#2242,#2104,#2696,.T.);
#1936=EDGE_CURVE('',#2243,#2103,#2697,.T.);
#1937=EDGE_CURVE('',#2244,#2102,#2698,.T.);
#1938=EDGE_CURVE('',#2238,#2101,#2699,.T.);
#1939=EDGE_CURVE('',#2315,#2108,#2700,.T.);
#1940=EDGE_CURVE('',#2317,#2107,#2701,.T.);
#1941=EDGE_CURVE('',#2318,#2114,#2702,.T.);
#1942=EDGE_CURVE('',#2319,#2113,#2703,.T.);
#1943=EDGE_CURVE('',#2320,#2112,#2704,.T.);
#1944=EDGE_CURVE('',#2321,#2111,#2705,.T.);
#1945=EDGE_CURVE('',#2322,#2110,#2706,.T.);
#1946=EDGE_CURVE('',#2316,#2109,#2707,.T.);
#1947=EDGE_CURVE('',#2229,#2116,#2708,.T.);
#1948=EDGE_CURVE('',#2231,#2115,#2709,.T.);
#1949=EDGE_CURVE('',#2232,#2122,#2710,.T.);
#1950=EDGE_CURVE('',#2233,#2121,#2711,.T.);
#1951=EDGE_CURVE('',#2234,#2120,#2712,.T.);
#1952=EDGE_CURVE('',#2235,#2119,#2713,.T.);
#1953=EDGE_CURVE('',#2236,#2118,#2714,.T.);
#1954=EDGE_CURVE('',#2230,#2117,#2715,.T.);
#1955=EDGE_CURVE('',#2323,#2124,#2716,.T.);
#1956=EDGE_CURVE('',#2325,#2123,#2717,.T.);
#1957=EDGE_CURVE('',#2326,#2130,#2718,.T.);
#1958=EDGE_CURVE('',#2327,#2129,#2719,.T.);
#1959=EDGE_CURVE('',#2328,#2128,#2720,.T.);
#1960=EDGE_CURVE('',#2329,#2127,#2721,.T.);
#1961=EDGE_CURVE('',#2330,#2126,#2722,.T.);
#1962=EDGE_CURVE('',#2324,#2125,#2723,.T.);
#1963=EDGE_CURVE('',#2221,#2132,#2724,.T.);
#1964=EDGE_CURVE('',#2223,#2131,#2725,.T.);
#1965=EDGE_CURVE('',#2224,#2138,#2726,.T.);
#1966=EDGE_CURVE('',#2225,#2137,#2727,.T.);
#1967=EDGE_CURVE('',#2226,#2136,#2728,.T.);
#1968=EDGE_CURVE('',#2227,#2135,#2729,.T.);
#1969=EDGE_CURVE('',#2228,#2134,#2730,.T.);
#1970=EDGE_CURVE('',#2222,#2133,#2731,.T.);
#1971=EDGE_CURVE('',#2331,#2140,#2732,.T.);
#1972=EDGE_CURVE('',#2333,#2139,#2733,.T.);
#1973=EDGE_CURVE('',#2334,#2146,#2734,.T.);
#1974=EDGE_CURVE('',#2335,#2145,#2735,.T.);
#1975=EDGE_CURVE('',#2336,#2144,#2736,.T.);
#1976=EDGE_CURVE('',#2337,#2143,#2737,.T.);
#1977=EDGE_CURVE('',#2338,#2142,#2738,.T.);
#1978=EDGE_CURVE('',#2332,#2141,#2739,.T.);
#1979=EDGE_CURVE('',#2213,#2148,#2740,.T.);
#1980=EDGE_CURVE('',#2215,#2147,#2741,.T.);
#1981=EDGE_CURVE('',#2216,#2154,#2742,.T.);
#1982=EDGE_CURVE('',#2217,#2153,#2743,.T.);
#1983=EDGE_CURVE('',#2218,#2152,#2744,.T.);
#1984=EDGE_CURVE('',#2219,#2151,#2745,.T.);
#1985=EDGE_CURVE('',#2220,#2150,#2746,.T.);
#1986=EDGE_CURVE('',#2214,#2149,#2747,.T.);
#1987=EDGE_CURVE('',#2339,#2156,#2748,.T.);
#1988=EDGE_CURVE('',#2341,#2155,#2749,.T.);
#1989=EDGE_CURVE('',#2342,#2162,#2750,.T.);
#1990=EDGE_CURVE('',#2343,#2161,#2751,.T.);
#1991=EDGE_CURVE('',#2344,#2160,#2752,.T.);
#1992=EDGE_CURVE('',#2345,#2159,#2753,.T.);
#1993=EDGE_CURVE('',#2346,#2158,#2754,.T.);
#1994=EDGE_CURVE('',#2340,#2157,#2755,.T.);
#1995=EDGE_CURVE('',#2205,#2164,#2756,.T.);
#1996=EDGE_CURVE('',#2207,#2163,#2757,.T.);
#1997=EDGE_CURVE('',#2208,#2170,#2758,.T.);
#1998=EDGE_CURVE('',#2209,#2169,#2759,.T.);
#1999=EDGE_CURVE('',#2210,#2168,#2760,.T.);
#2000=EDGE_CURVE('',#2211,#2167,#2761,.T.);
#2001=EDGE_CURVE('',#2212,#2166,#2762,.T.);
#2002=EDGE_CURVE('',#2206,#2165,#2763,.T.);
#2003=EDGE_CURVE('',#2347,#2172,#2764,.T.);
#2004=EDGE_CURVE('',#2349,#2171,#2765,.T.);
#2005=EDGE_CURVE('',#2350,#2178,#2766,.T.);
#2006=EDGE_CURVE('',#2351,#2177,#2767,.T.);
#2007=EDGE_CURVE('',#2352,#2176,#2768,.T.);
#2008=EDGE_CURVE('',#2353,#2175,#2769,.T.);
#2009=EDGE_CURVE('',#2354,#2174,#2770,.T.);
#2010=EDGE_CURVE('',#2348,#2173,#2771,.T.);
#2011=EDGE_CURVE('',#2197,#2180,#2772,.T.);
#2012=EDGE_CURVE('',#2199,#2179,#2773,.T.);
#2013=EDGE_CURVE('',#2200,#2186,#2774,.T.);
#2014=EDGE_CURVE('',#2201,#2185,#2775,.T.);
#2015=EDGE_CURVE('',#2202,#2184,#2776,.T.);
#2016=EDGE_CURVE('',#2203,#2183,#2777,.T.);
#2017=EDGE_CURVE('',#2204,#2182,#2778,.T.);
#2018=EDGE_CURVE('',#2198,#2181,#2779,.T.);
#2019=EDGE_CURVE('',#2355,#2188,#2780,.T.);
#2020=EDGE_CURVE('',#2356,#2189,#2781,.T.);
#2021=EDGE_CURVE('',#2362,#2190,#2782,.T.);
#2022=EDGE_CURVE('',#2361,#2191,#2783,.T.);
#2023=EDGE_CURVE('',#2360,#2192,#2784,.T.);
#2024=EDGE_CURVE('',#2359,#2193,#2785,.T.);
#2025=EDGE_CURVE('',#2358,#2194,#2786,.T.);
#2026=EDGE_CURVE('',#2357,#2187,#2787,.T.);
#2027=VERTEX_POINT('',#5502);
#2028=VERTEX_POINT('',#5503);
#2029=VERTEX_POINT('',#5505);
#2030=VERTEX_POINT('',#5507);
#2031=VERTEX_POINT('',#5509);
#2032=VERTEX_POINT('',#5511);
#2033=VERTEX_POINT('',#5513);
#2034=VERTEX_POINT('',#5515);
#2035=VERTEX_POINT('',#5518);
#2036=VERTEX_POINT('',#5519);
#2037=VERTEX_POINT('',#5521);
#2038=VERTEX_POINT('',#5523);
#2039=VERTEX_POINT('',#5525);
#2040=VERTEX_POINT('',#5527);
#2041=VERTEX_POINT('',#5529);
#2042=VERTEX_POINT('',#5531);
#2043=VERTEX_POINT('',#5534);
#2044=VERTEX_POINT('',#5535);
#2045=VERTEX_POINT('',#5537);
#2046=VERTEX_POINT('',#5539);
#2047=VERTEX_POINT('',#5541);
#2048=VERTEX_POINT('',#5543);
#2049=VERTEX_POINT('',#5545);
#2050=VERTEX_POINT('',#5547);
#2051=VERTEX_POINT('',#5550);
#2052=VERTEX_POINT('',#5551);
#2053=VERTEX_POINT('',#5553);
#2054=VERTEX_POINT('',#5555);
#2055=VERTEX_POINT('',#5557);
#2056=VERTEX_POINT('',#5559);
#2057=VERTEX_POINT('',#5561);
#2058=VERTEX_POINT('',#5563);
#2059=VERTEX_POINT('',#5566);
#2060=VERTEX_POINT('',#5567);
#2061=VERTEX_POINT('',#5569);
#2062=VERTEX_POINT('',#5571);
#2063=VERTEX_POINT('',#5573);
#2064=VERTEX_POINT('',#5575);
#2065=VERTEX_POINT('',#5577);
#2066=VERTEX_POINT('',#5579);
#2067=VERTEX_POINT('',#5582);
#2068=VERTEX_POINT('',#5583);
#2069=VERTEX_POINT('',#5585);
#2070=VERTEX_POINT('',#5587);
#2071=VERTEX_POINT('',#5589);
#2072=VERTEX_POINT('',#5591);
#2073=VERTEX_POINT('',#5593);
#2074=VERTEX_POINT('',#5595);
#2075=VERTEX_POINT('',#5598);
#2076=VERTEX_POINT('',#5599);
#2077=VERTEX_POINT('',#5601);
#2078=VERTEX_POINT('',#5603);
#2079=VERTEX_POINT('',#5605);
#2080=VERTEX_POINT('',#5607);
#2081=VERTEX_POINT('',#5609);
#2082=VERTEX_POINT('',#5611);
#2083=VERTEX_POINT('',#5614);
#2084=VERTEX_POINT('',#5615);
#2085=VERTEX_POINT('',#5617);
#2086=VERTEX_POINT('',#5619);
#2087=VERTEX_POINT('',#5621);
#2088=VERTEX_POINT('',#5623);
#2089=VERTEX_POINT('',#5625);
#2090=VERTEX_POINT('',#5627);
#2091=VERTEX_POINT('',#5630);
#2092=VERTEX_POINT('',#5631);
#2093=VERTEX_POINT('',#5633);
#2094=VERTEX_POINT('',#5635);
#2095=VERTEX_POINT('',#5637);
#2096=VERTEX_POINT('',#5639);
#2097=VERTEX_POINT('',#5641);
#2098=VERTEX_POINT('',#5643);
#2099=VERTEX_POINT('',#5646);
#2100=VERTEX_POINT('',#5647);
#2101=VERTEX_POINT('',#5649);
#2102=VERTEX_POINT('',#5651);
#2103=VERTEX_POINT('',#5653);
#2104=VERTEX_POINT('',#5655);
#2105=VERTEX_POINT('',#5657);
#2106=VERTEX_POINT('',#5659);
#2107=VERTEX_POINT('',#5662);
#2108=VERTEX_POINT('',#5663);
#2109=VERTEX_POINT('',#5665);
#2110=VERTEX_POINT('',#5667);
#2111=VERTEX_POINT('',#5669);
#2112=VERTEX_POINT('',#5671);
#2113=VERTEX_POINT('',#5673);
#2114=VERTEX_POINT('',#5675);
#2115=VERTEX_POINT('',#5678);
#2116=VERTEX_POINT('',#5679);
#2117=VERTEX_POINT('',#5681);
#2118=VERTEX_POINT('',#5683);
#2119=VERTEX_POINT('',#5685);
#2120=VERTEX_POINT('',#5687);
#2121=VERTEX_POINT('',#5689);
#2122=VERTEX_POINT('',#5691);
#2123=VERTEX_POINT('',#5694);
#2124=VERTEX_POINT('',#5695);
#2125=VERTEX_POINT('',#5697);
#2126=VERTEX_POINT('',#5699);
#2127=VERTEX_POINT('',#5701);
#2128=VERTEX_POINT('',#5703);
#2129=VERTEX_POINT('',#5705);
#2130=VERTEX_POINT('',#5707);
#2131=VERTEX_POINT('',#5710);
#2132=VERTEX_POINT('',#5711);
#2133=VERTEX_POINT('',#5713);
#2134=VERTEX_POINT('',#5715);
#2135=VERTEX_POINT('',#5717);
#2136=VERTEX_POINT('',#5719);
#2137=VERTEX_POINT('',#5721);
#2138=VERTEX_POINT('',#5723);
#2139=VERTEX_POINT('',#5726);
#2140=VERTEX_POINT('',#5727);
#2141=VERTEX_POINT('',#5729);
#2142=VERTEX_POINT('',#5731);
#2143=VERTEX_POINT('',#5733);
#2144=VERTEX_POINT('',#5735);
#2145=VERTEX_POINT('',#5737);
#2146=VERTEX_POINT('',#5739);
#2147=VERTEX_POINT('',#5742);
#2148=VERTEX_POINT('',#5743);
#2149=VERTEX_POINT('',#5745);
#2150=VERTEX_POINT('',#5747);
#2151=VERTEX_POINT('',#5749);
#2152=VERTEX_POINT('',#5751);
#2153=VERTEX_POINT('',#5753);
#2154=VERTEX_POINT('',#5755);
#2155=VERTEX_POINT('',#5758);
#2156=VERTEX_POINT('',#5759);
#2157=VERTEX_POINT('',#5761);
#2158=VERTEX_POINT('',#5763);
#2159=VERTEX_POINT('',#5765);
#2160=VERTEX_POINT('',#5767);
#2161=VERTEX_POINT('',#5769);
#2162=VERTEX_POINT('',#5771);
#2163=VERTEX_POINT('',#5774);
#2164=VERTEX_POINT('',#5775);
#2165=VERTEX_POINT('',#5777);
#2166=VERTEX_POINT('',#5779);
#2167=VERTEX_POINT('',#5781);
#2168=VERTEX_POINT('',#5783);
#2169=VERTEX_POINT('',#5785);
#2170=VERTEX_POINT('',#5787);
#2171=VERTEX_POINT('',#5790);
#2172=VERTEX_POINT('',#5791);
#2173=VERTEX_POINT('',#5793);
#2174=VERTEX_POINT('',#5795);
#2175=VERTEX_POINT('',#5797);
#2176=VERTEX_POINT('',#5799);
#2177=VERTEX_POINT('',#5801);
#2178=VERTEX_POINT('',#5803);
#2179=VERTEX_POINT('',#5806);
#2180=VERTEX_POINT('',#5807);
#2181=VERTEX_POINT('',#5809);
#2182=VERTEX_POINT('',#5811);
#2183=VERTEX_POINT('',#5813);
#2184=VERTEX_POINT('',#5815);
#2185=VERTEX_POINT('',#5817);
#2186=VERTEX_POINT('',#5819);
#2187=VERTEX_POINT('',#5822);
#2188=VERTEX_POINT('',#5823);
#2189=VERTEX_POINT('',#5825);
#2190=VERTEX_POINT('',#5827);
#2191=VERTEX_POINT('',#5829);
#2192=VERTEX_POINT('',#5831);
#2193=VERTEX_POINT('',#5833);
#2194=VERTEX_POINT('',#5835);
#2195=VERTEX_POINT('',#5838);
#2196=VERTEX_POINT('',#5839);
#2197=VERTEX_POINT('',#5843);
#2198=VERTEX_POINT('',#5844);
#2199=VERTEX_POINT('',#5846);
#2200=VERTEX_POINT('',#5848);
#2201=VERTEX_POINT('',#5850);
#2202=VERTEX_POINT('',#5852);
#2203=VERTEX_POINT('',#5854);
#2204=VERTEX_POINT('',#5856);
#2205=VERTEX_POINT('',#5859);
#2206=VERTEX_POINT('',#5860);
#2207=VERTEX_POINT('',#5862);
#2208=VERTEX_POINT('',#5864);
#2209=VERTEX_POINT('',#5866);
#2210=VERTEX_POINT('',#5868);
#2211=VERTEX_POINT('',#5870);
#2212=VERTEX_POINT('',#5872);
#2213=VERTEX_POINT('',#5875);
#2214=VERTEX_POINT('',#5876);
#2215=VERTEX_POINT('',#5878);
#2216=VERTEX_POINT('',#5880);
#2217=VERTEX_POINT('',#5882);
#2218=VERTEX_POINT('',#5884);
#2219=VERTEX_POINT('',#5886);
#2220=VERTEX_POINT('',#5888);
#2221=VERTEX_POINT('',#5891);
#2222=VERTEX_POINT('',#5892);
#2223=VERTEX_POINT('',#5894);
#2224=VERTEX_POINT('',#5896);
#2225=VERTEX_POINT('',#5898);
#2226=VERTEX_POINT('',#5900);
#2227=VERTEX_POINT('',#5902);
#2228=VERTEX_POINT('',#5904);
#2229=VERTEX_POINT('',#5907);
#2230=VERTEX_POINT('',#5908);
#2231=VERTEX_POINT('',#5910);
#2232=VERTEX_POINT('',#5912);
#2233=VERTEX_POINT('',#5914);
#2234=VERTEX_POINT('',#5916);
#2235=VERTEX_POINT('',#5918);
#2236=VERTEX_POINT('',#5920);
#2237=VERTEX_POINT('',#5923);
#2238=VERTEX_POINT('',#5924);
#2239=VERTEX_POINT('',#5926);
#2240=VERTEX_POINT('',#5928);
#2241=VERTEX_POINT('',#5930);
#2242=VERTEX_POINT('',#5932);
#2243=VERTEX_POINT('',#5934);
#2244=VERTEX_POINT('',#5936);
#2245=VERTEX_POINT('',#5939);
#2246=VERTEX_POINT('',#5940);
#2247=VERTEX_POINT('',#5942);
#2248=VERTEX_POINT('',#5944);
#2249=VERTEX_POINT('',#5946);
#2250=VERTEX_POINT('',#5948);
#2251=VERTEX_POINT('',#5950);
#2252=VERTEX_POINT('',#5952);
#2253=VERTEX_POINT('',#5955);
#2254=VERTEX_POINT('',#5956);
#2255=VERTEX_POINT('',#5958);
#2256=VERTEX_POINT('',#5960);
#2257=VERTEX_POINT('',#5962);
#2258=VERTEX_POINT('',#5964);
#2259=VERTEX_POINT('',#5966);
#2260=VERTEX_POINT('',#5968);
#2261=VERTEX_POINT('',#5971);
#2262=VERTEX_POINT('',#5972);
#2263=VERTEX_POINT('',#5974);
#2264=VERTEX_POINT('',#5976);
#2265=VERTEX_POINT('',#5978);
#2266=VERTEX_POINT('',#5980);
#2267=VERTEX_POINT('',#5982);
#2268=VERTEX_POINT('',#5984);
#2269=VERTEX_POINT('',#5987);
#2270=VERTEX_POINT('',#5988);
#2271=VERTEX_POINT('',#5990);
#2272=VERTEX_POINT('',#5992);
#2273=VERTEX_POINT('',#5994);
#2274=VERTEX_POINT('',#5996);
#2275=VERTEX_POINT('',#5998);
#2276=VERTEX_POINT('',#6000);
#2277=VERTEX_POINT('',#6003);
#2278=VERTEX_POINT('',#6004);
#2279=VERTEX_POINT('',#6007);
#2280=VERTEX_POINT('',#6008);
#2281=VERTEX_POINT('',#6010);
#2282=VERTEX_POINT('',#6012);
#2283=VERTEX_POINT('',#6015);
#2284=VERTEX_POINT('',#6016);
#2285=VERTEX_POINT('',#6018);
#2286=VERTEX_POINT('',#6020);
#2287=VERTEX_POINT('',#6022);
#2288=VERTEX_POINT('',#6024);
#2289=VERTEX_POINT('',#6026);
#2290=VERTEX_POINT('',#6028);
#2291=VERTEX_POINT('',#6031);
#2292=VERTEX_POINT('',#6032);
#2293=VERTEX_POINT('',#6034);
#2294=VERTEX_POINT('',#6036);
#2295=VERTEX_POINT('',#6038);
#2296=VERTEX_POINT('',#6040);
#2297=VERTEX_POINT('',#6042);
#2298=VERTEX_POINT('',#6044);
#2299=VERTEX_POINT('',#6047);
#2300=VERTEX_POINT('',#6048);
#2301=VERTEX_POINT('',#6050);
#2302=VERTEX_POINT('',#6052);
#2303=VERTEX_POINT('',#6054);
#2304=VERTEX_POINT('',#6056);
#2305=VERTEX_POINT('',#6058);
#2306=VERTEX_POINT('',#6060);
#2307=VERTEX_POINT('',#6063);
#2308=VERTEX_POINT('',#6064);
#2309=VERTEX_POINT('',#6066);
#2310=VERTEX_POINT('',#6068);
#2311=VERTEX_POINT('',#6070);
#2312=VERTEX_POINT('',#6072);
#2313=VERTEX_POINT('',#6074);
#2314=VERTEX_POINT('',#6076);
#2315=VERTEX_POINT('',#6079);
#2316=VERTEX_POINT('',#6080);
#2317=VERTEX_POINT('',#6082);
#2318=VERTEX_POINT('',#6084);
#2319=VERTEX_POINT('',#6086);
#2320=VERTEX_POINT('',#6088);
#2321=VERTEX_POINT('',#6090);
#2322=VERTEX_POINT('',#6092);
#2323=VERTEX_POINT('',#6095);
#2324=VERTEX_POINT('',#6096);
#2325=VERTEX_POINT('',#6098);
#2326=VERTEX_POINT('',#6100);
#2327=VERTEX_POINT('',#6102);
#2328=VERTEX_POINT('',#6104);
#2329=VERTEX_POINT('',#6106);
#2330=VERTEX_POINT('',#6108);
#2331=VERTEX_POINT('',#6111);
#2332=VERTEX_POINT('',#6112);
#2333=VERTEX_POINT('',#6114);
#2334=VERTEX_POINT('',#6116);
#2335=VERTEX_POINT('',#6118);
#2336=VERTEX_POINT('',#6120);
#2337=VERTEX_POINT('',#6122);
#2338=VERTEX_POINT('',#6124);
#2339=VERTEX_POINT('',#6127);
#2340=VERTEX_POINT('',#6128);
#2341=VERTEX_POINT('',#6130);
#2342=VERTEX_POINT('',#6132);
#2343=VERTEX_POINT('',#6134);
#2344=VERTEX_POINT('',#6136);
#2345=VERTEX_POINT('',#6138);
#2346=VERTEX_POINT('',#6140);
#2347=VERTEX_POINT('',#6143);
#2348=VERTEX_POINT('',#6144);
#2349=VERTEX_POINT('',#6146);
#2350=VERTEX_POINT('',#6148);
#2351=VERTEX_POINT('',#6150);
#2352=VERTEX_POINT('',#6152);
#2353=VERTEX_POINT('',#6154);
#2354=VERTEX_POINT('',#6156);
#2355=VERTEX_POINT('',#6159);
#2356=VERTEX_POINT('',#6160);
#2357=VERTEX_POINT('',#6162);
#2358=VERTEX_POINT('',#6164);
#2359=VERTEX_POINT('',#6166);
#2360=VERTEX_POINT('',#6168);
#2361=VERTEX_POINT('',#6170);
#2362=VERTEX_POINT('',#6172);
#2363=VERTEX_POINT('',#6176);
#2364=VERTEX_POINT('',#6178);
#2365=VERTEX_POINT('',#6179);
#2366=VERTEX_POINT('',#6181);
#2367=VERTEX_POINT('',#6183);
#2368=VERTEX_POINT('',#6187);
#2369=VERTEX_POINT('',#6189);
#2370=VERTEX_POINT('',#6190);
#2371=VERTEX_POINT('',#6192);
#2372=VERTEX_POINT('',#6194);
#2373=VERTEX_POINT('',#6196);
#2374=VERTEX_POINT('',#6198);
#2375=VERTEX_POINT('',#6200);
#2376=VERTEX_POINT('',#6202);
#2377=VERTEX_POINT('',#6206);
#2378=VERTEX_POINT('',#6207);
#2379=VERTEX_POINT('',#6209);
#2380=VERTEX_POINT('',#6211);
#2381=VERTEX_POINT('',#6224);
#2382=VERTEX_POINT('',#6225);
#2383=VERTEX_POINT('',#6232);
#2384=VERTEX_POINT('',#6233);
#2385=VERTEX_POINT('',#7457);
#2386=VERTEX_POINT('',#7590);
#2387=VERTEX_POINT('',#7591);
#2388=VERTEX_POINT('',#7736);
#2389=VERTEX_POINT('',#7737);
#2390=VERTEX_POINT('',#7741);
#2391=VERTEX_POINT('',#7743);
#2392=VERTEX_POINT('',#7747);
#2393=VERTEX_POINT('',#7751);
#2394=VERTEX_POINT('',#7759);
#2395=VERTEX_POINT('',#7760);
#2396=VERTEX_POINT('',#7762);
#2397=VERTEX_POINT('',#7766);
#2398=VERTEX_POINT('',#7770);
#2399=VERTEX_POINT('',#7774);
#2400=VERTEX_POINT('',#7776);
#2401=VERTEX_POINT('',#7780);
#2402=VERTEX_POINT('',#7781);
#2403=VERTEX_POINT('',#7783);
#2404=VERTEX_POINT('',#7789);
#2405=VERTEX_POINT('',#7800);
#2406=VERTEX_POINT('',#7807);
#2407=VERTEX_POINT('',#7814);
#2408=VERTEX_POINT('',#7816);
#2409=VERTEX_POINT('',#7820);
#2410=VERTEX_POINT('',#7824);
#2411=LINE('',#5501,#2788);
#2412=LINE('',#5506,#2789);
#2413=LINE('',#5508,#2790);
#2414=LINE('',#5510,#2791);
#2415=LINE('',#5514,#2792);
#2416=LINE('',#5516,#2793);
#2417=LINE('',#5517,#2794);
#2418=LINE('',#5522,#2795);
#2419=LINE('',#5526,#2796);
#2420=LINE('',#5530,#2797);
#2421=LINE('',#5533,#2798);
#2422=LINE('',#5538,#2799);
#2423=LINE('',#5542,#2800);
#2424=LINE('',#5546,#2801);
#2425=LINE('',#5549,#2802);
#2426=LINE('',#5554,#2803);
#2427=LINE('',#5558,#2804);
#2428=LINE('',#5562,#2805);
#2429=LINE('',#5565,#2806);
#2430=LINE('',#5570,#2807);
#2431=LINE('',#5574,#2808);
#2432=LINE('',#5578,#2809);
#2433=LINE('',#5581,#2810);
#2434=LINE('',#5586,#2811);
#2435=LINE('',#5590,#2812);
#2436=LINE('',#5594,#2813);
#2437=LINE('',#5597,#2814);
#2438=LINE('',#5602,#2815);
#2439=LINE('',#5606,#2816);
#2440=LINE('',#5610,#2817);
#2441=LINE('',#5613,#2818);
#2442=LINE('',#5618,#2819);
#2443=LINE('',#5622,#2820);
#2444=LINE('',#5626,#2821);
#2445=LINE('',#5629,#2822);
#2446=LINE('',#5634,#2823);
#2447=LINE('',#5638,#2824);
#2448=LINE('',#5642,#2825);
#2449=LINE('',#5645,#2826);
#2450=LINE('',#5650,#2827);
#2451=LINE('',#5654,#2828);
#2452=LINE('',#5658,#2829);
#2453=LINE('',#5661,#2830);
#2454=LINE('',#5666,#2831);
#2455=LINE('',#5670,#2832);
#2456=LINE('',#5674,#2833);
#2457=LINE('',#5677,#2834);
#2458=LINE('',#5682,#2835);
#2459=LINE('',#5686,#2836);
#2460=LINE('',#5690,#2837);
#2461=LINE('',#5693,#2838);
#2462=LINE('',#5698,#2839);
#2463=LINE('',#5702,#2840);
#2464=LINE('',#5706,#2841);
#2465=LINE('',#5709,#2842);
#2466=LINE('',#5714,#2843);
#2467=LINE('',#5718,#2844);
#2468=LINE('',#5722,#2845);
#2469=LINE('',#5725,#2846);
#2470=LINE('',#5730,#2847);
#2471=LINE('',#5734,#2848);
#2472=LINE('',#5738,#2849);
#2473=LINE('',#5741,#2850);
#2474=LINE('',#5746,#2851);
#2475=LINE('',#5750,#2852);
#2476=LINE('',#5754,#2853);
#2477=LINE('',#5757,#2854);
#2478=LINE('',#5762,#2855);
#2479=LINE('',#5766,#2856);
#2480=LINE('',#5770,#2857);
#2481=LINE('',#5773,#2858);
#2482=LINE('',#5778,#2859);
#2483=LINE('',#5782,#2860);
#2484=LINE('',#5786,#2861);
#2485=LINE('',#5789,#2862);
#2486=LINE('',#5794,#2863);
#2487=LINE('',#5798,#2864);
#2488=LINE('',#5802,#2865);
#2489=LINE('',#5805,#2866);
#2490=LINE('',#5810,#2867);
#2491=LINE('',#5814,#2868);
#2492=LINE('',#5818,#2869);
#2493=LINE('',#5821,#2870);
#2494=LINE('',#5826,#2871);
#2495=LINE('',#5830,#2872);
#2496=LINE('',#5834,#2873);
#2497=LINE('',#5845,#2874);
#2498=LINE('',#5849,#2875);
#2499=LINE('',#5853,#2876);
#2500=LINE('',#5857,#2877);
#2501=LINE('',#5861,#2878);
#2502=LINE('',#5865,#2879);
#2503=LINE('',#5869,#2880);
#2504=LINE('',#5873,#2881);
#2505=LINE('',#5877,#2882);
#2506=LINE('',#5881,#2883);
#2507=LINE('',#5885,#2884);
#2508=LINE('',#5889,#2885);
#2509=LINE('',#5893,#2886);
#2510=LINE('',#5897,#2887);
#2511=LINE('',#5901,#2888);
#2512=LINE('',#5905,#2889);
#2513=LINE('',#5909,#2890);
#2514=LINE('',#5913,#2891);
#2515=LINE('',#5917,#2892);
#2516=LINE('',#5921,#2893);
#2517=LINE('',#5925,#2894);
#2518=LINE('',#5929,#2895);
#2519=LINE('',#5933,#2896);
#2520=LINE('',#5937,#2897);
#2521=LINE('',#5941,#2898);
#2522=LINE('',#5945,#2899);
#2523=LINE('',#5949,#2900);
#2524=LINE('',#5953,#2901);
#2525=LINE('',#5957,#2902);
#2526=LINE('',#5961,#2903);
#2527=LINE('',#5965,#2904);
#2528=LINE('',#5969,#2905);
#2529=LINE('',#5973,#2906);
#2530=LINE('',#5977,#2907);
#2531=LINE('',#5981,#2908);
#2532=LINE('',#5985,#2909);
#2533=LINE('',#5989,#2910);
#2534=LINE('',#5993,#2911);
#2535=LINE('',#5997,#2912);
#2536=LINE('',#6001,#2913);
#2537=LINE('',#6006,#2914);
#2538=LINE('',#6009,#2915);
#2539=LINE('',#6013,#2916);
#2540=LINE('',#6017,#2917);
#2541=LINE('',#6021,#2918);
#2542=LINE('',#6025,#2919);
#2543=LINE('',#6029,#2920);
#2544=LINE('',#6033,#2921);
#2545=LINE('',#6037,#2922);
#2546=LINE('',#6041,#2923);
#2547=LINE('',#6045,#2924);
#2548=LINE('',#6049,#2925);
#2549=LINE('',#6053,#2926);
#2550=LINE('',#6057,#2927);
#2551=LINE('',#6061,#2928);
#2552=LINE('',#6065,#2929);
#2553=LINE('',#6069,#2930);
#2554=LINE('',#6073,#2931);
#2555=LINE('',#6077,#2932);
#2556=LINE('',#6081,#2933);
#2557=LINE('',#6085,#2934);
#2558=LINE('',#6089,#2935);
#2559=LINE('',#6093,#2936);
#2560=LINE('',#6097,#2937);
#2561=LINE('',#6101,#2938);
#2562=LINE('',#6105,#2939);
#2563=LINE('',#6109,#2940);
#2564=LINE('',#6113,#2941);
#2565=LINE('',#6117,#2942);
#2566=LINE('',#6121,#2943);
#2567=LINE('',#6125,#2944);
#2568=LINE('',#6129,#2945);
#2569=LINE('',#6133,#2946);
#2570=LINE('',#6137,#2947);
#2571=LINE('',#6141,#2948);
#2572=LINE('',#6145,#2949);
#2573=LINE('',#6149,#2950);
#2574=LINE('',#6153,#2951);
#2575=LINE('',#6157,#2952);
#2576=LINE('',#6161,#2953);
#2577=LINE('',#6165,#2954);
#2578=LINE('',#6169,#2955);
#2579=LINE('',#6173,#2956);
#2580=LINE('',#6188,#2957);
#2581=LINE('',#6191,#2958);
#2582=LINE('',#6195,#2959);
#2583=LINE('',#6197,#2960);
#2584=LINE('',#6199,#2961);
#2585=LINE('',#6203,#2962);
#2586=LINE('',#6208,#2963);
#2587=LINE('',#6212,#2964);
#2588=LINE('',#7740,#2965);
#2589=LINE('',#7744,#2966);
#2590=LINE('',#7746,#2967);
#2591=LINE('',#7752,#2968);
#2592=LINE('',#7758,#2969);
#2593=LINE('',#7761,#2970);
#2594=LINE('',#7771,#2971);
#2595=LINE('',#7773,#2972);
#2596=LINE('',#7775,#2973);
#2597=LINE('',#7777,#2974);
#2598=LINE('',#7779,#2975);
#2599=LINE('',#7782,#2976);
#2600=LINE('',#7784,#2977);
#2601=LINE('',#7785,#2978);
#2602=LINE('',#7787,#2979);
#2603=LINE('',#7788,#2980);
#2604=LINE('',#7790,#2981);
#2605=LINE('',#7792,#2982);
#2606=LINE('',#7813,#2983);
#2607=LINE('',#7815,#2984);
#2608=LINE('',#7817,#2985);
#2609=LINE('',#7819,#2986);
#2610=LINE('',#7821,#2987);
#2611=LINE('',#7823,#2988);
#2612=LINE('',#7825,#2989);
#2613=LINE('',#7827,#2990);
#2614=LINE('',#7829,#2991);
#2615=LINE('',#7830,#2992);
#2616=LINE('',#7835,#2993);
#2617=LINE('',#7836,#2994);
#2618=LINE('',#7838,#2995);
#2619=LINE('',#7839,#2996);
#2620=LINE('',#7840,#2997);
#2621=LINE('',#7842,#2998);
#2622=LINE('',#7844,#2999);
#2623=LINE('',#7846,#3000);
#2624=LINE('',#7848,#3001);
#2625=LINE('',#7850,#3002);
#2626=LINE('',#7852,#3003);
#2627=LINE('',#7854,#3004);
#2628=LINE('',#7858,#3005);
#2629=LINE('',#7859,#3006);
#2630=LINE('',#7861,#3007);
#2631=LINE('',#7863,#3008);
#2632=LINE('',#7865,#3009);
#2633=LINE('',#7867,#3010);
#2634=LINE('',#7869,#3011);
#2635=LINE('',#7871,#3012);
#2636=LINE('',#7874,#3013);
#2637=LINE('',#7875,#3014);
#2638=LINE('',#7877,#3015);
#2639=LINE('',#7879,#3016);
#2640=LINE('',#7881,#3017);
#2641=LINE('',#7883,#3018);
#2642=LINE('',#7885,#3019);
#2643=LINE('',#7887,#3020);
#2644=LINE('',#7890,#3021);
#2645=LINE('',#7891,#3022);
#2646=LINE('',#7893,#3023);
#2647=LINE('',#7895,#3024);
#2648=LINE('',#7897,#3025);
#2649=LINE('',#7899,#3026);
#2650=LINE('',#7901,#3027);
#2651=LINE('',#7903,#3028);
#2652=LINE('',#7906,#3029);
#2653=LINE('',#7907,#3030);
#2654=LINE('',#7909,#3031);
#2655=LINE('',#7911,#3032);
#2656=LINE('',#7913,#3033);
#2657=LINE('',#7915,#3034);
#2658=LINE('',#7917,#3035);
#2659=LINE('',#7919,#3036);
#2660=LINE('',#7922,#3037);
#2661=LINE('',#7923,#3038);
#2662=LINE('',#7925,#3039);
#2663=LINE('',#7927,#3040);
#2664=LINE('',#7929,#3041);
#2665=LINE('',#7931,#3042);
#2666=LINE('',#7933,#3043);
#2667=LINE('',#7935,#3044);
#2668=LINE('',#7938,#3045);
#2669=LINE('',#7939,#3046);
#2670=LINE('',#7941,#3047);
#2671=LINE('',#7943,#3048);
#2672=LINE('',#7945,#3049);
#2673=LINE('',#7947,#3050);
#2674=LINE('',#7949,#3051);
#2675=LINE('',#7951,#3052);
#2676=LINE('',#7954,#3053);
#2677=LINE('',#7955,#3054);
#2678=LINE('',#7957,#3055);
#2679=LINE('',#7959,#3056);
#2680=LINE('',#7961,#3057);
#2681=LINE('',#7963,#3058);
#2682=LINE('',#7965,#3059);
#2683=LINE('',#7967,#3060);
#2684=LINE('',#7970,#3061);
#2685=LINE('',#7971,#3062);
#2686=LINE('',#7973,#3063);
#2687=LINE('',#7975,#3064);
#2688=LINE('',#7977,#3065);
#2689=LINE('',#7979,#3066);
#2690=LINE('',#7981,#3067);
#2691=LINE('',#7983,#3068);
#2692=LINE('',#7986,#3069);
#2693=LINE('',#7987,#3070);
#2694=LINE('',#7989,#3071);
#2695=LINE('',#7991,#3072);
#2696=LINE('',#7993,#3073);
#2697=LINE('',#7995,#3074);
#2698=LINE('',#7997,#3075);
#2699=LINE('',#7999,#3076);
#2700=LINE('',#8002,#3077);
#2701=LINE('',#8003,#3078);
#2702=LINE('',#8005,#3079);
#2703=LINE('',#8007,#3080);
#2704=LINE('',#8009,#3081);
#2705=LINE('',#8011,#3082);
#2706=LINE('',#8013,#3083);
#2707=LINE('',#8015,#3084);
#2708=LINE('',#8018,#3085);
#2709=LINE('',#8019,#3086);
#2710=LINE('',#8021,#3087);
#2711=LINE('',#8023,#3088);
#2712=LINE('',#8025,#3089);
#2713=LINE('',#8027,#3090);
#2714=LINE('',#8029,#3091);
#2715=LINE('',#8031,#3092);
#2716=LINE('',#8034,#3093);
#2717=LINE('',#8035,#3094);
#2718=LINE('',#8037,#3095);
#2719=LINE('',#8039,#3096);
#2720=LINE('',#8041,#3097);
#2721=LINE('',#8043,#3098);
#2722=LINE('',#8045,#3099);
#2723=LINE('',#8047,#3100);
#2724=LINE('',#8050,#3101);
#2725=LINE('',#8051,#3102);
#2726=LINE('',#8053,#3103);
#2727=LINE('',#8055,#3104);
#2728=LINE('',#8057,#3105);
#2729=LINE('',#8059,#3106);
#2730=LINE('',#8061,#3107);
#2731=LINE('',#8063,#3108);
#2732=LINE('',#8066,#3109);
#2733=LINE('',#8067,#3110);
#2734=LINE('',#8069,#3111);
#2735=LINE('',#8071,#3112);
#2736=LINE('',#8073,#3113);
#2737=LINE('',#8075,#3114);
#2738=LINE('',#8077,#3115);
#2739=LINE('',#8079,#3116);
#2740=LINE('',#8082,#3117);
#2741=LINE('',#8083,#3118);
#2742=LINE('',#8085,#3119);
#2743=LINE('',#8087,#3120);
#2744=LINE('',#8089,#3121);
#2745=LINE('',#8091,#3122);
#2746=LINE('',#8093,#3123);
#2747=LINE('',#8095,#3124);
#2748=LINE('',#8098,#3125);
#2749=LINE('',#8099,#3126);
#2750=LINE('',#8101,#3127);
#2751=LINE('',#8103,#3128);
#2752=LINE('',#8105,#3129);
#2753=LINE('',#8107,#3130);
#2754=LINE('',#8109,#3131);
#2755=LINE('',#8111,#3132);
#2756=LINE('',#8114,#3133);
#2757=LINE('',#8115,#3134);
#2758=LINE('',#8117,#3135);
#2759=LINE('',#8119,#3136);
#2760=LINE('',#8121,#3137);
#2761=LINE('',#8123,#3138);
#2762=LINE('',#8125,#3139);
#2763=LINE('',#8127,#3140);
#2764=LINE('',#8130,#3141);
#2765=LINE('',#8131,#3142);
#2766=LINE('',#8133,#3143);
#2767=LINE('',#8135,#3144);
#2768=LINE('',#8137,#3145);
#2769=LINE('',#8139,#3146);
#2770=LINE('',#8141,#3147);
#2771=LINE('',#8143,#3148);
#2772=LINE('',#8146,#3149);
#2773=LINE('',#8147,#3150);
#2774=LINE('',#8149,#3151);
#2775=LINE('',#8151,#3152);
#2776=LINE('',#8153,#3153);
#2777=LINE('',#8155,#3154);
#2778=LINE('',#8157,#3155);
#2779=LINE('',#8159,#3156);
#2780=LINE('',#8162,#3157);
#2781=LINE('',#8163,#3158);
#2782=LINE('',#8165,#3159);
#2783=LINE('',#8167,#3160);
#2784=LINE('',#8169,#3161);
#2785=LINE('',#8171,#3162);
#2786=LINE('',#8173,#3163);
#2787=LINE('',#8175,#3164);
#2788=VECTOR('',#4364,1.);
#2789=VECTOR('',#4367,1.);
#2790=VECTOR('',#4368,1.);
#2791=VECTOR('',#4369,1.);
#2792=VECTOR('',#4372,1.);
#2793=VECTOR('',#4373,1.);
#2794=VECTOR('',#4374,1.);
#2795=VECTOR('',#4377,1.);
#2796=VECTOR('',#4380,1.);
#2797=VECTOR('',#4383,1.);
#2798=VECTOR('',#4386,1.);
#2799=VECTOR('',#4389,1.);
#2800=VECTOR('',#4392,1.);
#2801=VECTOR('',#4395,1.);
#2802=VECTOR('',#4398,1.);
#2803=VECTOR('',#4401,1.);
#2804=VECTOR('',#4404,1.);
#2805=VECTOR('',#4407,1.);
#2806=VECTOR('',#4410,1.);
#2807=VECTOR('',#4413,1.);
#2808=VECTOR('',#4416,1.);
#2809=VECTOR('',#4419,1.);
#2810=VECTOR('',#4422,1.);
#2811=VECTOR('',#4425,1.);
#2812=VECTOR('',#4428,1.);
#2813=VECTOR('',#4431,1.);
#2814=VECTOR('',#4434,1.);
#2815=VECTOR('',#4437,1.);
#2816=VECTOR('',#4440,1.);
#2817=VECTOR('',#4443,1.);
#2818=VECTOR('',#4446,1.);
#2819=VECTOR('',#4449,1.);
#2820=VECTOR('',#4452,1.);
#2821=VECTOR('',#4455,1.);
#2822=VECTOR('',#4458,1.);
#2823=VECTOR('',#4461,1.);
#2824=VECTOR('',#4464,1.);
#2825=VECTOR('',#4467,1.);
#2826=VECTOR('',#4470,1.);
#2827=VECTOR('',#4473,1.);
#2828=VECTOR('',#4476,1.);
#2829=VECTOR('',#4479,1.);
#2830=VECTOR('',#4482,1.);
#2831=VECTOR('',#4485,1.);
#2832=VECTOR('',#4488,1.);
#2833=VECTOR('',#4491,1.);
#2834=VECTOR('',#4494,1.);
#2835=VECTOR('',#4497,1.);
#2836=VECTOR('',#4500,1.);
#2837=VECTOR('',#4503,1.);
#2838=VECTOR('',#4506,1.);
#2839=VECTOR('',#4509,1.);
#2840=VECTOR('',#4512,1.);
#2841=VECTOR('',#4515,1.);
#2842=VECTOR('',#4518,1.);
#2843=VECTOR('',#4521,1.);
#2844=VECTOR('',#4524,1.);
#2845=VECTOR('',#4527,1.);
#2846=VECTOR('',#4530,1.);
#2847=VECTOR('',#4533,1.);
#2848=VECTOR('',#4536,1.);
#2849=VECTOR('',#4539,1.);
#2850=VECTOR('',#4542,1.);
#2851=VECTOR('',#4545,1.);
#2852=VECTOR('',#4548,1.);
#2853=VECTOR('',#4551,1.);
#2854=VECTOR('',#4554,1.);
#2855=VECTOR('',#4557,1.);
#2856=VECTOR('',#4560,1.);
#2857=VECTOR('',#4563,1.);
#2858=VECTOR('',#4566,1.);
#2859=VECTOR('',#4569,1.);
#2860=VECTOR('',#4572,1.);
#2861=VECTOR('',#4575,1.);
#2862=VECTOR('',#4578,1.);
#2863=VECTOR('',#4581,1.);
#2864=VECTOR('',#4584,1.);
#2865=VECTOR('',#4587,1.);
#2866=VECTOR('',#4590,1.);
#2867=VECTOR('',#4593,1.);
#2868=VECTOR('',#4596,1.);
#2869=VECTOR('',#4599,1.);
#2870=VECTOR('',#4602,1.);
#2871=VECTOR('',#4605,1.);
#2872=VECTOR('',#4608,1.);
#2873=VECTOR('',#4611,1.);
#2874=VECTOR('',#4622,1.);
#2875=VECTOR('',#4625,1.);
#2876=VECTOR('',#4628,1.);
#2877=VECTOR('',#4631,1.);
#2878=VECTOR('',#4634,1.);
#2879=VECTOR('',#4637,1.);
#2880=VECTOR('',#4640,1.);
#2881=VECTOR('',#4643,1.);
#2882=VECTOR('',#4646,1.);
#2883=VECTOR('',#4649,1.);
#2884=VECTOR('',#4652,1.);
#2885=VECTOR('',#4655,1.);
#2886=VECTOR('',#4658,1.);
#2887=VECTOR('',#4661,1.);
#2888=VECTOR('',#4664,1.);
#2889=VECTOR('',#4667,1.);
#2890=VECTOR('',#4670,1.);
#2891=VECTOR('',#4673,1.);
#2892=VECTOR('',#4676,1.);
#2893=VECTOR('',#4679,1.);
#2894=VECTOR('',#4682,1.);
#2895=VECTOR('',#4685,1.);
#2896=VECTOR('',#4688,1.);
#2897=VECTOR('',#4691,1.);
#2898=VECTOR('',#4694,1.);
#2899=VECTOR('',#4697,1.);
#2900=VECTOR('',#4700,1.);
#2901=VECTOR('',#4703,1.);
#2902=VECTOR('',#4706,1.);
#2903=VECTOR('',#4709,1.);
#2904=VECTOR('',#4712,1.);
#2905=VECTOR('',#4715,1.);
#2906=VECTOR('',#4718,1.);
#2907=VECTOR('',#4721,1.);
#2908=VECTOR('',#4724,1.);
#2909=VECTOR('',#4727,1.);
#2910=VECTOR('',#4730,1.);
#2911=VECTOR('',#4733,1.);
#2912=VECTOR('',#4736,1.);
#2913=VECTOR('',#4739,1.);
#2914=VECTOR('',#4744,1.);
#2915=VECTOR('',#4745,1.);
#2916=VECTOR('',#4748,1.);
#2917=VECTOR('',#4751,1.);
#2918=VECTOR('',#4754,1.);
#2919=VECTOR('',#4757,1.);
#2920=VECTOR('',#4760,1.);
#2921=VECTOR('',#4763,1.);
#2922=VECTOR('',#4766,1.);
#2923=VECTOR('',#4769,1.);
#2924=VECTOR('',#4772,1.);
#2925=VECTOR('',#4775,1.);
#2926=VECTOR('',#4778,1.);
#2927=VECTOR('',#4781,1.);
#2928=VECTOR('',#4784,1.);
#2929=VECTOR('',#4787,1.);
#2930=VECTOR('',#4790,1.);
#2931=VECTOR('',#4793,1.);
#2932=VECTOR('',#4796,1.);
#2933=VECTOR('',#4799,1.);
#2934=VECTOR('',#4802,1.);
#2935=VECTOR('',#4805,1.);
#2936=VECTOR('',#4808,1.);
#2937=VECTOR('',#4811,1.);
#2938=VECTOR('',#4814,1.);
#2939=VECTOR('',#4817,1.);
#2940=VECTOR('',#4820,1.);
#2941=VECTOR('',#4823,1.);
#2942=VECTOR('',#4826,1.);
#2943=VECTOR('',#4829,1.);
#2944=VECTOR('',#4832,1.);
#2945=VECTOR('',#4835,1.);
#2946=VECTOR('',#4838,1.);
#2947=VECTOR('',#4841,1.);
#2948=VECTOR('',#4844,1.);
#2949=VECTOR('',#4847,1.);
#2950=VECTOR('',#4850,1.);
#2951=VECTOR('',#4853,1.);
#2952=VECTOR('',#4856,1.);
#2953=VECTOR('',#4859,1.);
#2954=VECTOR('',#4862,1.);
#2955=VECTOR('',#4865,1.);
#2956=VECTOR('',#4868,1.);
#2957=VECTOR('',#4885,1.);
#2958=VECTOR('',#4886,1.);
#2959=VECTOR('',#4889,1.);
#2960=VECTOR('',#4890,1.);
#2961=VECTOR('',#4891,1.);
#2962=VECTOR('',#4894,1.);
#2963=VECTOR('',#4899,1.);
#2964=VECTOR('',#4902,1.);
#2965=VECTOR('',#4921,1.);
#2966=VECTOR('',#4924,1.);
#2967=VECTOR('',#4927,1.);
#2968=VECTOR('',#4928,1.);
#2969=VECTOR('',#4933,1.);
#2970=VECTOR('',#4934,1.);
#2971=VECTOR('',#4935,1.);
#2972=VECTOR('',#4938,1.);
#2973=VECTOR('',#4939,1.);
#2974=VECTOR('',#4940,1.);
#2975=VECTOR('',#4943,1.);
#2976=VECTOR('',#4944,1.);
#2977=VECTOR('',#4945,1.);
#2978=VECTOR('',#4946,1.);
#2979=VECTOR('',#4949,1.);
#2980=VECTOR('',#4950,1.);
#2981=VECTOR('',#4951,1.);
#2982=VECTOR('',#4954,1.);
#2983=VECTOR('',#4961,1.);
#2984=VECTOR('',#4962,1.);
#2985=VECTOR('',#4963,1.);
#2986=VECTOR('',#4966,1.);
#2987=VECTOR('',#4967,1.);
#2988=VECTOR('',#4970,1.);
#2989=VECTOR('',#4971,1.);
#2990=VECTOR('',#4974,1.);
#2991=VECTOR('',#4977,1.);
#2992=VECTOR('',#4978,1.);
#2993=VECTOR('',#4987,1.);
#2994=VECTOR('',#4988,1.);
#2995=VECTOR('',#4991,1.);
#2996=VECTOR('',#4992,1.);
#2997=VECTOR('',#4993,1.);
#2998=VECTOR('',#4996,1.);
#2999=VECTOR('',#4999,1.);
#3000=VECTOR('',#5002,1.);
#3001=VECTOR('',#5005,1.);
#3002=VECTOR('',#5008,1.);
#3003=VECTOR('',#5011,1.);
#3004=VECTOR('',#5014,1.);
#3005=VECTOR('',#5021,1.);
#3006=VECTOR('',#5022,1.);
#3007=VECTOR('',#5025,1.);
#3008=VECTOR('',#5028,1.);
#3009=VECTOR('',#5031,1.);
#3010=VECTOR('',#5034,1.);
#3011=VECTOR('',#5037,1.);
#3012=VECTOR('',#5040,1.);
#3013=VECTOR('',#5045,1.);
#3014=VECTOR('',#5046,1.);
#3015=VECTOR('',#5049,1.);
#3016=VECTOR('',#5052,1.);
#3017=VECTOR('',#5055,1.);
#3018=VECTOR('',#5058,1.);
#3019=VECTOR('',#5061,1.);
#3020=VECTOR('',#5064,1.);
#3021=VECTOR('',#5069,1.);
#3022=VECTOR('',#5070,1.);
#3023=VECTOR('',#5073,1.);
#3024=VECTOR('',#5076,1.);
#3025=VECTOR('',#5079,1.);
#3026=VECTOR('',#5082,1.);
#3027=VECTOR('',#5085,1.);
#3028=VECTOR('',#5088,1.);
#3029=VECTOR('',#5093,1.);
#3030=VECTOR('',#5094,1.);
#3031=VECTOR('',#5097,1.);
#3032=VECTOR('',#5100,1.);
#3033=VECTOR('',#5103,1.);
#3034=VECTOR('',#5106,1.);
#3035=VECTOR('',#5109,1.);
#3036=VECTOR('',#5112,1.);
#3037=VECTOR('',#5117,1.);
#3038=VECTOR('',#5118,1.);
#3039=VECTOR('',#5121,1.);
#3040=VECTOR('',#5124,1.);
#3041=VECTOR('',#5127,1.);
#3042=VECTOR('',#5130,1.);
#3043=VECTOR('',#5133,1.);
#3044=VECTOR('',#5136,1.);
#3045=VECTOR('',#5141,1.);
#3046=VECTOR('',#5142,1.);
#3047=VECTOR('',#5145,1.);
#3048=VECTOR('',#5148,1.);
#3049=VECTOR('',#5151,1.);
#3050=VECTOR('',#5154,1.);
#3051=VECTOR('',#5157,1.);
#3052=VECTOR('',#5160,1.);
#3053=VECTOR('',#5165,1.);
#3054=VECTOR('',#5166,1.);
#3055=VECTOR('',#5169,1.);
#3056=VECTOR('',#5172,1.);
#3057=VECTOR('',#5175,1.);
#3058=VECTOR('',#5178,1.);
#3059=VECTOR('',#5181,1.);
#3060=VECTOR('',#5184,1.);
#3061=VECTOR('',#5189,1.);
#3062=VECTOR('',#5190,1.);
#3063=VECTOR('',#5193,1.);
#3064=VECTOR('',#5196,1.);
#3065=VECTOR('',#5199,1.);
#3066=VECTOR('',#5202,1.);
#3067=VECTOR('',#5205,1.);
#3068=VECTOR('',#5208,1.);
#3069=VECTOR('',#5213,1.);
#3070=VECTOR('',#5214,1.);
#3071=VECTOR('',#5217,1.);
#3072=VECTOR('',#5220,1.);
#3073=VECTOR('',#5223,1.);
#3074=VECTOR('',#5226,1.);
#3075=VECTOR('',#5229,1.);
#3076=VECTOR('',#5232,1.);
#3077=VECTOR('',#5237,1.);
#3078=VECTOR('',#5238,1.);
#3079=VECTOR('',#5241,1.);
#3080=VECTOR('',#5244,1.);
#3081=VECTOR('',#5247,1.);
#3082=VECTOR('',#5250,1.);
#3083=VECTOR('',#5253,1.);
#3084=VECTOR('',#5256,1.);
#3085=VECTOR('',#5261,1.);
#3086=VECTOR('',#5262,1.);
#3087=VECTOR('',#5265,1.);
#3088=VECTOR('',#5268,1.);
#3089=VECTOR('',#5271,1.);
#3090=VECTOR('',#5274,1.);
#3091=VECTOR('',#5277,1.);
#3092=VECTOR('',#5280,1.);
#3093=VECTOR('',#5285,1.);
#3094=VECTOR('',#5286,1.);
#3095=VECTOR('',#5289,1.);
#3096=VECTOR('',#5292,1.);
#3097=VECTOR('',#5295,1.);
#3098=VECTOR('',#5298,1.);
#3099=VECTOR('',#5301,1.);
#3100=VECTOR('',#5304,1.);
#3101=VECTOR('',#5309,1.);
#3102=VECTOR('',#5310,1.);
#3103=VECTOR('',#5313,1.);
#3104=VECTOR('',#5316,1.);
#3105=VECTOR('',#5319,1.);
#3106=VECTOR('',#5322,1.);
#3107=VECTOR('',#5325,1.);
#3108=VECTOR('',#5328,1.);
#3109=VECTOR('',#5333,1.);
#3110=VECTOR('',#5334,1.);
#3111=VECTOR('',#5337,1.);
#3112=VECTOR('',#5340,1.);
#3113=VECTOR('',#5343,1.);
#3114=VECTOR('',#5346,1.);
#3115=VECTOR('',#5349,1.);
#3116=VECTOR('',#5352,1.);
#3117=VECTOR('',#5357,1.);
#3118=VECTOR('',#5358,1.);
#3119=VECTOR('',#5361,1.);
#3120=VECTOR('',#5364,1.);
#3121=VECTOR('',#5367,1.);
#3122=VECTOR('',#5370,1.);
#3123=VECTOR('',#5373,1.);
#3124=VECTOR('',#5376,1.);
#3125=VECTOR('',#5381,1.);
#3126=VECTOR('',#5382,1.);
#3127=VECTOR('',#5385,1.);
#3128=VECTOR('',#5388,1.);
#3129=VECTOR('',#5391,1.);
#3130=VECTOR('',#5394,1.);
#3131=VECTOR('',#5397,1.);
#3132=VECTOR('',#5400,1.);
#3133=VECTOR('',#5405,1.);
#3134=VECTOR('',#5406,1.);
#3135=VECTOR('',#5409,1.);
#3136=VECTOR('',#5412,1.);
#3137=VECTOR('',#5415,1.);
#3138=VECTOR('',#5418,1.);
#3139=VECTOR('',#5421,1.);
#3140=VECTOR('',#5424,1.);
#3141=VECTOR('',#5429,1.);
#3142=VECTOR('',#5430,1.);
#3143=VECTOR('',#5433,1.);
#3144=VECTOR('',#5436,1.);
#3145=VECTOR('',#5439,1.);
#3146=VECTOR('',#5442,1.);
#3147=VECTOR('',#5445,1.);
#3148=VECTOR('',#5448,1.);
#3149=VECTOR('',#5453,1.);
#3150=VECTOR('',#5454,1.);
#3151=VECTOR('',#5457,1.);
#3152=VECTOR('',#5460,1.);
#3153=VECTOR('',#5463,1.);
#3154=VECTOR('',#5466,1.);
#3155=VECTOR('',#5469,1.);
#3156=VECTOR('',#5472,1.);
#3157=VECTOR('',#5477,1.);
#3158=VECTOR('',#5478,1.);
#3159=VECTOR('',#5481,1.);
#3160=VECTOR('',#5484,1.);
#3161=VECTOR('',#5487,1.);
#3162=VECTOR('',#5490,1.);
#3163=VECTOR('',#5493,1.);
#3164=VECTOR('',#5496,1.);
#3165=EDGE_LOOP('',(#302,#303,#304,#305,#306,#307,#308,#309));
#3166=EDGE_LOOP('',(#310,#311,#312,#313,#314,#315,#316,#317));
#3167=EDGE_LOOP('',(#318,#319,#320,#321,#322,#323,#324,#325));
#3168=EDGE_LOOP('',(#326,#327,#328,#329,#330,#331,#332,#333));
#3169=EDGE_LOOP('',(#334,#335,#336,#337,#338,#339,#340,#341));
#3170=EDGE_LOOP('',(#342,#343,#344,#345,#346,#347,#348,#349));
#3171=EDGE_LOOP('',(#350,#351,#352,#353,#354,#355,#356,#357));
#3172=EDGE_LOOP('',(#358,#359,#360,#361,#362,#363,#364,#365));
#3173=EDGE_LOOP('',(#366,#367,#368,#369,#370,#371,#372,#373));
#3174=EDGE_LOOP('',(#374,#375,#376,#377,#378,#379,#380,#381));
#3175=EDGE_LOOP('',(#382,#383,#384,#385,#386,#387,#388,#389));
#3176=EDGE_LOOP('',(#390,#391,#392,#393,#394,#395,#396,#397));
#3177=EDGE_LOOP('',(#398,#399,#400,#401,#402,#403,#404,#405));
#3178=EDGE_LOOP('',(#406,#407,#408,#409,#410,#411,#412,#413));
#3179=EDGE_LOOP('',(#414,#415,#416,#417,#418,#419,#420,#421));
#3180=EDGE_LOOP('',(#422,#423,#424,#425,#426,#427,#428,#429));
#3181=EDGE_LOOP('',(#430,#431,#432,#433,#434,#435,#436,#437));
#3182=EDGE_LOOP('',(#438,#439,#440,#441,#442,#443,#444,#445));
#3183=EDGE_LOOP('',(#446,#447,#448,#449,#450,#451,#452,#453));
#3184=EDGE_LOOP('',(#454,#455,#456,#457,#458,#459,#460,#461));
#3185=EDGE_LOOP('',(#462,#463,#464,#465,#466,#467,#468,#469));
#3186=EDGE_LOOP('',(#470,#471));
#3187=EDGE_LOOP('',(#472,#473,#474,#475,#476,#477,#478,#479));
#3188=EDGE_LOOP('',(#480,#481,#482,#483,#484,#485,#486,#487));
#3189=EDGE_LOOP('',(#488,#489,#490,#491,#492,#493,#494,#495));
#3190=EDGE_LOOP('',(#496,#497,#498,#499,#500,#501,#502,#503));
#3191=EDGE_LOOP('',(#504,#505,#506,#507,#508,#509,#510,#511));
#3192=EDGE_LOOP('',(#512,#513,#514,#515,#516,#517,#518,#519));
#3193=EDGE_LOOP('',(#520,#521,#522,#523,#524,#525,#526,#527));
#3194=EDGE_LOOP('',(#528,#529,#530,#531,#532,#533,#534,#535));
#3195=EDGE_LOOP('',(#536,#537,#538,#539,#540,#541,#542,#543));
#3196=EDGE_LOOP('',(#544,#545,#546,#547,#548,#549,#550,#551));
#3197=EDGE_LOOP('',(#552,#553));
#3198=EDGE_LOOP('',(#554,#555,#556,#557));
#3199=EDGE_LOOP('',(#558,#559,#560,#561,#562,#563,#564,#565));
#3200=EDGE_LOOP('',(#566,#567,#568,#569,#570,#571,#572,#573));
#3201=EDGE_LOOP('',(#574,#575,#576,#577,#578,#579,#580,#581));
#3202=EDGE_LOOP('',(#582,#583,#584,#585,#586,#587,#588,#589));
#3203=EDGE_LOOP('',(#590,#591,#592,#593,#594,#595,#596,#597));
#3204=EDGE_LOOP('',(#598,#599,#600,#601,#602,#603,#604,#605));
#3205=EDGE_LOOP('',(#606,#607,#608,#609,#610,#611,#612,#613));
#3206=EDGE_LOOP('',(#614,#615,#616,#617,#618,#619,#620,#621));
#3207=EDGE_LOOP('',(#622,#623,#624,#625,#626,#627,#628,#629));
#3208=EDGE_LOOP('',(#630,#631,#632,#633,#634,#635,#636,#637));
#3209=EDGE_LOOP('',(#638));
#3210=EDGE_LOOP('',(#639,#640,#641,#642));
#3211=EDGE_LOOP('',(#643));
#3212=EDGE_LOOP('',(#644,#645,#646,#647,#648,#649,#650,#651));
#3213=EDGE_LOOP('',(#652,#653,#654,#655));
#3214=EDGE_LOOP('',(#656));
#3215=EDGE_LOOP('',(#657,#658,#659,#660));
#3216=EDGE_LOOP('',(#661,#662));
#3217=EDGE_LOOP('',(#663,#664));
#3218=EDGE_LOOP('',(#665));
#3219=EDGE_LOOP('',(#666,#667));
#3220=EDGE_LOOP('',(#668,#669));
#3221=EDGE_LOOP('',(#670,#671));
#3222=EDGE_LOOP('',(#672));
#3223=EDGE_LOOP('',(#673,#674,#675,#676));
#3224=EDGE_LOOP('',(#677,#678,#679,#680));
#3225=EDGE_LOOP('',(#681,#682,#683,#684));
#3226=EDGE_LOOP('',(#685,#686,#687,#688,#689));
#3227=EDGE_LOOP('',(#690,#691,#692,#693));
#3228=EDGE_LOOP('',(#694,#695,#696,#697,#698));
#3229=EDGE_LOOP('',(#699,#700,#701,#702,#703));
#3230=EDGE_LOOP('',(#704,#705,#706,#707));
#3231=EDGE_LOOP('',(#708,#709,#710,#711));
#3232=EDGE_LOOP('',(#712,#713,#714,#715,#716,#717,#718));
#3233=EDGE_LOOP('',(#719,#720,#721,#722));
#3234=EDGE_LOOP('',(#723,#724,#725,#726,#727,#728));
#3235=EDGE_LOOP('',(#729));
#3236=EDGE_LOOP('',(#730,#731,#732,#733,#734,#735,#736,#737));
#3237=EDGE_LOOP('',(#738,#739,#740,#741,#742,#743,#744,#745));
#3238=EDGE_LOOP('',(#746,#747,#748,#749));
#3239=EDGE_LOOP('',(#750,#751,#752,#753));
#3240=EDGE_LOOP('',(#754,#755,#756,#757));
#3241=EDGE_LOOP('',(#758,#759));
#3242=EDGE_LOOP('',(#760,#761,#762,#763));
#3243=EDGE_LOOP('',(#764,#765,#766,#767));
#3244=EDGE_LOOP('',(#768,#769,#770,#771,#772,#773));
#3245=EDGE_LOOP('',(#774,#775,#776,#777));
#3246=EDGE_LOOP('',(#778,#779,#780,#781));
#3247=EDGE_LOOP('',(#782,#783,#784,#785,#786,#787));
#3248=EDGE_LOOP('',(#788,#789,#790,#791));
#3249=EDGE_LOOP('',(#792,#793,#794,#795));
#3250=EDGE_LOOP('',(#796,#797,#798,#799));
#3251=EDGE_LOOP('',(#800,#801,#802,#803));
#3252=EDGE_LOOP('',(#804,#805,#806,#807));
#3253=EDGE_LOOP('',(#808,#809,#810,#811));
#3254=EDGE_LOOP('',(#812,#813,#814,#815));
#3255=EDGE_LOOP('',(#816,#817,#818,#819));
#3256=EDGE_LOOP('',(#820,#821,#822,#823));
#3257=EDGE_LOOP('',(#824,#825,#826,#827));
#3258=EDGE_LOOP('',(#828,#829,#830,#831));
#3259=EDGE_LOOP('',(#832,#833,#834,#835));
#3260=EDGE_LOOP('',(#836,#837,#838,#839));
#3261=EDGE_LOOP('',(#840,#841,#842,#843));
#3262=EDGE_LOOP('',(#844,#845,#846,#847));
#3263=EDGE_LOOP('',(#848,#849,#850,#851));
#3264=EDGE_LOOP('',(#852,#853,#854,#855));
#3265=EDGE_LOOP('',(#856,#857,#858,#859));
#3266=EDGE_LOOP('',(#860,#861,#862,#863));
#3267=EDGE_LOOP('',(#864,#865,#866,#867));
#3268=EDGE_LOOP('',(#868,#869,#870,#871));
#3269=EDGE_LOOP('',(#872,#873,#874,#875));
#3270=EDGE_LOOP('',(#876,#877,#878,#879));
#3271=EDGE_LOOP('',(#880,#881,#882,#883));
#3272=EDGE_LOOP('',(#884,#885,#886,#887));
#3273=EDGE_LOOP('',(#888,#889,#890,#891));
#3274=EDGE_LOOP('',(#892,#893,#894,#895));
#3275=EDGE_LOOP('',(#896,#897,#898,#899));
#3276=EDGE_LOOP('',(#900,#901,#902,#903));
#3277=EDGE_LOOP('',(#904,#905,#906,#907));
#3278=EDGE_LOOP('',(#908,#909,#910,#911));
#3279=EDGE_LOOP('',(#912,#913,#914,#915));
#3280=EDGE_LOOP('',(#916,#917,#918,#919));
#3281=EDGE_LOOP('',(#920,#921,#922,#923));
#3282=EDGE_LOOP('',(#924,#925,#926,#927));
#3283=EDGE_LOOP('',(#928,#929,#930,#931));
#3284=EDGE_LOOP('',(#932,#933,#934,#935));
#3285=EDGE_LOOP('',(#936,#937,#938,#939));
#3286=EDGE_LOOP('',(#940,#941,#942,#943));
#3287=EDGE_LOOP('',(#944,#945,#946,#947));
#3288=EDGE_LOOP('',(#948,#949,#950,#951));
#3289=EDGE_LOOP('',(#952,#953,#954,#955));
#3290=EDGE_LOOP('',(#956,#957,#958,#959));
#3291=EDGE_LOOP('',(#960,#961,#962,#963));
#3292=EDGE_LOOP('',(#964,#965,#966,#967));
#3293=EDGE_LOOP('',(#968,#969,#970,#971));
#3294=EDGE_LOOP('',(#972,#973,#974,#975));
#3295=EDGE_LOOP('',(#976,#977,#978,#979));
#3296=EDGE_LOOP('',(#980,#981,#982,#983));
#3297=EDGE_LOOP('',(#984,#985,#986,#987));
#3298=EDGE_LOOP('',(#988,#989,#990,#991));
#3299=EDGE_LOOP('',(#992,#993,#994,#995));
#3300=EDGE_LOOP('',(#996,#997,#998,#999));
#3301=EDGE_LOOP('',(#1000,#1001,#1002,#1003));
#3302=EDGE_LOOP('',(#1004,#1005,#1006,#1007));
#3303=EDGE_LOOP('',(#1008,#1009,#1010,#1011));
#3304=EDGE_LOOP('',(#1012,#1013,#1014,#1015));
#3305=EDGE_LOOP('',(#1016,#1017,#1018,#1019));
#3306=EDGE_LOOP('',(#1020,#1021,#1022,#1023));
#3307=EDGE_LOOP('',(#1024,#1025,#1026,#1027));
#3308=EDGE_LOOP('',(#1028,#1029,#1030,#1031));
#3309=EDGE_LOOP('',(#1032,#1033,#1034,#1035));
#3310=EDGE_LOOP('',(#1036,#1037,#1038,#1039));
#3311=EDGE_LOOP('',(#1040,#1041,#1042,#1043));
#3312=EDGE_LOOP('',(#1044,#1045,#1046,#1047));
#3313=EDGE_LOOP('',(#1048,#1049,#1050,#1051));
#3314=EDGE_LOOP('',(#1052,#1053,#1054,#1055));
#3315=EDGE_LOOP('',(#1056,#1057,#1058,#1059));
#3316=EDGE_LOOP('',(#1060,#1061,#1062,#1063));
#3317=EDGE_LOOP('',(#1064,#1065,#1066,#1067));
#3318=EDGE_LOOP('',(#1068,#1069,#1070,#1071));
#3319=EDGE_LOOP('',(#1072,#1073,#1074,#1075));
#3320=EDGE_LOOP('',(#1076,#1077,#1078,#1079));
#3321=EDGE_LOOP('',(#1080,#1081,#1082,#1083));
#3322=EDGE_LOOP('',(#1084,#1085,#1086,#1087));
#3323=EDGE_LOOP('',(#1088,#1089,#1090,#1091));
#3324=EDGE_LOOP('',(#1092,#1093,#1094,#1095));
#3325=EDGE_LOOP('',(#1096,#1097,#1098,#1099));
#3326=EDGE_LOOP('',(#1100,#1101,#1102,#1103));
#3327=EDGE_LOOP('',(#1104,#1105,#1106,#1107));
#3328=EDGE_LOOP('',(#1108,#1109,#1110,#1111));
#3329=EDGE_LOOP('',(#1112,#1113,#1114,#1115));
#3330=EDGE_LOOP('',(#1116,#1117,#1118,#1119));
#3331=EDGE_LOOP('',(#1120,#1121,#1122,#1123));
#3332=EDGE_LOOP('',(#1124,#1125,#1126,#1127));
#3333=EDGE_LOOP('',(#1128,#1129,#1130,#1131));
#3334=EDGE_LOOP('',(#1132,#1133,#1134,#1135));
#3335=EDGE_LOOP('',(#1136,#1137,#1138,#1139));
#3336=EDGE_LOOP('',(#1140,#1141,#1142,#1143));
#3337=EDGE_LOOP('',(#1144,#1145,#1146,#1147));
#3338=EDGE_LOOP('',(#1148,#1149,#1150,#1151));
#3339=EDGE_LOOP('',(#1152,#1153,#1154,#1155));
#3340=EDGE_LOOP('',(#1156,#1157,#1158,#1159));
#3341=EDGE_LOOP('',(#1160,#1161,#1162,#1163));
#3342=EDGE_LOOP('',(#1164,#1165,#1166,#1167));
#3343=EDGE_LOOP('',(#1168,#1169,#1170,#1171));
#3344=EDGE_LOOP('',(#1172,#1173,#1174,#1175));
#3345=EDGE_LOOP('',(#1176,#1177,#1178,#1179));
#3346=EDGE_LOOP('',(#1180,#1181,#1182,#1183));
#3347=EDGE_LOOP('',(#1184,#1185,#1186,#1187));
#3348=EDGE_LOOP('',(#1188,#1189,#1190,#1191));
#3349=EDGE_LOOP('',(#1192,#1193,#1194,#1195));
#3350=EDGE_LOOP('',(#1196,#1197,#1198,#1199));
#3351=EDGE_LOOP('',(#1200,#1201,#1202,#1203));
#3352=EDGE_LOOP('',(#1204,#1205,#1206,#1207));
#3353=EDGE_LOOP('',(#1208,#1209,#1210,#1211));
#3354=EDGE_LOOP('',(#1212,#1213,#1214,#1215));
#3355=EDGE_LOOP('',(#1216,#1217,#1218,#1219));
#3356=EDGE_LOOP('',(#1220,#1221,#1222,#1223));
#3357=EDGE_LOOP('',(#1224,#1225,#1226,#1227));
#3358=EDGE_LOOP('',(#1228,#1229,#1230,#1231));
#3359=EDGE_LOOP('',(#1232,#1233,#1234,#1235));
#3360=EDGE_LOOP('',(#1236,#1237,#1238,#1239));
#3361=EDGE_LOOP('',(#1240,#1241,#1242,#1243));
#3362=EDGE_LOOP('',(#1244,#1245,#1246,#1247));
#3363=EDGE_LOOP('',(#1248,#1249,#1250,#1251));
#3364=EDGE_LOOP('',(#1252,#1253,#1254,#1255));
#3365=EDGE_LOOP('',(#1256,#1257,#1258,#1259));
#3366=EDGE_LOOP('',(#1260,#1261,#1262,#1263));
#3367=EDGE_LOOP('',(#1264,#1265,#1266,#1267));
#3368=EDGE_LOOP('',(#1268,#1269,#1270,#1271));
#3369=EDGE_LOOP('',(#1272,#1273,#1274,#1275));
#3370=EDGE_LOOP('',(#1276,#1277,#1278,#1279));
#3371=EDGE_LOOP('',(#1280,#1281,#1282,#1283));
#3372=EDGE_LOOP('',(#1284,#1285,#1286,#1287));
#3373=EDGE_LOOP('',(#1288,#1289,#1290,#1291));
#3374=EDGE_LOOP('',(#1292,#1293,#1294,#1295));
#3375=EDGE_LOOP('',(#1296,#1297,#1298,#1299));
#3376=EDGE_LOOP('',(#1300,#1301,#1302,#1303));
#3377=EDGE_LOOP('',(#1304,#1305,#1306,#1307));
#3378=EDGE_LOOP('',(#1308,#1309,#1310,#1311));
#3379=EDGE_LOOP('',(#1312,#1313,#1314,#1315));
#3380=EDGE_LOOP('',(#1316,#1317,#1318,#1319));
#3381=EDGE_LOOP('',(#1320,#1321,#1322,#1323));
#3382=EDGE_LOOP('',(#1324,#1325,#1326,#1327));
#3383=EDGE_LOOP('',(#1328,#1329,#1330,#1331));
#3384=EDGE_LOOP('',(#1332,#1333,#1334,#1335));
#3385=EDGE_LOOP('',(#1336,#1337,#1338,#1339));
#3386=EDGE_LOOP('',(#1340,#1341,#1342,#1343));
#3387=EDGE_LOOP('',(#1344,#1345,#1346,#1347));
#3388=EDGE_LOOP('',(#1348,#1349,#1350,#1351));
#3389=EDGE_LOOP('',(#1352,#1353,#1354,#1355));
#3390=EDGE_LOOP('',(#1356,#1357,#1358,#1359));
#3391=EDGE_LOOP('',(#1360,#1361,#1362,#1363));
#3392=EDGE_LOOP('',(#1364,#1365,#1366,#1367));
#3393=EDGE_LOOP('',(#1368,#1369,#1370,#1371));
#3394=EDGE_LOOP('',(#1372,#1373,#1374,#1375));
#3395=EDGE_LOOP('',(#1376,#1377,#1378,#1379));
#3396=EDGE_LOOP('',(#1380,#1381,#1382,#1383));
#3397=EDGE_LOOP('',(#1384,#1385,#1386,#1387));
#3398=EDGE_LOOP('',(#1388,#1389,#1390,#1391));
#3399=EDGE_LOOP('',(#1392,#1393,#1394,#1395));
#3400=EDGE_LOOP('',(#1396,#1397,#1398,#1399));
#3401=EDGE_LOOP('',(#1400,#1401,#1402,#1403));
#3402=EDGE_LOOP('',(#1404,#1405,#1406,#1407));
#3403=EDGE_LOOP('',(#1408,#1409,#1410,#1411));
#3404=EDGE_LOOP('',(#1412,#1413,#1414,#1415));
#3405=EDGE_LOOP('',(#1416,#1417,#1418,#1419));
#3406=EDGE_LOOP('',(#1420,#1421,#1422,#1423));
#3407=EDGE_LOOP('',(#1424,#1425,#1426,#1427));
#3408=EDGE_LOOP('',(#1428,#1429,#1430,#1431));
#3409=EDGE_LOOP('',(#1432,#1433,#1434,#1435));
#3410=EDGE_LOOP('',(#1436,#1437,#1438,#1439));
#3411=EDGE_LOOP('',(#1440,#1441,#1442,#1443));
#3412=EDGE_LOOP('',(#1444,#1445,#1446,#1447));
#3413=EDGE_LOOP('',(#1448,#1449,#1450,#1451));
#3414=FACE_BOUND('',#3165,.T.);
#3415=FACE_BOUND('',#3166,.T.);
#3416=FACE_BOUND('',#3167,.T.);
#3417=FACE_BOUND('',#3168,.T.);
#3418=FACE_BOUND('',#3169,.T.);
#3419=FACE_BOUND('',#3170,.T.);
#3420=FACE_BOUND('',#3171,.T.);
#3421=FACE_BOUND('',#3172,.T.);
#3422=FACE_BOUND('',#3173,.T.);
#3423=FACE_BOUND('',#3174,.T.);
#3424=FACE_BOUND('',#3175,.T.);
#3425=FACE_BOUND('',#3176,.T.);
#3426=FACE_BOUND('',#3177,.T.);
#3427=FACE_BOUND('',#3178,.T.);
#3428=FACE_BOUND('',#3179,.T.);
#3429=FACE_BOUND('',#3180,.T.);
#3430=FACE_BOUND('',#3181,.T.);
#3431=FACE_BOUND('',#3182,.T.);
#3432=FACE_BOUND('',#3183,.T.);
#3433=FACE_BOUND('',#3184,.T.);
#3434=FACE_BOUND('',#3185,.T.);
#3435=FACE_BOUND('',#3186,.T.);
#3436=FACE_BOUND('',#3187,.T.);
#3437=FACE_BOUND('',#3188,.T.);
#3438=FACE_BOUND('',#3189,.T.);
#3439=FACE_BOUND('',#3190,.T.);
#3440=FACE_BOUND('',#3191,.T.);
#3441=FACE_BOUND('',#3192,.T.);
#3442=FACE_BOUND('',#3193,.T.);
#3443=FACE_BOUND('',#3194,.T.);
#3444=FACE_BOUND('',#3195,.T.);
#3445=FACE_BOUND('',#3196,.T.);
#3446=FACE_BOUND('',#3197,.T.);
#3447=FACE_BOUND('',#3198,.T.);
#3448=FACE_BOUND('',#3199,.T.);
#3449=FACE_BOUND('',#3200,.T.);
#3450=FACE_BOUND('',#3201,.T.);
#3451=FACE_BOUND('',#3202,.T.);
#3452=FACE_BOUND('',#3203,.T.);
#3453=FACE_BOUND('',#3204,.T.);
#3454=FACE_BOUND('',#3205,.T.);
#3455=FACE_BOUND('',#3206,.T.);
#3456=FACE_BOUND('',#3207,.T.);
#3457=FACE_BOUND('',#3208,.T.);
#3458=FACE_BOUND('',#3209,.T.);
#3459=FACE_BOUND('',#3210,.T.);
#3460=FACE_BOUND('',#3211,.T.);
#3461=FACE_BOUND('',#3212,.T.);
#3462=FACE_BOUND('',#3213,.T.);
#3463=FACE_BOUND('',#3214,.T.);
#3464=FACE_BOUND('',#3215,.T.);
#3465=FACE_BOUND('',#3216,.T.);
#3466=FACE_BOUND('',#3217,.T.);
#3467=FACE_BOUND('',#3218,.T.);
#3468=FACE_BOUND('',#3219,.T.);
#3469=FACE_BOUND('',#3220,.T.);
#3470=FACE_BOUND('',#3221,.T.);
#3471=FACE_BOUND('',#3222,.T.);
#3472=FACE_BOUND('',#3223,.T.);
#3473=FACE_BOUND('',#3224,.T.);
#3474=FACE_BOUND('',#3225,.T.);
#3475=FACE_BOUND('',#3226,.T.);
#3476=FACE_BOUND('',#3227,.T.);
#3477=FACE_BOUND('',#3228,.T.);
#3478=FACE_BOUND('',#3229,.T.);
#3479=FACE_BOUND('',#3230,.T.);
#3480=FACE_BOUND('',#3231,.T.);
#3481=FACE_BOUND('',#3232,.T.);
#3482=FACE_BOUND('',#3233,.T.);
#3483=FACE_BOUND('',#3234,.T.);
#3484=FACE_BOUND('',#3235,.T.);
#3485=FACE_BOUND('',#3236,.T.);
#3486=FACE_BOUND('',#3237,.T.);
#3487=FACE_BOUND('',#3238,.T.);
#3488=FACE_BOUND('',#3239,.T.);
#3489=FACE_BOUND('',#3240,.T.);
#3490=FACE_BOUND('',#3241,.T.);
#3491=FACE_BOUND('',#3242,.T.);
#3492=FACE_BOUND('',#3243,.T.);
#3493=FACE_BOUND('',#3244,.T.);
#3494=FACE_BOUND('',#3245,.T.);
#3495=FACE_BOUND('',#3246,.T.);
#3496=FACE_BOUND('',#3247,.T.);
#3497=FACE_BOUND('',#3248,.T.);
#3498=FACE_BOUND('',#3249,.T.);
#3499=FACE_BOUND('',#3250,.T.);
#3500=FACE_BOUND('',#3251,.T.);
#3501=FACE_BOUND('',#3252,.T.);
#3502=FACE_BOUND('',#3253,.T.);
#3503=FACE_BOUND('',#3254,.T.);
#3504=FACE_BOUND('',#3255,.T.);
#3505=FACE_BOUND('',#3256,.T.);
#3506=FACE_BOUND('',#3257,.T.);
#3507=FACE_BOUND('',#3258,.T.);
#3508=FACE_BOUND('',#3259,.T.);
#3509=FACE_BOUND('',#3260,.T.);
#3510=FACE_BOUND('',#3261,.T.);
#3511=FACE_BOUND('',#3262,.T.);
#3512=FACE_BOUND('',#3263,.T.);
#3513=FACE_BOUND('',#3264,.T.);
#3514=FACE_BOUND('',#3265,.T.);
#3515=FACE_BOUND('',#3266,.T.);
#3516=FACE_BOUND('',#3267,.T.);
#3517=FACE_BOUND('',#3268,.T.);
#3518=FACE_BOUND('',#3269,.T.);
#3519=FACE_BOUND('',#3270,.T.);
#3520=FACE_BOUND('',#3271,.T.);
#3521=FACE_BOUND('',#3272,.T.);
#3522=FACE_BOUND('',#3273,.T.);
#3523=FACE_BOUND('',#3274,.T.);
#3524=FACE_BOUND('',#3275,.T.);
#3525=FACE_BOUND('',#3276,.T.);
#3526=FACE_BOUND('',#3277,.T.);
#3527=FACE_BOUND('',#3278,.T.);
#3528=FACE_BOUND('',#3279,.T.);
#3529=FACE_BOUND('',#3280,.T.);
#3530=FACE_BOUND('',#3281,.T.);
#3531=FACE_BOUND('',#3282,.T.);
#3532=FACE_BOUND('',#3283,.T.);
#3533=FACE_BOUND('',#3284,.T.);
#3534=FACE_BOUND('',#3285,.T.);
#3535=FACE_BOUND('',#3286,.T.);
#3536=FACE_BOUND('',#3287,.T.);
#3537=FACE_BOUND('',#3288,.T.);
#3538=FACE_BOUND('',#3289,.T.);
#3539=FACE_BOUND('',#3290,.T.);
#3540=FACE_BOUND('',#3291,.T.);
#3541=FACE_BOUND('',#3292,.T.);
#3542=FACE_BOUND('',#3293,.T.);
#3543=FACE_BOUND('',#3294,.T.);
#3544=FACE_BOUND('',#3295,.T.);
#3545=FACE_BOUND('',#3296,.T.);
#3546=FACE_BOUND('',#3297,.T.);
#3547=FACE_BOUND('',#3298,.T.);
#3548=FACE_BOUND('',#3299,.T.);
#3549=FACE_BOUND('',#3300,.T.);
#3550=FACE_BOUND('',#3301,.T.);
#3551=FACE_BOUND('',#3302,.T.);
#3552=FACE_BOUND('',#3303,.T.);
#3553=FACE_BOUND('',#3304,.T.);
#3554=FACE_BOUND('',#3305,.T.);
#3555=FACE_BOUND('',#3306,.T.);
#3556=FACE_BOUND('',#3307,.T.);
#3557=FACE_BOUND('',#3308,.T.);
#3558=FACE_BOUND('',#3309,.T.);
#3559=FACE_BOUND('',#3310,.T.);
#3560=FACE_BOUND('',#3311,.T.);
#3561=FACE_BOUND('',#3312,.T.);
#3562=FACE_BOUND('',#3313,.T.);
#3563=FACE_BOUND('',#3314,.T.);
#3564=FACE_BOUND('',#3315,.T.);
#3565=FACE_BOUND('',#3316,.T.);
#3566=FACE_BOUND('',#3317,.T.);
#3567=FACE_BOUND('',#3318,.T.);
#3568=FACE_BOUND('',#3319,.T.);
#3569=FACE_BOUND('',#3320,.T.);
#3570=FACE_BOUND('',#3321,.T.);
#3571=FACE_BOUND('',#3322,.T.);
#3572=FACE_BOUND('',#3323,.T.);
#3573=FACE_BOUND('',#3324,.T.);
#3574=FACE_BOUND('',#3325,.T.);
#3575=FACE_BOUND('',#3326,.T.);
#3576=FACE_BOUND('',#3327,.T.);
#3577=FACE_BOUND('',#3328,.T.);
#3578=FACE_BOUND('',#3329,.T.);
#3579=FACE_BOUND('',#3330,.T.);
#3580=FACE_BOUND('',#3331,.T.);
#3581=FACE_BOUND('',#3332,.T.);
#3582=FACE_BOUND('',#3333,.T.);
#3583=FACE_BOUND('',#3334,.T.);
#3584=FACE_BOUND('',#3335,.T.);
#3585=FACE_BOUND('',#3336,.T.);
#3586=FACE_BOUND('',#3337,.T.);
#3587=FACE_BOUND('',#3338,.T.);
#3588=FACE_BOUND('',#3339,.T.);
#3589=FACE_BOUND('',#3340,.T.);
#3590=FACE_BOUND('',#3341,.T.);
#3591=FACE_BOUND('',#3342,.T.);
#3592=FACE_BOUND('',#3343,.T.);
#3593=FACE_BOUND('',#3344,.T.);
#3594=FACE_BOUND('',#3345,.T.);
#3595=FACE_BOUND('',#3346,.T.);
#3596=FACE_BOUND('',#3347,.T.);
#3597=FACE_BOUND('',#3348,.T.);
#3598=FACE_BOUND('',#3349,.T.);
#3599=FACE_BOUND('',#3350,.T.);
#3600=FACE_BOUND('',#3351,.T.);
#3601=FACE_BOUND('',#3352,.T.);
#3602=FACE_BOUND('',#3353,.T.);
#3603=FACE_BOUND('',#3354,.T.);
#3604=FACE_BOUND('',#3355,.T.);
#3605=FACE_BOUND('',#3356,.T.);
#3606=FACE_BOUND('',#3357,.T.);
#3607=FACE_BOUND('',#3358,.T.);
#3608=FACE_BOUND('',#3359,.T.);
#3609=FACE_BOUND('',#3360,.T.);
#3610=FACE_BOUND('',#3361,.T.);
#3611=FACE_BOUND('',#3362,.T.);
#3612=FACE_BOUND('',#3363,.T.);
#3613=FACE_BOUND('',#3364,.T.);
#3614=FACE_BOUND('',#3365,.T.);
#3615=FACE_BOUND('',#3366,.T.);
#3616=FACE_BOUND('',#3367,.T.);
#3617=FACE_BOUND('',#3368,.T.);
#3618=FACE_BOUND('',#3369,.T.);
#3619=FACE_BOUND('',#3370,.T.);
#3620=FACE_BOUND('',#3371,.T.);
#3621=FACE_BOUND('',#3372,.T.);
#3622=FACE_BOUND('',#3373,.T.);
#3623=FACE_BOUND('',#3374,.T.);
#3624=FACE_BOUND('',#3375,.T.);
#3625=FACE_BOUND('',#3376,.T.);
#3626=FACE_BOUND('',#3377,.T.);
#3627=FACE_BOUND('',#3378,.T.);
#3628=FACE_BOUND('',#3379,.T.);
#3629=FACE_BOUND('',#3380,.T.);
#3630=FACE_BOUND('',#3381,.T.);
#3631=FACE_BOUND('',#3382,.T.);
#3632=FACE_BOUND('',#3383,.T.);
#3633=FACE_BOUND('',#3384,.T.);
#3634=FACE_BOUND('',#3385,.T.);
#3635=FACE_BOUND('',#3386,.T.);
#3636=FACE_BOUND('',#3387,.T.);
#3637=FACE_BOUND('',#3388,.T.);
#3638=FACE_BOUND('',#3389,.T.);
#3639=FACE_BOUND('',#3390,.T.);
#3640=FACE_BOUND('',#3391,.T.);
#3641=FACE_BOUND('',#3392,.T.);
#3642=FACE_BOUND('',#3393,.T.);
#3643=FACE_BOUND('',#3394,.T.);
#3644=FACE_BOUND('',#3395,.T.);
#3645=FACE_BOUND('',#3396,.T.);
#3646=FACE_BOUND('',#3397,.T.);
#3647=FACE_BOUND('',#3398,.T.);
#3648=FACE_BOUND('',#3399,.T.);
#3649=FACE_BOUND('',#3400,.T.);
#3650=FACE_BOUND('',#3401,.T.);
#3651=FACE_BOUND('',#3402,.T.);
#3652=FACE_BOUND('',#3403,.T.);
#3653=FACE_BOUND('',#3404,.T.);
#3654=FACE_BOUND('',#3405,.T.);
#3655=FACE_BOUND('',#3406,.T.);
#3656=FACE_BOUND('',#3407,.T.);
#3657=FACE_BOUND('',#3408,.T.);
#3658=FACE_BOUND('',#3409,.T.);
#3659=FACE_BOUND('',#3410,.T.);
#3660=FACE_BOUND('',#3411,.T.);
#3661=FACE_BOUND('',#3412,.T.);
#3662=FACE_BOUND('',#3413,.T.);
#3663=PLANE('',#3980);
#3664=PLANE('',#4065);
#3665=PLANE('',#4155);
#3666=PLANE('',#4159);
#3667=PLANE('',#4172);
#3668=PLANE('',#4173);
#3669=PLANE('',#4174);
#3670=PLANE('',#4175);
#3671=PLANE('',#4176);
#3672=PLANE('',#4177);
#3673=PLANE('',#4178);
#3674=PLANE('',#4180);
#3675=PLANE('',#4181);
#3676=PLANE('',#4182);
#3677=PLANE('',#4183);
#3678=PLANE('',#4184);
#3679=PLANE('',#4186);
#3680=PLANE('',#4187);
#3681=PLANE('',#4188);
#3682=PLANE('',#4190);
#3683=PLANE('',#4191);
#3684=PLANE('',#4192);
#3685=PLANE('',#4193);
#3686=PLANE('',#4195);
#3687=PLANE('',#4196);
#3688=PLANE('',#4197);
#3689=PLANE('',#4200);
#3690=PLANE('',#4202);
#3691=PLANE('',#4204);
#3692=PLANE('',#4206);
#3693=PLANE('',#4208);
#3694=PLANE('',#4210);
#3695=PLANE('',#4212);
#3696=PLANE('',#4214);
#3697=PLANE('',#4216);
#3698=PLANE('',#4218);
#3699=PLANE('',#4220);
#3700=PLANE('',#4222);
#3701=PLANE('',#4224);
#3702=PLANE('',#4226);
#3703=PLANE('',#4228);
#3704=PLANE('',#4230);
#3705=PLANE('',#4232);
#3706=PLANE('',#4234);
#3707=PLANE('',#4236);
#3708=PLANE('',#4238);
#3709=PLANE('',#4240);
#3710=PLANE('',#4242);
#3711=PLANE('',#4244);
#3712=PLANE('',#4246);
#3713=PLANE('',#4248);
#3714=PLANE('',#4250);
#3715=PLANE('',#4252);
#3716=PLANE('',#4254);
#3717=PLANE('',#4256);
#3718=PLANE('',#4258);
#3719=PLANE('',#4260);
#3720=PLANE('',#4262);
#3721=PLANE('',#4264);
#3722=PLANE('',#4266);
#3723=PLANE('',#4268);
#3724=PLANE('',#4270);
#3725=PLANE('',#4272);
#3726=PLANE('',#4274);
#3727=PLANE('',#4276);
#3728=PLANE('',#4278);
#3729=PLANE('',#4280);
#3730=PLANE('',#4282);
#3731=PLANE('',#4284);
#3732=PLANE('',#4286);
#3733=PLANE('',#4288);
#3734=PLANE('',#4290);
#3735=PLANE('',#4292);
#3736=PLANE('',#4294);
#3737=PLANE('',#4296);
#3738=PLANE('',#4298);
#3739=PLANE('',#4300);
#3740=PLANE('',#4302);
#3741=PLANE('',#4304);
#3742=PLANE('',#4306);
#3743=PLANE('',#4308);
#3744=PLANE('',#4310);
#3745=PLANE('',#4312);
#3746=PLANE('',#4314);
#3747=PLANE('',#4316);
#3748=PLANE('',#4318);
#3749=PLANE('',#4320);
#3750=PLANE('',#4322);
#3751=PLANE('',#4324);
#3752=PLANE('',#4326);
#3753=PLANE('',#4328);
#3754=PLANE('',#4330);
#3755=PLANE('',#4332);
#3756=PLANE('',#4334);
#3757=PLANE('',#4336);
#3758=PLANE('',#4338);
#3759=PLANE('',#4340);
#3760=PLANE('',#4342);
#3761=PLANE('',#4344);
#3762=PLANE('',#4346);
#3763=PLANE('',#4348);
#3764=PLANE('',#4350);
#3765=PLANE('',#4353);
#3766=PLANE('',#4355);
#3767=PLANE('',#4357);
#3768=PLANE('',#4359);
#3769=ADVANCED_FACE('',(#3414,#3415,#3416,#3417,#3418,#3419,#3420,#3421,
#3422,#3423,#3424,#3425,#3426,#3427,#3428,#3429,#3430,#3431,#3432,#3433,
#3434,#3435),#3663,.F.);
#3770=ADVANCED_FACE('',(#3436,#3437,#3438,#3439,#3440,#3441,#3442,#3443,
#3444,#3445,#3446,#3447,#3448,#3449,#3450,#3451,#3452,#3453,#3454,#3455,
#3456,#3457),#3664,.T.);
#3771=ADVANCED_FACE('',(#3458,#3459),#33,.F.);
#3772=ADVANCED_FACE('',(#3460,#3461),#3665,.T.);
#3773=ADVANCED_FACE('',(#3462),#3666,.T.);
#3774=ADVANCED_FACE('',(#3463,#3464),#28,.T.);
#3775=ADVANCED_FACE('',(#3465,#3466),#29,.T.);
#3776=ADVANCED_FACE('',(#3467,#3468),#12,.F.);
#3777=ADVANCED_FACE('',(#3469,#3470),#34,.F.);
#3778=ADVANCED_FACE('',(#3471,#3472),#35,.T.);
#3779=ADVANCED_FACE('',(#3473),#3667,.F.);
#3780=ADVANCED_FACE('',(#3474),#3668,.F.);
#3781=ADVANCED_FACE('',(#3475),#3669,.T.);
#3782=ADVANCED_FACE('',(#3476),#3670,.F.);
#3783=ADVANCED_FACE('',(#3477),#3671,.T.);
#3784=ADVANCED_FACE('',(#3478),#3672,.T.);
#3785=ADVANCED_FACE('',(#3479),#3673,.F.);
#3786=ADVANCED_FACE('',(#3480,#3481),#30,.T.);
#3787=ADVANCED_FACE('',(#3482),#3674,.F.);
#3788=ADVANCED_FACE('',(#3483,#3484),#3675,.T.);
#3789=ADVANCED_FACE('',(#3485),#3676,.T.);
#3790=ADVANCED_FACE('',(#3486),#3677,.T.);
#3791=ADVANCED_FACE('',(#3487),#3678,.T.);
#3792=ADVANCED_FACE('',(#3488),#36,.T.);
#3793=ADVANCED_FACE('',(#3489),#3679,.F.);
#3794=ADVANCED_FACE('',(#3490),#3680,.T.);
#3795=ADVANCED_FACE('',(#3491),#3681,.F.);
#3796=ADVANCED_FACE('',(#3492),#37,.T.);
#3797=ADVANCED_FACE('',(#3493),#3682,.T.);
#3798=ADVANCED_FACE('',(#3494),#3683,.T.);
#3799=ADVANCED_FACE('',(#3495),#3684,.T.);
#3800=ADVANCED_FACE('',(#3496),#3685,.T.);
#3801=ADVANCED_FACE('',(#3497),#38,.F.);
#3802=ADVANCED_FACE('',(#3498),#3686,.T.);
#3803=ADVANCED_FACE('',(#3499),#3687,.T.);
#3804=ADVANCED_FACE('',(#3500),#3688,.T.);
#3805=ADVANCED_FACE('',(#3501),#39,.F.);
#3806=ADVANCED_FACE('',(#3502),#40,.T.);
#3807=ADVANCED_FACE('',(#3503),#3689,.T.);
#3808=ADVANCED_FACE('',(#3504),#41,.F.);
#3809=ADVANCED_FACE('',(#3505),#3690,.F.);
#3810=ADVANCED_FACE('',(#3506),#42,.F.);
#3811=ADVANCED_FACE('',(#3507),#3691,.F.);
#3812=ADVANCED_FACE('',(#3508),#43,.F.);
#3813=ADVANCED_FACE('',(#3509),#3692,.T.);
#3814=ADVANCED_FACE('',(#3510),#44,.F.);
#3815=ADVANCED_FACE('',(#3511),#3693,.T.);
#3816=ADVANCED_FACE('',(#3512),#45,.F.);
#3817=ADVANCED_FACE('',(#3513),#3694,.F.);
#3818=ADVANCED_FACE('',(#3514),#46,.F.);
#3819=ADVANCED_FACE('',(#3515),#3695,.F.);
#3820=ADVANCED_FACE('',(#3516),#47,.F.);
#3821=ADVANCED_FACE('',(#3517),#3696,.T.);
#3822=ADVANCED_FACE('',(#3518),#48,.F.);
#3823=ADVANCED_FACE('',(#3519),#3697,.T.);
#3824=ADVANCED_FACE('',(#3520),#49,.F.);
#3825=ADVANCED_FACE('',(#3521),#3698,.F.);
#3826=ADVANCED_FACE('',(#3522),#50,.F.);
#3827=ADVANCED_FACE('',(#3523),#3699,.F.);
#3828=ADVANCED_FACE('',(#3524),#51,.F.);
#3829=ADVANCED_FACE('',(#3525),#3700,.T.);
#3830=ADVANCED_FACE('',(#3526),#52,.F.);
#3831=ADVANCED_FACE('',(#3527),#3701,.T.);
#3832=ADVANCED_FACE('',(#3528),#53,.F.);
#3833=ADVANCED_FACE('',(#3529),#3702,.F.);
#3834=ADVANCED_FACE('',(#3530),#54,.F.);
#3835=ADVANCED_FACE('',(#3531),#3703,.F.);
#3836=ADVANCED_FACE('',(#3532),#55,.F.);
#3837=ADVANCED_FACE('',(#3533),#3704,.T.);
#3838=ADVANCED_FACE('',(#3534),#56,.F.);
#3839=ADVANCED_FACE('',(#3535),#3705,.T.);
#3840=ADVANCED_FACE('',(#3536),#57,.F.);
#3841=ADVANCED_FACE('',(#3537),#3706,.F.);
#3842=ADVANCED_FACE('',(#3538),#58,.F.);
#3843=ADVANCED_FACE('',(#3539),#3707,.F.);
#3844=ADVANCED_FACE('',(#3540),#59,.F.);
#3845=ADVANCED_FACE('',(#3541),#3708,.T.);
#3846=ADVANCED_FACE('',(#3542),#60,.F.);
#3847=ADVANCED_FACE('',(#3543),#3709,.T.);
#3848=ADVANCED_FACE('',(#3544),#61,.F.);
#3849=ADVANCED_FACE('',(#3545),#3710,.F.);
#3850=ADVANCED_FACE('',(#3546),#62,.F.);
#3851=ADVANCED_FACE('',(#3547),#3711,.F.);
#3852=ADVANCED_FACE('',(#3548),#63,.F.);
#3853=ADVANCED_FACE('',(#3549),#3712,.T.);
#3854=ADVANCED_FACE('',(#3550),#64,.F.);
#3855=ADVANCED_FACE('',(#3551),#3713,.T.);
#3856=ADVANCED_FACE('',(#3552),#65,.F.);
#3857=ADVANCED_FACE('',(#3553),#3714,.F.);
#3858=ADVANCED_FACE('',(#3554),#66,.F.);
#3859=ADVANCED_FACE('',(#3555),#3715,.F.);
#3860=ADVANCED_FACE('',(#3556),#67,.F.);
#3861=ADVANCED_FACE('',(#3557),#3716,.T.);
#3862=ADVANCED_FACE('',(#3558),#68,.F.);
#3863=ADVANCED_FACE('',(#3559),#3717,.T.);
#3864=ADVANCED_FACE('',(#3560),#69,.F.);
#3865=ADVANCED_FACE('',(#3561),#3718,.F.);
#3866=ADVANCED_FACE('',(#3562),#70,.F.);
#3867=ADVANCED_FACE('',(#3563),#3719,.F.);
#3868=ADVANCED_FACE('',(#3564),#71,.F.);
#3869=ADVANCED_FACE('',(#3565),#3720,.T.);
#3870=ADVANCED_FACE('',(#3566),#72,.F.);
#3871=ADVANCED_FACE('',(#3567),#3721,.T.);
#3872=ADVANCED_FACE('',(#3568),#73,.F.);
#3873=ADVANCED_FACE('',(#3569),#3722,.F.);
#3874=ADVANCED_FACE('',(#3570),#74,.F.);
#3875=ADVANCED_FACE('',(#3571),#3723,.F.);
#3876=ADVANCED_FACE('',(#3572),#75,.F.);
#3877=ADVANCED_FACE('',(#3573),#3724,.T.);
#3878=ADVANCED_FACE('',(#3574),#76,.F.);
#3879=ADVANCED_FACE('',(#3575),#3725,.T.);
#3880=ADVANCED_FACE('',(#3576),#77,.F.);
#3881=ADVANCED_FACE('',(#3577),#3726,.F.);
#3882=ADVANCED_FACE('',(#3578),#78,.F.);
#3883=ADVANCED_FACE('',(#3579),#3727,.F.);
#3884=ADVANCED_FACE('',(#3580),#79,.F.);
#3885=ADVANCED_FACE('',(#3581),#3728,.T.);
#3886=ADVANCED_FACE('',(#3582),#80,.F.);
#3887=ADVANCED_FACE('',(#3583),#3729,.T.);
#3888=ADVANCED_FACE('',(#3584),#81,.F.);
#3889=ADVANCED_FACE('',(#3585),#3730,.F.);
#3890=ADVANCED_FACE('',(#3586),#82,.F.);
#3891=ADVANCED_FACE('',(#3587),#3731,.F.);
#3892=ADVANCED_FACE('',(#3588),#83,.F.);
#3893=ADVANCED_FACE('',(#3589),#3732,.T.);
#3894=ADVANCED_FACE('',(#3590),#84,.F.);
#3895=ADVANCED_FACE('',(#3591),#3733,.T.);
#3896=ADVANCED_FACE('',(#3592),#85,.F.);
#3897=ADVANCED_FACE('',(#3593),#3734,.F.);
#3898=ADVANCED_FACE('',(#3594),#86,.F.);
#3899=ADVANCED_FACE('',(#3595),#3735,.F.);
#3900=ADVANCED_FACE('',(#3596),#87,.F.);
#3901=ADVANCED_FACE('',(#3597),#3736,.T.);
#3902=ADVANCED_FACE('',(#3598),#88,.F.);
#3903=ADVANCED_FACE('',(#3599),#3737,.T.);
#3904=ADVANCED_FACE('',(#3600),#89,.F.);
#3905=ADVANCED_FACE('',(#3601),#3738,.F.);
#3906=ADVANCED_FACE('',(#3602),#90,.F.);
#3907=ADVANCED_FACE('',(#3603),#3739,.F.);
#3908=ADVANCED_FACE('',(#3604),#91,.F.);
#3909=ADVANCED_FACE('',(#3605),#3740,.T.);
#3910=ADVANCED_FACE('',(#3606),#92,.F.);
#3911=ADVANCED_FACE('',(#3607),#3741,.T.);
#3912=ADVANCED_FACE('',(#3608),#93,.F.);
#3913=ADVANCED_FACE('',(#3609),#3742,.F.);
#3914=ADVANCED_FACE('',(#3610),#94,.F.);
#3915=ADVANCED_FACE('',(#3611),#3743,.F.);
#3916=ADVANCED_FACE('',(#3612),#95,.F.);
#3917=ADVANCED_FACE('',(#3613),#3744,.T.);
#3918=ADVANCED_FACE('',(#3614),#96,.F.);
#3919=ADVANCED_FACE('',(#3615),#3745,.T.);
#3920=ADVANCED_FACE('',(#3616),#97,.F.);
#3921=ADVANCED_FACE('',(#3617),#3746,.F.);
#3922=ADVANCED_FACE('',(#3618),#98,.F.);
#3923=ADVANCED_FACE('',(#3619),#3747,.F.);
#3924=ADVANCED_FACE('',(#3620),#99,.F.);
#3925=ADVANCED_FACE('',(#3621),#3748,.T.);
#3926=ADVANCED_FACE('',(#3622),#100,.F.);
#3927=ADVANCED_FACE('',(#3623),#3749,.T.);
#3928=ADVANCED_FACE('',(#3624),#101,.F.);
#3929=ADVANCED_FACE('',(#3625),#3750,.F.);
#3930=ADVANCED_FACE('',(#3626),#102,.F.);
#3931=ADVANCED_FACE('',(#3627),#3751,.F.);
#3932=ADVANCED_FACE('',(#3628),#103,.F.);
#3933=ADVANCED_FACE('',(#3629),#3752,.T.);
#3934=ADVANCED_FACE('',(#3630),#104,.F.);
#3935=ADVANCED_FACE('',(#3631),#3753,.T.);
#3936=ADVANCED_FACE('',(#3632),#105,.F.);
#3937=ADVANCED_FACE('',(#3633),#3754,.F.);
#3938=ADVANCED_FACE('',(#3634),#106,.F.);
#3939=ADVANCED_FACE('',(#3635),#3755,.F.);
#3940=ADVANCED_FACE('',(#3636),#107,.F.);
#3941=ADVANCED_FACE('',(#3637),#3756,.T.);
#3942=ADVANCED_FACE('',(#3638),#108,.F.);
#3943=ADVANCED_FACE('',(#3639),#3757,.T.);
#3944=ADVANCED_FACE('',(#3640),#109,.F.);
#3945=ADVANCED_FACE('',(#3641),#3758,.F.);
#3946=ADVANCED_FACE('',(#3642),#110,.F.);
#3947=ADVANCED_FACE('',(#3643),#3759,.F.);
#3948=ADVANCED_FACE('',(#3644),#111,.F.);
#3949=ADVANCED_FACE('',(#3645),#3760,.T.);
#3950=ADVANCED_FACE('',(#3646),#112,.F.);
#3951=ADVANCED_FACE('',(#3647),#3761,.T.);
#3952=ADVANCED_FACE('',(#3648),#113,.F.);
#3953=ADVANCED_FACE('',(#3649),#3762,.F.);
#3954=ADVANCED_FACE('',(#3650),#114,.F.);
#3955=ADVANCED_FACE('',(#3651),#3763,.F.);
#3956=ADVANCED_FACE('',(#3652),#115,.F.);
#3957=ADVANCED_FACE('',(#3653),#3764,.T.);
#3958=ADVANCED_FACE('',(#3654),#116,.F.);
#3959=ADVANCED_FACE('',(#3655),#117,.F.);
#3960=ADVANCED_FACE('',(#3656),#3765,.T.);
#3961=ADVANCED_FACE('',(#3657),#118,.F.);
#3962=ADVANCED_FACE('',(#3658),#3766,.F.);
#3963=ADVANCED_FACE('',(#3659),#119,.F.);
#3964=ADVANCED_FACE('',(#3660),#3767,.F.);
#3965=ADVANCED_FACE('',(#3661),#120,.F.);
#3966=ADVANCED_FACE('',(#3662),#3768,.T.);
#3967=CLOSED_SHELL('',(#3769,#3770,#3771,#3772,#3773,#3774,#3775,#3776,
#3777,#3778,#3779,#3780,#3781,#3782,#3783,#3784,#3785,#3786,#3787,#3788,
#3789,#3790,#3791,#3792,#3793,#3794,#3795,#3796,#3797,#3798,#3799,#3800,
#3801,#3802,#3803,#3804,#3805,#3806,#3807,#3808,#3809,#3810,#3811,#3812,
#3813,#3814,#3815,#3816,#3817,#3818,#3819,#3820,#3821,#3822,#3823,#3824,
#3825,#3826,#3827,#3828,#3829,#3830,#3831,#3832,#3833,#3834,#3835,#3836,
#3837,#3838,#3839,#3840,#3841,#3842,#3843,#3844,#3845,#3846,#3847,#3848,
#3849,#3850,#3851,#3852,#3853,#3854,#3855,#3856,#3857,#3858,#3859,#3860,
#3861,#3862,#3863,#3864,#3865,#3866,#3867,#3868,#3869,#3870,#3871,#3872,
#3873,#3874,#3875,#3876,#3877,#3878,#3879,#3880,#3881,#3882,#3883,#3884,
#3885,#3886,#3887,#3888,#3889,#3890,#3891,#3892,#3893,#3894,#3895,#3896,
#3897,#3898,#3899,#3900,#3901,#3902,#3903,#3904,#3905,#3906,#3907,#3908,
#3909,#3910,#3911,#3912,#3913,#3914,#3915,#3916,#3917,#3918,#3919,#3920,
#3921,#3922,#3923,#3924,#3925,#3926,#3927,#3928,#3929,#3930,#3931,#3932,
#3933,#3934,#3935,#3936,#3937,#3938,#3939,#3940,#3941,#3942,#3943,#3944,
#3945,#3946,#3947,#3948,#3949,#3950,#3951,#3952,#3953,#3954,#3955,#3956,
#3957,#3958,#3959,#3960,#3961,#3962,#3963,#3964,#3965,#3966));
#3968=STYLED_ITEM('',(#3969),#3976);
#3969=PRESENTATION_STYLE_ASSIGNMENT((#3970));
#3970=SURFACE_STYLE_USAGE(.BOTH.,#3971);
#3971=SURFACE_SIDE_STYLE('',(#3972));
#3972=SURFACE_STYLE_FILL_AREA(#3973);
#3973=FILL_AREA_STYLE('',(#3974));
#3974=FILL_AREA_STYLE_COLOUR('',#3975);
#3975=COLOUR_RGB('',0.701960784313725,0.701960784313725,0.701960784313725);
#3976=MANIFOLD_SOLID_BREP('Komponente1',#3967);
#3977=SHAPE_DEFINITION_REPRESENTATION(#8183,#3978);
#3978=SHAPE_REPRESENTATION('Komponente1',(#3979),#8178);
#3979=AXIS2_PLACEMENT_3D('',#5499,#4360,#4361);
#3980=AXIS2_PLACEMENT_3D('',#5500,#4362,#4363);
#3981=AXIS2_PLACEMENT_3D('',#5504,#4365,#4366);
#3982=AXIS2_PLACEMENT_3D('',#5512,#4370,#4371);
#3983=AXIS2_PLACEMENT_3D('',#5520,#4375,#4376);
#3984=AXIS2_PLACEMENT_3D('',#5524,#4378,#4379);
#3985=AXIS2_PLACEMENT_3D('',#5528,#4381,#4382);
#3986=AXIS2_PLACEMENT_3D('',#5532,#4384,#4385);
#3987=AXIS2_PLACEMENT_3D('',#5536,#4387,#4388);
#3988=AXIS2_PLACEMENT_3D('',#5540,#4390,#4391);
#3989=AXIS2_PLACEMENT_3D('',#5544,#4393,#4394);
#3990=AXIS2_PLACEMENT_3D('',#5548,#4396,#4397);
#3991=AXIS2_PLACEMENT_3D('',#5552,#4399,#4400);
#3992=AXIS2_PLACEMENT_3D('',#5556,#4402,#4403);
#3993=AXIS2_PLACEMENT_3D('',#5560,#4405,#4406);
#3994=AXIS2_PLACEMENT_3D('',#5564,#4408,#4409);
#3995=AXIS2_PLACEMENT_3D('',#5568,#4411,#4412);
#3996=AXIS2_PLACEMENT_3D('',#5572,#4414,#4415);
#3997=AXIS2_PLACEMENT_3D('',#5576,#4417,#4418);
#3998=AXIS2_PLACEMENT_3D('',#5580,#4420,#4421);
#3999=AXIS2_PLACEMENT_3D('',#5584,#4423,#4424);
#4000=AXIS2_PLACEMENT_3D('',#5588,#4426,#4427);
#4001=AXIS2_PLACEMENT_3D('',#5592,#4429,#4430);
#4002=AXIS2_PLACEMENT_3D('',#5596,#4432,#4433);
#4003=AXIS2_PLACEMENT_3D('',#5600,#4435,#4436);
#4004=AXIS2_PLACEMENT_3D('',#5604,#4438,#4439);
#4005=AXIS2_PLACEMENT_3D('',#5608,#4441,#4442);
#4006=AXIS2_PLACEMENT_3D('',#5612,#4444,#4445);
#4007=AXIS2_PLACEMENT_3D('',#5616,#4447,#4448);
#4008=AXIS2_PLACEMENT_3D('',#5620,#4450,#4451);
#4009=AXIS2_PLACEMENT_3D('',#5624,#4453,#4454);
#4010=AXIS2_PLACEMENT_3D('',#5628,#4456,#4457);
#4011=AXIS2_PLACEMENT_3D('',#5632,#4459,#4460);
#4012=AXIS2_PLACEMENT_3D('',#5636,#4462,#4463);
#4013=AXIS2_PLACEMENT_3D('',#5640,#4465,#4466);
#4014=AXIS2_PLACEMENT_3D('',#5644,#4468,#4469);
#4015=AXIS2_PLACEMENT_3D('',#5648,#4471,#4472);
#4016=AXIS2_PLACEMENT_3D('',#5652,#4474,#4475);
#4017=AXIS2_PLACEMENT_3D('',#5656,#4477,#4478);
#4018=AXIS2_PLACEMENT_3D('',#5660,#4480,#4481);
#4019=AXIS2_PLACEMENT_3D('',#5664,#4483,#4484);
#4020=AXIS2_PLACEMENT_3D('',#5668,#4486,#4487);
#4021=AXIS2_PLACEMENT_3D('',#5672,#4489,#4490);
#4022=AXIS2_PLACEMENT_3D('',#5676,#4492,#4493);
#4023=AXIS2_PLACEMENT_3D('',#5680,#4495,#4496);
#4024=AXIS2_PLACEMENT_3D('',#5684,#4498,#4499);
#4025=AXIS2_PLACEMENT_3D('',#5688,#4501,#4502);
#4026=AXIS2_PLACEMENT_3D('',#5692,#4504,#4505);
#4027=AXIS2_PLACEMENT_3D('',#5696,#4507,#4508);
#4028=AXIS2_PLACEMENT_3D('',#5700,#4510,#4511);
#4029=AXIS2_PLACEMENT_3D('',#5704,#4513,#4514);
#4030=AXIS2_PLACEMENT_3D('',#5708,#4516,#4517);
#4031=AXIS2_PLACEMENT_3D('',#5712,#4519,#4520);
#4032=AXIS2_PLACEMENT_3D('',#5716,#4522,#4523);
#4033=AXIS2_PLACEMENT_3D('',#5720,#4525,#4526);
#4034=AXIS2_PLACEMENT_3D('',#5724,#4528,#4529);
#4035=AXIS2_PLACEMENT_3D('',#5728,#4531,#4532);
#4036=AXIS2_PLACEMENT_3D('',#5732,#4534,#4535);
#4037=AXIS2_PLACEMENT_3D('',#5736,#4537,#4538);
#4038=AXIS2_PLACEMENT_3D('',#5740,#4540,#4541);
#4039=AXIS2_PLACEMENT_3D('',#5744,#4543,#4544);
#4040=AXIS2_PLACEMENT_3D('',#5748,#4546,#4547);
#4041=AXIS2_PLACEMENT_3D('',#5752,#4549,#4550);
#4042=AXIS2_PLACEMENT_3D('',#5756,#4552,#4553);
#4043=AXIS2_PLACEMENT_3D('',#5760,#4555,#4556);
#4044=AXIS2_PLACEMENT_3D('',#5764,#4558,#4559);
#4045=AXIS2_PLACEMENT_3D('',#5768,#4561,#4562);
#4046=AXIS2_PLACEMENT_3D('',#5772,#4564,#4565);
#4047=AXIS2_PLACEMENT_3D('',#5776,#4567,#4568);
#4048=AXIS2_PLACEMENT_3D('',#5780,#4570,#4571);
#4049=AXIS2_PLACEMENT_3D('',#5784,#4573,#4574);
#4050=AXIS2_PLACEMENT_3D('',#5788,#4576,#4577);
#4051=AXIS2_PLACEMENT_3D('',#5792,#4579,#4580);
#4052=AXIS2_PLACEMENT_3D('',#5796,#4582,#4583);
#4053=AXIS2_PLACEMENT_3D('',#5800,#4585,#4586);
#4054=AXIS2_PLACEMENT_3D('',#5804,#4588,#4589);
#4055=AXIS2_PLACEMENT_3D('',#5808,#4591,#4592);
#4056=AXIS2_PLACEMENT_3D('',#5812,#4594,#4595);
#4057=AXIS2_PLACEMENT_3D('',#5816,#4597,#4598);
#4058=AXIS2_PLACEMENT_3D('',#5820,#4600,#4601);
#4059=AXIS2_PLACEMENT_3D('',#5824,#4603,#4604);
#4060=AXIS2_PLACEMENT_3D('',#5828,#4606,#4607);
#4061=AXIS2_PLACEMENT_3D('',#5832,#4609,#4610);
#4062=AXIS2_PLACEMENT_3D('',#5836,#4612,#4613);
#4063=AXIS2_PLACEMENT_3D('',#5837,#4614,#4615);
#4064=AXIS2_PLACEMENT_3D('',#5840,#4616,#4617);
#4065=AXIS2_PLACEMENT_3D('',#5841,#4618,#4619);
#4066=AXIS2_PLACEMENT_3D('',#5842,#4620,#4621);
#4067=AXIS2_PLACEMENT_3D('',#5847,#4623,#4624);
#4068=AXIS2_PLACEMENT_3D('',#5851,#4626,#4627);
#4069=AXIS2_PLACEMENT_3D('',#5855,#4629,#4630);
#4070=AXIS2_PLACEMENT_3D('',#5858,#4632,#4633);
#4071=AXIS2_PLACEMENT_3D('',#5863,#4635,#4636);
#4072=AXIS2_PLACEMENT_3D('',#5867,#4638,#4639);
#4073=AXIS2_PLACEMENT_3D('',#5871,#4641,#4642);
#4074=AXIS2_PLACEMENT_3D('',#5874,#4644,#4645);
#4075=AXIS2_PLACEMENT_3D('',#5879,#4647,#4648);
#4076=AXIS2_PLACEMENT_3D('',#5883,#4650,#4651);
#4077=AXIS2_PLACEMENT_3D('',#5887,#4653,#4654);
#4078=AXIS2_PLACEMENT_3D('',#5890,#4656,#4657);
#4079=AXIS2_PLACEMENT_3D('',#5895,#4659,#4660);
#4080=AXIS2_PLACEMENT_3D('',#5899,#4662,#4663);
#4081=AXIS2_PLACEMENT_3D('',#5903,#4665,#4666);
#4082=AXIS2_PLACEMENT_3D('',#5906,#4668,#4669);
#4083=AXIS2_PLACEMENT_3D('',#5911,#4671,#4672);
#4084=AXIS2_PLACEMENT_3D('',#5915,#4674,#4675);
#4085=AXIS2_PLACEMENT_3D('',#5919,#4677,#4678);
#4086=AXIS2_PLACEMENT_3D('',#5922,#4680,#4681);
#4087=AXIS2_PLACEMENT_3D('',#5927,#4683,#4684);
#4088=AXIS2_PLACEMENT_3D('',#5931,#4686,#4687);
#4089=AXIS2_PLACEMENT_3D('',#5935,#4689,#4690);
#4090=AXIS2_PLACEMENT_3D('',#5938,#4692,#4693);
#4091=AXIS2_PLACEMENT_3D('',#5943,#4695,#4696);
#4092=AXIS2_PLACEMENT_3D('',#5947,#4698,#4699);
#4093=AXIS2_PLACEMENT_3D('',#5951,#4701,#4702);
#4094=AXIS2_PLACEMENT_3D('',#5954,#4704,#4705);
#4095=AXIS2_PLACEMENT_3D('',#5959,#4707,#4708);
#4096=AXIS2_PLACEMENT_3D('',#5963,#4710,#4711);
#4097=AXIS2_PLACEMENT_3D('',#5967,#4713,#4714);
#4098=AXIS2_PLACEMENT_3D('',#5970,#4716,#4717);
#4099=AXIS2_PLACEMENT_3D('',#5975,#4719,#4720);
#4100=AXIS2_PLACEMENT_3D('',#5979,#4722,#4723);
#4101=AXIS2_PLACEMENT_3D('',#5983,#4725,#4726);
#4102=AXIS2_PLACEMENT_3D('',#5986,#4728,#4729);
#4103=AXIS2_PLACEMENT_3D('',#5991,#4731,#4732);
#4104=AXIS2_PLACEMENT_3D('',#5995,#4734,#4735);
#4105=AXIS2_PLACEMENT_3D('',#5999,#4737,#4738);
#4106=AXIS2_PLACEMENT_3D('',#6002,#4740,#4741);
#4107=AXIS2_PLACEMENT_3D('',#6005,#4742,#4743);
#4108=AXIS2_PLACEMENT_3D('',#6011,#4746,#4747);
#4109=AXIS2_PLACEMENT_3D('',#6014,#4749,#4750);
#4110=AXIS2_PLACEMENT_3D('',#6019,#4752,#4753);
#4111=AXIS2_PLACEMENT_3D('',#6023,#4755,#4756);
#4112=AXIS2_PLACEMENT_3D('',#6027,#4758,#4759);
#4113=AXIS2_PLACEMENT_3D('',#6030,#4761,#4762);
#4114=AXIS2_PLACEMENT_3D('',#6035,#4764,#4765);
#4115=AXIS2_PLACEMENT_3D('',#6039,#4767,#4768);
#4116=AXIS2_PLACEMENT_3D('',#6043,#4770,#4771);
#4117=AXIS2_PLACEMENT_3D('',#6046,#4773,#4774);
#4118=AXIS2_PLACEMENT_3D('',#6051,#4776,#4777);
#4119=AXIS2_PLACEMENT_3D('',#6055,#4779,#4780);
#4120=AXIS2_PLACEMENT_3D('',#6059,#4782,#4783);
#4121=AXIS2_PLACEMENT_3D('',#6062,#4785,#4786);
#4122=AXIS2_PLACEMENT_3D('',#6067,#4788,#4789);
#4123=AXIS2_PLACEMENT_3D('',#6071,#4791,#4792);
#4124=AXIS2_PLACEMENT_3D('',#6075,#4794,#4795);
#4125=AXIS2_PLACEMENT_3D('',#6078,#4797,#4798);
#4126=AXIS2_PLACEMENT_3D('',#6083,#4800,#4801);
#4127=AXIS2_PLACEMENT_3D('',#6087,#4803,#4804);
#4128=AXIS2_PLACEMENT_3D('',#6091,#4806,#4807);
#4129=AXIS2_PLACEMENT_3D('',#6094,#4809,#4810);
#4130=AXIS2_PLACEMENT_3D('',#6099,#4812,#4813);
#4131=AXIS2_PLACEMENT_3D('',#6103,#4815,#4816);
#4132=AXIS2_PLACEMENT_3D('',#6107,#4818,#4819);
#4133=AXIS2_PLACEMENT_3D('',#6110,#4821,#4822);
#4134=AXIS2_PLACEMENT_3D('',#6115,#4824,#4825);
#4135=AXIS2_PLACEMENT_3D('',#6119,#4827,#4828);
#4136=AXIS2_PLACEMENT_3D('',#6123,#4830,#4831);
#4137=AXIS2_PLACEMENT_3D('',#6126,#4833,#4834);
#4138=AXIS2_PLACEMENT_3D('',#6131,#4836,#4837);
#4139=AXIS2_PLACEMENT_3D('',#6135,#4839,#4840);
#4140=AXIS2_PLACEMENT_3D('',#6139,#4842,#4843);
#4141=AXIS2_PLACEMENT_3D('',#6142,#4845,#4846);
#4142=AXIS2_PLACEMENT_3D('',#6147,#4848,#4849);
#4143=AXIS2_PLACEMENT_3D('',#6151,#4851,#4852);
#4144=AXIS2_PLACEMENT_3D('',#6155,#4854,#4855);
#4145=AXIS2_PLACEMENT_3D('',#6158,#4857,#4858);
#4146=AXIS2_PLACEMENT_3D('',#6163,#4860,#4861);
#4147=AXIS2_PLACEMENT_3D('',#6167,#4863,#4864);
#4148=AXIS2_PLACEMENT_3D('',#6171,#4866,#4867);
#4149=AXIS2_PLACEMENT_3D('',#6174,#4869,#4870);
#4150=AXIS2_PLACEMENT_3D('',#6175,#4871,#4872);
#4151=AXIS2_PLACEMENT_3D('',#6177,#4873,#4874);
#4152=AXIS2_PLACEMENT_3D('',#6180,#4875,#4876);
#4153=AXIS2_PLACEMENT_3D('',#6182,#4877,#4878);
#4154=AXIS2_PLACEMENT_3D('',#6184,#4879,#4880);
#4155=AXIS2_PLACEMENT_3D('',#6185,#4881,#4882);
#4156=AXIS2_PLACEMENT_3D('',#6186,#4883,#4884);
#4157=AXIS2_PLACEMENT_3D('',#6193,#4887,#4888);
#4158=AXIS2_PLACEMENT_3D('',#6201,#4892,#4893);
#4159=AXIS2_PLACEMENT_3D('',#6204,#4895,#4896);
#4160=AXIS2_PLACEMENT_3D('',#6205,#4897,#4898);
#4161=AXIS2_PLACEMENT_3D('',#6210,#4900,#4901);
#4162=AXIS2_PLACEMENT_3D('',#6213,#4903,#4904);
#4163=AXIS2_PLACEMENT_3D('',#6219,#4905,#4906);
#4164=AXIS2_PLACEMENT_3D('',#6220,#4907,#4908);
#4165=AXIS2_PLACEMENT_3D('',#6226,#4909,#4910);
#4166=AXIS2_PLACEMENT_3D('',#6234,#4911,#4912);
#4167=AXIS2_PLACEMENT_3D('',#7734,#4913,#4914);
#4168=AXIS2_PLACEMENT_3D('',#7735,#4915,#4916);
#4169=AXIS2_PLACEMENT_3D('',#7738,#4917,#4918);
#4170=AXIS2_PLACEMENT_3D('',#7739,#4919,#4920);
#4171=AXIS2_PLACEMENT_3D('',#7742,#4922,#4923);
#4172=AXIS2_PLACEMENT_3D('',#7745,#4925,#4926);
#4173=AXIS2_PLACEMENT_3D('',#7753,#4929,#4930);
#4174=AXIS2_PLACEMENT_3D('',#7757,#4931,#4932);
#4175=AXIS2_PLACEMENT_3D('',#7772,#4936,#4937);
#4176=AXIS2_PLACEMENT_3D('',#7778,#4941,#4942);
#4177=AXIS2_PLACEMENT_3D('',#7786,#4947,#4948);
#4178=AXIS2_PLACEMENT_3D('',#7791,#4952,#4953);
#4179=AXIS2_PLACEMENT_3D('',#7793,#4955,#4956);
#4180=AXIS2_PLACEMENT_3D('',#7811,#4957,#4958);
#4181=AXIS2_PLACEMENT_3D('',#7812,#4959,#4960);
#4182=AXIS2_PLACEMENT_3D('',#7818,#4964,#4965);
#4183=AXIS2_PLACEMENT_3D('',#7822,#4968,#4969);
#4184=AXIS2_PLACEMENT_3D('',#7826,#4972,#4973);
#4185=AXIS2_PLACEMENT_3D('',#7828,#4975,#4976);
#4186=AXIS2_PLACEMENT_3D('',#7831,#4979,#4980);
#4187=AXIS2_PLACEMENT_3D('',#7832,#4981,#4982);
#4188=AXIS2_PLACEMENT_3D('',#7833,#4983,#4984);
#4189=AXIS2_PLACEMENT_3D('',#7834,#4985,#4986);
#4190=AXIS2_PLACEMENT_3D('',#7837,#4989,#4990);
#4191=AXIS2_PLACEMENT_3D('',#7841,#4994,#4995);
#4192=AXIS2_PLACEMENT_3D('',#7843,#4997,#4998);
#4193=AXIS2_PLACEMENT_3D('',#7845,#5000,#5001);
#4194=AXIS2_PLACEMENT_3D('',#7847,#5003,#5004);
#4195=AXIS2_PLACEMENT_3D('',#7849,#5006,#5007);
#4196=AXIS2_PLACEMENT_3D('',#7851,#5009,#5010);
#4197=AXIS2_PLACEMENT_3D('',#7853,#5012,#5013);
#4198=AXIS2_PLACEMENT_3D('',#7855,#5015,#5016);
#4199=AXIS2_PLACEMENT_3D('',#7856,#5017,#5018);
#4200=AXIS2_PLACEMENT_3D('',#7857,#5019,#5020);
#4201=AXIS2_PLACEMENT_3D('',#7860,#5023,#5024);
#4202=AXIS2_PLACEMENT_3D('',#7862,#5026,#5027);
#4203=AXIS2_PLACEMENT_3D('',#7864,#5029,#5030);
#4204=AXIS2_PLACEMENT_3D('',#7866,#5032,#5033);
#4205=AXIS2_PLACEMENT_3D('',#7868,#5035,#5036);
#4206=AXIS2_PLACEMENT_3D('',#7870,#5038,#5039);
#4207=AXIS2_PLACEMENT_3D('',#7872,#5041,#5042);
#4208=AXIS2_PLACEMENT_3D('',#7873,#5043,#5044);
#4209=AXIS2_PLACEMENT_3D('',#7876,#5047,#5048);
#4210=AXIS2_PLACEMENT_3D('',#7878,#5050,#5051);
#4211=AXIS2_PLACEMENT_3D('',#7880,#5053,#5054);
#4212=AXIS2_PLACEMENT_3D('',#7882,#5056,#5057);
#4213=AXIS2_PLACEMENT_3D('',#7884,#5059,#5060);
#4214=AXIS2_PLACEMENT_3D('',#7886,#5062,#5063);
#4215=AXIS2_PLACEMENT_3D('',#7888,#5065,#5066);
#4216=AXIS2_PLACEMENT_3D('',#7889,#5067,#5068);
#4217=AXIS2_PLACEMENT_3D('',#7892,#5071,#5072);
#4218=AXIS2_PLACEMENT_3D('',#7894,#5074,#5075);
#4219=AXIS2_PLACEMENT_3D('',#7896,#5077,#5078);
#4220=AXIS2_PLACEMENT_3D('',#7898,#5080,#5081);
#4221=AXIS2_PLACEMENT_3D('',#7900,#5083,#5084);
#4222=AXIS2_PLACEMENT_3D('',#7902,#5086,#5087);
#4223=AXIS2_PLACEMENT_3D('',#7904,#5089,#5090);
#4224=AXIS2_PLACEMENT_3D('',#7905,#5091,#5092);
#4225=AXIS2_PLACEMENT_3D('',#7908,#5095,#5096);
#4226=AXIS2_PLACEMENT_3D('',#7910,#5098,#5099);
#4227=AXIS2_PLACEMENT_3D('',#7912,#5101,#5102);
#4228=AXIS2_PLACEMENT_3D('',#7914,#5104,#5105);
#4229=AXIS2_PLACEMENT_3D('',#7916,#5107,#5108);
#4230=AXIS2_PLACEMENT_3D('',#7918,#5110,#5111);
#4231=AXIS2_PLACEMENT_3D('',#7920,#5113,#5114);
#4232=AXIS2_PLACEMENT_3D('',#7921,#5115,#5116);
#4233=AXIS2_PLACEMENT_3D('',#7924,#5119,#5120);
#4234=AXIS2_PLACEMENT_3D('',#7926,#5122,#5123);
#4235=AXIS2_PLACEMENT_3D('',#7928,#5125,#5126);
#4236=AXIS2_PLACEMENT_3D('',#7930,#5128,#5129);
#4237=AXIS2_PLACEMENT_3D('',#7932,#5131,#5132);
#4238=AXIS2_PLACEMENT_3D('',#7934,#5134,#5135);
#4239=AXIS2_PLACEMENT_3D('',#7936,#5137,#5138);
#4240=AXIS2_PLACEMENT_3D('',#7937,#5139,#5140);
#4241=AXIS2_PLACEMENT_3D('',#7940,#5143,#5144);
#4242=AXIS2_PLACEMENT_3D('',#7942,#5146,#5147);
#4243=AXIS2_PLACEMENT_3D('',#7944,#5149,#5150);
#4244=AXIS2_PLACEMENT_3D('',#7946,#5152,#5153);
#4245=AXIS2_PLACEMENT_3D('',#7948,#5155,#5156);
#4246=AXIS2_PLACEMENT_3D('',#7950,#5158,#5159);
#4247=AXIS2_PLACEMENT_3D('',#7952,#5161,#5162);
#4248=AXIS2_PLACEMENT_3D('',#7953,#5163,#5164);
#4249=AXIS2_PLACEMENT_3D('',#7956,#5167,#5168);
#4250=AXIS2_PLACEMENT_3D('',#7958,#5170,#5171);
#4251=AXIS2_PLACEMENT_3D('',#7960,#5173,#5174);
#4252=AXIS2_PLACEMENT_3D('',#7962,#5176,#5177);
#4253=AXIS2_PLACEMENT_3D('',#7964,#5179,#5180);
#4254=AXIS2_PLACEMENT_3D('',#7966,#5182,#5183);
#4255=AXIS2_PLACEMENT_3D('',#7968,#5185,#5186);
#4256=AXIS2_PLACEMENT_3D('',#7969,#5187,#5188);
#4257=AXIS2_PLACEMENT_3D('',#7972,#5191,#5192);
#4258=AXIS2_PLACEMENT_3D('',#7974,#5194,#5195);
#4259=AXIS2_PLACEMENT_3D('',#7976,#5197,#5198);
#4260=AXIS2_PLACEMENT_3D('',#7978,#5200,#5201);
#4261=AXIS2_PLACEMENT_3D('',#7980,#5203,#5204);
#4262=AXIS2_PLACEMENT_3D('',#7982,#5206,#5207);
#4263=AXIS2_PLACEMENT_3D('',#7984,#5209,#5210);
#4264=AXIS2_PLACEMENT_3D('',#7985,#5211,#5212);
#4265=AXIS2_PLACEMENT_3D('',#7988,#5215,#5216);
#4266=AXIS2_PLACEMENT_3D('',#7990,#5218,#5219);
#4267=AXIS2_PLACEMENT_3D('',#7992,#5221,#5222);
#4268=AXIS2_PLACEMENT_3D('',#7994,#5224,#5225);
#4269=AXIS2_PLACEMENT_3D('',#7996,#5227,#5228);
#4270=AXIS2_PLACEMENT_3D('',#7998,#5230,#5231);
#4271=AXIS2_PLACEMENT_3D('',#8000,#5233,#5234);
#4272=AXIS2_PLACEMENT_3D('',#8001,#5235,#5236);
#4273=AXIS2_PLACEMENT_3D('',#8004,#5239,#5240);
#4274=AXIS2_PLACEMENT_3D('',#8006,#5242,#5243);
#4275=AXIS2_PLACEMENT_3D('',#8008,#5245,#5246);
#4276=AXIS2_PLACEMENT_3D('',#8010,#5248,#5249);
#4277=AXIS2_PLACEMENT_3D('',#8012,#5251,#5252);
#4278=AXIS2_PLACEMENT_3D('',#8014,#5254,#5255);
#4279=AXIS2_PLACEMENT_3D('',#8016,#5257,#5258);
#4280=AXIS2_PLACEMENT_3D('',#8017,#5259,#5260);
#4281=AXIS2_PLACEMENT_3D('',#8020,#5263,#5264);
#4282=AXIS2_PLACEMENT_3D('',#8022,#5266,#5267);
#4283=AXIS2_PLACEMENT_3D('',#8024,#5269,#5270);
#4284=AXIS2_PLACEMENT_3D('',#8026,#5272,#5273);
#4285=AXIS2_PLACEMENT_3D('',#8028,#5275,#5276);
#4286=AXIS2_PLACEMENT_3D('',#8030,#5278,#5279);
#4287=AXIS2_PLACEMENT_3D('',#8032,#5281,#5282);
#4288=AXIS2_PLACEMENT_3D('',#8033,#5283,#5284);
#4289=AXIS2_PLACEMENT_3D('',#8036,#5287,#5288);
#4290=AXIS2_PLACEMENT_3D('',#8038,#5290,#5291);
#4291=AXIS2_PLACEMENT_3D('',#8040,#5293,#5294);
#4292=AXIS2_PLACEMENT_3D('',#8042,#5296,#5297);
#4293=AXIS2_PLACEMENT_3D('',#8044,#5299,#5300);
#4294=AXIS2_PLACEMENT_3D('',#8046,#5302,#5303);
#4295=AXIS2_PLACEMENT_3D('',#8048,#5305,#5306);
#4296=AXIS2_PLACEMENT_3D('',#8049,#5307,#5308);
#4297=AXIS2_PLACEMENT_3D('',#8052,#5311,#5312);
#4298=AXIS2_PLACEMENT_3D('',#8054,#5314,#5315);
#4299=AXIS2_PLACEMENT_3D('',#8056,#5317,#5318);
#4300=AXIS2_PLACEMENT_3D('',#8058,#5320,#5321);
#4301=AXIS2_PLACEMENT_3D('',#8060,#5323,#5324);
#4302=AXIS2_PLACEMENT_3D('',#8062,#5326,#5327);
#4303=AXIS2_PLACEMENT_3D('',#8064,#5329,#5330);
#4304=AXIS2_PLACEMENT_3D('',#8065,#5331,#5332);
#4305=AXIS2_PLACEMENT_3D('',#8068,#5335,#5336);
#4306=AXIS2_PLACEMENT_3D('',#8070,#5338,#5339);
#4307=AXIS2_PLACEMENT_3D('',#8072,#5341,#5342);
#4308=AXIS2_PLACEMENT_3D('',#8074,#5344,#5345);
#4309=AXIS2_PLACEMENT_3D('',#8076,#5347,#5348);
#4310=AXIS2_PLACEMENT_3D('',#8078,#5350,#5351);
#4311=AXIS2_PLACEMENT_3D('',#8080,#5353,#5354);
#4312=AXIS2_PLACEMENT_3D('',#8081,#5355,#5356);
#4313=AXIS2_PLACEMENT_3D('',#8084,#5359,#5360);
#4314=AXIS2_PLACEMENT_3D('',#8086,#5362,#5363);
#4315=AXIS2_PLACEMENT_3D('',#8088,#5365,#5366);
#4316=AXIS2_PLACEMENT_3D('',#8090,#5368,#5369);
#4317=AXIS2_PLACEMENT_3D('',#8092,#5371,#5372);
#4318=AXIS2_PLACEMENT_3D('',#8094,#5374,#5375);
#4319=AXIS2_PLACEMENT_3D('',#8096,#5377,#5378);
#4320=AXIS2_PLACEMENT_3D('',#8097,#5379,#5380);
#4321=AXIS2_PLACEMENT_3D('',#8100,#5383,#5384);
#4322=AXIS2_PLACEMENT_3D('',#8102,#5386,#5387);
#4323=AXIS2_PLACEMENT_3D('',#8104,#5389,#5390);
#4324=AXIS2_PLACEMENT_3D('',#8106,#5392,#5393);
#4325=AXIS2_PLACEMENT_3D('',#8108,#5395,#5396);
#4326=AXIS2_PLACEMENT_3D('',#8110,#5398,#5399);
#4327=AXIS2_PLACEMENT_3D('',#8112,#5401,#5402);
#4328=AXIS2_PLACEMENT_3D('',#8113,#5403,#5404);
#4329=AXIS2_PLACEMENT_3D('',#8116,#5407,#5408);
#4330=AXIS2_PLACEMENT_3D('',#8118,#5410,#5411);
#4331=AXIS2_PLACEMENT_3D('',#8120,#5413,#5414);
#4332=AXIS2_PLACEMENT_3D('',#8122,#5416,#5417);
#4333=AXIS2_PLACEMENT_3D('',#8124,#5419,#5420);
#4334=AXIS2_PLACEMENT_3D('',#8126,#5422,#5423);
#4335=AXIS2_PLACEMENT_3D('',#8128,#5425,#5426);
#4336=AXIS2_PLACEMENT_3D('',#8129,#5427,#5428);
#4337=AXIS2_PLACEMENT_3D('',#8132,#5431,#5432);
#4338=AXIS2_PLACEMENT_3D('',#8134,#5434,#5435);
#4339=AXIS2_PLACEMENT_3D('',#8136,#5437,#5438);
#4340=AXIS2_PLACEMENT_3D('',#8138,#5440,#5441);
#4341=AXIS2_PLACEMENT_3D('',#8140,#5443,#5444);
#4342=AXIS2_PLACEMENT_3D('',#8142,#5446,#5447);
#4343=AXIS2_PLACEMENT_3D('',#8144,#5449,#5450);
#4344=AXIS2_PLACEMENT_3D('',#8145,#5451,#5452);
#4345=AXIS2_PLACEMENT_3D('',#8148,#5455,#5456);
#4346=AXIS2_PLACEMENT_3D('',#8150,#5458,#5459);
#4347=AXIS2_PLACEMENT_3D('',#8152,#5461,#5462);
#4348=AXIS2_PLACEMENT_3D('',#8154,#5464,#5465);
#4349=AXIS2_PLACEMENT_3D('',#8156,#5467,#5468);
#4350=AXIS2_PLACEMENT_3D('',#8158,#5470,#5471);
#4351=AXIS2_PLACEMENT_3D('',#8160,#5473,#5474);
#4352=AXIS2_PLACEMENT_3D('',#8161,#5475,#5476);
#4353=AXIS2_PLACEMENT_3D('',#8164,#5479,#5480);
#4354=AXIS2_PLACEMENT_3D('',#8166,#5482,#5483);
#4355=AXIS2_PLACEMENT_3D('',#8168,#5485,#5486);
#4356=AXIS2_PLACEMENT_3D('',#8170,#5488,#5489);
#4357=AXIS2_PLACEMENT_3D('',#8172,#5491,#5492);
#4358=AXIS2_PLACEMENT_3D('',#8174,#5494,#5495);
#4359=AXIS2_PLACEMENT_3D('',#8176,#5497,#5498);
#4360=DIRECTION('',(0.,0.,1.));
#4361=DIRECTION('',(1.,0.,0.));
#4362=DIRECTION('',(-1.,0.,0.));
#4363=DIRECTION('',(0.,1.,0.));
#4364=DIRECTION('',(0.,-0.683333333331456,0.730106537128741));
#4365=DIRECTION('',(1.,0.,0.));
#4366=DIRECTION('',(0.,0.,-1.));
#4367=DIRECTION('',(0.,0.804878048780488,0.593440246858362));
#4368=DIRECTION('',(0.,1.,0.));
#4369=DIRECTION('',(0.,0.804878048780488,-0.593440246858362));
#4370=DIRECTION('',(1.,0.,0.));
#4371=DIRECTION('',(0.,0.,-1.));
#4372=DIRECTION('',(0.,-0.683333333335211,-0.730106537125227));
#4373=DIRECTION('',(0.,-1.,7.98127871481639E-16));
#4374=DIRECTION('',(0.,0.309016994374948,0.951056516295154));
#4375=DIRECTION('',(1.,0.,0.));
#4376=DIRECTION('',(0.,0.,-1.));
#4377=DIRECTION('',(0.,0.951056516295154,-0.309016994374948));
#4378=DIRECTION('',(1.,0.,0.));
#4379=DIRECTION('',(0.,0.,-1.));
#4380=DIRECTION('',(0.,0.309016994374948,0.951056516295154));
#4381=DIRECTION('',(1.,0.,0.));
#4382=DIRECTION('',(0.,0.,-1.));
#4383=DIRECTION('',(0.,0.951056516295154,-0.309016994374948));
#4384=DIRECTION('',(1.,0.,0.));
#4385=DIRECTION('',(0.,0.,-1.));
#4386=DIRECTION('',(0.,1.35525271560677E-16,1.));
#4387=DIRECTION('',(1.,0.,0.));
#4388=DIRECTION('',(0.,0.,-1.));
#4389=DIRECTION('',(0.,1.,0.));
#4390=DIRECTION('',(1.,0.,0.));
#4391=DIRECTION('',(0.,0.,-1.));
#4392=DIRECTION('',(0.,1.35525271560677E-16,1.));
#4393=DIRECTION('',(1.,0.,0.));
#4394=DIRECTION('',(0.,0.,-1.));
#4395=DIRECTION('',(0.,1.,0.));
#4396=DIRECTION('',(1.,0.,0.));
#4397=DIRECTION('',(0.,0.,-1.));
#4398=DIRECTION('',(0.,-0.309016994374948,0.951056516295154));
#4399=DIRECTION('',(1.,0.,0.));
#4400=DIRECTION('',(0.,0.,-1.));
#4401=DIRECTION('',(0.,0.951056516295154,0.309016994374948));
#4402=DIRECTION('',(1.,0.,0.));
#4403=DIRECTION('',(0.,0.,-1.));
#4404=DIRECTION('',(0.,-0.309016994374948,0.951056516295154));
#4405=DIRECTION('',(1.,0.,0.));
#4406=DIRECTION('',(0.,0.,-1.));
#4407=DIRECTION('',(0.,0.951056516295154,0.309016994374948));
#4408=DIRECTION('',(1.,0.,0.));
#4409=DIRECTION('',(0.,0.,-1.));
#4410=DIRECTION('',(0.,-2.71050543121355E-16,-1.));
#4411=DIRECTION('',(1.,0.,0.));
#4412=DIRECTION('',(0.,0.,-1.));
#4413=DIRECTION('',(0.,-1.,0.));
#4414=DIRECTION('',(1.,0.,0.));
#4415=DIRECTION('',(0.,0.,-1.));
#4416=DIRECTION('',(0.,-2.71050543121355E-16,-1.));
#4417=DIRECTION('',(1.,0.,0.));
#4418=DIRECTION('',(0.,0.,-1.));
#4419=DIRECTION('',(0.,-1.,1.33301050500195E-15));
#4420=DIRECTION('',(1.,0.,0.));
#4421=DIRECTION('',(0.,0.,-1.));
#4422=DIRECTION('',(0.,0.309016994374948,-0.951056516295154));
#4423=DIRECTION('',(1.,0.,0.));
#4424=DIRECTION('',(0.,0.,-1.));
#4425=DIRECTION('',(0.,-0.951056516295154,-0.309016994374948));
#4426=DIRECTION('',(1.,0.,0.));
#4427=DIRECTION('',(0.,0.,-1.));
#4428=DIRECTION('',(0.,0.309016994374948,-0.951056516295154));
#4429=DIRECTION('',(1.,0.,0.));
#4430=DIRECTION('',(0.,0.,-1.));
#4431=DIRECTION('',(0.,-0.951056516295154,-0.309016994374948));
#4432=DIRECTION('',(1.,0.,0.));
#4433=DIRECTION('',(0.,0.,-1.));
#4434=DIRECTION('',(0.,0.587785252292473,-0.809016994374948));
#4435=DIRECTION('',(1.,0.,0.));
#4436=DIRECTION('',(0.,0.,-1.));
#4437=DIRECTION('',(0.,-0.809016994374948,-0.587785252292473));
#4438=DIRECTION('',(1.,0.,0.));
#4439=DIRECTION('',(0.,0.,-1.));
#4440=DIRECTION('',(0.,0.587785252292473,-0.809016994374948));
#4441=DIRECTION('',(1.,0.,0.));
#4442=DIRECTION('',(0.,0.,-1.));
#4443=DIRECTION('',(0.,-0.809016994374948,-0.587785252292473));
#4444=DIRECTION('',(1.,0.,0.));
#4445=DIRECTION('',(0.,0.,-1.));
#4446=DIRECTION('',(0.,0.809016994374947,-0.587785252292473));
#4447=DIRECTION('',(1.,0.,0.));
#4448=DIRECTION('',(0.,0.,-1.));
#4449=DIRECTION('',(0.,-0.587785252292473,-0.809016994374947));
#4450=DIRECTION('',(1.,0.,0.));
#4451=DIRECTION('',(0.,0.,-1.));
#4452=DIRECTION('',(0.,0.809016994374947,-0.587785252292474));
#4453=DIRECTION('',(1.,0.,0.));
#4454=DIRECTION('',(0.,0.,-1.));
#4455=DIRECTION('',(0.,-0.587785252292474,-0.809016994374947));
#4456=DIRECTION('',(1.,0.,0.));
#4457=DIRECTION('',(0.,0.,-1.));
#4458=DIRECTION('',(0.,0.951056516295154,-0.309016994374948));
#4459=DIRECTION('',(1.,0.,0.));
#4460=DIRECTION('',(0.,0.,-1.));
#4461=DIRECTION('',(0.,-0.309016994374949,-0.951056516295153));
#4462=DIRECTION('',(1.,0.,0.));
#4463=DIRECTION('',(0.,0.,-1.));
#4464=DIRECTION('',(0.,0.951056516295154,-0.309016994374948));
#4465=DIRECTION('',(1.,0.,0.));
#4466=DIRECTION('',(0.,0.,-1.));
#4467=DIRECTION('',(0.,-0.309016994374948,-0.951056516295154));
#4468=DIRECTION('',(1.,0.,0.));
#4469=DIRECTION('',(0.,0.,-1.));
#4470=DIRECTION('',(0.,1.,-2.9815559743349E-16));
#4471=DIRECTION('',(1.,0.,0.));
#4472=DIRECTION('',(0.,0.,-1.));
#4473=DIRECTION('',(0.,-1.33301050500195E-15,-1.));
#4474=DIRECTION('',(1.,0.,0.));
#4475=DIRECTION('',(0.,0.,-1.));
#4476=DIRECTION('',(0.,1.,-2.9815559743349E-16));
#4477=DIRECTION('',(1.,0.,0.));
#4478=DIRECTION('',(0.,0.,-1.));
#4479=DIRECTION('',(0.,-1.33301050500195E-15,-1.));
#4480=DIRECTION('',(1.,0.,0.));
#4481=DIRECTION('',(0.,0.,-1.));
#4482=DIRECTION('',(0.,-0.587785252292473,0.809016994374948));
#4483=DIRECTION('',(1.,0.,0.));
#4484=DIRECTION('',(0.,0.,-1.));
#4485=DIRECTION('',(0.,0.809016994374948,0.587785252292473));
#4486=DIRECTION('',(1.,0.,0.));
#4487=DIRECTION('',(0.,0.,-1.));
#4488=DIRECTION('',(0.,-0.587785252292473,0.809016994374948));
#4489=DIRECTION('',(1.,0.,0.));
#4490=DIRECTION('',(0.,0.,-1.));
#4491=DIRECTION('',(0.,0.809016994374947,0.587785252292473));
#4492=DIRECTION('',(1.,0.,0.));
#4493=DIRECTION('',(0.,0.,-1.));
#4494=DIRECTION('',(0.,-0.809016994374947,0.587785252292473));
#4495=DIRECTION('',(1.,0.,0.));
#4496=DIRECTION('',(0.,0.,-1.));
#4497=DIRECTION('',(0.,0.587785252292474,0.809016994374947));
#4498=DIRECTION('',(1.,0.,0.));
#4499=DIRECTION('',(0.,0.,-1.));
#4500=DIRECTION('',(0.,-0.809016994374947,0.587785252292473));
#4501=DIRECTION('',(1.,0.,0.));
#4502=DIRECTION('',(0.,0.,-1.));
#4503=DIRECTION('',(0.,0.587785252292473,0.809016994374948));
#4504=DIRECTION('',(1.,0.,0.));
#4505=DIRECTION('',(0.,0.,-1.));
#4506=DIRECTION('',(0.,-0.951056516295154,0.309016994374948));
#4507=DIRECTION('',(1.,0.,0.));
#4508=DIRECTION('',(0.,0.,-1.));
#4509=DIRECTION('',(0.,0.309016994374948,0.951056516295154));
#4510=DIRECTION('',(1.,0.,0.));
#4511=DIRECTION('',(0.,0.,-1.));
#4512=DIRECTION('',(0.,-0.951056516295154,0.309016994374948));
#4513=DIRECTION('',(1.,0.,0.));
#4514=DIRECTION('',(0.,0.,-1.));
#4515=DIRECTION('',(0.,0.309016994374948,0.951056516295154));
#4516=DIRECTION('',(1.,0.,0.));
#4517=DIRECTION('',(0.,0.,-1.));
#4518=DIRECTION('',(0.,-1.,1.89735380184948E-16));
#4519=DIRECTION('',(1.,0.,0.));
#4520=DIRECTION('',(0.,0.,-1.));
#4521=DIRECTION('',(0.,0.,1.));
#4522=DIRECTION('',(1.,0.,0.));
#4523=DIRECTION('',(0.,0.,-1.));
#4524=DIRECTION('',(0.,-1.,1.89735380184948E-16));
#4525=DIRECTION('',(1.,0.,0.));
#4526=DIRECTION('',(0.,0.,-1.));
#4527=DIRECTION('',(0.,0.,1.));
#4528=DIRECTION('',(1.,0.,0.));
#4529=DIRECTION('',(0.,0.,-1.));
#4530=DIRECTION('',(0.,-0.951056516295154,-0.309016994374948));
#4531=DIRECTION('',(1.,0.,0.));
#4532=DIRECTION('',(0.,0.,-1.));
#4533=DIRECTION('',(0.,-0.309016994374948,0.951056516295154));
#4534=DIRECTION('',(1.,0.,0.));
#4535=DIRECTION('',(0.,0.,-1.));
#4536=DIRECTION('',(0.,-0.951056516295154,-0.309016994374947));
#4537=DIRECTION('',(1.,0.,0.));
#4538=DIRECTION('',(0.,0.,-1.));
#4539=DIRECTION('',(0.,-0.309016994374948,0.951056516295154));
#4540=DIRECTION('',(1.,0.,0.));
#4541=DIRECTION('',(0.,0.,-1.));
#4542=DIRECTION('',(0.,-0.809016994374948,-0.587785252292473));
#4543=DIRECTION('',(1.,0.,0.));
#4544=DIRECTION('',(0.,0.,-1.));
#4545=DIRECTION('',(0.,-0.587785252292473,0.809016994374948));
#4546=DIRECTION('',(1.,0.,0.));
#4547=DIRECTION('',(0.,0.,-1.));
#4548=DIRECTION('',(0.,-0.809016994374948,-0.587785252292473));
#4549=DIRECTION('',(1.,0.,0.));
#4550=DIRECTION('',(0.,0.,-1.));
#4551=DIRECTION('',(0.,-0.587785252292472,0.809016994374948));
#4552=DIRECTION('',(1.,0.,0.));
#4553=DIRECTION('',(0.,0.,-1.));
#4554=DIRECTION('',(0.,-0.587785252292473,-0.809016994374948));
#4555=DIRECTION('',(1.,0.,0.));
#4556=DIRECTION('',(0.,0.,-1.));
#4557=DIRECTION('',(0.,-0.809016994374947,0.587785252292474));
#4558=DIRECTION('',(1.,0.,0.));
#4559=DIRECTION('',(0.,0.,-1.));
#4560=DIRECTION('',(0.,-0.587785252292473,-0.809016994374948));
#4561=DIRECTION('',(1.,0.,0.));
#4562=DIRECTION('',(0.,0.,-1.));
#4563=DIRECTION('',(0.,-0.809016994374948,0.587785252292473));
#4564=DIRECTION('',(1.,0.,0.));
#4565=DIRECTION('',(0.,0.,-1.));
#4566=DIRECTION('',(0.,-0.309016994374948,-0.951056516295154));
#4567=DIRECTION('',(1.,0.,0.));
#4568=DIRECTION('',(0.,0.,-1.));
#4569=DIRECTION('',(0.,-0.951056516295154,0.309016994374948));
#4570=DIRECTION('',(1.,0.,0.));
#4571=DIRECTION('',(0.,0.,-1.));
#4572=DIRECTION('',(0.,-0.309016994374948,-0.951056516295154));
#4573=DIRECTION('',(1.,0.,0.));
#4574=DIRECTION('',(0.,0.,-1.));
#4575=DIRECTION('',(0.,-0.951056516295154,0.309016994374948));
#4576=DIRECTION('',(1.,0.,0.));
#4577=DIRECTION('',(0.,0.,-1.));
#4578=DIRECTION('',(0.,0.951056516295154,0.309016994374947));
#4579=DIRECTION('',(1.,0.,0.));
#4580=DIRECTION('',(0.,0.,-1.));
#4581=DIRECTION('',(0.,0.309016994374948,-0.951056516295154));
#4582=DIRECTION('',(1.,0.,0.));
#4583=DIRECTION('',(0.,0.,-1.));
#4584=DIRECTION('',(0.,0.951056516295154,0.309016994374947));
#4585=DIRECTION('',(1.,0.,0.));
#4586=DIRECTION('',(0.,0.,-1.));
#4587=DIRECTION('',(0.,0.309016994374948,-0.951056516295154));
#4588=DIRECTION('',(1.,0.,0.));
#4589=DIRECTION('',(0.,0.,-1.));
#4590=DIRECTION('',(0.,0.809016994374948,0.587785252292473));
#4591=DIRECTION('',(1.,0.,0.));
#4592=DIRECTION('',(0.,0.,-1.));
#4593=DIRECTION('',(0.,0.587785252292473,-0.809016994374948));
#4594=DIRECTION('',(1.,0.,0.));
#4595=DIRECTION('',(0.,0.,-1.));
#4596=DIRECTION('',(0.,0.809016994374948,0.587785252292473));
#4597=DIRECTION('',(1.,0.,0.));
#4598=DIRECTION('',(0.,0.,-1.));
#4599=DIRECTION('',(0.,0.587785252292472,-0.809016994374948));
#4600=DIRECTION('',(1.,0.,0.));
#4601=DIRECTION('',(0.,0.,-1.));
#4602=DIRECTION('',(0.,0.587785252292474,0.809016994374947));
#4603=DIRECTION('',(1.,0.,0.));
#4604=DIRECTION('',(0.,0.,-1.));
#4605=DIRECTION('',(0.,0.809016994374947,-0.587785252292474));
#4606=DIRECTION('',(1.,0.,0.));
#4607=DIRECTION('',(0.,0.,-1.));
#4608=DIRECTION('',(0.,0.587785252292474,0.809016994374947));
#4609=DIRECTION('',(1.,0.,0.));
#4610=DIRECTION('',(0.,0.,-1.));
#4611=DIRECTION('',(0.,0.809016994374948,-0.587785252292473));
#4612=DIRECTION('',(1.,0.,0.));
#4613=DIRECTION('',(0.,0.,-1.));
#4614=DIRECTION('',(1.,0.,0.));
#4615=DIRECTION('',(0.,0.,-1.));
#4616=DIRECTION('',(1.,0.,0.));
#4617=DIRECTION('',(0.,0.,-1.));
#4618=DIRECTION('',(-1.,0.,0.));
#4619=DIRECTION('',(0.,1.,0.));
#4620=DIRECTION('',(-1.,0.,0.));
#4621=DIRECTION('',(0.,0.,1.));
#4622=DIRECTION('',(0.,-0.809016994374948,-0.587785252292473));
#4623=DIRECTION('',(-1.,0.,0.));
#4624=DIRECTION('',(0.,0.,1.));
#4625=DIRECTION('',(0.,-0.587785252292472,0.809016994374948));
#4626=DIRECTION('',(-1.,0.,0.));
#4627=DIRECTION('',(0.,0.,1.));
#4628=DIRECTION('',(0.,-0.809016994374948,-0.587785252292473));
#4629=DIRECTION('',(-1.,0.,0.));
#4630=DIRECTION('',(0.,0.,1.));
#4631=DIRECTION('',(0.,-0.587785252292473,0.809016994374948));
#4632=DIRECTION('',(-1.,0.,0.));
#4633=DIRECTION('',(0.,0.,1.));
#4634=DIRECTION('',(0.,0.309016994374948,0.951056516295154));
#4635=DIRECTION('',(-1.,0.,0.));
#4636=DIRECTION('',(0.,0.,1.));
#4637=DIRECTION('',(0.,0.951056516295154,-0.309016994374948));
#4638=DIRECTION('',(-1.,0.,0.));
#4639=DIRECTION('',(0.,0.,1.));
#4640=DIRECTION('',(0.,0.309016994374948,0.951056516295154));
#4641=DIRECTION('',(-1.,0.,0.));
#4642=DIRECTION('',(0.,0.,1.));
#4643=DIRECTION('',(0.,0.951056516295154,-0.309016994374948));
#4644=DIRECTION('',(-1.,0.,0.));
#4645=DIRECTION('',(0.,0.,1.));
#4646=DIRECTION('',(0.,0.809016994374948,0.587785252292473));
#4647=DIRECTION('',(-1.,0.,0.));
#4648=DIRECTION('',(0.,0.,1.));
#4649=DIRECTION('',(0.,0.587785252292472,-0.809016994374948));
#4650=DIRECTION('',(-1.,0.,0.));
#4651=DIRECTION('',(0.,0.,1.));
#4652=DIRECTION('',(0.,0.809016994374948,0.587785252292473));
#4653=DIRECTION('',(-1.,0.,0.));
#4654=DIRECTION('',(0.,0.,1.));
#4655=DIRECTION('',(0.,0.587785252292473,-0.809016994374948));
#4656=DIRECTION('',(-1.,0.,0.));
#4657=DIRECTION('',(0.,0.,1.));
#4658=DIRECTION('',(0.,1.,-1.89735380184948E-16));
#4659=DIRECTION('',(-1.,0.,0.));
#4660=DIRECTION('',(0.,0.,1.));
#4661=DIRECTION('',(0.,0.,-1.));
#4662=DIRECTION('',(-1.,0.,0.));
#4663=DIRECTION('',(0.,0.,1.));
#4664=DIRECTION('',(0.,1.,-1.89735380184948E-16));
#4665=DIRECTION('',(-1.,0.,0.));
#4666=DIRECTION('',(0.,0.,1.));
#4667=DIRECTION('',(0.,0.,-1.));
#4668=DIRECTION('',(-1.,0.,0.));
#4669=DIRECTION('',(0.,0.,1.));
#4670=DIRECTION('',(0.,0.809016994374947,-0.587785252292473));
#4671=DIRECTION('',(-1.,0.,0.));
#4672=DIRECTION('',(0.,0.,1.));
#4673=DIRECTION('',(0.,-0.587785252292473,-0.809016994374948));
#4674=DIRECTION('',(-1.,0.,0.));
#4675=DIRECTION('',(0.,0.,1.));
#4676=DIRECTION('',(0.,0.809016994374947,-0.587785252292473));
#4677=DIRECTION('',(-1.,0.,0.));
#4678=DIRECTION('',(0.,0.,1.));
#4679=DIRECTION('',(0.,-0.587785252292474,-0.809016994374947));
#4680=DIRECTION('',(-1.,0.,0.));
#4681=DIRECTION('',(0.,0.,1.));
#4682=DIRECTION('',(0.,-1.,2.9815559743349E-16));
#4683=DIRECTION('',(-1.,0.,0.));
#4684=DIRECTION('',(0.,0.,1.));
#4685=DIRECTION('',(0.,1.33301050500195E-15,1.));
#4686=DIRECTION('',(-1.,0.,0.));
#4687=DIRECTION('',(0.,0.,1.));
#4688=DIRECTION('',(0.,-1.,2.9815559743349E-16));
#4689=DIRECTION('',(-1.,0.,0.));
#4690=DIRECTION('',(0.,0.,1.));
#4691=DIRECTION('',(0.,1.33301050500195E-15,1.));
#4692=DIRECTION('',(-1.,0.,0.));
#4693=DIRECTION('',(0.,0.,1.));
#4694=DIRECTION('',(0.,-0.809016994374947,0.587785252292473));
#4695=DIRECTION('',(-1.,0.,0.));
#4696=DIRECTION('',(0.,0.,1.));
#4697=DIRECTION('',(0.,0.587785252292474,0.809016994374947));
#4698=DIRECTION('',(-1.,0.,0.));
#4699=DIRECTION('',(0.,0.,1.));
#4700=DIRECTION('',(0.,-0.809016994374947,0.587785252292474));
#4701=DIRECTION('',(-1.,0.,0.));
#4702=DIRECTION('',(0.,0.,1.));
#4703=DIRECTION('',(0.,0.587785252292473,0.809016994374947));
#4704=DIRECTION('',(-1.,0.,0.));
#4705=DIRECTION('',(0.,0.,1.));
#4706=DIRECTION('',(0.,-0.309016994374948,0.951056516295154));
#4707=DIRECTION('',(-1.,0.,0.));
#4708=DIRECTION('',(0.,0.,1.));
#4709=DIRECTION('',(0.,0.951056516295154,0.309016994374948));
#4710=DIRECTION('',(-1.,0.,0.));
#4711=DIRECTION('',(0.,0.,1.));
#4712=DIRECTION('',(0.,-0.309016994374948,0.951056516295154));
#4713=DIRECTION('',(-1.,0.,0.));
#4714=DIRECTION('',(0.,0.,1.));
#4715=DIRECTION('',(0.,0.951056516295154,0.309016994374948));
#4716=DIRECTION('',(-1.,0.,0.));
#4717=DIRECTION('',(0.,0.,1.));
#4718=DIRECTION('',(0.,0.309016994374948,-0.951056516295154));
#4719=DIRECTION('',(-1.,0.,0.));
#4720=DIRECTION('',(0.,0.,1.));
#4721=DIRECTION('',(0.,-0.951056516295154,-0.309016994374948));
#4722=DIRECTION('',(-1.,0.,0.));
#4723=DIRECTION('',(0.,0.,1.));
#4724=DIRECTION('',(0.,0.309016994374948,-0.951056516295154));
#4725=DIRECTION('',(-1.,0.,0.));
#4726=DIRECTION('',(0.,0.,1.));
#4727=DIRECTION('',(0.,-0.951056516295154,-0.309016994374948));
#4728=DIRECTION('',(-1.,0.,0.));
#4729=DIRECTION('',(0.,0.,1.));
#4730=DIRECTION('',(0.,-0.309016994374948,-0.951056516295154));
#4731=DIRECTION('',(-1.,0.,0.));
#4732=DIRECTION('',(0.,0.,1.));
#4733=DIRECTION('',(0.,-0.951056516295154,0.309016994374948));
#4734=DIRECTION('',(-1.,0.,0.));
#4735=DIRECTION('',(0.,0.,1.));
#4736=DIRECTION('',(0.,-0.309016994374948,-0.951056516295154));
#4737=DIRECTION('',(-1.,0.,0.));
#4738=DIRECTION('',(0.,0.,1.));
#4739=DIRECTION('',(0.,-0.951056516295154,0.309016994374948));
#4740=DIRECTION('',(1.,0.,0.));
#4741=DIRECTION('',(0.,0.,-1.));
#4742=DIRECTION('',(-1.,0.,0.));
#4743=DIRECTION('',(0.,0.,1.));
#4744=DIRECTION('',(0.,-1.,0.));
#4745=DIRECTION('',(0.,-0.638291648162108,-0.769794629681514));
#4746=DIRECTION('',(1.,0.,0.));
#4747=DIRECTION('',(0.,0.,-1.));
#4748=DIRECTION('',(0.,-0.638291648162108,0.769794629681514));
#4749=DIRECTION('',(-1.,0.,0.));
#4750=DIRECTION('',(0.,0.,1.));
#4751=DIRECTION('',(0.,-1.35525271560677E-16,-1.));
#4752=DIRECTION('',(-1.,0.,0.));
#4753=DIRECTION('',(0.,0.,1.));
#4754=DIRECTION('',(0.,-1.,0.));
#4755=DIRECTION('',(-1.,0.,0.));
#4756=DIRECTION('',(0.,0.,1.));
#4757=DIRECTION('',(0.,-1.35525271560677E-16,-1.));
#4758=DIRECTION('',(-1.,0.,0.));
#4759=DIRECTION('',(0.,0.,1.));
#4760=DIRECTION('',(0.,-1.,0.));
#4761=DIRECTION('',(-1.,0.,0.));
#4762=DIRECTION('',(0.,0.,1.));
#4763=DIRECTION('',(0.,2.71050543121355E-16,1.));
#4764=DIRECTION('',(-1.,0.,0.));
#4765=DIRECTION('',(0.,0.,1.));
#4766=DIRECTION('',(0.,1.,-1.33301050500195E-15));
#4767=DIRECTION('',(-1.,0.,0.));
#4768=DIRECTION('',(0.,0.,1.));
#4769=DIRECTION('',(0.,2.71050543121355E-16,1.));
#4770=DIRECTION('',(-1.,0.,0.));
#4771=DIRECTION('',(0.,0.,1.));
#4772=DIRECTION('',(0.,1.,0.));
#4773=DIRECTION('',(-1.,0.,0.));
#4774=DIRECTION('',(0.,0.,1.));
#4775=DIRECTION('',(0.,-0.587785252292473,0.809016994374948));
#4776=DIRECTION('',(-1.,0.,0.));
#4777=DIRECTION('',(0.,0.,1.));
#4778=DIRECTION('',(0.,0.809016994374948,0.587785252292473));
#4779=DIRECTION('',(-1.,0.,0.));
#4780=DIRECTION('',(0.,0.,1.));
#4781=DIRECTION('',(0.,-0.587785252292473,0.809016994374948));
#4782=DIRECTION('',(-1.,0.,0.));
#4783=DIRECTION('',(0.,0.,1.));
#4784=DIRECTION('',(0.,0.809016994374948,0.587785252292473));
#4785=DIRECTION('',(-1.,0.,0.));
#4786=DIRECTION('',(0.,0.,1.));
#4787=DIRECTION('',(0.,-0.951056516295154,0.309016994374948));
#4788=DIRECTION('',(-1.,0.,0.));
#4789=DIRECTION('',(0.,0.,1.));
#4790=DIRECTION('',(0.,0.309016994374948,0.951056516295154));
#4791=DIRECTION('',(-1.,0.,0.));
#4792=DIRECTION('',(0.,0.,1.));
#4793=DIRECTION('',(0.,-0.951056516295154,0.309016994374948));
#4794=DIRECTION('',(-1.,0.,0.));
#4795=DIRECTION('',(0.,0.,1.));
#4796=DIRECTION('',(0.,0.309016994374949,0.951056516295153));
#4797=DIRECTION('',(-1.,0.,0.));
#4798=DIRECTION('',(0.,0.,1.));
#4799=DIRECTION('',(0.,0.587785252292473,-0.809016994374948));
#4800=DIRECTION('',(-1.,0.,0.));
#4801=DIRECTION('',(0.,0.,1.));
#4802=DIRECTION('',(0.,-0.809016994374947,-0.587785252292473));
#4803=DIRECTION('',(-1.,0.,0.));
#4804=DIRECTION('',(0.,0.,1.));
#4805=DIRECTION('',(0.,0.587785252292473,-0.809016994374948));
#4806=DIRECTION('',(-1.,0.,0.));
#4807=DIRECTION('',(0.,0.,1.));
#4808=DIRECTION('',(0.,-0.809016994374948,-0.587785252292473));
#4809=DIRECTION('',(-1.,0.,0.));
#4810=DIRECTION('',(0.,0.,1.));
#4811=DIRECTION('',(0.,0.951056516295154,-0.309016994374948));
#4812=DIRECTION('',(-1.,0.,0.));
#4813=DIRECTION('',(0.,0.,1.));
#4814=DIRECTION('',(0.,-0.309016994374948,-0.951056516295154));
#4815=DIRECTION('',(-1.,0.,0.));
#4816=DIRECTION('',(0.,0.,1.));
#4817=DIRECTION('',(0.,0.951056516295154,-0.309016994374948));
#4818=DIRECTION('',(-1.,0.,0.));
#4819=DIRECTION('',(0.,0.,1.));
#4820=DIRECTION('',(0.,-0.309016994374948,-0.951056516295154));
#4821=DIRECTION('',(-1.,0.,0.));
#4822=DIRECTION('',(0.,0.,1.));
#4823=DIRECTION('',(0.,0.951056516295154,0.309016994374948));
#4824=DIRECTION('',(-1.,0.,0.));
#4825=DIRECTION('',(0.,0.,1.));
#4826=DIRECTION('',(0.,0.309016994374948,-0.951056516295154));
#4827=DIRECTION('',(-1.,0.,0.));
#4828=DIRECTION('',(0.,0.,1.));
#4829=DIRECTION('',(0.,0.951056516295154,0.309016994374947));
#4830=DIRECTION('',(-1.,0.,0.));
#4831=DIRECTION('',(0.,0.,1.));
#4832=DIRECTION('',(0.,0.309016994374948,-0.951056516295153));
#4833=DIRECTION('',(-1.,0.,0.));
#4834=DIRECTION('',(0.,0.,1.));
#4835=DIRECTION('',(0.,0.587785252292473,0.809016994374948));
#4836=DIRECTION('',(-1.,0.,0.));
#4837=DIRECTION('',(0.,0.,1.));
#4838=DIRECTION('',(0.,0.809016994374948,-0.587785252292473));
#4839=DIRECTION('',(-1.,0.,0.));
#4840=DIRECTION('',(0.,0.,1.));
#4841=DIRECTION('',(0.,0.587785252292473,0.809016994374948));
#4842=DIRECTION('',(-1.,0.,0.));
#4843=DIRECTION('',(0.,0.,1.));
#4844=DIRECTION('',(0.,0.809016994374947,-0.587785252292474));
#4845=DIRECTION('',(-1.,0.,0.));
#4846=DIRECTION('',(0.,0.,1.));
#4847=DIRECTION('',(0.,-0.951056516295154,-0.309016994374947));
#4848=DIRECTION('',(-1.,0.,0.));
#4849=DIRECTION('',(0.,0.,1.));
#4850=DIRECTION('',(0.,-0.309016994374948,0.951056516295154));
#4851=DIRECTION('',(-1.,0.,0.));
#4852=DIRECTION('',(0.,0.,1.));
#4853=DIRECTION('',(0.,-0.951056516295154,-0.309016994374947));
#4854=DIRECTION('',(-1.,0.,0.));
#4855=DIRECTION('',(0.,0.,1.));
#4856=DIRECTION('',(0.,-0.309016994374948,0.951056516295154));
#4857=DIRECTION('',(-1.,0.,0.));
#4858=DIRECTION('',(0.,0.,1.));
#4859=DIRECTION('',(0.,-0.587785252292474,-0.809016994374947));
#4860=DIRECTION('',(-1.,0.,0.));
#4861=DIRECTION('',(0.,0.,1.));
#4862=DIRECTION('',(0.,-0.809016994374948,0.587785252292473));
#4863=DIRECTION('',(-1.,0.,0.));
#4864=DIRECTION('',(0.,0.,1.));
#4865=DIRECTION('',(0.,-0.587785252292474,-0.809016994374947));
#4866=DIRECTION('',(-1.,0.,0.));
#4867=DIRECTION('',(0.,0.,1.));
#4868=DIRECTION('',(0.,-0.809016994374947,0.587785252292474));
#4869=DIRECTION('',(0.,0.,-1.));
#4870=DIRECTION('',(1.,0.,0.));
#4871=DIRECTION('',(2.22044604925031E-16,0.,-1.));
#4872=DIRECTION('',(-1.,0.,-2.22044604925031E-16));
#4873=DIRECTION('',(0.,0.730106537128741,0.683333333331456));
#4874=DIRECTION('',(0.,0.683333333331456,-0.730106537128741));
#4875=DIRECTION('',(0.,7.98127871481639E-16,1.));
#4876=DIRECTION('',(0.,1.,-7.98127871481639E-16));
#4877=DIRECTION('',(0.,-0.730106537125227,0.683333333335211));
#4878=DIRECTION('',(0.,-0.683333333335211,-0.730106537125227));
#4879=DIRECTION('',(0.,7.98127871481639E-16,1.));
#4880=DIRECTION('',(0.,1.,-7.98127871481639E-16));
#4881=DIRECTION('',(-1.,0.,0.));
#4882=DIRECTION('',(0.,1.,0.));
#4883=DIRECTION('',(1.,0.,0.));
#4884=DIRECTION('',(0.,0.,-1.));
#4885=DIRECTION('',(0.,1.,-7.98127871481639E-16));
#4886=DIRECTION('',(0.,0.683333333335211,0.730106537125227));
#4887=DIRECTION('',(1.,0.,0.));
#4888=DIRECTION('',(0.,0.,-1.));
#4889=DIRECTION('',(0.,-0.804878048780488,0.593440246858362));
#4890=DIRECTION('',(0.,-1.,0.));
#4891=DIRECTION('',(0.,-0.804878048780488,-0.593440246858362));
#4892=DIRECTION('',(1.,0.,0.));
#4893=DIRECTION('',(0.,0.,-1.));
#4894=DIRECTION('',(0.,0.683333333331456,-0.730106537128741));
#4895=DIRECTION('',(1.,0.,0.));
#4896=DIRECTION('',(0.,0.,1.));
#4897=DIRECTION('',(1.,0.,0.));
#4898=DIRECTION('',(0.,0.,-1.));
#4899=DIRECTION('',(0.,-1.,0.));
#4900=DIRECTION('',(1.,0.,0.));
#4901=DIRECTION('',(0.,0.,-1.));
#4902=DIRECTION('',(0.,1.,3.12510355381096E-16));
#4903=DIRECTION('',(1.,0.,0.));
#4904=DIRECTION('',(0.,0.,1.));
#4905=DIRECTION('',(1.,0.,0.));
#4906=DIRECTION('',(0.,0.,-1.));
#4907=DIRECTION('',(1.,0.,0.));
#4908=DIRECTION('',(0.,-3.51529915347151E-17,1.));
#4909=DIRECTION('',(1.,2.94162051384705E-16,-7.21174464596735E-17));
#4910=DIRECTION('',(7.21174464596734E-17,-6.12323399573677E-17,1.));
#4911=DIRECTION('',(-1.,0.,0.));
#4912=DIRECTION('',(0.,0.,1.));
#4913=DIRECTION('',(0.,0.,-1.));
#4914=DIRECTION('',(1.,0.,0.));
#4915=DIRECTION('',(-2.22044604925031E-16,0.,1.));
#4916=DIRECTION('',(1.,0.,2.22044604925031E-16));
#4917=DIRECTION('',(-2.22044604925031E-16,0.,1.));
#4918=DIRECTION('',(1.,0.,2.22044604925031E-16));
#4919=DIRECTION('',(1.,0.,0.));
#4920=DIRECTION('',(0.,0.,1.));
#4921=DIRECTION('',(1.,0.,2.22044604925031E-16));
#4922=DIRECTION('',(1.,0.,2.22044604925031E-16));
#4923=DIRECTION('',(2.22044604925031E-16,0.,-1.));
#4924=DIRECTION('',(-1.,0.,-2.22044604925031E-16));
#4925=DIRECTION('',(0.,0.,1.));
#4926=DIRECTION('',(0.,-1.,0.));
#4927=DIRECTION('',(-1.,0.,-2.22044604925031E-16));
#4928=DIRECTION('',(1.,0.,2.22044604925031E-16));
#4929=DIRECTION('',(-1.41729216843102E-16,0.769794629681514,0.638291648162108));
#4930=DIRECTION('',(-1.70928744421043E-16,-0.638291648162108,0.769794629681514));
#4931=DIRECTION('',(0.,0.,-1.));
#4932=DIRECTION('',(1.,0.,0.));
#4933=DIRECTION('',(0.,1.,0.));
#4934=DIRECTION('',(-1.,0.,-2.22044604925031E-16));
#4935=DIRECTION('',(-1.,0.,-2.22044604925031E-16));
#4936=DIRECTION('',(0.,0.,1.));
#4937=DIRECTION('',(0.,1.,0.));
#4938=DIRECTION('',(0.,1.,0.));
#4939=DIRECTION('',(0.,-1.,0.));
#4940=DIRECTION('',(-1.,0.,-2.22044604925031E-16));
#4941=DIRECTION('',(-1.,0.,0.));
#4942=DIRECTION('',(0.,1.,0.));
#4943=DIRECTION('',(0.,-1.,0.));
#4944=DIRECTION('',(-2.22044604925031E-16,0.,1.));
#4945=DIRECTION('',(0.,1.,0.));
#4946=DIRECTION('',(-2.22044604925031E-16,0.,1.));
#4947=DIRECTION('',(1.,0.,0.));
#4948=DIRECTION('',(0.,-1.,0.));
#4949=DIRECTION('',(-2.22044604925031E-16,0.,1.));
#4950=DIRECTION('',(0.,-1.,0.));
#4951=DIRECTION('',(-2.22044604925031E-16,0.,1.));
#4952=DIRECTION('',(0.,0.,1.));
#4953=DIRECTION('',(0.,1.,0.));
#4954=DIRECTION('',(1.,0.,2.22044604925031E-16));
#4955=DIRECTION('',(1.,0.,6.34413156928661E-17));
#4956=DIRECTION('',(2.57150486098242E-18,0.,-1.));
#4957=DIRECTION('',(-1.41729216843102E-16,-0.769794629681514,0.638291648162108));
#4958=DIRECTION('',(1.70928744421043E-16,-0.638291648162108,-0.769794629681514));
#4959=DIRECTION('',(0.,0.,1.));
#4960=DIRECTION('',(-1.,0.,0.));
#4961=DIRECTION('',(-1.,0.,-2.22044604925031E-16));
#4962=DIRECTION('',(0.,-1.,0.));
#4963=DIRECTION('',(-1.,0.,-2.22044604925031E-16));
#4964=DIRECTION('',(0.,1.,0.));
#4965=DIRECTION('',(-1.,0.,-2.22044604925031E-16));
#4966=DIRECTION('',(-1.,0.,-2.22044604925031E-16));
#4967=DIRECTION('',(0.,0.,1.));
#4968=DIRECTION('',(0.,-1.,0.));
#4969=DIRECTION('',(1.,0.,2.22044604925031E-16));
#4970=DIRECTION('',(-1.,0.,-2.22044604925031E-16));
#4971=DIRECTION('',(0.,0.,-1.));
#4972=DIRECTION('',(0.,0.,-1.));
#4973=DIRECTION('',(1.,0.,0.));
#4974=DIRECTION('',(0.,1.,0.));
#4975=DIRECTION('',(1.,0.,0.));
#4976=DIRECTION('',(0.,0.,1.));
#4977=DIRECTION('',(1.,0.,0.));
#4978=DIRECTION('',(1.,0.,0.));
#4979=DIRECTION('',(0.,0.,-1.));
#4980=DIRECTION('',(1.,0.,0.));
#4981=DIRECTION('',(0.,-3.12510355381096E-16,1.));
#4982=DIRECTION('',(0.,-1.,-3.12510355381096E-16));
#4983=DIRECTION('',(1.,0.,0.));
#4984=DIRECTION('',(0.,-1.,0.));
#4985=DIRECTION('',(1.,0.,0.));
#4986=DIRECTION('',(0.,0.,1.));
#4987=DIRECTION('',(1.,0.,0.));
#4988=DIRECTION('',(1.,0.,0.));
#4989=DIRECTION('',(0.,-0.730106537128741,-0.683333333331456));
#4990=DIRECTION('',(0.,0.683333333331456,-0.730106537128741));
#4991=DIRECTION('',(-1.,0.,0.));
#4992=DIRECTION('',(-1.,0.,0.));
#4993=DIRECTION('',(-1.,0.,0.));
#4994=DIRECTION('',(0.,-7.98127871481639E-16,-1.));
#4995=DIRECTION('',(0.,1.,-7.98127871481639E-16));
#4996=DIRECTION('',(-1.,0.,0.));
#4997=DIRECTION('',(0.,-7.98127871481639E-16,-1.));
#4998=DIRECTION('',(0.,1.,-7.98127871481639E-16));
#4999=DIRECTION('',(-1.,0.,0.));
#5000=DIRECTION('',(0.,0.730106537125227,-0.683333333335211));
#5001=DIRECTION('',(0.,0.683333333335211,0.730106537125227));
#5002=DIRECTION('',(-1.,0.,0.));
#5003=DIRECTION('',(-1.,0.,0.));
#5004=DIRECTION('',(0.,0.,-1.));
#5005=DIRECTION('',(-1.,0.,0.));
#5006=DIRECTION('',(0.,0.593440246858362,0.804878048780488));
#5007=DIRECTION('',(0.,-0.804878048780488,0.593440246858362));
#5008=DIRECTION('',(-1.,0.,0.));
#5009=DIRECTION('',(0.,0.,1.));
#5010=DIRECTION('',(-1.,0.,0.));
#5011=DIRECTION('',(-1.,0.,0.));
#5012=DIRECTION('',(0.,-0.593440246858362,0.804878048780488));
#5013=DIRECTION('',(0.,-0.804878048780488,-0.593440246858362));
#5014=DIRECTION('',(-1.,0.,0.));
#5015=DIRECTION('',(-1.,0.,0.));
#5016=DIRECTION('',(0.,0.,-1.));
#5017=DIRECTION('',(1.,0.,0.));
#5018=DIRECTION('',(0.,0.,-1.));
#5019=DIRECTION('',(0.,0.951056516295154,-0.309016994374948));
#5020=DIRECTION('',(0.,0.309016994374948,0.951056516295154));
#5021=DIRECTION('',(1.,0.,0.));
#5022=DIRECTION('',(1.,0.,0.));
#5023=DIRECTION('',(1.,0.,0.));
#5024=DIRECTION('',(0.,0.,-1.));
#5025=DIRECTION('',(1.,0.,0.));
#5026=DIRECTION('',(0.,-0.309016994374948,-0.951056516295154));
#5027=DIRECTION('',(0.,0.951056516295154,-0.309016994374948));
#5028=DIRECTION('',(1.,0.,0.));
#5029=DIRECTION('',(1.,0.,0.));
#5030=DIRECTION('',(0.,0.,-1.));
#5031=DIRECTION('',(1.,0.,0.));
#5032=DIRECTION('',(0.,0.951056516295154,-0.309016994374948));
#5033=DIRECTION('',(0.,0.309016994374948,0.951056516295154));
#5034=DIRECTION('',(1.,0.,0.));
#5035=DIRECTION('',(1.,0.,0.));
#5036=DIRECTION('',(0.,0.,-1.));
#5037=DIRECTION('',(1.,0.,0.));
#5038=DIRECTION('',(0.,-0.309016994374948,-0.951056516295154));
#5039=DIRECTION('',(0.,0.951056516295154,-0.309016994374948));
#5040=DIRECTION('',(1.,0.,0.));
#5041=DIRECTION('',(1.,0.,0.));
#5042=DIRECTION('',(0.,0.,-1.));
#5043=DIRECTION('',(0.,1.,-1.35525271560677E-16));
#5044=DIRECTION('',(0.,1.35525271560677E-16,1.));
#5045=DIRECTION('',(1.,0.,0.));
#5046=DIRECTION('',(1.,0.,0.));
#5047=DIRECTION('',(1.,0.,0.));
#5048=DIRECTION('',(0.,0.,-1.));
#5049=DIRECTION('',(1.,0.,0.));
#5050=DIRECTION('',(0.,0.,-1.));
#5051=DIRECTION('',(-1.,0.,0.));
#5052=DIRECTION('',(1.,0.,0.));
#5053=DIRECTION('',(1.,0.,0.));
#5054=DIRECTION('',(0.,0.,-1.));
#5055=DIRECTION('',(1.,0.,0.));
#5056=DIRECTION('',(0.,1.,-1.35525271560677E-16));
#5057=DIRECTION('',(0.,1.35525271560677E-16,1.));
#5058=DIRECTION('',(1.,0.,0.));
#5059=DIRECTION('',(1.,0.,0.));
#5060=DIRECTION('',(0.,0.,-1.));
#5061=DIRECTION('',(1.,0.,0.));
#5062=DIRECTION('',(0.,0.,-1.));
#5063=DIRECTION('',(-1.,0.,0.));
#5064=DIRECTION('',(1.,0.,0.));
#5065=DIRECTION('',(1.,0.,0.));
#5066=DIRECTION('',(0.,0.,-1.));
#5067=DIRECTION('',(0.,0.951056516295154,0.309016994374948));
#5068=DIRECTION('',(0.,-0.309016994374948,0.951056516295154));
#5069=DIRECTION('',(1.,0.,0.));
#5070=DIRECTION('',(1.,0.,0.));
#5071=DIRECTION('',(1.,0.,0.));
#5072=DIRECTION('',(0.,0.,-1.));
#5073=DIRECTION('',(1.,0.,0.));
#5074=DIRECTION('',(0.,0.309016994374948,-0.951056516295154));
#5075=DIRECTION('',(0.,0.951056516295154,0.309016994374948));
#5076=DIRECTION('',(1.,0.,0.));
#5077=DIRECTION('',(1.,0.,0.));
#5078=DIRECTION('',(0.,0.,-1.));
#5079=DIRECTION('',(1.,0.,0.));
#5080=DIRECTION('',(0.,0.951056516295154,0.309016994374948));
#5081=DIRECTION('',(0.,-0.309016994374948,0.951056516295154));
#5082=DIRECTION('',(1.,0.,0.));
#5083=DIRECTION('',(1.,0.,0.));
#5084=DIRECTION('',(0.,0.,-1.));
#5085=DIRECTION('',(1.,0.,0.));
#5086=DIRECTION('',(0.,0.309016994374948,-0.951056516295154));
#5087=DIRECTION('',(0.,0.951056516295154,0.309016994374948));
#5088=DIRECTION('',(1.,0.,0.));
#5089=DIRECTION('',(1.,0.,0.));
#5090=DIRECTION('',(0.,0.,-1.));
#5091=DIRECTION('',(0.,-1.,2.71050543121355E-16));
#5092=DIRECTION('',(0.,-2.71050543121355E-16,-1.));
#5093=DIRECTION('',(1.,0.,0.));
#5094=DIRECTION('',(1.,0.,0.));
#5095=DIRECTION('',(1.,0.,0.));
#5096=DIRECTION('',(0.,0.,-1.));
#5097=DIRECTION('',(1.,0.,0.));
#5098=DIRECTION('',(0.,1.33301050500195E-15,1.));
#5099=DIRECTION('',(0.,-1.,1.33301050500195E-15));
#5100=DIRECTION('',(1.,0.,0.));
#5101=DIRECTION('',(1.,0.,0.));
#5102=DIRECTION('',(0.,0.,-1.));
#5103=DIRECTION('',(1.,0.,0.));
#5104=DIRECTION('',(0.,-1.,2.71050543121355E-16));
#5105=DIRECTION('',(0.,-2.71050543121355E-16,-1.));
#5106=DIRECTION('',(1.,0.,0.));
#5107=DIRECTION('',(1.,0.,0.));
#5108=DIRECTION('',(0.,0.,-1.));
#5109=DIRECTION('',(1.,0.,0.));
#5110=DIRECTION('',(0.,0.,1.));
#5111=DIRECTION('',(1.,0.,0.));
#5112=DIRECTION('',(1.,0.,0.));
#5113=DIRECTION('',(1.,0.,0.));
#5114=DIRECTION('',(0.,0.,-1.));
#5115=DIRECTION('',(0.,-0.951056516295154,-0.309016994374948));
#5116=DIRECTION('',(0.,0.309016994374948,-0.951056516295154));
#5117=DIRECTION('',(1.,0.,0.));
#5118=DIRECTION('',(1.,0.,0.));
#5119=DIRECTION('',(1.,0.,0.));
#5120=DIRECTION('',(0.,0.,-1.));
#5121=DIRECTION('',(1.,0.,0.));
#5122=DIRECTION('',(0.,-0.309016994374948,0.951056516295154));
#5123=DIRECTION('',(0.,-0.951056516295154,-0.309016994374948));
#5124=DIRECTION('',(1.,0.,0.));
#5125=DIRECTION('',(1.,0.,0.));
#5126=DIRECTION('',(0.,0.,-1.));
#5127=DIRECTION('',(1.,0.,0.));
#5128=DIRECTION('',(0.,-0.951056516295154,-0.309016994374948));
#5129=DIRECTION('',(0.,0.309016994374948,-0.951056516295154));
#5130=DIRECTION('',(1.,0.,0.));
#5131=DIRECTION('',(1.,0.,0.));
#5132=DIRECTION('',(0.,0.,-1.));
#5133=DIRECTION('',(1.,0.,0.));
#5134=DIRECTION('',(0.,-0.309016994374948,0.951056516295154));
#5135=DIRECTION('',(0.,-0.951056516295154,-0.309016994374948));
#5136=DIRECTION('',(1.,0.,0.));
#5137=DIRECTION('',(1.,0.,0.));
#5138=DIRECTION('',(0.,0.,-1.));
#5139=DIRECTION('',(0.,-0.809016994374948,-0.587785252292473));
#5140=DIRECTION('',(0.,0.587785252292473,-0.809016994374948));
#5141=DIRECTION('',(1.,0.,0.));
#5142=DIRECTION('',(1.,0.,0.));
#5143=DIRECTION('',(1.,0.,0.));
#5144=DIRECTION('',(0.,0.,-1.));
#5145=DIRECTION('',(1.,0.,0.));
#5146=DIRECTION('',(0.,-0.587785252292473,0.809016994374948));
#5147=DIRECTION('',(0.,-0.809016994374948,-0.587785252292473));
#5148=DIRECTION('',(1.,0.,0.));
#5149=DIRECTION('',(1.,0.,0.));
#5150=DIRECTION('',(0.,0.,-1.));
#5151=DIRECTION('',(1.,0.,0.));
#5152=DIRECTION('',(0.,-0.809016994374948,-0.587785252292473));
#5153=DIRECTION('',(0.,0.587785252292473,-0.809016994374948));
#5154=DIRECTION('',(1.,0.,0.));
#5155=DIRECTION('',(1.,0.,0.));
#5156=DIRECTION('',(0.,0.,-1.));
#5157=DIRECTION('',(1.,0.,0.));
#5158=DIRECTION('',(0.,-0.587785252292473,0.809016994374948));
#5159=DIRECTION('',(0.,-0.809016994374948,-0.587785252292473));
#5160=DIRECTION('',(1.,0.,0.));
#5161=DIRECTION('',(1.,0.,0.));
#5162=DIRECTION('',(0.,0.,-1.));
#5163=DIRECTION('',(0.,-0.587785252292473,-0.809016994374947));
#5164=DIRECTION('',(0.,0.809016994374947,-0.587785252292473));
#5165=DIRECTION('',(1.,0.,0.));
#5166=DIRECTION('',(1.,0.,0.));
#5167=DIRECTION('',(1.,0.,0.));
#5168=DIRECTION('',(0.,0.,-1.));
#5169=DIRECTION('',(1.,0.,0.));
#5170=DIRECTION('',(0.,-0.809016994374947,0.587785252292474));
#5171=DIRECTION('',(0.,-0.587785252292474,-0.809016994374947));
#5172=DIRECTION('',(1.,0.,0.));
#5173=DIRECTION('',(1.,0.,0.));
#5174=DIRECTION('',(0.,0.,-1.));
#5175=DIRECTION('',(1.,0.,0.));
#5176=DIRECTION('',(0.,-0.587785252292474,-0.809016994374947));
#5177=DIRECTION('',(0.,0.809016994374947,-0.587785252292474));
#5178=DIRECTION('',(1.,0.,0.));
#5179=DIRECTION('',(1.,0.,0.));
#5180=DIRECTION('',(0.,0.,-1.));
#5181=DIRECTION('',(1.,0.,0.));
#5182=DIRECTION('',(0.,-0.809016994374947,0.587785252292473));
#5183=DIRECTION('',(0.,-0.587785252292473,-0.809016994374947));
#5184=DIRECTION('',(1.,0.,0.));
#5185=DIRECTION('',(1.,0.,0.));
#5186=DIRECTION('',(0.,0.,-1.));
#5187=DIRECTION('',(0.,-0.309016994374948,-0.951056516295154));
#5188=DIRECTION('',(0.,0.951056516295154,-0.309016994374948));
#5189=DIRECTION('',(1.,0.,0.));
#5190=DIRECTION('',(1.,0.,0.));
#5191=DIRECTION('',(1.,0.,0.));
#5192=DIRECTION('',(0.,0.,-1.));
#5193=DIRECTION('',(1.,0.,0.));
#5194=DIRECTION('',(0.,-0.951056516295154,0.309016994374948));
#5195=DIRECTION('',(0.,-0.309016994374948,-0.951056516295154));
#5196=DIRECTION('',(1.,0.,0.));
#5197=DIRECTION('',(1.,0.,0.));
#5198=DIRECTION('',(0.,0.,-1.));
#5199=DIRECTION('',(1.,0.,0.));
#5200=DIRECTION('',(0.,-0.309016994374948,-0.951056516295154));
#5201=DIRECTION('',(0.,0.951056516295154,-0.309016994374948));
#5202=DIRECTION('',(1.,0.,0.));
#5203=DIRECTION('',(1.,0.,0.));
#5204=DIRECTION('',(0.,0.,-1.));
#5205=DIRECTION('',(1.,0.,0.));
#5206=DIRECTION('',(0.,-0.951056516295153,0.309016994374949));
#5207=DIRECTION('',(0.,-0.309016994374949,-0.951056516295153));
#5208=DIRECTION('',(1.,0.,0.));
#5209=DIRECTION('',(1.,0.,0.));
#5210=DIRECTION('',(0.,0.,-1.));
#5211=DIRECTION('',(0.,-2.9815559743349E-16,-1.));
#5212=DIRECTION('',(0.,1.,-2.9815559743349E-16));
#5213=DIRECTION('',(1.,0.,0.));
#5214=DIRECTION('',(1.,0.,0.));
#5215=DIRECTION('',(1.,0.,0.));
#5216=DIRECTION('',(0.,0.,-1.));
#5217=DIRECTION('',(1.,0.,0.));
#5218=DIRECTION('',(0.,-1.,1.33301050500195E-15));
#5219=DIRECTION('',(0.,-1.33301050500195E-15,-1.));
#5220=DIRECTION('',(1.,0.,0.));
#5221=DIRECTION('',(1.,0.,0.));
#5222=DIRECTION('',(0.,0.,-1.));
#5223=DIRECTION('',(1.,0.,0.));
#5224=DIRECTION('',(0.,-2.9815559743349E-16,-1.));
#5225=DIRECTION('',(0.,1.,-2.9815559743349E-16));
#5226=DIRECTION('',(1.,0.,0.));
#5227=DIRECTION('',(1.,0.,0.));
#5228=DIRECTION('',(0.,0.,-1.));
#5229=DIRECTION('',(1.,0.,0.));
#5230=DIRECTION('',(0.,-1.,1.33301050500195E-15));
#5231=DIRECTION('',(0.,-1.33301050500195E-15,-1.));
#5232=DIRECTION('',(1.,0.,0.));
#5233=DIRECTION('',(1.,0.,0.));
#5234=DIRECTION('',(0.,0.,-1.));
#5235=DIRECTION('',(0.,0.809016994374948,0.587785252292473));
#5236=DIRECTION('',(0.,-0.587785252292473,0.809016994374948));
#5237=DIRECTION('',(1.,0.,0.));
#5238=DIRECTION('',(1.,0.,0.));
#5239=DIRECTION('',(1.,0.,0.));
#5240=DIRECTION('',(0.,0.,-1.));
#5241=DIRECTION('',(1.,0.,0.));
#5242=DIRECTION('',(0.,0.587785252292473,-0.809016994374947));
#5243=DIRECTION('',(0.,0.809016994374947,0.587785252292473));
#5244=DIRECTION('',(1.,0.,0.));
#5245=DIRECTION('',(1.,0.,0.));
#5246=DIRECTION('',(0.,0.,-1.));
#5247=DIRECTION('',(1.,0.,0.));
#5248=DIRECTION('',(0.,0.809016994374948,0.587785252292473));
#5249=DIRECTION('',(0.,-0.587785252292473,0.809016994374948));
#5250=DIRECTION('',(1.,0.,0.));
#5251=DIRECTION('',(1.,0.,0.));
#5252=DIRECTION('',(0.,0.,-1.));
#5253=DIRECTION('',(1.,0.,0.));
#5254=DIRECTION('',(0.,0.587785252292473,-0.809016994374948));
#5255=DIRECTION('',(0.,0.809016994374948,0.587785252292473));
#5256=DIRECTION('',(1.,0.,0.));
#5257=DIRECTION('',(1.,0.,0.));
#5258=DIRECTION('',(0.,0.,-1.));
#5259=DIRECTION('',(0.,0.587785252292473,0.809016994374947));
#5260=DIRECTION('',(0.,-0.809016994374947,0.587785252292473));
#5261=DIRECTION('',(1.,0.,0.));
#5262=DIRECTION('',(1.,0.,0.));
#5263=DIRECTION('',(1.,0.,0.));
#5264=DIRECTION('',(0.,0.,-1.));
#5265=DIRECTION('',(1.,0.,0.));
#5266=DIRECTION('',(0.,0.809016994374948,-0.587785252292473));
#5267=DIRECTION('',(0.,0.587785252292473,0.809016994374948));
#5268=DIRECTION('',(1.,0.,0.));
#5269=DIRECTION('',(1.,0.,0.));
#5270=DIRECTION('',(0.,0.,-1.));
#5271=DIRECTION('',(1.,0.,0.));
#5272=DIRECTION('',(0.,0.587785252292473,0.809016994374947));
#5273=DIRECTION('',(0.,-0.809016994374947,0.587785252292473));
#5274=DIRECTION('',(1.,0.,0.));
#5275=DIRECTION('',(1.,0.,0.));
#5276=DIRECTION('',(0.,0.,-1.));
#5277=DIRECTION('',(1.,0.,0.));
#5278=DIRECTION('',(0.,0.809016994374947,-0.587785252292474));
#5279=DIRECTION('',(0.,0.587785252292474,0.809016994374947));
#5280=DIRECTION('',(1.,0.,0.));
#5281=DIRECTION('',(1.,0.,0.));
#5282=DIRECTION('',(0.,0.,-1.));
#5283=DIRECTION('',(0.,0.309016994374948,0.951056516295154));
#5284=DIRECTION('',(0.,-0.951056516295154,0.309016994374948));
#5285=DIRECTION('',(1.,0.,0.));
#5286=DIRECTION('',(1.,0.,0.));
#5287=DIRECTION('',(1.,0.,0.));
#5288=DIRECTION('',(0.,0.,-1.));
#5289=DIRECTION('',(1.,0.,0.));
#5290=DIRECTION('',(0.,0.951056516295154,-0.309016994374948));
#5291=DIRECTION('',(0.,0.309016994374948,0.951056516295154));
#5292=DIRECTION('',(1.,0.,0.));
#5293=DIRECTION('',(1.,0.,0.));
#5294=DIRECTION('',(0.,0.,-1.));
#5295=DIRECTION('',(1.,0.,0.));
#5296=DIRECTION('',(0.,0.309016994374948,0.951056516295154));
#5297=DIRECTION('',(0.,-0.951056516295154,0.309016994374948));
#5298=DIRECTION('',(1.,0.,0.));
#5299=DIRECTION('',(1.,0.,0.));
#5300=DIRECTION('',(0.,0.,-1.));
#5301=DIRECTION('',(1.,0.,0.));
#5302=DIRECTION('',(0.,0.951056516295154,-0.309016994374948));
#5303=DIRECTION('',(0.,0.309016994374948,0.951056516295154));
#5304=DIRECTION('',(1.,0.,0.));
#5305=DIRECTION('',(1.,0.,0.));
#5306=DIRECTION('',(0.,0.,-1.));
#5307=DIRECTION('',(0.,1.89735380184948E-16,1.));
#5308=DIRECTION('',(0.,-1.,1.89735380184948E-16));
#5309=DIRECTION('',(1.,0.,0.));
#5310=DIRECTION('',(1.,0.,0.));
#5311=DIRECTION('',(1.,0.,0.));
#5312=DIRECTION('',(0.,0.,-1.));
#5313=DIRECTION('',(1.,0.,0.));
#5314=DIRECTION('',(0.,1.,0.));
#5315=DIRECTION('',(0.,0.,1.));
#5316=DIRECTION('',(1.,0.,0.));
#5317=DIRECTION('',(1.,0.,0.));
#5318=DIRECTION('',(0.,0.,-1.));
#5319=DIRECTION('',(1.,0.,0.));
#5320=DIRECTION('',(0.,1.89735380184948E-16,1.));
#5321=DIRECTION('',(0.,-1.,1.89735380184948E-16));
#5322=DIRECTION('',(1.,0.,0.));
#5323=DIRECTION('',(1.,0.,0.));
#5324=DIRECTION('',(0.,0.,-1.));
#5325=DIRECTION('',(1.,0.,0.));
#5326=DIRECTION('',(0.,1.,0.));
#5327=DIRECTION('',(0.,0.,1.));
#5328=DIRECTION('',(1.,0.,0.));
#5329=DIRECTION('',(1.,0.,0.));
#5330=DIRECTION('',(0.,0.,-1.));
#5331=DIRECTION('',(0.,-0.309016994374948,0.951056516295154));
#5332=DIRECTION('',(0.,-0.951056516295154,-0.309016994374948));
#5333=DIRECTION('',(1.,0.,0.));
#5334=DIRECTION('',(1.,0.,0.));
#5335=DIRECTION('',(1.,0.,0.));
#5336=DIRECTION('',(0.,0.,-1.));
#5337=DIRECTION('',(1.,0.,0.));
#5338=DIRECTION('',(0.,0.951056516295154,0.309016994374948));
#5339=DIRECTION('',(0.,-0.309016994374948,0.951056516295154));
#5340=DIRECTION('',(1.,0.,0.));
#5341=DIRECTION('',(1.,0.,0.));
#5342=DIRECTION('',(0.,0.,-1.));
#5343=DIRECTION('',(1.,0.,0.));
#5344=DIRECTION('',(0.,-0.309016994374947,0.951056516295154));
#5345=DIRECTION('',(0.,-0.951056516295154,-0.309016994374947));
#5346=DIRECTION('',(1.,0.,0.));
#5347=DIRECTION('',(1.,0.,0.));
#5348=DIRECTION('',(0.,0.,-1.));
#5349=DIRECTION('',(1.,0.,0.));
#5350=DIRECTION('',(0.,0.951056516295153,0.309016994374948));
#5351=DIRECTION('',(0.,-0.309016994374948,0.951056516295153));
#5352=DIRECTION('',(1.,0.,0.));
#5353=DIRECTION('',(1.,0.,0.));
#5354=DIRECTION('',(0.,0.,-1.));
#5355=DIRECTION('',(0.,-0.587785252292473,0.809016994374948));
#5356=DIRECTION('',(0.,-0.809016994374948,-0.587785252292473));
#5357=DIRECTION('',(1.,0.,0.));
#5358=DIRECTION('',(1.,0.,0.));
#5359=DIRECTION('',(1.,0.,0.));
#5360=DIRECTION('',(0.,0.,-1.));
#5361=DIRECTION('',(1.,0.,0.));
#5362=DIRECTION('',(0.,0.809016994374948,0.587785252292472));
#5363=DIRECTION('',(0.,-0.587785252292472,0.809016994374948));
#5364=DIRECTION('',(1.,0.,0.));
#5365=DIRECTION('',(1.,0.,0.));
#5366=DIRECTION('',(0.,0.,-1.));
#5367=DIRECTION('',(1.,0.,0.));
#5368=DIRECTION('',(0.,-0.587785252292473,0.809016994374948));
#5369=DIRECTION('',(0.,-0.809016994374948,-0.587785252292473));
#5370=DIRECTION('',(1.,0.,0.));
#5371=DIRECTION('',(1.,0.,0.));
#5372=DIRECTION('',(0.,0.,-1.));
#5373=DIRECTION('',(1.,0.,0.));
#5374=DIRECTION('',(0.,0.809016994374948,0.587785252292473));
#5375=DIRECTION('',(0.,-0.587785252292473,0.809016994374948));
#5376=DIRECTION('',(1.,0.,0.));
#5377=DIRECTION('',(1.,0.,0.));
#5378=DIRECTION('',(0.,0.,-1.));
#5379=DIRECTION('',(0.,-0.809016994374948,0.587785252292473));
#5380=DIRECTION('',(0.,-0.587785252292473,-0.809016994374948));
#5381=DIRECTION('',(1.,0.,0.));
#5382=DIRECTION('',(1.,0.,0.));
#5383=DIRECTION('',(1.,0.,0.));
#5384=DIRECTION('',(0.,0.,-1.));
#5385=DIRECTION('',(1.,0.,0.));
#5386=DIRECTION('',(0.,0.587785252292473,0.809016994374948));
#5387=DIRECTION('',(0.,-0.809016994374948,0.587785252292473));
#5388=DIRECTION('',(1.,0.,0.));
#5389=DIRECTION('',(1.,0.,0.));
#5390=DIRECTION('',(0.,0.,-1.));
#5391=DIRECTION('',(1.,0.,0.));
#5392=DIRECTION('',(0.,-0.809016994374948,0.587785252292473));
#5393=DIRECTION('',(0.,-0.587785252292473,-0.809016994374948));
#5394=DIRECTION('',(1.,0.,0.));
#5395=DIRECTION('',(1.,0.,0.));
#5396=DIRECTION('',(0.,0.,-1.));
#5397=DIRECTION('',(1.,0.,0.));
#5398=DIRECTION('',(0.,0.587785252292474,0.809016994374947));
#5399=DIRECTION('',(0.,-0.809016994374947,0.587785252292474));
#5400=DIRECTION('',(1.,0.,0.));
#5401=DIRECTION('',(1.,0.,0.));
#5402=DIRECTION('',(0.,0.,-1.));
#5403=DIRECTION('',(0.,-0.951056516295154,0.309016994374948));
#5404=DIRECTION('',(0.,-0.309016994374948,-0.951056516295154));
#5405=DIRECTION('',(1.,0.,0.));
#5406=DIRECTION('',(1.,0.,0.));
#5407=DIRECTION('',(1.,0.,0.));
#5408=DIRECTION('',(0.,0.,-1.));
#5409=DIRECTION('',(1.,0.,0.));
#5410=DIRECTION('',(0.,0.309016994374948,0.951056516295154));
#5411=DIRECTION('',(0.,-0.951056516295154,0.309016994374948));
#5412=DIRECTION('',(1.,0.,0.));
#5413=DIRECTION('',(1.,0.,0.));
#5414=DIRECTION('',(0.,0.,-1.));
#5415=DIRECTION('',(1.,0.,0.));
#5416=DIRECTION('',(0.,-0.951056516295154,0.309016994374948));
#5417=DIRECTION('',(0.,-0.309016994374948,-0.951056516295154));
#5418=DIRECTION('',(1.,0.,0.));
#5419=DIRECTION('',(1.,0.,0.));
#5420=DIRECTION('',(0.,0.,-1.));
#5421=DIRECTION('',(1.,0.,0.));
#5422=DIRECTION('',(0.,0.309016994374948,0.951056516295154));
#5423=DIRECTION('',(0.,-0.951056516295154,0.309016994374948));
#5424=DIRECTION('',(1.,0.,0.));
#5425=DIRECTION('',(1.,0.,0.));
#5426=DIRECTION('',(0.,0.,-1.));
#5427=DIRECTION('',(0.,0.309016994374947,-0.951056516295154));
#5428=DIRECTION('',(0.,0.951056516295154,0.309016994374947));
#5429=DIRECTION('',(1.,0.,0.));
#5430=DIRECTION('',(1.,0.,0.));
#5431=DIRECTION('',(1.,0.,0.));
#5432=DIRECTION('',(0.,0.,-1.));
#5433=DIRECTION('',(1.,0.,0.));
#5434=DIRECTION('',(0.,-0.951056516295154,-0.309016994374948));
#5435=DIRECTION('',(0.,0.309016994374948,-0.951056516295154));
#5436=DIRECTION('',(1.,0.,0.));
#5437=DIRECTION('',(1.,0.,0.));
#5438=DIRECTION('',(0.,0.,-1.));
#5439=DIRECTION('',(1.,0.,0.));
#5440=DIRECTION('',(0.,0.309016994374947,-0.951056516295154));
#5441=DIRECTION('',(0.,0.951056516295154,0.309016994374947));
#5442=DIRECTION('',(1.,0.,0.));
#5443=DIRECTION('',(1.,0.,0.));
#5444=DIRECTION('',(0.,0.,-1.));
#5445=DIRECTION('',(1.,0.,0.));
#5446=DIRECTION('',(0.,-0.951056516295154,-0.309016994374948));
#5447=DIRECTION('',(0.,0.309016994374948,-0.951056516295154));
#5448=DIRECTION('',(1.,0.,0.));
#5449=DIRECTION('',(1.,0.,0.));
#5450=DIRECTION('',(0.,0.,-1.));
#5451=DIRECTION('',(0.,0.587785252292473,-0.809016994374948));
#5452=DIRECTION('',(0.,0.809016994374948,0.587785252292473));
#5453=DIRECTION('',(1.,0.,0.));
#5454=DIRECTION('',(1.,0.,0.));
#5455=DIRECTION('',(1.,0.,0.));
#5456=DIRECTION('',(0.,0.,-1.));
#5457=DIRECTION('',(1.,0.,0.));
#5458=DIRECTION('',(0.,-0.809016994374948,-0.587785252292472));
#5459=DIRECTION('',(0.,0.587785252292472,-0.809016994374948));
#5460=DIRECTION('',(1.,0.,0.));
#5461=DIRECTION('',(1.,0.,0.));
#5462=DIRECTION('',(0.,0.,-1.));
#5463=DIRECTION('',(1.,0.,0.));
#5464=DIRECTION('',(0.,0.587785252292473,-0.809016994374948));
#5465=DIRECTION('',(0.,0.809016994374948,0.587785252292473));
#5466=DIRECTION('',(1.,0.,0.));
#5467=DIRECTION('',(1.,0.,0.));
#5468=DIRECTION('',(0.,0.,-1.));
#5469=DIRECTION('',(1.,0.,0.));
#5470=DIRECTION('',(0.,-0.809016994374948,-0.587785252292473));
#5471=DIRECTION('',(0.,0.587785252292473,-0.809016994374948));
#5472=DIRECTION('',(1.,0.,0.));
#5473=DIRECTION('',(1.,0.,0.));
#5474=DIRECTION('',(0.,0.,-1.));
#5475=DIRECTION('',(1.,0.,0.));
#5476=DIRECTION('',(0.,0.,-1.));
#5477=DIRECTION('',(1.,0.,0.));
#5478=DIRECTION('',(1.,0.,0.));
#5479=DIRECTION('',(0.,-0.587785252292474,-0.809016994374947));
#5480=DIRECTION('',(0.,0.809016994374947,-0.587785252292474));
#5481=DIRECTION('',(1.,0.,0.));
#5482=DIRECTION('',(1.,0.,0.));
#5483=DIRECTION('',(0.,0.,-1.));
#5484=DIRECTION('',(1.,0.,0.));
#5485=DIRECTION('',(0.,0.809016994374947,-0.587785252292474));
#5486=DIRECTION('',(0.,0.587785252292474,0.809016994374947));
#5487=DIRECTION('',(1.,0.,0.));
#5488=DIRECTION('',(1.,0.,0.));
#5489=DIRECTION('',(0.,0.,-1.));
#5490=DIRECTION('',(1.,0.,0.));
#5491=DIRECTION('',(0.,-0.587785252292473,-0.809016994374948));
#5492=DIRECTION('',(0.,0.809016994374948,-0.587785252292473));
#5493=DIRECTION('',(1.,0.,0.));
#5494=DIRECTION('',(1.,0.,0.));
#5495=DIRECTION('',(0.,0.,-1.));
#5496=DIRECTION('',(1.,0.,0.));
#5497=DIRECTION('',(0.,0.809016994374947,-0.587785252292474));
#5498=DIRECTION('',(0.,0.587785252292474,0.809016994374947));
#5499=CARTESIAN_POINT('',(0.,0.,0.));
#5500=CARTESIAN_POINT('',(-0.009,0.,-0.000513296200109667));
#5501=CARTESIAN_POINT('',(-0.009,0.00105655086020198,0.00201747118560195));
#5502=CARTESIAN_POINT('',(-0.009,0.00156972905482677,0.00146916666666266));
#5503=CARTESIAN_POINT('',(-0.009,0.000543372665577187,0.00256577570454124));
#5504=CARTESIAN_POINT('',(-0.009,0.,-1.62630325872825E-18));
#5505=CARTESIAN_POINT('',(-0.009,0.00127589653074548,-0.00173048780487805));
#5506=CARTESIAN_POINT('',(-0.009,0.000991406088079257,-0.00194024390243902));
#5507=CARTESIAN_POINT('',(-0.009,0.000706915645413036,-0.00215));
#5508=CARTESIAN_POINT('',(-0.009,1.95156391047391E-18,-0.00215));
#5509=CARTESIAN_POINT('',(-0.009,-0.000706915645413032,-0.00215));
#5510=CARTESIAN_POINT('',(-0.009,-0.000991406088079254,-0.00194024390243902));
#5511=CARTESIAN_POINT('',(-0.009,-0.00127589653074548,-0.00173048780487805));
#5512=CARTESIAN_POINT('',(-0.009,0.,-1.62630325872825E-18));
#5513=CARTESIAN_POINT('',(-0.009,-0.00156972905481924,0.0014691666666707));
#5514=CARTESIAN_POINT('',(-0.009,-0.00105655086019292,0.00201747118560597));
#5515=CARTESIAN_POINT('',(-0.009,-0.000543372665566604,0.00256577570454124));
#5516=CARTESIAN_POINT('',(-0.009,5.2914487028155E-15,0.00256577570454124));
#5517=CARTESIAN_POINT('',(-0.009,-0.00411110651366734,-0.0100292155746392));
#5518=CARTESIAN_POINT('',(-0.009,-0.00472914050241731,-0.0119313286072296));
#5519=CARTESIAN_POINT('',(-0.009,-0.0034930725249174,-0.00812710254204871));
#5520=CARTESIAN_POINT('',(-0.009,-0.0033028612216584,-0.00818890594092368));
#5521=CARTESIAN_POINT('',(-0.009,-0.00324105782278345,-0.0079986946376648));
#5522=CARTESIAN_POINT('',(-0.009,-0.00262222546564629,-0.0081997654591649));
#5523=CARTESIAN_POINT('',(-0.009,-0.00200339310850908,-0.00840083628066486));
#5524=CARTESIAN_POINT('',(-0.009,-0.00206519650738407,-0.00859104758392389));
#5525=CARTESIAN_POINT('',(-0.009,-0.00187498520412507,-0.00865285098279887));
#5526=CARTESIAN_POINT('',(-0.009,-0.00249301919287501,-0.0105549640153893));
#5527=CARTESIAN_POINT('',(-0.009,-0.00311105318162493,-0.0124570770479798));
#5528=CARTESIAN_POINT('',(-0.009,-0.00330126448488395,-0.0123952736491048));
#5529=CARTESIAN_POINT('',(-0.009,-0.0033630678837589,-0.0125854849523637));
#5530=CARTESIAN_POINT('',(-0.009,-0.00398190024089606,-0.0123844141308636));
#5531=CARTESIAN_POINT('',(-0.009,-0.00460073259803327,-0.0121833433093636));
#5532=CARTESIAN_POINT('',(-0.009,-0.00453892919915828,-0.0119931320061046));
#5533=CARTESIAN_POINT('',(-0.009,-0.000810696586193372,-0.0108087526039982));
#5534=CARTESIAN_POINT('',(-0.009,-0.000810696586193401,-0.0128087526039983));
#5535=CARTESIAN_POINT('',(-0.009,-0.000810696586193372,-0.00880875260399801));
#5536=CARTESIAN_POINT('',(-0.009,-0.0006106965861934,-0.00880875260399801));
#5537=CARTESIAN_POINT('',(-0.009,-0.0006106965861934,-0.00860875260399817));
#5538=CARTESIAN_POINT('',(-0.009,3.99822604726521E-5,-0.00860875260399817));
#5539=CARTESIAN_POINT('',(-0.009,0.000690661107138705,-0.00860875260399801));
#5540=CARTESIAN_POINT('',(-0.009,0.000690661107138705,-0.00880875260399801));
#5541=CARTESIAN_POINT('',(-0.009,0.000890661107138677,-0.00880875260399801));
#5542=CARTESIAN_POINT('',(-0.009,0.000890661107138676,-0.0108087526039982));
#5543=CARTESIAN_POINT('',(-0.009,0.000890661107138703,-0.0128087526039983));
#5544=CARTESIAN_POINT('',(-0.009,0.000690661107138704,-0.0128087526039983));
#5545=CARTESIAN_POINT('',(-0.009,0.000690661107138704,-0.0130087526039982));
#5546=CARTESIAN_POINT('',(-0.009,3.99822604726517E-5,-0.0130087526039982));
#5547=CARTESIAN_POINT('',(-0.009,-0.000610696586193401,-0.0130087526039983));
#5548=CARTESIAN_POINT('',(-0.009,-0.000610696586193401,-0.0128087526039983));
#5549=CARTESIAN_POINT('',(-0.009,0.00256906997159245,-0.0105302536194702));
#5550=CARTESIAN_POINT('',(-0.009,0.00318710396034237,-0.0124323666520606));
#5551=CARTESIAN_POINT('',(-0.009,0.00195103598284252,-0.00862814058687972));
#5552=CARTESIAN_POINT('',(-0.009,0.00214124728610152,-0.00856633718800474));
#5553=CARTESIAN_POINT('',(-0.009,0.00207944388722658,-0.00837612588474585));
#5554=CARTESIAN_POINT('',(-0.009,0.00269827624436374,-0.00817505506324575));
#5555=CARTESIAN_POINT('',(-0.009,0.00331710860150086,-0.00797398424174551));
#5556=CARTESIAN_POINT('',(-0.009,0.00337891200037585,-0.00816419554500454));
#5557=CARTESIAN_POINT('',(-0.009,0.00356912330363485,-0.00810239214612956));
#5558=CARTESIAN_POINT('',(-0.009,0.00418715729238479,-0.01000450517872));
#5559=CARTESIAN_POINT('',(-0.009,0.00480519128113476,-0.0119066182113105));
#5560=CARTESIAN_POINT('',(-0.009,0.00461497997787573,-0.0119684216101854));
#5561=CARTESIAN_POINT('',(-0.009,0.00467678337675068,-0.0121586329134443));
#5562=CARTESIAN_POINT('',(-0.009,0.00405795101961351,-0.0123597037349444));
#5563=CARTESIAN_POINT('',(-0.009,0.0034391186624764,-0.0125607745564447));
#5564=CARTESIAN_POINT('',(-0.009,0.00337731526360141,-0.0123705632531856));
#5565=CARTESIAN_POINT('',(-0.009,0.000810696586193373,0.0108087526039982));
#5566=CARTESIAN_POINT('',(-0.009,0.000810696586193403,0.0128087526039983));
#5567=CARTESIAN_POINT('',(-0.009,0.000810696586193373,0.00880875260399801));
#5568=CARTESIAN_POINT('',(-0.009,0.000610696586193401,0.00880875260399801));
#5569=CARTESIAN_POINT('',(-0.009,0.000610696586193401,0.00860875260399816));
#5570=CARTESIAN_POINT('',(-0.009,-3.99822604726513E-5,0.00860875260399816));
#5571=CARTESIAN_POINT('',(-0.009,-0.000690661107138704,0.00860875260399801));
#5572=CARTESIAN_POINT('',(-0.009,-0.000690661107138704,0.00880875260399801));
#5573=CARTESIAN_POINT('',(-0.009,-0.000890661107138676,0.00880875260399801));
#5574=CARTESIAN_POINT('',(-0.009,-0.000890661107138675,0.0108087526039982));
#5575=CARTESIAN_POINT('',(-0.009,-0.000890661107138701,0.0128087526039983));
#5576=CARTESIAN_POINT('',(-0.009,-0.000690661107138702,0.0128087526039983));
#5577=CARTESIAN_POINT('',(-0.009,-0.000690661107138702,0.0130087526039982));
#5578=CARTESIAN_POINT('',(-0.009,-3.998226047265E-5,0.0130087526039982));
#5579=CARTESIAN_POINT('',(-0.009,0.000610696586193402,0.0130087526039983));
#5580=CARTESIAN_POINT('',(-0.009,0.000610696586193402,0.0128087526039983));
#5581=CARTESIAN_POINT('',(-0.009,-0.00256906997159245,0.0105302536194702));
#5582=CARTESIAN_POINT('',(-0.009,-0.00318710396034237,0.0124323666520606));
#5583=CARTESIAN_POINT('',(-0.009,-0.00195103598284252,0.00862814058687972));
#5584=CARTESIAN_POINT('',(-0.009,-0.00214124728610152,0.00856633718800473));
#5585=CARTESIAN_POINT('',(-0.009,-0.00207944388722658,0.00837612588474585));
#5586=CARTESIAN_POINT('',(-0.009,-0.00269827624436374,0.00817505506324575));
#5587=CARTESIAN_POINT('',(-0.009,-0.00331710860150085,0.0079739842417455));
#5588=CARTESIAN_POINT('',(-0.009,-0.00337891200037585,0.00816419554500454));
#5589=CARTESIAN_POINT('',(-0.009,-0.00356912330363485,0.00810239214612956));
#5590=CARTESIAN_POINT('',(-0.009,-0.00418715729238479,0.01000450517872));
#5591=CARTESIAN_POINT('',(-0.009,-0.00480519128113476,0.0119066182113105));
#5592=CARTESIAN_POINT('',(-0.009,-0.00461497997787573,0.0119684216101854));
#5593=CARTESIAN_POINT('',(-0.009,-0.00467678337675067,0.0121586329134443));
#5594=CARTESIAN_POINT('',(-0.009,-0.00405795101961351,0.0123597037349444));
#5595=CARTESIAN_POINT('',(-0.009,-0.00343911866247639,0.0125607745564447));
#5596=CARTESIAN_POINT('',(-0.009,-0.0033773152636014,0.0123705632531856));
#5597=CARTESIAN_POINT('',(-0.009,-0.0056973580607958,0.0092209800420773));
#5598=CARTESIAN_POINT('',(-0.009,-0.00687292856538081,0.0108390140308273));
#5599=CARTESIAN_POINT('',(-0.009,-0.00452178755621076,0.00760294605332728));
#5600=CARTESIAN_POINT('',(-0.009,-0.00468359095508572,0.0074853890028688));
#5601=CARTESIAN_POINT('',(-0.009,-0.00456603390462732,0.00732358560399394));
#5602=CARTESIAN_POINT('',(-0.009,-0.00509244414946045,0.00694112617394496));
#5603=CARTESIAN_POINT('',(-0.009,-0.00561885439429348,0.00655866674389585));
#5604=CARTESIAN_POINT('',(-0.009,-0.00573641144475198,0.00672047014277084));
#5605=CARTESIAN_POINT('',(-0.009,-0.00589821484362695,0.00660291309231236));
#5606=CARTESIAN_POINT('',(-0.009,-0.00707378534821198,0.00822094708106238));
#5607=CARTESIAN_POINT('',(-0.009,-0.00824935585279704,0.00983898106981239));
#5608=CARTESIAN_POINT('',(-0.009,-0.00808755245392205,0.00995653812027088));
#5609=CARTESIAN_POINT('',(-0.009,-0.00820510950438046,0.0101183415191457));
#5610=CARTESIAN_POINT('',(-0.009,-0.00767869925954733,0.0105008009491947));
#5611=CARTESIAN_POINT('',(-0.009,-0.00715228901471429,0.0108832603792438));
#5612=CARTESIAN_POINT('',(-0.009,-0.0070347319642558,0.0107214569803688));
#5613=CARTESIAN_POINT('',(-0.009,-0.00826794904718066,0.00700909269182018));
#5614=CARTESIAN_POINT('',(-0.009,-0.00988598303593067,0.00818466319640524));
#5615=CARTESIAN_POINT('',(-0.009,-0.00664991505843064,0.00583352218723514));
#5616=CARTESIAN_POINT('',(-0.009,-0.00676747210888912,0.00567171878836018));
#5617=CARTESIAN_POINT('',(-0.009,-0.00660566871001426,0.00555416173790177));
#5618=CARTESIAN_POINT('',(-0.009,-0.00698812814006324,0.00502775149306864));
#5619=CARTESIAN_POINT('',(-0.009,-0.0073705875701121,0.00450134124823543));
#5620=CARTESIAN_POINT('',(-0.009,-0.00753239096898709,0.00461889829869392));
#5621=CARTESIAN_POINT('',(-0.009,-0.00764994801944556,0.00445709489981895));
#5622=CARTESIAN_POINT('',(-0.009,-0.00926798200819558,0.00563266540440399));
#5623=CARTESIAN_POINT('',(-0.009,-0.0108860159969456,0.00680823590898901));
#5624=CARTESIAN_POINT('',(-0.009,-0.0107684589464871,0.00697003930786399));
#5625=CARTESIAN_POINT('',(-0.009,-0.010930262345362,0.0070875963583224));
#5626=CARTESIAN_POINT('',(-0.009,-0.010547802915313,0.00761400660315553));
#5627=CARTESIAN_POINT('',(-0.009,-0.0101653434852641,0.00814041684798874));
#5628=CARTESIAN_POINT('',(-0.009,-0.0100035400863892,0.00802285979753025));
#5629=CARTESIAN_POINT('',(-0.009,-0.0100292155746392,0.00411110651366734));
#5630=CARTESIAN_POINT('',(-0.009,-0.0119313286072296,0.00472914050241731));
#5631=CARTESIAN_POINT('',(-0.009,-0.00812710254204871,0.0034930725249174));
#5632=CARTESIAN_POINT('',(-0.009,-0.00818890594092368,0.0033028612216584));
#5633=CARTESIAN_POINT('',(-0.009,-0.0079986946376648,0.00324105782278345));
#5634=CARTESIAN_POINT('',(-0.009,-0.0081997654591649,0.00262222546564629));
#5635=CARTESIAN_POINT('',(-0.009,-0.00840083628066485,0.00200339310850908));
#5636=CARTESIAN_POINT('',(-0.009,-0.00859104758392389,0.00206519650738406));
#5637=CARTESIAN_POINT('',(-0.009,-0.00865285098279887,0.00187498520412506));
#5638=CARTESIAN_POINT('',(-0.009,-0.0105549640153893,0.002493019192875));
#5639=CARTESIAN_POINT('',(-0.009,-0.0124570770479798,0.00311105318162493));
#5640=CARTESIAN_POINT('',(-0.009,-0.0123952736491048,0.00330126448488395));
#5641=CARTESIAN_POINT('',(-0.009,-0.0125854849523637,0.0033630678837589));
#5642=CARTESIAN_POINT('',(-0.009,-0.0123844141308636,0.00398190024089606));
#5643=CARTESIAN_POINT('',(-0.009,-0.0121833433093636,0.00460073259803327));
#5644=CARTESIAN_POINT('',(-0.009,-0.0119931320061046,0.00453892919915828));
#5645=CARTESIAN_POINT('',(-0.009,-0.0108087526039982,0.000810696586193372));
#5646=CARTESIAN_POINT('',(-0.009,-0.0128087526039983,0.000810696586193402));
#5647=CARTESIAN_POINT('',(-0.009,-0.00880875260399801,0.000810696586193371));
#5648=CARTESIAN_POINT('',(-0.009,-0.00880875260399801,0.0006106965861934));
#5649=CARTESIAN_POINT('',(-0.009,-0.00860875260399816,0.0006106965861934));
#5650=CARTESIAN_POINT('',(-0.009,-0.00860875260399817,-3.99822604726522E-5));
#5651=CARTESIAN_POINT('',(-0.009,-0.00860875260399801,-0.000690661107138705));
#5652=CARTESIAN_POINT('',(-0.009,-0.00880875260399801,-0.000690661107138702));
#5653=CARTESIAN_POINT('',(-0.009,-0.00880875260399801,-0.000890661107138677));
#5654=CARTESIAN_POINT('',(-0.009,-0.0108087526039982,-0.000890661107138676));
#5655=CARTESIAN_POINT('',(-0.009,-0.0128087526039983,-0.000890661107138704));
#5656=CARTESIAN_POINT('',(-0.009,-0.0128087526039983,-0.000690661107138707));
#5657=CARTESIAN_POINT('',(-0.009,-0.0130087526039982,-0.000690661107138704));
#5658=CARTESIAN_POINT('',(-0.009,-0.0130087526039982,-3.99822604726511E-5));
#5659=CARTESIAN_POINT('',(-0.009,-0.0130087526039983,0.000610696586193402));
#5660=CARTESIAN_POINT('',(-0.009,-0.0128087526039983,0.000610696586193402));
#5661=CARTESIAN_POINT('',(-0.009,0.0056973580607958,-0.0092209800420773));
#5662=CARTESIAN_POINT('',(-0.009,0.00687292856538081,-0.0108390140308273));
#5663=CARTESIAN_POINT('',(-0.009,0.00452178755621076,-0.00760294605332728));
#5664=CARTESIAN_POINT('',(-0.009,0.00468359095508572,-0.0074853890028688));
#5665=CARTESIAN_POINT('',(-0.009,0.00456603390462732,-0.00732358560399394));
#5666=CARTESIAN_POINT('',(-0.009,0.00509244414946045,-0.00694112617394496));
#5667=CARTESIAN_POINT('',(-0.009,0.00561885439429348,-0.00655866674389585));
#5668=CARTESIAN_POINT('',(-0.009,0.00573641144475198,-0.00672047014277084));
#5669=CARTESIAN_POINT('',(-0.009,0.00589821484362695,-0.00660291309231237));
#5670=CARTESIAN_POINT('',(-0.009,0.00707378534821199,-0.00822094708106239));
#5671=CARTESIAN_POINT('',(-0.009,0.00824935585279704,-0.00983898106981239));
#5672=CARTESIAN_POINT('',(-0.009,0.00808755245392205,-0.00995653812027088));
#5673=CARTESIAN_POINT('',(-0.009,0.00820510950438046,-0.0101183415191457));
#5674=CARTESIAN_POINT('',(-0.009,0.00767869925954733,-0.0105008009491947));
#5675=CARTESIAN_POINT('',(-0.009,0.00715228901471429,-0.0108832603792438));
#5676=CARTESIAN_POINT('',(-0.009,0.0070347319642558,-0.0107214569803688));
#5677=CARTESIAN_POINT('',(-0.009,0.00826794904718067,-0.00700909269182018));
#5678=CARTESIAN_POINT('',(-0.009,0.00988598303593067,-0.00818466319640525));
#5679=CARTESIAN_POINT('',(-0.009,0.00664991505843064,-0.00583352218723514));
#5680=CARTESIAN_POINT('',(-0.009,0.00676747210888912,-0.00567171878836018));
#5681=CARTESIAN_POINT('',(-0.009,0.00660566871001426,-0.00555416173790177));
#5682=CARTESIAN_POINT('',(-0.009,0.00698812814006324,-0.00502775149306865));
#5683=CARTESIAN_POINT('',(-0.009,0.00737058757011209,-0.00450134124823543));
#5684=CARTESIAN_POINT('',(-0.009,0.00753239096898708,-0.00461889829869392));
#5685=CARTESIAN_POINT('',(-0.009,0.00764994801944557,-0.00445709489981896));
#5686=CARTESIAN_POINT('',(-0.009,0.00926798200819559,-0.005632665404404));
#5687=CARTESIAN_POINT('',(-0.009,0.0108860159969456,-0.00680823590898901));
#5688=CARTESIAN_POINT('',(-0.009,0.0107684589464871,-0.006970039307864));
#5689=CARTESIAN_POINT('',(-0.009,0.010930262345362,-0.0070875963583224));
#5690=CARTESIAN_POINT('',(-0.009,0.010547802915313,-0.00761400660315553));
#5691=CARTESIAN_POINT('',(-0.009,0.0101653434852641,-0.00814041684798874));
#5692=CARTESIAN_POINT('',(-0.009,0.0100035400863892,-0.00802285979753026));
#5693=CARTESIAN_POINT('',(-0.009,0.0100292155746392,-0.00411110651366735));
#5694=CARTESIAN_POINT('',(-0.009,0.0119313286072296,-0.00472914050241732));
#5695=CARTESIAN_POINT('',(-0.009,0.00812710254204871,-0.0034930725249174));
#5696=CARTESIAN_POINT('',(-0.009,0.00818890594092369,-0.0033028612216584));
#5697=CARTESIAN_POINT('',(-0.009,0.0079986946376648,-0.00324105782278345));
#5698=CARTESIAN_POINT('',(-0.009,0.0081997654591649,-0.00262222546564629));
#5699=CARTESIAN_POINT('',(-0.009,0.00840083628066485,-0.00200339310850908));
#5700=CARTESIAN_POINT('',(-0.009,0.00859104758392389,-0.00206519650738407));
#5701=CARTESIAN_POINT('',(-0.009,0.00865285098279887,-0.00187498520412507));
#5702=CARTESIAN_POINT('',(-0.009,0.0105549640153893,-0.00249301919287501));
#5703=CARTESIAN_POINT('',(-0.009,0.0124570770479798,-0.00311105318162493));
#5704=CARTESIAN_POINT('',(-0.009,0.0123952736491048,-0.00330126448488395));
#5705=CARTESIAN_POINT('',(-0.009,0.0125854849523637,-0.0033630678837589));
#5706=CARTESIAN_POINT('',(-0.009,0.0123844141308636,-0.00398190024089606));
#5707=CARTESIAN_POINT('',(-0.009,0.0121833433093636,-0.00460073259803327));
#5708=CARTESIAN_POINT('',(-0.009,0.0119931320061046,-0.00453892919915828));
#5709=CARTESIAN_POINT('',(-0.009,0.0108087526039982,-0.000810696586193374));
#5710=CARTESIAN_POINT('',(-0.009,0.0128087526039983,-0.000810696586193404));
#5711=CARTESIAN_POINT('',(-0.009,0.00880875260399801,-0.000810696586193374));
#5712=CARTESIAN_POINT('',(-0.009,0.00880875260399801,-0.000610696586193402));
#5713=CARTESIAN_POINT('',(-0.009,0.00860875260399816,-0.000610696586193402));
#5714=CARTESIAN_POINT('',(-0.009,0.00860875260399816,3.99822604726502E-5));
#5715=CARTESIAN_POINT('',(-0.009,0.00860875260399801,0.000690661107138703));
#5716=CARTESIAN_POINT('',(-0.009,0.00880875260399801,0.0006906611071387));
#5717=CARTESIAN_POINT('',(-0.009,0.00880875260399801,0.000890661107138674));
#5718=CARTESIAN_POINT('',(-0.009,0.0108087526039982,0.000890661107138674));
#5719=CARTESIAN_POINT('',(-0.009,0.0128087526039983,0.000890661107138701));
#5720=CARTESIAN_POINT('',(-0.009,0.0128087526039983,0.000690661107138702));
#5721=CARTESIAN_POINT('',(-0.009,0.0130087526039982,0.000690661107138702));
#5722=CARTESIAN_POINT('',(-0.009,0.0130087526039982,3.99822604726496E-5));
#5723=CARTESIAN_POINT('',(-0.009,0.0130087526039983,-0.000610696586193403));
#5724=CARTESIAN_POINT('',(-0.009,0.0128087526039983,-0.000610696586193403));
#5725=CARTESIAN_POINT('',(-0.009,0.0105302536194702,0.00256906997159245));
#5726=CARTESIAN_POINT('',(-0.009,0.0124323666520606,0.00318710396034237));
#5727=CARTESIAN_POINT('',(-0.009,0.00862814058687972,0.00195103598284251));
#5728=CARTESIAN_POINT('',(-0.009,0.00856633718800474,0.00214124728610152));
#5729=CARTESIAN_POINT('',(-0.009,0.00837612588474586,0.00207944388722657));
#5730=CARTESIAN_POINT('',(-0.009,0.00817505506324575,0.00269827624436373));
#5731=CARTESIAN_POINT('',(-0.009,0.00797398424174551,0.00331710860150085));
#5732=CARTESIAN_POINT('',(-0.009,0.00816419554500454,0.00337891200037585));
#5733=CARTESIAN_POINT('',(-0.009,0.00810239214612956,0.00356912330363485));
#5734=CARTESIAN_POINT('',(-0.009,0.01000450517872,0.00418715729238479));
#5735=CARTESIAN_POINT('',(-0.009,0.0119066182113105,0.00480519128113476));
#5736=CARTESIAN_POINT('',(-0.009,0.0119684216101854,0.00461497997787573));
#5737=CARTESIAN_POINT('',(-0.009,0.0121586329134443,0.00467678337675067));
#5738=CARTESIAN_POINT('',(-0.009,0.0123597037349444,0.00405795101961351));
#5739=CARTESIAN_POINT('',(-0.009,0.0125607745564447,0.0034391186624764));
#5740=CARTESIAN_POINT('',(-0.009,0.0123705632531856,0.0033773152636014));
#5741=CARTESIAN_POINT('',(-0.009,0.0092209800420773,0.0056973580607958));
#5742=CARTESIAN_POINT('',(-0.009,0.0108390140308273,0.00687292856538081));
#5743=CARTESIAN_POINT('',(-0.009,0.00760294605332728,0.00452178755621076));
#5744=CARTESIAN_POINT('',(-0.009,0.0074853890028688,0.00468359095508572));
#5745=CARTESIAN_POINT('',(-0.009,0.00732358560399394,0.00456603390462732));
#5746=CARTESIAN_POINT('',(-0.009,0.00694112617394496,0.00509244414946045));
#5747=CARTESIAN_POINT('',(-0.009,0.00655866674389585,0.00561885439429348));
#5748=CARTESIAN_POINT('',(-0.009,0.00672047014277084,0.00573641144475198));
#5749=CARTESIAN_POINT('',(-0.009,0.00660291309231237,0.00589821484362695));
#5750=CARTESIAN_POINT('',(-0.009,0.00822094708106239,0.00707378534821198));
#5751=CARTESIAN_POINT('',(-0.009,0.00983898106981239,0.00824935585279704));
#5752=CARTESIAN_POINT('',(-0.009,0.00995653812027088,0.00808755245392205));
#5753=CARTESIAN_POINT('',(-0.009,0.0101183415191457,0.00820510950438046));
#5754=CARTESIAN_POINT('',(-0.009,0.0105008009491947,0.00767869925954733));
#5755=CARTESIAN_POINT('',(-0.009,0.0108832603792438,0.00715228901471429));
#5756=CARTESIAN_POINT('',(-0.009,0.0107214569803688,0.0070347319642558));
#5757=CARTESIAN_POINT('',(-0.009,0.00700909269182018,0.00826794904718066));
#5758=CARTESIAN_POINT('',(-0.009,0.00818466319640524,0.00988598303593067));
#5759=CARTESIAN_POINT('',(-0.009,0.00583352218723514,0.00664991505843064));
#5760=CARTESIAN_POINT('',(-0.009,0.00567171878836018,0.00676747210888912));
#5761=CARTESIAN_POINT('',(-0.009,0.00555416173790177,0.00660566871001425));
#5762=CARTESIAN_POINT('',(-0.009,0.00502775149306864,0.00698812814006324));
#5763=CARTESIAN_POINT('',(-0.009,0.00450134124823543,0.00737058757011209));
#5764=CARTESIAN_POINT('',(-0.009,0.00461889829869392,0.00753239096898708));
#5765=CARTESIAN_POINT('',(-0.009,0.00445709489981896,0.00764994801944556));
#5766=CARTESIAN_POINT('',(-0.009,0.005632665404404,0.00926798200819559));
#5767=CARTESIAN_POINT('',(-0.009,0.00680823590898901,0.0108860159969456));
#5768=CARTESIAN_POINT('',(-0.009,0.006970039307864,0.0107684589464871));
#5769=CARTESIAN_POINT('',(-0.009,0.0070875963583224,0.010930262345362));
#5770=CARTESIAN_POINT('',(-0.009,0.00761400660315553,0.010547802915313));
#5771=CARTESIAN_POINT('',(-0.009,0.00814041684798874,0.0101653434852641));
#5772=CARTESIAN_POINT('',(-0.009,0.00802285979753025,0.0100035400863891));
#5773=CARTESIAN_POINT('',(-0.009,0.00411110651366735,0.0100292155746392));
#5774=CARTESIAN_POINT('',(-0.009,0.00472914050241731,0.0119313286072296));
#5775=CARTESIAN_POINT('',(-0.009,0.0034930725249174,0.0081271025420487));
#5776=CARTESIAN_POINT('',(-0.009,0.0033028612216584,0.00818890594092368));
#5777=CARTESIAN_POINT('',(-0.009,0.00324105782278345,0.0079986946376648));
#5778=CARTESIAN_POINT('',(-0.009,0.00262222546564629,0.0081997654591649));
#5779=CARTESIAN_POINT('',(-0.009,0.00200339310850908,0.00840083628066485));
#5780=CARTESIAN_POINT('',(-0.009,0.00206519650738407,0.00859104758392388));
#5781=CARTESIAN_POINT('',(-0.009,0.00187498520412507,0.00865285098279887));
#5782=CARTESIAN_POINT('',(-0.009,0.002493019192875,0.0105549640153893));
#5783=CARTESIAN_POINT('',(-0.009,0.00311105318162493,0.0124570770479798));
#5784=CARTESIAN_POINT('',(-0.009,0.00330126448488395,0.0123952736491048));
#5785=CARTESIAN_POINT('',(-0.009,0.0033630678837589,0.0125854849523637));
#5786=CARTESIAN_POINT('',(-0.009,0.00398190024089606,0.0123844141308636));
#5787=CARTESIAN_POINT('',(-0.009,0.00460073259803327,0.0121833433093636));
#5788=CARTESIAN_POINT('',(-0.009,0.00453892919915828,0.0119931320061046));
#5789=CARTESIAN_POINT('',(-0.009,-0.0105302536194702,-0.00256906997159245));
#5790=CARTESIAN_POINT('',(-0.009,-0.0124323666520606,-0.00318710396034237));
#5791=CARTESIAN_POINT('',(-0.009,-0.00862814058687972,-0.00195103598284252));
#5792=CARTESIAN_POINT('',(-0.009,-0.00856633718800473,-0.00214124728610152));
#5793=CARTESIAN_POINT('',(-0.009,-0.00837612588474585,-0.00207944388722658));
#5794=CARTESIAN_POINT('',(-0.009,-0.00817505506324575,-0.00269827624436374));
#5795=CARTESIAN_POINT('',(-0.009,-0.0079739842417455,-0.00331710860150085));
#5796=CARTESIAN_POINT('',(-0.009,-0.00816419554500453,-0.00337891200037585));
#5797=CARTESIAN_POINT('',(-0.009,-0.00810239214612956,-0.00356912330363485));
#5798=CARTESIAN_POINT('',(-0.009,-0.01000450517872,-0.00418715729238479));
#5799=CARTESIAN_POINT('',(-0.009,-0.0119066182113105,-0.00480519128113476));
#5800=CARTESIAN_POINT('',(-0.009,-0.0119684216101854,-0.00461497997787573));
#5801=CARTESIAN_POINT('',(-0.009,-0.0121586329134443,-0.00467678337675067));
#5802=CARTESIAN_POINT('',(-0.009,-0.0123597037349444,-0.00405795101961351));
#5803=CARTESIAN_POINT('',(-0.009,-0.0125607745564447,-0.00343911866247639));
#5804=CARTESIAN_POINT('',(-0.009,-0.0123705632531856,-0.0033773152636014));
#5805=CARTESIAN_POINT('',(-0.009,-0.0092209800420773,-0.0056973580607958));
#5806=CARTESIAN_POINT('',(-0.009,-0.0108390140308273,-0.00687292856538081));
#5807=CARTESIAN_POINT('',(-0.009,-0.00760294605332728,-0.00452178755621076));
#5808=CARTESIAN_POINT('',(-0.009,-0.0074853890028688,-0.00468359095508572));
#5809=CARTESIAN_POINT('',(-0.009,-0.00732358560399394,-0.00456603390462732));
#5810=CARTESIAN_POINT('',(-0.009,-0.00694112617394496,-0.00509244414946045));
#5811=CARTESIAN_POINT('',(-0.009,-0.00655866674389585,-0.00561885439429349));
#5812=CARTESIAN_POINT('',(-0.009,-0.00672047014277084,-0.00573641144475198));
#5813=CARTESIAN_POINT('',(-0.009,-0.00660291309231236,-0.00589821484362695));
#5814=CARTESIAN_POINT('',(-0.009,-0.00822094708106238,-0.00707378534821198));
#5815=CARTESIAN_POINT('',(-0.009,-0.00983898106981239,-0.00824935585279704));
#5816=CARTESIAN_POINT('',(-0.009,-0.00995653812027088,-0.00808755245392205));
#5817=CARTESIAN_POINT('',(-0.009,-0.0101183415191457,-0.00820510950438046));
#5818=CARTESIAN_POINT('',(-0.009,-0.0105008009491947,-0.00767869925954733));
#5819=CARTESIAN_POINT('',(-0.009,-0.0108832603792438,-0.00715228901471429));
#5820=CARTESIAN_POINT('',(-0.009,-0.0107214569803688,-0.0070347319642558));
#5821=CARTESIAN_POINT('',(-0.009,-0.00700909269182018,-0.00826794904718067));
#5822=CARTESIAN_POINT('',(-0.009,-0.00818466319640525,-0.00988598303593067));
#5823=CARTESIAN_POINT('',(-0.009,-0.00583352218723514,-0.00664991505843064));
#5824=CARTESIAN_POINT('',(-0.009,-0.00567171878836018,-0.00676747210888912));
#5825=CARTESIAN_POINT('',(-0.009,-0.00555416173790177,-0.00660566871001426));
#5826=CARTESIAN_POINT('',(-0.009,-0.00502775149306865,-0.00698812814006324));
#5827=CARTESIAN_POINT('',(-0.009,-0.00450134124823543,-0.00737058757011209));
#5828=CARTESIAN_POINT('',(-0.009,-0.00461889829869392,-0.00753239096898709));
#5829=CARTESIAN_POINT('',(-0.009,-0.00445709489981896,-0.00764994801944557));
#5830=CARTESIAN_POINT('',(-0.009,-0.005632665404404,-0.00926798200819558));
#5831=CARTESIAN_POINT('',(-0.009,-0.00680823590898901,-0.0108860159969456));
#5832=CARTESIAN_POINT('',(-0.009,-0.006970039307864,-0.0107684589464871));
#5833=CARTESIAN_POINT('',(-0.009,-0.00708759635832241,-0.010930262345362));
#5834=CARTESIAN_POINT('',(-0.009,-0.00761400660315553,-0.010547802915313));
#5835=CARTESIAN_POINT('',(-0.009,-0.00814041684798875,-0.0101653434852641));
#5836=CARTESIAN_POINT('',(-0.009,-0.00802285979753026,-0.0100035400863892));
#5837=CARTESIAN_POINT('',(-0.009,0.,8.57252759403147E-19));
#5838=CARTESIAN_POINT('',(-0.009,-0.002973878711016,-0.0136804987267338));
#5839=CARTESIAN_POINT('',(-0.009,0.00301386097148866,0.0136717461227357));
#5840=CARTESIAN_POINT('',(-0.009,3.99822604726531E-5,-8.75260399816735E-6));
#5841=CARTESIAN_POINT('',(-0.011,0.,-0.000513296200109667));
#5842=CARTESIAN_POINT('',(-0.011,-0.0074853890028688,-0.00468359095508572));
#5843=CARTESIAN_POINT('',(-0.011,-0.00760294605332728,-0.00452178755621076));
#5844=CARTESIAN_POINT('',(-0.011,-0.00732358560399394,-0.00456603390462732));
#5845=CARTESIAN_POINT('',(-0.011,-0.000720602345400237,0.000478527839948344));
#5846=CARTESIAN_POINT('',(-0.011,-0.0108390140308273,-0.00687292856538085));
#5847=CARTESIAN_POINT('',(-0.011,-0.0107214569803688,-0.0070347319642558));
#5848=CARTESIAN_POINT('',(-0.011,-0.0108832603792437,-0.0071522890147142));
#5849=CARTESIAN_POINT('',(-0.011,-0.010280215084302,-0.00798230965589724));
#5850=CARTESIAN_POINT('',(-0.011,-0.0101183415191457,-0.00820510950438046));
#5851=CARTESIAN_POINT('',(-0.011,-0.00995653812027088,-0.00808755245392205));
#5852=CARTESIAN_POINT('',(-0.011,-0.00983898106981239,-0.00824935585279704));
#5853=CARTESIAN_POINT('',(-0.011,0.00027943061561468,-0.000897899447467843));
#5854=CARTESIAN_POINT('',(-0.011,-0.00660291309231236,-0.00589821484362695));
#5855=CARTESIAN_POINT('',(-0.011,-0.00672047014277084,-0.00573641144475198));
#5856=CARTESIAN_POINT('',(-0.011,-0.00655866674389585,-0.00561885439429348));
#5857=CARTESIAN_POINT('',(-0.011,-0.00672054030905218,-0.00539605454581036));
#5858=CARTESIAN_POINT('',(-0.011,0.0033028612216584,0.00818890594092368));
#5859=CARTESIAN_POINT('',(-0.011,0.0034930725249174,0.0081271025420487));
#5860=CARTESIAN_POINT('',(-0.011,0.00324105782278345,0.0079986946376648));
#5861=CARTESIAN_POINT('',(-0.011,0.000620164302796326,-0.000714799796988741));
#5862=CARTESIAN_POINT('',(-0.011,0.00472914050241728,0.0119313286072296));
#5863=CARTESIAN_POINT('',(-0.011,0.00453892919915828,0.0119931320061046));
#5864=CARTESIAN_POINT('',(-0.011,0.00460073259803322,0.0121833433093635));
#5865=CARTESIAN_POINT('',(-0.011,0.0041707795984959,0.0123230435073676));
#5866=CARTESIAN_POINT('',(-0.011,0.0033630678837589,0.0125854849523637));
#5867=CARTESIAN_POINT('',(-0.011,0.00330126448488395,0.0123952736491048));
#5868=CARTESIAN_POINT('',(-0.011,0.00311105318162493,0.0124570770479798));
#5869=CARTESIAN_POINT('',(-0.011,-0.000997923017996008,-0.000189051356238578));
#5870=CARTESIAN_POINT('',(-0.011,0.00187498520412507,0.00865285098279887));
#5871=CARTESIAN_POINT('',(-0.011,0.00206519650738407,0.00859104758392388));
#5872=CARTESIAN_POINT('',(-0.011,0.00200339310850908,0.00840083628066485));
#5873=CARTESIAN_POINT('',(-0.011,0.00281110482324613,0.00813839483566889));
#5874=CARTESIAN_POINT('',(-0.011,0.0074853890028688,0.00468359095508572));
#5875=CARTESIAN_POINT('',(-0.011,0.00760294605332728,0.00452178755621076));
#5876=CARTESIAN_POINT('',(-0.011,0.00732358560399394,0.00456603390462732));
#5877=CARTESIAN_POINT('',(-0.011,0.000232428649496396,-0.000833206791076038));
#5878=CARTESIAN_POINT('',(-0.011,0.0108390140308273,0.00687292856538085));
#5879=CARTESIAN_POINT('',(-0.011,0.0107214569803688,0.0070347319642558));
#5880=CARTESIAN_POINT('',(-0.011,0.0108832603792437,0.0071522890147142));
#5881=CARTESIAN_POINT('',(-0.011,0.0107683887802058,0.0073103962068056));
#5882=CARTESIAN_POINT('',(-0.011,0.0101183415191457,0.00820510950438046));
#5883=CARTESIAN_POINT('',(-0.011,0.00995653812027088,0.00808755245392205));
#5884=CARTESIAN_POINT('',(-0.011,0.00983898106981239,0.00824935585279704));
#5885=CARTESIAN_POINT('',(-0.011,-0.000767604311518519,0.000543220496340145));
#5886=CARTESIAN_POINT('',(-0.011,0.00660291309231237,0.00589821484362695));
#5887=CARTESIAN_POINT('',(-0.011,0.00672047014277084,0.00573641144475198));
#5888=CARTESIAN_POINT('',(-0.011,0.00655866674389585,0.00561885439429348));
#5889=CARTESIAN_POINT('',(-0.011,0.00720871400495602,0.00472414109671872));
#5890=CARTESIAN_POINT('',(-0.011,0.00880875260399801,-0.000610696586193402));
#5891=CARTESIAN_POINT('',(-0.011,0.00880875260399801,-0.000810696586193374));
#5892=CARTESIAN_POINT('',(-0.011,0.00860875260399816,-0.000610696586193402));
#5893=CARTESIAN_POINT('',(-0.011,-5.64273753207423E-20,-0.000810696586193372));
#5894=CARTESIAN_POINT('',(-0.011,0.0128087526039983,-0.000810696586193374));
#5895=CARTESIAN_POINT('',(-0.011,0.0128087526039983,-0.000610696586193403));
#5896=CARTESIAN_POINT('',(-0.011,0.0130087526039982,-0.000610696586193403));
#5897=CARTESIAN_POINT('',(-0.011,0.0130087526039982,-0.000513296200109667));
#5898=CARTESIAN_POINT('',(-0.011,0.0130087526039982,0.000690661107138702));
#5899=CARTESIAN_POINT('',(-0.011,0.0128087526039983,0.000690661107138702));
#5900=CARTESIAN_POINT('',(-0.011,0.0128087526039983,0.000890661107138701));
#5901=CARTESIAN_POINT('',(-0.011,2.66380373454201E-19,0.000890661107138676));
#5902=CARTESIAN_POINT('',(-0.011,0.00880875260399801,0.000890661107138675));
#5903=CARTESIAN_POINT('',(-0.011,0.00880875260399801,0.0006906611071387));
#5904=CARTESIAN_POINT('',(-0.011,0.00860875260399801,0.000690661107138703));
#5905=CARTESIAN_POINT('',(-0.011,0.00860875260399816,-0.000513296200109667));
#5906=CARTESIAN_POINT('',(-0.011,0.00676747210888912,-0.00567171878836018));
#5907=CARTESIAN_POINT('',(-0.011,0.00664991505843064,-0.00583352218723514));
#5908=CARTESIAN_POINT('',(-0.011,0.00660566871001426,-0.00555416173790177));
#5909=CARTESIAN_POINT('',(-0.011,-0.000232428649496397,-0.000833206791076039));
#5910=CARTESIAN_POINT('',(-0.011,0.00988598303593067,-0.00818466319640521));
#5911=CARTESIAN_POINT('',(-0.011,0.0100035400863892,-0.00802285979753026));
#5912=CARTESIAN_POINT('',(-0.011,0.010165343485264,-0.00814041684798866));
#5913=CARTESIAN_POINT('',(-0.011,0.0102802150843019,-0.00798230965589725));
#5914=CARTESIAN_POINT('',(-0.011,0.010930262345362,-0.0070875963583224));
#5915=CARTESIAN_POINT('',(-0.011,0.0107684589464871,-0.006970039307864));
#5916=CARTESIAN_POINT('',(-0.011,0.0108860159969456,-0.00680823590898901));
#5917=CARTESIAN_POINT('',(-0.011,0.000767604311518521,0.000543220496340148));
#5918=CARTESIAN_POINT('',(-0.011,0.00764994801944557,-0.00445709489981896));
#5919=CARTESIAN_POINT('',(-0.011,0.00753239096898708,-0.00461889829869392));
#5920=CARTESIAN_POINT('',(-0.011,0.00737058757011209,-0.00450134124823543));
#5921=CARTESIAN_POINT('',(-0.011,0.00672054030905218,-0.00539605454581037));
#5922=CARTESIAN_POINT('',(-0.011,-0.00880875260399801,0.0006106965861934));
#5923=CARTESIAN_POINT('',(-0.011,-0.00880875260399801,0.000810696586193371));
#5924=CARTESIAN_POINT('',(-0.011,-0.00860875260399816,0.0006106965861934));
#5925=CARTESIAN_POINT('',(-0.011,3.94755860197813E-19,0.000810696586193369));
#5926=CARTESIAN_POINT('',(-0.011,-0.0128087526039983,0.000810696586193373));
#5927=CARTESIAN_POINT('',(-0.011,-0.0128087526039983,0.000610696586193402));
#5928=CARTESIAN_POINT('',(-0.011,-0.0130087526039982,0.000610696586193402));
#5929=CARTESIAN_POINT('',(-0.011,-0.0130087526039982,-0.000513296200109649));
#5930=CARTESIAN_POINT('',(-0.011,-0.0130087526039982,-0.000690661107138704));
#5931=CARTESIAN_POINT('',(-0.011,-0.0128087526039983,-0.000690661107138707));
#5932=CARTESIAN_POINT('',(-0.011,-0.0128087526039983,-0.000890661107138702));
#5933=CARTESIAN_POINT('',(-0.011,-1.12513459305669E-19,-0.000890661107138679));
#5934=CARTESIAN_POINT('',(-0.011,-0.00880875260399801,-0.000890661107138677));
#5935=CARTESIAN_POINT('',(-0.011,-0.00880875260399801,-0.000690661107138702));
#5936=CARTESIAN_POINT('',(-0.011,-0.00860875260399801,-0.000690661107138705));
#5937=CARTESIAN_POINT('',(-0.011,-0.00860875260399817,-0.000513296200109655));
#5938=CARTESIAN_POINT('',(-0.011,-0.00676747210888912,0.00567171878836018));
#5939=CARTESIAN_POINT('',(-0.011,-0.00664991505843064,0.00583352218723514));
#5940=CARTESIAN_POINT('',(-0.011,-0.00660566871001426,0.00555416173790177));
#5941=CARTESIAN_POINT('',(-0.011,0.000720602345400237,0.000478527839948343));
#5942=CARTESIAN_POINT('',(-0.011,-0.00988598303593067,0.00818466319640521));
#5943=CARTESIAN_POINT('',(-0.011,-0.0100035400863892,0.00802285979753025));
#5944=CARTESIAN_POINT('',(-0.011,-0.010165343485264,0.00814041684798865));
#5945=CARTESIAN_POINT('',(-0.011,-0.0107683887802058,0.00731039620680563));
#5946=CARTESIAN_POINT('',(-0.011,-0.010930262345362,0.0070875963583224));
#5947=CARTESIAN_POINT('',(-0.011,-0.0107684589464871,0.00697003930786399));
#5948=CARTESIAN_POINT('',(-0.011,-0.0108860159969456,0.00680823590898901));
#5949=CARTESIAN_POINT('',(-0.011,-0.000279430615614682,-0.000897899447467845));
#5950=CARTESIAN_POINT('',(-0.011,-0.00764994801944556,0.00445709489981895));
#5951=CARTESIAN_POINT('',(-0.011,-0.00753239096898709,0.00461889829869392));
#5952=CARTESIAN_POINT('',(-0.011,-0.00737058757011209,0.00450134124823543));
#5953=CARTESIAN_POINT('',(-0.011,-0.00720871400495602,0.00472414109671873));
#5954=CARTESIAN_POINT('',(-0.011,-0.00214124728610152,0.00856633718800473));
#5955=CARTESIAN_POINT('',(-0.011,-0.00195103598284252,0.00862814058687972));
#5956=CARTESIAN_POINT('',(-0.011,-0.00207944388722658,0.00837612588474585));
#5957=CARTESIAN_POINT('',(-0.011,0.000921872239278555,-0.00021376175215773));
#5958=CARTESIAN_POINT('',(-0.011,-0.0031871039603424,0.0124323666520606));
#5959=CARTESIAN_POINT('',(-0.011,-0.0033773152636014,0.0123705632531856));
#5960=CARTESIAN_POINT('',(-0.011,-0.00343911866247635,0.0125607745564445));
#5961=CARTESIAN_POINT('',(-0.011,-0.0041707795984959,0.0123230435073676));
#5962=CARTESIAN_POINT('',(-0.011,-0.00467678337675067,0.0121586329134443));
#5963=CARTESIAN_POINT('',(-0.011,-0.00461497997787573,0.0119684216101854));
#5964=CARTESIAN_POINT('',(-0.011,-0.00480519128113476,0.0119066182113105));
#5965=CARTESIAN_POINT('',(-0.011,-0.000696215081513781,-0.000739510192907892));
#5966=CARTESIAN_POINT('',(-0.011,-0.00356912330363485,0.00810239214612956));
#5967=CARTESIAN_POINT('',(-0.011,-0.00337891200037585,0.00816419554500454));
#5968=CARTESIAN_POINT('',(-0.011,-0.00331710860150085,0.0079739842417455));
#5969=CARTESIAN_POINT('',(-0.011,-0.00281110482324613,0.00813839483566889));
#5970=CARTESIAN_POINT('',(-0.011,0.00214124728610152,-0.00856633718800474));
#5971=CARTESIAN_POINT('',(-0.011,0.00195103598284252,-0.00862814058687972));
#5972=CARTESIAN_POINT('',(-0.011,0.00207944388722658,-0.00837612588474585));
#5973=CARTESIAN_POINT('',(-0.011,-0.000620164302796327,-0.000714799796988741));
#5974=CARTESIAN_POINT('',(-0.011,0.0031871039603424,-0.0124323666520606));
#5975=CARTESIAN_POINT('',(-0.011,0.00337731526360141,-0.0123705632531856));
#5976=CARTESIAN_POINT('',(-0.011,0.00343911866247635,-0.0125607745564445));
#5977=CARTESIAN_POINT('',(-0.011,0.00386907166201367,-0.0124210743584404));
#5978=CARTESIAN_POINT('',(-0.011,0.00467678337675068,-0.0121586329134443));
#5979=CARTESIAN_POINT('',(-0.011,0.00461497997787573,-0.0119684216101854));
#5980=CARTESIAN_POINT('',(-0.011,0.00480519128113476,-0.0119066182113105));
#5981=CARTESIAN_POINT('',(-0.011,0.000997923017996008,-0.000189051356238578));
#5982=CARTESIAN_POINT('',(-0.011,0.00356912330363485,-0.00810239214612956));
#5983=CARTESIAN_POINT('',(-0.011,0.00337891200037585,-0.00816419554500454));
#5984=CARTESIAN_POINT('',(-0.011,0.00331710860150086,-0.00797398424174551));
#5985=CARTESIAN_POINT('',(-0.011,0.0025093968867639,-0.00823642568674176));
#5986=CARTESIAN_POINT('',(-0.011,-0.0033028612216584,-0.00818890594092368));
#5987=CARTESIAN_POINT('',(-0.011,-0.0034930725249174,-0.00812710254204871));
#5988=CARTESIAN_POINT('',(-0.011,-0.00324105782278345,-0.0079986946376648));
#5989=CARTESIAN_POINT('',(-0.011,-0.000921872239278554,-0.00021376175215773));
#5990=CARTESIAN_POINT('',(-0.011,-0.00472914050241728,-0.0119313286072296));
#5991=CARTESIAN_POINT('',(-0.011,-0.00453892919915828,-0.0119931320061046));
#5992=CARTESIAN_POINT('',(-0.011,-0.00460073259803322,-0.0121833433093635));
#5993=CARTESIAN_POINT('',(-0.011,-0.00386907166201367,-0.0124210743584404));
#5994=CARTESIAN_POINT('',(-0.011,-0.0033630678837589,-0.0125854849523637));
#5995=CARTESIAN_POINT('',(-0.011,-0.00330126448488395,-0.0123952736491048));
#5996=CARTESIAN_POINT('',(-0.011,-0.00311105318162493,-0.0124570770479798));
#5997=CARTESIAN_POINT('',(-0.011,0.00069621508151378,-0.000739510192907892));
#5998=CARTESIAN_POINT('',(-0.011,-0.00187498520412507,-0.00865285098279887));
#5999=CARTESIAN_POINT('',(-0.011,-0.00206519650738407,-0.00859104758392389));
#6000=CARTESIAN_POINT('',(-0.011,-0.00200339310850908,-0.00840083628066486));
#6001=CARTESIAN_POINT('',(-0.011,-0.0025093968867639,-0.00823642568674176));
#6002=CARTESIAN_POINT('',(-0.011,0.,8.57252759403147E-19));
#6003=CARTESIAN_POINT('',(-0.011,-0.002973878711016,-0.0136804987267338));
#6004=CARTESIAN_POINT('',(-0.011,0.00301386097148866,0.0136717461227357));
#6005=CARTESIAN_POINT('',(-0.011,3.99822604726531E-5,-8.75260399816735E-6));
#6006=CARTESIAN_POINT('',(-0.011,0.00193649167310371,-0.007));
#6007=CARTESIAN_POINT('',(-0.011,0.00387298334620742,-0.007));
#6008=CARTESIAN_POINT('',(-0.011,-0.00387298334620741,-0.007));
#6009=CARTESIAN_POINT('',(-0.011,0.00678815976035522,-0.00348422918481419));
#6010=CARTESIAN_POINT('',(-0.011,0.00759609957425151,-0.00250983490653392));
#6011=CARTESIAN_POINT('',(-0.011,0.,-4.91082723564076E-19));
#6012=CARTESIAN_POINT('',(-0.011,-0.00759609957425151,-0.00250983490653391));
#6013=CARTESIAN_POINT('',(-0.011,-0.00492660164633317,-0.00572931173154723));
#6014=CARTESIAN_POINT('',(-0.011,-0.0006106965861934,-0.00880875260399801));
#6015=CARTESIAN_POINT('',(-0.011,-0.000810696586193372,-0.00880875260399801));
#6016=CARTESIAN_POINT('',(-0.011,-0.0006106965861934,-0.00860875260399817));
#6017=CARTESIAN_POINT('',(-0.011,-0.000810696586193371,-0.000513296200109667));
#6018=CARTESIAN_POINT('',(-0.011,-0.000810696586193372,-0.0128087526039983));
#6019=CARTESIAN_POINT('',(-0.011,-0.000610696586193401,-0.0128087526039983));
#6020=CARTESIAN_POINT('',(-0.011,-0.000610696586193401,-0.0130087526039982));
#6021=CARTESIAN_POINT('',(-0.011,0.,-0.0130087526039982));
#6022=CARTESIAN_POINT('',(-0.011,0.000690661107138704,-0.0130087526039983));
#6023=CARTESIAN_POINT('',(-0.011,0.000690661107138704,-0.0128087526039983));
#6024=CARTESIAN_POINT('',(-0.011,0.000890661107138703,-0.0128087526039983));
#6025=CARTESIAN_POINT('',(-0.011,0.000890661107138678,-0.000513296200109667));
#6026=CARTESIAN_POINT('',(-0.011,0.000890661107138677,-0.00880875260399801));
#6027=CARTESIAN_POINT('',(-0.011,0.000690661107138705,-0.00880875260399801));
#6028=CARTESIAN_POINT('',(-0.011,0.000690661107138705,-0.00860875260399801));
#6029=CARTESIAN_POINT('',(-0.011,0.,-0.00860875260399817));
#6030=CARTESIAN_POINT('',(-0.011,0.000610696586193401,0.00880875260399801));
#6031=CARTESIAN_POINT('',(-0.011,0.000810696586193373,0.00880875260399801));
#6032=CARTESIAN_POINT('',(-0.011,0.000610696586193401,0.00860875260399816));
#6033=CARTESIAN_POINT('',(-0.011,0.00081069658619337,-0.000513296200109667));
#6034=CARTESIAN_POINT('',(-0.011,0.000810696586193374,0.0128087526039983));
#6035=CARTESIAN_POINT('',(-0.011,0.000610696586193402,0.0128087526039983));
#6036=CARTESIAN_POINT('',(-0.011,0.000610696586193402,0.0130087526039982));
#6037=CARTESIAN_POINT('',(-0.011,1.80250331050249E-17,0.0130087526039982));
#6038=CARTESIAN_POINT('',(-0.011,-0.000690661107138702,0.0130087526039982));
#6039=CARTESIAN_POINT('',(-0.011,-0.000690661107138702,0.0128087526039983));
#6040=CARTESIAN_POINT('',(-0.011,-0.000890661107138701,0.0128087526039983));
#6041=CARTESIAN_POINT('',(-0.011,-0.000890661107138678,-0.000513296200109666));
#6042=CARTESIAN_POINT('',(-0.011,-0.000890661107138676,0.00880875260399801));
#6043=CARTESIAN_POINT('',(-0.011,-0.000690661107138704,0.00880875260399801));
#6044=CARTESIAN_POINT('',(-0.011,-0.000690661107138704,0.00860875260399801));
#6045=CARTESIAN_POINT('',(-0.011,0.,0.00860875260399816));
#6046=CARTESIAN_POINT('',(-0.011,-0.00468359095508572,0.0074853890028688));
#6047=CARTESIAN_POINT('',(-0.011,-0.00452178755621076,0.00760294605332728));
#6048=CARTESIAN_POINT('',(-0.011,-0.00456603390462732,0.00732358560399394));
#6049=CARTESIAN_POINT('',(-0.011,0.000899954163464109,0.000140558772902497));
#6050=CARTESIAN_POINT('',(-0.011,-0.00687292856538085,0.0108390140308273));
#6051=CARTESIAN_POINT('',(-0.011,-0.0070347319642558,0.0107214569803688));
#6052=CARTESIAN_POINT('',(-0.011,-0.0071522890147142,0.0108832603792437));
#6053=CARTESIAN_POINT('',(-0.011,-0.00789043977930334,0.01034696245669));
#6054=CARTESIAN_POINT('',(-0.011,-0.00820510950438046,0.0101183415191457));
#6055=CARTESIAN_POINT('',(-0.011,-0.00808755245392205,0.00995653812027088));
#6056=CARTESIAN_POINT('',(-0.011,-0.00824935585279704,0.00983898106981239));
#6057=CARTESIAN_POINT('',(-0.011,-0.000476473123952077,-0.00085947418811242));
#6058=CARTESIAN_POINT('',(-0.011,-0.00589821484362695,0.00660291309231236));
#6059=CARTESIAN_POINT('',(-0.011,-0.00573641144475198,0.00672047014277084));
#6060=CARTESIAN_POINT('',(-0.011,-0.00561885439429348,0.00655866674389585));
#6061=CARTESIAN_POINT('',(-0.011,-0.00530418466921646,0.00678728768144025));
#6062=CARTESIAN_POINT('',(-0.011,-0.00818890594092368,0.0033028612216584));
#6063=CARTESIAN_POINT('',(-0.011,-0.00812710254204871,0.0034930725249174));
#6064=CARTESIAN_POINT('',(-0.011,-0.0079986946376648,0.00324105782278345));
#6065=CARTESIAN_POINT('',(-0.011,0.00040137299065662,0.000722002845501008));
#6066=CARTESIAN_POINT('',(-0.011,-0.0119313286072296,0.00472914050241728));
#6067=CARTESIAN_POINT('',(-0.011,-0.0119931320061046,0.00453892919915828));
#6068=CARTESIAN_POINT('',(-0.011,-0.0121833433093635,0.00460073259803322));
#6069=CARTESIAN_POINT('',(-0.011,-0.0125229129011451,0.00355564485568155));
#6070=CARTESIAN_POINT('',(-0.011,-0.0125854849523637,0.0033630678837589));
#6071=CARTESIAN_POINT('',(-0.011,-0.0123952736491048,0.00330126448488395));
#6072=CARTESIAN_POINT('',(-0.011,-0.0124570770479798,0.00311105318162493));
#6073=CARTESIAN_POINT('',(-0.011,-0.000124375450093543,-0.000896084475291328));
#6074=CARTESIAN_POINT('',(-0.011,-0.00865285098279887,0.00187498520412506));
#6075=CARTESIAN_POINT('',(-0.011,-0.00859104758392389,0.00206519650738406));
#6076=CARTESIAN_POINT('',(-0.011,-0.00840083628066485,0.00200339310850908));
#6077=CARTESIAN_POINT('',(-0.011,-0.00833826422944644,0.00219597008043178));
#6078=CARTESIAN_POINT('',(-0.011,0.00468359095508572,-0.0074853890028688));
#6079=CARTESIAN_POINT('',(-0.011,0.00452178755621076,-0.00760294605332728));
#6080=CARTESIAN_POINT('',(-0.011,0.00456603390462732,-0.00732358560399394));
#6081=CARTESIAN_POINT('',(-0.011,-0.000411780467560272,-0.000812472221994136));
#6082=CARTESIAN_POINT('',(-0.011,0.00687292856538085,-0.0108390140308273));
#6083=CARTESIAN_POINT('',(-0.011,0.0070347319642558,-0.0107214569803688));
#6084=CARTESIAN_POINT('',(-0.011,0.0071522890147142,-0.0108832603792437));
#6085=CARTESIAN_POINT('',(-0.011,0.00740226608339951,-0.0107016414078177));
#6086=CARTESIAN_POINT('',(-0.011,0.00820510950438046,-0.0101183415191457));
#6087=CARTESIAN_POINT('',(-0.011,0.00808755245392205,-0.00995653812027088));
#6088=CARTESIAN_POINT('',(-0.011,0.00824935585279704,-0.00983898106981239));
#6089=CARTESIAN_POINT('',(-0.011,0.000964646819855914,0.000187560739020782));
#6090=CARTESIAN_POINT('',(-0.011,0.00589821484362695,-0.00660291309231237));
#6091=CARTESIAN_POINT('',(-0.011,0.00573641144475198,-0.00672047014277084));
#6092=CARTESIAN_POINT('',(-0.011,0.00561885439429348,-0.00655866674389585));
#6093=CARTESIAN_POINT('',(-0.011,0.00481601097331263,-0.00714196663256795));
#6094=CARTESIAN_POINT('',(-0.011,0.00818890594092369,-0.0033028612216584));
#6095=CARTESIAN_POINT('',(-0.011,0.00812710254204871,-0.0034930725249174));
#6096=CARTESIAN_POINT('',(-0.011,0.0079986946376648,-0.00324105782278345));
#6097=CARTESIAN_POINT('',(-0.011,-9.96650541743921E-5,-0.000820033696573873));
#6098=CARTESIAN_POINT('',(-0.011,0.0119313286072296,-0.00472914050241729));
#6099=CARTESIAN_POINT('',(-0.011,0.0119931320061046,-0.00453892919915828));
#6100=CARTESIAN_POINT('',(-0.011,0.0121833433093635,-0.00460073259803323));
#6101=CARTESIAN_POINT('',(-0.011,0.0122212049646629,-0.00448420640482803));
#6102=CARTESIAN_POINT('',(-0.011,0.0125854849523637,-0.0033630678837589));
#6103=CARTESIAN_POINT('',(-0.011,0.0123952736491048,-0.00330126448488395));
#6104=CARTESIAN_POINT('',(-0.011,0.0124570770479798,-0.00311105318162493));
#6105=CARTESIAN_POINT('',(-0.011,0.000426083386575771,0.000798053624218463));
#6106=CARTESIAN_POINT('',(-0.011,0.00865285098279887,-0.00187498520412507));
#6107=CARTESIAN_POINT('',(-0.011,0.00859104758392389,-0.00206519650738407));
#6108=CARTESIAN_POINT('',(-0.011,0.00840083628066485,-0.00200339310850908));
#6109=CARTESIAN_POINT('',(-0.011,0.00803655629296421,-0.00312453162957825));
#6110=CARTESIAN_POINT('',(-0.011,0.00856633718800474,0.00214124728610152));
#6111=CARTESIAN_POINT('',(-0.011,0.00862814058687972,0.00195103598284251));
#6112=CARTESIAN_POINT('',(-0.011,0.00837612588474585,0.00207944388722657));
#6113=CARTESIAN_POINT('',(-0.011,9.96650541743925E-5,-0.000820033696573874));
#6114=CARTESIAN_POINT('',(-0.011,0.0124323666520606,0.0031871039603424));
#6115=CARTESIAN_POINT('',(-0.011,0.0123705632531856,0.0033773152636014));
#6116=CARTESIAN_POINT('',(-0.011,0.0125607745564445,0.00343911866247635));
#6117=CARTESIAN_POINT('',(-0.011,0.0125229129011451,0.00355564485568155));
#6118=CARTESIAN_POINT('',(-0.011,0.0121586329134443,0.00467678337675067));
#6119=CARTESIAN_POINT('',(-0.011,0.0119684216101854,0.00461497997787573));
#6120=CARTESIAN_POINT('',(-0.011,0.0119066182113105,0.00480519128113476));
#6121=CARTESIAN_POINT('',(-0.011,-0.00042608338657577,0.000798053624218464));
#6122=CARTESIAN_POINT('',(-0.011,0.00810239214612956,0.00356912330363485));
#6123=CARTESIAN_POINT('',(-0.011,0.00816419554500454,0.00337891200037585));
#6124=CARTESIAN_POINT('',(-0.011,0.0079739842417455,0.00331710860150085));
#6125=CARTESIAN_POINT('',(-0.011,0.00833826422944644,0.00219597008043178));
#6126=CARTESIAN_POINT('',(-0.011,0.00567171878836018,0.00676747210888912));
#6127=CARTESIAN_POINT('',(-0.011,0.00583352218723514,0.00664991505843064));
#6128=CARTESIAN_POINT('',(-0.011,0.00555416173790177,0.00660566871001425));
#6129=CARTESIAN_POINT('',(-0.011,0.000411780467560276,-0.000812472221994139));
#6130=CARTESIAN_POINT('',(-0.011,0.00818466319640521,0.00988598303593067));
#6131=CARTESIAN_POINT('',(-0.011,0.00802285979753025,0.0100035400863891));
#6132=CARTESIAN_POINT('',(-0.011,0.00814041684798865,0.010165343485264));
#6133=CARTESIAN_POINT('',(-0.011,0.00789043977930334,0.01034696245669));
#6134=CARTESIAN_POINT('',(-0.011,0.0070875963583224,0.010930262345362));
#6135=CARTESIAN_POINT('',(-0.011,0.006970039307864,0.0107684589464871));
#6136=CARTESIAN_POINT('',(-0.011,0.00680823590898901,0.0108860159969456));
#6137=CARTESIAN_POINT('',(-0.011,-0.000964646819855912,0.000187560739020779));
#6138=CARTESIAN_POINT('',(-0.011,0.00445709489981896,0.00764994801944557));
#6139=CARTESIAN_POINT('',(-0.011,0.00461889829869392,0.00753239096898708));
#6140=CARTESIAN_POINT('',(-0.011,0.00450134124823543,0.00737058757011209));
#6141=CARTESIAN_POINT('',(-0.011,0.00530418466921647,0.00678728768144024));
#6142=CARTESIAN_POINT('',(-0.011,-0.00856633718800473,-0.00214124728610152));
#6143=CARTESIAN_POINT('',(-0.011,-0.00862814058687972,-0.00195103598284252));
#6144=CARTESIAN_POINT('',(-0.011,-0.00837612588474585,-0.00207944388722658));
#6145=CARTESIAN_POINT('',(-0.011,-0.00040137299065662,0.000722002845501009));
#6146=CARTESIAN_POINT('',(-0.011,-0.0124323666520606,-0.0031871039603424));
#6147=CARTESIAN_POINT('',(-0.011,-0.0123705632531856,-0.0033773152636014));
#6148=CARTESIAN_POINT('',(-0.011,-0.0125607745564445,-0.00343911866247635));
#6149=CARTESIAN_POINT('',(-0.011,-0.0122212049646629,-0.00448420640482802));
#6150=CARTESIAN_POINT('',(-0.011,-0.0121586329134443,-0.00467678337675067));
#6151=CARTESIAN_POINT('',(-0.011,-0.0119684216101854,-0.00461497997787573));
#6152=CARTESIAN_POINT('',(-0.011,-0.0119066182113105,-0.00480519128113476));
#6153=CARTESIAN_POINT('',(-0.011,0.000124375450093543,-0.000896084475291327));
#6154=CARTESIAN_POINT('',(-0.011,-0.00810239214612956,-0.00356912330363485));
#6155=CARTESIAN_POINT('',(-0.011,-0.00816419554500453,-0.00337891200037585));
#6156=CARTESIAN_POINT('',(-0.011,-0.0079739842417455,-0.00331710860150085));
#6157=CARTESIAN_POINT('',(-0.011,-0.00803655629296421,-0.00312453162957825));
#6158=CARTESIAN_POINT('',(-0.011,-0.00567171878836018,-0.00676747210888912));
#6159=CARTESIAN_POINT('',(-0.011,-0.00583352218723514,-0.00664991505843064));
#6160=CARTESIAN_POINT('',(-0.011,-0.00555416173790177,-0.00660566871001426));
#6161=CARTESIAN_POINT('',(-0.011,-0.000899954163464109,0.000140558772902497));
#6162=CARTESIAN_POINT('',(-0.011,-0.00818466319640521,-0.00988598303593067));
#6163=CARTESIAN_POINT('',(-0.011,-0.00802285979753026,-0.0100035400863892));
#6164=CARTESIAN_POINT('',(-0.011,-0.00814041684798866,-0.010165343485264));
#6165=CARTESIAN_POINT('',(-0.011,-0.00740226608339951,-0.0107016414078177));
#6166=CARTESIAN_POINT('',(-0.011,-0.00708759635832241,-0.010930262345362));
#6167=CARTESIAN_POINT('',(-0.011,-0.006970039307864,-0.0107684589464871));
#6168=CARTESIAN_POINT('',(-0.011,-0.00680823590898901,-0.0108860159969456));
#6169=CARTESIAN_POINT('',(-0.011,0.000476473123952078,-0.000859474188112421));
#6170=CARTESIAN_POINT('',(-0.011,-0.00445709489981896,-0.00764994801944557));
#6171=CARTESIAN_POINT('',(-0.011,-0.00461889829869392,-0.00753239096898709));
#6172=CARTESIAN_POINT('',(-0.011,-0.00450134124823543,-0.00737058757011209));
#6173=CARTESIAN_POINT('',(-0.011,-0.00481601097331263,-0.00714196663256795));
#6174=CARTESIAN_POINT('',(-0.0155,0.,0.008001));
#6175=CARTESIAN_POINT('',(-0.0155,0.,0.0035));
#6176=CARTESIAN_POINT('',(-0.01695,0.,0.0035));
#6177=CARTESIAN_POINT('',(-0.0155,0.,0.00314634146342328));
#6178=CARTESIAN_POINT('',(-0.0168443385534543,0.000543372665577187,0.00256577570454124));
#6179=CARTESIAN_POINT('',(-0.0141556614465457,0.000543372665577187,0.00256577570454124));
#6180=CARTESIAN_POINT('',(-0.0155,0.,0.00256577570454124));
#6181=CARTESIAN_POINT('',(-0.0141556614465414,-0.000543372665566604,0.00256577570454124));
#6182=CARTESIAN_POINT('',(-0.0155,0.,0.00314634146340599));
#6183=CARTESIAN_POINT('',(-0.0168443385534586,-0.000543372665566604,0.00256577570454124));
#6184=CARTESIAN_POINT('',(-0.0155,0.,0.00256577570454124));
#6185=CARTESIAN_POINT('',(-0.0259996560621688,0.,-0.00013709423836117));
#6186=CARTESIAN_POINT('',(-0.0259996560621688,0.,-1.88737914186277E-18));
#6187=CARTESIAN_POINT('',(-0.0259996560621688,0.,-0.0028));
#6188=CARTESIAN_POINT('',(-0.0259996560621688,5.2914487028155E-15,0.00256577570454124));
#6189=CARTESIAN_POINT('',(-0.0259996560621688,-0.000543372665566604,0.00256577570454124));
#6190=CARTESIAN_POINT('',(-0.0259996560621688,0.000543372665577187,0.00256577570454124));
#6191=CARTESIAN_POINT('',(-0.0259996560621688,-0.00105655086019292,0.00201747118560597));
#6192=CARTESIAN_POINT('',(-0.0259996560621688,-0.00156972905481924,0.0014691666666707));
#6193=CARTESIAN_POINT('',(-0.0259996560621688,0.,-1.62630325872825E-18));
#6194=CARTESIAN_POINT('',(-0.0259996560621688,-0.00127589653074548,-0.00173048780487805));
#6195=CARTESIAN_POINT('',(-0.0259996560621688,-0.000991406088079254,-0.00194024390243902));
#6196=CARTESIAN_POINT('',(-0.0259996560621688,-0.000706915645413032,-0.00215));
#6197=CARTESIAN_POINT('',(-0.0259996560621688,1.95156391047391E-18,-0.00215));
#6198=CARTESIAN_POINT('',(-0.0259996560621688,0.000706915645413036,-0.00215));
#6199=CARTESIAN_POINT('',(-0.0259996560621688,0.000991406088079257,-0.00194024390243902));
#6200=CARTESIAN_POINT('',(-0.0259996560621688,0.00127589653074548,-0.00173048780487805));
#6201=CARTESIAN_POINT('',(-0.0259996560621688,0.,-1.62630325872825E-18));
#6202=CARTESIAN_POINT('',(-0.0259996560621688,0.00156972905482677,0.00146916666666266));
#6203=CARTESIAN_POINT('',(-0.0259996560621688,0.00105655086020198,0.00201747118560195));
#6204=CARTESIAN_POINT('',(-0.0243126560621688,0.00323709423836117,0.));
#6205=CARTESIAN_POINT('',(-0.0243126560621688,0.,-1.88737914186277E-18));
#6206=CARTESIAN_POINT('',(-0.0243126560621688,-0.0011178823562787,0.0035));
#6207=CARTESIAN_POINT('',(-0.0243126560621688,-0.00139271711502344,0.0034));
#6208=CARTESIAN_POINT('',(-0.0243126560621688,-2.16840434497101E-19,0.0034));
#6209=CARTESIAN_POINT('',(-0.0243126560621688,0.00139271711502344,0.0034));
#6210=CARTESIAN_POINT('',(-0.0243126560621688,0.,-1.88737914186277E-18));
#6211=CARTESIAN_POINT('',(-0.0243126560621688,0.0011178823562787,0.0035));
#6212=CARTESIAN_POINT('',(-0.0243126560621688,0.00323709423836117,0.0035));
#6213=CARTESIAN_POINT('',(-0.0243126560621688,0.,-1.88737914186277E-18));
#6214=CARTESIAN_POINT('',(-0.0243126560621688,-0.00111788235627873,0.0035));
#6215=CARTESIAN_POINT('',(-0.0245123635517256,-0.000777748646142552,0.0035));
#6216=CARTESIAN_POINT('',(-0.0247856386458747,-4.94877122830665E-7,0.0035));
#6217=CARTESIAN_POINT('',(-0.0245115719744631,0.000779096828485337,0.0035));
#6218=CARTESIAN_POINT('',(-0.0243126560621688,0.00111788235627869,0.0035));
#6219=CARTESIAN_POINT('',(-0.0243126560621688,-8.96578287577853E-20,-1.3010426069826E-18));
#6220=CARTESIAN_POINT('',(-0.0201563280310844,-1.15551195934921E-19,-3.99499361134821E-19));
#6221=CARTESIAN_POINT('',(-0.0193126560621688,0.00141226720482481,0.0035));
#6222=CARTESIAN_POINT('',(-0.0202279715087303,-1.11022302462516E-18,0.0035));
#6223=CARTESIAN_POINT('',(-0.0193126560621688,-0.00141226720482482,0.0035));
#6224=CARTESIAN_POINT('',(-0.0193126560621688,0.00141226720482481,0.0035));
#6225=CARTESIAN_POINT('',(-0.0193126560621688,-0.00141226720482481,0.0035));
#6226=CARTESIAN_POINT('',(-0.0193126560621688,-2.31102391869842E-19,-4.0249049918923E-19));
#6227=CARTESIAN_POINT('',(-0.0194858611429257,-0.00139271711502343,0.0034));
#6228=CARTESIAN_POINT('',(-0.0197590962749362,-0.000976543608168336,0.0034));
#6229=CARTESIAN_POINT('',(-0.0201619695926321,5.60892933114334E-6,0.0034));
#6230=CARTESIAN_POINT('',(-0.0197600365037212,0.000975111514470088,0.0034));
#6231=CARTESIAN_POINT('',(-0.0194858611429257,0.00139271711502343,0.0034));
#6232=CARTESIAN_POINT('',(-0.0194858611429257,-0.00139271711502344,0.0034));
#6233=CARTESIAN_POINT('',(-0.0194858611429257,0.00139271711502344,0.0034));
#6234=CARTESIAN_POINT('',(-0.0194858611429257,-1.15551195934921E-19,-3.99499361134821E-19));
#6235=CARTESIAN_POINT('',(-0.0139240658753368,-4.12582351002211E-20,0.00800572557544628));
#6236=CARTESIAN_POINT('',(-0.0139240656385764,1.47940211369165E-5,0.00800572563604418));
#6237=CARTESIAN_POINT('',(-0.013924227717155,2.96365512734032E-5,0.00800568447802847));
#6238=CARTESIAN_POINT('',(-0.0139248755117325,5.92683820282043E-5,0.00800552005194878));
#6239=CARTESIAN_POINT('',(-0.013925360303814,7.4042671639184E-5,0.00800539701826439));
#6240=CARTESIAN_POINT('',(-0.0139266485769023,0.000103525196639264,0.00800507030968932));
#6241=CARTESIAN_POINT('',(-0.0139274519443913,0.000118230708804963,0.0080048666638444));
#6242=CARTESIAN_POINT('',(-0.0139293739975496,0.000147570952673184,0.00800437993619458));
#6243=CARTESIAN_POINT('',(-0.0139304926872208,0.000162205683500795,0.00800409685395461));
#6244=CARTESIAN_POINT('',(-0.0139343179365293,0.000206004587386548,0.0080031301379024));
#6245=CARTESIAN_POINT('',(-0.0139374934220206,0.000235063526536697,0.0080023290395574));
#6246=CARTESIAN_POINT('',(-0.013945081900442,0.000292903914929716,0.00800042235428682));
#6247=CARTESIAN_POINT('',(-0.0139494949126721,0.000321685359774374,0.00799931676090485));
#6248=CARTESIAN_POINT('',(-0.0139595544754817,0.000378971958557871,0.00799680961703046));
#6249=CARTESIAN_POINT('',(-0.0139652010241869,0.000407477112638561,0.00799540806020859));
#6250=CARTESIAN_POINT('',(-0.0139777326253039,0.000464210411532284,0.00799231742607474));
#6251=CARTESIAN_POINT('',(-0.0139846176545295,0.000492438561048776,0.00799062834236607));
#6252=CARTESIAN_POINT('',(-0.0139958846616483,0.000534571020644554,0.00798788541764117));
#6253=CARTESIAN_POINT('',(-0.0139997969717891,0.000548580199372934,0.00798693622602477));
#6254=CARTESIAN_POINT('',(-0.0140079375548714,0.000576528077563238,0.00798496914632391));
#6255=CARTESIAN_POINT('',(-0.014012166341782,0.000590468110185887,0.00798395113659145));
#6256=CARTESIAN_POINT('',(-0.0140209410925915,0.000618271707324697,0.00798184798670029));
#6257=CARTESIAN_POINT('',(-0.0140254943761389,0.00063215499856179,0.00798076112503274));
#6258=CARTESIAN_POINT('',(-0.0140348650621844,0.000659680543522002,0.00797853487543571));
#6259=CARTESIAN_POINT('',(-0.0140396920998774,0.000673356617697919,0.0079773931565636));
#6260=CARTESIAN_POINT('',(-0.0140645133525102,0.000741228722673934,0.00797155184984614));
#6261=CARTESIAN_POINT('',(-0.0140865760777632,0.000794044828943061,0.00796645014689974));
#6262=CARTESIAN_POINT('',(-0.0141349949896702,0.000896754310933623,0.00795555237766651));
#6263=CARTESIAN_POINT('',(-0.0141613515164324,0.000946656638206256,0.00794975580171617));
#6264=CARTESIAN_POINT('',(-0.0142041169272625,0.00101933817908456,0.00794065860619181));
#6265=CARTESIAN_POINT('',(-0.014218911374434,0.00104320278714957,0.00793755910376439));
#6266=CARTESIAN_POINT('',(-0.0142419226073083,0.00107845055213642,0.00793282436929796));
#6267=CARTESIAN_POINT('',(-0.0142497296596367,0.00109010825106029,0.0079312318762873));
#6268=CARTESIAN_POINT('',(-0.0142656196047883,0.00111323913891216,0.00792802096669338));
#6269=CARTESIAN_POINT('',(-0.0142737012645244,0.00112471053091294,0.0079264027989322));
#6270=CARTESIAN_POINT('',(-0.0142901484461065,0.00114747424892525,0.00792314215439372));
#6271=CARTESIAN_POINT('',(-0.0142985096765103,0.00115875923608103,0.00792150061409048));
#6272=CARTESIAN_POINT('',(-0.0143154143993698,0.00118101288023627,0.00791821613935425));
#6273=CARTESIAN_POINT('',(-0.0143239760269566,0.00119200680478251,0.00791656959989557));
#6274=CARTESIAN_POINT('',(-0.0143499611134922,0.00122456034563412,0.0079116264451117));
#6275=CARTESIAN_POINT('',(-0.0143677041153162,0.00124571893602374,0.00790832242081506));
#6276=CARTESIAN_POINT('',(-0.0144221498424547,0.00130755520854971,0.00789842497396228));
#6277=CARTESIAN_POINT('',(-0.0144600859509363,0.00134662361915073,0.00789184212602521));
#6278=CARTESIAN_POINT('',(-0.0145194320278126,0.0014020141162278,0.00788213159907223));
#6279=CARTESIAN_POINT('',(-0.014539622231351,0.00141994200252504,0.00787892189466552));
#6280=CARTESIAN_POINT('',(-0.0145808270587288,0.00145471986198405,0.00787258023324479));
#6281=CARTESIAN_POINT('',(-0.0146018420038247,0.00147157013756129,0.00786944819838753));
#6282=CARTESIAN_POINT('',(-0.01464470908146,0.00150417701012766,0.00786328599291135));
#6283=CARTESIAN_POINT('',(-0.0146665714842523,0.00151994065500165,0.00786025444414209));
#6284=CARTESIAN_POINT('',(-0.0147111175087641,0.00155032530544763,0.00785432294553393));
#6285=CARTESIAN_POINT('',(-0.0147336215653489,0.00156482511825265,0.00785144683676369));
#6286=CARTESIAN_POINT('',(-0.0147791275707916,0.00159249592709361,0.00784588587324919));
#6287=CARTESIAN_POINT('',(-0.0148021222400983,0.00160566192052794,0.00784320198554537));
#6288=CARTESIAN_POINT('',(-0.0148485906431104,0.00163067093288755,0.00783804489823755));
#6289=CARTESIAN_POINT('',(-0.0148720643841368,0.00164251392863782,0.00783557168774949));
#6290=CARTESIAN_POINT('',(-0.0149194901730469,0.00166488273832392,0.00783085328891544));
#6291=CARTESIAN_POINT('',(-0.0149434422211382,0.00167540854945119,0.00782860809000615));
#6292=CARTESIAN_POINT('',(-0.014991827282216,0.00169513904545246,0.00782436309568148));
#6293=CARTESIAN_POINT('',(-0.0150162602883476,0.00170434374762129,0.00782236328945704));
#6294=CARTESIAN_POINT('',(-0.015065613398249,0.00172141821500813,0.00781862669821885));
#6295=CARTESIAN_POINT('',(-0.0150905418271206,0.00172928983294156,0.00781688949405865));
#6296=CARTESIAN_POINT('',(-0.0151282821216693,0.00174007248624012,0.00781449571573845));
#6297=CARTESIAN_POINT('',(-0.015140929871818,0.00174349777495326,0.0078137326924013));
#6298=CARTESIAN_POINT('',(-0.0151663542143712,0.00175000564045917,0.00781227895172193));
#6299=CARTESIAN_POINT('',(-0.0151791173235875,0.00175308399673391,0.00781158917300263));
#6300=CARTESIAN_POINT('',(-0.0152173830903346,0.00176175101167519,0.00780964237084346));
#6301=CARTESIAN_POINT('',(-0.0152429290572269,0.00176679240233293,0.00780850336056822));
#6302=CARTESIAN_POINT('',(-0.0152940832412073,0.00177542344835123,0.00780654708401063));
#6303=CARTESIAN_POINT('',(-0.0153196927223773,0.00177901384886514,0.00780572963514526));
#6304=CARTESIAN_POINT('',(-0.0153966173736592,0.00178763319162819,0.00780376353919417));
#6305=CARTESIAN_POINT('',(-0.0154480285545671,0.00179051491165213,0.00780310118025587));
#6306=CARTESIAN_POINT('',(-0.0155253376746613,0.00179053884911182,0.00780309566180724));
#6307=CARTESIAN_POINT('',(-0.0155511394885056,0.00178982923049645,0.00780325847353932));
#6308=CARTESIAN_POINT('',(-0.0156028080476651,0.00178695848713049,0.00780391582558568));
#6309=CARTESIAN_POINT('',(-0.0156286775861129,0.00178479656177247,0.00780441056436086));
#6310=CARTESIAN_POINT('',(-0.0156675230792135,0.00178044747817957,0.00780540262923239));
#6311=CARTESIAN_POINT('',(-0.0156804942226295,0.00177881033942543,0.00780577565471387));
#6312=CARTESIAN_POINT('',(-0.0157063910205805,0.00177517112391095,0.00780660338616661));
#6313=CARTESIAN_POINT('',(-0.0157192864891694,0.00177317385739631,0.00780705699733438));
#6314=CARTESIAN_POINT('',(-0.0157578151247869,0.0017666539252525,0.00780853468391532));
#6315=CARTESIAN_POINT('',(-0.0157833255006131,0.00176160083502182,0.00780967619878671));
#6316=CARTESIAN_POINT('',(-0.0158339514845776,0.00175011343625976,0.00781225632917824));
#6317=CARTESIAN_POINT('',(-0.0158590757090725,0.00174367823518893,0.00781369514718021));
#6318=CARTESIAN_POINT('',(-0.0159089515643353,0.00172944070066472,0.00781685608251998));
#6319=CARTESIAN_POINT('',(-0.0159337031892144,0.00172163834645369,0.00781857820824649));
#6320=CARTESIAN_POINT('',(-0.0159828361090777,0.00170467215020519,0.00782229172768221));
#6321=CARTESIAN_POINT('',(-0.0160072174035561,0.00169550830799203,0.00782428312952746));
#6322=CARTESIAN_POINT('',(-0.0160556093283426,0.0016758148223536,0.00782852118044723));
#6323=CARTESIAN_POINT('',(-0.016079619963505,0.00166528519934193,0.00783076783784602));
#6324=CARTESIAN_POINT('',(-0.0161272675986523,0.00164284570122386,0.00783550224413286));
#6325=CARTESIAN_POINT('',(-0.0161509037744293,0.0016309357718772,0.00783798999422562));
#6326=CARTESIAN_POINT('',(-0.0161860760079473,0.00161201712065351,0.00784189162851791));
#6327=CARTESIAN_POINT('',(-0.0161977674084108,0.00160552598275291,0.00784322233576783));
#6328=CARTESIAN_POINT('',(-0.0162209544518068,0.00159224627652136,0.00784592673674999));
#6329=CARTESIAN_POINT('',(-0.0162324529004055,0.0015854571245041,0.00784730058557818));
#6330=CARTESIAN_POINT('',(-0.0162666412516808,0.00156465937361607,0.0078514798744427));
#6331=CARTESIAN_POINT('',(-0.016289064620436,0.00155019981384111,0.00785434738490759));
#6332=CARTESIAN_POINT('',(-0.0163331456502768,0.00152013485553768,0.00786021659173372));
#6333=CARTESIAN_POINT('',(-0.0163548104961936,0.00150452554334843,0.00786321911108334));
#6334=CARTESIAN_POINT('',(-0.0164186925447317,0.00145598359339194,0.00787239580397729));
#6335=CARTESIAN_POINT('',(-0.0164597997138074,0.0014213408218476,0.00787873926785207));
#6336=CARTESIAN_POINT('',(-0.0165192464640235,0.00136594131225985,0.00788845754205414));
#6337=CARTESIAN_POINT('',(-0.0165386924365178,0.0013469013050623,0.00789173087857105));
#6338=CARTESIAN_POINT('',(-0.0165673015267923,0.00131746939277483,0.00789667469935625));
#6339=CARTESIAN_POINT('',(-0.01657674454601,0.00130751338743386,0.00789832827800884));
#6340=CARTESIAN_POINT('',(-0.0165954424523905,0.00128730785527399,0.00790164383832223));
#6341=CARTESIAN_POINT('',(-0.0166046980473973,0.00127705739406152,0.00790330595931311));
#6342=CARTESIAN_POINT('',(-0.016623016472264,0.00125626333512593,0.00790663514353455));
#6343=CARTESIAN_POINT('',(-0.0166320905880234,0.00124570537057554,0.0079083043724022));
#6344=CARTESIAN_POINT('',(-0.0166499425654965,0.00122441495772903,0.0079116258388453));
#6345=CARTESIAN_POINT('',(-0.0166587423357883,0.00121365808607689,0.0079132820240043));
#6346=CARTESIAN_POINT('',(-0.0166847331902917,0.00118109362386444,0.00791822652322319));
#6347=CARTESIAN_POINT('',(-0.0167015477785003,0.00115895649224277,0.00792149654096777));
#6348=CARTESIAN_POINT('',(-0.0167504264053478,0.00109133758402701,0.0079311848987172));
#6349=CARTESIAN_POINT('',(-0.0167809695564187,0.00104460450028835,0.00793748911981434));
#6350=CARTESIAN_POINT('',(-0.016823728417979,0.000972052416689384,0.00794658052526996));
#6351=CARTESIAN_POINT('',(-0.0168374722756844,0.000947457695241785,0.00794955044741828));
#6352=CARTESIAN_POINT('',(-0.0168639347606568,0.000897438543830236,0.00795534757305488));
#6353=CARTESIAN_POINT('',(-0.0168766534385718,0.000872014157536204,0.00795817480461123));
#6354=CARTESIAN_POINT('',(-0.0169010508507432,0.000820321243931182,0.00796366464227977));
#6355=CARTESIAN_POINT('',(-0.0169127282205406,0.000794056097659889,0.00796632693551243));
#6356=CARTESIAN_POINT('',(-0.0169350253935122,0.000740646999264021,0.00797146557682518));
#6357=CARTESIAN_POINT('',(-0.0169455510998124,0.00071372746652957,0.00797392016158105));
#6358=CARTESIAN_POINT('',(-0.016965372592437,0.000659487923258842,0.00797858526318495));
#6359=CARTESIAN_POINT('',(-0.016974669922279,0.000632164107676539,0.00798079614710149));
#6360=CARTESIAN_POINT('',(-0.0169920530600374,0.000577112903313243,0.00798496233134469));
#6361=CARTESIAN_POINT('',(-0.0170001388357259,0.000549385448387217,0.00798691765186486));
#6362=CARTESIAN_POINT('',(-0.0170225885622471,0.000465599566542781,0.00799238208427821));
#6363=CARTESIAN_POINT('',(-0.0170351494765577,0.000408934433469664,0.00799548998828115));
#6364=CARTESIAN_POINT('',(-0.017050338890434,0.000322727514192828,0.00799927519183818));
#6365=CARTESIAN_POINT('',(-0.0170547933686477,0.000293779129098529,0.00800039106455764));
#6366=CARTESIAN_POINT('',(-0.0170605438209123,0.000250060445796314,0.00800183585185291));
#6367=CARTESIAN_POINT('',(-0.0170623062292809,0.000235428220203348,0.0080022794927861));
#6368=CARTESIAN_POINT('',(-0.0170655159953597,0.000206075668207287,0.00800308853770507));
#6369=CARTESIAN_POINT('',(-0.0170669661061202,0.000191322105077593,0.00800345463713543));
#6370=CARTESIAN_POINT('',(-0.0170695380800956,0.000161833365809162,0.00800410463321534));
#6371=CARTESIAN_POINT('',(-0.0170706610808723,0.000147094724220907,0.00800438881412937));
#6372=CARTESIAN_POINT('',(-0.0170725837642592,0.000117624151317435,0.00800487571173679));
#6373=CARTESIAN_POINT('',(-0.0170733834409451,0.000102893000200831,0.00800507842749327));
#6374=CARTESIAN_POINT('',(-0.0170753005238132,5.87118774352901E-5,0.00800556460957717));
#6375=CARTESIAN_POINT('',(-0.0170759362461018,2.92742299356254E-5,0.00800572611417049));
#6376=CARTESIAN_POINT('',(-0.0170759319925888,-2.9568420461881E-5,0.00800572503402166));
#6377=CARTESIAN_POINT('',(-0.0170752920051856,-5.89734230722902E-5,0.00800556244846445));
#6378=CARTESIAN_POINT('',(-0.0170727358913383,-0.000117750777788127,0.00800491420632024));
#6379=CARTESIAN_POINT('',(-0.0170708197754921,-0.000147123130147541,0.00800442854896257));
#6380=CARTESIAN_POINT('',(-0.0170657016229197,-0.000205834950200016,0.00800313507130787));
#6381=CARTESIAN_POINT('',(-0.0170625008577164,-0.000235164883693625,0.00800232756550569));
#6382=CARTESIAN_POINT('',(-0.0170547889496944,-0.000293829534396054,0.00800038994148777));
#6383=CARTESIAN_POINT('',(-0.0170503061197517,-0.000322941444218315,0.00799926697531988));
#6384=CARTESIAN_POINT('',(-0.0170401263757034,-0.000380659979797598,0.00799673028277149));
#6385=CARTESIAN_POINT('',(-0.017034427624188,-0.000409280334742341,0.00799531609750893));
#6386=CARTESIAN_POINT('',(-0.0170218325950377,-0.000466048635687597,0.00799221059972269));
#6387=CARTESIAN_POINT('',(-0.0170149361853463,-0.000494197068439073,0.00799051925141399));
#6388=CARTESIAN_POINT('',(-0.0169924665905663,-0.000577942847256615,0.00798505054925725));
#6389=CARTESIAN_POINT('',(-0.0169751169254646,-0.000632842292392842,0.00798087838939416));
#6390=CARTESIAN_POINT('',(-0.0169356585693364,-0.000740778554821266,0.00797159215708581));
#6391=CARTESIAN_POINT('',(-0.0169135445901784,-0.000793828116239943,0.00796647654862043));
#6392=CARTESIAN_POINT('',(-0.0168644169381292,-0.000897962137791898,0.00795542078405971));
#6393=CARTESIAN_POINT('',(-0.0168378218533741,-0.000948165605703987,0.00794957606830066));
#6394=CARTESIAN_POINT('',(-0.016780683220353,-0.00104506358718739,0.00793742925509884));
#6395=CARTESIAN_POINT('',(-0.0167501442739969,-0.00109174665306838,0.00793112791923915));
#6396=CARTESIAN_POINT('',(-0.0167013975884664,-0.0011591547942567,0.00792146730488013));
#6397=CARTESIAN_POINT('',(-0.0166846581405326,-0.00118118734769864,0.00791821226394126));
#6398=CARTESIAN_POINT('',(-0.0166501895766888,-0.00122437431689585,0.00791165492923169));
#6399=CARTESIAN_POINT('',(-0.0166324588467406,-0.00124553049397606,0.00790835231818235));
#6400=CARTESIAN_POINT('',(-0.0166051135031579,-0.00127659276359444,0.00790338092077938));
#6401=CARTESIAN_POINT('',(-0.0165958691509808,-0.00128683923835614,0.00790172013310526));
#6402=CARTESIAN_POINT('',(-0.0165771350271077,-0.00130709861841041,0.00789839691420063));
#6403=CARTESIAN_POINT('',(-0.0165676266590488,-0.00131713057330124,0.00789673127622354));
#6404=CARTESIAN_POINT('',(-0.016548414961067,-0.00133690337302452,0.00789341060693989));
#6405=CARTESIAN_POINT('',(-0.0165387246483239,-0.00134663186429129,0.00789175773939326));
#6406=CARTESIAN_POINT('',(-0.0165191637002477,-0.0013657895082489,0.00788846754489572));
#6407=CARTESIAN_POINT('',(-0.0165092952387998,-0.00137521648197604,0.00788683058793672));
#6408=CARTESIAN_POINT('',(-0.0164794278647885,-0.00140304608662002,0.00788194833587766));
#6409=CARTESIAN_POINT('',(-0.016459167107615,-0.001420997654105,0.00787873166088864));
#6410=CARTESIAN_POINT('',(-0.0164179536448129,-0.00145571309702315,0.00787239671965452));
#6411=CARTESIAN_POINT('',(-0.0163970009269777,-0.00147247694835978,0.00786927843843843));
#6412=CARTESIAN_POINT('',(-0.0163544047066574,-0.00150482310946955,0.00786316219681195));
#6413=CARTESIAN_POINT('',(-0.0163327612041654,-0.00152040541645825,0.00786016422167303));
#6414=CARTESIAN_POINT('',(-0.0162887794942118,-0.00155038579892471,0.00785431062228587));
#6415=CARTESIAN_POINT('',(-0.0162664412973177,-0.00156478388998605,0.00785145498296349));
#6416=CARTESIAN_POINT('',(-0.0162210610970833,-0.00159238419073954,0.00784590846737471));
#6417=CARTESIAN_POINT('',(-0.016198011498343,-0.00160558991029581,0.00784321683850586));
#6418=CARTESIAN_POINT('',(-0.016162921170101,-0.00162447536093729,0.00783932247997825));
#6419=CARTESIAN_POINT('',(-0.0161511305296954,-0.00163061995556304,0.00783804749129062));
#6420=CARTESIAN_POINT('',(-0.0161273604481608,-0.00164260507682024,0.00783554665657545));
#6421=CARTESIAN_POINT('',(-0.0161154056060296,-0.00164843259365014,0.00783432351091716));
#6422=CARTESIAN_POINT('',(-0.0160794557079168,-0.00166536150283097,0.00783075169996491));
#6423=CARTESIAN_POINT('',(-0.0160553203613882,-0.00167594050258733,0.00782849434050466));
#6424=CARTESIAN_POINT('',(-0.0160067298579749,-0.0016956985055367,0.00782424198900711));
#6425=CARTESIAN_POINT('',(-0.0159822725064797,-0.00170487903580077,0.00782224666881532));
#6426=CARTESIAN_POINT('',(-0.0159084175930447,-0.00173034476999015,0.0078166721110217));
#6427=CARTESIAN_POINT('',(-0.015858538199748,-0.00174455870491773,0.00781350417874755));
#6428=CARTESIAN_POINT('',(-0.0157827479112389,-0.0017617195834903,0.00780964941142247));
#6429=CARTESIAN_POINT('',(-0.0157573223667603,-0.0017667454188258,0.00780851398709316));
#6430=CARTESIAN_POINT('',(-0.0157061423606402,-0.00177538990282564,0.00780655470965348));
#6431=CARTESIAN_POINT('',(-0.01568039026454,-0.00177900790492408,0.00780573101338726));
#6432=CARTESIAN_POINT('',(-0.0156415031135777,-0.00178336012306862,0.00780473822656483));
#6433=CARTESIAN_POINT('',(-0.0156284826372458,-0.00178463190028829,0.00780444770250468));
#6434=CARTESIAN_POINT('',(-0.0156024854623025,-0.00178680202190084,0.00780395156250565));
#6435=CARTESIAN_POINT('',(-0.0155894967813709,-0.00178770238833302,0.00780374548695728));
#6436=CARTESIAN_POINT('',(-0.015550598090608,-0.00178985046281238,0.00780325360702205));
#6437=CARTESIAN_POINT('',(-0.0155247078323006,-0.0017905513038988,0.00780309281595465));
#6438=CARTESIAN_POINT('',(-0.0154730557828605,-0.00179050966914088,0.00780310236244881));
#6439=CARTESIAN_POINT('',(-0.0154472863350086,-0.00178976804019676,0.00780327249999591));
#6440=CARTESIAN_POINT('',(-0.0153958595121747,-0.00178685665573614,0.00780393912753124));
#6441=CARTESIAN_POINT('',(-0.0153702021384416,-0.0017846868840537,0.00780443561998842));
#6442=CARTESIAN_POINT('',(-0.0153189991626768,-0.00177892224766165,0.00780575050954045));
#6443=CARTESIAN_POINT('',(-0.0152934535603237,-0.0017753273878167,0.00780656890905441));
#6444=CARTESIAN_POINT('',(-0.0152424745919911,-0.0017667053203414,0.00780852304474286));
#6445=CARTESIAN_POINT('',(-0.0152170412238564,-0.00176167814217233,0.00780965878344236));
#6446=CARTESIAN_POINT('',(-0.015178976287417,-0.0017530497404345,0.00781159684516264));
#6447=CARTESIAN_POINT('',(-0.0151663021667161,-0.00174999226038009,0.00781228194028576));
#6448=CARTESIAN_POINT('',(-0.0151409825437102,-0.00174351131481547,0.0078137296681448));
#6449=CARTESIAN_POINT('',(-0.0151283402589855,-0.00174008872333679,0.00781449210708542));
#6450=CARTESIAN_POINT('',(-0.0151030717240107,-0.00173287008079542,0.00781609467328216));
#6451=CARTESIAN_POINT('',(-0.0150904654282345,-0.00172907889835749,0.00781693370386911));
#6452=CARTESIAN_POINT('',(-0.0150654295793098,-0.0017211720388068,0.00781867701475501));
#6453=CARTESIAN_POINT('',(-0.0150529748636736,-0.00171704924048576,0.00781958287634238));
#6454=CARTESIAN_POINT('',(-0.0150158294743529,-0.00170418751300325,0.00782239734123541));
#6455=CARTESIAN_POINT('',(-0.0149913345975779,-0.00169494901580876,0.0078244042601051));
#6456=CARTESIAN_POINT('',(-0.0149428849467699,-0.00167517018764556,0.00782865908741973));
#6457=CARTESIAN_POINT('',(-0.0149189280159492,-0.00166462915426767,0.00783090715600144));
#6458=CARTESIAN_POINT('',(-0.0148478511444399,-0.0016310700037036,0.00783798486253342));
#6459=CARTESIAN_POINT('',(-0.0148015234101756,-0.00160612019269404,0.00784314813521758));
#6460=CARTESIAN_POINT('',(-0.0147336131154644,-0.0015648169472646,0.00785144832258901));
#6461=CARTESIAN_POINT('',(-0.0147112403231139,-0.00155040172257749,0.00785430764321134));
#6462=CARTESIAN_POINT('',(-0.0146670279161564,-0.00152025924361898,0.00786019263104296));
#6463=CARTESIAN_POINT('',(-0.0146451976575957,-0.00150453918571767,0.00786321696446125));
#6464=CARTESIAN_POINT('',(-0.014602041933426,-0.00147173152469351,0.00786941827231738));
#6465=CARTESIAN_POINT('',(-0.0145808890940748,-0.00145477322016232,0.00787257057011325));
#6466=CARTESIAN_POINT('',(-0.0145394949405415,-0.00141983356568298,0.00787894160116603));
#6467=CARTESIAN_POINT('',(-0.0145192381498356,-0.00140184035621088,0.00788216258607279));
#6468=CARTESIAN_POINT('',(-0.014459774560717,-0.00134631846388162,0.00789189456375981));
#6469=CARTESIAN_POINT('',(-0.0144218659785566,-0.00130724648095396,0.0078984755129962));
#6470=CARTESIAN_POINT('',(-0.0143675762957428,-0.00124556687997515,0.00790834619244143));
#6471=CARTESIAN_POINT('',(-0.0143499092328305,-0.00122449409840565,0.00791163639929241));
#6472=CARTESIAN_POINT('',(-0.0143154390146092,-0.00118131307494126,0.0079181935148676));
#6473=CARTESIAN_POINT('',(-0.0142986352324939,-0.0011592039977577,0.00792146057216707));
#6474=CARTESIAN_POINT('',(-0.0142740877772495,-0.00112525341814316,0.00792632572829281));
#6475=CARTESIAN_POINT('',(-0.0142660133642695,-0.00111380277368293,0.00792794188560955));
#6476=CARTESIAN_POINT('',(-0.0142500893527387,-0.00109064097317768,0.00793115872821061));
#6477=CARTESIAN_POINT('',(-0.0142422304397673,-0.00107891552373227,0.00793276133148354));
#6478=CARTESIAN_POINT('',(-0.0142267669036146,-0.00105524194765733,0.007935942477928));
#6479=CARTESIAN_POINT('',(-0.0142191831226859,-0.00104332660310925,0.00793751668551229));
#6480=CARTESIAN_POINT('',(-0.0142042941302595,-0.00101931825034889,0.00794063286493565));
#6481=CARTESIAN_POINT('',(-0.0141969913068528,-0.00100722892744935,0.00794217434487742));
#6482=CARTESIAN_POINT('',(-0.0141755040553463,-0.000970707386150246,0.00794674532092871));
#6483=CARTESIAN_POINT('',(-0.0141617406111752,-0.000946021733001261,0.00794972134889584));
#6484=CARTESIAN_POINT('',(-0.0141353229476582,-0.000895980551202205,0.00795551180906397));
#6485=CARTESIAN_POINT('',(-0.0141226687504343,-0.000870625010983757,0.00795832625557331));
#6486=CARTESIAN_POINT('',(-0.014098464521753,-0.000819245121014163,0.00796377481262956));
#6487=CARTESIAN_POINT('',(-0.0140869144926757,-0.000793220771297393,0.00796640893723186));
#6488=CARTESIAN_POINT('',(-0.014064921743749,-0.000740499496203826,0.00797147810507315));
#6489=CARTESIAN_POINT('',(-0.014054479009263,-0.000713802580917976,0.00797391316269102));
#6490=CARTESIAN_POINT('',(-0.0140347123097298,-0.000659727483446813,0.00797856519401863));
#6491=CARTESIAN_POINT('',(-0.0140253859437091,-0.000632340164081822,0.0079807827607357));
#6492=CARTESIAN_POINT('',(-0.014012257723249,-0.000590765291510161,0.00798392917248272));
#6493=CARTESIAN_POINT('',(-0.0140080228627487,-0.000576814711041876,0.00798494857365364));
#6494=CARTESIAN_POINT('',(-0.0139998392130019,-0.00054873136710829,0.0079869259785279));
#6495=CARTESIAN_POINT('',(-0.01399589749355,-0.000534620781424097,0.00798788228238308));
#6496=CARTESIAN_POINT('',(-0.0139845690922176,-0.000492253408930235,0.00799064018748557));
#6497=CARTESIAN_POINT('',(-0.0139776556089427,-0.000463891013062351,0.00799233633070633));
#6498=CARTESIAN_POINT('',(-0.01396509046749,-0.000406946886547146,0.00799543541757711));
#6499=CARTESIAN_POINT('',(-0.0139594378475584,-0.00037836312307917,0.00799683860903791));
#6500=CARTESIAN_POINT('',(-0.0139443510144215,-0.00029227959451328,0.00800059892760853));
#6501=CARTESIAN_POINT('',(-0.0139367837523541,-0.0002344482871681,0.00800250692407681));
#6502=CARTESIAN_POINT('',(-0.0139291770733862,-0.000147035143664437,0.00800442936260824));
#6503=CARTESIAN_POINT('',(-0.0139272665544507,-0.000117786228286364,0.0080049135860431));
#6504=CARTESIAN_POINT('',(-0.0139247109946168,-5.90631485511574E-5,0.00800556168771488));
#6505=CARTESIAN_POINT('',(-0.0139240663488576,-2.95880422738331E-5,0.00800572545425052));
#6506=CARTESIAN_POINT('',(-0.0139240658753368,-2.18141602180921E-21,0.00800572557544628));
#6507=CARTESIAN_POINT('',(-0.0139248170452725,-4.11996825544492E-20,0.008));
#6508=CARTESIAN_POINT('',(-0.013924816808625,1.47772386719539E-5,0.00800000006055455));
#6509=CARTESIAN_POINT('',(-0.0139249788099488,2.9602931314447E-5,0.00799995893197445));
#6510=CARTESIAN_POINT('',(-0.0139256262957546,5.92011474652891E-5,0.00799979462348983));
#6511=CARTESIAN_POINT('',(-0.0139261108567597,7.3958676994917E-5,0.0079996716777973));
#6512=CARTESIAN_POINT('',(-0.0139273985157919,0.000103407756764772,0.00799934520287932));
#6513=CARTESIAN_POINT('',(-0.0139282015003553,0.000118096586870845,0.00799914170267888));
#6514=CARTESIAN_POINT('',(-0.0139301226373658,0.000147403546913782,0.00799865532312941));
#6515=CARTESIAN_POINT('',(-0.0139312407938129,0.000162021675976727,0.00799837244334563));
#6516=CARTESIAN_POINT('',(-0.013935064219814,0.000205770894008772,0.00799740641867431));
#6517=CARTESIAN_POINT('',(-0.0139382381917083,0.000234796868448131,0.00799660589326289));
#6518=CARTESIAN_POINT('',(-0.013945823053077,0.000292571642206511,0.00799470057162515));
#6519=CARTESIAN_POINT('',(-0.0139502339618421,0.000321320437132309,0.00799359576894707));
#6520=CARTESIAN_POINT('',(-0.0139602887297552,0.000378542049504868,0.00799109041814456));
#6521=CARTESIAN_POINT('',(-0.0139659325870295,0.000407014867093319,0.00798968986369521));
#6522=CARTESIAN_POINT('',(-0.0139784582149515,0.000463683807244263,0.00798660143993677));
#6523=CARTESIAN_POINT('',(-0.0139853399624238,0.00049187993450488,0.00798491356423556));
#6524=CARTESIAN_POINT('',(-0.0139966015991169,0.000533964598675702,0.00798217260120948));
#6525=CARTESIAN_POINT('',(-0.0140005120444529,0.000547957885271104,0.00798122408844076));
#6526=CARTESIAN_POINT('',(-0.0140086487473213,0.000575874059147738,0.00797925841556594));
#6527=CARTESIAN_POINT('',(-0.0140128755185781,0.000589798278077346,0.00797824113389885));
#6528=CARTESIAN_POINT('',(-0.0140216460868975,0.000617570334576154,0.0079761394881491));
#6529=CARTESIAN_POINT('',(-0.0140261972001196,0.000631437876488122,0.0079750534037888));
#6530=CARTESIAN_POINT('',(-0.0140355634196221,0.000658932196233117,0.00797282874637225));
#6531=CARTESIAN_POINT('',(-0.0140403881565046,0.000672592756152704,0.00797168784404044));
#6532=CARTESIAN_POINT('',(-0.0140651975780727,0.000740387866428529,0.00796585071493835));
#6533=CARTESIAN_POINT('',(-0.0140872497871146,0.000793144057651811,0.00796075266065377));
#6534=CARTESIAN_POINT('',(-0.0141356456201184,0.000895737025121626,0.00794986268534244));
#6535=CARTESIAN_POINT('',(-0.0141619895840265,0.000945582742764489,0.00794407025501671));
#6536=CARTESIAN_POINT('',(-0.0142047346106982,0.00101818183307699,0.00793497956567081));
#6537=CARTESIAN_POINT('',(-0.0142195220060876,0.00104201936892512,0.00793188227996127));
#6538=CARTESIAN_POINT('',(-0.0142425222706441,0.00107722714854386,0.00792715093170626));
#6539=CARTESIAN_POINT('',(-0.0142503256017364,0.00108887162287369,0.00792555957762284));
#6540=CARTESIAN_POINT('',(-0.0142662079729362,0.00111197627084721,0.00792235096442353));
#6541=CARTESIAN_POINT('',(-0.0142742857805444,0.00112343464960212,0.00792073395395178));
#6542=CARTESIAN_POINT('',(-0.0142907251225677,0.00114617254425671,0.00791747564137762));
#6543=CARTESIAN_POINT('',(-0.014299082367586,0.00115744472962589,0.0079158352750795));
#6544=CARTESIAN_POINT('',(-0.0143159790327994,0.00117967312905558,0.00791255314935058));
#6545=CARTESIAN_POINT('',(-0.0143245365794813,0.00119065458199915,0.00791090778747234));
#6546=CARTESIAN_POINT('',(-0.01435050928021,0.00122317119383371,0.007905968167959));
#6547=CARTESIAN_POINT('',(-0.0143682438248216,0.0012443057817362,0.00790266650665123));
#6548=CARTESIAN_POINT('',(-0.0144226636003719,0.00130607190666216,0.00789277613830472));
#6549=CARTESIAN_POINT('',(-0.014460581626585,0.00134509599772179,0.00788619799832224));
#6550=CARTESIAN_POINT('',(-0.0145198994161184,0.00140042365934202,0.00787649441619321));
#6551=CARTESIAN_POINT('',(-0.0145400799959843,0.00141833120809068,0.00787328700731919));
#6552=CARTESIAN_POINT('',(-0.0145812651830567,0.00145306961524645,0.00786694988136005));
#6553=CARTESIAN_POINT('',(-0.0146022701113666,0.00146990077572599,0.00786382008648738));
#6554=CARTESIAN_POINT('',(-0.0146451167563839,0.00150247065877535,0.00785766228812859));
#6555=CARTESIAN_POINT('',(-0.0146669687384489,0.00151821642123486,0.00785463290747776));
#6556=CARTESIAN_POINT('',(-0.0147114935300717,0.00154856660307174,0.00784870565098887));
#6557=CARTESIAN_POINT('',(-0.0147339868600845,0.00156304996716426,0.0078458315991687));
#6558=CARTESIAN_POINT('',(-0.0147794711750628,0.0015906893860014,0.00784027461277231));
#6559=CARTESIAN_POINT('',(-0.0148024548839467,0.00160384044381942,0.00783759264454492));
#6560=CARTESIAN_POINT('',(-0.0148489011377669,0.00162882108574006,0.00783243924550898));
#6561=CARTESIAN_POINT('',(-0.0148723636900208,0.00164065064669397,0.00782996780382414));
#6562=CARTESIAN_POINT('',(-0.0149197668734004,0.00166299408100975,0.00782525277951851));
#6563=CARTESIAN_POINT('',(-0.0149437075047338,0.00167350795156625,0.00782300918634197));
#6564=CARTESIAN_POINT('',(-0.0149920695030436,0.00169321606512296,0.00781876722797389));
#6565=CARTESIAN_POINT('',(-0.0150164908631683,0.00170241032539839,0.00781676885198102));
#6566=CARTESIAN_POINT('',(-0.0150658204488806,0.0017194654233624,0.00781303493309711));
#6567=CARTESIAN_POINT('',(-0.0150907369956018,0.00172732811166467,0.0078112989713594));
#6568=CARTESIAN_POINT('',(-0.0151284593012166,0.00173809853302848,0.00780890690503372));
#6569=CARTESIAN_POINT('',(-0.0151411010228077,0.00174151993606461,0.00780814442739948));
#6570=CARTESIAN_POINT('',(-0.0151665132468329,0.00174802041899185,0.00780669172641375));
#6571=CARTESIAN_POINT('',(-0.0151792702725056,0.00175109528315273,0.00780600244101389));
#6572=CARTESIAN_POINT('',(-0.0152175177998523,0.00175975246615763,0.00780405703117857));
#6573=CARTESIAN_POINT('',(-0.0152430515902443,0.0017647881378184,0.00780291883550648));
#6574=CARTESIAN_POINT('',(-0.0152941813915526,0.00177340939270377,0.00780096395804868));
#6575=CARTESIAN_POINT('',(-0.0153197786659482,0.00177699572023643,0.00780014709381054));
#6576=CARTESIAN_POINT('',(-0.0153966666510494,0.00178560528514283,0.00779818240398193));
#6577=CARTESIAN_POINT('',(-0.0154480533267875,0.00178848373611876,0.00779752051875286));
#6578=CARTESIAN_POINT('',(-0.0155253255974436,0.00178850764642359,0.00779751500425094));
#6579=CARTESIAN_POINT('',(-0.015551115112838,0.00178779883280568,0.0077976776995425));
#6580=CARTESIAN_POINT('',(-0.0156027590441481,0.00178493134603572,0.00779833458146049));
#6581=CARTESIAN_POINT('',(-0.0156286162518651,0.00178277187318444,0.00779882896640588));
#6582=CARTESIAN_POINT('',(-0.0156674432292384,0.00177842772322942,0.00779982032176742));
#6583=CARTESIAN_POINT('',(-0.0156804081899512,0.00177679244165958,0.00780019308046664));
#6584=CARTESIAN_POINT('',(-0.0157062926441781,0.00177315735450251,0.0078010202199382));
#6585=CARTESIAN_POINT('',(-0.0157191819661342,0.0017711623537042,0.00780147350669004));
#6586=CARTESIAN_POINT('',(-0.0157576922370546,0.00176464981782756,0.00780295013645159));
#6587=CARTESIAN_POINT('',(-0.0157831904533451,0.00175960245986595,0.00780409083492858));
#6588=CARTESIAN_POINT('',(-0.0158337923064043,0.00174812809250796,0.00780666912004936));
#6589=CARTESIAN_POINT('',(-0.0158589045554226,0.00174170019158464,0.00780810690903017));
#6590=CARTESIAN_POINT('',(-0.0159087566373294,0.00172747880824218,0.00781126558371616));
#6591=CARTESIAN_POINT('',(-0.0159334964643319,0.00171968530508896,0.00781298647780405));
#6592=CARTESIAN_POINT('',(-0.0159826059649598,0.00170273835543957,0.0078166973413861));
#6593=CARTESIAN_POINT('',(-0.0160069756380797,0.00169358490876793,0.00781868731901047));
#6594=CARTESIAN_POINT('',(-0.0160553444968265,0.00167391376358918,0.00782292233893948));
#6595=CARTESIAN_POINT('',(-0.0160793436873054,0.00166339608547252,0.00782516738956243));
#6596=CARTESIAN_POINT('',(-0.0161269686111792,0.00164098204291433,0.00782989840987255));
#6597=CARTESIAN_POINT('',(-0.0161505935207589,0.00162908562429408,0.00783238438076357));
#6598=CARTESIAN_POINT('',(-0.016185748989411,0.00161018843455124,0.00783628322466525));
#6599=CARTESIAN_POINT('',(-0.0161974348171615,0.00160370466025337,0.0078376129802132));
#6600=CARTESIAN_POINT('',(-0.0162206108084395,0.00159044001863491,0.00784031544704815));
#6601=CARTESIAN_POINT('',(-0.0162321037762958,0.00158365856829016,0.00784168831332016));
#6602=CARTESIAN_POINT('',(-0.0162662758316732,0.00156288441054983,0.00784586461321966));
#6603=CARTESIAN_POINT('',(-0.0162886885123164,0.00154844125382398,0.00784873007288386));
#6604=CARTESIAN_POINT('',(-0.0163327485309081,0.00151841040146813,0.00785459508214086));
#6605=CARTESIAN_POINT('',(-0.0163544030502633,0.00150281879661703,0.00785759545413346));
#6606=CARTESIAN_POINT('',(-0.016418254649385,0.00145433191306656,0.00786676558399362));
#6607=CARTESIAN_POINT('',(-0.0164593422247043,0.00141972844058055,0.00787310451111771));
#6608=CARTESIAN_POINT('',(-0.0165187606395916,0.00136439177667351,0.00788281583495511));
#6609=CARTESIAN_POINT('',(-0.0165381973431515,0.00134537336862407,0.0078860868304306));
#6610=CARTESIAN_POINT('',(-0.0165667927968862,0.00131597484415133,0.00789102711546896));
#6611=CARTESIAN_POINT('',(-0.0165762313150832,0.00130603013298855,0.00789267951150678));
#6612=CARTESIAN_POINT('',(-0.0165949203090955,0.00128584752215834,0.00789599270058092));
#6613=CARTESIAN_POINT('',(-0.0166041714924174,0.00127560868915733,0.00789765363284767));
#6614=CARTESIAN_POINT('',(-0.016622481185796,0.00125483821918125,0.00790098043608625));
#6615=CARTESIAN_POINT('',(-0.0166315509763728,0.00124429223167676,0.00790264847114632));
#6616=CARTESIAN_POINT('',(-0.0166493944446902,0.00122302597085791,0.0079059675621262));
#6617=CARTESIAN_POINT('',(-0.0166581900205662,0.00121228130189359,0.00790762256280629));
#6618=CARTESIAN_POINT('',(-0.0166841684865135,0.00117975378108748,0.00791256352579313));
#6619=CARTESIAN_POINT('',(-0.0167009750600386,0.00115764176201854,0.00791583120486982));
#6620=CARTESIAN_POINT('',(-0.0167498303888596,0.0010900995612745,0.00792551263365039));
#6621=CARTESIAN_POINT('',(-0.0167803589815194,0.00104341949194845,0.00793181234606269));
#6622=CARTESIAN_POINT('',(-0.016823097462043,0.000970949712057834,0.00794089724948082));
#6623=CARTESIAN_POINT('',(-0.0168368347687304,0.000946382891074026,0.00794386504758515));
#6624=CARTESIAN_POINT('',(-0.0168632846403436,0.000896420481818537,0.00794965802720402));
#6625=CARTESIAN_POINT('',(-0.0168759972558933,0.00087102493716724,0.00795248323676655));
#6626=CARTESIAN_POINT('',(-0.0169003830390237,0.000819390664448524,0.00795796914818513));
#6627=CARTESIAN_POINT('',(-0.0169120548427959,0.000793155313585322,0.0079606295373854));
#6628=CARTESIAN_POINT('',(-0.0169343413878067,0.000739806802930564,0.00796576450361858));
#6629=CARTESIAN_POINT('',(-0.0169448620770228,0.000712917807945843,0.00796821733289206));
#6630=CARTESIAN_POINT('',(-0.0169646741217212,0.000658739794480042,0.00797287909808493));
#6631=CARTESIAN_POINT('',(-0.0169739670199853,0.000631446975269413,0.00797508840081029));
#6632=CARTESIAN_POINT('',(-0.0169913418720609,0.000576458221466376,0.0079792516054607));
#6633=CARTESIAN_POINT('',(-0.0169994237936595,0.000548762220803977,0.00798120552756481));
#6634=CARTESIAN_POINT('',(-0.0170218628195054,0.000465071386385343,0.00798666605189766));
#6635=CARTESIAN_POINT('',(-0.0170344177466486,0.000408470534727129,0.00798977173317404));
#6636=CARTESIAN_POINT('',(-0.0170495999204818,0.000322361409321814,0.00799355422960998));
#6637=CARTESIAN_POINT('',(-0.0170540522754659,0.000293445863524836,0.00799466930427393));
#6638=CARTESIAN_POINT('',(-0.0170597999867739,0.000249776775073406,0.00799611305827889));
#6639=CARTESIAN_POINT('',(-0.0170615615550896,0.000235161148403147,0.0079965563819267));
#6640=CARTESIAN_POINT('',(-0.0170647697912314,0.000205841894194816,0.00799736484822882));
#6641=CARTESIAN_POINT('',(-0.0170662192107958,0.000191105067634175,0.00799773068583033));
#6642=CARTESIAN_POINT('',(-0.0170687899588382,0.000161649780645489,0.00799838021704275));
#6643=CARTESIAN_POINT('',(-0.017069912424336,0.000146927858699162,0.00799866419471483));
#6644=CARTESIAN_POINT('',(-0.0170718341912747,0.000117490717467354,0.00799915074410035));
#6645=CARTESIAN_POINT('',(-0.0170726334867942,0.000102776277495422,0.00799935331487754));
#6646=CARTESIAN_POINT('',(-0.0170745496558836,5.86452741759768E-5,0.00799983914925127));
#6647=CARTESIAN_POINT('',(-0.0170751850751548,2.92410209971149E-5,0.00800000053833891));
#6648=CARTESIAN_POINT('',(-0.0170751808236693,-2.95348777911043E-5,0.00799999945896259));
#6649=CARTESIAN_POINT('',(-0.0170745411413165,-5.89065231133541E-5,0.00799983698968415));
#6650=CARTESIAN_POINT('',(-0.0170719862458424,-0.000117617200291887,0.00799918921115304));
#6651=CARTESIAN_POINT('',(-0.0170700710433138,-0.000146956232401868,0.00799870390113027));
#6652=CARTESIAN_POINT('',(-0.0170649553303119,-0.000205601449260126,0.00799741134855148));
#6653=CARTESIAN_POINT('',(-0.0170617560907553,-0.000234898110624628,0.0079966044202654));
#6654=CARTESIAN_POINT('',(-0.0170540478586188,-0.000293496211642156,0.00799466818200726));
#6655=CARTESIAN_POINT('',(-0.0170495671654197,-0.000322575096663241,0.00799354601896801));
#6656=CARTESIAN_POINT('',(-0.0170393922735524,-0.000380228155838765,0.00799101114062427));
#6657=CARTESIAN_POINT('',(-0.0170336962383504,-0.000408816043606418,0.0079895979667659));
#6658=CARTESIAN_POINT('',(-0.0170211072126282,-0.000465519946102267,0.00798649468998533));
#6659=CARTESIAN_POINT('',(-0.0170142140901145,-0.000493636447029245,0.0079848045513037));
#6660=CARTESIAN_POINT('',(-0.0169917552054802,-0.000577287223914204,0.00797933976028112));
#6661=CARTESIAN_POINT('',(-0.0169744138101066,-0.000632124390647119,0.00797517058428449));
#6662=CARTESIAN_POINT('',(-0.0169349742618273,-0.000739938209250068,0.0079658909933509));
#6663=CARTESIAN_POINT('',(-0.0169128708233106,-0.000792927590789448,0.00796077904349234));
#6664=CARTESIAN_POINT('',(-0.0168637665879859,-0.000896943481810715,0.00794973118584943));
#6665=CARTESIAN_POINT('',(-0.0168371841797938,-0.000947089998476495,0.00794389065014386));
#6666=CARTESIAN_POINT('',(-0.016780072781936,-0.00104387805805536,0.00793175252416154));
#6667=CARTESIAN_POINT('',(-0.0167495483919868,-0.00109050816626443,0.00792545569492321));
#6668=CARTESIAN_POINT('',(-0.0167008249415929,-0.00115783983907696,0.0079158019896914));
#6669=CARTESIAN_POINT('',(-0.0166840934725269,-0.00117984739860056,0.00791254927670923));
#6670=CARTESIAN_POINT('',(-0.0166496413381444,-0.00122298537612804,0.00790599663170758));
#6671=CARTESIAN_POINT('',(-0.0166319190595592,-0.0012441175534588,0.00790269638263637));
#6672=CARTESIAN_POINT('',(-0.0166045867501508,-0.00127514458577106,0.00789772854070262));
#6673=CARTESIAN_POINT('',(-0.0165953468042996,-0.00128537943684356,0.00789606894079906));
#6674=CARTESIAN_POINT('',(-0.0165766216100578,-0.00130561583448265,0.00789274809861099));
#6675=CARTESIAN_POINT('',(-0.0165671177741681,-0.00131563640903747,0.00789108365187333));
#6676=CARTESIAN_POINT('',(-0.0165479152334536,-0.00133538677832648,0.00788776535748279));
#6677=CARTESIAN_POINT('',(-0.0165382295396038,-0.00134510423350899,0.00788611367204235));
#6678=CARTESIAN_POINT('',(-0.0165186779152652,-0.00136424014487033,0.00788282583064281));
#6679=CARTESIAN_POINT('',(-0.0165088141576252,-0.0013736564245573,0.007881190044411));
#6680=CARTESIAN_POINT('',(-0.0164789610199155,-0.00140145445905814,0.00787631128406574));
#6681=CARTESIAN_POINT('',(-0.0164587099200439,-0.00141938566213039,0.00787309690959466));
#6682=CARTESIAN_POINT('',(-0.0164175161016634,-0.00145406172355117,0.00786676649901597));
#6683=CARTESIAN_POINT('',(-0.0163965733709535,-0.0014708065578305,0.00786365044794806));
#6684=CARTESIAN_POINT('',(-0.0163539974541469,-0.00150311602517658,0.00785753858056631));
#6685=CARTESIAN_POINT('',(-0.0163323642680432,-0.00151868065546206,0.00785454274953446));
#6686=CARTESIAN_POINT('',(-0.0162884035219978,-0.0015486270279245,0.00784869333655422));
#6687=CARTESIAN_POINT('',(-0.0162660759726184,-0.00156300878566736,0.00784583973954247));
#6688=CARTESIAN_POINT('',(-0.0162207174028835,-0.00159057777640202,0.00784029719073885));
#6689=CARTESIAN_POINT('',(-0.0161976787907481,-0.00160376851527631,0.00783760748688279));
#6690=CARTESIAN_POINT('',(-0.0161626051883319,-0.00162263254209997,0.00783371591354228));
#6691=CARTESIAN_POINT('',(-0.016150820167942,-0.00162877016624466,0.00783244183670753));
#6692=CARTESIAN_POINT('',(-0.0161270614164309,-0.00164074169147711,0.00782994279055203));
#6693=CARTESIAN_POINT('',(-0.0161151122725823,-0.00164656259752174,0.00782872051966925));
#6694=CARTESIAN_POINT('',(-0.0160791795100097,-0.00166347230240222,0.00782515126322289));
#6695=CARTESIAN_POINT('',(-0.0160550556676084,-0.00167403930125017,0.00782289551819243));
#6696=CARTESIAN_POINT('',(-0.0160064883248874,-0.00169377489055086,0.00781864620791321));
#6697=CARTESIAN_POINT('',(-0.0159820426310032,-0.00170294500634235,0.00781665231474464));
#6698=CARTESIAN_POINT('',(-0.0159082229205566,-0.00172838185198358,0.00781108174379155));
#6699=CARTESIAN_POINT('',(-0.0158583673023023,-0.001742579662501,0.00780791607717528));
#6700=CARTESIAN_POINT('',(-0.0157826131392792,-0.00175972107362514,0.00780406406672227));
#6701=CARTESIAN_POINT('',(-0.0157571997139015,-0.00176474120760976,0.00780292945443148));
#6702=CARTESIAN_POINT('',(-0.0157060441027617,-0.00177337588523252,0.00780097157823779));
#6703=CARTESIAN_POINT('',(-0.0156803042814134,-0.00177698978303822,0.00780014847106684));
#6704=CARTESIAN_POINT('',(-0.0156414356660346,-0.00178133706398902,0.00779915639427073));
#6705=CARTESIAN_POINT('',(-0.0156284213959205,-0.00178260739849367,0.00779886607798905));
#6706=CARTESIAN_POINT('',(-0.015602436612546,-0.00178477505830157,0.00779837029282195));
#6707=CARTESIAN_POINT('',(-0.015589454122677,-0.00178567440335032,0.00779816436465573));
#6708=CARTESIAN_POINT('',(-0.0155505739729981,-0.00178782004103549,0.00779767283650569));
#6709=CARTESIAN_POINT('',(-0.0155246960552976,-0.00178852008708175,0.00779751216043366));
#6710=CARTESIAN_POINT('',(-0.0154730686258376,-0.00178847849955466,0.00779752170010031));
#6711=CARTESIAN_POINT('',(-0.0154473114610083,-0.0017877377119208,0.00779769171596758));
#6712=CARTESIAN_POINT('',(-0.0153959091508,-0.00178482963015978,0.00779835786674084));
#6713=CARTESIAN_POINT('',(-0.0153702640066694,-0.00178266231988502,0.00779885400411403));
#6714=CARTESIAN_POINT('',(-0.0153190854368333,-0.00177690422294613,0.00780016795327667));
#6715=CARTESIAN_POINT('',(-0.0152935520108067,-0.00177331344114114,0.00780098576748352));
#6716=CARTESIAN_POINT('',(-0.0152425973416297,-0.00176470115461343,0.00780293850560329));
#6717=CARTESIAN_POINT('',(-0.0152171760963249,-0.00175967967931856,0.00780407343203942));
#6718=CARTESIAN_POINT('',(-0.0151791293035602,-0.00175106106571396,0.00780601010768689));
#6719=CARTESIAN_POINT('',(-0.0151664612239863,-0.00174800705409125,0.0078066947128402));
#6720=CARTESIAN_POINT('',(-0.0151411536695938,-0.00174153346056709,0.00780814140530588));
#6721=CARTESIAN_POINT('',(-0.0151285174108217,-0.00173811475170565,0.00780890329896155));
#6722=CARTESIAN_POINT('',(-0.0151032609201091,-0.00173090429805454,0.00781050471902687));
#6723=CARTESIAN_POINT('',(-0.0150906606331312,-0.00172711741636661,0.00781134314955166));
#6724=CARTESIAN_POINT('',(-0.0150656367175587,-0.00171921952642548,0.00781308521364763));
#6725=CARTESIAN_POINT('',(-0.0150531879384701,-0.00171510140504235,0.00781399042737632));
#6726=CARTESIAN_POINT('',(-0.0150160602545213,-0.00170225426801425,0.00781680287940606));
#6727=CARTESIAN_POINT('',(-0.0149915770532438,-0.00169302625105052,0.00781880836295733));
#6728=CARTESIAN_POINT('',(-0.0149431504959906,-0.0016732698601603,0.00782306014728297));
#6729=CARTESIAN_POINT('',(-0.0149192049842552,-0.00166274078462144,0.00782530660807958));
#6730=CARTESIAN_POINT('',(-0.0148481619915789,-0.00162921970384674,0.00783237925274148));
#6731=CARTESIAN_POINT('',(-0.0148018563394567,-0.00160429819611762,0.00783753883273008));
#6732=CARTESIAN_POINT('',(-0.0147339784142278,-0.00156304180544545,0.00784583308393138));
#6733=CARTESIAN_POINT('',(-0.014711616285882,-0.00154864293351335,0.00784869035961028));
#6734=CARTESIAN_POINT('',(-0.0146674249527945,-0.00151853464844252,0.00785457113858644));
#6735=CARTESIAN_POINT('',(-0.0146456050996395,-0.00150283242351025,0.0078575933090466));
#6736=CARTESIAN_POINT('',(-0.0146024699456713,-0.00147006197977925,0.00786379018181991));
#6737=CARTESIAN_POINT('',(-0.0145813271888335,-0.00145312291289475,0.00786694022513945));
#6738=CARTESIAN_POINT('',(-0.0145399527658482,-0.0014182228942603,0.0078733066997259));
#6739=CARTESIAN_POINT('',(-0.0145197056305535,-0.00140025009643996,0.00787652538103233));
#6740=CARTESIAN_POINT('',(-0.01446027038479,-0.00134479118862344,0.00788625039855416));
#6741=CARTESIAN_POINT('',(-0.0144223798717777,-0.00130576352928965,0.00789282664119388));
#6742=CARTESIAN_POINT('',(-0.0143681160661735,-0.0012441538981813,0.00790269026127649));
#6743=CARTESIAN_POINT('',(-0.0143504574242772,-0.00122310502175666,0.00790597811502063));
#6744=CARTESIAN_POINT('',(-0.0143160036363059,-0.00117997298321711,0.00791253054104463));
#6745=CARTESIAN_POINT('',(-0.0142992078637233,-0.00115788898676108,0.00791579526179348));
#6746=CARTESIAN_POINT('',(-0.014274672109038,-0.0011239769209764,0.00792065693843217));
#6747=CARTESIAN_POINT('',(-0.0142666015447317,-0.00111253926622584,0.00792227193989732));
#6748=CARTESIAN_POINT('',(-0.0142506851233905,-0.00108940374066652,0.00792548648186056));
#6749=CARTESIAN_POINT('',(-0.0142428299563746,-0.00107769159267193,0.00792708793897555));
#6750=CARTESIAN_POINT('',(-0.0142273737909256,-0.00105404487210553,0.00793026681031155));
#6751=CARTESIAN_POINT('',(-0.0142197936248106,-0.00104214304442691,0.00793183989204607));
#6752=CARTESIAN_POINT('',(-0.0142049117292313,-0.00101816192694865,0.00793495384282441));
#6753=CARTESIAN_POINT('',(-0.0141976123867197,-0.0010060863182811,0.00793649422032274));
#6754=CARTESIAN_POINT('',(-0.0141761353771243,-0.000969606207332924,0.00794106192728018));
#6755=CARTESIAN_POINT('',(-0.0141623784933071,-0.000944948557801432,0.00794403582683652));
#6756=CARTESIAN_POINT('',(-0.0141359734217851,-0.000894964143149898,0.00794982214575396));
#6757=CARTESIAN_POINT('',(-0.0141233252561918,-0.000869637366474603,0.00795263457941316));
#6758=CARTESIAN_POINT('',(-0.0140991325644704,-0.000818315762294608,0.00795807923974273));
#6759=CARTESIAN_POINT('',(-0.0140875880407214,-0.000792320934824244,0.00796071148045843));
#6760=CARTESIAN_POINT('',(-0.0140656057746516,-0.00073965946719911,0.00796577702290653));
#6761=CARTESIAN_POINT('',(-0.0140551680177011,-0.00071299283712384,0.00796821033900753));
#6762=CARTESIAN_POINT('',(-0.0140354107399769,-0.000658979082908873,0.00797285904327177));
#6763=CARTESIAN_POINT('',(-0.0140260888193742,-0.000631622831954802,0.00797507502401823));
#6764=CARTESIAN_POINT('',(-0.0140129668564881,-0.000590095122276564,0.00797821918549852));
#6765=CARTESIAN_POINT('',(-0.0140087340145366,-0.00057616036746689,0.00797923785760894));
#6766=CARTESIAN_POINT('',(-0.0140005542655313,-0.000548108881520479,0.00798121384827274));
#6767=CARTESIAN_POINT('',(-0.0139966144249023,-0.000534014303006191,0.00798216946819368));
#6768=CARTESIAN_POINT('',(-0.0139852914232592,-0.000491694992424492,0.00798492540088361));
#6769=CARTESIAN_POINT('',(-0.0139783812353002,-0.000463364771102705,0.00798662033104805));
#6770=CARTESIAN_POINT('',(-0.0139658220830296,-0.000406485242494948,0.00798971720149815));
#6771=CARTESIAN_POINT('',(-0.0139601721574226,-0.000377933904694383,0.00799111938941736));
#6772=CARTESIAN_POINT('',(-0.0139450925154337,-0.000291948030024518,0.00799487701866426));
#6773=CARTESIAN_POINT('',(-0.0139375288603062,-0.000234182327012386,0.00799678365056195));
#6774=CARTESIAN_POINT('',(-0.0139299258070664,-0.000146868345731381,0.00799870471419403));
#6775=CARTESIAN_POINT('',(-0.0139280161987809,-0.000117652610574774,0.00799918859131952));
#6776=CARTESIAN_POINT('',(-0.0139254618570561,-5.89961468068655E-5,0.00799983622947865));
#6777=CARTESIAN_POINT('',(-0.0139248175185677,-2.95544773439078E-5,0.00799999987889091));
#6778=CARTESIAN_POINT('',(-0.0139248170452725,-2.16840434497101E-21,0.008));
#6779=CARTESIAN_POINT('',(-0.01405,-3.14418630020796E-20,0.00704582915564462));
#6780=CARTESIAN_POINT('',(-0.0140499997821593,1.19804300517558E-5,0.00704582920897674));
#6781=CARTESIAN_POINT('',(-0.0140501489089123,2.40001434505185E-5,0.00704579298585815));
#6782=CARTESIAN_POINT('',(-0.0140507449377201,4.79964641511919E-5,0.00704564827466921));
#6783=CARTESIAN_POINT('',(-0.0140511909896884,5.99609153038105E-5,0.00704553999287609));
#6784=CARTESIAN_POINT('',(-0.0140523763158697,8.38363258655333E-5,0.00704525245706413));
#6785=CARTESIAN_POINT('',(-0.0140531154856363,9.5745079965648E-5,0.00704507322860845));
#6786=CARTESIAN_POINT('',(-0.014054883946028,0.000119505269038087,0.00704464486020715));
#6787=CARTESIAN_POINT('',(-0.0140559132403354,0.000131356703301885,0.00704439571987864));
#6788=CARTESIAN_POINT('',(-0.014059432810989,0.000166825741738171,0.00704354491427936));
#6789=CARTESIAN_POINT('',(-0.0140623545409588,0.000190358125843489,0.00704283986861891));
#6790=CARTESIAN_POINT('',(-0.0140693366181528,0.000237198178380733,0.00704116179727564));
#6791=CARTESIAN_POINT('',(-0.0140733969831347,0.000260505843250768,0.0070401887659106));
#6792=CARTESIAN_POINT('',(-0.0140826526784368,0.000306897428287611,0.00703798223169441));
#6793=CARTESIAN_POINT('',(-0.0140878480070323,0.000329981348569145,0.00703674872327275));
#6794=CARTESIAN_POINT('',(-0.0140993781981331,0.000375924862688313,0.00703402866000247));
#6795=CARTESIAN_POINT('',(-0.014105713039305,0.000398784460334746,0.00703254209952413));
#6796=CARTESIAN_POINT('',(-0.0141160796911,0.000432903986081688,0.00703012805487367));
#6797=CARTESIAN_POINT('',(-0.0141196793654871,0.000444248838456831,0.00702929267250863));
#6798=CARTESIAN_POINT('',(-0.014127169428228,0.000466881467993165,0.00702756144810214));
#6799=CARTESIAN_POINT('',(-0.0141310602894793,0.000478170324768739,0.00702666549899847));
#6800=CARTESIAN_POINT('',(-0.01413913384311,0.000500686113249635,0.00702481451938615));
#6801=CARTESIAN_POINT('',(-0.0141433232702189,0.000511929019962332,0.00702385797377975));
#6802=CARTESIAN_POINT('',(-0.0141519451374362,0.000534219637433579,0.00702189865426889));
#6803=CARTESIAN_POINT('',(-0.0141563864427817,0.000545294736520271,0.00702089382890512));
#6804=CARTESIAN_POINT('',(-0.0141792242097719,0.000600258630304221,0.00701575290210164));
#6805=CARTESIAN_POINT('',(-0.0141995238854397,0.000643029940458525,0.00701126289966395));
#6806=CARTESIAN_POINT('',(-0.0142440736043459,0.000726205687828145,0.00700167178646939));
#6807=CARTESIAN_POINT('',(-0.0142683239605026,0.000766617374124632,0.00699657022716087));
#6808=CARTESIAN_POINT('',(-0.0143076719540099,0.000825476024418872,0.00698856379665589));
#6809=CARTESIAN_POINT('',(-0.0143212841653723,0.000844801957846585,0.0069858359284115));
#6810=CARTESIAN_POINT('',(-0.0143424565526856,0.000873346150056788,0.00698166889447642));
#6811=CARTESIAN_POINT('',(-0.0143496397373753,0.000882786737252467,0.00698026734335168));
#6812=CARTESIAN_POINT('',(-0.0143642599046204,0.000901518492559019,0.00697744142579807));
#6813=CARTESIAN_POINT('',(-0.0143716957526257,0.00091080820549005,0.00697601727835721));
#6814=CARTESIAN_POINT('',(-0.0143868286271037,0.000929242620909155,0.00697314758914056));
#6815=CARTESIAN_POINT('',(-0.0143945217050666,0.000938381380276844,0.00697170287155441));
#6816=CARTESIAN_POINT('',(-0.0144100755583418,0.000956402729896651,0.00696881220941025));
#6817=CARTESIAN_POINT('',(-0.0144179530195926,0.000965305782203909,0.00696736309207358));
#6818=CARTESIAN_POINT('',(-0.0144418616176024,0.000991668149506864,0.00696301262767547));
#6819=CARTESIAN_POINT('',(-0.0144581867623163,0.0010088027074342,0.00696010475998743));
#6820=CARTESIAN_POINT('',(-0.0145082816889477,0.0010588786895342,0.00695139402928043));
#6821=CARTESIAN_POINT('',(-0.0145431862934219,0.00109051690040982,0.00694560047297059));
#6822=CARTESIAN_POINT('',(-0.0145977899790222,0.00113537299258371,0.00693705425023579));
#6823=CARTESIAN_POINT('',(-0.0146163667676536,0.0011498912757312,0.00693422939336594));
#6824=CARTESIAN_POINT('',(-0.0146542788851482,0.0011780549310843,0.00692864810501021));
#6825=CARTESIAN_POINT('',(-0.0146736145095961,0.00119170054819084,0.00692589160501457));
#6826=CARTESIAN_POINT('',(-0.0147130560456339,0.00121810610435177,0.00692046825561321));
#6827=CARTESIAN_POINT('',(-0.0147331714067729,0.00123087175089375,0.00691780019329906));
#6828=CARTESIAN_POINT('',(-0.0147741577237332,0.00125547771677251,0.00691257988872626));
#6829=CARTESIAN_POINT('',(-0.0147948634636098,0.00126721989230827,0.00691004862896258));
#6830=CARTESIAN_POINT('',(-0.0148367330486764,0.00128962814674544,0.00690515443186643));
#6831=CARTESIAN_POINT('',(-0.0148578901960298,0.00130029017446178,0.00690279234562504));
#6832=CARTESIAN_POINT('',(-0.0149006452727256,0.00132054286441376,0.00689825359947779));
#6833=CARTESIAN_POINT('',(-0.0149222432088041,0.00133013350788199,0.00689607692999284));
#6834=CARTESIAN_POINT('',(-0.0149658791659442,0.00134824812035262,0.00689192427302758));
#6835=CARTESIAN_POINT('',(-0.0149879171871971,0.00135677208708067,0.00688994827625049));
#6836=CARTESIAN_POINT('',(-0.0150324357603182,0.00137275015180256,0.00688621226200714));
#6837=CARTESIAN_POINT('',(-0.0150549163058793,0.00138020426380209,0.00688445223502782));
#6838=CARTESIAN_POINT('',(-0.0151003255702877,0.00139403143494777,0.00688116366571069));
#6839=CARTESIAN_POINT('',(-0.0151232619489731,0.00140040599445236,0.00687963475448251));
#6840=CARTESIAN_POINT('',(-0.0151579863871556,0.00140913795599325,0.00687752799315019));
#6841=CARTESIAN_POINT('',(-0.0151696234457293,0.00141191180844737,0.00687685645725691));
#6842=CARTESIAN_POINT('',(-0.0151930161092456,0.00141718197987378,0.00687557702188695));
#6843=CARTESIAN_POINT('',(-0.0152047593084534,0.00141967488100477,0.00687496994849107));
#6844=CARTESIAN_POINT('',(-0.0152399672279425,0.0014266935654648,0.00687325657032396));
#6845=CARTESIAN_POINT('',(-0.015263471796703,0.00143077616258836,0.00687225412879251));
#6846=CARTESIAN_POINT('',(-0.0153105382099565,0.00143776571885136,0.00687053241221903));
#6847=CARTESIAN_POINT('',(-0.0153341012175199,0.00144067328142801,0.00686981297648583));
#6848=CARTESIAN_POINT('',(-0.0154048787599348,0.00144765336021117,0.00686808261787641));
#6849=CARTESIAN_POINT('',(-0.0154521816332971,0.00144998702222635,0.00686749967659575));
#6850=CARTESIAN_POINT('',(-0.0155233129213217,0.00145000640715616,0.00686749481981595));
#6851=CARTESIAN_POINT('',(-0.0155470528921055,0.0014494317468859,0.00686763811021955));
#6852=CARTESIAN_POINT('',(-0.0155945925764163,0.0014471069739406,0.00686821664494074));
#6853=CARTESIAN_POINT('',(-0.0156183948598777,0.00144535621292096,0.00686865206392358));
#6854=CARTESIAN_POINT('',(-0.0156541361793344,0.00144183425690325,0.00686952517898727));
#6855=CARTESIAN_POINT('',(-0.0156660707885672,0.00144050847629579,0.00686985347825116));
#6856=CARTESIAN_POINT('',(-0.0156898981532021,0.0014375613825672,0.00687058196367672));
#6857=CARTESIAN_POINT('',(-0.0157017631348426,0.00143594396485813,0.00687098118630326));
#6858=CARTESIAN_POINT('',(-0.0157372129171435,0.00143066402167985,0.00687228169643139));
#6859=CARTESIAN_POINT('',(-0.0157606847389492,0.00142657195005868,0.00687328634225484));
#6860=CARTESIAN_POINT('',(-0.0158072651610618,0.00141726927460163,0.00687555711181428));
#6861=CARTESIAN_POINT('',(-0.0158303816891879,0.00141205794797295,0.00687682341375437));
#6862=CARTESIAN_POINT('',(-0.0158762719259683,0.00140052816949736,0.00687960534902883));
#6863=CARTESIAN_POINT('',(-0.0158990456292044,0.00139420970084055,0.00688112098974612));
#6864=CARTESIAN_POINT('',(-0.0159442522991322,0.00138047020935866,0.00688438925359849));
#6865=CARTESIAN_POINT('',(-0.0159666852653588,0.00137304918639127,0.0068861418838941));
#6866=CARTESIAN_POINT('',(-0.0160112101537042,0.00135710109324093,0.00688987178725542));
#6867=CARTESIAN_POINT('',(-0.0160333020802896,0.00134857403958919,0.00689184906764731));
#6868=CARTESIAN_POINT('',(-0.0160771421557613,0.00133040218251907,0.00689601581275192));
#6869=CARTESIAN_POINT('',(-0.016098889546303,0.00132075733517593,0.00689820527852497));
#6870=CARTESIAN_POINT('',(-0.0161312511392162,0.00130543671507188,0.00690163910202939));
#6871=CARTESIAN_POINT('',(-0.0161420082707531,0.0013001800899222,0.00690281025583061));
#6872=CARTESIAN_POINT('',(-0.0161633424194321,0.00128942597580151,0.00690519039578284));
#6873=CARTESIAN_POINT('',(-0.0161739220180384,0.00128392801415193,0.00690639951843364));
#6874=CARTESIAN_POINT('',(-0.0162053783515054,0.00126708566970567,0.00691007770538286));
#6875=CARTESIAN_POINT('',(-0.0162260098513805,0.00125537609170384,0.00691260139778873));
#6876=CARTESIAN_POINT('',(-0.0162665683317566,0.0012310290175298,0.00691776687944136));
#6877=CARTESIAN_POINT('',(-0.0162865019229444,0.00121838835201314,0.00692040939299932));
#6878=CARTESIAN_POINT('',(-0.0163452791071735,0.00117907832057413,0.00692848578904037));
#6879=CARTESIAN_POINT('',(-0.0163831013703181,0.00115102406152957,0.00693406866373384));
#6880=CARTESIAN_POINT('',(-0.0164377976843732,0.0011061606708834,0.00694262170481295));
#6881=CARTESIAN_POINT('',(-0.0164556897140435,0.00109074177481047,0.00694550256422412));
#6882=CARTESIAN_POINT('',(-0.0164820126296076,0.00106690735121623,0.00694985361476918));
#6883=CARTESIAN_POINT('',(-0.0164907010497969,0.00105884482213944,0.00695130892729168));
#6884=CARTESIAN_POINT('',(-0.0165079047918997,0.00104248206569528,0.00695422694781376));
#6885=CARTESIAN_POINT('',(-0.0165164207650928,0.00103418108164137,0.0069556897784376));
#6886=CARTESIAN_POINT('',(-0.0165332753503455,0.0010173417269955,0.00695861978934428));
#6887=CARTESIAN_POINT('',(-0.0165416243464395,0.00100879172192179,0.00696008887560164));
#6888=CARTESIAN_POINT('',(-0.0165580497584734,0.00099155041210393,0.00696301209410117));
#6889=CARTESIAN_POINT('',(-0.0165661463322599,0.000982839328943543,0.00696446970060672));
#6890=CARTESIAN_POINT('',(-0.0165900602373149,0.000956468117351464,0.00696882134824043));
#6891=CARTESIAN_POINT('',(-0.0166055311586692,0.000938541121406549,0.00697169928680414));
#6892=CARTESIAN_POINT('',(-0.0166505038563348,0.000883782270345115,0.00698022599845048));
#6893=CARTESIAN_POINT('',(-0.0166786062803882,0.000845937087103855,0.00698577433562368));
#6894=CARTESIAN_POINT('',(-0.0167179482479829,0.000787183273342302,0.00699377567029633));
#6895=CARTESIAN_POINT('',(-0.0167305938233026,0.000767266082660811,0.00699638949509771));
#6896=CARTESIAN_POINT('',(-0.0167549416704679,0.000726759790343673,0.00700149153818479));
#6897=CARTESIAN_POINT('',(-0.016766643988914,0.000706170724073162,0.00700397978117311));
#6898=CARTESIAN_POINT('',(-0.016789091784856,0.00066430899291379,0.00700881138050039));
#6899=CARTESIAN_POINT('',(-0.016799836006928,0.000643039066043961,0.00701115446147447));
#6900=CARTESIAN_POINT('',(-0.0168203513954223,0.000599787541558505,0.00701567697332435));
#6901=CARTESIAN_POINT('',(-0.0168300359843251,0.000577987682280451,0.00701783725032546));
#6902=CARTESIAN_POINT('',(-0.0168482735260192,0.000534063650527179,0.00702194300046455));
#6903=CARTESIAN_POINT('',(-0.0168568278989843,0.000511936396666215,0.00702388879665904));
#6904=CARTESIAN_POINT('',(-0.0168728219366508,0.000467355069046254,0.00702755545024739));
#6905=CARTESIAN_POINT('',(-0.0168802615716992,0.000444900941723062,0.00702927632541345));
#6906=CARTESIAN_POINT('',(-0.0169009173230709,0.000377049822173668,0.00703408556560733));
#6907=CARTESIAN_POINT('',(-0.0169124744849243,0.00033116150980679,0.00703682082806781));
#6908=CARTESIAN_POINT('',(-0.0169264501008949,0.000261349796222745,0.00704015218102657));
#6909=CARTESIAN_POINT('',(-0.0169305486182812,0.000237906940524194,0.00704113425922378));
#6910=CARTESIAN_POINT('',(-0.0169358395474217,0.000202502865972833,0.00704240581473151));
#6911=CARTESIAN_POINT('',(-0.0169374611203634,0.000190653460487408,0.0070427962625669));
#6912=CARTESIAN_POINT('',(-0.0169404143915322,0.000166883304100154,0.00704350830199725));
#6913=CARTESIAN_POINT('',(-0.0169417486228111,0.000154935637576797,0.00704383050565212));
#6914=CARTESIAN_POINT('',(-0.0169441150683408,0.000131055194603167,0.00704440256639637));
#6915=CARTESIAN_POINT('',(-0.0169451483292498,0.000119119611777753,0.00704465267366655));
#6916=CARTESIAN_POINT('',(-0.0169469173695082,9.5253880211082E-5,0.00704508119164732));
#6917=CARTESIAN_POINT('',(-0.0169476531434065,8.3324363286923E-5,0.00704525960153332));
#6918=CARTESIAN_POINT('',(-0.0169494170306879,4.75457980146774E-5,0.00704568748978273));
#6919=CARTESIAN_POINT('',(-0.0169500019519128,2.37067299558035E-5,0.00704582962977512));
#6920=CARTESIAN_POINT('',(-0.0169499980383013,-2.39449700521855E-5,0.00704582867913747));
#6921=CARTESIAN_POINT('',(-0.0169494091927905,-4.77576017683788E-5,0.00704568558779011));
#6922=CARTESIAN_POINT('',(-0.0169470573399937,-9.53564243105648E-5,0.0070451150706825));
#6923=CARTESIAN_POINT('',(-0.0169452943424588,-0.000119142615342062,0.007044687644244));
#6924=CARTESIAN_POINT('',(-0.0169405851854491,-0.000166688366887316,0.0070435492561634));
#6925=CARTESIAN_POINT('',(-0.0169376401958889,-0.000190440206456833,0.00704283857130782));
#6926=CARTESIAN_POINT('',(-0.0169305445524499,-0.000237947759523546,0.00704113327081139));
#6927=CARTESIAN_POINT('',(-0.0169264199489432,-0.000261523040108884,0.00704014494967897));
#6928=CARTESIAN_POINT('',(-0.016917053676179,-0.00030826441432883,0.00703791240971143));
#6929=CARTESIAN_POINT('',(-0.0169118103163406,-0.000331441626074598,0.00703666778701477));
#6930=CARTESIAN_POINT('',(-0.01690022176579,-0.000377413485403375,0.00703393464226244));
#6931=CARTESIAN_POINT('',(-0.0168938764535745,-0.000400208527163836,0.0070324460887125));
#6932=CARTESIAN_POINT('',(-0.0168732024216321,-0.000468027170653907,0.00702763309072274));
#6933=CARTESIAN_POINT('',(-0.0168572391817979,-0.000512485601270031,0.00702396117799911));
#6934=CARTESIAN_POINT('',(-0.0168209339736716,-0.000599894077312044,0.00701578837645459));
#6935=CARTESIAN_POINT('',(-0.0168005871398327,-0.000642854443116661,0.00701128613578564));
#6936=CARTESIAN_POINT('',(-0.0167553853167614,-0.000727183804937748,0.00700155597109914));
#6937=CARTESIAN_POINT('',(-0.0167309154659676,-0.000767839359640373,0.00699641204400474));
#6938=CARTESIAN_POINT('',(-0.0166783428256604,-0.000846308862866411,0.00698572164876169));
#6939=CARTESIAN_POINT('',(-0.0166502442703203,-0.000884113540862153,0.00698017585088253));
#6940=CARTESIAN_POINT('',(-0.0166053929704379,-0.000938701709483825,0.00697167355615963));
#6941=CARTESIAN_POINT('',(-0.0165899911848405,-0.000956544016380545,0.00696880879866408));
#6942=CARTESIAN_POINT('',(-0.0165582770308087,-0.000991517500520631,0.00696303769651417));
#6943=CARTESIAN_POINT('',(-0.0165419631773153,-0.00100865010411224,0.00696013107262333));
#6944=CARTESIAN_POINT('',(-0.0165168030214597,-0.00103380481661112,0.00695575575193114));
#6945=CARTESIAN_POINT('',(-0.0165082973926729,-0.00104210257237475,0.00695429409475774));
#6946=CARTESIAN_POINT('',(-0.0164910603272456,-0.00105850893568727,0.00695136933391899));
#6947=CARTESIAN_POINT('',(-0.0164823117802919,-0.00106663296989921,0.00694990340799997));
#6948=CARTESIAN_POINT('',(-0.0164646353040752,-0.00108264529283786,0.00694698089107948));
#6949=CARTESIAN_POINT('',(-0.0164557193517791,-0.00109052357745356,0.00694552620440045));
#6950=CARTESIAN_POINT('',(-0.0164377215343154,-0.00110603773761733,0.00694263050830145));
#6951=CARTESIAN_POINT('',(-0.0164286416693162,-0.00111367184860644,0.00694118982451089));
#6952=CARTESIAN_POINT('',(-0.0164011610204498,-0.0011362086983723,0.00693689296052539));
#6953=CARTESIAN_POINT('',(-0.0163825193161794,-0.00115074615891646,0.0069340619688547));
#6954=CARTESIAN_POINT('',(-0.0163445992533243,-0.00117885926837707,0.00692848659492688));
#6955=CARTESIAN_POINT('',(-0.0163253208835081,-0.00119243489777982,0.00692574219949378));
#6956=CARTESIAN_POINT('',(-0.0162861285603661,-0.00121862932571937,0.00692035930281957));
#6957=CARTESIAN_POINT('',(-0.0162662146070337,-0.00123124812200136,0.00691772078861586));
#6958=CARTESIAN_POINT('',(-0.0162257475098152,-0.00125552670533782,0.00691256904305093));
#6959=CARTESIAN_POINT('',(-0.016205194375652,-0.00126718650501217,0.00691005579842294));
#6960=CARTESIAN_POINT('',(-0.0161634405426016,-0.00128953766089567,0.0069051743169283));
#6961=CARTESIAN_POINT('',(-0.0161422328552673,-0.0013002318594483,0.00690280541769705));
#6962=CARTESIAN_POINT('',(-0.0161099466225168,-0.00131552559320026,0.00689937799758423));
#6963=CARTESIAN_POINT('',(-0.0160990981813787,-0.00132050158217786,0.00689825588162057));
#6964=CARTESIAN_POINT('',(-0.0160772275855931,-0.00133020732110786,0.00689605490008761));
#6965=CARTESIAN_POINT('',(-0.0160662280642175,-0.00133492653551955,0.00689497841110983));
#6966=CARTESIAN_POINT('',(-0.0160331509504942,-0.00134863583134955,0.00689183486471822));
#6967=CARTESIAN_POINT('',(-0.0160109442783244,-0.00135720287106286,0.00688984816545522));
#6968=CARTESIAN_POINT('',(-0.0159662366799252,-0.0013732032113422,0.00688610567617314));
#6969=CARTESIAN_POINT('',(-0.0159437337344561,-0.00138063774855498,0.00688434959734551));
#6970=CARTESIAN_POINT('',(-0.0158757806247422,-0.00140126029899779,0.00687944343594141));
#6971=CARTESIAN_POINT('',(-0.0158298871326498,-0.00141277096615165,0.00687665534267336));
#6972=CARTESIAN_POINT('',(-0.0157601533051937,-0.00142666811442826,0.00687326276672885));
#6973=CARTESIAN_POINT('',(-0.0157367595357974,-0.00143073811460832,0.00687226348118394));
#6974=CARTESIAN_POINT('',(-0.0156896693638716,-0.00143773855315929,0.00687053912353786));
#6975=CARTESIAN_POINT('',(-0.0156659751378493,-0.00144066846793132,0.00686981418947493));
#6976=CARTESIAN_POINT('',(-0.0156301954894415,-0.00144419296235821,0.00686894043902311));
#6977=CARTESIAN_POINT('',(-0.0156182154895251,-0.00144522286747194,0.00686868474915788));
#6978=CARTESIAN_POINT('',(-0.0155942957691017,-0.00144698026594674,0.00686824809695972));
#6979=CARTESIAN_POINT('',(-0.0155823450237899,-0.00144770939678697,0.00686806673012502));
#6980=CARTESIAN_POINT('',(-0.0155465547577374,-0.00144944894114786,0.00686763382720374));
#6981=CARTESIAN_POINT('',(-0.0155227334101566,-0.00145001649323775,0.00686749231518462));
#6982=CARTESIAN_POINT('',(-0.0154752089162606,-0.00144998277675861,0.0068675007170423));
#6983=CARTESIAN_POINT('',(-0.0154514987250791,-0.00144938219402273,0.00686765045488661));
#6984=CARTESIAN_POINT('',(-0.0154041814597555,-0.00144702450928235,0.00686823715295414));
#6985=CARTESIAN_POINT('',(-0.0153805743867626,-0.00144526739418644,0.0068686741153503));
#6986=CARTESIAN_POINT('',(-0.0153334630807143,-0.00144059910133842,0.0068698313480152));
#6987=CARTESIAN_POINT('',(-0.0153099588473632,-0.0014376879275258,0.00687055162041301));
#6988=CARTESIAN_POINT('',(-0.0152630536481386,-0.00143070564222755,0.00687227145281021));
#6989=CARTESIAN_POINT('',(-0.0152396526802819,-0.0014266345546001,0.00687327101503186));
#6990=CARTESIAN_POINT('',(-0.0152046295425929,-0.00141964713971683,0.00687497670074961));
#6991=CARTESIAN_POINT('',(-0.0151929682207592,-0.00141717114447616,0.00687557965211827));
#6992=CARTESIAN_POINT('',(-0.0151696719085695,-0.00141192277323988,0.00687685379561252));
#6993=CARTESIAN_POINT('',(-0.0151580398786744,-0.00140915110504868,0.00687752481717909));
#6994=CARTESIAN_POINT('',(-0.0151347905720315,-0.00140330533524529,0.00687893523370242));
#6995=CARTESIAN_POINT('',(-0.0151231916551798,-0.00140023517632166,0.006879673663482));
#6996=CARTESIAN_POINT('',(-0.0151001564404632,-0.00139383207760384,0.00688120794923179));
#6997=CARTESIAN_POINT('',(-0.0150886969908645,-0.00139049337094359,0.006882005196892));
#6998=CARTESIAN_POINT('',(-0.0150545199185668,-0.00138007774256114,0.00688448220395575));
#6999=CARTESIAN_POINT('',(-0.0150319824464936,-0.00137259626282045,0.00688624849076534));
#7000=CARTESIAN_POINT('',(-0.0149874044450581,-0.00135657905795674,0.00688999315901098));
#7001=CARTESIAN_POINT('',(-0.0149653619312576,-0.00134804276401133,0.00689197168138329));
#7002=CARTESIAN_POINT('',(-0.0148999648679723,-0.00132086603821246,0.00689820076212881));
#7003=CARTESIAN_POINT('',(-0.0148573392190718,-0.00130066129043955,0.00690274495201847));
#7004=CARTESIAN_POINT('',(-0.0147948556889629,-0.00126721327531451,0.00691004993663553));
#7005=CARTESIAN_POINT('',(-0.0147742707238926,-0.00125553960056126,0.00691256642117112));
#7006=CARTESIAN_POINT('',(-0.0147335913648476,-0.00123112974894646,0.00691774579166713));
#7007=CARTESIAN_POINT('',(-0.0147135055792697,-0.0012183993998177,0.00692040750375983));
#7008=CARTESIAN_POINT('',(-0.014673798462667,-0.00119183124201848,0.00692586526711732));
#7009=CARTESIAN_POINT('',(-0.0146543359632013,-0.00117809814137287,0.00692863960050012));
#7010=CARTESIAN_POINT('',(-0.014616249648752,-0.00114980346187793,0.00693424673703261));
#7011=CARTESIAN_POINT('',(-0.0145976115939855,-0.00113523227900022,0.00693708152185657));
#7012=CARTESIAN_POINT('',(-0.0145428997866379,-0.0010902697808929,0.00694564662335582));
#7013=CARTESIAN_POINT('',(-0.0145080205088351,-0.00105862867709128,0.00695143850862153));
#7014=CARTESIAN_POINT('',(-0.0144580691569047,-0.00100867957006421,0.00696012568136635));
#7015=CARTESIAN_POINT('',(-0.0144418138827648,-0.000991614501463527,0.00696302138833758));
#7016=CARTESIAN_POINT('',(-0.0144100982065582,-0.000956645832271016,0.00696879229762759));
#7017=CARTESIAN_POINT('',(-0.0143946372277737,-0.000938741555249399,0.00697166763070725));
#7018=CARTESIAN_POINT('',(-0.0143720513788176,-0.000911247844072922,0.00697594944858302));
#7019=CARTESIAN_POINT('',(-0.0143646221984744,-0.000901974932825205,0.00697737182663423));
#7020=CARTESIAN_POINT('',(-0.0143499706871211,-0.000883218143967734,0.00698020296582005));
#7021=CARTESIAN_POINT('',(-0.0143427397860128,-0.000873722691338457,0.00698161341497409));
#7022=CARTESIAN_POINT('',(-0.0143285119530911,-0.000854551458608153,0.00698441313801674));
#7023=CARTESIAN_POINT('',(-0.0143215341980095,-0.000844902225950197,0.00698579859616041));
#7024=CARTESIAN_POINT('',(-0.0143078349965769,-0.000825459885816079,0.00698854114180832));
#7025=CARTESIAN_POINT('',(-0.0143011157474827,-0.000815669762763899,0.00698989779639436));
#7026=CARTESIAN_POINT('',(-0.0142813455589977,-0.000786094046543505,0.00699392070675127));
#7027=CARTESIAN_POINT('',(-0.0142686819623818,-0.000766103217945409,0.00699653990527627));
#7028=CARTESIAN_POINT('',(-0.0142443753549544,-0.00072557908507538,0.00700163608209281));
#7029=CARTESIAN_POINT('',(-0.0142327323644972,-0.00070504577143528,0.00700411307297709));
#7030=CARTESIAN_POINT('',(-0.0142104623146018,-0.000663437531719113,0.00700890834128869));
#7031=CARTESIAN_POINT('',(-0.0141998352573538,-0.000642362605670987,0.0070112266310861));
#7032=CARTESIAN_POINT('',(-0.0141795999661416,-0.000599668091269861,0.00701568799941986));
#7033=CARTESIAN_POINT('',(-0.0141699917187106,-0.00057804851108878,0.00701783109061101));
#7034=CARTESIAN_POINT('',(-0.0141518045915492,-0.000534257650119886,0.00702192533761614));
#7035=CARTESIAN_POINT('',(-0.0141432235027096,-0.000512078969902215,0.00702387701533501));
#7036=CARTESIAN_POINT('',(-0.0141311443685818,-0.000478410986859624,0.00702664616841364));
#7037=CARTESIAN_POINT('',(-0.0141272479190863,-0.000467113588274019,0.00702754334212054));
#7038=CARTESIAN_POINT('',(-0.0141197182311716,-0.000444371256456817,0.00702928365369933));
#7039=CARTESIAN_POINT('',(-0.0141160914975945,-0.000432944283140756,0.00703012529553689));
#7040=CARTESIAN_POINT('',(-0.0141056683576451,-0.000398634521248242,0.00703255252439917));
#7041=CARTESIAN_POINT('',(-0.0140993073362094,-0.000375666208804288,0.0070340452979453));
#7042=CARTESIAN_POINT('',(-0.0140877462850072,-0.000329551963174807,0.00703677280045887));
#7043=CARTESIAN_POINT('',(-0.0140825453703419,-0.000306404383781195,0.00703800774752418));
#7044=CARTESIAN_POINT('',(-0.0140686641378036,-0.000236692593925841,0.00704131719923732));
#7045=CARTESIAN_POINT('',(-0.0140617015815489,-0.000189859895368063,0.00704299642456389));
#7046=CARTESIAN_POINT('',(-0.014054702758228,-0.000119071362508647,0.00704468836033257));
#7047=CARTESIAN_POINT('',(-0.0140529449103504,-9.53851326793405E-5,0.00704511452477735));
#7048=CARTESIAN_POINT('',(-0.0140505935672954,-4.78302628666347E-5,0.00704568491825534));
#7049=CARTESIAN_POINT('',(-0.0140500004356814,-2.39608601035117E-5,0.00704582904898037));
#7050=CARTESIAN_POINT('',(-0.01405,0.,0.00704582915564462));
#7051=CARTESIAN_POINT('',(-0.0139248170452725,-4.11996825544492E-20,0.008));
#7052=CARTESIAN_POINT('',(-0.013924816808625,1.47772386719539E-5,0.008));
#7053=CARTESIAN_POINT('',(-0.0139249788099488,2.96029312358861E-5,0.00799995891782023));
#7054=CARTESIAN_POINT('',(-0.0139253025528517,4.4402039389868E-5,0.00799987677773214));
#7055=CARTESIAN_POINT('',(-0.0139256262957546,5.92011475438499E-5,0.00799979463764406));
#7056=CARTESIAN_POINT('',(-0.0139261108567597,7.39586769951014E-5,0.00799967167781393));
#7057=CARTESIAN_POINT('',(-0.0139267546862758,8.86832168798445E-5,0.00799950844033831));
#7058=CARTESIAN_POINT('',(-0.0139273985157919,0.000103407756764588,0.00799934520286268));
#7059=CARTESIAN_POINT('',(-0.0139282015003553,0.000118096586871105,0.00799914170269457));
#7060=CARTESIAN_POINT('',(-0.0139291620688605,0.000132750066892313,0.00799889851290414));
#7061=CARTESIAN_POINT('',(-0.0139301226373658,0.000147403546913521,0.00799865532311371));
#7062=CARTESIAN_POINT('',(-0.0139312407938129,0.000162021675981891,0.00799837244357938));
#7063=CARTESIAN_POINT('',(-0.0139325152691466,0.000176604748654077,0.00799805043512185));
#7064=CARTESIAN_POINT('',(-0.013935064219814,0.00020577089399845,0.00799740641820679));
#7065=CARTESIAN_POINT('',(-0.0139382381917083,0.000234796868462723,0.00799660589370537));
#7066=CARTESIAN_POINT('',(-0.0139420306223926,0.00026368425532732,0.00799565323244402));
#7067=CARTESIAN_POINT('',(-0.013945823053077,0.000292571642191918,0.00799470057118267));
#7068=CARTESIAN_POINT('',(-0.0139502339618421,0.000321320437150841,0.00799359576937035));
#7069=CARTESIAN_POINT('',(-0.0139552613457986,0.000349931243318589,0.00799234309354582));
#7070=CARTESIAN_POINT('',(-0.0139602887297552,0.000378542049486336,0.00799109041772129));
#7071=CARTESIAN_POINT('',(-0.0139659325870295,0.000407014867116161,0.00798968986411433));
#7072=CARTESIAN_POINT('',(-0.0139721954009905,0.000435349337168791,0.00798814565181599));
#7073=CARTESIAN_POINT('',(-0.0139784582149515,0.000463683807221421,0.00798660143951765));
#7074=CARTESIAN_POINT('',(-0.0139853399624238,0.000491879934524203,0.00798491356453224));
#7075=CARTESIAN_POINT('',(-0.0139928477202192,0.000519936377285428,0.0079830862555515));
#7076=CARTESIAN_POINT('',(-0.0139966015991169,0.00053396459866604,0.00798217260106113));
#7077=CARTESIAN_POINT('',(-0.0140005120444529,0.000547957885272074,0.00798122408845451));
#7078=CARTESIAN_POINT('',(-0.0140045803958871,0.000561915972209422,0.00798024125200335));
#7079=CARTESIAN_POINT('',(-0.0140086487473213,0.00057587405914677,0.00797925841555218));
#7080=CARTESIAN_POINT('',(-0.0140128755185781,0.000589798279617453,0.00797824115425007));
#7081=CARTESIAN_POINT('',(-0.0140172608027378,0.000603684306326751,0.00797719031102397));
#7082=CARTESIAN_POINT('',(-0.0140216460868975,0.00061757033303605,0.00797613946779788));
#7083=CARTESIAN_POINT('',(-0.0140261972001196,0.000631437874656062,0.00797505338114608));
#7084=CARTESIAN_POINT('',(-0.0140308803098708,0.00064518503636062,0.00797394107508052));
#7085=CARTESIAN_POINT('',(-0.0140355634196221,0.000658932198065178,0.00797282876901497));
#7086=CARTESIAN_POINT('',(-0.0140403881565046,0.000672592740668783,0.00797168766417512));
#7087=CARTESIAN_POINT('',(-0.0140453500408183,0.000686151778207868,0.00797052041822002));
#7088=CARTESIAN_POINT('',(-0.0140651975780727,0.000740387928364211,0.00796585143439961));
#7089=CARTESIAN_POINT('',(-0.0140872497871146,0.000793144061325389,0.00796075269526182));
#7090=CARTESIAN_POINT('',(-0.0141114477036165,0.000844440541386719,0.0079553076729981));
#7091=CARTESIAN_POINT('',(-0.0141356456201184,0.000895737021448049,0.00794986265073438));
#7092=CARTESIAN_POINT('',(-0.0141619895840265,0.000945582745019663,0.00794407027302669));
#7093=CARTESIAN_POINT('',(-0.0141904862684743,0.000993982136306156,0.00793800979545278));
#7094=CARTESIAN_POINT('',(-0.0142047346106982,0.0010181818319494,0.00793497955666582));
#7095=CARTESIAN_POINT('',(-0.0142195220060876,0.00104201936899745,0.00793188228049948));
#7096=CARTESIAN_POINT('',(-0.0142348555157919,0.00106549122200428,0.00792872804779126));
#7097=CARTESIAN_POINT('',(-0.0142425222706441,0.0010772271485077,0.00792715093143715));
#7098=CARTESIAN_POINT('',(-0.0142503256017364,0.00108887162287747,0.00792555957765011));
#7099=CARTESIAN_POINT('',(-0.0142582667873363,0.00110042394686044,0.00792395527102318));
#7100=CARTESIAN_POINT('',(-0.0142662079729362,0.00111197627084342,0.00792235096439626));
#7101=CARTESIAN_POINT('',(-0.0142742857805444,0.00112343465071833,0.0079207339617411));
#7102=CARTESIAN_POINT('',(-0.0142825054515561,0.00113480359692941,0.0079191047976647));
#7103=CARTESIAN_POINT('',(-0.0142907251225677,0.0011461725431405,0.00791747563358829));
#7104=CARTESIAN_POINT('',(-0.014299082367586,0.00115744472792957,0.00791583526359099));
#7105=CARTESIAN_POINT('',(-0.0143075307001927,0.00116855892934074,0.00791419421221504));
#7106=CARTESIAN_POINT('',(-0.0143159790327994,0.0011796731307519,0.00791255316083909));
#7107=CARTESIAN_POINT('',(-0.0143245365794813,0.00119065458046615,0.00791090777738083));
#7108=CARTESIAN_POINT('',(-0.0143331941463909,0.00120149345261067,0.00790926124763455));
#7109=CARTESIAN_POINT('',(-0.01435050928021,0.0012231711968997,0.00790596818814199));
#7110=CARTESIAN_POINT('',(-0.0143682438248216,0.00124430578143896,0.00790266650479495));
#7111=CARTESIAN_POINT('',(-0.014386383750005,0.00126489449004485,0.00789936971720239));
#7112=CARTESIAN_POINT('',(-0.0144226636003719,0.00130607190725663,0.00789277614201727));
#7113=CARTESIAN_POINT('',(-0.014460581626585,0.00134509600039953,0.00788619801359008));
#7114=CARTESIAN_POINT('',(-0.0145001268196073,0.00138198110546861,0.00787972894356955));
#7115=CARTESIAN_POINT('',(-0.0145198994161184,0.00140042365800315,0.00787649440855929));
#7116=CARTESIAN_POINT('',(-0.0145400799959843,0.00141833120824277,0.00787328700815288));
#7117=CARTESIAN_POINT('',(-0.0145606725895205,0.00143570041166857,0.00787011844433962));
#7118=CARTESIAN_POINT('',(-0.0145812651830567,0.00145306961509437,0.00786694988052636));
#7119=CARTESIAN_POINT('',(-0.0146022701113666,0.00146990077614187,0.00786382008868706));
#7120=CARTESIAN_POINT('',(-0.0146236934338753,0.00148618571725067,0.00786074118730798));
#7121=CARTESIAN_POINT('',(-0.0146451167563839,0.00150247065835947,0.0078576622859289));
#7122=CARTESIAN_POINT('',(-0.0146669687384489,0.00151821641948029,0.00785463289849355));
#7123=CARTESIAN_POINT('',(-0.0146892311342603,0.0015333915121533,0.00785166927923331));
#7124=CARTESIAN_POINT('',(-0.0147114935300717,0.00154856660482631,0.00784870565997308));
#7125=CARTESIAN_POINT('',(-0.0147339868600845,0.00156304996743561,0.00784583160051835));
#7126=CARTESIAN_POINT('',(-0.0147567290175737,0.00157686967658283,0.0078430531059705));
#7127=CARTESIAN_POINT('',(-0.0147794711750628,0.00159068938573005,0.00784027461142265));
#7128=CARTESIAN_POINT('',(-0.0148024548839467,0.00160384044402705,0.00783759264555139));
#7129=CARTESIAN_POINT('',(-0.0148256780108568,0.00161633076477974,0.00783501594502695));
#7130=CARTESIAN_POINT('',(-0.0148489011377669,0.00162882108553243,0.00783243924450251));
#7131=CARTESIAN_POINT('',(-0.0148723636900208,0.00164065064684506,0.00782996780454011));
#7132=CARTESIAN_POINT('',(-0.0148960652817106,0.00165182236385186,0.00782761029167132));
#7133=CARTESIAN_POINT('',(-0.0149197668734004,0.00166299408085866,0.00782525277880254));
#7134=CARTESIAN_POINT('',(-0.0149437075047338,0.00167350795166411,0.00782300918679664));
#7135=CARTESIAN_POINT('',(-0.0149678885038887,0.00168336200834461,0.00782088820715793));
#7136=CARTESIAN_POINT('',(-0.0149920695030436,0.0016932160650251,0.00781876722751922));
#7137=CARTESIAN_POINT('',(-0.0150164908631683,0.00170241032544257,0.00781676885218283));
#7138=CARTESIAN_POINT('',(-0.0150411556560244,0.0017109378743804,0.00781490189253907));
#7139=CARTESIAN_POINT('',(-0.0150658204488806,0.00171946542331822,0.0078130349328953));
#7140=CARTESIAN_POINT('',(-0.0150907369956018,0.00172732811267054,0.00781129897588837));
#7141=CARTESIAN_POINT('',(-0.015115885199345,0.00173450839257387,0.0078097042604756));
#7142=CARTESIAN_POINT('',(-0.0151284593012166,0.00173809853252554,0.00780890690276922));
#7143=CARTESIAN_POINT('',(-0.0151411010228077,0.00174151993613024,0.00780814442769315));
#7144=CARTESIAN_POINT('',(-0.0151538071348203,0.00174477017752823,0.00780741807690661));
#7145=CARTESIAN_POINT('',(-0.0151665132468329,0.00174802041892622,0.00780669172612007));
#7146=CARTESIAN_POINT('',(-0.0151792702725056,0.00175109528244213,0.00780600243785168));
#7147=CARTESIAN_POINT('',(-0.0151920194482879,0.00175398101082103,0.00780535397106878));
#7148=CARTESIAN_POINT('',(-0.0152175177998523,0.00175975246757882,0.00780405703750299));
#7149=CARTESIAN_POINT('',(-0.0152430515902443,0.00176478813798438,0.00780291883623847));
#7150=CARTESIAN_POINT('',(-0.0152686164908984,0.00176909876526109,0.00780194139677758));
#7151=CARTESIAN_POINT('',(-0.0152941813915526,0.00177340939253779,0.00780096395731669));
#7152=CARTESIAN_POINT('',(-0.0153197786659482,0.00177699572288033,0.00780014710539629));
#7153=CARTESIAN_POINT('',(-0.0153454079943153,0.00177986557520523,0.007799492197201));
#7154=CARTESIAN_POINT('',(-0.0153966666510494,0.00178560527985503,0.00779818238081043));
#7155=CARTESIAN_POINT('',(-0.0154480533267875,0.00178848373172484,0.00779752049959621));
#7156=CARTESIAN_POINT('',(-0.0154995681738916,0.00178849967632198,0.00779751684241824));
#7157=CARTESIAN_POINT('',(-0.0155253255974436,0.00178850764862055,0.00779751501382926));
#7158=CARTESIAN_POINT('',(-0.015551115112838,0.00178779883267966,0.00779767769899236));
#7159=CARTESIAN_POINT('',(-0.0155769370784931,0.0017863650894207,0.00779800614050149));
#7160=CARTESIAN_POINT('',(-0.0156027590441481,0.00178493134616174,0.00779833458201062));
#7161=CARTESIAN_POINT('',(-0.0156286162518651,0.00178277187353374,0.00779882896793651));
#7162=CARTESIAN_POINT('',(-0.0156545009034472,0.00177987577321443,0.00779948986998024));
#7163=CARTESIAN_POINT('',(-0.0156674432292384,0.00177842772305477,0.0077998203210021));
#7164=CARTESIAN_POINT('',(-0.0156804081899512,0.00177679244167631,0.00780019308054015));
#7165=CARTESIAN_POINT('',(-0.0156933504170646,0.00177497489808105,0.00780060665020242));
#7166=CARTESIAN_POINT('',(-0.0157062926441781,0.00177315735448578,0.00780102021986468));
#7167=CARTESIAN_POINT('',(-0.0157191819661342,0.00177116235364995,0.00780147350645076));
#7168=CARTESIAN_POINT('',(-0.0157320187231077,0.00176899150841198,0.00780196571661055));
#7169=CARTESIAN_POINT('',(-0.0157576922370546,0.00176464981793606,0.00780295013693012));
#7170=CARTESIAN_POINT('',(-0.0157831904533451,0.00175960245987393,0.0078040908349641));
#7171=CARTESIAN_POINT('',(-0.0158084913798747,0.00175386527618695,0.00780537997748897));
#7172=CARTESIAN_POINT('',(-0.0158337923064043,0.00174812809249998,0.00780666912001383));
#7173=CARTESIAN_POINT('',(-0.0158589045554226,0.00174170019153087,0.00780810690878806));
#7174=CARTESIAN_POINT('',(-0.015883830596376,0.00173458949991341,0.00780968624637316));
#7175=CARTESIAN_POINT('',(-0.0159087566373294,0.00172747880829595,0.00781126558395827));
#7176=CARTESIAN_POINT('',(-0.0159334964643319,0.00171968530497552,0.007812986477286));
#7177=CARTESIAN_POINT('',(-0.0159580512146458,0.00171121183026427,0.00781484190959508));
#7178=CARTESIAN_POINT('',(-0.0159826059649598,0.00170273835555301,0.00781669734190415));
#7179=CARTESIAN_POINT('',(-0.0160069756380797,0.00169358490859265,0.00781868731819631));
#7180=CARTESIAN_POINT('',(-0.0160311600674531,0.00168374933617855,0.00782080482897497));
#7181=CARTESIAN_POINT('',(-0.0160553444968265,0.00167391376376446,0.00782292233975364));
#7182=CARTESIAN_POINT('',(-0.0160793436873054,0.00166339608522892,0.00782516738840834));
#7183=CARTESIAN_POINT('',(-0.0161031561492423,0.00165218906419342,0.00782753289971749));
#7184=CARTESIAN_POINT('',(-0.0161269686111792,0.00164098204315793,0.00782989841102664));
#7185=CARTESIAN_POINT('',(-0.0161505935207589,0.00162908562946524,0.00783238440582776));
#7186=CARTESIAN_POINT('',(-0.0161740304998603,0.00161648749779885,0.00783498361003136));
#7187=CARTESIAN_POINT('',(-0.016185748989411,0.00161018843196566,0.00783628321213316));
#7188=CARTESIAN_POINT('',(-0.0161974348171615,0.00160370465961187,0.00783761297706452));
#7189=CARTESIAN_POINT('',(-0.0162090228128005,0.00159707233944414,0.00783896421363068));
#7190=CARTESIAN_POINT('',(-0.0162206108084395,0.00159044001927641,0.00784031545019683));
#7191=CARTESIAN_POINT('',(-0.0162321037762958,0.00158365856614061,0.00784168830262772));
#7192=CARTESIAN_POINT('',(-0.0162434944614217,0.00157673384904338,0.00784308041328666));
#7193=CARTESIAN_POINT('',(-0.0162662758316732,0.00156288441484894,0.00784586463460453));
#7194=CARTESIAN_POINT('',(-0.0162886885123164,0.00154844125369305,0.00784873007221348));
#7195=CARTESIAN_POINT('',(-0.0163107185216123,0.00153342582764606,0.00785166257751236));
#7196=CARTESIAN_POINT('',(-0.0163327485309081,0.00151841040159905,0.00785459508281124));
#7197=CARTESIAN_POINT('',(-0.0163544030502633,0.00150281879553636,0.00785759544841947));
#7198=CARTESIAN_POINT('',(-0.0163756869166372,0.00148665650210021,0.00786065216408684));
#7199=CARTESIAN_POINT('',(-0.016418254649385,0.00145433191522789,0.00786676559542158));
#7200=CARTESIAN_POINT('',(-0.0164593422247043,0.00141972843389798,0.00787310447303961));
#7201=CARTESIAN_POINT('',(-0.0164989545012958,0.00138283733130919,0.00787957872700931));
#7202=CARTESIAN_POINT('',(-0.0165187606395916,0.00136439178001479,0.00788281585399416));
#7203=CARTESIAN_POINT('',(-0.0165381973431515,0.00134537336832,0.00788608682862115));
#7204=CARTESIAN_POINT('',(-0.0165572609789746,0.00132577435230891,0.00788938035378951));
#7205=CARTESIAN_POINT('',(-0.0165667927968862,0.00131597484430337,0.00789102711637369));
#7206=CARTESIAN_POINT('',(-0.0165762313150832,0.00130603013297961,0.00789267951145235));
#7207=CARTESIAN_POINT('',(-0.0165855758120893,0.00129593882757344,0.00789433610604385));
#7208=CARTESIAN_POINT('',(-0.0165949203090955,0.00128584752216728,0.00789599270063535));
#7209=CARTESIAN_POINT('',(-0.0166041714924174,0.00127560869101291,0.00789765364443282));
#7210=CARTESIAN_POINT('',(-0.0166133263391067,0.00126522345416929,0.00789931703446696));
#7211=CARTESIAN_POINT('',(-0.016622481185796,0.00125483821732567,0.0079009804245011));
#7212=CARTESIAN_POINT('',(-0.0166315509763728,0.00124429222976103,0.00790264845887186));
#7213=CARTESIAN_POINT('',(-0.0166404727105315,0.00123365910126734,0.00790430801663626));
#7214=CARTESIAN_POINT('',(-0.0166493944446902,0.00122302597277364,0.00790596757440066));
#7215=CARTESIAN_POINT('',(-0.0166581900205662,0.00121228129928235,0.00790762254561605));
#7216=CARTESIAN_POINT('',(-0.0166668495092154,0.00120143879495822,0.00790926955046857));
#7217=CARTESIAN_POINT('',(-0.0166841684865135,0.00117975378630997,0.00791256356017361));
#7218=CARTESIAN_POINT('',(-0.0167009750600386,0.00115764175478654,0.00791583115441678));
#7219=CARTESIAN_POINT('',(-0.0167172601696456,0.00113512769510386,0.00791905834779667));
#7220=CARTESIAN_POINT('',(-0.0167498303888596,0.0010900995757385,0.00792551273455647));
#7221=CARTESIAN_POINT('',(-0.0167803589815194,0.00104341948819425,0.00793181231611581));
#7222=CARTESIAN_POINT('',(-0.0168088513018685,0.000995106305354706,0.00793786894834144));
#7223=CARTESIAN_POINT('',(-0.016823097462043,0.000970949713934933,0.00794089726445426));
#7224=CARTESIAN_POINT('',(-0.0168368347687304,0.00094638289092628,0.00794386504631089));
#7225=CARTESIAN_POINT('',(-0.0168500597045371,0.000921401686446283,0.00794676153739458));
#7226=CARTESIAN_POINT('',(-0.0168632846403436,0.000896420481966285,0.00794965802847828));
#7227=CARTESIAN_POINT('',(-0.0168759972558933,0.000871024937009528,0.00795248323528213));
#7228=CARTESIAN_POINT('',(-0.0168881901474585,0.000845207800807882,0.00795522619247583));
#7229=CARTESIAN_POINT('',(-0.0169003830390237,0.000819390664606236,0.00795796914966953));
#7230=CARTESIAN_POINT('',(-0.0169120548427959,0.000793155314333273,0.00796062954515607));
#7231=CARTESIAN_POINT('',(-0.0169231981153013,0.000766481058257944,0.00796319702050199));
#7232=CARTESIAN_POINT('',(-0.0169343413878067,0.000739806802182616,0.00796576449584791));
#7233=CARTESIAN_POINT('',(-0.0169448620770228,0.000712917807850533,0.00796821733178438));
#7234=CARTESIAN_POINT('',(-0.016954768099372,0.000685828801212942,0.00797054821548849));
#7235=CARTESIAN_POINT('',(-0.0169646741217212,0.000658739794575351,0.00797287909919261));
#7236=CARTESIAN_POINT('',(-0.0169739670199853,0.000631446975224652,0.00797508840021909));
#7237=CARTESIAN_POINT('',(-0.0169826544460231,0.000603952598367893,0.00797717000313549));
#7238=CARTESIAN_POINT('',(-0.0169913418720609,0.000576458221511134,0.00797925160605189));
#7239=CARTESIAN_POINT('',(-0.0169994237936595,0.000548762220414764,0.00798120552159955));
#7240=CARTESIAN_POINT('',(-0.0170069034689415,0.000520865275997766,0.00798302570234242));
#7241=CARTESIAN_POINT('',(-0.0170218628195054,0.000465071387163768,0.00798666606382817));
#7242=CARTESIAN_POINT('',(-0.0170344177466486,0.000408470538268652,0.00798977181379994));
#7243=CARTESIAN_POINT('',(-0.0170445391958707,0.000351064451123586,0.00799229339746466));
#7244=CARTESIAN_POINT('',(-0.0170495999204818,0.000322361407551053,0.00799355418929703));
#7245=CARTESIAN_POINT('',(-0.0170540522754659,0.000293445865006929,0.00799466934910479));
#7246=CARTESIAN_POINT('',(-0.0170578840830046,0.000264333137890549,0.0079956318069439));
#7247=CARTESIAN_POINT('',(-0.0170597999867739,0.000249776774332359,0.00799611303586345));
#7248=CARTESIAN_POINT('',(-0.0170615615550896,0.000235161148976831,0.00799655640273256));
#7249=CARTESIAN_POINT('',(-0.0170631656731605,0.000220501521298981,0.00799696061507776));
#7250=CARTESIAN_POINT('',(-0.0170647697912314,0.000205841893621132,0.00799736482742295));
#7251=CARTESIAN_POINT('',(-0.0170662192107958,0.000191105067274541,0.0079977306695223));
#7252=CARTESIAN_POINT('',(-0.017067504584817,0.000176377424139832,0.00799805545143654));
#7253=CARTESIAN_POINT('',(-0.0170687899588382,0.000161649781005123,0.00799838023335079));
#7254=CARTESIAN_POINT('',(-0.017069912424336,0.000146927858699192,0.00799866419471662));
#7255=CARTESIAN_POINT('',(-0.0170708733078054,0.000132209288083258,0.00799890746940759));
#7256=CARTESIAN_POINT('',(-0.0170718341912747,0.000117490717467324,0.00799915074409856));
#7257=CARTESIAN_POINT('',(-0.0170726334867942,0.000102776277495909,0.00799935331492175));
#7258=CARTESIAN_POINT('',(-0.017073272209824,8.80659430556069E-5,0.00799951525966878));
#7259=CARTESIAN_POINT('',(-0.0170745496558836,5.86452741750034E-5,0.00799983914916286));
#7260=CARTESIAN_POINT('',(-0.0170751850751548,2.92410209971141E-5,0.00800000053839129));
#7261=CARTESIAN_POINT('',(-0.0170751829494121,-1.46928396994852E-7,0.00799999999865075));
#7262=CARTESIAN_POINT('',(-0.0170751808236693,-2.95348777911038E-5,0.00799999945891022));
#7263=CARTESIAN_POINT('',(-0.0170745411413165,-5.89065231139229E-5,0.00799983698973564));
#7264=CARTESIAN_POINT('',(-0.0170732636935794,-8.82618617026214E-5,0.0079995131004186));
#7265=CARTESIAN_POINT('',(-0.0170719862458424,-0.00011761720029132,0.00799918921110156));
#7266=CARTESIAN_POINT('',(-0.0170700710433138,-0.000146956232403026,0.00799870390118274));
#7267=CARTESIAN_POINT('',(-0.0170675131868129,-0.000176278840830998,0.00799805762484088));
#7268=CARTESIAN_POINT('',(-0.0170649553303119,-0.00020560144925897,0.00799741134849901));
#7269=CARTESIAN_POINT('',(-0.0170617560907553,-0.000234898110614374,0.00799660441995508));
#7270=CARTESIAN_POINT('',(-0.0170579019746871,-0.000264197161133392,0.00799563630113633));
#7271=CARTESIAN_POINT('',(-0.0170540478586188,-0.00029349621165241,0.00799466818231758));
#7272=CARTESIAN_POINT('',(-0.0170495671654197,-0.000322575096456967,0.00799354601427651));
#7273=CARTESIAN_POINT('',(-0.0170444797194861,-0.000351401626251003,0.00799227857979614));
#7274=CARTESIAN_POINT('',(-0.0170393922735524,-0.000380228156045039,0.00799101114531576));
#7275=CARTESIAN_POINT('',(-0.0170336962383504,-0.000408816043649662,0.00798959796755606));
#7276=CARTESIAN_POINT('',(-0.0170274017254893,-0.000437167994854342,0.00798804632837561));
#7277=CARTESIAN_POINT('',(-0.0170211072126282,-0.000465519946059023,0.00798649468919516));
#7278=CARTESIAN_POINT('',(-0.0170142140901145,-0.000493636447634612,0.00798480456057013));
#7279=CARTESIAN_POINT('',(-0.0170067277952364,-0.000521520039324231,0.00798298295429617));
#7280=CARTESIAN_POINT('',(-0.0169917552054802,-0.000577287222703471,0.00797933974174825));
#7281=CARTESIAN_POINT('',(-0.0169744138101066,-0.000632124392731394,0.00797517060850026));
#7282=CARTESIAN_POINT('',(-0.016954694035967,-0.000686031299948594,0.00797053078881769));
#7283=CARTESIAN_POINT('',(-0.0169349742618273,-0.000739938207165794,0.00796589096913513));
#7284=CARTESIAN_POINT('',(-0.0169128708233106,-0.000792927578885388,0.00796077893141298));
#7285=CARTESIAN_POINT('',(-0.0168883187056482,-0.000844935536300082,0.00795525511467089));
#7286=CARTESIAN_POINT('',(-0.0168637665879859,-0.000896943493714775,0.00794973129792879));
#7287=CARTESIAN_POINT('',(-0.0168371841797938,-0.000947090003834903,0.0079438906928709));
#7288=CARTESIAN_POINT('',(-0.0168086284808649,-0.000995484028265928,0.0079378215871527));
#7289=CARTESIAN_POINT('',(-0.016780072781936,-0.00104387805269695,0.00793175248143451));
#7290=CARTESIAN_POINT('',(-0.0167495483919868,-0.00109050816892239,0.00792545571346164));
#7291=CARTESIAN_POINT('',(-0.0167170660917241,-0.00113539594813945,0.00791901989143533));
#7292=CARTESIAN_POINT('',(-0.0167008249415929,-0.00115783983774798,0.00791580198042218));
#7293=CARTESIAN_POINT('',(-0.0166840934725269,-0.0011798473987435,0.00791254927765026));
#7294=CARTESIAN_POINT('',(-0.0166668674053356,-0.0012014163873643,0.0079092729542084));
#7295=CARTESIAN_POINT('',(-0.0166496413381444,-0.0012229853759851,0.00790599663076655));
#7296=CARTESIAN_POINT('',(-0.0166319190595592,-0.00124411755565258,0.00790269639633773));
#7297=CARTESIAN_POINT('',(-0.0166136975199536,-0.00126480224166697,0.00789938448801387));
#7298=CARTESIAN_POINT('',(-0.0166045867501508,-0.00127514458467417,0.00789772853385195));
#7299=CARTESIAN_POINT('',(-0.0165953468042996,-0.00128537943806248,0.00789606894822682));
#7300=CARTESIAN_POINT('',(-0.0165859842071787,-0.00129549763566311,0.00789440851970503));
#7301=CARTESIAN_POINT('',(-0.0165766216100578,-0.00130561583326373,0.00789274809118323));
#7302=CARTESIAN_POINT('',(-0.0165671177741681,-0.00131563640810955,0.00789108364635034));
#7303=CARTESIAN_POINT('',(-0.0165575165038109,-0.00132551159368198,0.00788942450467806));
#7304=CARTESIAN_POINT('',(-0.0165479152334536,-0.0013353867792544,0.00788776536300578));
#7305=CARTESIAN_POINT('',(-0.0165382295396038,-0.00134510423351824,0.00788611367209619));
#7306=CARTESIAN_POINT('',(-0.0165284537274345,-0.00135467218918966,0.00788446975134258));
#7307=CARTESIAN_POINT('',(-0.0165186779152652,-0.00136424014486108,0.00788282583058896));
#7308=CARTESIAN_POINT('',(-0.0165088141576252,-0.0013736564247174,0.00788119004532323));
#7309=CARTESIAN_POINT('',(-0.016498863111722,-0.00138292243605758,0.00787956379096258));
#7310=CARTESIAN_POINT('',(-0.0164789610199155,-0.00140145445873793,0.00787631128224127));
#7311=CARTESIAN_POINT('',(-0.0164587099200439,-0.00141938566235604,0.00787309691083068));
#7312=CARTESIAN_POINT('',(-0.0164381130108536,-0.00143672369284078,0.00786993170430531));
#7313=CARTESIAN_POINT('',(-0.0164175161016634,-0.00145406172332552,0.00786676649777995));
#7314=CARTESIAN_POINT('',(-0.0163965733709535,-0.0014708065580173,0.00786365044893554));
#7315=CARTESIAN_POINT('',(-0.0163752854125502,-0.00148696129150354,0.00786059451425718));
#7316=CARTESIAN_POINT('',(-0.0163539974541469,-0.00150311602498978,0.00785753857957883));
#7317=CARTESIAN_POINT('',(-0.0163323642680432,-0.00151868065561393,0.00785454275031195));
#7318=CARTESIAN_POINT('',(-0.0163103838950205,-0.00153365384169328,0.00785161804304434));
#7319=CARTESIAN_POINT('',(-0.0162884035219978,-0.00154862702777263,0.00784869333577673));
#7320=CARTESIAN_POINT('',(-0.0162660759726184,-0.00156300878578583,0.00784583974013175));
#7321=CARTESIAN_POINT('',(-0.016243396687751,-0.00157679328103469,0.00784306846514066));
#7322=CARTESIAN_POINT('',(-0.0162207174028835,-0.00159057777628355,0.00784029719014957));
#7323=CARTESIAN_POINT('',(-0.0161976787907481,-0.00160376851929207,0.00783760750634865));
#7324=CARTESIAN_POINT('',(-0.0161742963891373,-0.00161634453315875,0.00783501310465578));
#7325=CARTESIAN_POINT('',(-0.0161626051883319,-0.00162263254009209,0.00783371590380935));
#7326=CARTESIAN_POINT('',(-0.016150820167942,-0.00162877016638268,0.00783244183736871));
#7327=CARTESIAN_POINT('',(-0.0161389407921864,-0.00163475592886089,0.00783119231362978));
#7328=CARTESIAN_POINT('',(-0.0161270614164309,-0.00164074169133909,0.00782994278989085));
#7329=CARTESIAN_POINT('',(-0.0161151122725823,-0.00164656259524692,0.00782872050889199));
#7330=CARTESIAN_POINT('',(-0.0161031346850581,-0.00165219916581523,0.00782753076752046));
#7331=CARTESIAN_POINT('',(-0.0160791795100097,-0.00166347230695185,0.00782515128477741));
#7332=CARTESIAN_POINT('',(-0.0160550556676084,-0.00167403930147178,0.00782289551922168));
#7333=CARTESIAN_POINT('',(-0.0160307719962479,-0.00168390709590051,0.00782077086305282));
#7334=CARTESIAN_POINT('',(-0.0160064883248874,-0.00169377489032925,0.00781864620688395));
#7335=CARTESIAN_POINT('',(-0.0159820426310032,-0.00170294500950123,0.00781665232916887));
#7336=CARTESIAN_POINT('',(-0.0159574360608544,-0.00171142395488943,0.00781479545776027));
#7337=CARTESIAN_POINT('',(-0.0159082229205566,-0.00172838184566582,0.00781108171494308));
#7338=CARTESIAN_POINT('',(-0.0158583673023023,-0.00174257966026049,0.00780791606720497));
#7339=CARTESIAN_POINT('',(-0.0158078645269535,-0.00175400726991709,0.0078053480702066));
#7340=CARTESIAN_POINT('',(-0.0157826131392792,-0.0017597210747454,0.00780406407170742));
#7341=CARTESIAN_POINT('',(-0.0157571997139015,-0.00176474120756918,0.00780292945425252));
#7342=CARTESIAN_POINT('',(-0.0157316219083316,-0.00176905854642114,0.00780195051633464));
#7343=CARTESIAN_POINT('',(-0.0157060441027617,-0.0017733758852731,0.00780097157841676));
#7344=CARTESIAN_POINT('',(-0.0156803042814134,-0.00177698978272132,0.0078001484696782));
#7345=CARTESIAN_POINT('',(-0.0156543918711609,-0.00177988797033875,0.0077994870865361));
#7346=CARTESIAN_POINT('',(-0.0156414356660346,-0.00178133706414747,0.00779915639496505));
#7347=CARTESIAN_POINT('',(-0.0156284213959205,-0.00178260739844581,0.00779886607777979));
#7348=CARTESIAN_POINT('',(-0.0156154290042333,-0.00178369122839762,0.0077986181854055));
#7349=CARTESIAN_POINT('',(-0.015602436612546,-0.00178477505834943,0.00779837029303121));
#7350=CARTESIAN_POINT('',(-0.015589454122677,-0.00178567440342577,0.0077981643649851));
#7351=CARTESIAN_POINT('',(-0.015576494072784,-0.00178638961591204,0.00779800052193904));
#7352=CARTESIAN_POINT('',(-0.0155505739729981,-0.00178782004088458,0.00779767283584694));
#7353=CARTESIAN_POINT('',(-0.0155246960552976,-0.00178852008717187,0.00779751216082655));
#7354=CARTESIAN_POINT('',(-0.0154988823405676,-0.00178849929331821,0.00779751693026699));
#7355=CARTESIAN_POINT('',(-0.0154730686258376,-0.00178847849946455,0.00779752169970743));
#7356=CARTESIAN_POINT('',(-0.0154473114610083,-0.00178773771193868,0.00779769171604561));
#7357=CARTESIAN_POINT('',(-0.0154216103059041,-0.00178628367104029,0.00779802479135421));
#7358=CARTESIAN_POINT('',(-0.0153959091508,-0.0017848296301419,0.0077983578666628));
#7359=CARTESIAN_POINT('',(-0.0153702640066694,-0.00178266231983375,0.00779885400388933));
#7360=CARTESIAN_POINT('',(-0.0153446747217514,-0.00177978327141557,0.00779951097869535));
#7361=CARTESIAN_POINT('',(-0.0153190854368333,-0.0017769042229974,0.00780016795350137));
#7362=CARTESIAN_POINT('',(-0.0152935520108067,-0.00177331344101889,0.00780098576694434));
#7363=CARTESIAN_POINT('',(-0.0152680746762182,-0.00176900729787729,0.0078019621365434));
#7364=CARTESIAN_POINT('',(-0.0152425973416297,-0.00176470115473568,0.00780293850614247));
#7365=CARTESIAN_POINT('',(-0.0152171760963249,-0.00175967967896324,0.00780407343045816));
#7366=CARTESIAN_POINT('',(-0.0151918115678151,-0.00175393393691549,0.00780536454913773));
#7367=CARTESIAN_POINT('',(-0.0151791293035602,-0.00175106106589162,0.00780601010847752));
#7368=CARTESIAN_POINT('',(-0.0151664612239863,-0.00174800705408366,0.00780669471280623));
#7369=CARTESIAN_POINT('',(-0.0151538074467901,-0.00174477025732917,0.00780741805907302));
#7370=CARTESIAN_POINT('',(-0.0151411536695938,-0.00174153346057467,0.0078081414053398));
#7371=CARTESIAN_POINT('',(-0.0151285174108217,-0.00173811475192474,0.00780890329994799));
#7372=CARTESIAN_POINT('',(-0.0151158891654654,-0.00173450952488009,0.00780970400899421));
#7373=CARTESIAN_POINT('',(-0.0151032609201091,-0.00173090429783545,0.00781050471804043));
#7374=CARTESIAN_POINT('',(-0.0150906606331312,-0.00172711741613639,0.00781134314850792));
#7375=CARTESIAN_POINT('',(-0.0150781486753449,-0.00172316847139604,0.00781221418159964));
#7376=CARTESIAN_POINT('',(-0.0150656367175587,-0.0017192195266557,0.00781308521469137));
#7377=CARTESIAN_POINT('',(-0.0150531879384701,-0.00171510140489451,0.00781399042670101));
#7378=CARTESIAN_POINT('',(-0.0150408120438206,-0.00171081902603298,0.00781492791138623));
#7379=CARTESIAN_POINT('',(-0.0150160602545213,-0.00170225426830992,0.00781680288075666));
#7380=CARTESIAN_POINT('',(-0.0149915770532438,-0.00169302625098168,0.00781880836263747));
#7381=CARTESIAN_POINT('',(-0.0149673637746172,-0.00168314805560541,0.00782093425512015));
#7382=CARTESIAN_POINT('',(-0.0149431504959906,-0.00167326986022914,0.00782306014760282));
#7383=CARTESIAN_POINT('',(-0.0149192049842552,-0.00166274078439131,0.00782530660698888));
#7384=CARTESIAN_POINT('',(-0.0148955239866965,-0.00165156709102987,0.00782766415630021));
#7385=CARTESIAN_POINT('',(-0.0148481619915789,-0.00162921970430699,0.00783237925492287));
#7386=CARTESIAN_POINT('',(-0.0148018563394567,-0.00160429818876463,0.00783753879615587));
#7387=CARTESIAN_POINT('',(-0.0147566043893041,-0.00157679393566951,0.00784306833353094));
#7388=CARTESIAN_POINT('',(-0.0147339784142278,-0.00156304180912194,0.00784583310221848));
#7389=CARTESIAN_POINT('',(-0.014711616285882,-0.00154864293323224,0.00784869035817108));
#7390=CARTESIAN_POINT('',(-0.0146895206193382,-0.00153358879097793,0.00785163074909836));
#7391=CARTESIAN_POINT('',(-0.0146674249527945,-0.00151853464872363,0.00785457114002564));
#7392=CARTESIAN_POINT('',(-0.0146456050996395,-0.00150283242551087,0.00785759331962636));
#7393=CARTESIAN_POINT('',(-0.0146240375226554,-0.00148644720164475,0.00786069174543325));
#7394=CARTESIAN_POINT('',(-0.0146024699456713,-0.00147006197777863,0.00786379017124015));
#7395=CARTESIAN_POINT('',(-0.0145813271888335,-0.00145312291210881,0.00786694022083105));
#7396=CARTESIAN_POINT('',(-0.0145606399773409,-0.00143567290357753,0.00787012346243267));
#7397=CARTESIAN_POINT('',(-0.0145399527658482,-0.00141822289504624,0.0078733067040343));
#7398=CARTESIAN_POINT('',(-0.0145197056305535,-0.00140025009472569,0.00787652537125637));
#7399=CARTESIAN_POINT('',(-0.0144998938819657,-0.00138176379383445,0.0078797670535396));
#7400=CARTESIAN_POINT('',(-0.01446027038479,-0.00134479119205198,0.00788625041810606));
#7401=CARTESIAN_POINT('',(-0.0144223798717777,-0.00130576352392056,0.0078928266076579));
#7402=CARTESIAN_POINT('',(-0.0143862040013749,-0.00126469044188408,0.00789940238791562));
#7403=CARTESIAN_POINT('',(-0.0143681160661735,-0.00124415390086585,0.00790269027804448));
#7404=CARTESIAN_POINT('',(-0.0143504574242772,-0.00122310502154383,0.00790597811361966));
#7405=CARTESIAN_POINT('',(-0.0143332305302916,-0.00120153900248688,0.00790925432803263));
#7406=CARTESIAN_POINT('',(-0.0143160036363059,-0.00117997298342994,0.00791253054244559));
#7407=CARTESIAN_POINT('',(-0.0142992078637233,-0.00115788898761428,0.00791579526774492));
#7408=CARTESIAN_POINT('',(-0.0142828506939331,-0.00113528094290463,0.0079190363795526));
#7409=CARTESIAN_POINT('',(-0.014274672109038,-0.0011239769205498,0.00792065693545644));
#7410=CARTESIAN_POINT('',(-0.0142666015447317,-0.0011125392669817,0.00792227194533737));
#7411=CARTESIAN_POINT('',(-0.0142586433340611,-0.00110097150344618,0.00792387921087894));
#7412=CARTESIAN_POINT('',(-0.0142506851233905,-0.00108940373991066,0.00792548647642051));
#7413=CARTESIAN_POINT('',(-0.0142428299563746,-0.00107769159231375,0.00792708793631119));
#7414=CARTESIAN_POINT('',(-0.0142351018736501,-0.00106586823238873,0.00792867737464355));
#7415=CARTESIAN_POINT('',(-0.0142273737909256,-0.00105404487246371,0.00793026681297591));
#7416=CARTESIAN_POINT('',(-0.0142197936248106,-0.00104214304442345,0.00793183989201944));
#7417=CARTESIAN_POINT('',(-0.014212352677021,-0.00103015248568778,0.00793339686743524));
#7418=CARTESIAN_POINT('',(-0.0142049117292313,-0.00101816192695211,0.00793495384285103));
#7419=CARTESIAN_POINT('',(-0.0141976123867197,-0.00100608631824745,0.00793649422005403));
#7420=CARTESIAN_POINT('',(-0.0141904533835212,-0.000993926281298374,0.00793801678930855));
#7421=CARTESIAN_POINT('',(-0.0141761353771243,-0.000969606207400213,0.00794106192781758));
#7422=CARTESIAN_POINT('',(-0.0141623784933071,-0.000944948557699701,0.00794403582595773));
#7423=CARTESIAN_POINT('',(-0.0141491759575461,-0.000919956350475665,0.00794692898629524));
#7424=CARTESIAN_POINT('',(-0.0141359734217851,-0.000894964143251629,0.00794982214663275));
#7425=CARTESIAN_POINT('',(-0.0141233252561918,-0.00086963736637569,0.00795263457848081));
#7426=CARTESIAN_POINT('',(-0.0141112289103311,-0.000843976564384606,0.00795535690957795));
#7427=CARTESIAN_POINT('',(-0.0140991325644704,-0.000818315762393521,0.00795807924067509));
#7428=CARTESIAN_POINT('',(-0.0140875880407214,-0.00079232093472616,0.00796071147943875));
#7429=CARTESIAN_POINT('',(-0.0140765969076865,-0.000765990201011677,0.00796324425168248));
#7430=CARTESIAN_POINT('',(-0.0140656057746516,-0.000739659467297194,0.00796577702392622));
#7431=CARTESIAN_POINT('',(-0.0140551680177011,-0.000712992837025055,0.00796821033785974));
#7432=CARTESIAN_POINT('',(-0.014045289378839,-0.000685985960016355,0.00797053469113964));
#7433=CARTESIAN_POINT('',(-0.0140354107399769,-0.000658979083007655,0.00797285904441953));
#7434=CARTESIAN_POINT('',(-0.0140260888193742,-0.000631622840542354,0.00797507513744776));
#7435=CARTESIAN_POINT('',(-0.0140173408441168,-0.00060393769216931,0.00797717113167175));
#7436=CARTESIAN_POINT('',(-0.0140129668564881,-0.000590095117982788,0.00797821912878375));
#7437=CARTESIAN_POINT('',(-0.0140087340145366,-0.000576160368082873,0.00797923786635361));
#7438=CARTESIAN_POINT('',(-0.014004644140034,-0.000562134624493684,0.00798022585294084));
#7439=CARTESIAN_POINT('',(-0.0140005542655313,-0.000548108880904496,0.00798121383952807));
#7440=CARTESIAN_POINT('',(-0.0139966144249023,-0.000534014299515861,0.00798216941460031));
#7441=CARTESIAN_POINT('',(-0.0139928400910213,-0.000519907866145625,0.00798308811242366));
#7442=CARTESIAN_POINT('',(-0.0139852914232592,-0.000491694999405152,0.00798492550807034));
#7443=CARTESIAN_POINT('',(-0.0139783812353002,-0.0004633647710838,0.00798662033070083));
#7444=CARTESIAN_POINT('',(-0.0139721016591649,-0.000434925006798826,0.0079881687662731));
#7445=CARTESIAN_POINT('',(-0.0139658220830296,-0.000406485242513853,0.00798971720184537));
#7446=CARTESIAN_POINT('',(-0.0139601721574226,-0.000377933904542869,0.00799111938595028));
#7447=CARTESIAN_POINT('',(-0.0139551456100929,-0.000349271946471095,0.00799237193249966));
#7448=CARTESIAN_POINT('',(-0.0139450925154337,-0.000291948030327545,0.00799487702559841));
#7449=CARTESIAN_POINT('',(-0.0139375288603062,-0.000234182326804889,0.00799678364113112));
#7450=CARTESIAN_POINT('',(-0.0139324601581464,-0.000175973006158383,0.00799806435965));
#7451=CARTESIAN_POINT('',(-0.0139299258070664,-0.000146868345835129,0.00799870471890944));
#7452=CARTESIAN_POINT('',(-0.0139280161987809,-0.000117652610570477,0.00799918859093034));
#7453=CARTESIAN_POINT('',(-0.0139267390279185,-8.83243786908197E-5,0.00799951241039908));
#7454=CARTESIAN_POINT('',(-0.0139254618570561,-5.89961468111624E-5,0.00799983622986781));
#7455=CARTESIAN_POINT('',(-0.0139248175185677,-2.95544773439078E-5,0.008));
#7456=CARTESIAN_POINT('',(-0.0139248170452725,0.,0.008));
#7457=CARTESIAN_POINT('',(-0.0139248170452725,-4.11996825544492E-20,0.008));
#7458=CARTESIAN_POINT('',(-0.01405,-3.14418630020799E-20,0.00704582915564464));
#7459=CARTESIAN_POINT('',(-0.0140500004356814,-2.39608601035119E-5,0.0070458290489804));
#7460=CARTESIAN_POINT('',(-0.0140505935672954,-4.7830262866635E-5,0.00704568491825537));
#7461=CARTESIAN_POINT('',(-0.0140529449103504,-9.53851326793411E-5,0.00704511452477738));
#7462=CARTESIAN_POINT('',(-0.014054702758228,-0.000119071362508648,0.0070446883603326));
#7463=CARTESIAN_POINT('',(-0.0140617015815489,-0.000189859895368064,0.00704299642456391));
#7464=CARTESIAN_POINT('',(-0.0140686641378036,-0.000236692593925842,0.00704131719923735));
#7465=CARTESIAN_POINT('',(-0.0140825453703419,-0.000306404383781197,0.0070380077475242));
#7466=CARTESIAN_POINT('',(-0.0140877462850072,-0.000329551963174809,0.0070367728004589));
#7467=CARTESIAN_POINT('',(-0.0140993073362094,-0.00037566620880429,0.00703404529794533));
#7468=CARTESIAN_POINT('',(-0.0141056683576451,-0.000398634521248245,0.0070325525243992));
#7469=CARTESIAN_POINT('',(-0.0141160914975945,-0.000432944283140759,0.00703012529553692));
#7470=CARTESIAN_POINT('',(-0.0141197182311716,-0.00044437125645682,0.00702928365369936));
#7471=CARTESIAN_POINT('',(-0.0141272479190863,-0.000467113588274022,0.00702754334212057));
#7472=CARTESIAN_POINT('',(-0.0141311443685818,-0.000478410986859627,0.00702664616841366));
#7473=CARTESIAN_POINT('',(-0.0141432235027096,-0.000512078969902218,0.00702387701533503));
#7474=CARTESIAN_POINT('',(-0.0141518045915492,-0.000534257650119889,0.00702192533761616));
#7475=CARTESIAN_POINT('',(-0.0141699917187106,-0.000578048511088784,0.00701783109061104));
#7476=CARTESIAN_POINT('',(-0.0141795999661416,-0.000599668091269865,0.00701568799941988));
#7477=CARTESIAN_POINT('',(-0.0141998352573537,-0.000642362605670991,0.00701122663108613));
#7478=CARTESIAN_POINT('',(-0.0142104623146018,-0.000663437531719117,0.00700890834128872));
#7479=CARTESIAN_POINT('',(-0.0142327323644972,-0.000705045771435285,0.00700411307297712));
#7480=CARTESIAN_POINT('',(-0.0142443753549544,-0.000725579085075385,0.00700163608209284));
#7481=CARTESIAN_POINT('',(-0.0142686819623818,-0.000766103217945414,0.00699653990527629));
#7482=CARTESIAN_POINT('',(-0.0142813455589977,-0.00078609404654351,0.00699392070675129));
#7483=CARTESIAN_POINT('',(-0.0143011157474827,-0.000815669762763904,0.00698989779639439));
#7484=CARTESIAN_POINT('',(-0.0143078349965769,-0.000825459885816084,0.00698854114180834));
#7485=CARTESIAN_POINT('',(-0.0143215341980095,-0.000844902225950203,0.00698579859616044));
#7486=CARTESIAN_POINT('',(-0.0143285119530911,-0.000854551458608158,0.00698441313801677));
#7487=CARTESIAN_POINT('',(-0.0143427397860128,-0.000873722691338463,0.00698161341497412));
#7488=CARTESIAN_POINT('',(-0.0143499706871211,-0.00088321814396774,0.00698020296582008));
#7489=CARTESIAN_POINT('',(-0.0143646221984744,-0.000901974932825211,0.00697737182663425));
#7490=CARTESIAN_POINT('',(-0.0143720513788176,-0.000911247844072928,0.00697594944858305));
#7491=CARTESIAN_POINT('',(-0.0143946372277737,-0.000938741555249405,0.00697166763070728));
#7492=CARTESIAN_POINT('',(-0.0144100982065582,-0.000956645832271022,0.00696879229762761));
#7493=CARTESIAN_POINT('',(-0.0144418138827648,-0.000991614501463534,0.0069630213883376));
#7494=CARTESIAN_POINT('',(-0.0144580691569047,-0.00100867957006422,0.00696012568136637));
#7495=CARTESIAN_POINT('',(-0.0145080205088351,-0.00105862867709129,0.00695143850862156));
#7496=CARTESIAN_POINT('',(-0.0145428997866378,-0.00109026978089291,0.00694564662335584));
#7497=CARTESIAN_POINT('',(-0.0145976115939855,-0.00113523227900023,0.0069370815218566));
#7498=CARTESIAN_POINT('',(-0.014616249648752,-0.00114980346187794,0.00693424673703263));
#7499=CARTESIAN_POINT('',(-0.0146543359632013,-0.00117809814137288,0.00692863960050015));
#7500=CARTESIAN_POINT('',(-0.014673798462667,-0.00119183124201849,0.00692586526711735));
#7501=CARTESIAN_POINT('',(-0.0147135055792697,-0.00121839939981771,0.00692040750375985));
#7502=CARTESIAN_POINT('',(-0.0147335913648476,-0.00123112974894647,0.00691774579166716));
#7503=CARTESIAN_POINT('',(-0.0147742707238926,-0.00125553960056127,0.00691256642117115));
#7504=CARTESIAN_POINT('',(-0.0147948556889629,-0.00126721327531451,0.00691004993663555));
#7505=CARTESIAN_POINT('',(-0.0148573392190718,-0.00130066129043955,0.00690274495201849));
#7506=CARTESIAN_POINT('',(-0.0148999648679723,-0.00132086603821247,0.00689820076212884));
#7507=CARTESIAN_POINT('',(-0.0149653619312576,-0.00134804276401134,0.00689197168138331));
#7508=CARTESIAN_POINT('',(-0.0149874044450581,-0.00135657905795675,0.006889993159011));
#7509=CARTESIAN_POINT('',(-0.0150319824464936,-0.00137259626282046,0.00688624849076536));
#7510=CARTESIAN_POINT('',(-0.0150545199185668,-0.00138007774256115,0.00688448220395577));
#7511=CARTESIAN_POINT('',(-0.0150886969908645,-0.0013904933709436,0.00688200519689203));
#7512=CARTESIAN_POINT('',(-0.0151001564404632,-0.00139383207760385,0.00688120794923181));
#7513=CARTESIAN_POINT('',(-0.0151231916551798,-0.00140023517632166,0.00687967366348202));
#7514=CARTESIAN_POINT('',(-0.0151347905720315,-0.0014033053352453,0.00687893523370245));
#7515=CARTESIAN_POINT('',(-0.0151580398786744,-0.00140915110504869,0.00687752481717912));
#7516=CARTESIAN_POINT('',(-0.0151696719085695,-0.00141192277323989,0.00687685379561254));
#7517=CARTESIAN_POINT('',(-0.0151929682207591,-0.00141717114447617,0.0068755796521183));
#7518=CARTESIAN_POINT('',(-0.0152046295425929,-0.00141964713971684,0.00687497670074964));
#7519=CARTESIAN_POINT('',(-0.0152396526802819,-0.00142663455460011,0.00687327101503189));
#7520=CARTESIAN_POINT('',(-0.0152630536481386,-0.00143070564222756,0.00687227145281024));
#7521=CARTESIAN_POINT('',(-0.0153099588473632,-0.0014376879275258,0.00687055162041304));
#7522=CARTESIAN_POINT('',(-0.0153334630807143,-0.00144059910133843,0.00686983134801522));
#7523=CARTESIAN_POINT('',(-0.0153805743867626,-0.00144526739418645,0.00686867411535032));
#7524=CARTESIAN_POINT('',(-0.0154041814597555,-0.00144702450928236,0.00686823715295417));
#7525=CARTESIAN_POINT('',(-0.0154514987250791,-0.00144938219402274,0.00686765045488664));
#7526=CARTESIAN_POINT('',(-0.0154752089162606,-0.00144998277675862,0.00686750071704232));
#7527=CARTESIAN_POINT('',(-0.0155227334101566,-0.00145001649323776,0.00686749231518464));
#7528=CARTESIAN_POINT('',(-0.0155465547577374,-0.00144944894114787,0.00686763382720376));
#7529=CARTESIAN_POINT('',(-0.0155823450237899,-0.00144770939678697,0.00686806673012505));
#7530=CARTESIAN_POINT('',(-0.0155942957691017,-0.00144698026594675,0.00686824809695974));
#7531=CARTESIAN_POINT('',(-0.0156182154895251,-0.00144522286747195,0.00686868474915791));
#7532=CARTESIAN_POINT('',(-0.0156301954894415,-0.00144419296235822,0.00686894043902314));
#7533=CARTESIAN_POINT('',(-0.0156659751378493,-0.00144066846793133,0.00686981418947496));
#7534=CARTESIAN_POINT('',(-0.0156896693638716,-0.0014377385531593,0.00687053912353788));
#7535=CARTESIAN_POINT('',(-0.0157367595357974,-0.00143073811460833,0.00687226348118396));
#7536=CARTESIAN_POINT('',(-0.0157601533051937,-0.00142666811442827,0.00687326276672888));
#7537=CARTESIAN_POINT('',(-0.0158298871326498,-0.00141277096615166,0.00687665534267338));
#7538=CARTESIAN_POINT('',(-0.0158757806247422,-0.0014012602989978,0.00687944343594144));
#7539=CARTESIAN_POINT('',(-0.0159437337344561,-0.00138063774855499,0.00688434959734553));
#7540=CARTESIAN_POINT('',(-0.0159662366799252,-0.00137320321134221,0.00688610567617317));
#7541=CARTESIAN_POINT('',(-0.0160109442783244,-0.00135720287106287,0.00688984816545525));
#7542=CARTESIAN_POINT('',(-0.0160331509504942,-0.00134863583134956,0.00689183486471824));
#7543=CARTESIAN_POINT('',(-0.0160662280642175,-0.00133492653551956,0.00689497841110985));
#7544=CARTESIAN_POINT('',(-0.0160772275855931,-0.00133020732110787,0.00689605490008764));
#7545=CARTESIAN_POINT('',(-0.0160990981813787,-0.00132050158217787,0.0068982558816206));
#7546=CARTESIAN_POINT('',(-0.0161099466225168,-0.00131552559320027,0.00689937799758426));
#7547=CARTESIAN_POINT('',(-0.0161422328552673,-0.00130023185944831,0.00690280541769707));
#7548=CARTESIAN_POINT('',(-0.0161634405426016,-0.00128953766089568,0.00690517431692833));
#7549=CARTESIAN_POINT('',(-0.016205194375652,-0.00126718650501217,0.00691005579842296));
#7550=CARTESIAN_POINT('',(-0.0162257475098152,-0.00125552670533783,0.00691256904305095));
#7551=CARTESIAN_POINT('',(-0.0162662146070337,-0.00123124812200136,0.00691772078861589));
#7552=CARTESIAN_POINT('',(-0.0162861285603661,-0.00121862932571938,0.0069203593028196));
#7553=CARTESIAN_POINT('',(-0.0163253208835081,-0.00119243489777982,0.00692574219949381));
#7554=CARTESIAN_POINT('',(-0.0163445992533243,-0.00117885926837708,0.00692848659492691));
#7555=CARTESIAN_POINT('',(-0.0163825193161794,-0.00115074615891647,0.00693406196885472));
#7556=CARTESIAN_POINT('',(-0.0164011610204498,-0.00113620869837231,0.00693689296052541));
#7557=CARTESIAN_POINT('',(-0.0164286416693162,-0.00111367184860645,0.00694118982451092));
#7558=CARTESIAN_POINT('',(-0.0164377215343154,-0.00110603773761734,0.00694263050830148));
#7559=CARTESIAN_POINT('',(-0.0164557193517791,-0.00109052357745357,0.00694552620440047));
#7560=CARTESIAN_POINT('',(-0.0164646353040752,-0.00108264529283787,0.00694698089107951));
#7561=CARTESIAN_POINT('',(-0.0164823117802919,-0.00106663296989922,0.00694990340799999));
#7562=CARTESIAN_POINT('',(-0.0164910603272456,-0.00105850893568728,0.00695136933391902));
#7563=CARTESIAN_POINT('',(-0.0165082973926729,-0.00104210257237476,0.00695429409475777));
#7564=CARTESIAN_POINT('',(-0.0165168030214597,-0.00103380481661113,0.00695575575193117));
#7565=CARTESIAN_POINT('',(-0.0165419631773153,-0.00100865010411225,0.00696013107262336));
#7566=CARTESIAN_POINT('',(-0.0165582770308087,-0.000991517500520638,0.0069630376965142));
#7567=CARTESIAN_POINT('',(-0.0165899911848405,-0.000956544016380551,0.0069688087986641));
#7568=CARTESIAN_POINT('',(-0.0166053929704379,-0.00093870170948383,0.00697167355615965));
#7569=CARTESIAN_POINT('',(-0.0166502442703203,-0.000884113540862158,0.00698017585088256));
#7570=CARTESIAN_POINT('',(-0.0166783428256604,-0.000846308862866417,0.00698572164876172));
#7571=CARTESIAN_POINT('',(-0.0167309154659676,-0.000767839359640378,0.00699641204400477));
#7572=CARTESIAN_POINT('',(-0.0167553853167614,-0.000727183804937753,0.00700155597109916));
#7573=CARTESIAN_POINT('',(-0.0168005871398328,-0.000642854443116666,0.00701128613578566));
#7574=CARTESIAN_POINT('',(-0.0168209339736716,-0.000599894077312048,0.00701578837645462));
#7575=CARTESIAN_POINT('',(-0.0168572391817979,-0.000512485601270034,0.00702396117799914));
#7576=CARTESIAN_POINT('',(-0.0168732024216321,-0.00046802717065391,0.00702763309072277));
#7577=CARTESIAN_POINT('',(-0.0168938764535745,-0.000400208527163839,0.00703244608871253));
#7578=CARTESIAN_POINT('',(-0.01690022176579,-0.000377413485403377,0.00703393464226247));
#7579=CARTESIAN_POINT('',(-0.0169118103163406,-0.0003314416260746,0.00703666778701479));
#7580=CARTESIAN_POINT('',(-0.016917053676179,-0.000308264414328832,0.00703791240971146));
#7581=CARTESIAN_POINT('',(-0.0169264199489432,-0.000261523040108886,0.007040144949679));
#7582=CARTESIAN_POINT('',(-0.0169305445524499,-0.000237947759523548,0.00704113327081141));
#7583=CARTESIAN_POINT('',(-0.0169376401958889,-0.000190440206456834,0.00704283857130785));
#7584=CARTESIAN_POINT('',(-0.0169405851854491,-0.000166688366887317,0.00704354925616343));
#7585=CARTESIAN_POINT('',(-0.0169452943424588,-0.000119142615342063,0.00704468764424402));
#7586=CARTESIAN_POINT('',(-0.0169470573399937,-9.53564243105653E-5,0.00704511507068253));
#7587=CARTESIAN_POINT('',(-0.0169494111525147,-4.77179391834714E-5,0.00704568606318389));
#7588=CARTESIAN_POINT('',(-0.0169499999993357,-2.38656007809471E-5,0.00704582915567653));
#7589=CARTESIAN_POINT('',(-0.0169500000000004,-9.10729824887903E-19,0.00704582915564445));
#7590=CARTESIAN_POINT('',(-0.01405,-3.14418630020798E-20,0.00704582915564463));
#7591=CARTESIAN_POINT('',(-0.0169500000000002,-6.66344478550724E-19,0.00704582918794818));
#7592=CARTESIAN_POINT('',(-0.0169500000000004,-9.10729824887903E-19,0.00704582915564445));
#7593=CARTESIAN_POINT('',(-0.0169500000006864,2.37861873415429E-5,0.00704582915561472));
#7594=CARTESIAN_POINT('',(-0.0169494150709663,4.75855488686479E-5,0.00704568701438853));
#7595=CARTESIAN_POINT('',(-0.0169476531434065,8.33243632869235E-5,0.00704525960153335));
#7596=CARTESIAN_POINT('',(-0.0169469173695082,9.52538802110834E-5,0.00704508119164735));
#7597=CARTESIAN_POINT('',(-0.0169451483292498,0.000119119611777754,0.00704465267366658));
#7598=CARTESIAN_POINT('',(-0.0169441150683408,0.000131055194603168,0.0070444025663964));
#7599=CARTESIAN_POINT('',(-0.0169417486228112,0.000154935637576799,0.00704383050565215));
#7600=CARTESIAN_POINT('',(-0.0169404143915322,0.000166883304100155,0.00704350830199728));
#7601=CARTESIAN_POINT('',(-0.0169374611203634,0.00019065346048741,0.00704279626256692));
#7602=CARTESIAN_POINT('',(-0.0169358395474217,0.000202502865972834,0.00704240581473154));
#7603=CARTESIAN_POINT('',(-0.0169305486182812,0.000237906940524196,0.0070411342592238));
#7604=CARTESIAN_POINT('',(-0.0169264501008949,0.000261349796222747,0.0070401521810266));
#7605=CARTESIAN_POINT('',(-0.0169124744849243,0.000331161509806793,0.00703682082806784));
#7606=CARTESIAN_POINT('',(-0.0169009173230709,0.000377049822173671,0.00703408556560736));
#7607=CARTESIAN_POINT('',(-0.0168802615716992,0.000444900941723065,0.00702927632541347));
#7608=CARTESIAN_POINT('',(-0.0168728219366508,0.000467355069046258,0.00702755545024741));
#7609=CARTESIAN_POINT('',(-0.0168568278989843,0.000511936396666219,0.00702388879665907));
#7610=CARTESIAN_POINT('',(-0.0168482735260192,0.000534063650527183,0.00702194300046458));
#7611=CARTESIAN_POINT('',(-0.0168300359843251,0.000577987682280454,0.00701783725032548));
#7612=CARTESIAN_POINT('',(-0.0168203513954223,0.000599787541558509,0.00701567697332437));
#7613=CARTESIAN_POINT('',(-0.016799836006928,0.000643039066043965,0.0070111544614745));
#7614=CARTESIAN_POINT('',(-0.016789091784856,0.000664308992913793,0.00700881138050042));
#7615=CARTESIAN_POINT('',(-0.016766643988914,0.000706170724073166,0.00700397978117313));
#7616=CARTESIAN_POINT('',(-0.0167549416704679,0.000726759790343678,0.00700149153818482));
#7617=CARTESIAN_POINT('',(-0.0167305938233026,0.000767266082660816,0.00699638949509774));
#7618=CARTESIAN_POINT('',(-0.0167179482479829,0.000787183273342307,0.00699377567029635));
#7619=CARTESIAN_POINT('',(-0.0166786062803882,0.000845937087103861,0.00698577433562371));
#7620=CARTESIAN_POINT('',(-0.0166505038563348,0.00088378227034512,0.00698022599845051));
#7621=CARTESIAN_POINT('',(-0.0166055311586692,0.000938541121406555,0.00697169928680417));
#7622=CARTESIAN_POINT('',(-0.0165900602373149,0.00095646811735147,0.00696882134824046));
#7623=CARTESIAN_POINT('',(-0.0165661463322599,0.000982839328943549,0.00696446970060675));
#7624=CARTESIAN_POINT('',(-0.0165580497584734,0.000991550412103936,0.0069630120941012));
#7625=CARTESIAN_POINT('',(-0.0165416243464395,0.0010087917219218,0.00696008887560167));
#7626=CARTESIAN_POINT('',(-0.0165332753503455,0.00101734172699551,0.00695861978934431));
#7627=CARTESIAN_POINT('',(-0.0165164207650928,0.00103418108164138,0.00695568977843762));
#7628=CARTESIAN_POINT('',(-0.0165079047918997,0.00104248206569528,0.00695422694781379));
#7629=CARTESIAN_POINT('',(-0.0164907010497969,0.00105884482213945,0.0069513089272917));
#7630=CARTESIAN_POINT('',(-0.0164820126296076,0.00106690735121623,0.00694985361476921));
#7631=CARTESIAN_POINT('',(-0.0164556897140435,0.00109074177481048,0.00694550256422415));
#7632=CARTESIAN_POINT('',(-0.0164377976843732,0.0011061606708834,0.00694262170481297));
#7633=CARTESIAN_POINT('',(-0.0163831013703181,0.00115102406152958,0.00693406866373387));
#7634=CARTESIAN_POINT('',(-0.0163452791071735,0.00117907832057414,0.0069284857890404));
#7635=CARTESIAN_POINT('',(-0.0162865019229444,0.00121838835201315,0.00692040939299935));
#7636=CARTESIAN_POINT('',(-0.0162665683317566,0.0012310290175298,0.00691776687944138));
#7637=CARTESIAN_POINT('',(-0.0162260098513805,0.00125537609170384,0.00691260139778876));
#7638=CARTESIAN_POINT('',(-0.0162053783515054,0.00126708566970568,0.00691007770538289));
#7639=CARTESIAN_POINT('',(-0.0161739220180384,0.00128392801415194,0.00690639951843367));
#7640=CARTESIAN_POINT('',(-0.0161633424194321,0.00128942597580152,0.00690519039578286));
#7641=CARTESIAN_POINT('',(-0.0161420082707531,0.00130018008992221,0.00690281025583064));
#7642=CARTESIAN_POINT('',(-0.0161312511392162,0.00130543671507189,0.00690163910202942));
#7643=CARTESIAN_POINT('',(-0.016098889546303,0.00132075733517593,0.00689820527852499));
#7644=CARTESIAN_POINT('',(-0.0160771421557613,0.00133040218251908,0.00689601581275195));
#7645=CARTESIAN_POINT('',(-0.0160333020802896,0.0013485740395892,0.00689184906764733));
#7646=CARTESIAN_POINT('',(-0.0160112101537042,0.00135710109324093,0.00688987178725545));
#7647=CARTESIAN_POINT('',(-0.0159666852653588,0.00137304918639127,0.00688614188389413));
#7648=CARTESIAN_POINT('',(-0.0159442522991322,0.00138047020935867,0.00688438925359852));
#7649=CARTESIAN_POINT('',(-0.0158990456292044,0.00139420970084056,0.00688112098974615));
#7650=CARTESIAN_POINT('',(-0.0158762719259683,0.00140052816949737,0.00687960534902886));
#7651=CARTESIAN_POINT('',(-0.0158303816891879,0.00141205794797296,0.0068768234137544));
#7652=CARTESIAN_POINT('',(-0.0158072651610618,0.00141726927460164,0.00687555711181431));
#7653=CARTESIAN_POINT('',(-0.0157606847389492,0.00142657195005869,0.00687328634225486));
#7654=CARTESIAN_POINT('',(-0.0157372129171435,0.00143066402167985,0.00687228169643142));
#7655=CARTESIAN_POINT('',(-0.0157017631348426,0.00143594396485814,0.00687098118630328));
#7656=CARTESIAN_POINT('',(-0.0156898981532021,0.00143756138256721,0.00687058196367674));
#7657=CARTESIAN_POINT('',(-0.0156660707885672,0.0014405084762958,0.00686985347825118));
#7658=CARTESIAN_POINT('',(-0.0156541361793344,0.00144183425690326,0.00686952517898729));
#7659=CARTESIAN_POINT('',(-0.0156183948598777,0.00144535621292097,0.0068686520639236));
#7660=CARTESIAN_POINT('',(-0.0155945925764163,0.00144710697394061,0.00686821664494077));
#7661=CARTESIAN_POINT('',(-0.0155470528921055,0.00144943174688591,0.00686763811021958));
#7662=CARTESIAN_POINT('',(-0.0155233129213217,0.00145000640715617,0.00686749481981598));
#7663=CARTESIAN_POINT('',(-0.0154521816332971,0.00144998702222636,0.00686749967659578));
#7664=CARTESIAN_POINT('',(-0.0154048787599348,0.00144765336021118,0.00686808261787644));
#7665=CARTESIAN_POINT('',(-0.0153341012175199,0.00144067328142802,0.00686981297648586));
#7666=CARTESIAN_POINT('',(-0.0153105382099565,0.00143776571885137,0.00687053241221905));
#7667=CARTESIAN_POINT('',(-0.015263471796703,0.00143077616258837,0.00687225412879254));
#7668=CARTESIAN_POINT('',(-0.0152399672279425,0.00142669356546481,0.00687325657032398));
#7669=CARTESIAN_POINT('',(-0.0152047593084534,0.00141967488100478,0.0068749699484911));
#7670=CARTESIAN_POINT('',(-0.0151930161092456,0.00141718197987379,0.00687557702188698));
#7671=CARTESIAN_POINT('',(-0.0151696234457293,0.00141191180844738,0.00687685645725693));
#7672=CARTESIAN_POINT('',(-0.0151579863871556,0.00140913795599326,0.00687752799315022));
#7673=CARTESIAN_POINT('',(-0.0151232619489731,0.00140040599445237,0.00687963475448254));
#7674=CARTESIAN_POINT('',(-0.0151003255702877,0.00139403143494778,0.00688116366571072));
#7675=CARTESIAN_POINT('',(-0.0150549163058793,0.0013802042638021,0.00688445223502785));
#7676=CARTESIAN_POINT('',(-0.0150324357603182,0.00137275015180257,0.00688621226200716));
#7677=CARTESIAN_POINT('',(-0.0149879171871971,0.00135677208708068,0.00688994827625052));
#7678=CARTESIAN_POINT('',(-0.0149658791659442,0.00134824812035263,0.00689192427302761));
#7679=CARTESIAN_POINT('',(-0.0149222432088041,0.001330133507882,0.00689607692999287));
#7680=CARTESIAN_POINT('',(-0.0149006452727256,0.00132054286441377,0.00689825359947782));
#7681=CARTESIAN_POINT('',(-0.0148578901960298,0.00130029017446179,0.00690279234562507));
#7682=CARTESIAN_POINT('',(-0.0148367330486764,0.00128962814674545,0.00690515443186646));
#7683=CARTESIAN_POINT('',(-0.0147948634636098,0.00126721989230828,0.00691004862896261));
#7684=CARTESIAN_POINT('',(-0.0147741577237332,0.00125547771677252,0.00691257988872628));
#7685=CARTESIAN_POINT('',(-0.0147331714067729,0.00123087175089375,0.00691780019329908));
#7686=CARTESIAN_POINT('',(-0.0147130560456339,0.00121810610435178,0.00692046825561323));
#7687=CARTESIAN_POINT('',(-0.0146736145095961,0.00119170054819085,0.00692589160501459));
#7688=CARTESIAN_POINT('',(-0.0146542788851482,0.00117805493108431,0.00692864810501023));
#7689=CARTESIAN_POINT('',(-0.0146163667676536,0.00114989127573121,0.00693422939336596));
#7690=CARTESIAN_POINT('',(-0.0145977899790222,0.00113537299258372,0.00693705425023582));
#7691=CARTESIAN_POINT('',(-0.0145431862934219,0.00109051690040983,0.00694560047297061));
#7692=CARTESIAN_POINT('',(-0.0145082816889477,0.0010588786895342,0.00695139402928045));
#7693=CARTESIAN_POINT('',(-0.0144581867623163,0.00100880270743421,0.00696010475998746));
#7694=CARTESIAN_POINT('',(-0.0144418616176024,0.00099166814950687,0.00696301262767549));
#7695=CARTESIAN_POINT('',(-0.0144179530195925,0.000965305782203916,0.00696736309207361));
#7696=CARTESIAN_POINT('',(-0.0144100755583418,0.000956402729896658,0.00696881220941027));
#7697=CARTESIAN_POINT('',(-0.0143945217050666,0.000938381380276851,0.00697170287155443));
#7698=CARTESIAN_POINT('',(-0.0143868286271037,0.000929242620909161,0.00697314758914059));
#7699=CARTESIAN_POINT('',(-0.0143716957526257,0.000910808205490056,0.00697601727835724));
#7700=CARTESIAN_POINT('',(-0.0143642599046204,0.000901518492559025,0.00697744142579809));
#7701=CARTESIAN_POINT('',(-0.0143496397373753,0.000882786737252472,0.00698026734335171));
#7702=CARTESIAN_POINT('',(-0.0143424565526856,0.000873346150056793,0.00698166889447644));
#7703=CARTESIAN_POINT('',(-0.0143212841653722,0.000844801957846589,0.00698583592841153));
#7704=CARTESIAN_POINT('',(-0.0143076719540099,0.000825476024418877,0.00698856379665592));
#7705=CARTESIAN_POINT('',(-0.0142683239605026,0.000766617374124637,0.00699657022716089));
#7706=CARTESIAN_POINT('',(-0.0142440736043459,0.00072620568782815,0.00700167178646942));
#7707=CARTESIAN_POINT('',(-0.0141995238854397,0.000643029940458529,0.00701126289966398));
#7708=CARTESIAN_POINT('',(-0.0141792242097719,0.000600258630304225,0.00701575290210166));
#7709=CARTESIAN_POINT('',(-0.0141563864427817,0.000545294736520274,0.00702089382890514));
#7710=CARTESIAN_POINT('',(-0.0141519451374362,0.000534219637433582,0.00702189865426892));
#7711=CARTESIAN_POINT('',(-0.0141433232702189,0.000511929019962335,0.00702385797377977));
#7712=CARTESIAN_POINT('',(-0.01413913384311,0.000500686113249639,0.00702481451938618));
#7713=CARTESIAN_POINT('',(-0.0141310602894793,0.000478170324768743,0.00702666549899849));
#7714=CARTESIAN_POINT('',(-0.014127169428228,0.000466881467993168,0.00702756144810217));
#7715=CARTESIAN_POINT('',(-0.0141196793654871,0.000444248838456834,0.00702929267250866));
#7716=CARTESIAN_POINT('',(-0.0141160796911,0.000432903986081691,0.0070301280548737));
#7717=CARTESIAN_POINT('',(-0.014105713039305,0.000398784460334749,0.00703254209952416));
#7718=CARTESIAN_POINT('',(-0.0140993781981331,0.000375924862688315,0.00703402866000249));
#7719=CARTESIAN_POINT('',(-0.0140878480070323,0.000329981348569147,0.00703674872327278));
#7720=CARTESIAN_POINT('',(-0.0140826526784368,0.000306897428287613,0.00703798223169443));
#7721=CARTESIAN_POINT('',(-0.0140733969831347,0.000260505843250769,0.00704018876591062));
#7722=CARTESIAN_POINT('',(-0.0140693366181528,0.000237198178380734,0.00704116179727567));
#7723=CARTESIAN_POINT('',(-0.0140623545409588,0.000190358125843491,0.00704283986861893));
#7724=CARTESIAN_POINT('',(-0.014059432810989,0.000166825741738173,0.00704354491427938));
#7725=CARTESIAN_POINT('',(-0.0140559132403354,0.000131356703301887,0.00704439571987866));
#7726=CARTESIAN_POINT('',(-0.014054883946028,0.000119505269038089,0.00704464486020718));
#7727=CARTESIAN_POINT('',(-0.0140531154856363,9.57450799656486E-5,0.00704507322860847));
#7728=CARTESIAN_POINT('',(-0.0140523763158697,8.38363258655338E-5,0.00704525245706416));
#7729=CARTESIAN_POINT('',(-0.0140511909896884,5.99609153038108E-5,0.00704553999287611));
#7730=CARTESIAN_POINT('',(-0.0140507449377201,4.79964641511922E-5,0.00704564827466924));
#7731=CARTESIAN_POINT('',(-0.0140501489089123,2.40001434505186E-5,0.00704579298585817));
#7732=CARTESIAN_POINT('',(-0.0140499997821593,1.19804300517559E-5,0.00704582920897677));
#7733=CARTESIAN_POINT('',(-0.01405,-3.14418630020799E-20,0.00704582915564464));
#7734=CARTESIAN_POINT('',(-0.0155,0.,0.008001));
#7735=CARTESIAN_POINT('',(-0.0155,0.,0.0063));
#7736=CARTESIAN_POINT('',(-0.01405,0.,0.0063));
#7737=CARTESIAN_POINT('',(-0.01695,-1.0654427152582E-19,0.0063));
#7738=CARTESIAN_POINT('',(-0.0155,0.,0.0063));
#7739=CARTESIAN_POINT('',(-0.0185,0.,-1.88737914186277E-18));
#7740=CARTESIAN_POINT('',(-0.0185,0.00759609957425151,-0.00250983490653391));
#7741=CARTESIAN_POINT('',(-0.0185,0.00759609957425151,-0.00250983490653392));
#7742=CARTESIAN_POINT('',(-0.0185,0.,-1.88737914186277E-18));
#7743=CARTESIAN_POINT('',(-0.0185,-0.00759609957425151,-0.00250983490653392));
#7744=CARTESIAN_POINT('',(-0.0185,-0.00759609957425151,-0.00250983490653391));
#7745=CARTESIAN_POINT('',(-0.01,0.00387298334620742,-0.007));
#7746=CARTESIAN_POINT('',(-0.0185,-0.00387298334620742,-0.007));
#7747=CARTESIAN_POINT('',(-0.0185,-0.00387298334620742,-0.007));
#7748=CARTESIAN_POINT('',(-0.0185,-0.00387298334620741,-0.007));
#7749=CARTESIAN_POINT('',(-0.0188605769230769,0.,-0.00700000000000002));
#7750=CARTESIAN_POINT('',(-0.0185,0.00387298334620741,-0.007));
#7751=CARTESIAN_POINT('',(-0.0185,0.00387298334620742,-0.007));
#7752=CARTESIAN_POINT('',(-0.0185,0.00387298334620742,-0.007));
#7753=CARTESIAN_POINT('',(-0.01,-0.00387298334620742,-0.007));
#7754=CARTESIAN_POINT('',(-0.0185,-0.0075960995742515,-0.00250983490653392));
#7755=CARTESIAN_POINT('',(-0.0187044662080175,-0.00573454146022946,-0.00475491745326696));
#7756=CARTESIAN_POINT('',(-0.0185,-0.00387298334620743,-0.007));
#7757=CARTESIAN_POINT('',(-0.0124,0.0028,0.0061));
#7758=CARTESIAN_POINT('',(-0.01695,0.0014,0.0061));
#7759=CARTESIAN_POINT('',(-0.01695,-0.0028,0.0061));
#7760=CARTESIAN_POINT('',(-0.01695,0.0028,0.0061));
#7761=CARTESIAN_POINT('',(-0.0124,-0.0028,0.0061));
#7762=CARTESIAN_POINT('',(-0.0187477058311884,-0.0028000000000011,0.0061));
#7763=CARTESIAN_POINT('',(-0.0188653846153846,1.20077312947047E-19,0.00610000000000001));
#7764=CARTESIAN_POINT('',(-0.0188653846153846,-0.00133313251239486,0.00610000000000001));
#7765=CARTESIAN_POINT('',(-0.0187477058311882,-0.00280000000000332,0.0061));
#7766=CARTESIAN_POINT('',(-0.0188653846153846,-1.68959973861931E-19,0.0061));
#7767=CARTESIAN_POINT('',(-0.0187477058311885,0.0028,0.0061));
#7768=CARTESIAN_POINT('',(-0.0188653846153846,0.00133313251239343,0.00610000000000001));
#7769=CARTESIAN_POINT('',(-0.0188653846153846,1.20077312947047E-19,0.00610000000000001));
#7770=CARTESIAN_POINT('',(-0.0187477058311884,0.0028,0.0061));
#7771=CARTESIAN_POINT('',(-0.0124,0.0028,0.0061));
#7772=CARTESIAN_POINT('',(-0.0155,-0.0014,0.0063));
#7773=CARTESIAN_POINT('',(-0.01405,-0.0028,0.0063));
#7774=CARTESIAN_POINT('',(-0.01405,0.0028,0.0063));
#7775=CARTESIAN_POINT('',(-0.01695,0.0028,0.0063));
#7776=CARTESIAN_POINT('',(-0.01695,0.0028,0.0063));
#7777=CARTESIAN_POINT('',(-0.01405,0.0028,0.0063));
#7778=CARTESIAN_POINT('',(-0.01405,0.,0.0061));
#7779=CARTESIAN_POINT('',(-0.01405,2.77555756156289E-19,0.0061));
#7780=CARTESIAN_POINT('',(-0.01405,0.0028,0.0061));
#7781=CARTESIAN_POINT('',(-0.01405,-0.0028,0.0061));
#7782=CARTESIAN_POINT('',(-0.01405,-0.0028,0.0061));
#7783=CARTESIAN_POINT('',(-0.01405,-0.0028,0.0063));
#7784=CARTESIAN_POINT('',(-0.01405,-0.0028,0.0063));
#7785=CARTESIAN_POINT('',(-0.01405,0.0028,0.0061));
#7786=CARTESIAN_POINT('',(-0.01695,0.0028,0.0061));
#7787=CARTESIAN_POINT('',(-0.01695,0.0028,0.0061));
#7788=CARTESIAN_POINT('',(-0.01695,0.0028,0.0063));
#7789=CARTESIAN_POINT('',(-0.01695,-0.0028,0.0063));
#7790=CARTESIAN_POINT('',(-0.01695,-0.0028,0.0061));
#7791=CARTESIAN_POINT('',(-0.0155,-0.0014,0.0063));
#7792=CARTESIAN_POINT('',(-0.01695,-0.0028,0.0063));
#7793=CARTESIAN_POINT('',(-0.019,0.,-5.70971841235794E-19));
#7794=CARTESIAN_POINT('',(-0.0185,0.00387298334620743,-0.007));
#7795=CARTESIAN_POINT('',(-0.0187044662080175,0.00573454146022946,-0.00475491745326696));
#7796=CARTESIAN_POINT('',(-0.0185,0.0075960995742515,-0.00250983490653392));
#7797=CARTESIAN_POINT('',(-0.0193126560621688,0.00141226720482481,0.0035));
#7798=CARTESIAN_POINT('',(-0.0192670072008449,0.00204663335744543,0.0035));
#7799=CARTESIAN_POINT('',(-0.0191765025064994,0.0028,0.0035));
#7800=CARTESIAN_POINT('',(-0.0191765025064994,0.0028,0.00350000000000063));
#7801=CARTESIAN_POINT('',(-0.0191765025064991,0.0028,0.0035000000000019));
#7802=CARTESIAN_POINT('',(-0.0190201703852921,0.0028,0.00454105455416754));
#7803=CARTESIAN_POINT('',(-0.0187477058311885,0.0028,0.00609999999999998));
#7804=CARTESIAN_POINT('',(-0.0187477058311885,-0.0028,0.0061));
#7805=CARTESIAN_POINT('',(-0.0190201703852921,-0.0028,0.00454105455416755));
#7806=CARTESIAN_POINT('',(-0.0191765025064991,-0.0028,0.0035000000000019));
#7807=CARTESIAN_POINT('',(-0.0191765025064994,-0.0028,0.00350000000000063));
#7808=CARTESIAN_POINT('',(-0.0191765025064994,-0.0028,0.0035));
#7809=CARTESIAN_POINT('',(-0.0192670072008449,-0.00204663335744543,0.0035));
#7810=CARTESIAN_POINT('',(-0.0193126560621688,-0.00141226720482481,0.0035));
#7811=CARTESIAN_POINT('',(-0.01,0.0075960995742515,-0.00250983490653392));
#7812=CARTESIAN_POINT('',(-0.0124,0.0028,0.0035));
#7813=CARTESIAN_POINT('',(-0.0124,-0.0028,0.0035));
#7814=CARTESIAN_POINT('',(-0.0122116399708513,-0.0028,0.0035));
#7815=CARTESIAN_POINT('',(-0.0122116399708513,0.0014,0.0035));
#7816=CARTESIAN_POINT('',(-0.0122116399708513,0.0028,0.0035));
#7817=CARTESIAN_POINT('',(-0.0124,0.0028,0.0035));
#7818=CARTESIAN_POINT('',(-0.0124,-0.0028,0.0035));
#7819=CARTESIAN_POINT('',(-0.0124,-0.0028,0.0061));
#7820=CARTESIAN_POINT('',(-0.0122116399708513,-0.0028,0.0061));
#7821=CARTESIAN_POINT('',(-0.0122116399708513,-0.0028,0.00200000177546985));
#7822=CARTESIAN_POINT('',(-0.0124,0.0028,0.0035));
#7823=CARTESIAN_POINT('',(-0.0124,0.0028,0.0061));
#7824=CARTESIAN_POINT('',(-0.0122116399708513,0.0028,0.0061));
#7825=CARTESIAN_POINT('',(-0.0122116399708513,0.0028,0.00200000177546985));
#7826=CARTESIAN_POINT('',(-0.0124,0.0028,0.0061));
#7827=CARTESIAN_POINT('',(-0.0122116399708513,0.0014,0.0061));
#7828=CARTESIAN_POINT('',(-0.0243126560621688,-8.96578287577853E-20,-1.3010426069826E-18));
#7829=CARTESIAN_POINT('',(-0.0243126560621688,-0.00139271711502344,0.0034));
#7830=CARTESIAN_POINT('',(-0.0243126560621688,0.00139271711502344,0.0034));
#7831=CARTESIAN_POINT('',(-0.0243126560621688,-2.16840434497101E-19,0.0034));
#7832=CARTESIAN_POINT('',(-0.0260016560621688,-0.0021061336024124,0.0035));
#7833=CARTESIAN_POINT('',(-0.0122116399708513,0.,0.0005));
#7834=CARTESIAN_POINT('',(-0.011,0.,8.57252759403147E-19));
#7835=CARTESIAN_POINT('',(-0.0215,0.00301386097148866,0.0136717461227357));
#7836=CARTESIAN_POINT('',(-0.0215,-0.002973878711016,-0.0136804987267338));
#7837=CARTESIAN_POINT('',(-0.008998,0.00105655086020198,0.00201747118560195));
#7838=CARTESIAN_POINT('',(-0.008998,0.000543372665577187,0.00256577570454124));
#7839=CARTESIAN_POINT('',(-0.008998,0.00156972905482677,0.00146916666666266));
#7840=CARTESIAN_POINT('',(-0.008998,0.000543372665577187,0.00256577570454124));
#7841=CARTESIAN_POINT('',(-0.008998,5.2914487028155E-15,0.00256577570454124));
#7842=CARTESIAN_POINT('',(-0.008998,-0.000543372665566604,0.00256577570454124));
#7843=CARTESIAN_POINT('',(-0.008998,5.2914487028155E-15,0.00256577570454124));
#7844=CARTESIAN_POINT('',(-0.008998,-0.000543372665566604,0.00256577570454124));
#7845=CARTESIAN_POINT('',(-0.008998,-0.00105655086019292,0.00201747118560597));
#7846=CARTESIAN_POINT('',(-0.008998,-0.00156972905481924,0.0014691666666707));
#7847=CARTESIAN_POINT('',(-0.008998,0.,-1.62630325872825E-18));
#7848=CARTESIAN_POINT('',(-0.008998,-0.00127589653074548,-0.00173048780487805));
#7849=CARTESIAN_POINT('',(-0.008998,-0.000991406088079254,-0.00194024390243902));
#7850=CARTESIAN_POINT('',(-0.008998,-0.000706915645413032,-0.00215));
#7851=CARTESIAN_POINT('',(-0.008998,1.95156391047391E-18,-0.00215));
#7852=CARTESIAN_POINT('',(-0.008998,0.000706915645413036,-0.00215));
#7853=CARTESIAN_POINT('',(-0.008998,0.000991406088079257,-0.00194024390243902));
#7854=CARTESIAN_POINT('',(-0.008998,0.00127589653074548,-0.00173048780487805));
#7855=CARTESIAN_POINT('',(-0.008998,0.,-1.62630325872825E-18));
#7856=CARTESIAN_POINT('',(-0.034,3.99822604726531E-5,-8.75260399816735E-6));
#7857=CARTESIAN_POINT('',(-0.034,-0.00411110651366734,-0.0100292155746392));
#7858=CARTESIAN_POINT('',(-0.034,-0.0034930725249174,-0.00812710254204871));
#7859=CARTESIAN_POINT('',(-0.034,-0.00472914050241731,-0.0119313286072296));
#7860=CARTESIAN_POINT('',(-0.034,-0.00453892919915828,-0.0119931320061046));
#7861=CARTESIAN_POINT('',(-0.034,-0.00460073259803322,-0.0121833433093635));
#7862=CARTESIAN_POINT('',(-0.034,-0.00398190024089606,-0.0123844141308636));
#7863=CARTESIAN_POINT('',(-0.034,-0.0033630678837589,-0.0125854849523637));
#7864=CARTESIAN_POINT('',(-0.034,-0.00330126448488395,-0.0123952736491048));
#7865=CARTESIAN_POINT('',(-0.034,-0.00311105318162493,-0.0124570770479798));
#7866=CARTESIAN_POINT('',(-0.034,-0.00249301919287501,-0.0105549640153893));
#7867=CARTESIAN_POINT('',(-0.034,-0.00187498520412507,-0.00865285098279887));
#7868=CARTESIAN_POINT('',(-0.034,-0.00206519650738407,-0.00859104758392389));
#7869=CARTESIAN_POINT('',(-0.034,-0.00200339310850908,-0.00840083628066486));
#7870=CARTESIAN_POINT('',(-0.034,-0.00262222546564629,-0.0081997654591649));
#7871=CARTESIAN_POINT('',(-0.034,-0.00324105782278345,-0.0079986946376648));
#7872=CARTESIAN_POINT('',(-0.034,-0.0033028612216584,-0.00818890594092368));
#7873=CARTESIAN_POINT('',(-0.034,-0.000810696586193372,-0.0108087526039982));
#7874=CARTESIAN_POINT('',(-0.034,-0.000810696586193372,-0.00880875260399801));
#7875=CARTESIAN_POINT('',(-0.034,-0.000810696586193401,-0.0128087526039983));
#7876=CARTESIAN_POINT('',(-0.034,-0.000610696586193401,-0.0128087526039983));
#7877=CARTESIAN_POINT('',(-0.034,-0.000610696586193401,-0.0130087526039982));
#7878=CARTESIAN_POINT('',(-0.034,3.99822604726517E-5,-0.0130087526039982));
#7879=CARTESIAN_POINT('',(-0.034,0.000690661107138704,-0.0130087526039983));
#7880=CARTESIAN_POINT('',(-0.034,0.000690661107138704,-0.0128087526039983));
#7881=CARTESIAN_POINT('',(-0.034,0.000890661107138703,-0.0128087526039983));
#7882=CARTESIAN_POINT('',(-0.034,0.000890661107138676,-0.0108087526039982));
#7883=CARTESIAN_POINT('',(-0.034,0.000890661107138677,-0.00880875260399801));
#7884=CARTESIAN_POINT('',(-0.034,0.000690661107138705,-0.00880875260399801));
#7885=CARTESIAN_POINT('',(-0.034,0.000690661107138705,-0.00860875260399801));
#7886=CARTESIAN_POINT('',(-0.034,3.99822604726521E-5,-0.00860875260399817));
#7887=CARTESIAN_POINT('',(-0.034,-0.0006106965861934,-0.00860875260399817));
#7888=CARTESIAN_POINT('',(-0.034,-0.0006106965861934,-0.00880875260399801));
#7889=CARTESIAN_POINT('',(-0.034,0.00256906997159245,-0.0105302536194702));
#7890=CARTESIAN_POINT('',(-0.034,0.00195103598284252,-0.00862814058687972));
#7891=CARTESIAN_POINT('',(-0.034,0.00318710396034237,-0.0124323666520606));
#7892=CARTESIAN_POINT('',(-0.034,0.00337731526360141,-0.0123705632531856));
#7893=CARTESIAN_POINT('',(-0.034,0.00343911866247635,-0.0125607745564445));
#7894=CARTESIAN_POINT('',(-0.034,0.00405795101961351,-0.0123597037349444));
#7895=CARTESIAN_POINT('',(-0.034,0.00467678337675068,-0.0121586329134443));
#7896=CARTESIAN_POINT('',(-0.034,0.00461497997787573,-0.0119684216101854));
#7897=CARTESIAN_POINT('',(-0.034,0.00480519128113476,-0.0119066182113105));
#7898=CARTESIAN_POINT('',(-0.034,0.00418715729238479,-0.01000450517872));
#7899=CARTESIAN_POINT('',(-0.034,0.00356912330363485,-0.00810239214612956));
#7900=CARTESIAN_POINT('',(-0.034,0.00337891200037585,-0.00816419554500454));
#7901=CARTESIAN_POINT('',(-0.034,0.00331710860150086,-0.00797398424174551));
#7902=CARTESIAN_POINT('',(-0.034,0.00269827624436374,-0.00817505506324575));
#7903=CARTESIAN_POINT('',(-0.034,0.00207944388722658,-0.00837612588474585));
#7904=CARTESIAN_POINT('',(-0.034,0.00214124728610152,-0.00856633718800474));
#7905=CARTESIAN_POINT('',(-0.034,0.000810696586193373,0.0108087526039982));
#7906=CARTESIAN_POINT('',(-0.034,0.000810696586193373,0.00880875260399801));
#7907=CARTESIAN_POINT('',(-0.034,0.000810696586193403,0.0128087526039983));
#7908=CARTESIAN_POINT('',(-0.034,0.000610696586193402,0.0128087526039983));
#7909=CARTESIAN_POINT('',(-0.034,0.000610696586193402,0.0130087526039982));
#7910=CARTESIAN_POINT('',(-0.034,-3.998226047265E-5,0.0130087526039982));
#7911=CARTESIAN_POINT('',(-0.034,-0.000690661107138702,0.0130087526039982));
#7912=CARTESIAN_POINT('',(-0.034,-0.000690661107138702,0.0128087526039983));
#7913=CARTESIAN_POINT('',(-0.034,-0.000890661107138701,0.0128087526039983));
#7914=CARTESIAN_POINT('',(-0.034,-0.000890661107138675,0.0108087526039982));
#7915=CARTESIAN_POINT('',(-0.034,-0.000890661107138676,0.00880875260399801));
#7916=CARTESIAN_POINT('',(-0.034,-0.000690661107138704,0.00880875260399801));
#7917=CARTESIAN_POINT('',(-0.034,-0.000690661107138704,0.00860875260399801));
#7918=CARTESIAN_POINT('',(-0.034,-3.99822604726513E-5,0.00860875260399816));
#7919=CARTESIAN_POINT('',(-0.034,0.000610696586193401,0.00860875260399816));
#7920=CARTESIAN_POINT('',(-0.034,0.000610696586193401,0.00880875260399801));
#7921=CARTESIAN_POINT('',(-0.034,-0.00256906997159245,0.0105302536194702));
#7922=CARTESIAN_POINT('',(-0.034,-0.00195103598284252,0.00862814058687972));
#7923=CARTESIAN_POINT('',(-0.034,-0.00318710396034237,0.0124323666520606));
#7924=CARTESIAN_POINT('',(-0.034,-0.0033773152636014,0.0123705632531856));
#7925=CARTESIAN_POINT('',(-0.034,-0.00343911866247635,0.0125607745564445));
#7926=CARTESIAN_POINT('',(-0.034,-0.00405795101961351,0.0123597037349444));
#7927=CARTESIAN_POINT('',(-0.034,-0.00467678337675067,0.0121586329134443));
#7928=CARTESIAN_POINT('',(-0.034,-0.00461497997787573,0.0119684216101854));
#7929=CARTESIAN_POINT('',(-0.034,-0.00480519128113476,0.0119066182113105));
#7930=CARTESIAN_POINT('',(-0.034,-0.00418715729238479,0.01000450517872));
#7931=CARTESIAN_POINT('',(-0.034,-0.00356912330363485,0.00810239214612956));
#7932=CARTESIAN_POINT('',(-0.034,-0.00337891200037585,0.00816419554500454));
#7933=CARTESIAN_POINT('',(-0.034,-0.00331710860150085,0.0079739842417455));
#7934=CARTESIAN_POINT('',(-0.034,-0.00269827624436374,0.00817505506324575));
#7935=CARTESIAN_POINT('',(-0.034,-0.00207944388722658,0.00837612588474585));
#7936=CARTESIAN_POINT('',(-0.034,-0.00214124728610152,0.00856633718800473));
#7937=CARTESIAN_POINT('',(-0.034,-0.0056973580607958,0.0092209800420773));
#7938=CARTESIAN_POINT('',(-0.034,-0.00452178755621076,0.00760294605332728));
#7939=CARTESIAN_POINT('',(-0.034,-0.00687292856538081,0.0108390140308273));
#7940=CARTESIAN_POINT('',(-0.034,-0.0070347319642558,0.0107214569803688));
#7941=CARTESIAN_POINT('',(-0.034,-0.0071522890147142,0.0108832603792437));
#7942=CARTESIAN_POINT('',(-0.034,-0.00767869925954733,0.0105008009491947));
#7943=CARTESIAN_POINT('',(-0.034,-0.00820510950438046,0.0101183415191457));
#7944=CARTESIAN_POINT('',(-0.034,-0.00808755245392205,0.00995653812027088));
#7945=CARTESIAN_POINT('',(-0.034,-0.00824935585279704,0.00983898106981239));
#7946=CARTESIAN_POINT('',(-0.034,-0.00707378534821198,0.00822094708106238));
#7947=CARTESIAN_POINT('',(-0.034,-0.00589821484362695,0.00660291309231236));
#7948=CARTESIAN_POINT('',(-0.034,-0.00573641144475198,0.00672047014277084));
#7949=CARTESIAN_POINT('',(-0.034,-0.00561885439429348,0.00655866674389585));
#7950=CARTESIAN_POINT('',(-0.034,-0.00509244414946045,0.00694112617394496));
#7951=CARTESIAN_POINT('',(-0.034,-0.00456603390462732,0.00732358560399394));
#7952=CARTESIAN_POINT('',(-0.034,-0.00468359095508572,0.0074853890028688));
#7953=CARTESIAN_POINT('',(-0.034,-0.00826794904718066,0.00700909269182018));
#7954=CARTESIAN_POINT('',(-0.034,-0.00664991505843064,0.00583352218723514));
#7955=CARTESIAN_POINT('',(-0.034,-0.00988598303593067,0.00818466319640524));
#7956=CARTESIAN_POINT('',(-0.034,-0.0100035400863892,0.00802285979753025));
#7957=CARTESIAN_POINT('',(-0.034,-0.010165343485264,0.00814041684798865));
#7958=CARTESIAN_POINT('',(-0.034,-0.010547802915313,0.00761400660315553));
#7959=CARTESIAN_POINT('',(-0.034,-0.010930262345362,0.0070875963583224));
#7960=CARTESIAN_POINT('',(-0.034,-0.0107684589464871,0.00697003930786399));
#7961=CARTESIAN_POINT('',(-0.034,-0.0108860159969456,0.00680823590898901));
#7962=CARTESIAN_POINT('',(-0.034,-0.00926798200819558,0.00563266540440399));
#7963=CARTESIAN_POINT('',(-0.034,-0.00764994801944556,0.00445709489981895));
#7964=CARTESIAN_POINT('',(-0.034,-0.00753239096898709,0.00461889829869392));
#7965=CARTESIAN_POINT('',(-0.034,-0.00737058757011209,0.00450134124823543));
#7966=CARTESIAN_POINT('',(-0.034,-0.00698812814006324,0.00502775149306864));
#7967=CARTESIAN_POINT('',(-0.034,-0.00660566871001426,0.00555416173790177));
#7968=CARTESIAN_POINT('',(-0.034,-0.00676747210888912,0.00567171878836018));
#7969=CARTESIAN_POINT('',(-0.034,-0.0100292155746392,0.00411110651366734));
#7970=CARTESIAN_POINT('',(-0.034,-0.00812710254204871,0.0034930725249174));
#7971=CARTESIAN_POINT('',(-0.034,-0.0119313286072296,0.00472914050241731));
#7972=CARTESIAN_POINT('',(-0.034,-0.0119931320061046,0.00453892919915828));
#7973=CARTESIAN_POINT('',(-0.034,-0.0121833433093635,0.00460073259803322));
#7974=CARTESIAN_POINT('',(-0.034,-0.0123844141308636,0.00398190024089606));
#7975=CARTESIAN_POINT('',(-0.034,-0.0125854849523637,0.0033630678837589));
#7976=CARTESIAN_POINT('',(-0.034,-0.0123952736491048,0.00330126448488395));
#7977=CARTESIAN_POINT('',(-0.034,-0.0124570770479798,0.00311105318162493));
#7978=CARTESIAN_POINT('',(-0.034,-0.0105549640153893,0.002493019192875));
#7979=CARTESIAN_POINT('',(-0.034,-0.00865285098279887,0.00187498520412506));
#7980=CARTESIAN_POINT('',(-0.034,-0.00859104758392389,0.00206519650738406));
#7981=CARTESIAN_POINT('',(-0.034,-0.00840083628066485,0.00200339310850908));
#7982=CARTESIAN_POINT('',(-0.034,-0.0081997654591649,0.00262222546564629));
#7983=CARTESIAN_POINT('',(-0.034,-0.0079986946376648,0.00324105782278345));
#7984=CARTESIAN_POINT('',(-0.034,-0.00818890594092368,0.0033028612216584));
#7985=CARTESIAN_POINT('',(-0.034,-0.0108087526039982,0.000810696586193372));
#7986=CARTESIAN_POINT('',(-0.034,-0.00880875260399801,0.000810696586193371));
#7987=CARTESIAN_POINT('',(-0.034,-0.0128087526039983,0.000810696586193402));
#7988=CARTESIAN_POINT('',(-0.034,-0.0128087526039983,0.000610696586193402));
#7989=CARTESIAN_POINT('',(-0.034,-0.0130087526039982,0.000610696586193402));
#7990=CARTESIAN_POINT('',(-0.034,-0.0130087526039982,-3.99822604726511E-5));
#7991=CARTESIAN_POINT('',(-0.034,-0.0130087526039982,-0.000690661107138704));
#7992=CARTESIAN_POINT('',(-0.034,-0.0128087526039983,-0.000690661107138707));
#7993=CARTESIAN_POINT('',(-0.034,-0.0128087526039983,-0.000890661107138702));
#7994=CARTESIAN_POINT('',(-0.034,-0.0108087526039982,-0.000890661107138676));
#7995=CARTESIAN_POINT('',(-0.034,-0.00880875260399801,-0.000890661107138677));
#7996=CARTESIAN_POINT('',(-0.034,-0.00880875260399801,-0.000690661107138702));
#7997=CARTESIAN_POINT('',(-0.034,-0.00860875260399801,-0.000690661107138705));
#7998=CARTESIAN_POINT('',(-0.034,-0.00860875260399817,-3.99822604726522E-5));
#7999=CARTESIAN_POINT('',(-0.034,-0.00860875260399816,0.0006106965861934));
#8000=CARTESIAN_POINT('',(-0.034,-0.00880875260399801,0.0006106965861934));
#8001=CARTESIAN_POINT('',(-0.034,0.0056973580607958,-0.0092209800420773));
#8002=CARTESIAN_POINT('',(-0.034,0.00452178755621076,-0.00760294605332728));
#8003=CARTESIAN_POINT('',(-0.034,0.00687292856538081,-0.0108390140308273));
#8004=CARTESIAN_POINT('',(-0.034,0.0070347319642558,-0.0107214569803688));
#8005=CARTESIAN_POINT('',(-0.034,0.0071522890147142,-0.0108832603792437));
#8006=CARTESIAN_POINT('',(-0.034,0.00767869925954733,-0.0105008009491947));
#8007=CARTESIAN_POINT('',(-0.034,0.00820510950438046,-0.0101183415191457));
#8008=CARTESIAN_POINT('',(-0.034,0.00808755245392205,-0.00995653812027088));
#8009=CARTESIAN_POINT('',(-0.034,0.00824935585279704,-0.00983898106981239));
#8010=CARTESIAN_POINT('',(-0.034,0.00707378534821199,-0.00822094708106239));
#8011=CARTESIAN_POINT('',(-0.034,0.00589821484362695,-0.00660291309231237));
#8012=CARTESIAN_POINT('',(-0.034,0.00573641144475198,-0.00672047014277084));
#8013=CARTESIAN_POINT('',(-0.034,0.00561885439429348,-0.00655866674389585));
#8014=CARTESIAN_POINT('',(-0.034,0.00509244414946045,-0.00694112617394496));
#8015=CARTESIAN_POINT('',(-0.034,0.00456603390462732,-0.00732358560399394));
#8016=CARTESIAN_POINT('',(-0.034,0.00468359095508572,-0.0074853890028688));
#8017=CARTESIAN_POINT('',(-0.034,0.00826794904718067,-0.00700909269182018));
#8018=CARTESIAN_POINT('',(-0.034,0.00664991505843064,-0.00583352218723514));
#8019=CARTESIAN_POINT('',(-0.034,0.00988598303593067,-0.00818466319640525));
#8020=CARTESIAN_POINT('',(-0.034,0.0100035400863892,-0.00802285979753026));
#8021=CARTESIAN_POINT('',(-0.034,0.010165343485264,-0.00814041684798866));
#8022=CARTESIAN_POINT('',(-0.034,0.010547802915313,-0.00761400660315553));
#8023=CARTESIAN_POINT('',(-0.034,0.010930262345362,-0.0070875963583224));
#8024=CARTESIAN_POINT('',(-0.034,0.0107684589464871,-0.006970039307864));
#8025=CARTESIAN_POINT('',(-0.034,0.0108860159969456,-0.00680823590898901));
#8026=CARTESIAN_POINT('',(-0.034,0.00926798200819559,-0.005632665404404));
#8027=CARTESIAN_POINT('',(-0.034,0.00764994801944557,-0.00445709489981896));
#8028=CARTESIAN_POINT('',(-0.034,0.00753239096898708,-0.00461889829869392));
#8029=CARTESIAN_POINT('',(-0.034,0.00737058757011209,-0.00450134124823543));
#8030=CARTESIAN_POINT('',(-0.034,0.00698812814006324,-0.00502775149306865));
#8031=CARTESIAN_POINT('',(-0.034,0.00660566871001426,-0.00555416173790177));
#8032=CARTESIAN_POINT('',(-0.034,0.00676747210888912,-0.00567171878836018));
#8033=CARTESIAN_POINT('',(-0.034,0.0100292155746392,-0.00411110651366735));
#8034=CARTESIAN_POINT('',(-0.034,0.00812710254204871,-0.0034930725249174));
#8035=CARTESIAN_POINT('',(-0.034,0.0119313286072296,-0.00472914050241732));
#8036=CARTESIAN_POINT('',(-0.034,0.0119931320061046,-0.00453892919915828));
#8037=CARTESIAN_POINT('',(-0.034,0.0121833433093635,-0.00460073259803323));
#8038=CARTESIAN_POINT('',(-0.034,0.0123844141308636,-0.00398190024089606));
#8039=CARTESIAN_POINT('',(-0.034,0.0125854849523637,-0.0033630678837589));
#8040=CARTESIAN_POINT('',(-0.034,0.0123952736491048,-0.00330126448488395));
#8041=CARTESIAN_POINT('',(-0.034,0.0124570770479798,-0.00311105318162493));
#8042=CARTESIAN_POINT('',(-0.034,0.0105549640153893,-0.00249301919287501));
#8043=CARTESIAN_POINT('',(-0.034,0.00865285098279887,-0.00187498520412507));
#8044=CARTESIAN_POINT('',(-0.034,0.00859104758392389,-0.00206519650738407));
#8045=CARTESIAN_POINT('',(-0.034,0.00840083628066485,-0.00200339310850908));
#8046=CARTESIAN_POINT('',(-0.034,0.0081997654591649,-0.00262222546564629));
#8047=CARTESIAN_POINT('',(-0.034,0.0079986946376648,-0.00324105782278345));
#8048=CARTESIAN_POINT('',(-0.034,0.00818890594092369,-0.0033028612216584));
#8049=CARTESIAN_POINT('',(-0.034,0.0108087526039982,-0.000810696586193374));
#8050=CARTESIAN_POINT('',(-0.034,0.00880875260399801,-0.000810696586193374));
#8051=CARTESIAN_POINT('',(-0.034,0.0128087526039983,-0.000810696586193404));
#8052=CARTESIAN_POINT('',(-0.034,0.0128087526039983,-0.000610696586193403));
#8053=CARTESIAN_POINT('',(-0.034,0.0130087526039982,-0.000610696586193403));
#8054=CARTESIAN_POINT('',(-0.034,0.0130087526039982,3.99822604726496E-5));
#8055=CARTESIAN_POINT('',(-0.034,0.0130087526039982,0.000690661107138702));
#8056=CARTESIAN_POINT('',(-0.034,0.0128087526039983,0.000690661107138702));
#8057=CARTESIAN_POINT('',(-0.034,0.0128087526039983,0.000890661107138701));
#8058=CARTESIAN_POINT('',(-0.034,0.0108087526039982,0.000890661107138674));
#8059=CARTESIAN_POINT('',(-0.034,0.00880875260399801,0.000890661107138675));
#8060=CARTESIAN_POINT('',(-0.034,0.00880875260399801,0.0006906611071387));
#8061=CARTESIAN_POINT('',(-0.034,0.00860875260399801,0.000690661107138703));
#8062=CARTESIAN_POINT('',(-0.034,0.00860875260399816,3.99822604726502E-5));
#8063=CARTESIAN_POINT('',(-0.034,0.00860875260399816,-0.000610696586193402));
#8064=CARTESIAN_POINT('',(-0.034,0.00880875260399801,-0.000610696586193402));
#8065=CARTESIAN_POINT('',(-0.034,0.0105302536194702,0.00256906997159245));
#8066=CARTESIAN_POINT('',(-0.034,0.00862814058687972,0.00195103598284251));
#8067=CARTESIAN_POINT('',(-0.034,0.0124323666520606,0.00318710396034237));
#8068=CARTESIAN_POINT('',(-0.034,0.0123705632531856,0.0033773152636014));
#8069=CARTESIAN_POINT('',(-0.034,0.0125607745564445,0.00343911866247635));
#8070=CARTESIAN_POINT('',(-0.034,0.0123597037349444,0.00405795101961351));
#8071=CARTESIAN_POINT('',(-0.034,0.0121586329134443,0.00467678337675067));
#8072=CARTESIAN_POINT('',(-0.034,0.0119684216101854,0.00461497997787573));
#8073=CARTESIAN_POINT('',(-0.034,0.0119066182113105,0.00480519128113476));
#8074=CARTESIAN_POINT('',(-0.034,0.01000450517872,0.00418715729238479));
#8075=CARTESIAN_POINT('',(-0.034,0.00810239214612956,0.00356912330363485));
#8076=CARTESIAN_POINT('',(-0.034,0.00816419554500454,0.00337891200037585));
#8077=CARTESIAN_POINT('',(-0.034,0.0079739842417455,0.00331710860150085));
#8078=CARTESIAN_POINT('',(-0.034,0.00817505506324575,0.00269827624436373));
#8079=CARTESIAN_POINT('',(-0.034,0.00837612588474585,0.00207944388722657));
#8080=CARTESIAN_POINT('',(-0.034,0.00856633718800474,0.00214124728610152));
#8081=CARTESIAN_POINT('',(-0.034,0.0092209800420773,0.0056973580607958));
#8082=CARTESIAN_POINT('',(-0.034,0.00760294605332728,0.00452178755621076));
#8083=CARTESIAN_POINT('',(-0.034,0.0108390140308273,0.00687292856538081));
#8084=CARTESIAN_POINT('',(-0.034,0.0107214569803688,0.0070347319642558));
#8085=CARTESIAN_POINT('',(-0.034,0.0108832603792437,0.0071522890147142));
#8086=CARTESIAN_POINT('',(-0.034,0.0105008009491947,0.00767869925954733));
#8087=CARTESIAN_POINT('',(-0.034,0.0101183415191457,0.00820510950438046));
#8088=CARTESIAN_POINT('',(-0.034,0.00995653812027088,0.00808755245392205));
#8089=CARTESIAN_POINT('',(-0.034,0.00983898106981239,0.00824935585279704));
#8090=CARTESIAN_POINT('',(-0.034,0.00822094708106239,0.00707378534821198));
#8091=CARTESIAN_POINT('',(-0.034,0.00660291309231237,0.00589821484362695));
#8092=CARTESIAN_POINT('',(-0.034,0.00672047014277084,0.00573641144475198));
#8093=CARTESIAN_POINT('',(-0.034,0.00655866674389585,0.00561885439429348));
#8094=CARTESIAN_POINT('',(-0.034,0.00694112617394496,0.00509244414946045));
#8095=CARTESIAN_POINT('',(-0.034,0.00732358560399394,0.00456603390462732));
#8096=CARTESIAN_POINT('',(-0.034,0.0074853890028688,0.00468359095508572));
#8097=CARTESIAN_POINT('',(-0.034,0.00700909269182018,0.00826794904718066));
#8098=CARTESIAN_POINT('',(-0.034,0.00583352218723514,0.00664991505843064));
#8099=CARTESIAN_POINT('',(-0.034,0.00818466319640524,0.00988598303593067));
#8100=CARTESIAN_POINT('',(-0.034,0.00802285979753025,0.0100035400863891));
#8101=CARTESIAN_POINT('',(-0.034,0.00814041684798865,0.010165343485264));
#8102=CARTESIAN_POINT('',(-0.034,0.00761400660315553,0.010547802915313));
#8103=CARTESIAN_POINT('',(-0.034,0.0070875963583224,0.010930262345362));
#8104=CARTESIAN_POINT('',(-0.034,0.006970039307864,0.0107684589464871));
#8105=CARTESIAN_POINT('',(-0.034,0.00680823590898901,0.0108860159969456));
#8106=CARTESIAN_POINT('',(-0.034,0.005632665404404,0.00926798200819559));
#8107=CARTESIAN_POINT('',(-0.034,0.00445709489981896,0.00764994801944557));
#8108=CARTESIAN_POINT('',(-0.034,0.00461889829869392,0.00753239096898708));
#8109=CARTESIAN_POINT('',(-0.034,0.00450134124823543,0.00737058757011209));
#8110=CARTESIAN_POINT('',(-0.034,0.00502775149306864,0.00698812814006324));
#8111=CARTESIAN_POINT('',(-0.034,0.00555416173790177,0.00660566871001425));
#8112=CARTESIAN_POINT('',(-0.034,0.00567171878836018,0.00676747210888912));
#8113=CARTESIAN_POINT('',(-0.034,0.00411110651366735,0.0100292155746392));
#8114=CARTESIAN_POINT('',(-0.034,0.0034930725249174,0.0081271025420487));
#8115=CARTESIAN_POINT('',(-0.034,0.00472914050241731,0.0119313286072296));
#8116=CARTESIAN_POINT('',(-0.034,0.00453892919915828,0.0119931320061046));
#8117=CARTESIAN_POINT('',(-0.034,0.00460073259803322,0.0121833433093635));
#8118=CARTESIAN_POINT('',(-0.034,0.00398190024089606,0.0123844141308636));
#8119=CARTESIAN_POINT('',(-0.034,0.0033630678837589,0.0125854849523637));
#8120=CARTESIAN_POINT('',(-0.034,0.00330126448488395,0.0123952736491048));
#8121=CARTESIAN_POINT('',(-0.034,0.00311105318162493,0.0124570770479798));
#8122=CARTESIAN_POINT('',(-0.034,0.002493019192875,0.0105549640153893));
#8123=CARTESIAN_POINT('',(-0.034,0.00187498520412507,0.00865285098279887));
#8124=CARTESIAN_POINT('',(-0.034,0.00206519650738407,0.00859104758392388));
#8125=CARTESIAN_POINT('',(-0.034,0.00200339310850908,0.00840083628066485));
#8126=CARTESIAN_POINT('',(-0.034,0.00262222546564629,0.0081997654591649));
#8127=CARTESIAN_POINT('',(-0.034,0.00324105782278345,0.0079986946376648));
#8128=CARTESIAN_POINT('',(-0.034,0.0033028612216584,0.00818890594092368));
#8129=CARTESIAN_POINT('',(-0.034,-0.0105302536194702,-0.00256906997159245));
#8130=CARTESIAN_POINT('',(-0.034,-0.00862814058687972,-0.00195103598284252));
#8131=CARTESIAN_POINT('',(-0.034,-0.0124323666520606,-0.00318710396034237));
#8132=CARTESIAN_POINT('',(-0.034,-0.0123705632531856,-0.0033773152636014));
#8133=CARTESIAN_POINT('',(-0.034,-0.0125607745564445,-0.00343911866247635));
#8134=CARTESIAN_POINT('',(-0.034,-0.0123597037349444,-0.00405795101961351));
#8135=CARTESIAN_POINT('',(-0.034,-0.0121586329134443,-0.00467678337675067));
#8136=CARTESIAN_POINT('',(-0.034,-0.0119684216101854,-0.00461497997787573));
#8137=CARTESIAN_POINT('',(-0.034,-0.0119066182113105,-0.00480519128113476));
#8138=CARTESIAN_POINT('',(-0.034,-0.01000450517872,-0.00418715729238479));
#8139=CARTESIAN_POINT('',(-0.034,-0.00810239214612956,-0.00356912330363485));
#8140=CARTESIAN_POINT('',(-0.034,-0.00816419554500453,-0.00337891200037585));
#8141=CARTESIAN_POINT('',(-0.034,-0.0079739842417455,-0.00331710860150085));
#8142=CARTESIAN_POINT('',(-0.034,-0.00817505506324575,-0.00269827624436374));
#8143=CARTESIAN_POINT('',(-0.034,-0.00837612588474585,-0.00207944388722658));
#8144=CARTESIAN_POINT('',(-0.034,-0.00856633718800473,-0.00214124728610152));
#8145=CARTESIAN_POINT('',(-0.034,-0.0092209800420773,-0.0056973580607958));
#8146=CARTESIAN_POINT('',(-0.034,-0.00760294605332728,-0.00452178755621076));
#8147=CARTESIAN_POINT('',(-0.034,-0.0108390140308273,-0.00687292856538081));
#8148=CARTESIAN_POINT('',(-0.034,-0.0107214569803688,-0.0070347319642558));
#8149=CARTESIAN_POINT('',(-0.034,-0.0108832603792437,-0.0071522890147142));
#8150=CARTESIAN_POINT('',(-0.034,-0.0105008009491947,-0.00767869925954733));
#8151=CARTESIAN_POINT('',(-0.034,-0.0101183415191457,-0.00820510950438046));
#8152=CARTESIAN_POINT('',(-0.034,-0.00995653812027088,-0.00808755245392205));
#8153=CARTESIAN_POINT('',(-0.034,-0.00983898106981239,-0.00824935585279704));
#8154=CARTESIAN_POINT('',(-0.034,-0.00822094708106238,-0.00707378534821198));
#8155=CARTESIAN_POINT('',(-0.034,-0.00660291309231236,-0.00589821484362695));
#8156=CARTESIAN_POINT('',(-0.034,-0.00672047014277084,-0.00573641144475198));
#8157=CARTESIAN_POINT('',(-0.034,-0.00655866674389585,-0.00561885439429348));
#8158=CARTESIAN_POINT('',(-0.034,-0.00694112617394496,-0.00509244414946045));
#8159=CARTESIAN_POINT('',(-0.034,-0.00732358560399394,-0.00456603390462732));
#8160=CARTESIAN_POINT('',(-0.034,-0.0074853890028688,-0.00468359095508572));
#8161=CARTESIAN_POINT('',(-0.034,-0.00567171878836018,-0.00676747210888912));
#8162=CARTESIAN_POINT('',(-0.034,-0.00583352218723514,-0.00664991505843064));
#8163=CARTESIAN_POINT('',(-0.034,-0.00555416173790177,-0.00660566871001426));
#8164=CARTESIAN_POINT('',(-0.034,-0.00502775149306865,-0.00698812814006324));
#8165=CARTESIAN_POINT('',(-0.034,-0.00450134124823543,-0.00737058757011209));
#8166=CARTESIAN_POINT('',(-0.034,-0.00461889829869392,-0.00753239096898709));
#8167=CARTESIAN_POINT('',(-0.034,-0.00445709489981896,-0.00764994801944557));
#8168=CARTESIAN_POINT('',(-0.034,-0.005632665404404,-0.00926798200819558));
#8169=CARTESIAN_POINT('',(-0.034,-0.00680823590898901,-0.0108860159969456));
#8170=CARTESIAN_POINT('',(-0.034,-0.006970039307864,-0.0107684589464871));
#8171=CARTESIAN_POINT('',(-0.034,-0.00708759635832241,-0.010930262345362));
#8172=CARTESIAN_POINT('',(-0.034,-0.00761400660315553,-0.010547802915313));
#8173=CARTESIAN_POINT('',(-0.034,-0.00814041684798866,-0.010165343485264));
#8174=CARTESIAN_POINT('',(-0.034,-0.00802285979753026,-0.0100035400863892));
#8175=CARTESIAN_POINT('',(-0.034,-0.00818466319640525,-0.00988598303593067));
#8176=CARTESIAN_POINT('',(-0.034,-0.00700909269182018,-0.00826794904718067));
#8177=MECHANICAL_DESIGN_GEOMETRIC_PRESENTATION_REPRESENTATION('',(#3968),
#8178);
#8178=(
GEOMETRIC_REPRESENTATION_CONTEXT(3)
GLOBAL_UNCERTAINTY_ASSIGNED_CONTEXT((#8179))
GLOBAL_UNIT_ASSIGNED_CONTEXT((#8182,#8181,#8180))
REPRESENTATION_CONTEXT('Komponente1','TOP_LEVEL_ASSEMBLY_PART')
);
#8179=UNCERTAINTY_MEASURE_WITH_UNIT(LENGTH_MEASURE(2.E-5),#8182,
'DISTANCE_ACCURACY_VALUE','Maximum Tolerance applied to model');
#8180=(
NAMED_UNIT(*)
SI_UNIT($,.STERADIAN.)
SOLID_ANGLE_UNIT()
);
#8181=(
NAMED_UNIT(*)
PLANE_ANGLE_UNIT()
SI_UNIT($,.RADIAN.)
);
#8182=(
LENGTH_UNIT()
NAMED_UNIT(*)
SI_UNIT($,.METRE.)
);
#8183=PRODUCT_DEFINITION_SHAPE('','',#8184);
#8184=PRODUCT_DEFINITION('','',#8186,#8185);
#8185=PRODUCT_DEFINITION_CONTEXT('',#8192,'design');
#8186=PRODUCT_DEFINITION_FORMATION_WITH_SPECIFIED_SOURCE('','',#8188,
 .NOT_KNOWN.);
#8187=PRODUCT_RELATED_PRODUCT_CATEGORY('','',(#8188));
#8188=PRODUCT('Komponente1','Komponente1','Komponente1',(#8190));
#8189=PRODUCT_CATEGORY('','');
#8190=PRODUCT_CONTEXT('',#8192,'mechanical');
#8191=APPLICATION_PROTOCOL_DEFINITION('international standard',
'ap242_managed_model_based_3d_engineering',2020,#8192);
#8192=APPLICATION_CONTEXT('managed model based 3d engineering');
ENDSEC;
END-ISO-10303-21;
