ISO-10303-21;
HEADER;
/* Generated by software containing ST-Developer
 * from STEP Tools, Inc. (www.steptools.com) 
 */
/* OPTION: using custom renumber hook */

FILE_DESCRIPTION(
/* description */ ('STEP AP242 Edition 2',
'CAx-IF Rec.Pracs.---Representation and Presentation of Product Manufa
cturing Information (PMI)---4.0---2014-10-13',
'CAx-IF Rec.Pracs.---3D Tessellated Geometry---0.4---2014-09-14','2;1',
'CAx-IF Rec.Pracs.---User Defined Attributes---1.5---2016-08-15'),
/* implementation_level */ '2;1');

FILE_NAME(
/* name */ 'clamp fixed axis V1 parts RIGHT - Komponente1',
/* time_stamp */ '2026-06-18T10:43:27Z',
/* author */ (''),
/* organization */ (''),
/* preprocessor_version */ 'ST-DEVELOPER v20',
/* originating_system */ 'ONSHAPE BY PTC INC, 1.216',
/* authorisation */ '  ');

FILE_SCHEMA (('AP242_MANAGED_MODEL_BASED_3D_ENGINEERING_MIM_LF { 1 0 10303 442 3 1 4 }'));
ENDSEC;

DATA;
#10=SHAPE_REPRESENTATION_RELATIONSHIP('','',#3956,#11);
#11=ADVANCED_BREP_SHAPE_REPRESENTATION('',(#3954),#8138);
#12=B_SPLINE_SURFACE_WITH_KNOTS('',1,3,((#5867,#5868,#5869,#5870,#5871,
#5872,#5873,#5874,#5875,#5876,#5877,#5878,#5879,#5880,#5881,#5882,#5883,
#5884,#5885,#5886,#5887,#5888,#5889,#5890,#5891,#5892,#5893,#5894,#5895,
#5896,#5897,#5898,#5899,#5900,#5901,#5902,#5903,#5904,#5905,#5906,#5907,
#5908,#5909,#5910,#5911,#5912,#5913,#5914,#5915,#5916,#5917,#5918,#5919,
#5920,#5921,#5922,#5923,#5924,#5925,#5926,#5927,#5928,#5929,#5930,#5931,
#5932,#5933,#5934,#5935,#5936,#5937,#5938,#5939,#5940,#5941,#5942,#5943,
#5944,#5945,#5946,#5947,#5948,#5949,#5950,#5951,#5952,#5953,#5954,#5955,
#5956,#5957,#5958,#5959,#5960,#5961,#5962,#5963,#5964,#5965,#5966,#5967,
#5968,#5969,#5970,#5971,#5972,#5973,#5974,#5975,#5976,#5977,#5978,#5979,
#5980,#5981,#5982,#5983,#5984,#5985,#5986,#5987,#5988,#5989,#5990,#5991,
#5992,#5993,#5994,#5995,#5996,#5997,#5998,#5999,#6000,#6001,#6002,#6003,
#6004,#6005,#6006,#6007,#6008,#6009,#6010,#6011,#6012,#6013,#6014,#6015,
#6016,#6017,#6018,#6019,#6020,#6021,#6022,#6023,#6024,#6025,#6026,#6027,
#6028,#6029,#6030,#6031,#6032,#6033,#6034,#6035,#6036,#6037,#6038,#6039,
#6040,#6041,#6042,#6043,#6044,#6045,#6046,#6047,#6048,#6049,#6050,#6051,
#6052,#6053,#6054,#6055,#6056,#6057,#6058,#6059,#6060,#6061,#6062,#6063,
#6064,#6065,#6066,#6067,#6068,#6069,#6070,#6071,#6072,#6073,#6074,#6075,
#6076,#6077,#6078,#6079,#6080,#6081,#6082,#6083,#6084,#6085,#6086,#6087,
#6088,#6089,#6090,#6091,#6092,#6093,#6094,#6095,#6096,#6097,#6098,#6099,
#6100,#6101,#6102,#6103,#6104,#6105,#6106,#6107,#6108,#6109,#6110,#6111,
#6112,#6113,#6114,#6115,#6116,#6117,#6118,#6119,#6120,#6121,#6122,#6123,
#6124,#6125,#6126,#6127,#6128,#6129,#6130,#6131,#6132,#6133,#6134,#6135,
#6136,#6137,#6138),(#6139,#6140,#6141,#6142,#6143,#6144,#6145,#6146,#6147,
#6148,#6149,#6150,#6151,#6152,#6153,#6154,#6155,#6156,#6157,#6158,#6159,
#6160,#6161,#6162,#6163,#6164,#6165,#6166,#6167,#6168,#6169,#6170,#6171,
#6172,#6173,#6174,#6175,#6176,#6177,#6178,#6179,#6180,#6181,#6182,#6183,
#6184,#6185,#6186,#6187,#6188,#6189,#6190,#6191,#6192,#6193,#6194,#6195,
#6196,#6197,#6198,#6199,#6200,#6201,#6202,#6203,#6204,#6205,#6206,#6207,
#6208,#6209,#6210,#6211,#6212,#6213,#6214,#6215,#6216,#6217,#6218,#6219,
#6220,#6221,#6222,#6223,#6224,#6225,#6226,#6227,#6228,#6229,#6230,#6231,
#6232,#6233,#6234,#6235,#6236,#6237,#6238,#6239,#6240,#6241,#6242,#6243,
#6244,#6245,#6246,#6247,#6248,#6249,#6250,#6251,#6252,#6253,#6254,#6255,
#6256,#6257,#6258,#6259,#6260,#6261,#6262,#6263,#6264,#6265,#6266,#6267,
#6268,#6269,#6270,#6271,#6272,#6273,#6274,#6275,#6276,#6277,#6278,#6279,
#6280,#6281,#6282,#6283,#6284,#6285,#6286,#6287,#6288,#6289,#6290,#6291,
#6292,#6293,#6294,#6295,#6296,#6297,#6298,#6299,#6300,#6301,#6302,#6303,
#6304,#6305,#6306,#6307,#6308,#6309,#6310,#6311,#6312,#6313,#6314,#6315,
#6316,#6317,#6318,#6319,#6320,#6321,#6322,#6323,#6324,#6325,#6326,#6327,
#6328,#6329,#6330,#6331,#6332,#6333,#6334,#6335,#6336,#6337,#6338,#6339,
#6340,#6341,#6342,#6343,#6344,#6345,#6346,#6347,#6348,#6349,#6350,#6351,
#6352,#6353,#6354,#6355,#6356,#6357,#6358,#6359,#6360,#6361,#6362,#6363,
#6364,#6365,#6366,#6367,#6368,#6369,#6370,#6371,#6372,#6373,#6374,#6375,
#6376,#6377,#6378,#6379,#6380,#6381,#6382,#6383,#6384,#6385,#6386,#6387,
#6388,#6389,#6390,#6391,#6392,#6393,#6394,#6395,#6396,#6397,#6398,#6399,
#6400,#6401,#6402,#6403,#6404,#6405,#6406,#6407,#6408,#6409,#6410),(#6411,
#6412,#6413,#6414,#6415,#6416,#6417,#6418,#6419,#6420,#6421,#6422,#6423,
#6424,#6425,#6426,#6427,#6428,#6429,#6430,#6431,#6432,#6433,#6434,#6435,
#6436,#6437,#6438,#6439,#6440,#6441,#6442,#6443,#6444,#6445,#6446,#6447,
#6448,#6449,#6450,#6451,#6452,#6453,#6454,#6455,#6456,#6457,#6458,#6459,
#6460,#6461,#6462,#6463,#6464,#6465,#6466,#6467,#6468,#6469,#6470,#6471,
#6472,#6473,#6474,#6475,#6476,#6477,#6478,#6479,#6480,#6481,#6482,#6483,
#6484,#6485,#6486,#6487,#6488,#6489,#6490,#6491,#6492,#6493,#6494,#6495,
#6496,#6497,#6498,#6499,#6500,#6501,#6502,#6503,#6504,#6505,#6506,#6507,
#6508,#6509,#6510,#6511,#6512,#6513,#6514,#6515,#6516,#6517,#6518,#6519,
#6520,#6521,#6522,#6523,#6524,#6525,#6526,#6527,#6528,#6529,#6530,#6531,
#6532,#6533,#6534,#6535,#6536,#6537,#6538,#6539,#6540,#6541,#6542,#6543,
#6544,#6545,#6546,#6547,#6548,#6549,#6550,#6551,#6552,#6553,#6554,#6555,
#6556,#6557,#6558,#6559,#6560,#6561,#6562,#6563,#6564,#6565,#6566,#6567,
#6568,#6569,#6570,#6571,#6572,#6573,#6574,#6575,#6576,#6577,#6578,#6579,
#6580,#6581,#6582,#6583,#6584,#6585,#6586,#6587,#6588,#6589,#6590,#6591,
#6592,#6593,#6594,#6595,#6596,#6597,#6598,#6599,#6600,#6601,#6602,#6603,
#6604,#6605,#6606,#6607,#6608,#6609,#6610,#6611,#6612,#6613,#6614,#6615,
#6616,#6617,#6618,#6619,#6620,#6621,#6622,#6623,#6624,#6625,#6626,#6627,
#6628,#6629,#6630,#6631,#6632,#6633,#6634,#6635,#6636,#6637,#6638,#6639,
#6640,#6641,#6642,#6643,#6644,#6645,#6646,#6647,#6648,#6649,#6650,#6651,
#6652,#6653,#6654,#6655,#6656,#6657,#6658,#6659,#6660,#6661,#6662,#6663,
#6664,#6665,#6666,#6667,#6668,#6669,#6670,#6671,#6672,#6673,#6674,#6675,
#6676,#6677,#6678,#6679,#6680,#6681,#6682)),.RULED_SURF.,.F.,.T.,.F.,(2,
1,2),(4,2,2,2,2,2,2,2,2,2,2,2,2,2,2,2,2,2,2,2,2,2,2,2,2,2,2,2,2,2,2,2,2,
2,2,2,2,2,2,2,2,2,2,2,2,2,2,2,2,2,2,2,2,2,2,2,2,2,2,2,2,2,2,2,2,2,2,2,2,
2,2,2,2,2,2,2,2,2,2,2,2,2,2,2,2,2,2,2,2,2,2,2,2,2,2,2,2,2,2,2,2,2,2,2,2,
2,2,2,2,2,2,2,2,2,2,2,2,2,2,2,2,2,2,2,2,2,2,2,2,2,2,2,2,2,2,4),(-0.00600057681510534,
0.,1.),(-0.00985405383351545,-0.00981545698617882,-0.00977686013884219,
-0.00973826329150556,-0.00969966644416893,-0.00962247274949568,-0.00954527905482242,
-0.00946808536014916,-0.00939089166547591,-0.00935229481813928,-0.00931369797080265,
-0.00927510112346602,-0.00923650427612939,-0.00908211688678288,-0.00892772949743637,
-0.00885053580276311,-0.00881193895542648,-0.00877334210808986,-0.00873474526075323,
-0.0086961484134166,-0.00861895471874334,-0.00846456732939683,-0.00838737363472357,
-0.00831017994005032,-0.00823298624537706,-0.0081557925507038,-0.00807859885603055,
-0.00800140516135729,-0.00792421146668404,-0.00784701777201078,-0.00776982407733752,
-0.00773122723000089,-0.00769263038266427,-0.00761543668799101,-0.00753824299331775,
-0.00738385560397124,-0.00730666190929798,-0.00722946821462473,-0.0071908713672881,
-0.00715227451995147,-0.00707508082527821,-0.00699788713060496,-0.0069206934359317,
-0.00684349974125844,-0.00676630604658519,-0.00668911235191193,-0.0066505155045753,
-0.00661191865723868,-0.00653472496256542,-0.00645753126789216,-0.00630314387854565,
-0.00622595018387239,-0.00618735333653577,-0.00614875648919914,-0.00611015964186251,
-0.00607156279452588,-0.00599436909985262,-0.00583998171050611,-0.00576278801583286,
-0.0056855943211596,-0.00560840062648634,-0.00553120693181309,-0.00545401323713983,
-0.00537681954246657,-0.00522243215312006,-0.0051452384584468,-0.00510664161111018,
-0.00506804476377355,-0.00502944791643692,-0.00499085106910029,-0.00491365737442703,
-0.00483646367975378,-0.00475926998508052,-0.00468207629040726,-0.00460488259573401,
-0.00452768890106075,-0.0044504952063875,-0.00429610781704098,-0.00414172042769447,
-0.00398733303834796,-0.00383294564900144,-0.00375575195432819,-0.00367855825965493,
-0.0036399614123183,-0.00360136456498168,-0.00356276771764505,-0.00352417087030842,
-0.00344697717563516,-0.00336978348096191,-0.00329258978628865,-0.00321539609161539,
-0.00313820239694214,-0.00309960554960551,-0.00306100870226888,-0.00298381500759562,
-0.00290662131292237,-0.00275223392357585,-0.0026750402289026,-0.00259784653422934,
-0.00255924968689271,-0.00252065283955609,-0.00244345914488283,-0.00236626545020957,
-0.00228907175553632,-0.00221187806086306,-0.0021346843661898,-0.00209608751885317,
-0.00205749067151655,-0.00201889382417992,-0.00198029697684329,-0.00190310328217003,
-0.00182590958749678,-0.00167152219815026,-0.00159432850347701,-0.00151713480880375,
-0.0014399411141305,-0.00136274741945724,-0.00120836003011073,-0.00113116633543747,
-0.00105397264076421,-0.00101537579342759,-0.000976778946090957,-0.000938182098754329,
-0.000899585251417701,-0.000822391556744444,-0.000745197862071188,-0.000668004167397931,
-0.000590810472724675,-0.000513616778051418,-0.00047501993071479,-0.000436423083378162,
-0.000359229388704906,-0.000282035694031649,-0.000127648304685136,-5.045461001188E-5,
2.67390846613764E-5),.UNSPECIFIED.);
#13=(
BOUNDED_CURVE()
B_SPLINE_CURVE(2,(#5853,#5854,#5855),.UNSPECIFIED.,.F.,.F.)
B_SPLINE_CURVE_WITH_KNOTS((3,3),(0.359252081601329,0.829312538041426),
 .UNSPECIFIED.)
CURVE()
GEOMETRIC_REPRESENTATION_ITEM()
RATIONAL_B_SPLINE_CURVE((1.26784801626732,1.36717067806612,1.26784801626732))
REPRESENTATION_ITEM('')
);
#14=(
BOUNDED_CURVE()
B_SPLINE_CURVE(2,(#7388,#7389,#7390),.UNSPECIFIED.,.F.,.F.)
B_SPLINE_CURVE_WITH_KNOTS((3,3),(0.,0.775550958958098),.UNSPECIFIED.)
CURVE()
GEOMETRIC_REPRESENTATION_ITEM()
RATIONAL_B_SPLINE_CURVE((1.,1.14285714285714,1.))
REPRESENTATION_ITEM('')
);
#15=(
BOUNDED_CURVE()
B_SPLINE_CURVE(2,(#7393,#7394,#7395),.UNSPECIFIED.,.F.,.F.)
B_SPLINE_CURVE_WITH_KNOTS((3,3),(0.,0.583678131893133),.UNSPECIFIED.)
CURVE()
GEOMETRIC_REPRESENTATION_ITEM()
RATIONAL_B_SPLINE_CURVE((1.,1.07390574820356,1.))
REPRESENTATION_ITEM('')
);
#16=(
BOUNDED_CURVE()
B_SPLINE_CURVE(2,(#7402,#7403,#7404),.UNSPECIFIED.,.F.,.F.)
B_SPLINE_CURVE_WITH_KNOTS((3,3),(0.209961485973213,0.518878655536722),
 .UNSPECIFIED.)
CURVE()
GEOMETRIC_REPRESENTATION_ITEM()
RATIONAL_B_SPLINE_CURVE((1.10053679301799,1.15573770491803,1.15573770491803))
REPRESENTATION_ITEM('')
);
#17=(
BOUNDED_CURVE()
B_SPLINE_CURVE(2,(#7406,#7407,#7408),.UNSPECIFIED.,.F.,.F.)
B_SPLINE_CURVE_WITH_KNOTS((3,3),(0.518878655536722,0.827795825100563),
 .UNSPECIFIED.)
CURVE()
GEOMETRIC_REPRESENTATION_ITEM()
RATIONAL_B_SPLINE_CURVE((1.15573770491803,1.15573770491803,1.10053679301787))
REPRESENTATION_ITEM('')
);
#18=(
BOUNDED_CURVE()
B_SPLINE_CURVE(2,(#7433,#7434,#7435),.UNSPECIFIED.,.F.,.F.)
B_SPLINE_CURVE_WITH_KNOTS((3,3),(0.,0.583678131893133),.UNSPECIFIED.)
CURVE()
GEOMETRIC_REPRESENTATION_ITEM()
RATIONAL_B_SPLINE_CURVE((1.,1.07390574820356,1.))
REPRESENTATION_ITEM('')
);
#19=(
BOUNDED_CURVE()
B_SPLINE_CURVE(2,(#7436,#7437,#7438),.UNSPECIFIED.,.F.,.F.)
B_SPLINE_CURVE_WITH_KNOTS((3,3),(0.318254595863813,0.499681586115696),
 .UNSPECIFIED.)
CURVE()
GEOMETRIC_REPRESENTATION_ITEM()
RATIONAL_B_SPLINE_CURVE((1.44070792236408,1.53097307183,1.58093236610522))
REPRESENTATION_ITEM('')
);
#20=(
BOUNDED_CURVE()
B_SPLINE_CURVE(2,(#7440,#7441,#7442),.UNSPECIFIED.,.F.,.F.)
B_SPLINE_CURVE_WITH_KNOTS((3,3),(0.057299246449845,0.232366490100873),
 .UNSPECIFIED.)
CURVE()
GEOMETRIC_REPRESENTATION_ITEM()
RATIONAL_B_SPLINE_CURVE((1.13541629993161,1.33413809919101,1.48307095795826))
REPRESENTATION_ITEM('')
);
#21=(
BOUNDED_CURVE()
B_SPLINE_CURVE(2,(#7443,#7444,#7445),.UNSPECIFIED.,.F.,.F.)
B_SPLINE_CURVE_WITH_KNOTS((3,3),(1.27971816361399,1.45478540726502),
 .UNSPECIFIED.)
CURVE()
GEOMETRIC_REPRESENTATION_ITEM()
RATIONAL_B_SPLINE_CURVE((1.48307095795826,1.33413809919101,1.13541629993161))
REPRESENTATION_ITEM('')
);
#22=(
BOUNDED_CURVE()
B_SPLINE_CURVE(2,(#7447,#7448,#7449),.UNSPECIFIED.,.F.,.F.)
B_SPLINE_CURVE_WITH_KNOTS((3,3),(0.949440776316741,1.13086776656862),
 .UNSPECIFIED.)
CURVE()
GEOMETRIC_REPRESENTATION_ITEM()
RATIONAL_B_SPLINE_CURVE((1.58093236610522,1.53097307183,1.44070792236408))
REPRESENTATION_ITEM('')
);
#23=B_SPLINE_CURVE_WITH_KNOTS('',3,(#5846,#5847,#5848,#5849,#5850),
 .UNSPECIFIED.,.F.,.F.,(4,1,4),(0.00749120121339152,0.00866912721957896,
0.00984705322576641),.UNSPECIFIED.);
#24=B_SPLINE_CURVE_WITH_KNOTS('',3,(#5859,#5860,#5861,#5862,#5863),
 .UNSPECIFIED.,.F.,.F.,(4,1,4),(0.00466267257364875,0.00615529038844051,
0.00764790820323228),.UNSPECIFIED.);
#25=B_SPLINE_CURVE_WITH_KNOTS('',3,(#6683,#6684,#6685,#6686,#6687,#6688,
#6689,#6690,#6691,#6692,#6693,#6694,#6695,#6696,#6697,#6698,#6699,#6700,
#6701,#6702,#6703,#6704,#6705,#6706,#6707,#6708,#6709,#6710,#6711,#6712,
#6713,#6714,#6715,#6716,#6717,#6718,#6719,#6720,#6721,#6722,#6723,#6724,
#6725,#6726,#6727,#6728,#6729,#6730,#6731,#6732,#6733,#6734,#6735,#6736,
#6737,#6738,#6739,#6740,#6741,#6742,#6743,#6744,#6745,#6746,#6747,#6748,
#6749,#6750,#6751,#6752,#6753,#6754,#6755,#6756,#6757,#6758,#6759,#6760,
#6761,#6762,#6763,#6764,#6765,#6766,#6767,#6768,#6769,#6770,#6771,#6772,
#6773,#6774,#6775,#6776,#6777,#6778,#6779,#6780,#6781,#6782,#6783,#6784,
#6785,#6786,#6787,#6788,#6789,#6790,#6791,#6792,#6793,#6794,#6795,#6796,
#6797,#6798,#6799,#6800,#6801,#6802,#6803,#6804,#6805,#6806,#6807,#6808,
#6809,#6810,#6811,#6812,#6813,#6814,#6815,#6816,#6817,#6818,#6819,#6820,
#6821,#6822,#6823,#6824,#6825,#6826,#6827,#6828,#6829,#6830,#6831,#6832,
#6833,#6834,#6835,#6836,#6837,#6838,#6839,#6840,#6841,#6842,#6843,#6844,
#6845,#6846,#6847,#6848,#6849,#6850,#6851,#6852,#6853,#6854,#6855,#6856,
#6857,#6858,#6859,#6860,#6861,#6862,#6863,#6864,#6865,#6866,#6867,#6868,
#6869,#6870,#6871,#6872,#6873,#6874,#6875,#6876,#6877,#6878,#6879,#6880,
#6881,#6882,#6883,#6884,#6885,#6886,#6887,#6888,#6889,#6890,#6891,#6892,
#6893,#6894,#6895,#6896,#6897,#6898,#6899,#6900,#6901,#6902,#6903,#6904,
#6905,#6906,#6907,#6908,#6909,#6910,#6911,#6912,#6913,#6914,#6915,#6916,
#6917,#6918,#6919,#6920,#6921,#6922,#6923,#6924,#6925,#6926,#6927,#6928,
#6929,#6930,#6931,#6932,#6933,#6934,#6935,#6936,#6937,#6938,#6939,#6940,
#6941,#6942,#6943,#6944,#6945,#6946,#6947,#6948,#6949,#6950,#6951,#6952,
#6953,#6954,#6955,#6956,#6957,#6958,#6959,#6960,#6961,#6962,#6963,#6964,
#6965,#6966,#6967,#6968,#6969,#6970,#6971,#6972,#6973,#6974,#6975,#6976,
#6977,#6978,#6979,#6980,#6981,#6982,#6983,#6984,#6985,#6986,#6987,#6988,
#6989,#6990,#6991,#6992,#6993,#6994,#6995,#6996,#6997,#6998,#6999,#7000,
#7001,#7002,#7003,#7004,#7005,#7006,#7007,#7008,#7009,#7010,#7011,#7012,
#7013,#7014,#7015,#7016,#7017,#7018,#7019,#7020,#7021,#7022,#7023,#7024,
#7025,#7026,#7027,#7028,#7029,#7030,#7031,#7032,#7033,#7034,#7035,#7036,
#7037,#7038,#7039,#7040,#7041,#7042,#7043,#7044,#7045,#7046,#7047,#7048,
#7049,#7050,#7051,#7052,#7053,#7054,#7055,#7056,#7057,#7058,#7059,#7060,
#7061,#7062,#7063,#7064,#7065,#7066,#7067,#7068,#7069,#7070,#7071,#7072,
#7073,#7074,#7075,#7076,#7077,#7078,#7079,#7080,#7081,#7082,#7083,#7084,
#7085,#7086,#7087,#7088),.UNSPECIFIED.,.T.,.F.,(4,3,3,3,3,3,3,3,3,3,3,3,
3,3,3,3,3,3,3,3,3,3,3,3,3,3,3,3,3,3,3,3,3,3,3,3,3,3,3,3,3,3,3,3,3,3,3,3,
3,3,3,3,3,3,3,3,3,3,3,3,3,3,3,3,3,3,3,3,3,3,3,3,3,3,3,3,3,3,3,3,3,3,3,3,
3,3,3,3,3,3,3,3,3,3,3,3,3,3,3,3,3,3,3,3,3,3,3,3,3,3,3,3,3,3,3,3,3,3,3,3,
3,3,3,3,3,3,3,3,3,3,3,3,3,3,3,4),(-1.,-0.99609375,-0.9921875,-0.98828125,
-0.984375,-0.9765625,-0.96875,-0.9609375,-0.953125,-0.94921875,-0.9453125,
-0.94140625,-0.9375,-0.921875,-0.90625,-0.8984375,-0.89453125,-0.890625,
-0.88671875,-0.8828125,-0.875,-0.859375,-0.8515625,-0.84375,-0.8359375,
-0.828125,-0.8203125,-0.8125,-0.8046875,-0.796875,-0.7890625,-0.78515625,
-0.78125,-0.7734375,-0.765625,-0.75,-0.7421875,-0.734375,-0.73046875,-0.7265625,
-0.71875,-0.7109375,-0.703125,-0.6953125,-0.6875,-0.6796875,-0.67578125,
-0.671875,-0.6640625,-0.65625,-0.640625,-0.6328125,-0.62890625,-0.625,-0.62109375,
-0.6171875,-0.609375,-0.59375,-0.5859375,-0.578125,-0.5703125,-0.5625,-0.5546875,
-0.546875,-0.53125,-0.5234375,-0.51953125,-0.515625,-0.51171875,-0.5078125,
-0.5,-0.4921875,-0.484375,-0.4765625,-0.46875,-0.4609375,-0.453125,-0.4375,
-0.421875,-0.40625,-0.390625,-0.3828125,-0.375,-0.37109375,-0.3671875,-0.36328125,
-0.359375,-0.3515625,-0.34375,-0.3359375,-0.328125,-0.3203125,-0.31640625,
-0.3125,-0.3046875,-0.296875,-0.28125,-0.2734375,-0.265625,-0.26171875,
-0.2578125,-0.25,-0.2421875,-0.234375,-0.2265625,-0.21875,-0.21484375,-0.2109375,
-0.20703125,-0.203125,-0.1953125,-0.1875,-0.171875,-0.1640625,-0.15625,
-0.1484375,-0.140625,-0.125,-0.1171875,-0.109375,-0.10546875,-0.1015625,
-0.09765625,-0.09375,-0.0859375,-0.078125,-0.0703125,-0.0625,-0.0546875,
-0.05078125,-0.046875,-0.0390625,-0.03125,-0.015625,-0.0078125,0.),
 .UNSPECIFIED.);
#26=B_SPLINE_CURVE_WITH_KNOTS('',3,(#7090,#7091,#7092,#7093,#7094,#7095,
#7096,#7097,#7098,#7099,#7100,#7101,#7102,#7103,#7104,#7105,#7106,#7107,
#7108,#7109,#7110,#7111,#7112,#7113,#7114,#7115,#7116,#7117,#7118,#7119,
#7120,#7121,#7122,#7123,#7124,#7125,#7126,#7127,#7128,#7129,#7130,#7131,
#7132,#7133,#7134,#7135,#7136,#7137,#7138,#7139,#7140,#7141,#7142,#7143,
#7144,#7145,#7146,#7147,#7148,#7149,#7150,#7151,#7152,#7153,#7154,#7155,
#7156,#7157,#7158,#7159,#7160,#7161,#7162,#7163,#7164,#7165,#7166,#7167,
#7168,#7169,#7170,#7171,#7172,#7173,#7174,#7175,#7176,#7177,#7178,#7179,
#7180,#7181,#7182,#7183,#7184,#7185,#7186,#7187,#7188,#7189,#7190,#7191,
#7192,#7193,#7194,#7195,#7196,#7197,#7198,#7199,#7200,#7201,#7202,#7203,
#7204,#7205,#7206,#7207,#7208,#7209,#7210,#7211,#7212,#7213,#7214,#7215,
#7216,#7217,#7218,#7219,#7220,#7221),.UNSPECIFIED.,.F.,.F.,(4,2,2,2,2,2,
2,2,2,2,2,2,2,2,2,2,2,2,2,2,2,2,2,2,2,2,2,2,2,2,2,2,2,2,2,2,2,2,2,2,2,2,
2,2,2,2,2,2,2,2,2,2,2,2,2,2,2,2,2,2,2,2,2,2,2,4),(-1.,-0.9921875,-0.984375,
-0.96875,-0.9609375,-0.953125,-0.94921875,-0.9453125,-0.9375,-0.9296875,
-0.921875,-0.9140625,-0.90625,-0.90234375,-0.8984375,-0.89453125,-0.890625,
-0.8828125,-0.875,-0.859375,-0.8515625,-0.84375,-0.8359375,-0.828125,-0.8125,
-0.8046875,-0.796875,-0.79296875,-0.7890625,-0.78515625,-0.78125,-0.7734375,
-0.765625,-0.7578125,-0.75,-0.7421875,-0.73828125,-0.734375,-0.7265625,
-0.71875,-0.703125,-0.6953125,-0.6875,-0.68359375,-0.6796875,-0.671875,
-0.6640625,-0.65625,-0.6484375,-0.640625,-0.63671875,-0.6328125,-0.62890625,
-0.625,-0.6171875,-0.609375,-0.59375,-0.578125,-0.5625,-0.546875,-0.5390625,
-0.53125,-0.5234375,-0.515625,-0.5078125,-0.499986980184465),
 .UNSPECIFIED.);
#27=B_SPLINE_CURVE_WITH_KNOTS('',3,(#7224,#7225,#7226,#7227,#7228,#7229,
#7230,#7231,#7232,#7233,#7234,#7235,#7236,#7237,#7238,#7239,#7240,#7241,
#7242,#7243,#7244,#7245,#7246,#7247,#7248,#7249,#7250,#7251,#7252,#7253,
#7254,#7255,#7256,#7257,#7258,#7259,#7260,#7261,#7262,#7263,#7264,#7265,
#7266,#7267,#7268,#7269,#7270,#7271,#7272,#7273,#7274,#7275,#7276,#7277,
#7278,#7279,#7280,#7281,#7282,#7283,#7284,#7285,#7286,#7287,#7288,#7289,
#7290,#7291,#7292,#7293,#7294,#7295,#7296,#7297,#7298,#7299,#7300,#7301,
#7302,#7303,#7304,#7305,#7306,#7307,#7308,#7309,#7310,#7311,#7312,#7313,
#7314,#7315,#7316,#7317,#7318,#7319,#7320,#7321,#7322,#7323,#7324,#7325,
#7326,#7327,#7328,#7329,#7330,#7331,#7332,#7333,#7334,#7335,#7336,#7337,
#7338,#7339,#7340,#7341,#7342,#7343,#7344,#7345,#7346,#7347,#7348,#7349,
#7350,#7351,#7352,#7353,#7354,#7355,#7356,#7357,#7358,#7359,#7360,#7361,
#7362,#7363,#7364,#7365),.UNSPECIFIED.,.F.,.F.,(4,2,2,2,2,2,2,2,2,2,2,2,
2,2,2,2,2,2,2,2,2,2,2,2,2,2,2,2,2,2,2,2,2,2,2,2,2,2,2,2,2,2,2,2,2,2,2,2,
2,2,2,2,2,2,2,2,2,2,2,2,2,2,2,2,2,2,2,2,2,2,4),(-0.499986980184465,-0.4921875,
-0.48828125,-0.484375,-0.48046875,-0.4765625,-0.46875,-0.453125,-0.4453125,
-0.4375,-0.4296875,-0.421875,-0.4140625,-0.40625,-0.390625,-0.3828125,-0.37890625,
-0.375,-0.37109375,-0.3671875,-0.359375,-0.34375,-0.3359375,-0.328125,-0.32421875,
-0.3203125,-0.3125,-0.3046875,-0.296875,-0.2890625,-0.28125,-0.2734375,
-0.26953125,-0.265625,-0.2578125,-0.25,-0.234375,-0.2265625,-0.21875,-0.21484375,
-0.2109375,-0.203125,-0.1953125,-0.1875,-0.1796875,-0.171875,-0.1640625,
-0.15625,-0.1484375,-0.140625,-0.125,-0.1171875,-0.11328125,-0.109375,-0.10546875,
-0.1015625,-0.09375,-0.078125,-0.0625,-0.05859375,-0.0546875,-0.05078125,
-0.046875,-0.0390625,-0.03125,-0.0234375,-0.015625,-0.01171875,-0.0078125,
-0.00390625,0.),.UNSPECIFIED.);
#28=CONICAL_SURFACE('',#4055,0.00367418847672234,0.478094398198759);
#29=CONICAL_SURFACE('',#4057,0.00328709423836117,0.523598775598299);
#30=CONICAL_SURFACE('',#4073,0.0054,1.38080803887618);
#31=LINE('',#5481,#406);
#32=LINE('',#5484,#407);
#33=LINE('',#5488,#408);
#34=LINE('',#5490,#409);
#35=LINE('',#5492,#410);
#36=LINE('',#5496,#411);
#37=LINE('',#5498,#412);
#38=LINE('',#5503,#413);
#39=LINE('',#5507,#414);
#40=LINE('',#5511,#415);
#41=LINE('',#5514,#416);
#42=LINE('',#5519,#417);
#43=LINE('',#5523,#418);
#44=LINE('',#5527,#419);
#45=LINE('',#5530,#420);
#46=LINE('',#5535,#421);
#47=LINE('',#5539,#422);
#48=LINE('',#5543,#423);
#49=LINE('',#5546,#424);
#50=LINE('',#5551,#425);
#51=LINE('',#5555,#426);
#52=LINE('',#5559,#427);
#53=LINE('',#5562,#428);
#54=LINE('',#5567,#429);
#55=LINE('',#5571,#430);
#56=LINE('',#5575,#431);
#57=LINE('',#5578,#432);
#58=LINE('',#5583,#433);
#59=LINE('',#5587,#434);
#60=LINE('',#5591,#435);
#61=LINE('',#5594,#436);
#62=LINE('',#5599,#437);
#63=LINE('',#5603,#438);
#64=LINE('',#5607,#439);
#65=LINE('',#5610,#440);
#66=LINE('',#5615,#441);
#67=LINE('',#5619,#442);
#68=LINE('',#5623,#443);
#69=LINE('',#5626,#444);
#70=LINE('',#5631,#445);
#71=LINE('',#5635,#446);
#72=LINE('',#5639,#447);
#73=LINE('',#5642,#448);
#74=LINE('',#5647,#449);
#75=LINE('',#5651,#450);
#76=LINE('',#5655,#451);
#77=LINE('',#5658,#452);
#78=LINE('',#5663,#453);
#79=LINE('',#5667,#454);
#80=LINE('',#5671,#455);
#81=LINE('',#5674,#456);
#82=LINE('',#5679,#457);
#83=LINE('',#5683,#458);
#84=LINE('',#5687,#459);
#85=LINE('',#5690,#460);
#86=LINE('',#5695,#461);
#87=LINE('',#5699,#462);
#88=LINE('',#5703,#463);
#89=LINE('',#5706,#464);
#90=LINE('',#5711,#465);
#91=LINE('',#5715,#466);
#92=LINE('',#5719,#467);
#93=LINE('',#5722,#468);
#94=LINE('',#5727,#469);
#95=LINE('',#5731,#470);
#96=LINE('',#5735,#471);
#97=LINE('',#5738,#472);
#98=LINE('',#5743,#473);
#99=LINE('',#5747,#474);
#100=LINE('',#5751,#475);
#101=LINE('',#5754,#476);
#102=LINE('',#5759,#477);
#103=LINE('',#5763,#478);
#104=LINE('',#5767,#479);
#105=LINE('',#5770,#480);
#106=LINE('',#5775,#481);
#107=LINE('',#5779,#482);
#108=LINE('',#5783,#483);
#109=LINE('',#5786,#484);
#110=LINE('',#5791,#485);
#111=LINE('',#5795,#486);
#112=LINE('',#5799,#487);
#113=LINE('',#5802,#488);
#114=LINE('',#5807,#489);
#115=LINE('',#5811,#490);
#116=LINE('',#5815,#491);
#117=LINE('',#5820,#492);
#118=LINE('',#5823,#493);
#119=LINE('',#5825,#494);
#120=LINE('',#5829,#495);
#121=LINE('',#5831,#496);
#122=LINE('',#5833,#497);
#123=LINE('',#5840,#498);
#124=LINE('',#5844,#499);
#125=LINE('',#7372,#500);
#126=LINE('',#7377,#501);
#127=LINE('',#7381,#502);
#128=LINE('',#7384,#503);
#129=LINE('',#7386,#504);
#130=LINE('',#7392,#505);
#131=LINE('',#7397,#506);
#132=LINE('',#7400,#507);
#133=LINE('',#7410,#508);
#134=LINE('',#7412,#509);
#135=LINE('',#7414,#510);
#136=LINE('',#7416,#511);
#137=LINE('',#7418,#512);
#138=LINE('',#7421,#513);
#139=LINE('',#7422,#514);
#140=LINE('',#7424,#515);
#141=LINE('',#7426,#516);
#142=LINE('',#7428,#517);
#143=LINE('',#7429,#518);
#144=LINE('',#7431,#519);
#145=LINE('',#7451,#520);
#146=LINE('',#7453,#521);
#147=LINE('',#7455,#522);
#148=LINE('',#7457,#523);
#149=LINE('',#7459,#524);
#150=LINE('',#7461,#525);
#151=LINE('',#7463,#526);
#152=LINE('',#7465,#527);
#153=LINE('',#7467,#528);
#154=LINE('',#7469,#529);
#155=LINE('',#7470,#530);
#156=LINE('',#7478,#531);
#157=LINE('',#7482,#532);
#158=LINE('',#7486,#533);
#159=LINE('',#7490,#534);
#160=LINE('',#7494,#535);
#161=LINE('',#7498,#536);
#162=LINE('',#7502,#537);
#163=LINE('',#7506,#538);
#164=LINE('',#7510,#539);
#165=LINE('',#7514,#540);
#166=LINE('',#7518,#541);
#167=LINE('',#7522,#542);
#168=LINE('',#7526,#543);
#169=LINE('',#7530,#544);
#170=LINE('',#7534,#545);
#171=LINE('',#7538,#546);
#172=LINE('',#7542,#547);
#173=LINE('',#7546,#548);
#174=LINE('',#7550,#549);
#175=LINE('',#7554,#550);
#176=LINE('',#7558,#551);
#177=LINE('',#7562,#552);
#178=LINE('',#7566,#553);
#179=LINE('',#7570,#554);
#180=LINE('',#7574,#555);
#181=LINE('',#7578,#556);
#182=LINE('',#7582,#557);
#183=LINE('',#7586,#558);
#184=LINE('',#7590,#559);
#185=LINE('',#7594,#560);
#186=LINE('',#7598,#561);
#187=LINE('',#7602,#562);
#188=LINE('',#7606,#563);
#189=LINE('',#7610,#564);
#190=LINE('',#7614,#565);
#191=LINE('',#7618,#566);
#192=LINE('',#7622,#567);
#193=LINE('',#7626,#568);
#194=LINE('',#7630,#569);
#195=LINE('',#7634,#570);
#196=LINE('',#7638,#571);
#197=LINE('',#7642,#572);
#198=LINE('',#7646,#573);
#199=LINE('',#7650,#574);
#200=LINE('',#7654,#575);
#201=LINE('',#7658,#576);
#202=LINE('',#7662,#577);
#203=LINE('',#7666,#578);
#204=LINE('',#7670,#579);
#205=LINE('',#7674,#580);
#206=LINE('',#7678,#581);
#207=LINE('',#7682,#582);
#208=LINE('',#7686,#583);
#209=LINE('',#7690,#584);
#210=LINE('',#7694,#585);
#211=LINE('',#7698,#586);
#212=LINE('',#7702,#587);
#213=LINE('',#7706,#588);
#214=LINE('',#7710,#589);
#215=LINE('',#7714,#590);
#216=LINE('',#7718,#591);
#217=LINE('',#7722,#592);
#218=LINE('',#7726,#593);
#219=LINE('',#7730,#594);
#220=LINE('',#7734,#595);
#221=LINE('',#7738,#596);
#222=LINE('',#7742,#597);
#223=LINE('',#7746,#598);
#224=LINE('',#7750,#599);
#225=LINE('',#7754,#600);
#226=LINE('',#7758,#601);
#227=LINE('',#7762,#602);
#228=LINE('',#7766,#603);
#229=LINE('',#7770,#604);
#230=LINE('',#7774,#605);
#231=LINE('',#7778,#606);
#232=LINE('',#7782,#607);
#233=LINE('',#7786,#608);
#234=LINE('',#7790,#609);
#235=LINE('',#7794,#610);
#236=LINE('',#7799,#611);
#237=LINE('',#7800,#612);
#238=LINE('',#7801,#613);
#239=LINE('',#7803,#614);
#240=LINE('',#7805,#615);
#241=LINE('',#7807,#616);
#242=LINE('',#7809,#617);
#243=LINE('',#7811,#618);
#244=LINE('',#7813,#619);
#245=LINE('',#7815,#620);
#246=LINE('',#7818,#621);
#247=LINE('',#7819,#622);
#248=LINE('',#7821,#623);
#249=LINE('',#7823,#624);
#250=LINE('',#7825,#625);
#251=LINE('',#7827,#626);
#252=LINE('',#7829,#627);
#253=LINE('',#7831,#628);
#254=LINE('',#7834,#629);
#255=LINE('',#7835,#630);
#256=LINE('',#7837,#631);
#257=LINE('',#7839,#632);
#258=LINE('',#7841,#633);
#259=LINE('',#7843,#634);
#260=LINE('',#7845,#635);
#261=LINE('',#7847,#636);
#262=LINE('',#7850,#637);
#263=LINE('',#7851,#638);
#264=LINE('',#7853,#639);
#265=LINE('',#7855,#640);
#266=LINE('',#7857,#641);
#267=LINE('',#7859,#642);
#268=LINE('',#7861,#643);
#269=LINE('',#7863,#644);
#270=LINE('',#7866,#645);
#271=LINE('',#7867,#646);
#272=LINE('',#7869,#647);
#273=LINE('',#7871,#648);
#274=LINE('',#7873,#649);
#275=LINE('',#7875,#650);
#276=LINE('',#7877,#651);
#277=LINE('',#7879,#652);
#278=LINE('',#7882,#653);
#279=LINE('',#7883,#654);
#280=LINE('',#7885,#655);
#281=LINE('',#7887,#656);
#282=LINE('',#7889,#657);
#283=LINE('',#7891,#658);
#284=LINE('',#7893,#659);
#285=LINE('',#7895,#660);
#286=LINE('',#7898,#661);
#287=LINE('',#7899,#662);
#288=LINE('',#7901,#663);
#289=LINE('',#7903,#664);
#290=LINE('',#7905,#665);
#291=LINE('',#7907,#666);
#292=LINE('',#7909,#667);
#293=LINE('',#7911,#668);
#294=LINE('',#7914,#669);
#295=LINE('',#7915,#670);
#296=LINE('',#7917,#671);
#297=LINE('',#7919,#672);
#298=LINE('',#7921,#673);
#299=LINE('',#7923,#674);
#300=LINE('',#7925,#675);
#301=LINE('',#7927,#676);
#302=LINE('',#7930,#677);
#303=LINE('',#7931,#678);
#304=LINE('',#7933,#679);
#305=LINE('',#7935,#680);
#306=LINE('',#7937,#681);
#307=LINE('',#7939,#682);
#308=LINE('',#7941,#683);
#309=LINE('',#7943,#684);
#310=LINE('',#7946,#685);
#311=LINE('',#7947,#686);
#312=LINE('',#7949,#687);
#313=LINE('',#7951,#688);
#314=LINE('',#7953,#689);
#315=LINE('',#7955,#690);
#316=LINE('',#7957,#691);
#317=LINE('',#7959,#692);
#318=LINE('',#7962,#693);
#319=LINE('',#7963,#694);
#320=LINE('',#7965,#695);
#321=LINE('',#7967,#696);
#322=LINE('',#7969,#697);
#323=LINE('',#7971,#698);
#324=LINE('',#7973,#699);
#325=LINE('',#7975,#700);
#326=LINE('',#7978,#701);
#327=LINE('',#7979,#702);
#328=LINE('',#7981,#703);
#329=LINE('',#7983,#704);
#330=LINE('',#7985,#705);
#331=LINE('',#7987,#706);
#332=LINE('',#7989,#707);
#333=LINE('',#7991,#708);
#334=LINE('',#7994,#709);
#335=LINE('',#7995,#710);
#336=LINE('',#7997,#711);
#337=LINE('',#7999,#712);
#338=LINE('',#8001,#713);
#339=LINE('',#8003,#714);
#340=LINE('',#8005,#715);
#341=LINE('',#8007,#716);
#342=LINE('',#8010,#717);
#343=LINE('',#8011,#718);
#344=LINE('',#8013,#719);
#345=LINE('',#8015,#720);
#346=LINE('',#8017,#721);
#347=LINE('',#8019,#722);
#348=LINE('',#8021,#723);
#349=LINE('',#8023,#724);
#350=LINE('',#8026,#725);
#351=LINE('',#8027,#726);
#352=LINE('',#8029,#727);
#353=LINE('',#8031,#728);
#354=LINE('',#8033,#729);
#355=LINE('',#8035,#730);
#356=LINE('',#8037,#731);
#357=LINE('',#8039,#732);
#358=LINE('',#8042,#733);
#359=LINE('',#8043,#734);
#360=LINE('',#8045,#735);
#361=LINE('',#8047,#736);
#362=LINE('',#8049,#737);
#363=LINE('',#8051,#738);
#364=LINE('',#8053,#739);
#365=LINE('',#8055,#740);
#366=LINE('',#8058,#741);
#367=LINE('',#8059,#742);
#368=LINE('',#8061,#743);
#369=LINE('',#8063,#744);
#370=LINE('',#8065,#745);
#371=LINE('',#8067,#746);
#372=LINE('',#8069,#747);
#373=LINE('',#8071,#748);
#374=LINE('',#8074,#749);
#375=LINE('',#8075,#750);
#376=LINE('',#8077,#751);
#377=LINE('',#8079,#752);
#378=LINE('',#8081,#753);
#379=LINE('',#8083,#754);
#380=LINE('',#8085,#755);
#381=LINE('',#8087,#756);
#382=LINE('',#8090,#757);
#383=LINE('',#8091,#758);
#384=LINE('',#8093,#759);
#385=LINE('',#8095,#760);
#386=LINE('',#8097,#761);
#387=LINE('',#8099,#762);
#388=LINE('',#8101,#763);
#389=LINE('',#8103,#764);
#390=LINE('',#8106,#765);
#391=LINE('',#8107,#766);
#392=LINE('',#8109,#767);
#393=LINE('',#8111,#768);
#394=LINE('',#8113,#769);
#395=LINE('',#8115,#770);
#396=LINE('',#8117,#771);
#397=LINE('',#8119,#772);
#398=LINE('',#8122,#773);
#399=LINE('',#8123,#774);
#400=LINE('',#8125,#775);
#401=LINE('',#8127,#776);
#402=LINE('',#8129,#777);
#403=LINE('',#8131,#778);
#404=LINE('',#8133,#779);
#405=LINE('',#8135,#780);
#406=VECTOR('',#4353,1.);
#407=VECTOR('',#4354,1.);
#408=VECTOR('',#4357,1.);
#409=VECTOR('',#4358,1.);
#410=VECTOR('',#4359,1.);
#411=VECTOR('',#4362,1.);
#412=VECTOR('',#4365,1.);
#413=VECTOR('',#4368,1.);
#414=VECTOR('',#4371,1.);
#415=VECTOR('',#4374,1.);
#416=VECTOR('',#4377,1.);
#417=VECTOR('',#4380,1.);
#418=VECTOR('',#4383,1.);
#419=VECTOR('',#4386,1.);
#420=VECTOR('',#4389,1.);
#421=VECTOR('',#4392,1.);
#422=VECTOR('',#4395,1.);
#423=VECTOR('',#4398,1.);
#424=VECTOR('',#4401,1.);
#425=VECTOR('',#4404,1.);
#426=VECTOR('',#4407,1.);
#427=VECTOR('',#4410,1.);
#428=VECTOR('',#4413,1.);
#429=VECTOR('',#4416,1.);
#430=VECTOR('',#4419,1.);
#431=VECTOR('',#4422,1.);
#432=VECTOR('',#4425,1.);
#433=VECTOR('',#4428,1.);
#434=VECTOR('',#4431,1.);
#435=VECTOR('',#4434,1.);
#436=VECTOR('',#4437,1.);
#437=VECTOR('',#4440,1.);
#438=VECTOR('',#4443,1.);
#439=VECTOR('',#4446,1.);
#440=VECTOR('',#4449,1.);
#441=VECTOR('',#4452,1.);
#442=VECTOR('',#4455,1.);
#443=VECTOR('',#4458,1.);
#444=VECTOR('',#4461,1.);
#445=VECTOR('',#4464,1.);
#446=VECTOR('',#4467,1.);
#447=VECTOR('',#4470,1.);
#448=VECTOR('',#4473,1.);
#449=VECTOR('',#4476,1.);
#450=VECTOR('',#4479,1.);
#451=VECTOR('',#4482,1.);
#452=VECTOR('',#4485,1.);
#453=VECTOR('',#4488,1.);
#454=VECTOR('',#4491,1.);
#455=VECTOR('',#4494,1.);
#456=VECTOR('',#4497,1.);
#457=VECTOR('',#4500,1.);
#458=VECTOR('',#4503,1.);
#459=VECTOR('',#4506,1.);
#460=VECTOR('',#4509,1.);
#461=VECTOR('',#4512,1.);
#462=VECTOR('',#4515,1.);
#463=VECTOR('',#4518,1.);
#464=VECTOR('',#4521,1.);
#465=VECTOR('',#4524,1.);
#466=VECTOR('',#4527,1.);
#467=VECTOR('',#4530,1.);
#468=VECTOR('',#4533,1.);
#469=VECTOR('',#4536,1.);
#470=VECTOR('',#4539,1.);
#471=VECTOR('',#4542,1.);
#472=VECTOR('',#4545,1.);
#473=VECTOR('',#4548,1.);
#474=VECTOR('',#4551,1.);
#475=VECTOR('',#4554,1.);
#476=VECTOR('',#4557,1.);
#477=VECTOR('',#4560,1.);
#478=VECTOR('',#4563,1.);
#479=VECTOR('',#4566,1.);
#480=VECTOR('',#4569,1.);
#481=VECTOR('',#4572,1.);
#482=VECTOR('',#4575,1.);
#483=VECTOR('',#4578,1.);
#484=VECTOR('',#4581,1.);
#485=VECTOR('',#4584,1.);
#486=VECTOR('',#4587,1.);
#487=VECTOR('',#4590,1.);
#488=VECTOR('',#4593,1.);
#489=VECTOR('',#4596,1.);
#490=VECTOR('',#4599,1.);
#491=VECTOR('',#4602,1.);
#492=VECTOR('',#4607,1.);
#493=VECTOR('',#4608,1.);
#494=VECTOR('',#4609,1.);
#495=VECTOR('',#4612,1.);
#496=VECTOR('',#4613,1.);
#497=VECTOR('',#4614,1.);
#498=VECTOR('',#4621,1.);
#499=VECTOR('',#4624,1.);
#500=VECTOR('',#4643,1.);
#501=VECTOR('',#4646,1.);
#502=VECTOR('',#4651,1.);
#503=VECTOR('',#4652,1.);
#504=VECTOR('',#4653,1.);
#505=VECTOR('',#4656,1.);
#506=VECTOR('',#4659,1.);
#507=VECTOR('',#4660,1.);
#508=VECTOR('',#4661,1.);
#509=VECTOR('',#4664,1.);
#510=VECTOR('',#4665,1.);
#511=VECTOR('',#4666,1.);
#512=VECTOR('',#4669,1.);
#513=VECTOR('',#4670,1.);
#514=VECTOR('',#4671,1.);
#515=VECTOR('',#4672,1.);
#516=VECTOR('',#4675,1.);
#517=VECTOR('',#4676,1.);
#518=VECTOR('',#4677,1.);
#519=VECTOR('',#4680,1.);
#520=VECTOR('',#4685,1.);
#521=VECTOR('',#4688,1.);
#522=VECTOR('',#4689,1.);
#523=VECTOR('',#4690,1.);
#524=VECTOR('',#4693,1.);
#525=VECTOR('',#4694,1.);
#526=VECTOR('',#4697,1.);
#527=VECTOR('',#4698,1.);
#528=VECTOR('',#4701,1.);
#529=VECTOR('',#4704,1.);
#530=VECTOR('',#4705,1.);
#531=VECTOR('',#4716,1.);
#532=VECTOR('',#4719,1.);
#533=VECTOR('',#4722,1.);
#534=VECTOR('',#4725,1.);
#535=VECTOR('',#4728,1.);
#536=VECTOR('',#4731,1.);
#537=VECTOR('',#4734,1.);
#538=VECTOR('',#4737,1.);
#539=VECTOR('',#4740,1.);
#540=VECTOR('',#4743,1.);
#541=VECTOR('',#4746,1.);
#542=VECTOR('',#4749,1.);
#543=VECTOR('',#4752,1.);
#544=VECTOR('',#4755,1.);
#545=VECTOR('',#4758,1.);
#546=VECTOR('',#4761,1.);
#547=VECTOR('',#4764,1.);
#548=VECTOR('',#4767,1.);
#549=VECTOR('',#4770,1.);
#550=VECTOR('',#4773,1.);
#551=VECTOR('',#4776,1.);
#552=VECTOR('',#4779,1.);
#553=VECTOR('',#4782,1.);
#554=VECTOR('',#4785,1.);
#555=VECTOR('',#4788,1.);
#556=VECTOR('',#4791,1.);
#557=VECTOR('',#4794,1.);
#558=VECTOR('',#4797,1.);
#559=VECTOR('',#4800,1.);
#560=VECTOR('',#4803,1.);
#561=VECTOR('',#4806,1.);
#562=VECTOR('',#4809,1.);
#563=VECTOR('',#4812,1.);
#564=VECTOR('',#4815,1.);
#565=VECTOR('',#4818,1.);
#566=VECTOR('',#4821,1.);
#567=VECTOR('',#4824,1.);
#568=VECTOR('',#4827,1.);
#569=VECTOR('',#4830,1.);
#570=VECTOR('',#4833,1.);
#571=VECTOR('',#4836,1.);
#572=VECTOR('',#4839,1.);
#573=VECTOR('',#4842,1.);
#574=VECTOR('',#4845,1.);
#575=VECTOR('',#4848,1.);
#576=VECTOR('',#4851,1.);
#577=VECTOR('',#4854,1.);
#578=VECTOR('',#4857,1.);
#579=VECTOR('',#4860,1.);
#580=VECTOR('',#4863,1.);
#581=VECTOR('',#4866,1.);
#582=VECTOR('',#4869,1.);
#583=VECTOR('',#4872,1.);
#584=VECTOR('',#4875,1.);
#585=VECTOR('',#4878,1.);
#586=VECTOR('',#4881,1.);
#587=VECTOR('',#4884,1.);
#588=VECTOR('',#4887,1.);
#589=VECTOR('',#4890,1.);
#590=VECTOR('',#4893,1.);
#591=VECTOR('',#4896,1.);
#592=VECTOR('',#4899,1.);
#593=VECTOR('',#4902,1.);
#594=VECTOR('',#4905,1.);
#595=VECTOR('',#4908,1.);
#596=VECTOR('',#4911,1.);
#597=VECTOR('',#4914,1.);
#598=VECTOR('',#4917,1.);
#599=VECTOR('',#4920,1.);
#600=VECTOR('',#4923,1.);
#601=VECTOR('',#4926,1.);
#602=VECTOR('',#4929,1.);
#603=VECTOR('',#4932,1.);
#604=VECTOR('',#4935,1.);
#605=VECTOR('',#4938,1.);
#606=VECTOR('',#4941,1.);
#607=VECTOR('',#4944,1.);
#608=VECTOR('',#4947,1.);
#609=VECTOR('',#4950,1.);
#610=VECTOR('',#4953,1.);
#611=VECTOR('',#4960,1.);
#612=VECTOR('',#4961,1.);
#613=VECTOR('',#4962,1.);
#614=VECTOR('',#4965,1.);
#615=VECTOR('',#4968,1.);
#616=VECTOR('',#4971,1.);
#617=VECTOR('',#4974,1.);
#618=VECTOR('',#4977,1.);
#619=VECTOR('',#4980,1.);
#620=VECTOR('',#4983,1.);
#621=VECTOR('',#4988,1.);
#622=VECTOR('',#4989,1.);
#623=VECTOR('',#4992,1.);
#624=VECTOR('',#4995,1.);
#625=VECTOR('',#4998,1.);
#626=VECTOR('',#5001,1.);
#627=VECTOR('',#5004,1.);
#628=VECTOR('',#5007,1.);
#629=VECTOR('',#5012,1.);
#630=VECTOR('',#5013,1.);
#631=VECTOR('',#5016,1.);
#632=VECTOR('',#5019,1.);
#633=VECTOR('',#5022,1.);
#634=VECTOR('',#5025,1.);
#635=VECTOR('',#5028,1.);
#636=VECTOR('',#5031,1.);
#637=VECTOR('',#5036,1.);
#638=VECTOR('',#5037,1.);
#639=VECTOR('',#5040,1.);
#640=VECTOR('',#5043,1.);
#641=VECTOR('',#5046,1.);
#642=VECTOR('',#5049,1.);
#643=VECTOR('',#5052,1.);
#644=VECTOR('',#5055,1.);
#645=VECTOR('',#5060,1.);
#646=VECTOR('',#5061,1.);
#647=VECTOR('',#5064,1.);
#648=VECTOR('',#5067,1.);
#649=VECTOR('',#5070,1.);
#650=VECTOR('',#5073,1.);
#651=VECTOR('',#5076,1.);
#652=VECTOR('',#5079,1.);
#653=VECTOR('',#5084,1.);
#654=VECTOR('',#5085,1.);
#655=VECTOR('',#5088,1.);
#656=VECTOR('',#5091,1.);
#657=VECTOR('',#5094,1.);
#658=VECTOR('',#5097,1.);
#659=VECTOR('',#5100,1.);
#660=VECTOR('',#5103,1.);
#661=VECTOR('',#5108,1.);
#662=VECTOR('',#5109,1.);
#663=VECTOR('',#5112,1.);
#664=VECTOR('',#5115,1.);
#665=VECTOR('',#5118,1.);
#666=VECTOR('',#5121,1.);
#667=VECTOR('',#5124,1.);
#668=VECTOR('',#5127,1.);
#669=VECTOR('',#5132,1.);
#670=VECTOR('',#5133,1.);
#671=VECTOR('',#5136,1.);
#672=VECTOR('',#5139,1.);
#673=VECTOR('',#5142,1.);
#674=VECTOR('',#5145,1.);
#675=VECTOR('',#5148,1.);
#676=VECTOR('',#5151,1.);
#677=VECTOR('',#5156,1.);
#678=VECTOR('',#5157,1.);
#679=VECTOR('',#5160,1.);
#680=VECTOR('',#5163,1.);
#681=VECTOR('',#5166,1.);
#682=VECTOR('',#5169,1.);
#683=VECTOR('',#5172,1.);
#684=VECTOR('',#5175,1.);
#685=VECTOR('',#5180,1.);
#686=VECTOR('',#5181,1.);
#687=VECTOR('',#5184,1.);
#688=VECTOR('',#5187,1.);
#689=VECTOR('',#5190,1.);
#690=VECTOR('',#5193,1.);
#691=VECTOR('',#5196,1.);
#692=VECTOR('',#5199,1.);
#693=VECTOR('',#5204,1.);
#694=VECTOR('',#5205,1.);
#695=VECTOR('',#5208,1.);
#696=VECTOR('',#5211,1.);
#697=VECTOR('',#5214,1.);
#698=VECTOR('',#5217,1.);
#699=VECTOR('',#5220,1.);
#700=VECTOR('',#5223,1.);
#701=VECTOR('',#5228,1.);
#702=VECTOR('',#5229,1.);
#703=VECTOR('',#5232,1.);
#704=VECTOR('',#5235,1.);
#705=VECTOR('',#5238,1.);
#706=VECTOR('',#5241,1.);
#707=VECTOR('',#5244,1.);
#708=VECTOR('',#5247,1.);
#709=VECTOR('',#5252,1.);
#710=VECTOR('',#5253,1.);
#711=VECTOR('',#5256,1.);
#712=VECTOR('',#5259,1.);
#713=VECTOR('',#5262,1.);
#714=VECTOR('',#5265,1.);
#715=VECTOR('',#5268,1.);
#716=VECTOR('',#5271,1.);
#717=VECTOR('',#5276,1.);
#718=VECTOR('',#5277,1.);
#719=VECTOR('',#5280,1.);
#720=VECTOR('',#5283,1.);
#721=VECTOR('',#5286,1.);
#722=VECTOR('',#5289,1.);
#723=VECTOR('',#5292,1.);
#724=VECTOR('',#5295,1.);
#725=VECTOR('',#5300,1.);
#726=VECTOR('',#5301,1.);
#727=VECTOR('',#5304,1.);
#728=VECTOR('',#5307,1.);
#729=VECTOR('',#5310,1.);
#730=VECTOR('',#5313,1.);
#731=VECTOR('',#5316,1.);
#732=VECTOR('',#5319,1.);
#733=VECTOR('',#5324,1.);
#734=VECTOR('',#5325,1.);
#735=VECTOR('',#5328,1.);
#736=VECTOR('',#5331,1.);
#737=VECTOR('',#5334,1.);
#738=VECTOR('',#5337,1.);
#739=VECTOR('',#5340,1.);
#740=VECTOR('',#5343,1.);
#741=VECTOR('',#5348,1.);
#742=VECTOR('',#5349,1.);
#743=VECTOR('',#5352,1.);
#744=VECTOR('',#5355,1.);
#745=VECTOR('',#5358,1.);
#746=VECTOR('',#5361,1.);
#747=VECTOR('',#5364,1.);
#748=VECTOR('',#5367,1.);
#749=VECTOR('',#5372,1.);
#750=VECTOR('',#5373,1.);
#751=VECTOR('',#5376,1.);
#752=VECTOR('',#5379,1.);
#753=VECTOR('',#5382,1.);
#754=VECTOR('',#5385,1.);
#755=VECTOR('',#5388,1.);
#756=VECTOR('',#5391,1.);
#757=VECTOR('',#5396,1.);
#758=VECTOR('',#5397,1.);
#759=VECTOR('',#5400,1.);
#760=VECTOR('',#5403,1.);
#761=VECTOR('',#5406,1.);
#762=VECTOR('',#5409,1.);
#763=VECTOR('',#5412,1.);
#764=VECTOR('',#5415,1.);
#765=VECTOR('',#5420,1.);
#766=VECTOR('',#5421,1.);
#767=VECTOR('',#5424,1.);
#768=VECTOR('',#5427,1.);
#769=VECTOR('',#5430,1.);
#770=VECTOR('',#5433,1.);
#771=VECTOR('',#5436,1.);
#772=VECTOR('',#5439,1.);
#773=VECTOR('',#5444,1.);
#774=VECTOR('',#5445,1.);
#775=VECTOR('',#5448,1.);
#776=VECTOR('',#5451,1.);
#777=VECTOR('',#5454,1.);
#778=VECTOR('',#5457,1.);
#779=VECTOR('',#5460,1.);
#780=VECTOR('',#5463,1.);
#781=PLANE('',#3964);
#782=PLANE('',#3968);
#783=PLANE('',#4052);
#784=PLANE('',#4066);
#785=PLANE('',#4067);
#786=PLANE('',#4068);
#787=PLANE('',#4069);
#788=PLANE('',#4070);
#789=PLANE('',#4071);
#790=PLANE('',#4072);
#791=PLANE('',#4074);
#792=PLANE('',#4075);
#793=PLANE('',#4076);
#794=PLANE('',#4077);
#795=PLANE('',#4078);
#796=PLANE('',#4080);
#797=PLANE('',#4081);
#798=PLANE('',#4082);
#799=PLANE('',#4083);
#800=PLANE('',#4166);
#801=PLANE('',#4167);
#802=PLANE('',#4168);
#803=PLANE('',#4169);
#804=PLANE('',#4171);
#805=PLANE('',#4172);
#806=PLANE('',#4173);
#807=PLANE('',#4176);
#808=PLANE('',#4178);
#809=PLANE('',#4180);
#810=PLANE('',#4181);
#811=PLANE('',#4184);
#812=PLANE('',#4186);
#813=PLANE('',#4188);
#814=PLANE('',#4189);
#815=PLANE('',#4192);
#816=PLANE('',#4194);
#817=PLANE('',#4196);
#818=PLANE('',#4197);
#819=PLANE('',#4200);
#820=PLANE('',#4202);
#821=PLANE('',#4204);
#822=PLANE('',#4205);
#823=PLANE('',#4208);
#824=PLANE('',#4210);
#825=PLANE('',#4212);
#826=PLANE('',#4213);
#827=PLANE('',#4216);
#828=PLANE('',#4218);
#829=PLANE('',#4220);
#830=PLANE('',#4221);
#831=PLANE('',#4224);
#832=PLANE('',#4226);
#833=PLANE('',#4228);
#834=PLANE('',#4229);
#835=PLANE('',#4232);
#836=PLANE('',#4234);
#837=PLANE('',#4236);
#838=PLANE('',#4237);
#839=PLANE('',#4240);
#840=PLANE('',#4242);
#841=PLANE('',#4244);
#842=PLANE('',#4245);
#843=PLANE('',#4248);
#844=PLANE('',#4250);
#845=PLANE('',#4252);
#846=PLANE('',#4253);
#847=PLANE('',#4256);
#848=PLANE('',#4258);
#849=PLANE('',#4260);
#850=PLANE('',#4261);
#851=PLANE('',#4264);
#852=PLANE('',#4266);
#853=PLANE('',#4268);
#854=PLANE('',#4269);
#855=PLANE('',#4272);
#856=PLANE('',#4274);
#857=PLANE('',#4276);
#858=PLANE('',#4277);
#859=PLANE('',#4280);
#860=PLANE('',#4282);
#861=PLANE('',#4284);
#862=PLANE('',#4285);
#863=PLANE('',#4288);
#864=PLANE('',#4290);
#865=PLANE('',#4292);
#866=PLANE('',#4293);
#867=PLANE('',#4296);
#868=PLANE('',#4298);
#869=PLANE('',#4300);
#870=PLANE('',#4301);
#871=PLANE('',#4304);
#872=PLANE('',#4306);
#873=PLANE('',#4308);
#874=PLANE('',#4309);
#875=PLANE('',#4312);
#876=PLANE('',#4314);
#877=PLANE('',#4316);
#878=PLANE('',#4317);
#879=PLANE('',#4320);
#880=PLANE('',#4322);
#881=PLANE('',#4324);
#882=PLANE('',#4325);
#883=PLANE('',#4328);
#884=PLANE('',#4330);
#885=PLANE('',#4332);
#886=PLANE('',#4333);
#887=ELLIPSE('',#3960,0.00212195121951802,0.00145);
#888=ELLIPSE('',#3962,0.00212195121950636,0.00145);
#889=ORIENTED_EDGE('',*,*,#2031,.T.);
#890=ORIENTED_EDGE('',*,*,#2032,.F.);
#891=ORIENTED_EDGE('',*,*,#2033,.F.);
#892=ORIENTED_EDGE('',*,*,#2034,.F.);
#893=ORIENTED_EDGE('',*,*,#2035,.F.);
#894=ORIENTED_EDGE('',*,*,#2036,.T.);
#895=ORIENTED_EDGE('',*,*,#2037,.T.);
#896=ORIENTED_EDGE('',*,*,#2038,.T.);
#897=ORIENTED_EDGE('',*,*,#2039,.F.);
#898=ORIENTED_EDGE('',*,*,#2040,.T.);
#899=ORIENTED_EDGE('',*,*,#2041,.T.);
#900=ORIENTED_EDGE('',*,*,#2042,.T.);
#901=ORIENTED_EDGE('',*,*,#2043,.F.);
#902=ORIENTED_EDGE('',*,*,#2044,.T.);
#903=ORIENTED_EDGE('',*,*,#2045,.T.);
#904=ORIENTED_EDGE('',*,*,#2046,.F.);
#905=ORIENTED_EDGE('',*,*,#2047,.T.);
#906=ORIENTED_EDGE('',*,*,#2048,.F.);
#907=ORIENTED_EDGE('',*,*,#2049,.F.);
#908=ORIENTED_EDGE('',*,*,#2050,.F.);
#909=ORIENTED_EDGE('',*,*,#2051,.F.);
#910=ORIENTED_EDGE('',*,*,#2052,.F.);
#911=ORIENTED_EDGE('',*,*,#2053,.T.);
#912=ORIENTED_EDGE('',*,*,#2054,.F.);
#913=ORIENTED_EDGE('',*,*,#2055,.T.);
#914=ORIENTED_EDGE('',*,*,#2056,.F.);
#915=ORIENTED_EDGE('',*,*,#2057,.F.);
#916=ORIENTED_EDGE('',*,*,#2058,.F.);
#917=ORIENTED_EDGE('',*,*,#2059,.F.);
#918=ORIENTED_EDGE('',*,*,#2060,.F.);
#919=ORIENTED_EDGE('',*,*,#2061,.T.);
#920=ORIENTED_EDGE('',*,*,#2062,.F.);
#921=ORIENTED_EDGE('',*,*,#2063,.T.);
#922=ORIENTED_EDGE('',*,*,#2064,.F.);
#923=ORIENTED_EDGE('',*,*,#2065,.F.);
#924=ORIENTED_EDGE('',*,*,#2066,.F.);
#925=ORIENTED_EDGE('',*,*,#2067,.F.);
#926=ORIENTED_EDGE('',*,*,#2068,.F.);
#927=ORIENTED_EDGE('',*,*,#2069,.T.);
#928=ORIENTED_EDGE('',*,*,#2070,.F.);
#929=ORIENTED_EDGE('',*,*,#2071,.T.);
#930=ORIENTED_EDGE('',*,*,#2072,.F.);
#931=ORIENTED_EDGE('',*,*,#2073,.F.);
#932=ORIENTED_EDGE('',*,*,#2074,.F.);
#933=ORIENTED_EDGE('',*,*,#2075,.F.);
#934=ORIENTED_EDGE('',*,*,#2076,.F.);
#935=ORIENTED_EDGE('',*,*,#2077,.T.);
#936=ORIENTED_EDGE('',*,*,#2078,.F.);
#937=ORIENTED_EDGE('',*,*,#2079,.T.);
#938=ORIENTED_EDGE('',*,*,#2080,.F.);
#939=ORIENTED_EDGE('',*,*,#2081,.F.);
#940=ORIENTED_EDGE('',*,*,#2082,.F.);
#941=ORIENTED_EDGE('',*,*,#2083,.F.);
#942=ORIENTED_EDGE('',*,*,#2084,.F.);
#943=ORIENTED_EDGE('',*,*,#2085,.T.);
#944=ORIENTED_EDGE('',*,*,#2086,.F.);
#945=ORIENTED_EDGE('',*,*,#2087,.T.);
#946=ORIENTED_EDGE('',*,*,#2088,.F.);
#947=ORIENTED_EDGE('',*,*,#2089,.F.);
#948=ORIENTED_EDGE('',*,*,#2090,.F.);
#949=ORIENTED_EDGE('',*,*,#2091,.F.);
#950=ORIENTED_EDGE('',*,*,#2092,.F.);
#951=ORIENTED_EDGE('',*,*,#2093,.T.);
#952=ORIENTED_EDGE('',*,*,#2094,.F.);
#953=ORIENTED_EDGE('',*,*,#2095,.T.);
#954=ORIENTED_EDGE('',*,*,#2096,.F.);
#955=ORIENTED_EDGE('',*,*,#2097,.F.);
#956=ORIENTED_EDGE('',*,*,#2098,.F.);
#957=ORIENTED_EDGE('',*,*,#2099,.F.);
#958=ORIENTED_EDGE('',*,*,#2100,.F.);
#959=ORIENTED_EDGE('',*,*,#2101,.T.);
#960=ORIENTED_EDGE('',*,*,#2102,.F.);
#961=ORIENTED_EDGE('',*,*,#2103,.T.);
#962=ORIENTED_EDGE('',*,*,#2104,.F.);
#963=ORIENTED_EDGE('',*,*,#2105,.F.);
#964=ORIENTED_EDGE('',*,*,#2106,.F.);
#965=ORIENTED_EDGE('',*,*,#2107,.F.);
#966=ORIENTED_EDGE('',*,*,#2108,.F.);
#967=ORIENTED_EDGE('',*,*,#2109,.T.);
#968=ORIENTED_EDGE('',*,*,#2110,.F.);
#969=ORIENTED_EDGE('',*,*,#2111,.T.);
#970=ORIENTED_EDGE('',*,*,#2112,.F.);
#971=ORIENTED_EDGE('',*,*,#2113,.F.);
#972=ORIENTED_EDGE('',*,*,#2114,.F.);
#973=ORIENTED_EDGE('',*,*,#2115,.F.);
#974=ORIENTED_EDGE('',*,*,#2116,.F.);
#975=ORIENTED_EDGE('',*,*,#2117,.T.);
#976=ORIENTED_EDGE('',*,*,#2118,.F.);
#977=ORIENTED_EDGE('',*,*,#2119,.T.);
#978=ORIENTED_EDGE('',*,*,#2120,.F.);
#979=ORIENTED_EDGE('',*,*,#2121,.F.);
#980=ORIENTED_EDGE('',*,*,#2122,.F.);
#981=ORIENTED_EDGE('',*,*,#2123,.F.);
#982=ORIENTED_EDGE('',*,*,#2124,.F.);
#983=ORIENTED_EDGE('',*,*,#2125,.T.);
#984=ORIENTED_EDGE('',*,*,#2126,.F.);
#985=ORIENTED_EDGE('',*,*,#2127,.T.);
#986=ORIENTED_EDGE('',*,*,#2128,.F.);
#987=ORIENTED_EDGE('',*,*,#2129,.F.);
#988=ORIENTED_EDGE('',*,*,#2130,.F.);
#989=ORIENTED_EDGE('',*,*,#2131,.F.);
#990=ORIENTED_EDGE('',*,*,#2132,.F.);
#991=ORIENTED_EDGE('',*,*,#2133,.T.);
#992=ORIENTED_EDGE('',*,*,#2134,.F.);
#993=ORIENTED_EDGE('',*,*,#2135,.T.);
#994=ORIENTED_EDGE('',*,*,#2136,.F.);
#995=ORIENTED_EDGE('',*,*,#2137,.F.);
#996=ORIENTED_EDGE('',*,*,#2138,.F.);
#997=ORIENTED_EDGE('',*,*,#2139,.F.);
#998=ORIENTED_EDGE('',*,*,#2140,.F.);
#999=ORIENTED_EDGE('',*,*,#2141,.T.);
#1000=ORIENTED_EDGE('',*,*,#2142,.F.);
#1001=ORIENTED_EDGE('',*,*,#2143,.T.);
#1002=ORIENTED_EDGE('',*,*,#2144,.F.);
#1003=ORIENTED_EDGE('',*,*,#2145,.F.);
#1004=ORIENTED_EDGE('',*,*,#2146,.F.);
#1005=ORIENTED_EDGE('',*,*,#2147,.F.);
#1006=ORIENTED_EDGE('',*,*,#2148,.F.);
#1007=ORIENTED_EDGE('',*,*,#2149,.T.);
#1008=ORIENTED_EDGE('',*,*,#2150,.F.);
#1009=ORIENTED_EDGE('',*,*,#2151,.T.);
#1010=ORIENTED_EDGE('',*,*,#2152,.F.);
#1011=ORIENTED_EDGE('',*,*,#2153,.F.);
#1012=ORIENTED_EDGE('',*,*,#2154,.F.);
#1013=ORIENTED_EDGE('',*,*,#2155,.F.);
#1014=ORIENTED_EDGE('',*,*,#2156,.F.);
#1015=ORIENTED_EDGE('',*,*,#2157,.T.);
#1016=ORIENTED_EDGE('',*,*,#2158,.F.);
#1017=ORIENTED_EDGE('',*,*,#2159,.T.);
#1018=ORIENTED_EDGE('',*,*,#2160,.F.);
#1019=ORIENTED_EDGE('',*,*,#2161,.F.);
#1020=ORIENTED_EDGE('',*,*,#2162,.F.);
#1021=ORIENTED_EDGE('',*,*,#2163,.F.);
#1022=ORIENTED_EDGE('',*,*,#2164,.F.);
#1023=ORIENTED_EDGE('',*,*,#2165,.T.);
#1024=ORIENTED_EDGE('',*,*,#2166,.F.);
#1025=ORIENTED_EDGE('',*,*,#2167,.T.);
#1026=ORIENTED_EDGE('',*,*,#2168,.F.);
#1027=ORIENTED_EDGE('',*,*,#2169,.F.);
#1028=ORIENTED_EDGE('',*,*,#2170,.F.);
#1029=ORIENTED_EDGE('',*,*,#2171,.F.);
#1030=ORIENTED_EDGE('',*,*,#2172,.F.);
#1031=ORIENTED_EDGE('',*,*,#2173,.T.);
#1032=ORIENTED_EDGE('',*,*,#2174,.F.);
#1033=ORIENTED_EDGE('',*,*,#2175,.T.);
#1034=ORIENTED_EDGE('',*,*,#2176,.F.);
#1035=ORIENTED_EDGE('',*,*,#2177,.F.);
#1036=ORIENTED_EDGE('',*,*,#2178,.F.);
#1037=ORIENTED_EDGE('',*,*,#2179,.F.);
#1038=ORIENTED_EDGE('',*,*,#2180,.F.);
#1039=ORIENTED_EDGE('',*,*,#2181,.T.);
#1040=ORIENTED_EDGE('',*,*,#2182,.F.);
#1041=ORIENTED_EDGE('',*,*,#2183,.T.);
#1042=ORIENTED_EDGE('',*,*,#2184,.F.);
#1043=ORIENTED_EDGE('',*,*,#2185,.F.);
#1044=ORIENTED_EDGE('',*,*,#2186,.F.);
#1045=ORIENTED_EDGE('',*,*,#2187,.F.);
#1046=ORIENTED_EDGE('',*,*,#2188,.F.);
#1047=ORIENTED_EDGE('',*,*,#2189,.T.);
#1048=ORIENTED_EDGE('',*,*,#2190,.F.);
#1049=ORIENTED_EDGE('',*,*,#2191,.T.);
#1050=ORIENTED_EDGE('',*,*,#2192,.F.);
#1051=ORIENTED_EDGE('',*,*,#2193,.F.);
#1052=ORIENTED_EDGE('',*,*,#2194,.F.);
#1053=ORIENTED_EDGE('',*,*,#2195,.F.);
#1054=ORIENTED_EDGE('',*,*,#2196,.F.);
#1055=ORIENTED_EDGE('',*,*,#2197,.T.);
#1056=ORIENTED_EDGE('',*,*,#2198,.F.);
#1057=ORIENTED_EDGE('',*,*,#2199,.T.);
#1058=ORIENTED_EDGE('',*,*,#2200,.F.);
#1059=ORIENTED_EDGE('',*,*,#2201,.F.);
#1060=ORIENTED_EDGE('',*,*,#2202,.F.);
#1061=ORIENTED_EDGE('',*,*,#2203,.F.);
#1062=ORIENTED_EDGE('',*,*,#2204,.F.);
#1063=ORIENTED_EDGE('',*,*,#2205,.F.);
#1064=ORIENTED_EDGE('',*,*,#2206,.T.);
#1065=ORIENTED_EDGE('',*,*,#2207,.T.);
#1066=ORIENTED_EDGE('',*,*,#2208,.T.);
#1067=ORIENTED_EDGE('',*,*,#2209,.F.);
#1068=ORIENTED_EDGE('',*,*,#2210,.T.);
#1069=ORIENTED_EDGE('',*,*,#2211,.T.);
#1070=ORIENTED_EDGE('',*,*,#2212,.T.);
#1071=ORIENTED_EDGE('',*,*,#2213,.F.);
#1072=ORIENTED_EDGE('',*,*,#2214,.F.);
#1073=ORIENTED_EDGE('',*,*,#2215,.T.);
#1074=ORIENTED_EDGE('',*,*,#2216,.F.);
#1075=ORIENTED_EDGE('',*,*,#2217,.T.);
#1076=ORIENTED_EDGE('',*,*,#2036,.F.);
#1077=ORIENTED_EDGE('',*,*,#2218,.F.);
#1078=ORIENTED_EDGE('',*,*,#2214,.T.);
#1079=ORIENTED_EDGE('',*,*,#2219,.T.);
#1080=ORIENTED_EDGE('',*,*,#2216,.T.);
#1081=ORIENTED_EDGE('',*,*,#2220,.T.);
#1082=ORIENTED_EDGE('',*,*,#2221,.T.);
#1083=ORIENTED_EDGE('',*,*,#2222,.T.);
#1084=ORIENTED_EDGE('',*,*,#2223,.T.);
#1085=ORIENTED_EDGE('',*,*,#2224,.F.);
#1086=ORIENTED_EDGE('',*,*,#2225,.F.);
#1087=ORIENTED_EDGE('',*,*,#2226,.F.);
#1088=ORIENTED_EDGE('',*,*,#2227,.T.);
#1089=ORIENTED_EDGE('',*,*,#2228,.T.);
#1090=ORIENTED_EDGE('',*,*,#2226,.T.);
#1091=ORIENTED_EDGE('',*,*,#2225,.T.);
#1092=ORIENTED_EDGE('',*,*,#2224,.T.);
#1093=ORIENTED_EDGE('',*,*,#2229,.T.);
#1094=ORIENTED_EDGE('',*,*,#2230,.F.);
#1095=ORIENTED_EDGE('',*,*,#2231,.T.);
#1096=ORIENTED_EDGE('',*,*,#2232,.F.);
#1097=ORIENTED_EDGE('',*,*,#2233,.F.);
#1098=ORIENTED_EDGE('',*,*,#2234,.F.);
#1099=ORIENTED_EDGE('',*,*,#2235,.F.);
#1100=ORIENTED_EDGE('',*,*,#2236,.F.);
#1101=ORIENTED_EDGE('',*,*,#2231,.F.);
#1102=ORIENTED_EDGE('',*,*,#2237,.F.);
#1103=ORIENTED_EDGE('',*,*,#2233,.T.);
#1104=ORIENTED_EDGE('',*,*,#2238,.F.);
#1105=ORIENTED_EDGE('',*,*,#2239,.T.);
#1106=ORIENTED_EDGE('',*,*,#2240,.T.);
#1107=ORIENTED_EDGE('',*,*,#2241,.T.);
#1108=ORIENTED_EDGE('',*,*,#2242,.T.);
#1109=ORIENTED_EDGE('',*,*,#2243,.F.);
#1110=ORIENTED_EDGE('',*,*,#2244,.T.);
#1111=ORIENTED_EDGE('',*,*,#2245,.T.);
#1112=ORIENTED_EDGE('',*,*,#2246,.T.);
#1113=ORIENTED_EDGE('',*,*,#2227,.F.);
#1114=ORIENTED_EDGE('',*,*,#2247,.F.);
#1115=ORIENTED_EDGE('',*,*,#2248,.T.);
#1116=ORIENTED_EDGE('',*,*,#2244,.F.);
#1117=ORIENTED_EDGE('',*,*,#2249,.F.);
#1118=ORIENTED_EDGE('',*,*,#2250,.F.);
#1119=ORIENTED_EDGE('',*,*,#2239,.F.);
#1120=ORIENTED_EDGE('',*,*,#2251,.T.);
#1121=ORIENTED_EDGE('',*,*,#2252,.F.);
#1122=ORIENTED_EDGE('',*,*,#2246,.F.);
#1123=ORIENTED_EDGE('',*,*,#2253,.F.);
#1124=ORIENTED_EDGE('',*,*,#2254,.T.);
#1125=ORIENTED_EDGE('',*,*,#2249,.T.);
#1126=ORIENTED_EDGE('',*,*,#2228,.F.);
#1127=ORIENTED_EDGE('',*,*,#2252,.T.);
#1128=ORIENTED_EDGE('',*,*,#2255,.T.);
#1129=ORIENTED_EDGE('',*,*,#2232,.T.);
#1130=ORIENTED_EDGE('',*,*,#2238,.T.);
#1131=ORIENTED_EDGE('',*,*,#2236,.T.);
#1132=ORIENTED_EDGE('',*,*,#2221,.F.);
#1133=ORIENTED_EDGE('',*,*,#2256,.F.);
#1134=ORIENTED_EDGE('',*,*,#2257,.F.);
#1135=ORIENTED_EDGE('',*,*,#2242,.F.);
#1136=ORIENTED_EDGE('',*,*,#2241,.F.);
#1137=ORIENTED_EDGE('',*,*,#2258,.F.);
#1138=ORIENTED_EDGE('',*,*,#2259,.F.);
#1139=ORIENTED_EDGE('',*,*,#2235,.T.);
#1140=ORIENTED_EDGE('',*,*,#2260,.F.);
#1141=ORIENTED_EDGE('',*,*,#2229,.F.);
#1142=ORIENTED_EDGE('',*,*,#2255,.F.);
#1143=ORIENTED_EDGE('',*,*,#2220,.F.);
#1144=ORIENTED_EDGE('',*,*,#2259,.T.);
#1145=ORIENTED_EDGE('',*,*,#2261,.F.);
#1146=ORIENTED_EDGE('',*,*,#2262,.T.);
#1147=ORIENTED_EDGE('',*,*,#2263,.T.);
#1148=ORIENTED_EDGE('',*,*,#2256,.T.);
#1149=ORIENTED_EDGE('',*,*,#2031,.F.);
#1150=ORIENTED_EDGE('',*,*,#2264,.T.);
#1151=ORIENTED_EDGE('',*,*,#2250,.T.);
#1152=ORIENTED_EDGE('',*,*,#2254,.F.);
#1153=ORIENTED_EDGE('',*,*,#2251,.F.);
#1154=ORIENTED_EDGE('',*,*,#2243,.T.);
#1155=ORIENTED_EDGE('',*,*,#2257,.T.);
#1156=ORIENTED_EDGE('',*,*,#2263,.F.);
#1157=ORIENTED_EDGE('',*,*,#2265,.T.);
#1158=ORIENTED_EDGE('',*,*,#2266,.F.);
#1159=ORIENTED_EDGE('',*,*,#2267,.T.);
#1160=ORIENTED_EDGE('',*,*,#2261,.T.);
#1161=ORIENTED_EDGE('',*,*,#2258,.T.);
#1162=ORIENTED_EDGE('',*,*,#2240,.F.);
#1163=ORIENTED_EDGE('',*,*,#2253,.T.);
#1164=ORIENTED_EDGE('',*,*,#2245,.F.);
#1165=ORIENTED_EDGE('',*,*,#2248,.F.);
#1166=ORIENTED_EDGE('',*,*,#2264,.F.);
#1167=ORIENTED_EDGE('',*,*,#2268,.T.);
#1168=ORIENTED_EDGE('',*,*,#2266,.T.);
#1169=ORIENTED_EDGE('',*,*,#2247,.T.);
#1170=ORIENTED_EDGE('',*,*,#2223,.F.);
#1171=ORIENTED_EDGE('',*,*,#2269,.F.);
#1172=ORIENTED_EDGE('',*,*,#2219,.F.);
#1173=ORIENTED_EDGE('',*,*,#2270,.T.);
#1174=ORIENTED_EDGE('',*,*,#2222,.F.);
#1175=ORIENTED_EDGE('',*,*,#2270,.F.);
#1176=ORIENTED_EDGE('',*,*,#2217,.F.);
#1177=ORIENTED_EDGE('',*,*,#2269,.T.);
#1178=ORIENTED_EDGE('',*,*,#2218,.T.);
#1179=ORIENTED_EDGE('',*,*,#2215,.F.);
#1180=ORIENTED_EDGE('',*,*,#2265,.F.);
#1181=ORIENTED_EDGE('',*,*,#2262,.F.);
#1182=ORIENTED_EDGE('',*,*,#2267,.F.);
#1183=ORIENTED_EDGE('',*,*,#2268,.F.);
#1184=ORIENTED_EDGE('',*,*,#2271,.T.);
#1185=ORIENTED_EDGE('',*,*,#2272,.F.);
#1186=ORIENTED_EDGE('',*,*,#2273,.T.);
#1187=ORIENTED_EDGE('',*,*,#2274,.T.);
#1188=ORIENTED_EDGE('',*,*,#2275,.T.);
#1189=ORIENTED_EDGE('',*,*,#2276,.T.);
#1190=ORIENTED_EDGE('',*,*,#2277,.T.);
#1191=ORIENTED_EDGE('',*,*,#2278,.F.);
#1192=ORIENTED_EDGE('',*,*,#2279,.T.);
#1193=ORIENTED_EDGE('',*,*,#2280,.F.);
#1194=ORIENTED_EDGE('',*,*,#2281,.T.);
#1195=ORIENTED_EDGE('',*,*,#2282,.T.);
#1196=ORIENTED_EDGE('',*,*,#2283,.T.);
#1197=ORIENTED_EDGE('',*,*,#2284,.T.);
#1198=ORIENTED_EDGE('',*,*,#2285,.T.);
#1199=ORIENTED_EDGE('',*,*,#2286,.F.);
#1200=ORIENTED_EDGE('',*,*,#2287,.T.);
#1201=ORIENTED_EDGE('',*,*,#2288,.F.);
#1202=ORIENTED_EDGE('',*,*,#2289,.T.);
#1203=ORIENTED_EDGE('',*,*,#2290,.T.);
#1204=ORIENTED_EDGE('',*,*,#2291,.T.);
#1205=ORIENTED_EDGE('',*,*,#2292,.T.);
#1206=ORIENTED_EDGE('',*,*,#2293,.T.);
#1207=ORIENTED_EDGE('',*,*,#2294,.F.);
#1208=ORIENTED_EDGE('',*,*,#2295,.T.);
#1209=ORIENTED_EDGE('',*,*,#2296,.F.);
#1210=ORIENTED_EDGE('',*,*,#2297,.T.);
#1211=ORIENTED_EDGE('',*,*,#2298,.T.);
#1212=ORIENTED_EDGE('',*,*,#2299,.T.);
#1213=ORIENTED_EDGE('',*,*,#2300,.T.);
#1214=ORIENTED_EDGE('',*,*,#2301,.T.);
#1215=ORIENTED_EDGE('',*,*,#2302,.F.);
#1216=ORIENTED_EDGE('',*,*,#2303,.T.);
#1217=ORIENTED_EDGE('',*,*,#2304,.F.);
#1218=ORIENTED_EDGE('',*,*,#2305,.T.);
#1219=ORIENTED_EDGE('',*,*,#2306,.T.);
#1220=ORIENTED_EDGE('',*,*,#2307,.T.);
#1221=ORIENTED_EDGE('',*,*,#2308,.T.);
#1222=ORIENTED_EDGE('',*,*,#2309,.T.);
#1223=ORIENTED_EDGE('',*,*,#2310,.F.);
#1224=ORIENTED_EDGE('',*,*,#2311,.T.);
#1225=ORIENTED_EDGE('',*,*,#2312,.F.);
#1226=ORIENTED_EDGE('',*,*,#2313,.T.);
#1227=ORIENTED_EDGE('',*,*,#2314,.T.);
#1228=ORIENTED_EDGE('',*,*,#2315,.T.);
#1229=ORIENTED_EDGE('',*,*,#2316,.T.);
#1230=ORIENTED_EDGE('',*,*,#2317,.T.);
#1231=ORIENTED_EDGE('',*,*,#2318,.F.);
#1232=ORIENTED_EDGE('',*,*,#2319,.T.);
#1233=ORIENTED_EDGE('',*,*,#2320,.F.);
#1234=ORIENTED_EDGE('',*,*,#2321,.T.);
#1235=ORIENTED_EDGE('',*,*,#2322,.T.);
#1236=ORIENTED_EDGE('',*,*,#2323,.T.);
#1237=ORIENTED_EDGE('',*,*,#2324,.T.);
#1238=ORIENTED_EDGE('',*,*,#2325,.T.);
#1239=ORIENTED_EDGE('',*,*,#2326,.F.);
#1240=ORIENTED_EDGE('',*,*,#2327,.T.);
#1241=ORIENTED_EDGE('',*,*,#2328,.F.);
#1242=ORIENTED_EDGE('',*,*,#2329,.T.);
#1243=ORIENTED_EDGE('',*,*,#2330,.T.);
#1244=ORIENTED_EDGE('',*,*,#2331,.T.);
#1245=ORIENTED_EDGE('',*,*,#2332,.T.);
#1246=ORIENTED_EDGE('',*,*,#2333,.T.);
#1247=ORIENTED_EDGE('',*,*,#2334,.F.);
#1248=ORIENTED_EDGE('',*,*,#2335,.T.);
#1249=ORIENTED_EDGE('',*,*,#2336,.F.);
#1250=ORIENTED_EDGE('',*,*,#2337,.T.);
#1251=ORIENTED_EDGE('',*,*,#2338,.T.);
#1252=ORIENTED_EDGE('',*,*,#2339,.T.);
#1253=ORIENTED_EDGE('',*,*,#2340,.T.);
#1254=ORIENTED_EDGE('',*,*,#2341,.T.);
#1255=ORIENTED_EDGE('',*,*,#2342,.F.);
#1256=ORIENTED_EDGE('',*,*,#2343,.T.);
#1257=ORIENTED_EDGE('',*,*,#2344,.F.);
#1258=ORIENTED_EDGE('',*,*,#2345,.T.);
#1259=ORIENTED_EDGE('',*,*,#2346,.T.);
#1260=ORIENTED_EDGE('',*,*,#2347,.T.);
#1261=ORIENTED_EDGE('',*,*,#2348,.T.);
#1262=ORIENTED_EDGE('',*,*,#2349,.T.);
#1263=ORIENTED_EDGE('',*,*,#2350,.F.);
#1264=ORIENTED_EDGE('',*,*,#2351,.T.);
#1265=ORIENTED_EDGE('',*,*,#2352,.F.);
#1266=ORIENTED_EDGE('',*,*,#2353,.T.);
#1267=ORIENTED_EDGE('',*,*,#2354,.T.);
#1268=ORIENTED_EDGE('',*,*,#2355,.T.);
#1269=ORIENTED_EDGE('',*,*,#2356,.T.);
#1270=ORIENTED_EDGE('',*,*,#2357,.T.);
#1271=ORIENTED_EDGE('',*,*,#2358,.F.);
#1272=ORIENTED_EDGE('',*,*,#2359,.T.);
#1273=ORIENTED_EDGE('',*,*,#2360,.F.);
#1274=ORIENTED_EDGE('',*,*,#2361,.T.);
#1275=ORIENTED_EDGE('',*,*,#2362,.T.);
#1276=ORIENTED_EDGE('',*,*,#2363,.T.);
#1277=ORIENTED_EDGE('',*,*,#2364,.T.);
#1278=ORIENTED_EDGE('',*,*,#2365,.T.);
#1279=ORIENTED_EDGE('',*,*,#2366,.F.);
#1280=ORIENTED_EDGE('',*,*,#2367,.T.);
#1281=ORIENTED_EDGE('',*,*,#2368,.F.);
#1282=ORIENTED_EDGE('',*,*,#2369,.T.);
#1283=ORIENTED_EDGE('',*,*,#2370,.T.);
#1284=ORIENTED_EDGE('',*,*,#2371,.T.);
#1285=ORIENTED_EDGE('',*,*,#2372,.T.);
#1286=ORIENTED_EDGE('',*,*,#2373,.T.);
#1287=ORIENTED_EDGE('',*,*,#2374,.F.);
#1288=ORIENTED_EDGE('',*,*,#2375,.T.);
#1289=ORIENTED_EDGE('',*,*,#2376,.F.);
#1290=ORIENTED_EDGE('',*,*,#2377,.T.);
#1291=ORIENTED_EDGE('',*,*,#2378,.T.);
#1292=ORIENTED_EDGE('',*,*,#2379,.T.);
#1293=ORIENTED_EDGE('',*,*,#2380,.T.);
#1294=ORIENTED_EDGE('',*,*,#2381,.T.);
#1295=ORIENTED_EDGE('',*,*,#2382,.F.);
#1296=ORIENTED_EDGE('',*,*,#2383,.T.);
#1297=ORIENTED_EDGE('',*,*,#2384,.F.);
#1298=ORIENTED_EDGE('',*,*,#2385,.T.);
#1299=ORIENTED_EDGE('',*,*,#2386,.T.);
#1300=ORIENTED_EDGE('',*,*,#2387,.T.);
#1301=ORIENTED_EDGE('',*,*,#2388,.T.);
#1302=ORIENTED_EDGE('',*,*,#2389,.T.);
#1303=ORIENTED_EDGE('',*,*,#2390,.F.);
#1304=ORIENTED_EDGE('',*,*,#2391,.T.);
#1305=ORIENTED_EDGE('',*,*,#2392,.F.);
#1306=ORIENTED_EDGE('',*,*,#2393,.T.);
#1307=ORIENTED_EDGE('',*,*,#2394,.T.);
#1308=ORIENTED_EDGE('',*,*,#2395,.T.);
#1309=ORIENTED_EDGE('',*,*,#2396,.T.);
#1310=ORIENTED_EDGE('',*,*,#2397,.T.);
#1311=ORIENTED_EDGE('',*,*,#2398,.F.);
#1312=ORIENTED_EDGE('',*,*,#2399,.T.);
#1313=ORIENTED_EDGE('',*,*,#2400,.F.);
#1314=ORIENTED_EDGE('',*,*,#2401,.T.);
#1315=ORIENTED_EDGE('',*,*,#2402,.T.);
#1316=ORIENTED_EDGE('',*,*,#2403,.T.);
#1317=ORIENTED_EDGE('',*,*,#2404,.T.);
#1318=ORIENTED_EDGE('',*,*,#2405,.T.);
#1319=ORIENTED_EDGE('',*,*,#2406,.F.);
#1320=ORIENTED_EDGE('',*,*,#2407,.T.);
#1321=ORIENTED_EDGE('',*,*,#2408,.F.);
#1322=ORIENTED_EDGE('',*,*,#2409,.T.);
#1323=ORIENTED_EDGE('',*,*,#2410,.T.);
#1324=ORIENTED_EDGE('',*,*,#2411,.T.);
#1325=ORIENTED_EDGE('',*,*,#2412,.T.);
#1326=ORIENTED_EDGE('',*,*,#2413,.T.);
#1327=ORIENTED_EDGE('',*,*,#2414,.F.);
#1328=ORIENTED_EDGE('',*,*,#2415,.T.);
#1329=ORIENTED_EDGE('',*,*,#2416,.F.);
#1330=ORIENTED_EDGE('',*,*,#2417,.T.);
#1331=ORIENTED_EDGE('',*,*,#2418,.T.);
#1332=ORIENTED_EDGE('',*,*,#2419,.T.);
#1333=ORIENTED_EDGE('',*,*,#2420,.T.);
#1334=ORIENTED_EDGE('',*,*,#2421,.T.);
#1335=ORIENTED_EDGE('',*,*,#2422,.F.);
#1336=ORIENTED_EDGE('',*,*,#2423,.T.);
#1337=ORIENTED_EDGE('',*,*,#2424,.F.);
#1338=ORIENTED_EDGE('',*,*,#2425,.T.);
#1339=ORIENTED_EDGE('',*,*,#2426,.T.);
#1340=ORIENTED_EDGE('',*,*,#2427,.T.);
#1341=ORIENTED_EDGE('',*,*,#2428,.T.);
#1342=ORIENTED_EDGE('',*,*,#2429,.T.);
#1343=ORIENTED_EDGE('',*,*,#2430,.F.);
#1344=ORIENTED_EDGE('',*,*,#2431,.T.);
#1345=ORIENTED_EDGE('',*,*,#2234,.T.);
#1346=ORIENTED_EDGE('',*,*,#2237,.T.);
#1347=ORIENTED_EDGE('',*,*,#2230,.T.);
#1348=ORIENTED_EDGE('',*,*,#2260,.T.);
#1349=ORIENTED_EDGE('',*,*,#2431,.F.);
#1350=ORIENTED_EDGE('',*,*,#2205,.T.);
#1351=ORIENTED_EDGE('',*,*,#2032,.T.);
#1352=ORIENTED_EDGE('',*,*,#2432,.F.);
#1353=ORIENTED_EDGE('',*,*,#2206,.F.);
#1354=ORIENTED_EDGE('',*,*,#2433,.T.);
#1355=ORIENTED_EDGE('',*,*,#2038,.F.);
#1356=ORIENTED_EDGE('',*,*,#2434,.F.);
#1357=ORIENTED_EDGE('',*,*,#2035,.T.);
#1358=ORIENTED_EDGE('',*,*,#2435,.F.);
#1359=ORIENTED_EDGE('',*,*,#2207,.F.);
#1360=ORIENTED_EDGE('',*,*,#2432,.T.);
#1361=ORIENTED_EDGE('',*,*,#2033,.T.);
#1362=ORIENTED_EDGE('',*,*,#2434,.T.);
#1363=ORIENTED_EDGE('',*,*,#2037,.F.);
#1364=ORIENTED_EDGE('',*,*,#2436,.F.);
#1365=ORIENTED_EDGE('',*,*,#2034,.T.);
#1366=ORIENTED_EDGE('',*,*,#2436,.T.);
#1367=ORIENTED_EDGE('',*,*,#2044,.F.);
#1368=ORIENTED_EDGE('',*,*,#2437,.F.);
#1369=ORIENTED_EDGE('',*,*,#2208,.F.);
#1370=ORIENTED_EDGE('',*,*,#2435,.T.);
#1371=ORIENTED_EDGE('',*,*,#2213,.T.);
#1372=ORIENTED_EDGE('',*,*,#2438,.T.);
#1373=ORIENTED_EDGE('',*,*,#2039,.T.);
#1374=ORIENTED_EDGE('',*,*,#2433,.F.);
#1375=ORIENTED_EDGE('',*,*,#2439,.T.);
#1376=ORIENTED_EDGE('',*,*,#2040,.F.);
#1377=ORIENTED_EDGE('',*,*,#2438,.F.);
#1378=ORIENTED_EDGE('',*,*,#2212,.F.);
#1379=ORIENTED_EDGE('',*,*,#2440,.T.);
#1380=ORIENTED_EDGE('',*,*,#2041,.F.);
#1381=ORIENTED_EDGE('',*,*,#2439,.F.);
#1382=ORIENTED_EDGE('',*,*,#2211,.F.);
#1383=ORIENTED_EDGE('',*,*,#2441,.T.);
#1384=ORIENTED_EDGE('',*,*,#2042,.F.);
#1385=ORIENTED_EDGE('',*,*,#2440,.F.);
#1386=ORIENTED_EDGE('',*,*,#2210,.F.);
#1387=ORIENTED_EDGE('',*,*,#2209,.T.);
#1388=ORIENTED_EDGE('',*,*,#2437,.T.);
#1389=ORIENTED_EDGE('',*,*,#2043,.T.);
#1390=ORIENTED_EDGE('',*,*,#2441,.F.);
#1391=ORIENTED_EDGE('',*,*,#2442,.T.);
#1392=ORIENTED_EDGE('',*,*,#2198,.T.);
#1393=ORIENTED_EDGE('',*,*,#2443,.F.);
#1394=ORIENTED_EDGE('',*,*,#2423,.F.);
#1395=ORIENTED_EDGE('',*,*,#2424,.T.);
#1396=ORIENTED_EDGE('',*,*,#2443,.T.);
#1397=ORIENTED_EDGE('',*,*,#2197,.F.);
#1398=ORIENTED_EDGE('',*,*,#2444,.F.);
#1399=ORIENTED_EDGE('',*,*,#2444,.T.);
#1400=ORIENTED_EDGE('',*,*,#2204,.T.);
#1401=ORIENTED_EDGE('',*,*,#2445,.F.);
#1402=ORIENTED_EDGE('',*,*,#2425,.F.);
#1403=ORIENTED_EDGE('',*,*,#2445,.T.);
#1404=ORIENTED_EDGE('',*,*,#2203,.T.);
#1405=ORIENTED_EDGE('',*,*,#2446,.F.);
#1406=ORIENTED_EDGE('',*,*,#2426,.F.);
#1407=ORIENTED_EDGE('',*,*,#2446,.T.);
#1408=ORIENTED_EDGE('',*,*,#2202,.T.);
#1409=ORIENTED_EDGE('',*,*,#2447,.F.);
#1410=ORIENTED_EDGE('',*,*,#2427,.F.);
#1411=ORIENTED_EDGE('',*,*,#2430,.T.);
#1412=ORIENTED_EDGE('',*,*,#2448,.T.);
#1413=ORIENTED_EDGE('',*,*,#2199,.F.);
#1414=ORIENTED_EDGE('',*,*,#2442,.F.);
#1415=ORIENTED_EDGE('',*,*,#2447,.T.);
#1416=ORIENTED_EDGE('',*,*,#2201,.T.);
#1417=ORIENTED_EDGE('',*,*,#2449,.F.);
#1418=ORIENTED_EDGE('',*,*,#2428,.F.);
#1419=ORIENTED_EDGE('',*,*,#2449,.T.);
#1420=ORIENTED_EDGE('',*,*,#2200,.T.);
#1421=ORIENTED_EDGE('',*,*,#2448,.F.);
#1422=ORIENTED_EDGE('',*,*,#2429,.F.);
#1423=ORIENTED_EDGE('',*,*,#2450,.T.);
#1424=ORIENTED_EDGE('',*,*,#2190,.T.);
#1425=ORIENTED_EDGE('',*,*,#2451,.F.);
#1426=ORIENTED_EDGE('',*,*,#2415,.F.);
#1427=ORIENTED_EDGE('',*,*,#2416,.T.);
#1428=ORIENTED_EDGE('',*,*,#2451,.T.);
#1429=ORIENTED_EDGE('',*,*,#2189,.F.);
#1430=ORIENTED_EDGE('',*,*,#2452,.F.);
#1431=ORIENTED_EDGE('',*,*,#2452,.T.);
#1432=ORIENTED_EDGE('',*,*,#2196,.T.);
#1433=ORIENTED_EDGE('',*,*,#2453,.F.);
#1434=ORIENTED_EDGE('',*,*,#2417,.F.);
#1435=ORIENTED_EDGE('',*,*,#2453,.T.);
#1436=ORIENTED_EDGE('',*,*,#2195,.T.);
#1437=ORIENTED_EDGE('',*,*,#2454,.F.);
#1438=ORIENTED_EDGE('',*,*,#2418,.F.);
#1439=ORIENTED_EDGE('',*,*,#2454,.T.);
#1440=ORIENTED_EDGE('',*,*,#2194,.T.);
#1441=ORIENTED_EDGE('',*,*,#2455,.F.);
#1442=ORIENTED_EDGE('',*,*,#2419,.F.);
#1443=ORIENTED_EDGE('',*,*,#2422,.T.);
#1444=ORIENTED_EDGE('',*,*,#2456,.T.);
#1445=ORIENTED_EDGE('',*,*,#2191,.F.);
#1446=ORIENTED_EDGE('',*,*,#2450,.F.);
#1447=ORIENTED_EDGE('',*,*,#2455,.T.);
#1448=ORIENTED_EDGE('',*,*,#2193,.T.);
#1449=ORIENTED_EDGE('',*,*,#2457,.F.);
#1450=ORIENTED_EDGE('',*,*,#2420,.F.);
#1451=ORIENTED_EDGE('',*,*,#2457,.T.);
#1452=ORIENTED_EDGE('',*,*,#2192,.T.);
#1453=ORIENTED_EDGE('',*,*,#2456,.F.);
#1454=ORIENTED_EDGE('',*,*,#2421,.F.);
#1455=ORIENTED_EDGE('',*,*,#2458,.T.);
#1456=ORIENTED_EDGE('',*,*,#2182,.T.);
#1457=ORIENTED_EDGE('',*,*,#2459,.F.);
#1458=ORIENTED_EDGE('',*,*,#2407,.F.);
#1459=ORIENTED_EDGE('',*,*,#2408,.T.);
#1460=ORIENTED_EDGE('',*,*,#2459,.T.);
#1461=ORIENTED_EDGE('',*,*,#2181,.F.);
#1462=ORIENTED_EDGE('',*,*,#2460,.F.);
#1463=ORIENTED_EDGE('',*,*,#2460,.T.);
#1464=ORIENTED_EDGE('',*,*,#2188,.T.);
#1465=ORIENTED_EDGE('',*,*,#2461,.F.);
#1466=ORIENTED_EDGE('',*,*,#2409,.F.);
#1467=ORIENTED_EDGE('',*,*,#2461,.T.);
#1468=ORIENTED_EDGE('',*,*,#2187,.T.);
#1469=ORIENTED_EDGE('',*,*,#2462,.F.);
#1470=ORIENTED_EDGE('',*,*,#2410,.F.);
#1471=ORIENTED_EDGE('',*,*,#2462,.T.);
#1472=ORIENTED_EDGE('',*,*,#2186,.T.);
#1473=ORIENTED_EDGE('',*,*,#2463,.F.);
#1474=ORIENTED_EDGE('',*,*,#2411,.F.);
#1475=ORIENTED_EDGE('',*,*,#2414,.T.);
#1476=ORIENTED_EDGE('',*,*,#2464,.T.);
#1477=ORIENTED_EDGE('',*,*,#2183,.F.);
#1478=ORIENTED_EDGE('',*,*,#2458,.F.);
#1479=ORIENTED_EDGE('',*,*,#2463,.T.);
#1480=ORIENTED_EDGE('',*,*,#2185,.T.);
#1481=ORIENTED_EDGE('',*,*,#2465,.F.);
#1482=ORIENTED_EDGE('',*,*,#2412,.F.);
#1483=ORIENTED_EDGE('',*,*,#2465,.T.);
#1484=ORIENTED_EDGE('',*,*,#2184,.T.);
#1485=ORIENTED_EDGE('',*,*,#2464,.F.);
#1486=ORIENTED_EDGE('',*,*,#2413,.F.);
#1487=ORIENTED_EDGE('',*,*,#2466,.T.);
#1488=ORIENTED_EDGE('',*,*,#2174,.T.);
#1489=ORIENTED_EDGE('',*,*,#2467,.F.);
#1490=ORIENTED_EDGE('',*,*,#2399,.F.);
#1491=ORIENTED_EDGE('',*,*,#2400,.T.);
#1492=ORIENTED_EDGE('',*,*,#2467,.T.);
#1493=ORIENTED_EDGE('',*,*,#2173,.F.);
#1494=ORIENTED_EDGE('',*,*,#2468,.F.);
#1495=ORIENTED_EDGE('',*,*,#2468,.T.);
#1496=ORIENTED_EDGE('',*,*,#2180,.T.);
#1497=ORIENTED_EDGE('',*,*,#2469,.F.);
#1498=ORIENTED_EDGE('',*,*,#2401,.F.);
#1499=ORIENTED_EDGE('',*,*,#2469,.T.);
#1500=ORIENTED_EDGE('',*,*,#2179,.T.);
#1501=ORIENTED_EDGE('',*,*,#2470,.F.);
#1502=ORIENTED_EDGE('',*,*,#2402,.F.);
#1503=ORIENTED_EDGE('',*,*,#2470,.T.);
#1504=ORIENTED_EDGE('',*,*,#2178,.T.);
#1505=ORIENTED_EDGE('',*,*,#2471,.F.);
#1506=ORIENTED_EDGE('',*,*,#2403,.F.);
#1507=ORIENTED_EDGE('',*,*,#2406,.T.);
#1508=ORIENTED_EDGE('',*,*,#2472,.T.);
#1509=ORIENTED_EDGE('',*,*,#2175,.F.);
#1510=ORIENTED_EDGE('',*,*,#2466,.F.);
#1511=ORIENTED_EDGE('',*,*,#2471,.T.);
#1512=ORIENTED_EDGE('',*,*,#2177,.T.);
#1513=ORIENTED_EDGE('',*,*,#2473,.F.);
#1514=ORIENTED_EDGE('',*,*,#2404,.F.);
#1515=ORIENTED_EDGE('',*,*,#2473,.T.);
#1516=ORIENTED_EDGE('',*,*,#2176,.T.);
#1517=ORIENTED_EDGE('',*,*,#2472,.F.);
#1518=ORIENTED_EDGE('',*,*,#2405,.F.);
#1519=ORIENTED_EDGE('',*,*,#2474,.T.);
#1520=ORIENTED_EDGE('',*,*,#2166,.T.);
#1521=ORIENTED_EDGE('',*,*,#2475,.F.);
#1522=ORIENTED_EDGE('',*,*,#2391,.F.);
#1523=ORIENTED_EDGE('',*,*,#2392,.T.);
#1524=ORIENTED_EDGE('',*,*,#2475,.T.);
#1525=ORIENTED_EDGE('',*,*,#2165,.F.);
#1526=ORIENTED_EDGE('',*,*,#2476,.F.);
#1527=ORIENTED_EDGE('',*,*,#2476,.T.);
#1528=ORIENTED_EDGE('',*,*,#2172,.T.);
#1529=ORIENTED_EDGE('',*,*,#2477,.F.);
#1530=ORIENTED_EDGE('',*,*,#2393,.F.);
#1531=ORIENTED_EDGE('',*,*,#2477,.T.);
#1532=ORIENTED_EDGE('',*,*,#2171,.T.);
#1533=ORIENTED_EDGE('',*,*,#2478,.F.);
#1534=ORIENTED_EDGE('',*,*,#2394,.F.);
#1535=ORIENTED_EDGE('',*,*,#2478,.T.);
#1536=ORIENTED_EDGE('',*,*,#2170,.T.);
#1537=ORIENTED_EDGE('',*,*,#2479,.F.);
#1538=ORIENTED_EDGE('',*,*,#2395,.F.);
#1539=ORIENTED_EDGE('',*,*,#2398,.T.);
#1540=ORIENTED_EDGE('',*,*,#2480,.T.);
#1541=ORIENTED_EDGE('',*,*,#2167,.F.);
#1542=ORIENTED_EDGE('',*,*,#2474,.F.);
#1543=ORIENTED_EDGE('',*,*,#2479,.T.);
#1544=ORIENTED_EDGE('',*,*,#2169,.T.);
#1545=ORIENTED_EDGE('',*,*,#2481,.F.);
#1546=ORIENTED_EDGE('',*,*,#2396,.F.);
#1547=ORIENTED_EDGE('',*,*,#2481,.T.);
#1548=ORIENTED_EDGE('',*,*,#2168,.T.);
#1549=ORIENTED_EDGE('',*,*,#2480,.F.);
#1550=ORIENTED_EDGE('',*,*,#2397,.F.);
#1551=ORIENTED_EDGE('',*,*,#2482,.T.);
#1552=ORIENTED_EDGE('',*,*,#2158,.T.);
#1553=ORIENTED_EDGE('',*,*,#2483,.F.);
#1554=ORIENTED_EDGE('',*,*,#2383,.F.);
#1555=ORIENTED_EDGE('',*,*,#2384,.T.);
#1556=ORIENTED_EDGE('',*,*,#2483,.T.);
#1557=ORIENTED_EDGE('',*,*,#2157,.F.);
#1558=ORIENTED_EDGE('',*,*,#2484,.F.);
#1559=ORIENTED_EDGE('',*,*,#2484,.T.);
#1560=ORIENTED_EDGE('',*,*,#2164,.T.);
#1561=ORIENTED_EDGE('',*,*,#2485,.F.);
#1562=ORIENTED_EDGE('',*,*,#2385,.F.);
#1563=ORIENTED_EDGE('',*,*,#2485,.T.);
#1564=ORIENTED_EDGE('',*,*,#2163,.T.);
#1565=ORIENTED_EDGE('',*,*,#2486,.F.);
#1566=ORIENTED_EDGE('',*,*,#2386,.F.);
#1567=ORIENTED_EDGE('',*,*,#2486,.T.);
#1568=ORIENTED_EDGE('',*,*,#2162,.T.);
#1569=ORIENTED_EDGE('',*,*,#2487,.F.);
#1570=ORIENTED_EDGE('',*,*,#2387,.F.);
#1571=ORIENTED_EDGE('',*,*,#2390,.T.);
#1572=ORIENTED_EDGE('',*,*,#2488,.T.);
#1573=ORIENTED_EDGE('',*,*,#2159,.F.);
#1574=ORIENTED_EDGE('',*,*,#2482,.F.);
#1575=ORIENTED_EDGE('',*,*,#2487,.T.);
#1576=ORIENTED_EDGE('',*,*,#2161,.T.);
#1577=ORIENTED_EDGE('',*,*,#2489,.F.);
#1578=ORIENTED_EDGE('',*,*,#2388,.F.);
#1579=ORIENTED_EDGE('',*,*,#2489,.T.);
#1580=ORIENTED_EDGE('',*,*,#2160,.T.);
#1581=ORIENTED_EDGE('',*,*,#2488,.F.);
#1582=ORIENTED_EDGE('',*,*,#2389,.F.);
#1583=ORIENTED_EDGE('',*,*,#2490,.T.);
#1584=ORIENTED_EDGE('',*,*,#2150,.T.);
#1585=ORIENTED_EDGE('',*,*,#2491,.F.);
#1586=ORIENTED_EDGE('',*,*,#2375,.F.);
#1587=ORIENTED_EDGE('',*,*,#2376,.T.);
#1588=ORIENTED_EDGE('',*,*,#2491,.T.);
#1589=ORIENTED_EDGE('',*,*,#2149,.F.);
#1590=ORIENTED_EDGE('',*,*,#2492,.F.);
#1591=ORIENTED_EDGE('',*,*,#2492,.T.);
#1592=ORIENTED_EDGE('',*,*,#2156,.T.);
#1593=ORIENTED_EDGE('',*,*,#2493,.F.);
#1594=ORIENTED_EDGE('',*,*,#2377,.F.);
#1595=ORIENTED_EDGE('',*,*,#2493,.T.);
#1596=ORIENTED_EDGE('',*,*,#2155,.T.);
#1597=ORIENTED_EDGE('',*,*,#2494,.F.);
#1598=ORIENTED_EDGE('',*,*,#2378,.F.);
#1599=ORIENTED_EDGE('',*,*,#2494,.T.);
#1600=ORIENTED_EDGE('',*,*,#2154,.T.);
#1601=ORIENTED_EDGE('',*,*,#2495,.F.);
#1602=ORIENTED_EDGE('',*,*,#2379,.F.);
#1603=ORIENTED_EDGE('',*,*,#2382,.T.);
#1604=ORIENTED_EDGE('',*,*,#2496,.T.);
#1605=ORIENTED_EDGE('',*,*,#2151,.F.);
#1606=ORIENTED_EDGE('',*,*,#2490,.F.);
#1607=ORIENTED_EDGE('',*,*,#2495,.T.);
#1608=ORIENTED_EDGE('',*,*,#2153,.T.);
#1609=ORIENTED_EDGE('',*,*,#2497,.F.);
#1610=ORIENTED_EDGE('',*,*,#2380,.F.);
#1611=ORIENTED_EDGE('',*,*,#2497,.T.);
#1612=ORIENTED_EDGE('',*,*,#2152,.T.);
#1613=ORIENTED_EDGE('',*,*,#2496,.F.);
#1614=ORIENTED_EDGE('',*,*,#2381,.F.);
#1615=ORIENTED_EDGE('',*,*,#2498,.T.);
#1616=ORIENTED_EDGE('',*,*,#2142,.T.);
#1617=ORIENTED_EDGE('',*,*,#2499,.F.);
#1618=ORIENTED_EDGE('',*,*,#2367,.F.);
#1619=ORIENTED_EDGE('',*,*,#2368,.T.);
#1620=ORIENTED_EDGE('',*,*,#2499,.T.);
#1621=ORIENTED_EDGE('',*,*,#2141,.F.);
#1622=ORIENTED_EDGE('',*,*,#2500,.F.);
#1623=ORIENTED_EDGE('',*,*,#2500,.T.);
#1624=ORIENTED_EDGE('',*,*,#2148,.T.);
#1625=ORIENTED_EDGE('',*,*,#2501,.F.);
#1626=ORIENTED_EDGE('',*,*,#2369,.F.);
#1627=ORIENTED_EDGE('',*,*,#2501,.T.);
#1628=ORIENTED_EDGE('',*,*,#2147,.T.);
#1629=ORIENTED_EDGE('',*,*,#2502,.F.);
#1630=ORIENTED_EDGE('',*,*,#2370,.F.);
#1631=ORIENTED_EDGE('',*,*,#2502,.T.);
#1632=ORIENTED_EDGE('',*,*,#2146,.T.);
#1633=ORIENTED_EDGE('',*,*,#2503,.F.);
#1634=ORIENTED_EDGE('',*,*,#2371,.F.);
#1635=ORIENTED_EDGE('',*,*,#2374,.T.);
#1636=ORIENTED_EDGE('',*,*,#2504,.T.);
#1637=ORIENTED_EDGE('',*,*,#2143,.F.);
#1638=ORIENTED_EDGE('',*,*,#2498,.F.);
#1639=ORIENTED_EDGE('',*,*,#2503,.T.);
#1640=ORIENTED_EDGE('',*,*,#2145,.T.);
#1641=ORIENTED_EDGE('',*,*,#2505,.F.);
#1642=ORIENTED_EDGE('',*,*,#2372,.F.);
#1643=ORIENTED_EDGE('',*,*,#2505,.T.);
#1644=ORIENTED_EDGE('',*,*,#2144,.T.);
#1645=ORIENTED_EDGE('',*,*,#2504,.F.);
#1646=ORIENTED_EDGE('',*,*,#2373,.F.);
#1647=ORIENTED_EDGE('',*,*,#2506,.T.);
#1648=ORIENTED_EDGE('',*,*,#2134,.T.);
#1649=ORIENTED_EDGE('',*,*,#2507,.F.);
#1650=ORIENTED_EDGE('',*,*,#2359,.F.);
#1651=ORIENTED_EDGE('',*,*,#2360,.T.);
#1652=ORIENTED_EDGE('',*,*,#2507,.T.);
#1653=ORIENTED_EDGE('',*,*,#2133,.F.);
#1654=ORIENTED_EDGE('',*,*,#2508,.F.);
#1655=ORIENTED_EDGE('',*,*,#2508,.T.);
#1656=ORIENTED_EDGE('',*,*,#2140,.T.);
#1657=ORIENTED_EDGE('',*,*,#2509,.F.);
#1658=ORIENTED_EDGE('',*,*,#2361,.F.);
#1659=ORIENTED_EDGE('',*,*,#2509,.T.);
#1660=ORIENTED_EDGE('',*,*,#2139,.T.);
#1661=ORIENTED_EDGE('',*,*,#2510,.F.);
#1662=ORIENTED_EDGE('',*,*,#2362,.F.);
#1663=ORIENTED_EDGE('',*,*,#2510,.T.);
#1664=ORIENTED_EDGE('',*,*,#2138,.T.);
#1665=ORIENTED_EDGE('',*,*,#2511,.F.);
#1666=ORIENTED_EDGE('',*,*,#2363,.F.);
#1667=ORIENTED_EDGE('',*,*,#2366,.T.);
#1668=ORIENTED_EDGE('',*,*,#2512,.T.);
#1669=ORIENTED_EDGE('',*,*,#2135,.F.);
#1670=ORIENTED_EDGE('',*,*,#2506,.F.);
#1671=ORIENTED_EDGE('',*,*,#2511,.T.);
#1672=ORIENTED_EDGE('',*,*,#2137,.T.);
#1673=ORIENTED_EDGE('',*,*,#2513,.F.);
#1674=ORIENTED_EDGE('',*,*,#2364,.F.);
#1675=ORIENTED_EDGE('',*,*,#2513,.T.);
#1676=ORIENTED_EDGE('',*,*,#2136,.T.);
#1677=ORIENTED_EDGE('',*,*,#2512,.F.);
#1678=ORIENTED_EDGE('',*,*,#2365,.F.);
#1679=ORIENTED_EDGE('',*,*,#2514,.T.);
#1680=ORIENTED_EDGE('',*,*,#2126,.T.);
#1681=ORIENTED_EDGE('',*,*,#2515,.F.);
#1682=ORIENTED_EDGE('',*,*,#2351,.F.);
#1683=ORIENTED_EDGE('',*,*,#2352,.T.);
#1684=ORIENTED_EDGE('',*,*,#2515,.T.);
#1685=ORIENTED_EDGE('',*,*,#2125,.F.);
#1686=ORIENTED_EDGE('',*,*,#2516,.F.);
#1687=ORIENTED_EDGE('',*,*,#2516,.T.);
#1688=ORIENTED_EDGE('',*,*,#2132,.T.);
#1689=ORIENTED_EDGE('',*,*,#2517,.F.);
#1690=ORIENTED_EDGE('',*,*,#2353,.F.);
#1691=ORIENTED_EDGE('',*,*,#2517,.T.);
#1692=ORIENTED_EDGE('',*,*,#2131,.T.);
#1693=ORIENTED_EDGE('',*,*,#2518,.F.);
#1694=ORIENTED_EDGE('',*,*,#2354,.F.);
#1695=ORIENTED_EDGE('',*,*,#2518,.T.);
#1696=ORIENTED_EDGE('',*,*,#2130,.T.);
#1697=ORIENTED_EDGE('',*,*,#2519,.F.);
#1698=ORIENTED_EDGE('',*,*,#2355,.F.);
#1699=ORIENTED_EDGE('',*,*,#2358,.T.);
#1700=ORIENTED_EDGE('',*,*,#2520,.T.);
#1701=ORIENTED_EDGE('',*,*,#2127,.F.);
#1702=ORIENTED_EDGE('',*,*,#2514,.F.);
#1703=ORIENTED_EDGE('',*,*,#2519,.T.);
#1704=ORIENTED_EDGE('',*,*,#2129,.T.);
#1705=ORIENTED_EDGE('',*,*,#2521,.F.);
#1706=ORIENTED_EDGE('',*,*,#2356,.F.);
#1707=ORIENTED_EDGE('',*,*,#2521,.T.);
#1708=ORIENTED_EDGE('',*,*,#2128,.T.);
#1709=ORIENTED_EDGE('',*,*,#2520,.F.);
#1710=ORIENTED_EDGE('',*,*,#2357,.F.);
#1711=ORIENTED_EDGE('',*,*,#2522,.T.);
#1712=ORIENTED_EDGE('',*,*,#2118,.T.);
#1713=ORIENTED_EDGE('',*,*,#2523,.F.);
#1714=ORIENTED_EDGE('',*,*,#2343,.F.);
#1715=ORIENTED_EDGE('',*,*,#2344,.T.);
#1716=ORIENTED_EDGE('',*,*,#2523,.T.);
#1717=ORIENTED_EDGE('',*,*,#2117,.F.);
#1718=ORIENTED_EDGE('',*,*,#2524,.F.);
#1719=ORIENTED_EDGE('',*,*,#2524,.T.);
#1720=ORIENTED_EDGE('',*,*,#2124,.T.);
#1721=ORIENTED_EDGE('',*,*,#2525,.F.);
#1722=ORIENTED_EDGE('',*,*,#2345,.F.);
#1723=ORIENTED_EDGE('',*,*,#2525,.T.);
#1724=ORIENTED_EDGE('',*,*,#2123,.T.);
#1725=ORIENTED_EDGE('',*,*,#2526,.F.);
#1726=ORIENTED_EDGE('',*,*,#2346,.F.);
#1727=ORIENTED_EDGE('',*,*,#2526,.T.);
#1728=ORIENTED_EDGE('',*,*,#2122,.T.);
#1729=ORIENTED_EDGE('',*,*,#2527,.F.);
#1730=ORIENTED_EDGE('',*,*,#2347,.F.);
#1731=ORIENTED_EDGE('',*,*,#2350,.T.);
#1732=ORIENTED_EDGE('',*,*,#2528,.T.);
#1733=ORIENTED_EDGE('',*,*,#2119,.F.);
#1734=ORIENTED_EDGE('',*,*,#2522,.F.);
#1735=ORIENTED_EDGE('',*,*,#2527,.T.);
#1736=ORIENTED_EDGE('',*,*,#2121,.T.);
#1737=ORIENTED_EDGE('',*,*,#2529,.F.);
#1738=ORIENTED_EDGE('',*,*,#2348,.F.);
#1739=ORIENTED_EDGE('',*,*,#2529,.T.);
#1740=ORIENTED_EDGE('',*,*,#2120,.T.);
#1741=ORIENTED_EDGE('',*,*,#2528,.F.);
#1742=ORIENTED_EDGE('',*,*,#2349,.F.);
#1743=ORIENTED_EDGE('',*,*,#2530,.T.);
#1744=ORIENTED_EDGE('',*,*,#2110,.T.);
#1745=ORIENTED_EDGE('',*,*,#2531,.F.);
#1746=ORIENTED_EDGE('',*,*,#2335,.F.);
#1747=ORIENTED_EDGE('',*,*,#2336,.T.);
#1748=ORIENTED_EDGE('',*,*,#2531,.T.);
#1749=ORIENTED_EDGE('',*,*,#2109,.F.);
#1750=ORIENTED_EDGE('',*,*,#2532,.F.);
#1751=ORIENTED_EDGE('',*,*,#2532,.T.);
#1752=ORIENTED_EDGE('',*,*,#2116,.T.);
#1753=ORIENTED_EDGE('',*,*,#2533,.F.);
#1754=ORIENTED_EDGE('',*,*,#2337,.F.);
#1755=ORIENTED_EDGE('',*,*,#2533,.T.);
#1756=ORIENTED_EDGE('',*,*,#2115,.T.);
#1757=ORIENTED_EDGE('',*,*,#2534,.F.);
#1758=ORIENTED_EDGE('',*,*,#2338,.F.);
#1759=ORIENTED_EDGE('',*,*,#2534,.T.);
#1760=ORIENTED_EDGE('',*,*,#2114,.T.);
#1761=ORIENTED_EDGE('',*,*,#2535,.F.);
#1762=ORIENTED_EDGE('',*,*,#2339,.F.);
#1763=ORIENTED_EDGE('',*,*,#2342,.T.);
#1764=ORIENTED_EDGE('',*,*,#2536,.T.);
#1765=ORIENTED_EDGE('',*,*,#2111,.F.);
#1766=ORIENTED_EDGE('',*,*,#2530,.F.);
#1767=ORIENTED_EDGE('',*,*,#2535,.T.);
#1768=ORIENTED_EDGE('',*,*,#2113,.T.);
#1769=ORIENTED_EDGE('',*,*,#2537,.F.);
#1770=ORIENTED_EDGE('',*,*,#2340,.F.);
#1771=ORIENTED_EDGE('',*,*,#2537,.T.);
#1772=ORIENTED_EDGE('',*,*,#2112,.T.);
#1773=ORIENTED_EDGE('',*,*,#2536,.F.);
#1774=ORIENTED_EDGE('',*,*,#2341,.F.);
#1775=ORIENTED_EDGE('',*,*,#2538,.T.);
#1776=ORIENTED_EDGE('',*,*,#2102,.T.);
#1777=ORIENTED_EDGE('',*,*,#2539,.F.);
#1778=ORIENTED_EDGE('',*,*,#2327,.F.);
#1779=ORIENTED_EDGE('',*,*,#2328,.T.);
#1780=ORIENTED_EDGE('',*,*,#2539,.T.);
#1781=ORIENTED_EDGE('',*,*,#2101,.F.);
#1782=ORIENTED_EDGE('',*,*,#2540,.F.);
#1783=ORIENTED_EDGE('',*,*,#2540,.T.);
#1784=ORIENTED_EDGE('',*,*,#2108,.T.);
#1785=ORIENTED_EDGE('',*,*,#2541,.F.);
#1786=ORIENTED_EDGE('',*,*,#2329,.F.);
#1787=ORIENTED_EDGE('',*,*,#2541,.T.);
#1788=ORIENTED_EDGE('',*,*,#2107,.T.);
#1789=ORIENTED_EDGE('',*,*,#2542,.F.);
#1790=ORIENTED_EDGE('',*,*,#2330,.F.);
#1791=ORIENTED_EDGE('',*,*,#2542,.T.);
#1792=ORIENTED_EDGE('',*,*,#2106,.T.);
#1793=ORIENTED_EDGE('',*,*,#2543,.F.);
#1794=ORIENTED_EDGE('',*,*,#2331,.F.);
#1795=ORIENTED_EDGE('',*,*,#2334,.T.);
#1796=ORIENTED_EDGE('',*,*,#2544,.T.);
#1797=ORIENTED_EDGE('',*,*,#2103,.F.);
#1798=ORIENTED_EDGE('',*,*,#2538,.F.);
#1799=ORIENTED_EDGE('',*,*,#2543,.T.);
#1800=ORIENTED_EDGE('',*,*,#2105,.T.);
#1801=ORIENTED_EDGE('',*,*,#2545,.F.);
#1802=ORIENTED_EDGE('',*,*,#2332,.F.);
#1803=ORIENTED_EDGE('',*,*,#2545,.T.);
#1804=ORIENTED_EDGE('',*,*,#2104,.T.);
#1805=ORIENTED_EDGE('',*,*,#2544,.F.);
#1806=ORIENTED_EDGE('',*,*,#2333,.F.);
#1807=ORIENTED_EDGE('',*,*,#2546,.T.);
#1808=ORIENTED_EDGE('',*,*,#2094,.T.);
#1809=ORIENTED_EDGE('',*,*,#2547,.F.);
#1810=ORIENTED_EDGE('',*,*,#2319,.F.);
#1811=ORIENTED_EDGE('',*,*,#2320,.T.);
#1812=ORIENTED_EDGE('',*,*,#2547,.T.);
#1813=ORIENTED_EDGE('',*,*,#2093,.F.);
#1814=ORIENTED_EDGE('',*,*,#2548,.F.);
#1815=ORIENTED_EDGE('',*,*,#2548,.T.);
#1816=ORIENTED_EDGE('',*,*,#2100,.T.);
#1817=ORIENTED_EDGE('',*,*,#2549,.F.);
#1818=ORIENTED_EDGE('',*,*,#2321,.F.);
#1819=ORIENTED_EDGE('',*,*,#2549,.T.);
#1820=ORIENTED_EDGE('',*,*,#2099,.T.);
#1821=ORIENTED_EDGE('',*,*,#2550,.F.);
#1822=ORIENTED_EDGE('',*,*,#2322,.F.);
#1823=ORIENTED_EDGE('',*,*,#2550,.T.);
#1824=ORIENTED_EDGE('',*,*,#2098,.T.);
#1825=ORIENTED_EDGE('',*,*,#2551,.F.);
#1826=ORIENTED_EDGE('',*,*,#2323,.F.);
#1827=ORIENTED_EDGE('',*,*,#2326,.T.);
#1828=ORIENTED_EDGE('',*,*,#2552,.T.);
#1829=ORIENTED_EDGE('',*,*,#2095,.F.);
#1830=ORIENTED_EDGE('',*,*,#2546,.F.);
#1831=ORIENTED_EDGE('',*,*,#2551,.T.);
#1832=ORIENTED_EDGE('',*,*,#2097,.T.);
#1833=ORIENTED_EDGE('',*,*,#2553,.F.);
#1834=ORIENTED_EDGE('',*,*,#2324,.F.);
#1835=ORIENTED_EDGE('',*,*,#2553,.T.);
#1836=ORIENTED_EDGE('',*,*,#2096,.T.);
#1837=ORIENTED_EDGE('',*,*,#2552,.F.);
#1838=ORIENTED_EDGE('',*,*,#2325,.F.);
#1839=ORIENTED_EDGE('',*,*,#2554,.T.);
#1840=ORIENTED_EDGE('',*,*,#2086,.T.);
#1841=ORIENTED_EDGE('',*,*,#2555,.F.);
#1842=ORIENTED_EDGE('',*,*,#2311,.F.);
#1843=ORIENTED_EDGE('',*,*,#2312,.T.);
#1844=ORIENTED_EDGE('',*,*,#2555,.T.);
#1845=ORIENTED_EDGE('',*,*,#2085,.F.);
#1846=ORIENTED_EDGE('',*,*,#2556,.F.);
#1847=ORIENTED_EDGE('',*,*,#2556,.T.);
#1848=ORIENTED_EDGE('',*,*,#2092,.T.);
#1849=ORIENTED_EDGE('',*,*,#2557,.F.);
#1850=ORIENTED_EDGE('',*,*,#2313,.F.);
#1851=ORIENTED_EDGE('',*,*,#2557,.T.);
#1852=ORIENTED_EDGE('',*,*,#2091,.T.);
#1853=ORIENTED_EDGE('',*,*,#2558,.F.);
#1854=ORIENTED_EDGE('',*,*,#2314,.F.);
#1855=ORIENTED_EDGE('',*,*,#2558,.T.);
#1856=ORIENTED_EDGE('',*,*,#2090,.T.);
#1857=ORIENTED_EDGE('',*,*,#2559,.F.);
#1858=ORIENTED_EDGE('',*,*,#2315,.F.);
#1859=ORIENTED_EDGE('',*,*,#2318,.T.);
#1860=ORIENTED_EDGE('',*,*,#2560,.T.);
#1861=ORIENTED_EDGE('',*,*,#2087,.F.);
#1862=ORIENTED_EDGE('',*,*,#2554,.F.);
#1863=ORIENTED_EDGE('',*,*,#2559,.T.);
#1864=ORIENTED_EDGE('',*,*,#2089,.T.);
#1865=ORIENTED_EDGE('',*,*,#2561,.F.);
#1866=ORIENTED_EDGE('',*,*,#2316,.F.);
#1867=ORIENTED_EDGE('',*,*,#2561,.T.);
#1868=ORIENTED_EDGE('',*,*,#2088,.T.);
#1869=ORIENTED_EDGE('',*,*,#2560,.F.);
#1870=ORIENTED_EDGE('',*,*,#2317,.F.);
#1871=ORIENTED_EDGE('',*,*,#2562,.T.);
#1872=ORIENTED_EDGE('',*,*,#2078,.T.);
#1873=ORIENTED_EDGE('',*,*,#2563,.F.);
#1874=ORIENTED_EDGE('',*,*,#2303,.F.);
#1875=ORIENTED_EDGE('',*,*,#2304,.T.);
#1876=ORIENTED_EDGE('',*,*,#2563,.T.);
#1877=ORIENTED_EDGE('',*,*,#2077,.F.);
#1878=ORIENTED_EDGE('',*,*,#2564,.F.);
#1879=ORIENTED_EDGE('',*,*,#2564,.T.);
#1880=ORIENTED_EDGE('',*,*,#2084,.T.);
#1881=ORIENTED_EDGE('',*,*,#2565,.F.);
#1882=ORIENTED_EDGE('',*,*,#2305,.F.);
#1883=ORIENTED_EDGE('',*,*,#2565,.T.);
#1884=ORIENTED_EDGE('',*,*,#2083,.T.);
#1885=ORIENTED_EDGE('',*,*,#2566,.F.);
#1886=ORIENTED_EDGE('',*,*,#2306,.F.);
#1887=ORIENTED_EDGE('',*,*,#2566,.T.);
#1888=ORIENTED_EDGE('',*,*,#2082,.T.);
#1889=ORIENTED_EDGE('',*,*,#2567,.F.);
#1890=ORIENTED_EDGE('',*,*,#2307,.F.);
#1891=ORIENTED_EDGE('',*,*,#2310,.T.);
#1892=ORIENTED_EDGE('',*,*,#2568,.T.);
#1893=ORIENTED_EDGE('',*,*,#2079,.F.);
#1894=ORIENTED_EDGE('',*,*,#2562,.F.);
#1895=ORIENTED_EDGE('',*,*,#2567,.T.);
#1896=ORIENTED_EDGE('',*,*,#2081,.T.);
#1897=ORIENTED_EDGE('',*,*,#2569,.F.);
#1898=ORIENTED_EDGE('',*,*,#2308,.F.);
#1899=ORIENTED_EDGE('',*,*,#2569,.T.);
#1900=ORIENTED_EDGE('',*,*,#2080,.T.);
#1901=ORIENTED_EDGE('',*,*,#2568,.F.);
#1902=ORIENTED_EDGE('',*,*,#2309,.F.);
#1903=ORIENTED_EDGE('',*,*,#2570,.T.);
#1904=ORIENTED_EDGE('',*,*,#2070,.T.);
#1905=ORIENTED_EDGE('',*,*,#2571,.F.);
#1906=ORIENTED_EDGE('',*,*,#2295,.F.);
#1907=ORIENTED_EDGE('',*,*,#2296,.T.);
#1908=ORIENTED_EDGE('',*,*,#2571,.T.);
#1909=ORIENTED_EDGE('',*,*,#2069,.F.);
#1910=ORIENTED_EDGE('',*,*,#2572,.F.);
#1911=ORIENTED_EDGE('',*,*,#2572,.T.);
#1912=ORIENTED_EDGE('',*,*,#2076,.T.);
#1913=ORIENTED_EDGE('',*,*,#2573,.F.);
#1914=ORIENTED_EDGE('',*,*,#2297,.F.);
#1915=ORIENTED_EDGE('',*,*,#2573,.T.);
#1916=ORIENTED_EDGE('',*,*,#2075,.T.);
#1917=ORIENTED_EDGE('',*,*,#2574,.F.);
#1918=ORIENTED_EDGE('',*,*,#2298,.F.);
#1919=ORIENTED_EDGE('',*,*,#2574,.T.);
#1920=ORIENTED_EDGE('',*,*,#2074,.T.);
#1921=ORIENTED_EDGE('',*,*,#2575,.F.);
#1922=ORIENTED_EDGE('',*,*,#2299,.F.);
#1923=ORIENTED_EDGE('',*,*,#2302,.T.);
#1924=ORIENTED_EDGE('',*,*,#2576,.T.);
#1925=ORIENTED_EDGE('',*,*,#2071,.F.);
#1926=ORIENTED_EDGE('',*,*,#2570,.F.);
#1927=ORIENTED_EDGE('',*,*,#2575,.T.);
#1928=ORIENTED_EDGE('',*,*,#2073,.T.);
#1929=ORIENTED_EDGE('',*,*,#2577,.F.);
#1930=ORIENTED_EDGE('',*,*,#2300,.F.);
#1931=ORIENTED_EDGE('',*,*,#2577,.T.);
#1932=ORIENTED_EDGE('',*,*,#2072,.T.);
#1933=ORIENTED_EDGE('',*,*,#2576,.F.);
#1934=ORIENTED_EDGE('',*,*,#2301,.F.);
#1935=ORIENTED_EDGE('',*,*,#2578,.T.);
#1936=ORIENTED_EDGE('',*,*,#2062,.T.);
#1937=ORIENTED_EDGE('',*,*,#2579,.F.);
#1938=ORIENTED_EDGE('',*,*,#2287,.F.);
#1939=ORIENTED_EDGE('',*,*,#2288,.T.);
#1940=ORIENTED_EDGE('',*,*,#2579,.T.);
#1941=ORIENTED_EDGE('',*,*,#2061,.F.);
#1942=ORIENTED_EDGE('',*,*,#2580,.F.);
#1943=ORIENTED_EDGE('',*,*,#2580,.T.);
#1944=ORIENTED_EDGE('',*,*,#2068,.T.);
#1945=ORIENTED_EDGE('',*,*,#2581,.F.);
#1946=ORIENTED_EDGE('',*,*,#2289,.F.);
#1947=ORIENTED_EDGE('',*,*,#2581,.T.);
#1948=ORIENTED_EDGE('',*,*,#2067,.T.);
#1949=ORIENTED_EDGE('',*,*,#2582,.F.);
#1950=ORIENTED_EDGE('',*,*,#2290,.F.);
#1951=ORIENTED_EDGE('',*,*,#2582,.T.);
#1952=ORIENTED_EDGE('',*,*,#2066,.T.);
#1953=ORIENTED_EDGE('',*,*,#2583,.F.);
#1954=ORIENTED_EDGE('',*,*,#2291,.F.);
#1955=ORIENTED_EDGE('',*,*,#2294,.T.);
#1956=ORIENTED_EDGE('',*,*,#2584,.T.);
#1957=ORIENTED_EDGE('',*,*,#2063,.F.);
#1958=ORIENTED_EDGE('',*,*,#2578,.F.);
#1959=ORIENTED_EDGE('',*,*,#2583,.T.);
#1960=ORIENTED_EDGE('',*,*,#2065,.T.);
#1961=ORIENTED_EDGE('',*,*,#2585,.F.);
#1962=ORIENTED_EDGE('',*,*,#2292,.F.);
#1963=ORIENTED_EDGE('',*,*,#2585,.T.);
#1964=ORIENTED_EDGE('',*,*,#2064,.T.);
#1965=ORIENTED_EDGE('',*,*,#2584,.F.);
#1966=ORIENTED_EDGE('',*,*,#2293,.F.);
#1967=ORIENTED_EDGE('',*,*,#2586,.T.);
#1968=ORIENTED_EDGE('',*,*,#2054,.T.);
#1969=ORIENTED_EDGE('',*,*,#2587,.F.);
#1970=ORIENTED_EDGE('',*,*,#2279,.F.);
#1971=ORIENTED_EDGE('',*,*,#2280,.T.);
#1972=ORIENTED_EDGE('',*,*,#2587,.T.);
#1973=ORIENTED_EDGE('',*,*,#2053,.F.);
#1974=ORIENTED_EDGE('',*,*,#2588,.F.);
#1975=ORIENTED_EDGE('',*,*,#2588,.T.);
#1976=ORIENTED_EDGE('',*,*,#2060,.T.);
#1977=ORIENTED_EDGE('',*,*,#2589,.F.);
#1978=ORIENTED_EDGE('',*,*,#2281,.F.);
#1979=ORIENTED_EDGE('',*,*,#2589,.T.);
#1980=ORIENTED_EDGE('',*,*,#2059,.T.);
#1981=ORIENTED_EDGE('',*,*,#2590,.F.);
#1982=ORIENTED_EDGE('',*,*,#2282,.F.);
#1983=ORIENTED_EDGE('',*,*,#2590,.T.);
#1984=ORIENTED_EDGE('',*,*,#2058,.T.);
#1985=ORIENTED_EDGE('',*,*,#2591,.F.);
#1986=ORIENTED_EDGE('',*,*,#2283,.F.);
#1987=ORIENTED_EDGE('',*,*,#2286,.T.);
#1988=ORIENTED_EDGE('',*,*,#2592,.T.);
#1989=ORIENTED_EDGE('',*,*,#2055,.F.);
#1990=ORIENTED_EDGE('',*,*,#2586,.F.);
#1991=ORIENTED_EDGE('',*,*,#2591,.T.);
#1992=ORIENTED_EDGE('',*,*,#2057,.T.);
#1993=ORIENTED_EDGE('',*,*,#2593,.F.);
#1994=ORIENTED_EDGE('',*,*,#2284,.F.);
#1995=ORIENTED_EDGE('',*,*,#2593,.T.);
#1996=ORIENTED_EDGE('',*,*,#2056,.T.);
#1997=ORIENTED_EDGE('',*,*,#2592,.F.);
#1998=ORIENTED_EDGE('',*,*,#2285,.F.);
#1999=ORIENTED_EDGE('',*,*,#2594,.T.);
#2000=ORIENTED_EDGE('',*,*,#2046,.T.);
#2001=ORIENTED_EDGE('',*,*,#2595,.F.);
#2002=ORIENTED_EDGE('',*,*,#2271,.F.);
#2003=ORIENTED_EDGE('',*,*,#2272,.T.);
#2004=ORIENTED_EDGE('',*,*,#2595,.T.);
#2005=ORIENTED_EDGE('',*,*,#2045,.F.);
#2006=ORIENTED_EDGE('',*,*,#2596,.F.);
#2007=ORIENTED_EDGE('',*,*,#2596,.T.);
#2008=ORIENTED_EDGE('',*,*,#2052,.T.);
#2009=ORIENTED_EDGE('',*,*,#2597,.F.);
#2010=ORIENTED_EDGE('',*,*,#2273,.F.);
#2011=ORIENTED_EDGE('',*,*,#2597,.T.);
#2012=ORIENTED_EDGE('',*,*,#2051,.T.);
#2013=ORIENTED_EDGE('',*,*,#2598,.F.);
#2014=ORIENTED_EDGE('',*,*,#2274,.F.);
#2015=ORIENTED_EDGE('',*,*,#2598,.T.);
#2016=ORIENTED_EDGE('',*,*,#2050,.T.);
#2017=ORIENTED_EDGE('',*,*,#2599,.F.);
#2018=ORIENTED_EDGE('',*,*,#2275,.F.);
#2019=ORIENTED_EDGE('',*,*,#2278,.T.);
#2020=ORIENTED_EDGE('',*,*,#2600,.T.);
#2021=ORIENTED_EDGE('',*,*,#2047,.F.);
#2022=ORIENTED_EDGE('',*,*,#2594,.F.);
#2023=ORIENTED_EDGE('',*,*,#2599,.T.);
#2024=ORIENTED_EDGE('',*,*,#2049,.T.);
#2025=ORIENTED_EDGE('',*,*,#2601,.F.);
#2026=ORIENTED_EDGE('',*,*,#2276,.F.);
#2027=ORIENTED_EDGE('',*,*,#2601,.T.);
#2028=ORIENTED_EDGE('',*,*,#2048,.T.);
#2029=ORIENTED_EDGE('',*,*,#2600,.F.);
#2030=ORIENTED_EDGE('',*,*,#2277,.F.);
#2031=EDGE_CURVE('',#2602,#2602,#2984,.T.);
#2032=EDGE_CURVE('',#2603,#2604,#887,.F.);
#2033=EDGE_CURVE('',#2605,#2603,#2985,.F.);
#2034=EDGE_CURVE('',#2606,#2605,#888,.F.);
#2035=EDGE_CURVE('',#2604,#2606,#2986,.F.);
#2036=EDGE_CURVE('',#2607,#2607,#2987,.T.);
#2037=EDGE_CURVE('',#2608,#2609,#31,.T.);
#2038=EDGE_CURVE('',#2609,#2610,#32,.T.);
#2039=EDGE_CURVE('',#2611,#2610,#2988,.T.);
#2040=EDGE_CURVE('',#2611,#2612,#33,.T.);
#2041=EDGE_CURVE('',#2612,#2613,#34,.T.);
#2042=EDGE_CURVE('',#2613,#2614,#35,.T.);
#2043=EDGE_CURVE('',#2615,#2614,#2989,.T.);
#2044=EDGE_CURVE('',#2615,#2608,#36,.T.);
#2045=EDGE_CURVE('',#2616,#2617,#37,.T.);
#2046=EDGE_CURVE('',#2618,#2617,#2990,.T.);
#2047=EDGE_CURVE('',#2618,#2619,#38,.T.);
#2048=EDGE_CURVE('',#2620,#2619,#2991,.T.);
#2049=EDGE_CURVE('',#2621,#2620,#39,.T.);
#2050=EDGE_CURVE('',#2622,#2621,#2992,.T.);
#2051=EDGE_CURVE('',#2623,#2622,#40,.T.);
#2052=EDGE_CURVE('',#2616,#2623,#2993,.T.);
#2053=EDGE_CURVE('',#2624,#2625,#41,.T.);
#2054=EDGE_CURVE('',#2626,#2625,#2994,.T.);
#2055=EDGE_CURVE('',#2626,#2627,#42,.T.);
#2056=EDGE_CURVE('',#2628,#2627,#2995,.T.);
#2057=EDGE_CURVE('',#2629,#2628,#43,.T.);
#2058=EDGE_CURVE('',#2630,#2629,#2996,.T.);
#2059=EDGE_CURVE('',#2631,#2630,#44,.T.);
#2060=EDGE_CURVE('',#2624,#2631,#2997,.T.);
#2061=EDGE_CURVE('',#2632,#2633,#45,.T.);
#2062=EDGE_CURVE('',#2634,#2633,#2998,.T.);
#2063=EDGE_CURVE('',#2634,#2635,#46,.T.);
#2064=EDGE_CURVE('',#2636,#2635,#2999,.T.);
#2065=EDGE_CURVE('',#2637,#2636,#47,.T.);
#2066=EDGE_CURVE('',#2638,#2637,#3000,.T.);
#2067=EDGE_CURVE('',#2639,#2638,#48,.T.);
#2068=EDGE_CURVE('',#2632,#2639,#3001,.T.);
#2069=EDGE_CURVE('',#2640,#2641,#49,.T.);
#2070=EDGE_CURVE('',#2642,#2641,#3002,.T.);
#2071=EDGE_CURVE('',#2642,#2643,#50,.T.);
#2072=EDGE_CURVE('',#2644,#2643,#3003,.T.);
#2073=EDGE_CURVE('',#2645,#2644,#51,.T.);
#2074=EDGE_CURVE('',#2646,#2645,#3004,.T.);
#2075=EDGE_CURVE('',#2647,#2646,#52,.T.);
#2076=EDGE_CURVE('',#2640,#2647,#3005,.T.);
#2077=EDGE_CURVE('',#2648,#2649,#53,.T.);
#2078=EDGE_CURVE('',#2650,#2649,#3006,.T.);
#2079=EDGE_CURVE('',#2650,#2651,#54,.T.);
#2080=EDGE_CURVE('',#2652,#2651,#3007,.T.);
#2081=EDGE_CURVE('',#2653,#2652,#55,.T.);
#2082=EDGE_CURVE('',#2654,#2653,#3008,.T.);
#2083=EDGE_CURVE('',#2655,#2654,#56,.T.);
#2084=EDGE_CURVE('',#2648,#2655,#3009,.T.);
#2085=EDGE_CURVE('',#2656,#2657,#57,.T.);
#2086=EDGE_CURVE('',#2658,#2657,#3010,.T.);
#2087=EDGE_CURVE('',#2658,#2659,#58,.T.);
#2088=EDGE_CURVE('',#2660,#2659,#3011,.T.);
#2089=EDGE_CURVE('',#2661,#2660,#59,.T.);
#2090=EDGE_CURVE('',#2662,#2661,#3012,.T.);
#2091=EDGE_CURVE('',#2663,#2662,#60,.T.);
#2092=EDGE_CURVE('',#2656,#2663,#3013,.T.);
#2093=EDGE_CURVE('',#2664,#2665,#61,.T.);
#2094=EDGE_CURVE('',#2666,#2665,#3014,.T.);
#2095=EDGE_CURVE('',#2666,#2667,#62,.T.);
#2096=EDGE_CURVE('',#2668,#2667,#3015,.T.);
#2097=EDGE_CURVE('',#2669,#2668,#63,.T.);
#2098=EDGE_CURVE('',#2670,#2669,#3016,.T.);
#2099=EDGE_CURVE('',#2671,#2670,#64,.T.);
#2100=EDGE_CURVE('',#2664,#2671,#3017,.T.);
#2101=EDGE_CURVE('',#2672,#2673,#65,.T.);
#2102=EDGE_CURVE('',#2674,#2673,#3018,.T.);
#2103=EDGE_CURVE('',#2674,#2675,#66,.T.);
#2104=EDGE_CURVE('',#2676,#2675,#3019,.T.);
#2105=EDGE_CURVE('',#2677,#2676,#67,.T.);
#2106=EDGE_CURVE('',#2678,#2677,#3020,.T.);
#2107=EDGE_CURVE('',#2679,#2678,#68,.T.);
#2108=EDGE_CURVE('',#2672,#2679,#3021,.T.);
#2109=EDGE_CURVE('',#2680,#2681,#69,.T.);
#2110=EDGE_CURVE('',#2682,#2681,#3022,.T.);
#2111=EDGE_CURVE('',#2682,#2683,#70,.T.);
#2112=EDGE_CURVE('',#2684,#2683,#3023,.T.);
#2113=EDGE_CURVE('',#2685,#2684,#71,.T.);
#2114=EDGE_CURVE('',#2686,#2685,#3024,.T.);
#2115=EDGE_CURVE('',#2687,#2686,#72,.T.);
#2116=EDGE_CURVE('',#2680,#2687,#3025,.T.);
#2117=EDGE_CURVE('',#2688,#2689,#73,.T.);
#2118=EDGE_CURVE('',#2690,#2689,#3026,.T.);
#2119=EDGE_CURVE('',#2690,#2691,#74,.T.);
#2120=EDGE_CURVE('',#2692,#2691,#3027,.T.);
#2121=EDGE_CURVE('',#2693,#2692,#75,.T.);
#2122=EDGE_CURVE('',#2694,#2693,#3028,.T.);
#2123=EDGE_CURVE('',#2695,#2694,#76,.T.);
#2124=EDGE_CURVE('',#2688,#2695,#3029,.T.);
#2125=EDGE_CURVE('',#2696,#2697,#77,.T.);
#2126=EDGE_CURVE('',#2698,#2697,#3030,.T.);
#2127=EDGE_CURVE('',#2698,#2699,#78,.T.);
#2128=EDGE_CURVE('',#2700,#2699,#3031,.T.);
#2129=EDGE_CURVE('',#2701,#2700,#79,.T.);
#2130=EDGE_CURVE('',#2702,#2701,#3032,.T.);
#2131=EDGE_CURVE('',#2703,#2702,#80,.T.);
#2132=EDGE_CURVE('',#2696,#2703,#3033,.T.);
#2133=EDGE_CURVE('',#2704,#2705,#81,.T.);
#2134=EDGE_CURVE('',#2706,#2705,#3034,.T.);
#2135=EDGE_CURVE('',#2706,#2707,#82,.T.);
#2136=EDGE_CURVE('',#2708,#2707,#3035,.T.);
#2137=EDGE_CURVE('',#2709,#2708,#83,.T.);
#2138=EDGE_CURVE('',#2710,#2709,#3036,.T.);
#2139=EDGE_CURVE('',#2711,#2710,#84,.T.);
#2140=EDGE_CURVE('',#2704,#2711,#3037,.T.);
#2141=EDGE_CURVE('',#2712,#2713,#85,.T.);
#2142=EDGE_CURVE('',#2714,#2713,#3038,.T.);
#2143=EDGE_CURVE('',#2714,#2715,#86,.T.);
#2144=EDGE_CURVE('',#2716,#2715,#3039,.T.);
#2145=EDGE_CURVE('',#2717,#2716,#87,.T.);
#2146=EDGE_CURVE('',#2718,#2717,#3040,.T.);
#2147=EDGE_CURVE('',#2719,#2718,#88,.T.);
#2148=EDGE_CURVE('',#2712,#2719,#3041,.T.);
#2149=EDGE_CURVE('',#2720,#2721,#89,.T.);
#2150=EDGE_CURVE('',#2722,#2721,#3042,.T.);
#2151=EDGE_CURVE('',#2722,#2723,#90,.T.);
#2152=EDGE_CURVE('',#2724,#2723,#3043,.T.);
#2153=EDGE_CURVE('',#2725,#2724,#91,.T.);
#2154=EDGE_CURVE('',#2726,#2725,#3044,.T.);
#2155=EDGE_CURVE('',#2727,#2726,#92,.T.);
#2156=EDGE_CURVE('',#2720,#2727,#3045,.T.);
#2157=EDGE_CURVE('',#2728,#2729,#93,.T.);
#2158=EDGE_CURVE('',#2730,#2729,#3046,.T.);
#2159=EDGE_CURVE('',#2730,#2731,#94,.T.);
#2160=EDGE_CURVE('',#2732,#2731,#3047,.T.);
#2161=EDGE_CURVE('',#2733,#2732,#95,.T.);
#2162=EDGE_CURVE('',#2734,#2733,#3048,.T.);
#2163=EDGE_CURVE('',#2735,#2734,#96,.T.);
#2164=EDGE_CURVE('',#2728,#2735,#3049,.T.);
#2165=EDGE_CURVE('',#2736,#2737,#97,.T.);
#2166=EDGE_CURVE('',#2738,#2737,#3050,.T.);
#2167=EDGE_CURVE('',#2738,#2739,#98,.T.);
#2168=EDGE_CURVE('',#2740,#2739,#3051,.T.);
#2169=EDGE_CURVE('',#2741,#2740,#99,.T.);
#2170=EDGE_CURVE('',#2742,#2741,#3052,.T.);
#2171=EDGE_CURVE('',#2743,#2742,#100,.T.);
#2172=EDGE_CURVE('',#2736,#2743,#3053,.T.);
#2173=EDGE_CURVE('',#2744,#2745,#101,.T.);
#2174=EDGE_CURVE('',#2746,#2745,#3054,.T.);
#2175=EDGE_CURVE('',#2746,#2747,#102,.T.);
#2176=EDGE_CURVE('',#2748,#2747,#3055,.T.);
#2177=EDGE_CURVE('',#2749,#2748,#103,.T.);
#2178=EDGE_CURVE('',#2750,#2749,#3056,.T.);
#2179=EDGE_CURVE('',#2751,#2750,#104,.T.);
#2180=EDGE_CURVE('',#2744,#2751,#3057,.T.);
#2181=EDGE_CURVE('',#2752,#2753,#105,.T.);
#2182=EDGE_CURVE('',#2754,#2753,#3058,.T.);
#2183=EDGE_CURVE('',#2754,#2755,#106,.T.);
#2184=EDGE_CURVE('',#2756,#2755,#3059,.T.);
#2185=EDGE_CURVE('',#2757,#2756,#107,.T.);
#2186=EDGE_CURVE('',#2758,#2757,#3060,.T.);
#2187=EDGE_CURVE('',#2759,#2758,#108,.T.);
#2188=EDGE_CURVE('',#2752,#2759,#3061,.T.);
#2189=EDGE_CURVE('',#2760,#2761,#109,.T.);
#2190=EDGE_CURVE('',#2762,#2761,#3062,.T.);
#2191=EDGE_CURVE('',#2762,#2763,#110,.T.);
#2192=EDGE_CURVE('',#2764,#2763,#3063,.T.);
#2193=EDGE_CURVE('',#2765,#2764,#111,.T.);
#2194=EDGE_CURVE('',#2766,#2765,#3064,.T.);
#2195=EDGE_CURVE('',#2767,#2766,#112,.T.);
#2196=EDGE_CURVE('',#2760,#2767,#3065,.T.);
#2197=EDGE_CURVE('',#2768,#2769,#113,.T.);
#2198=EDGE_CURVE('',#2770,#2769,#3066,.T.);
#2199=EDGE_CURVE('',#2770,#2771,#114,.T.);
#2200=EDGE_CURVE('',#2772,#2771,#3067,.T.);
#2201=EDGE_CURVE('',#2773,#2772,#115,.T.);
#2202=EDGE_CURVE('',#2774,#2773,#3068,.T.);
#2203=EDGE_CURVE('',#2775,#2774,#116,.T.);
#2204=EDGE_CURVE('',#2768,#2775,#3069,.T.);
#2205=EDGE_CURVE('',#2776,#2776,#3070,.T.);
#2206=EDGE_CURVE('',#2777,#2778,#117,.T.);
#2207=EDGE_CURVE('',#2778,#2779,#118,.T.);
#2208=EDGE_CURVE('',#2779,#2780,#119,.T.);
#2209=EDGE_CURVE('',#2781,#2780,#3071,.F.);
#2210=EDGE_CURVE('',#2781,#2782,#120,.T.);
#2211=EDGE_CURVE('',#2782,#2783,#121,.T.);
#2212=EDGE_CURVE('',#2783,#2784,#122,.T.);
#2213=EDGE_CURVE('',#2777,#2784,#3072,.F.);
#2214=EDGE_CURVE('',#2785,#2786,#3073,.T.);
#2215=EDGE_CURVE('',#2785,#2787,#123,.T.);
#2216=EDGE_CURVE('',#2788,#2787,#3074,.T.);
#2217=EDGE_CURVE('',#2788,#2786,#124,.T.);
#2218=EDGE_CURVE('',#2785,#2787,#23,.T.);
#2219=EDGE_CURVE('',#2786,#2788,#3075,.T.);
#2220=EDGE_CURVE('',#2789,#2790,#13,.T.);
#2221=EDGE_CURVE('',#2790,#2789,#3076,.T.);
#2222=EDGE_CURVE('',#2791,#2792,#24,.T.);
#2223=EDGE_CURVE('',#2792,#2791,#3077,.T.);
#2224=EDGE_CURVE('',#2793,#2793,#25,.T.);
#2225=EDGE_CURVE('',#2794,#2795,#26,.T.);
#2226=EDGE_CURVE('',#2795,#2794,#27,.T.);
#2227=EDGE_CURVE('',#2796,#2797,#3078,.T.);
#2228=EDGE_CURVE('',#2797,#2796,#3079,.T.);
#2229=EDGE_CURVE('',#2798,#2799,#125,.T.);
#2230=EDGE_CURVE('',#2800,#2799,#3080,.F.);
#2231=EDGE_CURVE('',#2800,#2801,#126,.T.);
#2232=EDGE_CURVE('',#2798,#2801,#3081,.T.);
#2233=EDGE_CURVE('',#2802,#2803,#127,.T.);
#2234=EDGE_CURVE('',#2804,#2802,#128,.T.);
#2235=EDGE_CURVE('',#2805,#2804,#129,.T.);
#2236=EDGE_CURVE('',#2803,#2805,#14,.T.);
#2237=EDGE_CURVE('',#2802,#2800,#130,.T.);
#2238=EDGE_CURVE('',#2801,#2803,#15,.T.);
#2239=EDGE_CURVE('',#2806,#2807,#131,.T.);
#2240=EDGE_CURVE('',#2807,#2808,#132,.T.);
#2241=EDGE_CURVE('',#2808,#2809,#16,.T.);
#2242=EDGE_CURVE('',#2809,#2810,#17,.T.);
#2243=EDGE_CURVE('',#2806,#2810,#133,.T.);
#2244=EDGE_CURVE('',#2796,#2811,#134,.T.);
#2245=EDGE_CURVE('',#2811,#2812,#135,.T.);
#2246=EDGE_CURVE('',#2812,#2797,#136,.T.);
#2247=EDGE_CURVE('',#2813,#2814,#137,.T.);
#2248=EDGE_CURVE('',#2813,#2811,#138,.T.);
#2249=EDGE_CURVE('',#2815,#2796,#139,.T.);
#2250=EDGE_CURVE('',#2814,#2815,#140,.T.);
#2251=EDGE_CURVE('',#2806,#2816,#141,.T.);
#2252=EDGE_CURVE('',#2797,#2816,#142,.T.);
#2253=EDGE_CURVE('',#2807,#2812,#143,.T.);
#2254=EDGE_CURVE('',#2816,#2815,#144,.T.);
#2255=EDGE_CURVE('',#2805,#2798,#18,.T.);
#2256=EDGE_CURVE('',#2817,#2790,#19,.T.);
#2257=EDGE_CURVE('',#2810,#2817,#20,.T.);
#2258=EDGE_CURVE('',#2818,#2808,#21,.T.);
#2259=EDGE_CURVE('',#2789,#2818,#22,.T.);
#2260=EDGE_CURVE('',#2799,#2804,#145,.T.);
#2261=EDGE_CURVE('',#2819,#2818,#146,.T.);
#2262=EDGE_CURVE('',#2819,#2820,#147,.T.);
#2263=EDGE_CURVE('',#2820,#2817,#148,.T.);
#2264=EDGE_CURVE('',#2821,#2814,#149,.T.);
#2265=EDGE_CURVE('',#2820,#2821,#150,.T.);
#2266=EDGE_CURVE('',#2822,#2813,#151,.T.);
#2267=EDGE_CURVE('',#2822,#2819,#152,.T.);
#2268=EDGE_CURVE('',#2821,#2822,#153,.T.);
#2269=EDGE_CURVE('',#2788,#2792,#154,.T.);
#2270=EDGE_CURVE('',#2786,#2791,#155,.T.);
#2271=EDGE_CURVE('',#2823,#2824,#3082,.F.);
#2272=EDGE_CURVE('',#2825,#2824,#156,.T.);
#2273=EDGE_CURVE('',#2825,#2826,#3083,.F.);
#2274=EDGE_CURVE('',#2826,#2827,#157,.T.);
#2275=EDGE_CURVE('',#2827,#2828,#3084,.F.);
#2276=EDGE_CURVE('',#2828,#2829,#158,.T.);
#2277=EDGE_CURVE('',#2829,#2830,#3085,.F.);
#2278=EDGE_CURVE('',#2823,#2830,#159,.T.);
#2279=EDGE_CURVE('',#2831,#2832,#3086,.F.);
#2280=EDGE_CURVE('',#2833,#2832,#160,.T.);
#2281=EDGE_CURVE('',#2833,#2834,#3087,.F.);
#2282=EDGE_CURVE('',#2834,#2835,#161,.T.);
#2283=EDGE_CURVE('',#2835,#2836,#3088,.F.);
#2284=EDGE_CURVE('',#2836,#2837,#162,.T.);
#2285=EDGE_CURVE('',#2837,#2838,#3089,.F.);
#2286=EDGE_CURVE('',#2831,#2838,#163,.T.);
#2287=EDGE_CURVE('',#2839,#2840,#3090,.F.);
#2288=EDGE_CURVE('',#2841,#2840,#164,.T.);
#2289=EDGE_CURVE('',#2841,#2842,#3091,.F.);
#2290=EDGE_CURVE('',#2842,#2843,#165,.T.);
#2291=EDGE_CURVE('',#2843,#2844,#3092,.F.);
#2292=EDGE_CURVE('',#2844,#2845,#166,.T.);
#2293=EDGE_CURVE('',#2845,#2846,#3093,.F.);
#2294=EDGE_CURVE('',#2839,#2846,#167,.T.);
#2295=EDGE_CURVE('',#2847,#2848,#3094,.F.);
#2296=EDGE_CURVE('',#2849,#2848,#168,.T.);
#2297=EDGE_CURVE('',#2849,#2850,#3095,.F.);
#2298=EDGE_CURVE('',#2850,#2851,#169,.T.);
#2299=EDGE_CURVE('',#2851,#2852,#3096,.F.);
#2300=EDGE_CURVE('',#2852,#2853,#170,.T.);
#2301=EDGE_CURVE('',#2853,#2854,#3097,.F.);
#2302=EDGE_CURVE('',#2847,#2854,#171,.T.);
#2303=EDGE_CURVE('',#2855,#2856,#3098,.F.);
#2304=EDGE_CURVE('',#2857,#2856,#172,.T.);
#2305=EDGE_CURVE('',#2857,#2858,#3099,.F.);
#2306=EDGE_CURVE('',#2858,#2859,#173,.T.);
#2307=EDGE_CURVE('',#2859,#2860,#3100,.F.);
#2308=EDGE_CURVE('',#2860,#2861,#174,.T.);
#2309=EDGE_CURVE('',#2861,#2862,#3101,.F.);
#2310=EDGE_CURVE('',#2855,#2862,#175,.T.);
#2311=EDGE_CURVE('',#2863,#2864,#3102,.F.);
#2312=EDGE_CURVE('',#2865,#2864,#176,.T.);
#2313=EDGE_CURVE('',#2865,#2866,#3103,.F.);
#2314=EDGE_CURVE('',#2866,#2867,#177,.T.);
#2315=EDGE_CURVE('',#2867,#2868,#3104,.F.);
#2316=EDGE_CURVE('',#2868,#2869,#178,.T.);
#2317=EDGE_CURVE('',#2869,#2870,#3105,.F.);
#2318=EDGE_CURVE('',#2863,#2870,#179,.T.);
#2319=EDGE_CURVE('',#2871,#2872,#3106,.F.);
#2320=EDGE_CURVE('',#2873,#2872,#180,.T.);
#2321=EDGE_CURVE('',#2873,#2874,#3107,.F.);
#2322=EDGE_CURVE('',#2874,#2875,#181,.T.);
#2323=EDGE_CURVE('',#2875,#2876,#3108,.F.);
#2324=EDGE_CURVE('',#2876,#2877,#182,.T.);
#2325=EDGE_CURVE('',#2877,#2878,#3109,.F.);
#2326=EDGE_CURVE('',#2871,#2878,#183,.T.);
#2327=EDGE_CURVE('',#2879,#2880,#3110,.F.);
#2328=EDGE_CURVE('',#2881,#2880,#184,.T.);
#2329=EDGE_CURVE('',#2881,#2882,#3111,.F.);
#2330=EDGE_CURVE('',#2882,#2883,#185,.T.);
#2331=EDGE_CURVE('',#2883,#2884,#3112,.F.);
#2332=EDGE_CURVE('',#2884,#2885,#186,.T.);
#2333=EDGE_CURVE('',#2885,#2886,#3113,.F.);
#2334=EDGE_CURVE('',#2879,#2886,#187,.T.);
#2335=EDGE_CURVE('',#2887,#2888,#3114,.F.);
#2336=EDGE_CURVE('',#2889,#2888,#188,.T.);
#2337=EDGE_CURVE('',#2889,#2890,#3115,.F.);
#2338=EDGE_CURVE('',#2890,#2891,#189,.T.);
#2339=EDGE_CURVE('',#2891,#2892,#3116,.F.);
#2340=EDGE_CURVE('',#2892,#2893,#190,.T.);
#2341=EDGE_CURVE('',#2893,#2894,#3117,.F.);
#2342=EDGE_CURVE('',#2887,#2894,#191,.T.);
#2343=EDGE_CURVE('',#2895,#2896,#3118,.F.);
#2344=EDGE_CURVE('',#2897,#2896,#192,.T.);
#2345=EDGE_CURVE('',#2897,#2898,#3119,.F.);
#2346=EDGE_CURVE('',#2898,#2899,#193,.T.);
#2347=EDGE_CURVE('',#2899,#2900,#3120,.F.);
#2348=EDGE_CURVE('',#2900,#2901,#194,.T.);
#2349=EDGE_CURVE('',#2901,#2902,#3121,.F.);
#2350=EDGE_CURVE('',#2895,#2902,#195,.T.);
#2351=EDGE_CURVE('',#2903,#2904,#3122,.F.);
#2352=EDGE_CURVE('',#2905,#2904,#196,.T.);
#2353=EDGE_CURVE('',#2905,#2906,#3123,.F.);
#2354=EDGE_CURVE('',#2906,#2907,#197,.T.);
#2355=EDGE_CURVE('',#2907,#2908,#3124,.F.);
#2356=EDGE_CURVE('',#2908,#2909,#198,.T.);
#2357=EDGE_CURVE('',#2909,#2910,#3125,.F.);
#2358=EDGE_CURVE('',#2903,#2910,#199,.T.);
#2359=EDGE_CURVE('',#2911,#2912,#3126,.F.);
#2360=EDGE_CURVE('',#2913,#2912,#200,.T.);
#2361=EDGE_CURVE('',#2913,#2914,#3127,.F.);
#2362=EDGE_CURVE('',#2914,#2915,#201,.T.);
#2363=EDGE_CURVE('',#2915,#2916,#3128,.F.);
#2364=EDGE_CURVE('',#2916,#2917,#202,.T.);
#2365=EDGE_CURVE('',#2917,#2918,#3129,.F.);
#2366=EDGE_CURVE('',#2911,#2918,#203,.T.);
#2367=EDGE_CURVE('',#2919,#2920,#3130,.F.);
#2368=EDGE_CURVE('',#2921,#2920,#204,.T.);
#2369=EDGE_CURVE('',#2921,#2922,#3131,.F.);
#2370=EDGE_CURVE('',#2922,#2923,#205,.T.);
#2371=EDGE_CURVE('',#2923,#2924,#3132,.F.);
#2372=EDGE_CURVE('',#2924,#2925,#206,.T.);
#2373=EDGE_CURVE('',#2925,#2926,#3133,.F.);
#2374=EDGE_CURVE('',#2919,#2926,#207,.T.);
#2375=EDGE_CURVE('',#2927,#2928,#3134,.F.);
#2376=EDGE_CURVE('',#2929,#2928,#208,.T.);
#2377=EDGE_CURVE('',#2929,#2930,#3135,.F.);
#2378=EDGE_CURVE('',#2930,#2931,#209,.T.);
#2379=EDGE_CURVE('',#2931,#2932,#3136,.F.);
#2380=EDGE_CURVE('',#2932,#2933,#210,.T.);
#2381=EDGE_CURVE('',#2933,#2934,#3137,.F.);
#2382=EDGE_CURVE('',#2927,#2934,#211,.T.);
#2383=EDGE_CURVE('',#2935,#2936,#3138,.F.);
#2384=EDGE_CURVE('',#2937,#2936,#212,.T.);
#2385=EDGE_CURVE('',#2937,#2938,#3139,.F.);
#2386=EDGE_CURVE('',#2938,#2939,#213,.T.);
#2387=EDGE_CURVE('',#2939,#2940,#3140,.F.);
#2388=EDGE_CURVE('',#2940,#2941,#214,.T.);
#2389=EDGE_CURVE('',#2941,#2942,#3141,.F.);
#2390=EDGE_CURVE('',#2935,#2942,#215,.T.);
#2391=EDGE_CURVE('',#2943,#2944,#3142,.F.);
#2392=EDGE_CURVE('',#2945,#2944,#216,.T.);
#2393=EDGE_CURVE('',#2945,#2946,#3143,.F.);
#2394=EDGE_CURVE('',#2946,#2947,#217,.T.);
#2395=EDGE_CURVE('',#2947,#2948,#3144,.F.);
#2396=EDGE_CURVE('',#2948,#2949,#218,.T.);
#2397=EDGE_CURVE('',#2949,#2950,#3145,.F.);
#2398=EDGE_CURVE('',#2943,#2950,#219,.T.);
#2399=EDGE_CURVE('',#2951,#2952,#3146,.F.);
#2400=EDGE_CURVE('',#2953,#2952,#220,.T.);
#2401=EDGE_CURVE('',#2953,#2954,#3147,.F.);
#2402=EDGE_CURVE('',#2954,#2955,#221,.T.);
#2403=EDGE_CURVE('',#2955,#2956,#3148,.F.);
#2404=EDGE_CURVE('',#2956,#2957,#222,.T.);
#2405=EDGE_CURVE('',#2957,#2958,#3149,.F.);
#2406=EDGE_CURVE('',#2951,#2958,#223,.T.);
#2407=EDGE_CURVE('',#2959,#2960,#3150,.F.);
#2408=EDGE_CURVE('',#2961,#2960,#224,.T.);
#2409=EDGE_CURVE('',#2961,#2962,#3151,.F.);
#2410=EDGE_CURVE('',#2962,#2963,#225,.T.);
#2411=EDGE_CURVE('',#2963,#2964,#3152,.F.);
#2412=EDGE_CURVE('',#2964,#2965,#226,.T.);
#2413=EDGE_CURVE('',#2965,#2966,#3153,.F.);
#2414=EDGE_CURVE('',#2959,#2966,#227,.T.);
#2415=EDGE_CURVE('',#2967,#2968,#3154,.F.);
#2416=EDGE_CURVE('',#2969,#2968,#228,.T.);
#2417=EDGE_CURVE('',#2969,#2970,#3155,.F.);
#2418=EDGE_CURVE('',#2970,#2971,#229,.T.);
#2419=EDGE_CURVE('',#2971,#2972,#3156,.F.);
#2420=EDGE_CURVE('',#2972,#2973,#230,.T.);
#2421=EDGE_CURVE('',#2973,#2974,#3157,.F.);
#2422=EDGE_CURVE('',#2967,#2974,#231,.T.);
#2423=EDGE_CURVE('',#2975,#2976,#3158,.F.);
#2424=EDGE_CURVE('',#2977,#2976,#232,.T.);
#2425=EDGE_CURVE('',#2977,#2978,#3159,.F.);
#2426=EDGE_CURVE('',#2978,#2979,#233,.T.);
#2427=EDGE_CURVE('',#2979,#2980,#3160,.F.);
#2428=EDGE_CURVE('',#2980,#2981,#234,.T.);
#2429=EDGE_CURVE('',#2981,#2982,#3161,.F.);
#2430=EDGE_CURVE('',#2975,#2982,#235,.T.);
#2431=EDGE_CURVE('',#2983,#2983,#3162,.T.);
#2432=EDGE_CURVE('',#2778,#2604,#236,.T.);
#2433=EDGE_CURVE('',#2777,#2610,#237,.T.);
#2434=EDGE_CURVE('',#2603,#2609,#238,.T.);
#2435=EDGE_CURVE('',#2779,#2606,#239,.T.);
#2436=EDGE_CURVE('',#2605,#2608,#240,.T.);
#2437=EDGE_CURVE('',#2780,#2615,#241,.T.);
#2438=EDGE_CURVE('',#2784,#2611,#242,.T.);
#2439=EDGE_CURVE('',#2783,#2612,#243,.T.);
#2440=EDGE_CURVE('',#2782,#2613,#244,.T.);
#2441=EDGE_CURVE('',#2781,#2614,#245,.T.);
#2442=EDGE_CURVE('',#2975,#2770,#246,.T.);
#2443=EDGE_CURVE('',#2976,#2769,#247,.T.);
#2444=EDGE_CURVE('',#2977,#2768,#248,.T.);
#2445=EDGE_CURVE('',#2978,#2775,#249,.T.);
#2446=EDGE_CURVE('',#2979,#2774,#250,.T.);
#2447=EDGE_CURVE('',#2980,#2773,#251,.T.);
#2448=EDGE_CURVE('',#2982,#2771,#252,.T.);
#2449=EDGE_CURVE('',#2981,#2772,#253,.T.);
#2450=EDGE_CURVE('',#2967,#2762,#254,.T.);
#2451=EDGE_CURVE('',#2968,#2761,#255,.T.);
#2452=EDGE_CURVE('',#2969,#2760,#256,.T.);
#2453=EDGE_CURVE('',#2970,#2767,#257,.T.);
#2454=EDGE_CURVE('',#2971,#2766,#258,.T.);
#2455=EDGE_CURVE('',#2972,#2765,#259,.T.);
#2456=EDGE_CURVE('',#2974,#2763,#260,.T.);
#2457=EDGE_CURVE('',#2973,#2764,#261,.T.);
#2458=EDGE_CURVE('',#2959,#2754,#262,.T.);
#2459=EDGE_CURVE('',#2960,#2753,#263,.T.);
#2460=EDGE_CURVE('',#2961,#2752,#264,.T.);
#2461=EDGE_CURVE('',#2962,#2759,#265,.T.);
#2462=EDGE_CURVE('',#2963,#2758,#266,.T.);
#2463=EDGE_CURVE('',#2964,#2757,#267,.T.);
#2464=EDGE_CURVE('',#2966,#2755,#268,.T.);
#2465=EDGE_CURVE('',#2965,#2756,#269,.T.);
#2466=EDGE_CURVE('',#2951,#2746,#270,.T.);
#2467=EDGE_CURVE('',#2952,#2745,#271,.T.);
#2468=EDGE_CURVE('',#2953,#2744,#272,.T.);
#2469=EDGE_CURVE('',#2954,#2751,#273,.T.);
#2470=EDGE_CURVE('',#2955,#2750,#274,.T.);
#2471=EDGE_CURVE('',#2956,#2749,#275,.T.);
#2472=EDGE_CURVE('',#2958,#2747,#276,.T.);
#2473=EDGE_CURVE('',#2957,#2748,#277,.T.);
#2474=EDGE_CURVE('',#2943,#2738,#278,.T.);
#2475=EDGE_CURVE('',#2944,#2737,#279,.T.);
#2476=EDGE_CURVE('',#2945,#2736,#280,.T.);
#2477=EDGE_CURVE('',#2946,#2743,#281,.T.);
#2478=EDGE_CURVE('',#2947,#2742,#282,.T.);
#2479=EDGE_CURVE('',#2948,#2741,#283,.T.);
#2480=EDGE_CURVE('',#2950,#2739,#284,.T.);
#2481=EDGE_CURVE('',#2949,#2740,#285,.T.);
#2482=EDGE_CURVE('',#2935,#2730,#286,.T.);
#2483=EDGE_CURVE('',#2936,#2729,#287,.T.);
#2484=EDGE_CURVE('',#2937,#2728,#288,.T.);
#2485=EDGE_CURVE('',#2938,#2735,#289,.T.);
#2486=EDGE_CURVE('',#2939,#2734,#290,.T.);
#2487=EDGE_CURVE('',#2940,#2733,#291,.T.);
#2488=EDGE_CURVE('',#2942,#2731,#292,.T.);
#2489=EDGE_CURVE('',#2941,#2732,#293,.T.);
#2490=EDGE_CURVE('',#2927,#2722,#294,.T.);
#2491=EDGE_CURVE('',#2928,#2721,#295,.T.);
#2492=EDGE_CURVE('',#2929,#2720,#296,.T.);
#2493=EDGE_CURVE('',#2930,#2727,#297,.T.);
#2494=EDGE_CURVE('',#2931,#2726,#298,.T.);
#2495=EDGE_CURVE('',#2932,#2725,#299,.T.);
#2496=EDGE_CURVE('',#2934,#2723,#300,.T.);
#2497=EDGE_CURVE('',#2933,#2724,#301,.T.);
#2498=EDGE_CURVE('',#2919,#2714,#302,.T.);
#2499=EDGE_CURVE('',#2920,#2713,#303,.T.);
#2500=EDGE_CURVE('',#2921,#2712,#304,.T.);
#2501=EDGE_CURVE('',#2922,#2719,#305,.T.);
#2502=EDGE_CURVE('',#2923,#2718,#306,.T.);
#2503=EDGE_CURVE('',#2924,#2717,#307,.T.);
#2504=EDGE_CURVE('',#2926,#2715,#308,.T.);
#2505=EDGE_CURVE('',#2925,#2716,#309,.T.);
#2506=EDGE_CURVE('',#2911,#2706,#310,.T.);
#2507=EDGE_CURVE('',#2912,#2705,#311,.T.);
#2508=EDGE_CURVE('',#2913,#2704,#312,.T.);
#2509=EDGE_CURVE('',#2914,#2711,#313,.T.);
#2510=EDGE_CURVE('',#2915,#2710,#314,.T.);
#2511=EDGE_CURVE('',#2916,#2709,#315,.T.);
#2512=EDGE_CURVE('',#2918,#2707,#316,.T.);
#2513=EDGE_CURVE('',#2917,#2708,#317,.T.);
#2514=EDGE_CURVE('',#2903,#2698,#318,.T.);
#2515=EDGE_CURVE('',#2904,#2697,#319,.T.);
#2516=EDGE_CURVE('',#2905,#2696,#320,.T.);
#2517=EDGE_CURVE('',#2906,#2703,#321,.T.);
#2518=EDGE_CURVE('',#2907,#2702,#322,.T.);
#2519=EDGE_CURVE('',#2908,#2701,#323,.T.);
#2520=EDGE_CURVE('',#2910,#2699,#324,.T.);
#2521=EDGE_CURVE('',#2909,#2700,#325,.T.);
#2522=EDGE_CURVE('',#2895,#2690,#326,.T.);
#2523=EDGE_CURVE('',#2896,#2689,#327,.T.);
#2524=EDGE_CURVE('',#2897,#2688,#328,.T.);
#2525=EDGE_CURVE('',#2898,#2695,#329,.T.);
#2526=EDGE_CURVE('',#2899,#2694,#330,.T.);
#2527=EDGE_CURVE('',#2900,#2693,#331,.T.);
#2528=EDGE_CURVE('',#2902,#2691,#332,.T.);
#2529=EDGE_CURVE('',#2901,#2692,#333,.T.);
#2530=EDGE_CURVE('',#2887,#2682,#334,.T.);
#2531=EDGE_CURVE('',#2888,#2681,#335,.T.);
#2532=EDGE_CURVE('',#2889,#2680,#336,.T.);
#2533=EDGE_CURVE('',#2890,#2687,#337,.T.);
#2534=EDGE_CURVE('',#2891,#2686,#338,.T.);
#2535=EDGE_CURVE('',#2892,#2685,#339,.T.);
#2536=EDGE_CURVE('',#2894,#2683,#340,.T.);
#2537=EDGE_CURVE('',#2893,#2684,#341,.T.);
#2538=EDGE_CURVE('',#2879,#2674,#342,.T.);
#2539=EDGE_CURVE('',#2880,#2673,#343,.T.);
#2540=EDGE_CURVE('',#2881,#2672,#344,.T.);
#2541=EDGE_CURVE('',#2882,#2679,#345,.T.);
#2542=EDGE_CURVE('',#2883,#2678,#346,.T.);
#2543=EDGE_CURVE('',#2884,#2677,#347,.T.);
#2544=EDGE_CURVE('',#2886,#2675,#348,.T.);
#2545=EDGE_CURVE('',#2885,#2676,#349,.T.);
#2546=EDGE_CURVE('',#2871,#2666,#350,.T.);
#2547=EDGE_CURVE('',#2872,#2665,#351,.T.);
#2548=EDGE_CURVE('',#2873,#2664,#352,.T.);
#2549=EDGE_CURVE('',#2874,#2671,#353,.T.);
#2550=EDGE_CURVE('',#2875,#2670,#354,.T.);
#2551=EDGE_CURVE('',#2876,#2669,#355,.T.);
#2552=EDGE_CURVE('',#2878,#2667,#356,.T.);
#2553=EDGE_CURVE('',#2877,#2668,#357,.T.);
#2554=EDGE_CURVE('',#2863,#2658,#358,.T.);
#2555=EDGE_CURVE('',#2864,#2657,#359,.T.);
#2556=EDGE_CURVE('',#2865,#2656,#360,.T.);
#2557=EDGE_CURVE('',#2866,#2663,#361,.T.);
#2558=EDGE_CURVE('',#2867,#2662,#362,.T.);
#2559=EDGE_CURVE('',#2868,#2661,#363,.T.);
#2560=EDGE_CURVE('',#2870,#2659,#364,.T.);
#2561=EDGE_CURVE('',#2869,#2660,#365,.T.);
#2562=EDGE_CURVE('',#2855,#2650,#366,.T.);
#2563=EDGE_CURVE('',#2856,#2649,#367,.T.);
#2564=EDGE_CURVE('',#2857,#2648,#368,.T.);
#2565=EDGE_CURVE('',#2858,#2655,#369,.T.);
#2566=EDGE_CURVE('',#2859,#2654,#370,.T.);
#2567=EDGE_CURVE('',#2860,#2653,#371,.T.);
#2568=EDGE_CURVE('',#2862,#2651,#372,.T.);
#2569=EDGE_CURVE('',#2861,#2652,#373,.T.);
#2570=EDGE_CURVE('',#2847,#2642,#374,.T.);
#2571=EDGE_CURVE('',#2848,#2641,#375,.T.);
#2572=EDGE_CURVE('',#2849,#2640,#376,.T.);
#2573=EDGE_CURVE('',#2850,#2647,#377,.T.);
#2574=EDGE_CURVE('',#2851,#2646,#378,.T.);
#2575=EDGE_CURVE('',#2852,#2645,#379,.T.);
#2576=EDGE_CURVE('',#2854,#2643,#380,.T.);
#2577=EDGE_CURVE('',#2853,#2644,#381,.T.);
#2578=EDGE_CURVE('',#2839,#2634,#382,.T.);
#2579=EDGE_CURVE('',#2840,#2633,#383,.T.);
#2580=EDGE_CURVE('',#2841,#2632,#384,.T.);
#2581=EDGE_CURVE('',#2842,#2639,#385,.T.);
#2582=EDGE_CURVE('',#2843,#2638,#386,.T.);
#2583=EDGE_CURVE('',#2844,#2637,#387,.T.);
#2584=EDGE_CURVE('',#2846,#2635,#388,.T.);
#2585=EDGE_CURVE('',#2845,#2636,#389,.T.);
#2586=EDGE_CURVE('',#2831,#2626,#390,.T.);
#2587=EDGE_CURVE('',#2832,#2625,#391,.T.);
#2588=EDGE_CURVE('',#2833,#2624,#392,.T.);
#2589=EDGE_CURVE('',#2834,#2631,#393,.T.);
#2590=EDGE_CURVE('',#2835,#2630,#394,.T.);
#2591=EDGE_CURVE('',#2836,#2629,#395,.T.);
#2592=EDGE_CURVE('',#2838,#2627,#396,.T.);
#2593=EDGE_CURVE('',#2837,#2628,#397,.T.);
#2594=EDGE_CURVE('',#2823,#2618,#398,.T.);
#2595=EDGE_CURVE('',#2824,#2617,#399,.T.);
#2596=EDGE_CURVE('',#2825,#2616,#400,.T.);
#2597=EDGE_CURVE('',#2826,#2623,#401,.T.);
#2598=EDGE_CURVE('',#2827,#2622,#402,.T.);
#2599=EDGE_CURVE('',#2828,#2621,#403,.T.);
#2600=EDGE_CURVE('',#2830,#2619,#404,.T.);
#2601=EDGE_CURVE('',#2829,#2620,#405,.T.);
#2602=VERTEX_POINT('',#5469);
#2603=VERTEX_POINT('',#5471);
#2604=VERTEX_POINT('',#5472);
#2605=VERTEX_POINT('',#5474);
#2606=VERTEX_POINT('',#5476);
#2607=VERTEX_POINT('',#5480);
#2608=VERTEX_POINT('',#5482);
#2609=VERTEX_POINT('',#5483);
#2610=VERTEX_POINT('',#5485);
#2611=VERTEX_POINT('',#5487);
#2612=VERTEX_POINT('',#5489);
#2613=VERTEX_POINT('',#5491);
#2614=VERTEX_POINT('',#5493);
#2615=VERTEX_POINT('',#5495);
#2616=VERTEX_POINT('',#5499);
#2617=VERTEX_POINT('',#5500);
#2618=VERTEX_POINT('',#5502);
#2619=VERTEX_POINT('',#5504);
#2620=VERTEX_POINT('',#5506);
#2621=VERTEX_POINT('',#5508);
#2622=VERTEX_POINT('',#5510);
#2623=VERTEX_POINT('',#5512);
#2624=VERTEX_POINT('',#5515);
#2625=VERTEX_POINT('',#5516);
#2626=VERTEX_POINT('',#5518);
#2627=VERTEX_POINT('',#5520);
#2628=VERTEX_POINT('',#5522);
#2629=VERTEX_POINT('',#5524);
#2630=VERTEX_POINT('',#5526);
#2631=VERTEX_POINT('',#5528);
#2632=VERTEX_POINT('',#5531);
#2633=VERTEX_POINT('',#5532);
#2634=VERTEX_POINT('',#5534);
#2635=VERTEX_POINT('',#5536);
#2636=VERTEX_POINT('',#5538);
#2637=VERTEX_POINT('',#5540);
#2638=VERTEX_POINT('',#5542);
#2639=VERTEX_POINT('',#5544);
#2640=VERTEX_POINT('',#5547);
#2641=VERTEX_POINT('',#5548);
#2642=VERTEX_POINT('',#5550);
#2643=VERTEX_POINT('',#5552);
#2644=VERTEX_POINT('',#5554);
#2645=VERTEX_POINT('',#5556);
#2646=VERTEX_POINT('',#5558);
#2647=VERTEX_POINT('',#5560);
#2648=VERTEX_POINT('',#5563);
#2649=VERTEX_POINT('',#5564);
#2650=VERTEX_POINT('',#5566);
#2651=VERTEX_POINT('',#5568);
#2652=VERTEX_POINT('',#5570);
#2653=VERTEX_POINT('',#5572);
#2654=VERTEX_POINT('',#5574);
#2655=VERTEX_POINT('',#5576);
#2656=VERTEX_POINT('',#5579);
#2657=VERTEX_POINT('',#5580);
#2658=VERTEX_POINT('',#5582);
#2659=VERTEX_POINT('',#5584);
#2660=VERTEX_POINT('',#5586);
#2661=VERTEX_POINT('',#5588);
#2662=VERTEX_POINT('',#5590);
#2663=VERTEX_POINT('',#5592);
#2664=VERTEX_POINT('',#5595);
#2665=VERTEX_POINT('',#5596);
#2666=VERTEX_POINT('',#5598);
#2667=VERTEX_POINT('',#5600);
#2668=VERTEX_POINT('',#5602);
#2669=VERTEX_POINT('',#5604);
#2670=VERTEX_POINT('',#5606);
#2671=VERTEX_POINT('',#5608);
#2672=VERTEX_POINT('',#5611);
#2673=VERTEX_POINT('',#5612);
#2674=VERTEX_POINT('',#5614);
#2675=VERTEX_POINT('',#5616);
#2676=VERTEX_POINT('',#5618);
#2677=VERTEX_POINT('',#5620);
#2678=VERTEX_POINT('',#5622);
#2679=VERTEX_POINT('',#5624);
#2680=VERTEX_POINT('',#5627);
#2681=VERTEX_POINT('',#5628);
#2682=VERTEX_POINT('',#5630);
#2683=VERTEX_POINT('',#5632);
#2684=VERTEX_POINT('',#5634);
#2685=VERTEX_POINT('',#5636);
#2686=VERTEX_POINT('',#5638);
#2687=VERTEX_POINT('',#5640);
#2688=VERTEX_POINT('',#5643);
#2689=VERTEX_POINT('',#5644);
#2690=VERTEX_POINT('',#5646);
#2691=VERTEX_POINT('',#5648);
#2692=VERTEX_POINT('',#5650);
#2693=VERTEX_POINT('',#5652);
#2694=VERTEX_POINT('',#5654);
#2695=VERTEX_POINT('',#5656);
#2696=VERTEX_POINT('',#5659);
#2697=VERTEX_POINT('',#5660);
#2698=VERTEX_POINT('',#5662);
#2699=VERTEX_POINT('',#5664);
#2700=VERTEX_POINT('',#5666);
#2701=VERTEX_POINT('',#5668);
#2702=VERTEX_POINT('',#5670);
#2703=VERTEX_POINT('',#5672);
#2704=VERTEX_POINT('',#5675);
#2705=VERTEX_POINT('',#5676);
#2706=VERTEX_POINT('',#5678);
#2707=VERTEX_POINT('',#5680);
#2708=VERTEX_POINT('',#5682);
#2709=VERTEX_POINT('',#5684);
#2710=VERTEX_POINT('',#5686);
#2711=VERTEX_POINT('',#5688);
#2712=VERTEX_POINT('',#5691);
#2713=VERTEX_POINT('',#5692);
#2714=VERTEX_POINT('',#5694);
#2715=VERTEX_POINT('',#5696);
#2716=VERTEX_POINT('',#5698);
#2717=VERTEX_POINT('',#5700);
#2718=VERTEX_POINT('',#5702);
#2719=VERTEX_POINT('',#5704);
#2720=VERTEX_POINT('',#5707);
#2721=VERTEX_POINT('',#5708);
#2722=VERTEX_POINT('',#5710);
#2723=VERTEX_POINT('',#5712);
#2724=VERTEX_POINT('',#5714);
#2725=VERTEX_POINT('',#5716);
#2726=VERTEX_POINT('',#5718);
#2727=VERTEX_POINT('',#5720);
#2728=VERTEX_POINT('',#5723);
#2729=VERTEX_POINT('',#5724);
#2730=VERTEX_POINT('',#5726);
#2731=VERTEX_POINT('',#5728);
#2732=VERTEX_POINT('',#5730);
#2733=VERTEX_POINT('',#5732);
#2734=VERTEX_POINT('',#5734);
#2735=VERTEX_POINT('',#5736);
#2736=VERTEX_POINT('',#5739);
#2737=VERTEX_POINT('',#5740);
#2738=VERTEX_POINT('',#5742);
#2739=VERTEX_POINT('',#5744);
#2740=VERTEX_POINT('',#5746);
#2741=VERTEX_POINT('',#5748);
#2742=VERTEX_POINT('',#5750);
#2743=VERTEX_POINT('',#5752);
#2744=VERTEX_POINT('',#5755);
#2745=VERTEX_POINT('',#5756);
#2746=VERTEX_POINT('',#5758);
#2747=VERTEX_POINT('',#5760);
#2748=VERTEX_POINT('',#5762);
#2749=VERTEX_POINT('',#5764);
#2750=VERTEX_POINT('',#5766);
#2751=VERTEX_POINT('',#5768);
#2752=VERTEX_POINT('',#5771);
#2753=VERTEX_POINT('',#5772);
#2754=VERTEX_POINT('',#5774);
#2755=VERTEX_POINT('',#5776);
#2756=VERTEX_POINT('',#5778);
#2757=VERTEX_POINT('',#5780);
#2758=VERTEX_POINT('',#5782);
#2759=VERTEX_POINT('',#5784);
#2760=VERTEX_POINT('',#5787);
#2761=VERTEX_POINT('',#5788);
#2762=VERTEX_POINT('',#5790);
#2763=VERTEX_POINT('',#5792);
#2764=VERTEX_POINT('',#5794);
#2765=VERTEX_POINT('',#5796);
#2766=VERTEX_POINT('',#5798);
#2767=VERTEX_POINT('',#5800);
#2768=VERTEX_POINT('',#5803);
#2769=VERTEX_POINT('',#5804);
#2770=VERTEX_POINT('',#5806);
#2771=VERTEX_POINT('',#5808);
#2772=VERTEX_POINT('',#5810);
#2773=VERTEX_POINT('',#5812);
#2774=VERTEX_POINT('',#5814);
#2775=VERTEX_POINT('',#5816);
#2776=VERTEX_POINT('',#5819);
#2777=VERTEX_POINT('',#5821);
#2778=VERTEX_POINT('',#5822);
#2779=VERTEX_POINT('',#5824);
#2780=VERTEX_POINT('',#5826);
#2781=VERTEX_POINT('',#5828);
#2782=VERTEX_POINT('',#5830);
#2783=VERTEX_POINT('',#5832);
#2784=VERTEX_POINT('',#5834);
#2785=VERTEX_POINT('',#5838);
#2786=VERTEX_POINT('',#5839);
#2787=VERTEX_POINT('',#5841);
#2788=VERTEX_POINT('',#5843);
#2789=VERTEX_POINT('',#5856);
#2790=VERTEX_POINT('',#5857);
#2791=VERTEX_POINT('',#5864);
#2792=VERTEX_POINT('',#5865);
#2793=VERTEX_POINT('',#7089);
#2794=VERTEX_POINT('',#7222);
#2795=VERTEX_POINT('',#7223);
#2796=VERTEX_POINT('',#7368);
#2797=VERTEX_POINT('',#7369);
#2798=VERTEX_POINT('',#7373);
#2799=VERTEX_POINT('',#7374);
#2800=VERTEX_POINT('',#7376);
#2801=VERTEX_POINT('',#7378);
#2802=VERTEX_POINT('',#7382);
#2803=VERTEX_POINT('',#7383);
#2804=VERTEX_POINT('',#7385);
#2805=VERTEX_POINT('',#7387);
#2806=VERTEX_POINT('',#7398);
#2807=VERTEX_POINT('',#7399);
#2808=VERTEX_POINT('',#7401);
#2809=VERTEX_POINT('',#7405);
#2810=VERTEX_POINT('',#7409);
#2811=VERTEX_POINT('',#7413);
#2812=VERTEX_POINT('',#7415);
#2813=VERTEX_POINT('',#7419);
#2814=VERTEX_POINT('',#7420);
#2815=VERTEX_POINT('',#7423);
#2816=VERTEX_POINT('',#7427);
#2817=VERTEX_POINT('',#7439);
#2818=VERTEX_POINT('',#7446);
#2819=VERTEX_POINT('',#7454);
#2820=VERTEX_POINT('',#7456);
#2821=VERTEX_POINT('',#7460);
#2822=VERTEX_POINT('',#7464);
#2823=VERTEX_POINT('',#7476);
#2824=VERTEX_POINT('',#7477);
#2825=VERTEX_POINT('',#7479);
#2826=VERTEX_POINT('',#7481);
#2827=VERTEX_POINT('',#7483);
#2828=VERTEX_POINT('',#7485);
#2829=VERTEX_POINT('',#7487);
#2830=VERTEX_POINT('',#7489);
#2831=VERTEX_POINT('',#7492);
#2832=VERTEX_POINT('',#7493);
#2833=VERTEX_POINT('',#7495);
#2834=VERTEX_POINT('',#7497);
#2835=VERTEX_POINT('',#7499);
#2836=VERTEX_POINT('',#7501);
#2837=VERTEX_POINT('',#7503);
#2838=VERTEX_POINT('',#7505);
#2839=VERTEX_POINT('',#7508);
#2840=VERTEX_POINT('',#7509);
#2841=VERTEX_POINT('',#7511);
#2842=VERTEX_POINT('',#7513);
#2843=VERTEX_POINT('',#7515);
#2844=VERTEX_POINT('',#7517);
#2845=VERTEX_POINT('',#7519);
#2846=VERTEX_POINT('',#7521);
#2847=VERTEX_POINT('',#7524);
#2848=VERTEX_POINT('',#7525);
#2849=VERTEX_POINT('',#7527);
#2850=VERTEX_POINT('',#7529);
#2851=VERTEX_POINT('',#7531);
#2852=VERTEX_POINT('',#7533);
#2853=VERTEX_POINT('',#7535);
#2854=VERTEX_POINT('',#7537);
#2855=VERTEX_POINT('',#7540);
#2856=VERTEX_POINT('',#7541);
#2857=VERTEX_POINT('',#7543);
#2858=VERTEX_POINT('',#7545);
#2859=VERTEX_POINT('',#7547);
#2860=VERTEX_POINT('',#7549);
#2861=VERTEX_POINT('',#7551);
#2862=VERTEX_POINT('',#7553);
#2863=VERTEX_POINT('',#7556);
#2864=VERTEX_POINT('',#7557);
#2865=VERTEX_POINT('',#7559);
#2866=VERTEX_POINT('',#7561);
#2867=VERTEX_POINT('',#7563);
#2868=VERTEX_POINT('',#7565);
#2869=VERTEX_POINT('',#7567);
#2870=VERTEX_POINT('',#7569);
#2871=VERTEX_POINT('',#7572);
#2872=VERTEX_POINT('',#7573);
#2873=VERTEX_POINT('',#7575);
#2874=VERTEX_POINT('',#7577);
#2875=VERTEX_POINT('',#7579);
#2876=VERTEX_POINT('',#7581);
#2877=VERTEX_POINT('',#7583);
#2878=VERTEX_POINT('',#7585);
#2879=VERTEX_POINT('',#7588);
#2880=VERTEX_POINT('',#7589);
#2881=VERTEX_POINT('',#7591);
#2882=VERTEX_POINT('',#7593);
#2883=VERTEX_POINT('',#7595);
#2884=VERTEX_POINT('',#7597);
#2885=VERTEX_POINT('',#7599);
#2886=VERTEX_POINT('',#7601);
#2887=VERTEX_POINT('',#7604);
#2888=VERTEX_POINT('',#7605);
#2889=VERTEX_POINT('',#7607);
#2890=VERTEX_POINT('',#7609);
#2891=VERTEX_POINT('',#7611);
#2892=VERTEX_POINT('',#7613);
#2893=VERTEX_POINT('',#7615);
#2894=VERTEX_POINT('',#7617);
#2895=VERTEX_POINT('',#7620);
#2896=VERTEX_POINT('',#7621);
#2897=VERTEX_POINT('',#7623);
#2898=VERTEX_POINT('',#7625);
#2899=VERTEX_POINT('',#7627);
#2900=VERTEX_POINT('',#7629);
#2901=VERTEX_POINT('',#7631);
#2902=VERTEX_POINT('',#7633);
#2903=VERTEX_POINT('',#7636);
#2904=VERTEX_POINT('',#7637);
#2905=VERTEX_POINT('',#7639);
#2906=VERTEX_POINT('',#7641);
#2907=VERTEX_POINT('',#7643);
#2908=VERTEX_POINT('',#7645);
#2909=VERTEX_POINT('',#7647);
#2910=VERTEX_POINT('',#7649);
#2911=VERTEX_POINT('',#7652);
#2912=VERTEX_POINT('',#7653);
#2913=VERTEX_POINT('',#7655);
#2914=VERTEX_POINT('',#7657);
#2915=VERTEX_POINT('',#7659);
#2916=VERTEX_POINT('',#7661);
#2917=VERTEX_POINT('',#7663);
#2918=VERTEX_POINT('',#7665);
#2919=VERTEX_POINT('',#7668);
#2920=VERTEX_POINT('',#7669);
#2921=VERTEX_POINT('',#7671);
#2922=VERTEX_POINT('',#7673);
#2923=VERTEX_POINT('',#7675);
#2924=VERTEX_POINT('',#7677);
#2925=VERTEX_POINT('',#7679);
#2926=VERTEX_POINT('',#7681);
#2927=VERTEX_POINT('',#7684);
#2928=VERTEX_POINT('',#7685);
#2929=VERTEX_POINT('',#7687);
#2930=VERTEX_POINT('',#7689);
#2931=VERTEX_POINT('',#7691);
#2932=VERTEX_POINT('',#7693);
#2933=VERTEX_POINT('',#7695);
#2934=VERTEX_POINT('',#7697);
#2935=VERTEX_POINT('',#7700);
#2936=VERTEX_POINT('',#7701);
#2937=VERTEX_POINT('',#7703);
#2938=VERTEX_POINT('',#7705);
#2939=VERTEX_POINT('',#7707);
#2940=VERTEX_POINT('',#7709);
#2941=VERTEX_POINT('',#7711);
#2942=VERTEX_POINT('',#7713);
#2943=VERTEX_POINT('',#7716);
#2944=VERTEX_POINT('',#7717);
#2945=VERTEX_POINT('',#7719);
#2946=VERTEX_POINT('',#7721);
#2947=VERTEX_POINT('',#7723);
#2948=VERTEX_POINT('',#7725);
#2949=VERTEX_POINT('',#7727);
#2950=VERTEX_POINT('',#7729);
#2951=VERTEX_POINT('',#7732);
#2952=VERTEX_POINT('',#7733);
#2953=VERTEX_POINT('',#7735);
#2954=VERTEX_POINT('',#7737);
#2955=VERTEX_POINT('',#7739);
#2956=VERTEX_POINT('',#7741);
#2957=VERTEX_POINT('',#7743);
#2958=VERTEX_POINT('',#7745);
#2959=VERTEX_POINT('',#7748);
#2960=VERTEX_POINT('',#7749);
#2961=VERTEX_POINT('',#7751);
#2962=VERTEX_POINT('',#7753);
#2963=VERTEX_POINT('',#7755);
#2964=VERTEX_POINT('',#7757);
#2965=VERTEX_POINT('',#7759);
#2966=VERTEX_POINT('',#7761);
#2967=VERTEX_POINT('',#7764);
#2968=VERTEX_POINT('',#7765);
#2969=VERTEX_POINT('',#7767);
#2970=VERTEX_POINT('',#7769);
#2971=VERTEX_POINT('',#7771);
#2972=VERTEX_POINT('',#7773);
#2973=VERTEX_POINT('',#7775);
#2974=VERTEX_POINT('',#7777);
#2975=VERTEX_POINT('',#7780);
#2976=VERTEX_POINT('',#7781);
#2977=VERTEX_POINT('',#7783);
#2978=VERTEX_POINT('',#7785);
#2979=VERTEX_POINT('',#7787);
#2980=VERTEX_POINT('',#7789);
#2981=VERTEX_POINT('',#7791);
#2982=VERTEX_POINT('',#7793);
#2983=VERTEX_POINT('',#7796);
#2984=CIRCLE('',#3959,0.00145);
#2985=CIRCLE('',#3961,0.00145);
#2986=CIRCLE('',#3963,0.00145);
#2987=CIRCLE('',#3965,0.0028);
#2988=CIRCLE('',#3966,0.00215);
#2989=CIRCLE('',#3967,0.00215);
#2990=CIRCLE('',#3969,0.0002);
#2991=CIRCLE('',#3970,0.0002);
#2992=CIRCLE('',#3971,0.0002);
#2993=CIRCLE('',#3972,0.0002);
#2994=CIRCLE('',#3973,0.0002);
#2995=CIRCLE('',#3974,0.0002);
#2996=CIRCLE('',#3975,0.000199999999999998);
#2997=CIRCLE('',#3976,0.0002);
#2998=CIRCLE('',#3977,0.0002);
#2999=CIRCLE('',#3978,0.0002);
#3000=CIRCLE('',#3979,0.0002);
#3001=CIRCLE('',#3980,0.0002);
#3002=CIRCLE('',#3981,0.0002);
#3003=CIRCLE('',#3982,0.0002);
#3004=CIRCLE('',#3983,0.0002);
#3005=CIRCLE('',#3984,0.0002);
#3006=CIRCLE('',#3985,0.0002);
#3007=CIRCLE('',#3986,0.0002);
#3008=CIRCLE('',#3987,0.0002);
#3009=CIRCLE('',#3988,0.0002);
#3010=CIRCLE('',#3989,0.0002);
#3011=CIRCLE('',#3990,0.0002);
#3012=CIRCLE('',#3991,0.0002);
#3013=CIRCLE('',#3992,0.000200000000000003);
#3014=CIRCLE('',#3993,0.0002);
#3015=CIRCLE('',#3994,0.0002);
#3016=CIRCLE('',#3995,0.0002);
#3017=CIRCLE('',#3996,0.0002);
#3018=CIRCLE('',#3997,0.0002);
#3019=CIRCLE('',#3998,0.0002);
#3020=CIRCLE('',#3999,0.0002);
#3021=CIRCLE('',#4000,0.0002);
#3022=CIRCLE('',#4001,0.0002);
#3023=CIRCLE('',#4002,0.0002);
#3024=CIRCLE('',#4003,0.0002);
#3025=CIRCLE('',#4004,0.0002);
#3026=CIRCLE('',#4005,0.0002);
#3027=CIRCLE('',#4006,0.0002);
#3028=CIRCLE('',#4007,0.0002);
#3029=CIRCLE('',#4008,0.0002);
#3030=CIRCLE('',#4009,0.0002);
#3031=CIRCLE('',#4010,0.0002);
#3032=CIRCLE('',#4011,0.000199999999999997);
#3033=CIRCLE('',#4012,0.0002);
#3034=CIRCLE('',#4013,0.0002);
#3035=CIRCLE('',#4014,0.0002);
#3036=CIRCLE('',#4015,0.000199999999999998);
#3037=CIRCLE('',#4016,0.0002);
#3038=CIRCLE('',#4017,0.0002);
#3039=CIRCLE('',#4018,0.0002);
#3040=CIRCLE('',#4019,0.0002);
#3041=CIRCLE('',#4020,0.0002);
#3042=CIRCLE('',#4021,0.0002);
#3043=CIRCLE('',#4022,0.0002);
#3044=CIRCLE('',#4023,0.0002);
#3045=CIRCLE('',#4024,0.0002);
#3046=CIRCLE('',#4025,0.0002);
#3047=CIRCLE('',#4026,0.0002);
#3048=CIRCLE('',#4027,0.0002);
#3049=CIRCLE('',#4028,0.0002);
#3050=CIRCLE('',#4029,0.0002);
#3051=CIRCLE('',#4030,0.0002);
#3052=CIRCLE('',#4031,0.0002);
#3053=CIRCLE('',#4032,0.0002);
#3054=CIRCLE('',#4033,0.0002);
#3055=CIRCLE('',#4034,0.0002);
#3056=CIRCLE('',#4035,0.000199999999999997);
#3057=CIRCLE('',#4036,0.0002);
#3058=CIRCLE('',#4037,0.0002);
#3059=CIRCLE('',#4038,0.0002);
#3060=CIRCLE('',#4039,0.000199999999999998);
#3061=CIRCLE('',#4040,0.0002);
#3062=CIRCLE('',#4041,0.0002);
#3063=CIRCLE('',#4042,0.0002);
#3064=CIRCLE('',#4043,0.0002);
#3065=CIRCLE('',#4044,0.0002);
#3066=CIRCLE('',#4045,0.0002);
#3067=CIRCLE('',#4046,0.0002);
#3068=CIRCLE('',#4047,0.000199999999999997);
#3069=CIRCLE('',#4048,0.000200000000000003);
#3070=CIRCLE('',#4049,0.014);
#3071=CIRCLE('',#4050,0.00215);
#3072=CIRCLE('',#4051,0.00215);
#3073=CIRCLE('',#4053,0.00367418847672234);
#3074=CIRCLE('',#4054,0.00367418847672234);
#3075=CIRCLE('',#4056,0.00367418847672234);
#3076=CIRCLE('',#4058,0.00377418847672234);
#3077=CIRCLE('',#4059,0.00367418847672234);
#3078=CIRCLE('',#4061,0.00145);
#3079=CIRCLE('',#4062,0.00145);
#3080=CIRCLE('',#4064,0.008);
#3081=CIRCLE('',#4065,0.008);
#3082=CIRCLE('',#4084,0.0002);
#3083=CIRCLE('',#4085,0.0002);
#3084=CIRCLE('',#4086,0.0002);
#3085=CIRCLE('',#4087,0.0002);
#3086=CIRCLE('',#4088,0.0002);
#3087=CIRCLE('',#4089,0.0002);
#3088=CIRCLE('',#4090,0.000199999999999998);
#3089=CIRCLE('',#4091,0.0002);
#3090=CIRCLE('',#4092,0.0002);
#3091=CIRCLE('',#4093,0.0002);
#3092=CIRCLE('',#4094,0.0002);
#3093=CIRCLE('',#4095,0.0002);
#3094=CIRCLE('',#4096,0.0002);
#3095=CIRCLE('',#4097,0.0002);
#3096=CIRCLE('',#4098,0.0002);
#3097=CIRCLE('',#4099,0.0002);
#3098=CIRCLE('',#4100,0.0002);
#3099=CIRCLE('',#4101,0.0002);
#3100=CIRCLE('',#4102,0.0002);
#3101=CIRCLE('',#4103,0.0002);
#3102=CIRCLE('',#4104,0.0002);
#3103=CIRCLE('',#4105,0.000200000000000003);
#3104=CIRCLE('',#4106,0.0002);
#3105=CIRCLE('',#4107,0.0002);
#3106=CIRCLE('',#4108,0.0002);
#3107=CIRCLE('',#4109,0.0002);
#3108=CIRCLE('',#4110,0.0002);
#3109=CIRCLE('',#4111,0.0002);
#3110=CIRCLE('',#4112,0.0002);
#3111=CIRCLE('',#4113,0.0002);
#3112=CIRCLE('',#4114,0.0002);
#3113=CIRCLE('',#4115,0.0002);
#3114=CIRCLE('',#4116,0.0002);
#3115=CIRCLE('',#4117,0.0002);
#3116=CIRCLE('',#4118,0.0002);
#3117=CIRCLE('',#4119,0.0002);
#3118=CIRCLE('',#4120,0.0002);
#3119=CIRCLE('',#4121,0.0002);
#3120=CIRCLE('',#4122,0.0002);
#3121=CIRCLE('',#4123,0.0002);
#3122=CIRCLE('',#4124,0.0002);
#3123=CIRCLE('',#4125,0.0002);
#3124=CIRCLE('',#4126,0.000199999999999997);
#3125=CIRCLE('',#4127,0.0002);
#3126=CIRCLE('',#4128,0.0002);
#3127=CIRCLE('',#4129,0.0002);
#3128=CIRCLE('',#4130,0.000199999999999998);
#3129=CIRCLE('',#4131,0.0002);
#3130=CIRCLE('',#4132,0.0002);
#3131=CIRCLE('',#4133,0.0002);
#3132=CIRCLE('',#4134,0.0002);
#3133=CIRCLE('',#4135,0.0002);
#3134=CIRCLE('',#4136,0.0002);
#3135=CIRCLE('',#4137,0.0002);
#3136=CIRCLE('',#4138,0.0002);
#3137=CIRCLE('',#4139,0.0002);
#3138=CIRCLE('',#4140,0.0002);
#3139=CIRCLE('',#4141,0.0002);
#3140=CIRCLE('',#4142,0.0002);
#3141=CIRCLE('',#4143,0.0002);
#3142=CIRCLE('',#4144,0.0002);
#3143=CIRCLE('',#4145,0.0002);
#3144=CIRCLE('',#4146,0.0002);
#3145=CIRCLE('',#4147,0.0002);
#3146=CIRCLE('',#4148,0.0002);
#3147=CIRCLE('',#4149,0.0002);
#3148=CIRCLE('',#4150,0.000199999999999997);
#3149=CIRCLE('',#4151,0.0002);
#3150=CIRCLE('',#4152,0.0002);
#3151=CIRCLE('',#4153,0.0002);
#3152=CIRCLE('',#4154,0.000199999999999998);
#3153=CIRCLE('',#4155,0.0002);
#3154=CIRCLE('',#4156,0.0002);
#3155=CIRCLE('',#4157,0.0002);
#3156=CIRCLE('',#4158,0.0002);
#3157=CIRCLE('',#4159,0.0002);
#3158=CIRCLE('',#4160,0.0002);
#3159=CIRCLE('',#4161,0.000200000000000003);
#3160=CIRCLE('',#4162,0.000199999999999997);
#3161=CIRCLE('',#4163,0.0002);
#3162=CIRCLE('',#4164,0.014);
#3163=EDGE_LOOP('',(#889));
#3164=EDGE_LOOP('',(#890,#891,#892,#893));
#3165=EDGE_LOOP('',(#894));
#3166=EDGE_LOOP('',(#895,#896,#897,#898,#899,#900,#901,#902));
#3167=EDGE_LOOP('',(#903,#904,#905,#906,#907,#908,#909,#910));
#3168=EDGE_LOOP('',(#911,#912,#913,#914,#915,#916,#917,#918));
#3169=EDGE_LOOP('',(#919,#920,#921,#922,#923,#924,#925,#926));
#3170=EDGE_LOOP('',(#927,#928,#929,#930,#931,#932,#933,#934));
#3171=EDGE_LOOP('',(#935,#936,#937,#938,#939,#940,#941,#942));
#3172=EDGE_LOOP('',(#943,#944,#945,#946,#947,#948,#949,#950));
#3173=EDGE_LOOP('',(#951,#952,#953,#954,#955,#956,#957,#958));
#3174=EDGE_LOOP('',(#959,#960,#961,#962,#963,#964,#965,#966));
#3175=EDGE_LOOP('',(#967,#968,#969,#970,#971,#972,#973,#974));
#3176=EDGE_LOOP('',(#975,#976,#977,#978,#979,#980,#981,#982));
#3177=EDGE_LOOP('',(#983,#984,#985,#986,#987,#988,#989,#990));
#3178=EDGE_LOOP('',(#991,#992,#993,#994,#995,#996,#997,#998));
#3179=EDGE_LOOP('',(#999,#1000,#1001,#1002,#1003,#1004,#1005,#1006));
#3180=EDGE_LOOP('',(#1007,#1008,#1009,#1010,#1011,#1012,#1013,#1014));
#3181=EDGE_LOOP('',(#1015,#1016,#1017,#1018,#1019,#1020,#1021,#1022));
#3182=EDGE_LOOP('',(#1023,#1024,#1025,#1026,#1027,#1028,#1029,#1030));
#3183=EDGE_LOOP('',(#1031,#1032,#1033,#1034,#1035,#1036,#1037,#1038));
#3184=EDGE_LOOP('',(#1039,#1040,#1041,#1042,#1043,#1044,#1045,#1046));
#3185=EDGE_LOOP('',(#1047,#1048,#1049,#1050,#1051,#1052,#1053,#1054));
#3186=EDGE_LOOP('',(#1055,#1056,#1057,#1058,#1059,#1060,#1061,#1062));
#3187=EDGE_LOOP('',(#1063));
#3188=EDGE_LOOP('',(#1064,#1065,#1066,#1067,#1068,#1069,#1070,#1071));
#3189=EDGE_LOOP('',(#1072,#1073,#1074,#1075));
#3190=EDGE_LOOP('',(#1076));
#3191=EDGE_LOOP('',(#1077,#1078,#1079,#1080));
#3192=EDGE_LOOP('',(#1081,#1082));
#3193=EDGE_LOOP('',(#1083,#1084));
#3194=EDGE_LOOP('',(#1085));
#3195=EDGE_LOOP('',(#1086,#1087));
#3196=EDGE_LOOP('',(#1088,#1089));
#3197=EDGE_LOOP('',(#1090,#1091));
#3198=EDGE_LOOP('',(#1092));
#3199=EDGE_LOOP('',(#1093,#1094,#1095,#1096));
#3200=EDGE_LOOP('',(#1097,#1098,#1099,#1100));
#3201=EDGE_LOOP('',(#1101,#1102,#1103,#1104));
#3202=EDGE_LOOP('',(#1105,#1106,#1107,#1108,#1109));
#3203=EDGE_LOOP('',(#1110,#1111,#1112,#1113));
#3204=EDGE_LOOP('',(#1114,#1115,#1116,#1117,#1118));
#3205=EDGE_LOOP('',(#1119,#1120,#1121,#1122,#1123));
#3206=EDGE_LOOP('',(#1124,#1125,#1126,#1127));
#3207=EDGE_LOOP('',(#1128,#1129,#1130,#1131));
#3208=EDGE_LOOP('',(#1132,#1133,#1134,#1135,#1136,#1137,#1138));
#3209=EDGE_LOOP('',(#1139,#1140,#1141,#1142));
#3210=EDGE_LOOP('',(#1143,#1144,#1145,#1146,#1147,#1148));
#3211=EDGE_LOOP('',(#1149));
#3212=EDGE_LOOP('',(#1150,#1151,#1152,#1153,#1154,#1155,#1156,#1157));
#3213=EDGE_LOOP('',(#1158,#1159,#1160,#1161,#1162,#1163,#1164,#1165));
#3214=EDGE_LOOP('',(#1166,#1167,#1168,#1169));
#3215=EDGE_LOOP('',(#1170,#1171,#1172,#1173));
#3216=EDGE_LOOP('',(#1174,#1175,#1176,#1177));
#3217=EDGE_LOOP('',(#1178,#1179));
#3218=EDGE_LOOP('',(#1180,#1181,#1182,#1183));
#3219=EDGE_LOOP('',(#1184,#1185,#1186,#1187,#1188,#1189,#1190,#1191));
#3220=EDGE_LOOP('',(#1192,#1193,#1194,#1195,#1196,#1197,#1198,#1199));
#3221=EDGE_LOOP('',(#1200,#1201,#1202,#1203,#1204,#1205,#1206,#1207));
#3222=EDGE_LOOP('',(#1208,#1209,#1210,#1211,#1212,#1213,#1214,#1215));
#3223=EDGE_LOOP('',(#1216,#1217,#1218,#1219,#1220,#1221,#1222,#1223));
#3224=EDGE_LOOP('',(#1224,#1225,#1226,#1227,#1228,#1229,#1230,#1231));
#3225=EDGE_LOOP('',(#1232,#1233,#1234,#1235,#1236,#1237,#1238,#1239));
#3226=EDGE_LOOP('',(#1240,#1241,#1242,#1243,#1244,#1245,#1246,#1247));
#3227=EDGE_LOOP('',(#1248,#1249,#1250,#1251,#1252,#1253,#1254,#1255));
#3228=EDGE_LOOP('',(#1256,#1257,#1258,#1259,#1260,#1261,#1262,#1263));
#3229=EDGE_LOOP('',(#1264,#1265,#1266,#1267,#1268,#1269,#1270,#1271));
#3230=EDGE_LOOP('',(#1272,#1273,#1274,#1275,#1276,#1277,#1278,#1279));
#3231=EDGE_LOOP('',(#1280,#1281,#1282,#1283,#1284,#1285,#1286,#1287));
#3232=EDGE_LOOP('',(#1288,#1289,#1290,#1291,#1292,#1293,#1294,#1295));
#3233=EDGE_LOOP('',(#1296,#1297,#1298,#1299,#1300,#1301,#1302,#1303));
#3234=EDGE_LOOP('',(#1304,#1305,#1306,#1307,#1308,#1309,#1310,#1311));
#3235=EDGE_LOOP('',(#1312,#1313,#1314,#1315,#1316,#1317,#1318,#1319));
#3236=EDGE_LOOP('',(#1320,#1321,#1322,#1323,#1324,#1325,#1326,#1327));
#3237=EDGE_LOOP('',(#1328,#1329,#1330,#1331,#1332,#1333,#1334,#1335));
#3238=EDGE_LOOP('',(#1336,#1337,#1338,#1339,#1340,#1341,#1342,#1343));
#3239=EDGE_LOOP('',(#1344));
#3240=EDGE_LOOP('',(#1345,#1346,#1347,#1348));
#3241=EDGE_LOOP('',(#1349));
#3242=EDGE_LOOP('',(#1350));
#3243=EDGE_LOOP('',(#1351,#1352,#1353,#1354,#1355,#1356));
#3244=EDGE_LOOP('',(#1357,#1358,#1359,#1360));
#3245=EDGE_LOOP('',(#1361,#1362,#1363,#1364));
#3246=EDGE_LOOP('',(#1365,#1366,#1367,#1368,#1369,#1370));
#3247=EDGE_LOOP('',(#1371,#1372,#1373,#1374));
#3248=EDGE_LOOP('',(#1375,#1376,#1377,#1378));
#3249=EDGE_LOOP('',(#1379,#1380,#1381,#1382));
#3250=EDGE_LOOP('',(#1383,#1384,#1385,#1386));
#3251=EDGE_LOOP('',(#1387,#1388,#1389,#1390));
#3252=EDGE_LOOP('',(#1391,#1392,#1393,#1394));
#3253=EDGE_LOOP('',(#1395,#1396,#1397,#1398));
#3254=EDGE_LOOP('',(#1399,#1400,#1401,#1402));
#3255=EDGE_LOOP('',(#1403,#1404,#1405,#1406));
#3256=EDGE_LOOP('',(#1407,#1408,#1409,#1410));
#3257=EDGE_LOOP('',(#1411,#1412,#1413,#1414));
#3258=EDGE_LOOP('',(#1415,#1416,#1417,#1418));
#3259=EDGE_LOOP('',(#1419,#1420,#1421,#1422));
#3260=EDGE_LOOP('',(#1423,#1424,#1425,#1426));
#3261=EDGE_LOOP('',(#1427,#1428,#1429,#1430));
#3262=EDGE_LOOP('',(#1431,#1432,#1433,#1434));
#3263=EDGE_LOOP('',(#1435,#1436,#1437,#1438));
#3264=EDGE_LOOP('',(#1439,#1440,#1441,#1442));
#3265=EDGE_LOOP('',(#1443,#1444,#1445,#1446));
#3266=EDGE_LOOP('',(#1447,#1448,#1449,#1450));
#3267=EDGE_LOOP('',(#1451,#1452,#1453,#1454));
#3268=EDGE_LOOP('',(#1455,#1456,#1457,#1458));
#3269=EDGE_LOOP('',(#1459,#1460,#1461,#1462));
#3270=EDGE_LOOP('',(#1463,#1464,#1465,#1466));
#3271=EDGE_LOOP('',(#1467,#1468,#1469,#1470));
#3272=EDGE_LOOP('',(#1471,#1472,#1473,#1474));
#3273=EDGE_LOOP('',(#1475,#1476,#1477,#1478));
#3274=EDGE_LOOP('',(#1479,#1480,#1481,#1482));
#3275=EDGE_LOOP('',(#1483,#1484,#1485,#1486));
#3276=EDGE_LOOP('',(#1487,#1488,#1489,#1490));
#3277=EDGE_LOOP('',(#1491,#1492,#1493,#1494));
#3278=EDGE_LOOP('',(#1495,#1496,#1497,#1498));
#3279=EDGE_LOOP('',(#1499,#1500,#1501,#1502));
#3280=EDGE_LOOP('',(#1503,#1504,#1505,#1506));
#3281=EDGE_LOOP('',(#1507,#1508,#1509,#1510));
#3282=EDGE_LOOP('',(#1511,#1512,#1513,#1514));
#3283=EDGE_LOOP('',(#1515,#1516,#1517,#1518));
#3284=EDGE_LOOP('',(#1519,#1520,#1521,#1522));
#3285=EDGE_LOOP('',(#1523,#1524,#1525,#1526));
#3286=EDGE_LOOP('',(#1527,#1528,#1529,#1530));
#3287=EDGE_LOOP('',(#1531,#1532,#1533,#1534));
#3288=EDGE_LOOP('',(#1535,#1536,#1537,#1538));
#3289=EDGE_LOOP('',(#1539,#1540,#1541,#1542));
#3290=EDGE_LOOP('',(#1543,#1544,#1545,#1546));
#3291=EDGE_LOOP('',(#1547,#1548,#1549,#1550));
#3292=EDGE_LOOP('',(#1551,#1552,#1553,#1554));
#3293=EDGE_LOOP('',(#1555,#1556,#1557,#1558));
#3294=EDGE_LOOP('',(#1559,#1560,#1561,#1562));
#3295=EDGE_LOOP('',(#1563,#1564,#1565,#1566));
#3296=EDGE_LOOP('',(#1567,#1568,#1569,#1570));
#3297=EDGE_LOOP('',(#1571,#1572,#1573,#1574));
#3298=EDGE_LOOP('',(#1575,#1576,#1577,#1578));
#3299=EDGE_LOOP('',(#1579,#1580,#1581,#1582));
#3300=EDGE_LOOP('',(#1583,#1584,#1585,#1586));
#3301=EDGE_LOOP('',(#1587,#1588,#1589,#1590));
#3302=EDGE_LOOP('',(#1591,#1592,#1593,#1594));
#3303=EDGE_LOOP('',(#1595,#1596,#1597,#1598));
#3304=EDGE_LOOP('',(#1599,#1600,#1601,#1602));
#3305=EDGE_LOOP('',(#1603,#1604,#1605,#1606));
#3306=EDGE_LOOP('',(#1607,#1608,#1609,#1610));
#3307=EDGE_LOOP('',(#1611,#1612,#1613,#1614));
#3308=EDGE_LOOP('',(#1615,#1616,#1617,#1618));
#3309=EDGE_LOOP('',(#1619,#1620,#1621,#1622));
#3310=EDGE_LOOP('',(#1623,#1624,#1625,#1626));
#3311=EDGE_LOOP('',(#1627,#1628,#1629,#1630));
#3312=EDGE_LOOP('',(#1631,#1632,#1633,#1634));
#3313=EDGE_LOOP('',(#1635,#1636,#1637,#1638));
#3314=EDGE_LOOP('',(#1639,#1640,#1641,#1642));
#3315=EDGE_LOOP('',(#1643,#1644,#1645,#1646));
#3316=EDGE_LOOP('',(#1647,#1648,#1649,#1650));
#3317=EDGE_LOOP('',(#1651,#1652,#1653,#1654));
#3318=EDGE_LOOP('',(#1655,#1656,#1657,#1658));
#3319=EDGE_LOOP('',(#1659,#1660,#1661,#1662));
#3320=EDGE_LOOP('',(#1663,#1664,#1665,#1666));
#3321=EDGE_LOOP('',(#1667,#1668,#1669,#1670));
#3322=EDGE_LOOP('',(#1671,#1672,#1673,#1674));
#3323=EDGE_LOOP('',(#1675,#1676,#1677,#1678));
#3324=EDGE_LOOP('',(#1679,#1680,#1681,#1682));
#3325=EDGE_LOOP('',(#1683,#1684,#1685,#1686));
#3326=EDGE_LOOP('',(#1687,#1688,#1689,#1690));
#3327=EDGE_LOOP('',(#1691,#1692,#1693,#1694));
#3328=EDGE_LOOP('',(#1695,#1696,#1697,#1698));
#3329=EDGE_LOOP('',(#1699,#1700,#1701,#1702));
#3330=EDGE_LOOP('',(#1703,#1704,#1705,#1706));
#3331=EDGE_LOOP('',(#1707,#1708,#1709,#1710));
#3332=EDGE_LOOP('',(#1711,#1712,#1713,#1714));
#3333=EDGE_LOOP('',(#1715,#1716,#1717,#1718));
#3334=EDGE_LOOP('',(#1719,#1720,#1721,#1722));
#3335=EDGE_LOOP('',(#1723,#1724,#1725,#1726));
#3336=EDGE_LOOP('',(#1727,#1728,#1729,#1730));
#3337=EDGE_LOOP('',(#1731,#1732,#1733,#1734));
#3338=EDGE_LOOP('',(#1735,#1736,#1737,#1738));
#3339=EDGE_LOOP('',(#1739,#1740,#1741,#1742));
#3340=EDGE_LOOP('',(#1743,#1744,#1745,#1746));
#3341=EDGE_LOOP('',(#1747,#1748,#1749,#1750));
#3342=EDGE_LOOP('',(#1751,#1752,#1753,#1754));
#3343=EDGE_LOOP('',(#1755,#1756,#1757,#1758));
#3344=EDGE_LOOP('',(#1759,#1760,#1761,#1762));
#3345=EDGE_LOOP('',(#1763,#1764,#1765,#1766));
#3346=EDGE_LOOP('',(#1767,#1768,#1769,#1770));
#3347=EDGE_LOOP('',(#1771,#1772,#1773,#1774));
#3348=EDGE_LOOP('',(#1775,#1776,#1777,#1778));
#3349=EDGE_LOOP('',(#1779,#1780,#1781,#1782));
#3350=EDGE_LOOP('',(#1783,#1784,#1785,#1786));
#3351=EDGE_LOOP('',(#1787,#1788,#1789,#1790));
#3352=EDGE_LOOP('',(#1791,#1792,#1793,#1794));
#3353=EDGE_LOOP('',(#1795,#1796,#1797,#1798));
#3354=EDGE_LOOP('',(#1799,#1800,#1801,#1802));
#3355=EDGE_LOOP('',(#1803,#1804,#1805,#1806));
#3356=EDGE_LOOP('',(#1807,#1808,#1809,#1810));
#3357=EDGE_LOOP('',(#1811,#1812,#1813,#1814));
#3358=EDGE_LOOP('',(#1815,#1816,#1817,#1818));
#3359=EDGE_LOOP('',(#1819,#1820,#1821,#1822));
#3360=EDGE_LOOP('',(#1823,#1824,#1825,#1826));
#3361=EDGE_LOOP('',(#1827,#1828,#1829,#1830));
#3362=EDGE_LOOP('',(#1831,#1832,#1833,#1834));
#3363=EDGE_LOOP('',(#1835,#1836,#1837,#1838));
#3364=EDGE_LOOP('',(#1839,#1840,#1841,#1842));
#3365=EDGE_LOOP('',(#1843,#1844,#1845,#1846));
#3366=EDGE_LOOP('',(#1847,#1848,#1849,#1850));
#3367=EDGE_LOOP('',(#1851,#1852,#1853,#1854));
#3368=EDGE_LOOP('',(#1855,#1856,#1857,#1858));
#3369=EDGE_LOOP('',(#1859,#1860,#1861,#1862));
#3370=EDGE_LOOP('',(#1863,#1864,#1865,#1866));
#3371=EDGE_LOOP('',(#1867,#1868,#1869,#1870));
#3372=EDGE_LOOP('',(#1871,#1872,#1873,#1874));
#3373=EDGE_LOOP('',(#1875,#1876,#1877,#1878));
#3374=EDGE_LOOP('',(#1879,#1880,#1881,#1882));
#3375=EDGE_LOOP('',(#1883,#1884,#1885,#1886));
#3376=EDGE_LOOP('',(#1887,#1888,#1889,#1890));
#3377=EDGE_LOOP('',(#1891,#1892,#1893,#1894));
#3378=EDGE_LOOP('',(#1895,#1896,#1897,#1898));
#3379=EDGE_LOOP('',(#1899,#1900,#1901,#1902));
#3380=EDGE_LOOP('',(#1903,#1904,#1905,#1906));
#3381=EDGE_LOOP('',(#1907,#1908,#1909,#1910));
#3382=EDGE_LOOP('',(#1911,#1912,#1913,#1914));
#3383=EDGE_LOOP('',(#1915,#1916,#1917,#1918));
#3384=EDGE_LOOP('',(#1919,#1920,#1921,#1922));
#3385=EDGE_LOOP('',(#1923,#1924,#1925,#1926));
#3386=EDGE_LOOP('',(#1927,#1928,#1929,#1930));
#3387=EDGE_LOOP('',(#1931,#1932,#1933,#1934));
#3388=EDGE_LOOP('',(#1935,#1936,#1937,#1938));
#3389=EDGE_LOOP('',(#1939,#1940,#1941,#1942));
#3390=EDGE_LOOP('',(#1943,#1944,#1945,#1946));
#3391=EDGE_LOOP('',(#1947,#1948,#1949,#1950));
#3392=EDGE_LOOP('',(#1951,#1952,#1953,#1954));
#3393=EDGE_LOOP('',(#1955,#1956,#1957,#1958));
#3394=EDGE_LOOP('',(#1959,#1960,#1961,#1962));
#3395=EDGE_LOOP('',(#1963,#1964,#1965,#1966));
#3396=EDGE_LOOP('',(#1967,#1968,#1969,#1970));
#3397=EDGE_LOOP('',(#1971,#1972,#1973,#1974));
#3398=EDGE_LOOP('',(#1975,#1976,#1977,#1978));
#3399=EDGE_LOOP('',(#1979,#1980,#1981,#1982));
#3400=EDGE_LOOP('',(#1983,#1984,#1985,#1986));
#3401=EDGE_LOOP('',(#1987,#1988,#1989,#1990));
#3402=EDGE_LOOP('',(#1991,#1992,#1993,#1994));
#3403=EDGE_LOOP('',(#1995,#1996,#1997,#1998));
#3404=EDGE_LOOP('',(#1999,#2000,#2001,#2002));
#3405=EDGE_LOOP('',(#2003,#2004,#2005,#2006));
#3406=EDGE_LOOP('',(#2007,#2008,#2009,#2010));
#3407=EDGE_LOOP('',(#2011,#2012,#2013,#2014));
#3408=EDGE_LOOP('',(#2015,#2016,#2017,#2018));
#3409=EDGE_LOOP('',(#2019,#2020,#2021,#2022));
#3410=EDGE_LOOP('',(#2023,#2024,#2025,#2026));
#3411=EDGE_LOOP('',(#2027,#2028,#2029,#2030));
#3412=FACE_BOUND('',#3163,.T.);
#3413=FACE_BOUND('',#3164,.T.);
#3414=FACE_BOUND('',#3165,.T.);
#3415=FACE_BOUND('',#3166,.T.);
#3416=FACE_BOUND('',#3167,.T.);
#3417=FACE_BOUND('',#3168,.T.);
#3418=FACE_BOUND('',#3169,.T.);
#3419=FACE_BOUND('',#3170,.T.);
#3420=FACE_BOUND('',#3171,.T.);
#3421=FACE_BOUND('',#3172,.T.);
#3422=FACE_BOUND('',#3173,.T.);
#3423=FACE_BOUND('',#3174,.T.);
#3424=FACE_BOUND('',#3175,.T.);
#3425=FACE_BOUND('',#3176,.T.);
#3426=FACE_BOUND('',#3177,.T.);
#3427=FACE_BOUND('',#3178,.T.);
#3428=FACE_BOUND('',#3179,.T.);
#3429=FACE_BOUND('',#3180,.T.);
#3430=FACE_BOUND('',#3181,.T.);
#3431=FACE_BOUND('',#3182,.T.);
#3432=FACE_BOUND('',#3183,.T.);
#3433=FACE_BOUND('',#3184,.T.);
#3434=FACE_BOUND('',#3185,.T.);
#3435=FACE_BOUND('',#3186,.T.);
#3436=FACE_BOUND('',#3187,.T.);
#3437=FACE_BOUND('',#3188,.T.);
#3438=FACE_BOUND('',#3189,.T.);
#3439=FACE_BOUND('',#3190,.T.);
#3440=FACE_BOUND('',#3191,.T.);
#3441=FACE_BOUND('',#3192,.T.);
#3442=FACE_BOUND('',#3193,.T.);
#3443=FACE_BOUND('',#3194,.T.);
#3444=FACE_BOUND('',#3195,.T.);
#3445=FACE_BOUND('',#3196,.T.);
#3446=FACE_BOUND('',#3197,.T.);
#3447=FACE_BOUND('',#3198,.T.);
#3448=FACE_BOUND('',#3199,.T.);
#3449=FACE_BOUND('',#3200,.T.);
#3450=FACE_BOUND('',#3201,.T.);
#3451=FACE_BOUND('',#3202,.T.);
#3452=FACE_BOUND('',#3203,.T.);
#3453=FACE_BOUND('',#3204,.T.);
#3454=FACE_BOUND('',#3205,.T.);
#3455=FACE_BOUND('',#3206,.T.);
#3456=FACE_BOUND('',#3207,.T.);
#3457=FACE_BOUND('',#3208,.T.);
#3458=FACE_BOUND('',#3209,.T.);
#3459=FACE_BOUND('',#3210,.T.);
#3460=FACE_BOUND('',#3211,.T.);
#3461=FACE_BOUND('',#3212,.T.);
#3462=FACE_BOUND('',#3213,.T.);
#3463=FACE_BOUND('',#3214,.T.);
#3464=FACE_BOUND('',#3215,.T.);
#3465=FACE_BOUND('',#3216,.T.);
#3466=FACE_BOUND('',#3217,.T.);
#3467=FACE_BOUND('',#3218,.T.);
#3468=FACE_BOUND('',#3219,.T.);
#3469=FACE_BOUND('',#3220,.T.);
#3470=FACE_BOUND('',#3221,.T.);
#3471=FACE_BOUND('',#3222,.T.);
#3472=FACE_BOUND('',#3223,.T.);
#3473=FACE_BOUND('',#3224,.T.);
#3474=FACE_BOUND('',#3225,.T.);
#3475=FACE_BOUND('',#3226,.T.);
#3476=FACE_BOUND('',#3227,.T.);
#3477=FACE_BOUND('',#3228,.T.);
#3478=FACE_BOUND('',#3229,.T.);
#3479=FACE_BOUND('',#3230,.T.);
#3480=FACE_BOUND('',#3231,.T.);
#3481=FACE_BOUND('',#3232,.T.);
#3482=FACE_BOUND('',#3233,.T.);
#3483=FACE_BOUND('',#3234,.T.);
#3484=FACE_BOUND('',#3235,.T.);
#3485=FACE_BOUND('',#3236,.T.);
#3486=FACE_BOUND('',#3237,.T.);
#3487=FACE_BOUND('',#3238,.T.);
#3488=FACE_BOUND('',#3239,.T.);
#3489=FACE_BOUND('',#3240,.T.);
#3490=FACE_BOUND('',#3241,.T.);
#3491=FACE_BOUND('',#3242,.T.);
#3492=FACE_BOUND('',#3243,.T.);
#3493=FACE_BOUND('',#3244,.T.);
#3494=FACE_BOUND('',#3245,.T.);
#3495=FACE_BOUND('',#3246,.T.);
#3496=FACE_BOUND('',#3247,.T.);
#3497=FACE_BOUND('',#3248,.T.);
#3498=FACE_BOUND('',#3249,.T.);
#3499=FACE_BOUND('',#3250,.T.);
#3500=FACE_BOUND('',#3251,.T.);
#3501=FACE_BOUND('',#3252,.T.);
#3502=FACE_BOUND('',#3253,.T.);
#3503=FACE_BOUND('',#3254,.T.);
#3504=FACE_BOUND('',#3255,.T.);
#3505=FACE_BOUND('',#3256,.T.);
#3506=FACE_BOUND('',#3257,.T.);
#3507=FACE_BOUND('',#3258,.T.);
#3508=FACE_BOUND('',#3259,.T.);
#3509=FACE_BOUND('',#3260,.T.);
#3510=FACE_BOUND('',#3261,.T.);
#3511=FACE_BOUND('',#3262,.T.);
#3512=FACE_BOUND('',#3263,.T.);
#3513=FACE_BOUND('',#3264,.T.);
#3514=FACE_BOUND('',#3265,.T.);
#3515=FACE_BOUND('',#3266,.T.);
#3516=FACE_BOUND('',#3267,.T.);
#3517=FACE_BOUND('',#3268,.T.);
#3518=FACE_BOUND('',#3269,.T.);
#3519=FACE_BOUND('',#3270,.T.);
#3520=FACE_BOUND('',#3271,.T.);
#3521=FACE_BOUND('',#3272,.T.);
#3522=FACE_BOUND('',#3273,.T.);
#3523=FACE_BOUND('',#3274,.T.);
#3524=FACE_BOUND('',#3275,.T.);
#3525=FACE_BOUND('',#3276,.T.);
#3526=FACE_BOUND('',#3277,.T.);
#3527=FACE_BOUND('',#3278,.T.);
#3528=FACE_BOUND('',#3279,.T.);
#3529=FACE_BOUND('',#3280,.T.);
#3530=FACE_BOUND('',#3281,.T.);
#3531=FACE_BOUND('',#3282,.T.);
#3532=FACE_BOUND('',#3283,.T.);
#3533=FACE_BOUND('',#3284,.T.);
#3534=FACE_BOUND('',#3285,.T.);
#3535=FACE_BOUND('',#3286,.T.);
#3536=FACE_BOUND('',#3287,.T.);
#3537=FACE_BOUND('',#3288,.T.);
#3538=FACE_BOUND('',#3289,.T.);
#3539=FACE_BOUND('',#3290,.T.);
#3540=FACE_BOUND('',#3291,.T.);
#3541=FACE_BOUND('',#3292,.T.);
#3542=FACE_BOUND('',#3293,.T.);
#3543=FACE_BOUND('',#3294,.T.);
#3544=FACE_BOUND('',#3295,.T.);
#3545=FACE_BOUND('',#3296,.T.);
#3546=FACE_BOUND('',#3297,.T.);
#3547=FACE_BOUND('',#3298,.T.);
#3548=FACE_BOUND('',#3299,.T.);
#3549=FACE_BOUND('',#3300,.T.);
#3550=FACE_BOUND('',#3301,.T.);
#3551=FACE_BOUND('',#3302,.T.);
#3552=FACE_BOUND('',#3303,.T.);
#3553=FACE_BOUND('',#3304,.T.);
#3554=FACE_BOUND('',#3305,.T.);
#3555=FACE_BOUND('',#3306,.T.);
#3556=FACE_BOUND('',#3307,.T.);
#3557=FACE_BOUND('',#3308,.T.);
#3558=FACE_BOUND('',#3309,.T.);
#3559=FACE_BOUND('',#3310,.T.);
#3560=FACE_BOUND('',#3311,.T.);
#3561=FACE_BOUND('',#3312,.T.);
#3562=FACE_BOUND('',#3313,.T.);
#3563=FACE_BOUND('',#3314,.T.);
#3564=FACE_BOUND('',#3315,.T.);
#3565=FACE_BOUND('',#3316,.T.);
#3566=FACE_BOUND('',#3317,.T.);
#3567=FACE_BOUND('',#3318,.T.);
#3568=FACE_BOUND('',#3319,.T.);
#3569=FACE_BOUND('',#3320,.T.);
#3570=FACE_BOUND('',#3321,.T.);
#3571=FACE_BOUND('',#3322,.T.);
#3572=FACE_BOUND('',#3323,.T.);
#3573=FACE_BOUND('',#3324,.T.);
#3574=FACE_BOUND('',#3325,.T.);
#3575=FACE_BOUND('',#3326,.T.);
#3576=FACE_BOUND('',#3327,.T.);
#3577=FACE_BOUND('',#3328,.T.);
#3578=FACE_BOUND('',#3329,.T.);
#3579=FACE_BOUND('',#3330,.T.);
#3580=FACE_BOUND('',#3331,.T.);
#3581=FACE_BOUND('',#3332,.T.);
#3582=FACE_BOUND('',#3333,.T.);
#3583=FACE_BOUND('',#3334,.T.);
#3584=FACE_BOUND('',#3335,.T.);
#3585=FACE_BOUND('',#3336,.T.);
#3586=FACE_BOUND('',#3337,.T.);
#3587=FACE_BOUND('',#3338,.T.);
#3588=FACE_BOUND('',#3339,.T.);
#3589=FACE_BOUND('',#3340,.T.);
#3590=FACE_BOUND('',#3341,.T.);
#3591=FACE_BOUND('',#3342,.T.);
#3592=FACE_BOUND('',#3343,.T.);
#3593=FACE_BOUND('',#3344,.T.);
#3594=FACE_BOUND('',#3345,.T.);
#3595=FACE_BOUND('',#3346,.T.);
#3596=FACE_BOUND('',#3347,.T.);
#3597=FACE_BOUND('',#3348,.T.);
#3598=FACE_BOUND('',#3349,.T.);
#3599=FACE_BOUND('',#3350,.T.);
#3600=FACE_BOUND('',#3351,.T.);
#3601=FACE_BOUND('',#3352,.T.);
#3602=FACE_BOUND('',#3353,.T.);
#3603=FACE_BOUND('',#3354,.T.);
#3604=FACE_BOUND('',#3355,.T.);
#3605=FACE_BOUND('',#3356,.T.);
#3606=FACE_BOUND('',#3357,.T.);
#3607=FACE_BOUND('',#3358,.T.);
#3608=FACE_BOUND('',#3359,.T.);
#3609=FACE_BOUND('',#3360,.T.);
#3610=FACE_BOUND('',#3361,.T.);
#3611=FACE_BOUND('',#3362,.T.);
#3612=FACE_BOUND('',#3363,.T.);
#3613=FACE_BOUND('',#3364,.T.);
#3614=FACE_BOUND('',#3365,.T.);
#3615=FACE_BOUND('',#3366,.T.);
#3616=FACE_BOUND('',#3367,.T.);
#3617=FACE_BOUND('',#3368,.T.);
#3618=FACE_BOUND('',#3369,.T.);
#3619=FACE_BOUND('',#3370,.T.);
#3620=FACE_BOUND('',#3371,.T.);
#3621=FACE_BOUND('',#3372,.T.);
#3622=FACE_BOUND('',#3373,.T.);
#3623=FACE_BOUND('',#3374,.T.);
#3624=FACE_BOUND('',#3375,.T.);
#3625=FACE_BOUND('',#3376,.T.);
#3626=FACE_BOUND('',#3377,.T.);
#3627=FACE_BOUND('',#3378,.T.);
#3628=FACE_BOUND('',#3379,.T.);
#3629=FACE_BOUND('',#3380,.T.);
#3630=FACE_BOUND('',#3381,.T.);
#3631=FACE_BOUND('',#3382,.T.);
#3632=FACE_BOUND('',#3383,.T.);
#3633=FACE_BOUND('',#3384,.T.);
#3634=FACE_BOUND('',#3385,.T.);
#3635=FACE_BOUND('',#3386,.T.);
#3636=FACE_BOUND('',#3387,.T.);
#3637=FACE_BOUND('',#3388,.T.);
#3638=FACE_BOUND('',#3389,.T.);
#3639=FACE_BOUND('',#3390,.T.);
#3640=FACE_BOUND('',#3391,.T.);
#3641=FACE_BOUND('',#3392,.T.);
#3642=FACE_BOUND('',#3393,.T.);
#3643=FACE_BOUND('',#3394,.T.);
#3644=FACE_BOUND('',#3395,.T.);
#3645=FACE_BOUND('',#3396,.T.);
#3646=FACE_BOUND('',#3397,.T.);
#3647=FACE_BOUND('',#3398,.T.);
#3648=FACE_BOUND('',#3399,.T.);
#3649=FACE_BOUND('',#3400,.T.);
#3650=FACE_BOUND('',#3401,.T.);
#3651=FACE_BOUND('',#3402,.T.);
#3652=FACE_BOUND('',#3403,.T.);
#3653=FACE_BOUND('',#3404,.T.);
#3654=FACE_BOUND('',#3405,.T.);
#3655=FACE_BOUND('',#3406,.T.);
#3656=FACE_BOUND('',#3407,.T.);
#3657=FACE_BOUND('',#3408,.T.);
#3658=FACE_BOUND('',#3409,.T.);
#3659=FACE_BOUND('',#3410,.T.);
#3660=FACE_BOUND('',#3411,.T.);
#3661=CYLINDRICAL_SURFACE('',#3958,0.00145);
#3662=CYLINDRICAL_SURFACE('',#4060,0.00145);
#3663=CYLINDRICAL_SURFACE('',#4063,0.008);
#3664=CYLINDRICAL_SURFACE('',#4079,0.00367418847672234);
#3665=CYLINDRICAL_SURFACE('',#4165,0.014);
#3666=CYLINDRICAL_SURFACE('',#4170,0.00215);
#3667=CYLINDRICAL_SURFACE('',#4174,0.00215);
#3668=CYLINDRICAL_SURFACE('',#4175,0.0002);
#3669=CYLINDRICAL_SURFACE('',#4177,0.000200000000000003);
#3670=CYLINDRICAL_SURFACE('',#4179,0.000199999999999997);
#3671=CYLINDRICAL_SURFACE('',#4182,0.0002);
#3672=CYLINDRICAL_SURFACE('',#4183,0.0002);
#3673=CYLINDRICAL_SURFACE('',#4185,0.0002);
#3674=CYLINDRICAL_SURFACE('',#4187,0.0002);
#3675=CYLINDRICAL_SURFACE('',#4190,0.0002);
#3676=CYLINDRICAL_SURFACE('',#4191,0.0002);
#3677=CYLINDRICAL_SURFACE('',#4193,0.0002);
#3678=CYLINDRICAL_SURFACE('',#4195,0.000199999999999998);
#3679=CYLINDRICAL_SURFACE('',#4198,0.0002);
#3680=CYLINDRICAL_SURFACE('',#4199,0.0002);
#3681=CYLINDRICAL_SURFACE('',#4201,0.0002);
#3682=CYLINDRICAL_SURFACE('',#4203,0.000199999999999997);
#3683=CYLINDRICAL_SURFACE('',#4206,0.0002);
#3684=CYLINDRICAL_SURFACE('',#4207,0.0002);
#3685=CYLINDRICAL_SURFACE('',#4209,0.0002);
#3686=CYLINDRICAL_SURFACE('',#4211,0.0002);
#3687=CYLINDRICAL_SURFACE('',#4214,0.0002);
#3688=CYLINDRICAL_SURFACE('',#4215,0.0002);
#3689=CYLINDRICAL_SURFACE('',#4217,0.0002);
#3690=CYLINDRICAL_SURFACE('',#4219,0.0002);
#3691=CYLINDRICAL_SURFACE('',#4222,0.0002);
#3692=CYLINDRICAL_SURFACE('',#4223,0.0002);
#3693=CYLINDRICAL_SURFACE('',#4225,0.0002);
#3694=CYLINDRICAL_SURFACE('',#4227,0.0002);
#3695=CYLINDRICAL_SURFACE('',#4230,0.0002);
#3696=CYLINDRICAL_SURFACE('',#4231,0.0002);
#3697=CYLINDRICAL_SURFACE('',#4233,0.0002);
#3698=CYLINDRICAL_SURFACE('',#4235,0.0002);
#3699=CYLINDRICAL_SURFACE('',#4238,0.0002);
#3700=CYLINDRICAL_SURFACE('',#4239,0.0002);
#3701=CYLINDRICAL_SURFACE('',#4241,0.0002);
#3702=CYLINDRICAL_SURFACE('',#4243,0.000199999999999998);
#3703=CYLINDRICAL_SURFACE('',#4246,0.0002);
#3704=CYLINDRICAL_SURFACE('',#4247,0.0002);
#3705=CYLINDRICAL_SURFACE('',#4249,0.0002);
#3706=CYLINDRICAL_SURFACE('',#4251,0.000199999999999997);
#3707=CYLINDRICAL_SURFACE('',#4254,0.0002);
#3708=CYLINDRICAL_SURFACE('',#4255,0.0002);
#3709=CYLINDRICAL_SURFACE('',#4257,0.0002);
#3710=CYLINDRICAL_SURFACE('',#4259,0.0002);
#3711=CYLINDRICAL_SURFACE('',#4262,0.0002);
#3712=CYLINDRICAL_SURFACE('',#4263,0.0002);
#3713=CYLINDRICAL_SURFACE('',#4265,0.0002);
#3714=CYLINDRICAL_SURFACE('',#4267,0.0002);
#3715=CYLINDRICAL_SURFACE('',#4270,0.0002);
#3716=CYLINDRICAL_SURFACE('',#4271,0.0002);
#3717=CYLINDRICAL_SURFACE('',#4273,0.0002);
#3718=CYLINDRICAL_SURFACE('',#4275,0.0002);
#3719=CYLINDRICAL_SURFACE('',#4278,0.0002);
#3720=CYLINDRICAL_SURFACE('',#4279,0.0002);
#3721=CYLINDRICAL_SURFACE('',#4281,0.0002);
#3722=CYLINDRICAL_SURFACE('',#4283,0.0002);
#3723=CYLINDRICAL_SURFACE('',#4286,0.0002);
#3724=CYLINDRICAL_SURFACE('',#4287,0.0002);
#3725=CYLINDRICAL_SURFACE('',#4289,0.000200000000000003);
#3726=CYLINDRICAL_SURFACE('',#4291,0.0002);
#3727=CYLINDRICAL_SURFACE('',#4294,0.0002);
#3728=CYLINDRICAL_SURFACE('',#4295,0.0002);
#3729=CYLINDRICAL_SURFACE('',#4297,0.0002);
#3730=CYLINDRICAL_SURFACE('',#4299,0.0002);
#3731=CYLINDRICAL_SURFACE('',#4302,0.0002);
#3732=CYLINDRICAL_SURFACE('',#4303,0.0002);
#3733=CYLINDRICAL_SURFACE('',#4305,0.0002);
#3734=CYLINDRICAL_SURFACE('',#4307,0.0002);
#3735=CYLINDRICAL_SURFACE('',#4310,0.0002);
#3736=CYLINDRICAL_SURFACE('',#4311,0.0002);
#3737=CYLINDRICAL_SURFACE('',#4313,0.0002);
#3738=CYLINDRICAL_SURFACE('',#4315,0.0002);
#3739=CYLINDRICAL_SURFACE('',#4318,0.0002);
#3740=CYLINDRICAL_SURFACE('',#4319,0.0002);
#3741=CYLINDRICAL_SURFACE('',#4321,0.0002);
#3742=CYLINDRICAL_SURFACE('',#4323,0.000199999999999998);
#3743=CYLINDRICAL_SURFACE('',#4326,0.0002);
#3744=CYLINDRICAL_SURFACE('',#4327,0.0002);
#3745=CYLINDRICAL_SURFACE('',#4329,0.0002);
#3746=CYLINDRICAL_SURFACE('',#4331,0.0002);
#3747=CYLINDRICAL_SURFACE('',#4334,0.0002);
#3748=ADVANCED_FACE('',(#3412,#3413),#3661,.F.);
#3749=ADVANCED_FACE('',(#3414,#3415),#781,.T.);
#3750=ADVANCED_FACE('',(#3416,#3417,#3418,#3419,#3420,#3421,#3422,#3423,
#3424,#3425,#3426,#3427,#3428,#3429,#3430,#3431,#3432,#3433,#3434,#3435,
#3436,#3437),#782,.F.);
#3751=ADVANCED_FACE('',(#3438),#783,.T.);
#3752=ADVANCED_FACE('',(#3439,#3440),#28,.T.);
#3753=ADVANCED_FACE('',(#3441,#3442),#29,.T.);
#3754=ADVANCED_FACE('',(#3443,#3444),#12,.T.);
#3755=ADVANCED_FACE('',(#3445,#3446),#3662,.F.);
#3756=ADVANCED_FACE('',(#3447,#3448),#3663,.T.);
#3757=ADVANCED_FACE('',(#3449),#784,.F.);
#3758=ADVANCED_FACE('',(#3450),#785,.F.);
#3759=ADVANCED_FACE('',(#3451),#786,.T.);
#3760=ADVANCED_FACE('',(#3452),#787,.F.);
#3761=ADVANCED_FACE('',(#3453),#788,.T.);
#3762=ADVANCED_FACE('',(#3454),#789,.T.);
#3763=ADVANCED_FACE('',(#3455),#790,.F.);
#3764=ADVANCED_FACE('',(#3456,#3457),#30,.T.);
#3765=ADVANCED_FACE('',(#3458),#791,.F.);
#3766=ADVANCED_FACE('',(#3459,#3460),#792,.T.);
#3767=ADVANCED_FACE('',(#3461),#793,.T.);
#3768=ADVANCED_FACE('',(#3462),#794,.T.);
#3769=ADVANCED_FACE('',(#3463),#795,.T.);
#3770=ADVANCED_FACE('',(#3464),#3664,.T.);
#3771=ADVANCED_FACE('',(#3465),#796,.F.);
#3772=ADVANCED_FACE('',(#3466),#797,.T.);
#3773=ADVANCED_FACE('',(#3467),#798,.F.);
#3774=ADVANCED_FACE('',(#3468,#3469,#3470,#3471,#3472,#3473,#3474,#3475,
#3476,#3477,#3478,#3479,#3480,#3481,#3482,#3483,#3484,#3485,#3486,#3487,
#3488,#3489),#799,.T.);
#3775=ADVANCED_FACE('',(#3490,#3491),#3665,.T.);
#3776=ADVANCED_FACE('',(#3492),#800,.T.);
#3777=ADVANCED_FACE('',(#3493),#801,.T.);
#3778=ADVANCED_FACE('',(#3494),#802,.T.);
#3779=ADVANCED_FACE('',(#3495),#803,.T.);
#3780=ADVANCED_FACE('',(#3496),#3666,.F.);
#3781=ADVANCED_FACE('',(#3497),#804,.T.);
#3782=ADVANCED_FACE('',(#3498),#805,.T.);
#3783=ADVANCED_FACE('',(#3499),#806,.T.);
#3784=ADVANCED_FACE('',(#3500),#3667,.F.);
#3785=ADVANCED_FACE('',(#3501),#3668,.F.);
#3786=ADVANCED_FACE('',(#3502),#807,.T.);
#3787=ADVANCED_FACE('',(#3503),#3669,.F.);
#3788=ADVANCED_FACE('',(#3504),#808,.F.);
#3789=ADVANCED_FACE('',(#3505),#3670,.F.);
#3790=ADVANCED_FACE('',(#3506),#809,.T.);
#3791=ADVANCED_FACE('',(#3507),#810,.F.);
#3792=ADVANCED_FACE('',(#3508),#3671,.F.);
#3793=ADVANCED_FACE('',(#3509),#3672,.F.);
#3794=ADVANCED_FACE('',(#3510),#811,.T.);
#3795=ADVANCED_FACE('',(#3511),#3673,.F.);
#3796=ADVANCED_FACE('',(#3512),#812,.F.);
#3797=ADVANCED_FACE('',(#3513),#3674,.F.);
#3798=ADVANCED_FACE('',(#3514),#813,.T.);
#3799=ADVANCED_FACE('',(#3515),#814,.F.);
#3800=ADVANCED_FACE('',(#3516),#3675,.F.);
#3801=ADVANCED_FACE('',(#3517),#3676,.F.);
#3802=ADVANCED_FACE('',(#3518),#815,.T.);
#3803=ADVANCED_FACE('',(#3519),#3677,.F.);
#3804=ADVANCED_FACE('',(#3520),#816,.F.);
#3805=ADVANCED_FACE('',(#3521),#3678,.F.);
#3806=ADVANCED_FACE('',(#3522),#817,.T.);
#3807=ADVANCED_FACE('',(#3523),#818,.F.);
#3808=ADVANCED_FACE('',(#3524),#3679,.F.);
#3809=ADVANCED_FACE('',(#3525),#3680,.F.);
#3810=ADVANCED_FACE('',(#3526),#819,.T.);
#3811=ADVANCED_FACE('',(#3527),#3681,.F.);
#3812=ADVANCED_FACE('',(#3528),#820,.F.);
#3813=ADVANCED_FACE('',(#3529),#3682,.F.);
#3814=ADVANCED_FACE('',(#3530),#821,.T.);
#3815=ADVANCED_FACE('',(#3531),#822,.F.);
#3816=ADVANCED_FACE('',(#3532),#3683,.F.);
#3817=ADVANCED_FACE('',(#3533),#3684,.F.);
#3818=ADVANCED_FACE('',(#3534),#823,.T.);
#3819=ADVANCED_FACE('',(#3535),#3685,.F.);
#3820=ADVANCED_FACE('',(#3536),#824,.F.);
#3821=ADVANCED_FACE('',(#3537),#3686,.F.);
#3822=ADVANCED_FACE('',(#3538),#825,.T.);
#3823=ADVANCED_FACE('',(#3539),#826,.F.);
#3824=ADVANCED_FACE('',(#3540),#3687,.F.);
#3825=ADVANCED_FACE('',(#3541),#3688,.F.);
#3826=ADVANCED_FACE('',(#3542),#827,.T.);
#3827=ADVANCED_FACE('',(#3543),#3689,.F.);
#3828=ADVANCED_FACE('',(#3544),#828,.F.);
#3829=ADVANCED_FACE('',(#3545),#3690,.F.);
#3830=ADVANCED_FACE('',(#3546),#829,.T.);
#3831=ADVANCED_FACE('',(#3547),#830,.F.);
#3832=ADVANCED_FACE('',(#3548),#3691,.F.);
#3833=ADVANCED_FACE('',(#3549),#3692,.F.);
#3834=ADVANCED_FACE('',(#3550),#831,.T.);
#3835=ADVANCED_FACE('',(#3551),#3693,.F.);
#3836=ADVANCED_FACE('',(#3552),#832,.F.);
#3837=ADVANCED_FACE('',(#3553),#3694,.F.);
#3838=ADVANCED_FACE('',(#3554),#833,.T.);
#3839=ADVANCED_FACE('',(#3555),#834,.F.);
#3840=ADVANCED_FACE('',(#3556),#3695,.F.);
#3841=ADVANCED_FACE('',(#3557),#3696,.F.);
#3842=ADVANCED_FACE('',(#3558),#835,.T.);
#3843=ADVANCED_FACE('',(#3559),#3697,.F.);
#3844=ADVANCED_FACE('',(#3560),#836,.F.);
#3845=ADVANCED_FACE('',(#3561),#3698,.F.);
#3846=ADVANCED_FACE('',(#3562),#837,.T.);
#3847=ADVANCED_FACE('',(#3563),#838,.F.);
#3848=ADVANCED_FACE('',(#3564),#3699,.F.);
#3849=ADVANCED_FACE('',(#3565),#3700,.F.);
#3850=ADVANCED_FACE('',(#3566),#839,.T.);
#3851=ADVANCED_FACE('',(#3567),#3701,.F.);
#3852=ADVANCED_FACE('',(#3568),#840,.F.);
#3853=ADVANCED_FACE('',(#3569),#3702,.F.);
#3854=ADVANCED_FACE('',(#3570),#841,.T.);
#3855=ADVANCED_FACE('',(#3571),#842,.F.);
#3856=ADVANCED_FACE('',(#3572),#3703,.F.);
#3857=ADVANCED_FACE('',(#3573),#3704,.F.);
#3858=ADVANCED_FACE('',(#3574),#843,.T.);
#3859=ADVANCED_FACE('',(#3575),#3705,.F.);
#3860=ADVANCED_FACE('',(#3576),#844,.F.);
#3861=ADVANCED_FACE('',(#3577),#3706,.F.);
#3862=ADVANCED_FACE('',(#3578),#845,.T.);
#3863=ADVANCED_FACE('',(#3579),#846,.F.);
#3864=ADVANCED_FACE('',(#3580),#3707,.F.);
#3865=ADVANCED_FACE('',(#3581),#3708,.F.);
#3866=ADVANCED_FACE('',(#3582),#847,.T.);
#3867=ADVANCED_FACE('',(#3583),#3709,.F.);
#3868=ADVANCED_FACE('',(#3584),#848,.F.);
#3869=ADVANCED_FACE('',(#3585),#3710,.F.);
#3870=ADVANCED_FACE('',(#3586),#849,.T.);
#3871=ADVANCED_FACE('',(#3587),#850,.F.);
#3872=ADVANCED_FACE('',(#3588),#3711,.F.);
#3873=ADVANCED_FACE('',(#3589),#3712,.F.);
#3874=ADVANCED_FACE('',(#3590),#851,.T.);
#3875=ADVANCED_FACE('',(#3591),#3713,.F.);
#3876=ADVANCED_FACE('',(#3592),#852,.F.);
#3877=ADVANCED_FACE('',(#3593),#3714,.F.);
#3878=ADVANCED_FACE('',(#3594),#853,.T.);
#3879=ADVANCED_FACE('',(#3595),#854,.F.);
#3880=ADVANCED_FACE('',(#3596),#3715,.F.);
#3881=ADVANCED_FACE('',(#3597),#3716,.F.);
#3882=ADVANCED_FACE('',(#3598),#855,.T.);
#3883=ADVANCED_FACE('',(#3599),#3717,.F.);
#3884=ADVANCED_FACE('',(#3600),#856,.F.);
#3885=ADVANCED_FACE('',(#3601),#3718,.F.);
#3886=ADVANCED_FACE('',(#3602),#857,.T.);
#3887=ADVANCED_FACE('',(#3603),#858,.F.);
#3888=ADVANCED_FACE('',(#3604),#3719,.F.);
#3889=ADVANCED_FACE('',(#3605),#3720,.F.);
#3890=ADVANCED_FACE('',(#3606),#859,.T.);
#3891=ADVANCED_FACE('',(#3607),#3721,.F.);
#3892=ADVANCED_FACE('',(#3608),#860,.F.);
#3893=ADVANCED_FACE('',(#3609),#3722,.F.);
#3894=ADVANCED_FACE('',(#3610),#861,.T.);
#3895=ADVANCED_FACE('',(#3611),#862,.F.);
#3896=ADVANCED_FACE('',(#3612),#3723,.F.);
#3897=ADVANCED_FACE('',(#3613),#3724,.F.);
#3898=ADVANCED_FACE('',(#3614),#863,.T.);
#3899=ADVANCED_FACE('',(#3615),#3725,.F.);
#3900=ADVANCED_FACE('',(#3616),#864,.F.);
#3901=ADVANCED_FACE('',(#3617),#3726,.F.);
#3902=ADVANCED_FACE('',(#3618),#865,.T.);
#3903=ADVANCED_FACE('',(#3619),#866,.F.);
#3904=ADVANCED_FACE('',(#3620),#3727,.F.);
#3905=ADVANCED_FACE('',(#3621),#3728,.F.);
#3906=ADVANCED_FACE('',(#3622),#867,.T.);
#3907=ADVANCED_FACE('',(#3623),#3729,.F.);
#3908=ADVANCED_FACE('',(#3624),#868,.F.);
#3909=ADVANCED_FACE('',(#3625),#3730,.F.);
#3910=ADVANCED_FACE('',(#3626),#869,.T.);
#3911=ADVANCED_FACE('',(#3627),#870,.F.);
#3912=ADVANCED_FACE('',(#3628),#3731,.F.);
#3913=ADVANCED_FACE('',(#3629),#3732,.F.);
#3914=ADVANCED_FACE('',(#3630),#871,.T.);
#3915=ADVANCED_FACE('',(#3631),#3733,.F.);
#3916=ADVANCED_FACE('',(#3632),#872,.F.);
#3917=ADVANCED_FACE('',(#3633),#3734,.F.);
#3918=ADVANCED_FACE('',(#3634),#873,.T.);
#3919=ADVANCED_FACE('',(#3635),#874,.F.);
#3920=ADVANCED_FACE('',(#3636),#3735,.F.);
#3921=ADVANCED_FACE('',(#3637),#3736,.F.);
#3922=ADVANCED_FACE('',(#3638),#875,.T.);
#3923=ADVANCED_FACE('',(#3639),#3737,.F.);
#3924=ADVANCED_FACE('',(#3640),#876,.F.);
#3925=ADVANCED_FACE('',(#3641),#3738,.F.);
#3926=ADVANCED_FACE('',(#3642),#877,.T.);
#3927=ADVANCED_FACE('',(#3643),#878,.F.);
#3928=ADVANCED_FACE('',(#3644),#3739,.F.);
#3929=ADVANCED_FACE('',(#3645),#3740,.F.);
#3930=ADVANCED_FACE('',(#3646),#879,.T.);
#3931=ADVANCED_FACE('',(#3647),#3741,.F.);
#3932=ADVANCED_FACE('',(#3648),#880,.F.);
#3933=ADVANCED_FACE('',(#3649),#3742,.F.);
#3934=ADVANCED_FACE('',(#3650),#881,.T.);
#3935=ADVANCED_FACE('',(#3651),#882,.F.);
#3936=ADVANCED_FACE('',(#3652),#3743,.F.);
#3937=ADVANCED_FACE('',(#3653),#3744,.F.);
#3938=ADVANCED_FACE('',(#3654),#883,.T.);
#3939=ADVANCED_FACE('',(#3655),#3745,.F.);
#3940=ADVANCED_FACE('',(#3656),#884,.F.);
#3941=ADVANCED_FACE('',(#3657),#3746,.F.);
#3942=ADVANCED_FACE('',(#3658),#885,.T.);
#3943=ADVANCED_FACE('',(#3659),#886,.F.);
#3944=ADVANCED_FACE('',(#3660),#3747,.F.);
#3945=CLOSED_SHELL('',(#3748,#3749,#3750,#3751,#3752,#3753,#3754,#3755,
#3756,#3757,#3758,#3759,#3760,#3761,#3762,#3763,#3764,#3765,#3766,#3767,
#3768,#3769,#3770,#3771,#3772,#3773,#3774,#3775,#3776,#3777,#3778,#3779,
#3780,#3781,#3782,#3783,#3784,#3785,#3786,#3787,#3788,#3789,#3790,#3791,
#3792,#3793,#3794,#3795,#3796,#3797,#3798,#3799,#3800,#3801,#3802,#3803,
#3804,#3805,#3806,#3807,#3808,#3809,#3810,#3811,#3812,#3813,#3814,#3815,
#3816,#3817,#3818,#3819,#3820,#3821,#3822,#3823,#3824,#3825,#3826,#3827,
#3828,#3829,#3830,#3831,#3832,#3833,#3834,#3835,#3836,#3837,#3838,#3839,
#3840,#3841,#3842,#3843,#3844,#3845,#3846,#3847,#3848,#3849,#3850,#3851,
#3852,#3853,#3854,#3855,#3856,#3857,#3858,#3859,#3860,#3861,#3862,#3863,
#3864,#3865,#3866,#3867,#3868,#3869,#3870,#3871,#3872,#3873,#3874,#3875,
#3876,#3877,#3878,#3879,#3880,#3881,#3882,#3883,#3884,#3885,#3886,#3887,
#3888,#3889,#3890,#3891,#3892,#3893,#3894,#3895,#3896,#3897,#3898,#3899,
#3900,#3901,#3902,#3903,#3904,#3905,#3906,#3907,#3908,#3909,#3910,#3911,
#3912,#3913,#3914,#3915,#3916,#3917,#3918,#3919,#3920,#3921,#3922,#3923,
#3924,#3925,#3926,#3927,#3928,#3929,#3930,#3931,#3932,#3933,#3934,#3935,
#3936,#3937,#3938,#3939,#3940,#3941,#3942,#3943,#3944));
#3946=STYLED_ITEM('',(#3947),#3954);
#3947=PRESENTATION_STYLE_ASSIGNMENT((#3948));
#3948=SURFACE_STYLE_USAGE(.BOTH.,#3949);
#3949=SURFACE_SIDE_STYLE('',(#3950));
#3950=SURFACE_STYLE_FILL_AREA(#3951);
#3951=FILL_AREA_STYLE('',(#3952));
#3952=FILL_AREA_STYLE_COLOUR('',#3953);
#3953=COLOUR_RGB('',0.701960784313725,0.701960784313725,0.701960784313725);
#3954=MANIFOLD_SOLID_BREP('Komponente1',#3945);
#3955=SHAPE_DEFINITION_REPRESENTATION(#8143,#3956);
#3956=SHAPE_REPRESENTATION('Komponente1',(#3957),#8138);
#3957=AXIS2_PLACEMENT_3D('',#5466,#4335,#4336);
#3958=AXIS2_PLACEMENT_3D('',#5467,#4337,#4338);
#3959=AXIS2_PLACEMENT_3D('',#5468,#4339,#4340);
#3960=AXIS2_PLACEMENT_3D('',#5470,#4341,#4342);
#3961=AXIS2_PLACEMENT_3D('',#5473,#4343,#4344);
#3962=AXIS2_PLACEMENT_3D('',#5475,#4345,#4346);
#3963=AXIS2_PLACEMENT_3D('',#5477,#4347,#4348);
#3964=AXIS2_PLACEMENT_3D('',#5478,#4349,#4350);
#3965=AXIS2_PLACEMENT_3D('',#5479,#4351,#4352);
#3966=AXIS2_PLACEMENT_3D('',#5486,#4355,#4356);
#3967=AXIS2_PLACEMENT_3D('',#5494,#4360,#4361);
#3968=AXIS2_PLACEMENT_3D('',#5497,#4363,#4364);
#3969=AXIS2_PLACEMENT_3D('',#5501,#4366,#4367);
#3970=AXIS2_PLACEMENT_3D('',#5505,#4369,#4370);
#3971=AXIS2_PLACEMENT_3D('',#5509,#4372,#4373);
#3972=AXIS2_PLACEMENT_3D('',#5513,#4375,#4376);
#3973=AXIS2_PLACEMENT_3D('',#5517,#4378,#4379);
#3974=AXIS2_PLACEMENT_3D('',#5521,#4381,#4382);
#3975=AXIS2_PLACEMENT_3D('',#5525,#4384,#4385);
#3976=AXIS2_PLACEMENT_3D('',#5529,#4387,#4388);
#3977=AXIS2_PLACEMENT_3D('',#5533,#4390,#4391);
#3978=AXIS2_PLACEMENT_3D('',#5537,#4393,#4394);
#3979=AXIS2_PLACEMENT_3D('',#5541,#4396,#4397);
#3980=AXIS2_PLACEMENT_3D('',#5545,#4399,#4400);
#3981=AXIS2_PLACEMENT_3D('',#5549,#4402,#4403);
#3982=AXIS2_PLACEMENT_3D('',#5553,#4405,#4406);
#3983=AXIS2_PLACEMENT_3D('',#5557,#4408,#4409);
#3984=AXIS2_PLACEMENT_3D('',#5561,#4411,#4412);
#3985=AXIS2_PLACEMENT_3D('',#5565,#4414,#4415);
#3986=AXIS2_PLACEMENT_3D('',#5569,#4417,#4418);
#3987=AXIS2_PLACEMENT_3D('',#5573,#4420,#4421);
#3988=AXIS2_PLACEMENT_3D('',#5577,#4423,#4424);
#3989=AXIS2_PLACEMENT_3D('',#5581,#4426,#4427);
#3990=AXIS2_PLACEMENT_3D('',#5585,#4429,#4430);
#3991=AXIS2_PLACEMENT_3D('',#5589,#4432,#4433);
#3992=AXIS2_PLACEMENT_3D('',#5593,#4435,#4436);
#3993=AXIS2_PLACEMENT_3D('',#5597,#4438,#4439);
#3994=AXIS2_PLACEMENT_3D('',#5601,#4441,#4442);
#3995=AXIS2_PLACEMENT_3D('',#5605,#4444,#4445);
#3996=AXIS2_PLACEMENT_3D('',#5609,#4447,#4448);
#3997=AXIS2_PLACEMENT_3D('',#5613,#4450,#4451);
#3998=AXIS2_PLACEMENT_3D('',#5617,#4453,#4454);
#3999=AXIS2_PLACEMENT_3D('',#5621,#4456,#4457);
#4000=AXIS2_PLACEMENT_3D('',#5625,#4459,#4460);
#4001=AXIS2_PLACEMENT_3D('',#5629,#4462,#4463);
#4002=AXIS2_PLACEMENT_3D('',#5633,#4465,#4466);
#4003=AXIS2_PLACEMENT_3D('',#5637,#4468,#4469);
#4004=AXIS2_PLACEMENT_3D('',#5641,#4471,#4472);
#4005=AXIS2_PLACEMENT_3D('',#5645,#4474,#4475);
#4006=AXIS2_PLACEMENT_3D('',#5649,#4477,#4478);
#4007=AXIS2_PLACEMENT_3D('',#5653,#4480,#4481);
#4008=AXIS2_PLACEMENT_3D('',#5657,#4483,#4484);
#4009=AXIS2_PLACEMENT_3D('',#5661,#4486,#4487);
#4010=AXIS2_PLACEMENT_3D('',#5665,#4489,#4490);
#4011=AXIS2_PLACEMENT_3D('',#5669,#4492,#4493);
#4012=AXIS2_PLACEMENT_3D('',#5673,#4495,#4496);
#4013=AXIS2_PLACEMENT_3D('',#5677,#4498,#4499);
#4014=AXIS2_PLACEMENT_3D('',#5681,#4501,#4502);
#4015=AXIS2_PLACEMENT_3D('',#5685,#4504,#4505);
#4016=AXIS2_PLACEMENT_3D('',#5689,#4507,#4508);
#4017=AXIS2_PLACEMENT_3D('',#5693,#4510,#4511);
#4018=AXIS2_PLACEMENT_3D('',#5697,#4513,#4514);
#4019=AXIS2_PLACEMENT_3D('',#5701,#4516,#4517);
#4020=AXIS2_PLACEMENT_3D('',#5705,#4519,#4520);
#4021=AXIS2_PLACEMENT_3D('',#5709,#4522,#4523);
#4022=AXIS2_PLACEMENT_3D('',#5713,#4525,#4526);
#4023=AXIS2_PLACEMENT_3D('',#5717,#4528,#4529);
#4024=AXIS2_PLACEMENT_3D('',#5721,#4531,#4532);
#4025=AXIS2_PLACEMENT_3D('',#5725,#4534,#4535);
#4026=AXIS2_PLACEMENT_3D('',#5729,#4537,#4538);
#4027=AXIS2_PLACEMENT_3D('',#5733,#4540,#4541);
#4028=AXIS2_PLACEMENT_3D('',#5737,#4543,#4544);
#4029=AXIS2_PLACEMENT_3D('',#5741,#4546,#4547);
#4030=AXIS2_PLACEMENT_3D('',#5745,#4549,#4550);
#4031=AXIS2_PLACEMENT_3D('',#5749,#4552,#4553);
#4032=AXIS2_PLACEMENT_3D('',#5753,#4555,#4556);
#4033=AXIS2_PLACEMENT_3D('',#5757,#4558,#4559);
#4034=AXIS2_PLACEMENT_3D('',#5761,#4561,#4562);
#4035=AXIS2_PLACEMENT_3D('',#5765,#4564,#4565);
#4036=AXIS2_PLACEMENT_3D('',#5769,#4567,#4568);
#4037=AXIS2_PLACEMENT_3D('',#5773,#4570,#4571);
#4038=AXIS2_PLACEMENT_3D('',#5777,#4573,#4574);
#4039=AXIS2_PLACEMENT_3D('',#5781,#4576,#4577);
#4040=AXIS2_PLACEMENT_3D('',#5785,#4579,#4580);
#4041=AXIS2_PLACEMENT_3D('',#5789,#4582,#4583);
#4042=AXIS2_PLACEMENT_3D('',#5793,#4585,#4586);
#4043=AXIS2_PLACEMENT_3D('',#5797,#4588,#4589);
#4044=AXIS2_PLACEMENT_3D('',#5801,#4591,#4592);
#4045=AXIS2_PLACEMENT_3D('',#5805,#4594,#4595);
#4046=AXIS2_PLACEMENT_3D('',#5809,#4597,#4598);
#4047=AXIS2_PLACEMENT_3D('',#5813,#4600,#4601);
#4048=AXIS2_PLACEMENT_3D('',#5817,#4603,#4604);
#4049=AXIS2_PLACEMENT_3D('',#5818,#4605,#4606);
#4050=AXIS2_PLACEMENT_3D('',#5827,#4610,#4611);
#4051=AXIS2_PLACEMENT_3D('',#5835,#4615,#4616);
#4052=AXIS2_PLACEMENT_3D('',#5836,#4617,#4618);
#4053=AXIS2_PLACEMENT_3D('',#5837,#4619,#4620);
#4054=AXIS2_PLACEMENT_3D('',#5842,#4622,#4623);
#4055=AXIS2_PLACEMENT_3D('',#5845,#4625,#4626);
#4056=AXIS2_PLACEMENT_3D('',#5851,#4627,#4628);
#4057=AXIS2_PLACEMENT_3D('',#5852,#4629,#4630);
#4058=AXIS2_PLACEMENT_3D('',#5858,#4631,#4632);
#4059=AXIS2_PLACEMENT_3D('',#5866,#4633,#4634);
#4060=AXIS2_PLACEMENT_3D('',#7366,#4635,#4636);
#4061=AXIS2_PLACEMENT_3D('',#7367,#4637,#4638);
#4062=AXIS2_PLACEMENT_3D('',#7370,#4639,#4640);
#4063=AXIS2_PLACEMENT_3D('',#7371,#4641,#4642);
#4064=AXIS2_PLACEMENT_3D('',#7375,#4644,#4645);
#4065=AXIS2_PLACEMENT_3D('',#7379,#4647,#4648);
#4066=AXIS2_PLACEMENT_3D('',#7380,#4649,#4650);
#4067=AXIS2_PLACEMENT_3D('',#7391,#4654,#4655);
#4068=AXIS2_PLACEMENT_3D('',#7396,#4657,#4658);
#4069=AXIS2_PLACEMENT_3D('',#7411,#4662,#4663);
#4070=AXIS2_PLACEMENT_3D('',#7417,#4667,#4668);
#4071=AXIS2_PLACEMENT_3D('',#7425,#4673,#4674);
#4072=AXIS2_PLACEMENT_3D('',#7430,#4678,#4679);
#4073=AXIS2_PLACEMENT_3D('',#7432,#4681,#4682);
#4074=AXIS2_PLACEMENT_3D('',#7450,#4683,#4684);
#4075=AXIS2_PLACEMENT_3D('',#7452,#4686,#4687);
#4076=AXIS2_PLACEMENT_3D('',#7458,#4691,#4692);
#4077=AXIS2_PLACEMENT_3D('',#7462,#4695,#4696);
#4078=AXIS2_PLACEMENT_3D('',#7466,#4699,#4700);
#4079=AXIS2_PLACEMENT_3D('',#7468,#4702,#4703);
#4080=AXIS2_PLACEMENT_3D('',#7471,#4706,#4707);
#4081=AXIS2_PLACEMENT_3D('',#7472,#4708,#4709);
#4082=AXIS2_PLACEMENT_3D('',#7473,#4710,#4711);
#4083=AXIS2_PLACEMENT_3D('',#7474,#4712,#4713);
#4084=AXIS2_PLACEMENT_3D('',#7475,#4714,#4715);
#4085=AXIS2_PLACEMENT_3D('',#7480,#4717,#4718);
#4086=AXIS2_PLACEMENT_3D('',#7484,#4720,#4721);
#4087=AXIS2_PLACEMENT_3D('',#7488,#4723,#4724);
#4088=AXIS2_PLACEMENT_3D('',#7491,#4726,#4727);
#4089=AXIS2_PLACEMENT_3D('',#7496,#4729,#4730);
#4090=AXIS2_PLACEMENT_3D('',#7500,#4732,#4733);
#4091=AXIS2_PLACEMENT_3D('',#7504,#4735,#4736);
#4092=AXIS2_PLACEMENT_3D('',#7507,#4738,#4739);
#4093=AXIS2_PLACEMENT_3D('',#7512,#4741,#4742);
#4094=AXIS2_PLACEMENT_3D('',#7516,#4744,#4745);
#4095=AXIS2_PLACEMENT_3D('',#7520,#4747,#4748);
#4096=AXIS2_PLACEMENT_3D('',#7523,#4750,#4751);
#4097=AXIS2_PLACEMENT_3D('',#7528,#4753,#4754);
#4098=AXIS2_PLACEMENT_3D('',#7532,#4756,#4757);
#4099=AXIS2_PLACEMENT_3D('',#7536,#4759,#4760);
#4100=AXIS2_PLACEMENT_3D('',#7539,#4762,#4763);
#4101=AXIS2_PLACEMENT_3D('',#7544,#4765,#4766);
#4102=AXIS2_PLACEMENT_3D('',#7548,#4768,#4769);
#4103=AXIS2_PLACEMENT_3D('',#7552,#4771,#4772);
#4104=AXIS2_PLACEMENT_3D('',#7555,#4774,#4775);
#4105=AXIS2_PLACEMENT_3D('',#7560,#4777,#4778);
#4106=AXIS2_PLACEMENT_3D('',#7564,#4780,#4781);
#4107=AXIS2_PLACEMENT_3D('',#7568,#4783,#4784);
#4108=AXIS2_PLACEMENT_3D('',#7571,#4786,#4787);
#4109=AXIS2_PLACEMENT_3D('',#7576,#4789,#4790);
#4110=AXIS2_PLACEMENT_3D('',#7580,#4792,#4793);
#4111=AXIS2_PLACEMENT_3D('',#7584,#4795,#4796);
#4112=AXIS2_PLACEMENT_3D('',#7587,#4798,#4799);
#4113=AXIS2_PLACEMENT_3D('',#7592,#4801,#4802);
#4114=AXIS2_PLACEMENT_3D('',#7596,#4804,#4805);
#4115=AXIS2_PLACEMENT_3D('',#7600,#4807,#4808);
#4116=AXIS2_PLACEMENT_3D('',#7603,#4810,#4811);
#4117=AXIS2_PLACEMENT_3D('',#7608,#4813,#4814);
#4118=AXIS2_PLACEMENT_3D('',#7612,#4816,#4817);
#4119=AXIS2_PLACEMENT_3D('',#7616,#4819,#4820);
#4120=AXIS2_PLACEMENT_3D('',#7619,#4822,#4823);
#4121=AXIS2_PLACEMENT_3D('',#7624,#4825,#4826);
#4122=AXIS2_PLACEMENT_3D('',#7628,#4828,#4829);
#4123=AXIS2_PLACEMENT_3D('',#7632,#4831,#4832);
#4124=AXIS2_PLACEMENT_3D('',#7635,#4834,#4835);
#4125=AXIS2_PLACEMENT_3D('',#7640,#4837,#4838);
#4126=AXIS2_PLACEMENT_3D('',#7644,#4840,#4841);
#4127=AXIS2_PLACEMENT_3D('',#7648,#4843,#4844);
#4128=AXIS2_PLACEMENT_3D('',#7651,#4846,#4847);
#4129=AXIS2_PLACEMENT_3D('',#7656,#4849,#4850);
#4130=AXIS2_PLACEMENT_3D('',#7660,#4852,#4853);
#4131=AXIS2_PLACEMENT_3D('',#7664,#4855,#4856);
#4132=AXIS2_PLACEMENT_3D('',#7667,#4858,#4859);
#4133=AXIS2_PLACEMENT_3D('',#7672,#4861,#4862);
#4134=AXIS2_PLACEMENT_3D('',#7676,#4864,#4865);
#4135=AXIS2_PLACEMENT_3D('',#7680,#4867,#4868);
#4136=AXIS2_PLACEMENT_3D('',#7683,#4870,#4871);
#4137=AXIS2_PLACEMENT_3D('',#7688,#4873,#4874);
#4138=AXIS2_PLACEMENT_3D('',#7692,#4876,#4877);
#4139=AXIS2_PLACEMENT_3D('',#7696,#4879,#4880);
#4140=AXIS2_PLACEMENT_3D('',#7699,#4882,#4883);
#4141=AXIS2_PLACEMENT_3D('',#7704,#4885,#4886);
#4142=AXIS2_PLACEMENT_3D('',#7708,#4888,#4889);
#4143=AXIS2_PLACEMENT_3D('',#7712,#4891,#4892);
#4144=AXIS2_PLACEMENT_3D('',#7715,#4894,#4895);
#4145=AXIS2_PLACEMENT_3D('',#7720,#4897,#4898);
#4146=AXIS2_PLACEMENT_3D('',#7724,#4900,#4901);
#4147=AXIS2_PLACEMENT_3D('',#7728,#4903,#4904);
#4148=AXIS2_PLACEMENT_3D('',#7731,#4906,#4907);
#4149=AXIS2_PLACEMENT_3D('',#7736,#4909,#4910);
#4150=AXIS2_PLACEMENT_3D('',#7740,#4912,#4913);
#4151=AXIS2_PLACEMENT_3D('',#7744,#4915,#4916);
#4152=AXIS2_PLACEMENT_3D('',#7747,#4918,#4919);
#4153=AXIS2_PLACEMENT_3D('',#7752,#4921,#4922);
#4154=AXIS2_PLACEMENT_3D('',#7756,#4924,#4925);
#4155=AXIS2_PLACEMENT_3D('',#7760,#4927,#4928);
#4156=AXIS2_PLACEMENT_3D('',#7763,#4930,#4931);
#4157=AXIS2_PLACEMENT_3D('',#7768,#4933,#4934);
#4158=AXIS2_PLACEMENT_3D('',#7772,#4936,#4937);
#4159=AXIS2_PLACEMENT_3D('',#7776,#4939,#4940);
#4160=AXIS2_PLACEMENT_3D('',#7779,#4942,#4943);
#4161=AXIS2_PLACEMENT_3D('',#7784,#4945,#4946);
#4162=AXIS2_PLACEMENT_3D('',#7788,#4948,#4949);
#4163=AXIS2_PLACEMENT_3D('',#7792,#4951,#4952);
#4164=AXIS2_PLACEMENT_3D('',#7795,#4954,#4955);
#4165=AXIS2_PLACEMENT_3D('',#7797,#4956,#4957);
#4166=AXIS2_PLACEMENT_3D('',#7798,#4958,#4959);
#4167=AXIS2_PLACEMENT_3D('',#7802,#4963,#4964);
#4168=AXIS2_PLACEMENT_3D('',#7804,#4966,#4967);
#4169=AXIS2_PLACEMENT_3D('',#7806,#4969,#4970);
#4170=AXIS2_PLACEMENT_3D('',#7808,#4972,#4973);
#4171=AXIS2_PLACEMENT_3D('',#7810,#4975,#4976);
#4172=AXIS2_PLACEMENT_3D('',#7812,#4978,#4979);
#4173=AXIS2_PLACEMENT_3D('',#7814,#4981,#4982);
#4174=AXIS2_PLACEMENT_3D('',#7816,#4984,#4985);
#4175=AXIS2_PLACEMENT_3D('',#7817,#4986,#4987);
#4176=AXIS2_PLACEMENT_3D('',#7820,#4990,#4991);
#4177=AXIS2_PLACEMENT_3D('',#7822,#4993,#4994);
#4178=AXIS2_PLACEMENT_3D('',#7824,#4996,#4997);
#4179=AXIS2_PLACEMENT_3D('',#7826,#4999,#5000);
#4180=AXIS2_PLACEMENT_3D('',#7828,#5002,#5003);
#4181=AXIS2_PLACEMENT_3D('',#7830,#5005,#5006);
#4182=AXIS2_PLACEMENT_3D('',#7832,#5008,#5009);
#4183=AXIS2_PLACEMENT_3D('',#7833,#5010,#5011);
#4184=AXIS2_PLACEMENT_3D('',#7836,#5014,#5015);
#4185=AXIS2_PLACEMENT_3D('',#7838,#5017,#5018);
#4186=AXIS2_PLACEMENT_3D('',#7840,#5020,#5021);
#4187=AXIS2_PLACEMENT_3D('',#7842,#5023,#5024);
#4188=AXIS2_PLACEMENT_3D('',#7844,#5026,#5027);
#4189=AXIS2_PLACEMENT_3D('',#7846,#5029,#5030);
#4190=AXIS2_PLACEMENT_3D('',#7848,#5032,#5033);
#4191=AXIS2_PLACEMENT_3D('',#7849,#5034,#5035);
#4192=AXIS2_PLACEMENT_3D('',#7852,#5038,#5039);
#4193=AXIS2_PLACEMENT_3D('',#7854,#5041,#5042);
#4194=AXIS2_PLACEMENT_3D('',#7856,#5044,#5045);
#4195=AXIS2_PLACEMENT_3D('',#7858,#5047,#5048);
#4196=AXIS2_PLACEMENT_3D('',#7860,#5050,#5051);
#4197=AXIS2_PLACEMENT_3D('',#7862,#5053,#5054);
#4198=AXIS2_PLACEMENT_3D('',#7864,#5056,#5057);
#4199=AXIS2_PLACEMENT_3D('',#7865,#5058,#5059);
#4200=AXIS2_PLACEMENT_3D('',#7868,#5062,#5063);
#4201=AXIS2_PLACEMENT_3D('',#7870,#5065,#5066);
#4202=AXIS2_PLACEMENT_3D('',#7872,#5068,#5069);
#4203=AXIS2_PLACEMENT_3D('',#7874,#5071,#5072);
#4204=AXIS2_PLACEMENT_3D('',#7876,#5074,#5075);
#4205=AXIS2_PLACEMENT_3D('',#7878,#5077,#5078);
#4206=AXIS2_PLACEMENT_3D('',#7880,#5080,#5081);
#4207=AXIS2_PLACEMENT_3D('',#7881,#5082,#5083);
#4208=AXIS2_PLACEMENT_3D('',#7884,#5086,#5087);
#4209=AXIS2_PLACEMENT_3D('',#7886,#5089,#5090);
#4210=AXIS2_PLACEMENT_3D('',#7888,#5092,#5093);
#4211=AXIS2_PLACEMENT_3D('',#7890,#5095,#5096);
#4212=AXIS2_PLACEMENT_3D('',#7892,#5098,#5099);
#4213=AXIS2_PLACEMENT_3D('',#7894,#5101,#5102);
#4214=AXIS2_PLACEMENT_3D('',#7896,#5104,#5105);
#4215=AXIS2_PLACEMENT_3D('',#7897,#5106,#5107);
#4216=AXIS2_PLACEMENT_3D('',#7900,#5110,#5111);
#4217=AXIS2_PLACEMENT_3D('',#7902,#5113,#5114);
#4218=AXIS2_PLACEMENT_3D('',#7904,#5116,#5117);
#4219=AXIS2_PLACEMENT_3D('',#7906,#5119,#5120);
#4220=AXIS2_PLACEMENT_3D('',#7908,#5122,#5123);
#4221=AXIS2_PLACEMENT_3D('',#7910,#5125,#5126);
#4222=AXIS2_PLACEMENT_3D('',#7912,#5128,#5129);
#4223=AXIS2_PLACEMENT_3D('',#7913,#5130,#5131);
#4224=AXIS2_PLACEMENT_3D('',#7916,#5134,#5135);
#4225=AXIS2_PLACEMENT_3D('',#7918,#5137,#5138);
#4226=AXIS2_PLACEMENT_3D('',#7920,#5140,#5141);
#4227=AXIS2_PLACEMENT_3D('',#7922,#5143,#5144);
#4228=AXIS2_PLACEMENT_3D('',#7924,#5146,#5147);
#4229=AXIS2_PLACEMENT_3D('',#7926,#5149,#5150);
#4230=AXIS2_PLACEMENT_3D('',#7928,#5152,#5153);
#4231=AXIS2_PLACEMENT_3D('',#7929,#5154,#5155);
#4232=AXIS2_PLACEMENT_3D('',#7932,#5158,#5159);
#4233=AXIS2_PLACEMENT_3D('',#7934,#5161,#5162);
#4234=AXIS2_PLACEMENT_3D('',#7936,#5164,#5165);
#4235=AXIS2_PLACEMENT_3D('',#7938,#5167,#5168);
#4236=AXIS2_PLACEMENT_3D('',#7940,#5170,#5171);
#4237=AXIS2_PLACEMENT_3D('',#7942,#5173,#5174);
#4238=AXIS2_PLACEMENT_3D('',#7944,#5176,#5177);
#4239=AXIS2_PLACEMENT_3D('',#7945,#5178,#5179);
#4240=AXIS2_PLACEMENT_3D('',#7948,#5182,#5183);
#4241=AXIS2_PLACEMENT_3D('',#7950,#5185,#5186);
#4242=AXIS2_PLACEMENT_3D('',#7952,#5188,#5189);
#4243=AXIS2_PLACEMENT_3D('',#7954,#5191,#5192);
#4244=AXIS2_PLACEMENT_3D('',#7956,#5194,#5195);
#4245=AXIS2_PLACEMENT_3D('',#7958,#5197,#5198);
#4246=AXIS2_PLACEMENT_3D('',#7960,#5200,#5201);
#4247=AXIS2_PLACEMENT_3D('',#7961,#5202,#5203);
#4248=AXIS2_PLACEMENT_3D('',#7964,#5206,#5207);
#4249=AXIS2_PLACEMENT_3D('',#7966,#5209,#5210);
#4250=AXIS2_PLACEMENT_3D('',#7968,#5212,#5213);
#4251=AXIS2_PLACEMENT_3D('',#7970,#5215,#5216);
#4252=AXIS2_PLACEMENT_3D('',#7972,#5218,#5219);
#4253=AXIS2_PLACEMENT_3D('',#7974,#5221,#5222);
#4254=AXIS2_PLACEMENT_3D('',#7976,#5224,#5225);
#4255=AXIS2_PLACEMENT_3D('',#7977,#5226,#5227);
#4256=AXIS2_PLACEMENT_3D('',#7980,#5230,#5231);
#4257=AXIS2_PLACEMENT_3D('',#7982,#5233,#5234);
#4258=AXIS2_PLACEMENT_3D('',#7984,#5236,#5237);
#4259=AXIS2_PLACEMENT_3D('',#7986,#5239,#5240);
#4260=AXIS2_PLACEMENT_3D('',#7988,#5242,#5243);
#4261=AXIS2_PLACEMENT_3D('',#7990,#5245,#5246);
#4262=AXIS2_PLACEMENT_3D('',#7992,#5248,#5249);
#4263=AXIS2_PLACEMENT_3D('',#7993,#5250,#5251);
#4264=AXIS2_PLACEMENT_3D('',#7996,#5254,#5255);
#4265=AXIS2_PLACEMENT_3D('',#7998,#5257,#5258);
#4266=AXIS2_PLACEMENT_3D('',#8000,#5260,#5261);
#4267=AXIS2_PLACEMENT_3D('',#8002,#5263,#5264);
#4268=AXIS2_PLACEMENT_3D('',#8004,#5266,#5267);
#4269=AXIS2_PLACEMENT_3D('',#8006,#5269,#5270);
#4270=AXIS2_PLACEMENT_3D('',#8008,#5272,#5273);
#4271=AXIS2_PLACEMENT_3D('',#8009,#5274,#5275);
#4272=AXIS2_PLACEMENT_3D('',#8012,#5278,#5279);
#4273=AXIS2_PLACEMENT_3D('',#8014,#5281,#5282);
#4274=AXIS2_PLACEMENT_3D('',#8016,#5284,#5285);
#4275=AXIS2_PLACEMENT_3D('',#8018,#5287,#5288);
#4276=AXIS2_PLACEMENT_3D('',#8020,#5290,#5291);
#4277=AXIS2_PLACEMENT_3D('',#8022,#5293,#5294);
#4278=AXIS2_PLACEMENT_3D('',#8024,#5296,#5297);
#4279=AXIS2_PLACEMENT_3D('',#8025,#5298,#5299);
#4280=AXIS2_PLACEMENT_3D('',#8028,#5302,#5303);
#4281=AXIS2_PLACEMENT_3D('',#8030,#5305,#5306);
#4282=AXIS2_PLACEMENT_3D('',#8032,#5308,#5309);
#4283=AXIS2_PLACEMENT_3D('',#8034,#5311,#5312);
#4284=AXIS2_PLACEMENT_3D('',#8036,#5314,#5315);
#4285=AXIS2_PLACEMENT_3D('',#8038,#5317,#5318);
#4286=AXIS2_PLACEMENT_3D('',#8040,#5320,#5321);
#4287=AXIS2_PLACEMENT_3D('',#8041,#5322,#5323);
#4288=AXIS2_PLACEMENT_3D('',#8044,#5326,#5327);
#4289=AXIS2_PLACEMENT_3D('',#8046,#5329,#5330);
#4290=AXIS2_PLACEMENT_3D('',#8048,#5332,#5333);
#4291=AXIS2_PLACEMENT_3D('',#8050,#5335,#5336);
#4292=AXIS2_PLACEMENT_3D('',#8052,#5338,#5339);
#4293=AXIS2_PLACEMENT_3D('',#8054,#5341,#5342);
#4294=AXIS2_PLACEMENT_3D('',#8056,#5344,#5345);
#4295=AXIS2_PLACEMENT_3D('',#8057,#5346,#5347);
#4296=AXIS2_PLACEMENT_3D('',#8060,#5350,#5351);
#4297=AXIS2_PLACEMENT_3D('',#8062,#5353,#5354);
#4298=AXIS2_PLACEMENT_3D('',#8064,#5356,#5357);
#4299=AXIS2_PLACEMENT_3D('',#8066,#5359,#5360);
#4300=AXIS2_PLACEMENT_3D('',#8068,#5362,#5363);
#4301=AXIS2_PLACEMENT_3D('',#8070,#5365,#5366);
#4302=AXIS2_PLACEMENT_3D('',#8072,#5368,#5369);
#4303=AXIS2_PLACEMENT_3D('',#8073,#5370,#5371);
#4304=AXIS2_PLACEMENT_3D('',#8076,#5374,#5375);
#4305=AXIS2_PLACEMENT_3D('',#8078,#5377,#5378);
#4306=AXIS2_PLACEMENT_3D('',#8080,#5380,#5381);
#4307=AXIS2_PLACEMENT_3D('',#8082,#5383,#5384);
#4308=AXIS2_PLACEMENT_3D('',#8084,#5386,#5387);
#4309=AXIS2_PLACEMENT_3D('',#8086,#5389,#5390);
#4310=AXIS2_PLACEMENT_3D('',#8088,#5392,#5393);
#4311=AXIS2_PLACEMENT_3D('',#8089,#5394,#5395);
#4312=AXIS2_PLACEMENT_3D('',#8092,#5398,#5399);
#4313=AXIS2_PLACEMENT_3D('',#8094,#5401,#5402);
#4314=AXIS2_PLACEMENT_3D('',#8096,#5404,#5405);
#4315=AXIS2_PLACEMENT_3D('',#8098,#5407,#5408);
#4316=AXIS2_PLACEMENT_3D('',#8100,#5410,#5411);
#4317=AXIS2_PLACEMENT_3D('',#8102,#5413,#5414);
#4318=AXIS2_PLACEMENT_3D('',#8104,#5416,#5417);
#4319=AXIS2_PLACEMENT_3D('',#8105,#5418,#5419);
#4320=AXIS2_PLACEMENT_3D('',#8108,#5422,#5423);
#4321=AXIS2_PLACEMENT_3D('',#8110,#5425,#5426);
#4322=AXIS2_PLACEMENT_3D('',#8112,#5428,#5429);
#4323=AXIS2_PLACEMENT_3D('',#8114,#5431,#5432);
#4324=AXIS2_PLACEMENT_3D('',#8116,#5434,#5435);
#4325=AXIS2_PLACEMENT_3D('',#8118,#5437,#5438);
#4326=AXIS2_PLACEMENT_3D('',#8120,#5440,#5441);
#4327=AXIS2_PLACEMENT_3D('',#8121,#5442,#5443);
#4328=AXIS2_PLACEMENT_3D('',#8124,#5446,#5447);
#4329=AXIS2_PLACEMENT_3D('',#8126,#5449,#5450);
#4330=AXIS2_PLACEMENT_3D('',#8128,#5452,#5453);
#4331=AXIS2_PLACEMENT_3D('',#8130,#5455,#5456);
#4332=AXIS2_PLACEMENT_3D('',#8132,#5458,#5459);
#4333=AXIS2_PLACEMENT_3D('',#8134,#5461,#5462);
#4334=AXIS2_PLACEMENT_3D('',#8136,#5464,#5465);
#4335=DIRECTION('',(0.,0.,1.));
#4336=DIRECTION('',(1.,0.,0.));
#4337=DIRECTION('',(0.,0.,-1.));
#4338=DIRECTION('',(-1.,0.,0.));
#4339=DIRECTION('',(2.22044604925031E-16,0.,1.));
#4340=DIRECTION('',(1.,0.,-2.22044604925031E-16));
#4341=DIRECTION('',(0.,-0.730106537128741,-0.683333333331456));
#4342=DIRECTION('',(0.,0.683333333331456,-0.730106537128741));
#4343=DIRECTION('',(0.,-7.98127871481639E-16,-1.));
#4344=DIRECTION('',(0.,1.,-7.98127871481639E-16));
#4345=DIRECTION('',(0.,0.730106537125227,-0.683333333335211));
#4346=DIRECTION('',(0.,-0.683333333335211,-0.730106537125227));
#4347=DIRECTION('',(0.,-7.98127871481639E-16,-1.));
#4348=DIRECTION('',(0.,1.,-7.98127871481639E-16));
#4349=DIRECTION('',(1.,0.,0.));
#4350=DIRECTION('',(0.,1.,0.));
#4351=DIRECTION('',(1.,0.,0.));
#4352=DIRECTION('',(0.,0.,-1.));
#4353=DIRECTION('',(0.,1.,-7.98127871481639E-16));
#4354=DIRECTION('',(0.,0.683333333331456,-0.730106537128741));
#4355=DIRECTION('',(1.,0.,0.));
#4356=DIRECTION('',(0.,0.,-1.));
#4357=DIRECTION('',(0.,-0.804878048780488,-0.593440246858362));
#4358=DIRECTION('',(0.,-1.,0.));
#4359=DIRECTION('',(0.,-0.804878048780488,0.593440246858362));
#4360=DIRECTION('',(1.,0.,0.));
#4361=DIRECTION('',(0.,0.,-1.));
#4362=DIRECTION('',(0.,0.683333333335211,0.730106537125227));
#4363=DIRECTION('',(1.,0.,0.));
#4364=DIRECTION('',(0.,1.,0.));
#4365=DIRECTION('',(0.,-0.760405965600031,0.649448048330184));
#4366=DIRECTION('',(-1.,0.,0.));
#4367=DIRECTION('',(0.,0.,1.));
#4368=DIRECTION('',(0.,-0.649448048330184,-0.760405965600031));
#4369=DIRECTION('',(-1.,0.,0.));
#4370=DIRECTION('',(0.,0.,1.));
#4371=DIRECTION('',(0.,-0.760405965600031,0.649448048330184));
#4372=DIRECTION('',(-1.,0.,0.));
#4373=DIRECTION('',(0.,0.,1.));
#4374=DIRECTION('',(0.,-0.649448048330183,-0.760405965600031));
#4375=DIRECTION('',(-1.,0.,0.));
#4376=DIRECTION('',(0.,0.,1.));
#4377=DIRECTION('',(0.,-0.522498564715949,0.852640164354092));
#4378=DIRECTION('',(-1.,0.,0.));
#4379=DIRECTION('',(0.,0.,1.));
#4380=DIRECTION('',(0.,-0.852640164354092,-0.522498564715949));
#4381=DIRECTION('',(-1.,0.,0.));
#4382=DIRECTION('',(0.,0.,1.));
#4383=DIRECTION('',(0.,-0.522498564715949,0.852640164354092));
#4384=DIRECTION('',(-1.,0.,0.));
#4385=DIRECTION('',(0.,0.,1.));
#4386=DIRECTION('',(0.,-0.852640164354092,-0.522498564715949));
#4387=DIRECTION('',(-1.,0.,0.));
#4388=DIRECTION('',(0.,0.,1.));
#4389=DIRECTION('',(0.,-0.923879532511287,0.38268343236509));
#4390=DIRECTION('',(-1.,0.,0.));
#4391=DIRECTION('',(0.,0.,1.));
#4392=DIRECTION('',(0.,-0.382683432365091,-0.923879532511287));
#4393=DIRECTION('',(-1.,0.,0.));
#4394=DIRECTION('',(0.,0.,1.));
#4395=DIRECTION('',(0.,-0.923879532511287,0.38268343236509));
#4396=DIRECTION('',(-1.,0.,0.));
#4397=DIRECTION('',(0.,0.,1.));
#4398=DIRECTION('',(0.,-0.38268343236509,-0.923879532511287));
#4399=DIRECTION('',(-1.,0.,0.));
#4400=DIRECTION('',(0.,0.,1.));
#4401=DIRECTION('',(0.,-0.996917333733128,0.0784590957278451));
#4402=DIRECTION('',(-1.,0.,0.));
#4403=DIRECTION('',(0.,0.,1.));
#4404=DIRECTION('',(0.,-0.0784590957278455,-0.996917333733128));
#4405=DIRECTION('',(-1.,0.,0.));
#4406=DIRECTION('',(0.,0.,1.));
#4407=DIRECTION('',(0.,-0.996917333733128,0.0784590957278452));
#4408=DIRECTION('',(-1.,0.,0.));
#4409=DIRECTION('',(0.,0.,1.));
#4410=DIRECTION('',(0.,-0.0784590957278442,-0.996917333733128));
#4411=DIRECTION('',(-1.,0.,0.));
#4412=DIRECTION('',(0.,0.,1.));
#4413=DIRECTION('',(0.,-0.233445363855905,0.972369920397677));
#4414=DIRECTION('',(-1.,0.,0.));
#4415=DIRECTION('',(0.,0.,1.));
#4416=DIRECTION('',(0.,-0.972369920397677,-0.233445363855906));
#4417=DIRECTION('',(-1.,0.,0.));
#4418=DIRECTION('',(0.,0.,1.));
#4419=DIRECTION('',(0.,-0.233445363855905,0.972369920397677));
#4420=DIRECTION('',(-1.,0.,0.));
#4421=DIRECTION('',(0.,0.,1.));
#4422=DIRECTION('',(0.,-0.972369920397677,-0.233445363855905));
#4423=DIRECTION('',(-1.,0.,0.));
#4424=DIRECTION('',(0.,0.,1.));
#4425=DIRECTION('',(0.,0.0784590957278453,0.996917333733128));
#4426=DIRECTION('',(-1.,0.,0.));
#4427=DIRECTION('',(0.,0.,1.));
#4428=DIRECTION('',(0.,-0.996917333733128,0.0784590957278442));
#4429=DIRECTION('',(-1.,0.,0.));
#4430=DIRECTION('',(0.,0.,1.));
#4431=DIRECTION('',(0.,0.0784590957278453,0.996917333733128));
#4432=DIRECTION('',(-1.,0.,0.));
#4433=DIRECTION('',(0.,0.,1.));
#4434=DIRECTION('',(0.,-0.996917333733128,0.0784590957278454));
#4435=DIRECTION('',(-1.,0.,0.));
#4436=DIRECTION('',(0.,0.,1.));
#4437=DIRECTION('',(0.,0.649448048330184,0.760405965600031));
#4438=DIRECTION('',(-1.,0.,0.));
#4439=DIRECTION('',(0.,0.,1.));
#4440=DIRECTION('',(0.,-0.760405965600031,0.649448048330183));
#4441=DIRECTION('',(-1.,0.,0.));
#4442=DIRECTION('',(0.,0.,1.));
#4443=DIRECTION('',(0.,0.649448048330184,0.760405965600031));
#4444=DIRECTION('',(-1.,0.,0.));
#4445=DIRECTION('',(0.,0.,1.));
#4446=DIRECTION('',(0.,-0.760405965600031,0.649448048330184));
#4447=DIRECTION('',(-1.,0.,0.));
#4448=DIRECTION('',(0.,0.,1.));
#4449=DIRECTION('',(0.,0.38268343236509,0.923879532511287));
#4450=DIRECTION('',(-1.,0.,0.));
#4451=DIRECTION('',(0.,0.,1.));
#4452=DIRECTION('',(0.,-0.923879532511287,0.38268343236509));
#4453=DIRECTION('',(-1.,0.,0.));
#4454=DIRECTION('',(0.,0.,1.));
#4455=DIRECTION('',(0.,0.382683432365091,0.923879532511287));
#4456=DIRECTION('',(-1.,0.,0.));
#4457=DIRECTION('',(0.,0.,1.));
#4458=DIRECTION('',(0.,-0.923879532511287,0.382683432365091));
#4459=DIRECTION('',(-1.,0.,0.));
#4460=DIRECTION('',(0.,0.,1.));
#4461=DIRECTION('',(0.,0.233445363855905,-0.972369920397677));
#4462=DIRECTION('',(-1.,0.,0.));
#4463=DIRECTION('',(0.,0.,1.));
#4464=DIRECTION('',(0.,0.972369920397677,0.233445363855906));
#4465=DIRECTION('',(-1.,0.,0.));
#4466=DIRECTION('',(0.,0.,1.));
#4467=DIRECTION('',(0.,0.233445363855906,-0.972369920397677));
#4468=DIRECTION('',(-1.,0.,0.));
#4469=DIRECTION('',(0.,0.,1.));
#4470=DIRECTION('',(0.,0.972369920397677,0.233445363855906));
#4471=DIRECTION('',(-1.,0.,0.));
#4472=DIRECTION('',(0.,0.,1.));
#4473=DIRECTION('',(0.,-0.38268343236509,-0.923879532511287));
#4474=DIRECTION('',(-1.,0.,0.));
#4475=DIRECTION('',(0.,0.,1.));
#4476=DIRECTION('',(0.,0.923879532511287,-0.38268343236509));
#4477=DIRECTION('',(-1.,0.,0.));
#4478=DIRECTION('',(0.,0.,1.));
#4479=DIRECTION('',(0.,-0.38268343236509,-0.923879532511287));
#4480=DIRECTION('',(-1.,0.,0.));
#4481=DIRECTION('',(0.,0.,1.));
#4482=DIRECTION('',(0.,0.923879532511287,-0.38268343236509));
#4483=DIRECTION('',(-1.,0.,0.));
#4484=DIRECTION('',(0.,0.,1.));
#4485=DIRECTION('',(0.,0.760405965600031,-0.649448048330184));
#4486=DIRECTION('',(-1.,0.,0.));
#4487=DIRECTION('',(0.,0.,1.));
#4488=DIRECTION('',(0.,0.649448048330184,0.760405965600031));
#4489=DIRECTION('',(-1.,0.,0.));
#4490=DIRECTION('',(0.,0.,1.));
#4491=DIRECTION('',(0.,0.760405965600031,-0.649448048330184));
#4492=DIRECTION('',(-1.,0.,0.));
#4493=DIRECTION('',(0.,0.,1.));
#4494=DIRECTION('',(0.,0.649448048330183,0.760405965600031));
#4495=DIRECTION('',(-1.,0.,0.));
#4496=DIRECTION('',(0.,0.,1.));
#4497=DIRECTION('',(0.,0.522498564715949,-0.852640164354092));
#4498=DIRECTION('',(-1.,0.,0.));
#4499=DIRECTION('',(0.,0.,1.));
#4500=DIRECTION('',(0.,0.852640164354092,0.522498564715949));
#4501=DIRECTION('',(-1.,0.,0.));
#4502=DIRECTION('',(0.,0.,1.));
#4503=DIRECTION('',(0.,0.522498564715949,-0.852640164354092));
#4504=DIRECTION('',(-1.,0.,0.));
#4505=DIRECTION('',(0.,0.,1.));
#4506=DIRECTION('',(0.,0.852640164354093,0.522498564715948));
#4507=DIRECTION('',(-1.,0.,0.));
#4508=DIRECTION('',(0.,0.,1.));
#4509=DIRECTION('',(0.,0.923879532511287,-0.38268343236509));
#4510=DIRECTION('',(-1.,0.,0.));
#4511=DIRECTION('',(0.,0.,1.));
#4512=DIRECTION('',(0.,0.382683432365091,0.923879532511287));
#4513=DIRECTION('',(-1.,0.,0.));
#4514=DIRECTION('',(0.,0.,1.));
#4515=DIRECTION('',(0.,0.923879532511287,-0.38268343236509));
#4516=DIRECTION('',(-1.,0.,0.));
#4517=DIRECTION('',(0.,0.,1.));
#4518=DIRECTION('',(0.,0.38268343236509,0.923879532511287));
#4519=DIRECTION('',(-1.,0.,0.));
#4520=DIRECTION('',(0.,0.,1.));
#4521=DIRECTION('',(0.,0.996917333733128,-0.0784590957278452));
#4522=DIRECTION('',(-1.,0.,0.));
#4523=DIRECTION('',(0.,0.,1.));
#4524=DIRECTION('',(0.,0.0784590957278454,0.996917333733128));
#4525=DIRECTION('',(-1.,0.,0.));
#4526=DIRECTION('',(0.,0.,1.));
#4527=DIRECTION('',(0.,0.996917333733128,-0.0784590957278452));
#4528=DIRECTION('',(-1.,0.,0.));
#4529=DIRECTION('',(0.,0.,1.));
#4530=DIRECTION('',(0.,0.0784590957278443,0.996917333733128));
#4531=DIRECTION('',(-1.,0.,0.));
#4532=DIRECTION('',(0.,0.,1.));
#4533=DIRECTION('',(0.,0.972369920397677,0.233445363855905));
#4534=DIRECTION('',(-1.,0.,0.));
#4535=DIRECTION('',(0.,0.,1.));
#4536=DIRECTION('',(0.,-0.233445363855905,0.972369920397677));
#4537=DIRECTION('',(-1.,0.,0.));
#4538=DIRECTION('',(0.,0.,1.));
#4539=DIRECTION('',(0.,0.972369920397677,0.233445363855905));
#4540=DIRECTION('',(-1.,0.,0.));
#4541=DIRECTION('',(0.,0.,1.));
#4542=DIRECTION('',(0.,-0.233445363855905,0.972369920397677));
#4543=DIRECTION('',(-1.,0.,0.));
#4544=DIRECTION('',(0.,0.,1.));
#4545=DIRECTION('',(0.,0.852640164354092,0.522498564715949));
#4546=DIRECTION('',(-1.,0.,0.));
#4547=DIRECTION('',(0.,0.,1.));
#4548=DIRECTION('',(0.,-0.522498564715949,0.852640164354092));
#4549=DIRECTION('',(-1.,0.,0.));
#4550=DIRECTION('',(0.,0.,1.));
#4551=DIRECTION('',(0.,0.852640164354093,0.522498564715948));
#4552=DIRECTION('',(-1.,0.,0.));
#4553=DIRECTION('',(0.,0.,1.));
#4554=DIRECTION('',(0.,-0.522498564715949,0.852640164354092));
#4555=DIRECTION('',(-1.,0.,0.));
#4556=DIRECTION('',(0.,0.,1.));
#4557=DIRECTION('',(0.,-0.649448048330184,-0.760405965600031));
#4558=DIRECTION('',(-1.,0.,0.));
#4559=DIRECTION('',(0.,0.,1.));
#4560=DIRECTION('',(0.,0.760405965600031,-0.649448048330184));
#4561=DIRECTION('',(-1.,0.,0.));
#4562=DIRECTION('',(0.,0.,1.));
#4563=DIRECTION('',(0.,-0.649448048330184,-0.760405965600031));
#4564=DIRECTION('',(-1.,0.,0.));
#4565=DIRECTION('',(0.,0.,1.));
#4566=DIRECTION('',(0.,0.760405965600031,-0.649448048330183));
#4567=DIRECTION('',(-1.,0.,0.));
#4568=DIRECTION('',(0.,0.,1.));
#4569=DIRECTION('',(0.,-0.852640164354092,-0.522498564715949));
#4570=DIRECTION('',(-1.,0.,0.));
#4571=DIRECTION('',(0.,0.,1.));
#4572=DIRECTION('',(0.,0.522498564715949,-0.852640164354092));
#4573=DIRECTION('',(-1.,0.,0.));
#4574=DIRECTION('',(0.,0.,1.));
#4575=DIRECTION('',(0.,-0.852640164354092,-0.522498564715949));
#4576=DIRECTION('',(-1.,0.,0.));
#4577=DIRECTION('',(0.,0.,1.));
#4578=DIRECTION('',(0.,0.522498564715949,-0.852640164354092));
#4579=DIRECTION('',(-1.,0.,0.));
#4580=DIRECTION('',(0.,0.,1.));
#4581=DIRECTION('',(0.,-0.972369920397677,-0.233445363855905));
#4582=DIRECTION('',(-1.,0.,0.));
#4583=DIRECTION('',(0.,0.,1.));
#4584=DIRECTION('',(0.,0.233445363855906,-0.972369920397677));
#4585=DIRECTION('',(-1.,0.,0.));
#4586=DIRECTION('',(0.,0.,1.));
#4587=DIRECTION('',(0.,-0.972369920397677,-0.233445363855906));
#4588=DIRECTION('',(-1.,0.,0.));
#4589=DIRECTION('',(0.,0.,1.));
#4590=DIRECTION('',(0.,0.233445363855906,-0.972369920397677));
#4591=DIRECTION('',(-1.,0.,0.));
#4592=DIRECTION('',(0.,0.,1.));
#4593=DIRECTION('',(0.,-0.0784590957278452,-0.996917333733128));
#4594=DIRECTION('',(-1.,0.,0.));
#4595=DIRECTION('',(0.,0.,1.));
#4596=DIRECTION('',(0.,0.996917333733128,-0.0784590957278454));
#4597=DIRECTION('',(-1.,0.,0.));
#4598=DIRECTION('',(0.,0.,1.));
#4599=DIRECTION('',(0.,-0.0784590957278451,-0.996917333733128));
#4600=DIRECTION('',(-1.,0.,0.));
#4601=DIRECTION('',(0.,0.,1.));
#4602=DIRECTION('',(0.,0.996917333733128,-0.0784590957278457));
#4603=DIRECTION('',(-1.,0.,0.));
#4604=DIRECTION('',(0.,0.,1.));
#4605=DIRECTION('',(1.,0.,0.));
#4606=DIRECTION('',(0.,0.,-1.));
#4607=DIRECTION('',(0.,-0.683333333331456,0.730106537128741));
#4608=DIRECTION('',(0.,-1.,7.98127871481639E-16));
#4609=DIRECTION('',(0.,-0.683333333335211,-0.730106537125227));
#4610=DIRECTION('',(1.,0.,0.));
#4611=DIRECTION('',(0.,0.,-1.));
#4612=DIRECTION('',(0.,0.804878048780488,-0.593440246858362));
#4613=DIRECTION('',(0.,1.,0.));
#4614=DIRECTION('',(0.,0.804878048780488,0.593440246858362));
#4615=DIRECTION('',(1.,0.,0.));
#4616=DIRECTION('',(0.,0.,-1.));
#4617=DIRECTION('',(-1.,0.,0.));
#4618=DIRECTION('',(0.,0.,1.));
#4619=DIRECTION('',(1.,0.,0.));
#4620=DIRECTION('',(0.,0.,-1.));
#4621=DIRECTION('',(0.,1.,3.12510355381096E-16));
#4622=DIRECTION('',(1.,0.,0.));
#4623=DIRECTION('',(0.,0.,-1.));
#4624=DIRECTION('',(0.,-1.,0.));
#4625=DIRECTION('',(-1.,0.,0.));
#4626=DIRECTION('',(0.,0.,1.));
#4627=DIRECTION('',(1.,0.,0.));
#4628=DIRECTION('',(0.,0.,-1.));
#4629=DIRECTION('',(-1.,0.,0.));
#4630=DIRECTION('',(0.,-3.51529915347151E-17,1.));
#4631=DIRECTION('',(1.,-2.94162051384705E-16,7.21174464596735E-17));
#4632=DIRECTION('',(-7.21174464596734E-17,-6.12323399573677E-17,1.));
#4633=DIRECTION('',(-1.,0.,0.));
#4634=DIRECTION('',(0.,0.,1.));
#4635=DIRECTION('',(0.,0.,-1.));
#4636=DIRECTION('',(-1.,0.,0.));
#4637=DIRECTION('',(-2.22044604925031E-16,0.,-1.));
#4638=DIRECTION('',(-1.,0.,2.22044604925031E-16));
#4639=DIRECTION('',(-2.22044604925031E-16,0.,-1.));
#4640=DIRECTION('',(-1.,0.,2.22044604925031E-16));
#4641=DIRECTION('',(-1.,0.,0.));
#4642=DIRECTION('',(0.,0.,1.));
#4643=DIRECTION('',(-1.,0.,2.22044604925031E-16));
#4644=DIRECTION('',(1.,0.,0.));
#4645=DIRECTION('',(0.,0.,-1.));
#4646=DIRECTION('',(1.,0.,-2.22044604925031E-16));
#4647=DIRECTION('',(1.,0.,-2.22044604925031E-16));
#4648=DIRECTION('',(-2.22044604925031E-16,0.,-1.));
#4649=DIRECTION('',(0.,0.,1.));
#4650=DIRECTION('',(0.,-1.,0.));
#4651=DIRECTION('',(1.,0.,-2.22044604925031E-16));
#4652=DIRECTION('',(0.,-1.,0.));
#4653=DIRECTION('',(-1.,0.,2.22044604925031E-16));
#4654=DIRECTION('',(1.41729216843102E-16,0.769794629681514,0.638291648162108));
#4655=DIRECTION('',(1.70928744421043E-16,-0.638291648162108,0.769794629681514));
#4656=DIRECTION('',(0.,-0.638291648162108,0.769794629681514));
#4657=DIRECTION('',(0.,0.,-1.));
#4658=DIRECTION('',(-1.,0.,0.));
#4659=DIRECTION('',(0.,1.,0.));
#4660=DIRECTION('',(1.,0.,-2.22044604925031E-16));
#4661=DIRECTION('',(1.,0.,-2.22044604925031E-16));
#4662=DIRECTION('',(0.,0.,1.));
#4663=DIRECTION('',(0.,1.,0.));
#4664=DIRECTION('',(0.,1.,0.));
#4665=DIRECTION('',(1.,0.,-2.22044604925031E-16));
#4666=DIRECTION('',(0.,-1.,0.));
#4667=DIRECTION('',(1.,0.,0.));
#4668=DIRECTION('',(0.,1.,0.));
#4669=DIRECTION('',(0.,-1.,0.));
#4670=DIRECTION('',(2.22044604925031E-16,0.,1.));
#4671=DIRECTION('',(0.,1.,0.));
#4672=DIRECTION('',(2.22044604925031E-16,0.,1.));
#4673=DIRECTION('',(-1.,0.,0.));
#4674=DIRECTION('',(0.,-1.,0.));
#4675=DIRECTION('',(2.22044604925031E-16,0.,1.));
#4676=DIRECTION('',(0.,-1.,0.));
#4677=DIRECTION('',(2.22044604925031E-16,0.,1.));
#4678=DIRECTION('',(0.,0.,1.));
#4679=DIRECTION('',(0.,1.,0.));
#4680=DIRECTION('',(-1.,0.,2.22044604925031E-16));
#4681=DIRECTION('',(-1.,0.,6.34413156928661E-17));
#4682=DIRECTION('',(-2.57150486098242E-18,0.,-1.));
#4683=DIRECTION('',(1.41729216843102E-16,-0.769794629681514,0.638291648162108));
#4684=DIRECTION('',(-1.70928744421043E-16,-0.638291648162108,-0.769794629681514));
#4685=DIRECTION('',(0.,-0.638291648162108,-0.769794629681514));
#4686=DIRECTION('',(0.,0.,1.));
#4687=DIRECTION('',(1.,0.,0.));
#4688=DIRECTION('',(1.,0.,-2.22044604925031E-16));
#4689=DIRECTION('',(0.,-1.,0.));
#4690=DIRECTION('',(1.,0.,-2.22044604925031E-16));
#4691=DIRECTION('',(0.,1.,0.));
#4692=DIRECTION('',(1.,0.,-2.22044604925031E-16));
#4693=DIRECTION('',(1.,0.,-2.22044604925031E-16));
#4694=DIRECTION('',(0.,0.,1.));
#4695=DIRECTION('',(0.,-1.,0.));
#4696=DIRECTION('',(-1.,0.,2.22044604925031E-16));
#4697=DIRECTION('',(1.,0.,-2.22044604925031E-16));
#4698=DIRECTION('',(0.,0.,-1.));
#4699=DIRECTION('',(0.,0.,-1.));
#4700=DIRECTION('',(-1.,0.,0.));
#4701=DIRECTION('',(0.,1.,0.));
#4702=DIRECTION('',(-1.,0.,0.));
#4703=DIRECTION('',(0.,0.,1.));
#4704=DIRECTION('',(-1.,0.,0.));
#4705=DIRECTION('',(-1.,0.,0.));
#4706=DIRECTION('',(0.,0.,-1.));
#4707=DIRECTION('',(-1.,0.,0.));
#4708=DIRECTION('',(0.,-3.12510355381096E-16,1.));
#4709=DIRECTION('',(0.,-1.,-3.12510355381096E-16));
#4710=DIRECTION('',(-1.,0.,0.));
#4711=DIRECTION('',(0.,-1.,0.));
#4712=DIRECTION('',(1.,0.,0.));
#4713=DIRECTION('',(0.,1.,0.));
#4714=DIRECTION('',(1.,0.,0.));
#4715=DIRECTION('',(0.,0.,-1.));
#4716=DIRECTION('',(0.,-0.760405965600031,0.649448048330184));
#4717=DIRECTION('',(1.,0.,0.));
#4718=DIRECTION('',(0.,0.,-1.));
#4719=DIRECTION('',(0.,-0.649448048330183,-0.760405965600031));
#4720=DIRECTION('',(1.,0.,0.));
#4721=DIRECTION('',(0.,0.,-1.));
#4722=DIRECTION('',(0.,-0.760405965600031,0.649448048330184));
#4723=DIRECTION('',(1.,0.,0.));
#4724=DIRECTION('',(0.,0.,-1.));
#4725=DIRECTION('',(0.,-0.649448048330184,-0.760405965600031));
#4726=DIRECTION('',(1.,0.,0.));
#4727=DIRECTION('',(0.,0.,-1.));
#4728=DIRECTION('',(0.,-0.522498564715949,0.852640164354092));
#4729=DIRECTION('',(1.,0.,0.));
#4730=DIRECTION('',(0.,0.,-1.));
#4731=DIRECTION('',(0.,-0.852640164354092,-0.522498564715949));
#4732=DIRECTION('',(1.,0.,0.));
#4733=DIRECTION('',(0.,0.,-1.));
#4734=DIRECTION('',(0.,-0.522498564715949,0.852640164354092));
#4735=DIRECTION('',(1.,0.,0.));
#4736=DIRECTION('',(0.,0.,-1.));
#4737=DIRECTION('',(0.,-0.852640164354092,-0.522498564715949));
#4738=DIRECTION('',(1.,0.,0.));
#4739=DIRECTION('',(0.,0.,-1.));
#4740=DIRECTION('',(0.,-0.923879532511287,0.38268343236509));
#4741=DIRECTION('',(1.,0.,0.));
#4742=DIRECTION('',(0.,0.,-1.));
#4743=DIRECTION('',(0.,-0.38268343236509,-0.923879532511287));
#4744=DIRECTION('',(1.,0.,0.));
#4745=DIRECTION('',(0.,0.,-1.));
#4746=DIRECTION('',(0.,-0.923879532511287,0.382683432365091));
#4747=DIRECTION('',(1.,0.,0.));
#4748=DIRECTION('',(0.,0.,-1.));
#4749=DIRECTION('',(0.,-0.382683432365091,-0.923879532511287));
#4750=DIRECTION('',(1.,0.,0.));
#4751=DIRECTION('',(0.,0.,-1.));
#4752=DIRECTION('',(0.,-0.996917333733128,0.0784590957278451));
#4753=DIRECTION('',(1.,0.,0.));
#4754=DIRECTION('',(0.,0.,-1.));
#4755=DIRECTION('',(0.,-0.0784590957278442,-0.996917333733128));
#4756=DIRECTION('',(1.,0.,0.));
#4757=DIRECTION('',(0.,0.,-1.));
#4758=DIRECTION('',(0.,-0.996917333733128,0.0784590957278452));
#4759=DIRECTION('',(1.,0.,0.));
#4760=DIRECTION('',(0.,0.,-1.));
#4761=DIRECTION('',(0.,-0.0784590957278455,-0.996917333733128));
#4762=DIRECTION('',(1.,0.,0.));
#4763=DIRECTION('',(0.,0.,-1.));
#4764=DIRECTION('',(0.,-0.233445363855905,0.972369920397677));
#4765=DIRECTION('',(1.,0.,0.));
#4766=DIRECTION('',(0.,0.,-1.));
#4767=DIRECTION('',(0.,-0.972369920397677,-0.233445363855905));
#4768=DIRECTION('',(1.,0.,0.));
#4769=DIRECTION('',(0.,0.,-1.));
#4770=DIRECTION('',(0.,-0.233445363855905,0.972369920397677));
#4771=DIRECTION('',(1.,0.,0.));
#4772=DIRECTION('',(0.,0.,-1.));
#4773=DIRECTION('',(0.,-0.972369920397677,-0.233445363855906));
#4774=DIRECTION('',(1.,0.,0.));
#4775=DIRECTION('',(0.,0.,-1.));
#4776=DIRECTION('',(0.,0.0784590957278453,0.996917333733128));
#4777=DIRECTION('',(1.,0.,0.));
#4778=DIRECTION('',(0.,0.,-1.));
#4779=DIRECTION('',(0.,-0.996917333733128,0.0784590957278454));
#4780=DIRECTION('',(1.,0.,0.));
#4781=DIRECTION('',(0.,0.,-1.));
#4782=DIRECTION('',(0.,0.0784590957278453,0.996917333733128));
#4783=DIRECTION('',(1.,0.,0.));
#4784=DIRECTION('',(0.,0.,-1.));
#4785=DIRECTION('',(0.,-0.996917333733128,0.0784590957278442));
#4786=DIRECTION('',(1.,0.,0.));
#4787=DIRECTION('',(0.,0.,-1.));
#4788=DIRECTION('',(0.,0.649448048330184,0.760405965600031));
#4789=DIRECTION('',(1.,0.,0.));
#4790=DIRECTION('',(0.,0.,-1.));
#4791=DIRECTION('',(0.,-0.760405965600031,0.649448048330184));
#4792=DIRECTION('',(1.,0.,0.));
#4793=DIRECTION('',(0.,0.,-1.));
#4794=DIRECTION('',(0.,0.649448048330184,0.760405965600031));
#4795=DIRECTION('',(1.,0.,0.));
#4796=DIRECTION('',(0.,0.,-1.));
#4797=DIRECTION('',(0.,-0.760405965600031,0.649448048330183));
#4798=DIRECTION('',(1.,0.,0.));
#4799=DIRECTION('',(0.,0.,-1.));
#4800=DIRECTION('',(0.,0.38268343236509,0.923879532511287));
#4801=DIRECTION('',(1.,0.,0.));
#4802=DIRECTION('',(0.,0.,-1.));
#4803=DIRECTION('',(0.,-0.923879532511287,0.382683432365091));
#4804=DIRECTION('',(1.,0.,0.));
#4805=DIRECTION('',(0.,0.,-1.));
#4806=DIRECTION('',(0.,0.382683432365091,0.923879532511287));
#4807=DIRECTION('',(1.,0.,0.));
#4808=DIRECTION('',(0.,0.,-1.));
#4809=DIRECTION('',(0.,-0.923879532511287,0.38268343236509));
#4810=DIRECTION('',(1.,0.,0.));
#4811=DIRECTION('',(0.,0.,-1.));
#4812=DIRECTION('',(0.,0.233445363855905,-0.972369920397677));
#4813=DIRECTION('',(1.,0.,0.));
#4814=DIRECTION('',(0.,0.,-1.));
#4815=DIRECTION('',(0.,0.972369920397677,0.233445363855906));
#4816=DIRECTION('',(1.,0.,0.));
#4817=DIRECTION('',(0.,0.,-1.));
#4818=DIRECTION('',(0.,0.233445363855906,-0.972369920397677));
#4819=DIRECTION('',(1.,0.,0.));
#4820=DIRECTION('',(0.,0.,-1.));
#4821=DIRECTION('',(0.,0.972369920397677,0.233445363855906));
#4822=DIRECTION('',(1.,0.,0.));
#4823=DIRECTION('',(0.,0.,-1.));
#4824=DIRECTION('',(0.,-0.38268343236509,-0.923879532511287));
#4825=DIRECTION('',(1.,0.,0.));
#4826=DIRECTION('',(0.,0.,-1.));
#4827=DIRECTION('',(0.,0.923879532511287,-0.38268343236509));
#4828=DIRECTION('',(1.,0.,0.));
#4829=DIRECTION('',(0.,0.,-1.));
#4830=DIRECTION('',(0.,-0.382683432365091,-0.923879532511287));
#4831=DIRECTION('',(1.,0.,0.));
#4832=DIRECTION('',(0.,0.,-1.));
#4833=DIRECTION('',(0.,0.923879532511287,-0.38268343236509));
#4834=DIRECTION('',(1.,0.,0.));
#4835=DIRECTION('',(0.,0.,-1.));
#4836=DIRECTION('',(0.,0.760405965600031,-0.649448048330184));
#4837=DIRECTION('',(1.,0.,0.));
#4838=DIRECTION('',(0.,0.,-1.));
#4839=DIRECTION('',(0.,0.649448048330183,0.760405965600031));
#4840=DIRECTION('',(1.,0.,0.));
#4841=DIRECTION('',(0.,0.,-1.));
#4842=DIRECTION('',(0.,0.760405965600031,-0.649448048330184));
#4843=DIRECTION('',(1.,0.,0.));
#4844=DIRECTION('',(0.,0.,-1.));
#4845=DIRECTION('',(0.,0.649448048330184,0.760405965600031));
#4846=DIRECTION('',(1.,0.,0.));
#4847=DIRECTION('',(0.,0.,-1.));
#4848=DIRECTION('',(0.,0.522498564715949,-0.852640164354092));
#4849=DIRECTION('',(1.,0.,0.));
#4850=DIRECTION('',(0.,0.,-1.));
#4851=DIRECTION('',(0.,0.852640164354093,0.522498564715948));
#4852=DIRECTION('',(1.,0.,0.));
#4853=DIRECTION('',(0.,0.,-1.));
#4854=DIRECTION('',(0.,0.522498564715949,-0.852640164354092));
#4855=DIRECTION('',(1.,0.,0.));
#4856=DIRECTION('',(0.,0.,-1.));
#4857=DIRECTION('',(0.,0.852640164354092,0.522498564715949));
#4858=DIRECTION('',(1.,0.,0.));
#4859=DIRECTION('',(0.,0.,-1.));
#4860=DIRECTION('',(0.,0.923879532511287,-0.382683432365091));
#4861=DIRECTION('',(1.,0.,0.));
#4862=DIRECTION('',(0.,0.,-1.));
#4863=DIRECTION('',(0.,0.38268343236509,0.923879532511287));
#4864=DIRECTION('',(1.,0.,0.));
#4865=DIRECTION('',(0.,0.,-1.));
#4866=DIRECTION('',(0.,0.923879532511287,-0.382683432365091));
#4867=DIRECTION('',(1.,0.,0.));
#4868=DIRECTION('',(0.,0.,-1.));
#4869=DIRECTION('',(0.,0.382683432365091,0.923879532511287));
#4870=DIRECTION('',(1.,0.,0.));
#4871=DIRECTION('',(0.,0.,-1.));
#4872=DIRECTION('',(0.,0.996917333733128,-0.0784590957278452));
#4873=DIRECTION('',(1.,0.,0.));
#4874=DIRECTION('',(0.,0.,-1.));
#4875=DIRECTION('',(0.,0.0784590957278442,0.996917333733128));
#4876=DIRECTION('',(1.,0.,0.));
#4877=DIRECTION('',(0.,0.,-1.));
#4878=DIRECTION('',(0.,0.996917333733128,-0.0784590957278452));
#4879=DIRECTION('',(1.,0.,0.));
#4880=DIRECTION('',(0.,0.,-1.));
#4881=DIRECTION('',(0.,0.0784590957278454,0.996917333733128));
#4882=DIRECTION('',(1.,0.,0.));
#4883=DIRECTION('',(0.,0.,-1.));
#4884=DIRECTION('',(0.,0.972369920397677,0.233445363855905));
#4885=DIRECTION('',(1.,0.,0.));
#4886=DIRECTION('',(0.,0.,-1.));
#4887=DIRECTION('',(0.,-0.233445363855905,0.972369920397677));
#4888=DIRECTION('',(1.,0.,0.));
#4889=DIRECTION('',(0.,0.,-1.));
#4890=DIRECTION('',(0.,0.972369920397677,0.233445363855905));
#4891=DIRECTION('',(1.,0.,0.));
#4892=DIRECTION('',(0.,0.,-1.));
#4893=DIRECTION('',(0.,-0.233445363855905,0.972369920397677));
#4894=DIRECTION('',(1.,0.,0.));
#4895=DIRECTION('',(0.,0.,-1.));
#4896=DIRECTION('',(0.,0.852640164354092,0.522498564715949));
#4897=DIRECTION('',(1.,0.,0.));
#4898=DIRECTION('',(0.,0.,-1.));
#4899=DIRECTION('',(0.,-0.522498564715949,0.852640164354092));
#4900=DIRECTION('',(1.,0.,0.));
#4901=DIRECTION('',(0.,0.,-1.));
#4902=DIRECTION('',(0.,0.852640164354093,0.522498564715948));
#4903=DIRECTION('',(1.,0.,0.));
#4904=DIRECTION('',(0.,0.,-1.));
#4905=DIRECTION('',(0.,-0.522498564715949,0.852640164354092));
#4906=DIRECTION('',(1.,0.,0.));
#4907=DIRECTION('',(0.,0.,-1.));
#4908=DIRECTION('',(0.,-0.649448048330184,-0.760405965600031));
#4909=DIRECTION('',(1.,0.,0.));
#4910=DIRECTION('',(0.,0.,-1.));
#4911=DIRECTION('',(0.,0.760405965600031,-0.649448048330183));
#4912=DIRECTION('',(1.,0.,0.));
#4913=DIRECTION('',(0.,0.,-1.));
#4914=DIRECTION('',(0.,-0.649448048330184,-0.760405965600031));
#4915=DIRECTION('',(1.,0.,0.));
#4916=DIRECTION('',(0.,0.,-1.));
#4917=DIRECTION('',(0.,0.760405965600031,-0.649448048330184));
#4918=DIRECTION('',(1.,0.,0.));
#4919=DIRECTION('',(0.,0.,-1.));
#4920=DIRECTION('',(0.,-0.852640164354092,-0.522498564715949));
#4921=DIRECTION('',(1.,0.,0.));
#4922=DIRECTION('',(0.,0.,-1.));
#4923=DIRECTION('',(0.,0.522498564715949,-0.852640164354092));
#4924=DIRECTION('',(1.,0.,0.));
#4925=DIRECTION('',(0.,0.,-1.));
#4926=DIRECTION('',(0.,-0.852640164354092,-0.522498564715949));
#4927=DIRECTION('',(1.,0.,0.));
#4928=DIRECTION('',(0.,0.,-1.));
#4929=DIRECTION('',(0.,0.522498564715949,-0.852640164354092));
#4930=DIRECTION('',(1.,0.,0.));
#4931=DIRECTION('',(0.,0.,-1.));
#4932=DIRECTION('',(0.,-0.972369920397677,-0.233445363855906));
#4933=DIRECTION('',(1.,0.,0.));
#4934=DIRECTION('',(0.,0.,-1.));
#4935=DIRECTION('',(0.,0.233445363855906,-0.972369920397677));
#4936=DIRECTION('',(1.,0.,0.));
#4937=DIRECTION('',(0.,0.,-1.));
#4938=DIRECTION('',(0.,-0.972369920397677,-0.233445363855906));
#4939=DIRECTION('',(1.,0.,0.));
#4940=DIRECTION('',(0.,0.,-1.));
#4941=DIRECTION('',(0.,0.233445363855906,-0.972369920397677));
#4942=DIRECTION('',(1.,0.,0.));
#4943=DIRECTION('',(0.,0.,-1.));
#4944=DIRECTION('',(0.,-0.0784590957278452,-0.996917333733128));
#4945=DIRECTION('',(1.,0.,0.));
#4946=DIRECTION('',(0.,0.,-1.));
#4947=DIRECTION('',(0.,0.996917333733128,-0.0784590957278457));
#4948=DIRECTION('',(1.,0.,0.));
#4949=DIRECTION('',(0.,0.,-1.));
#4950=DIRECTION('',(0.,-0.0784590957278451,-0.996917333733128));
#4951=DIRECTION('',(1.,0.,0.));
#4952=DIRECTION('',(0.,0.,-1.));
#4953=DIRECTION('',(0.,0.996917333733128,-0.0784590957278454));
#4954=DIRECTION('',(1.,0.,0.));
#4955=DIRECTION('',(0.,0.,-1.));
#4956=DIRECTION('',(-1.,0.,0.));
#4957=DIRECTION('',(0.,0.,1.));
#4958=DIRECTION('',(0.,-0.730106537128741,-0.683333333331456));
#4959=DIRECTION('',(0.,0.683333333331456,-0.730106537128741));
#4960=DIRECTION('',(1.,0.,0.));
#4961=DIRECTION('',(1.,0.,0.));
#4962=DIRECTION('',(1.,0.,0.));
#4963=DIRECTION('',(0.,-7.98127871481639E-16,-1.));
#4964=DIRECTION('',(0.,1.,-7.98127871481639E-16));
#4965=DIRECTION('',(1.,0.,0.));
#4966=DIRECTION('',(0.,-7.98127871481639E-16,-1.));
#4967=DIRECTION('',(0.,1.,-7.98127871481639E-16));
#4968=DIRECTION('',(1.,0.,0.));
#4969=DIRECTION('',(0.,0.730106537125227,-0.683333333335211));
#4970=DIRECTION('',(0.,0.683333333335211,0.730106537125227));
#4971=DIRECTION('',(1.,0.,0.));
#4972=DIRECTION('',(1.,0.,0.));
#4973=DIRECTION('',(0.,0.,-1.));
#4974=DIRECTION('',(1.,0.,0.));
#4975=DIRECTION('',(0.,-0.593440246858362,0.804878048780488));
#4976=DIRECTION('',(0.,-0.804878048780488,-0.593440246858362));
#4977=DIRECTION('',(1.,0.,0.));
#4978=DIRECTION('',(0.,0.,1.));
#4979=DIRECTION('',(1.,0.,0.));
#4980=DIRECTION('',(1.,0.,0.));
#4981=DIRECTION('',(0.,0.593440246858362,0.804878048780488));
#4982=DIRECTION('',(0.,-0.804878048780488,0.593440246858362));
#4983=DIRECTION('',(1.,0.,0.));
#4984=DIRECTION('',(1.,0.,0.));
#4985=DIRECTION('',(0.,0.,-1.));
#4986=DIRECTION('',(-1.,0.,0.));
#4987=DIRECTION('',(0.,0.,1.));
#4988=DIRECTION('',(-1.,0.,0.));
#4989=DIRECTION('',(-1.,0.,0.));
#4990=DIRECTION('',(0.,0.996917333733128,-0.0784590957278452));
#4991=DIRECTION('',(0.,0.0784590957278452,0.996917333733128));
#4992=DIRECTION('',(-1.,0.,0.));
#4993=DIRECTION('',(-1.,0.,0.));
#4994=DIRECTION('',(0.,0.,1.));
#4995=DIRECTION('',(-1.,0.,0.));
#4996=DIRECTION('',(0.,0.0784590957278457,0.996917333733128));
#4997=DIRECTION('',(0.,-0.996917333733128,0.0784590957278457));
#4998=DIRECTION('',(-1.,0.,0.));
#4999=DIRECTION('',(-1.,0.,0.));
#5000=DIRECTION('',(0.,0.,1.));
#5001=DIRECTION('',(-1.,0.,0.));
#5002=DIRECTION('',(0.,0.0784590957278454,0.996917333733128));
#5003=DIRECTION('',(0.,-0.996917333733128,0.0784590957278454));
#5004=DIRECTION('',(-1.,0.,0.));
#5005=DIRECTION('',(0.,0.996917333733128,-0.0784590957278451));
#5006=DIRECTION('',(0.,0.0784590957278451,0.996917333733128));
#5007=DIRECTION('',(-1.,0.,0.));
#5008=DIRECTION('',(-1.,0.,0.));
#5009=DIRECTION('',(0.,0.,1.));
#5010=DIRECTION('',(-1.,0.,0.));
#5011=DIRECTION('',(0.,0.,1.));
#5012=DIRECTION('',(-1.,0.,0.));
#5013=DIRECTION('',(-1.,0.,0.));
#5014=DIRECTION('',(0.,0.233445363855906,-0.972369920397677));
#5015=DIRECTION('',(0.,0.972369920397677,0.233445363855906));
#5016=DIRECTION('',(-1.,0.,0.));
#5017=DIRECTION('',(-1.,0.,0.));
#5018=DIRECTION('',(0.,0.,1.));
#5019=DIRECTION('',(-1.,0.,0.));
#5020=DIRECTION('',(0.,0.972369920397677,0.233445363855906));
#5021=DIRECTION('',(0.,-0.233445363855906,0.972369920397677));
#5022=DIRECTION('',(-1.,0.,0.));
#5023=DIRECTION('',(-1.,0.,0.));
#5024=DIRECTION('',(0.,0.,1.));
#5025=DIRECTION('',(-1.,0.,0.));
#5026=DIRECTION('',(0.,0.972369920397677,0.233445363855906));
#5027=DIRECTION('',(0.,-0.233445363855906,0.972369920397677));
#5028=DIRECTION('',(-1.,0.,0.));
#5029=DIRECTION('',(0.,0.233445363855906,-0.972369920397677));
#5030=DIRECTION('',(0.,0.972369920397677,0.233445363855906));
#5031=DIRECTION('',(-1.,0.,0.));
#5032=DIRECTION('',(-1.,0.,0.));
#5033=DIRECTION('',(0.,0.,1.));
#5034=DIRECTION('',(-1.,0.,0.));
#5035=DIRECTION('',(0.,0.,1.));
#5036=DIRECTION('',(-1.,0.,0.));
#5037=DIRECTION('',(-1.,0.,0.));
#5038=DIRECTION('',(0.,0.522498564715949,-0.852640164354092));
#5039=DIRECTION('',(0.,0.852640164354092,0.522498564715949));
#5040=DIRECTION('',(-1.,0.,0.));
#5041=DIRECTION('',(-1.,0.,0.));
#5042=DIRECTION('',(0.,0.,1.));
#5043=DIRECTION('',(-1.,0.,0.));
#5044=DIRECTION('',(0.,0.852640164354092,0.522498564715949));
#5045=DIRECTION('',(0.,-0.522498564715949,0.852640164354092));
#5046=DIRECTION('',(-1.,0.,0.));
#5047=DIRECTION('',(-1.,0.,0.));
#5048=DIRECTION('',(0.,0.,1.));
#5049=DIRECTION('',(-1.,0.,0.));
#5050=DIRECTION('',(0.,0.852640164354092,0.522498564715949));
#5051=DIRECTION('',(0.,-0.522498564715949,0.852640164354092));
#5052=DIRECTION('',(-1.,0.,0.));
#5053=DIRECTION('',(0.,0.522498564715949,-0.852640164354092));
#5054=DIRECTION('',(0.,0.852640164354092,0.522498564715949));
#5055=DIRECTION('',(-1.,0.,0.));
#5056=DIRECTION('',(-1.,0.,0.));
#5057=DIRECTION('',(0.,0.,1.));
#5058=DIRECTION('',(-1.,0.,0.));
#5059=DIRECTION('',(0.,0.,1.));
#5060=DIRECTION('',(-1.,0.,0.));
#5061=DIRECTION('',(-1.,0.,0.));
#5062=DIRECTION('',(0.,0.760405965600031,-0.649448048330184));
#5063=DIRECTION('',(0.,0.649448048330184,0.760405965600031));
#5064=DIRECTION('',(-1.,0.,0.));
#5065=DIRECTION('',(-1.,0.,0.));
#5066=DIRECTION('',(0.,0.,1.));
#5067=DIRECTION('',(-1.,0.,0.));
#5068=DIRECTION('',(0.,0.649448048330183,0.760405965600031));
#5069=DIRECTION('',(0.,-0.760405965600031,0.649448048330183));
#5070=DIRECTION('',(-1.,0.,0.));
#5071=DIRECTION('',(-1.,0.,0.));
#5072=DIRECTION('',(0.,0.,1.));
#5073=DIRECTION('',(-1.,0.,0.));
#5074=DIRECTION('',(0.,0.649448048330184,0.760405965600031));
#5075=DIRECTION('',(0.,-0.760405965600031,0.649448048330184));
#5076=DIRECTION('',(-1.,0.,0.));
#5077=DIRECTION('',(0.,0.760405965600031,-0.649448048330184));
#5078=DIRECTION('',(0.,0.649448048330184,0.760405965600031));
#5079=DIRECTION('',(-1.,0.,0.));
#5080=DIRECTION('',(-1.,0.,0.));
#5081=DIRECTION('',(0.,0.,1.));
#5082=DIRECTION('',(-1.,0.,0.));
#5083=DIRECTION('',(0.,0.,1.));
#5084=DIRECTION('',(-1.,0.,0.));
#5085=DIRECTION('',(-1.,0.,0.));
#5086=DIRECTION('',(0.,-0.522498564715949,0.852640164354092));
#5087=DIRECTION('',(0.,-0.852640164354092,-0.522498564715949));
#5088=DIRECTION('',(-1.,0.,0.));
#5089=DIRECTION('',(-1.,0.,0.));
#5090=DIRECTION('',(0.,0.,1.));
#5091=DIRECTION('',(-1.,0.,0.));
#5092=DIRECTION('',(0.,-0.852640164354092,-0.522498564715949));
#5093=DIRECTION('',(0.,0.522498564715949,-0.852640164354092));
#5094=DIRECTION('',(-1.,0.,0.));
#5095=DIRECTION('',(-1.,0.,0.));
#5096=DIRECTION('',(0.,0.,1.));
#5097=DIRECTION('',(-1.,0.,0.));
#5098=DIRECTION('',(0.,-0.852640164354092,-0.522498564715949));
#5099=DIRECTION('',(0.,0.522498564715949,-0.852640164354092));
#5100=DIRECTION('',(-1.,0.,0.));
#5101=DIRECTION('',(0.,-0.522498564715948,0.852640164354093));
#5102=DIRECTION('',(0.,-0.852640164354093,-0.522498564715948));
#5103=DIRECTION('',(-1.,0.,0.));
#5104=DIRECTION('',(-1.,0.,0.));
#5105=DIRECTION('',(0.,0.,1.));
#5106=DIRECTION('',(-1.,0.,0.));
#5107=DIRECTION('',(0.,0.,1.));
#5108=DIRECTION('',(-1.,0.,0.));
#5109=DIRECTION('',(-1.,0.,0.));
#5110=DIRECTION('',(0.,-0.233445363855905,0.972369920397677));
#5111=DIRECTION('',(0.,-0.972369920397677,-0.233445363855905));
#5112=DIRECTION('',(-1.,0.,0.));
#5113=DIRECTION('',(-1.,0.,0.));
#5114=DIRECTION('',(0.,0.,1.));
#5115=DIRECTION('',(-1.,0.,0.));
#5116=DIRECTION('',(0.,-0.972369920397677,-0.233445363855905));
#5117=DIRECTION('',(0.,0.233445363855905,-0.972369920397677));
#5118=DIRECTION('',(-1.,0.,0.));
#5119=DIRECTION('',(-1.,0.,0.));
#5120=DIRECTION('',(0.,0.,1.));
#5121=DIRECTION('',(-1.,0.,0.));
#5122=DIRECTION('',(0.,-0.972369920397677,-0.233445363855905));
#5123=DIRECTION('',(0.,0.233445363855905,-0.972369920397677));
#5124=DIRECTION('',(-1.,0.,0.));
#5125=DIRECTION('',(0.,-0.233445363855905,0.972369920397677));
#5126=DIRECTION('',(0.,-0.972369920397677,-0.233445363855905));
#5127=DIRECTION('',(-1.,0.,0.));
#5128=DIRECTION('',(-1.,0.,0.));
#5129=DIRECTION('',(0.,0.,1.));
#5130=DIRECTION('',(-1.,0.,0.));
#5131=DIRECTION('',(0.,0.,1.));
#5132=DIRECTION('',(-1.,0.,0.));
#5133=DIRECTION('',(-1.,0.,0.));
#5134=DIRECTION('',(0.,0.0784590957278452,0.996917333733128));
#5135=DIRECTION('',(0.,-0.996917333733128,0.0784590957278452));
#5136=DIRECTION('',(-1.,0.,0.));
#5137=DIRECTION('',(-1.,0.,0.));
#5138=DIRECTION('',(0.,0.,1.));
#5139=DIRECTION('',(-1.,0.,0.));
#5140=DIRECTION('',(0.,-0.996917333733128,0.0784590957278442));
#5141=DIRECTION('',(0.,-0.0784590957278442,-0.996917333733128));
#5142=DIRECTION('',(-1.,0.,0.));
#5143=DIRECTION('',(-1.,0.,0.));
#5144=DIRECTION('',(0.,0.,1.));
#5145=DIRECTION('',(-1.,0.,0.));
#5146=DIRECTION('',(0.,-0.996917333733128,0.0784590957278454));
#5147=DIRECTION('',(0.,-0.0784590957278454,-0.996917333733128));
#5148=DIRECTION('',(-1.,0.,0.));
#5149=DIRECTION('',(0.,0.0784590957278452,0.996917333733128));
#5150=DIRECTION('',(0.,-0.996917333733128,0.0784590957278452));
#5151=DIRECTION('',(-1.,0.,0.));
#5152=DIRECTION('',(-1.,0.,0.));
#5153=DIRECTION('',(0.,0.,1.));
#5154=DIRECTION('',(-1.,0.,0.));
#5155=DIRECTION('',(0.,0.,1.));
#5156=DIRECTION('',(-1.,0.,0.));
#5157=DIRECTION('',(-1.,0.,0.));
#5158=DIRECTION('',(0.,0.382683432365091,0.923879532511287));
#5159=DIRECTION('',(0.,-0.923879532511287,0.382683432365091));
#5160=DIRECTION('',(-1.,0.,0.));
#5161=DIRECTION('',(-1.,0.,0.));
#5162=DIRECTION('',(0.,0.,1.));
#5163=DIRECTION('',(-1.,0.,0.));
#5164=DIRECTION('',(0.,-0.923879532511287,0.38268343236509));
#5165=DIRECTION('',(0.,-0.38268343236509,-0.923879532511287));
#5166=DIRECTION('',(-1.,0.,0.));
#5167=DIRECTION('',(-1.,0.,0.));
#5168=DIRECTION('',(0.,0.,1.));
#5169=DIRECTION('',(-1.,0.,0.));
#5170=DIRECTION('',(0.,-0.923879532511287,0.382683432365091));
#5171=DIRECTION('',(0.,-0.382683432365091,-0.923879532511287));
#5172=DIRECTION('',(-1.,0.,0.));
#5173=DIRECTION('',(0.,0.382683432365091,0.923879532511287));
#5174=DIRECTION('',(0.,-0.923879532511287,0.382683432365091));
#5175=DIRECTION('',(-1.,0.,0.));
#5176=DIRECTION('',(-1.,0.,0.));
#5177=DIRECTION('',(0.,0.,1.));
#5178=DIRECTION('',(-1.,0.,0.));
#5179=DIRECTION('',(0.,0.,1.));
#5180=DIRECTION('',(-1.,0.,0.));
#5181=DIRECTION('',(-1.,0.,0.));
#5182=DIRECTION('',(0.,0.852640164354092,0.522498564715949));
#5183=DIRECTION('',(0.,-0.522498564715949,0.852640164354092));
#5184=DIRECTION('',(-1.,0.,0.));
#5185=DIRECTION('',(-1.,0.,0.));
#5186=DIRECTION('',(0.,0.,1.));
#5187=DIRECTION('',(-1.,0.,0.));
#5188=DIRECTION('',(0.,-0.522498564715948,0.852640164354093));
#5189=DIRECTION('',(0.,-0.852640164354093,-0.522498564715948));
#5190=DIRECTION('',(-1.,0.,0.));
#5191=DIRECTION('',(-1.,0.,0.));
#5192=DIRECTION('',(0.,0.,1.));
#5193=DIRECTION('',(-1.,0.,0.));
#5194=DIRECTION('',(0.,-0.522498564715949,0.852640164354092));
#5195=DIRECTION('',(0.,-0.852640164354092,-0.522498564715949));
#5196=DIRECTION('',(-1.,0.,0.));
#5197=DIRECTION('',(0.,0.852640164354092,0.522498564715949));
#5198=DIRECTION('',(0.,-0.522498564715949,0.852640164354092));
#5199=DIRECTION('',(-1.,0.,0.));
#5200=DIRECTION('',(-1.,0.,0.));
#5201=DIRECTION('',(0.,0.,1.));
#5202=DIRECTION('',(-1.,0.,0.));
#5203=DIRECTION('',(0.,0.,1.));
#5204=DIRECTION('',(-1.,0.,0.));
#5205=DIRECTION('',(-1.,0.,0.));
#5206=DIRECTION('',(0.,0.649448048330184,0.760405965600031));
#5207=DIRECTION('',(0.,-0.760405965600031,0.649448048330184));
#5208=DIRECTION('',(-1.,0.,0.));
#5209=DIRECTION('',(-1.,0.,0.));
#5210=DIRECTION('',(0.,0.,1.));
#5211=DIRECTION('',(-1.,0.,0.));
#5212=DIRECTION('',(0.,-0.760405965600031,0.649448048330183));
#5213=DIRECTION('',(0.,-0.649448048330183,-0.760405965600031));
#5214=DIRECTION('',(-1.,0.,0.));
#5215=DIRECTION('',(-1.,0.,0.));
#5216=DIRECTION('',(0.,0.,1.));
#5217=DIRECTION('',(-1.,0.,0.));
#5218=DIRECTION('',(0.,-0.760405965600031,0.649448048330184));
#5219=DIRECTION('',(0.,-0.649448048330184,-0.760405965600031));
#5220=DIRECTION('',(-1.,0.,0.));
#5221=DIRECTION('',(0.,0.649448048330184,0.760405965600031));
#5222=DIRECTION('',(0.,-0.760405965600031,0.649448048330184));
#5223=DIRECTION('',(-1.,0.,0.));
#5224=DIRECTION('',(-1.,0.,0.));
#5225=DIRECTION('',(0.,0.,1.));
#5226=DIRECTION('',(-1.,0.,0.));
#5227=DIRECTION('',(0.,0.,1.));
#5228=DIRECTION('',(-1.,0.,0.));
#5229=DIRECTION('',(-1.,0.,0.));
#5230=DIRECTION('',(0.,0.923879532511287,-0.38268343236509));
#5231=DIRECTION('',(0.,0.38268343236509,0.923879532511287));
#5232=DIRECTION('',(-1.,0.,0.));
#5233=DIRECTION('',(-1.,0.,0.));
#5234=DIRECTION('',(0.,0.,1.));
#5235=DIRECTION('',(-1.,0.,0.));
#5236=DIRECTION('',(0.,0.38268343236509,0.923879532511287));
#5237=DIRECTION('',(0.,-0.923879532511287,0.38268343236509));
#5238=DIRECTION('',(-1.,0.,0.));
#5239=DIRECTION('',(-1.,0.,0.));
#5240=DIRECTION('',(0.,0.,1.));
#5241=DIRECTION('',(-1.,0.,0.));
#5242=DIRECTION('',(0.,0.38268343236509,0.923879532511287));
#5243=DIRECTION('',(0.,-0.923879532511287,0.38268343236509));
#5244=DIRECTION('',(-1.,0.,0.));
#5245=DIRECTION('',(0.,0.923879532511287,-0.38268343236509));
#5246=DIRECTION('',(0.,0.382683432365091,0.923879532511287));
#5247=DIRECTION('',(-1.,0.,0.));
#5248=DIRECTION('',(-1.,0.,0.));
#5249=DIRECTION('',(0.,0.,1.));
#5250=DIRECTION('',(-1.,0.,0.));
#5251=DIRECTION('',(0.,0.,1.));
#5252=DIRECTION('',(-1.,0.,0.));
#5253=DIRECTION('',(-1.,0.,0.));
#5254=DIRECTION('',(0.,0.972369920397677,0.233445363855905));
#5255=DIRECTION('',(0.,-0.233445363855905,0.972369920397677));
#5256=DIRECTION('',(-1.,0.,0.));
#5257=DIRECTION('',(-1.,0.,0.));
#5258=DIRECTION('',(0.,0.,1.));
#5259=DIRECTION('',(-1.,0.,0.));
#5260=DIRECTION('',(0.,-0.233445363855906,0.972369920397677));
#5261=DIRECTION('',(0.,-0.972369920397677,-0.233445363855906));
#5262=DIRECTION('',(-1.,0.,0.));
#5263=DIRECTION('',(-1.,0.,0.));
#5264=DIRECTION('',(0.,0.,1.));
#5265=DIRECTION('',(-1.,0.,0.));
#5266=DIRECTION('',(0.,-0.233445363855906,0.972369920397677));
#5267=DIRECTION('',(0.,-0.972369920397677,-0.233445363855906));
#5268=DIRECTION('',(-1.,0.,0.));
#5269=DIRECTION('',(0.,0.972369920397677,0.233445363855906));
#5270=DIRECTION('',(0.,-0.233445363855906,0.972369920397677));
#5271=DIRECTION('',(-1.,0.,0.));
#5272=DIRECTION('',(-1.,0.,0.));
#5273=DIRECTION('',(0.,0.,1.));
#5274=DIRECTION('',(-1.,0.,0.));
#5275=DIRECTION('',(0.,0.,1.));
#5276=DIRECTION('',(-1.,0.,0.));
#5277=DIRECTION('',(-1.,0.,0.));
#5278=DIRECTION('',(0.,-0.923879532511287,0.38268343236509));
#5279=DIRECTION('',(0.,-0.38268343236509,-0.923879532511287));
#5280=DIRECTION('',(-1.,0.,0.));
#5281=DIRECTION('',(-1.,0.,0.));
#5282=DIRECTION('',(0.,0.,1.));
#5283=DIRECTION('',(-1.,0.,0.));
#5284=DIRECTION('',(0.,-0.382683432365091,-0.923879532511287));
#5285=DIRECTION('',(0.,0.923879532511287,-0.382683432365091));
#5286=DIRECTION('',(-1.,0.,0.));
#5287=DIRECTION('',(-1.,0.,0.));
#5288=DIRECTION('',(0.,0.,1.));
#5289=DIRECTION('',(-1.,0.,0.));
#5290=DIRECTION('',(0.,-0.38268343236509,-0.923879532511287));
#5291=DIRECTION('',(0.,0.923879532511287,-0.38268343236509));
#5292=DIRECTION('',(-1.,0.,0.));
#5293=DIRECTION('',(0.,-0.923879532511287,0.382683432365091));
#5294=DIRECTION('',(0.,-0.382683432365091,-0.923879532511287));
#5295=DIRECTION('',(-1.,0.,0.));
#5296=DIRECTION('',(-1.,0.,0.));
#5297=DIRECTION('',(0.,0.,1.));
#5298=DIRECTION('',(-1.,0.,0.));
#5299=DIRECTION('',(0.,0.,1.));
#5300=DIRECTION('',(-1.,0.,0.));
#5301=DIRECTION('',(-1.,0.,0.));
#5302=DIRECTION('',(0.,-0.760405965600031,0.649448048330184));
#5303=DIRECTION('',(0.,-0.649448048330184,-0.760405965600031));
#5304=DIRECTION('',(-1.,0.,0.));
#5305=DIRECTION('',(-1.,0.,0.));
#5306=DIRECTION('',(0.,0.,1.));
#5307=DIRECTION('',(-1.,0.,0.));
#5308=DIRECTION('',(0.,-0.649448048330184,-0.760405965600031));
#5309=DIRECTION('',(0.,0.760405965600031,-0.649448048330184));
#5310=DIRECTION('',(-1.,0.,0.));
#5311=DIRECTION('',(-1.,0.,0.));
#5312=DIRECTION('',(0.,0.,1.));
#5313=DIRECTION('',(-1.,0.,0.));
#5314=DIRECTION('',(0.,-0.649448048330183,-0.760405965600031));
#5315=DIRECTION('',(0.,0.760405965600031,-0.649448048330183));
#5316=DIRECTION('',(-1.,0.,0.));
#5317=DIRECTION('',(0.,-0.760405965600031,0.649448048330184));
#5318=DIRECTION('',(0.,-0.649448048330184,-0.760405965600031));
#5319=DIRECTION('',(-1.,0.,0.));
#5320=DIRECTION('',(-1.,0.,0.));
#5321=DIRECTION('',(0.,0.,1.));
#5322=DIRECTION('',(-1.,0.,0.));
#5323=DIRECTION('',(0.,0.,1.));
#5324=DIRECTION('',(-1.,0.,0.));
#5325=DIRECTION('',(-1.,0.,0.));
#5326=DIRECTION('',(0.,-0.996917333733128,0.0784590957278453));
#5327=DIRECTION('',(0.,-0.0784590957278453,-0.996917333733128));
#5328=DIRECTION('',(-1.,0.,0.));
#5329=DIRECTION('',(-1.,0.,0.));
#5330=DIRECTION('',(0.,0.,1.));
#5331=DIRECTION('',(-1.,0.,0.));
#5332=DIRECTION('',(0.,-0.0784590957278454,-0.996917333733128));
#5333=DIRECTION('',(0.,0.996917333733128,-0.0784590957278454));
#5334=DIRECTION('',(-1.,0.,0.));
#5335=DIRECTION('',(-1.,0.,0.));
#5336=DIRECTION('',(0.,0.,1.));
#5337=DIRECTION('',(-1.,0.,0.));
#5338=DIRECTION('',(0.,-0.0784590957278441,-0.996917333733128));
#5339=DIRECTION('',(0.,0.996917333733128,-0.0784590957278442));
#5340=DIRECTION('',(-1.,0.,0.));
#5341=DIRECTION('',(0.,-0.996917333733128,0.0784590957278453));
#5342=DIRECTION('',(0.,-0.0784590957278453,-0.996917333733128));
#5343=DIRECTION('',(-1.,0.,0.));
#5344=DIRECTION('',(-1.,0.,0.));
#5345=DIRECTION('',(0.,0.,1.));
#5346=DIRECTION('',(-1.,0.,0.));
#5347=DIRECTION('',(0.,0.,1.));
#5348=DIRECTION('',(-1.,0.,0.));
#5349=DIRECTION('',(-1.,0.,0.));
#5350=DIRECTION('',(0.,-0.972369920397677,-0.233445363855905));
#5351=DIRECTION('',(0.,0.233445363855905,-0.972369920397677));
#5352=DIRECTION('',(-1.,0.,0.));
#5353=DIRECTION('',(-1.,0.,0.));
#5354=DIRECTION('',(0.,0.,1.));
#5355=DIRECTION('',(-1.,0.,0.));
#5356=DIRECTION('',(0.,0.233445363855905,-0.972369920397677));
#5357=DIRECTION('',(0.,0.972369920397677,0.233445363855905));
#5358=DIRECTION('',(-1.,0.,0.));
#5359=DIRECTION('',(-1.,0.,0.));
#5360=DIRECTION('',(0.,0.,1.));
#5361=DIRECTION('',(-1.,0.,0.));
#5362=DIRECTION('',(0.,0.233445363855906,-0.972369920397677));
#5363=DIRECTION('',(0.,0.972369920397677,0.233445363855906));
#5364=DIRECTION('',(-1.,0.,0.));
#5365=DIRECTION('',(0.,-0.972369920397677,-0.233445363855905));
#5366=DIRECTION('',(0.,0.233445363855905,-0.972369920397677));
#5367=DIRECTION('',(-1.,0.,0.));
#5368=DIRECTION('',(-1.,0.,0.));
#5369=DIRECTION('',(0.,0.,1.));
#5370=DIRECTION('',(-1.,0.,0.));
#5371=DIRECTION('',(0.,0.,1.));
#5372=DIRECTION('',(-1.,0.,0.));
#5373=DIRECTION('',(-1.,0.,0.));
#5374=DIRECTION('',(0.,-0.0784590957278451,-0.996917333733128));
#5375=DIRECTION('',(0.,0.996917333733128,-0.0784590957278451));
#5376=DIRECTION('',(-1.,0.,0.));
#5377=DIRECTION('',(-1.,0.,0.));
#5378=DIRECTION('',(0.,0.,1.));
#5379=DIRECTION('',(-1.,0.,0.));
#5380=DIRECTION('',(0.,0.996917333733128,-0.0784590957278442));
#5381=DIRECTION('',(0.,0.0784590957278442,0.996917333733128));
#5382=DIRECTION('',(-1.,0.,0.));
#5383=DIRECTION('',(-1.,0.,0.));
#5384=DIRECTION('',(0.,0.,1.));
#5385=DIRECTION('',(-1.,0.,0.));
#5386=DIRECTION('',(0.,0.996917333733128,-0.0784590957278455));
#5387=DIRECTION('',(0.,0.0784590957278455,0.996917333733128));
#5388=DIRECTION('',(-1.,0.,0.));
#5389=DIRECTION('',(0.,-0.0784590957278452,-0.996917333733128));
#5390=DIRECTION('',(0.,0.996917333733128,-0.0784590957278452));
#5391=DIRECTION('',(-1.,0.,0.));
#5392=DIRECTION('',(-1.,0.,0.));
#5393=DIRECTION('',(0.,0.,1.));
#5394=DIRECTION('',(-1.,0.,0.));
#5395=DIRECTION('',(0.,0.,1.));
#5396=DIRECTION('',(-1.,0.,0.));
#5397=DIRECTION('',(-1.,0.,0.));
#5398=DIRECTION('',(0.,-0.38268343236509,-0.923879532511287));
#5399=DIRECTION('',(0.,0.923879532511287,-0.38268343236509));
#5400=DIRECTION('',(-1.,0.,0.));
#5401=DIRECTION('',(-1.,0.,0.));
#5402=DIRECTION('',(0.,0.,1.));
#5403=DIRECTION('',(-1.,0.,0.));
#5404=DIRECTION('',(0.,0.923879532511287,-0.38268343236509));
#5405=DIRECTION('',(0.,0.38268343236509,0.923879532511287));
#5406=DIRECTION('',(-1.,0.,0.));
#5407=DIRECTION('',(-1.,0.,0.));
#5408=DIRECTION('',(0.,0.,1.));
#5409=DIRECTION('',(-1.,0.,0.));
#5410=DIRECTION('',(0.,0.923879532511287,-0.382683432365091));
#5411=DIRECTION('',(0.,0.382683432365091,0.923879532511287));
#5412=DIRECTION('',(-1.,0.,0.));
#5413=DIRECTION('',(0.,-0.38268343236509,-0.923879532511287));
#5414=DIRECTION('',(0.,0.923879532511287,-0.382683432365091));
#5415=DIRECTION('',(-1.,0.,0.));
#5416=DIRECTION('',(-1.,0.,0.));
#5417=DIRECTION('',(0.,0.,1.));
#5418=DIRECTION('',(-1.,0.,0.));
#5419=DIRECTION('',(0.,0.,1.));
#5420=DIRECTION('',(-1.,0.,0.));
#5421=DIRECTION('',(-1.,0.,0.));
#5422=DIRECTION('',(0.,-0.852640164354092,-0.522498564715949));
#5423=DIRECTION('',(0.,0.522498564715949,-0.852640164354092));
#5424=DIRECTION('',(-1.,0.,0.));
#5425=DIRECTION('',(-1.,0.,0.));
#5426=DIRECTION('',(0.,0.,1.));
#5427=DIRECTION('',(-1.,0.,0.));
#5428=DIRECTION('',(0.,0.522498564715949,-0.852640164354092));
#5429=DIRECTION('',(0.,0.852640164354092,0.522498564715949));
#5430=DIRECTION('',(-1.,0.,0.));
#5431=DIRECTION('',(-1.,0.,0.));
#5432=DIRECTION('',(0.,0.,1.));
#5433=DIRECTION('',(-1.,0.,0.));
#5434=DIRECTION('',(0.,0.522498564715949,-0.852640164354092));
#5435=DIRECTION('',(0.,0.852640164354092,0.522498564715949));
#5436=DIRECTION('',(-1.,0.,0.));
#5437=DIRECTION('',(0.,-0.852640164354092,-0.522498564715949));
#5438=DIRECTION('',(0.,0.522498564715949,-0.852640164354092));
#5439=DIRECTION('',(-1.,0.,0.));
#5440=DIRECTION('',(-1.,0.,0.));
#5441=DIRECTION('',(0.,0.,1.));
#5442=DIRECTION('',(-1.,0.,0.));
#5443=DIRECTION('',(0.,0.,1.));
#5444=DIRECTION('',(-1.,0.,0.));
#5445=DIRECTION('',(-1.,0.,0.));
#5446=DIRECTION('',(0.,-0.649448048330184,-0.760405965600031));
#5447=DIRECTION('',(0.,0.760405965600031,-0.649448048330184));
#5448=DIRECTION('',(-1.,0.,0.));
#5449=DIRECTION('',(-1.,0.,0.));
#5450=DIRECTION('',(0.,0.,1.));
#5451=DIRECTION('',(-1.,0.,0.));
#5452=DIRECTION('',(0.,0.760405965600031,-0.649448048330183));
#5453=DIRECTION('',(0.,0.649448048330183,0.760405965600031));
#5454=DIRECTION('',(-1.,0.,0.));
#5455=DIRECTION('',(-1.,0.,0.));
#5456=DIRECTION('',(0.,0.,1.));
#5457=DIRECTION('',(-1.,0.,0.));
#5458=DIRECTION('',(0.,0.760405965600031,-0.649448048330184));
#5459=DIRECTION('',(0.,0.649448048330184,0.760405965600031));
#5460=DIRECTION('',(-1.,0.,0.));
#5461=DIRECTION('',(0.,-0.649448048330184,-0.760405965600031));
#5462=DIRECTION('',(0.,0.760405965600031,-0.649448048330184));
#5463=DIRECTION('',(-1.,0.,0.));
#5464=DIRECTION('',(-1.,0.,0.));
#5465=DIRECTION('',(0.,0.,1.));
#5466=CARTESIAN_POINT('',(0.,0.,0.));
#5467=CARTESIAN_POINT('',(0.0055,0.,0.008001));
#5468=CARTESIAN_POINT('',(0.0055,0.,0.0035));
#5469=CARTESIAN_POINT('',(0.00695,0.,0.0035));
#5470=CARTESIAN_POINT('',(0.0055,0.,0.00314634146342328));
#5471=CARTESIAN_POINT('',(0.00684433855345428,0.000543372665577187,0.00256577570454124));
#5472=CARTESIAN_POINT('',(0.00415566144654572,0.000543372665577187,0.00256577570454124));
#5473=CARTESIAN_POINT('',(0.0055,0.,0.00256577570454124));
#5474=CARTESIAN_POINT('',(0.00684433855345856,-0.000543372665566604,0.00256577570454124));
#5475=CARTESIAN_POINT('',(0.0055,0.,0.00314634146340599));
#5476=CARTESIAN_POINT('',(0.00415566144654145,-0.000543372665566604,0.00256577570454124));
#5477=CARTESIAN_POINT('',(0.0055,0.,0.00256577570454124));
#5478=CARTESIAN_POINT('',(0.0159996560621688,0.,-0.00013709423836117));
#5479=CARTESIAN_POINT('',(0.0159996560621688,0.,-1.88737914186277E-18));
#5480=CARTESIAN_POINT('',(0.0159996560621688,0.,-0.0028));
#5481=CARTESIAN_POINT('',(0.0159996560621688,5.2914487028155E-15,0.00256577570454124));
#5482=CARTESIAN_POINT('',(0.0159996560621688,-0.000543372665566604,0.00256577570454124));
#5483=CARTESIAN_POINT('',(0.0159996560621688,0.000543372665577187,0.00256577570454124));
#5484=CARTESIAN_POINT('',(0.0159996560621688,0.00105655086020198,0.00201747118560195));
#5485=CARTESIAN_POINT('',(0.0159996560621688,0.00156972905482677,0.00146916666666266));
#5486=CARTESIAN_POINT('',(0.0159996560621688,0.,-1.62630325872825E-18));
#5487=CARTESIAN_POINT('',(0.0159996560621688,0.00127589653074548,-0.00173048780487805));
#5488=CARTESIAN_POINT('',(0.0159996560621688,0.000991406088079257,-0.00194024390243902));
#5489=CARTESIAN_POINT('',(0.0159996560621688,0.000706915645413036,-0.00215));
#5490=CARTESIAN_POINT('',(0.0159996560621688,1.95156391047391E-18,-0.00215));
#5491=CARTESIAN_POINT('',(0.0159996560621688,-0.000706915645413032,-0.00215));
#5492=CARTESIAN_POINT('',(0.0159996560621688,-0.000991406088079254,-0.00194024390243902));
#5493=CARTESIAN_POINT('',(0.0159996560621688,-0.00127589653074548,-0.00173048780487805));
#5494=CARTESIAN_POINT('',(0.0159996560621688,0.,-1.62630325872825E-18));
#5495=CARTESIAN_POINT('',(0.0159996560621688,-0.00156972905481924,0.0014691666666707));
#5496=CARTESIAN_POINT('',(0.0159996560621688,-0.00105655086019292,0.00201747118560597));
#5497=CARTESIAN_POINT('',(-0.001,0.,-0.000513296200109667));
#5498=CARTESIAN_POINT('',(-0.001,0.0087455452764663,-0.00640326476311738));
#5499=CARTESIAN_POINT('',(-0.001,0.0102663572076665,-0.00770216085977783));
#5500=CARTESIAN_POINT('',(-0.001,0.00722473334526612,-0.00510436866645691));
#5501=CARTESIAN_POINT('',(-0.001,0.0070948437356001,-0.0052564498595769));
#5502=CARTESIAN_POINT('',(-0.001,0.00694276254248021,-0.00512656024991096));
#5503=CARTESIAN_POINT('',(-0.001,0.00652018043542321,-0.00562134032660558));
#5504=CARTESIAN_POINT('',(-0.001,0.00609759832836609,-0.00611612040330009));
#5505=CARTESIAN_POINT('',(-0.001,0.0062496795214861,-0.00624601001296613));
#5506=CARTESIAN_POINT('',(-0.001,0.00611978991182006,-0.00639809120608613));
#5507=CARTESIAN_POINT('',(-0.001,0.00764060184302026,-0.00769698730274658));
#5508=CARTESIAN_POINT('',(-0.001,0.00916141377422042,-0.00899588339940707));
#5509=CARTESIAN_POINT('',(-0.001,0.00929130338388646,-0.00884380220628706));
#5510=CARTESIAN_POINT('',(-0.001,0.00944338457700634,-0.008973691815953));
#5511=CARTESIAN_POINT('',(-0.001,0.00986596668406335,-0.00847891173925839));
#5512=CARTESIAN_POINT('',(-0.001,0.0102885487911203,-0.00798413166256377));
#5513=CARTESIAN_POINT('',(-0.001,0.0101364675980005,-0.00785424205289783));
#5514=CARTESIAN_POINT('',(-0.001,0.00633879019245204,-0.00879238879402957));
#5515=CARTESIAN_POINT('',(-0.001,0.00738378732188404,-0.0104976691227379));
#5516=CARTESIAN_POINT('',(-0.001,0.00529379306302005,-0.00708710846532125));
#5517=CARTESIAN_POINT('',(-0.001,0.00512326503014926,-0.00719160817826442));
#5518=CARTESIAN_POINT('',(-0.001,0.00501876531720615,-0.00702108014539374));
#5519=CARTESIAN_POINT('',(-0.001,0.00446397039844307,-0.00736105890886778));
#5520=CARTESIAN_POINT('',(-0.001,0.00390917547967992,-0.00770103767234169));
#5521=CARTESIAN_POINT('',(-0.001,0.00401367519262311,-0.00787156570521251));
#5522=CARTESIAN_POINT('',(-0.001,0.00384314715975229,-0.0079760654181557));
#5523=CARTESIAN_POINT('',(-0.001,0.0048881442891843,-0.009681345746864));
#5524=CARTESIAN_POINT('',(-0.001,0.00593314141861625,-0.0113866260755723));
#5525=CARTESIAN_POINT('',(-0.001,0.00610366945148707,-0.0112821263626291));
#5526=CARTESIAN_POINT('',(-0.001,0.00620816916443018,-0.0114526543954998));
#5527=CARTESIAN_POINT('',(-0.001,0.00676296408319325,-0.0111126756320258));
#5528=CARTESIAN_POINT('',(-0.001,0.00731775900195633,-0.0107726968685517));
#5529=CARTESIAN_POINT('',(-0.001,0.00721325928901322,-0.010602168835681));
#5530=CARTESIAN_POINT('',(-0.001,0.0102962254550231,-0.0033873445630223));
#5531=CARTESIAN_POINT('',(-0.001,0.0121439845200458,-0.00415271142775251));
#5532=CARTESIAN_POINT('',(-0.001,0.0084484663900004,-0.00262197769829205));
#5533=CARTESIAN_POINT('',(-0.001,0.0083719297035274,-0.00280675360479429));
#5534=CARTESIAN_POINT('',(-0.001,0.00818715379702528,-0.00273021691832133));
#5535=CARTESIAN_POINT('',(-0.001,0.00793814978261576,-0.00333136578699414));
#5536=CARTESIAN_POINT('',(-0.001,0.00768914576820609,-0.0039325146556669));
#5537=CARTESIAN_POINT('',(-0.001,0.00787392167470835,-0.00400905134213992));
#5538=CARTESIAN_POINT('',(-0.001,0.00779738498823533,-0.00419382724864218));
#5539=CARTESIAN_POINT('',(-0.001,0.00964514405325806,-0.00495919411337239));
#5540=CARTESIAN_POINT('',(-0.001,0.0114929031182808,-0.00572456097810266));
#5541=CARTESIAN_POINT('',(-0.001,0.0115694398047538,-0.0055397850716004));
#5542=CARTESIAN_POINT('',(-0.001,0.0117542157112559,-0.00561632175807335));
#5543=CARTESIAN_POINT('',(-0.001,0.0120032197256654,-0.00501517288940054));
#5544=CARTESIAN_POINT('',(-0.001,0.0122522237400749,-0.00441402402072772));
#5545=CARTESIAN_POINT('',(-0.001,0.0120674478335728,-0.00433748733425476));
#5546=CARTESIAN_POINT('',(-0.001,0.0108390393480212,-3.98474760812432E-5));
#5547=CARTESIAN_POINT('',(-0.001,0.0128328740154877,-0.000196765667536917));
#5548=CARTESIAN_POINT('',(-0.001,0.00884520468055483,0.000117070715374459));
#5549=CARTESIAN_POINT('',(-0.001,0.00882951286140926,-8.2312751372137E-5));
#5550=CARTESIAN_POINT('',(-0.001,0.00863012939466279,-6.66209322265814E-5));
#5551=CARTESIAN_POINT('',(-0.001,0.00857907772074413,-0.000715293953161451));
#5552=CARTESIAN_POINT('',(-0.001,0.00852802604682532,-0.00136396697409631));
#5553=CARTESIAN_POINT('',(-0.001,0.00872740951357195,-0.00137965879324188));
#5554=CARTESIAN_POINT('',(-0.001,0.00871171769442638,-0.00157904225998851));
#5555=CARTESIAN_POINT('',(-0.001,0.0107055523618928,-0.00173596045144418));
#5556=CARTESIAN_POINT('',(-0.001,0.0126993870293592,-0.0018928786428999));
#5557=CARTESIAN_POINT('',(-0.001,0.0127150788485048,-0.00169349517615328));
#5558=CARTESIAN_POINT('',(-0.001,0.0129144623152512,-0.00170918699529884));
#5559=CARTESIAN_POINT('',(-0.001,0.0129655139891699,-0.00106051397436397));
#5560=CARTESIAN_POINT('',(-0.001,0.0130165656630885,-0.000411840953429102));
#5561=CARTESIAN_POINT('',(-0.001,0.0128171821963421,-0.000396149134283541));
#5562=CARTESIAN_POINT('',(-0.001,0.00331155015945233,-0.0103208525496072));
#5563=CARTESIAN_POINT('',(-0.001,0.00377844088716421,-0.0122655923904027));
#5564=CARTESIAN_POINT('',(-0.001,0.00284465943174048,-0.00837611270881172));
#5565=CARTESIAN_POINT('',(-0.001,0.00265018544766098,-0.0084228017815829));
#5566=CARTESIAN_POINT('',(-0.001,0.00260349637488983,-0.00822832779750351));
#5567=CARTESIAN_POINT('',(-0.001,0.0019707958365527,-0.00838022575761681));
#5568=CARTESIAN_POINT('',(-0.001,0.00133809529821555,-0.00853212371772996));
#5569=CARTESIAN_POINT('',(-0.001,0.00138478437098673,-0.00872659770180949));
#5570=CARTESIAN_POINT('',(-0.001,0.0011903103869072,-0.00877328677458068));
#5571=CARTESIAN_POINT('',(-0.001,0.00165720111461907,-0.0107180266153762));
#5572=CARTESIAN_POINT('',(-0.001,0.00212409184233088,-0.0126627664561717));
#5573=CARTESIAN_POINT('',(-0.001,0.00231856582641042,-0.0126160773834005));
#5574=CARTESIAN_POINT('',(-0.001,0.00236525489918157,-0.0128105513674799));
#5575=CARTESIAN_POINT('',(-0.001,0.00299795543751869,-0.0126586534073666));
#5576=CARTESIAN_POINT('',(-0.001,0.00363065597585581,-0.0125067554472533));
#5577=CARTESIAN_POINT('',(-0.001,0.00358396690308466,-0.0123122814631739));
#5578=CARTESIAN_POINT('',(-0.001,-3.98474760812452E-5,-0.0108390393480212));
#5579=CARTESIAN_POINT('',(-0.001,-0.000196765667536919,-0.0128328740154877));
#5580=CARTESIAN_POINT('',(-0.001,0.000117070715374458,-0.00884520468055483));
#5581=CARTESIAN_POINT('',(-0.001,-8.23127513721387E-5,-0.00882951286140926));
#5582=CARTESIAN_POINT('',(-0.001,-6.66209322265832E-5,-0.00863012939466279));
#5583=CARTESIAN_POINT('',(-0.001,-0.000715293953161452,-0.00857907772074413));
#5584=CARTESIAN_POINT('',(-0.001,-0.00136396697409631,-0.00852802604682532));
#5585=CARTESIAN_POINT('',(-0.001,-0.00137965879324188,-0.00872740951357195));
#5586=CARTESIAN_POINT('',(-0.001,-0.00157904225998851,-0.00871171769442638));
#5587=CARTESIAN_POINT('',(-0.001,-0.00173596045144418,-0.0107055523618928));
#5588=CARTESIAN_POINT('',(-0.001,-0.00189287864289991,-0.0126993870293592));
#5589=CARTESIAN_POINT('',(-0.001,-0.00169349517615328,-0.0127150788485048));
#5590=CARTESIAN_POINT('',(-0.001,-0.00170918699529885,-0.0129144623152514));
#5591=CARTESIAN_POINT('',(-0.001,-0.00106051397436397,-0.0129655139891699));
#5592=CARTESIAN_POINT('',(-0.001,-0.000411840953429102,-0.0130165656630886));
#5593=CARTESIAN_POINT('',(-0.001,-0.000396149134283549,-0.0128171821963421));
#5594=CARTESIAN_POINT('',(-0.001,-0.00640326476311739,-0.0087455452764663));
#5595=CARTESIAN_POINT('',(-0.001,-0.00770216085977783,-0.0102663572076665));
#5596=CARTESIAN_POINT('',(-0.001,-0.00510436866645692,-0.00722473334526612));
#5597=CARTESIAN_POINT('',(-0.001,-0.0052564498595769,-0.0070948437356001));
#5598=CARTESIAN_POINT('',(-0.001,-0.00512656024991096,-0.00694276254248021));
#5599=CARTESIAN_POINT('',(-0.001,-0.00562134032660558,-0.00652018043542321));
#5600=CARTESIAN_POINT('',(-0.001,-0.00611612040330009,-0.00609759832836609));
#5601=CARTESIAN_POINT('',(-0.001,-0.00624601001296613,-0.0062496795214861));
#5602=CARTESIAN_POINT('',(-0.001,-0.00639809120608614,-0.00611978991182006));
#5603=CARTESIAN_POINT('',(-0.001,-0.00769698730274658,-0.00764060184302026));
#5604=CARTESIAN_POINT('',(-0.001,-0.00899588339940707,-0.00916141377422042));
#5605=CARTESIAN_POINT('',(-0.001,-0.00884380220628707,-0.00929130338388645));
#5606=CARTESIAN_POINT('',(-0.001,-0.00897369181595301,-0.00944338457700634));
#5607=CARTESIAN_POINT('',(-0.001,-0.00847891173925839,-0.00986596668406334));
#5608=CARTESIAN_POINT('',(-0.001,-0.00798413166256378,-0.0102885487911203));
#5609=CARTESIAN_POINT('',(-0.001,-0.00785424205289784,-0.0101364675980005));
#5610=CARTESIAN_POINT('',(-0.001,-0.0033873445630223,-0.0102962254550231));
#5611=CARTESIAN_POINT('',(-0.001,-0.00415271142775251,-0.0121439845200458));
#5612=CARTESIAN_POINT('',(-0.001,-0.00262197769829205,-0.0084484663900004));
#5613=CARTESIAN_POINT('',(-0.001,-0.00280675360479429,-0.0083719297035274));
#5614=CARTESIAN_POINT('',(-0.001,-0.00273021691832133,-0.00818715379702528));
#5615=CARTESIAN_POINT('',(-0.001,-0.00333136578699415,-0.00793814978261576));
#5616=CARTESIAN_POINT('',(-0.001,-0.00393251465566691,-0.00768914576820609));
#5617=CARTESIAN_POINT('',(-0.001,-0.00400905134213993,-0.00787392167470835));
#5618=CARTESIAN_POINT('',(-0.001,-0.00419382724864218,-0.00779738498823534));
#5619=CARTESIAN_POINT('',(-0.001,-0.00495919411337239,-0.00964514405325806));
#5620=CARTESIAN_POINT('',(-0.001,-0.00572456097810266,-0.0114929031182808));
#5621=CARTESIAN_POINT('',(-0.001,-0.0055397850716004,-0.0115694398047538));
#5622=CARTESIAN_POINT('',(-0.001,-0.00561632175807336,-0.0117542157112559));
#5623=CARTESIAN_POINT('',(-0.001,-0.00501517288940055,-0.0120032197256654));
#5624=CARTESIAN_POINT('',(-0.001,-0.00441402402072773,-0.0122522237400749));
#5625=CARTESIAN_POINT('',(-0.001,-0.00433748733425476,-0.0120674478335728));
#5626=CARTESIAN_POINT('',(-0.001,-0.00331155015945233,0.0103208525496072));
#5627=CARTESIAN_POINT('',(-0.001,-0.00377844088716421,0.0122655923904027));
#5628=CARTESIAN_POINT('',(-0.001,-0.00284465943174048,0.00837611270881172));
#5629=CARTESIAN_POINT('',(-0.001,-0.00265018544766098,0.0084228017815829));
#5630=CARTESIAN_POINT('',(-0.001,-0.00260349637488983,0.00822832779750351));
#5631=CARTESIAN_POINT('',(-0.001,-0.00197079583655271,0.00838022575761681));
#5632=CARTESIAN_POINT('',(-0.001,-0.00133809529821555,0.00853212371772996));
#5633=CARTESIAN_POINT('',(-0.001,-0.00138478437098673,0.00872659770180949));
#5634=CARTESIAN_POINT('',(-0.001,-0.00119031038690719,0.00877328677458067));
#5635=CARTESIAN_POINT('',(-0.001,-0.00165720111461907,0.0107180266153762));
#5636=CARTESIAN_POINT('',(-0.001,-0.00212409184233089,0.0126627664561717));
#5637=CARTESIAN_POINT('',(-0.001,-0.00231856582641042,0.0126160773834005));
#5638=CARTESIAN_POINT('',(-0.001,-0.00236525489918157,0.0128105513674799));
#5639=CARTESIAN_POINT('',(-0.001,-0.00299795543751869,0.0126586534073666));
#5640=CARTESIAN_POINT('',(-0.001,-0.00363065597585581,0.0125067554472533));
#5641=CARTESIAN_POINT('',(-0.001,-0.00358396690308467,0.0123122814631739));
#5642=CARTESIAN_POINT('',(-0.001,0.0033873445630223,0.0102962254550231));
#5643=CARTESIAN_POINT('',(-0.001,0.00415271142775251,0.0121439845200458));
#5644=CARTESIAN_POINT('',(-0.001,0.00262197769829205,0.0084484663900004));
#5645=CARTESIAN_POINT('',(-0.001,0.00280675360479429,0.0083719297035274));
#5646=CARTESIAN_POINT('',(-0.001,0.00273021691832133,0.00818715379702528));
#5647=CARTESIAN_POINT('',(-0.001,0.00333136578699414,0.00793814978261576));
#5648=CARTESIAN_POINT('',(-0.001,0.00393251465566691,0.00768914576820609));
#5649=CARTESIAN_POINT('',(-0.001,0.00400905134213992,0.00787392167470835));
#5650=CARTESIAN_POINT('',(-0.001,0.00419382724864218,0.00779738498823533));
#5651=CARTESIAN_POINT('',(-0.001,0.00495919411337239,0.00964514405325806));
#5652=CARTESIAN_POINT('',(-0.001,0.00572456097810266,0.0114929031182808));
#5653=CARTESIAN_POINT('',(-0.001,0.0055397850716004,0.0115694398047538));
#5654=CARTESIAN_POINT('',(-0.001,0.00561632175807336,0.0117542157112559));
#5655=CARTESIAN_POINT('',(-0.001,0.00501517288940054,0.0120032197256654));
#5656=CARTESIAN_POINT('',(-0.001,0.00441402402072772,0.0122522237400749));
#5657=CARTESIAN_POINT('',(-0.001,0.00433748733425476,0.0120674478335728));
#5658=CARTESIAN_POINT('',(-0.001,-0.00874554527646631,0.00640326476311738));
#5659=CARTESIAN_POINT('',(-0.001,-0.0102663572076665,0.00770216085977783));
#5660=CARTESIAN_POINT('',(-0.001,-0.00722473334526612,0.00510436866645691));
#5661=CARTESIAN_POINT('',(-0.001,-0.0070948437356001,0.0052564498595769));
#5662=CARTESIAN_POINT('',(-0.001,-0.00694276254248021,0.00512656024991096));
#5663=CARTESIAN_POINT('',(-0.001,-0.00652018043542321,0.00562134032660558));
#5664=CARTESIAN_POINT('',(-0.001,-0.00609759832836609,0.00611612040330009));
#5665=CARTESIAN_POINT('',(-0.001,-0.0062496795214861,0.00624601001296613));
#5666=CARTESIAN_POINT('',(-0.001,-0.00611978991182006,0.00639809120608614));
#5667=CARTESIAN_POINT('',(-0.001,-0.00764060184302026,0.00769698730274658));
#5668=CARTESIAN_POINT('',(-0.001,-0.00916141377422042,0.00899588339940707));
#5669=CARTESIAN_POINT('',(-0.001,-0.00929130338388645,0.00884380220628707));
#5670=CARTESIAN_POINT('',(-0.001,-0.00944338457700634,0.008973691815953));
#5671=CARTESIAN_POINT('',(-0.001,-0.00986596668406335,0.00847891173925839));
#5672=CARTESIAN_POINT('',(-0.001,-0.0102885487911203,0.00798413166256377));
#5673=CARTESIAN_POINT('',(-0.001,-0.0101364675980005,0.00785424205289784));
#5674=CARTESIAN_POINT('',(-0.001,-0.00633879019245204,0.00879238879402957));
#5675=CARTESIAN_POINT('',(-0.001,-0.00738378732188404,0.0104976691227379));
#5676=CARTESIAN_POINT('',(-0.001,-0.00529379306302005,0.00708710846532125));
#5677=CARTESIAN_POINT('',(-0.001,-0.00512326503014926,0.00719160817826442));
#5678=CARTESIAN_POINT('',(-0.001,-0.00501876531720615,0.00702108014539374));
#5679=CARTESIAN_POINT('',(-0.001,-0.00446397039844307,0.00736105890886778));
#5680=CARTESIAN_POINT('',(-0.001,-0.00390917547967992,0.00770103767234169));
#5681=CARTESIAN_POINT('',(-0.001,-0.00401367519262311,0.00787156570521251));
#5682=CARTESIAN_POINT('',(-0.001,-0.00384314715975229,0.0079760654181557));
#5683=CARTESIAN_POINT('',(-0.001,-0.0048881442891843,0.009681345746864));
#5684=CARTESIAN_POINT('',(-0.001,-0.00593314141861625,0.0113866260755723));
#5685=CARTESIAN_POINT('',(-0.001,-0.00610366945148706,0.0112821263626291));
#5686=CARTESIAN_POINT('',(-0.001,-0.00620816916443018,0.0114526543954998));
#5687=CARTESIAN_POINT('',(-0.001,-0.00676296408319325,0.0111126756320258));
#5688=CARTESIAN_POINT('',(-0.001,-0.00731775900195633,0.0107726968685517));
#5689=CARTESIAN_POINT('',(-0.001,-0.00721325928901322,0.010602168835681));
#5690=CARTESIAN_POINT('',(-0.001,-0.0102962254550231,0.0033873445630223));
#5691=CARTESIAN_POINT('',(-0.001,-0.0121439845200458,0.00415271142775251));
#5692=CARTESIAN_POINT('',(-0.001,-0.0084484663900004,0.00262197769829205));
#5693=CARTESIAN_POINT('',(-0.001,-0.0083719297035274,0.00280675360479429));
#5694=CARTESIAN_POINT('',(-0.001,-0.00818715379702528,0.00273021691832132));
#5695=CARTESIAN_POINT('',(-0.001,-0.00793814978261576,0.00333136578699414));
#5696=CARTESIAN_POINT('',(-0.001,-0.00768914576820609,0.00393251465566691));
#5697=CARTESIAN_POINT('',(-0.001,-0.00787392167470835,0.00400905134213993));
#5698=CARTESIAN_POINT('',(-0.001,-0.00779738498823533,0.00419382724864218));
#5699=CARTESIAN_POINT('',(-0.001,-0.00964514405325806,0.00495919411337239));
#5700=CARTESIAN_POINT('',(-0.001,-0.0114929031182808,0.00572456097810266));
#5701=CARTESIAN_POINT('',(-0.001,-0.0115694398047538,0.0055397850716004));
#5702=CARTESIAN_POINT('',(-0.001,-0.0117542157112559,0.00561632175807336));
#5703=CARTESIAN_POINT('',(-0.001,-0.0120032197256654,0.00501517288940055));
#5704=CARTESIAN_POINT('',(-0.001,-0.0122522237400749,0.00441402402072773));
#5705=CARTESIAN_POINT('',(-0.001,-0.0120674478335728,0.00433748733425476));
#5706=CARTESIAN_POINT('',(-0.001,-0.0108390393480212,3.98474760812444E-5));
#5707=CARTESIAN_POINT('',(-0.001,-0.0128328740154877,0.000196765667536919));
#5708=CARTESIAN_POINT('',(-0.001,-0.00884520468055483,-0.000117070715374458));
#5709=CARTESIAN_POINT('',(-0.001,-0.00882951286140926,8.23127513721381E-5));
#5710=CARTESIAN_POINT('',(-0.001,-0.00863012939466279,6.66209322265825E-5));
#5711=CARTESIAN_POINT('',(-0.001,-0.00857907772074413,0.000715293953161452));
#5712=CARTESIAN_POINT('',(-0.001,-0.00852802604682532,0.00136396697409631));
#5713=CARTESIAN_POINT('',(-0.001,-0.00872740951357195,0.00137965879324188));
#5714=CARTESIAN_POINT('',(-0.001,-0.00871171769442638,0.00157904225998851));
#5715=CARTESIAN_POINT('',(-0.001,-0.0107055523618928,0.00173596045144418));
#5716=CARTESIAN_POINT('',(-0.001,-0.0126993870293592,0.00189287864289991));
#5717=CARTESIAN_POINT('',(-0.001,-0.0127150788485048,0.00169349517615328));
#5718=CARTESIAN_POINT('',(-0.001,-0.0129144623152512,0.00170918699529884));
#5719=CARTESIAN_POINT('',(-0.001,-0.0129655139891699,0.00106051397436397));
#5720=CARTESIAN_POINT('',(-0.001,-0.0130165656630885,0.000411840953429103));
#5721=CARTESIAN_POINT('',(-0.001,-0.0128171821963421,0.000396149134283543));
#5722=CARTESIAN_POINT('',(-0.001,-0.0103208525496072,-0.00331155015945233));
#5723=CARTESIAN_POINT('',(-0.001,-0.0122655923904027,-0.00377844088716421));
#5724=CARTESIAN_POINT('',(-0.001,-0.00837611270881172,-0.00284465943174048));
#5725=CARTESIAN_POINT('',(-0.001,-0.0084228017815829,-0.00265018544766098));
#5726=CARTESIAN_POINT('',(-0.001,-0.00822832779750351,-0.00260349637488983));
#5727=CARTESIAN_POINT('',(-0.001,-0.00838022575761681,-0.00197079583655271));
#5728=CARTESIAN_POINT('',(-0.001,-0.00853212371772996,-0.00133809529821555));
#5729=CARTESIAN_POINT('',(-0.001,-0.00872659770180949,-0.00138478437098673));
#5730=CARTESIAN_POINT('',(-0.001,-0.00877328677458068,-0.0011903103869072));
#5731=CARTESIAN_POINT('',(-0.001,-0.0107180266153762,-0.00165720111461907));
#5732=CARTESIAN_POINT('',(-0.001,-0.0126627664561717,-0.00212409184233089));
#5733=CARTESIAN_POINT('',(-0.001,-0.0126160773834005,-0.00231856582641043));
#5734=CARTESIAN_POINT('',(-0.001,-0.0128105513674799,-0.00236525489918156));
#5735=CARTESIAN_POINT('',(-0.001,-0.0126586534073666,-0.00299795543751869));
#5736=CARTESIAN_POINT('',(-0.001,-0.0125067554472533,-0.00363065597585581));
#5737=CARTESIAN_POINT('',(-0.001,-0.0123122814631739,-0.00358396690308467));
#5738=CARTESIAN_POINT('',(-0.001,-0.00879238879402957,-0.00633879019245203));
#5739=CARTESIAN_POINT('',(-0.001,-0.0104976691227379,-0.00738378732188404));
#5740=CARTESIAN_POINT('',(-0.001,-0.00708710846532125,-0.00529379306302005));
#5741=CARTESIAN_POINT('',(-0.001,-0.00719160817826442,-0.00512326503014926));
#5742=CARTESIAN_POINT('',(-0.001,-0.00702108014539374,-0.00501876531720615));
#5743=CARTESIAN_POINT('',(-0.001,-0.00736105890886778,-0.00446397039844307));
#5744=CARTESIAN_POINT('',(-0.001,-0.00770103767234169,-0.00390917547967992));
#5745=CARTESIAN_POINT('',(-0.001,-0.00787156570521251,-0.0040136751926231));
#5746=CARTESIAN_POINT('',(-0.001,-0.0079760654181557,-0.00384314715975229));
#5747=CARTESIAN_POINT('',(-0.001,-0.009681345746864,-0.00488814428918429));
#5748=CARTESIAN_POINT('',(-0.001,-0.0113866260755723,-0.00593314141861625));
#5749=CARTESIAN_POINT('',(-0.001,-0.0112821263626291,-0.00610366945148706));
#5750=CARTESIAN_POINT('',(-0.001,-0.0114526543954998,-0.00620816916443017));
#5751=CARTESIAN_POINT('',(-0.001,-0.0111126756320258,-0.00676296408319325));
#5752=CARTESIAN_POINT('',(-0.001,-0.0107726968685517,-0.00731775900195632));
#5753=CARTESIAN_POINT('',(-0.001,-0.010602168835681,-0.00721325928901322));
#5754=CARTESIAN_POINT('',(-0.001,0.00640326476311738,0.0087455452764663));
#5755=CARTESIAN_POINT('',(-0.001,0.00770216085977783,0.0102663572076665));
#5756=CARTESIAN_POINT('',(-0.001,0.00510436866645691,0.00722473334526612));
#5757=CARTESIAN_POINT('',(-0.001,0.0052564498595769,0.0070948437356001));
#5758=CARTESIAN_POINT('',(-0.001,0.00512656024991096,0.00694276254248021));
#5759=CARTESIAN_POINT('',(-0.001,0.00562134032660558,0.00652018043542321));
#5760=CARTESIAN_POINT('',(-0.001,0.00611612040330009,0.00609759832836609));
#5761=CARTESIAN_POINT('',(-0.001,0.00624601001296613,0.0062496795214861));
#5762=CARTESIAN_POINT('',(-0.001,0.00639809120608614,0.00611978991182006));
#5763=CARTESIAN_POINT('',(-0.001,0.00769698730274658,0.00764060184302026));
#5764=CARTESIAN_POINT('',(-0.001,0.00899588339940707,0.00916141377422042));
#5765=CARTESIAN_POINT('',(-0.001,0.00884380220628707,0.00929130338388645));
#5766=CARTESIAN_POINT('',(-0.001,0.008973691815953,0.00944338457700634));
#5767=CARTESIAN_POINT('',(-0.001,0.00847891173925839,0.00986596668406335));
#5768=CARTESIAN_POINT('',(-0.001,0.00798413166256377,0.0102885487911203));
#5769=CARTESIAN_POINT('',(-0.001,0.00785424205289784,0.0101364675980005));
#5770=CARTESIAN_POINT('',(-0.001,0.00879238879402957,0.00633879019245203));
#5771=CARTESIAN_POINT('',(-0.001,0.0104976691227379,0.00738378732188404));
#5772=CARTESIAN_POINT('',(-0.001,0.00708710846532125,0.00529379306302005));
#5773=CARTESIAN_POINT('',(-0.001,0.00719160817826442,0.00512326503014926));
#5774=CARTESIAN_POINT('',(-0.001,0.00702108014539374,0.00501876531720615));
#5775=CARTESIAN_POINT('',(-0.001,0.00736105890886778,0.00446397039844307));
#5776=CARTESIAN_POINT('',(-0.001,0.00770103767234169,0.00390917547967992));
#5777=CARTESIAN_POINT('',(-0.001,0.00787156570521251,0.00401367519262311));
#5778=CARTESIAN_POINT('',(-0.001,0.0079760654181557,0.00384314715975229));
#5779=CARTESIAN_POINT('',(-0.001,0.009681345746864,0.0048881442891843));
#5780=CARTESIAN_POINT('',(-0.001,0.0113866260755723,0.00593314141861625));
#5781=CARTESIAN_POINT('',(-0.001,0.0112821263626291,0.00610366945148706));
#5782=CARTESIAN_POINT('',(-0.001,0.0114526543954998,0.00620816916443018));
#5783=CARTESIAN_POINT('',(-0.001,0.0111126756320258,0.00676296408319325));
#5784=CARTESIAN_POINT('',(-0.001,0.0107726968685517,0.00731775900195633));
#5785=CARTESIAN_POINT('',(-0.001,0.010602168835681,0.00721325928901322));
#5786=CARTESIAN_POINT('',(-0.001,0.0103208525496072,0.00331155015945233));
#5787=CARTESIAN_POINT('',(-0.001,0.0122655923904027,0.00377844088716421));
#5788=CARTESIAN_POINT('',(-0.001,0.00837611270881172,0.00284465943174048));
#5789=CARTESIAN_POINT('',(-0.001,0.0084228017815829,0.00265018544766098));
#5790=CARTESIAN_POINT('',(-0.001,0.00822832779750351,0.00260349637488983));
#5791=CARTESIAN_POINT('',(-0.001,0.00838022575761681,0.00197079583655271));
#5792=CARTESIAN_POINT('',(-0.001,0.00853212371772996,0.00133809529821555));
#5793=CARTESIAN_POINT('',(-0.001,0.00872659770180949,0.00138478437098673));
#5794=CARTESIAN_POINT('',(-0.001,0.00877328677458067,0.00119031038690719));
#5795=CARTESIAN_POINT('',(-0.001,0.0107180266153762,0.00165720111461908));
#5796=CARTESIAN_POINT('',(-0.001,0.0126627664561717,0.00212409184233089));
#5797=CARTESIAN_POINT('',(-0.001,0.0126160773834005,0.00231856582641043));
#5798=CARTESIAN_POINT('',(-0.001,0.0128105513674799,0.00236525489918156));
#5799=CARTESIAN_POINT('',(-0.001,0.0126586534073666,0.00299795543751869));
#5800=CARTESIAN_POINT('',(-0.001,0.0125067554472533,0.00363065597585581));
#5801=CARTESIAN_POINT('',(-0.001,0.0123122814631739,0.00358396690308467));
#5802=CARTESIAN_POINT('',(-0.001,3.98474760812437E-5,0.0108390393480212));
#5803=CARTESIAN_POINT('',(-0.001,0.000196765667536918,0.0128328740154877));
#5804=CARTESIAN_POINT('',(-0.001,-0.000117070715374459,0.00884520468055483));
#5805=CARTESIAN_POINT('',(-0.001,8.23127513721375E-5,0.00882951286140926));
#5806=CARTESIAN_POINT('',(-0.001,6.66209322265823E-5,0.00863012939466279));
#5807=CARTESIAN_POINT('',(-0.001,0.000715293953161452,0.00857907772074413));
#5808=CARTESIAN_POINT('',(-0.001,0.00136396697409631,0.00852802604682532));
#5809=CARTESIAN_POINT('',(-0.001,0.00137965879324188,0.00872740951357195));
#5810=CARTESIAN_POINT('',(-0.001,0.00157904225998851,0.00871171769442638));
#5811=CARTESIAN_POINT('',(-0.001,0.00173596045144418,0.0107055523618928));
#5812=CARTESIAN_POINT('',(-0.001,0.0018928786428999,0.0126993870293592));
#5813=CARTESIAN_POINT('',(-0.001,0.00169349517615329,0.0127150788485048));
#5814=CARTESIAN_POINT('',(-0.001,0.00170918699529884,0.0129144623152512));
#5815=CARTESIAN_POINT('',(-0.001,0.00106051397436397,0.0129655139891699));
#5816=CARTESIAN_POINT('',(-0.001,0.000411840953429103,0.0130165656630885));
#5817=CARTESIAN_POINT('',(-0.001,0.000396149134283547,0.0128171821963421));
#5818=CARTESIAN_POINT('',(-0.001,0.,8.57252759403147E-19));
#5819=CARTESIAN_POINT('',(-0.001,0.,-0.014));
#5820=CARTESIAN_POINT('',(-0.001,0.00105655086020198,0.00201747118560195));
#5821=CARTESIAN_POINT('',(-0.001,0.00156972905482677,0.00146916666666266));
#5822=CARTESIAN_POINT('',(-0.001,0.000543372665577187,0.00256577570454124));
#5823=CARTESIAN_POINT('',(-0.001,5.2914487028155E-15,0.00256577570454124));
#5824=CARTESIAN_POINT('',(-0.001,-0.000543372665566604,0.00256577570454124));
#5825=CARTESIAN_POINT('',(-0.001,-0.00105655086019292,0.00201747118560597));
#5826=CARTESIAN_POINT('',(-0.001,-0.00156972905481924,0.0014691666666707));
#5827=CARTESIAN_POINT('',(-0.001,0.,-1.62630325872825E-18));
#5828=CARTESIAN_POINT('',(-0.001,-0.00127589653074548,-0.00173048780487805));
#5829=CARTESIAN_POINT('',(-0.001,-0.000991406088079254,-0.00194024390243902));
#5830=CARTESIAN_POINT('',(-0.001,-0.000706915645413032,-0.00215));
#5831=CARTESIAN_POINT('',(-0.001,1.95156391047391E-18,-0.00215));
#5832=CARTESIAN_POINT('',(-0.001,0.000706915645413036,-0.00215));
#5833=CARTESIAN_POINT('',(-0.001,0.000991406088079257,-0.00194024390243902));
#5834=CARTESIAN_POINT('',(-0.001,0.00127589653074548,-0.00173048780487805));
#5835=CARTESIAN_POINT('',(-0.001,0.,-1.62630325872825E-18));
#5836=CARTESIAN_POINT('',(0.0143126560621688,0.00323709423836117,0.));
#5837=CARTESIAN_POINT('',(0.0143126560621688,0.,-1.88737914186277E-18));
#5838=CARTESIAN_POINT('',(0.0143126560621688,-0.0011178823562787,0.0035));
#5839=CARTESIAN_POINT('',(0.0143126560621688,-0.00139271711502344,0.0034));
#5840=CARTESIAN_POINT('',(0.0143126560621688,0.00323709423836117,0.0035));
#5841=CARTESIAN_POINT('',(0.0143126560621688,0.0011178823562787,0.0035));
#5842=CARTESIAN_POINT('',(0.0143126560621688,0.,-1.88737914186277E-18));
#5843=CARTESIAN_POINT('',(0.0143126560621688,0.00139271711502344,0.0034));
#5844=CARTESIAN_POINT('',(0.0143126560621688,-2.16840434497101E-19,0.0034));
#5845=CARTESIAN_POINT('',(0.0143126560621688,0.,-1.88737914186277E-18));
#5846=CARTESIAN_POINT('',(0.0143126560621688,-0.00111788235627873,0.0035));
#5847=CARTESIAN_POINT('',(0.0145123635517256,-0.000777748646142548,0.0035));
#5848=CARTESIAN_POINT('',(0.0147856386458747,-4.94877122833592E-7,0.0035));
#5849=CARTESIAN_POINT('',(0.0145115719744631,0.000779096828485335,0.0035));
#5850=CARTESIAN_POINT('',(0.0143126560621688,0.00111788235627869,0.0035));
#5851=CARTESIAN_POINT('',(0.0143126560621688,-8.96578287577853E-20,-1.3010426069826E-18));
#5852=CARTESIAN_POINT('',(0.0101563280310844,-1.15551195934921E-19,-3.99499361134821E-19));
#5853=CARTESIAN_POINT('',(0.00931265606216878,0.00141226720482481,0.0035));
#5854=CARTESIAN_POINT('',(0.0102279715087303,-1.11022302462516E-18,0.0035));
#5855=CARTESIAN_POINT('',(0.00931265606216878,-0.00141226720482482,0.0035));
#5856=CARTESIAN_POINT('',(0.00931265606216878,0.00141226720482481,0.0035));
#5857=CARTESIAN_POINT('',(0.00931265606216878,-0.00141226720482481,0.0035));
#5858=CARTESIAN_POINT('',(0.00931265606216878,-2.31102391869842E-19,-4.0249049918923E-19));
#5859=CARTESIAN_POINT('',(0.00948586114292568,-0.00139271711502344,0.0034));
#5860=CARTESIAN_POINT('',(0.00975909627493624,-0.000976543608168342,0.0034));
#5861=CARTESIAN_POINT('',(0.0101619695926321,5.60892933114187E-6,0.0034));
#5862=CARTESIAN_POINT('',(0.00976003650372123,0.000975111514470094,0.0034));
#5863=CARTESIAN_POINT('',(0.00948586114292568,0.00139271711502344,0.0034));
#5864=CARTESIAN_POINT('',(0.00948586114292568,-0.00139271711502344,0.0034));
#5865=CARTESIAN_POINT('',(0.00948586114292568,0.00139271711502344,0.0034));
#5866=CARTESIAN_POINT('',(0.00948586114292568,-1.15551195934921E-19,-3.99499361134821E-19));
#5867=CARTESIAN_POINT('',(0.00392406587533677,-4.12582351002211E-20,0.00800572557544628));
#5868=CARTESIAN_POINT('',(0.00392406563857636,1.47940211369165E-5,0.00800572563604418));
#5869=CARTESIAN_POINT('',(0.00392422771715497,2.96365512734032E-5,0.00800568447802848));
#5870=CARTESIAN_POINT('',(0.00392487551173251,5.92683820282043E-5,0.00800552005194878));
#5871=CARTESIAN_POINT('',(0.00392536030381403,7.4042671639184E-5,0.00800539701826439));
#5872=CARTESIAN_POINT('',(0.00392664857690232,0.000103525196639264,0.00800507030968932));
#5873=CARTESIAN_POINT('',(0.00392745194439134,0.000118230708804963,0.00800486666384441));
#5874=CARTESIAN_POINT('',(0.00392937399754961,0.000147570952673184,0.00800437993619459));
#5875=CARTESIAN_POINT('',(0.0039304926872208,0.000162205683500796,0.00800409685395462));
#5876=CARTESIAN_POINT('',(0.00393431793652927,0.000206004587386548,0.0080031301379024));
#5877=CARTESIAN_POINT('',(0.00393749342202061,0.000235063526536697,0.0080023290395574));
#5878=CARTESIAN_POINT('',(0.00394508190044203,0.000292903914929716,0.00800042235428682));
#5879=CARTESIAN_POINT('',(0.00394949491267205,0.000321685359774375,0.00799931676090485));
#5880=CARTESIAN_POINT('',(0.00395955447548173,0.000378971958557871,0.00799680961703046));
#5881=CARTESIAN_POINT('',(0.00396520102418687,0.000407477112638561,0.00799540806020859));
#5882=CARTESIAN_POINT('',(0.00397773262530395,0.000464210411532284,0.00799231742607474));
#5883=CARTESIAN_POINT('',(0.00398461765452953,0.000492438561048776,0.00799062834236608));
#5884=CARTESIAN_POINT('',(0.00399588466164827,0.000534571020644554,0.00798788541764117));
#5885=CARTESIAN_POINT('',(0.00399979697178916,0.000548580199372935,0.00798693622602477));
#5886=CARTESIAN_POINT('',(0.00400793755487139,0.000576528077563238,0.00798496914632391));
#5887=CARTESIAN_POINT('',(0.00401216634178196,0.000590468110185887,0.00798395113659145));
#5888=CARTESIAN_POINT('',(0.00402094109259151,0.000618271707324697,0.00798184798670029));
#5889=CARTESIAN_POINT('',(0.00402549437613894,0.00063215499856179,0.00798076112503275));
#5890=CARTESIAN_POINT('',(0.00403486506218445,0.000659680543522002,0.00797853487543571));
#5891=CARTESIAN_POINT('',(0.00403969209987742,0.000673356617697919,0.0079773931565636));
#5892=CARTESIAN_POINT('',(0.00406451335251024,0.000741228722673935,0.00797155184984614));
#5893=CARTESIAN_POINT('',(0.00408657607776321,0.000794044828943061,0.00796645014689975));
#5894=CARTESIAN_POINT('',(0.00413499498967018,0.000896754310933623,0.00795555237766651));
#5895=CARTESIAN_POINT('',(0.00416135151643238,0.000946656638206256,0.00794975580171617));
#5896=CARTESIAN_POINT('',(0.00420411692726255,0.00101933817908456,0.00794065860619181));
#5897=CARTESIAN_POINT('',(0.00421891137443396,0.00104320278714957,0.00793755910376439));
#5898=CARTESIAN_POINT('',(0.00424192260730827,0.00107845055213642,0.00793282436929796));
#5899=CARTESIAN_POINT('',(0.00424972965963667,0.00109010825106029,0.00793123187628731));
#5900=CARTESIAN_POINT('',(0.00426561960478828,0.00111323913891216,0.00792802096669338));
#5901=CARTESIAN_POINT('',(0.0042737012645244,0.00112471053091294,0.0079264027989322));
#5902=CARTESIAN_POINT('',(0.00429014844610652,0.00114747424892525,0.00792314215439373));
#5903=CARTESIAN_POINT('',(0.00429850967651029,0.00115875923608103,0.00792150061409048));
#5904=CARTESIAN_POINT('',(0.00431541439936985,0.00118101288023627,0.00791821613935425));
#5905=CARTESIAN_POINT('',(0.00432397602695663,0.00119200680478251,0.00791656959989557));
#5906=CARTESIAN_POINT('',(0.00434996111349223,0.00122456034563412,0.0079116264451117));
#5907=CARTESIAN_POINT('',(0.00436770411531619,0.00124571893602374,0.00790832242081507));
#5908=CARTESIAN_POINT('',(0.00442214984245466,0.00130755520854971,0.00789842497396228));
#5909=CARTESIAN_POINT('',(0.00446008595093633,0.00134662361915073,0.00789184212602521));
#5910=CARTESIAN_POINT('',(0.00451943202781256,0.0014020141162278,0.00788213159907223));
#5911=CARTESIAN_POINT('',(0.00453962223135095,0.00141994200252504,0.00787892189466552));
#5912=CARTESIAN_POINT('',(0.0045808270587288,0.00145471986198405,0.00787258023324479));
#5913=CARTESIAN_POINT('',(0.00460184200382475,0.00147157013756129,0.00786944819838753));
#5914=CARTESIAN_POINT('',(0.00464470908146002,0.00150417701012766,0.00786328599291135));
#5915=CARTESIAN_POINT('',(0.00466657148425231,0.00151994065500165,0.0078602544441421));
#5916=CARTESIAN_POINT('',(0.0047111175087641,0.00155032530544763,0.00785432294553393));
#5917=CARTESIAN_POINT('',(0.00473362156534885,0.00156482511825265,0.00785144683676369));
#5918=CARTESIAN_POINT('',(0.00477912757079164,0.00159249592709361,0.00784588587324919));
#5919=CARTESIAN_POINT('',(0.00480212224009831,0.00160566192052795,0.00784320198554537));
#5920=CARTESIAN_POINT('',(0.00484859064311038,0.00163067093288755,0.00783804489823756));
#5921=CARTESIAN_POINT('',(0.00487206438413684,0.00164251392863782,0.00783557168774949));
#5922=CARTESIAN_POINT('',(0.00491949017304687,0.00166488273832392,0.00783085328891544));
#5923=CARTESIAN_POINT('',(0.00494344222113819,0.00167540854945119,0.00782860809000615));
#5924=CARTESIAN_POINT('',(0.00499182728221605,0.00169513904545246,0.00782436309568148));
#5925=CARTESIAN_POINT('',(0.00501626028834759,0.00170434374762129,0.00782236328945704));
#5926=CARTESIAN_POINT('',(0.00506561339824904,0.00172141821500813,0.00781862669821885));
#5927=CARTESIAN_POINT('',(0.00509054182712063,0.00172928983294156,0.00781688949405866));
#5928=CARTESIAN_POINT('',(0.00512828212166931,0.00174007248624012,0.00781449571573845));
#5929=CARTESIAN_POINT('',(0.00514092987181798,0.00174349777495326,0.00781373269240131));
#5930=CARTESIAN_POINT('',(0.00516635421437115,0.00175000564045917,0.00781227895172194));
#5931=CARTESIAN_POINT('',(0.00517911732358752,0.00175308399673391,0.00781158917300263));
#5932=CARTESIAN_POINT('',(0.0052173830903346,0.00176175101167519,0.00780964237084347));
#5933=CARTESIAN_POINT('',(0.00524292905722687,0.00176679240233293,0.00780850336056822));
#5934=CARTESIAN_POINT('',(0.00529408324120734,0.00177542344835123,0.00780654708401063));
#5935=CARTESIAN_POINT('',(0.00531969272237731,0.00177901384886514,0.00780572963514526));
#5936=CARTESIAN_POINT('',(0.0053966173736592,0.00178763319162819,0.00780376353919417));
#5937=CARTESIAN_POINT('',(0.00544802855456711,0.00179051491165213,0.00780310118025587));
#5938=CARTESIAN_POINT('',(0.00552533767466132,0.00179053884911182,0.00780309566180724));
#5939=CARTESIAN_POINT('',(0.00555113948850562,0.00178982923049645,0.00780325847353932));
#5940=CARTESIAN_POINT('',(0.00560280804766505,0.00178695848713049,0.00780391582558569));
#5941=CARTESIAN_POINT('',(0.00562867758611287,0.00178479656177247,0.00780441056436086));
#5942=CARTESIAN_POINT('',(0.00566752307921347,0.00178044747817957,0.00780540262923239));
#5943=CARTESIAN_POINT('',(0.00568049422262948,0.00177881033942543,0.00780577565471387));
#5944=CARTESIAN_POINT('',(0.00570639102058048,0.00177517112391095,0.00780660338616661));
#5945=CARTESIAN_POINT('',(0.00571928648916938,0.00177317385739631,0.00780705699733439));
#5946=CARTESIAN_POINT('',(0.00575781512478692,0.0017666539252525,0.00780853468391532));
#5947=CARTESIAN_POINT('',(0.00578332550061306,0.00176160083502182,0.00780967619878671));
#5948=CARTESIAN_POINT('',(0.00583395148457763,0.00175011343625976,0.00781225632917824));
#5949=CARTESIAN_POINT('',(0.00585907570907248,0.00174367823518893,0.00781369514718021));
#5950=CARTESIAN_POINT('',(0.00590895156433529,0.00172944070066472,0.00781685608251998));
#5951=CARTESIAN_POINT('',(0.00593370318921441,0.0017216383464537,0.00781857820824649));
#5952=CARTESIAN_POINT('',(0.0059828361090777,0.00170467215020519,0.00782229172768222));
#5953=CARTESIAN_POINT('',(0.0060072174035561,0.00169550830799204,0.00782428312952746));
#5954=CARTESIAN_POINT('',(0.00605560932834261,0.0016758148223536,0.00782852118044724));
#5955=CARTESIAN_POINT('',(0.00607961996350499,0.00166528519934193,0.00783076783784603));
#5956=CARTESIAN_POINT('',(0.00612726759865232,0.00164284570122386,0.00783550224413286));
#5957=CARTESIAN_POINT('',(0.00615090377442929,0.0016309357718772,0.00783798999422562));
#5958=CARTESIAN_POINT('',(0.00618607600794731,0.00161201712065351,0.00784189162851791));
#5959=CARTESIAN_POINT('',(0.00619776740841083,0.00160552598275291,0.00784322233576783));
#5960=CARTESIAN_POINT('',(0.00622095445180679,0.00159224627652136,0.00784592673674999));
#5961=CARTESIAN_POINT('',(0.00623245290040552,0.0015854571245041,0.00784730058557818));
#5962=CARTESIAN_POINT('',(0.00626664125168079,0.00156465937361608,0.00785147987444271));
#5963=CARTESIAN_POINT('',(0.00628906462043603,0.00155019981384111,0.00785434738490759));
#5964=CARTESIAN_POINT('',(0.00633314565027681,0.00152013485553768,0.00786021659173372));
#5965=CARTESIAN_POINT('',(0.00635481049619359,0.00150452554334843,0.00786321911108334));
#5966=CARTESIAN_POINT('',(0.00641869254473166,0.00145598359339194,0.0078723958039773));
#5967=CARTESIAN_POINT('',(0.00645979971380742,0.0014213408218476,0.00787873926785207));
#5968=CARTESIAN_POINT('',(0.00651924646402352,0.00136594131225985,0.00788845754205414));
#5969=CARTESIAN_POINT('',(0.00653869243651783,0.0013469013050623,0.00789173087857106));
#5970=CARTESIAN_POINT('',(0.00656730152679228,0.00131746939277483,0.00789667469935625));
#5971=CARTESIAN_POINT('',(0.00657674454601001,0.00130751338743387,0.00789832827800884));
#5972=CARTESIAN_POINT('',(0.00659544245239055,0.00128730785527399,0.00790164383832223));
#5973=CARTESIAN_POINT('',(0.00660469804739727,0.00127705739406152,0.00790330595931311));
#5974=CARTESIAN_POINT('',(0.00662301647226399,0.00125626333512593,0.00790663514353456));
#5975=CARTESIAN_POINT('',(0.00663209058802343,0.00124570537057554,0.0079083043724022));
#5976=CARTESIAN_POINT('',(0.00664994256549646,0.00122441495772903,0.00791162583884531));
#5977=CARTESIAN_POINT('',(0.0066587423357883,0.00121365808607689,0.00791328202400431));
#5978=CARTESIAN_POINT('',(0.0066847331902917,0.00118109362386444,0.00791822652322319));
#5979=CARTESIAN_POINT('',(0.00670154777850027,0.00115895649224277,0.00792149654096777));
#5980=CARTESIAN_POINT('',(0.00675042640534785,0.00109133758402701,0.0079311848987172));
#5981=CARTESIAN_POINT('',(0.00678096955641867,0.00104460450028835,0.00793748911981434));
#5982=CARTESIAN_POINT('',(0.00682372841797899,0.000972052416689385,0.00794658052526996));
#5983=CARTESIAN_POINT('',(0.00683747227568438,0.000947457695241786,0.00794955044741828));
#5984=CARTESIAN_POINT('',(0.00686393476065678,0.000897438543830236,0.00795534757305489));
#5985=CARTESIAN_POINT('',(0.00687665343857184,0.000872014157536205,0.00795817480461123));
#5986=CARTESIAN_POINT('',(0.00690105085074316,0.000820321243931183,0.00796366464227978));
#5987=CARTESIAN_POINT('',(0.00691272822054063,0.00079405609765989,0.00796632693551243));
#5988=CARTESIAN_POINT('',(0.00693502539351219,0.000740646999264022,0.00797146557682518));
#5989=CARTESIAN_POINT('',(0.0069455510998124,0.00071372746652957,0.00797392016158105));
#5990=CARTESIAN_POINT('',(0.00696537259243702,0.000659487923258842,0.00797858526318495));
#5991=CARTESIAN_POINT('',(0.00697466992227898,0.000632164107676539,0.0079807961471015));
#5992=CARTESIAN_POINT('',(0.0069920530600374,0.000577112903313243,0.0079849623313447));
#5993=CARTESIAN_POINT('',(0.00700013883572589,0.000549385448387217,0.00798691765186486));
#5994=CARTESIAN_POINT('',(0.00702258856224716,0.000465599566542781,0.00799238208427821));
#5995=CARTESIAN_POINT('',(0.00703514947655771,0.000408934433469664,0.00799548998828115));
#5996=CARTESIAN_POINT('',(0.00705033889043403,0.000322727514192828,0.00799927519183818));
#5997=CARTESIAN_POINT('',(0.00705479336864775,0.00029377912909853,0.00800039106455765));
#5998=CARTESIAN_POINT('',(0.00706054382091232,0.000250060445796314,0.00800183585185292));
#5999=CARTESIAN_POINT('',(0.00706230622928089,0.000235428220203348,0.0080022794927861));
#6000=CARTESIAN_POINT('',(0.00706551599535974,0.000206075668207287,0.00800308853770508));
#6001=CARTESIAN_POINT('',(0.00706696610612025,0.000191322105077593,0.00800345463713543));
#6002=CARTESIAN_POINT('',(0.00706953808009555,0.000161833365809162,0.00800410463321534));
#6003=CARTESIAN_POINT('',(0.00707066108087234,0.000147094724220907,0.00800438881412937));
#6004=CARTESIAN_POINT('',(0.0070725837642592,0.000117624151317435,0.0080048757117368));
#6005=CARTESIAN_POINT('',(0.00707338344094506,0.000102893000200831,0.00800507842749327));
#6006=CARTESIAN_POINT('',(0.00707530052381318,5.87118774352901E-5,0.00800556460957717));
#6007=CARTESIAN_POINT('',(0.00707593624610181,2.92742299356254E-5,0.00800572611417049));
#6008=CARTESIAN_POINT('',(0.00707593199258882,-2.9568420461881E-5,0.00800572503402166));
#6009=CARTESIAN_POINT('',(0.00707529200518564,-5.89734230722902E-5,0.00800556244846445));
#6010=CARTESIAN_POINT('',(0.00707273589133833,-0.000117750777788127,0.00800491420632024));
#6011=CARTESIAN_POINT('',(0.00707081977549207,-0.000147123130147541,0.00800442854896257));
#6012=CARTESIAN_POINT('',(0.00706570162291969,-0.000205834950200016,0.00800313507130787));
#6013=CARTESIAN_POINT('',(0.00706250085771644,-0.000235164883693625,0.00800232756550569));
#6014=CARTESIAN_POINT('',(0.0070547889496944,-0.000293829534396054,0.00800038994148778));
#6015=CARTESIAN_POINT('',(0.00705030611975172,-0.000322941444218316,0.00799926697531988));
#6016=CARTESIAN_POINT('',(0.00704012637570338,-0.000380659979797598,0.00799673028277149));
#6017=CARTESIAN_POINT('',(0.00703442762418804,-0.000409280334742342,0.00799531609750893));
#6018=CARTESIAN_POINT('',(0.00702183259503775,-0.000466048635687598,0.00799221059972269));
#6019=CARTESIAN_POINT('',(0.00701493618534628,-0.000494197068439073,0.00799051925141399));
#6020=CARTESIAN_POINT('',(0.0069924665905663,-0.000577942847256615,0.00798505054925725));
#6021=CARTESIAN_POINT('',(0.00697511692546458,-0.000632842292392842,0.00798087838939416));
#6022=CARTESIAN_POINT('',(0.00693565856933644,-0.000740778554821267,0.00797159215708582));
#6023=CARTESIAN_POINT('',(0.0069135445901784,-0.000793828116239943,0.00796647654862043));
#6024=CARTESIAN_POINT('',(0.00686441693812922,-0.000897962137791899,0.00795542078405972));
#6025=CARTESIAN_POINT('',(0.00683782185337417,-0.000948165605703988,0.00794957606830067));
#6026=CARTESIAN_POINT('',(0.00678068322035299,-0.00104506358718739,0.00793742925509884));
#6027=CARTESIAN_POINT('',(0.00675014427399685,-0.00109174665306838,0.00793112791923915));
#6028=CARTESIAN_POINT('',(0.00670139758846636,-0.0011591547942567,0.00792146730488013));
#6029=CARTESIAN_POINT('',(0.00668465814053259,-0.00118118734769864,0.00791821226394126));
#6030=CARTESIAN_POINT('',(0.00665018957668879,-0.00122437431689585,0.0079116549292317));
#6031=CARTESIAN_POINT('',(0.00663245884674056,-0.00124553049397606,0.00790835231818236));
#6032=CARTESIAN_POINT('',(0.00660511350315792,-0.00127659276359444,0.00790338092077938));
#6033=CARTESIAN_POINT('',(0.00659586915098077,-0.00128683923835614,0.00790172013310526));
#6034=CARTESIAN_POINT('',(0.00657713502710773,-0.00130709861841041,0.00789839691420063));
#6035=CARTESIAN_POINT('',(0.00656762665904877,-0.00131713057330124,0.00789673127622355));
#6036=CARTESIAN_POINT('',(0.00654841496106697,-0.00133690337302452,0.0078934106069399));
#6037=CARTESIAN_POINT('',(0.00653872464832394,-0.00134663186429129,0.00789175773939326));
#6038=CARTESIAN_POINT('',(0.00651916370024773,-0.0013657895082489,0.00788846754489572));
#6039=CARTESIAN_POINT('',(0.00650929523879981,-0.00137521648197604,0.00788683058793672));
#6040=CARTESIAN_POINT('',(0.00647942786478844,-0.00140304608662002,0.00788194833587766));
#6041=CARTESIAN_POINT('',(0.00645916710761497,-0.001420997654105,0.00787873166088864));
#6042=CARTESIAN_POINT('',(0.00641795364481292,-0.00145571309702315,0.00787239671965453));
#6043=CARTESIAN_POINT('',(0.00639700092697768,-0.00147247694835978,0.00786927843843843));
#6044=CARTESIAN_POINT('',(0.00635440470665737,-0.00150482310946955,0.00786316219681196));
#6045=CARTESIAN_POINT('',(0.00633276120416537,-0.00152040541645825,0.00786016422167303));
#6046=CARTESIAN_POINT('',(0.00628877949421183,-0.00155038579892471,0.00785431062228587));
#6047=CARTESIAN_POINT('',(0.00626644129731766,-0.00156478388998605,0.0078514549829635));
#6048=CARTESIAN_POINT('',(0.00622106109708332,-0.00159238419073954,0.00784590846737471));
#6049=CARTESIAN_POINT('',(0.00619801149834298,-0.00160558991029581,0.00784321683850586));
#6050=CARTESIAN_POINT('',(0.00616292117010103,-0.00162447536093729,0.00783932247997825));
#6051=CARTESIAN_POINT('',(0.0061511305296954,-0.00163061995556304,0.00783804749129062));
#6052=CARTESIAN_POINT('',(0.00612736044816081,-0.00164260507682024,0.00783554665657546));
#6053=CARTESIAN_POINT('',(0.00611540560602966,-0.00164843259365014,0.00783432351091716));
#6054=CARTESIAN_POINT('',(0.00607945570791677,-0.00166536150283097,0.00783075169996492));
#6055=CARTESIAN_POINT('',(0.00605532036138819,-0.00167594050258733,0.00782849434050466));
#6056=CARTESIAN_POINT('',(0.00600672985797494,-0.0016956985055367,0.00782424198900711));
#6057=CARTESIAN_POINT('',(0.00598227250647966,-0.00170487903580077,0.00782224666881532));
#6058=CARTESIAN_POINT('',(0.00590841759304468,-0.00173034476999015,0.0078166721110217));
#6059=CARTESIAN_POINT('',(0.00585853819974803,-0.00174455870491773,0.00781350417874755));
#6060=CARTESIAN_POINT('',(0.00578274791123887,-0.0017617195834903,0.00780964941142248));
#6061=CARTESIAN_POINT('',(0.00575732236676034,-0.0017667454188258,0.00780851398709316));
#6062=CARTESIAN_POINT('',(0.00570614236064023,-0.00177538990282564,0.00780655470965348));
#6063=CARTESIAN_POINT('',(0.00568039026454,-0.00177900790492408,0.00780573101338726));
#6064=CARTESIAN_POINT('',(0.00564150311357773,-0.00178336012306862,0.00780473822656483));
#6065=CARTESIAN_POINT('',(0.00562848263724585,-0.00178463190028829,0.00780444770250468));
#6066=CARTESIAN_POINT('',(0.00560248546230247,-0.00178680202190084,0.00780395156250565));
#6067=CARTESIAN_POINT('',(0.00558949678137093,-0.00178770238833302,0.00780374548695728));
#6068=CARTESIAN_POINT('',(0.00555059809060796,-0.00178985046281238,0.00780325360702205));
#6069=CARTESIAN_POINT('',(0.00552470783230055,-0.0017905513038988,0.00780309281595465));
#6070=CARTESIAN_POINT('',(0.00547305578286049,-0.00179050966914088,0.00780310236244881));
#6071=CARTESIAN_POINT('',(0.00544728633500863,-0.00178976804019676,0.00780327249999591));
#6072=CARTESIAN_POINT('',(0.00539585951217466,-0.00178685665573614,0.00780393912753124));
#6073=CARTESIAN_POINT('',(0.0053702021384416,-0.0017846868840537,0.00780443561998842));
#6074=CARTESIAN_POINT('',(0.00531899916267679,-0.00177892224766165,0.00780575050954045));
#6075=CARTESIAN_POINT('',(0.00529345356032364,-0.0017753273878167,0.00780656890905441));
#6076=CARTESIAN_POINT('',(0.00524247459199113,-0.0017667053203414,0.00780852304474286));
#6077=CARTESIAN_POINT('',(0.00521704122385638,-0.00176167814217233,0.00780965878344236));
#6078=CARTESIAN_POINT('',(0.00517897628741705,-0.0017530497404345,0.00781159684516264));
#6079=CARTESIAN_POINT('',(0.00516630216671608,-0.00174999226038009,0.00781228194028576));
#6080=CARTESIAN_POINT('',(0.0051409825437102,-0.00174351131481548,0.0078137296681448));
#6081=CARTESIAN_POINT('',(0.00512834025898551,-0.00174008872333679,0.00781449210708542));
#6082=CARTESIAN_POINT('',(0.00510307172401075,-0.00173287008079542,0.00781609467328217));
#6083=CARTESIAN_POINT('',(0.00509046542823449,-0.00172907889835749,0.00781693370386911));
#6084=CARTESIAN_POINT('',(0.00506542957930978,-0.0017211720388068,0.00781867701475501));
#6085=CARTESIAN_POINT('',(0.00505297486367362,-0.00171704924048576,0.00781958287634238));
#6086=CARTESIAN_POINT('',(0.0050158294743529,-0.00170418751300325,0.00782239734123541));
#6087=CARTESIAN_POINT('',(0.00499133459757785,-0.00169494901580876,0.0078244042601051));
#6088=CARTESIAN_POINT('',(0.00494288494676986,-0.00167517018764556,0.00782865908741973));
#6089=CARTESIAN_POINT('',(0.00491892801594917,-0.00166462915426767,0.00783090715600144));
#6090=CARTESIAN_POINT('',(0.0048478511444399,-0.0016310700037036,0.00783798486253342));
#6091=CARTESIAN_POINT('',(0.00480152341017561,-0.00160612019269404,0.00784314813521758));
#6092=CARTESIAN_POINT('',(0.00473361311546442,-0.0015648169472646,0.00785144832258901));
#6093=CARTESIAN_POINT('',(0.00471124032311392,-0.00155040172257749,0.00785430764321134));
#6094=CARTESIAN_POINT('',(0.00466702791615637,-0.00152025924361898,0.00786019263104296));
#6095=CARTESIAN_POINT('',(0.00464519765759575,-0.00150453918571767,0.00786321696446125));
#6096=CARTESIAN_POINT('',(0.00460204193342596,-0.00147173152469351,0.00786941827231739));
#6097=CARTESIAN_POINT('',(0.00458088909407478,-0.00145477322016232,0.00787257057011326));
#6098=CARTESIAN_POINT('',(0.00453949494054154,-0.00141983356568298,0.00787894160116603));
#6099=CARTESIAN_POINT('',(0.00451923814983555,-0.00140184035621088,0.00788216258607279));
#6100=CARTESIAN_POINT('',(0.00445977456071705,-0.00134631846388162,0.00789189456375981));
#6101=CARTESIAN_POINT('',(0.00442186597855655,-0.00130724648095396,0.00789847551299621));
#6102=CARTESIAN_POINT('',(0.00436757629574278,-0.00124556687997515,0.00790834619244144));
#6103=CARTESIAN_POINT('',(0.0043499092328305,-0.00122449409840565,0.00791163639929241));
#6104=CARTESIAN_POINT('',(0.00431543901460924,-0.00118131307494126,0.00791819351486761));
#6105=CARTESIAN_POINT('',(0.00429863523249394,-0.0011592039977577,0.00792146057216707));
#6106=CARTESIAN_POINT('',(0.00427408777724954,-0.00112525341814317,0.00792632572829281));
#6107=CARTESIAN_POINT('',(0.00426601336426947,-0.00111380277368293,0.00792794188560956));
#6108=CARTESIAN_POINT('',(0.0042500893527387,-0.00109064097317768,0.00793115872821061));
#6109=CARTESIAN_POINT('',(0.00424223043976728,-0.00107891552373227,0.00793276133148354));
#6110=CARTESIAN_POINT('',(0.00422676690361464,-0.00105524194765733,0.007935942477928));
#6111=CARTESIAN_POINT('',(0.00421918312268595,-0.00104332660310925,0.0079375166855123));
#6112=CARTESIAN_POINT('',(0.0042042941302595,-0.00101931825034889,0.00794063286493565));
#6113=CARTESIAN_POINT('',(0.0041969913068528,-0.00100722892744935,0.00794217434487742));
#6114=CARTESIAN_POINT('',(0.00417550405534628,-0.000970707386150247,0.00794674532092872));
#6115=CARTESIAN_POINT('',(0.00416174061117523,-0.000946021733001261,0.00794972134889584));
#6116=CARTESIAN_POINT('',(0.00413532294765825,-0.000895980551202205,0.00795551180906397));
#6117=CARTESIAN_POINT('',(0.00412266875043434,-0.000870625010983757,0.00795832625557331));
#6118=CARTESIAN_POINT('',(0.00409846452175297,-0.000819245121014164,0.00796377481262956));
#6119=CARTESIAN_POINT('',(0.00408691449267571,-0.000793220771297393,0.00796640893723186));
#6120=CARTESIAN_POINT('',(0.00406492174374906,-0.000740499496203826,0.00797147810507315));
#6121=CARTESIAN_POINT('',(0.00405447900926302,-0.000713802580917976,0.00797391316269102));
#6122=CARTESIAN_POINT('',(0.00403471230972976,-0.000659727483446813,0.00797856519401863));
#6123=CARTESIAN_POINT('',(0.00402538594370912,-0.000632340164081823,0.00798078276073571));
#6124=CARTESIAN_POINT('',(0.00401225772324898,-0.000590765291510162,0.00798392917248272));
#6125=CARTESIAN_POINT('',(0.00400802286274869,-0.000576814711041877,0.00798494857365365));
#6126=CARTESIAN_POINT('',(0.00399983921300192,-0.00054873136710829,0.0079869259785279));
#6127=CARTESIAN_POINT('',(0.00399589749354997,-0.000534620781424097,0.00798788228238308));
#6128=CARTESIAN_POINT('',(0.00398456909221764,-0.000492253408930235,0.00799064018748558));
#6129=CARTESIAN_POINT('',(0.0039776556089427,-0.000463891013062351,0.00799233633070633));
#6130=CARTESIAN_POINT('',(0.00396509046749001,-0.000406946886547146,0.00799543541757711));
#6131=CARTESIAN_POINT('',(0.00395943784755835,-0.00037836312307917,0.00799683860903791));
#6132=CARTESIAN_POINT('',(0.00394435101442147,-0.00029227959451328,0.00800059892760853));
#6133=CARTESIAN_POINT('',(0.00393678375235409,-0.0002344482871681,0.00800250692407682));
#6134=CARTESIAN_POINT('',(0.00392917707338624,-0.000147035143664437,0.00800442936260825));
#6135=CARTESIAN_POINT('',(0.00392726655445074,-0.000117786228286364,0.0080049135860431));
#6136=CARTESIAN_POINT('',(0.0039247109946168,-5.90631485511574E-5,0.00800556168771488));
#6137=CARTESIAN_POINT('',(0.00392406634885759,-2.95880422738331E-5,0.00800572545425052));
#6138=CARTESIAN_POINT('',(0.00392406587533677,-2.18141602180922E-21,0.00800572557544628));
#6139=CARTESIAN_POINT('',(0.00392481704527255,-4.11996825544492E-20,0.008));
#6140=CARTESIAN_POINT('',(0.00392481680862499,1.47772386719539E-5,0.00800000006055455));
#6141=CARTESIAN_POINT('',(0.00392497880994876,2.9602931314447E-5,0.00799995893197445));
#6142=CARTESIAN_POINT('',(0.00392562629575463,5.92011474652891E-5,0.00799979462348983));
#6143=CARTESIAN_POINT('',(0.00392611085675971,7.3958676994917E-5,0.0079996716777973));
#6144=CARTESIAN_POINT('',(0.00392739851579187,0.000103407756764772,0.00799934520287932));
#6145=CARTESIAN_POINT('',(0.0039282015003553,0.000118096586870845,0.00799914170267888));
#6146=CARTESIAN_POINT('',(0.00393012263736579,0.000147403546913782,0.00799865532312941));
#6147=CARTESIAN_POINT('',(0.00393124079381289,0.000162021675976727,0.00799837244334563));
#6148=CARTESIAN_POINT('',(0.003935064219814,0.000205770894008772,0.00799740641867431));
#6149=CARTESIAN_POINT('',(0.0039382381917083,0.000234796868448131,0.00799660589326289));
#6150=CARTESIAN_POINT('',(0.00394582305307698,0.000292571642206511,0.00799470057162515));
#6151=CARTESIAN_POINT('',(0.0039502339618421,0.000321320437132309,0.00799359576894707));
#6152=CARTESIAN_POINT('',(0.00396028872975519,0.000378542049504868,0.00799109041814456));
#6153=CARTESIAN_POINT('',(0.00396593258702954,0.000407014867093319,0.00798968986369521));
#6154=CARTESIAN_POINT('',(0.00397845821495151,0.000463683807244263,0.00798660143993677));
#6155=CARTESIAN_POINT('',(0.00398533996242383,0.00049187993450488,0.00798491356423556));
#6156=CARTESIAN_POINT('',(0.00399660159911694,0.000533964598675702,0.00798217260120948));
#6157=CARTESIAN_POINT('',(0.00400051204445287,0.000547957885271104,0.00798122408844076));
#6158=CARTESIAN_POINT('',(0.00400864874732135,0.000575874059147738,0.00797925841556594));
#6159=CARTESIAN_POINT('',(0.00401287551857813,0.000589798278077346,0.00797824113389885));
#6160=CARTESIAN_POINT('',(0.0040216460868975,0.000617570334576154,0.0079761394881491));
#6161=CARTESIAN_POINT('',(0.00402619720011962,0.000631437876488122,0.0079750534037888));
#6162=CARTESIAN_POINT('',(0.00403556341962207,0.000658932196233117,0.00797282874637225));
#6163=CARTESIAN_POINT('',(0.00404038815650465,0.000672592756152704,0.00797168784404044));
#6164=CARTESIAN_POINT('',(0.00406519757807272,0.000740387866428529,0.00796585071493835));
#6165=CARTESIAN_POINT('',(0.00408724978711456,0.000793144057651811,0.00796075266065377));
#6166=CARTESIAN_POINT('',(0.00413564562011844,0.000895737025121626,0.00794986268534244));
#6167=CARTESIAN_POINT('',(0.00416198958402651,0.000945582742764489,0.00794407025501671));
#6168=CARTESIAN_POINT('',(0.00420473461069823,0.00101818183307699,0.00793497956567081));
#6169=CARTESIAN_POINT('',(0.00421952200608762,0.00104201936892512,0.00793188227996127));
#6170=CARTESIAN_POINT('',(0.00424252227064412,0.00107722714854386,0.00792715093170626));
#6171=CARTESIAN_POINT('',(0.0042503256017364,0.00108887162287369,0.00792555957762284));
#6172=CARTESIAN_POINT('',(0.00426620797293622,0.00111197627084721,0.00792235096442353));
#6173=CARTESIAN_POINT('',(0.00427428578054443,0.00112343464960212,0.00792073395395178));
#6174=CARTESIAN_POINT('',(0.00429072512256769,0.00114617254425671,0.00791747564137762));
#6175=CARTESIAN_POINT('',(0.00429908236758602,0.00115744472962589,0.0079158352750795));
#6176=CARTESIAN_POINT('',(0.0043159790327994,0.00117967312905558,0.00791255314935058));
#6177=CARTESIAN_POINT('',(0.00432453657948131,0.00119065458199915,0.00791090778747234));
#6178=CARTESIAN_POINT('',(0.00435050928020999,0.00122317119383371,0.007905968167959));
#6179=CARTESIAN_POINT('',(0.0043682438248216,0.0012443057817362,0.00790266650665123));
#6180=CARTESIAN_POINT('',(0.00442266360037192,0.00130607190666216,0.00789277613830472));
#6181=CARTESIAN_POINT('',(0.00446058162658497,0.00134509599772179,0.00788619799832224));
#6182=CARTESIAN_POINT('',(0.00451989941611844,0.00140042365934202,0.00787649441619321));
#6183=CARTESIAN_POINT('',(0.00454007999598433,0.00141833120809068,0.00787328700731919));
#6184=CARTESIAN_POINT('',(0.00458126518305675,0.00145306961524645,0.00786694988136005));
#6185=CARTESIAN_POINT('',(0.00460227011136665,0.00146990077572599,0.00786382008648738));
#6186=CARTESIAN_POINT('',(0.00464511675638393,0.00150247065877535,0.00785766228812859));
#6187=CARTESIAN_POINT('',(0.00466696873844895,0.00151821642123486,0.00785463290747776));
#6188=CARTESIAN_POINT('',(0.00471149353007172,0.00154856660307174,0.00784870565098887));
#6189=CARTESIAN_POINT('',(0.00473398686008454,0.00156304996716426,0.0078458315991687));
#6190=CARTESIAN_POINT('',(0.00477947117506284,0.0015906893860014,0.00784027461277231));
#6191=CARTESIAN_POINT('',(0.00480245488394673,0.00160384044381942,0.00783759264454492));
#6192=CARTESIAN_POINT('',(0.00484890113776693,0.00162882108574006,0.00783243924550898));
#6193=CARTESIAN_POINT('',(0.0048723636900208,0.00164065064669397,0.00782996780382414));
#6194=CARTESIAN_POINT('',(0.0049197668734004,0.00166299408100975,0.00782525277951851));
#6195=CARTESIAN_POINT('',(0.00494370750473378,0.00167350795156625,0.00782300918634197));
#6196=CARTESIAN_POINT('',(0.00499206950304357,0.00169321606512296,0.00781876722797389));
#6197=CARTESIAN_POINT('',(0.00501649086316823,0.00170241032539839,0.00781676885198102));
#6198=CARTESIAN_POINT('',(0.00506582044888056,0.0017194654233624,0.00781303493309711));
#6199=CARTESIAN_POINT('',(0.00509073699560174,0.00172732811166467,0.0078112989713594));
#6200=CARTESIAN_POINT('',(0.00512845930121661,0.00173809853302848,0.00780890690503372));
#6201=CARTESIAN_POINT('',(0.00514110102280768,0.00174151993606461,0.00780814442739948));
#6202=CARTESIAN_POINT('',(0.00516651324683288,0.00174802041899185,0.00780669172641375));
#6203=CARTESIAN_POINT('',(0.00517927027250567,0.00175109528315273,0.00780600244101389));
#6204=CARTESIAN_POINT('',(0.00521751779985231,0.00175975246615763,0.00780405703117857));
#6205=CARTESIAN_POINT('',(0.00524305159024431,0.0017647881378184,0.00780291883550648));
#6206=CARTESIAN_POINT('',(0.00529418139155262,0.00177340939270377,0.00780096395804868));
#6207=CARTESIAN_POINT('',(0.00531977866594821,0.00177699572023643,0.00780014709381054));
#6208=CARTESIAN_POINT('',(0.00539666665104938,0.00178560528514283,0.00779818240398193));
#6209=CARTESIAN_POINT('',(0.00544805332678744,0.00178848373611876,0.00779752051875286));
#6210=CARTESIAN_POINT('',(0.00552532559744365,0.00178850764642359,0.00779751500425094));
#6211=CARTESIAN_POINT('',(0.00555111511283807,0.00178779883280568,0.0077976776995425));
#6212=CARTESIAN_POINT('',(0.00560275904414812,0.00178493134603572,0.00779833458146049));
#6213=CARTESIAN_POINT('',(0.00562861625186509,0.00178277187318444,0.00779882896640588));
#6214=CARTESIAN_POINT('',(0.00566744322923834,0.00177842772322942,0.00779982032176742));
#6215=CARTESIAN_POINT('',(0.00568040818995115,0.00177679244165958,0.00780019308046664));
#6216=CARTESIAN_POINT('',(0.00570629264417803,0.00177315735450251,0.0078010202199382));
#6217=CARTESIAN_POINT('',(0.00571918196613418,0.0017711623537042,0.00780147350669004));
#6218=CARTESIAN_POINT('',(0.00575769223705467,0.00176464981782756,0.00780295013645159));
#6219=CARTESIAN_POINT('',(0.00578319045334505,0.00175960245986595,0.00780409083492858));
#6220=CARTESIAN_POINT('',(0.00583379230640432,0.00174812809250796,0.00780666912004936));
#6221=CARTESIAN_POINT('',(0.00585890455542265,0.00174170019158464,0.00780810690903017));
#6222=CARTESIAN_POINT('',(0.00590875663732945,0.00172747880824218,0.00781126558371616));
#6223=CARTESIAN_POINT('',(0.00593349646433188,0.00171968530508896,0.00781298647780405));
#6224=CARTESIAN_POINT('',(0.00598260596495976,0.00170273835543957,0.0078166973413861));
#6225=CARTESIAN_POINT('',(0.00600697563807968,0.00169358490876793,0.00781868731901047));
#6226=CARTESIAN_POINT('',(0.00605534449682652,0.00167391376358918,0.00782292233893948));
#6227=CARTESIAN_POINT('',(0.0060793436873054,0.00166339608547252,0.00782516738956243));
#6228=CARTESIAN_POINT('',(0.00612696861117916,0.00164098204291433,0.00782989840987255));
#6229=CARTESIAN_POINT('',(0.00615059352075892,0.00162908562429408,0.00783238438076357));
#6230=CARTESIAN_POINT('',(0.00618574898941096,0.00161018843455124,0.00783628322466525));
#6231=CARTESIAN_POINT('',(0.00619743481716151,0.00160370466025337,0.0078376129802132));
#6232=CARTESIAN_POINT('',(0.00622061080843948,0.00159044001863491,0.00784031544704815));
#6233=CARTESIAN_POINT('',(0.00623210377629586,0.00158365856829016,0.00784168831332016));
#6234=CARTESIAN_POINT('',(0.0062662758316732,0.00156288441054983,0.00784586461321966));
#6235=CARTESIAN_POINT('',(0.00628868851231642,0.00154844125382398,0.00784873007288386));
#6236=CARTESIAN_POINT('',(0.00633274853090816,0.00151841040146813,0.00785459508214086));
#6237=CARTESIAN_POINT('',(0.00635440305026328,0.00150281879661703,0.00785759545413346));
#6238=CARTESIAN_POINT('',(0.006418254649385,0.00145433191306656,0.00786676558399362));
#6239=CARTESIAN_POINT('',(0.00645934222470423,0.00141972844058055,0.00787310451111771));
#6240=CARTESIAN_POINT('',(0.00651876063959156,0.00136439177667351,0.00788281583495511));
#6241=CARTESIAN_POINT('',(0.00653819734315154,0.00134537336862407,0.0078860868304306));
#6242=CARTESIAN_POINT('',(0.00656679279688613,0.00131597484415133,0.00789102711546896));
#6243=CARTESIAN_POINT('',(0.00657623131508314,0.00130603013298855,0.00789267951150678));
#6244=CARTESIAN_POINT('',(0.00659492030909551,0.00128584752215834,0.00789599270058092));
#6245=CARTESIAN_POINT('',(0.00660417149241738,0.00127560868915733,0.00789765363284767));
#6246=CARTESIAN_POINT('',(0.00662248118579601,0.00125483821918125,0.00790098043608625));
#6247=CARTESIAN_POINT('',(0.00663155097637279,0.00124429223167676,0.00790264847114632));
#6248=CARTESIAN_POINT('',(0.00664939444469016,0.00122302597085791,0.0079059675621262));
#6249=CARTESIAN_POINT('',(0.00665819002056627,0.00121228130189359,0.00790762256280629));
#6250=CARTESIAN_POINT('',(0.00668416848651345,0.00117975378108748,0.00791256352579313));
#6251=CARTESIAN_POINT('',(0.00670097506003857,0.00115764176201854,0.00791583120486982));
#6252=CARTESIAN_POINT('',(0.00674983038885966,0.0010900995612745,0.00792551263365039));
#6253=CARTESIAN_POINT('',(0.00678035898151939,0.00104341949194845,0.00793181234606269));
#6254=CARTESIAN_POINT('',(0.00682309746204298,0.000970949712057834,0.00794089724948082));
#6255=CARTESIAN_POINT('',(0.00683683476873043,0.000946382891074026,0.00794386504758515));
#6256=CARTESIAN_POINT('',(0.00686328464034366,0.000896420481818537,0.00794965802720402));
#6257=CARTESIAN_POINT('',(0.00687599725589335,0.00087102493716724,0.00795248323676655));
#6258=CARTESIAN_POINT('',(0.00690038303902368,0.000819390664448524,0.00795796914818513));
#6259=CARTESIAN_POINT('',(0.0069120548427959,0.000793155313585322,0.0079606295373854));
#6260=CARTESIAN_POINT('',(0.00693434138780674,0.000739806802930564,0.00796576450361858));
#6261=CARTESIAN_POINT('',(0.00694486207702279,0.000712917807945843,0.00796821733289206));
#6262=CARTESIAN_POINT('',(0.00696467412172119,0.000658739794480042,0.00797287909808493));
#6263=CARTESIAN_POINT('',(0.00697396701998536,0.000631446975269413,0.00797508840081029));
#6264=CARTESIAN_POINT('',(0.00699134187206085,0.000576458221466376,0.0079792516054607));
#6265=CARTESIAN_POINT('',(0.00699942379365956,0.000548762220803977,0.00798120552756481));
#6266=CARTESIAN_POINT('',(0.00702186281950537,0.000465071386385343,0.00798666605189766));
#6267=CARTESIAN_POINT('',(0.00703441774664865,0.000408470534727129,0.00798977173317404));
#6268=CARTESIAN_POINT('',(0.00704959992048183,0.000322361409321814,0.00799355422960998));
#6269=CARTESIAN_POINT('',(0.00705405227546587,0.000293445863524836,0.00799466930427393));
#6270=CARTESIAN_POINT('',(0.00705979998677396,0.000249776775073406,0.00799611305827889));
#6271=CARTESIAN_POINT('',(0.00706156155508953,0.000235161148403147,0.0079965563819267));
#6272=CARTESIAN_POINT('',(0.00706476979123147,0.000205841894194816,0.00799736484822882));
#6273=CARTESIAN_POINT('',(0.00706621921079582,0.000191105067634175,0.00799773068583033));
#6274=CARTESIAN_POINT('',(0.00706878995883821,0.000161649780645489,0.00799838021704275));
#6275=CARTESIAN_POINT('',(0.00706991242433601,0.000146927858699162,0.00799866419471483));
#6276=CARTESIAN_POINT('',(0.00707183419127469,0.000117490717467354,0.00799915074410035));
#6277=CARTESIAN_POINT('',(0.00707263348679418,0.000102776277495422,0.00799935331487754));
#6278=CARTESIAN_POINT('',(0.00707454965588362,5.86452741759768E-5,0.00799983914925127));
#6279=CARTESIAN_POINT('',(0.00707518507515484,2.92410209971149E-5,0.00800000053833891));
#6280=CARTESIAN_POINT('',(0.00707518082366929,-2.95348777911043E-5,0.00799999945896259));
#6281=CARTESIAN_POINT('',(0.00707454114131649,-5.89065231133541E-5,0.00799983698968415));
#6282=CARTESIAN_POINT('',(0.00707198624584236,-0.000117617200291887,0.00799918921115304));
#6283=CARTESIAN_POINT('',(0.00707007104331385,-0.000146956232401868,0.00799870390113027));
#6284=CARTESIAN_POINT('',(0.00706495533031193,-0.000205601449260126,0.00799741134855148));
#6285=CARTESIAN_POINT('',(0.00706175609075532,-0.000234898110624628,0.0079966044202654));
#6286=CARTESIAN_POINT('',(0.00705404785861881,-0.000293496211642156,0.00799466818200726));
#6287=CARTESIAN_POINT('',(0.00704956716541969,-0.000322575096663241,0.00799354601896801));
#6288=CARTESIAN_POINT('',(0.00703939227355239,-0.000380228155838765,0.00799101114062427));
#6289=CARTESIAN_POINT('',(0.00703369623835034,-0.000408816043606418,0.0079895979667659));
#6290=CARTESIAN_POINT('',(0.00702110721262817,-0.000465519946102267,0.00798649468998533));
#6291=CARTESIAN_POINT('',(0.00701421409011447,-0.000493636447029245,0.0079848045513037));
#6292=CARTESIAN_POINT('',(0.00699175520548018,-0.000577287223914204,0.00797933976028112));
#6293=CARTESIAN_POINT('',(0.00697441381010663,-0.000632124390647119,0.00797517058428449));
#6294=CARTESIAN_POINT('',(0.00693497426182734,-0.000739938209250068,0.0079658909933509));
#6295=CARTESIAN_POINT('',(0.00691287082331061,-0.000792927590789448,0.00796077904349234));
#6296=CARTESIAN_POINT('',(0.00686376658798592,-0.000896943481810715,0.00794973118584943));
#6297=CARTESIAN_POINT('',(0.00683718417979381,-0.000947089998476495,0.00794389065014386));
#6298=CARTESIAN_POINT('',(0.00678007278193596,-0.00104387805805536,0.00793175252416154));
#6299=CARTESIAN_POINT('',(0.00674954839198674,-0.00109050816626443,0.00792545569492321));
#6300=CARTESIAN_POINT('',(0.00670082494159283,-0.00115783983907696,0.0079158019896914));
#6301=CARTESIAN_POINT('',(0.00668409347252685,-0.00117984739860056,0.00791254927670923));
#6302=CARTESIAN_POINT('',(0.00664964133814446,-0.00122298537612804,0.00790599663170758));
#6303=CARTESIAN_POINT('',(0.00663191905955918,-0.0012441175534588,0.00790269638263637));
#6304=CARTESIAN_POINT('',(0.00660458675015079,-0.00127514458577106,0.00789772854070262));
#6305=CARTESIAN_POINT('',(0.00659534680429959,-0.00128537943684356,0.00789606894079906));
#6306=CARTESIAN_POINT('',(0.00657662161005782,-0.00130561583448265,0.00789274809861099));
#6307=CARTESIAN_POINT('',(0.00656711777416814,-0.00131563640903747,0.00789108365187333));
#6308=CARTESIAN_POINT('',(0.00654791523345358,-0.00133538677832648,0.00788776535748279));
#6309=CARTESIAN_POINT('',(0.00653822953960387,-0.00134510423350899,0.00788611367204235));
#6310=CARTESIAN_POINT('',(0.00651867791526517,-0.00136424014487033,0.00788282583064281));
#6311=CARTESIAN_POINT('',(0.00650881415762525,-0.0013736564245573,0.007881190044411));
#6312=CARTESIAN_POINT('',(0.00647896101991543,-0.00140145445905814,0.00787631128406574));
#6313=CARTESIAN_POINT('',(0.00645870992004389,-0.00141938566213039,0.00787309690959466));
#6314=CARTESIAN_POINT('',(0.00641751610166335,-0.00145406172355117,0.00786676649901597));
#6315=CARTESIAN_POINT('',(0.0063965733709535,-0.0014708065578305,0.00786365044794806));
#6316=CARTESIAN_POINT('',(0.00635399745414688,-0.00150311602517658,0.00785753858056631));
#6317=CARTESIAN_POINT('',(0.00633236426804319,-0.00151868065546206,0.00785454274953446));
#6318=CARTESIAN_POINT('',(0.0062884035219978,-0.0015486270279245,0.00784869333655422));
#6319=CARTESIAN_POINT('',(0.00626607597261844,-0.00156300878566736,0.00784583973954247));
#6320=CARTESIAN_POINT('',(0.00622071740288347,-0.00159057777640202,0.00784029719073885));
#6321=CARTESIAN_POINT('',(0.00619767879074804,-0.00160376851527631,0.00783760748688279));
#6322=CARTESIAN_POINT('',(0.00616260518833188,-0.00162263254209997,0.00783371591354228));
#6323=CARTESIAN_POINT('',(0.006150820167942,-0.00162877016624466,0.00783244183670753));
#6324=CARTESIAN_POINT('',(0.00612706141643088,-0.00164074169147711,0.00782994279055203));
#6325=CARTESIAN_POINT('',(0.00611511227258232,-0.00164656259752174,0.00782872051966925));
#6326=CARTESIAN_POINT('',(0.00607917951000971,-0.00166347230240222,0.00782515126322289));
#6327=CARTESIAN_POINT('',(0.00605505566760837,-0.00167403930125017,0.00782289551819243));
#6328=CARTESIAN_POINT('',(0.00600648832488741,-0.00169377489055086,0.00781864620791321));
#6329=CARTESIAN_POINT('',(0.00598204263100323,-0.00170294500634235,0.00781665231474464));
#6330=CARTESIAN_POINT('',(0.00590822292055659,-0.00172838185198358,0.00781108174379155));
#6331=CARTESIAN_POINT('',(0.00585836730230232,-0.001742579662501,0.00780791607717528));
#6332=CARTESIAN_POINT('',(0.00578261313927918,-0.00175972107362514,0.00780406406672227));
#6333=CARTESIAN_POINT('',(0.00575719971390151,-0.00176474120760976,0.00780292945443148));
#6334=CARTESIAN_POINT('',(0.00570604410276169,-0.00177337588523252,0.00780097157823779));
#6335=CARTESIAN_POINT('',(0.00568030428141335,-0.00177698978303822,0.00780014847106684));
#6336=CARTESIAN_POINT('',(0.00564143566603467,-0.00178133706398902,0.00779915639427073));
#6337=CARTESIAN_POINT('',(0.00562842139592056,-0.00178260739849367,0.00779886607798905));
#6338=CARTESIAN_POINT('',(0.00560243661254605,-0.00178477505830157,0.00779837029282195));
#6339=CARTESIAN_POINT('',(0.00558945412267697,-0.00178567440335032,0.00779816436465573));
#6340=CARTESIAN_POINT('',(0.00555057397299805,-0.00178782004103549,0.00779767283650569));
#6341=CARTESIAN_POINT('',(0.00552469605529762,-0.00178852008708175,0.00779751216043366));
#6342=CARTESIAN_POINT('',(0.00547306862583758,-0.00178847849955466,0.00779752170010031));
#6343=CARTESIAN_POINT('',(0.00544731146100833,-0.0017877377119208,0.00779769171596758));
#6344=CARTESIAN_POINT('',(0.00539590915079998,-0.00178482963015978,0.00779835786674084));
#6345=CARTESIAN_POINT('',(0.00537026400666934,-0.00178266231988502,0.00779885400411403));
#6346=CARTESIAN_POINT('',(0.00531908543683332,-0.00177690422294613,0.00780016795327667));
#6347=CARTESIAN_POINT('',(0.00529355201080669,-0.00177331344114114,0.00780098576748352));
#6348=CARTESIAN_POINT('',(0.00524259734162969,-0.00176470115461343,0.00780293850560329));
#6349=CARTESIAN_POINT('',(0.00521717609632496,-0.00175967967931856,0.00780407343203942));
#6350=CARTESIAN_POINT('',(0.00517912930356017,-0.00175106106571396,0.00780601010768689));
#6351=CARTESIAN_POINT('',(0.00516646122398635,-0.00174800705409125,0.0078066947128402));
#6352=CARTESIAN_POINT('',(0.00514115366959381,-0.00174153346056709,0.00780814140530588));
#6353=CARTESIAN_POINT('',(0.00512851741082163,-0.00173811475170565,0.00780890329896155));
#6354=CARTESIAN_POINT('',(0.00510326092010906,-0.00173090429805454,0.00781050471902687));
#6355=CARTESIAN_POINT('',(0.00509066063313117,-0.00172711741636661,0.00781134314955166));
#6356=CARTESIAN_POINT('',(0.00506563671755871,-0.00171921952642548,0.00781308521364763));
#6357=CARTESIAN_POINT('',(0.00505318793847014,-0.00171510140504235,0.00781399042737632));
#6358=CARTESIAN_POINT('',(0.00501606025452129,-0.00170225426801425,0.00781680287940606));
#6359=CARTESIAN_POINT('',(0.00499157705324379,-0.00169302625105052,0.00781880836295733));
#6360=CARTESIAN_POINT('',(0.00494315049599061,-0.0016732698601603,0.00782306014728297));
#6361=CARTESIAN_POINT('',(0.00491920498425521,-0.00166274078462144,0.00782530660807958));
#6362=CARTESIAN_POINT('',(0.00484816199157894,-0.00162921970384674,0.00783237925274148));
#6363=CARTESIAN_POINT('',(0.00480185633945666,-0.00160429819611762,0.00783753883273008));
#6364=CARTESIAN_POINT('',(0.00473397841422776,-0.00156304180544545,0.00784583308393138));
#6365=CARTESIAN_POINT('',(0.00471161628588201,-0.00154864293351335,0.00784869035961028));
#6366=CARTESIAN_POINT('',(0.00466742495279447,-0.00151853464844252,0.00785457113858644));
#6367=CARTESIAN_POINT('',(0.00464560509963955,-0.00150283242351025,0.0078575933090466));
#6368=CARTESIAN_POINT('',(0.0046024699456713,-0.00147006197977925,0.00786379018181991));
#6369=CARTESIAN_POINT('',(0.00458132718883355,-0.00145312291289475,0.00786694022513945));
#6370=CARTESIAN_POINT('',(0.00453995276584816,-0.0014182228942603,0.0078733066997259));
#6371=CARTESIAN_POINT('',(0.00451970563055348,-0.00140025009643996,0.00787652538103233));
#6372=CARTESIAN_POINT('',(0.00446027038479003,-0.00134479118862344,0.00788625039855416));
#6373=CARTESIAN_POINT('',(0.00442237987177771,-0.00130576352928965,0.00789282664119388));
#6374=CARTESIAN_POINT('',(0.00436811606617347,-0.0012441538981813,0.00790269026127649));
#6375=CARTESIAN_POINT('',(0.00435045742427721,-0.00122310502175666,0.00790597811502063));
#6376=CARTESIAN_POINT('',(0.00431600363630592,-0.00117997298321711,0.00791253054104463));
#6377=CARTESIAN_POINT('',(0.00429920786372334,-0.00115788898676108,0.00791579526179348));
#6378=CARTESIAN_POINT('',(0.00427467210903805,-0.0011239769209764,0.00792065693843217));
#6379=CARTESIAN_POINT('',(0.00426660154473172,-0.00111253926622584,0.00792227193989732));
#6380=CARTESIAN_POINT('',(0.0042506851233905,-0.00108940374066652,0.00792548648186056));
#6381=CARTESIAN_POINT('',(0.00424282995637461,-0.00107769159267193,0.00792708793897555));
#6382=CARTESIAN_POINT('',(0.00422737379092565,-0.00105404487210553,0.00793026681031155));
#6383=CARTESIAN_POINT('',(0.00421979362481064,-0.00104214304442691,0.00793183989204607));
#6384=CARTESIAN_POINT('',(0.00420491172923127,-0.00101816192694865,0.00793495384282441));
#6385=CARTESIAN_POINT('',(0.00419761238671968,-0.0010060863182811,0.00793649422032274));
#6386=CARTESIAN_POINT('',(0.00417613537712434,-0.000969606207332924,0.00794106192728018));
#6387=CARTESIAN_POINT('',(0.00416237849330712,-0.000944948557801432,0.00794403582683652));
#6388=CARTESIAN_POINT('',(0.00413597342178514,-0.000894964143149898,0.00794982214575396));
#6389=CARTESIAN_POINT('',(0.00412332525619185,-0.000869637366474603,0.00795263457941316));
#6390=CARTESIAN_POINT('',(0.00409913256447044,-0.000818315762294608,0.00795807923974273));
#6391=CARTESIAN_POINT('',(0.0040875880407214,-0.000792320934824244,0.00796071148045843));
#6392=CARTESIAN_POINT('',(0.00406560577465157,-0.00073965946719911,0.00796577702290653));
#6393=CARTESIAN_POINT('',(0.00405516801770112,-0.00071299283712384,0.00796821033900753));
#6394=CARTESIAN_POINT('',(0.00403541073997692,-0.000658979082908873,0.00797285904327177));
#6395=CARTESIAN_POINT('',(0.00402608881937419,-0.000631622831954802,0.00797507502401823));
#6396=CARTESIAN_POINT('',(0.00401296685648812,-0.000590095122276564,0.00797821918549852));
#6397=CARTESIAN_POINT('',(0.0040087340145366,-0.00057616036746689,0.00797923785760894));
#6398=CARTESIAN_POINT('',(0.00400055426553134,-0.000548108881520479,0.00798121384827274));
#6399=CARTESIAN_POINT('',(0.0039966144249023,-0.000534014303006191,0.00798216946819368));
#6400=CARTESIAN_POINT('',(0.00398529142325919,-0.000491694992424492,0.00798492540088361));
#6401=CARTESIAN_POINT('',(0.00397838123530016,-0.000463364771102705,0.00798662033104805));
#6402=CARTESIAN_POINT('',(0.0039658220830296,-0.000406485242494948,0.00798971720149815));
#6403=CARTESIAN_POINT('',(0.00396017215742258,-0.000377933904694383,0.00799111938941736));
#6404=CARTESIAN_POINT('',(0.00394509251543367,-0.000291948030024518,0.00799487701866426));
#6405=CARTESIAN_POINT('',(0.00393752886030625,-0.000234182327012386,0.00799678365056195));
#6406=CARTESIAN_POINT('',(0.00392992580706644,-0.000146868345731381,0.00799870471419403));
#6407=CARTESIAN_POINT('',(0.00392801619878093,-0.000117652610574774,0.00799918859131952));
#6408=CARTESIAN_POINT('',(0.0039254618570561,-5.89961468068655E-5,0.00799983622947865));
#6409=CARTESIAN_POINT('',(0.00392481751856767,-2.95544773439078E-5,0.00799999987889091));
#6410=CARTESIAN_POINT('',(0.00392481704527255,-2.16840434497101E-21,0.008));
#6411=CARTESIAN_POINT('',(0.00405,-3.14418630020796E-20,0.00704582915564462));
#6412=CARTESIAN_POINT('',(0.0040499997821593,1.19804300517558E-5,0.00704582920897674));
#6413=CARTESIAN_POINT('',(0.00405014890891232,2.40001434505185E-5,0.00704579298585815));
#6414=CARTESIAN_POINT('',(0.00405074493772009,4.79964641511919E-5,0.00704564827466921));
#6415=CARTESIAN_POINT('',(0.00405119098968837,5.99609153038105E-5,0.00704553999287609));
#6416=CARTESIAN_POINT('',(0.00405237631586971,8.38363258655333E-5,0.00704525245706413));
#6417=CARTESIAN_POINT('',(0.00405311548563629,9.5745079965648E-5,0.00704507322860845));
#6418=CARTESIAN_POINT('',(0.00405488394602805,0.000119505269038087,0.00704464486020715));
#6419=CARTESIAN_POINT('',(0.00405591324033537,0.000131356703301885,0.00704439571987864));
#6420=CARTESIAN_POINT('',(0.00405943281098904,0.000166825741738171,0.00704354491427936));
#6421=CARTESIAN_POINT('',(0.00406235454095883,0.000190358125843489,0.00704283986861891));
#6422=CARTESIAN_POINT('',(0.00406933661815284,0.000237198178380733,0.00704116179727564));
#6423=CARTESIAN_POINT('',(0.00407339698313471,0.000260505843250768,0.0070401887659106));
#6424=CARTESIAN_POINT('',(0.0040826526784368,0.000306897428287611,0.00703798223169441));
#6425=CARTESIAN_POINT('',(0.00408784800703227,0.000329981348569145,0.00703674872327275));
#6426=CARTESIAN_POINT('',(0.00409937819813315,0.000375924862688313,0.00703402866000247));
#6427=CARTESIAN_POINT('',(0.00410571303930503,0.000398784460334746,0.00703254209952413));
#6428=CARTESIAN_POINT('',(0.0041160796911,0.000432903986081688,0.00703012805487367));
#6429=CARTESIAN_POINT('',(0.00411967936548707,0.000444248838456831,0.00702929267250863));
#6430=CARTESIAN_POINT('',(0.00412716942822797,0.000466881467993165,0.00702756144810214));
#6431=CARTESIAN_POINT('',(0.00413106028947929,0.000478170324768739,0.00702666549899847));
#6432=CARTESIAN_POINT('',(0.00413913384310999,0.000500686113249635,0.00702481451938615));
#6433=CARTESIAN_POINT('',(0.00414332327021889,0.000511929019962332,0.00702385797377975));
#6434=CARTESIAN_POINT('',(0.00415194513743619,0.000534219637433579,0.00702189865426889));
#6435=CARTESIAN_POINT('',(0.00415638644278175,0.000545294736520271,0.00702089382890512));
#6436=CARTESIAN_POINT('',(0.00417922420977187,0.000600258630304221,0.00701575290210164));
#6437=CARTESIAN_POINT('',(0.00419952388543969,0.000643029940458525,0.00701126289966395));
#6438=CARTESIAN_POINT('',(0.00424407360434593,0.000726205687828145,0.00700167178646939));
#6439=CARTESIAN_POINT('',(0.00426832396050256,0.000766617374124632,0.00699657022716087));
#6440=CARTESIAN_POINT('',(0.00430767195400992,0.000825476024418872,0.00698856379665589));
#6441=CARTESIAN_POINT('',(0.00432128416537226,0.000844801957846585,0.0069858359284115));
#6442=CARTESIAN_POINT('',(0.00434245655268565,0.000873346150056788,0.00698166889447642));
#6443=CARTESIAN_POINT('',(0.0043496397373753,0.000882786737252467,0.00698026734335168));
#6444=CARTESIAN_POINT('',(0.0043642599046204,0.000901518492559019,0.00697744142579807));
#6445=CARTESIAN_POINT('',(0.0043716957526257,0.00091080820549005,0.00697601727835721));
#6446=CARTESIAN_POINT('',(0.00438682862710367,0.000929242620909155,0.00697314758914056));
#6447=CARTESIAN_POINT('',(0.00439452170506658,0.000938381380276844,0.00697170287155441));
#6448=CARTESIAN_POINT('',(0.00441007555834178,0.000956402729896651,0.00696881220941025));
#6449=CARTESIAN_POINT('',(0.00441795301959256,0.000965305782203909,0.00696736309207358));
#6450=CARTESIAN_POINT('',(0.00444186161760244,0.000991668149506864,0.00696301262767547));
#6451=CARTESIAN_POINT('',(0.00445818676231634,0.0010088027074342,0.00696010475998743));
#6452=CARTESIAN_POINT('',(0.00450828168894773,0.0010588786895342,0.00695139402928043));
#6453=CARTESIAN_POINT('',(0.00454318629342195,0.00109051690040982,0.00694560047297059));
#6454=CARTESIAN_POINT('',(0.00459778997902222,0.00113537299258371,0.00693705425023579));
#6455=CARTESIAN_POINT('',(0.00461636676765363,0.0011498912757312,0.00693422939336594));
#6456=CARTESIAN_POINT('',(0.00465427888514816,0.0011780549310843,0.00692864810501021));
#6457=CARTESIAN_POINT('',(0.00467361450959608,0.00119170054819084,0.00692589160501457));
#6458=CARTESIAN_POINT('',(0.00471305604563389,0.00121810610435177,0.00692046825561321));
#6459=CARTESIAN_POINT('',(0.00473317140677287,0.00123087175089375,0.00691780019329906));
#6460=CARTESIAN_POINT('',(0.00477415772373321,0.00125547771677251,0.00691257988872626));
#6461=CARTESIAN_POINT('',(0.0047948634636098,0.00126721989230827,0.00691004862896258));
#6462=CARTESIAN_POINT('',(0.00483673304867644,0.00128962814674544,0.00690515443186643));
#6463=CARTESIAN_POINT('',(0.00485789019602982,0.00130029017446178,0.00690279234562504));
#6464=CARTESIAN_POINT('',(0.00490064527272558,0.00132054286441376,0.00689825359947779));
#6465=CARTESIAN_POINT('',(0.0049222432088041,0.00133013350788199,0.00689607692999284));
#6466=CARTESIAN_POINT('',(0.00496587916594423,0.00134824812035262,0.00689192427302758));
#6467=CARTESIAN_POINT('',(0.00498791718719712,0.00135677208708067,0.00688994827625049));
#6468=CARTESIAN_POINT('',(0.0050324357603182,0.00137275015180256,0.00688621226200714));
#6469=CARTESIAN_POINT('',(0.00505491630587932,0.00138020426380209,0.00688445223502782));
#6470=CARTESIAN_POINT('',(0.00510032557028769,0.00139403143494777,0.00688116366571069));
#6471=CARTESIAN_POINT('',(0.00512326194897308,0.00140040599445236,0.00687963475448251));
#6472=CARTESIAN_POINT('',(0.00515798638715561,0.00140913795599325,0.00687752799315019));
#6473=CARTESIAN_POINT('',(0.00516962344572927,0.00141191180844737,0.00687685645725691));
#6474=CARTESIAN_POINT('',(0.00519301610924553,0.00141718197987378,0.00687557702188695));
#6475=CARTESIAN_POINT('',(0.0052047593084534,0.00141967488100477,0.00687496994849107));
#6476=CARTESIAN_POINT('',(0.00523996722794255,0.0014266935654648,0.00687325657032396));
#6477=CARTESIAN_POINT('',(0.00526347179670303,0.00143077616258836,0.00687225412879251));
#6478=CARTESIAN_POINT('',(0.00531053820995645,0.00143776571885136,0.00687053241221903));
#6479=CARTESIAN_POINT('',(0.00533410121751988,0.00144067328142801,0.00686981297648583));
#6480=CARTESIAN_POINT('',(0.00540487875993486,0.00144765336021117,0.00686808261787641));
#6481=CARTESIAN_POINT('',(0.0054521816332971,0.00144998702222635,0.00686749967659575));
#6482=CARTESIAN_POINT('',(0.0055233129213217,0.00145000640715616,0.00686749481981595));
#6483=CARTESIAN_POINT('',(0.00554705289210553,0.0014494317468859,0.00686763811021955));
#6484=CARTESIAN_POINT('',(0.00559459257641631,0.0014471069739406,0.00686821664494074));
#6485=CARTESIAN_POINT('',(0.00561839485987767,0.00144535621292096,0.00686865206392358));
#6486=CARTESIAN_POINT('',(0.00565413617933447,0.00144183425690325,0.00686952517898727));
#6487=CARTESIAN_POINT('',(0.00566607078856719,0.00144050847629579,0.00686985347825116));
#6488=CARTESIAN_POINT('',(0.00568989815320208,0.0014375613825672,0.00687058196367672));
#6489=CARTESIAN_POINT('',(0.00570176313484257,0.00143594396485813,0.00687098118630326));
#6490=CARTESIAN_POINT('',(0.00573721291714349,0.00143066402167985,0.00687228169643139));
#6491=CARTESIAN_POINT('',(0.00576068473894921,0.00142657195005868,0.00687328634225484));
#6492=CARTESIAN_POINT('',(0.00580726516106185,0.00141726927460163,0.00687555711181428));
#6493=CARTESIAN_POINT('',(0.00583038168918793,0.00141205794797295,0.00687682341375437));
#6494=CARTESIAN_POINT('',(0.00587627192596825,0.00140052816949736,0.00687960534902883));
#6495=CARTESIAN_POINT('',(0.00589904562920441,0.00139420970084055,0.00688112098974612));
#6496=CARTESIAN_POINT('',(0.00594425229913226,0.00138047020935866,0.00688438925359849));
#6497=CARTESIAN_POINT('',(0.00596668526535876,0.00137304918639127,0.0068861418838941));
#6498=CARTESIAN_POINT('',(0.00601121015370417,0.00135710109324093,0.00688987178725542));
#6499=CARTESIAN_POINT('',(0.0060333020802896,0.00134857403958919,0.00689184906764731));
#6500=CARTESIAN_POINT('',(0.00607714215576123,0.00133040218251907,0.00689601581275192));
#6501=CARTESIAN_POINT('',(0.00609888954630294,0.00132075733517593,0.00689820527852497));
#6502=CARTESIAN_POINT('',(0.00613125113921623,0.00130543671507188,0.00690163910202939));
#6503=CARTESIAN_POINT('',(0.00614200827075304,0.0013001800899222,0.00690281025583061));
#6504=CARTESIAN_POINT('',(0.00616334241943217,0.00128942597580151,0.00690519039578284));
#6505=CARTESIAN_POINT('',(0.00617392201803833,0.00128392801415193,0.00690639951843364));
#6506=CARTESIAN_POINT('',(0.00620537835150545,0.00126708566970567,0.00691007770538286));
#6507=CARTESIAN_POINT('',(0.00622600985138054,0.00125537609170384,0.00691260139778873));
#6508=CARTESIAN_POINT('',(0.00626656833175658,0.0012310290175298,0.00691776687944136));
#6509=CARTESIAN_POINT('',(0.0062865019229444,0.00121838835201314,0.00692040939299932));
#6510=CARTESIAN_POINT('',(0.00634527910717356,0.00117907832057413,0.00692848578904037));
#6511=CARTESIAN_POINT('',(0.00638310137031816,0.00115102406152957,0.00693406866373384));
#6512=CARTESIAN_POINT('',(0.00643779768437318,0.0011061606708834,0.00694262170481295));
#6513=CARTESIAN_POINT('',(0.00645568971404354,0.00109074177481047,0.00694550256422412));
#6514=CARTESIAN_POINT('',(0.00648201262960755,0.00106690735121623,0.00694985361476918));
#6515=CARTESIAN_POINT('',(0.00649070104979684,0.00105884482213944,0.00695130892729168));
#6516=CARTESIAN_POINT('',(0.00650790479189968,0.00104248206569528,0.00695422694781376));
#6517=CARTESIAN_POINT('',(0.00651642076509279,0.00103418108164137,0.0069556897784376));
#6518=CARTESIAN_POINT('',(0.00653327535034547,0.0010173417269955,0.00695861978934428));
#6519=CARTESIAN_POINT('',(0.00654162434643945,0.00100879172192179,0.00696008887560164));
#6520=CARTESIAN_POINT('',(0.00655804975847336,0.00099155041210393,0.00696301209410117));
#6521=CARTESIAN_POINT('',(0.00656614633225995,0.000982839328943543,0.00696446970060672));
#6522=CARTESIAN_POINT('',(0.00659006023731489,0.000956468117351464,0.00696882134824043));
#6523=CARTESIAN_POINT('',(0.0066055311586692,0.000938541121406549,0.00697169928680414));
#6524=CARTESIAN_POINT('',(0.00665050385633477,0.000883782270345115,0.00698022599845048));
#6525=CARTESIAN_POINT('',(0.00667860628038815,0.000845937087103855,0.00698577433562368));
#6526=CARTESIAN_POINT('',(0.0067179482479829,0.000787183273342302,0.00699377567029633));
#6527=CARTESIAN_POINT('',(0.00673059382330259,0.000767266082660811,0.00699638949509771));
#6528=CARTESIAN_POINT('',(0.00675494167046796,0.000726759790343673,0.00700149153818479));
#6529=CARTESIAN_POINT('',(0.00676664398891403,0.000706170724073162,0.00700397978117311));
#6530=CARTESIAN_POINT('',(0.006789091784856,0.00066430899291379,0.00700881138050039));
#6531=CARTESIAN_POINT('',(0.00679983600692804,0.000643039066043961,0.00701115446147447));
#6532=CARTESIAN_POINT('',(0.00682035139542229,0.000599787541558505,0.00701567697332435));
#6533=CARTESIAN_POINT('',(0.0068300359843251,0.000577987682280451,0.00701783725032546));
#6534=CARTESIAN_POINT('',(0.00684827352601921,0.000534063650527179,0.00702194300046455));
#6535=CARTESIAN_POINT('',(0.00685682789898432,0.000511936396666215,0.00702388879665904));
#6536=CARTESIAN_POINT('',(0.00687282193665078,0.000467355069046254,0.00702755545024739));
#6537=CARTESIAN_POINT('',(0.0068802615716992,0.000444900941723062,0.00702927632541345));
#6538=CARTESIAN_POINT('',(0.00690091732307092,0.000377049822173668,0.00703408556560733));
#6539=CARTESIAN_POINT('',(0.00691247448492433,0.00033116150980679,0.00703682082806781));
#6540=CARTESIAN_POINT('',(0.00692645010089485,0.000261349796222745,0.00704015218102657));
#6541=CARTESIAN_POINT('',(0.00693054861828122,0.000237906940524194,0.00704113425922378));
#6542=CARTESIAN_POINT('',(0.00693583954742171,0.000202502865972833,0.00704240581473151));
#6543=CARTESIAN_POINT('',(0.00693746112036338,0.000190653460487408,0.0070427962625669));
#6544=CARTESIAN_POINT('',(0.0069404143915322,0.000166883304100154,0.00704350830199725));
#6545=CARTESIAN_POINT('',(0.00694174862281117,0.000154935637576797,0.00704383050565212));
#6546=CARTESIAN_POINT('',(0.00694411506834075,0.000131055194603167,0.00704440256639637));
#6547=CARTESIAN_POINT('',(0.00694514832924985,0.000119119611777753,0.00704465267366655));
#6548=CARTESIAN_POINT('',(0.00694691736950814,9.5253880211082E-5,0.00704508119164732));
#6549=CARTESIAN_POINT('',(0.00694765314340652,8.3324363286923E-5,0.00704525960153332));
#6550=CARTESIAN_POINT('',(0.0069494170306879,4.75457980146774E-5,0.00704568748978273));
#6551=CARTESIAN_POINT('',(0.00695000195191277,2.37067299558035E-5,0.00704582962977512));
#6552=CARTESIAN_POINT('',(0.00694999803830131,-2.39449700521855E-5,0.00704582867913747));
#6553=CARTESIAN_POINT('',(0.00694940919279053,-4.77576017683788E-5,0.00704568558779011));
#6554=CARTESIAN_POINT('',(0.00694705733999377,-9.53564243105648E-5,0.0070451150706825));
#6555=CARTESIAN_POINT('',(0.00694529434245878,-0.000119142615342062,0.007044687644244));
#6556=CARTESIAN_POINT('',(0.0069405851854491,-0.000166688366887316,0.0070435492561634));
#6557=CARTESIAN_POINT('',(0.0069376401958889,-0.000190440206456833,0.00704283857130782));
#6558=CARTESIAN_POINT('',(0.00693054455244988,-0.000237947759523546,0.00704113327081139));
#6559=CARTESIAN_POINT('',(0.00692641994894323,-0.000261523040108884,0.00704014494967897));
#6560=CARTESIAN_POINT('',(0.00691705367617895,-0.00030826441432883,0.00703791240971143));
#6561=CARTESIAN_POINT('',(0.00691181031634055,-0.000331441626074598,0.00703666778701477));
#6562=CARTESIAN_POINT('',(0.00690022176579004,-0.000377413485403375,0.00703393464226244));
#6563=CARTESIAN_POINT('',(0.00689387645357448,-0.000400208527163836,0.0070324460887125));
#6564=CARTESIAN_POINT('',(0.00687320242163208,-0.000468027170653907,0.00702763309072274));
#6565=CARTESIAN_POINT('',(0.0068572391817979,-0.000512485601270031,0.00702396117799911));
#6566=CARTESIAN_POINT('',(0.00682093397367164,-0.000599894077312044,0.00701578837645459));
#6567=CARTESIAN_POINT('',(0.00680058713983277,-0.000642854443116661,0.00701128613578564));
#6568=CARTESIAN_POINT('',(0.00675538531676139,-0.000727183804937748,0.00700155597109914));
#6569=CARTESIAN_POINT('',(0.00673091546596761,-0.000767839359640373,0.00699641204400474));
#6570=CARTESIAN_POINT('',(0.00667834282566037,-0.000846308862866411,0.00698572164876169));
#6571=CARTESIAN_POINT('',(0.0066502442703203,-0.000884113540862153,0.00698017585088253));
#6572=CARTESIAN_POINT('',(0.00660539297043786,-0.000938701709483825,0.00697167355615963));
#6573=CARTESIAN_POINT('',(0.00658999118484051,-0.000956544016380545,0.00696880879866408));
#6574=CARTESIAN_POINT('',(0.00655827703080871,-0.000991517500520631,0.00696303769651417));
#6575=CARTESIAN_POINT('',(0.00654196317731537,-0.00100865010411224,0.00696013107262333));
#6576=CARTESIAN_POINT('',(0.00651680302145967,-0.00103380481661112,0.00695575575193114));
#6577=CARTESIAN_POINT('',(0.00650829739267285,-0.00104210257237475,0.00695429409475774));
#6578=CARTESIAN_POINT('',(0.00649106032724558,-0.00105850893568727,0.00695136933391899));
#6579=CARTESIAN_POINT('',(0.00648231178029191,-0.00106663296989921,0.00694990340799997));
#6580=CARTESIAN_POINT('',(0.00646463530407527,-0.00108264529283786,0.00694698089107948));
#6581=CARTESIAN_POINT('',(0.0064557193517791,-0.00109052357745356,0.00694552620440045));
#6582=CARTESIAN_POINT('',(0.00643772153431541,-0.00110603773761733,0.00694263050830145));
#6583=CARTESIAN_POINT('',(0.00642864166931626,-0.00111367184860644,0.00694118982451089));
#6584=CARTESIAN_POINT('',(0.00640116102044983,-0.0011362086983723,0.00693689296052539));
#6585=CARTESIAN_POINT('',(0.00638251931617947,-0.00115074615891646,0.0069340619688547));
#6586=CARTESIAN_POINT('',(0.00634459925332424,-0.00117885926837707,0.00692848659492688));
#6587=CARTESIAN_POINT('',(0.0063253208835081,-0.00119243489777982,0.00692574219949378));
#6588=CARTESIAN_POINT('',(0.00628612856036603,-0.00121862932571937,0.00692035930281957));
#6589=CARTESIAN_POINT('',(0.00626621460703366,-0.00123124812200136,0.00691772078861586));
#6590=CARTESIAN_POINT('',(0.00622574750981523,-0.00125552670533782,0.00691256904305093));
#6591=CARTESIAN_POINT('',(0.00620519437565201,-0.00126718650501217,0.00691005579842294));
#6592=CARTESIAN_POINT('',(0.00616344054260153,-0.00128953766089567,0.0069051743169283));
#6593=CARTESIAN_POINT('',(0.00614223285526731,-0.0013002318594483,0.00690280541769705));
#6594=CARTESIAN_POINT('',(0.00610994662251681,-0.00131552559320026,0.00689937799758423));
#6595=CARTESIAN_POINT('',(0.00609909818137867,-0.00132050158217786,0.00689825588162057));
#6596=CARTESIAN_POINT('',(0.00607722758559313,-0.00133020732110786,0.00689605490008761));
#6597=CARTESIAN_POINT('',(0.00606622806421755,-0.00133492653551955,0.00689497841110983));
#6598=CARTESIAN_POINT('',(0.0060331509504942,-0.00134863583134955,0.00689183486471822));
#6599=CARTESIAN_POINT('',(0.00601094427832439,-0.00135720287106286,0.00688984816545522));
#6600=CARTESIAN_POINT('',(0.00596623667992513,-0.0013732032113422,0.00688610567617314));
#6601=CARTESIAN_POINT('',(0.00594373373445612,-0.00138063774855498,0.00688434959734551));
#6602=CARTESIAN_POINT('',(0.0058757806247422,-0.00140126029899779,0.00687944343594141));
#6603=CARTESIAN_POINT('',(0.00582988713264982,-0.00141277096615165,0.00687665534267336));
#6604=CARTESIAN_POINT('',(0.00576015330519365,-0.00142666811442826,0.00687326276672885));
#6605=CARTESIAN_POINT('',(0.00573675953579733,-0.00143073811460832,0.00687226348118394));
#6606=CARTESIAN_POINT('',(0.00568966936387158,-0.00143773855315929,0.00687053912353786));
#6607=CARTESIAN_POINT('',(0.0056659751378493,-0.00144066846793132,0.00686981418947493));
#6608=CARTESIAN_POINT('',(0.00563019548944146,-0.00144419296235821,0.00686894043902311));
#6609=CARTESIAN_POINT('',(0.00561821548952511,-0.00144522286747194,0.00686868474915788));
#6610=CARTESIAN_POINT('',(0.00559429576910168,-0.00144698026594674,0.00686824809695972));
#6611=CARTESIAN_POINT('',(0.00558234502378992,-0.00144770939678697,0.00686806673012502));
#6612=CARTESIAN_POINT('',(0.00554655475773737,-0.00144944894114786,0.00686763382720374));
#6613=CARTESIAN_POINT('',(0.00552273341015659,-0.00145001649323775,0.00686749231518462));
#6614=CARTESIAN_POINT('',(0.00547520891626065,-0.00144998277675861,0.0068675007170423));
#6615=CARTESIAN_POINT('',(0.00545149872507908,-0.00144938219402273,0.00686765045488661));
#6616=CARTESIAN_POINT('',(0.00540418145975551,-0.00144702450928235,0.00686823715295414));
#6617=CARTESIAN_POINT('',(0.00538057438676255,-0.00144526739418644,0.0068686741153503));
#6618=CARTESIAN_POINT('',(0.00533346308071431,-0.00144059910133842,0.0068698313480152));
#6619=CARTESIAN_POINT('',(0.00530995884736313,-0.0014376879275258,0.00687055162041301));
#6620=CARTESIAN_POINT('',(0.00526305364813862,-0.00143070564222755,0.00687227145281021));
#6621=CARTESIAN_POINT('',(0.00523965268028195,-0.0014266345546001,0.00687327101503186));
#6622=CARTESIAN_POINT('',(0.00520462954259289,-0.00141964713971683,0.00687497670074961));
#6623=CARTESIAN_POINT('',(0.00519296822075918,-0.00141717114447616,0.00687557965211827));
#6624=CARTESIAN_POINT('',(0.0051696719085695,-0.00141192277323988,0.00687685379561252));
#6625=CARTESIAN_POINT('',(0.00515803987867438,-0.00140915110504868,0.00687752481717909));
#6626=CARTESIAN_POINT('',(0.00513479057203144,-0.00140330533524529,0.00687893523370242));
#6627=CARTESIAN_POINT('',(0.0051231916551798,-0.00140023517632166,0.006879673663482));
#6628=CARTESIAN_POINT('',(0.00510015644046326,-0.00139383207760384,0.00688120794923179));
#6629=CARTESIAN_POINT('',(0.00508869699086451,-0.00139049337094359,0.006882005196892));
#6630=CARTESIAN_POINT('',(0.00505451991856687,-0.00138007774256114,0.00688448220395575));
#6631=CARTESIAN_POINT('',(0.00503198244649358,-0.00137259626282045,0.00688624849076534));
#6632=CARTESIAN_POINT('',(0.00498740444505807,-0.00135657905795674,0.00688999315901098));
#6633=CARTESIAN_POINT('',(0.00496536193125761,-0.00134804276401133,0.00689197168138329));
#6634=CARTESIAN_POINT('',(0.00489996486797233,-0.00132086603821246,0.00689820076212881));
#6635=CARTESIAN_POINT('',(0.00485733921907177,-0.00130066129043955,0.00690274495201847));
#6636=CARTESIAN_POINT('',(0.00479485568896289,-0.00126721327531451,0.00691004993663553));
#6637=CARTESIAN_POINT('',(0.00477427072389258,-0.00125553960056126,0.00691256642117112));
#6638=CARTESIAN_POINT('',(0.00473359136484759,-0.00123112974894646,0.00691774579166713));
#6639=CARTESIAN_POINT('',(0.00471350557926966,-0.0012183993998177,0.00692040750375983));
#6640=CARTESIAN_POINT('',(0.00467379846266696,-0.00119183124201848,0.00692586526711732));
#6641=CARTESIAN_POINT('',(0.00465433596320127,-0.00117809814137287,0.00692863960050012));
#6642=CARTESIAN_POINT('',(0.00461624964875205,-0.00114980346187793,0.00693424673703261));
#6643=CARTESIAN_POINT('',(0.00459761159398553,-0.00113523227900022,0.00693708152185657));
#6644=CARTESIAN_POINT('',(0.00454289978663786,-0.0010902697808929,0.00694564662335582));
#6645=CARTESIAN_POINT('',(0.00450802050883511,-0.00105862867709128,0.00695143850862153));
#6646=CARTESIAN_POINT('',(0.00445806915690467,-0.00100867957006421,0.00696012568136635));
#6647=CARTESIAN_POINT('',(0.00444181388276484,-0.000991614501463527,0.00696302138833758));
#6648=CARTESIAN_POINT('',(0.00441009820655819,-0.000956645832271016,0.00696879229762759));
#6649=CARTESIAN_POINT('',(0.00439463722777368,-0.000938741555249399,0.00697166763070725));
#6650=CARTESIAN_POINT('',(0.00437205137881761,-0.000911247844072922,0.00697594944858302));
#6651=CARTESIAN_POINT('',(0.00436462219847443,-0.000901974932825205,0.00697737182663423));
#6652=CARTESIAN_POINT('',(0.00434997068712109,-0.000883218143967734,0.00698020296582005));
#6653=CARTESIAN_POINT('',(0.00434273978601284,-0.000873722691338457,0.00698161341497409));
#6654=CARTESIAN_POINT('',(0.00432851195309112,-0.000854551458608153,0.00698441313801674));
#6655=CARTESIAN_POINT('',(0.00432153419800955,-0.000844902225950197,0.00698579859616041));
#6656=CARTESIAN_POINT('',(0.0043078349965769,-0.000825459885816079,0.00698854114180832));
#6657=CARTESIAN_POINT('',(0.00430111574748266,-0.000815669762763899,0.00698989779639436));
#6658=CARTESIAN_POINT('',(0.0042813455589977,-0.000786094046543505,0.00699392070675127));
#6659=CARTESIAN_POINT('',(0.00426868196238177,-0.000766103217945409,0.00699653990527627));
#6660=CARTESIAN_POINT('',(0.00424437535495438,-0.00072557908507538,0.00700163608209281));
#6661=CARTESIAN_POINT('',(0.00423273236449717,-0.00070504577143528,0.00700411307297709));
#6662=CARTESIAN_POINT('',(0.00421046231460184,-0.000663437531719113,0.00700890834128869));
#6663=CARTESIAN_POINT('',(0.00419983525735376,-0.000642362605670987,0.0070112266310861));
#6664=CARTESIAN_POINT('',(0.00417959996614164,-0.000599668091269861,0.00701568799941986));
#6665=CARTESIAN_POINT('',(0.00416999171871063,-0.00057804851108878,0.00701783109061101));
#6666=CARTESIAN_POINT('',(0.00415180459154922,-0.000534257650119886,0.00702192533761614));
#6667=CARTESIAN_POINT('',(0.00414322350270956,-0.000512078969902215,0.00702387701533501));
#6668=CARTESIAN_POINT('',(0.00413114436858183,-0.000478410986859624,0.00702664616841364));
#6669=CARTESIAN_POINT('',(0.00412724791908628,-0.000467113588274019,0.00702754334212054));
#6670=CARTESIAN_POINT('',(0.00411971823117159,-0.000444371256456817,0.00702928365369933));
#6671=CARTESIAN_POINT('',(0.00411609149759452,-0.000432944283140756,0.00703012529553689));
#6672=CARTESIAN_POINT('',(0.00410566835764514,-0.000398634521248242,0.00703255252439917));
#6673=CARTESIAN_POINT('',(0.00409930733620938,-0.000375666208804288,0.0070340452979453));
#6674=CARTESIAN_POINT('',(0.00408774628500725,-0.000329551963174807,0.00703677280045887));
#6675=CARTESIAN_POINT('',(0.00408254537034192,-0.000306404383781195,0.00703800774752418));
#6676=CARTESIAN_POINT('',(0.00406866413780361,-0.000236692593925841,0.00704131719923732));
#6677=CARTESIAN_POINT('',(0.00406170158154894,-0.000189859895368063,0.00704299642456389));
#6678=CARTESIAN_POINT('',(0.004054702758228,-0.000119071362508647,0.00704468836033257));
#6679=CARTESIAN_POINT('',(0.0040529449103504,-9.53851326793405E-5,0.00704511452477735));
#6680=CARTESIAN_POINT('',(0.00405059356729537,-4.78302628666347E-5,0.00704568491825534));
#6681=CARTESIAN_POINT('',(0.00405000043568141,-2.39608601035117E-5,0.00704582904898037));
#6682=CARTESIAN_POINT('',(0.00405,0.,0.00704582915564462));
#6683=CARTESIAN_POINT('',(0.00392481704527255,-4.11996825544492E-20,0.008));
#6684=CARTESIAN_POINT('',(0.00392481680862499,1.47772386719539E-5,0.008));
#6685=CARTESIAN_POINT('',(0.00392497880994876,2.96029312358861E-5,0.00799995891782023));
#6686=CARTESIAN_POINT('',(0.0039253025528517,4.4402039389868E-5,0.00799987677773214));
#6687=CARTESIAN_POINT('',(0.00392562629575463,5.92011475438499E-5,0.00799979463764406));
#6688=CARTESIAN_POINT('',(0.00392611085675971,7.39586769951014E-5,0.00799967167781393));
#6689=CARTESIAN_POINT('',(0.00392675468627579,8.86832168798445E-5,0.00799950844033831));
#6690=CARTESIAN_POINT('',(0.00392739851579187,0.000103407756764588,0.00799934520286268));
#6691=CARTESIAN_POINT('',(0.0039282015003553,0.000118096586871105,0.00799914170269457));
#6692=CARTESIAN_POINT('',(0.00392916206886055,0.000132750066892313,0.00799889851290414));
#6693=CARTESIAN_POINT('',(0.00393012263736579,0.000147403546913521,0.00799865532311371));
#6694=CARTESIAN_POINT('',(0.00393124079381289,0.000162021675981891,0.00799837244357938));
#6695=CARTESIAN_POINT('',(0.0039325152691466,0.000176604748654077,0.00799805043512185));
#6696=CARTESIAN_POINT('',(0.003935064219814,0.00020577089399845,0.00799740641820679));
#6697=CARTESIAN_POINT('',(0.0039382381917083,0.000234796868462723,0.00799660589370537));
#6698=CARTESIAN_POINT('',(0.00394203062239264,0.00026368425532732,0.00799565323244402));
#6699=CARTESIAN_POINT('',(0.00394582305307698,0.000292571642191918,0.00799470057118267));
#6700=CARTESIAN_POINT('',(0.0039502339618421,0.000321320437150841,0.00799359576937035));
#6701=CARTESIAN_POINT('',(0.00395526134579865,0.000349931243318589,0.00799234309354582));
#6702=CARTESIAN_POINT('',(0.00396028872975519,0.000378542049486336,0.00799109041772129));
#6703=CARTESIAN_POINT('',(0.00396593258702954,0.000407014867116161,0.00798968986411433));
#6704=CARTESIAN_POINT('',(0.00397219540099053,0.000435349337168791,0.00798814565181599));
#6705=CARTESIAN_POINT('',(0.00397845821495151,0.000463683807221421,0.00798660143951765));
#6706=CARTESIAN_POINT('',(0.00398533996242383,0.000491879934524203,0.00798491356453224));
#6707=CARTESIAN_POINT('',(0.00399284772021924,0.000519936377285428,0.0079830862555515));
#6708=CARTESIAN_POINT('',(0.00399660159911694,0.00053396459866604,0.00798217260106113));
#6709=CARTESIAN_POINT('',(0.00400051204445287,0.000547957885272074,0.00798122408845451));
#6710=CARTESIAN_POINT('',(0.00400458039588711,0.000561915972209422,0.00798024125200335));
#6711=CARTESIAN_POINT('',(0.00400864874732135,0.00057587405914677,0.00797925841555218));
#6712=CARTESIAN_POINT('',(0.00401287551857813,0.000589798279617453,0.00797824115425007));
#6713=CARTESIAN_POINT('',(0.00401726080273782,0.000603684306326751,0.00797719031102397));
#6714=CARTESIAN_POINT('',(0.0040216460868975,0.00061757033303605,0.00797613946779788));
#6715=CARTESIAN_POINT('',(0.00402619720011962,0.000631437874656062,0.00797505338114608));
#6716=CARTESIAN_POINT('',(0.00403088030987085,0.00064518503636062,0.00797394107508052));
#6717=CARTESIAN_POINT('',(0.00403556341962207,0.000658932198065178,0.00797282876901497));
#6718=CARTESIAN_POINT('',(0.00404038815650465,0.000672592740668783,0.00797168766417512));
#6719=CARTESIAN_POINT('',(0.00404535004081827,0.000686151778207868,0.00797052041822002));
#6720=CARTESIAN_POINT('',(0.00406519757807272,0.000740387928364211,0.00796585143439961));
#6721=CARTESIAN_POINT('',(0.00408724978711456,0.000793144061325389,0.00796075269526182));
#6722=CARTESIAN_POINT('',(0.0041114477036165,0.000844440541386719,0.0079553076729981));
#6723=CARTESIAN_POINT('',(0.00413564562011844,0.000895737021448049,0.00794986265073438));
#6724=CARTESIAN_POINT('',(0.00416198958402651,0.000945582745019663,0.00794407027302669));
#6725=CARTESIAN_POINT('',(0.00419048626847433,0.000993982136306156,0.00793800979545278));
#6726=CARTESIAN_POINT('',(0.00420473461069823,0.0010181818319494,0.00793497955666582));
#6727=CARTESIAN_POINT('',(0.00421952200608762,0.00104201936899745,0.00793188228049948));
#6728=CARTESIAN_POINT('',(0.00423485551579195,0.00106549122200428,0.00792872804779126));
#6729=CARTESIAN_POINT('',(0.00424252227064412,0.0010772271485077,0.00792715093143715));
#6730=CARTESIAN_POINT('',(0.0042503256017364,0.00108887162287747,0.00792555957765011));
#6731=CARTESIAN_POINT('',(0.00425826678733631,0.00110042394686044,0.00792395527102318));
#6732=CARTESIAN_POINT('',(0.00426620797293622,0.00111197627084342,0.00792235096439626));
#6733=CARTESIAN_POINT('',(0.00427428578054443,0.00112343465071833,0.0079207339617411));
#6734=CARTESIAN_POINT('',(0.00428250545155606,0.00113480359692941,0.0079191047976647));
#6735=CARTESIAN_POINT('',(0.00429072512256769,0.0011461725431405,0.00791747563358829));
#6736=CARTESIAN_POINT('',(0.00429908236758602,0.00115744472792957,0.00791583526359099));
#6737=CARTESIAN_POINT('',(0.00430753070019271,0.00116855892934074,0.00791419421221504));
#6738=CARTESIAN_POINT('',(0.0043159790327994,0.0011796731307519,0.00791255316083909));
#6739=CARTESIAN_POINT('',(0.00432453657948131,0.00119065458046615,0.00791090777738083));
#6740=CARTESIAN_POINT('',(0.00433319414639087,0.00120149345261067,0.00790926124763455));
#6741=CARTESIAN_POINT('',(0.00435050928020999,0.0012231711968997,0.00790596818814199));
#6742=CARTESIAN_POINT('',(0.0043682438248216,0.00124430578143896,0.00790266650479495));
#6743=CARTESIAN_POINT('',(0.00438638375000504,0.00126489449004485,0.00789936971720239));
#6744=CARTESIAN_POINT('',(0.00442266360037192,0.00130607190725663,0.00789277614201727));
#6745=CARTESIAN_POINT('',(0.00446058162658497,0.00134509600039953,0.00788619801359008));
#6746=CARTESIAN_POINT('',(0.00450012681960729,0.00138198110546861,0.00787972894356955));
#6747=CARTESIAN_POINT('',(0.00451989941611844,0.00140042365800315,0.00787649440855929));
#6748=CARTESIAN_POINT('',(0.00454007999598433,0.00141833120824277,0.00787328700815288));
#6749=CARTESIAN_POINT('',(0.00456067258952054,0.00143570041166857,0.00787011844433962));
#6750=CARTESIAN_POINT('',(0.00458126518305675,0.00145306961509437,0.00786694988052636));
#6751=CARTESIAN_POINT('',(0.00460227011136665,0.00146990077614187,0.00786382008868706));
#6752=CARTESIAN_POINT('',(0.00462369343387529,0.00148618571725067,0.00786074118730798));
#6753=CARTESIAN_POINT('',(0.00464511675638393,0.00150247065835947,0.0078576622859289));
#6754=CARTESIAN_POINT('',(0.00466696873844895,0.00151821641948029,0.00785463289849355));
#6755=CARTESIAN_POINT('',(0.00468923113426034,0.0015333915121533,0.00785166927923331));
#6756=CARTESIAN_POINT('',(0.00471149353007173,0.00154856660482631,0.00784870565997308));
#6757=CARTESIAN_POINT('',(0.00473398686008454,0.00156304996743561,0.00784583160051835));
#6758=CARTESIAN_POINT('',(0.00475672901757369,0.00157686967658283,0.0078430531059705));
#6759=CARTESIAN_POINT('',(0.00477947117506284,0.00159068938573005,0.00784027461142265));
#6760=CARTESIAN_POINT('',(0.00480245488394673,0.00160384044402705,0.00783759264555139));
#6761=CARTESIAN_POINT('',(0.00482567801085683,0.00161633076477974,0.00783501594502695));
#6762=CARTESIAN_POINT('',(0.00484890113776693,0.00162882108553243,0.00783243924450251));
#6763=CARTESIAN_POINT('',(0.0048723636900208,0.00164065064684506,0.00782996780454011));
#6764=CARTESIAN_POINT('',(0.0048960652817106,0.00165182236385186,0.00782761029167132));
#6765=CARTESIAN_POINT('',(0.0049197668734004,0.00166299408085866,0.00782525277880254));
#6766=CARTESIAN_POINT('',(0.00494370750473378,0.00167350795166411,0.00782300918679664));
#6767=CARTESIAN_POINT('',(0.00496788850388868,0.00168336200834461,0.00782088820715793));
#6768=CARTESIAN_POINT('',(0.00499206950304357,0.0016932160650251,0.00781876722751922));
#6769=CARTESIAN_POINT('',(0.00501649086316823,0.00170241032544257,0.00781676885218283));
#6770=CARTESIAN_POINT('',(0.0050411556560244,0.0017109378743804,0.00781490189253907));
#6771=CARTESIAN_POINT('',(0.00506582044888056,0.00171946542331822,0.0078130349328953));
#6772=CARTESIAN_POINT('',(0.00509073699560174,0.00172732811267054,0.00781129897588837));
#6773=CARTESIAN_POINT('',(0.00511588519934499,0.00173450839257387,0.0078097042604756));
#6774=CARTESIAN_POINT('',(0.00512845930121661,0.00173809853252554,0.00780890690276922));
#6775=CARTESIAN_POINT('',(0.00514110102280768,0.00174151993613024,0.00780814442769315));
#6776=CARTESIAN_POINT('',(0.00515380713482028,0.00174477017752823,0.00780741807690661));
#6777=CARTESIAN_POINT('',(0.00516651324683288,0.00174802041892622,0.00780669172612007));
#6778=CARTESIAN_POINT('',(0.00517927027250567,0.00175109528244213,0.00780600243785168));
#6779=CARTESIAN_POINT('',(0.00519201944828789,0.00175398101082103,0.00780535397106878));
#6780=CARTESIAN_POINT('',(0.00521751779985232,0.00175975246757882,0.00780405703750299));
#6781=CARTESIAN_POINT('',(0.00524305159024431,0.00176478813798438,0.00780291883623847));
#6782=CARTESIAN_POINT('',(0.00526861649089847,0.00176909876526109,0.00780194139677758));
#6783=CARTESIAN_POINT('',(0.00529418139155262,0.00177340939253779,0.00780096395731669));
#6784=CARTESIAN_POINT('',(0.00531977866594821,0.00177699572288033,0.00780014710539629));
#6785=CARTESIAN_POINT('',(0.00534540799431527,0.00177986557520523,0.007799492197201));
#6786=CARTESIAN_POINT('',(0.00539666665104938,0.00178560527985503,0.00779818238081043));
#6787=CARTESIAN_POINT('',(0.00544805332678744,0.00178848373172484,0.00779752049959621));
#6788=CARTESIAN_POINT('',(0.00549956817389158,0.00178849967632198,0.00779751684241824));
#6789=CARTESIAN_POINT('',(0.00552532559744365,0.00178850764862055,0.00779751501382926));
#6790=CARTESIAN_POINT('',(0.00555111511283807,0.00178779883267966,0.00779767769899236));
#6791=CARTESIAN_POINT('',(0.0055769370784931,0.0017863650894207,0.00779800614050149));
#6792=CARTESIAN_POINT('',(0.00560275904414812,0.00178493134616174,0.00779833458201062));
#6793=CARTESIAN_POINT('',(0.00562861625186509,0.00178277187353374,0.00779882896793651));
#6794=CARTESIAN_POINT('',(0.00565450090344726,0.00177987577321443,0.00779948986998024));
#6795=CARTESIAN_POINT('',(0.00566744322923834,0.00177842772305477,0.0077998203210021));
#6796=CARTESIAN_POINT('',(0.00568040818995115,0.00177679244167631,0.00780019308054015));
#6797=CARTESIAN_POINT('',(0.00569335041706459,0.00177497489808105,0.00780060665020242));
#6798=CARTESIAN_POINT('',(0.00570629264417803,0.00177315735448578,0.00780102021986468));
#6799=CARTESIAN_POINT('',(0.00571918196613418,0.00177116235364995,0.00780147350645076));
#6800=CARTESIAN_POINT('',(0.00573201872310768,0.00176899150841198,0.00780196571661055));
#6801=CARTESIAN_POINT('',(0.00575769223705467,0.00176464981793606,0.00780295013693012));
#6802=CARTESIAN_POINT('',(0.00578319045334504,0.00175960245987393,0.0078040908349641));
#6803=CARTESIAN_POINT('',(0.00580849137987468,0.00175386527618695,0.00780537997748897));
#6804=CARTESIAN_POINT('',(0.00583379230640432,0.00174812809249998,0.00780666912001383));
#6805=CARTESIAN_POINT('',(0.00585890455542265,0.00174170019153087,0.00780810690878806));
#6806=CARTESIAN_POINT('',(0.00588383059637605,0.00173458949991341,0.00780968624637316));
#6807=CARTESIAN_POINT('',(0.00590875663732945,0.00172747880829595,0.00781126558395827));
#6808=CARTESIAN_POINT('',(0.00593349646433188,0.00171968530497552,0.007812986477286));
#6809=CARTESIAN_POINT('',(0.00595805121464582,0.00171121183026427,0.00781484190959508));
#6810=CARTESIAN_POINT('',(0.00598260596495976,0.00170273835555301,0.00781669734190415));
#6811=CARTESIAN_POINT('',(0.00600697563807968,0.00169358490859265,0.00781868731819631));
#6812=CARTESIAN_POINT('',(0.0060311600674531,0.00168374933617855,0.00782080482897497));
#6813=CARTESIAN_POINT('',(0.00605534449682652,0.00167391376376446,0.00782292233975364));
#6814=CARTESIAN_POINT('',(0.0060793436873054,0.00166339608522892,0.00782516738840834));
#6815=CARTESIAN_POINT('',(0.00610315614924228,0.00165218906419342,0.00782753289971749));
#6816=CARTESIAN_POINT('',(0.00612696861117916,0.00164098204315793,0.00782989841102664));
#6817=CARTESIAN_POINT('',(0.00615059352075892,0.00162908562946524,0.00783238440582776));
#6818=CARTESIAN_POINT('',(0.00617403049986028,0.00161648749779885,0.00783498361003136));
#6819=CARTESIAN_POINT('',(0.00618574898941096,0.00161018843196566,0.00783628321213316));
#6820=CARTESIAN_POINT('',(0.00619743481716151,0.00160370465961187,0.00783761297706452));
#6821=CARTESIAN_POINT('',(0.0062090228128005,0.00159707233944414,0.00783896421363068));
#6822=CARTESIAN_POINT('',(0.00622061080843948,0.00159044001927641,0.00784031545019683));
#6823=CARTESIAN_POINT('',(0.00623210377629586,0.00158365856614061,0.00784168830262772));
#6824=CARTESIAN_POINT('',(0.00624349446142164,0.00157673384904338,0.00784308041328666));
#6825=CARTESIAN_POINT('',(0.0062662758316732,0.00156288441484894,0.00784586463460453));
#6826=CARTESIAN_POINT('',(0.00628868851231642,0.00154844125369305,0.00784873007221348));
#6827=CARTESIAN_POINT('',(0.00631071852161229,0.00153342582764606,0.00785166257751236));
#6828=CARTESIAN_POINT('',(0.00633274853090816,0.00151841040159905,0.00785459508281124));
#6829=CARTESIAN_POINT('',(0.00635440305026328,0.00150281879553636,0.00785759544841947));
#6830=CARTESIAN_POINT('',(0.00637568691663719,0.00148665650210021,0.00786065216408684));
#6831=CARTESIAN_POINT('',(0.006418254649385,0.00145433191522789,0.00786676559542158));
#6832=CARTESIAN_POINT('',(0.00645934222470423,0.00141972843389798,0.00787310447303961));
#6833=CARTESIAN_POINT('',(0.00649895450129579,0.00138283733130919,0.00787957872700931));
#6834=CARTESIAN_POINT('',(0.00651876063959156,0.00136439178001479,0.00788281585399416));
#6835=CARTESIAN_POINT('',(0.00653819734315154,0.00134537336832,0.00788608682862115));
#6836=CARTESIAN_POINT('',(0.0065572609789746,0.00132577435230891,0.00788938035378951));
#6837=CARTESIAN_POINT('',(0.00656679279688613,0.00131597484430337,0.00789102711637369));
#6838=CARTESIAN_POINT('',(0.00657623131508314,0.00130603013297961,0.00789267951145235));
#6839=CARTESIAN_POINT('',(0.00658557581208933,0.00129593882757344,0.00789433610604385));
#6840=CARTESIAN_POINT('',(0.00659492030909551,0.00128584752216728,0.00789599270063535));
#6841=CARTESIAN_POINT('',(0.00660417149241738,0.00127560869101291,0.00789765364443282));
#6842=CARTESIAN_POINT('',(0.0066133263391067,0.00126522345416929,0.00789931703446696));
#6843=CARTESIAN_POINT('',(0.00662248118579601,0.00125483821732567,0.0079009804245011));
#6844=CARTESIAN_POINT('',(0.00663155097637279,0.00124429222976103,0.00790264845887186));
#6845=CARTESIAN_POINT('',(0.00664047271053148,0.00123365910126734,0.00790430801663626));
#6846=CARTESIAN_POINT('',(0.00664939444469016,0.00122302597277364,0.00790596757440066));
#6847=CARTESIAN_POINT('',(0.00665819002056627,0.00121228129928235,0.00790762254561605));
#6848=CARTESIAN_POINT('',(0.00666684950921533,0.00120143879495822,0.00790926955046857));
#6849=CARTESIAN_POINT('',(0.00668416848651345,0.00117975378630997,0.00791256356017361));
#6850=CARTESIAN_POINT('',(0.00670097506003857,0.00115764175478654,0.00791583115441678));
#6851=CARTESIAN_POINT('',(0.0067172601696456,0.00113512769510386,0.00791905834779667));
#6852=CARTESIAN_POINT('',(0.00674983038885966,0.0010900995757385,0.00792551273455647));
#6853=CARTESIAN_POINT('',(0.00678035898151939,0.00104341948819425,0.00793181231611581));
#6854=CARTESIAN_POINT('',(0.00680885130186845,0.000995106305354706,0.00793786894834144));
#6855=CARTESIAN_POINT('',(0.00682309746204298,0.000970949713934933,0.00794089726445426));
#6856=CARTESIAN_POINT('',(0.00683683476873043,0.00094638289092628,0.00794386504631089));
#6857=CARTESIAN_POINT('',(0.00685005970453705,0.000921401686446283,0.00794676153739458));
#6858=CARTESIAN_POINT('',(0.00686328464034366,0.000896420481966285,0.00794965802847828));
#6859=CARTESIAN_POINT('',(0.00687599725589335,0.000871024937009528,0.00795248323528213));
#6860=CARTESIAN_POINT('',(0.00688819014745852,0.000845207800807882,0.00795522619247583));
#6861=CARTESIAN_POINT('',(0.00690038303902368,0.000819390664606236,0.00795796914966953));
#6862=CARTESIAN_POINT('',(0.0069120548427959,0.000793155314333273,0.00796062954515607));
#6863=CARTESIAN_POINT('',(0.00692319811530132,0.000766481058257944,0.00796319702050199));
#6864=CARTESIAN_POINT('',(0.00693434138780674,0.000739806802182616,0.00796576449584791));
#6865=CARTESIAN_POINT('',(0.00694486207702279,0.000712917807850533,0.00796821733178438));
#6866=CARTESIAN_POINT('',(0.00695476809937199,0.000685828801212942,0.00797054821548849));
#6867=CARTESIAN_POINT('',(0.00696467412172119,0.000658739794575351,0.00797287909919261));
#6868=CARTESIAN_POINT('',(0.00697396701998536,0.000631446975224652,0.00797508840021909));
#6869=CARTESIAN_POINT('',(0.00698265444602311,0.000603952598367893,0.00797717000313549));
#6870=CARTESIAN_POINT('',(0.00699134187206085,0.000576458221511134,0.00797925160605189));
#6871=CARTESIAN_POINT('',(0.00699942379365956,0.000548762220414764,0.00798120552159955));
#6872=CARTESIAN_POINT('',(0.0070069034689415,0.000520865275997766,0.00798302570234242));
#6873=CARTESIAN_POINT('',(0.00702186281950537,0.000465071387163768,0.00798666606382817));
#6874=CARTESIAN_POINT('',(0.00703441774664865,0.000408470538268652,0.00798977181379994));
#6875=CARTESIAN_POINT('',(0.00704453919587077,0.000351064451123586,0.00799229339746466));
#6876=CARTESIAN_POINT('',(0.00704959992048183,0.000322361407551053,0.00799355418929703));
#6877=CARTESIAN_POINT('',(0.00705405227546587,0.000293445865006929,0.00799466934910479));
#6878=CARTESIAN_POINT('',(0.0070578840830046,0.000264333137890549,0.0079956318069439));
#6879=CARTESIAN_POINT('',(0.00705979998677396,0.000249776774332359,0.00799611303586345));
#6880=CARTESIAN_POINT('',(0.00706156155508953,0.000235161148976831,0.00799655640273256));
#6881=CARTESIAN_POINT('',(0.0070631656731605,0.000220501521298981,0.00799696061507776));
#6882=CARTESIAN_POINT('',(0.00706476979123147,0.000205841893621132,0.00799736482742295));
#6883=CARTESIAN_POINT('',(0.00706621921079582,0.000191105067274541,0.0079977306695223));
#6884=CARTESIAN_POINT('',(0.00706750458481702,0.000176377424139832,0.00799805545143654));
#6885=CARTESIAN_POINT('',(0.00706878995883821,0.000161649781005123,0.00799838023335079));
#6886=CARTESIAN_POINT('',(0.00706991242433601,0.000146927858699192,0.00799866419471662));
#6887=CARTESIAN_POINT('',(0.00707087330780535,0.000132209288083258,0.00799890746940759));
#6888=CARTESIAN_POINT('',(0.00707183419127469,0.000117490717467324,0.00799915074409856));
#6889=CARTESIAN_POINT('',(0.00707263348679418,0.000102776277495909,0.00799935331492175));
#6890=CARTESIAN_POINT('',(0.007073272209824,8.80659430556069E-5,0.00799951525966878));
#6891=CARTESIAN_POINT('',(0.00707454965588362,5.86452741750034E-5,0.00799983914916286));
#6892=CARTESIAN_POINT('',(0.00707518507515484,2.92410209971141E-5,0.00800000053839129));
#6893=CARTESIAN_POINT('',(0.00707518294941207,-1.46928396994852E-7,0.00799999999865075));
#6894=CARTESIAN_POINT('',(0.00707518082366929,-2.95348777911038E-5,0.00799999945891022));
#6895=CARTESIAN_POINT('',(0.00707454114131649,-5.89065231139229E-5,0.00799983698973564));
#6896=CARTESIAN_POINT('',(0.00707326369357943,-8.82618617026214E-5,0.0079995131004186));
#6897=CARTESIAN_POINT('',(0.00707198624584236,-0.00011761720029132,0.00799918921110156));
#6898=CARTESIAN_POINT('',(0.00707007104331385,-0.000146956232403026,0.00799870390118274));
#6899=CARTESIAN_POINT('',(0.00706751318681289,-0.000176278840830998,0.00799805762484088));
#6900=CARTESIAN_POINT('',(0.00706495533031193,-0.00020560144925897,0.00799741134849901));
#6901=CARTESIAN_POINT('',(0.00706175609075532,-0.000234898110614374,0.00799660441995508));
#6902=CARTESIAN_POINT('',(0.00705790197468707,-0.000264197161133392,0.00799563630113633));
#6903=CARTESIAN_POINT('',(0.00705404785861881,-0.00029349621165241,0.00799466818231758));
#6904=CARTESIAN_POINT('',(0.00704956716541969,-0.000322575096456967,0.00799354601427651));
#6905=CARTESIAN_POINT('',(0.00704447971948604,-0.000351401626251003,0.00799227857979614));
#6906=CARTESIAN_POINT('',(0.00703939227355239,-0.000380228156045039,0.00799101114531576));
#6907=CARTESIAN_POINT('',(0.00703369623835034,-0.000408816043649662,0.00798959796755606));
#6908=CARTESIAN_POINT('',(0.00702740172548926,-0.000437167994854342,0.00798804632837561));
#6909=CARTESIAN_POINT('',(0.00702110721262817,-0.000465519946059023,0.00798649468919516));
#6910=CARTESIAN_POINT('',(0.00701421409011447,-0.000493636447634612,0.00798480456057013));
#6911=CARTESIAN_POINT('',(0.00700672779523638,-0.000521520039324231,0.00798298295429617));
#6912=CARTESIAN_POINT('',(0.00699175520548018,-0.000577287222703471,0.00797933974174825));
#6913=CARTESIAN_POINT('',(0.00697441381010663,-0.000632124392731394,0.00797517060850026));
#6914=CARTESIAN_POINT('',(0.00695469403596699,-0.000686031299948594,0.00797053078881769));
#6915=CARTESIAN_POINT('',(0.00693497426182734,-0.000739938207165794,0.00796589096913513));
#6916=CARTESIAN_POINT('',(0.00691287082331061,-0.000792927578885388,0.00796077893141298));
#6917=CARTESIAN_POINT('',(0.00688831870564827,-0.000844935536300082,0.00795525511467089));
#6918=CARTESIAN_POINT('',(0.00686376658798592,-0.000896943493714775,0.00794973129792879));
#6919=CARTESIAN_POINT('',(0.00683718417979381,-0.000947090003834903,0.0079438906928709));
#6920=CARTESIAN_POINT('',(0.00680862848086489,-0.000995484028265928,0.0079378215871527));
#6921=CARTESIAN_POINT('',(0.00678007278193596,-0.00104387805269695,0.00793175248143451));
#6922=CARTESIAN_POINT('',(0.00674954839198674,-0.00109050816892239,0.00792545571346164));
#6923=CARTESIAN_POINT('',(0.00671706609172414,-0.00113539594813945,0.00791901989143533));
#6924=CARTESIAN_POINT('',(0.00670082494159283,-0.00115783983774798,0.00791580198042218));
#6925=CARTESIAN_POINT('',(0.00668409347252685,-0.0011798473987435,0.00791254927765026));
#6926=CARTESIAN_POINT('',(0.00666686740533566,-0.0012014163873643,0.0079092729542084));
#6927=CARTESIAN_POINT('',(0.00664964133814446,-0.0012229853759851,0.00790599663076655));
#6928=CARTESIAN_POINT('',(0.00663191905955918,-0.00124411755565258,0.00790269639633773));
#6929=CARTESIAN_POINT('',(0.00661369751995359,-0.00126480224166697,0.00789938448801387));
#6930=CARTESIAN_POINT('',(0.00660458675015079,-0.00127514458467417,0.00789772853385195));
#6931=CARTESIAN_POINT('',(0.00659534680429959,-0.00128537943806248,0.00789606894822682));
#6932=CARTESIAN_POINT('',(0.00658598420717871,-0.00129549763566311,0.00789440851970503));
#6933=CARTESIAN_POINT('',(0.00657662161005782,-0.00130561583326373,0.00789274809118323));
#6934=CARTESIAN_POINT('',(0.00656711777416814,-0.00131563640810955,0.00789108364635034));
#6935=CARTESIAN_POINT('',(0.00655751650381086,-0.00132551159368198,0.00788942450467806));
#6936=CARTESIAN_POINT('',(0.00654791523345358,-0.0013353867792544,0.00788776536300578));
#6937=CARTESIAN_POINT('',(0.00653822953960387,-0.00134510423351824,0.00788611367209619));
#6938=CARTESIAN_POINT('',(0.00652845372743452,-0.00135467218918966,0.00788446975134258));
#6939=CARTESIAN_POINT('',(0.00651867791526517,-0.00136424014486108,0.00788282583058896));
#6940=CARTESIAN_POINT('',(0.00650881415762525,-0.0013736564247174,0.00788119004532323));
#6941=CARTESIAN_POINT('',(0.00649886311172198,-0.00138292243605758,0.00787956379096258));
#6942=CARTESIAN_POINT('',(0.00647896101991543,-0.00140145445873793,0.00787631128224127));
#6943=CARTESIAN_POINT('',(0.00645870992004389,-0.00141938566235604,0.00787309691083068));
#6944=CARTESIAN_POINT('',(0.00643811301085362,-0.00143672369284078,0.00786993170430531));
#6945=CARTESIAN_POINT('',(0.00641751610166335,-0.00145406172332552,0.00786676649777995));
#6946=CARTESIAN_POINT('',(0.0063965733709535,-0.0014708065580173,0.00786365044893554));
#6947=CARTESIAN_POINT('',(0.00637528541255019,-0.00148696129150354,0.00786059451425718));
#6948=CARTESIAN_POINT('',(0.00635399745414688,-0.00150311602498978,0.00785753857957883));
#6949=CARTESIAN_POINT('',(0.00633236426804319,-0.00151868065561393,0.00785454275031195));
#6950=CARTESIAN_POINT('',(0.0063103838950205,-0.00153365384169328,0.00785161804304434));
#6951=CARTESIAN_POINT('',(0.0062884035219978,-0.00154862702777263,0.00784869333577673));
#6952=CARTESIAN_POINT('',(0.00626607597261844,-0.00156300878578583,0.00784583974013175));
#6953=CARTESIAN_POINT('',(0.00624339668775096,-0.00157679328103469,0.00784306846514066));
#6954=CARTESIAN_POINT('',(0.00622071740288347,-0.00159057777628355,0.00784029719014957));
#6955=CARTESIAN_POINT('',(0.00619767879074804,-0.00160376851929207,0.00783760750634865));
#6956=CARTESIAN_POINT('',(0.00617429638913727,-0.00161634453315875,0.00783501310465578));
#6957=CARTESIAN_POINT('',(0.00616260518833188,-0.00162263254009209,0.00783371590380935));
#6958=CARTESIAN_POINT('',(0.006150820167942,-0.00162877016638268,0.00783244183736871));
#6959=CARTESIAN_POINT('',(0.00613894079218644,-0.00163475592886089,0.00783119231362978));
#6960=CARTESIAN_POINT('',(0.00612706141643088,-0.00164074169133909,0.00782994278989085));
#6961=CARTESIAN_POINT('',(0.00611511227258232,-0.00164656259524692,0.00782872050889199));
#6962=CARTESIAN_POINT('',(0.00610313468505812,-0.00165219916581523,0.00782753076752046));
#6963=CARTESIAN_POINT('',(0.00607917951000971,-0.00166347230695185,0.00782515128477741));
#6964=CARTESIAN_POINT('',(0.00605505566760837,-0.00167403930147178,0.00782289551922168));
#6965=CARTESIAN_POINT('',(0.00603077199624789,-0.00168390709590051,0.00782077086305282));
#6966=CARTESIAN_POINT('',(0.00600648832488741,-0.00169377489032925,0.00781864620688395));
#6967=CARTESIAN_POINT('',(0.00598204263100323,-0.00170294500950123,0.00781665232916887));
#6968=CARTESIAN_POINT('',(0.00595743606085435,-0.00171142395488943,0.00781479545776027));
#6969=CARTESIAN_POINT('',(0.00590822292055659,-0.00172838184566582,0.00781108171494308));
#6970=CARTESIAN_POINT('',(0.00585836730230232,-0.00174257966026049,0.00780791606720497));
#6971=CARTESIAN_POINT('',(0.00580786452695356,-0.00175400726991709,0.0078053480702066));
#6972=CARTESIAN_POINT('',(0.00578261313927918,-0.0017597210747454,0.00780406407170742));
#6973=CARTESIAN_POINT('',(0.00575719971390151,-0.00176474120756918,0.00780292945425252));
#6974=CARTESIAN_POINT('',(0.0057316219083316,-0.00176905854642114,0.00780195051633464));
#6975=CARTESIAN_POINT('',(0.00570604410276169,-0.0017733758852731,0.00780097157841676));
#6976=CARTESIAN_POINT('',(0.00568030428141335,-0.00177698978272132,0.0078001484696782));
#6977=CARTESIAN_POINT('',(0.0056543918711609,-0.00177988797033875,0.0077994870865361));
#6978=CARTESIAN_POINT('',(0.00564143566603467,-0.00178133706414747,0.00779915639496505));
#6979=CARTESIAN_POINT('',(0.00562842139592056,-0.00178260739844581,0.00779886607777979));
#6980=CARTESIAN_POINT('',(0.00561542900423331,-0.00178369122839762,0.0077986181854055));
#6981=CARTESIAN_POINT('',(0.00560243661254605,-0.00178477505834943,0.00779837029303121));
#6982=CARTESIAN_POINT('',(0.00558945412267697,-0.00178567440342577,0.0077981643649851));
#6983=CARTESIAN_POINT('',(0.005576494072784,-0.00178638961591204,0.00779800052193904));
#6984=CARTESIAN_POINT('',(0.00555057397299805,-0.00178782004088458,0.00779767283584694));
#6985=CARTESIAN_POINT('',(0.00552469605529762,-0.00178852008717187,0.00779751216082655));
#6986=CARTESIAN_POINT('',(0.0054988823405676,-0.00178849929331821,0.00779751693026699));
#6987=CARTESIAN_POINT('',(0.00547306862583758,-0.00178847849946455,0.00779752169970743));
#6988=CARTESIAN_POINT('',(0.00544731146100833,-0.00178773771193868,0.00779769171604561));
#6989=CARTESIAN_POINT('',(0.00542161030590416,-0.00178628367104029,0.00779802479135421));
#6990=CARTESIAN_POINT('',(0.00539590915079998,-0.0017848296301419,0.0077983578666628));
#6991=CARTESIAN_POINT('',(0.00537026400666934,-0.00178266231983375,0.00779885400388933));
#6992=CARTESIAN_POINT('',(0.00534467472175133,-0.00177978327141557,0.00779951097869535));
#6993=CARTESIAN_POINT('',(0.00531908543683332,-0.0017769042229974,0.00780016795350137));
#6994=CARTESIAN_POINT('',(0.00529355201080669,-0.00177331344101889,0.00780098576694434));
#6995=CARTESIAN_POINT('',(0.00526807467621819,-0.00176900729787729,0.0078019621365434));
#6996=CARTESIAN_POINT('',(0.00524259734162969,-0.00176470115473568,0.00780293850614247));
#6997=CARTESIAN_POINT('',(0.00521717609632496,-0.00175967967896324,0.00780407343045816));
#6998=CARTESIAN_POINT('',(0.0051918115678151,-0.00175393393691549,0.00780536454913773));
#6999=CARTESIAN_POINT('',(0.00517912930356017,-0.00175106106589162,0.00780601010847752));
#7000=CARTESIAN_POINT('',(0.00516646122398635,-0.00174800705408366,0.00780669471280623));
#7001=CARTESIAN_POINT('',(0.00515380744679008,-0.00174477025732917,0.00780741805907302));
#7002=CARTESIAN_POINT('',(0.00514115366959381,-0.00174153346057467,0.0078081414053398));
#7003=CARTESIAN_POINT('',(0.00512851741082163,-0.00173811475192474,0.00780890329994799));
#7004=CARTESIAN_POINT('',(0.00511588916546535,-0.00173450952488009,0.00780970400899421));
#7005=CARTESIAN_POINT('',(0.00510326092010906,-0.00173090429783545,0.00781050471804043));
#7006=CARTESIAN_POINT('',(0.00509066063313117,-0.00172711741613639,0.00781134314850792));
#7007=CARTESIAN_POINT('',(0.00507814867534494,-0.00172316847139604,0.00781221418159964));
#7008=CARTESIAN_POINT('',(0.00506563671755871,-0.0017192195266557,0.00781308521469137));
#7009=CARTESIAN_POINT('',(0.00505318793847014,-0.00171510140489451,0.00781399042670101));
#7010=CARTESIAN_POINT('',(0.00504081204382053,-0.00171081902603298,0.00781492791138623));
#7011=CARTESIAN_POINT('',(0.00501606025452129,-0.00170225426830992,0.00781680288075666));
#7012=CARTESIAN_POINT('',(0.00499157705324379,-0.00169302625098168,0.00781880836263747));
#7013=CARTESIAN_POINT('',(0.0049673637746172,-0.00168314805560541,0.00782093425512015));
#7014=CARTESIAN_POINT('',(0.00494315049599061,-0.00167326986022914,0.00782306014760282));
#7015=CARTESIAN_POINT('',(0.00491920498425521,-0.00166274078439131,0.00782530660698888));
#7016=CARTESIAN_POINT('',(0.00489552398669646,-0.00165156709102987,0.00782766415630021));
#7017=CARTESIAN_POINT('',(0.00484816199157894,-0.00162921970430699,0.00783237925492287));
#7018=CARTESIAN_POINT('',(0.00480185633945666,-0.00160429818876463,0.00783753879615587));
#7019=CARTESIAN_POINT('',(0.00475660438930406,-0.00157679393566951,0.00784306833353094));
#7020=CARTESIAN_POINT('',(0.00473397841422776,-0.00156304180912194,0.00784583310221848));
#7021=CARTESIAN_POINT('',(0.00471161628588201,-0.00154864293323224,0.00784869035817108));
#7022=CARTESIAN_POINT('',(0.00468952061933824,-0.00153358879097793,0.00785163074909836));
#7023=CARTESIAN_POINT('',(0.00466742495279447,-0.00151853464872363,0.00785457114002564));
#7024=CARTESIAN_POINT('',(0.00464560509963955,-0.00150283242551087,0.00785759331962636));
#7025=CARTESIAN_POINT('',(0.00462403752265543,-0.00148644720164475,0.00786069174543325));
#7026=CARTESIAN_POINT('',(0.0046024699456713,-0.00147006197777863,0.00786379017124015));
#7027=CARTESIAN_POINT('',(0.00458132718883355,-0.00145312291210881,0.00786694022083105));
#7028=CARTESIAN_POINT('',(0.00456063997734086,-0.00143567290357753,0.00787012346243267));
#7029=CARTESIAN_POINT('',(0.00453995276584816,-0.00141822289504624,0.0078733067040343));
#7030=CARTESIAN_POINT('',(0.00451970563055348,-0.00140025009472569,0.00787652537125637));
#7031=CARTESIAN_POINT('',(0.00449989388196567,-0.00138176379383445,0.0078797670535396));
#7032=CARTESIAN_POINT('',(0.00446027038479003,-0.00134479119205198,0.00788625041810606));
#7033=CARTESIAN_POINT('',(0.00442237987177771,-0.00130576352392056,0.0078928266076579));
#7034=CARTESIAN_POINT('',(0.00438620400137489,-0.00126469044188408,0.00789940238791562));
#7035=CARTESIAN_POINT('',(0.00436811606617347,-0.00124415390086585,0.00790269027804448));
#7036=CARTESIAN_POINT('',(0.00435045742427721,-0.00122310502154383,0.00790597811361966));
#7037=CARTESIAN_POINT('',(0.00433323053029157,-0.00120153900248688,0.00790925432803263));
#7038=CARTESIAN_POINT('',(0.00431600363630592,-0.00117997298342994,0.00791253054244559));
#7039=CARTESIAN_POINT('',(0.00429920786372334,-0.00115788898761428,0.00791579526774492));
#7040=CARTESIAN_POINT('',(0.00428285069393315,-0.00113528094290463,0.0079190363795526));
#7041=CARTESIAN_POINT('',(0.00427467210903805,-0.0011239769205498,0.00792065693545644));
#7042=CARTESIAN_POINT('',(0.00426660154473172,-0.0011125392669817,0.00792227194533737));
#7043=CARTESIAN_POINT('',(0.00425864333406111,-0.00110097150344618,0.00792387921087894));
#7044=CARTESIAN_POINT('',(0.0042506851233905,-0.00108940373991066,0.00792548647642051));
#7045=CARTESIAN_POINT('',(0.00424282995637461,-0.00107769159231375,0.00792708793631119));
#7046=CARTESIAN_POINT('',(0.00423510187365013,-0.00106586823238873,0.00792867737464355));
#7047=CARTESIAN_POINT('',(0.00422737379092565,-0.00105404487246371,0.00793026681297591));
#7048=CARTESIAN_POINT('',(0.00421979362481064,-0.00104214304442345,0.00793183989201944));
#7049=CARTESIAN_POINT('',(0.00421235267702096,-0.00103015248568778,0.00793339686743524));
#7050=CARTESIAN_POINT('',(0.00420491172923127,-0.00101816192695211,0.00793495384285103));
#7051=CARTESIAN_POINT('',(0.00419761238671968,-0.00100608631824745,0.00793649422005403));
#7052=CARTESIAN_POINT('',(0.00419045338352124,-0.000993926281298374,0.00793801678930855));
#7053=CARTESIAN_POINT('',(0.00417613537712434,-0.000969606207400213,0.00794106192781758));
#7054=CARTESIAN_POINT('',(0.00416237849330712,-0.000944948557699701,0.00794403582595773));
#7055=CARTESIAN_POINT('',(0.00414917595754613,-0.000919956350475665,0.00794692898629524));
#7056=CARTESIAN_POINT('',(0.00413597342178514,-0.000894964143251629,0.00794982214663275));
#7057=CARTESIAN_POINT('',(0.00412332525619185,-0.00086963736637569,0.00795263457848081));
#7058=CARTESIAN_POINT('',(0.00411122891033115,-0.000843976564384606,0.00795535690957795));
#7059=CARTESIAN_POINT('',(0.00409913256447044,-0.000818315762393521,0.00795807924067509));
#7060=CARTESIAN_POINT('',(0.0040875880407214,-0.00079232093472616,0.00796071147943875));
#7061=CARTESIAN_POINT('',(0.00407659690768649,-0.000765990201011677,0.00796324425168248));
#7062=CARTESIAN_POINT('',(0.00406560577465157,-0.000739659467297194,0.00796577702392622));
#7063=CARTESIAN_POINT('',(0.00405516801770112,-0.000712992837025055,0.00796821033785974));
#7064=CARTESIAN_POINT('',(0.00404528937883902,-0.000685985960016355,0.00797053469113964));
#7065=CARTESIAN_POINT('',(0.00403541073997692,-0.000658979083007655,0.00797285904441953));
#7066=CARTESIAN_POINT('',(0.00402608881937419,-0.000631622840542354,0.00797507513744776));
#7067=CARTESIAN_POINT('',(0.00401734084411681,-0.00060393769216931,0.00797717113167175));
#7068=CARTESIAN_POINT('',(0.00401296685648812,-0.000590095117982788,0.00797821912878375));
#7069=CARTESIAN_POINT('',(0.0040087340145366,-0.000576160368082873,0.00797923786635361));
#7070=CARTESIAN_POINT('',(0.00400464414003397,-0.000562134624493684,0.00798022585294084));
#7071=CARTESIAN_POINT('',(0.00400055426553134,-0.000548108880904496,0.00798121383952807));
#7072=CARTESIAN_POINT('',(0.0039966144249023,-0.000534014299515861,0.00798216941460031));
#7073=CARTESIAN_POINT('',(0.00399284009102127,-0.000519907866145625,0.00798308811242366));
#7074=CARTESIAN_POINT('',(0.00398529142325919,-0.000491694999405152,0.00798492550807034));
#7075=CARTESIAN_POINT('',(0.00397838123530016,-0.0004633647710838,0.00798662033070083));
#7076=CARTESIAN_POINT('',(0.00397210165916488,-0.000434925006798826,0.0079881687662731));
#7077=CARTESIAN_POINT('',(0.0039658220830296,-0.000406485242513853,0.00798971720184537));
#7078=CARTESIAN_POINT('',(0.00396017215742258,-0.000377933904542869,0.00799111938595028));
#7079=CARTESIAN_POINT('',(0.00395514561009294,-0.000349271946471095,0.00799237193249966));
#7080=CARTESIAN_POINT('',(0.00394509251543367,-0.000291948030327545,0.00799487702559841));
#7081=CARTESIAN_POINT('',(0.00393752886030625,-0.000234182326804889,0.00799678364113112));
#7082=CARTESIAN_POINT('',(0.00393246015814638,-0.000175973006158383,0.00799806435965));
#7083=CARTESIAN_POINT('',(0.00392992580706644,-0.000146868345835129,0.00799870471890944));
#7084=CARTESIAN_POINT('',(0.00392801619878093,-0.000117652610570477,0.00799918859093034));
#7085=CARTESIAN_POINT('',(0.00392673902791852,-8.83243786908197E-5,0.00799951241039908));
#7086=CARTESIAN_POINT('',(0.0039254618570561,-5.89961468111624E-5,0.00799983622986781));
#7087=CARTESIAN_POINT('',(0.00392481751856767,-2.95544773439078E-5,0.008));
#7088=CARTESIAN_POINT('',(0.00392481704527255,0.,0.008));
#7089=CARTESIAN_POINT('',(0.00392481704527255,-4.11996825544492E-20,0.008));
#7090=CARTESIAN_POINT('',(0.00405,-3.14418630020799E-20,0.00704582915564464));
#7091=CARTESIAN_POINT('',(0.0040500004356814,-2.39608601035119E-5,0.0070458290489804));
#7092=CARTESIAN_POINT('',(0.00405059356729536,-4.7830262866635E-5,0.00704568491825537));
#7093=CARTESIAN_POINT('',(0.00405294491035039,-9.53851326793411E-5,0.00704511452477738));
#7094=CARTESIAN_POINT('',(0.004054702758228,-0.000119071362508648,0.0070446883603326));
#7095=CARTESIAN_POINT('',(0.00406170158154893,-0.000189859895368064,0.00704299642456391));
#7096=CARTESIAN_POINT('',(0.00406866413780361,-0.000236692593925842,0.00704131719923735));
#7097=CARTESIAN_POINT('',(0.00408254537034192,-0.000306404383781197,0.0070380077475242));
#7098=CARTESIAN_POINT('',(0.00408774628500725,-0.000329551963174809,0.0070367728004589));
#7099=CARTESIAN_POINT('',(0.00409930733620938,-0.00037566620880429,0.00703404529794533));
#7100=CARTESIAN_POINT('',(0.00410566835764514,-0.000398634521248245,0.0070325525243992));
#7101=CARTESIAN_POINT('',(0.00411609149759452,-0.000432944283140759,0.00703012529553692));
#7102=CARTESIAN_POINT('',(0.00411971823117159,-0.00044437125645682,0.00702928365369936));
#7103=CARTESIAN_POINT('',(0.00412724791908627,-0.000467113588274022,0.00702754334212057));
#7104=CARTESIAN_POINT('',(0.00413114436858182,-0.000478410986859627,0.00702664616841366));
#7105=CARTESIAN_POINT('',(0.00414322350270956,-0.000512078969902218,0.00702387701533503));
#7106=CARTESIAN_POINT('',(0.00415180459154921,-0.000534257650119889,0.00702192533761616));
#7107=CARTESIAN_POINT('',(0.00416999171871062,-0.000578048511088784,0.00701783109061104));
#7108=CARTESIAN_POINT('',(0.00417959996614164,-0.000599668091269865,0.00701568799941988));
#7109=CARTESIAN_POINT('',(0.00419983525735375,-0.000642362605670991,0.00701122663108613));
#7110=CARTESIAN_POINT('',(0.00421046231460183,-0.000663437531719117,0.00700890834128872));
#7111=CARTESIAN_POINT('',(0.00423273236449717,-0.000705045771435285,0.00700411307297712));
#7112=CARTESIAN_POINT('',(0.00424437535495438,-0.000725579085075385,0.00700163608209284));
#7113=CARTESIAN_POINT('',(0.00426868196238177,-0.000766103217945414,0.00699653990527629));
#7114=CARTESIAN_POINT('',(0.0042813455589977,-0.00078609404654351,0.00699392070675129));
#7115=CARTESIAN_POINT('',(0.00430111574748266,-0.000815669762763904,0.00698989779639439));
#7116=CARTESIAN_POINT('',(0.0043078349965769,-0.000825459885816084,0.00698854114180834));
#7117=CARTESIAN_POINT('',(0.00432153419800955,-0.000844902225950203,0.00698579859616044));
#7118=CARTESIAN_POINT('',(0.00432851195309112,-0.000854551458608158,0.00698441313801677));
#7119=CARTESIAN_POINT('',(0.00434273978601284,-0.000873722691338463,0.00698161341497412));
#7120=CARTESIAN_POINT('',(0.00434997068712109,-0.00088321814396774,0.00698020296582008));
#7121=CARTESIAN_POINT('',(0.00436462219847442,-0.000901974932825211,0.00697737182663425));
#7122=CARTESIAN_POINT('',(0.0043720513788176,-0.000911247844072928,0.00697594944858305));
#7123=CARTESIAN_POINT('',(0.00439463722777368,-0.000938741555249405,0.00697166763070728));
#7124=CARTESIAN_POINT('',(0.00441009820655819,-0.000956645832271022,0.00696879229762761));
#7125=CARTESIAN_POINT('',(0.00444181388276484,-0.000991614501463534,0.0069630213883376));
#7126=CARTESIAN_POINT('',(0.00445806915690467,-0.00100867957006422,0.00696012568136637));
#7127=CARTESIAN_POINT('',(0.00450802050883511,-0.00105862867709129,0.00695143850862156));
#7128=CARTESIAN_POINT('',(0.00454289978663785,-0.00109026978089291,0.00694564662335584));
#7129=CARTESIAN_POINT('',(0.00459761159398553,-0.00113523227900023,0.0069370815218566));
#7130=CARTESIAN_POINT('',(0.00461624964875205,-0.00114980346187794,0.00693424673703263));
#7131=CARTESIAN_POINT('',(0.00465433596320127,-0.00117809814137288,0.00692863960050015));
#7132=CARTESIAN_POINT('',(0.00467379846266696,-0.00119183124201849,0.00692586526711735));
#7133=CARTESIAN_POINT('',(0.00471350557926966,-0.00121839939981771,0.00692040750375985));
#7134=CARTESIAN_POINT('',(0.00473359136484759,-0.00123112974894647,0.00691774579166716));
#7135=CARTESIAN_POINT('',(0.00477427072389258,-0.00125553960056127,0.00691256642117115));
#7136=CARTESIAN_POINT('',(0.00479485568896289,-0.00126721327531451,0.00691004993663555));
#7137=CARTESIAN_POINT('',(0.00485733921907177,-0.00130066129043955,0.00690274495201849));
#7138=CARTESIAN_POINT('',(0.00489996486797233,-0.00132086603821247,0.00689820076212884));
#7139=CARTESIAN_POINT('',(0.00496536193125761,-0.00134804276401134,0.00689197168138331));
#7140=CARTESIAN_POINT('',(0.00498740444505807,-0.00135657905795675,0.006889993159011));
#7141=CARTESIAN_POINT('',(0.00503198244649358,-0.00137259626282046,0.00688624849076536));
#7142=CARTESIAN_POINT('',(0.00505451991856687,-0.00138007774256115,0.00688448220395577));
#7143=CARTESIAN_POINT('',(0.00508869699086451,-0.0013904933709436,0.00688200519689203));
#7144=CARTESIAN_POINT('',(0.00510015644046326,-0.00139383207760385,0.00688120794923181));
#7145=CARTESIAN_POINT('',(0.0051231916551798,-0.00140023517632166,0.00687967366348202));
#7146=CARTESIAN_POINT('',(0.00513479057203144,-0.0014033053352453,0.00687893523370245));
#7147=CARTESIAN_POINT('',(0.00515803987867438,-0.00140915110504869,0.00687752481717912));
#7148=CARTESIAN_POINT('',(0.0051696719085695,-0.00141192277323989,0.00687685379561254));
#7149=CARTESIAN_POINT('',(0.00519296822075917,-0.00141717114447617,0.0068755796521183));
#7150=CARTESIAN_POINT('',(0.00520462954259289,-0.00141964713971684,0.00687497670074964));
#7151=CARTESIAN_POINT('',(0.00523965268028195,-0.00142663455460011,0.00687327101503189));
#7152=CARTESIAN_POINT('',(0.00526305364813862,-0.00143070564222756,0.00687227145281024));
#7153=CARTESIAN_POINT('',(0.00530995884736313,-0.0014376879275258,0.00687055162041304));
#7154=CARTESIAN_POINT('',(0.00533346308071431,-0.00144059910133843,0.00686983134801522));
#7155=CARTESIAN_POINT('',(0.00538057438676255,-0.00144526739418645,0.00686867411535032));
#7156=CARTESIAN_POINT('',(0.00540418145975551,-0.00144702450928236,0.00686823715295417));
#7157=CARTESIAN_POINT('',(0.00545149872507908,-0.00144938219402274,0.00686765045488664));
#7158=CARTESIAN_POINT('',(0.00547520891626065,-0.00144998277675862,0.00686750071704232));
#7159=CARTESIAN_POINT('',(0.00552273341015659,-0.00145001649323776,0.00686749231518464));
#7160=CARTESIAN_POINT('',(0.00554655475773737,-0.00144944894114787,0.00686763382720376));
#7161=CARTESIAN_POINT('',(0.00558234502378992,-0.00144770939678697,0.00686806673012505));
#7162=CARTESIAN_POINT('',(0.00559429576910168,-0.00144698026594675,0.00686824809695974));
#7163=CARTESIAN_POINT('',(0.00561821548952511,-0.00144522286747195,0.00686868474915791));
#7164=CARTESIAN_POINT('',(0.00563019548944146,-0.00144419296235822,0.00686894043902314));
#7165=CARTESIAN_POINT('',(0.0056659751378493,-0.00144066846793133,0.00686981418947496));
#7166=CARTESIAN_POINT('',(0.00568966936387158,-0.0014377385531593,0.00687053912353788));
#7167=CARTESIAN_POINT('',(0.00573675953579733,-0.00143073811460833,0.00687226348118396));
#7168=CARTESIAN_POINT('',(0.00576015330519365,-0.00142666811442827,0.00687326276672888));
#7169=CARTESIAN_POINT('',(0.00582988713264982,-0.00141277096615166,0.00687665534267338));
#7170=CARTESIAN_POINT('',(0.0058757806247422,-0.0014012602989978,0.00687944343594144));
#7171=CARTESIAN_POINT('',(0.00594373373445612,-0.00138063774855499,0.00688434959734553));
#7172=CARTESIAN_POINT('',(0.00596623667992513,-0.00137320321134221,0.00688610567617317));
#7173=CARTESIAN_POINT('',(0.00601094427832439,-0.00135720287106287,0.00688984816545525));
#7174=CARTESIAN_POINT('',(0.0060331509504942,-0.00134863583134956,0.00689183486471824));
#7175=CARTESIAN_POINT('',(0.00606622806421755,-0.00133492653551956,0.00689497841110985));
#7176=CARTESIAN_POINT('',(0.00607722758559313,-0.00133020732110787,0.00689605490008764));
#7177=CARTESIAN_POINT('',(0.00609909818137867,-0.00132050158217787,0.0068982558816206));
#7178=CARTESIAN_POINT('',(0.00610994662251681,-0.00131552559320027,0.00689937799758426));
#7179=CARTESIAN_POINT('',(0.00614223285526732,-0.00130023185944831,0.00690280541769707));
#7180=CARTESIAN_POINT('',(0.00616344054260153,-0.00128953766089568,0.00690517431692833));
#7181=CARTESIAN_POINT('',(0.00620519437565201,-0.00126718650501217,0.00691005579842296));
#7182=CARTESIAN_POINT('',(0.00622574750981523,-0.00125552670533783,0.00691256904305095));
#7183=CARTESIAN_POINT('',(0.00626621460703366,-0.00123124812200136,0.00691772078861589));
#7184=CARTESIAN_POINT('',(0.00628612856036603,-0.00121862932571938,0.0069203593028196));
#7185=CARTESIAN_POINT('',(0.00632532088350811,-0.00119243489777982,0.00692574219949381));
#7186=CARTESIAN_POINT('',(0.00634459925332424,-0.00117885926837708,0.00692848659492691));
#7187=CARTESIAN_POINT('',(0.00638251931617947,-0.00115074615891647,0.00693406196885472));
#7188=CARTESIAN_POINT('',(0.00640116102044984,-0.00113620869837231,0.00693689296052541));
#7189=CARTESIAN_POINT('',(0.00642864166931626,-0.00111367184860645,0.00694118982451092));
#7190=CARTESIAN_POINT('',(0.00643772153431541,-0.00110603773761734,0.00694263050830148));
#7191=CARTESIAN_POINT('',(0.0064557193517791,-0.00109052357745357,0.00694552620440047));
#7192=CARTESIAN_POINT('',(0.00646463530407527,-0.00108264529283787,0.00694698089107951));
#7193=CARTESIAN_POINT('',(0.00648231178029192,-0.00106663296989922,0.00694990340799999));
#7194=CARTESIAN_POINT('',(0.00649106032724558,-0.00105850893568728,0.00695136933391902));
#7195=CARTESIAN_POINT('',(0.00650829739267285,-0.00104210257237476,0.00695429409475777));
#7196=CARTESIAN_POINT('',(0.00651680302145967,-0.00103380481661113,0.00695575575193117));
#7197=CARTESIAN_POINT('',(0.00654196317731537,-0.00100865010411225,0.00696013107262336));
#7198=CARTESIAN_POINT('',(0.00655827703080871,-0.000991517500520638,0.0069630376965142));
#7199=CARTESIAN_POINT('',(0.00658999118484051,-0.000956544016380551,0.0069688087986641));
#7200=CARTESIAN_POINT('',(0.00660539297043786,-0.00093870170948383,0.00697167355615965));
#7201=CARTESIAN_POINT('',(0.0066502442703203,-0.000884113540862158,0.00698017585088256));
#7202=CARTESIAN_POINT('',(0.00667834282566037,-0.000846308862866417,0.00698572164876172));
#7203=CARTESIAN_POINT('',(0.00673091546596762,-0.000767839359640378,0.00699641204400477));
#7204=CARTESIAN_POINT('',(0.0067553853167614,-0.000727183804937753,0.00700155597109916));
#7205=CARTESIAN_POINT('',(0.00680058713983278,-0.000642854443116666,0.00701128613578566));
#7206=CARTESIAN_POINT('',(0.00682093397367165,-0.000599894077312048,0.00701578837645462));
#7207=CARTESIAN_POINT('',(0.0068572391817979,-0.000512485601270034,0.00702396117799914));
#7208=CARTESIAN_POINT('',(0.00687320242163209,-0.00046802717065391,0.00702763309072277));
#7209=CARTESIAN_POINT('',(0.00689387645357448,-0.000400208527163839,0.00703244608871253));
#7210=CARTESIAN_POINT('',(0.00690022176579005,-0.000377413485403377,0.00703393464226247));
#7211=CARTESIAN_POINT('',(0.00691181031634056,-0.0003314416260746,0.00703666778701479));
#7212=CARTESIAN_POINT('',(0.00691705367617896,-0.000308264414328832,0.00703791240971146));
#7213=CARTESIAN_POINT('',(0.00692641994894323,-0.000261523040108886,0.007040144949679));
#7214=CARTESIAN_POINT('',(0.00693054455244989,-0.000237947759523548,0.00704113327081141));
#7215=CARTESIAN_POINT('',(0.0069376401958889,-0.000190440206456834,0.00704283857130785));
#7216=CARTESIAN_POINT('',(0.0069405851854491,-0.000166688366887317,0.00704354925616343));
#7217=CARTESIAN_POINT('',(0.00694529434245878,-0.000119142615342063,0.00704468764424402));
#7218=CARTESIAN_POINT('',(0.00694705733999377,-9.53564243105653E-5,0.00704511507068253));
#7219=CARTESIAN_POINT('',(0.00694941115251467,-4.77179391834714E-5,0.00704568606318389));
#7220=CARTESIAN_POINT('',(0.00694999999933573,-2.38656007809471E-5,0.00704582915567653));
#7221=CARTESIAN_POINT('',(0.0069500000000004,-9.10729824887903E-19,0.00704582915564445));
#7222=CARTESIAN_POINT('',(0.00405,-3.14418630020798E-20,0.00704582915564463));
#7223=CARTESIAN_POINT('',(0.00695000000000027,-6.66344478550724E-19,0.00704582918794818));
#7224=CARTESIAN_POINT('',(0.0069500000000004,-9.10729824887903E-19,0.00704582915564445));
#7225=CARTESIAN_POINT('',(0.00695000000068634,2.37861873415429E-5,0.00704582915561472));
#7226=CARTESIAN_POINT('',(0.00694941507096634,4.75855488686479E-5,0.00704568701438853));
#7227=CARTESIAN_POINT('',(0.00694765314340652,8.33243632869235E-5,0.00704525960153335));
#7228=CARTESIAN_POINT('',(0.00694691736950814,9.52538802110834E-5,0.00704508119164735));
#7229=CARTESIAN_POINT('',(0.00694514832924985,0.000119119611777754,0.00704465267366658));
#7230=CARTESIAN_POINT('',(0.00694411506834076,0.000131055194603168,0.0070444025663964));
#7231=CARTESIAN_POINT('',(0.00694174862281118,0.000154935637576799,0.00704383050565215));
#7232=CARTESIAN_POINT('',(0.00694041439153221,0.000166883304100155,0.00704350830199728));
#7233=CARTESIAN_POINT('',(0.00693746112036338,0.00019065346048741,0.00704279626256692));
#7234=CARTESIAN_POINT('',(0.00693583954742172,0.000202502865972834,0.00704240581473154));
#7235=CARTESIAN_POINT('',(0.00693054861828122,0.000237906940524196,0.0070411342592238));
#7236=CARTESIAN_POINT('',(0.00692645010089485,0.000261349796222747,0.0070401521810266));
#7237=CARTESIAN_POINT('',(0.00691247448492433,0.000331161509806793,0.00703682082806784));
#7238=CARTESIAN_POINT('',(0.00690091732307092,0.000377049822173671,0.00703408556560736));
#7239=CARTESIAN_POINT('',(0.0068802615716992,0.000444900941723065,0.00702927632541347));
#7240=CARTESIAN_POINT('',(0.00687282193665079,0.000467355069046258,0.00702755545024741));
#7241=CARTESIAN_POINT('',(0.00685682789898432,0.000511936396666219,0.00702388879665907));
#7242=CARTESIAN_POINT('',(0.00684827352601922,0.000534063650527183,0.00702194300046458));
#7243=CARTESIAN_POINT('',(0.0068300359843251,0.000577987682280454,0.00701783725032548));
#7244=CARTESIAN_POINT('',(0.00682035139542229,0.000599787541558509,0.00701567697332437));
#7245=CARTESIAN_POINT('',(0.00679983600692804,0.000643039066043965,0.0070111544614745));
#7246=CARTESIAN_POINT('',(0.006789091784856,0.000664308992913793,0.00700881138050042));
#7247=CARTESIAN_POINT('',(0.00676664398891403,0.000706170724073166,0.00700397978117313));
#7248=CARTESIAN_POINT('',(0.00675494167046796,0.000726759790343678,0.00700149153818482));
#7249=CARTESIAN_POINT('',(0.00673059382330259,0.000767266082660816,0.00699638949509774));
#7250=CARTESIAN_POINT('',(0.0067179482479829,0.000787183273342307,0.00699377567029635));
#7251=CARTESIAN_POINT('',(0.00667860628038816,0.000845937087103861,0.00698577433562371));
#7252=CARTESIAN_POINT('',(0.00665050385633477,0.00088378227034512,0.00698022599845051));
#7253=CARTESIAN_POINT('',(0.0066055311586692,0.000938541121406555,0.00697169928680417));
#7254=CARTESIAN_POINT('',(0.00659006023731489,0.00095646811735147,0.00696882134824046));
#7255=CARTESIAN_POINT('',(0.00656614633225995,0.000982839328943549,0.00696446970060675));
#7256=CARTESIAN_POINT('',(0.00655804975847337,0.000991550412103936,0.0069630120941012));
#7257=CARTESIAN_POINT('',(0.00654162434643945,0.0010087917219218,0.00696008887560167));
#7258=CARTESIAN_POINT('',(0.00653327535034548,0.00101734172699551,0.00695861978934431));
#7259=CARTESIAN_POINT('',(0.00651642076509279,0.00103418108164138,0.00695568977843762));
#7260=CARTESIAN_POINT('',(0.00650790479189968,0.00104248206569528,0.00695422694781379));
#7261=CARTESIAN_POINT('',(0.00649070104979684,0.00105884482213945,0.0069513089272917));
#7262=CARTESIAN_POINT('',(0.00648201262960755,0.00106690735121623,0.00694985361476921));
#7263=CARTESIAN_POINT('',(0.00645568971404354,0.00109074177481048,0.00694550256422415));
#7264=CARTESIAN_POINT('',(0.00643779768437319,0.0011061606708834,0.00694262170481297));
#7265=CARTESIAN_POINT('',(0.00638310137031816,0.00115102406152958,0.00693406866373387));
#7266=CARTESIAN_POINT('',(0.00634527910717356,0.00117907832057414,0.0069284857890404));
#7267=CARTESIAN_POINT('',(0.0062865019229444,0.00121838835201315,0.00692040939299935));
#7268=CARTESIAN_POINT('',(0.00626656833175658,0.0012310290175298,0.00691776687944138));
#7269=CARTESIAN_POINT('',(0.00622600985138054,0.00125537609170384,0.00691260139778876));
#7270=CARTESIAN_POINT('',(0.00620537835150545,0.00126708566970568,0.00691007770538289));
#7271=CARTESIAN_POINT('',(0.00617392201803833,0.00128392801415194,0.00690639951843367));
#7272=CARTESIAN_POINT('',(0.00616334241943217,0.00128942597580152,0.00690519039578286));
#7273=CARTESIAN_POINT('',(0.00614200827075304,0.00130018008992221,0.00690281025583064));
#7274=CARTESIAN_POINT('',(0.00613125113921623,0.00130543671507189,0.00690163910202942));
#7275=CARTESIAN_POINT('',(0.00609888954630294,0.00132075733517593,0.00689820527852499));
#7276=CARTESIAN_POINT('',(0.00607714215576124,0.00133040218251908,0.00689601581275195));
#7277=CARTESIAN_POINT('',(0.00603330208028961,0.0013485740395892,0.00689184906764733));
#7278=CARTESIAN_POINT('',(0.00601121015370418,0.00135710109324093,0.00688987178725545));
#7279=CARTESIAN_POINT('',(0.00596668526535876,0.00137304918639127,0.00688614188389413));
#7280=CARTESIAN_POINT('',(0.00594425229913226,0.00138047020935867,0.00688438925359852));
#7281=CARTESIAN_POINT('',(0.00589904562920441,0.00139420970084056,0.00688112098974615));
#7282=CARTESIAN_POINT('',(0.00587627192596825,0.00140052816949737,0.00687960534902886));
#7283=CARTESIAN_POINT('',(0.00583038168918793,0.00141205794797296,0.0068768234137544));
#7284=CARTESIAN_POINT('',(0.00580726516106185,0.00141726927460164,0.00687555711181431));
#7285=CARTESIAN_POINT('',(0.00576068473894921,0.00142657195005869,0.00687328634225486));
#7286=CARTESIAN_POINT('',(0.00573721291714349,0.00143066402167985,0.00687228169643142));
#7287=CARTESIAN_POINT('',(0.00570176313484257,0.00143594396485814,0.00687098118630328));
#7288=CARTESIAN_POINT('',(0.00568989815320208,0.00143756138256721,0.00687058196367674));
#7289=CARTESIAN_POINT('',(0.00566607078856719,0.0014405084762958,0.00686985347825118));
#7290=CARTESIAN_POINT('',(0.00565413617933447,0.00144183425690326,0.00686952517898729));
#7291=CARTESIAN_POINT('',(0.00561839485987767,0.00144535621292097,0.0068686520639236));
#7292=CARTESIAN_POINT('',(0.00559459257641631,0.00144710697394061,0.00686821664494077));
#7293=CARTESIAN_POINT('',(0.00554705289210553,0.00144943174688591,0.00686763811021958));
#7294=CARTESIAN_POINT('',(0.0055233129213217,0.00145000640715617,0.00686749481981598));
#7295=CARTESIAN_POINT('',(0.0054521816332971,0.00144998702222636,0.00686749967659578));
#7296=CARTESIAN_POINT('',(0.00540487875993486,0.00144765336021118,0.00686808261787644));
#7297=CARTESIAN_POINT('',(0.00533410121751988,0.00144067328142802,0.00686981297648586));
#7298=CARTESIAN_POINT('',(0.00531053820995645,0.00143776571885137,0.00687053241221905));
#7299=CARTESIAN_POINT('',(0.00526347179670303,0.00143077616258837,0.00687225412879254));
#7300=CARTESIAN_POINT('',(0.00523996722794255,0.00142669356546481,0.00687325657032398));
#7301=CARTESIAN_POINT('',(0.0052047593084534,0.00141967488100478,0.0068749699484911));
#7302=CARTESIAN_POINT('',(0.00519301610924553,0.00141718197987379,0.00687557702188698));
#7303=CARTESIAN_POINT('',(0.00516962344572927,0.00141191180844738,0.00687685645725693));
#7304=CARTESIAN_POINT('',(0.00515798638715561,0.00140913795599326,0.00687752799315022));
#7305=CARTESIAN_POINT('',(0.00512326194897308,0.00140040599445237,0.00687963475448254));
#7306=CARTESIAN_POINT('',(0.00510032557028769,0.00139403143494778,0.00688116366571072));
#7307=CARTESIAN_POINT('',(0.00505491630587932,0.0013802042638021,0.00688445223502785));
#7308=CARTESIAN_POINT('',(0.0050324357603182,0.00137275015180257,0.00688621226200716));
#7309=CARTESIAN_POINT('',(0.00498791718719712,0.00135677208708068,0.00688994827625052));
#7310=CARTESIAN_POINT('',(0.00496587916594423,0.00134824812035263,0.00689192427302761));
#7311=CARTESIAN_POINT('',(0.0049222432088041,0.001330133507882,0.00689607692999287));
#7312=CARTESIAN_POINT('',(0.00490064527272558,0.00132054286441377,0.00689825359947782));
#7313=CARTESIAN_POINT('',(0.00485789019602981,0.00130029017446179,0.00690279234562507));
#7314=CARTESIAN_POINT('',(0.00483673304867644,0.00128962814674545,0.00690515443186646));
#7315=CARTESIAN_POINT('',(0.0047948634636098,0.00126721989230828,0.00691004862896261));
#7316=CARTESIAN_POINT('',(0.00477415772373321,0.00125547771677252,0.00691257988872628));
#7317=CARTESIAN_POINT('',(0.00473317140677287,0.00123087175089375,0.00691780019329908));
#7318=CARTESIAN_POINT('',(0.00471305604563388,0.00121810610435178,0.00692046825561323));
#7319=CARTESIAN_POINT('',(0.00467361450959607,0.00119170054819085,0.00692589160501459));
#7320=CARTESIAN_POINT('',(0.00465427888514816,0.00117805493108431,0.00692864810501023));
#7321=CARTESIAN_POINT('',(0.00461636676765363,0.00114989127573121,0.00693422939336596));
#7322=CARTESIAN_POINT('',(0.00459778997902222,0.00113537299258372,0.00693705425023582));
#7323=CARTESIAN_POINT('',(0.00454318629342194,0.00109051690040983,0.00694560047297061));
#7324=CARTESIAN_POINT('',(0.00450828168894773,0.0010588786895342,0.00695139402928045));
#7325=CARTESIAN_POINT('',(0.00445818676231634,0.00100880270743421,0.00696010475998746));
#7326=CARTESIAN_POINT('',(0.00444186161760244,0.00099166814950687,0.00696301262767549));
#7327=CARTESIAN_POINT('',(0.00441795301959255,0.000965305782203916,0.00696736309207361));
#7328=CARTESIAN_POINT('',(0.00441007555834178,0.000956402729896658,0.00696881220941027));
#7329=CARTESIAN_POINT('',(0.00439452170506658,0.000938381380276851,0.00697170287155443));
#7330=CARTESIAN_POINT('',(0.00438682862710367,0.000929242620909161,0.00697314758914059));
#7331=CARTESIAN_POINT('',(0.0043716957526257,0.000910808205490056,0.00697601727835724));
#7332=CARTESIAN_POINT('',(0.00436425990462039,0.000901518492559025,0.00697744142579809));
#7333=CARTESIAN_POINT('',(0.0043496397373753,0.000882786737252472,0.00698026734335171));
#7334=CARTESIAN_POINT('',(0.00434245655268564,0.000873346150056793,0.00698166889447644));
#7335=CARTESIAN_POINT('',(0.00432128416537225,0.000844801957846589,0.00698583592841153));
#7336=CARTESIAN_POINT('',(0.00430767195400991,0.000825476024418877,0.00698856379665592));
#7337=CARTESIAN_POINT('',(0.00426832396050256,0.000766617374124637,0.00699657022716089));
#7338=CARTESIAN_POINT('',(0.00424407360434592,0.00072620568782815,0.00700167178646942));
#7339=CARTESIAN_POINT('',(0.00419952388543969,0.000643029940458529,0.00701126289966398));
#7340=CARTESIAN_POINT('',(0.00417922420977186,0.000600258630304225,0.00701575290210166));
#7341=CARTESIAN_POINT('',(0.00415638644278175,0.000545294736520274,0.00702089382890514));
#7342=CARTESIAN_POINT('',(0.00415194513743618,0.000534219637433582,0.00702189865426892));
#7343=CARTESIAN_POINT('',(0.00414332327021888,0.000511929019962335,0.00702385797377977));
#7344=CARTESIAN_POINT('',(0.00413913384310999,0.000500686113249639,0.00702481451938618));
#7345=CARTESIAN_POINT('',(0.00413106028947929,0.000478170324768743,0.00702666549899849));
#7346=CARTESIAN_POINT('',(0.00412716942822796,0.000466881467993168,0.00702756144810217));
#7347=CARTESIAN_POINT('',(0.00411967936548707,0.000444248838456834,0.00702929267250866));
#7348=CARTESIAN_POINT('',(0.00411607969109999,0.000432903986081691,0.0070301280548737));
#7349=CARTESIAN_POINT('',(0.00410571303930502,0.000398784460334749,0.00703254209952416));
#7350=CARTESIAN_POINT('',(0.00409937819813315,0.000375924862688315,0.00703402866000249));
#7351=CARTESIAN_POINT('',(0.00408784800703226,0.000329981348569147,0.00703674872327278));
#7352=CARTESIAN_POINT('',(0.00408265267843679,0.000306897428287613,0.00703798223169443));
#7353=CARTESIAN_POINT('',(0.00407339698313471,0.000260505843250769,0.00704018876591062));
#7354=CARTESIAN_POINT('',(0.00406933661815284,0.000237198178380734,0.00704116179727567));
#7355=CARTESIAN_POINT('',(0.00406235454095883,0.000190358125843491,0.00704283986861893));
#7356=CARTESIAN_POINT('',(0.00405943281098903,0.000166825741738173,0.00704354491427938));
#7357=CARTESIAN_POINT('',(0.00405591324033537,0.000131356703301887,0.00704439571987866));
#7358=CARTESIAN_POINT('',(0.00405488394602805,0.000119505269038089,0.00704464486020718));
#7359=CARTESIAN_POINT('',(0.00405311548563628,9.57450799656486E-5,0.00704507322860847));
#7360=CARTESIAN_POINT('',(0.0040523763158697,8.38363258655338E-5,0.00704525245706416));
#7361=CARTESIAN_POINT('',(0.00405119098968837,5.99609153038108E-5,0.00704553999287611));
#7362=CARTESIAN_POINT('',(0.00405074493772008,4.79964641511922E-5,0.00704564827466924));
#7363=CARTESIAN_POINT('',(0.00405014890891232,2.40001434505186E-5,0.00704579298585817));
#7364=CARTESIAN_POINT('',(0.00404999978215929,1.19804300517559E-5,0.00704582920897677));
#7365=CARTESIAN_POINT('',(0.00405,-3.14418630020799E-20,0.00704582915564464));
#7366=CARTESIAN_POINT('',(0.0055,0.,0.008001));
#7367=CARTESIAN_POINT('',(0.0055,0.,0.0063));
#7368=CARTESIAN_POINT('',(0.00405,0.,0.0063));
#7369=CARTESIAN_POINT('',(0.00695,-1.0654427152582E-19,0.0063));
#7370=CARTESIAN_POINT('',(0.0055,0.,0.0063));
#7371=CARTESIAN_POINT('',(0.0085,0.,-1.88737914186277E-18));
#7372=CARTESIAN_POINT('',(0.0085,0.00759609957425151,-0.00250983490653391));
#7373=CARTESIAN_POINT('',(0.0085,0.00759609957425151,-0.00250983490653392));
#7374=CARTESIAN_POINT('',(0.001,0.00759609957425151,-0.00250983490653392));
#7375=CARTESIAN_POINT('',(0.001,0.,-4.91082723564076E-19));
#7376=CARTESIAN_POINT('',(0.001,-0.00759609957425151,-0.00250983490653391));
#7377=CARTESIAN_POINT('',(0.0085,-0.00759609957425151,-0.00250983490653391));
#7378=CARTESIAN_POINT('',(0.0085,-0.00759609957425151,-0.00250983490653392));
#7379=CARTESIAN_POINT('',(0.0085,0.,-1.88737914186277E-18));
#7380=CARTESIAN_POINT('',(-1.55431223447522E-18,0.00387298334620742,-0.007));
#7381=CARTESIAN_POINT('',(0.0085,-0.00387298334620742,-0.007));
#7382=CARTESIAN_POINT('',(0.001,-0.00387298334620741,-0.007));
#7383=CARTESIAN_POINT('',(0.0085,-0.00387298334620742,-0.007));
#7384=CARTESIAN_POINT('',(0.001,0.00193649167310371,-0.007));
#7385=CARTESIAN_POINT('',(0.001,0.00387298334620742,-0.007));
#7386=CARTESIAN_POINT('',(0.0085,0.00387298334620742,-0.007));
#7387=CARTESIAN_POINT('',(0.0085,0.00387298334620742,-0.007));
#7388=CARTESIAN_POINT('',(0.0085,-0.00387298334620741,-0.007));
#7389=CARTESIAN_POINT('',(0.00886057692307692,0.,-0.00700000000000002));
#7390=CARTESIAN_POINT('',(0.0085,0.00387298334620741,-0.007));
#7391=CARTESIAN_POINT('',(-1.55431223447522E-18,-0.00387298334620742,-0.007));
#7392=CARTESIAN_POINT('',(0.001,-0.00492660164633317,-0.00572931173154723));
#7393=CARTESIAN_POINT('',(0.0085,-0.0075960995742515,-0.00250983490653392));
#7394=CARTESIAN_POINT('',(0.00870446620801747,-0.00573454146022946,-0.00475491745326696));
#7395=CARTESIAN_POINT('',(0.0085,-0.00387298334620743,-0.007));
#7396=CARTESIAN_POINT('',(0.0024,0.0028,0.0061));
#7397=CARTESIAN_POINT('',(0.00695,0.0014,0.0061));
#7398=CARTESIAN_POINT('',(0.00695,-0.0028,0.0061));
#7399=CARTESIAN_POINT('',(0.00695,0.0028,0.0061));
#7400=CARTESIAN_POINT('',(0.0024,0.0028,0.0061));
#7401=CARTESIAN_POINT('',(0.00874770583118847,0.0028,0.0061));
#7402=CARTESIAN_POINT('',(0.00874770583118847,0.0028,0.0061));
#7403=CARTESIAN_POINT('',(0.00886538461538461,0.00133313251239343,0.00610000000000001));
#7404=CARTESIAN_POINT('',(0.00886538461538461,1.20077312947047E-19,0.00610000000000001));
#7405=CARTESIAN_POINT('',(0.00886538461538461,-1.68959973861931E-19,0.0061));
#7406=CARTESIAN_POINT('',(0.00886538461538461,1.20077312947047E-19,0.00610000000000001));
#7407=CARTESIAN_POINT('',(0.00886538461538461,-0.00133313251239486,0.00610000000000001));
#7408=CARTESIAN_POINT('',(0.00874770583118821,-0.00280000000000332,0.0061));
#7409=CARTESIAN_POINT('',(0.00874770583118838,-0.0028000000000011,0.0061));
#7410=CARTESIAN_POINT('',(0.0024,-0.0028,0.0061));
#7411=CARTESIAN_POINT('',(0.0055,-0.0014,0.0063));
#7412=CARTESIAN_POINT('',(0.00405,-0.0028,0.0063));
#7413=CARTESIAN_POINT('',(0.00405,0.0028,0.0063));
#7414=CARTESIAN_POINT('',(0.00405,0.0028,0.0063));
#7415=CARTESIAN_POINT('',(0.00695,0.0028,0.0063));
#7416=CARTESIAN_POINT('',(0.00695,0.0028,0.0063));
#7417=CARTESIAN_POINT('',(0.00405,0.,0.0061));
#7418=CARTESIAN_POINT('',(0.00405,2.77555756156289E-19,0.0061));
#7419=CARTESIAN_POINT('',(0.00405,0.0028,0.0061));
#7420=CARTESIAN_POINT('',(0.00405,-0.0028,0.0061));
#7421=CARTESIAN_POINT('',(0.00405,0.0028,0.0061));
#7422=CARTESIAN_POINT('',(0.00405,-0.0028,0.0063));
#7423=CARTESIAN_POINT('',(0.00405,-0.0028,0.0063));
#7424=CARTESIAN_POINT('',(0.00405,-0.0028,0.0061));
#7425=CARTESIAN_POINT('',(0.00695,0.0028,0.0061));
#7426=CARTESIAN_POINT('',(0.00695,-0.0028,0.0061));
#7427=CARTESIAN_POINT('',(0.00695,-0.0028,0.0063));
#7428=CARTESIAN_POINT('',(0.00695,0.0028,0.0063));
#7429=CARTESIAN_POINT('',(0.00695,0.0028,0.0061));
#7430=CARTESIAN_POINT('',(0.0055,-0.0014,0.0063));
#7431=CARTESIAN_POINT('',(0.00695,-0.0028,0.0063));
#7432=CARTESIAN_POINT('',(0.009,0.,-5.70971841235794E-19));
#7433=CARTESIAN_POINT('',(0.0085,0.00387298334620743,-0.007));
#7434=CARTESIAN_POINT('',(0.00870446620801747,0.00573454146022946,-0.00475491745326696));
#7435=CARTESIAN_POINT('',(0.0085,0.0075960995742515,-0.00250983490653392));
#7436=CARTESIAN_POINT('',(0.00917650250649941,-0.0028,0.0035));
#7437=CARTESIAN_POINT('',(0.00926700720084491,-0.00204663335744543,0.0035));
#7438=CARTESIAN_POINT('',(0.00931265606216877,-0.00141226720482481,0.0035));
#7439=CARTESIAN_POINT('',(0.00917650250649933,-0.0028,0.00350000000000063));
#7440=CARTESIAN_POINT('',(0.00874770583118847,-0.0028,0.0061));
#7441=CARTESIAN_POINT('',(0.00902017038529207,-0.0028,0.00454105455416755));
#7442=CARTESIAN_POINT('',(0.00917650250649914,-0.0028,0.0035000000000019));
#7443=CARTESIAN_POINT('',(0.00917650250649914,0.0028,0.0035000000000019));
#7444=CARTESIAN_POINT('',(0.00902017038529207,0.0028,0.00454105455416754));
#7445=CARTESIAN_POINT('',(0.00874770583118848,0.0028,0.00609999999999998));
#7446=CARTESIAN_POINT('',(0.00917650250649933,0.0028,0.00350000000000063));
#7447=CARTESIAN_POINT('',(0.00931265606216877,0.00141226720482481,0.0035));
#7448=CARTESIAN_POINT('',(0.00926700720084492,0.00204663335744543,0.0035));
#7449=CARTESIAN_POINT('',(0.00917650250649941,0.0028,0.0035));
#7450=CARTESIAN_POINT('',(-5.57295300248376E-19,0.0075960995742515,-0.00250983490653392));
#7451=CARTESIAN_POINT('',(0.001,0.00678815976035522,-0.00348422918481419));
#7452=CARTESIAN_POINT('',(0.0024,0.0028,0.0035));
#7453=CARTESIAN_POINT('',(0.0024,0.0028,0.0035));
#7454=CARTESIAN_POINT('',(0.00221163997085126,0.0028,0.0035));
#7455=CARTESIAN_POINT('',(0.00221163997085126,0.0014,0.0035));
#7456=CARTESIAN_POINT('',(0.00221163997085126,-0.0028,0.0035));
#7457=CARTESIAN_POINT('',(0.0024,-0.0028,0.0035));
#7458=CARTESIAN_POINT('',(0.0024,-0.0028,0.0035));
#7459=CARTESIAN_POINT('',(0.0024,-0.0028,0.0061));
#7460=CARTESIAN_POINT('',(0.00221163997085126,-0.0028,0.0061));
#7461=CARTESIAN_POINT('',(0.00221163997085126,-0.0028,0.00200000177546985));
#7462=CARTESIAN_POINT('',(0.0024,0.0028,0.0035));
#7463=CARTESIAN_POINT('',(0.0024,0.0028,0.0061));
#7464=CARTESIAN_POINT('',(0.00221163997085126,0.0028,0.0061));
#7465=CARTESIAN_POINT('',(0.00221163997085126,0.0028,0.00200000177546985));
#7466=CARTESIAN_POINT('',(0.0024,0.0028,0.0061));
#7467=CARTESIAN_POINT('',(0.00221163997085126,0.0014,0.0061));
#7468=CARTESIAN_POINT('',(0.0143126560621688,-8.96578287577853E-20,-1.3010426069826E-18));
#7469=CARTESIAN_POINT('',(0.0143126560621688,0.00139271711502344,0.0034));
#7470=CARTESIAN_POINT('',(0.0143126560621688,-0.00139271711502344,0.0034));
#7471=CARTESIAN_POINT('',(0.0143126560621688,-2.16840434497101E-19,0.0034));
#7472=CARTESIAN_POINT('',(0.0160016560621688,-0.0021061336024124,0.0035));
#7473=CARTESIAN_POINT('',(0.00221163997085126,0.,0.0005));
#7474=CARTESIAN_POINT('',(0.001,0.,-0.000513296200109667));
#7475=CARTESIAN_POINT('',(0.001,0.0070948437356001,-0.0052564498595769));
#7476=CARTESIAN_POINT('',(0.001,0.00694276254248021,-0.00512656024991096));
#7477=CARTESIAN_POINT('',(0.001,0.00722473334526612,-0.00510436866645691));
#7478=CARTESIAN_POINT('',(0.001,0.0087455452764663,-0.00640326476311738));
#7479=CARTESIAN_POINT('',(0.001,0.0102663572076665,-0.00770216085977783));
#7480=CARTESIAN_POINT('',(0.001,0.0101364675980005,-0.00785424205289783));
#7481=CARTESIAN_POINT('',(0.001,0.0102885487911203,-0.00798413166256377));
#7482=CARTESIAN_POINT('',(0.001,0.00986596668406335,-0.00847891173925839));
#7483=CARTESIAN_POINT('',(0.001,0.00944338457700634,-0.008973691815953));
#7484=CARTESIAN_POINT('',(0.001,0.00929130338388646,-0.00884380220628706));
#7485=CARTESIAN_POINT('',(0.001,0.00916141377422042,-0.00899588339940707));
#7486=CARTESIAN_POINT('',(0.001,0.00764060184302026,-0.00769698730274658));
#7487=CARTESIAN_POINT('',(0.001,0.00611978991182008,-0.00639809120608611));
#7488=CARTESIAN_POINT('',(0.001,0.0062496795214861,-0.00624601001296613));
#7489=CARTESIAN_POINT('',(0.001,0.00609759832836609,-0.00611612040330009));
#7490=CARTESIAN_POINT('',(0.001,0.00652018043542321,-0.00562134032660558));
#7491=CARTESIAN_POINT('',(0.001,0.00512326503014926,-0.00719160817826442));
#7492=CARTESIAN_POINT('',(0.001,0.00501876531720615,-0.00702108014539374));
#7493=CARTESIAN_POINT('',(0.001,0.00529379306302005,-0.00708710846532125));
#7494=CARTESIAN_POINT('',(0.001,0.00633879019245204,-0.00879238879402957));
#7495=CARTESIAN_POINT('',(0.001,0.00738378732188404,-0.0104976691227379));
#7496=CARTESIAN_POINT('',(0.001,0.00721325928901322,-0.010602168835681));
#7497=CARTESIAN_POINT('',(0.001,0.00731775900195633,-0.0107726968685517));
#7498=CARTESIAN_POINT('',(0.001,0.00676296408319325,-0.0111126756320258));
#7499=CARTESIAN_POINT('',(0.001,0.00620816916443018,-0.0114526543954998));
#7500=CARTESIAN_POINT('',(0.001,0.00610366945148707,-0.0112821263626291));
#7501=CARTESIAN_POINT('',(0.001,0.00593314141861625,-0.0113866260755723));
#7502=CARTESIAN_POINT('',(0.001,0.0048881442891843,-0.009681345746864));
#7503=CARTESIAN_POINT('',(0.001,0.00384314715975231,-0.00797606541815568));
#7504=CARTESIAN_POINT('',(0.001,0.00401367519262311,-0.00787156570521251));
#7505=CARTESIAN_POINT('',(0.001,0.00390917547967992,-0.00770103767234169));
#7506=CARTESIAN_POINT('',(0.001,0.00446397039844307,-0.00736105890886778));
#7507=CARTESIAN_POINT('',(0.001,0.0083719297035274,-0.00280675360479429));
#7508=CARTESIAN_POINT('',(0.001,0.00818715379702528,-0.00273021691832133));
#7509=CARTESIAN_POINT('',(0.001,0.0084484663900004,-0.00262197769829205));
#7510=CARTESIAN_POINT('',(0.001,0.0102962254550231,-0.0033873445630223));
#7511=CARTESIAN_POINT('',(0.001,0.0121439845200458,-0.00415271142775251));
#7512=CARTESIAN_POINT('',(0.001,0.0120674478335728,-0.00433748733425476));
#7513=CARTESIAN_POINT('',(0.001,0.0122522237400749,-0.00441402402072772));
#7514=CARTESIAN_POINT('',(0.001,0.0120032197256654,-0.00501517288940054));
#7515=CARTESIAN_POINT('',(0.001,0.0117542157112559,-0.00561632175807335));
#7516=CARTESIAN_POINT('',(0.001,0.0115694398047538,-0.0055397850716004));
#7517=CARTESIAN_POINT('',(0.001,0.0114929031182808,-0.00572456097810266));
#7518=CARTESIAN_POINT('',(0.001,0.00964514405325806,-0.00495919411337239));
#7519=CARTESIAN_POINT('',(0.001,0.00779738498823534,-0.00419382724864215));
#7520=CARTESIAN_POINT('',(0.001,0.00787392167470835,-0.00400905134213992));
#7521=CARTESIAN_POINT('',(0.001,0.00768914576820609,-0.0039325146556669));
#7522=CARTESIAN_POINT('',(0.001,0.00793814978261576,-0.00333136578699414));
#7523=CARTESIAN_POINT('',(0.001,0.00882951286140926,-8.2312751372137E-5));
#7524=CARTESIAN_POINT('',(0.001,0.00863012939466279,-6.66209322265814E-5));
#7525=CARTESIAN_POINT('',(0.001,0.00884520468055483,0.000117070715374459));
#7526=CARTESIAN_POINT('',(0.001,0.0108390393480212,-3.98474760812432E-5));
#7527=CARTESIAN_POINT('',(0.001,0.0128328740154877,-0.000196765667536917));
#7528=CARTESIAN_POINT('',(0.001,0.0128171821963421,-0.000396149134283541));
#7529=CARTESIAN_POINT('',(0.001,0.0130165656630885,-0.000411840953429102));
#7530=CARTESIAN_POINT('',(0.001,0.0129655139891699,-0.00106051397436397));
#7531=CARTESIAN_POINT('',(0.001,0.0129144623152512,-0.00170918699529884));
#7532=CARTESIAN_POINT('',(0.001,0.0127150788485048,-0.00169349517615328));
#7533=CARTESIAN_POINT('',(0.001,0.0126993870293592,-0.0018928786428999));
#7534=CARTESIAN_POINT('',(0.001,0.0107055523618928,-0.00173596045144418));
#7535=CARTESIAN_POINT('',(0.001,0.00871171769442638,-0.00157904225998847));
#7536=CARTESIAN_POINT('',(0.001,0.00872740951357195,-0.00137965879324188));
#7537=CARTESIAN_POINT('',(0.001,0.00852802604682532,-0.00136396697409631));
#7538=CARTESIAN_POINT('',(0.001,0.00857907772074413,-0.000715293953161451));
#7539=CARTESIAN_POINT('',(0.001,0.00265018544766098,-0.0084228017815829));
#7540=CARTESIAN_POINT('',(0.001,0.00260349637488983,-0.00822832779750351));
#7541=CARTESIAN_POINT('',(0.001,0.00284465943174048,-0.00837611270881172));
#7542=CARTESIAN_POINT('',(0.001,0.00331155015945233,-0.0103208525496072));
#7543=CARTESIAN_POINT('',(0.001,0.00377844088716421,-0.0122655923904027));
#7544=CARTESIAN_POINT('',(0.001,0.00358396690308466,-0.0123122814631739));
#7545=CARTESIAN_POINT('',(0.001,0.00363065597585581,-0.0125067554472533));
#7546=CARTESIAN_POINT('',(0.001,0.00299795543751869,-0.0126586534073666));
#7547=CARTESIAN_POINT('',(0.001,0.00236525489918157,-0.0128105513674799));
#7548=CARTESIAN_POINT('',(0.001,0.00231856582641042,-0.0126160773834005));
#7549=CARTESIAN_POINT('',(0.001,0.00212409184233088,-0.0126627664561717));
#7550=CARTESIAN_POINT('',(0.001,0.00165720111461907,-0.0107180266153762));
#7551=CARTESIAN_POINT('',(0.001,0.00119031038690722,-0.00877328677458067));
#7552=CARTESIAN_POINT('',(0.001,0.00138478437098673,-0.00872659770180949));
#7553=CARTESIAN_POINT('',(0.001,0.00133809529821555,-0.00853212371772996));
#7554=CARTESIAN_POINT('',(0.001,0.0019707958365527,-0.00838022575761681));
#7555=CARTESIAN_POINT('',(0.001,-8.23127513721387E-5,-0.00882951286140926));
#7556=CARTESIAN_POINT('',(0.001,-6.66209322265832E-5,-0.00863012939466279));
#7557=CARTESIAN_POINT('',(0.001,0.000117070715374458,-0.00884520468055483));
#7558=CARTESIAN_POINT('',(0.001,-3.98474760812452E-5,-0.0108390393480212));
#7559=CARTESIAN_POINT('',(0.001,-0.000196765667536919,-0.0128328740154877));
#7560=CARTESIAN_POINT('',(0.001,-0.000396149134283549,-0.0128171821963421));
#7561=CARTESIAN_POINT('',(0.001,-0.000411840953429102,-0.0130165656630886));
#7562=CARTESIAN_POINT('',(0.001,-0.00106051397436397,-0.0129655139891699));
#7563=CARTESIAN_POINT('',(0.001,-0.00170918699529885,-0.0129144623152514));
#7564=CARTESIAN_POINT('',(0.001,-0.00169349517615328,-0.0127150788485048));
#7565=CARTESIAN_POINT('',(0.001,-0.00189287864289991,-0.0126993870293592));
#7566=CARTESIAN_POINT('',(0.001,-0.00173596045144418,-0.0107055523618928));
#7567=CARTESIAN_POINT('',(0.001,-0.00157904225998847,-0.00871171769442638));
#7568=CARTESIAN_POINT('',(0.001,-0.00137965879324188,-0.00872740951357195));
#7569=CARTESIAN_POINT('',(0.001,-0.00136396697409631,-0.00852802604682532));
#7570=CARTESIAN_POINT('',(0.001,-0.000715293953161452,-0.00857907772074413));
#7571=CARTESIAN_POINT('',(0.001,-0.0052564498595769,-0.0070948437356001));
#7572=CARTESIAN_POINT('',(0.001,-0.00512656024991096,-0.00694276254248021));
#7573=CARTESIAN_POINT('',(0.001,-0.00510436866645692,-0.00722473334526612));
#7574=CARTESIAN_POINT('',(0.001,-0.00640326476311739,-0.0087455452764663));
#7575=CARTESIAN_POINT('',(0.001,-0.00770216085977783,-0.0102663572076665));
#7576=CARTESIAN_POINT('',(0.001,-0.00785424205289784,-0.0101364675980005));
#7577=CARTESIAN_POINT('',(0.001,-0.00798413166256378,-0.0102885487911203));
#7578=CARTESIAN_POINT('',(0.001,-0.00847891173925839,-0.00986596668406334));
#7579=CARTESIAN_POINT('',(0.001,-0.00897369181595301,-0.00944338457700634));
#7580=CARTESIAN_POINT('',(0.001,-0.00884380220628707,-0.00929130338388645));
#7581=CARTESIAN_POINT('',(0.001,-0.00899588339940707,-0.00916141377422042));
#7582=CARTESIAN_POINT('',(0.001,-0.00769698730274658,-0.00764060184302026));
#7583=CARTESIAN_POINT('',(0.001,-0.00639809120608611,-0.00611978991182008));
#7584=CARTESIAN_POINT('',(0.001,-0.00624601001296613,-0.0062496795214861));
#7585=CARTESIAN_POINT('',(0.001,-0.00611612040330009,-0.00609759832836609));
#7586=CARTESIAN_POINT('',(0.001,-0.00562134032660558,-0.00652018043542321));
#7587=CARTESIAN_POINT('',(0.001,-0.00280675360479429,-0.0083719297035274));
#7588=CARTESIAN_POINT('',(0.001,-0.00273021691832133,-0.00818715379702528));
#7589=CARTESIAN_POINT('',(0.001,-0.00262197769829205,-0.0084484663900004));
#7590=CARTESIAN_POINT('',(0.001,-0.0033873445630223,-0.0102962254550231));
#7591=CARTESIAN_POINT('',(0.001,-0.00415271142775251,-0.0121439845200458));
#7592=CARTESIAN_POINT('',(0.001,-0.00433748733425476,-0.0120674478335728));
#7593=CARTESIAN_POINT('',(0.001,-0.00441402402072773,-0.0122522237400749));
#7594=CARTESIAN_POINT('',(0.001,-0.00501517288940055,-0.0120032197256654));
#7595=CARTESIAN_POINT('',(0.001,-0.00561632175807336,-0.0117542157112559));
#7596=CARTESIAN_POINT('',(0.001,-0.0055397850716004,-0.0115694398047538));
#7597=CARTESIAN_POINT('',(0.001,-0.00572456097810266,-0.0114929031182808));
#7598=CARTESIAN_POINT('',(0.001,-0.00495919411337239,-0.00964514405325806));
#7599=CARTESIAN_POINT('',(0.001,-0.00419382724864215,-0.00779738498823535));
#7600=CARTESIAN_POINT('',(0.001,-0.00400905134213993,-0.00787392167470835));
#7601=CARTESIAN_POINT('',(0.001,-0.00393251465566691,-0.00768914576820609));
#7602=CARTESIAN_POINT('',(0.001,-0.00333136578699415,-0.00793814978261576));
#7603=CARTESIAN_POINT('',(0.001,-0.00265018544766098,0.0084228017815829));
#7604=CARTESIAN_POINT('',(0.001,-0.00260349637488983,0.00822832779750351));
#7605=CARTESIAN_POINT('',(0.001,-0.00284465943174048,0.00837611270881172));
#7606=CARTESIAN_POINT('',(0.001,-0.00331155015945233,0.0103208525496072));
#7607=CARTESIAN_POINT('',(0.001,-0.00377844088716421,0.0122655923904027));
#7608=CARTESIAN_POINT('',(0.001,-0.00358396690308467,0.0123122814631739));
#7609=CARTESIAN_POINT('',(0.001,-0.00363065597585581,0.0125067554472533));
#7610=CARTESIAN_POINT('',(0.001,-0.00299795543751869,0.0126586534073666));
#7611=CARTESIAN_POINT('',(0.001,-0.00236525489918157,0.0128105513674799));
#7612=CARTESIAN_POINT('',(0.001,-0.00231856582641042,0.0126160773834005));
#7613=CARTESIAN_POINT('',(0.001,-0.00212409184233089,0.0126627664561717));
#7614=CARTESIAN_POINT('',(0.001,-0.00165720111461907,0.0107180266153762));
#7615=CARTESIAN_POINT('',(0.001,-0.00119031038690722,0.00877328677458066));
#7616=CARTESIAN_POINT('',(0.001,-0.00138478437098673,0.00872659770180949));
#7617=CARTESIAN_POINT('',(0.001,-0.00133809529821555,0.00853212371772996));
#7618=CARTESIAN_POINT('',(0.001,-0.00197079583655271,0.00838022575761681));
#7619=CARTESIAN_POINT('',(0.001,0.00280675360479429,0.0083719297035274));
#7620=CARTESIAN_POINT('',(0.001,0.00273021691832133,0.00818715379702528));
#7621=CARTESIAN_POINT('',(0.001,0.00262197769829205,0.0084484663900004));
#7622=CARTESIAN_POINT('',(0.001,0.0033873445630223,0.0102962254550231));
#7623=CARTESIAN_POINT('',(0.001,0.00415271142775251,0.0121439845200458));
#7624=CARTESIAN_POINT('',(0.001,0.00433748733425476,0.0120674478335728));
#7625=CARTESIAN_POINT('',(0.001,0.00441402402072772,0.0122522237400749));
#7626=CARTESIAN_POINT('',(0.001,0.00501517288940054,0.0120032197256654));
#7627=CARTESIAN_POINT('',(0.001,0.00561632175807336,0.0117542157112559));
#7628=CARTESIAN_POINT('',(0.001,0.0055397850716004,0.0115694398047538));
#7629=CARTESIAN_POINT('',(0.001,0.00572456097810266,0.0114929031182808));
#7630=CARTESIAN_POINT('',(0.001,0.00495919411337239,0.00964514405325806));
#7631=CARTESIAN_POINT('',(0.001,0.00419382724864215,0.00779738498823535));
#7632=CARTESIAN_POINT('',(0.001,0.00400905134213992,0.00787392167470835));
#7633=CARTESIAN_POINT('',(0.001,0.00393251465566691,0.00768914576820609));
#7634=CARTESIAN_POINT('',(0.001,0.00333136578699414,0.00793814978261576));
#7635=CARTESIAN_POINT('',(0.001,-0.0070948437356001,0.0052564498595769));
#7636=CARTESIAN_POINT('',(0.001,-0.00694276254248021,0.00512656024991096));
#7637=CARTESIAN_POINT('',(0.001,-0.00722473334526612,0.00510436866645691));
#7638=CARTESIAN_POINT('',(0.001,-0.00874554527646631,0.00640326476311738));
#7639=CARTESIAN_POINT('',(0.001,-0.0102663572076665,0.00770216085977783));
#7640=CARTESIAN_POINT('',(0.001,-0.0101364675980005,0.00785424205289784));
#7641=CARTESIAN_POINT('',(0.001,-0.0102885487911203,0.00798413166256377));
#7642=CARTESIAN_POINT('',(0.001,-0.00986596668406335,0.00847891173925839));
#7643=CARTESIAN_POINT('',(0.001,-0.00944338457700634,0.008973691815953));
#7644=CARTESIAN_POINT('',(0.001,-0.00929130338388645,0.00884380220628707));
#7645=CARTESIAN_POINT('',(0.001,-0.00916141377422042,0.00899588339940707));
#7646=CARTESIAN_POINT('',(0.001,-0.00764060184302026,0.00769698730274658));
#7647=CARTESIAN_POINT('',(0.001,-0.00611978991182008,0.00639809120608611));
#7648=CARTESIAN_POINT('',(0.001,-0.0062496795214861,0.00624601001296613));
#7649=CARTESIAN_POINT('',(0.001,-0.00609759832836609,0.00611612040330009));
#7650=CARTESIAN_POINT('',(0.001,-0.00652018043542321,0.00562134032660558));
#7651=CARTESIAN_POINT('',(0.001,-0.00512326503014926,0.00719160817826442));
#7652=CARTESIAN_POINT('',(0.001,-0.00501876531720615,0.00702108014539374));
#7653=CARTESIAN_POINT('',(0.001,-0.00529379306302005,0.00708710846532125));
#7654=CARTESIAN_POINT('',(0.001,-0.00633879019245204,0.00879238879402957));
#7655=CARTESIAN_POINT('',(0.001,-0.00738378732188404,0.0104976691227379));
#7656=CARTESIAN_POINT('',(0.001,-0.00721325928901322,0.010602168835681));
#7657=CARTESIAN_POINT('',(0.001,-0.00731775900195633,0.0107726968685517));
#7658=CARTESIAN_POINT('',(0.001,-0.00676296408319325,0.0111126756320258));
#7659=CARTESIAN_POINT('',(0.001,-0.00620816916443018,0.0114526543954998));
#7660=CARTESIAN_POINT('',(0.001,-0.00610366945148706,0.0112821263626291));
#7661=CARTESIAN_POINT('',(0.001,-0.00593314141861625,0.0113866260755723));
#7662=CARTESIAN_POINT('',(0.001,-0.0048881442891843,0.009681345746864));
#7663=CARTESIAN_POINT('',(0.001,-0.00384314715975232,0.00797606541815568));
#7664=CARTESIAN_POINT('',(0.001,-0.00401367519262311,0.00787156570521251));
#7665=CARTESIAN_POINT('',(0.001,-0.00390917547967992,0.00770103767234169));
#7666=CARTESIAN_POINT('',(0.001,-0.00446397039844307,0.00736105890886778));
#7667=CARTESIAN_POINT('',(0.001,-0.0083719297035274,0.00280675360479429));
#7668=CARTESIAN_POINT('',(0.001,-0.00818715379702528,0.00273021691832132));
#7669=CARTESIAN_POINT('',(0.001,-0.0084484663900004,0.00262197769829205));
#7670=CARTESIAN_POINT('',(0.001,-0.0102962254550231,0.0033873445630223));
#7671=CARTESIAN_POINT('',(0.001,-0.0121439845200458,0.00415271142775251));
#7672=CARTESIAN_POINT('',(0.001,-0.0120674478335728,0.00433748733425476));
#7673=CARTESIAN_POINT('',(0.001,-0.0122522237400749,0.00441402402072773));
#7674=CARTESIAN_POINT('',(0.001,-0.0120032197256654,0.00501517288940055));
#7675=CARTESIAN_POINT('',(0.001,-0.0117542157112559,0.00561632175807336));
#7676=CARTESIAN_POINT('',(0.001,-0.0115694398047538,0.0055397850716004));
#7677=CARTESIAN_POINT('',(0.001,-0.0114929031182808,0.00572456097810266));
#7678=CARTESIAN_POINT('',(0.001,-0.00964514405325806,0.00495919411337239));
#7679=CARTESIAN_POINT('',(0.001,-0.00779738498823534,0.00419382724864215));
#7680=CARTESIAN_POINT('',(0.001,-0.00787392167470835,0.00400905134213993));
#7681=CARTESIAN_POINT('',(0.001,-0.00768914576820609,0.00393251465566691));
#7682=CARTESIAN_POINT('',(0.001,-0.00793814978261576,0.00333136578699414));
#7683=CARTESIAN_POINT('',(0.001,-0.00882951286140926,8.23127513721381E-5));
#7684=CARTESIAN_POINT('',(0.001,-0.00863012939466279,6.66209322265825E-5));
#7685=CARTESIAN_POINT('',(0.001,-0.00884520468055483,-0.000117070715374458));
#7686=CARTESIAN_POINT('',(0.001,-0.0108390393480212,3.98474760812444E-5));
#7687=CARTESIAN_POINT('',(0.001,-0.0128328740154877,0.000196765667536919));
#7688=CARTESIAN_POINT('',(0.001,-0.0128171821963421,0.000396149134283543));
#7689=CARTESIAN_POINT('',(0.001,-0.0130165656630885,0.000411840953429103));
#7690=CARTESIAN_POINT('',(0.001,-0.0129655139891699,0.00106051397436397));
#7691=CARTESIAN_POINT('',(0.001,-0.0129144623152512,0.00170918699529884));
#7692=CARTESIAN_POINT('',(0.001,-0.0127150788485048,0.00169349517615328));
#7693=CARTESIAN_POINT('',(0.001,-0.0126993870293592,0.00189287864289991));
#7694=CARTESIAN_POINT('',(0.001,-0.0107055523618928,0.00173596045144418));
#7695=CARTESIAN_POINT('',(0.001,-0.00871171769442638,0.00157904225998847));
#7696=CARTESIAN_POINT('',(0.001,-0.00872740951357195,0.00137965879324188));
#7697=CARTESIAN_POINT('',(0.001,-0.00852802604682532,0.00136396697409631));
#7698=CARTESIAN_POINT('',(0.001,-0.00857907772074413,0.000715293953161452));
#7699=CARTESIAN_POINT('',(0.001,-0.0084228017815829,-0.00265018544766098));
#7700=CARTESIAN_POINT('',(0.001,-0.00822832779750351,-0.00260349637488983));
#7701=CARTESIAN_POINT('',(0.001,-0.00837611270881172,-0.00284465943174048));
#7702=CARTESIAN_POINT('',(0.001,-0.0103208525496072,-0.00331155015945233));
#7703=CARTESIAN_POINT('',(0.001,-0.0122655923904027,-0.00377844088716421));
#7704=CARTESIAN_POINT('',(0.001,-0.0123122814631739,-0.00358396690308467));
#7705=CARTESIAN_POINT('',(0.001,-0.0125067554472533,-0.00363065597585581));
#7706=CARTESIAN_POINT('',(0.001,-0.0126586534073666,-0.00299795543751869));
#7707=CARTESIAN_POINT('',(0.001,-0.0128105513674799,-0.00236525489918156));
#7708=CARTESIAN_POINT('',(0.001,-0.0126160773834005,-0.00231856582641043));
#7709=CARTESIAN_POINT('',(0.001,-0.0126627664561717,-0.00212409184233089));
#7710=CARTESIAN_POINT('',(0.001,-0.0107180266153762,-0.00165720111461907));
#7711=CARTESIAN_POINT('',(0.001,-0.00877328677458067,-0.00119031038690722));
#7712=CARTESIAN_POINT('',(0.001,-0.00872659770180949,-0.00138478437098673));
#7713=CARTESIAN_POINT('',(0.001,-0.00853212371772996,-0.00133809529821555));
#7714=CARTESIAN_POINT('',(0.001,-0.00838022575761681,-0.00197079583655271));
#7715=CARTESIAN_POINT('',(0.001,-0.00719160817826442,-0.00512326503014926));
#7716=CARTESIAN_POINT('',(0.001,-0.00702108014539374,-0.00501876531720615));
#7717=CARTESIAN_POINT('',(0.001,-0.00708710846532125,-0.00529379306302005));
#7718=CARTESIAN_POINT('',(0.001,-0.00879238879402957,-0.00633879019245203));
#7719=CARTESIAN_POINT('',(0.001,-0.0104976691227379,-0.00738378732188404));
#7720=CARTESIAN_POINT('',(0.001,-0.010602168835681,-0.00721325928901322));
#7721=CARTESIAN_POINT('',(0.001,-0.0107726968685517,-0.00731775900195632));
#7722=CARTESIAN_POINT('',(0.001,-0.0111126756320258,-0.00676296408319325));
#7723=CARTESIAN_POINT('',(0.001,-0.0114526543954998,-0.00620816916443017));
#7724=CARTESIAN_POINT('',(0.001,-0.0112821263626291,-0.00610366945148706));
#7725=CARTESIAN_POINT('',(0.001,-0.0113866260755723,-0.00593314141861625));
#7726=CARTESIAN_POINT('',(0.001,-0.009681345746864,-0.00488814428918429));
#7727=CARTESIAN_POINT('',(0.001,-0.00797606541815568,-0.00384314715975231));
#7728=CARTESIAN_POINT('',(0.001,-0.00787156570521251,-0.0040136751926231));
#7729=CARTESIAN_POINT('',(0.001,-0.00770103767234169,-0.00390917547967992));
#7730=CARTESIAN_POINT('',(0.001,-0.00736105890886778,-0.00446397039844307));
#7731=CARTESIAN_POINT('',(0.001,0.0052564498595769,0.0070948437356001));
#7732=CARTESIAN_POINT('',(0.001,0.00512656024991096,0.00694276254248021));
#7733=CARTESIAN_POINT('',(0.001,0.00510436866645691,0.00722473334526612));
#7734=CARTESIAN_POINT('',(0.001,0.00640326476311738,0.0087455452764663));
#7735=CARTESIAN_POINT('',(0.001,0.00770216085977783,0.0102663572076665));
#7736=CARTESIAN_POINT('',(0.001,0.00785424205289784,0.0101364675980005));
#7737=CARTESIAN_POINT('',(0.001,0.00798413166256377,0.0102885487911203));
#7738=CARTESIAN_POINT('',(0.001,0.00847891173925839,0.00986596668406335));
#7739=CARTESIAN_POINT('',(0.001,0.008973691815953,0.00944338457700634));
#7740=CARTESIAN_POINT('',(0.001,0.00884380220628707,0.00929130338388645));
#7741=CARTESIAN_POINT('',(0.001,0.00899588339940707,0.00916141377422042));
#7742=CARTESIAN_POINT('',(0.001,0.00769698730274658,0.00764060184302026));
#7743=CARTESIAN_POINT('',(0.001,0.00639809120608611,0.00611978991182008));
#7744=CARTESIAN_POINT('',(0.001,0.00624601001296613,0.0062496795214861));
#7745=CARTESIAN_POINT('',(0.001,0.00611612040330009,0.00609759832836609));
#7746=CARTESIAN_POINT('',(0.001,0.00562134032660558,0.00652018043542321));
#7747=CARTESIAN_POINT('',(0.001,0.00719160817826442,0.00512326503014926));
#7748=CARTESIAN_POINT('',(0.001,0.00702108014539374,0.00501876531720615));
#7749=CARTESIAN_POINT('',(0.001,0.00708710846532125,0.00529379306302005));
#7750=CARTESIAN_POINT('',(0.001,0.00879238879402957,0.00633879019245203));
#7751=CARTESIAN_POINT('',(0.001,0.0104976691227379,0.00738378732188404));
#7752=CARTESIAN_POINT('',(0.001,0.010602168835681,0.00721325928901322));
#7753=CARTESIAN_POINT('',(0.001,0.0107726968685517,0.00731775900195633));
#7754=CARTESIAN_POINT('',(0.001,0.0111126756320258,0.00676296408319325));
#7755=CARTESIAN_POINT('',(0.001,0.0114526543954998,0.00620816916443018));
#7756=CARTESIAN_POINT('',(0.001,0.0112821263626291,0.00610366945148706));
#7757=CARTESIAN_POINT('',(0.001,0.0113866260755723,0.00593314141861625));
#7758=CARTESIAN_POINT('',(0.001,0.009681345746864,0.0048881442891843));
#7759=CARTESIAN_POINT('',(0.001,0.00797606541815568,0.00384314715975231));
#7760=CARTESIAN_POINT('',(0.001,0.00787156570521251,0.00401367519262311));
#7761=CARTESIAN_POINT('',(0.001,0.00770103767234169,0.00390917547967992));
#7762=CARTESIAN_POINT('',(0.001,0.00736105890886778,0.00446397039844307));
#7763=CARTESIAN_POINT('',(0.001,0.0084228017815829,0.00265018544766098));
#7764=CARTESIAN_POINT('',(0.001,0.00822832779750351,0.00260349637488983));
#7765=CARTESIAN_POINT('',(0.001,0.00837611270881172,0.00284465943174048));
#7766=CARTESIAN_POINT('',(0.001,0.0103208525496072,0.00331155015945233));
#7767=CARTESIAN_POINT('',(0.001,0.0122655923904027,0.00377844088716421));
#7768=CARTESIAN_POINT('',(0.001,0.0123122814631739,0.00358396690308467));
#7769=CARTESIAN_POINT('',(0.001,0.0125067554472533,0.00363065597585581));
#7770=CARTESIAN_POINT('',(0.001,0.0126586534073666,0.00299795543751869));
#7771=CARTESIAN_POINT('',(0.001,0.0128105513674799,0.00236525489918156));
#7772=CARTESIAN_POINT('',(0.001,0.0126160773834005,0.00231856582641043));
#7773=CARTESIAN_POINT('',(0.001,0.0126627664561717,0.00212409184233089));
#7774=CARTESIAN_POINT('',(0.001,0.0107180266153762,0.00165720111461908));
#7775=CARTESIAN_POINT('',(0.001,0.00877328677458066,0.00119031038690722));
#7776=CARTESIAN_POINT('',(0.001,0.00872659770180949,0.00138478437098673));
#7777=CARTESIAN_POINT('',(0.001,0.00853212371772996,0.00133809529821555));
#7778=CARTESIAN_POINT('',(0.001,0.00838022575761681,0.00197079583655271));
#7779=CARTESIAN_POINT('',(0.001,8.23127513721375E-5,0.00882951286140926));
#7780=CARTESIAN_POINT('',(0.001,6.66209322265823E-5,0.00863012939466279));
#7781=CARTESIAN_POINT('',(0.001,-0.000117070715374459,0.00884520468055483));
#7782=CARTESIAN_POINT('',(0.001,3.98474760812437E-5,0.0108390393480212));
#7783=CARTESIAN_POINT('',(0.001,0.000196765667536918,0.0128328740154877));
#7784=CARTESIAN_POINT('',(0.001,0.000396149134283547,0.0128171821963421));
#7785=CARTESIAN_POINT('',(0.001,0.000411840953429103,0.0130165656630885));
#7786=CARTESIAN_POINT('',(0.001,0.00106051397436397,0.0129655139891699));
#7787=CARTESIAN_POINT('',(0.001,0.00170918699529884,0.0129144623152512));
#7788=CARTESIAN_POINT('',(0.001,0.00169349517615329,0.0127150788485048));
#7789=CARTESIAN_POINT('',(0.001,0.0018928786428999,0.0126993870293592));
#7790=CARTESIAN_POINT('',(0.001,0.00173596045144418,0.0107055523618928));
#7791=CARTESIAN_POINT('',(0.001,0.00157904225998847,0.00871171769442638));
#7792=CARTESIAN_POINT('',(0.001,0.00137965879324188,0.00872740951357195));
#7793=CARTESIAN_POINT('',(0.001,0.00136396697409631,0.00852802604682532));
#7794=CARTESIAN_POINT('',(0.001,0.000715293953161452,0.00857907772074413));
#7795=CARTESIAN_POINT('',(0.001,0.,8.57252759403147E-19));
#7796=CARTESIAN_POINT('',(0.001,0.,-0.014));
#7797=CARTESIAN_POINT('',(0.001,0.,8.57252759403147E-19));
#7798=CARTESIAN_POINT('',(-0.001002,0.00105655086020198,0.00201747118560195));
#7799=CARTESIAN_POINT('',(-0.001002,0.000543372665577187,0.00256577570454124));
#7800=CARTESIAN_POINT('',(-0.001002,0.00156972905482677,0.00146916666666266));
#7801=CARTESIAN_POINT('',(-0.001002,0.000543372665577187,0.00256577570454124));
#7802=CARTESIAN_POINT('',(-0.001002,5.2914487028155E-15,0.00256577570454124));
#7803=CARTESIAN_POINT('',(-0.001002,-0.000543372665566604,0.00256577570454124));
#7804=CARTESIAN_POINT('',(-0.001002,5.2914487028155E-15,0.00256577570454124));
#7805=CARTESIAN_POINT('',(-0.001002,-0.000543372665566604,0.00256577570454124));
#7806=CARTESIAN_POINT('',(-0.001002,-0.00105655086019292,0.00201747118560597));
#7807=CARTESIAN_POINT('',(-0.001002,-0.00156972905481924,0.0014691666666707));
#7808=CARTESIAN_POINT('',(-0.001002,0.,-1.62630325872825E-18));
#7809=CARTESIAN_POINT('',(-0.001002,0.00127589653074548,-0.00173048780487805));
#7810=CARTESIAN_POINT('',(-0.001002,0.000991406088079257,-0.00194024390243902));
#7811=CARTESIAN_POINT('',(-0.001002,0.000706915645413036,-0.00215));
#7812=CARTESIAN_POINT('',(-0.001002,1.95156391047391E-18,-0.00215));
#7813=CARTESIAN_POINT('',(-0.001002,-0.000706915645413032,-0.00215));
#7814=CARTESIAN_POINT('',(-0.001002,-0.000991406088079254,-0.00194024390243902));
#7815=CARTESIAN_POINT('',(-0.001002,-0.00127589653074548,-0.00173048780487805));
#7816=CARTESIAN_POINT('',(-0.001002,0.,-1.62630325872825E-18));
#7817=CARTESIAN_POINT('',(0.0160016560621688,8.23127513721375E-5,0.00882951286140926));
#7818=CARTESIAN_POINT('',(0.0160016560621688,6.66209322265823E-5,0.00863012939466279));
#7819=CARTESIAN_POINT('',(0.0160016560621688,-0.000117070715374459,0.00884520468055483));
#7820=CARTESIAN_POINT('',(0.0160016560621688,3.98474760812437E-5,0.0108390393480212));
#7821=CARTESIAN_POINT('',(0.0160016560621688,0.000196765667536918,0.0128328740154877));
#7822=CARTESIAN_POINT('',(0.0160016560621688,0.000396149134283547,0.0128171821963421));
#7823=CARTESIAN_POINT('',(0.0160016560621688,0.000411840953429103,0.0130165656630885));
#7824=CARTESIAN_POINT('',(0.0160016560621688,0.00106051397436397,0.0129655139891699));
#7825=CARTESIAN_POINT('',(0.0160016560621688,0.00170918699529884,0.0129144623152512));
#7826=CARTESIAN_POINT('',(0.0160016560621688,0.00169349517615329,0.0127150788485048));
#7827=CARTESIAN_POINT('',(0.0160016560621688,0.0018928786428999,0.0126993870293592));
#7828=CARTESIAN_POINT('',(0.0160016560621688,0.000715293953161452,0.00857907772074413));
#7829=CARTESIAN_POINT('',(0.0160016560621688,0.00136396697409631,0.00852802604682532));
#7830=CARTESIAN_POINT('',(0.0160016560621688,0.00173596045144418,0.0107055523618928));
#7831=CARTESIAN_POINT('',(0.0160016560621688,0.00157904225998847,0.00871171769442638));
#7832=CARTESIAN_POINT('',(0.0160016560621688,0.00137965879324188,0.00872740951357195));
#7833=CARTESIAN_POINT('',(0.0160016560621688,0.0084228017815829,0.00265018544766098));
#7834=CARTESIAN_POINT('',(0.0160016560621688,0.00822832779750351,0.00260349637488983));
#7835=CARTESIAN_POINT('',(0.0160016560621688,0.00837611270881172,0.00284465943174048));
#7836=CARTESIAN_POINT('',(0.0160016560621688,0.0103208525496072,0.00331155015945233));
#7837=CARTESIAN_POINT('',(0.0160016560621688,0.0122655923904027,0.00377844088716421));
#7838=CARTESIAN_POINT('',(0.0160016560621688,0.0123122814631739,0.00358396690308467));
#7839=CARTESIAN_POINT('',(0.0160016560621688,0.0125067554472533,0.00363065597585581));
#7840=CARTESIAN_POINT('',(0.0160016560621688,0.0126586534073666,0.00299795543751869));
#7841=CARTESIAN_POINT('',(0.0160016560621688,0.0128105513674799,0.00236525489918156));
#7842=CARTESIAN_POINT('',(0.0160016560621688,0.0126160773834005,0.00231856582641043));
#7843=CARTESIAN_POINT('',(0.0160016560621688,0.0126627664561717,0.00212409184233089));
#7844=CARTESIAN_POINT('',(0.0160016560621688,0.00838022575761681,0.00197079583655271));
#7845=CARTESIAN_POINT('',(0.0160016560621688,0.00853212371772996,0.00133809529821555));
#7846=CARTESIAN_POINT('',(0.0160016560621688,0.0107180266153762,0.00165720111461908));
#7847=CARTESIAN_POINT('',(0.0160016560621688,0.00877328677458066,0.00119031038690722));
#7848=CARTESIAN_POINT('',(0.0160016560621688,0.00872659770180949,0.00138478437098673));
#7849=CARTESIAN_POINT('',(0.0160016560621688,0.00719160817826442,0.00512326503014926));
#7850=CARTESIAN_POINT('',(0.0160016560621688,0.00702108014539374,0.00501876531720615));
#7851=CARTESIAN_POINT('',(0.0160016560621688,0.00708710846532125,0.00529379306302005));
#7852=CARTESIAN_POINT('',(0.0160016560621688,0.00879238879402957,0.00633879019245203));
#7853=CARTESIAN_POINT('',(0.0160016560621688,0.0104976691227379,0.00738378732188404));
#7854=CARTESIAN_POINT('',(0.0160016560621688,0.010602168835681,0.00721325928901322));
#7855=CARTESIAN_POINT('',(0.0160016560621688,0.0107726968685517,0.00731775900195633));
#7856=CARTESIAN_POINT('',(0.0160016560621688,0.0111126756320258,0.00676296408319325));
#7857=CARTESIAN_POINT('',(0.0160016560621688,0.0114526543954998,0.00620816916443018));
#7858=CARTESIAN_POINT('',(0.0160016560621688,0.0112821263626291,0.00610366945148706));
#7859=CARTESIAN_POINT('',(0.0160016560621688,0.0113866260755723,0.00593314141861625));
#7860=CARTESIAN_POINT('',(0.0160016560621688,0.00736105890886778,0.00446397039844307));
#7861=CARTESIAN_POINT('',(0.0160016560621688,0.00770103767234169,0.00390917547967992));
#7862=CARTESIAN_POINT('',(0.0160016560621688,0.009681345746864,0.0048881442891843));
#7863=CARTESIAN_POINT('',(0.0160016560621688,0.00797606541815568,0.00384314715975231));
#7864=CARTESIAN_POINT('',(0.0160016560621688,0.00787156570521251,0.00401367519262311));
#7865=CARTESIAN_POINT('',(0.0160016560621688,0.0052564498595769,0.0070948437356001));
#7866=CARTESIAN_POINT('',(0.0160016560621688,0.00512656024991096,0.00694276254248021));
#7867=CARTESIAN_POINT('',(0.0160016560621688,0.00510436866645691,0.00722473334526612));
#7868=CARTESIAN_POINT('',(0.0160016560621688,0.00640326476311738,0.0087455452764663));
#7869=CARTESIAN_POINT('',(0.0160016560621688,0.00770216085977783,0.0102663572076665));
#7870=CARTESIAN_POINT('',(0.0160016560621688,0.00785424205289784,0.0101364675980005));
#7871=CARTESIAN_POINT('',(0.0160016560621688,0.00798413166256377,0.0102885487911203));
#7872=CARTESIAN_POINT('',(0.0160016560621688,0.00847891173925839,0.00986596668406335));
#7873=CARTESIAN_POINT('',(0.0160016560621688,0.008973691815953,0.00944338457700634));
#7874=CARTESIAN_POINT('',(0.0160016560621688,0.00884380220628707,0.00929130338388645));
#7875=CARTESIAN_POINT('',(0.0160016560621688,0.00899588339940707,0.00916141377422042));
#7876=CARTESIAN_POINT('',(0.0160016560621688,0.00562134032660558,0.00652018043542321));
#7877=CARTESIAN_POINT('',(0.0160016560621688,0.00611612040330009,0.00609759832836609));
#7878=CARTESIAN_POINT('',(0.0160016560621688,0.00769698730274658,0.00764060184302026));
#7879=CARTESIAN_POINT('',(0.0160016560621688,0.00639809120608611,0.00611978991182008));
#7880=CARTESIAN_POINT('',(0.0160016560621688,0.00624601001296613,0.0062496795214861));
#7881=CARTESIAN_POINT('',(0.0160016560621688,-0.00719160817826442,-0.00512326503014926));
#7882=CARTESIAN_POINT('',(0.0160016560621688,-0.00702108014539374,-0.00501876531720615));
#7883=CARTESIAN_POINT('',(0.0160016560621688,-0.00708710846532125,-0.00529379306302005));
#7884=CARTESIAN_POINT('',(0.0160016560621688,-0.00879238879402957,-0.00633879019245203));
#7885=CARTESIAN_POINT('',(0.0160016560621688,-0.0104976691227379,-0.00738378732188404));
#7886=CARTESIAN_POINT('',(0.0160016560621688,-0.010602168835681,-0.00721325928901322));
#7887=CARTESIAN_POINT('',(0.0160016560621688,-0.0107726968685517,-0.00731775900195632));
#7888=CARTESIAN_POINT('',(0.0160016560621688,-0.0111126756320258,-0.00676296408319325));
#7889=CARTESIAN_POINT('',(0.0160016560621688,-0.0114526543954998,-0.00620816916443017));
#7890=CARTESIAN_POINT('',(0.0160016560621688,-0.0112821263626291,-0.00610366945148706));
#7891=CARTESIAN_POINT('',(0.0160016560621688,-0.0113866260755723,-0.00593314141861625));
#7892=CARTESIAN_POINT('',(0.0160016560621688,-0.00736105890886778,-0.00446397039844307));
#7893=CARTESIAN_POINT('',(0.0160016560621688,-0.00770103767234169,-0.00390917547967992));
#7894=CARTESIAN_POINT('',(0.0160016560621688,-0.009681345746864,-0.00488814428918429));
#7895=CARTESIAN_POINT('',(0.0160016560621688,-0.00797606541815568,-0.00384314715975231));
#7896=CARTESIAN_POINT('',(0.0160016560621688,-0.00787156570521251,-0.0040136751926231));
#7897=CARTESIAN_POINT('',(0.0160016560621688,-0.0084228017815829,-0.00265018544766098));
#7898=CARTESIAN_POINT('',(0.0160016560621688,-0.00822832779750351,-0.00260349637488983));
#7899=CARTESIAN_POINT('',(0.0160016560621688,-0.00837611270881172,-0.00284465943174048));
#7900=CARTESIAN_POINT('',(0.0160016560621688,-0.0103208525496072,-0.00331155015945233));
#7901=CARTESIAN_POINT('',(0.0160016560621688,-0.0122655923904027,-0.00377844088716421));
#7902=CARTESIAN_POINT('',(0.0160016560621688,-0.0123122814631739,-0.00358396690308467));
#7903=CARTESIAN_POINT('',(0.0160016560621688,-0.0125067554472533,-0.00363065597585581));
#7904=CARTESIAN_POINT('',(0.0160016560621688,-0.0126586534073666,-0.00299795543751869));
#7905=CARTESIAN_POINT('',(0.0160016560621688,-0.0128105513674799,-0.00236525489918156));
#7906=CARTESIAN_POINT('',(0.0160016560621688,-0.0126160773834005,-0.00231856582641043));
#7907=CARTESIAN_POINT('',(0.0160016560621688,-0.0126627664561717,-0.00212409184233089));
#7908=CARTESIAN_POINT('',(0.0160016560621688,-0.00838022575761681,-0.00197079583655271));
#7909=CARTESIAN_POINT('',(0.0160016560621688,-0.00853212371772996,-0.00133809529821555));
#7910=CARTESIAN_POINT('',(0.0160016560621688,-0.0107180266153762,-0.00165720111461907));
#7911=CARTESIAN_POINT('',(0.0160016560621688,-0.00877328677458067,-0.00119031038690722));
#7912=CARTESIAN_POINT('',(0.0160016560621688,-0.00872659770180949,-0.00138478437098673));
#7913=CARTESIAN_POINT('',(0.0160016560621688,-0.00882951286140926,8.23127513721381E-5));
#7914=CARTESIAN_POINT('',(0.0160016560621688,-0.00863012939466279,6.66209322265825E-5));
#7915=CARTESIAN_POINT('',(0.0160016560621688,-0.00884520468055483,-0.000117070715374458));
#7916=CARTESIAN_POINT('',(0.0160016560621688,-0.0108390393480212,3.98474760812444E-5));
#7917=CARTESIAN_POINT('',(0.0160016560621688,-0.0128328740154877,0.000196765667536919));
#7918=CARTESIAN_POINT('',(0.0160016560621688,-0.0128171821963421,0.000396149134283543));
#7919=CARTESIAN_POINT('',(0.0160016560621688,-0.0130165656630885,0.000411840953429103));
#7920=CARTESIAN_POINT('',(0.0160016560621688,-0.0129655139891699,0.00106051397436397));
#7921=CARTESIAN_POINT('',(0.0160016560621688,-0.0129144623152512,0.00170918699529884));
#7922=CARTESIAN_POINT('',(0.0160016560621688,-0.0127150788485048,0.00169349517615328));
#7923=CARTESIAN_POINT('',(0.0160016560621688,-0.0126993870293592,0.00189287864289991));
#7924=CARTESIAN_POINT('',(0.0160016560621688,-0.00857907772074413,0.000715293953161452));
#7925=CARTESIAN_POINT('',(0.0160016560621688,-0.00852802604682532,0.00136396697409631));
#7926=CARTESIAN_POINT('',(0.0160016560621688,-0.0107055523618928,0.00173596045144418));
#7927=CARTESIAN_POINT('',(0.0160016560621688,-0.00871171769442638,0.00157904225998847));
#7928=CARTESIAN_POINT('',(0.0160016560621688,-0.00872740951357195,0.00137965879324188));
#7929=CARTESIAN_POINT('',(0.0160016560621688,-0.0083719297035274,0.00280675360479429));
#7930=CARTESIAN_POINT('',(0.0160016560621688,-0.00818715379702528,0.00273021691832132));
#7931=CARTESIAN_POINT('',(0.0160016560621688,-0.0084484663900004,0.00262197769829205));
#7932=CARTESIAN_POINT('',(0.0160016560621688,-0.0102962254550231,0.0033873445630223));
#7933=CARTESIAN_POINT('',(0.0160016560621688,-0.0121439845200458,0.00415271142775251));
#7934=CARTESIAN_POINT('',(0.0160016560621688,-0.0120674478335728,0.00433748733425476));
#7935=CARTESIAN_POINT('',(0.0160016560621688,-0.0122522237400749,0.00441402402072773));
#7936=CARTESIAN_POINT('',(0.0160016560621688,-0.0120032197256654,0.00501517288940055));
#7937=CARTESIAN_POINT('',(0.0160016560621688,-0.0117542157112559,0.00561632175807336));
#7938=CARTESIAN_POINT('',(0.0160016560621688,-0.0115694398047538,0.0055397850716004));
#7939=CARTESIAN_POINT('',(0.0160016560621688,-0.0114929031182808,0.00572456097810266));
#7940=CARTESIAN_POINT('',(0.0160016560621688,-0.00793814978261576,0.00333136578699414));
#7941=CARTESIAN_POINT('',(0.0160016560621688,-0.00768914576820609,0.00393251465566691));
#7942=CARTESIAN_POINT('',(0.0160016560621688,-0.00964514405325806,0.00495919411337239));
#7943=CARTESIAN_POINT('',(0.0160016560621688,-0.00779738498823534,0.00419382724864215));
#7944=CARTESIAN_POINT('',(0.0160016560621688,-0.00787392167470835,0.00400905134213993));
#7945=CARTESIAN_POINT('',(0.0160016560621688,-0.00512326503014926,0.00719160817826442));
#7946=CARTESIAN_POINT('',(0.0160016560621688,-0.00501876531720615,0.00702108014539374));
#7947=CARTESIAN_POINT('',(0.0160016560621688,-0.00529379306302005,0.00708710846532125));
#7948=CARTESIAN_POINT('',(0.0160016560621688,-0.00633879019245204,0.00879238879402957));
#7949=CARTESIAN_POINT('',(0.0160016560621688,-0.00738378732188404,0.0104976691227379));
#7950=CARTESIAN_POINT('',(0.0160016560621688,-0.00721325928901322,0.010602168835681));
#7951=CARTESIAN_POINT('',(0.0160016560621688,-0.00731775900195633,0.0107726968685517));
#7952=CARTESIAN_POINT('',(0.0160016560621688,-0.00676296408319325,0.0111126756320258));
#7953=CARTESIAN_POINT('',(0.0160016560621688,-0.00620816916443018,0.0114526543954998));
#7954=CARTESIAN_POINT('',(0.0160016560621688,-0.00610366945148706,0.0112821263626291));
#7955=CARTESIAN_POINT('',(0.0160016560621688,-0.00593314141861625,0.0113866260755723));
#7956=CARTESIAN_POINT('',(0.0160016560621688,-0.00446397039844307,0.00736105890886778));
#7957=CARTESIAN_POINT('',(0.0160016560621688,-0.00390917547967992,0.00770103767234169));
#7958=CARTESIAN_POINT('',(0.0160016560621688,-0.0048881442891843,0.009681345746864));
#7959=CARTESIAN_POINT('',(0.0160016560621688,-0.00384314715975232,0.00797606541815568));
#7960=CARTESIAN_POINT('',(0.0160016560621688,-0.00401367519262311,0.00787156570521251));
#7961=CARTESIAN_POINT('',(0.0160016560621688,-0.0070948437356001,0.0052564498595769));
#7962=CARTESIAN_POINT('',(0.0160016560621688,-0.00694276254248021,0.00512656024991096));
#7963=CARTESIAN_POINT('',(0.0160016560621688,-0.00722473334526612,0.00510436866645691));
#7964=CARTESIAN_POINT('',(0.0160016560621688,-0.00874554527646631,0.00640326476311738));
#7965=CARTESIAN_POINT('',(0.0160016560621688,-0.0102663572076665,0.00770216085977783));
#7966=CARTESIAN_POINT('',(0.0160016560621688,-0.0101364675980005,0.00785424205289784));
#7967=CARTESIAN_POINT('',(0.0160016560621688,-0.0102885487911203,0.00798413166256377));
#7968=CARTESIAN_POINT('',(0.0160016560621688,-0.00986596668406335,0.00847891173925839));
#7969=CARTESIAN_POINT('',(0.0160016560621688,-0.00944338457700634,0.008973691815953));
#7970=CARTESIAN_POINT('',(0.0160016560621688,-0.00929130338388645,0.00884380220628707));
#7971=CARTESIAN_POINT('',(0.0160016560621688,-0.00916141377422042,0.00899588339940707));
#7972=CARTESIAN_POINT('',(0.0160016560621688,-0.00652018043542321,0.00562134032660558));
#7973=CARTESIAN_POINT('',(0.0160016560621688,-0.00609759832836609,0.00611612040330009));
#7974=CARTESIAN_POINT('',(0.0160016560621688,-0.00764060184302026,0.00769698730274658));
#7975=CARTESIAN_POINT('',(0.0160016560621688,-0.00611978991182008,0.00639809120608611));
#7976=CARTESIAN_POINT('',(0.0160016560621688,-0.0062496795214861,0.00624601001296613));
#7977=CARTESIAN_POINT('',(0.0160016560621688,0.00280675360479429,0.0083719297035274));
#7978=CARTESIAN_POINT('',(0.0160016560621688,0.00273021691832133,0.00818715379702528));
#7979=CARTESIAN_POINT('',(0.0160016560621688,0.00262197769829205,0.0084484663900004));
#7980=CARTESIAN_POINT('',(0.0160016560621688,0.0033873445630223,0.0102962254550231));
#7981=CARTESIAN_POINT('',(0.0160016560621688,0.00415271142775251,0.0121439845200458));
#7982=CARTESIAN_POINT('',(0.0160016560621688,0.00433748733425476,0.0120674478335728));
#7983=CARTESIAN_POINT('',(0.0160016560621688,0.00441402402072772,0.0122522237400749));
#7984=CARTESIAN_POINT('',(0.0160016560621688,0.00501517288940054,0.0120032197256654));
#7985=CARTESIAN_POINT('',(0.0160016560621688,0.00561632175807336,0.0117542157112559));
#7986=CARTESIAN_POINT('',(0.0160016560621688,0.0055397850716004,0.0115694398047538));
#7987=CARTESIAN_POINT('',(0.0160016560621688,0.00572456097810266,0.0114929031182808));
#7988=CARTESIAN_POINT('',(0.0160016560621688,0.00333136578699414,0.00793814978261576));
#7989=CARTESIAN_POINT('',(0.0160016560621688,0.00393251465566691,0.00768914576820609));
#7990=CARTESIAN_POINT('',(0.0160016560621688,0.00495919411337239,0.00964514405325806));
#7991=CARTESIAN_POINT('',(0.0160016560621688,0.00419382724864215,0.00779738498823535));
#7992=CARTESIAN_POINT('',(0.0160016560621688,0.00400905134213992,0.00787392167470835));
#7993=CARTESIAN_POINT('',(0.0160016560621688,-0.00265018544766098,0.0084228017815829));
#7994=CARTESIAN_POINT('',(0.0160016560621688,-0.00260349637488983,0.00822832779750351));
#7995=CARTESIAN_POINT('',(0.0160016560621688,-0.00284465943174048,0.00837611270881172));
#7996=CARTESIAN_POINT('',(0.0160016560621688,-0.00331155015945233,0.0103208525496072));
#7997=CARTESIAN_POINT('',(0.0160016560621688,-0.00377844088716421,0.0122655923904027));
#7998=CARTESIAN_POINT('',(0.0160016560621688,-0.00358396690308467,0.0123122814631739));
#7999=CARTESIAN_POINT('',(0.0160016560621688,-0.00363065597585581,0.0125067554472533));
#8000=CARTESIAN_POINT('',(0.0160016560621688,-0.00299795543751869,0.0126586534073666));
#8001=CARTESIAN_POINT('',(0.0160016560621688,-0.00236525489918157,0.0128105513674799));
#8002=CARTESIAN_POINT('',(0.0160016560621688,-0.00231856582641042,0.0126160773834005));
#8003=CARTESIAN_POINT('',(0.0160016560621688,-0.00212409184233089,0.0126627664561717));
#8004=CARTESIAN_POINT('',(0.0160016560621688,-0.00197079583655271,0.00838022575761681));
#8005=CARTESIAN_POINT('',(0.0160016560621688,-0.00133809529821555,0.00853212371772996));
#8006=CARTESIAN_POINT('',(0.0160016560621688,-0.00165720111461907,0.0107180266153762));
#8007=CARTESIAN_POINT('',(0.0160016560621688,-0.00119031038690722,0.00877328677458066));
#8008=CARTESIAN_POINT('',(0.0160016560621688,-0.00138478437098673,0.00872659770180949));
#8009=CARTESIAN_POINT('',(0.0160016560621688,-0.00280675360479429,-0.0083719297035274));
#8010=CARTESIAN_POINT('',(0.0160016560621688,-0.00273021691832133,-0.00818715379702528));
#8011=CARTESIAN_POINT('',(0.0160016560621688,-0.00262197769829205,-0.0084484663900004));
#8012=CARTESIAN_POINT('',(0.0160016560621688,-0.0033873445630223,-0.0102962254550231));
#8013=CARTESIAN_POINT('',(0.0160016560621688,-0.00415271142775251,-0.0121439845200458));
#8014=CARTESIAN_POINT('',(0.0160016560621688,-0.00433748733425476,-0.0120674478335728));
#8015=CARTESIAN_POINT('',(0.0160016560621688,-0.00441402402072773,-0.0122522237400749));
#8016=CARTESIAN_POINT('',(0.0160016560621688,-0.00501517288940055,-0.0120032197256654));
#8017=CARTESIAN_POINT('',(0.0160016560621688,-0.00561632175807336,-0.0117542157112559));
#8018=CARTESIAN_POINT('',(0.0160016560621688,-0.0055397850716004,-0.0115694398047538));
#8019=CARTESIAN_POINT('',(0.0160016560621688,-0.00572456097810266,-0.0114929031182808));
#8020=CARTESIAN_POINT('',(0.0160016560621688,-0.00333136578699415,-0.00793814978261576));
#8021=CARTESIAN_POINT('',(0.0160016560621688,-0.00393251465566691,-0.00768914576820609));
#8022=CARTESIAN_POINT('',(0.0160016560621688,-0.00495919411337239,-0.00964514405325806));
#8023=CARTESIAN_POINT('',(0.0160016560621688,-0.00419382724864215,-0.00779738498823535));
#8024=CARTESIAN_POINT('',(0.0160016560621688,-0.00400905134213993,-0.00787392167470835));
#8025=CARTESIAN_POINT('',(0.0160016560621688,-0.0052564498595769,-0.0070948437356001));
#8026=CARTESIAN_POINT('',(0.0160016560621688,-0.00512656024991096,-0.00694276254248021));
#8027=CARTESIAN_POINT('',(0.0160016560621688,-0.00510436866645692,-0.00722473334526612));
#8028=CARTESIAN_POINT('',(0.0160016560621688,-0.00640326476311739,-0.0087455452764663));
#8029=CARTESIAN_POINT('',(0.0160016560621688,-0.00770216085977783,-0.0102663572076665));
#8030=CARTESIAN_POINT('',(0.0160016560621688,-0.00785424205289784,-0.0101364675980005));
#8031=CARTESIAN_POINT('',(0.0160016560621688,-0.00798413166256378,-0.0102885487911203));
#8032=CARTESIAN_POINT('',(0.0160016560621688,-0.00847891173925839,-0.00986596668406334));
#8033=CARTESIAN_POINT('',(0.0160016560621688,-0.00897369181595301,-0.00944338457700634));
#8034=CARTESIAN_POINT('',(0.0160016560621688,-0.00884380220628707,-0.00929130338388645));
#8035=CARTESIAN_POINT('',(0.0160016560621688,-0.00899588339940707,-0.00916141377422042));
#8036=CARTESIAN_POINT('',(0.0160016560621688,-0.00562134032660558,-0.00652018043542321));
#8037=CARTESIAN_POINT('',(0.0160016560621688,-0.00611612040330009,-0.00609759832836609));
#8038=CARTESIAN_POINT('',(0.0160016560621688,-0.00769698730274658,-0.00764060184302026));
#8039=CARTESIAN_POINT('',(0.0160016560621688,-0.00639809120608611,-0.00611978991182008));
#8040=CARTESIAN_POINT('',(0.0160016560621688,-0.00624601001296613,-0.0062496795214861));
#8041=CARTESIAN_POINT('',(0.0160016560621688,-8.23127513721387E-5,-0.00882951286140926));
#8042=CARTESIAN_POINT('',(0.0160016560621688,-6.66209322265832E-5,-0.00863012939466279));
#8043=CARTESIAN_POINT('',(0.0160016560621688,0.000117070715374458,-0.00884520468055483));
#8044=CARTESIAN_POINT('',(0.0160016560621688,-3.98474760812452E-5,-0.0108390393480212));
#8045=CARTESIAN_POINT('',(0.0160016560621688,-0.000196765667536919,-0.0128328740154877));
#8046=CARTESIAN_POINT('',(0.0160016560621688,-0.000396149134283549,-0.0128171821963421));
#8047=CARTESIAN_POINT('',(0.0160016560621688,-0.000411840953429102,-0.0130165656630886));
#8048=CARTESIAN_POINT('',(0.0160016560621688,-0.00106051397436397,-0.0129655139891699));
#8049=CARTESIAN_POINT('',(0.0160016560621688,-0.00170918699529885,-0.0129144623152514));
#8050=CARTESIAN_POINT('',(0.0160016560621688,-0.00169349517615328,-0.0127150788485048));
#8051=CARTESIAN_POINT('',(0.0160016560621688,-0.00189287864289991,-0.0126993870293592));
#8052=CARTESIAN_POINT('',(0.0160016560621688,-0.000715293953161452,-0.00857907772074413));
#8053=CARTESIAN_POINT('',(0.0160016560621688,-0.00136396697409631,-0.00852802604682532));
#8054=CARTESIAN_POINT('',(0.0160016560621688,-0.00173596045144418,-0.0107055523618928));
#8055=CARTESIAN_POINT('',(0.0160016560621688,-0.00157904225998847,-0.00871171769442638));
#8056=CARTESIAN_POINT('',(0.0160016560621688,-0.00137965879324188,-0.00872740951357195));
#8057=CARTESIAN_POINT('',(0.0160016560621688,0.00265018544766098,-0.0084228017815829));
#8058=CARTESIAN_POINT('',(0.0160016560621688,0.00260349637488983,-0.00822832779750351));
#8059=CARTESIAN_POINT('',(0.0160016560621688,0.00284465943174048,-0.00837611270881172));
#8060=CARTESIAN_POINT('',(0.0160016560621688,0.00331155015945233,-0.0103208525496072));
#8061=CARTESIAN_POINT('',(0.0160016560621688,0.00377844088716421,-0.0122655923904027));
#8062=CARTESIAN_POINT('',(0.0160016560621688,0.00358396690308466,-0.0123122814631739));
#8063=CARTESIAN_POINT('',(0.0160016560621688,0.00363065597585581,-0.0125067554472533));
#8064=CARTESIAN_POINT('',(0.0160016560621688,0.00299795543751869,-0.0126586534073666));
#8065=CARTESIAN_POINT('',(0.0160016560621688,0.00236525489918157,-0.0128105513674799));
#8066=CARTESIAN_POINT('',(0.0160016560621688,0.00231856582641042,-0.0126160773834005));
#8067=CARTESIAN_POINT('',(0.0160016560621688,0.00212409184233088,-0.0126627664561717));
#8068=CARTESIAN_POINT('',(0.0160016560621688,0.0019707958365527,-0.00838022575761681));
#8069=CARTESIAN_POINT('',(0.0160016560621688,0.00133809529821555,-0.00853212371772996));
#8070=CARTESIAN_POINT('',(0.0160016560621688,0.00165720111461907,-0.0107180266153762));
#8071=CARTESIAN_POINT('',(0.0160016560621688,0.00119031038690722,-0.00877328677458067));
#8072=CARTESIAN_POINT('',(0.0160016560621688,0.00138478437098673,-0.00872659770180949));
#8073=CARTESIAN_POINT('',(0.0160016560621688,0.00882951286140926,-8.2312751372137E-5));
#8074=CARTESIAN_POINT('',(0.0160016560621688,0.00863012939466279,-6.66209322265814E-5));
#8075=CARTESIAN_POINT('',(0.0160016560621688,0.00884520468055483,0.000117070715374459));
#8076=CARTESIAN_POINT('',(0.0160016560621688,0.0108390393480212,-3.98474760812432E-5));
#8077=CARTESIAN_POINT('',(0.0160016560621688,0.0128328740154877,-0.000196765667536917));
#8078=CARTESIAN_POINT('',(0.0160016560621688,0.0128171821963421,-0.000396149134283541));
#8079=CARTESIAN_POINT('',(0.0160016560621688,0.0130165656630885,-0.000411840953429102));
#8080=CARTESIAN_POINT('',(0.0160016560621688,0.0129655139891699,-0.00106051397436397));
#8081=CARTESIAN_POINT('',(0.0160016560621688,0.0129144623152512,-0.00170918699529884));
#8082=CARTESIAN_POINT('',(0.0160016560621688,0.0127150788485048,-0.00169349517615328));
#8083=CARTESIAN_POINT('',(0.0160016560621688,0.0126993870293592,-0.0018928786428999));
#8084=CARTESIAN_POINT('',(0.0160016560621688,0.00857907772074413,-0.000715293953161451));
#8085=CARTESIAN_POINT('',(0.0160016560621688,0.00852802604682532,-0.00136396697409631));
#8086=CARTESIAN_POINT('',(0.0160016560621688,0.0107055523618928,-0.00173596045144418));
#8087=CARTESIAN_POINT('',(0.0160016560621688,0.00871171769442638,-0.00157904225998847));
#8088=CARTESIAN_POINT('',(0.0160016560621688,0.00872740951357195,-0.00137965879324188));
#8089=CARTESIAN_POINT('',(0.0160016560621688,0.0083719297035274,-0.00280675360479429));
#8090=CARTESIAN_POINT('',(0.0160016560621688,0.00818715379702528,-0.00273021691832133));
#8091=CARTESIAN_POINT('',(0.0160016560621688,0.0084484663900004,-0.00262197769829205));
#8092=CARTESIAN_POINT('',(0.0160016560621688,0.0102962254550231,-0.0033873445630223));
#8093=CARTESIAN_POINT('',(0.0160016560621688,0.0121439845200458,-0.00415271142775251));
#8094=CARTESIAN_POINT('',(0.0160016560621688,0.0120674478335728,-0.00433748733425476));
#8095=CARTESIAN_POINT('',(0.0160016560621688,0.0122522237400749,-0.00441402402072772));
#8096=CARTESIAN_POINT('',(0.0160016560621688,0.0120032197256654,-0.00501517288940054));
#8097=CARTESIAN_POINT('',(0.0160016560621688,0.0117542157112559,-0.00561632175807335));
#8098=CARTESIAN_POINT('',(0.0160016560621688,0.0115694398047538,-0.0055397850716004));
#8099=CARTESIAN_POINT('',(0.0160016560621688,0.0114929031182808,-0.00572456097810266));
#8100=CARTESIAN_POINT('',(0.0160016560621688,0.00793814978261576,-0.00333136578699414));
#8101=CARTESIAN_POINT('',(0.0160016560621688,0.00768914576820609,-0.0039325146556669));
#8102=CARTESIAN_POINT('',(0.0160016560621688,0.00964514405325806,-0.00495919411337239));
#8103=CARTESIAN_POINT('',(0.0160016560621688,0.00779738498823534,-0.00419382724864215));
#8104=CARTESIAN_POINT('',(0.0160016560621688,0.00787392167470835,-0.00400905134213992));
#8105=CARTESIAN_POINT('',(0.0160016560621688,0.00512326503014926,-0.00719160817826442));
#8106=CARTESIAN_POINT('',(0.0160016560621688,0.00501876531720615,-0.00702108014539374));
#8107=CARTESIAN_POINT('',(0.0160016560621688,0.00529379306302005,-0.00708710846532125));
#8108=CARTESIAN_POINT('',(0.0160016560621688,0.00633879019245204,-0.00879238879402957));
#8109=CARTESIAN_POINT('',(0.0160016560621688,0.00738378732188404,-0.0104976691227379));
#8110=CARTESIAN_POINT('',(0.0160016560621688,0.00721325928901322,-0.010602168835681));
#8111=CARTESIAN_POINT('',(0.0160016560621688,0.00731775900195633,-0.0107726968685517));
#8112=CARTESIAN_POINT('',(0.0160016560621688,0.00676296408319325,-0.0111126756320258));
#8113=CARTESIAN_POINT('',(0.0160016560621688,0.00620816916443018,-0.0114526543954998));
#8114=CARTESIAN_POINT('',(0.0160016560621688,0.00610366945148707,-0.0112821263626291));
#8115=CARTESIAN_POINT('',(0.0160016560621688,0.00593314141861625,-0.0113866260755723));
#8116=CARTESIAN_POINT('',(0.0160016560621688,0.00446397039844307,-0.00736105890886778));
#8117=CARTESIAN_POINT('',(0.0160016560621688,0.00390917547967992,-0.00770103767234169));
#8118=CARTESIAN_POINT('',(0.0160016560621688,0.0048881442891843,-0.009681345746864));
#8119=CARTESIAN_POINT('',(0.0160016560621688,0.00384314715975231,-0.00797606541815568));
#8120=CARTESIAN_POINT('',(0.0160016560621688,0.00401367519262311,-0.00787156570521251));
#8121=CARTESIAN_POINT('',(0.0160016560621688,0.0070948437356001,-0.0052564498595769));
#8122=CARTESIAN_POINT('',(0.0160016560621688,0.00694276254248021,-0.00512656024991096));
#8123=CARTESIAN_POINT('',(0.0160016560621688,0.00722473334526612,-0.00510436866645691));
#8124=CARTESIAN_POINT('',(0.0160016560621688,0.0087455452764663,-0.00640326476311738));
#8125=CARTESIAN_POINT('',(0.0160016560621688,0.0102663572076665,-0.00770216085977783));
#8126=CARTESIAN_POINT('',(0.0160016560621688,0.0101364675980005,-0.00785424205289783));
#8127=CARTESIAN_POINT('',(0.0160016560621688,0.0102885487911203,-0.00798413166256377));
#8128=CARTESIAN_POINT('',(0.0160016560621688,0.00986596668406335,-0.00847891173925839));
#8129=CARTESIAN_POINT('',(0.0160016560621688,0.00944338457700634,-0.008973691815953));
#8130=CARTESIAN_POINT('',(0.0160016560621688,0.00929130338388646,-0.00884380220628706));
#8131=CARTESIAN_POINT('',(0.0160016560621688,0.00916141377422042,-0.00899588339940707));
#8132=CARTESIAN_POINT('',(0.0160016560621688,0.00652018043542321,-0.00562134032660558));
#8133=CARTESIAN_POINT('',(0.0160016560621688,0.00609759832836609,-0.00611612040330009));
#8134=CARTESIAN_POINT('',(0.0160016560621688,0.00764060184302026,-0.00769698730274658));
#8135=CARTESIAN_POINT('',(0.0160016560621688,0.00611978991182008,-0.00639809120608611));
#8136=CARTESIAN_POINT('',(0.0160016560621688,0.0062496795214861,-0.00624601001296613));
#8137=MECHANICAL_DESIGN_GEOMETRIC_PRESENTATION_REPRESENTATION('',(#3946),
#8138);
#8138=(
GEOMETRIC_REPRESENTATION_CONTEXT(3)
GLOBAL_UNCERTAINTY_ASSIGNED_CONTEXT((#8139))
GLOBAL_UNIT_ASSIGNED_CONTEXT((#8142,#8141,#8140))
REPRESENTATION_CONTEXT('Komponente1','TOP_LEVEL_ASSEMBLY_PART')
);
#8139=UNCERTAINTY_MEASURE_WITH_UNIT(LENGTH_MEASURE(2.E-5),#8142,
'DISTANCE_ACCURACY_VALUE','Maximum Tolerance applied to model');
#8140=(
NAMED_UNIT(*)
SI_UNIT($,.STERADIAN.)
SOLID_ANGLE_UNIT()
);
#8141=(
NAMED_UNIT(*)
PLANE_ANGLE_UNIT()
SI_UNIT($,.RADIAN.)
);
#8142=(
LENGTH_UNIT()
NAMED_UNIT(*)
SI_UNIT($,.METRE.)
);
#8143=PRODUCT_DEFINITION_SHAPE('','',#8144);
#8144=PRODUCT_DEFINITION('','',#8146,#8145);
#8145=PRODUCT_DEFINITION_CONTEXT('',#8152,'design');
#8146=PRODUCT_DEFINITION_FORMATION_WITH_SPECIFIED_SOURCE('','',#8148,
 .NOT_KNOWN.);
#8147=PRODUCT_RELATED_PRODUCT_CATEGORY('','',(#8148));
#8148=PRODUCT('Komponente1','Komponente1','Komponente1',(#8150));
#8149=PRODUCT_CATEGORY('','');
#8150=PRODUCT_CONTEXT('',#8152,'mechanical');
#8151=APPLICATION_PROTOCOL_DEFINITION('international standard',
'ap242_managed_model_based_3d_engineering',2020,#8152);
#8152=APPLICATION_CONTEXT('managed model based 3d engineering');
ENDSEC;
END-ISO-10303-21;
