ISO-10303-21;
HEADER;
/* Generated by software containing ST-Developer
 * from STEP Tools, Inc. (www.steptools.com) 
 */
/* OPTION: using custom renumber hook */

FILE_DESCRIPTION(
/* description */ ('STEP AP242 Edition 2',
'CAx-IF Rec.Pracs.---Representation and Presentation of Product Manufa
cturing Information (PMI)---4.0---2014-10-13',
'CAx-IF Rec.Pracs.---3D Tessellated Geometry---0.4---2014-09-14','2;1',
'CAx-IF Rec.Pracs.---User Defined Attributes---1.5---2016-08-15'),
/* implementation_level */ '2;1');

FILE_NAME(
/* name */ 'CFM bearing V1 parts - Snapfit encoder attachment',
/* time_stamp */ '2026-06-18T10:41:56Z',
/* author */ (''),
/* organization */ (''),
/* preprocessor_version */ 'ST-DEVELOPER v20',
/* originating_system */ 'ONSHAPE BY PTC INC, 1.216',
/* authorisation */ '  ');

FILE_SCHEMA (('AP242_MANAGED_MODEL_BASED_3D_ENGINEERING_MIM_LF { 1 0 10303 442 3 1 4 }'));
ENDSEC;

DATA;
#10=SHAPE_REPRESENTATION_RELATIONSHIP('','',#1334,#11);
#11=ADVANCED_BREP_SHAPE_REPRESENTATION('',(#1332),#2376);
#12=(
BOUNDED_SURFACE()
B_SPLINE_SURFACE(3,2,((#2314,#2315,#2316),(#2317,#2318,#2319),(#2320,#2321,
#2322),(#2323,#2324,#2325),(#2326,#2327,#2328)),.UNSPECIFIED.,.F.,.F.,.F.)
B_SPLINE_SURFACE_WITH_KNOTS((4,1,4),(3,3),(1.62630325872826E-18,0.00114033329276714,
0.00228066658553428),(0.,1.),.UNSPECIFIED.)
GEOMETRIC_REPRESENTATION_ITEM()
RATIONAL_B_SPLINE_SURFACE(((1.,0.707106781186548,1.),(1.,0.772325375043778,
1.),(1.,0.919667546511888,1.),(1.,0.999999999988943,1.),(1.,1.,1.)))
REPRESENTATION_ITEM('')
SURFACE()
);
#13=(
BOUNDED_SURFACE()
B_SPLINE_SURFACE(3,2,((#2338,#2339,#2340),(#2341,#2342,#2343),(#2344,#2345,
#2346),(#2347,#2348,#2349),(#2350,#2351,#2352)),.UNSPECIFIED.,.F.,.F.,.F.)
B_SPLINE_SURFACE_WITH_KNOTS((4,1,4),(3,3),(6.50521303491303E-19,0.00114033329276738,
0.00228066658553475),(0.,1.),.UNSPECIFIED.)
GEOMETRIC_REPRESENTATION_ITEM()
RATIONAL_B_SPLINE_SURFACE(((1.,0.707106781186562,1.),(1.,0.77232537504387,
1.),(1.,0.919667546511964,1.),(1.,0.999999999988901,1.),(1.,1.,1.)))
REPRESENTATION_ITEM('')
SURFACE()
);
#14=CONICAL_SURFACE('',#1445,0.002,0.785398163397449);
#15=CONICAL_SURFACE('',#1447,0.002,0.785398163397449);
#16=CONICAL_SURFACE('',#1489,0.0038639702342662,0.785398163397448);
#17=CONICAL_SURFACE('',#1490,0.0048639702342662,0.785398163397448);
#18=LINE('',#1923,#116);
#19=LINE('',#1925,#117);
#20=LINE('',#1927,#118);
#21=LINE('',#1932,#119);
#22=LINE('',#1936,#120);
#23=LINE('',#1941,#121);
#24=LINE('',#1943,#122);
#25=LINE('',#1947,#123);
#26=LINE('',#1949,#124);
#27=LINE('',#1951,#125);
#28=LINE('',#1953,#126);
#29=LINE('',#1959,#127);
#30=LINE('',#1969,#128);
#31=LINE('',#1977,#129);
#32=LINE('',#1997,#130);
#33=LINE('',#2002,#131);
#34=LINE('',#2005,#132);
#35=LINE('',#2007,#133);
#36=LINE('',#2009,#134);
#37=LINE('',#2011,#135);
#38=LINE('',#2013,#136);
#39=LINE('',#2017,#137);
#40=LINE('',#2019,#138);
#41=LINE('',#2021,#139);
#42=LINE('',#2025,#140);
#43=LINE('',#2027,#141);
#44=LINE('',#2029,#142);
#45=LINE('',#2033,#143);
#46=LINE('',#2039,#144);
#47=LINE('',#2041,#145);
#48=LINE('',#2043,#146);
#49=LINE('',#2049,#147);
#50=LINE('',#2055,#148);
#51=LINE('',#2057,#149);
#52=LINE('',#2059,#150);
#53=LINE('',#2061,#151);
#54=LINE('',#2063,#152);
#55=LINE('',#2065,#153);
#56=LINE('',#2067,#154);
#57=LINE('',#2076,#155);
#58=LINE('',#2077,#156);
#59=LINE('',#2079,#157);
#60=LINE('',#2081,#158);
#61=LINE('',#2083,#159);
#62=LINE('',#2091,#160);
#63=LINE('',#2095,#161);
#64=LINE('',#2104,#162);
#65=LINE('',#2108,#163);
#66=LINE('',#2112,#164);
#67=LINE('',#2116,#165);
#68=LINE('',#2120,#166);
#69=LINE('',#2124,#167);
#70=LINE('',#2128,#168);
#71=LINE('',#2132,#169);
#72=LINE('',#2134,#170);
#73=LINE('',#2136,#171);
#74=LINE('',#2143,#172);
#75=LINE('',#2147,#173);
#76=LINE('',#2152,#174);
#77=LINE('',#2154,#175);
#78=LINE('',#2158,#176);
#79=LINE('',#2160,#177);
#80=LINE('',#2162,#178);
#81=LINE('',#2164,#179);
#82=LINE('',#2171,#180);
#83=LINE('',#2179,#181);
#84=LINE('',#2181,#182);
#85=LINE('',#2188,#183);
#86=LINE('',#2191,#184);
#87=LINE('',#2193,#185);
#88=LINE('',#2195,#186);
#89=LINE('',#2197,#187);
#90=LINE('',#2205,#188);
#91=LINE('',#2209,#189);
#92=LINE('',#2211,#190);
#93=LINE('',#2213,#191);
#94=LINE('',#2215,#192);
#95=LINE('',#2218,#193);
#96=LINE('',#2220,#194);
#97=LINE('',#2222,#195);
#98=LINE('',#2223,#196);
#99=LINE('',#2228,#197);
#100=LINE('',#2229,#198);
#101=LINE('',#2233,#199);
#102=LINE('',#2235,#200);
#103=LINE('',#2237,#201);
#104=LINE('',#2239,#202);
#105=LINE('',#2244,#203);
#106=LINE('',#2252,#204);
#107=LINE('',#2256,#205);
#108=LINE('',#2258,#206);
#109=LINE('',#2260,#207);
#110=LINE('',#2262,#208);
#111=LINE('',#2269,#209);
#112=LINE('',#2271,#210);
#113=LINE('',#2273,#211);
#114=LINE('',#2275,#212);
#115=LINE('',#2277,#213);
#116=VECTOR('',#1507,1.);
#117=VECTOR('',#1508,1.);
#118=VECTOR('',#1509,1.);
#119=VECTOR('',#1514,1.);
#120=VECTOR('',#1517,1.);
#121=VECTOR('',#1522,1.);
#122=VECTOR('',#1525,1.);
#123=VECTOR('',#1528,1.);
#124=VECTOR('',#1531,1.);
#125=VECTOR('',#1532,1.);
#126=VECTOR('',#1535,1.);
#127=VECTOR('',#1542,1.);
#128=VECTOR('',#1545,1.);
#129=VECTOR('',#1556,1.);
#130=VECTOR('',#1563,1.);
#131=VECTOR('',#1566,1.);
#132=VECTOR('',#1571,1.);
#133=VECTOR('',#1572,1.);
#134=VECTOR('',#1573,1.);
#135=VECTOR('',#1574,1.);
#136=VECTOR('',#1577,1.);
#137=VECTOR('',#1582,1.);
#138=VECTOR('',#1583,1.);
#139=VECTOR('',#1586,1.);
#140=VECTOR('',#1591,1.);
#141=VECTOR('',#1592,1.);
#142=VECTOR('',#1595,1.);
#143=VECTOR('',#1600,1.);
#144=VECTOR('',#1607,1.);
#145=VECTOR('',#1608,1.);
#146=VECTOR('',#1609,1.);
#147=VECTOR('',#1614,1.);
#148=VECTOR('',#1619,1.);
#149=VECTOR('',#1620,1.);
#150=VECTOR('',#1621,1.);
#151=VECTOR('',#1624,1.);
#152=VECTOR('',#1625,1.);
#153=VECTOR('',#1626,1.);
#154=VECTOR('',#1629,1.);
#155=VECTOR('',#1630,1.);
#156=VECTOR('',#1631,1.);
#157=VECTOR('',#1632,1.);
#158=VECTOR('',#1635,1.);
#159=VECTOR('',#1636,1.);
#160=VECTOR('',#1647,1.);
#161=VECTOR('',#1652,1.);
#162=VECTOR('',#1661,1.);
#163=VECTOR('',#1664,1.);
#164=VECTOR('',#1667,1.);
#165=VECTOR('',#1670,1.);
#166=VECTOR('',#1673,1.);
#167=VECTOR('',#1676,1.);
#168=VECTOR('',#1679,1.);
#169=VECTOR('',#1684,1.);
#170=VECTOR('',#1687,1.);
#171=VECTOR('',#1688,1.);
#172=VECTOR('',#1695,1.);
#173=VECTOR('',#1698,1.);
#174=VECTOR('',#1703,1.);
#175=VECTOR('',#1704,1.);
#176=VECTOR('',#1707,1.);
#177=VECTOR('',#1710,1.);
#178=VECTOR('',#1711,1.);
#179=VECTOR('',#1712,1.);
#180=VECTOR('',#1715,1.);
#181=VECTOR('',#1716,1.);
#182=VECTOR('',#1717,1.);
#183=VECTOR('',#1726,1.);
#184=VECTOR('',#1727,1.);
#185=VECTOR('',#1728,1.);
#186=VECTOR('',#1729,1.);
#187=VECTOR('',#1732,1.);
#188=VECTOR('',#1741,1.);
#189=VECTOR('',#1746,1.);
#190=VECTOR('',#1747,1.);
#191=VECTOR('',#1748,1.);
#192=VECTOR('',#1751,1.);
#193=VECTOR('',#1756,1.);
#194=VECTOR('',#1757,1.);
#195=VECTOR('',#1760,1.);
#196=VECTOR('',#1761,1.);
#197=VECTOR('',#1766,1.);
#198=VECTOR('',#1767,1.);
#199=VECTOR('',#1770,1.);
#200=VECTOR('',#1773,1.);
#201=VECTOR('',#1774,1.);
#202=VECTOR('',#1775,1.);
#203=VECTOR('',#1780,1.);
#204=VECTOR('',#1783,1.);
#205=VECTOR('',#1788,1.);
#206=VECTOR('',#1789,1.);
#207=VECTOR('',#1790,1.);
#208=VECTOR('',#1793,1.);
#209=VECTOR('',#1802,1.);
#210=VECTOR('',#1805,1.);
#211=VECTOR('',#1808,1.);
#212=VECTOR('',#1811,1.);
#213=VECTOR('',#1814,1.);
#214=PLANE('',#1342);
#215=PLANE('',#1343);
#216=PLANE('',#1350);
#217=PLANE('',#1366);
#218=PLANE('',#1369);
#219=PLANE('',#1372);
#220=PLANE('',#1375);
#221=PLANE('',#1376);
#222=PLANE('',#1383);
#223=PLANE('',#1384);
#224=PLANE('',#1395);
#225=PLANE('',#1405);
#226=PLANE('',#1406);
#227=PLANE('',#1413);
#228=PLANE('',#1414);
#229=PLANE('',#1418);
#230=PLANE('',#1425);
#231=PLANE('',#1426);
#232=PLANE('',#1428);
#233=PLANE('',#1429);
#234=PLANE('',#1430);
#235=PLANE('',#1433);
#236=PLANE('',#1438);
#237=PLANE('',#1443);
#238=PLANE('',#1444);
#239=PLANE('',#1446);
#240=PLANE('',#1448);
#241=PLANE('',#1449);
#242=B_SPLINE_CURVE_WITH_KNOTS('',3,(#1908,#1909,#1910,#1911),
 .UNSPECIFIED.,.F.,.F.,(4,4),(-1.14842930946291E-5,0.0016999633746571),
 .UNSPECIFIED.);
#243=B_SPLINE_CURVE_WITH_KNOTS('',3,(#1916,#1917,#1918,#1919),
 .UNSPECIFIED.,.F.,.F.,(4,4),(-1.1484293094659E-5,0.0016999633746569),
 .UNSPECIFIED.);
#244=B_SPLINE_CURVE_WITH_KNOTS('',3,(#1961,#1962,#1963,#1964,#1965),
 .UNSPECIFIED.,.F.,.F.,(4,1,4),(0.,0.000654932693234717,0.00130986538646943),
 .UNSPECIFIED.);
#245=B_SPLINE_CURVE_WITH_KNOTS('',3,(#1979,#1980,#1981,#1982,#1983,#1984,
#1985,#1986,#1987,#1988),.UNSPECIFIED.,.F.,.F.,(4,1,1,1,1,1,1,4),(0.,0.125,
0.1875,0.25,0.375,0.5,0.75,1.),.UNSPECIFIED.);
#246=B_SPLINE_CURVE_WITH_KNOTS('',3,(#1992,#1993,#1994,#1995),
 .UNSPECIFIED.,.F.,.F.,(4,4),(0.,0.000856862734475926),.UNSPECIFIED.);
#247=B_SPLINE_CURVE_WITH_KNOTS('',3,(#2070,#2071,#2072,#2073,#2074),
 .UNSPECIFIED.,.F.,.F.,(4,1,4),(0.,0.00114033329276714,0.00228066658553427),
 .UNSPECIFIED.);
#248=B_SPLINE_CURVE_WITH_KNOTS('',3,(#2166,#2167,#2168,#2169),
 .UNSPECIFIED.,.F.,.F.,(4,4),(3.70234125707553E-16,1.),.UNSPECIFIED.);
#249=B_SPLINE_CURVE_WITH_KNOTS('',3,(#2173,#2174,#2175,#2176,#2177),
 .UNSPECIFIED.,.F.,.F.,(4,1,4),(0.,0.0011403332927674,0.00228066658553479),
 .UNSPECIFIED.);
#250=B_SPLINE_CURVE_WITH_KNOTS('',3,(#2246,#2247,#2248,#2249),
 .UNSPECIFIED.,.F.,.F.,(4,4),(0.,0.00074765250845872),.UNSPECIFIED.);
#251=B_SPLINE_CURVE_WITH_KNOTS('',3,(#2291,#2292,#2293,#2294,#2295,#2296),
 .UNSPECIFIED.,.F.,.F.,(4,1,1,4),(0.,0.000228678163975091,0.000457356327950181,
0.000914712655900362),.UNSPECIFIED.);
#252=B_SPLINE_CURVE_WITH_KNOTS('',3,(#2298,#2299,#2300,#2301,#2302),
 .UNSPECIFIED.,.F.,.F.,(4,1,4),(0.,0.00106948516061008,0.00213897032122016),
 .UNSPECIFIED.);
#253=B_SPLINE_CURVE_WITH_KNOTS('',3,(#2307,#2308,#2309,#2310,#2311),
 .UNSPECIFIED.,.F.,.F.,(4,1,4),(0.,0.00106948516061007,0.00213897032122013),
 .UNSPECIFIED.);
#254=B_SPLINE_CURVE_WITH_KNOTS('',3,(#2363,#2364,#2365,#2366),
 .UNSPECIFIED.,.F.,.F.,(4,4),(0.,0.000815200047495464),.UNSPECIFIED.);
#255=B_SPLINE_CURVE_WITH_KNOTS('',3,(#2368,#2369,#2370,#2371),
 .UNSPECIFIED.,.F.,.F.,(4,4),(0.,0.000816731528687211),.UNSPECIFIED.);
#256=TOROIDAL_SURFACE('',#1339,0.002425,0.001);
#257=TOROIDAL_SURFACE('',#1356,0.00169863616577796,0.001);
#258=TOROIDAL_SURFACE('',#1361,0.00169863616577796,0.001);
#259=TOROIDAL_SURFACE('',#1454,0.0015,0.0005);
#260=TOROIDAL_SURFACE('',#1458,0.0015,0.0005);
#261=TOROIDAL_SURFACE('',#1461,0.0025,0.0005);
#262=TOROIDAL_SURFACE('',#1465,0.0025,0.0005);
#263=TOROIDAL_SURFACE('',#1471,0.0045,0.0005);
#264=TOROIDAL_SURFACE('',#1475,0.000579612881766937,0.0005);
#265=TOROIDAL_SURFACE('',#1482,0.000579612881766944,0.0005);
#266=TOROIDAL_SURFACE('',#1484,0.0085,0.0005);
#267=TOROIDAL_SURFACE('',#1488,0.0204999999999982,0.0005);
#268=ELLIPSE('',#1338,0.00143547843732488,0.001425);
#269=ELLIPSE('',#1355,0.00100545687685619,0.001);
#270=ELLIPSE('',#1387,0.00226274169979696,0.0016);
#271=ELLIPSE('',#1393,0.00226274169979696,0.0016);
#272=ELLIPSE('',#1427,0.000504383264030217,0.0005);
#273=ELLIPSE('',#1435,0.00282842712474619,0.002);
#274=ELLIPSE('',#1440,0.00282842712474618,0.002);
#275=ELLIPSE('',#1450,0.000707106781186547,0.0005);
#276=ELLIPSE('',#1451,0.000707106781186547,0.0005);
#277=ORIENTED_EDGE('',*,*,#661,.T.);
#278=ORIENTED_EDGE('',*,*,#662,.T.);
#279=ORIENTED_EDGE('',*,*,#663,.F.);
#280=ORIENTED_EDGE('',*,*,#664,.F.);
#281=ORIENTED_EDGE('',*,*,#665,.F.);
#282=ORIENTED_EDGE('',*,*,#666,.F.);
#283=ORIENTED_EDGE('',*,*,#661,.F.);
#284=ORIENTED_EDGE('',*,*,#667,.T.);
#285=ORIENTED_EDGE('',*,*,#666,.T.);
#286=ORIENTED_EDGE('',*,*,#668,.F.);
#287=ORIENTED_EDGE('',*,*,#669,.F.);
#288=ORIENTED_EDGE('',*,*,#670,.T.);
#289=ORIENTED_EDGE('',*,*,#671,.T.);
#290=ORIENTED_EDGE('',*,*,#672,.T.);
#291=ORIENTED_EDGE('',*,*,#673,.T.);
#292=ORIENTED_EDGE('',*,*,#674,.F.);
#293=ORIENTED_EDGE('',*,*,#669,.T.);
#294=ORIENTED_EDGE('',*,*,#675,.F.);
#295=ORIENTED_EDGE('',*,*,#676,.F.);
#296=ORIENTED_EDGE('',*,*,#677,.T.);
#297=ORIENTED_EDGE('',*,*,#678,.T.);
#298=ORIENTED_EDGE('',*,*,#679,.F.);
#299=ORIENTED_EDGE('',*,*,#672,.F.);
#300=ORIENTED_EDGE('',*,*,#662,.F.);
#301=ORIENTED_EDGE('',*,*,#680,.T.);
#302=ORIENTED_EDGE('',*,*,#681,.T.);
#303=ORIENTED_EDGE('',*,*,#677,.F.);
#304=ORIENTED_EDGE('',*,*,#671,.F.);
#305=ORIENTED_EDGE('',*,*,#682,.T.);
#306=ORIENTED_EDGE('',*,*,#683,.T.);
#307=ORIENTED_EDGE('',*,*,#680,.F.);
#308=ORIENTED_EDGE('',*,*,#670,.F.);
#309=ORIENTED_EDGE('',*,*,#684,.T.);
#310=ORIENTED_EDGE('',*,*,#685,.F.);
#311=ORIENTED_EDGE('',*,*,#686,.F.);
#312=ORIENTED_EDGE('',*,*,#687,.F.);
#313=ORIENTED_EDGE('',*,*,#688,.F.);
#314=ORIENTED_EDGE('',*,*,#689,.T.);
#315=ORIENTED_EDGE('',*,*,#683,.F.);
#316=ORIENTED_EDGE('',*,*,#684,.F.);
#317=ORIENTED_EDGE('',*,*,#690,.F.);
#318=ORIENTED_EDGE('',*,*,#691,.T.);
#319=ORIENTED_EDGE('',*,*,#681,.F.);
#320=ORIENTED_EDGE('',*,*,#689,.F.);
#321=ORIENTED_EDGE('',*,*,#692,.F.);
#322=ORIENTED_EDGE('',*,*,#693,.F.);
#323=ORIENTED_EDGE('',*,*,#678,.F.);
#324=ORIENTED_EDGE('',*,*,#691,.F.);
#325=ORIENTED_EDGE('',*,*,#694,.F.);
#326=ORIENTED_EDGE('',*,*,#695,.F.);
#327=ORIENTED_EDGE('',*,*,#696,.T.);
#328=ORIENTED_EDGE('',*,*,#697,.T.);
#329=ORIENTED_EDGE('',*,*,#698,.F.);
#330=ORIENTED_EDGE('',*,*,#695,.T.);
#331=ORIENTED_EDGE('',*,*,#699,.T.);
#332=ORIENTED_EDGE('',*,*,#700,.T.);
#333=ORIENTED_EDGE('',*,*,#701,.T.);
#334=ORIENTED_EDGE('',*,*,#702,.F.);
#335=ORIENTED_EDGE('',*,*,#703,.F.);
#336=ORIENTED_EDGE('',*,*,#687,.T.);
#337=ORIENTED_EDGE('',*,*,#704,.T.);
#338=ORIENTED_EDGE('',*,*,#705,.T.);
#339=ORIENTED_EDGE('',*,*,#700,.F.);
#340=ORIENTED_EDGE('',*,*,#686,.T.);
#341=ORIENTED_EDGE('',*,*,#706,.T.);
#342=ORIENTED_EDGE('',*,*,#707,.T.);
#343=ORIENTED_EDGE('',*,*,#704,.F.);
#344=ORIENTED_EDGE('',*,*,#685,.T.);
#345=ORIENTED_EDGE('',*,*,#682,.F.);
#346=ORIENTED_EDGE('',*,*,#676,.T.);
#347=ORIENTED_EDGE('',*,*,#708,.T.);
#348=ORIENTED_EDGE('',*,*,#709,.T.);
#349=ORIENTED_EDGE('',*,*,#706,.F.);
#350=ORIENTED_EDGE('',*,*,#675,.T.);
#351=ORIENTED_EDGE('',*,*,#668,.T.);
#352=ORIENTED_EDGE('',*,*,#665,.T.);
#353=ORIENTED_EDGE('',*,*,#710,.T.);
#354=ORIENTED_EDGE('',*,*,#711,.T.);
#355=ORIENTED_EDGE('',*,*,#708,.F.);
#356=ORIENTED_EDGE('',*,*,#664,.T.);
#357=ORIENTED_EDGE('',*,*,#712,.T.);
#358=ORIENTED_EDGE('',*,*,#713,.T.);
#359=ORIENTED_EDGE('',*,*,#710,.F.);
#360=ORIENTED_EDGE('',*,*,#663,.T.);
#361=ORIENTED_EDGE('',*,*,#667,.F.);
#362=ORIENTED_EDGE('',*,*,#674,.T.);
#363=ORIENTED_EDGE('',*,*,#698,.T.);
#364=ORIENTED_EDGE('',*,*,#714,.T.);
#365=ORIENTED_EDGE('',*,*,#712,.F.);
#366=ORIENTED_EDGE('',*,*,#673,.F.);
#367=ORIENTED_EDGE('',*,*,#679,.T.);
#368=ORIENTED_EDGE('',*,*,#693,.T.);
#369=ORIENTED_EDGE('',*,*,#715,.T.);
#370=ORIENTED_EDGE('',*,*,#699,.F.);
#371=ORIENTED_EDGE('',*,*,#694,.T.);
#372=ORIENTED_EDGE('',*,*,#692,.T.);
#373=ORIENTED_EDGE('',*,*,#690,.T.);
#374=ORIENTED_EDGE('',*,*,#688,.T.);
#375=ORIENTED_EDGE('',*,*,#703,.T.);
#376=ORIENTED_EDGE('',*,*,#716,.F.);
#377=ORIENTED_EDGE('',*,*,#717,.T.);
#378=ORIENTED_EDGE('',*,*,#718,.T.);
#379=ORIENTED_EDGE('',*,*,#719,.T.);
#380=ORIENTED_EDGE('',*,*,#720,.T.);
#381=ORIENTED_EDGE('',*,*,#721,.T.);
#382=ORIENTED_EDGE('',*,*,#722,.T.);
#383=ORIENTED_EDGE('',*,*,#723,.F.);
#384=ORIENTED_EDGE('',*,*,#724,.F.);
#385=ORIENTED_EDGE('',*,*,#725,.F.);
#386=ORIENTED_EDGE('',*,*,#726,.F.);
#387=ORIENTED_EDGE('',*,*,#727,.F.);
#388=ORIENTED_EDGE('',*,*,#722,.F.);
#389=ORIENTED_EDGE('',*,*,#728,.T.);
#390=ORIENTED_EDGE('',*,*,#729,.T.);
#391=ORIENTED_EDGE('',*,*,#730,.F.);
#392=ORIENTED_EDGE('',*,*,#731,.F.);
#393=ORIENTED_EDGE('',*,*,#732,.T.);
#394=ORIENTED_EDGE('',*,*,#733,.T.);
#395=ORIENTED_EDGE('',*,*,#696,.F.);
#396=ORIENTED_EDGE('',*,*,#727,.T.);
#397=ORIENTED_EDGE('',*,*,#734,.T.);
#398=ORIENTED_EDGE('',*,*,#735,.T.);
#399=ORIENTED_EDGE('',*,*,#736,.T.);
#400=ORIENTED_EDGE('',*,*,#724,.T.);
#401=ORIENTED_EDGE('',*,*,#737,.F.);
#402=ORIENTED_EDGE('',*,*,#738,.T.);
#403=ORIENTED_EDGE('',*,*,#739,.T.);
#404=ORIENTED_EDGE('',*,*,#737,.T.);
#405=ORIENTED_EDGE('',*,*,#723,.T.);
#406=ORIENTED_EDGE('',*,*,#730,.T.);
#407=ORIENTED_EDGE('',*,*,#740,.T.);
#408=ORIENTED_EDGE('',*,*,#721,.F.);
#409=ORIENTED_EDGE('',*,*,#741,.F.);
#410=ORIENTED_EDGE('',*,*,#742,.F.);
#411=ORIENTED_EDGE('',*,*,#728,.F.);
#412=ORIENTED_EDGE('',*,*,#720,.F.);
#413=ORIENTED_EDGE('',*,*,#743,.F.);
#414=ORIENTED_EDGE('',*,*,#744,.T.);
#415=ORIENTED_EDGE('',*,*,#745,.F.);
#416=ORIENTED_EDGE('',*,*,#741,.T.);
#417=ORIENTED_EDGE('',*,*,#746,.T.);
#418=ORIENTED_EDGE('',*,*,#747,.T.);
#419=ORIENTED_EDGE('',*,*,#748,.T.);
#420=ORIENTED_EDGE('',*,*,#749,.T.);
#421=ORIENTED_EDGE('',*,*,#750,.T.);
#422=ORIENTED_EDGE('',*,*,#751,.T.);
#423=ORIENTED_EDGE('',*,*,#752,.T.);
#424=ORIENTED_EDGE('',*,*,#753,.T.);
#425=ORIENTED_EDGE('',*,*,#754,.T.);
#426=ORIENTED_EDGE('',*,*,#755,.T.);
#427=ORIENTED_EDGE('',*,*,#756,.T.);
#428=ORIENTED_EDGE('',*,*,#757,.T.);
#429=ORIENTED_EDGE('',*,*,#758,.T.);
#430=ORIENTED_EDGE('',*,*,#759,.T.);
#431=ORIENTED_EDGE('',*,*,#702,.T.);
#432=ORIENTED_EDGE('',*,*,#760,.T.);
#433=ORIENTED_EDGE('',*,*,#761,.F.);
#434=ORIENTED_EDGE('',*,*,#716,.T.);
#435=ORIENTED_EDGE('',*,*,#726,.T.);
#436=ORIENTED_EDGE('',*,*,#762,.T.);
#437=ORIENTED_EDGE('',*,*,#763,.T.);
#438=ORIENTED_EDGE('',*,*,#734,.F.);
#439=ORIENTED_EDGE('',*,*,#764,.T.);
#440=ORIENTED_EDGE('',*,*,#765,.T.);
#441=ORIENTED_EDGE('',*,*,#766,.T.);
#442=ORIENTED_EDGE('',*,*,#767,.T.);
#443=ORIENTED_EDGE('',*,*,#768,.F.);
#444=ORIENTED_EDGE('',*,*,#769,.T.);
#445=ORIENTED_EDGE('',*,*,#770,.F.);
#446=ORIENTED_EDGE('',*,*,#735,.F.);
#447=ORIENTED_EDGE('',*,*,#763,.F.);
#448=ORIENTED_EDGE('',*,*,#771,.T.);
#449=ORIENTED_EDGE('',*,*,#772,.T.);
#450=ORIENTED_EDGE('',*,*,#773,.T.);
#451=ORIENTED_EDGE('',*,*,#774,.T.);
#452=ORIENTED_EDGE('',*,*,#775,.F.);
#453=ORIENTED_EDGE('',*,*,#718,.F.);
#454=ORIENTED_EDGE('',*,*,#776,.T.);
#455=ORIENTED_EDGE('',*,*,#777,.T.);
#456=ORIENTED_EDGE('',*,*,#778,.T.);
#457=ORIENTED_EDGE('',*,*,#779,.T.);
#458=ORIENTED_EDGE('',*,*,#780,.T.);
#459=ORIENTED_EDGE('',*,*,#781,.T.);
#460=ORIENTED_EDGE('',*,*,#782,.T.);
#461=ORIENTED_EDGE('',*,*,#777,.F.);
#462=ORIENTED_EDGE('',*,*,#776,.F.);
#463=ORIENTED_EDGE('',*,*,#717,.F.);
#464=ORIENTED_EDGE('',*,*,#761,.T.);
#465=ORIENTED_EDGE('',*,*,#783,.T.);
#466=ORIENTED_EDGE('',*,*,#784,.T.);
#467=ORIENTED_EDGE('',*,*,#785,.T.);
#468=ORIENTED_EDGE('',*,*,#786,.T.);
#469=ORIENTED_EDGE('',*,*,#787,.F.);
#470=ORIENTED_EDGE('',*,*,#788,.T.);
#471=ORIENTED_EDGE('',*,*,#789,.T.);
#472=ORIENTED_EDGE('',*,*,#790,.T.);
#473=ORIENTED_EDGE('',*,*,#785,.F.);
#474=ORIENTED_EDGE('',*,*,#791,.T.);
#475=ORIENTED_EDGE('',*,*,#787,.T.);
#476=ORIENTED_EDGE('',*,*,#792,.T.);
#477=ORIENTED_EDGE('',*,*,#793,.F.);
#478=ORIENTED_EDGE('',*,*,#794,.T.);
#479=ORIENTED_EDGE('',*,*,#793,.T.);
#480=ORIENTED_EDGE('',*,*,#795,.T.);
#481=ORIENTED_EDGE('',*,*,#796,.F.);
#482=ORIENTED_EDGE('',*,*,#797,.T.);
#483=ORIENTED_EDGE('',*,*,#725,.T.);
#484=ORIENTED_EDGE('',*,*,#736,.F.);
#485=ORIENTED_EDGE('',*,*,#798,.T.);
#486=ORIENTED_EDGE('',*,*,#796,.T.);
#487=ORIENTED_EDGE('',*,*,#799,.T.);
#488=ORIENTED_EDGE('',*,*,#771,.F.);
#489=ORIENTED_EDGE('',*,*,#762,.F.);
#490=ORIENTED_EDGE('',*,*,#743,.T.);
#491=ORIENTED_EDGE('',*,*,#719,.F.);
#492=ORIENTED_EDGE('',*,*,#775,.T.);
#493=ORIENTED_EDGE('',*,*,#800,.F.);
#494=ORIENTED_EDGE('',*,*,#801,.T.);
#495=ORIENTED_EDGE('',*,*,#800,.T.);
#496=ORIENTED_EDGE('',*,*,#802,.T.);
#497=ORIENTED_EDGE('',*,*,#789,.F.);
#498=ORIENTED_EDGE('',*,*,#803,.T.);
#499=ORIENTED_EDGE('',*,*,#804,.T.);
#500=ORIENTED_EDGE('',*,*,#805,.T.);
#501=ORIENTED_EDGE('',*,*,#738,.F.);
#502=ORIENTED_EDGE('',*,*,#740,.F.);
#503=ORIENTED_EDGE('',*,*,#729,.F.);
#504=ORIENTED_EDGE('',*,*,#742,.T.);
#505=ORIENTED_EDGE('',*,*,#745,.T.);
#506=ORIENTED_EDGE('',*,*,#806,.T.);
#507=ORIENTED_EDGE('',*,*,#807,.T.);
#508=ORIENTED_EDGE('',*,*,#808,.T.);
#509=ORIENTED_EDGE('',*,*,#768,.T.);
#510=ORIENTED_EDGE('',*,*,#809,.T.);
#511=ORIENTED_EDGE('',*,*,#810,.T.);
#512=ORIENTED_EDGE('',*,*,#811,.T.);
#513=ORIENTED_EDGE('',*,*,#812,.T.);
#514=ORIENTED_EDGE('',*,*,#813,.T.);
#515=ORIENTED_EDGE('',*,*,#814,.T.);
#516=ORIENTED_EDGE('',*,*,#781,.F.);
#517=ORIENTED_EDGE('',*,*,#815,.T.);
#518=ORIENTED_EDGE('',*,*,#816,.F.);
#519=ORIENTED_EDGE('',*,*,#817,.F.);
#520=ORIENTED_EDGE('',*,*,#816,.T.);
#521=ORIENTED_EDGE('',*,*,#818,.T.);
#522=ORIENTED_EDGE('',*,*,#819,.F.);
#523=ORIENTED_EDGE('',*,*,#820,.T.);
#524=ORIENTED_EDGE('',*,*,#731,.T.);
#525=ORIENTED_EDGE('',*,*,#770,.T.);
#526=ORIENTED_EDGE('',*,*,#821,.T.);
#527=ORIENTED_EDGE('',*,*,#822,.T.);
#528=ORIENTED_EDGE('',*,*,#823,.F.);
#529=ORIENTED_EDGE('',*,*,#819,.T.);
#530=ORIENTED_EDGE('',*,*,#824,.T.);
#531=ORIENTED_EDGE('',*,*,#823,.T.);
#532=ORIENTED_EDGE('',*,*,#825,.T.);
#533=ORIENTED_EDGE('',*,*,#817,.T.);
#534=ORIENTED_EDGE('',*,*,#820,.F.);
#535=ORIENTED_EDGE('',*,*,#801,.F.);
#536=ORIENTED_EDGE('',*,*,#803,.F.);
#537=ORIENTED_EDGE('',*,*,#826,.F.);
#538=ORIENTED_EDGE('',*,*,#806,.F.);
#539=ORIENTED_EDGE('',*,*,#744,.F.);
#540=ORIENTED_EDGE('',*,*,#826,.T.);
#541=ORIENTED_EDGE('',*,*,#791,.F.);
#542=ORIENTED_EDGE('',*,*,#827,.F.);
#543=ORIENTED_EDGE('',*,*,#807,.F.);
#544=ORIENTED_EDGE('',*,*,#827,.T.);
#545=ORIENTED_EDGE('',*,*,#788,.F.);
#546=ORIENTED_EDGE('',*,*,#828,.F.);
#547=ORIENTED_EDGE('',*,*,#808,.F.);
#548=ORIENTED_EDGE('',*,*,#828,.T.);
#549=ORIENTED_EDGE('',*,*,#794,.F.);
#550=ORIENTED_EDGE('',*,*,#829,.F.);
#551=ORIENTED_EDGE('',*,*,#804,.F.);
#552=ORIENTED_EDGE('',*,*,#739,.F.);
#553=ORIENTED_EDGE('',*,*,#805,.F.);
#554=ORIENTED_EDGE('',*,*,#829,.T.);
#555=ORIENTED_EDGE('',*,*,#797,.F.);
#556=ORIENTED_EDGE('',*,*,#798,.F.);
#557=ORIENTED_EDGE('',*,*,#810,.F.);
#558=ORIENTED_EDGE('',*,*,#830,.T.);
#559=ORIENTED_EDGE('',*,*,#812,.F.);
#560=ORIENTED_EDGE('',*,*,#825,.F.);
#561=ORIENTED_EDGE('',*,*,#822,.F.);
#562=ORIENTED_EDGE('',*,*,#831,.T.);
#563=ORIENTED_EDGE('',*,*,#799,.F.);
#564=ORIENTED_EDGE('',*,*,#795,.F.);
#565=ORIENTED_EDGE('',*,*,#832,.F.);
#566=ORIENTED_EDGE('',*,*,#772,.F.);
#567=ORIENTED_EDGE('',*,*,#832,.T.);
#568=ORIENTED_EDGE('',*,*,#792,.F.);
#569=ORIENTED_EDGE('',*,*,#833,.F.);
#570=ORIENTED_EDGE('',*,*,#773,.F.);
#571=ORIENTED_EDGE('',*,*,#833,.T.);
#572=ORIENTED_EDGE('',*,*,#786,.F.);
#573=ORIENTED_EDGE('',*,*,#834,.F.);
#574=ORIENTED_EDGE('',*,*,#774,.F.);
#575=ORIENTED_EDGE('',*,*,#834,.T.);
#576=ORIENTED_EDGE('',*,*,#790,.F.);
#577=ORIENTED_EDGE('',*,*,#835,.F.);
#578=ORIENTED_EDGE('',*,*,#765,.F.);
#579=ORIENTED_EDGE('',*,*,#782,.F.);
#580=ORIENTED_EDGE('',*,*,#814,.F.);
#581=ORIENTED_EDGE('',*,*,#836,.T.);
#582=ORIENTED_EDGE('',*,*,#766,.F.);
#583=ORIENTED_EDGE('',*,*,#835,.T.);
#584=ORIENTED_EDGE('',*,*,#802,.F.);
#585=ORIENTED_EDGE('',*,*,#778,.F.);
#586=ORIENTED_EDGE('',*,*,#815,.F.);
#587=ORIENTED_EDGE('',*,*,#837,.T.);
#588=ORIENTED_EDGE('',*,*,#746,.F.);
#589=ORIENTED_EDGE('',*,*,#838,.F.);
#590=ORIENTED_EDGE('',*,*,#838,.T.);
#591=ORIENTED_EDGE('',*,*,#759,.F.);
#592=ORIENTED_EDGE('',*,*,#839,.F.);
#593=ORIENTED_EDGE('',*,*,#818,.F.);
#594=ORIENTED_EDGE('',*,*,#758,.F.);
#595=ORIENTED_EDGE('',*,*,#840,.T.);
#596=ORIENTED_EDGE('',*,*,#824,.F.);
#597=ORIENTED_EDGE('',*,*,#839,.T.);
#598=ORIENTED_EDGE('',*,*,#830,.F.);
#599=ORIENTED_EDGE('',*,*,#809,.F.);
#600=ORIENTED_EDGE('',*,*,#767,.F.);
#601=ORIENTED_EDGE('',*,*,#836,.F.);
#602=ORIENTED_EDGE('',*,*,#813,.F.);
#603=ORIENTED_EDGE('',*,*,#831,.F.);
#604=ORIENTED_EDGE('',*,*,#821,.F.);
#605=ORIENTED_EDGE('',*,*,#769,.F.);
#606=ORIENTED_EDGE('',*,*,#811,.F.);
#607=ORIENTED_EDGE('',*,*,#732,.F.);
#608=ORIENTED_EDGE('',*,*,#840,.F.);
#609=ORIENTED_EDGE('',*,*,#841,.F.);
#610=ORIENTED_EDGE('',*,*,#841,.T.);
#611=ORIENTED_EDGE('',*,*,#757,.F.);
#612=ORIENTED_EDGE('',*,*,#842,.F.);
#613=ORIENTED_EDGE('',*,*,#733,.F.);
#614=ORIENTED_EDGE('',*,*,#842,.T.);
#615=ORIENTED_EDGE('',*,*,#756,.F.);
#616=ORIENTED_EDGE('',*,*,#843,.F.);
#617=ORIENTED_EDGE('',*,*,#697,.F.);
#618=ORIENTED_EDGE('',*,*,#843,.T.);
#619=ORIENTED_EDGE('',*,*,#755,.F.);
#620=ORIENTED_EDGE('',*,*,#844,.F.);
#621=ORIENTED_EDGE('',*,*,#714,.F.);
#622=ORIENTED_EDGE('',*,*,#844,.T.);
#623=ORIENTED_EDGE('',*,*,#754,.F.);
#624=ORIENTED_EDGE('',*,*,#845,.F.);
#625=ORIENTED_EDGE('',*,*,#713,.F.);
#626=ORIENTED_EDGE('',*,*,#837,.F.);
#627=ORIENTED_EDGE('',*,*,#780,.F.);
#628=ORIENTED_EDGE('',*,*,#846,.F.);
#629=ORIENTED_EDGE('',*,*,#845,.T.);
#630=ORIENTED_EDGE('',*,*,#753,.F.);
#631=ORIENTED_EDGE('',*,*,#847,.F.);
#632=ORIENTED_EDGE('',*,*,#711,.F.);
#633=ORIENTED_EDGE('',*,*,#846,.T.);
#634=ORIENTED_EDGE('',*,*,#779,.F.);
#635=ORIENTED_EDGE('',*,*,#848,.F.);
#636=ORIENTED_EDGE('',*,*,#747,.F.);
#637=ORIENTED_EDGE('',*,*,#847,.T.);
#638=ORIENTED_EDGE('',*,*,#752,.F.);
#639=ORIENTED_EDGE('',*,*,#849,.F.);
#640=ORIENTED_EDGE('',*,*,#709,.F.);
#641=ORIENTED_EDGE('',*,*,#848,.T.);
#642=ORIENTED_EDGE('',*,*,#760,.F.);
#643=ORIENTED_EDGE('',*,*,#850,.F.);
#644=ORIENTED_EDGE('',*,*,#748,.F.);
#645=ORIENTED_EDGE('',*,*,#849,.T.);
#646=ORIENTED_EDGE('',*,*,#751,.F.);
#647=ORIENTED_EDGE('',*,*,#851,.F.);
#648=ORIENTED_EDGE('',*,*,#707,.F.);
#649=ORIENTED_EDGE('',*,*,#850,.T.);
#650=ORIENTED_EDGE('',*,*,#701,.F.);
#651=ORIENTED_EDGE('',*,*,#852,.F.);
#652=ORIENTED_EDGE('',*,*,#749,.F.);
#653=ORIENTED_EDGE('',*,*,#851,.T.);
#654=ORIENTED_EDGE('',*,*,#750,.F.);
#655=ORIENTED_EDGE('',*,*,#852,.T.);
#656=ORIENTED_EDGE('',*,*,#705,.F.);
#657=ORIENTED_EDGE('',*,*,#715,.F.);
#658=ORIENTED_EDGE('',*,*,#783,.F.);
#659=ORIENTED_EDGE('',*,*,#784,.F.);
#660=ORIENTED_EDGE('',*,*,#764,.F.);
#661=EDGE_CURVE('',#853,#853,#974,.T.);
#662=EDGE_CURVE('',#854,#854,#268,.F.);
#663=EDGE_CURVE('',#855,#856,#242,.T.);
#664=EDGE_CURVE('',#857,#855,#975,.F.);
#665=EDGE_CURVE('',#858,#857,#243,.T.);
#666=EDGE_CURVE('',#856,#858,#976,.F.);
#667=EDGE_CURVE('',#859,#856,#18,.T.);
#668=EDGE_CURVE('',#860,#858,#19,.T.);
#669=EDGE_CURVE('',#859,#860,#20,.T.);
#670=EDGE_CURVE('',#861,#862,#977,.T.);
#671=EDGE_CURVE('',#862,#863,#21,.T.);
#672=EDGE_CURVE('',#863,#864,#978,.T.);
#673=EDGE_CURVE('',#864,#865,#22,.T.);
#674=EDGE_CURVE('',#859,#865,#979,.F.);
#675=EDGE_CURVE('',#866,#860,#980,.F.);
#676=EDGE_CURVE('',#861,#866,#23,.T.);
#677=EDGE_CURVE('',#863,#867,#24,.T.);
#678=EDGE_CURVE('',#867,#868,#981,.F.);
#679=EDGE_CURVE('',#864,#868,#25,.T.);
#680=EDGE_CURVE('',#862,#869,#26,.T.);
#681=EDGE_CURVE('',#869,#867,#27,.T.);
#682=EDGE_CURVE('',#861,#870,#28,.T.);
#683=EDGE_CURVE('',#870,#869,#982,.F.);
#684=EDGE_CURVE('',#871,#870,#983,.T.);
#685=EDGE_CURVE('',#872,#870,#29,.F.);
#686=EDGE_CURVE('',#873,#872,#244,.T.);
#687=EDGE_CURVE('',#874,#873,#269,.F.);
#688=EDGE_CURVE('',#871,#874,#30,.T.);
#689=EDGE_CURVE('',#875,#869,#984,.T.);
#690=EDGE_CURVE('',#875,#871,#985,.T.);
#691=EDGE_CURVE('',#876,#867,#986,.T.);
#692=EDGE_CURVE('',#876,#875,#31,.F.);
#693=EDGE_CURVE('',#868,#877,#245,.T.);
#694=EDGE_CURVE('',#878,#876,#987,.T.);
#695=EDGE_CURVE('',#877,#878,#246,.T.);
#696=EDGE_CURVE('',#879,#880,#32,.T.);
#697=EDGE_CURVE('',#880,#881,#988,.F.);
#698=EDGE_CURVE('',#877,#881,#33,.T.);
#699=EDGE_CURVE('',#878,#879,#989,.T.);
#700=EDGE_CURVE('',#873,#882,#34,.T.);
#701=EDGE_CURVE('',#882,#883,#35,.T.);
#702=EDGE_CURVE('',#884,#883,#36,.T.);
#703=EDGE_CURVE('',#874,#884,#37,.T.);
#704=EDGE_CURVE('',#872,#885,#38,.T.);
#705=EDGE_CURVE('',#885,#882,#990,.T.);
#706=EDGE_CURVE('',#866,#886,#39,.T.);
#707=EDGE_CURVE('',#886,#885,#40,.F.);
#708=EDGE_CURVE('',#857,#887,#41,.T.);
#709=EDGE_CURVE('',#887,#886,#991,.F.);
#710=EDGE_CURVE('',#855,#888,#42,.T.);
#711=EDGE_CURVE('',#888,#887,#43,.T.);
#712=EDGE_CURVE('',#865,#889,#44,.T.);
#713=EDGE_CURVE('',#889,#888,#992,.F.);
#714=EDGE_CURVE('',#881,#889,#45,.T.);
#715=EDGE_CURVE('',#890,#890,#993,.T.);
#716=EDGE_CURVE('',#891,#884,#994,.T.);
#717=EDGE_CURVE('',#891,#892,#46,.T.);
#718=EDGE_CURVE('',#892,#893,#47,.T.);
#719=EDGE_CURVE('',#893,#894,#48,.T.);
#720=EDGE_CURVE('',#894,#895,#995,.F.);
#721=EDGE_CURVE('',#895,#896,#996,.F.);
#722=EDGE_CURVE('',#896,#897,#49,.T.);
#723=EDGE_CURVE('',#898,#897,#997,.T.);
#724=EDGE_CURVE('',#899,#898,#998,.T.);
#725=EDGE_CURVE('',#900,#899,#50,.T.);
#726=EDGE_CURVE('',#901,#900,#51,.T.);
#727=EDGE_CURVE('',#879,#901,#52,.T.);
#728=EDGE_CURVE('',#896,#902,#53,.T.);
#729=EDGE_CURVE('',#902,#903,#54,.T.);
#730=EDGE_CURVE('',#897,#903,#55,.T.);
#731=EDGE_CURVE('',#904,#905,#56,.T.);
#732=EDGE_CURVE('',#904,#906,#247,.F.);
#733=EDGE_CURVE('',#906,#880,#57,.F.);
#734=EDGE_CURVE('',#901,#907,#58,.T.);
#735=EDGE_CURVE('',#907,#905,#59,.T.);
#736=EDGE_CURVE('',#908,#899,#60,.T.);
#737=EDGE_CURVE('',#909,#898,#61,.T.);
#738=EDGE_CURVE('',#909,#910,#999,.T.);
#739=EDGE_CURVE('',#910,#908,#270,.T.);
#740=EDGE_CURVE('',#903,#909,#1000,.T.);
#741=EDGE_CURVE('',#911,#895,#62,.T.);
#742=EDGE_CURVE('',#902,#911,#1001,.T.);
#743=EDGE_CURVE('',#912,#894,#63,.T.);
#744=EDGE_CURVE('',#912,#913,#271,.T.);
#745=EDGE_CURVE('',#911,#913,#1002,.T.);
#746=EDGE_CURVE('',#914,#915,#1003,.F.);
#747=EDGE_CURVE('',#915,#916,#64,.T.);
#748=EDGE_CURVE('',#916,#917,#1004,.T.);
#749=EDGE_CURVE('',#917,#918,#65,.F.);
#750=EDGE_CURVE('',#918,#919,#1005,.F.);
#751=EDGE_CURVE('',#919,#920,#66,.T.);
#752=EDGE_CURVE('',#920,#921,#1006,.T.);
#753=EDGE_CURVE('',#921,#922,#67,.F.);
#754=EDGE_CURVE('',#922,#923,#1007,.T.);
#755=EDGE_CURVE('',#923,#924,#68,.F.);
#756=EDGE_CURVE('',#924,#925,#1008,.T.);
#757=EDGE_CURVE('',#925,#926,#69,.T.);
#758=EDGE_CURVE('',#926,#927,#1009,.F.);
#759=EDGE_CURVE('',#927,#914,#70,.T.);
#760=EDGE_CURVE('',#883,#928,#1010,.F.);
#761=EDGE_CURVE('',#891,#928,#71,.T.);
#762=EDGE_CURVE('',#900,#929,#72,.T.);
#763=EDGE_CURVE('',#929,#907,#73,.T.);
#764=EDGE_CURVE('',#930,#930,#1011,.T.);
#765=EDGE_CURVE('',#931,#932,#1012,.F.);
#766=EDGE_CURVE('',#932,#933,#74,.F.);
#767=EDGE_CURVE('',#933,#934,#1013,.T.);
#768=EDGE_CURVE('',#935,#934,#75,.T.);
#769=EDGE_CURVE('',#935,#936,#1014,.T.);
#770=EDGE_CURVE('',#905,#936,#1015,.T.);
#771=EDGE_CURVE('',#929,#937,#76,.T.);
#772=EDGE_CURVE('',#937,#938,#77,.F.);
#773=EDGE_CURVE('',#938,#939,#1016,.F.);
#774=EDGE_CURVE('',#939,#931,#78,.F.);
#775=EDGE_CURVE('',#893,#940,#79,.T.);
#776=EDGE_CURVE('',#892,#941,#80,.T.);
#777=EDGE_CURVE('',#941,#942,#81,.T.);
#778=EDGE_CURVE('',#942,#940,#248,.T.);
#779=EDGE_CURVE('',#928,#943,#82,.F.);
#780=EDGE_CURVE('',#943,#944,#249,.T.);
#781=EDGE_CURVE('',#944,#945,#83,.T.);
#782=EDGE_CURVE('',#945,#942,#84,.T.);
#783=EDGE_CURVE('',#946,#946,#1017,.F.);
#784=EDGE_CURVE('',#947,#947,#1018,.F.);
#785=EDGE_CURVE('',#948,#949,#85,.T.);
#786=EDGE_CURVE('',#949,#950,#86,.T.);
#787=EDGE_CURVE('',#951,#950,#87,.T.);
#788=EDGE_CURVE('',#951,#948,#88,.T.);
#789=EDGE_CURVE('',#952,#953,#89,.T.);
#790=EDGE_CURVE('',#953,#949,#1019,.T.);
#791=EDGE_CURVE('',#948,#952,#1020,.T.);
#792=EDGE_CURVE('',#950,#954,#1021,.T.);
#793=EDGE_CURVE('',#955,#954,#90,.T.);
#794=EDGE_CURVE('',#955,#951,#1022,.T.);
#795=EDGE_CURVE('',#954,#956,#91,.T.);
#796=EDGE_CURVE('',#957,#956,#92,.T.);
#797=EDGE_CURVE('',#957,#955,#93,.T.);
#798=EDGE_CURVE('',#908,#957,#94,.F.);
#799=EDGE_CURVE('',#956,#937,#272,.F.);
#800=EDGE_CURVE('',#958,#940,#95,.T.);
#801=EDGE_CURVE('',#958,#912,#96,.F.);
#802=EDGE_CURVE('',#940,#953,#97,.T.);
#803=EDGE_CURVE('',#952,#958,#98,.T.);
#804=EDGE_CURVE('',#959,#960,#1023,.F.);
#805=EDGE_CURVE('',#960,#910,#99,.T.);
#806=EDGE_CURVE('',#913,#961,#100,.T.);
#807=EDGE_CURVE('',#961,#962,#1024,.F.);
#808=EDGE_CURVE('',#962,#959,#101,.T.);
#809=EDGE_CURVE('',#934,#963,#102,.F.);
#810=EDGE_CURVE('',#963,#964,#103,.T.);
#811=EDGE_CURVE('',#964,#935,#104,.T.);
#812=EDGE_CURVE('',#965,#966,#273,.F.);
#813=EDGE_CURVE('',#966,#967,#105,.T.);
#814=EDGE_CURVE('',#967,#945,#250,.T.);
#815=EDGE_CURVE('',#944,#968,#1025,.T.);
#816=EDGE_CURVE('',#969,#968,#106,.T.);
#817=EDGE_CURVE('',#965,#969,#1026,.T.);
#818=EDGE_CURVE('',#968,#970,#107,.F.);
#819=EDGE_CURVE('',#971,#970,#108,.T.);
#820=EDGE_CURVE('',#971,#969,#109,.T.);
#821=EDGE_CURVE('',#936,#972,#110,.F.);
#822=EDGE_CURVE('',#972,#973,#274,.F.);
#823=EDGE_CURVE('',#971,#973,#1027,.T.);
#824=EDGE_CURVE('',#970,#904,#1028,.T.);
#825=EDGE_CURVE('',#973,#965,#111,.T.);
#826=EDGE_CURVE('',#961,#952,#112,.T.);
#827=EDGE_CURVE('',#962,#948,#113,.T.);
#828=EDGE_CURVE('',#959,#951,#114,.T.);
#829=EDGE_CURVE('',#960,#955,#115,.T.);
#830=EDGE_CURVE('',#963,#966,#275,.T.);
#831=EDGE_CURVE('',#972,#964,#276,.T.);
#832=EDGE_CURVE('',#938,#954,#1029,.T.);
#833=EDGE_CURVE('',#939,#950,#1030,.T.);
#834=EDGE_CURVE('',#931,#949,#1031,.T.);
#835=EDGE_CURVE('',#932,#953,#1032,.T.);
#836=EDGE_CURVE('',#967,#933,#251,.T.);
#837=EDGE_CURVE('',#944,#915,#252,.F.);
#838=EDGE_CURVE('',#968,#914,#1033,.T.);
#839=EDGE_CURVE('',#970,#927,#1034,.T.);
#840=EDGE_CURVE('',#926,#904,#253,.T.);
#841=EDGE_CURVE('',#906,#926,#1035,.T.);
#842=EDGE_CURVE('',#880,#925,#1036,.T.);
#843=EDGE_CURVE('',#881,#924,#1037,.T.);
#844=EDGE_CURVE('',#889,#923,#1038,.T.);
#845=EDGE_CURVE('',#888,#922,#1039,.T.);
#846=EDGE_CURVE('',#915,#943,#1040,.T.);
#847=EDGE_CURVE('',#887,#921,#1041,.T.);
#848=EDGE_CURVE('',#916,#928,#1042,.T.);
#849=EDGE_CURVE('',#886,#920,#1043,.T.);
#850=EDGE_CURVE('',#917,#883,#1044,.T.);
#851=EDGE_CURVE('',#885,#919,#254,.T.);
#852=EDGE_CURVE('',#918,#882,#255,.F.);
#853=VERTEX_POINT('',#1904);
#854=VERTEX_POINT('',#1906);
#855=VERTEX_POINT('',#1912);
#856=VERTEX_POINT('',#1913);
#857=VERTEX_POINT('',#1915);
#858=VERTEX_POINT('',#1920);
#859=VERTEX_POINT('',#1924);
#860=VERTEX_POINT('',#1926);
#861=VERTEX_POINT('',#1930);
#862=VERTEX_POINT('',#1931);
#863=VERTEX_POINT('',#1933);
#864=VERTEX_POINT('',#1935);
#865=VERTEX_POINT('',#1937);
#866=VERTEX_POINT('',#1940);
#867=VERTEX_POINT('',#1944);
#868=VERTEX_POINT('',#1946);
#869=VERTEX_POINT('',#1950);
#870=VERTEX_POINT('',#1954);
#871=VERTEX_POINT('',#1958);
#872=VERTEX_POINT('',#1960);
#873=VERTEX_POINT('',#1966);
#874=VERTEX_POINT('',#1968);
#875=VERTEX_POINT('',#1972);
#876=VERTEX_POINT('',#1976);
#877=VERTEX_POINT('',#1989);
#878=VERTEX_POINT('',#1991);
#879=VERTEX_POINT('',#1998);
#880=VERTEX_POINT('',#1999);
#881=VERTEX_POINT('',#2001);
#882=VERTEX_POINT('',#2006);
#883=VERTEX_POINT('',#2008);
#884=VERTEX_POINT('',#2010);
#885=VERTEX_POINT('',#2014);
#886=VERTEX_POINT('',#2018);
#887=VERTEX_POINT('',#2022);
#888=VERTEX_POINT('',#2026);
#889=VERTEX_POINT('',#2030);
#890=VERTEX_POINT('',#2036);
#891=VERTEX_POINT('',#2038);
#892=VERTEX_POINT('',#2040);
#893=VERTEX_POINT('',#2042);
#894=VERTEX_POINT('',#2044);
#895=VERTEX_POINT('',#2046);
#896=VERTEX_POINT('',#2048);
#897=VERTEX_POINT('',#2050);
#898=VERTEX_POINT('',#2052);
#899=VERTEX_POINT('',#2054);
#900=VERTEX_POINT('',#2056);
#901=VERTEX_POINT('',#2058);
#902=VERTEX_POINT('',#2062);
#903=VERTEX_POINT('',#2064);
#904=VERTEX_POINT('',#2068);
#905=VERTEX_POINT('',#2069);
#906=VERTEX_POINT('',#2075);
#907=VERTEX_POINT('',#2078);
#908=VERTEX_POINT('',#2082);
#909=VERTEX_POINT('',#2084);
#910=VERTEX_POINT('',#2086);
#911=VERTEX_POINT('',#2092);
#912=VERTEX_POINT('',#2096);
#913=VERTEX_POINT('',#2098);
#914=VERTEX_POINT('',#2102);
#915=VERTEX_POINT('',#2103);
#916=VERTEX_POINT('',#2105);
#917=VERTEX_POINT('',#2107);
#918=VERTEX_POINT('',#2109);
#919=VERTEX_POINT('',#2111);
#920=VERTEX_POINT('',#2113);
#921=VERTEX_POINT('',#2115);
#922=VERTEX_POINT('',#2117);
#923=VERTEX_POINT('',#2119);
#924=VERTEX_POINT('',#2121);
#925=VERTEX_POINT('',#2123);
#926=VERTEX_POINT('',#2125);
#927=VERTEX_POINT('',#2127);
#928=VERTEX_POINT('',#2131);
#929=VERTEX_POINT('',#2135);
#930=VERTEX_POINT('',#2139);
#931=VERTEX_POINT('',#2141);
#932=VERTEX_POINT('',#2142);
#933=VERTEX_POINT('',#2144);
#934=VERTEX_POINT('',#2146);
#935=VERTEX_POINT('',#2148);
#936=VERTEX_POINT('',#2150);
#937=VERTEX_POINT('',#2153);
#938=VERTEX_POINT('',#2155);
#939=VERTEX_POINT('',#2157);
#940=VERTEX_POINT('',#2161);
#941=VERTEX_POINT('',#2163);
#942=VERTEX_POINT('',#2165);
#943=VERTEX_POINT('',#2172);
#944=VERTEX_POINT('',#2178);
#945=VERTEX_POINT('',#2180);
#946=VERTEX_POINT('',#2184);
#947=VERTEX_POINT('',#2186);
#948=VERTEX_POINT('',#2189);
#949=VERTEX_POINT('',#2190);
#950=VERTEX_POINT('',#2192);
#951=VERTEX_POINT('',#2194);
#952=VERTEX_POINT('',#2198);
#953=VERTEX_POINT('',#2199);
#954=VERTEX_POINT('',#2204);
#955=VERTEX_POINT('',#2206);
#956=VERTEX_POINT('',#2210);
#957=VERTEX_POINT('',#2212);
#958=VERTEX_POINT('',#2219);
#959=VERTEX_POINT('',#2226);
#960=VERTEX_POINT('',#2227);
#961=VERTEX_POINT('',#2230);
#962=VERTEX_POINT('',#2232);
#963=VERTEX_POINT('',#2236);
#964=VERTEX_POINT('',#2238);
#965=VERTEX_POINT('',#2242);
#966=VERTEX_POINT('',#2243);
#967=VERTEX_POINT('',#2245);
#968=VERTEX_POINT('',#2251);
#969=VERTEX_POINT('',#2253);
#970=VERTEX_POINT('',#2257);
#971=VERTEX_POINT('',#2259);
#972=VERTEX_POINT('',#2263);
#973=VERTEX_POINT('',#2265);
#974=CIRCLE('',#1337,0.001425);
#975=CIRCLE('',#1340,0.002425);
#976=CIRCLE('',#1341,0.002425);
#977=CIRCLE('',#1344,0.000698636165777956);
#978=CIRCLE('',#1345,0.00069863616577796);
#979=CIRCLE('',#1346,0.00107961288176694);
#980=CIRCLE('',#1347,0.00107961288176694);
#981=CIRCLE('',#1349,0.00069863616577796);
#982=CIRCLE('',#1352,0.000698636165777956);
#983=CIRCLE('',#1354,0.001);
#984=CIRCLE('',#1357,0.001);
#985=CIRCLE('',#1358,0.00169863616577796);
#986=CIRCLE('',#1360,0.001);
#987=CIRCLE('',#1362,0.00169863616577796);
#988=CIRCLE('',#1364,0.005);
#989=CIRCLE('',#1365,0.005);
#990=CIRCLE('',#1368,0.0199999999999982);
#991=CIRCLE('',#1371,0.00107961288176694);
#992=CIRCLE('',#1374,0.00107961288176694);
#993=CIRCLE('',#1377,0.0048639702342662);
#994=CIRCLE('',#1378,0.009);
#995=CIRCLE('',#1379,0.0016);
#996=CIRCLE('',#1380,0.004);
#997=CIRCLE('',#1381,0.004);
#998=CIRCLE('',#1382,0.0016);
#999=CIRCLE('',#1386,0.0016);
#1000=CIRCLE('',#1389,0.004);
#1001=CIRCLE('',#1391,0.004);
#1002=CIRCLE('',#1394,0.0016);
#1003=CIRCLE('',#1396,0.0025);
#1004=CIRCLE('',#1397,0.0085);
#1005=CIRCLE('',#1398,0.0204999999999982);
#1006=CIRCLE('',#1399,0.000579612881766944);
#1007=CIRCLE('',#1400,0.000579612881766937);
#1008=CIRCLE('',#1401,0.0045);
#1009=CIRCLE('',#1402,0.0025);
#1010=CIRCLE('',#1404,0.009);
#1011=CIRCLE('',#1407,0.0048639702342662);
#1012=CIRCLE('',#1408,0.0015);
#1013=CIRCLE('',#1409,0.0005);
#1014=CIRCLE('',#1410,0.0005);
#1015=CIRCLE('',#1411,0.002);
#1016=CIRCLE('',#1412,0.0015);
#1017=CIRCLE('',#1416,0.0038639702342662);
#1018=CIRCLE('',#1417,0.0038639702342662);
#1019=CIRCLE('',#1420,0.002);
#1020=CIRCLE('',#1421,0.002);
#1021=CIRCLE('',#1423,0.002);
#1022=CIRCLE('',#1424,0.002);
#1023=CIRCLE('',#1431,0.003);
#1024=CIRCLE('',#1432,0.003);
#1025=CIRCLE('',#1436,0.002);
#1026=CIRCLE('',#1437,0.002);
#1027=CIRCLE('',#1441,0.002);
#1028=CIRCLE('',#1442,0.002);
#1029=CIRCLE('',#1453,0.0005);
#1030=CIRCLE('',#1455,0.0005);
#1031=CIRCLE('',#1457,0.0005);
#1032=CIRCLE('',#1459,0.0005);
#1033=CIRCLE('',#1462,0.0005);
#1034=CIRCLE('',#1464,0.0005);
#1035=CIRCLE('',#1468,0.0005);
#1036=CIRCLE('',#1470,0.0005);
#1037=CIRCLE('',#1472,0.0005);
#1038=CIRCLE('',#1474,0.0005);
#1039=CIRCLE('',#1476,0.0005);
#1040=CIRCLE('',#1477,0.0005);
#1041=CIRCLE('',#1479,0.0005);
#1042=CIRCLE('',#1481,0.0005);
#1043=CIRCLE('',#1483,0.0005);
#1044=CIRCLE('',#1485,0.0005);
#1045=EDGE_LOOP('',(#277));
#1046=EDGE_LOOP('',(#278));
#1047=EDGE_LOOP('',(#279,#280,#281,#282));
#1048=EDGE_LOOP('',(#283));
#1049=EDGE_LOOP('',(#284,#285,#286,#287));
#1050=EDGE_LOOP('',(#288,#289,#290,#291,#292,#293,#294,#295));
#1051=EDGE_LOOP('',(#296,#297,#298,#299));
#1052=EDGE_LOOP('',(#300));
#1053=EDGE_LOOP('',(#301,#302,#303,#304));
#1054=EDGE_LOOP('',(#305,#306,#307,#308));
#1055=EDGE_LOOP('',(#309,#310,#311,#312,#313));
#1056=EDGE_LOOP('',(#314,#315,#316,#317));
#1057=EDGE_LOOP('',(#318,#319,#320,#321));
#1058=EDGE_LOOP('',(#322,#323,#324,#325,#326));
#1059=EDGE_LOOP('',(#327,#328,#329,#330,#331));
#1060=EDGE_LOOP('',(#332,#333,#334,#335,#336));
#1061=EDGE_LOOP('',(#337,#338,#339,#340));
#1062=EDGE_LOOP('',(#341,#342,#343,#344,#345,#346));
#1063=EDGE_LOOP('',(#347,#348,#349,#350,#351,#352));
#1064=EDGE_LOOP('',(#353,#354,#355,#356));
#1065=EDGE_LOOP('',(#357,#358,#359,#360,#361,#362));
#1066=EDGE_LOOP('',(#363,#364,#365,#366,#367,#368));
#1067=EDGE_LOOP('',(#369));
#1068=EDGE_LOOP('',(#370,#371,#372,#373,#374,#375,#376,#377,#378,#379,#380,
#381,#382,#383,#384,#385,#386,#387));
#1069=EDGE_LOOP('',(#388,#389,#390,#391));
#1070=EDGE_LOOP('',(#392,#393,#394,#395,#396,#397,#398));
#1071=EDGE_LOOP('',(#399,#400,#401,#402,#403));
#1072=EDGE_LOOP('',(#404,#405,#406,#407));
#1073=EDGE_LOOP('',(#408,#409,#410,#411));
#1074=EDGE_LOOP('',(#412,#413,#414,#415,#416));
#1075=EDGE_LOOP('',(#417,#418,#419,#420,#421,#422,#423,#424,#425,#426,#427,
#428,#429,#430));
#1076=EDGE_LOOP('',(#431,#432,#433,#434));
#1077=EDGE_LOOP('',(#435,#436,#437,#438));
#1078=EDGE_LOOP('',(#439));
#1079=EDGE_LOOP('',(#440,#441,#442,#443,#444,#445,#446,#447,#448,#449,#450,
#451));
#1080=EDGE_LOOP('',(#452,#453,#454,#455,#456));
#1081=EDGE_LOOP('',(#457,#458,#459,#460,#461,#462,#463,#464));
#1082=EDGE_LOOP('',(#465));
#1083=EDGE_LOOP('',(#466));
#1084=EDGE_LOOP('',(#467,#468,#469,#470));
#1085=EDGE_LOOP('',(#471,#472,#473,#474));
#1086=EDGE_LOOP('',(#475,#476,#477,#478));
#1087=EDGE_LOOP('',(#479,#480,#481,#482));
#1088=EDGE_LOOP('',(#483,#484,#485,#486,#487,#488,#489));
#1089=EDGE_LOOP('',(#490,#491,#492,#493,#494));
#1090=EDGE_LOOP('',(#495,#496,#497,#498));
#1091=EDGE_LOOP('',(#499,#500,#501,#502,#503,#504,#505,#506,#507,#508));
#1092=EDGE_LOOP('',(#509,#510,#511,#512));
#1093=EDGE_LOOP('',(#513,#514,#515,#516,#517,#518,#519));
#1094=EDGE_LOOP('',(#520,#521,#522,#523));
#1095=EDGE_LOOP('',(#524,#525,#526,#527,#528,#529,#530));
#1096=EDGE_LOOP('',(#531,#532,#533,#534));
#1097=EDGE_LOOP('',(#535,#536,#537,#538,#539));
#1098=EDGE_LOOP('',(#540,#541,#542,#543));
#1099=EDGE_LOOP('',(#544,#545,#546,#547));
#1100=EDGE_LOOP('',(#548,#549,#550,#551));
#1101=EDGE_LOOP('',(#552,#553,#554,#555,#556));
#1102=EDGE_LOOP('',(#557,#558,#559,#560,#561,#562));
#1103=EDGE_LOOP('',(#563,#564,#565,#566));
#1104=EDGE_LOOP('',(#567,#568,#569,#570));
#1105=EDGE_LOOP('',(#571,#572,#573,#574));
#1106=EDGE_LOOP('',(#575,#576,#577,#578));
#1107=EDGE_LOOP('',(#579,#580,#581,#582,#583,#584,#585));
#1108=EDGE_LOOP('',(#586,#587,#588,#589));
#1109=EDGE_LOOP('',(#590,#591,#592,#593));
#1110=EDGE_LOOP('',(#594,#595,#596,#597));
#1111=EDGE_LOOP('',(#598,#599,#600,#601,#602));
#1112=EDGE_LOOP('',(#603,#604,#605,#606));
#1113=EDGE_LOOP('',(#607,#608,#609));
#1114=EDGE_LOOP('',(#610,#611,#612,#613));
#1115=EDGE_LOOP('',(#614,#615,#616,#617));
#1116=EDGE_LOOP('',(#618,#619,#620,#621));
#1117=EDGE_LOOP('',(#622,#623,#624,#625));
#1118=EDGE_LOOP('',(#626,#627,#628));
#1119=EDGE_LOOP('',(#629,#630,#631,#632));
#1120=EDGE_LOOP('',(#633,#634,#635,#636));
#1121=EDGE_LOOP('',(#637,#638,#639,#640));
#1122=EDGE_LOOP('',(#641,#642,#643,#644));
#1123=EDGE_LOOP('',(#645,#646,#647,#648));
#1124=EDGE_LOOP('',(#649,#650,#651,#652));
#1125=EDGE_LOOP('',(#653,#654,#655,#656));
#1126=EDGE_LOOP('',(#657));
#1127=EDGE_LOOP('',(#658));
#1128=EDGE_LOOP('',(#659));
#1129=EDGE_LOOP('',(#660));
#1130=FACE_BOUND('',#1045,.T.);
#1131=FACE_BOUND('',#1046,.T.);
#1132=FACE_BOUND('',#1047,.T.);
#1133=FACE_BOUND('',#1048,.T.);
#1134=FACE_BOUND('',#1049,.T.);
#1135=FACE_BOUND('',#1050,.T.);
#1136=FACE_BOUND('',#1051,.T.);
#1137=FACE_BOUND('',#1052,.T.);
#1138=FACE_BOUND('',#1053,.T.);
#1139=FACE_BOUND('',#1054,.T.);
#1140=FACE_BOUND('',#1055,.T.);
#1141=FACE_BOUND('',#1056,.T.);
#1142=FACE_BOUND('',#1057,.T.);
#1143=FACE_BOUND('',#1058,.T.);
#1144=FACE_BOUND('',#1059,.T.);
#1145=FACE_BOUND('',#1060,.T.);
#1146=FACE_BOUND('',#1061,.T.);
#1147=FACE_BOUND('',#1062,.T.);
#1148=FACE_BOUND('',#1063,.T.);
#1149=FACE_BOUND('',#1064,.T.);
#1150=FACE_BOUND('',#1065,.T.);
#1151=FACE_BOUND('',#1066,.T.);
#1152=FACE_BOUND('',#1067,.T.);
#1153=FACE_BOUND('',#1068,.T.);
#1154=FACE_BOUND('',#1069,.T.);
#1155=FACE_BOUND('',#1070,.T.);
#1156=FACE_BOUND('',#1071,.T.);
#1157=FACE_BOUND('',#1072,.T.);
#1158=FACE_BOUND('',#1073,.T.);
#1159=FACE_BOUND('',#1074,.T.);
#1160=FACE_BOUND('',#1075,.T.);
#1161=FACE_BOUND('',#1076,.T.);
#1162=FACE_BOUND('',#1077,.T.);
#1163=FACE_BOUND('',#1078,.T.);
#1164=FACE_BOUND('',#1079,.T.);
#1165=FACE_BOUND('',#1080,.T.);
#1166=FACE_BOUND('',#1081,.T.);
#1167=FACE_BOUND('',#1082,.T.);
#1168=FACE_BOUND('',#1083,.T.);
#1169=FACE_BOUND('',#1084,.T.);
#1170=FACE_BOUND('',#1085,.T.);
#1171=FACE_BOUND('',#1086,.T.);
#1172=FACE_BOUND('',#1087,.T.);
#1173=FACE_BOUND('',#1088,.T.);
#1174=FACE_BOUND('',#1089,.T.);
#1175=FACE_BOUND('',#1090,.T.);
#1176=FACE_BOUND('',#1091,.T.);
#1177=FACE_BOUND('',#1092,.T.);
#1178=FACE_BOUND('',#1093,.T.);
#1179=FACE_BOUND('',#1094,.T.);
#1180=FACE_BOUND('',#1095,.T.);
#1181=FACE_BOUND('',#1096,.T.);
#1182=FACE_BOUND('',#1097,.T.);
#1183=FACE_BOUND('',#1098,.T.);
#1184=FACE_BOUND('',#1099,.T.);
#1185=FACE_BOUND('',#1100,.T.);
#1186=FACE_BOUND('',#1101,.T.);
#1187=FACE_BOUND('',#1102,.T.);
#1188=FACE_BOUND('',#1103,.T.);
#1189=FACE_BOUND('',#1104,.T.);
#1190=FACE_BOUND('',#1105,.T.);
#1191=FACE_BOUND('',#1106,.T.);
#1192=FACE_BOUND('',#1107,.T.);
#1193=FACE_BOUND('',#1108,.T.);
#1194=FACE_BOUND('',#1109,.T.);
#1195=FACE_BOUND('',#1110,.T.);
#1196=FACE_BOUND('',#1111,.T.);
#1197=FACE_BOUND('',#1112,.T.);
#1198=FACE_BOUND('',#1113,.T.);
#1199=FACE_BOUND('',#1114,.T.);
#1200=FACE_BOUND('',#1115,.T.);
#1201=FACE_BOUND('',#1116,.T.);
#1202=FACE_BOUND('',#1117,.T.);
#1203=FACE_BOUND('',#1118,.T.);
#1204=FACE_BOUND('',#1119,.T.);
#1205=FACE_BOUND('',#1120,.T.);
#1206=FACE_BOUND('',#1121,.T.);
#1207=FACE_BOUND('',#1122,.T.);
#1208=FACE_BOUND('',#1123,.T.);
#1209=FACE_BOUND('',#1124,.T.);
#1210=FACE_BOUND('',#1125,.T.);
#1211=FACE_BOUND('',#1126,.T.);
#1212=FACE_BOUND('',#1127,.T.);
#1213=FACE_BOUND('',#1128,.T.);
#1214=FACE_BOUND('',#1129,.T.);
#1215=CYLINDRICAL_SURFACE('',#1336,0.001425);
#1216=CYLINDRICAL_SURFACE('',#1348,0.00069863616577796);
#1217=CYLINDRICAL_SURFACE('',#1351,0.000698636165777956);
#1218=CYLINDRICAL_SURFACE('',#1353,0.001);
#1219=CYLINDRICAL_SURFACE('',#1359,0.001);
#1220=CYLINDRICAL_SURFACE('',#1363,0.005);
#1221=CYLINDRICAL_SURFACE('',#1367,0.0199999999999982);
#1222=CYLINDRICAL_SURFACE('',#1370,0.00107961288176694);
#1223=CYLINDRICAL_SURFACE('',#1373,0.00107961288176694);
#1224=CYLINDRICAL_SURFACE('',#1385,0.0016);
#1225=CYLINDRICAL_SURFACE('',#1388,0.004);
#1226=CYLINDRICAL_SURFACE('',#1390,0.004);
#1227=CYLINDRICAL_SURFACE('',#1392,0.0016);
#1228=CYLINDRICAL_SURFACE('',#1403,0.009);
#1229=CYLINDRICAL_SURFACE('',#1415,0.0038639702342662);
#1230=CYLINDRICAL_SURFACE('',#1419,0.002);
#1231=CYLINDRICAL_SURFACE('',#1422,0.002);
#1232=CYLINDRICAL_SURFACE('',#1434,0.002);
#1233=CYLINDRICAL_SURFACE('',#1439,0.002);
#1234=CYLINDRICAL_SURFACE('',#1452,0.0005);
#1235=CYLINDRICAL_SURFACE('',#1456,0.0005);
#1236=CYLINDRICAL_SURFACE('',#1460,0.0005);
#1237=CYLINDRICAL_SURFACE('',#1463,0.0005);
#1238=CYLINDRICAL_SURFACE('',#1466,0.0005);
#1239=CYLINDRICAL_SURFACE('',#1467,0.0005);
#1240=CYLINDRICAL_SURFACE('',#1469,0.0005);
#1241=CYLINDRICAL_SURFACE('',#1473,0.0005);
#1242=CYLINDRICAL_SURFACE('',#1478,0.0005);
#1243=CYLINDRICAL_SURFACE('',#1480,0.0005);
#1244=CYLINDRICAL_SURFACE('',#1486,0.0005);
#1245=CYLINDRICAL_SURFACE('',#1487,0.0005);
#1246=ADVANCED_FACE('',(#1130,#1131),#1215,.F.);
#1247=ADVANCED_FACE('',(#1132,#1133),#256,.T.);
#1248=ADVANCED_FACE('',(#1134),#214,.T.);
#1249=ADVANCED_FACE('',(#1135),#215,.T.);
#1250=ADVANCED_FACE('',(#1136),#1216,.T.);
#1251=ADVANCED_FACE('',(#1137,#1138),#216,.F.);
#1252=ADVANCED_FACE('',(#1139),#1217,.T.);
#1253=ADVANCED_FACE('',(#1140),#1218,.F.);
#1254=ADVANCED_FACE('',(#1141),#257,.F.);
#1255=ADVANCED_FACE('',(#1142),#1219,.F.);
#1256=ADVANCED_FACE('',(#1143),#258,.F.);
#1257=ADVANCED_FACE('',(#1144),#1220,.T.);
#1258=ADVANCED_FACE('',(#1145),#217,.T.);
#1259=ADVANCED_FACE('',(#1146),#1221,.F.);
#1260=ADVANCED_FACE('',(#1147),#218,.F.);
#1261=ADVANCED_FACE('',(#1148),#1222,.T.);
#1262=ADVANCED_FACE('',(#1149),#219,.T.);
#1263=ADVANCED_FACE('',(#1150),#1223,.T.);
#1264=ADVANCED_FACE('',(#1151),#220,.T.);
#1265=ADVANCED_FACE('',(#1152,#1153),#221,.F.);
#1266=ADVANCED_FACE('',(#1154),#222,.F.);
#1267=ADVANCED_FACE('',(#1155),#223,.T.);
#1268=ADVANCED_FACE('',(#1156),#1224,.T.);
#1269=ADVANCED_FACE('',(#1157),#1225,.T.);
#1270=ADVANCED_FACE('',(#1158),#1226,.T.);
#1271=ADVANCED_FACE('',(#1159),#1227,.T.);
#1272=ADVANCED_FACE('',(#1160),#224,.T.);
#1273=ADVANCED_FACE('',(#1161),#1228,.T.);
#1274=ADVANCED_FACE('',(#1162),#225,.T.);
#1275=ADVANCED_FACE('',(#1163,#1164),#226,.F.);
#1276=ADVANCED_FACE('',(#1165),#227,.F.);
#1277=ADVANCED_FACE('',(#1166),#228,.T.);
#1278=ADVANCED_FACE('',(#1167,#1168),#1229,.F.);
#1279=ADVANCED_FACE('',(#1169),#229,.F.);
#1280=ADVANCED_FACE('',(#1170),#1230,.F.);
#1281=ADVANCED_FACE('',(#1171),#1231,.F.);
#1282=ADVANCED_FACE('',(#1172),#230,.T.);
#1283=ADVANCED_FACE('',(#1173),#231,.T.);
#1284=ADVANCED_FACE('',(#1174),#232,.F.);
#1285=ADVANCED_FACE('',(#1175),#233,.T.);
#1286=ADVANCED_FACE('',(#1176),#234,.T.);
#1287=ADVANCED_FACE('',(#1177),#235,.F.);
#1288=ADVANCED_FACE('',(#1178),#1232,.T.);
#1289=ADVANCED_FACE('',(#1179),#236,.T.);
#1290=ADVANCED_FACE('',(#1180),#1233,.T.);
#1291=ADVANCED_FACE('',(#1181),#237,.T.);
#1292=ADVANCED_FACE('',(#1182),#238,.F.);
#1293=ADVANCED_FACE('',(#1183),#14,.F.);
#1294=ADVANCED_FACE('',(#1184),#239,.T.);
#1295=ADVANCED_FACE('',(#1185),#15,.F.);
#1296=ADVANCED_FACE('',(#1186),#240,.F.);
#1297=ADVANCED_FACE('',(#1187),#241,.T.);
#1298=ADVANCED_FACE('',(#1188),#1234,.F.);
#1299=ADVANCED_FACE('',(#1189),#259,.F.);
#1300=ADVANCED_FACE('',(#1190),#1235,.F.);
#1301=ADVANCED_FACE('',(#1191),#260,.F.);
#1302=ADVANCED_FACE('',(#1192),#1236,.F.);
#1303=ADVANCED_FACE('',(#1193),#261,.F.);
#1304=ADVANCED_FACE('',(#1194),#1237,.F.);
#1305=ADVANCED_FACE('',(#1195),#262,.F.);
#1306=ADVANCED_FACE('',(#1196),#1238,.T.);
#1307=ADVANCED_FACE('',(#1197),#1239,.T.);
#1308=ADVANCED_FACE('',(#1198),#12,.T.);
#1309=ADVANCED_FACE('',(#1199),#1240,.T.);
#1310=ADVANCED_FACE('',(#1200),#263,.T.);
#1311=ADVANCED_FACE('',(#1201),#1241,.T.);
#1312=ADVANCED_FACE('',(#1202),#264,.T.);
#1313=ADVANCED_FACE('',(#1203),#13,.T.);
#1314=ADVANCED_FACE('',(#1204),#1242,.T.);
#1315=ADVANCED_FACE('',(#1205),#1243,.T.);
#1316=ADVANCED_FACE('',(#1206),#265,.T.);
#1317=ADVANCED_FACE('',(#1207),#266,.T.);
#1318=ADVANCED_FACE('',(#1208),#1244,.T.);
#1319=ADVANCED_FACE('',(#1209),#1245,.T.);
#1320=ADVANCED_FACE('',(#1210),#267,.T.);
#1321=ADVANCED_FACE('',(#1211,#1212),#16,.F.);
#1322=ADVANCED_FACE('',(#1213,#1214),#17,.F.);
#1323=CLOSED_SHELL('',(#1246,#1247,#1248,#1249,#1250,#1251,#1252,#1253,
#1254,#1255,#1256,#1257,#1258,#1259,#1260,#1261,#1262,#1263,#1264,#1265,
#1266,#1267,#1268,#1269,#1270,#1271,#1272,#1273,#1274,#1275,#1276,#1277,
#1278,#1279,#1280,#1281,#1282,#1283,#1284,#1285,#1286,#1287,#1288,#1289,
#1290,#1291,#1292,#1293,#1294,#1295,#1296,#1297,#1298,#1299,#1300,#1301,
#1302,#1303,#1304,#1305,#1306,#1307,#1308,#1309,#1310,#1311,#1312,#1313,
#1314,#1315,#1316,#1317,#1318,#1319,#1320,#1321,#1322));
#1324=STYLED_ITEM('',(#1325),#1332);
#1325=PRESENTATION_STYLE_ASSIGNMENT((#1326));
#1326=SURFACE_STYLE_USAGE(.BOTH.,#1327);
#1327=SURFACE_SIDE_STYLE('',(#1328));
#1328=SURFACE_STYLE_FILL_AREA(#1329);
#1329=FILL_AREA_STYLE('',(#1330));
#1330=FILL_AREA_STYLE_COLOUR('',#1331);
#1331=COLOUR_RGB('',0.741176470588235,0.0862745098039216,0.172549019607843);
#1332=MANIFOLD_SOLID_BREP('Snapfit encoder attachment',#1323);
#1333=SHAPE_DEFINITION_REPRESENTATION(#2381,#1334);
#1334=SHAPE_REPRESENTATION('Snapfit encoder attachment',(#1335),#2376);
#1335=AXIS2_PLACEMENT_3D('',#1901,#1491,#1492);
#1336=AXIS2_PLACEMENT_3D('',#1902,#1493,#1494);
#1337=AXIS2_PLACEMENT_3D('',#1903,#1495,#1496);
#1338=AXIS2_PLACEMENT_3D('',#1905,#1497,#1498);
#1339=AXIS2_PLACEMENT_3D('',#1907,#1499,#1500);
#1340=AXIS2_PLACEMENT_3D('',#1914,#1501,#1502);
#1341=AXIS2_PLACEMENT_3D('',#1921,#1503,#1504);
#1342=AXIS2_PLACEMENT_3D('',#1922,#1505,#1506);
#1343=AXIS2_PLACEMENT_3D('',#1928,#1510,#1511);
#1344=AXIS2_PLACEMENT_3D('',#1929,#1512,#1513);
#1345=AXIS2_PLACEMENT_3D('',#1934,#1515,#1516);
#1346=AXIS2_PLACEMENT_3D('',#1938,#1518,#1519);
#1347=AXIS2_PLACEMENT_3D('',#1939,#1520,#1521);
#1348=AXIS2_PLACEMENT_3D('',#1942,#1523,#1524);
#1349=AXIS2_PLACEMENT_3D('',#1945,#1526,#1527);
#1350=AXIS2_PLACEMENT_3D('',#1948,#1529,#1530);
#1351=AXIS2_PLACEMENT_3D('',#1952,#1533,#1534);
#1352=AXIS2_PLACEMENT_3D('',#1955,#1536,#1537);
#1353=AXIS2_PLACEMENT_3D('',#1956,#1538,#1539);
#1354=AXIS2_PLACEMENT_3D('',#1957,#1540,#1541);
#1355=AXIS2_PLACEMENT_3D('',#1967,#1543,#1544);
#1356=AXIS2_PLACEMENT_3D('',#1970,#1546,#1547);
#1357=AXIS2_PLACEMENT_3D('',#1971,#1548,#1549);
#1358=AXIS2_PLACEMENT_3D('',#1973,#1550,#1551);
#1359=AXIS2_PLACEMENT_3D('',#1974,#1552,#1553);
#1360=AXIS2_PLACEMENT_3D('',#1975,#1554,#1555);
#1361=AXIS2_PLACEMENT_3D('',#1978,#1557,#1558);
#1362=AXIS2_PLACEMENT_3D('',#1990,#1559,#1560);
#1363=AXIS2_PLACEMENT_3D('',#1996,#1561,#1562);
#1364=AXIS2_PLACEMENT_3D('',#2000,#1564,#1565);
#1365=AXIS2_PLACEMENT_3D('',#2003,#1567,#1568);
#1366=AXIS2_PLACEMENT_3D('',#2004,#1569,#1570);
#1367=AXIS2_PLACEMENT_3D('',#2012,#1575,#1576);
#1368=AXIS2_PLACEMENT_3D('',#2015,#1578,#1579);
#1369=AXIS2_PLACEMENT_3D('',#2016,#1580,#1581);
#1370=AXIS2_PLACEMENT_3D('',#2020,#1584,#1585);
#1371=AXIS2_PLACEMENT_3D('',#2023,#1587,#1588);
#1372=AXIS2_PLACEMENT_3D('',#2024,#1589,#1590);
#1373=AXIS2_PLACEMENT_3D('',#2028,#1593,#1594);
#1374=AXIS2_PLACEMENT_3D('',#2031,#1596,#1597);
#1375=AXIS2_PLACEMENT_3D('',#2032,#1598,#1599);
#1376=AXIS2_PLACEMENT_3D('',#2034,#1601,#1602);
#1377=AXIS2_PLACEMENT_3D('',#2035,#1603,#1604);
#1378=AXIS2_PLACEMENT_3D('',#2037,#1605,#1606);
#1379=AXIS2_PLACEMENT_3D('',#2045,#1610,#1611);
#1380=AXIS2_PLACEMENT_3D('',#2047,#1612,#1613);
#1381=AXIS2_PLACEMENT_3D('',#2051,#1615,#1616);
#1382=AXIS2_PLACEMENT_3D('',#2053,#1617,#1618);
#1383=AXIS2_PLACEMENT_3D('',#2060,#1622,#1623);
#1384=AXIS2_PLACEMENT_3D('',#2066,#1627,#1628);
#1385=AXIS2_PLACEMENT_3D('',#2080,#1633,#1634);
#1386=AXIS2_PLACEMENT_3D('',#2085,#1637,#1638);
#1387=AXIS2_PLACEMENT_3D('',#2087,#1639,#1640);
#1388=AXIS2_PLACEMENT_3D('',#2088,#1641,#1642);
#1389=AXIS2_PLACEMENT_3D('',#2089,#1643,#1644);
#1390=AXIS2_PLACEMENT_3D('',#2090,#1645,#1646);
#1391=AXIS2_PLACEMENT_3D('',#2093,#1648,#1649);
#1392=AXIS2_PLACEMENT_3D('',#2094,#1650,#1651);
#1393=AXIS2_PLACEMENT_3D('',#2097,#1653,#1654);
#1394=AXIS2_PLACEMENT_3D('',#2099,#1655,#1656);
#1395=AXIS2_PLACEMENT_3D('',#2100,#1657,#1658);
#1396=AXIS2_PLACEMENT_3D('',#2101,#1659,#1660);
#1397=AXIS2_PLACEMENT_3D('',#2106,#1662,#1663);
#1398=AXIS2_PLACEMENT_3D('',#2110,#1665,#1666);
#1399=AXIS2_PLACEMENT_3D('',#2114,#1668,#1669);
#1400=AXIS2_PLACEMENT_3D('',#2118,#1671,#1672);
#1401=AXIS2_PLACEMENT_3D('',#2122,#1674,#1675);
#1402=AXIS2_PLACEMENT_3D('',#2126,#1677,#1678);
#1403=AXIS2_PLACEMENT_3D('',#2129,#1680,#1681);
#1404=AXIS2_PLACEMENT_3D('',#2130,#1682,#1683);
#1405=AXIS2_PLACEMENT_3D('',#2133,#1685,#1686);
#1406=AXIS2_PLACEMENT_3D('',#2137,#1689,#1690);
#1407=AXIS2_PLACEMENT_3D('',#2138,#1691,#1692);
#1408=AXIS2_PLACEMENT_3D('',#2140,#1693,#1694);
#1409=AXIS2_PLACEMENT_3D('',#2145,#1696,#1697);
#1410=AXIS2_PLACEMENT_3D('',#2149,#1699,#1700);
#1411=AXIS2_PLACEMENT_3D('',#2151,#1701,#1702);
#1412=AXIS2_PLACEMENT_3D('',#2156,#1705,#1706);
#1413=AXIS2_PLACEMENT_3D('',#2159,#1708,#1709);
#1414=AXIS2_PLACEMENT_3D('',#2170,#1713,#1714);
#1415=AXIS2_PLACEMENT_3D('',#2182,#1718,#1719);
#1416=AXIS2_PLACEMENT_3D('',#2183,#1720,#1721);
#1417=AXIS2_PLACEMENT_3D('',#2185,#1722,#1723);
#1418=AXIS2_PLACEMENT_3D('',#2187,#1724,#1725);
#1419=AXIS2_PLACEMENT_3D('',#2196,#1730,#1731);
#1420=AXIS2_PLACEMENT_3D('',#2200,#1733,#1734);
#1421=AXIS2_PLACEMENT_3D('',#2201,#1735,#1736);
#1422=AXIS2_PLACEMENT_3D('',#2202,#1737,#1738);
#1423=AXIS2_PLACEMENT_3D('',#2203,#1739,#1740);
#1424=AXIS2_PLACEMENT_3D('',#2207,#1742,#1743);
#1425=AXIS2_PLACEMENT_3D('',#2208,#1744,#1745);
#1426=AXIS2_PLACEMENT_3D('',#2214,#1749,#1750);
#1427=AXIS2_PLACEMENT_3D('',#2216,#1752,#1753);
#1428=AXIS2_PLACEMENT_3D('',#2217,#1754,#1755);
#1429=AXIS2_PLACEMENT_3D('',#2221,#1758,#1759);
#1430=AXIS2_PLACEMENT_3D('',#2224,#1762,#1763);
#1431=AXIS2_PLACEMENT_3D('',#2225,#1764,#1765);
#1432=AXIS2_PLACEMENT_3D('',#2231,#1768,#1769);
#1433=AXIS2_PLACEMENT_3D('',#2234,#1771,#1772);
#1434=AXIS2_PLACEMENT_3D('',#2240,#1776,#1777);
#1435=AXIS2_PLACEMENT_3D('',#2241,#1778,#1779);
#1436=AXIS2_PLACEMENT_3D('',#2250,#1781,#1782);
#1437=AXIS2_PLACEMENT_3D('',#2254,#1784,#1785);
#1438=AXIS2_PLACEMENT_3D('',#2255,#1786,#1787);
#1439=AXIS2_PLACEMENT_3D('',#2261,#1791,#1792);
#1440=AXIS2_PLACEMENT_3D('',#2264,#1794,#1795);
#1441=AXIS2_PLACEMENT_3D('',#2266,#1796,#1797);
#1442=AXIS2_PLACEMENT_3D('',#2267,#1798,#1799);
#1443=AXIS2_PLACEMENT_3D('',#2268,#1800,#1801);
#1444=AXIS2_PLACEMENT_3D('',#2270,#1803,#1804);
#1445=AXIS2_PLACEMENT_3D('',#2272,#1806,#1807);
#1446=AXIS2_PLACEMENT_3D('',#2274,#1809,#1810);
#1447=AXIS2_PLACEMENT_3D('',#2276,#1812,#1813);
#1448=AXIS2_PLACEMENT_3D('',#2278,#1815,#1816);
#1449=AXIS2_PLACEMENT_3D('',#2279,#1817,#1818);
#1450=AXIS2_PLACEMENT_3D('',#2280,#1819,#1820);
#1451=AXIS2_PLACEMENT_3D('',#2281,#1821,#1822);
#1452=AXIS2_PLACEMENT_3D('',#2282,#1823,#1824);
#1453=AXIS2_PLACEMENT_3D('',#2283,#1825,#1826);
#1454=AXIS2_PLACEMENT_3D('',#2284,#1827,#1828);
#1455=AXIS2_PLACEMENT_3D('',#2285,#1829,#1830);
#1456=AXIS2_PLACEMENT_3D('',#2286,#1831,#1832);
#1457=AXIS2_PLACEMENT_3D('',#2287,#1833,#1834);
#1458=AXIS2_PLACEMENT_3D('',#2288,#1835,#1836);
#1459=AXIS2_PLACEMENT_3D('',#2289,#1837,#1838);
#1460=AXIS2_PLACEMENT_3D('',#2290,#1839,#1840);
#1461=AXIS2_PLACEMENT_3D('',#2297,#1841,#1842);
#1462=AXIS2_PLACEMENT_3D('',#2303,#1843,#1844);
#1463=AXIS2_PLACEMENT_3D('',#2304,#1845,#1846);
#1464=AXIS2_PLACEMENT_3D('',#2305,#1847,#1848);
#1465=AXIS2_PLACEMENT_3D('',#2306,#1849,#1850);
#1466=AXIS2_PLACEMENT_3D('',#2312,#1851,#1852);
#1467=AXIS2_PLACEMENT_3D('',#2313,#1853,#1854);
#1468=AXIS2_PLACEMENT_3D('',#2329,#1855,#1856);
#1469=AXIS2_PLACEMENT_3D('',#2330,#1857,#1858);
#1470=AXIS2_PLACEMENT_3D('',#2331,#1859,#1860);
#1471=AXIS2_PLACEMENT_3D('',#2332,#1861,#1862);
#1472=AXIS2_PLACEMENT_3D('',#2333,#1863,#1864);
#1473=AXIS2_PLACEMENT_3D('',#2334,#1865,#1866);
#1474=AXIS2_PLACEMENT_3D('',#2335,#1867,#1868);
#1475=AXIS2_PLACEMENT_3D('',#2336,#1869,#1870);
#1476=AXIS2_PLACEMENT_3D('',#2337,#1871,#1872);
#1477=AXIS2_PLACEMENT_3D('',#2353,#1873,#1874);
#1478=AXIS2_PLACEMENT_3D('',#2354,#1875,#1876);
#1479=AXIS2_PLACEMENT_3D('',#2355,#1877,#1878);
#1480=AXIS2_PLACEMENT_3D('',#2356,#1879,#1880);
#1481=AXIS2_PLACEMENT_3D('',#2357,#1881,#1882);
#1482=AXIS2_PLACEMENT_3D('',#2358,#1883,#1884);
#1483=AXIS2_PLACEMENT_3D('',#2359,#1885,#1886);
#1484=AXIS2_PLACEMENT_3D('',#2360,#1887,#1888);
#1485=AXIS2_PLACEMENT_3D('',#2361,#1889,#1890);
#1486=AXIS2_PLACEMENT_3D('',#2362,#1891,#1892);
#1487=AXIS2_PLACEMENT_3D('',#2367,#1893,#1894);
#1488=AXIS2_PLACEMENT_3D('',#2372,#1895,#1896);
#1489=AXIS2_PLACEMENT_3D('',#2373,#1897,#1898);
#1490=AXIS2_PLACEMENT_3D('',#2374,#1899,#1900);
#1491=DIRECTION('',(0.,0.,1.));
#1492=DIRECTION('',(1.,0.,0.));
#1493=DIRECTION('',(-0.842915035809413,0.,0.538046691660134));
#1494=DIRECTION('',(0.538046691660134,0.,0.842915035809413));
#1495=DIRECTION('',(-0.842915035809413,0.,0.538046691660134));
#1496=DIRECTION('',(0.538046691660134,0.,0.842915035809413));
#1497=DIRECTION('',(-0.771870122174726,0.,0.63578024072314));
#1498=DIRECTION('',(-0.63578024072314,0.,-0.771870122174726));
#1499=DIRECTION('',(-0.842915035809413,0.,0.538046691660134));
#1500=DIRECTION('',(0.538046691660134,0.,0.842915035809413));
#1501=DIRECTION('',(-0.842915035809413,0.,0.538046691660134));
#1502=DIRECTION('',(0.538046691660134,0.,0.842915035809413));
#1503=DIRECTION('',(-0.842915035809413,0.,0.538046691660134));
#1504=DIRECTION('',(0.538046691660134,0.,0.842915035809413));
#1505=DIRECTION('',(-0.842915035809413,0.,0.538046691660134));
#1506=DIRECTION('',(0.538046691660134,0.,0.842915035809413));
#1507=DIRECTION('',(0.,1.,0.));
#1508=DIRECTION('',(0.,1.,0.));
#1509=DIRECTION('',(-0.538046691660134,7.09085257991772E-15,-0.842915035809413));
#1510=DIRECTION('',(-1.08741092987152E-14,-1.,-1.47117324322313E-15));
#1511=DIRECTION('',(0.53804669166015,-7.09085257995753E-15,0.842915035809419));
#1512=DIRECTION('',(-1.08741092987152E-14,-1.,-1.47117324322313E-15));
#1513=DIRECTION('',(1.,-1.08741092987152E-14,0.));
#1514=DIRECTION('',(0.63578024072314,-8.04909849857373E-15,0.771870122174726));
#1515=DIRECTION('',(-1.08741092987152E-14,-1.,-1.47117324322313E-15));
#1516=DIRECTION('',(1.,-1.08741092987152E-14,0.));
#1517=DIRECTION('',(-0.84291503580941,8.37439033254686E-15,0.53804669166014));
#1518=DIRECTION('',(-1.08741092987152E-14,-1.,-1.47117324322313E-15));
#1519=DIRECTION('',(1.,-1.08741092987152E-14,0.));
#1520=DIRECTION('',(-1.08741092987152E-14,-1.,-1.47117324322313E-15));
#1521=DIRECTION('',(1.,-1.08741092987152E-14,0.));
#1522=DIRECTION('',(-0.842915035809409,8.37439033254686E-15,0.53804669166014));
#1523=DIRECTION('',(0.,1.,0.));
#1524=DIRECTION('',(0.,0.,1.));
#1525=DIRECTION('',(0.,1.,0.));
#1526=DIRECTION('',(0.,1.,0.));
#1527=DIRECTION('',(0.,0.,1.));
#1528=DIRECTION('',(0.,1.,0.));
#1529=DIRECTION('',(-0.771870122174726,0.,0.63578024072314));
#1530=DIRECTION('',(0.63578024072314,0.,0.771870122174726));
#1531=DIRECTION('',(0.,1.,0.));
#1532=DIRECTION('',(0.63578024072314,0.,0.771870122174726));
#1533=DIRECTION('',(0.,1.,0.));
#1534=DIRECTION('',(0.,0.,1.));
#1535=DIRECTION('',(0.,1.,0.));
#1536=DIRECTION('',(0.,1.,0.));
#1537=DIRECTION('',(0.,0.,1.));
#1538=DIRECTION('',(0.842915035809409,0.,-0.53804669166014));
#1539=DIRECTION('',(-0.53804669166014,0.,-0.842915035809409));
#1540=DIRECTION('',(0.84291503580941,0.,-0.53804669166014));
#1541=DIRECTION('',(-0.53804669166014,0.,-0.84291503580941));
#1542=DIRECTION('',(-0.842915035809409,0.,0.53804669166014));
#1543=DIRECTION('',(-0.78236001135984,0.,0.622826470716387));
#1544=DIRECTION('',(0.622826470716387,0.,0.78236001135984));
#1545=DIRECTION('',(-0.842915035809409,0.,0.53804669166014));
#1546=DIRECTION('',(0.,1.,0.));
#1547=DIRECTION('',(0.,0.,1.));
#1548=DIRECTION('',(0.635780240723138,0.,0.771870122174727));
#1549=DIRECTION('',(0.771870122174727,0.,-0.635780240723138));
#1550=DIRECTION('',(0.,1.,0.));
#1551=DIRECTION('',(0.,0.,1.));
#1552=DIRECTION('',(-0.63578024072314,0.,-0.771870122174726));
#1553=DIRECTION('',(-0.771870122174726,0.,0.63578024072314));
#1554=DIRECTION('',(0.635780240723132,0.,0.771870122174732));
#1555=DIRECTION('',(0.771870122174732,0.,-0.635780240723132));
#1556=DIRECTION('',(0.63578024072314,0.,0.771870122174726));
#1557=DIRECTION('',(0.,1.,0.));
#1558=DIRECTION('',(0.,0.,1.));
#1559=DIRECTION('',(0.,1.,0.));
#1560=DIRECTION('',(0.,0.,1.));
#1561=DIRECTION('',(0.,1.,0.));
#1562=DIRECTION('',(0.,0.,1.));
#1563=DIRECTION('',(0.,1.,0.));
#1564=DIRECTION('',(0.,1.,0.));
#1565=DIRECTION('',(0.,0.,1.));
#1566=DIRECTION('',(0.,1.,0.));
#1567=DIRECTION('',(0.,1.,0.));
#1568=DIRECTION('',(0.,0.,1.));
#1569=DIRECTION('',(-0.78236001135984,0.,0.622826470716387));
#1570=DIRECTION('',(0.622826470716387,0.,0.78236001135984));
#1571=DIRECTION('',(0.,1.,0.));
#1572=DIRECTION('',(-0.622826470716387,0.,-0.78236001135984));
#1573=DIRECTION('',(0.,1.,0.));
#1574=DIRECTION('',(-0.622826470716387,0.,-0.78236001135984));
#1575=DIRECTION('',(0.,1.,0.));
#1576=DIRECTION('',(0.,0.,1.));
#1577=DIRECTION('',(0.,1.,0.));
#1578=DIRECTION('',(0.,1.,0.));
#1579=DIRECTION('',(0.,0.,1.));
#1580=DIRECTION('',(0.53804669166014,0.,0.842915035809409));
#1581=DIRECTION('',(0.842915035809409,0.,-0.53804669166014));
#1582=DIRECTION('',(0.,1.,0.));
#1583=DIRECTION('',(-0.842915035809409,0.,0.53804669166014));
#1584=DIRECTION('',(0.,1.,0.));
#1585=DIRECTION('',(0.,0.,1.));
#1586=DIRECTION('',(0.,1.,0.));
#1587=DIRECTION('',(0.,1.,0.));
#1588=DIRECTION('',(0.,0.,1.));
#1589=DIRECTION('',(-0.842915035809413,0.,0.538046691660134));
#1590=DIRECTION('',(0.538046691660134,0.,0.842915035809413));
#1591=DIRECTION('',(0.,1.,0.));
#1592=DIRECTION('',(-0.538046691660134,0.,-0.842915035809413));
#1593=DIRECTION('',(0.,1.,0.));
#1594=DIRECTION('',(0.,0.,1.));
#1595=DIRECTION('',(0.,1.,0.));
#1596=DIRECTION('',(0.,1.,0.));
#1597=DIRECTION('',(0.,0.,1.));
#1598=DIRECTION('',(0.53804669166014,0.,0.84291503580941));
#1599=DIRECTION('',(0.84291503580941,0.,-0.53804669166014));
#1600=DIRECTION('',(-0.84291503580941,0.,0.53804669166014));
#1601=DIRECTION('',(0.,1.,0.));
#1602=DIRECTION('',(1.,0.,0.));
#1603=DIRECTION('',(0.,1.,0.));
#1604=DIRECTION('',(0.,0.,1.));
#1605=DIRECTION('',(0.,1.,0.));
#1606=DIRECTION('',(0.,0.,1.));
#1607=DIRECTION('',(0.,0.,-1.));
#1608=DIRECTION('',(3.24400248290291E-6,0.,-0.999999999994738));
#1609=DIRECTION('',(-0.991309656083367,0.,-0.131549100171291));
#1610=DIRECTION('',(0.,1.,0.));
#1611=DIRECTION('',(0.,0.,1.));
#1612=DIRECTION('',(0.,1.,0.));
#1613=DIRECTION('',(0.,0.,1.));
#1614=DIRECTION('',(1.,0.,0.));
#1615=DIRECTION('',(0.,1.,0.));
#1616=DIRECTION('',(0.,0.,1.));
#1617=DIRECTION('',(0.,1.,0.));
#1618=DIRECTION('',(0.,0.,1.));
#1619=DIRECTION('',(0.991309656083367,0.,-0.131549100171291));
#1620=DIRECTION('',(-2.13815015188704E-5,0.,-0.999999999771416));
#1621=DIRECTION('',(0.,0.,-1.));
#1622=DIRECTION('',(0.,0.,1.));
#1623=DIRECTION('',(1.,0.,0.));
#1624=DIRECTION('',(0.,1.,0.));
#1625=DIRECTION('',(1.,0.,0.));
#1626=DIRECTION('',(0.,1.,0.));
#1627=DIRECTION('',(1.,0.,0.));
#1628=DIRECTION('',(0.,0.,-1.));
#1629=DIRECTION('',(0.,1.,0.));
#1630=DIRECTION('',(0.,0.,-1.));
#1631=DIRECTION('',(0.,1.,0.));
#1632=DIRECTION('',(0.,0.,1.));
#1633=DIRECTION('',(0.,-1.,0.));
#1634=DIRECTION('',(0.,0.,-1.));
#1635=DIRECTION('',(0.,-1.,0.));
#1636=DIRECTION('',(0.,-1.,0.));
#1637=DIRECTION('',(0.,-1.,0.));
#1638=DIRECTION('',(0.,0.,1.));
#1639=DIRECTION('',(0.707106781186547,-0.707106781186548,2.20735883715521E-15));
#1640=DIRECTION('',(-0.707106781186548,-0.707106781186547,-2.20735883715521E-15));
#1641=DIRECTION('',(0.,-1.,0.));
#1642=DIRECTION('',(0.,0.,-1.));
#1643=DIRECTION('',(0.,-1.,0.));
#1644=DIRECTION('',(0.,0.,1.));
#1645=DIRECTION('',(0.,-1.,0.));
#1646=DIRECTION('',(0.,0.,-1.));
#1647=DIRECTION('',(0.,-1.,0.));
#1648=DIRECTION('',(0.,1.,0.));
#1649=DIRECTION('',(0.,0.,1.));
#1650=DIRECTION('',(0.,-1.,0.));
#1651=DIRECTION('',(0.,0.,-1.));
#1652=DIRECTION('',(0.,-1.,0.));
#1653=DIRECTION('',(-0.707106781186547,-0.707106781186548,0.));
#1654=DIRECTION('',(0.707106781186548,-0.707106781186547,0.));
#1655=DIRECTION('',(0.,1.,0.));
#1656=DIRECTION('',(0.,0.,1.));
#1657=DIRECTION('',(0.,1.,0.));
#1658=DIRECTION('',(1.,0.,0.));
#1659=DIRECTION('',(0.,1.,0.));
#1660=DIRECTION('',(0.,0.,1.));
#1661=DIRECTION('',(0.,0.,1.));
#1662=DIRECTION('',(0.,1.,0.));
#1663=DIRECTION('',(0.,0.,1.));
#1664=DIRECTION('',(-0.622826470716387,0.,-0.78236001135984));
#1665=DIRECTION('',(0.,1.,0.));
#1666=DIRECTION('',(0.,0.,1.));
#1667=DIRECTION('',(-0.842915035809409,0.,0.53804669166014));
#1668=DIRECTION('',(0.,1.,0.));
#1669=DIRECTION('',(0.,0.,1.));
#1670=DIRECTION('',(-0.538046691660134,0.,-0.842915035809413));
#1671=DIRECTION('',(0.,1.,0.));
#1672=DIRECTION('',(0.,0.,1.));
#1673=DIRECTION('',(-0.84291503580941,0.,0.53804669166014));
#1674=DIRECTION('',(0.,1.,0.));
#1675=DIRECTION('',(0.,0.,1.));
#1676=DIRECTION('',(0.,0.,-1.));
#1677=DIRECTION('',(0.,1.,0.));
#1678=DIRECTION('',(0.,0.,1.));
#1679=DIRECTION('',(-1.,0.,0.));
#1680=DIRECTION('',(0.,1.,0.));
#1681=DIRECTION('',(0.,0.,1.));
#1682=DIRECTION('',(0.,1.,0.));
#1683=DIRECTION('',(0.,0.,1.));
#1684=DIRECTION('',(0.,1.,0.));
#1685=DIRECTION('',(0.999999999771416,0.,-2.13815015188704E-5));
#1686=DIRECTION('',(-2.13815015188704E-5,0.,-0.999999999771416));
#1687=DIRECTION('',(0.,1.,0.));
#1688=DIRECTION('',(2.13815015188704E-5,0.,0.999999999771416));
#1689=DIRECTION('',(0.,-1.,0.));
#1690=DIRECTION('',(1.,0.,0.));
#1691=DIRECTION('',(0.,-1.,0.));
#1692=DIRECTION('',(0.,0.,-1.));
#1693=DIRECTION('',(0.,-1.,0.));
#1694=DIRECTION('',(0.,0.,-1.));
#1695=DIRECTION('',(0.,0.,-1.));
#1696=DIRECTION('',(0.,-1.,0.));
#1697=DIRECTION('',(0.,0.,-1.));
#1698=DIRECTION('',(-1.,0.,0.));
#1699=DIRECTION('',(0.,-1.,0.));
#1700=DIRECTION('',(0.,0.,-1.));
#1701=DIRECTION('',(0.,-1.,0.));
#1702=DIRECTION('',(0.,0.,-1.));
#1703=DIRECTION('',(-0.991309656083367,0.,0.131549100171291));
#1704=DIRECTION('',(-3.121676804529E-15,0.,1.));
#1705=DIRECTION('',(0.,-1.,0.));
#1706=DIRECTION('',(0.,0.,-1.));
#1707=DIRECTION('',(1.,0.,0.));
#1708=DIRECTION('',(0.999999999994738,0.,3.24400248290291E-6));
#1709=DIRECTION('',(3.24400248290291E-6,0.,-0.999999999994738));
#1710=DIRECTION('',(0.,1.,0.));
#1711=DIRECTION('',(0.,1.,0.));
#1712=DIRECTION('',(0.,1.,0.));
#1713=DIRECTION('',(-1.,0.,0.));
#1714=DIRECTION('',(0.,0.,1.));
#1715=DIRECTION('',(0.,0.,1.));
#1716=DIRECTION('',(0.,1.,0.));
#1717=DIRECTION('',(0.,0.,-1.));
#1718=DIRECTION('',(0.,1.,0.));
#1719=DIRECTION('',(0.,0.,1.));
#1720=DIRECTION('',(0.,1.,0.));
#1721=DIRECTION('',(0.,0.,1.));
#1722=DIRECTION('',(0.,-1.,0.));
#1723=DIRECTION('',(0.,0.,-1.));
#1724=DIRECTION('',(0.,0.,-1.));
#1725=DIRECTION('',(-1.,0.,0.));
#1726=DIRECTION('',(0.,-1.,0.));
#1727=DIRECTION('',(1.,0.,0.));
#1728=DIRECTION('',(0.,-1.,0.));
#1729=DIRECTION('',(-1.,0.,0.));
#1730=DIRECTION('',(0.,-1.,0.));
#1731=DIRECTION('',(0.,0.,-1.));
#1732=DIRECTION('',(0.,-1.,0.));
#1733=DIRECTION('',(0.,-1.,0.));
#1734=DIRECTION('',(0.,0.,-1.));
#1735=DIRECTION('',(0.,1.,0.));
#1736=DIRECTION('',(0.,0.,1.));
#1737=DIRECTION('',(0.,-1.,0.));
#1738=DIRECTION('',(0.,0.,-1.));
#1739=DIRECTION('',(0.,-1.,0.));
#1740=DIRECTION('',(0.,0.,-1.));
#1741=DIRECTION('',(0.,-1.,0.));
#1742=DIRECTION('',(0.,1.,0.));
#1743=DIRECTION('',(0.,0.,1.));
#1744=DIRECTION('',(-1.,0.,-3.121676804529E-15));
#1745=DIRECTION('',(-3.121676804529E-15,0.,1.));
#1746=DIRECTION('',(-3.121676804529E-15,0.,1.));
#1747=DIRECTION('',(0.,-1.,0.));
#1748=DIRECTION('',(3.121676804529E-15,0.,-1.));
#1749=DIRECTION('',(0.131549100171291,0.,0.991309656083367));
#1750=DIRECTION('',(0.991309656083367,0.,-0.131549100171291));
#1751=DIRECTION('',(0.704014167642603,0.704014167642602,-0.0934243197298545));
#1752=DIRECTION('',(0.131549100171291,0.,0.991309656083367));
#1753=DIRECTION('',(-0.991309656083367,0.,0.131549100171291));
#1754=DIRECTION('',(0.131549100171291,0.,-0.991309656083367));
#1755=DIRECTION('',(-0.991309656083367,0.,-0.131549100171291));
#1756=DIRECTION('',(0.,-1.,0.));
#1757=DIRECTION('',(0.704014167642603,-0.704014167642603,0.0934243197298545));
#1758=DIRECTION('',(1.,0.,0.));
#1759=DIRECTION('',(0.,0.,-1.));
#1760=DIRECTION('',(0.,0.,-1.));
#1761=DIRECTION('',(0.,0.,1.));
#1762=DIRECTION('',(0.,1.,0.));
#1763=DIRECTION('',(-1.,0.,0.));
#1764=DIRECTION('',(0.,1.,0.));
#1765=DIRECTION('',(0.,0.,1.));
#1766=DIRECTION('',(-3.121676804529E-15,0.,1.));
#1767=DIRECTION('',(0.,0.,-1.));
#1768=DIRECTION('',(0.,1.,0.));
#1769=DIRECTION('',(0.,0.,1.));
#1770=DIRECTION('',(1.,0.,0.));
#1771=DIRECTION('',(-3.36870757651782E-15,0.,1.));
#1772=DIRECTION('',(1.,0.,3.36870757651782E-15));
#1773=DIRECTION('',(0.,-1.,0.));
#1774=DIRECTION('',(1.,0.,3.36870757651782E-15));
#1775=DIRECTION('',(0.,-1.,0.));
#1776=DIRECTION('',(0.,-1.,0.));
#1777=DIRECTION('',(0.,0.,-1.));
#1778=DIRECTION('',(2.38203597119025E-15,0.707106781186548,-0.707106781186547));
#1779=DIRECTION('',(2.38203597119025E-15,-0.707106781186547,-0.707106781186548));
#1780=DIRECTION('',(0.,-1.,0.));
#1781=DIRECTION('',(0.,1.,0.));
#1782=DIRECTION('',(0.,0.,1.));
#1783=DIRECTION('',(0.,-1.,0.));
#1784=DIRECTION('',(0.,1.,0.));
#1785=DIRECTION('',(0.,0.,1.));
#1786=DIRECTION('',(0.,0.,1.));
#1787=DIRECTION('',(1.,0.,0.));
#1788=DIRECTION('',(-1.,0.,0.));
#1789=DIRECTION('',(0.,-1.,0.));
#1790=DIRECTION('',(-1.,0.,0.));
#1791=DIRECTION('',(0.,-1.,0.));
#1792=DIRECTION('',(0.,0.,-1.));
#1793=DIRECTION('',(0.,-1.,0.));
#1794=DIRECTION('',(2.38203597119025E-15,0.707106781186548,-0.707106781186547));
#1795=DIRECTION('',(2.38203597119025E-15,-0.707106781186547,-0.707106781186548));
#1796=DIRECTION('',(0.,1.,0.));
#1797=DIRECTION('',(0.,0.,1.));
#1798=DIRECTION('',(0.,1.,0.));
#1799=DIRECTION('',(0.,0.,1.));
#1800=DIRECTION('',(0.,1.,0.));
#1801=DIRECTION('',(-1.,0.,0.));
#1802=DIRECTION('',(-1.,0.,-3.36870757651782E-15));
#1803=DIRECTION('',(-0.707106781186547,-0.707106781186548,0.));
#1804=DIRECTION('',(0.,0.,1.));
#1805=DIRECTION('',(0.707106781186548,-0.707106781186547,0.));
#1806=DIRECTION('',(0.,1.,0.));
#1807=DIRECTION('',(0.,0.,1.));
#1808=DIRECTION('',(0.,-0.707106781186547,0.707106781186548));
#1809=DIRECTION('',(0.,0.707106781186548,0.707106781186547));
#1810=DIRECTION('',(-1.,0.,0.));
#1811=DIRECTION('',(0.,-0.707106781186547,0.707106781186548));
#1812=DIRECTION('',(0.,1.,0.));
#1813=DIRECTION('',(0.,0.,1.));
#1814=DIRECTION('',(-0.707106781186548,-0.707106781186547,-2.4532694666934E-15));
#1815=DIRECTION('',(0.707106781186547,-0.707106781186548,2.20735883715521E-15));
#1816=DIRECTION('',(3.121676804529E-15,0.,-1.));
#1817=DIRECTION('',(2.38203597119025E-15,0.707106781186548,-0.707106781186547));
#1818=DIRECTION('',(1.,0.,3.36870757651782E-15));
#1819=DIRECTION('',(2.38203597119025E-15,0.707106781186548,-0.707106781186547));
#1820=DIRECTION('',(2.38203597119025E-15,-0.707106781186547,-0.707106781186548));
#1821=DIRECTION('',(2.38203597119025E-15,0.707106781186548,-0.707106781186547));
#1822=DIRECTION('',(2.38203597119025E-15,-0.707106781186547,-0.707106781186548));
#1823=DIRECTION('',(-3.121676804529E-15,0.,1.));
#1824=DIRECTION('',(1.,0.,3.121676804529E-15));
#1825=DIRECTION('',(0.,0.,1.));
#1826=DIRECTION('',(1.,0.,0.));
#1827=DIRECTION('',(0.,-1.,0.));
#1828=DIRECTION('',(0.,0.,-1.));
#1829=DIRECTION('',(1.,0.,0.));
#1830=DIRECTION('',(0.,0.,-1.));
#1831=DIRECTION('',(-1.,0.,0.));
#1832=DIRECTION('',(0.,0.,1.));
#1833=DIRECTION('',(1.,0.,0.));
#1834=DIRECTION('',(0.,0.,-1.));
#1835=DIRECTION('',(0.,-1.,0.));
#1836=DIRECTION('',(0.,0.,-1.));
#1837=DIRECTION('',(0.,0.,-1.));
#1838=DIRECTION('',(-1.,0.,0.));
#1839=DIRECTION('',(0.,0.,-1.));
#1840=DIRECTION('',(-1.,0.,0.));
#1841=DIRECTION('',(0.,1.,0.));
#1842=DIRECTION('',(0.,0.,1.));
#1843=DIRECTION('',(-1.,0.,0.));
#1844=DIRECTION('',(0.,0.,1.));
#1845=DIRECTION('',(1.,0.,0.));
#1846=DIRECTION('',(0.,0.,-1.));
#1847=DIRECTION('',(-1.,0.,0.));
#1848=DIRECTION('',(0.,0.,1.));
#1849=DIRECTION('',(0.,1.,0.));
#1850=DIRECTION('',(0.,0.,1.));
#1851=DIRECTION('',(0.,-1.,0.));
#1852=DIRECTION('',(0.,0.,-1.));
#1853=DIRECTION('',(0.,-1.,0.));
#1854=DIRECTION('',(0.,0.,-1.));
#1855=DIRECTION('',(0.,0.,1.));
#1856=DIRECTION('',(1.,0.,0.));
#1857=DIRECTION('',(0.,0.,-1.));
#1858=DIRECTION('',(-1.,0.,0.));
#1859=DIRECTION('',(0.,0.,1.));
#1860=DIRECTION('',(1.,0.,0.));
#1861=DIRECTION('',(0.,1.,0.));
#1862=DIRECTION('',(0.,0.,1.));
#1863=DIRECTION('',(-0.842915035809411,-1.46222450087242E-15,0.538046691660137));
#1864=DIRECTION('',(0.538046691660137,0.,0.842915035809411));
#1865=DIRECTION('',(-0.84291503580941,0.,0.53804669166014));
#1866=DIRECTION('',(0.53804669166014,0.,0.84291503580941));
#1867=DIRECTION('',(-0.84291503580941,1.46222450087241E-15,0.53804669166014));
#1868=DIRECTION('',(0.53804669166014,0.,0.84291503580941));
#1869=DIRECTION('',(0.,1.,0.));
#1870=DIRECTION('',(0.,0.,1.));
#1871=DIRECTION('',(-0.538046691660132,0.,-0.842915035809415));
#1872=DIRECTION('',(-0.842915035809415,0.,0.538046691660132));
#1873=DIRECTION('',(0.,0.,1.));
#1874=DIRECTION('',(1.,0.,0.));
#1875=DIRECTION('',(-0.538046691660134,0.,-0.842915035809413));
#1876=DIRECTION('',(-0.842915035809413,0.,0.538046691660134));
#1877=DIRECTION('',(-0.538046691660132,0.,-0.842915035809414));
#1878=DIRECTION('',(-0.842915035809414,0.,0.538046691660132));
#1879=DIRECTION('',(0.,0.,1.));
#1880=DIRECTION('',(1.,0.,0.));
#1881=DIRECTION('',(0.,0.,1.));
#1882=DIRECTION('',(1.,0.,0.));
#1883=DIRECTION('',(0.,1.,0.));
#1884=DIRECTION('',(0.,0.,1.));
#1885=DIRECTION('',(0.842915035809411,0.,-0.538046691660138));
#1886=DIRECTION('',(-0.538046691660138,0.,-0.842915035809411));
#1887=DIRECTION('',(0.,1.,0.));
#1888=DIRECTION('',(0.,0.,1.));
#1889=DIRECTION('',(0.622826470716389,0.,0.782360011359839));
#1890=DIRECTION('',(0.782360011359839,0.,-0.622826470716389));
#1891=DIRECTION('',(0.842915035809409,0.,-0.53804669166014));
#1892=DIRECTION('',(-0.53804669166014,0.,-0.842915035809409));
#1893=DIRECTION('',(-0.622826470716387,0.,-0.78236001135984));
#1894=DIRECTION('',(-0.78236001135984,0.,0.622826470716387));
#1895=DIRECTION('',(0.,1.,0.));
#1896=DIRECTION('',(0.,0.,1.));
#1897=DIRECTION('',(0.,-1.,0.));
#1898=DIRECTION('',(0.,0.,-1.));
#1899=DIRECTION('',(0.,1.,0.));
#1900=DIRECTION('',(0.,0.,1.));
#1901=CARTESIAN_POINT('',(0.,0.,0.));
#1902=CARTESIAN_POINT('',(0.0411509107175837,-0.0246636727206394,0.0319795988759859));
#1903=CARTESIAN_POINT('',(-0.00404762407905766,-0.0246636727206394,0.0608305756436099));
#1904=CARTESIAN_POINT('',(-0.00328090754344196,-0.0246636727206394,0.0620317295696383));
#1905=CARTESIAN_POINT('',(0.00168306208339891,-0.0246636727206394,0.0571725833197555));
#1906=CARTESIAN_POINT('',(0.000770413256963619,-0.0246636727206394,0.0560645804029584));
#1907=CARTESIAN_POINT('',(-0.00404762407905766,-0.0246636727206394,0.0608305756436099));
#1908=CARTESIAN_POINT('',(-0.00366896483711398,-0.0238116355539846,0.0632823657743367));
#1909=CARTESIAN_POINT('',(-0.00361347046870141,-0.0243727170165666,0.0633693043955805));
#1910=CARTESIAN_POINT('',(-0.00361347046870143,-0.0249546284247123,0.0633693043955804));
#1911=CARTESIAN_POINT('',(-0.00366896483711398,-0.0255157098872944,0.0632823657743367));
#1912=CARTESIAN_POINT('',(-0.00366896483711398,-0.0238116355539846,0.0632823657743367));
#1913=CARTESIAN_POINT('',(-0.00366896483711398,-0.0255157098872944,0.0632823657743367));
#1914=CARTESIAN_POINT('',(-0.00489053911486707,-0.0246636727206394,0.06136862233527));
#1915=CARTESIAN_POINT('',(-0.00611211339262017,-0.0238116355539846,0.0594548788962033));
#1916=CARTESIAN_POINT('',(-0.00611211339262017,-0.0255157098872943,0.0594548788962033));
#1917=CARTESIAN_POINT('',(-0.00616760776102187,-0.0249546284247086,0.0593679402749766));
#1918=CARTESIAN_POINT('',(-0.00616760776102191,-0.0243727170165703,0.0593679402749765));
#1919=CARTESIAN_POINT('',(-0.00611211339262017,-0.0238116355539846,0.0594548788962033));
#1920=CARTESIAN_POINT('',(-0.00611211339262017,-0.0255157098872943,0.0594548788962033));
#1921=CARTESIAN_POINT('',(-0.00489053911486707,-0.0246636727206394,0.06136862233527));
#1922=CARTESIAN_POINT('',(-0.00489053911486707,-0.016002,0.06136862233527));
#1923=CARTESIAN_POINT('',(-0.00366896483711398,-0.016002,0.0632823657743367));
#1924=CARTESIAN_POINT('',(-0.00366896483711398,-0.0316636727206396,0.0632823657743367));
#1925=CARTESIAN_POINT('',(-0.00611211339262017,-0.016002,0.0594548788962033));
#1926=CARTESIAN_POINT('',(-0.00611211339262017,-0.0316636727206396,0.0594548788962033));
#1927=CARTESIAN_POINT('',(-0.00489053911486707,-0.0316636727206396,0.06136862233527));
#1928=CARTESIAN_POINT('',(-0.0179183615840998,-0.0316636727206394,0.0409152877897076));
#1929=CARTESIAN_POINT('',(-0.000608239195080331,-0.0316636727206396,0.0554896891946346));
#1930=CARTESIAN_POINT('',(-0.000984138072751298,-0.0316636727206396,0.0549007982659401));
#1931=CARTESIAN_POINT('',(-6.89828124456214E-5,-0.0316636727206396,0.0550455101249784));
#1932=CARTESIAN_POINT('',(0.00162909725194436,-0.0316636727206396,0.0571070672209844));
#1933=CARTESIAN_POINT('',(0.00332717731633434,-0.0316636727206396,0.0591686243169903));
#1934=CARTESIAN_POINT('',(0.00278792093369963,-0.0316636727206396,0.0596128033866465));
#1935=CARTESIAN_POINT('',(0.00316076602981911,-0.0316636727206396,0.0602036380320862));
#1936=CARTESIAN_POINT('',(0.00348073297279954,-0.0316636727206396,0.0599994033716438));
#1937=CARTESIAN_POINT('',(-0.00217806076691071,-0.0316636727206396,0.0636115055659232));
#1938=CARTESIAN_POINT('',(-0.00275894290621909,-0.0316636727206396,0.0627014836350283));
#1939=CARTESIAN_POINT('',(-0.00520209146172528,-0.0316636727206396,0.058873996756895));
#1940=CARTESIAN_POINT('',(-0.00578297360103365,-0.0316636727206396,0.0579639748260001));
#1941=CARTESIAN_POINT('',(-0.00367568601151013,-0.0316636727206396,0.0566188580968497));
#1942=CARTESIAN_POINT('',(0.00278792093369963,-0.0316656727206394,0.0596128033866465));
#1943=CARTESIAN_POINT('',(0.00332717731633434,-0.0316656727206394,0.0591686243169903));
#1944=CARTESIAN_POINT('',(0.00332717731633434,-0.017,0.0591686243169903));
#1945=CARTESIAN_POINT('',(0.00278792093369963,-0.017,0.0596128033866465));
#1946=CARTESIAN_POINT('',(0.00316076602981911,-0.017,0.0602036380320862));
#1947=CARTESIAN_POINT('',(0.00316076601957954,-0.0316656727206394,0.0602036380386223));
#1948=CARTESIAN_POINT('',(0.00162909725194436,-0.0316656727206394,0.0571070672209844));
#1949=CARTESIAN_POINT('',(-6.89828124456214E-5,-0.0316656727206394,0.0550455101249784));
#1950=CARTESIAN_POINT('',(-6.89828124456214E-5,-0.017,0.0550455101249784));
#1951=CARTESIAN_POINT('',(0.00332717731633434,-0.017,0.0591686243169903));
#1952=CARTESIAN_POINT('',(-0.000608239195080331,-0.0316656727206394,0.0554896891946346));
#1953=CARTESIAN_POINT('',(-0.000984138072751298,-0.0316656727206394,0.0549007982659401));
#1954=CARTESIAN_POINT('',(-0.000984138072751298,-0.017,0.0549007982659401));
#1955=CARTESIAN_POINT('',(-0.000608239195080331,-0.017,0.0554896891946346));
#1956=CARTESIAN_POINT('',(0.0132042832525994,-0.017,0.0446577336779484));
#1957=CARTESIAN_POINT('',(-0.00152218476441143,-0.017,0.0540578832301307));
#1958=CARTESIAN_POINT('',(-0.00152218476441143,-0.016,0.0540578832301307));
#1959=CARTESIAN_POINT('',(-0.000984138072751295,-0.017,0.0549007982659401));
#1960=CARTESIAN_POINT('',(-0.0015683984219866,-0.017,0.0552737413676994));
#1961=CARTESIAN_POINT('',(-0.00142578340623123,-0.0160793935048357,0.0544596119249005));
#1962=CARTESIAN_POINT('',(-0.00145788643298552,-0.0161466238028606,0.0546681409391167));
#1963=CARTESIAN_POINT('',(-0.00152525584417401,-0.0163595063046462,0.0550578590278377));
#1964=CARTESIAN_POINT('',(-0.00156839842198661,-0.0167769143931195,0.0552737413676994));
#1965=CARTESIAN_POINT('',(-0.00156839842198661,-0.017,0.0552737413676994));
#1966=CARTESIAN_POINT('',(-0.00142578340623123,-0.0160793935048357,0.0544596119249005));
#1967=CARTESIAN_POINT('',(-0.0016703190632639,-0.017,0.0541524398177261));
#1968=CARTESIAN_POINT('',(-0.0016703190632639,-0.016,0.0541524398177261));
#1969=CARTESIAN_POINT('',(-0.00210644511364674,-0.016,0.05443082633189));
#1970=CARTESIAN_POINT('',(-0.000608239195080331,-0.017,0.0554896891946346));
#1971=CARTESIAN_POINT('',(0.000702887309729104,-0.017,0.0544097298842553));
#1972=CARTESIAN_POINT('',(0.000702887309729104,-0.016,0.0544097298842553));
#1973=CARTESIAN_POINT('',(-0.000608239195080331,-0.016,0.0554896891946346));
#1974=CARTESIAN_POINT('',(0.00240096737411909,-0.017,0.0564712869802612));
#1975=CARTESIAN_POINT('',(0.00409904743850908,-0.017,0.0585328440762672));
#1976=CARTESIAN_POINT('',(0.00409904743850908,-0.016,0.0585328440762672));
#1977=CARTESIAN_POINT('',(0.000702887309729101,-0.016,0.0544097298842553));
#1978=CARTESIAN_POINT('',(0.00278792093369963,-0.017,0.0596128033866465));
#1979=CARTESIAN_POINT('',(0.00316076856295473,-0.017,0.060203641977971));
#1980=CARTESIAN_POINT('',(0.00317995717421549,-0.0169742371327953,0.0601913935681459));
#1981=CARTESIAN_POINT('',(0.00321332961279254,-0.0169285271873098,0.0601700913853561));
#1982=CARTESIAN_POINT('',(0.00329015669670999,-0.0168224162835718,0.0601210513794533));
#1983=CARTESIAN_POINT('',(0.00331061499634778,-0.0167940556692742,0.0601079925064122));
#1984=CARTESIAN_POINT('',(0.00339503240824133,-0.0166807741364421,0.0600541074678754));
#1985=CARTESIAN_POINT('',(0.00348203335778112,-0.0165715048171031,0.0599985733142744));
#1986=CARTESIAN_POINT('',(0.00362521858009141,-0.0164073353139688,0.059907175804578));
#1987=CARTESIAN_POINT('',(0.00374830378559692,-0.0162977267187355,0.0598286084700293));
#1988=CARTESIAN_POINT('',(0.00380985129172503,-0.0162501190825521,0.0597893216728489));
#1989=CARTESIAN_POINT('',(0.00380985129172503,-0.0162501190825521,0.0597893216728489));
#1990=CARTESIAN_POINT('',(0.00278792093369963,-0.016,0.0596128033866465));
#1991=CARTESIAN_POINT('',(0.00445709645365353,-0.016,0.0592978146451406));
#1992=CARTESIAN_POINT('',(0.00380985129172503,-0.0162501190825521,0.0597893216728489));
#1993=CARTESIAN_POINT('',(0.00401447236407384,-0.0160918425547013,0.0596587086379117));
#1994=CARTESIAN_POINT('',(0.00424093372921112,-0.016,0.0594915898976988));
#1995=CARTESIAN_POINT('',(0.00445709645365353,-0.016,0.0592978146451406));
#1996=CARTESIAN_POINT('',(0.00111961783342436,-0.016002,0.0555747464938019));
#1997=CARTESIAN_POINT('',(0.00611961783342433,-0.022002,0.0555747464938019));
#1998=CARTESIAN_POINT('',(0.00611961783342433,-0.016,0.0555747464938019));
#1999=CARTESIAN_POINT('',(0.00611961783342433,-0.0125,0.0555747464938019));
#2000=CARTESIAN_POINT('',(0.00111961783342436,-0.0125,0.0555747464938019));
#2001=CARTESIAN_POINT('',(0.00380985129172503,-0.0125,0.0597893216728489));
#2002=CARTESIAN_POINT('',(0.00380985129172503,-0.016002,0.0597893216728489));
#2003=CARTESIAN_POINT('',(0.00111961783342436,-0.016,0.0555747464938019));
#2004=CARTESIAN_POINT('',(-0.00279332067094706,-0.016002,0.052741787586562));
#2005=CARTESIAN_POINT('',(-0.00142578340623123,-0.016002,0.0544596119249005));
#2006=CARTESIAN_POINT('',(-0.00142578340623123,-0.0125,0.0544596119249005));
#2007=CARTESIAN_POINT('',(-0.00279332067094706,-0.0125,0.052741787586562));
#2008=CARTESIAN_POINT('',(-0.00416085793566289,-0.0125,0.0510239632482235));
#2009=CARTESIAN_POINT('',(-0.00416085793566289,-0.022002,0.0510239632482235));
#2010=CARTESIAN_POINT('',(-0.00416085793566289,-0.016,0.0510239632482235));
#2011=CARTESIAN_POINT('',(-0.00279332067094706,-0.016,0.052741787586562));
#2012=CARTESIAN_POINT('',(-0.0211929089668715,-0.016002,0.051416464365249));
#2013=CARTESIAN_POINT('',(-0.0015683984219866,-0.016002,0.0552737413676994));
#2014=CARTESIAN_POINT('',(-0.0015683984219866,-0.0125,0.0552737413676994));
#2015=CARTESIAN_POINT('',(-0.0211929089668715,-0.0125,0.051416464365249));
#2016=CARTESIAN_POINT('',(-0.00367568601151013,-0.016002,0.0566188580968497));
#2017=CARTESIAN_POINT('',(-0.00578297360103365,-0.016002,0.0579639748260001));
#2018=CARTESIAN_POINT('',(-0.00578297360103365,-0.0125,0.0579639748260001));
#2019=CARTESIAN_POINT('',(-0.0015683984219866,-0.0125,0.0552737413676994));
#2020=CARTESIAN_POINT('',(-0.00520209146172528,-0.016002,0.058873996756895));
#2021=CARTESIAN_POINT('',(-0.00611211339262017,-0.016002,0.0594548788962033));
#2022=CARTESIAN_POINT('',(-0.00611211339262017,-0.0125,0.0594548788962033));
#2023=CARTESIAN_POINT('',(-0.00520209146172528,-0.0125,0.058873996756895));
#2024=CARTESIAN_POINT('',(-0.00489053911486707,-0.016002,0.06136862233527));
#2025=CARTESIAN_POINT('',(-0.00366896483711398,-0.016002,0.0632823657743367));
#2026=CARTESIAN_POINT('',(-0.00366896483711398,-0.0125,0.0632823657743367));
#2027=CARTESIAN_POINT('',(-0.00489053911486707,-0.0125,0.06136862233527));
#2028=CARTESIAN_POINT('',(-0.00275894290621909,-0.016002,0.0627014836350283));
#2029=CARTESIAN_POINT('',(-0.00217806076691071,-0.016002,0.0636115055659232));
#2030=CARTESIAN_POINT('',(-0.00217806076691071,-0.0125,0.0636115055659232));
#2031=CARTESIAN_POINT('',(-0.00275894290621909,-0.0125,0.0627014836350283));
#2032=CARTESIAN_POINT('',(0.00348073297279954,-0.016002,0.0599994033716438));
#2033=CARTESIAN_POINT('',(0.00348073297279954,-0.0125,0.0599994033716438));
#2034=CARTESIAN_POINT('',(0.,-0.016,0.0239716314061166));
#2035=CARTESIAN_POINT('',(0.,-0.016,0.035));
#2036=CARTESIAN_POINT('',(0.,-0.016,0.0398639702342662));
#2037=CARTESIAN_POINT('',(0.00288038216657563,-0.016,0.0454185250117761));
#2038=CARTESIAN_POINT('',(-0.00611961783342433,-0.016,0.0454185250117761));
#2039=CARTESIAN_POINT('',(-0.00611961783342433,-0.016,0.0239716314061166));
#2040=CARTESIAN_POINT('',(-0.0061196274506687,-0.016,0.0385963533713669));
#2041=CARTESIAN_POINT('',(-0.0061196274506687,-0.016,0.0356317303739494));
#2042=CARTESIAN_POINT('',(-0.00611961772766768,-0.016,0.0326671082015514));
#2043=CARTESIAN_POINT('',(-0.00642485711356136,-0.016,0.0326266014131249));
#2044=CARTESIAN_POINT('',(-0.00673009639369839,-0.016,0.0325860954497334));
#2045=CARTESIAN_POINT('',(-0.00651961783342432,-0.016,0.031));
#2046=CARTESIAN_POINT('',(-0.00811961783342433,-0.016,0.031));
#2047=CARTESIAN_POINT('',(-0.00411961783342433,-0.016,0.031));
#2048=CARTESIAN_POINT('',(-0.00411961783342433,-0.016,0.027));
#2049=CARTESIAN_POINT('',(0.,-0.016,0.027));
#2050=CARTESIAN_POINT('',(0.00411961783342433,-0.016,0.027));
#2051=CARTESIAN_POINT('',(0.00411961783342433,-0.016,0.031));
#2052=CARTESIAN_POINT('',(0.00811961783342433,-0.016,0.031));
#2053=CARTESIAN_POINT('',(0.00651961783342432,-0.016,0.031));
#2054=CARTESIAN_POINT('',(0.00673009639369839,-0.016,0.0325860954497334));
#2055=CARTESIAN_POINT('',(0.00642485711356136,-0.016,0.0326266014131249));
#2056=CARTESIAN_POINT('',(0.00611961783342433,-0.016,0.0326671073765164));
#2057=CARTESIAN_POINT('',(0.00611968122151522,-0.016,0.0356317303621526));
#2058=CARTESIAN_POINT('',(0.00611968122149635,-0.016,0.0385963533457558));
#2059=CARTESIAN_POINT('',(0.00611961783342433,-0.016,0.0239716314061166));
#2060=CARTESIAN_POINT('',(6.93889390390723E-18,-0.022,0.027));
#2061=CARTESIAN_POINT('',(-0.00411961783342433,-0.022,0.027));
#2062=CARTESIAN_POINT('',(-0.00411961783342433,-0.002,0.027));
#2063=CARTESIAN_POINT('',(6.93889390390723E-18,-0.002,0.027));
#2064=CARTESIAN_POINT('',(0.00411961783342433,-0.002,0.027));
#2065=CARTESIAN_POINT('',(0.00411961783342435,-0.022,0.027));
#2066=CARTESIAN_POINT('',(0.00611961783342433,-0.017,0.0326671073765164));
#2067=CARTESIAN_POINT('',(0.00611961783342433,-0.022,0.041));
#2068=CARTESIAN_POINT('',(0.00611961783342433,-0.0115,0.041));
#2069=CARTESIAN_POINT('',(0.00611961783342433,-0.011,0.041));
#2070=CARTESIAN_POINT('',(0.00611961783342433,-0.0125,0.043));
#2071=CARTESIAN_POINT('',(0.00611961783342433,-0.0125,0.0426156957562151));
#2072=CARTESIAN_POINT('',(0.00611961783342433,-0.0122253220929546,0.0418867774670537));
#2073=CARTESIAN_POINT('',(0.00611961783342433,-0.0117404026454286,0.0412944333788504));
#2074=CARTESIAN_POINT('',(0.00611961783342433,-0.0115,0.041));
#2075=CARTESIAN_POINT('',(0.00611961783342433,-0.0125,0.043));
#2076=CARTESIAN_POINT('',(0.00611961783342433,-0.0125,0.0326671073765164));
#2077=CARTESIAN_POINT('',(0.00611968122149638,-0.022,0.0385963533477888));
#2078=CARTESIAN_POINT('',(0.00611968791556589,-0.011,0.0385963533450372));
#2079=CARTESIAN_POINT('',(0.00611961783342433,-0.011,0.0326671073765164));
#2080=CARTESIAN_POINT('',(0.00651961783342432,-0.002,0.031));
#2081=CARTESIAN_POINT('',(0.00673009639369839,-0.002,0.0325860954497334));
#2082=CARTESIAN_POINT('',(0.00673009639369839,-0.00238952143972594,0.0325860954497334));
#2083=CARTESIAN_POINT('',(0.00811961783342433,-0.002,0.031));
#2084=CARTESIAN_POINT('',(0.00811961783342433,-0.002,0.031));
#2085=CARTESIAN_POINT('',(0.00651961783342432,-0.002,0.031));
#2086=CARTESIAN_POINT('',(0.00711961783342433,-0.002,0.0324832396974191));
#2087=CARTESIAN_POINT('',(0.00651961783342432,-0.0026,0.031));
#2088=CARTESIAN_POINT('',(0.00411961783342433,-0.002,0.031));
#2089=CARTESIAN_POINT('',(0.00411961783342433,-0.002,0.031));
#2090=CARTESIAN_POINT('',(-0.00411961783342433,-0.002,0.031));
#2091=CARTESIAN_POINT('',(-0.00811961783342433,-0.002,0.031));
#2092=CARTESIAN_POINT('',(-0.00811961783342433,-0.002,0.031));
#2093=CARTESIAN_POINT('',(-0.00411961783342433,-0.002,0.031));
#2094=CARTESIAN_POINT('',(-0.00651961783342432,-0.002,0.031));
#2095=CARTESIAN_POINT('',(-0.00673009639369839,-0.002,0.0325860954497334));
#2096=CARTESIAN_POINT('',(-0.00673009639369839,-0.00238952143972594,0.0325860954497334));
#2097=CARTESIAN_POINT('',(-0.00651961783342432,-0.0026,0.031));
#2098=CARTESIAN_POINT('',(-0.00711961783342433,-0.002,0.0324832396974191));
#2099=CARTESIAN_POINT('',(-0.00651961783342432,-0.002,0.031));
#2100=CARTESIAN_POINT('',(0.,-0.012,0.0239716314061166));
#2101=CARTESIAN_POINT('',(-0.00411961783342442,-0.012,0.041));
#2102=CARTESIAN_POINT('',(-0.00411961783342442,-0.012,0.0435));
#2103=CARTESIAN_POINT('',(-0.00561961783342433,-0.012,0.043));
#2104=CARTESIAN_POINT('',(-0.00561961783342433,-0.012,0.0239716314061166));
#2105=CARTESIAN_POINT('',(-0.00561961783342433,-0.012,0.0454185250117761));
#2106=CARTESIAN_POINT('',(0.00288038216657563,-0.012,0.0454185250117761));
#2107=CARTESIAN_POINT('',(-0.00376967792998297,-0.012,0.0507125500128653));
#2108=CARTESIAN_POINT('',(-0.0153375399657482,-0.012,0.0361816443766605));
#2109=CARTESIAN_POINT('',(-0.000899308321745862,-0.012,0.0543181488512132));
#2110=CARTESIAN_POINT('',(-0.0211929089668715,-0.012,0.051416464365249));
#2111=CARTESIAN_POINT('',(-0.00112036002627692,-0.012,0.0555809306008385));
#2112=CARTESIAN_POINT('',(-0.00551395025520358,-0.012,0.0583854323439048));
#2113=CARTESIAN_POINT('',(-0.00551395025520358,-0.012,0.0583854323439048));
#2114=CARTESIAN_POINT('',(-0.00520209146172528,-0.012,0.058873996756895));
#2115=CARTESIAN_POINT('',(-0.00569065587471546,-0.012,0.0591858555503733));
#2116=CARTESIAN_POINT('',(-0.0200138679582833,-0.012,0.0367468163118369));
#2117=CARTESIAN_POINT('',(-0.00324750731920926,-0.012,0.0630133424285066));
#2118=CARTESIAN_POINT('',(-0.00275894290621909,-0.012,0.0627014836350283));
#2119=CARTESIAN_POINT('',(-0.00244708411274078,-0.012,0.0631900480480185));
#2120=CARTESIAN_POINT('',(0.0170782194325525,-0.012,0.0507267219357762));
#2121=CARTESIAN_POINT('',(0.00354082794589496,-0.012,0.0593678641549442));
#2122=CARTESIAN_POINT('',(0.00111961783342436,-0.012,0.0555747464938019));
#2123=CARTESIAN_POINT('',(0.00561961783342433,-0.012,0.0555747464938019));
#2124=CARTESIAN_POINT('',(0.00561961783342433,-0.012,0.0239716314061166));
#2125=CARTESIAN_POINT('',(0.00561961783342433,-0.012,0.043));
#2126=CARTESIAN_POINT('',(0.00411961783342432,-0.012,0.041));
#2127=CARTESIAN_POINT('',(0.00411961783342432,-0.012,0.0435));
#2128=CARTESIAN_POINT('',(-0.00411961783342442,-0.012,0.0435));
#2129=CARTESIAN_POINT('',(0.00288038216657563,-0.022002,0.0454185250117761));
#2130=CARTESIAN_POINT('',(0.00288038216657563,-0.0125,0.0454185250117761));
#2131=CARTESIAN_POINT('',(-0.00611961783342433,-0.0125,0.0454185250117761));
#2132=CARTESIAN_POINT('',(-0.00611961783342433,-0.022002,0.0454185250117761));
#2133=CARTESIAN_POINT('',(0.00611968122151522,-0.022,0.0356317303621526));
#2134=CARTESIAN_POINT('',(0.00611961783342433,-0.022,0.0326671073765164));
#2135=CARTESIAN_POINT('',(0.00611961783353862,-0.011,0.0326671127218918));
#2136=CARTESIAN_POINT('',(0.00611968122151522,-0.011,0.0356317303621526));
#2137=CARTESIAN_POINT('',(0.,-0.011,0.0232998905176947));
#2138=CARTESIAN_POINT('',(0.,-0.011,0.035));
#2139=CARTESIAN_POINT('',(0.,-0.011,0.0301360297657338));
#2140=CARTESIAN_POINT('',(-0.00411961783342433,-0.011,0.031));
#2141=CARTESIAN_POINT('',(-0.00411961783342433,-0.011,0.0295));
#2142=CARTESIAN_POINT('',(-0.00561961783342433,-0.011,0.031));
#2143=CARTESIAN_POINT('',(-0.00561961783342433,-0.011,0.0232998905176947));
#2144=CARTESIAN_POINT('',(-0.00561961783342433,-0.011,0.0410074142844953));
#2145=CARTESIAN_POINT('',(-0.00553383139579752,-0.011,0.0415));
#2146=CARTESIAN_POINT('',(-0.00553383139579752,-0.011,0.041));
#2147=CARTESIAN_POINT('',(0.,-0.011,0.041));
#2148=CARTESIAN_POINT('',(0.0055338313957974,-0.011,0.041));
#2149=CARTESIAN_POINT('',(0.0055338313957974,-0.011,0.0415));
#2150=CARTESIAN_POINT('',(0.00600523591658843,-0.011,0.0416666666666667));
#2151=CARTESIAN_POINT('',(0.00411961783342432,-0.011,0.041));
#2152=CARTESIAN_POINT('',(0.00132744128270061,-0.011,0.0333030403660127));
#2153=CARTESIAN_POINT('',(0.00561961783342433,-0.011,0.0327334585410411));
#2154=CARTESIAN_POINT('',(0.00561961783342436,-0.011,0.0232998905176948));
#2155=CARTESIAN_POINT('',(0.00561961783342433,-0.011,0.031));
#2156=CARTESIAN_POINT('',(0.00411961783342433,-0.011,0.031));
#2157=CARTESIAN_POINT('',(0.00411961783342433,-0.011,0.0295));
#2158=CARTESIAN_POINT('',(-0.00411961783342433,-0.011,0.0295));
#2159=CARTESIAN_POINT('',(-0.0061196274506687,-0.022,0.0356317303739494));
#2160=CARTESIAN_POINT('',(-0.00611961783342696,-0.022,0.0326671089985177));
#2161=CARTESIAN_POINT('',(-0.00611961783342433,-0.0105,0.0326671073765164));
#2162=CARTESIAN_POINT('',(-0.00611962745066869,-0.022,0.0385963533713825));
#2163=CARTESIAN_POINT('',(-0.00611963706791306,-0.011,0.0385963533713825));
#2164=CARTESIAN_POINT('',(-0.00611961783342433,-0.017,0.0385963533713825));
#2165=CARTESIAN_POINT('',(-0.00611961783342433,-0.0105000027954175,0.0385963533713825));
#2166=CARTESIAN_POINT('',(-0.00611963706791306,-0.0105000027954175,0.0385963533713201));
#2167=CARTESIAN_POINT('',(-0.00611963065641682,-0.0105000018636117,0.0366199380397189));
#2168=CARTESIAN_POINT('',(-0.00611962424492058,-0.0105000009318058,0.0346435227081176));
#2169=CARTESIAN_POINT('',(-0.00611961783342434,-0.0105,0.0326671073765164));
#2170=CARTESIAN_POINT('',(-0.00611961783342433,-0.017,0.031));
#2171=CARTESIAN_POINT('',(-0.00611961783342433,-0.0125,0.031));
#2172=CARTESIAN_POINT('',(-0.00611961783342433,-0.0125,0.043));
#2173=CARTESIAN_POINT('',(-0.00611961783342433,-0.0125,0.043));
#2174=CARTESIAN_POINT('',(-0.00611961783342433,-0.0125,0.042615695756215));
#2175=CARTESIAN_POINT('',(-0.00611961783342433,-0.0122253220932813,0.0418867774667863));
#2176=CARTESIAN_POINT('',(-0.00611961783342433,-0.0117404026447746,0.0412944333793845));
#2177=CARTESIAN_POINT('',(-0.00611961783342433,-0.0115,0.041));
#2178=CARTESIAN_POINT('',(-0.00611961783342439,-0.0115,0.041));
#2179=CARTESIAN_POINT('',(-0.00611961783342439,-0.022,0.041));
#2180=CARTESIAN_POINT('',(-0.00611961783342439,-0.0105,0.041));
#2181=CARTESIAN_POINT('',(-0.00611961783342433,-0.0105,0.0397981766856913));
#2182=CARTESIAN_POINT('',(0.,-0.022,0.035));
#2183=CARTESIAN_POINT('',(0.,-0.015,0.035));
#2184=CARTESIAN_POINT('',(0.,-0.015,0.0388639702342662));
#2185=CARTESIAN_POINT('',(0.,-0.012,0.035));
#2186=CARTESIAN_POINT('',(0.,-0.012,0.0311360297657338));
#2187=CARTESIAN_POINT('',(7.80625564189563E-18,-0.002,0.029));
#2188=CARTESIAN_POINT('',(-0.00411961783342433,-0.002,0.029));
#2189=CARTESIAN_POINT('',(-0.00411961783342433,-0.003,0.029));
#2190=CARTESIAN_POINT('',(-0.00411961783342433,-0.0105,0.029));
#2191=CARTESIAN_POINT('',(0.00411961783342433,-0.0105,0.029));
#2192=CARTESIAN_POINT('',(0.00411961783342433,-0.0105,0.029));
#2193=CARTESIAN_POINT('',(0.00411961783342433,-0.002,0.029));
#2194=CARTESIAN_POINT('',(0.00411961783342433,-0.003,0.029));
#2195=CARTESIAN_POINT('',(-0.00411961783342433,-0.003,0.029));
#2196=CARTESIAN_POINT('',(-0.00411961783342433,-0.002,0.031));
#2197=CARTESIAN_POINT('',(-0.00611961783342433,-0.002,0.031));
#2198=CARTESIAN_POINT('',(-0.00611961783342433,-0.003,0.031));
#2199=CARTESIAN_POINT('',(-0.00611961783342433,-0.0105,0.031));
#2200=CARTESIAN_POINT('',(-0.00411961783342433,-0.0105,0.031));
#2201=CARTESIAN_POINT('',(-0.00411961783342433,-0.003,0.031));
#2202=CARTESIAN_POINT('',(0.00411961783342433,-0.002,0.031));
#2203=CARTESIAN_POINT('',(0.00411961783342433,-0.0105,0.031));
#2204=CARTESIAN_POINT('',(0.00611961783342434,-0.0105,0.031));
#2205=CARTESIAN_POINT('',(0.00611961783342434,-0.002,0.031));
#2206=CARTESIAN_POINT('',(0.00611961783342434,-0.003,0.031));
#2207=CARTESIAN_POINT('',(0.00411961783342433,-0.003,0.031));
#2208=CARTESIAN_POINT('',(0.00611961783342433,-0.002,0.0318335536882582));
#2209=CARTESIAN_POINT('',(0.00611961783342433,-0.0105,0.0318335536882582));
#2210=CARTESIAN_POINT('',(0.00611961783342433,-0.0105,0.0326671073765164));
#2211=CARTESIAN_POINT('',(0.00611961783342433,-0.002,0.0326671073765164));
#2212=CARTESIAN_POINT('',(0.00611961783342433,-0.003,0.0326671073765164));
#2213=CARTESIAN_POINT('',(0.00611961783342433,-0.003,0.0318335536882582));
#2214=CARTESIAN_POINT('',(0.00642485711356136,-0.002,0.0326266014131249));
#2215=CARTESIAN_POINT('',(0.00676920550175159,-0.00235041233167273,0.0325809055800077));
#2216=CARTESIAN_POINT('',(0.00561961783342433,-0.0105,0.0327334585410411));
#2217=CARTESIAN_POINT('',(-0.00642485711356136,-0.002,0.0326266014131249));
#2218=CARTESIAN_POINT('',(-0.00611961783342433,-0.002,0.0326671073765164));
#2219=CARTESIAN_POINT('',(-0.00611961783342433,-0.003,0.0326671073765164));
#2220=CARTESIAN_POINT('',(-0.00617444236386179,-0.00294517546956254,0.0326598320336383));
#2221=CARTESIAN_POINT('',(-0.00611961783342433,-0.002,0.0318335536882582));
#2222=CARTESIAN_POINT('',(-0.00611961783342433,-0.0105,0.0318335536882582));
#2223=CARTESIAN_POINT('',(-0.00611961783342433,-0.003,0.0318335536882582));
#2224=CARTESIAN_POINT('',(0.,-0.002,0.0453905482583976));
#2225=CARTESIAN_POINT('',(0.00411961783342433,-0.002,0.031));
#2226=CARTESIAN_POINT('',(0.00411961783342433,-0.002,0.028));
#2227=CARTESIAN_POINT('',(0.00711961783342433,-0.002,0.031));
#2228=CARTESIAN_POINT('',(0.00711961783342429,-0.002,0.0453905482583976));
#2229=CARTESIAN_POINT('',(-0.00711961783342433,-0.002,0.0453905482583976));
#2230=CARTESIAN_POINT('',(-0.00711961783342433,-0.002,0.031));
#2231=CARTESIAN_POINT('',(-0.00411961783342433,-0.002,0.031));
#2232=CARTESIAN_POINT('',(-0.00411961783342433,-0.002,0.028));
#2233=CARTESIAN_POINT('',(0.00411961783342433,-0.002,0.028));
#2234=CARTESIAN_POINT('',(-5.73635942979531E-17,-0.002,0.041));
#2235=CARTESIAN_POINT('',(-0.00553383139579752,-0.002,0.041));
#2236=CARTESIAN_POINT('',(-0.00553383139579752,-0.003,0.041));
#2237=CARTESIAN_POINT('',(0.00611961783342433,-0.003,0.041));
#2238=CARTESIAN_POINT('',(0.0055338313957974,-0.003,0.041));
#2239=CARTESIAN_POINT('',(0.0055338313957974,-0.002,0.041));
#2240=CARTESIAN_POINT('',(-0.00411961783342442,-0.002,0.041));
#2241=CARTESIAN_POINT('',(-0.00411961783342442,-0.003,0.041));
#2242=CARTESIAN_POINT('',(-0.00585166864099331,-0.002,0.042));
#2243=CARTESIAN_POINT('',(-0.00600523591658856,-0.00233333333333334,0.0416666666666667));
#2244=CARTESIAN_POINT('',(-0.00600523591658856,-0.002,0.0416666666666667));
#2245=CARTESIAN_POINT('',(-0.00600523591658856,-0.010818274557498,0.0416666666666667));
#2246=CARTESIAN_POINT('',(-0.00600523591658856,-0.010818274557498,0.0416666666666667));
#2247=CARTESIAN_POINT('',(-0.00608330589187516,-0.0107236858022442,0.0414458514309377));
#2248=CARTESIAN_POINT('',(-0.00611961783342438,-0.0106114530998815,0.0412229075346213));
#2249=CARTESIAN_POINT('',(-0.00611961783342438,-0.0105,0.041));
#2250=CARTESIAN_POINT('',(-0.00411961783342442,-0.0115,0.041));
#2251=CARTESIAN_POINT('',(-0.00411961783342442,-0.0115,0.043));
#2252=CARTESIAN_POINT('',(-0.00411961783342442,-0.002,0.043));
#2253=CARTESIAN_POINT('',(-0.00411961783342442,-0.002,0.043));
#2254=CARTESIAN_POINT('',(-0.00411961783342442,-0.002,0.041));
#2255=CARTESIAN_POINT('',(-5.03069808033274E-17,-0.002,0.043));
#2256=CARTESIAN_POINT('',(0.00411961783342432,-0.0115,0.043));
#2257=CARTESIAN_POINT('',(0.00411961783342432,-0.0115,0.043));
#2258=CARTESIAN_POINT('',(0.00411961783342432,-0.002,0.043));
#2259=CARTESIAN_POINT('',(0.00411961783342432,-0.002,0.043));
#2260=CARTESIAN_POINT('',(-5.03069808033274E-17,-0.002,0.043));
#2261=CARTESIAN_POINT('',(0.00411961783342432,-0.002,0.041));
#2262=CARTESIAN_POINT('',(0.00600523591658843,-0.002,0.0416666666666667));
#2263=CARTESIAN_POINT('',(0.00600523591658843,-0.00233333333333332,0.0416666666666667));
#2264=CARTESIAN_POINT('',(0.00411961783342432,-0.003,0.041));
#2265=CARTESIAN_POINT('',(0.00585166864099318,-0.002,0.042));
#2266=CARTESIAN_POINT('',(0.00411961783342432,-0.002,0.041));
#2267=CARTESIAN_POINT('',(0.00411961783342432,-0.0115,0.041));
#2268=CARTESIAN_POINT('',(0.,-0.002,0.0453905482583976));
#2269=CARTESIAN_POINT('',(-0.00611961783342439,-0.002,0.042));
#2270=CARTESIAN_POINT('',(-0.00611961783342433,-0.003,0.0318335536882582));
#2271=CARTESIAN_POINT('',(-0.00711961783342433,-0.002,0.031));
#2272=CARTESIAN_POINT('',(-0.00411961783342433,-0.003,0.031));
#2273=CARTESIAN_POINT('',(-0.00411961783342433,-0.002,0.028));
#2274=CARTESIAN_POINT('',(0.,-0.002,0.028));
#2275=CARTESIAN_POINT('',(0.00411961783342433,-0.002,0.028));
#2276=CARTESIAN_POINT('',(0.00411961783342433,-0.003,0.031));
#2277=CARTESIAN_POINT('',(0.00711961783342433,-0.002,0.031));
#2278=CARTESIAN_POINT('',(0.00611961783342433,-0.003,0.0318335536882582));
#2279=CARTESIAN_POINT('',(1.14217656066133E-17,-0.002,0.042));
#2280=CARTESIAN_POINT('',(-0.00553383139579752,-0.0025,0.0415));
#2281=CARTESIAN_POINT('',(0.0055338313957974,-0.0025,0.0415));
#2282=CARTESIAN_POINT('',(0.00561961783342433,-0.0105,0.0318335536882582));
#2283=CARTESIAN_POINT('',(0.00561961783342434,-0.0105,0.031));
#2284=CARTESIAN_POINT('',(0.00411961783342433,-0.0105,0.031));
#2285=CARTESIAN_POINT('',(0.00411961783342433,-0.0105,0.0295));
#2286=CARTESIAN_POINT('',(7.80625564189563E-18,-0.0105,0.0295));
#2287=CARTESIAN_POINT('',(-0.00411961783342433,-0.0105,0.0295));
#2288=CARTESIAN_POINT('',(-0.00411961783342433,-0.0105,0.031));
#2289=CARTESIAN_POINT('',(-0.00561961783342433,-0.0105,0.031));
#2290=CARTESIAN_POINT('',(-0.00561961783342433,-0.0105,0.0318335536882582));
#2291=CARTESIAN_POINT('',(-0.00600523591658856,-0.010818274557498,0.0416666666666667));
#2292=CARTESIAN_POINT('',(-0.00602900772563276,-0.0107894728854165,0.0415994298371617));
#2293=CARTESIAN_POINT('',(-0.00604746276599633,-0.0107596585771031,0.0414406507424389));
#2294=CARTESIAN_POINT('',(-0.00595237284829009,-0.0108967231204507,0.0411700249109957));
#2295=CARTESIAN_POINT('',(-0.00577158171343222,-0.011,0.0410338796071863));
#2296=CARTESIAN_POINT('',(-0.00561961783342434,-0.011,0.0410074142844953));
#2297=CARTESIAN_POINT('',(-0.00411961783342442,-0.0115,0.041));
#2298=CARTESIAN_POINT('',(-0.00561961783342433,-0.012,0.043));
#2299=CARTESIAN_POINT('',(-0.00573881419345774,-0.012,0.0426622769799053));
#2300=CARTESIAN_POINT('',(-0.00600350561706034,-0.0118104151558489,0.0420180668061297));
#2301=CARTESIAN_POINT('',(-0.00611961783342443,-0.0116043711519073,0.0413408747558832));
#2302=CARTESIAN_POINT('',(-0.00611961783342443,-0.0115,0.041));
#2303=CARTESIAN_POINT('',(-0.00411961783342442,-0.0115,0.0435));
#2304=CARTESIAN_POINT('',(0.,-0.0115,0.0435));
#2305=CARTESIAN_POINT('',(0.00411961783342432,-0.0115,0.0435));
#2306=CARTESIAN_POINT('',(0.00411961783342432,-0.0115,0.041));
#2307=CARTESIAN_POINT('',(0.00561961783342433,-0.012,0.043));
#2308=CARTESIAN_POINT('',(0.00573881419345774,-0.012,0.0426622769799053));
#2309=CARTESIAN_POINT('',(0.00600350561706032,-0.0118104151556646,0.0420180668061862));
#2310=CARTESIAN_POINT('',(0.00611961783342432,-0.0116043711522762,0.0413408747557702));
#2311=CARTESIAN_POINT('',(0.00611961783342432,-0.0115,0.041));
#2312=CARTESIAN_POINT('',(-0.00553383139579752,-0.002,0.0415));
#2313=CARTESIAN_POINT('',(0.0055338313957974,-0.002,0.0415));
#2314=CARTESIAN_POINT('',(0.00611961783342433,-0.0125,0.043));
#2315=CARTESIAN_POINT('',(0.00611961783342433,-0.012,0.043));
#2316=CARTESIAN_POINT('',(0.00561961783342433,-0.012,0.043));
#2317=CARTESIAN_POINT('',(0.00611961783342433,-0.0124999999324038,0.0426156957662787));
#2318=CARTESIAN_POINT('',(0.00611961783342545,-0.0120844445007455,0.0427607407186545));
#2319=CARTESIAN_POINT('',(0.00571185085061816,-0.012,0.0427386731391023));
#2320=CARTESIAN_POINT('',(0.00611961783342433,-0.0122253221267539,0.041886777462021));
#2321=CARTESIAN_POINT('',(0.00611961783343951,-0.0120724916135679,0.0421152981172914));
#2322=CARTESIAN_POINT('',(0.00595401274189267,-0.0118626610464778,0.0421633173234968));
#2323=CARTESIAN_POINT('',(0.00611961783342432,-0.0117404026454263,0.0412944333788521));
#2324=CARTESIAN_POINT('',(0.00611961783339555,-0.0116803020141223,0.0413435056986312));
#2325=CARTESIAN_POINT('',(0.00611961783342432,-0.0116202013227133,0.0413925779039019));
#2326=CARTESIAN_POINT('',(0.00611961783342432,-0.0115,0.041));
#2327=CARTESIAN_POINT('',(0.00611961783342432,-0.0115,0.041));
#2328=CARTESIAN_POINT('',(0.00611961783342432,-0.0115,0.041));
#2329=CARTESIAN_POINT('',(0.00561961783342433,-0.0125,0.043));
#2330=CARTESIAN_POINT('',(0.00561961783342433,-0.0125,0.0239716314061166));
#2331=CARTESIAN_POINT('',(0.00561961783342433,-0.0125,0.0555747464938019));
#2332=CARTESIAN_POINT('',(0.00111961783342436,-0.0125,0.0555747464938019));
#2333=CARTESIAN_POINT('',(0.00354082794589496,-0.0125,0.0593678641549442));
#2334=CARTESIAN_POINT('',(0.00321170962696948,-0.0125,0.0595779458537391));
#2335=CARTESIAN_POINT('',(-0.00244708411274079,-0.0125,0.0631900480480185));
#2336=CARTESIAN_POINT('',(-0.00275894290621909,-0.0125,0.0627014836350283));
#2337=CARTESIAN_POINT('',(-0.00324750731920926,-0.0125,0.0630133424285066));
#2338=CARTESIAN_POINT('',(-0.00561961783342435,-0.012,0.043));
#2339=CARTESIAN_POINT('',(-0.00611961783342433,-0.012,0.043));
#2340=CARTESIAN_POINT('',(-0.00611961783342433,-0.0125,0.043));
#2341=CARTESIAN_POINT('',(-0.0057118508506182,-0.012,0.0427386731391023));
#2342=CARTESIAN_POINT('',(-0.0061196178334256,-0.0120844445007472,0.0427607407186501));
#2343=CARTESIAN_POINT('',(-0.00611961783342433,-0.0124999999324038,0.0426156957662786));
#2344=CARTESIAN_POINT('',(-0.0059540127418928,-0.011862661046641,0.0421633173231443));
#2345=CARTESIAN_POINT('',(-0.00611961783347297,-0.0120724916138334,0.0421152981169577));
#2346=CARTESIAN_POINT('',(-0.0061196178334243,-0.0122253221270793,0.0418867774617562));
#2347=CARTESIAN_POINT('',(-0.00611961783342439,-0.0116202013223866,0.0413925779046062));
#2348=CARTESIAN_POINT('',(-0.00611961783333389,-0.0116803020136323,0.0413435056992475));
#2349=CARTESIAN_POINT('',(-0.00611961783342439,-0.0117404026447746,0.041294433379381));
#2350=CARTESIAN_POINT('',(-0.00611961783342439,-0.0115,0.041));
#2351=CARTESIAN_POINT('',(-0.00611961783342439,-0.0115,0.041));
#2352=CARTESIAN_POINT('',(-0.00611961783342439,-0.0115,0.041));
#2353=CARTESIAN_POINT('',(-0.00561961783342433,-0.0125,0.043));
#2354=CARTESIAN_POINT('',(-0.00446908159696236,-0.0125,0.0610995989894399));
#2355=CARTESIAN_POINT('',(-0.00569065587471546,-0.0125,0.0591858555503733));
#2356=CARTESIAN_POINT('',(-0.00561961783342433,-0.0125,0.0239716314061166));
#2357=CARTESIAN_POINT('',(-0.00561961783342433,-0.0125,0.0454185250117761));
#2358=CARTESIAN_POINT('',(-0.00520209146172528,-0.0125,0.058873996756895));
#2359=CARTESIAN_POINT('',(-0.00551395025520358,-0.0125,0.0583854323439048));
#2360=CARTESIAN_POINT('',(0.00288038216657563,-0.0125,0.0454185250117761));
#2361=CARTESIAN_POINT('',(-0.00376967792998297,-0.0125,0.0507125500128653));
#2362=CARTESIAN_POINT('',(0.0140113532900896,-0.0125,0.0459221062316625));
#2363=CARTESIAN_POINT('',(-0.0015683984219866,-0.0125,0.0552737413676994));
#2364=CARTESIAN_POINT('',(-0.0015683984219866,-0.012224203033091,0.0552737413676994));
#2365=CARTESIAN_POINT('',(-0.00134407993670167,-0.012,0.055426690847703));
#2366=CARTESIAN_POINT('',(-0.00112036002627692,-0.012,0.0555809306008385));
#2367=CARTESIAN_POINT('',(-0.00240214066526714,-0.0125,0.0524303743512038));
#2368=CARTESIAN_POINT('',(-0.00142578340623123,-0.0125,0.0544596119249005));
#2369=CARTESIAN_POINT('',(-0.00142578340623123,-0.0122236777297133,0.0544596119249005));
#2370=CARTESIAN_POINT('',(-0.0011620415003602,-0.012,0.0543894891330897));
#2371=CARTESIAN_POINT('',(-0.00089930832174586,-0.012,0.0543181488512132));
#2372=CARTESIAN_POINT('',(-0.0211929089668715,-0.0125,0.051416464365249));
#2373=CARTESIAN_POINT('',(0.,-0.015,0.035));
#2374=CARTESIAN_POINT('',(0.,-0.011,0.035));
#2375=MECHANICAL_DESIGN_GEOMETRIC_PRESENTATION_REPRESENTATION('',(#1324),
#2376);
#2376=(
GEOMETRIC_REPRESENTATION_CONTEXT(3)
GLOBAL_UNCERTAINTY_ASSIGNED_CONTEXT((#2377))
GLOBAL_UNIT_ASSIGNED_CONTEXT((#2380,#2379,#2378))
REPRESENTATION_CONTEXT('Snapfit encoder attachment',
'TOP_LEVEL_ASSEMBLY_PART')
);
#2377=UNCERTAINTY_MEASURE_WITH_UNIT(LENGTH_MEASURE(2.1126776181749E-5),
#2380,'DISTANCE_ACCURACY_VALUE','Maximum Tolerance applied to model');
#2378=(
NAMED_UNIT(*)
SI_UNIT($,.STERADIAN.)
SOLID_ANGLE_UNIT()
);
#2379=(
NAMED_UNIT(*)
PLANE_ANGLE_UNIT()
SI_UNIT($,.RADIAN.)
);
#2380=(
LENGTH_UNIT()
NAMED_UNIT(*)
SI_UNIT($,.METRE.)
);
#2381=PRODUCT_DEFINITION_SHAPE('','',#2382);
#2382=PRODUCT_DEFINITION('','',#2384,#2383);
#2383=PRODUCT_DEFINITION_CONTEXT('',#2390,'design');
#2384=PRODUCT_DEFINITION_FORMATION_WITH_SPECIFIED_SOURCE('','',#2386,
 .NOT_KNOWN.);
#2385=PRODUCT_RELATED_PRODUCT_CATEGORY('','',(#2386));
#2386=PRODUCT('Snapfit encoder attachment','Snapfit encoder attachment',
'Snapfit encoder attachment',(#2388));
#2387=PRODUCT_CATEGORY('','');
#2388=PRODUCT_CONTEXT('',#2390,'mechanical');
#2389=APPLICATION_PROTOCOL_DEFINITION('international standard',
'ap242_managed_model_based_3d_engineering',2020,#2390);
#2390=APPLICATION_CONTEXT('managed model based 3d engineering');
ENDSEC;
END-ISO-10303-21;
