timestamp,roll,pitch,yaw,acc_x,acc_y,acc_z,gyro_x,gyro_y,gyro_z,acc_mag,gyro_mag,motor_input,markers
0.004531145095825195,7.220252544610467,-1.953024252677506,40.182033891120255,0.014428995319223342,0.013499350737570984,0.23987884308680732,-0.13732007267774982,-0.14141425699961618,-0.03347472607918966,0.24069127058728834,0.19993836982693633,0.3680510610695528,nm
0.009017705917358398,5.030811098847308,-2.0216651741449825,42.661157422757825,0.052130780527592256,-0.0931999854532875,0.7031966046957381,-0.14199728973669012,-0.15733174327278873,-0.033923209282242024,0.7112589686060367,0.21463292352718633,0.3680510610695528,nm
0.0332331657409668,15.030088134650473,-0.11451277079018415,45.532440141336835,1.4571975839226994,0.919898471068628,-3.5628454755854504,1.1166815667041115,1.5859844448679368,0.29784360346439537,3.957714729305823,1.9624054608832657,0.3593574126656368,nm
0.043221473693847656,28.06569003021449,2.8518167258264464,47.85120810163584,0.1417556730934648,-0.16976193395099096,3.8561505531925535,1.3763168520477187,2.299742323255347,0.45626740080037176,3.862487653567348,2.718684014672461,0.3593574126656368,nm
0.05822443962097168,32.65777592014245,2.846153317279052,48.95917852121346,1.2703096311925648,-0.31374833251693385,-1.9311576623440543,0.6197653318140695,0.6858625851789449,0.16520456913776488,2.3327011150355075,0.9390469114644612,0.3593574126656368,nm
0.059847116470336914,38.89297936554872,1.525992729336843,49.78882069138431,1.026850001066204,0.007176980028156223,-1.4813203334748708,1.0212311931351223,0.7758426987018968,0.10693193412757253,1.8024378946577022,1.2869652215570906,0.3593574126656368,nm
0.06374144554138184,43.78168534719845,1.8652111468979544,51.81181736695549,1.4496807287358358,-2.2691285352556614,4.582700618576189,0.5734857904192774,0.8028998147941303,0.36394447882509595,5.315229391501194,1.0516604243179177,0.3593574126656368,nm
0.07625937461853027,41.12465898723098,2.9453718177881996,53.01423194261035,-1.3924418358572654,-1.250397541085938,-2.5041066041174163,-0.4875664270414738,-0.2878224465824158,0.25127077405764164,3.1261698869037446,0.6194350518256153,0.3593574126656368,nm
0.08750462532043457,42.22845619690475,3.5817853281022627,53.23681591624608,-0.49964262225976097,-0.6884050627560728,-1.308433790653789,0.038181832505421634,0.2544849313070831,0.02006792944100323,1.5606227170368392,0.258114614828165,0.3593574126656368,nm
0.09683847427368164,44.82590019563749,5.917229629636188,54.4095283603778,0.33255716359177384,-0.6330920676345394,2.4515269376604882,-0.06447448637268707,0.6958959138507458,0.17929799042939662,2.5537000918731616,0.7215094259115444,0.3593574126656368,nm
0.10448217391967773,43.51346297718088,9.235946112668882,55.81620624794687,-0.6383106421197249,-0.27544704591523367,-0.5704975467975228,-0.6872791709065529,0.16734200572687732,0.30366220594269155,0.8993214118704814,0.7697835676088927,0.3593574126656368,nm
0.14257049560546875,44.67477139017642,12.71513181719945,57.45328956880693,0.8081189385921337,1.0611559264844224,1.2063118575216494,-0.13698389741203654,0.3433713910819401,0.14688202545763843,1.7984149734757051,0.3977974733030319,0.3519678115223082,nm
0.15025091171264648,45.72416856251067,15.056433510745048,61.03855328585137,-0.8306320196138466,0.7425418853782567,-0.9610500981477553,0.0353724234671355,0.2820548227019995,0.25225823131930314,1.4713719090354702,0.380053083949779,0.3519678115223082,nm
0.15149426460266113,48.369441286603866,14.720696502974274,62.30589875709057,0.16557003601353928,0.6454779038795573,0.8441306042409272,0.30710940555261984,0.4197153051093254,0.10431358435578485,1.0754588035989219,0.5304323219818425,0.3519678115223082,nm
0.1607353687286377,50.406234812657324,14.908969130839562,63.92188963091976,-0.27478399490631117,0.04899528500719166,0.26696388262345555,0.1492961815174471,0.3699952635799146,0.20579832911813248,0.38623373290664004,0.4489307264546237,0.3519678115223082,nm
0.17917752265930176,53.21597590946889,15.307433643337772,65.34001082481197,-0.7180922976691941,-0.5784343583487456,0.31492506074931254,0.16461501441321041,0.5264681209400931,0.12363295082902424,0.9743821882496138,0.5652892108179193,-0.2,nm
0.20366477966308594,58.634556446487196,16.69623351604325,66.81710880606825,-0.15871313053784972,-0.460378835206061,0.16816730829244098,-0.0031969437444621337,0.526724129419433,0.02317118723674306,0.5151880950576584,0.5272432388185979,-0.2,nm
0.21111059188842773,61.83494176782703,18.464216663619954,68.41664800981079,-0.14295394832080896,-0.5200077566242837,0.17634915072630544,-0.09275153061999276,0.7012611351455599,0.11255755233823722,0.5674001420971077,0.7162675678029584,-0.2,nm
0.2172865867614746,64.71535515702574,20.056494582165794,69.7670743866176,0.33990755910749176,-0.10302154334095057,0.05721433222644651,-0.10237110637122643,0.6238861037380492,0.06592797885040848,0.3597555655481685,0.6356573072437796,-0.2,nm
0.21859288215637207,66.89238460551142,21.307000036029066,71.03818890131038,0.626994957204869,0.32414929679455634,-0.4705337511570823,-0.0985777273460089,0.4695779490697046,0.0863292687534534,0.8482909017257558,0.4875179598996535,-0.2,nm
0.2346479892730713,70.57869400477026,22.605557408364767,74.11333295400487,0.24538298298459066,0.24237616423092198,-0.6462940961876462,0.011842008682168925,0.297476696498645,0.14244884456318074,0.7325674522477211,0.33003680317013245,-0.29223078287321985,nm
0.25391626358032227,71.40004117125862,22.503495416971223,74.9107752249234,0.39180426435852533,0.11902962848682556,-0.6172416195102423,0.05958233158509,0.14236446327941135,0.08239699446281795,0.7407198194208547,0.17494844765946374,-0.29223078287321985,nm
0.2667262554168701,71.79448402337006,22.415055743465192,75.77842851850318,0.427804380491313,-0.22808352954319341,-0.28121211010737945,0.03483231420362474,0.06763054102272154,0.12936918314306103,0.5604631435585054,0.1500785319054958,-0.29223078287321985,nm
0.2695913314819336,71.43134737802532,22.590099380752527,76.628097388993,0.044440090840118796,-0.610484670495448,-0.17262443178175008,-0.05076973833387145,-0.055446655804832004,0.18375618240867803,0.6359761387283219,0.19854025421521107,-0.29223078287321985,nm
0.2723360061645508,70.43733283268719,23.071087009824474,77.2019860262755,0.11749069792327256,-0.6477030490439647,-0.08678029916617161,-0.13586992663974742,-0.1556129430126349,0.17791011768239606,0.6639684662412187,0.2726316837271632,-0.29223078287321985,nm
0.3044312000274658,67.28038582294998,25.24808121425535,79.09374827849497,0.23899358785147376,-0.31277759607898936,0.02523240616731717,-0.31256202250758347,-0.2738601255896898,0.3591929231855516,0.39444192723906013,0.5492849373217996,-0.37062694831545673,nm
0.3129920959472656,64.914376859226,26.433745648667784,80.04340263523444,0.2319426960824565,-0.024814989301985866,-0.08489157748504673,-0.3101753312791858,-0.3761595691646695,0.3823246538535663,0.24823331341291835,0.6195780003781216,-0.37062694831545673,nm
0.31432032585144043,62.21069067404184,27.341694874478325,80.83142614392081,0.20777371679955747,0.3261001026556068,-0.1751801050702547,-0.2584286814409368,-0.44602897922813267,0.38831832659767107,0.4244988381104541,0.6453823335622123,-0.37062694831545673,nm
0.3208129405975342,59.44812840925008,28.01384820781197,81.75556579132004,-0.017516244092583646,0.42580966941785414,-0.32271744761803184,-0.2055597455568396,-0.4641443147589424,0.4277295537967928,0.5345720198195472,0.663805186110838,-0.37062694831545673,nm
0.33986973762512207,54.021284906494294,28.49771381202072,83.40515996181125,0.09884020677057168,0.30811330600645614,0.11811350523188184,-0.07396301877985079,-0.48482388618553623,0.39151296659902657,0.3444618932927694,0.627540541939917,-0.43726368894135803,nm
0.35629963874816895,50.96097701725745,28.451884652231147,83.87492985562399,-0.04662198465151535,0.053933081786794936,0.15612850743449014,-0.04711898070247503,-0.5366903671391464,0.37230483205005427,0.17163477968520507,0.6548798641661011,-0.43726368894135803,nm
0.36985349655151367,47.85563860384684,28.503110048831736,84.28790379727548,-0.12451457064493657,-0.17126681880847555,0.23362465051205006,-0.06246103673008389,-0.5428835121878243,0.3654383082347745,0.31530410535631415,0.657395654108147,-0.43726368894135803,nm
0.3803067207336426,44.72419017364712,28.756262546112097,84.71522113060622,-0.0787283848596982,-0.28543324866841624,0.29680259252010754,-0.09842234571320785,-0.5432390152474886,0.37247787488655165,0.41923987996692264,0.6659844991460034,-0.43726368894135803,nm
0.3880021572113037,41.58162418647127,29.200608044215457,85.18360940715779,-0.0328926658648892,-0.25201921302749924,0.23922545419114086,-0.1316666962182795,-0.5407521730200961,0.3853623824240688,0.3490335644829261,0.6769440134210117,-0.43726368894135803,nm
0.39046335220336914,38.43554164003244,29.800654885168118,85.74680266890078,0.05125163003451699,-0.05915420401139137,0.19736258705335807,-0.15706710377955738,-0.5372964928801574,0.4099621681595961,0.2123156616969428,0.6938491015149707,-0.43726368894135803,nm
0.40723180770874023,35.20874680671009,30.456512299603975,86.38515787397132,0.10798529695542972,0.13221970798137023,0.14823004617695837,-0.16267169644399346,-0.5486721537129579,0.43941187047863367,0.2260863156558892,0.721516462044709,-0.43726368894135803,nm
0.4147305488586426,28.232947576472238,31.270383451427495,87.42748147958238,-0.013003598081589192,0.308962969758858,-0.17021817054328492,-0.08200285728113114,-0.6084861832676413,0.4501106551321618,0.35298928571329663,0.7613011924943996,-0.49390491847337414,nm
0.4455423355102539,24.58822669923289,31.451923328342133,87.79885809332241,-0.02460542843843234,0.33013793438596445,-0.10675016340769833,-0.053725429004439836,-0.6206683505735162,0.4426513322181266,0.34783915854434855,0.7642354513105517,-0.49390491847337414,nm
0.4474337100982666,20.79603747879757,31.487303402,88.01789030406465,-0.03587509513862513,0.24254136065540724,0.05432827020216231,-0.021573380548692827,-0.6461805963815975,0.4292437127463285,0.25112724866676833,0.7760573038253221,-0.49390491847337414,nm
0.45183420181274414,16.812028609029934,31.292092555762565,88.03269160561719,-0.06951414622151435,0.11425173868202874,0.18393263111783958,0.025319986329952023,-0.6807822893566743,0.4080257829281452,0.22741347608860807,0.7940973912207427,-0.49390491847337414,nm
0.45474696159362793,12.725139845710142,30.995624701915624,87.92975481877251,-0.12368503605145838,-0.009523732908216056,0.23378641241131334,0.044934657542352686,-0.7005137307855659,0.3928065389656923,0.2646597367559151,0.804385223336286,-0.49390491847337414,nm
0.5010104179382324,4.557757158431816,30.68341913986294,87.7747839233529,-0.2000462807836905,-0.1663538369600664,0.3162807100116003,0.006310385501474579,-0.7003330836837992,0.39877953925789844,0.40954316140324637,0.8059350904371756,-0.5420499635755879,nm
0.5024726390838623,0.6067572760287756,30.644178711201985,87.81419020129482,-0.2280883825012675,-0.09540221922772184,0.26296304078697125,-0.0066422973029949175,-0.6776098912658846,0.40354234026578717,0.3609369120574247,0.7886987417525234,-0.5420499635755879,nm
0.5045461654663086,-6.7824621608388505,30.89927012725057,88.08995738364665,-0.2625089188790325,0.01199720223350327,0.0054155066178861976,-0.04031756989917554,-0.612418315803038,0.3923478039313835,0.2628387206337727,0.7284356520814887,-0.5420499635755879,nm
0.5236942768096924,-13.370060578489156,30.78987961502074,88.22149089981424,-0.37336831169483414,0.1466743837365613,-0.07792090814717595,0.02423715382091814,-0.558774654859558,0.3333338493879025,0.4086428011709389,0.6510975423748073,-0.5829732519124695,nm
0.5284035205841064,-16.703473730356535,30.46479547705983,88.10162216215093,-0.18152480595599904,0.034464301404515445,-0.19364496880138535,0.05935238629284005,-0.5715477273474419,0.311423445785618,0.2676516713767241,0.6535855513853316,-0.5829732519124695,nm
0.5435829162597656,-19.613514973508654,29.95261178792037,87.99678169486405,-0.11599463051254776,0.0004288447522619364,-0.09970948654379656,0.09837546597549802,-0.5303270699501639,0.2680753181604463,0.15296051752786263,0.6023196075462319,-0.5829732519124695,nm
0.5626130104064941,-22.47138754960924,29.294356574092895,87.80135788025089,-0.2004914062868105,-0.0011671371880145646,0.09679969938875545,0.12631261637478308,-0.496716714343012,0.24034062575061763,0.22263950234815022,0.566079488896532,-0.5829732519124695,nm
0.5698025226593018,-25.338921394358522,28.607850955638213,87.63133966679042,-0.09128275230074423,-0.1095317405275268,0.09957801740185837,0.13018646713493337,-0.50196998154994,0.2411308935171778,0.17391240496374402,0.5718972691058376,-0.5829732519124695,nm
0.5744826793670654,-28.037871352443368,27.986129014912066,87.5451943594747,-0.06378217773502008,-0.16336014643104424,0.14524593247500864,0.11720255233020514,-0.4748404129225199,0.23676069384783702,0.22770833216887054,0.5433833657450814,-0.5829732519124695,nm
0.5839962959289551,-30.643204273009214,27.50900613355879,87.5399051556166,-0.1515661126256937,-0.134227983787371,0.2075997348829991,0.0884618232679417,-0.45925987765970794,0.24020347313857612,0.28997773716542224,0.5257783163194667,-0.5829732519124695,nm
0.5881016254425049,-33.328266531136165,27.19715276073736,87.5768176005051,-0.027862096167217614,-0.12831136775064986,0.10480066132897449,0.0547807143665077,-0.47336505352742775,0.253356773860949,0.16799786341458095,0.5396897770282085,-0.5829732519124695,nm
0.5992939472198486,-35.86455778914082,26.99285295398906,87.64115906706655,-0.11202167252570674,-0.06383452780041374,0.09631610838689245,0.03464790181288734,-0.4467714886891353,0.24364296224109838,0.16093630662393768,0.5100658126704425,-0.5829732519124695,nm
0.6096019744873047,-38.44324558779677,26.791418234233014,87.67987081785601,-0.14946828873739784,0.024114913440494195,0.03573483388945226,0.03400800600250233,-0.4548431343514528,0.2412707074489373,0.1555611672026004,0.5159945499826821,-0.5829732519124695,nm
0.6164088249206543,-41.020801224800856,26.4843657608396,87.67839409904832,-0.027851336350691546,0.020433873599387545,-0.08143771080475413,0.05509755742463376,-0.45627196024224065,0.2316091789469846,0.08846095674315232,0.5146480878327967,-0.5829732519124695,nm
0.6600174903869629,-45.79233780625126,25.299653249075327,87.6449456262483,-0.11777359629422662,0.028752192502442188,-0.08670268380767675,0.12829041296322266,-0.44994512711265694,0.2045450780760776,0.14904584508541974,0.5106346408498428,-0.5805257182555168,nm
0.6621160507202148,-48.16945326263424,24.516630485351637,87.60357539074683,-0.025416721389180014,-0.03511089773027185,-0.0792474975444182,0.15803157064518816,-0.4361150543902918,0.19440421186401846,0.09032691034599478,0.50295458599848,-0.5805257182555168,nm
0.6637930870056152,-50.14804583124277,23.706731423663285,87.69426751057016,-0.17422906968233418,-0.062430064732024976,-0.004296572184367326,0.17287161218453945,-0.39841341739246866,0.18257667347634068,0.1851262872672381,0.47111791215715154,-0.5805257182555168,nm
0.6671812534332275,-52.26807892620433,22.98915924314224,87.77994841110149,-0.07237605533986113,-0.11912533274016653,0.024204452005273196,0.16537256998569339,-0.4024569483613189,0.18882373499576252,0.1414743573369026,0.47431433152048896,-0.5805257182555168,nm
0.67641282081604,-54.32737548966811,22.43050079783475,89.28275563457039,0.029959992539161484,-0.14492865446413425,0.034991903974621395,0.1495754795346184,-0.3680901589801936,0.18206679203050186,0.15207349993177693,0.4370486311342861,-0.5805257182555168,nm
0.6918182373046875,-57.74621556945974,21.72191191700124,92.52681057246964,-0.05670565550695043,-0.11415227220329197,0.005655820618205625,0.10965650248350793,-0.3299989632112179,0.16794040658057227,0.12758628814458364,0.3861707451631237,-0.578445314647107,nm
0.7110750675201416,-59.54886994519049,21.405408032904543,92.6339579779864,0.05275021670948486,-0.0392742992379764,-0.015804723410039776,0.09910096644304228,-0.3137200907146864,0.15887518736210673,0.06763760215737684,0.36535273644427596,-0.578445314647107,nm
0.726118803024292,-61.02263760916513,21.00918381953845,92.77775561677903,-0.07386841981654514,-0.0235208928208656,-0.05185145631415815,0.10356357411736317,-0.2792166379671713,0.14036747289296367,0.09326494179048768,0.32922693123134666,-0.578445314647107,nm
0.7277069091796875,-62.48720126585428,20.462741150532327,94.3219830226266,-0.04647244993690483,0.00998292151705773,-0.09844211626909528,0.13567026228094722,-0.27217811974219736,0.13588120491998026,0.10931695925469175,0.3330931563155938,-0.578445314647107,nm
0.7307069301605225,-64.00864837904116,19.734866608415842,95.80681335616133,-0.006230346953191563,0.021840024554896413,-0.08279205364050501,0.17695200264136957,-0.2616904143634453,0.13698716762710317,0.0858506146846246,0.34432451016882176,-0.578445314647107,nm
0.7526354789733887,-66.7612692487962,18.00717943051719,98.60517427375375,-0.0066583180907132155,-0.04051433395065634,-0.018268047212505686,0.22666545090896528,-0.21467876937126365,0.12445184475387262,0.044938469090755204,0.33608401080260686,-0.5766769715799587,nm
0.7718462944030762,-67.98356946052267,17.18443828512835,100.00344279679078,-0.021261303523670467,-0.09178883113393774,0.013818297798842806,0.22977591647494167,-0.19568475710625763,0.1221749592882733,0.09522698095874763,0.3256013154652875,-0.5766769715799587,nm
0.7737674713134766,-69.19240629580325,16.443267752190387,101.38579692849014,-0.008127618095879939,-0.10003759238302724,0.0394520551252732,0.2193092620831762,-0.18956345796474103,0.12075738114144591,0.10784267577964106,0.314027390733926,-0.5766769715799587,nm
0.7766168117523193,-70.41375749182019,15.822892117856945,102.68197465519214,0.028846652317046317,-0.07784563814071616,0.05560487411600554,0.19502113887270875,-0.18365510521770803,0.11137628461402074,0.09991984163764821,0.2901156994272442,-0.5766769715799587,nm
0.7850983142852783,-71.4824271527377,15.331090184277665,103.91523366567304,-0.019444124446311703,-0.07596571738017519,0.03183234325440055,0.16735117355655296,-0.17013712038072015,0.0988950143409104,0.08462955907739497,0.2583278515446758,-0.5766769715799587,nm
0.7946884632110596,-72.56609911061399,14.867788853442455,105.12878097965135,0.0,0.0,0.0,0.15482546467549127,-0.16693315246529555,0.09596843617295174,0.0,0.2470780092308203,-0.5766769715799587,nm
0.8056607246398926,-73.56124916912827,14.357851923930873,106.31960028017946,-0.01398371609039779,0.01826769557215355,-0.03448623545266998,0.15360398046435098,-0.15167840331688986,0.09224518581996455,0.04145543936458424,0.23475454235054455,-0.5766769715799587,nm
0.8390905857086182,-75.52387901490842,13.02617239127501,108.66279030931753,-0.01671373383696224,0.0494843978696047,-0.012083559089264386,0.19586086795946747,-0.13243333340896865,0.09526829330143705,0.05361032485961915,0.2549041292412024,-0.5751738799728826,nm
0.8513779640197754,-76.43769286779826,12.194605706816704,109.85008214978136,-0.01106802892075759,0.030658522541647446,-0.007044116890144818,0.21533627065966876,-0.10447524059865748,0.09690304780282276,0.03334765136241913,0.25821499962867694,-0.5751738799728826,nm
0.8548586368560791,-78.03404715647844,10.49438486709584,112.11381815658028,-0.00921787264079734,-0.05931856742340172,0.016190723476620903,0.22894679258035322,-0.07010241074342466,0.09115412966808752,0.06217556709739783,0.25620315607036853,-0.5751738799728826,nm
0.8634366989135742,-78.8089856075298,9.72386925763911,113.20109677358212,-0.006994203359153435,-0.07593865253880448,0.018783884727995786,0.2215360446993781,-0.07107673192670412,0.08680355593487263,0.07853936691566277,0.24832434082337554,-0.5751738799728826,nm
0.8754668235778809,-79.63801501175644,9.045592865194616,114.18708757234927,0.026921071568834297,-0.04401600211307155,0.044275150009577845,0.20298996844310382,-0.0774960029019422,0.07755370930119498,0.06798853906948463,0.23070573374037406,-0.5751738799728826,nm
0.9014003276824951,-81.04818702857648,7.985816035173645,116.0329324981606,0.0,0.0,0.0,0.15641082442361962,-0.07437936639380517,0.0613606620137623,0.0,0.18374375359393158,-0.5738962521068679,nm
0.9275896549224854,-81.8023893427968,7.48397454532139,116.90470386498096,0.030562820010667378,0.014794230237176036,-0.004849049617015531,0.15146410756738665,-0.07386424728194686,0.06113045609723684,0.034299686551094055,0.17926024537071703,-0.5738962521068679,nm
0.929030179977417,-82.38778784097323,6.937567210689275,117.82601094824739,-0.057809934752033255,0.0005654429242601951,-0.05290855817791315,0.15293002747004103,-0.055585897431403665,0.05939628518892667,0.07836851287475448,0.17322039137897807,-0.5738962521068679,nm
0.9358561038970947,-83.06808144990323,6.2955288172873205,118.71927441573226,-0.002362404805323431,-0.006771677402433948,-0.043540504041545414,0.17521501835375597,-0.04867304422694431,0.06247084318862452,0.04412722587585449,0.1922809770614941,-0.5738962521068679,nm
0.953500509262085,-84.27216747848337,4.7347528925495235,120.40955191449254,0.0,0.0,0.0,0.20119631408636215,-0.001217000927320521,0.06515130386069747,0.0,0.21148553210076598,-0.5728102684207554,nm
0.9570534229278564,-84.79930828561056,3.9130875730230925,121.21525852644429,0.020226760269101998,-0.033378286756226325,0.002669659763540241,0.20480645101313963,0.007480540214412015,0.058743418653796405,0.03911980241537095,0.21319575533680823,-0.5728102684207554,nm
0.9586379528045654,-85.31120002122937,3.129494750136781,121.95669520751011,0.02169847027385338,-0.03478328331224034,0.0022414493625374735,0.19367931178315143,0.01332390340483438,0.052359549937831686,0.04105757549405098,0.2010739284055216,-0.5728102684207554,nm
0.9726095199584961,-85.68076719559095,2.4212682666103067,122.6797063630109,-0.04482568961768454,-0.028553691014518094,0.004010517350270205,0.17121868691929887,0.0161011881017808,0.04527643866163709,0.053298592567443855,0.17783431307410502,-0.5728102684207554,nm
0.9866209030151367,-86.12410654274764,1.7932356880866045,123.32097283242824,0.0,0.0,0.0,0.1558182795245258,0.001575222420066804,0.03717502673800923,0.0,0.16019925147336875,-0.5728102684207554,nm
0.9934966564178467,-86.54856195140702,1.2336766286217875,123.91088299442414,0.0,0.0,0.0,0.1368158465520779,-0.0020775289220348395,0.032682866367822506,0.0,0.14068070851470915,-0.5728102684207554,nm
1.0031630992889404,-86.94687521088511,0.6956427330093556,124.49407069020388,-0.02538994117414452,0.03695078494052584,-0.0005443572718109771,0.1253711180379261,0.00015137410525246253,0.03363880525900281,0.044836435467004776,0.12980566001316143,-0.5728102684207554,nm
1.0260798931121826,-87.67257152439103,-0.46668851244219123,125.77843720717985,0.006127248917768476,0.04220751742933297,-0.0009552905414689668,0.13609205889708517,0.015734788313479946,0.038865140979790554,0.04266064095705035,0.14240481467105218,-0.5718871822875599,nm
1.0276684761047363,-87.96983272963689,-1.1359688071766867,126.39620608406324,0.0,0.0,0.0,0.1429420765237736,0.036585608650112594,0.0436559313896265,0.0,0.15387262377279243,-0.5718871822875599,nm
1.0408165454864502,-88.24052154945794,-1.8558600138310277,126.98678028258135,-0.0275043858086696,-0.019458770399659795,-0.03099534636960808,0.1549332274001793,0.046706288205153025,0.04273265904511155,0.04578041590845149,0.16736744743110663,-0.5718871822875599,nm
1.0511672496795654,-88.58991135049698,-2.5918634590440797,127.56092714063246,0.0,0.0,0.0,0.1634542485143872,0.04636888222019465,0.03688851063717531,0.0,0.17386237894605702,-0.5718871822875599,nm
1.0566344261169434,-88.89120703197345,-3.295974352512875,128.05872860786928,0.0,0.0,0.0,0.15441664172735886,0.048113584451347516,0.031141033036702122,0.0,0.1647093810009176,-0.5718871822875599,nm
1.0811424255371094,-89.47493497222656,-4.476088492281555,128.9279288392006,0.0,0.0,0.0,0.11726594879181595,0.034931347033806556,0.017102910269933103,0.0,0.1235476073881741,-0.5711025590743436,nm
1.0828759670257568,-89.71507410988468,-4.948960871142169,129.27717196548738,0.0,0.0,0.0,0.10121485061876716,0.028742401367581005,0.013548787020401274,0.0,0.10608553743031454,-0.5711025590743436,nm
1.1079869270324707,-89.96892114372451,-5.396928828154021,129.62749485992694,0.039537387005492704,0.03274354200338479,-2.772245151291197e-05,0.09084379759989025,0.03152239771820685,0.013498923204587588,0.05133561417460441,0.09710035040079923,-0.5711025590743436,nm
1.109837532043457,-90.05739318305844,-5.870406541863065,129.98462973610103,-0.004308834129012728,0.005241275609585453,-0.0659878252053376,0.08453629392298716,0.048661581277484774,0.01589039981406646,0.06633573770523071,0.09882732055919463,-0.5711025590743436,nm
1.1130125522613525,-90.20217503325442,-6.4219242731763835,130.32124643704879,-0.003938226892467112,0.004948499465025756,-0.05616071894459182,0.09934417556863137,0.05826879737317306,0.016804011912089137,0.05651569366455079,0.11639111986345259,-0.5711025590743436,nm
1.1508536338806152,-90.31686112091124,-7.759728164262298,130.9496866889045,0.0,0.0,0.0,0.10770163104132136,0.09873375049632804,0.01910753634544466,0.0,0.147353631652649,-0.45092104864795585,nm
1.158905029296875,-90.2672144724709,-8.479039304447099,131.17008161784884,0.0,0.0,0.0,0.10063734417665644,0.1090640525903665,0.017472025472899156,0.0,0.14942594916710641,-0.45092104864795585,nm
1.1658737659454346,-90.13675233711186,-9.14607353514454,131.37322695639867,0.0,0.0,0.0,0.08214922188569154,0.11290599602879692,0.014674863897467675,0.0,0.14039804210204815,-0.45092104864795585,nm
1.1672077178955078,-89.96306297985838,-9.726007154340367,131.55071237679647,0.0,0.0,0.0,0.061365537404706835,0.10672583755059052,0.011232922168392072,0.0,0.12362164908414976,-0.45092104864795585,nm
1.1772692203521729,-89.75340870584803,-10.209017165780718,131.66514806898837,0.004294025381261545,0.039416291487801264,0.004660195967740406,0.03679087543056084,0.10276119186734545,0.010219879010542054,0.03992242621740288,0.10962607808333995,-0.45092104864795585,nm
1.1792912483215332,-89.38765208193168,-10.629397724265386,131.76355984883725,-0.00791030103832298,0.007888315033341588,-0.059424817364155544,0.013232928941389785,0.10736829962901216,0.010999837260739675,0.060465753078460686,0.10873848717614183,-0.45092104864795585,nm
1.1960277557373047,-89.05819203243745,-11.039170738472274,131.85090375638788,-0.01096341383556914,0.010310506663972327,-0.07686126628986571,0.009613097001622932,0.1077977082371923,0.010238266578591481,0.07832086086273193,0.10870869163819309,-0.34876676478552626,nm
1.2283477783203125,-88.13390418030536,-11.99687485541241,131.9377873614689,-0.016700042750773223,0.013597811321614169,-0.10012277140811034,0.0004474087634431527,0.14781027458385484,0.017274122880756096,0.10241270065307617,0.14881691022345422,-0.34876676478552626,nm
1.2313878536224365,-87.54477733572124,-12.570555981994957,131.91711280138273,0.02790533055949448,0.04933125506378394,-0.08101679677608101,-0.006209314300495375,0.17204474884964807,0.020663420369738755,0.09887366464159997,0.1733924108264181,-0.34876676478552626,nm
1.2332217693328857,-86.73870952326851,-13.159788587387244,131.85937649007604,-0.017484083401871173,0.011832720928465866,-0.08759357724265192,-0.025277549423460808,0.19810790489687358,0.025366066325851606,0.09010183811187743,0.20131848849107653,-0.34876676478552626,nm
1.2366127967834473,-85.85401268231023,-13.72665509196749,131.8348228664058,-0.008840767080972183,0.05411680768881536,-0.07348477849630212,-0.041671337783162524,0.208554259921704,0.02939437072370534,0.09168860729479325,0.21469841348824806,-0.34876676478552626,nm
1.2464032173156738,-84.83446004125099,-14.222841462507752,131.77112136357218,-0.002271554342072773,0.05994159640836878,-0.07995629501144601,-0.07049867143187542,0.22001403369813652,0.03603467287279048,0.09995581049178755,0.23382629310416164,-0.34876676478552626,nm
1.2539193630218506,-83.59882119961767,-14.575314486119499,131.61798627536515,-0.028468052399059713,0.012886306311051188,-0.10976458015546404,-0.10439420542108675,0.23271472926743805,0.04317527262967872,0.11412602663040163,0.25868590899035093,-0.34876676478552626,nm
1.2618188858032227,-82.22978424492649,-14.856319745447854,131.44849836304013,-0.031825526036083504,0.011917875045352208,-0.11309464354533441,-0.13113991021190807,0.24275761016419511,0.04787808020238509,0.11809021234512329,0.28003793297852464,-0.34876676478552626,nm
1.2754132747650146,-80.7221569826845,-15.10268325557282,131.07540651801983,-0.03494573621311866,0.010575862843325744,-0.11462413031528715,-0.15201674644226226,0.25914076686299997,0.053476271303110855,0.1202985644340515,0.3051601871832541,-0.34876676478552626,nm
1.2987377643585205,-77.32971060909132,-15.704010852966356,130.27379390222063,-0.04292686949954016,-0.01946722028088614,-0.04586983354959879,-0.16274924773828284,0.29537989501844214,0.060754122145192345,0.06577028523857104,0.34267719996830226,-0.2619356235024611,nm
1.3066234588623047,-75.49038429824334,-16.06910816906354,129.76032564612316,-0.038445028866236644,-0.0369417904722843,0.013225285184973134,-0.16232090469195054,0.3142201484306132,0.061635135531513605,0.05493290722370147,0.35900037285740793,-0.2619356235024611,nm
1.3199963569641113,-73.62817648170905,-16.46200712780189,129.1670460661976,-0.04710940016231431,-0.017857178785120557,0.054359128956548534,-0.15802536023391336,0.3247168991560844,0.061793664531846274,0.07411537842264243,0.3663762220052976,-0.2619356235024611,nm
1.3246169090270996,-71.7930558959558,-16.854632297015332,128.4948211615207,-0.045295524312621134,-0.014357657721914226,0.09530056619608614,-0.15105035202832257,0.3228611732796123,0.06224113729454162,0.10648955242327526,0.3618418234962426,-0.2619356235024611,nm
1.3276464939117432,-70.07715761402741,-17.19477522941874,127.88107737673819,-0.03243358265654077,-0.014326432738896295,0.12198486032403216,-0.14395156083591062,0.30888602716311214,0.06089095230355656,0.12703342122148178,0.3461796321509105,-0.2619356235024611,nm
1.336911916732788,-68.44918412128801,-17.475860629440568,127.21141347682142,-0.019250888159132326,-0.016506432072421813,0.12445879951353947,-0.138992147029641,0.28976410758306914,0.0590296173292392,0.12701595085275041,0.3267515121638433,-0.2619356235024611,nm
1.3587126731872559,-65.42660868903916,-17.863044948263173,125.58020754668628,-0.006035314908495173,-0.03527246631867591,0.07811726709093125,-0.12767719846731745,0.2553243468988244,0.0529108814549683,0.08592368313801918,0.2903300716496927,0.2,nm
1.3841986656188965,-63.97660181296136,-18.0170475854089,124.61579792385086,-0.016934246872438146,-0.02886816873798325,0.04346849241668969,-0.12201759404434928,0.24812678663889604,0.04725818857688613,0.054860274483465386,0.280514762341814,0.2,nm
1.3964662551879883,-62.56812318583857,-18.200992574723735,123.59615358933411,0.0,0.0,0.0,-0.116056893057055,0.24942118520383294,0.04297632741917151,0.0,0.27843687753776664,0.2,nm
1.3998181819915771,-59.3119189851839,-18.640633178304416,121.3065294448721,-0.11195363122382684,0.05916423124279186,-0.1458963532717811,-0.13768842679710291,0.31547328712989975,0.0667745000434769,0.19318324901697745,0.3506284809060177,0.2,nm
1.406327247619629,-57.282626217907925,-18.807237091619903,119.98529449351847,-0.13321380474020114,0.08660972242342105,-0.2410721074618462,-0.157124137368253,0.3582213903859135,0.08453818346994778,0.28872638048456606,0.4001965311420543,0.2,nm
1.413095474243164,-54.88913646407935,-18.93469598765264,118.53570284509372,-0.19210277752176802,0.0714953558085665,-0.3354142221212466,-0.18753779987982763,0.41885649515819817,0.11434566905048298,0.393087475550891,0.47295467219446996,0.2,nm
1.4226436614990234,-52.10776985862953,-19.013513135636614,116.9141034495643,-0.25392696401715803,0.02408351945393323,-0.3958776458973924,-0.21719238470650312,0.48508290620852973,0.14678068514696252,0.470933147575662,0.5513823785744542,0.2,nm
1.4336659908294678,-48.90011010664152,-19.039723721285288,115.15359148670332,-0.29799684798822523,0.012730307825971737,-0.4004179490961072,-0.24580495165410293,0.5601994753193369,0.1768140181512228,0.49929822361650167,0.6367940981357453,0.2,nm
1.4518654346466064,-45.18960948682864,-19.02110679405775,114.9388486407131,-0.35473556211558105,-0.0824625879095224,-0.3537321981273337,-0.29199506797624325,0.6438551810090695,0.20586703238632567,0.5077045060132795,0.7363367767932177,0.2,nm
1.4771158695220947,-36.401763442559165,-18.937938694229846,114.40816704362217,-0.40327321770424684,-0.16348318591108568,-0.051802998913741904,-0.363101196805303,0.8015934509324549,0.24815571381210028,0.43822322039074174,0.914317121132946,0.2045161265652362,nm
1.4980394840240479,-31.44307503315196,-18.8677545328749,114.07572729209717,-0.4025628794685026,-0.16913546085253126,0.14690391430058142,-0.3892879827216791,0.8609008154208777,0.2589337716547628,0.4606999414810065,0.9796642514592473,0.2045161265652362,nm
1.4994237422943115,-26.354463044307455,-18.793183811159587,113.7292257899719,-0.29669825551413564,-0.10449810950749128,0.2731800554804902,-0.3951661929967333,0.8860911843181868,0.26226338862071247,0.4166257942423809,1.0050353187946965,0.2045161265652362,nm
1.500622034072876,-21.24578640012847,-18.740154281268453,113.41853343030333,-0.19184146337446503,-0.03558938022243102,0.3540474374517985,-0.38793266543126065,0.8942290424581933,0.26857274740727033,0.40425157887194224,1.011073021069294,0.2045161265652362,nm
1.5040555000305176,-16.26164192244898,-18.708108945708627,113.16341406106604,-0.11507890681014447,-0.030736811112068742,0.43246992351442115,-0.37064156348433436,0.8766257637627471,0.26992309380052915,0.44857345116995745,0.9892958985266143,0.2045161265652362,nm
1.5261249542236328,-7.244316034369666,-18.68820195800405,112.81233742967214,0.10145635736370312,-0.011757971026884433,0.31348014643743466,-0.31273883091802696,0.7700420609947168,0.24704322875706108,0.3296990211429448,0.8670644202939474,0.20835483414568698,nm
1.5421345233917236,-3.2022819700136074,-18.663400766617006,112.68693031373351,0.09465154728831936,-0.06355175468293421,0.2816748900876693,-0.2929952040725605,0.7166937284515937,0.23201804675866225,0.3038724808752076,0.8082873647614894,0.20835483414568698,nm
1.5497360229492188,0.41032793608494095,-18.592259194266408,112.55767100067784,0.1107513586183738,-0.08748810029018399,0.20299437165927006,-0.26907313482848594,0.6388752744253814,0.20242989742447565,0.24723823744223464,0.7221771469174435,0.20835483414568698,nm
1.5510225296020508,3.653717245901229,-18.461437001942496,110.3528020999197,0.09222046925117272,-0.11300568580578801,0.2209929218288171,-0.2315942454253854,0.5793373898981634,0.17479645228472018,0.2647881633906256,0.647936343771126,0.20835483414568698,nm
1.5839614868164062,8.89643944695012,-17.98289040134342,105.95106909355198,0.11359591151566566,0.04783948693571807,-0.045532881310967686,-0.1747913339527354,0.44878540075205947,0.12062286734492669,0.13139973707670177,0.4964979581827856,0.21161773558907013,nm
1.595621109008789,11.408678949669554,-17.699068295214524,103.82998842513513,-0.04168960268606423,-0.018831055279794163,0.13849623641187866,-0.16191497670535496,0.46187286925095583,0.12900786738599004,0.145855541942456,0.5061482360722868,0.21161773558907013,nm
1.6042704582214355,15.520385832867447,-17.217380233516213,99.70210302845759,-0.1058809163313748,0.07203120448394507,-0.048515481959039757,-0.0979941088621018,0.37029445997621036,0.10297628692207153,0.13694164761787195,0.39664209071782525,0.21161773558907013,nm
1.6071562767028809,17.56502465952371,-17.04831425381818,97.78068295954161,-0.21836719161042112,-0.11183020110459496,0.16962580198136903,-0.07814010145620061,0.3929448413897193,0.11647407801614111,0.2982668887904575,0.4172262392037288,0.21161773558907013,nm
1.6149005889892578,19.011311532014275,-17.094836625353043,95.83007588690653,-0.3838983079097953,-0.49220221894257454,0.09603040919533441,-0.010551546548265504,0.2860020748823062,0.06758001082035689,0.6315558365166309,0.2940673049388933,0.21161773558907013,nm
1.624549388885498,19.463701471212044,-17.814560514402228,93.71338182099119,-0.3985230358992102,-0.5569825162088131,-0.3419859521482349,0.1467020174047407,0.10532544813839474,-0.028378996794338137,0.7655093238957699,0.1828121970636193,0.21161773558907013,nm
1.6488821506500244,19.9590758274069,-19.565243350174732,90.52967381672441,-0.20860708941106912,-0.5351121670591316,0.18544823003324437,0.1348966594871881,0.06832407169517417,0.11045325299635708,0.6035337563962275,0.18725706558441776,0.21439120181594581,nm
1.6576919555664062,20.168864820951985,-19.616684329670555,89.81989220954335,-0.2989888884901972,-0.3774500033758814,0.06824256145397088,0.020026073643067067,0.048525038467283774,0.22202669173619474,0.48633312418840596,0.2281481422828776,0.21439120181594581,nm
1.6642072200775146,20.460820169463314,-19.687741732286998,89.25978809551313,-0.31644825621948136,0.0821412604961522,-0.04911710968095183,0.02480816022657672,0.06371302918838798,0.26200405788816444,0.33060425890126993,0.27077836186086307,0.21439120181594581,nm
1.6704437732696533,21.146842055350977,-19.874499935496857,88.62107787166921,-0.29189164626005387,0.48925721971300357,0.05718259345401413,0.05101312431471191,0.1368817479462252,0.26390928606919617,0.572575941855602,0.30164061902654127,0.21439120181594581,nm
1.6805143356323242,22.12257920313125,-20.15713798915123,87.65803786381323,-0.22506285627930622,0.5040607990925171,0.10089481592068753,0.0745208106101724,0.1895636361779213,0.21380204904201375,0.5611687289381474,0.2952948349523848,0.21439120181594581,nm
1.7087905406951904,24.682780264145848,-21.93378095164895,84.31602093477707,0.033600396076498014,0.19966528155243474,0.30518212054828936,0.24343544253394533,0.23950703742576127,0.036301254165016894,0.3662394544232792,0.34342716362005493,0.21674864810879016,nm
1.715768575668335,25.90123307690882,-22.87481331351325,82.49205600068747,0.026179465750816148,-0.07723534548368867,0.04970474758761476,0.22517492619600976,0.20821535081816522,0.021582599331324052,0.09550510432291773,0.3074462364342854,0.21674864810879016,nm
1.7224762439727783,26.975314761329503,-23.696671310682966,80.93712660780811,-0.0009904059622824971,-0.3433857590602648,-0.17842095405936545,0.2029934779378,0.17787418400884136,0.05535739352927238,0.3869738974101723,0.27551772799667534,0.21674864810879016,nm
1.738551378250122,28.483360421848563,-24.9175850825991,79.06780888413643,-0.0018450401608027722,-0.32660879453895225,-0.15022490729388333,0.12323425309715147,0.10389174722274144,0.188012297593303,0.3595055376692247,0.24764652293888467,0.21875247745770784,nm
1.7671585083007812,28.89350050356539,-25.061797366612087,78.77240652191924,-0.04062442689430565,-0.2046510225351294,-0.09756647659264829,0.053047831577185574,0.07546363073954886,0.2404570112971561,0.23032933473587036,0.2575430183122755,0.21875247745770784,nm
1.776038408279419,29.226185490775507,-25.178877388730633,78.46755483806083,0.013263503377582081,0.06500376414253506,0.03118883508268596,0.04511673285412384,0.06256231280330213,0.22652249702946578,0.07330861687660217,0.23929480610158035,0.21875247745770784,nm
1.7781853675842285,29.577828261228234,-25.330093886505683,77.86842137590268,0.035189430721515126,0.3288743614254071,0.1774905060199813,0.0529968300787211,0.06402006262566103,0.17775876180986305,0.37536585002461614,0.19622795370986781,0.21875247745770784,nm
1.781116008758545,29.927645533239755,-25.511363309438103,77.01865726910097,0.02422537751803216,0.41238077646155935,0.17081213520665292,0.05949948897804662,0.06162273491793496,0.11436495406027106,0.44701404815149337,0.1428876949377471,0.21875247745770784,nm
1.7852246761322021,30.313068263914218,-25.928441078902896,75.86910846830204,-0.000687250819348323,0.3479843026452241,0.11657186531051617,0.107806846000066,0.05518700423815836,0.042074598433684336,0.3669912083185982,0.12821151787035456,0.21875247745770784,nm
1.8138351440429688,31.023210646941564,-27.301565251376875,73.5012033402111,-0.054912688709457806,-0.046156297151486295,-0.004130104903802832,0.16029583186448837,0.0232744301623348,0.017874302233896,0.07185307867137311,0.1629599444429777,0.22045573240428787,nm
1.829061508178711,31.146951169822984,-27.922239637694386,72.7815378673948,-0.12048168449490433,-0.24003373526903024,-0.15718028134929038,0.13534606112433054,-0.008155158540518088,0.06286505743537757,0.31118751776215997,0.14945594106306154,0.22045573240428787,nm
1.830345869064331,31.14520445959809,-28.449947422878775,72.40449117244594,-0.14600767466574457,-0.2826250714766013,-0.18875185706763078,0.11070393006042734,-0.024815591478788306,0.11725253534043475,0.36989516843956105,0.1631543157719893,0.22045573240428787,nm
1.8321852684020996,31.02719270442142,-28.732612591687307,72.36758347126431,-0.14178465205154014,-0.22599395358691426,-0.13538837024224765,0.05764831526881952,-0.029332724481872265,0.16713592247329445,0.2991758102054252,0.17921538315630645,0.22045573240428787,nm
1.861510992050171,30.829822188154036,-28.690974647386128,72.44162643921064,-0.0581398037565903,0.09227555224903115,0.045888535802991,-0.0032470655503164182,0.004394414217274015,0.16341902623596252,0.11832485808933345,0.1635103435471629,0.2219034991088809,nm
1.8746960163116455,30.84391708404355,-28.650344308334834,72.11985891039299,0.03344800662970641,0.2784168373651035,0.12018045349191106,0.003399034192582787,0.01277977357332386,0.10865349861878552,0.3050869480613826,0.10945528223037115,0.2219034991088809,nm
1.876042366027832,30.918224772148754,-28.66246367611852,71.55186205539383,0.068868258334938,0.2999166090811309,0.1876210369252732,0.016885821081916566,0.01939668202625595,0.06517177951728567,0.3604087442137418,0.07006227995639218,0.2219034991088809,nm
1.8789570331573486,30.957580429851603,-28.842349468400187,70.92513246359096,0.05307849186228094,0.26474494163581114,0.07815677333509381,0.04679270287147202,0.002415669983484168,0.029952102023266366,0.281097299236895,0.05561043893999695,0.2219034991088809,nm
1.9083209037780762,30.7113647483569,-29.668638162937572,70.08327002047268,-0.047055506454629505,-0.010351103986923387,-0.09355747085038575,0.081002970777803,-0.05618228340536721,0.05316800474043506,0.10523481550024479,0.11200342392779576,0.22313410080778498,nm
1.919942855834961,30.412537297169642,-30.042814561632,70.17758888965284,-0.13340231256108442,-0.1831139038855594,-0.11799301679676172,0.06314115138569014,-0.06693204037136505,0.10804279729212918,0.2554392898628871,0.14191528837053743,0.22313410080778498,nm
1.9214565753936768,29.95313177542938,-30.27632936202975,70.53149305538548,-0.16085089685379586,-0.21345829935148405,-0.15105992749926916,0.027570835833765617,-0.08306228732852591,0.1398089609600585,0.3070123096502528,0.1649425358406685,0.22313410080778498,nm
1.932459831237793,29.475884522773335,-30.28427975742802,71.00983143417312,-0.14592071892803996,-0.16903106766556397,-0.06675820427919608,-0.015313704131048256,-0.07062724796072499,0.15987836161793137,0.23306869349447037,0.17545315101859255,0.22313410080778498,nm
1.9451794624328613,29.163501361864366,-29.98595585166465,71.4018965581051,-0.1056021328337663,-0.02960913505198676,-0.025899245240641574,-0.0564844601159393,-0.04787835950320671,0.15224687124018393,0.11269109211291772,0.16929837963114883,0.22313410080778498,nm
1.9526541233062744,28.960918938055556,-29.768382672898376,71.5655428221975,-0.046001181364137445,0.12177953914941012,0.05013605080657649,-0.067425009161758,-0.02141617018489023,0.11895283871046923,0.13949906248007043,0.13840000738125066,0.22313410080778498,nm
1.977391242980957,28.555619096189375,-29.259359779571227,71.33200633633626,0.07317316592402164,0.26271621751753044,0.12145841023729649,-0.039900292910999335,-0.009848367941531936,0.046264968792560285,0.2985402294087586,0.06188272022844434,0.22418011225185344,nm
1.9833428859710693,28.297648600117984,-29.427230203803905,71.24896670863056,0.06824870959061902,0.20406905229249525,0.042409627280811955,-0.014881997839501962,-0.031703581973929786,0.035938735615545045,0.21931858323096837,0.050181507423718075,0.22418011225185344,nm
1.9894635677337646,27.976684176231135,-29.610123177172607,71.39963246254959,0.0070698916126254495,0.0733412307844957,0.004639593676892099,0.011426699350697003,-0.05201886300842349,0.05499101945390454,0.07382713139412629,0.07655418856809898,0.22418011225185344,nm
1.9947547912597656,27.504795986148633,-29.640022382317092,71.81315088962972,-0.028909299906813048,-0.08799620151691415,-0.052702980940914135,0.008882961602489746,-0.07963181640496465,0.08686756960950195,0.10656774044036864,0.11817828836400945,0.22418011225185344,nm
2.029341697692871,26.383099264844937,-29.00986618858032,73.10602374364571,-0.11849712433480677,-0.21840589468362986,-0.10667110325918458,-0.0456899534899039,-0.09240781868578354,0.13751331684452986,0.27040974016981545,0.1718624133246077,0.22506922197931165,nm
2.0319581031799316,25.830344913821538,-28.467352596076662,73.74648655010421,-0.09857957216170377,-0.14959888067581215,-0.06377652133899203,-0.08635497242306883,-0.07745093604460537,0.13419066195185925,0.19017150633347613,0.17737802150055879,0.22506922197931165,nm
2.0348963737487793,25.327904830038126,-27.87689085434544,74.30401445090585,-0.05335205480569852,-0.03395452858343036,-0.002342798832794336,-0.11921959392406596,-0.05629591812630829,0.11128971866979222,0.06328380890626124,0.1725338907423834,0.22506922197931165,nm
2.0531625747680664,24.434640565681658,-26.830254672961193,74.879529464336,0.05726630999404774,0.21193728730848313,0.11104206495305056,-0.11661986613488179,-0.03619734201859508,0.04569265090624827,0.2460227310657501,0.1303773718609528,0.2258249652476511,nm
2.0767874717712402,24.01859407460498,-26.37726110397506,74.98661999186615,0.0617374058357828,0.2301920992270558,0.11818883867601596,-0.09615351261442541,-0.04061595692167886,0.036669825427238525,0.26602351665496826,0.11063376537757488,0.2258249652476511,nm
2.0825557708740234,23.47521486630153,-26.242780469285755,75.24979504737453,0.041393828190206414,0.15722248853090134,0.08015027406337526,-0.0737284595726919,-0.0680597024397546,0.03900724038825597,0.1812634170055389,0.10765488214594446,0.2258249652476511,nm
2.0842835903167725,22.836980221879895,-26.131686468692834,75.7530838699558,-0.0004674817798193064,0.06822438191344282,-0.013224044088019672,-0.054525636608931165,-0.09302443226938455,0.0580776105842434,0.06949575648000139,0.12247284963544185,0.2258249652476511,nm
2.105282783508301,21.553761139539777,-25.305896276822175,77.18904183094934,-0.09145713726472428,-0.17713560219962018,-0.06945365264200275,-0.07821071529623934,-0.10204672282924934,0.10905142879741032,0.21110480664493805,0.16859022436101004,0.22646734702573965,nm
2.1212360858917236,20.89119778248044,-24.568670053070502,77.9410625122841,-0.07545339317694852,-0.20053281091008063,-0.08347694768222455,-0.11195371434555919,-0.09658480524686602,0.10747926514701536,0.22994569704118012,0.18279510714700362,0.22646734702573965,nm
2.1266136169433594,20.339367808095357,-23.70872975570389,78.76426365057246,-0.058841537928172837,-0.14886738865382984,0.017056683028267638,-0.14572972870583645,-0.06919237980444098,0.09626766625051608,0.16098060885178012,0.18786219102576085,0.22646734702573965,nm
2.1280133724212646,19.83711618301345,-22.79987292978354,79.40392161338974,-0.02598023008064433,-0.025312475652088315,0.07055449888704057,-0.17881083052535643,-0.05444039503855681,0.06834059611276345,0.07933240883700803,0.1990163480776635,0.22646734702573965,nm
2.157933473587036,18.923123751650657,-21.18451927326051,79.88804673242282,0.03874737858724527,0.21726399666986568,0.08553223222542122,-0.1678612915509379,-0.040357008138543406,0.020760715085396692,0.23668706417083737,0.173888207184675,-0.2,nm
2.159327507019043,18.468006544697822,-20.46442663338888,80.42067433457846,0.03827687821274086,0.2268041655739467,0.08583500943333466,-0.14563656312766884,-0.05218771458813579,0.019547744225115148,0.24550539255142215,0.15593485940565924,-0.2,nm
2.1704022884368896,17.883177923939794,-20.042699379112918,81.03275437883751,0.06749260320107144,0.15024430177042844,0.04312452795588865,-0.1235201977701641,-0.07404927160748287,0.030909162605964845,0.17025958596437107,0.14729531634027335,-0.2,nm
2.1752305030822754,17.294899109759957,-19.571330836053097,81.41423975284172,0.03021100537483786,0.03661671332566321,-0.036449136998473214,-0.1078745049037078,-0.08064029745705942,0.05480644394840971,0.059850047021416386,0.1454080901478775,-0.2,nm
2.210977077484131,16.16847372279399,-17.994798734151917,82.6022123332527,-0.04474301853196102,-0.19786040816481104,-0.010094081337622384,-0.14018776209838452,-0.0849935831759084,0.07829113085823833,0.2031072852079599,0.18167558722705457,-0.3034500893227591,nm
2.212745428085327,15.601305508922652,-16.91001861797542,83.0069579718431,-0.04304133928538273,-0.2183201889675155,0.047992631743712016,-0.17260586943949843,-0.08157482734428029,0.06337461917996745,0.2276390882515098,0.20115561383521022,-0.3034500893227591,nm
2.2139487266540527,14.937205468734765,-15.88354405962821,83.79601501525941,0.030527589277038383,-0.1523312137510331,0.14028267741391115,-0.20760178470019808,-0.09656122820651586,0.029682600440504196,0.2093226265178849,0.23087578602436604,-0.3034500893227591,nm
2.23160982131958,13.015523569730856,-13.530964929586094,85.51706160333056,0.24467561078810987,0.10612248992255728,0.09529624167216585,-0.24189575251868817,-0.17723154304549701,-0.04478702163380008,0.2832128370302761,0.30320035000589424,-0.3913826652471043,nm
2.2465426921844482,11.768585182489163,-12.416926933441804,86.29719703205342,0.3036101509222731,0.18496343706424487,0.11522837883801776,-0.2274129718705956,-0.22105911372333453,-0.0609230208713152,0.37372205726087676,0.3229479927283171,-0.3913826652471043,nm
2.257737159729004,10.252337091411626,-11.393819520561657,87.1055238768326,0.32473415926571314,0.18399680219553308,0.12627382692223915,-0.20868536835412024,-0.2789762413196904,-0.062331556238091286,0.3940205283710219,0.3539244963110343,-0.3913826652471043,nm
2.2604410648345947,8.304502141151632,-10.463241114034998,88.08822559306823,0.25800001546329604,0.0656762048252602,0.41183516798988834,-0.18822095361903043,-0.369007197744801,-0.06056174847382904,0.49039328854764114,0.41864204846973413,-0.3913826652471043,nm
2.2950000762939453,2.5603517900421577,-8.63899961720004,90.51374417191666,0.4051542913604352,-0.07679174106966045,0.18075725449629923,-0.16985227650627283,-0.5856550368671862,-0.06436812670534336,0.45024455172420025,0.6131760544719793,-0.4661253547827977,nm
2.2976930141448975,-0.7174279021662581,-7.60021973854598,91.85551802985235,0.20336269425849782,-0.19414393572654137,0.48333497932913905,-0.17611518937780943,-0.6482909319894757,-0.06829111490738086,0.5591609387632205,0.6752491161080167,-0.4661253547827977,nm
2.305417060852051,-4.628888742644524,-6.4395405866088975,93.21084458366484,0.17171068155772928,-0.1541510658216896,0.39014975342901803,-0.1769117695884584,-0.7813590890948681,-0.0954745554105637,0.4532813026760605,0.8068055472422873,-0.4661253547827977,nm
2.316779136657715,-13.15269127832654,-3.8415428422091935,95.76055847951994,-0.11428925003456275,0.015470325715701953,0.482860680801291,-0.1644202207649155,-0.8806593003653814,-0.11482331888197564,0.4964431495298318,0.9032049639342659,-0.5296566408881371,nm
2.335223913192749,-17.760757350630424,-2.527867911843288,96.88511769239753,-0.17155930366248998,0.13422374761963324,0.33991766985401073,-0.13633227092786274,-0.9383431230213322,-0.1123058280109179,0.40372345903749224,0.9548229697818298,-0.5296566408881371,nm
2.3364953994750977,-22.40699311278056,-1.2878235009767953,96.57152856820747,-0.2337375909952344,0.2043805848346031,0.24296742452843587,-0.12565984459071095,-0.9444026196317356,-0.0937623482774728,0.3942560770407617,0.9573286178028694,-0.5296566408881371,nm
2.3702847957611084,-31.659406890148837,0.9462395254341016,95.97076433428683,-0.2582058839649486,0.1544544551046816,0.0867893721477359,-0.10429712765631967,-0.9364681836922886,-0.051549048576774004,0.31314350118372697,0.9436672370674226,-0.5836582340776756,nm
2.377182722091675,-40.25759251110929,2.941346858291504,95.30924104869928,-0.3099868152858099,-0.027204467656318343,0.03105587391788169,-0.10310355979150758,-0.85104496731397,-0.0322778458668903,0.31272412125754845,0.8578751306372763,-0.5836582340776756,nm
2.392552137374878,-48.18959278033483,4.8769968237471355,94.364599993814,-0.2037362811820871,-0.06229181488704205,-0.03367135638249805,-0.121986771816882,-0.7681087437669518,-0.038034523732572365,0.2156907571326717,0.7786645232352072,-0.6295595882887833,nm
2.4095282554626465,-51.92972186153958,5.8975260105152145,95.3533331426943,-0.24459709304939944,-0.025505876272978463,-0.024922018255718378,-0.1195383900972204,-0.7538164180853975,-0.04045034139002428,0.24718291738428733,0.7643067767596357,-0.6295595882887833,nm
2.4203169345855713,-55.61156215881275,6.972267493327667,96.2751418861402,-0.08973245711348282,0.0588528241984396,-0.03737101406979851,-0.1198390861700154,-0.7438667477299666,-0.0353341335371522,0.11363169218294933,0.7542861830533842,-0.6295595882887833,nm
2.4232847690582275,-59.00560784870332,8.08393408065982,97.21359414344164,-0.10568895173876,0.10731215980606203,-0.03550734987127474,-0.12327880118581028,-0.6881997348549355,-0.02331825239344608,0.1547476205205135,0.6995429070263657,-0.6295595882887833,nm
2.4517269134521484,-65.38396925266139,10.280095067676633,99.15134574227646,-0.09676466425007739,0.10597993064456658,-0.07297107137157507,-0.10246241021329262,-0.6432674039658478,0.0015843115594533547,0.16099665587822887,0.6513785447455233,-0.6685757393682249,nm
2.458745241165161,-68.49878227287606,11.269788332187373,100.04090309818497,-0.02974387159957083,0.06407727947251576,-0.06049895263529391,-0.07769158029330536,-0.628587253148595,0.009228060776280434,0.09300924100484953,0.6334375056586543,-0.6685757393682249,nm
2.468383312225342,-74.45408193409185,12.908406876741697,101.73092375427952,-0.06783275549690349,-0.04772267307740535,-0.014276752242918096,-0.023329434578042752,-0.5849640807055491,0.005638578902570094,0.08415795802276375,0.5854562595151407,-0.6267065980944332,nm
2.493136405944824,-77.33080850769376,13.59897310645996,102.4929557172398,-0.03517815305291024,-0.057107514661432865,0.022447152708442084,-0.004832119009557659,-0.5671161411415038,0.0018639270806595045,0.07072938107841653,0.5671397897710181,-0.6267065980944332,nm
2.4991767406463623,-80.1808164571087,14.275106518714665,103.21787686357864,-0.06720606434712342,-0.04032002487610486,0.019407908169216143,0.003182745122440377,-0.5597762151420491,0.000416409844738871,0.0807404879260965,0.559785418086637,-0.6267065980944332,nm
2.5009713172912598,-83.09555572588216,14.996205813867387,103.88086684380255,0.002028388888415921,0.010246223741809547,0.03531597822317978,0.003253532125837808,-0.5723483642249102,0.0015069677244287135,0.03682821989059448,0.5723595954065475,-0.6267065980944332,nm
2.531196355819702,-88.91438313311347,16.656058635653846,105.0646244147032,-0.04504491152969257,0.06669986441465972,0.02061380344138165,-0.014215204078991113,-0.5750853775467574,0.013176434271984169,0.0830833609092202,0.5754119236818331,-0.5911178280117102,nm
2.537461996078491,-91.83130408500742,17.52593567553821,105.62551269391811,-0.06225141296469951,0.04447093252351939,-0.020428314057294193,-0.011485681486596287,-0.5738928239081544,0.023184149344463018,0.07918470982984288,0.5744757601442501,-0.5911178280117102,nm
2.5390219688415527,-94.81808118335918,18.32868697051746,106.16848140588984,-0.08530128571376576,0.014294260631520223,-0.019338137087732563,0.009240820531851985,-0.5804232070332229,0.035902432160574704,0.08862617433606883,0.5816059462057435,-0.5911178280117102,nm
2.545095920562744,-97.91284313639586,19.000511123389714,105.38816777871432,-0.024688768458718324,-0.008011931506317923,-0.0034076083316083357,0.030756909879154054,-0.5907611350586358,0.051506088666532,0.026178963482379917,0.5937992786883517,-0.5911178280117102,nm
2.5762267112731934,-104.09955765829967,19.92144458575011,103.9032209073016,-0.03153157318231827,-0.028693977535127774,-0.055948717426977414,0.06601585401939626,-0.5738044005839205,0.07334625263890648,0.07034090869374716,0.5822278384683721,-0.5608673734413957,nm
2.5824873447418213,-107.20573439201605,20.25042971447495,103.20080523814553,-0.04418421222231311,-0.04232065162058564,-0.08433149576563141,0.07175428811285028,-0.5726938611309018,0.08251834043526537,0.10418773124205215,0.5830404899728603,-0.5608673734413957,nm
2.5844037532806396,-110.36609754960519,20.579770418758045,102.49311495991432,-0.06111181359189172,-0.022596568122296695,-0.11209003613651812,0.06592428551644496,-0.5823371563279953,0.0885926660390314,0.1296512045932534,0.5927151386095458,-0.5608673734413957,nm
2.613694906234741,-116.75667615432728,21.446661024637727,100.98150798617996,-0.022145520057891097,0.04151924054122459,-0.13738146565778125,0.020358667548464517,-0.5898784521710156,0.08470219755344988,0.14521686713338317,0.5962763838610462,-0.44298070304874226,nm
2.6207406520843506,-119.91004122379478,21.985845810163525,100.19479345841145,0.005828266037646241,0.03872402664467237,-0.15143132570883086,-0.001655292653399982,-0.5860193378685054,0.085337435557194,0.15641280424094728,0.5922025686005491,-0.44298070304874226,nm
2.6229512691497803,-122.9965771707204,22.525033687492236,99.42695291294733,0.014643771298197045,-0.004543272700140897,-0.18662478842550895,-0.012771865652089905,-0.5716126267118252,0.08936205392796547,0.1872535527554223,0.5786965459123219,-0.44298070304874226,nm
2.6418190002441406,-129.0152849524529,23.354131021701335,98.0836847756451,0.07508966637525702,-0.04201916184871611,-0.1208015195745355,0.00318159129088638,-0.5414269790255092,0.11699801497756375,0.1483141095456966,0.5539330570100702,-0.3046418362100517,nm
2.6665632724761963,-131.84646971521514,23.6299006941002,97.55555478620401,0.07210338530601905,-0.04025792564826486,-0.11288654251985288,0.010621088247178553,-0.5123410935023218,0.12860638148284356,0.13986768830639912,0.5283425072477321,-0.3046418362100517,nm
2.667835235595703,-134.56383642607557,23.8579040856263,97.0939032674218,0.06880460924632296,-0.036403711167048304,-0.10089562606183218,0.012329442213558943,-0.4896390575694518,0.13479024998256212,0.1274332444799321,0.5080027887060858,-0.3046418362100517,nm
2.671210289001465,-137.19623785947937,24.08500177668116,96.63747934427668,0.05220733292168736,-0.015751137309525928,-0.12050705530233083,0.0060958357675500174,-0.4735223670021159,0.13065505947307646,0.13227113938791962,0.49125485832804205,-0.3046418362100517,nm
2.7017276287078857,-142.3538931487659,24.70340944093542,95.581323826201,0.0705445970843601,0.051294638608469945,-0.08417940608288076,-0.027817084018469003,-0.46148695795672695,0.10793067848119055,0.12121820216549486,0.47475576235034217,0.2,nm
2.708430528640747,-144.80785425663677,25.105289699462297,94.95320072134564,0.08684307393599226,0.05092135196613381,-0.09106066280708909,-0.046706570504658276,-0.4412306199864082,0.08814612142038225,0.1357451578789368,0.45236677869109,0.2,nm
2.709712266921997,-147.28627673631868,25.49671292771756,94.22951254779277,0.12680985032846642,0.042424916273695074,-0.06245657467285816,-0.060107227976546204,-0.41372495693973976,0.07359447562193533,0.14758534947962956,0.4244966026859127,0.2,nm
2.7164504528045654,-149.54596171979713,25.910549022429965,93.50031118082418,0.19509420709788122,0.02073975133966171,-0.04766916396427841,-0.06816136140638882,-0.3575244410861404,0.05636427555553363,0.2019015505681797,0.36830236046165865,0.2,nm
2.759845018386841,-154.03047803532763,27.07119254306284,91.84310560769127,0.41655219093064855,-0.04768005015373074,-0.11945575907891387,-0.07082304705855617,-0.12570488915894032,0.003957641910112378,0.4359573297111832,0.1443374036160018,0.24189176138137922,nm
2.7621877193450928,-154.48458761156598,27.394623629005014,91.53616265986336,0.42256475335845933,-0.008479599391825448,-0.03821575936858308,-0.07096089393393319,-0.07272458072505224,-0.014416716809917874,0.42437403154629866,0.10262628724218237,0.24189176138137922,nm
2.7655982971191406,-154.3948705414808,27.7397106911826,91.18268565424684,0.4219461292801847,0.13727756977032182,0.1670864309427731,-0.07799150860381648,0.024365224920089315,-0.07370049871181299,0.4741324103895135,0.11003682615413655,0.24189176138137922,nm
2.79126238822937,-152.86666358213841,28.64076213476276,89.8958932298243,0.4554148427679469,-0.04076383009455487,-0.12826795636182378,-0.09767288450068304,0.2218958298394756,-0.21666048162370394,0.47488634165089466,0.32514537666134613,0.27749975855555153,nm
2.798809289932251,-151.74010243875847,29.126687191123334,89.08231364260931,0.38850695943861235,-0.015752627953741515,-0.017100217550647678,-0.10314842758057381,0.2936905776428502,-0.2667303834830265,0.3892020301334052,0.40992542124335046,0.27749975855555153,nm
2.805086612701416,-149.9923433900117,29.7767612413805,88.24330396987945,0.337479467981796,-0.10809486857209213,-0.17075178975766345,-0.10289495985861151,0.404300188299791,-0.3353105560257912,0.3933612406253814,0.5352375024284799,0.27749975855555153,nm
2.814749002456665,-147.74997148776976,30.38300853722419,87.49055112815532,0.31914236845110044,-0.05971367067336942,-0.07791777351679163,-0.09575055236920103,0.4770525488131314,-0.3706884644189039,0.33389931601559114,0.611683938207762,0.27749975855555153,nm
2.8435912132263184,-141.0255224440801,31.44316439907388,86.68608829407327,0.10922417445400469,-0.2636336998627736,-0.35783198628071183,-0.07555133727987134,0.6102256382600243,-0.4239338445113028,0.45768589490401973,0.7468622621854477,0.307766556153598,nm
2.8499438762664795,-137.51266906272065,31.929541357456742,86.40178907373618,0.06132757511794199,-0.0752980071972733,-0.11441781377895023,-0.06554726369539075,0.6152974687739797,-0.4200443713064594,0.15007430648742634,0.7478801325906835,0.307766556153598,nm
2.860769271850586,-129.5353677719374,32.98264084913642,85.80797465960539,-0.12541670397816446,-0.1574236682879523,-0.25604976538576174,-0.06357484050964105,0.6960961232155075,-0.4895485077822775,0.3256885680033694,0.8533752483950656,0.38362288836498315,nm
2.881314277648926,-125.62607558943024,33.59861726596171,85.51979636526524,-0.06038053103207982,-0.03526122631034536,-0.0600124444845105,-0.07519450085255608,0.6742419498253839,-0.48065359542158687,0.09214475623513148,0.8314350838487026,0.38362288836498315,nm
2.889103651046753,-121.50059881135283,34.298705976938955,85.21849964637246,-0.13122397939723887,-0.09281147026298495,-0.1516253574158647,-0.08509069499510717,0.7069045293541499,-0.5149528282322945,0.22096142376603348,0.8787097673865936,0.38362288836498315,nm
2.892571449279785,-117.43075848801234,35.03659299222541,84.93250949100782,-0.13524997479192066,-0.1276391540103843,-0.14811449698482004,-0.08939011414315039,0.6930911009644135,-0.5142006601597354,0.2377440084098189,0.8676221445141289,0.38362288836498315,nm
2.8982245922088623,-113.3713001620452,35.78655691941006,84.73026038989363,-0.04574112421335906,-0.10054460204213439,-0.06438589609362698,-0.08865242715923675,0.6859606582933222,-0.5050312008618782,0.12785543031053648,0.8564215033565088,0.38362288836498315,nm
2.924950122833252,-104.89496815961697,37.20493526138007,84.61323228374397,-0.09726662652192646,-0.14741218494770458,-0.1476549389943679,-0.06876656876830035,0.6987682314220626,-0.5060485121972262,0.2302023673106832,0.8655004210986318,0.44810077074466054,nm
2.9318768978118896,-100.57336071509185,37.83194310902941,84.65017510446981,-0.10129950761862694,-0.1357601803247376,-0.142703025482304,-0.05675227173678361,0.707482178408045,-0.5138520621988453,0.22148717860721562,0.8762395762223277,0.44810077074466054,nm
2.9377734661102295,-96.04689590451386,38.44038241178877,84.7694309720053,-0.10977030893329096,-0.14539653938717734,-0.19502417395977464,-0.05061789146308676,0.7332990032622057,-0.5304124035916896,0.2668784420251467,0.9064363833195501,0.44810077074466054,nm
2.946932315826416,-91.3852883299755,39.04973806367369,84.95947014684158,-0.18269425409807546,-0.14946559269449883,-0.20332176814686911,-0.05047744427528083,0.7479825123008754,-0.5411248818860033,0.3115395565290854,0.9245766322402023,0.44810077074466054,nm
2.9677138328552246,-81.48380749732503,40.339606196804205,85.59177598192039,-0.25191001316754064,-0.15457707729793313,-0.20427668939692348,-0.06165609848074357,0.7973960720671878,-0.5770543047152836,0.3592794085263012,0.9862219024228199,0.5029069707673863,nm
2.9862842559814453,-76.26744976534755,41.00185047061191,86.0545771013324,-0.22272903139897154,-0.1566869237802936,-0.15197152905535388,-0.06604142463675049,0.8107102416039904,-0.5847122974716614,0.31185631171274675,1.0017489887313291,0.5029069707673863,nm
2.9876201152801514,-70.74778094232683,41.64223936958225,86.65222055838193,-0.25518369124405044,-0.16889161750070894,-0.13446259861653487,-0.06586516256678776,0.8469864073569511,-0.6074997424918652,0.33425033308234114,1.0444041990604342,0.5029069707673863,nm
3.0008628368377686,-64.95050168609956,42.226550417412824,87.3732746025828,-0.359503955930549,-0.15655697917050845,-0.10995712206277793,-0.06178994138226704,0.8784062167788412,-0.62956217126545,0.40723918125474834,1.0824804875932907,0.5029069707673863,nm
3.020073652267456,-52.9313310010806,43.15030089225459,89.06833870398387,-0.3416275461440296,-0.07407011697987587,0.007186833787537994,-0.0510681490068726,0.9052341097888449,-0.6543996283331672,0.34963897536415084,1.1181661875279443,0.5494922407867032,nm
3.0317351818084717,-46.64833199375027,43.47737649194989,90.04404685787792,-0.39138847921924763,-0.01837098885458119,0.08171488730229233,-0.04670165991572129,0.9239091042072111,-0.6685532544225571,0.4002496192426383,1.141381851912342,0.5494922407867032,nm
3.0343332290649414,-40.2813863059333,43.71810265982565,91.09388611597656,-0.32071716179670645,0.004011689383498572,0.1308842030354726,-0.045333981415924283,0.9300827037941783,-0.6708187294406149,0.3464192057708049,1.147652723403918,0.5494922407867032,nm
3.055983304977417,-27.398202805393392,43.96580732466063,93.39103554862142,-0.3130517974815384,0.07527109688891181,0.2643724017346887,-0.05026486244757787,0.9291965438192944,-0.6601666541080655,0.4166052480853424,1.1409438130945948,0.5890897203031226,nm
3.0590121746063232,-21.142034405011707,43.984419567536335,94.58544692087084,-0.197896230359144,0.0853463876233918,0.27528008940652177,-0.05413305651932858,0.904235040422932,-0.6355627620851589,0.34960842594878094,1.106576441411122,0.5890897203031226,nm
3.079056978225708,-14.98978716334917,43.932057042934716,95.78869701067681,-0.1941183091411202,0.14688744998249714,0.3755188240393765,-0.05759863854049244,0.8885879776774668,-0.6200550928230312,0.447517852285341,1.0850688989047774,0.5890897203031226,nm
3.0804226398468018,-9.093040839922521,43.75119326485414,96.97243399729307,-0.11947041654843653,0.12235011608477957,0.37629138064466966,-0.04679112378386899,0.8542287784471496,-0.5876232601754791,0.41332545830578554,1.0378811642435397,0.5890897203031226,nm
3.0898830890655518,-3.5460557896557687,43.46059917047052,98.09509492318611,0.04451637079205879,0.07035052470141451,0.22368544866350004,-0.0362467336388347,0.8082465786989751,-0.5488649685458119,0.2386756869437097,0.9776651325351018,0.5890897203031226,nm
3.1169397830963135,7.066146864778895,42.88859219103666,100.13153495440855,-0.0373295120069515,0.11640090518717461,0.27307558284010075,-0.05851193925175235,0.7600143300704862,-0.521516846101617,0.2991871272941593,0.923593660499718,0.622747577892079,nm
3.1330251693725586,11.875913208761846,42.455201474534654,101.78627699107668,-0.03455550013496018,0.12246568162951375,0.2235784438978808,-0.04414836453471657,0.7132299119001633,-0.48764125306035655,0.25725327275344134,0.8651242552411067,0.622747577892079,nm
3.134270668029785,16.452695802883724,41.91247978895192,103.37962002617407,-0.051313038923687944,0.13365252909167183,0.15807962469508569,-0.03711201873065598,0.6877368329602389,-0.4668964151049306,0.21327258201635588,0.8320766285518899,0.622747577892079,nm
3.138596296310425,20.885485392394266,41.33103518140462,104.90048271635592,-0.08089212726503037,0.04416635705155894,0.1410965252794801,-0.0446881449910035,0.6728579560375108,-0.4483585974678883,0.16853021329901244,0.8097902760771369,0.622747577892079,nm
3.1461594104766846,25.156674820295226,40.71622498274149,106.40081517670185,-0.060031400902517615,0.04861008510654847,0.07387892829723737,-0.051481241236152324,0.6552288041827543,-0.423888272322599,0.10688688186458158,0.78208463189262,0.622747577892079,nm
3.1539759635925293,29.439190668785237,40.06910706623153,107.93516694138576,-0.04687045680257223,0.08954634225897366,0.16580649905234576,-0.06575471069915481,0.6626067975038635,-0.4159522365092491,0.19418337277130238,0.7851036320986561,0.622747577892079,nm
3.1936633586883545,41.55026376277999,37.651286063476405,112.30432175887043,-0.024950064126803787,0.01971489377245006,0.16677509024429105,-0.06205559484699554,0.6353241510822677,-0.38365512208005764,0.16977960260991906,0.7447676996879513,0.651356756842692,nm
3.200507879257202,45.42570950126529,36.80141181742439,113.61544816188899,-0.021031681713506535,-0.011731416839520023,0.16919371776153,-0.08380285038090558,0.6348003153961919,-0.3777806664189645,0.1708990108418685,0.7434464271748342,0.651356756842692,nm
3.203889846801758,49.21717575324139,35.98145770014158,114.85210465254306,0.011071294429012075,0.040181979252402356,0.2058704333486217,-0.10109276783688388,0.623860540921058,-0.36820092087172934,0.2100471383859434,0.7314325945417163,0.651356756842692,nm
3.213472604751587,52.845670058561,35.17435159093378,116.00457308806259,0.036132532767613024,0.035918054959373814,0.12039688772086742,-0.10822720430330648,0.602050591136219,-0.3541131262909793,0.1307328465579266,0.7068055943824663,0.651356756842692,nm
3.2332828044891357,59.83774844602154,33.47914198176947,118.16487566805485,0.011935978740030901,0.07958206548331706,0.09756391805823586,-0.10915705769317272,0.57691842010905,-0.3401428589586916,0.12646932767255306,0.6785626656440401,0.675674558950713,nm
3.2525763511657715,63.14587809769438,32.581198123326715,119.14233795363909,-0.019174529319679008,0.0060903812390836415,0.02293516164019475,-0.11098542992659509,0.5720186617345654,-0.329399615837982,0.030508637428283695,0.6693483561963863,0.675674558950713,nm
3.2538797855377197,66.51599044576635,31.653105439736947,120.07882084880275,0.039628087792490406,0.11962433286584061,0.13569581316682738,-0.12390324326090758,0.5869908211990912,-0.32595372342251744,0.18518563677211386,0.6827562285878893,0.675674558950713,nm
3.262561559677124,69.6399565740226,30.699658926862508,120.89883648546673,0.017040487930814703,0.041196967025061565,0.044799110655058524,-0.11031214389428941,0.5563345849004326,-0.3020589002006746,0.06320228347511211,0.6425858064393675,0.675674558950713,nm
3.2675485610961914,72.76051176454237,29.713959045283207,121.6398476436428,0.03128265930438308,0.011662986321671818,0.05935983155069481,-0.11559411089336105,0.56214045840596,-0.30693105600401127,0.06810447580607659,0.650822991749544,0.675674558950713,nm
3.279400587081909,75.84109721370838,28.733178086991558,122.38493798213136,0.10290320037997518,0.08634748721622729,0.1684352999308535,-0.12377513667059842,0.5584898135327228,-0.30254063515273744,0.2154423529851882,0.647118221190118,0.675674558950713,nm
3.315908908843994,81.64595924799082,26.868379779865077,123.89678395594753,0.029426158721511074,-0.0017430614037077408,0.09856886936080282,-0.1437790324650083,0.539025780272955,-0.2869739298988174,0.10288225836959292,0.6273557510830783,0.6963446907425309,nm
3.3282127380371094,87.3309781869939,25.117950134881497,125.22129341454759,-0.02669732846362685,-0.019650564231264885,-0.0013989235371809228,-0.14737214283827804,0.503593742164797,-0.2578438350129381,0.03317904472351074,0.5846440360479778,0.6963446907425309,nm
3.329965829849243,90.13748650748242,24.21637535645849,125.77549959033392,0.05496938255567769,0.04795200657058025,0.09475537693231302,-0.16693992215565315,0.5289718981368315,-0.2667357684262123,0.11958097428220818,0.6154901922742066,0.6963446907425309,nm
3.3369534015655518,92.79025212870437,23.29528225077089,126.30575206457814,0.035607063259200544,0.06343837500259655,0.06976855881456166,-0.15468528962873965,0.5087249729840565,-0.25582097246264035,0.10079653851187415,0.59006186702488,0.6963446907425309,nm
3.367798089981079,98.34608685636397,21.380834370050035,127.29233539484079,0.07993112502138326,0.05215355603903637,0.11141582236467278,-0.1737206208703624,0.5379600958256441,-0.2529482758665473,0.14670536332355824,0.6193244295845105,0.7139143027655761,nm
3.3747992515563965,101.03142701834713,20.437556392300834,127.69355648537316,0.024127730166476916,-0.009117317122876079,0.08218165137497943,-0.1656940750076721,0.5180615095519899,-0.24275389536392936,0.0861341782176162,0.5956271550947759,0.7139143027655761,nm
3.3761954307556152,103.83793335967611,19.482119827230616,128.0896610865821,0.03191782147814615,-0.015522900072515892,0.07822707330406557,-0.18401893524075466,0.5308701794889505,-0.24457515713447422,0.08590216965997872,0.6127830966052543,0.7139143027655761,nm
3.384789228439331,106.7022505055118,18.551837677820078,128.41151590900833,0.14304729068512329,0.06359081361824548,0.11303760297040664,-0.20025210745980238,0.5376128837183632,-0.23874517214477603,0.1930901826460369,0.6213918059521749,0.7139143027655761,nm
3.3976213932037354,109.40639575274608,17.67213280319872,128.75636596465847,0.04354139764243919,-0.0356121525140149,0.05227212432943461,-0.19465207914297034,0.5084813670457914,-0.22287034629092808,0.07678836954415907,0.5883144769621739,0.7139143027655761,nm
3.403726577758789,112.19631133170219,16.851212839720954,129.06437191493194,0.0732142081509587,0.009034119395635438,0.0568379794786788,-0.2208092953552474,0.5298794354956379,-0.22565987788059805,0.09312621274187637,0.6168073780051136,0.7139143027655761,nm
3.425990343093872,117.64798159542397,15.185520505130304,129.4115031530987,-0.017591339516274427,-0.039444372614655845,0.026210954042207732,-0.21758285162804358,0.5169104559898482,-0.2011439403085493,0.05052056876900116,0.5958167516586566,0.7288484729851645,nm
3.4469456672668457,120.53757890318725,14.321487304053182,129.5260731790245,0.08225335288009818,0.05125682167936634,0.06252494879462459,-0.24526313057890184,0.555332681279869,-0.21041441974755437,0.1153353590641601,0.6425127377387565,0.7288484729851645,nm
3.453510284423828,123.3066816031994,13.458976831326485,129.5130027205304,0.10929550845188844,0.10390168826688671,0.04436902192551613,-0.23996497181649284,0.5475531846448461,-0.20547457083166223,0.15719312675525304,0.6321530486931618,0.7288484729851645,nm
3.454923629760742,126.22803964292818,12.58633610783884,129.5123823493431,0.005117857000683459,-0.006124201650191804,0.08738362892934039,-0.24088338143070634,0.5471187452672989,-0.19950249496495867,0.0877473470310773,0.6302102588577863,0.7288484729851645,nm
3.458343505859375,129.1760036738754,11.761551319487433,129.46260200059584,0.16615932011841272,0.0803080798454543,0.07860935360986764,-0.26907930300994154,0.5806012909357459,-0.20296316181155985,0.20059346406510414,0.6713386443495681,0.7288484729851645,nm
3.47940731048584,135.29246531155516,10.229236923509967,129.21151435281516,0.08902449111624855,0.018328808620442602,0.08862793058920596,-0.2940388962239238,0.5913796439914779,-0.18936146741684834,0.12694965665363941,0.6870564177433558,0.7415425176718147,nm
3.498504638671875,138.48382142348072,9.517933477930573,128.97467720354214,0.19225654094289646,0.07739619333370744,0.03360020714525456,-0.3161140742124853,0.6160166025661483,-0.1821921318131673,0.20995647691386007,0.715959869997602,0.7415425176718147,nm
3.4997706413269043,141.77190306890103,8.81815276613431,128.6579347991115,0.14477888987107165,0.056954362488858136,0.031201328439671414,-0.3235377763747794,0.6223115231440932,-0.1726330005737988,0.15867655546807283,0.7223229730989948,0.7415425176718147,nm
3.5176658630371094,148.68088103420774,7.4148500113870215,127.78186424726455,0.16012845304787163,0.08669055093258073,0.0035367271161839656,-0.35082033137845337,0.6691699215668135,-0.1660411344803449,0.18212325918232727,0.7735844796644664,0.7523324556554674,nm
3.540194034576416,152.31004567937512,6.7428227083658925,127.27040822587091,0.2109829993683439,0.10692044471628656,-0.014320437939290205,-0.3690990773877581,0.6985387437742607,-0.16730539335229355,0.2369617742665769,0.8075776124478576,0.7523324556554674,nm
3.5469393730163574,156.0848608706485,6.0895264439484995,126.6766673981039,0.1924204913968367,0.09227835320777485,-0.0402920358616578,-0.38090462139791254,0.7209551190113803,-0.16514519750557874,0.2171736359091869,0.8319480455474111,0.7523324556554674,nm
3.5485153198242188,160.00330257451574,5.4848102321548415,126.03397338736563,0.24658008900804665,0.09615652924583862,-0.06446022598337872,-0.3998441781552111,0.7562811538713706,-0.1620702934059935,0.27240216435566417,0.8706912946103992,0.7523324556554674,nm
3.55901837348938,164.06076524561834,4.9228476308157525,125.42228839317582,0.27729654639746887,0.1020220685886322,-0.12075907493715068,-0.4184180280208616,0.7891196051009749,-0.1547218155390495,0.31919372065055346,0.9064889616157964,0.7523324556554674,nm
3.5620839595794678,168.64086904641124,4.296388843617102,125.06972947310707,0.30239488646278473,0.11037354557105246,-0.18536152591177504,-0.4391657319026918,0.8172675161410935,-0.14214045122023042,0.3714618179693672,0.9386142130237269,0.7523324556554674,nm
3.5740396976470947,173.37325707445376,3.686872198900213,124.74746838427507,0.28018645597670405,0.09848416047277758,-0.2189507165172759,-0.4547719937808684,0.8436273025474065,-0.12725197162016905,0.36897560385510836,0.9668079727702187,0.7523324556554674,nm
3.5836422443389893,178.3336122280035,3.096264173820381,124.44256643575228,0.27402691146881375,0.10529141832161035,-0.26317043767709036,-0.47921778886053373,0.8822059785287248,-0.11546546128630414,0.39425335794190103,1.0105787205667172,0.7523324556554674,nm
3.599442720413208,-176.48395810929046,2.528723344714706,124.13929182625162,0.2593087959781277,0.11516978745011122,-0.3393457679955719,-0.503287557345279,0.919539505070447,-0.10618425909152145,0.4423354856547625,1.0536253431094924,0.7523324556554674,nm
3.6139299869537354,-171.0821719692867,1.9840743796876994,123.8230739452365,0.23398569227673738,0.1394099709440624,-0.4164606235828917,-0.5263929030505695,0.9567595070176607,-0.09933153393368284,0.49761822231897757,1.0965149320845118,0.7523324556554674,nm
3.620271682739258,-159.58231278632107,0.9973644394671465,123.15224233586714,0.19766303745605568,0.11713037329024248,-0.5762041115034581,-0.5762460700141604,1.0329529769369803,-0.08436385600532346,0.6203236081570289,1.1858198201960621,0.7615039029415721,nm
3.642343282699585,-153.4844577066222,0.5696077996649667,122.82907965901734,0.18325332184635634,0.111969035380166,-0.5292128947113174,-0.603474082370331,1.071741528669905,-0.07172791420293062,0.5711261968955907,1.2320534753184704,0.7615039029415721,nm
3.6555631160736084,-146.9237032862727,0.1845096628665284,122.52537273932884,0.19404408718149008,0.12119948256451979,-0.6653129624458421,-0.6538677197877368,1.1490652610241592,-0.05885975589952904,0.7035508228567909,1.323388997966012,0.7615039029415721,nm
3.6612632274627686,-140.03821112265163,-0.1865954478505105,122.26171474040297,0.0821150751791092,0.055680496654531154,-0.9986975923278424,-0.6842378080238458,1.2063471829846595,-0.041366604525953116,1.0036135133609927,1.387503549470886,0.7615039029415721,nm
3.6732096672058105,-133.18993854317597,-0.5705353045428729,121.69255913603762,-0.0420817701550964,-0.016256523019526778,-0.8310651949023313,-0.6642487156271697,1.209072175590021,-0.019975708261143522,0.8322887167913072,1.3796669565220676,0.7615039029415721,nm
3.6764960289001465,-118.22876559258805,-1.3049583191517429,120.6510229803962,-0.34772845137492064,-0.11838651544058877,-0.9362224093782726,-0.7298826555218961,1.366171818353554,0.003554524418036682,1.0057051470266138,1.5489243889677087,0.7692996331347611,nm
3.698732852935791,-110.46922981177788,-1.6508444856665079,120.17251769505289,-0.42529527500073494,-0.11636161332275356,-0.7507341194779645,-0.7259932951412845,1.3817522083889253,0.009867334147978737,0.8706421849080019,1.5608980729890598,0.7692996331347611,nm
3.7055020332336426,-102.45849186090014,-1.9250885784824068,119.67462014377617,-0.5541148487839668,-0.1469393613758589,-0.6420408459836542,-0.7496094574000155,1.4251709660780534,0.020901401295705113,0.8607269540776739,1.6104233883521195,0.7692996331347611,nm
3.714324951171875,-94.24943032584821,-2.122466842420237,119.16160058236593,-0.7201909349285176,-0.2154372111148478,-0.5701183144204319,-0.7676548331872443,1.4597275042006408,0.03339969503976271,0.9434633363961474,1.6496102173132647,0.7692996331347611,nm
3.7162821292877197,-86.02109296463092,-2.277367914508614,118.67603274984829,-0.6948510135666647,-0.2099654601682834,-0.380142820272985,-0.7625555324725228,1.4663267622299319,0.044726096294342925,0.8193973329974898,1.653361889431923,0.7692996331347611,nm
3.7276628017425537,-77.64575583545471,-2.426694784098722,118.21432710743315,-0.7835517380604465,-0.26210235735340104,-0.2515319162464503,-0.7633743755342308,1.498792726550183,0.06148158303826348,0.8636661836834691,1.6831221166139134,0.7692996331347611,nm
3.7536733150482178,-60.84466766454528,-2.8786607395155506,118.09190901694154,-0.7540309027259766,-0.2401160576913838,0.13068606161467886,-0.73971978785962,1.5124111248600918,0.07438247618834071,0.8020580840109766,1.6852612639930813,0.7759260037989718,nm
3.76578688621521,-52.37669744293565,-3.1778057098565133,117.99781709560372,-0.7701786070795144,-0.23742370430505289,0.3000852695001398,-0.7363796473734112,1.5330243086087556,0.07728284438021674,0.8599978320553173,1.7024661975753408,0.7759260037989718,nm
3.7670295238494873,-43.992963174591615,-3.513653247894641,117.88595984001314,-0.7531917232144235,-0.20144628481782936,0.5141832561681814,-0.7183419176208662,1.5228617104828313,0.08048727710135237,0.9339501049356612,1.6857049272162397,0.7759260037989718,nm
3.7751660346984863,-35.796512340303465,-3.834112910321009,116.94164602970338,-0.5822345319651666,-0.0774105956023193,0.607279838097049,-0.6784117963252765,1.4994443959415407,0.08276625931032684,0.8448539828179663,1.6478550651055466,0.7759260037989718,nm
3.8049516677856445,-19.926493892057596,-4.437526083497712,115.26664915003512,-0.3914776865436252,-0.030766421874020306,0.8036598433752161,-0.5996330945342951,1.4417330835406093,0.10853810427899525,0.894466598387193,1.5652267095589592,0.7815584188635509,nm
3.8112027645111084,-12.487808904586208,-4.740468337033248,114.62973425826573,-0.19224385905455424,0.04442649371047803,0.7178715947395214,-0.5551678808669585,1.3859936441595606,0.1164634865680703,0.7444938154353319,1.4975825524159259,0.7815584188635509,nm
3.812903642654419,-5.23594667787968,-5.044975516424044,114.63925484506126,-0.15090568625657025,-0.003283151110799804,0.7296227466801811,-0.5395604992606404,1.351599607493628,0.12240842494318105,0.7450722499858081,1.4604557007442545,0.7815584188635509,nm
3.8348934650421143,7.843997849371684,-5.627751382473615,114.54062467391424,0.07878378601911479,0.03883752300599062,0.6406425479234285,-0.4598314654608813,1.1632920076987074,0.09789891658739078,0.6466359967884319,1.2547021438064798,0.7863459716684431,nm
3.85201096534729,13.769433035013545,-5.837283576973609,114.44363877656133,0.19084395725101014,0.10726757661381402,0.30476151111416067,-0.44502802851513346,1.102395998851017,0.09217211857286886,0.3752430248098058,1.1924020227628804,0.7863459716684431,nm
3.855219602584839,19.71584446920924,-6.005929942363261,114.37207949546078,0.1198729747455439,0.027787466004339324,0.5542141046676319,-0.4532403158811921,1.1028803598280013,0.10060545979588911,0.5677102669089515,1.1966174537316288,0.7863459716684431,nm
3.858152151107788,25.070491852456474,-6.122370136437384,114.31627893281767,0.14711947967488245,0.061976341557401865,0.48417706176679964,-0.4136489702916441,0.9912096832870027,0.09337876320687795,0.5098162760777447,1.0781102449579558,0.7863459716684431,nm
3.8741466999053955,29.998682783188006,-6.190044715257707,114.30988456105732,0.10834432421647176,0.09007537808097749,0.2407035568214884,-0.3877843580619576,0.9096249576364813,0.09514505946483627,0.2789090686816592,0.9934016580685088,0.7863459716684431,nm
3.8769569396972656,34.88023463047546,-6.2674018481027876,114.70076716311853,0.10418661714706592,0.08302134290697762,0.31223958306511734,-0.3886964854394402,0.8991055155067857,0.10592358795910865,0.33947157731289607,0.9852387996287129,0.7863459716684431,nm
3.8959875106811523,43.79963737307975,-6.436497958859217,115.69320751308503,0.0509818855824971,0.09406937466504416,0.15318743399717305,-0.3576447100120105,0.7936029227369686,0.10185291444427241,0.18685446165948924,0.8764070708050149,0.7904153915526014,nm
3.9205377101898193,48.15664000921066,-6.509893722724888,116.2627214583112,0.06837839920488169,0.050734579342412316,0.25677214953313265,-0.36969375252679976,0.7929040044735961,0.10281690181923735,0.2705208675772336,0.8808754431060716,0.7904153915526014,nm
3.925869941711426,52.35207222381045,-6.570359486109692,116.83041536918702,0.04460045964217855,0.044019825605201734,0.23478667083087143,-0.3663978958260257,0.7587457919025106,0.09128865724365293,0.24300561073039023,0.8475117779340039,0.7904153915526014,nm
3.9278111457824707,56.430242564992895,-6.584485940354636,117.37360528579761,0.06957442120632872,0.052742308814026875,0.197088475302701,-0.37196425271093725,0.7297732710033092,0.08564537287323383,0.21556024290757608,0.8235663678540247,0.7904153915526014,nm
3.934885025024414,60.50841443623202,-6.553619666655401,117.92837928365242,0.0836353761692727,0.017969223669250106,0.20277616941334958,-0.3877334370745905,0.7215451073829826,0.08653793754869116,0.22008167581196472,0.8236828120394261,0.7904153915526014,nm
3.953829765319824,68.34784508995804,-6.403970423757819,118.89127785357668,0.04828771849746147,0.047015149943404055,0.12746293572181955,-0.3908979391634369,0.6733205766800828,0.08377349210360802,0.14418366087984988,0.783057977293032,0.7938743984541361,nm
3.9686315059661865,72.28566718975986,-6.31920009187691,119.48727976535353,0.08922642579254633,0.07261306449708885,0.18257355861107488,-0.4049586248685253,0.6802728091267224,0.09126416428671182,0.21579415307019503,0.7969264272036164,0.7938743984541361,nm
3.976113796234131,76.149579363805,-6.2383989880794894,120.1055080904486,0.06678828230249713,0.08266092428255556,0.15451538951882912,-0.4049224787146199,0.6632400927355883,0.09131893266550443,0.18753268689569805,0.7824249368747589,0.7938743984541361,nm
3.9836983680725098,79.97413285896816,-6.164535935310643,120.70175802138368,0.08070374198601209,0.10297020960527865,0.14782122901816955,-0.4073919778548422,0.6525924563579352,0.08874124927506714,0.19740079479359238,0.7744160038626936,0.7938743984541361,nm
4.022382020950317,91.35906940367255,-5.883315527525452,121.39366195389952,0.0607814606786993,0.09471006224648612,0.0795420119542884,-0.41695280110923694,0.6287868391302186,0.07273940275558634,0.13780897473933149,0.7579667196714178,0.7968145543204406,nm
4.0237181186676025,95.16393693115896,-5.746758610824687,121.41177145163,0.09358432902721685,0.09518900216770727,0.07861596176721636,-0.4273585761697815,0.6360249020963444,0.07038126495954383,0.15491753360334196,0.7694910988243028,0.7968145543204406,nm
4.03174901008606,98.94264948840275,-5.587433854017221,121.432509516046,0.13254914332568596,0.10475026240056211,0.08110444589761993,-0.42942612353080506,0.6287883329115602,0.06882845569920122,0.18740283886248846,0.7645383701883969,0.7968145543204406,nm
4.039121389389038,102.6644302582999,-5.411717856114402,121.45759972379791,0.08726655269753893,0.07963231091664448,0.04178728596755247,-0.42721461990017406,0.6169910656571905,0.06684277229267081,0.1253113459754203,0.7534309940299879,0.7968145543204406,nm
4.05101203918457,106.42270904226042,-5.235504166584932,121.48443709429624,0.14074346354931036,0.12247322357296676,0.0475401085952292,-0.4320127693860465,0.6227296380514618,0.06607672599280519,0.19253175049704435,0.7607847059045247,0.7968145543204406,nm
4.05765962600708,110.13493039452301,-5.065424970344733,121.51365659616324,0.06315576709744518,0.1008417916551105,0.0330697783226346,-0.4270655793706914,0.6151218841566124,0.06398283587561535,0.12349626755569434,0.7515675250689662,0.7968145543204406,nm
4.090069055557251,117.6929853549513,-4.7710354774143475,121.51358198372043,0.0765271842059309,0.1445725045335857,0.04439326715627926,-0.43029179039075854,0.6283256547683533,0.053055671774517775,0.16949448710330056,0.763386571551537,0.7993136868067994,nm
4.096233606338501,121.55133078053467,-4.636583002624698,121.45926187091503,0.09720995271674282,0.1432571776422473,0.053678227069748424,-0.43763351859687033,0.643194629125811,0.04573116612392446,0.18125602311251687,0.7793033857816999,0.7993136868067994,nm
4.097504615783691,125.46958300495534,-4.493926622016083,121.36940492537728,0.15325807074537384,0.1654852522703069,0.04219412707832318,-0.44490398708041784,0.652918692390786,0.03841793828558128,0.22946404800635506,0.7910235866113356,0.7993136868067994,nm
4.105590105056763,129.41391033775386,-4.333575809498,121.39906359218075,0.13281500031303237,0.13259893503687134,0.04384319727441981,-0.4515158643553685,0.6550502900236708,0.03308613985341261,0.19272915666371526,0.7962739169877853,0.7993136868067994,nm
4.12456488609314,137.5692621989045,-3.9715540559054907,121.11487001553094,0.16107668855241844,0.12803520012598332,0.011655309082316294,-0.47061188324070696,0.6835717589894704,0.030823143073184067,0.2060935668479677,0.8304793558447034,0.8014379494202043,nm
4.145487546920776,141.86002818924916,-3.778629309404438,120.79506897609855,0.23632447632086528,0.1749055260627965,-0.03594773466448975,-0.4867612167716692,0.7155645830608375,0.03039574310661364,0.29619831326856566,0.8659636573685233,0.8014379494202043,nm
4.152368068695068,146.2320638202433,-3.582017676967319,120.40229080724359,0.20245859322831303,0.1644551494627542,-0.023964817480174892,-0.4909453695030473,0.7325183574516297,0.02989176760223737,0.2619337523757915,0.8823287469024815,0.8014379494202043,nm
4.159168720245361,150.7724598020199,-3.373213043449876,119.8890868383632,0.2396378755987844,0.21672705917341867,-0.08011673725221478,-0.5035878572368829,0.7647858832147328,0.02613324751814095,0.33288980336951957,0.916068296442366,0.8014379494202043,nm
4.162420988082886,155.43437050507615,-3.1596940994956135,119.33026389437822,0.2505380238857141,0.1991037858996748,-0.10181456277954988,-0.5090881832256807,0.7903787119935604,0.021900613747392755,0.33582409705995353,0.9403982792174475,0.8014379494202043,nm
4.196965217590332,164.80192080716554,-2.78415404907787,118.56659076389143,0.2695000621610599,0.1975960050229456,-0.18047432490622473,-0.5342621471827175,0.849619194462314,0.010027504401150062,0.3797965858932919,1.0036878839338423,0.8032435726415985,nm
4.202832460403442,169.9969694046722,-2.5175184192523945,118.32709260956526,0.29744151890514975,0.21096650929244715,-0.26378057890086487,-0.5557704313116788,0.8880149578044192,0.00337920757424731,0.4500650164330906,1.0475985665552352,0.8032435726415985,nm
4.205126523971558,175.37760177088674,-2.2332264255921297,118.07743572658715,0.31964789185881815,0.18527167765550787,-0.33388755401885456,-0.5724329043911608,0.921754136292625,-0.0009962707623665235,0.49797717622373683,1.0850396814668553,0.8032435726415985,nm
4.22669243812561,-173.26418072381472,-1.6076549660282564,117.5778827098504,0.27844712309712155,0.15972252533379708,-0.45132674822008184,-0.6082799178779688,0.9970502373306084,-0.007381087233152285,0.5538410594376171,1.1679760762547298,0.8047783523797836,nm
4.229950428009033,-167.21309988683964,-1.2707598491005323,117.33642319095321,0.26986116312357794,0.15340801279016866,-0.5568390182135282,-0.630304925982948,1.0446804978246518,-0.010272212114780221,0.6375176530541291,1.22014227063702,0.8047783523797836,nm
4.255628824234009,-160.9508445584019,-0.9113073193981396,117.11067978693643,0.24488379372261165,0.13676044787324662,-0.6373489455599717,-0.6486964211061701,1.0833394624207213,-0.012645905399987663,0.6963369665161239,1.262771300163793,0.8047783523797836,nm
4.258052587509155,-154.49996504032208,-0.5331066154834092,116.90438398147913,0.18767095030041575,0.10240724630729406,-0.6879644536116403,-0.6642646424371226,1.118335342109624,-0.015392890743665769,0.7204184333538854,1.3008298865297547,0.8047783523797836,nm
4.25947904586792,-147.73452283671048,-0.12667136645005633,116.71649776460464,0.18274254672309967,0.09352180180812113,-0.624603506708774,-0.6928646925158184,1.17494217459809,-0.0193169342316884,0.6574729700825572,1.3641567870785378,0.8047783523797836,nm
4.266786813735962,-140.4999742789555,0.3158872739493572,116.54456797488179,0.10047076606675275,0.044007224904460795,-1.0032907005938767,-0.7365362604316729,1.258546547652063,-0.025544319182470004,1.0092686662014152,1.4584504063491825,0.8047783523797836,nm
4.303730726242065,-125.90411834049594,1.2185583710706656,116.31321724683451,-0.11626134015759554,-0.10618738574362954,-0.7916799705344312,-0.7436846742057567,1.2889040782996875,-0.03379297494243501,0.8071862460744139,1.4884497246670945,0.8060829151572408,nm
4.312010049819946,-118.04546285680836,1.6992797704038374,116.21741188346913,-0.2784136841826965,-0.20130539259665384,-0.9337732762231983,-0.7862706493458536,1.3738031368751382,-0.046790541992564015,0.9949726488789933,1.5835864194071247,0.8060829151572408,nm
4.313915491104126,-110.11418162104646,2.189787340255429,115.93963705417826,-0.35789666328160125,-0.23751633495641095,-0.7929315104206328,-0.785711217416695,1.390481315427786,-0.055529217286502584,0.9018006493550423,1.5980813182377993,0.8060829151572408,nm
4.316838026046753,-102.00741158311659,2.7121636720785762,115.42899307211596,-0.4444338704028206,-0.24508431961886462,-0.6439232864883148,-0.7918319322290208,1.4270234754662305,-0.06336329885883143,0.8198932782784508,1.6332203513523635,0.8060829151572408,nm
4.326840162277222,-93.63115431841831,3.270975003665379,114.98246607973448,-0.6550866725377122,-0.34470980503791293,-0.6261940844953481,-0.8074471096668582,1.4794730084626468,-0.0709791347212248,0.9695784804144402,1.686964509183478,0.8060829151572408,nm
4.338906764984131,-85.28869221204877,3.824385561209367,114.57566295162837,-0.621832280129084,-0.35766366938206107,-0.4165991982122508,-0.7904413447723638,1.4798025266253518,-0.07525914990871241,0.8295502256991231,1.6793680290446464,0.8060829151572408,nm
4.352230548858643,-76.82246468970484,4.34067487885751,114.75338014878365,-0.6387786677090578,-0.36348127826416043,-0.24525716495676025,-0.7955649315945076,1.5032635127221414,-0.07549815320578125,0.7747953942373008,1.702476055691289,0.8060829151572408,nm
4.358303546905518,-68.1936740471904,4.787583249668588,114.98951884035898,-0.7841823997000086,-0.4374313246684525,-0.10328364167225895,-0.800276163112969,1.5352484587884916,-0.08191835468861439,0.9038560230686881,1.7332456214553504,0.8060829151572408,nm
4.372119188308716,-50.94343926093409,5.4376435559539225,115.47477480765946,-0.6533957396611904,-0.32134627584098113,0.2720244856712866,-0.7846976514655103,1.548030629919676,-0.10529276363920811,0.7772945017231178,1.7387454677035907,0.8071917935180796,nm
4.389016151428223,-42.231229809053644,5.679363989331298,115.73177455925801,-0.7422879529812292,-0.30244652174159437,0.5009170259978775,-0.7860023862805906,1.5561900659381176,-0.11414805920986366,0.9451894892502828,1.7471568481348903,0.8071917935180796,nm
4.401026964187622,-33.74775344282462,5.889013933695358,116.00009261639238,-0.5943156991517637,-0.212454944623574,0.6745634437418365,-0.7666856261311866,1.5138035265809655,-0.11593081025703242,0.9237879049793309,1.700837417030796,0.8071917935180796,nm
4.406113862991333,-25.44617722110308,6.071783750456533,116.30821680201112,-0.36666698974405465,-0.09997471056138944,0.6852152212013103,-0.7529791618371714,1.479166012608044,-0.11179514046878251,0.7835556926509825,1.6635527837878255,0.8071917935180796,nm
4.410725116729736,-17.208447100575086,6.204244127195194,116.67080063816312,-0.334452481362856,-0.0673511223638264,0.8273279423679655,-0.7467104860517207,1.4672057045523628,-0.10591083164472626,0.8949112582799762,1.6496927694908134,0.8071917935180796,nm
4.439957618713379,-1.844056149347876,6.320092619270166,117.39463023424604,-0.04392935680907683,0.032487440118490196,0.746279834068751,-0.6792081366943736,1.3318176846111556,-0.09954568278027243,0.7482772299708138,1.4983228560477388,0.7160991102268139,nm
4.4564032554626465,5.372437622638454,6.315926301408154,117.71281723974614,0.04520800686914931,0.06791906504234209,0.7617568130295087,-0.6564163014635406,1.283892158871241,-0.10212808286264302,0.7661137027087956,1.4455765568614236,0.7160991102268139,nm
4.458038091659546,12.042513598193391,6.298245853493066,117.97648764779936,0.13168543303564328,0.12463952498440752,0.8188648636022839,-0.6103859569482503,1.1852001004410564,-0.10196913270369871,0.8386988311095412,1.3370370221311996,0.7160991102268139,nm
4.4608154296875,18.07544368124486,6.3028573071482725,118.2074831407717,0.2782041186463259,0.1854532511115944,0.2891002081790481,-0.5604047574155216,1.0681232187413592,-0.09538442460214125,0.44200607501346406,1.2099747480856915,0.7160991102268139,nm
4.46732234954834,24.2225060059787,6.287851963479844,118.46607298817302,0.18646640764428843,0.15500255628619702,0.430049701885819,-0.5730846917042399,1.0870405169007147,-0.0932287095930918,0.49369855147357217,1.2323857924943429,0.7160991102268139,nm
4.497891187667847,34.916986663710524,6.21826527396176,119.2021984769023,0.18852290033613844,0.12823924970524392,0.18320419399461998,-0.4720337304968534,0.8752350691704904,-0.07129396173650897,0.29248925760330385,0.9969629371309326,0.6386703294292382,nm
4.503488063812256,39.91713081862963,6.160312404516226,119.5422902686632,0.16505795886899044,0.12371013729000188,0.2431337444138779,-0.47620480716664415,0.8801608254255532,-0.06532474206403734,0.31884533166885376,1.002856629288626,0.6386703294292382,nm
4.506024122238159,44.78301305347204,6.057258011849872,119.93278238647846,0.14071784921163238,0.12687500071126734,0.3744571197306314,-0.46209216605642345,0.8577525424064384,-0.06420956360713916,0.4196628568377147,0.976417667801052,0.6386703294292382,nm
4.535085678100586,53.59472510784632,5.8297430644405415,120.80422504899408,0.12066625440459768,0.0934965837982847,0.18131443683709839,-0.42611098637507716,0.7693530590087155,-0.05818312518629986,0.23701662629347103,0.8813966066261284,0.5728558657512988,nm
4.547828674316406,62.02980037327316,5.584426749721841,121.6798624606914,0.12299484070378976,0.09566010101119495,0.17195163568617688,-0.40937795684300177,0.7130828556101846,-0.058691879882203445,0.23204730289398828,0.8243313698254077,0.5728558657512988,nm
4.556097030639648,66.05355961507938,5.475797249861582,122.18423781118092,0.11906596190039422,0.091714531014783,0.14814875907806957,-0.41033349800595853,0.6954624049274843,-0.054892188215471344,0.21103628431835986,0.8093544888245254,0.5728558657512988,nm
4.566083669662476,70.0231847047787,5.3658518723766155,122.78048418314616,0.12987263159953083,0.10215920615567718,0.16581658882908798,-0.4123248066545664,0.6818922899575662,-0.05206774800959877,0.23409089040767997,0.798561138341386,0.5728558657512988,nm
4.57058310508728,73.82325268739768,5.249684871860163,123.3947907245462,0.1269269792562822,0.09713831826995709,0.12232441016832447,-0.4009003067896701,0.6495034447603112,-0.050507492483331924,0.20126989904719647,0.7649358061540302,0.5728558657512988,nm
4.581488609313965,77.54567033212533,5.126613136802268,123.99062090267986,0.10142059705361012,0.0759517162005193,0.06993040784745755,-0.3985935720415383,0.6329423142326338,-0.0461389945541682,0.1447240914368673,0.7494141816362062,0.5728558657512988,nm
4.6255621910095215,84.76486028156525,4.857879045105568,124.2994681357491,0.10826278526203181,0.07508786379217605,0.012028271219776485,-0.37778672041122574,0.5958253733728658,-0.04512862403142575,0.13230153918266296,0.706942200169826,0.5169135716250504,nm
4.628205299377441,88.24143421826152,4.722729949111527,124.41771456944635,0.1230115207884175,0.0847413478841385,0.004570590191959827,-0.3761214072751018,0.5898565872925472,-0.04675200287917654,0.149445042014122,0.7011304132301122,0.5169135716250504,nm
4.633345127105713,91.60938141145765,4.597415817642976,124.52093936834244,0.19071293224479816,0.13054430797702352,-0.006472534076981186,-0.36728057311821666,0.5699064192957247,-0.04611054340443381,0.2312036603689194,0.6795693697905846,0.5169135716250504,nm
4.635122776031494,94.70116774751443,4.493986898573186,124.60171177880528,0.07487678815256128,0.04245568425698637,-0.09636685267178267,-0.34112730626654303,0.5212229981431244,-0.04456698242541362,0.12921141135223904,0.6245217920909426,0.5169135716250504,nm
4.639275074005127,97.79042317162728,4.389224547281287,124.66900837123399,0.1318298524513136,0.08274389389489303,-0.09037045072930479,-0.34186000610621237,0.5202940852122809,-0.04575615530287564,0.17997911084134774,0.6242337900417797,0.5169135716250504,nm
4.665565490722656,103.33930122819483,4.206379447472375,124.78885528834225,0.05908333109550877,0.02745703838464941,-0.1517505063683794,-0.2957557113094712,0.4429112293709748,-0.0382010619675813,0.1651452244337001,0.5339486108330375,0.4693626216177392,nm
4.672669887542725,105.94180101224768,4.114099156458131,124.83804312892187,0.052785467823967064,0.02543194345801444,-0.1290227308243038,-0.2914480897894634,0.4374542295149987,-0.03822261179018333,0.1417037558810897,0.5270381011032801,0.4693626216177392,nm
4.67812967300415,108.43007492943089,4.023721936099565,124.8633618720614,0.10596435897599944,0.06676670445190895,-0.082285962197563,-0.27940968120151,0.4181709950965089,-0.04018474717124853,0.14985732471701807,0.5045310347187287,0.4693626216177392,nm
4.686786890029907,110.69621415567146,3.9418881449628222,124.87199731438943,0.03125171818270042,0.05197503448554184,-0.0796329489802511,-0.2559267643044836,0.38057584087971674,-0.039338577821407504,0.10009735592130027,0.46030859545926045,0.4693626216177392,nm
4.719131946563721,115.08256015700431,3.7853647044861325,125.19163024848801,0.058333552015528346,0.0716051033066133,-0.04336742787744706,-0.2498379170511953,0.3641991264742893,-0.04752821980707666,0.10203346466235813,0.4442059434531973,0.42894431411152467,nm
4.726291656494141,117.12840455479224,3.715298552674845,125.51245636633905,0.020464487077279485,0.04561540838900843,-0.02379623511294553,-0.2376819108011783,0.33996065555541444,-0.04984327570635963,0.05536986111037973,0.4177921614641742,0.42894431411152467,nm
4.727686166763306,119.14385529243157,3.6444196882760633,125.81673710227334,0.0,0.0,0.0,-0.2361146145504796,0.3337215309274204,-0.052326466316064274,0.0,0.4121386059155208,0.42894431411152467,nm
4.747711896896362,123.21010715919634,3.4958756866408405,126.26849178283913,0.06612378815324062,0.04832897107317881,-0.002478776982402152,-0.24094809024313882,0.3350604572070632,-0.05523950696754873,0.08194015584592994,0.41638070957435075,0.39458875273124233,nm
4.7659947872161865,125.21536885908444,3.423267857278232,126.39300937728136,0.0,0.0,0.0,-0.23879112503212926,0.3295414995360203,-0.055759383017550554,0.0,0.4107650302850241,0.39458875273124233,nm
4.767313718795776,127.23083135862915,3.3523826756030846,126.4900691921963,0.06676448861412174,0.04866108461332766,-0.009938604446649194,-0.24108731395651004,0.33046341115217526,-0.05702318486590328,0.08321162150804165,0.41301428870360823,0.39458875273124233,nm
4.774839878082275,129.20607570063416,3.28600736687708,126.578965799146,0.0,0.0,0.0,-0.23775104976098826,0.32300928285912683,-0.05720307911753921,0.0,0.40513300376067457,0.39458875273124233,nm
4.7906506061553955,133.04745964332528,3.1221594702109,126.55890890181684,0.09014405384934428,0.06410575395582556,-0.0403621857295131,-0.2425407304770827,0.3278310069485159,-0.06046171097525908,0.11774805379071893,0.41225573804531884,0.36538652555800233,nm
4.81040358543396,136.83236069768918,2.9932487855055987,126.28844518399572,0.03641379682298413,0.023739747727648076,-0.046207268447450246,-0.2339123038517568,0.317128738890508,-0.062013388032104044,0.06344014406204224,0.3989126009776338,0.36538652555800233,nm
4.845861434936523,140.5003954939755,2.889675388242675,125.94922675751876,0.04675442524397077,0.029728027562849355,-0.06700213484886364,-0.22533062526201808,0.30967135047971955,-0.06115827948742292,0.08694261312484741,0.3878280174752297,0.34056463246074836,nm
4.848481178283691,142.30320344557708,2.833498618142363,125.85490168741282,0.03198773226525251,0.020139727260526465,-0.04875341332125823,-0.22037397460962282,0.3048201717798213,-0.05997423837367972,0.06169050931930542,0.3808896626027351,0.34056463246074836,nm
4.8497819900512695,144.0548333844049,2.777747437143729,125.78265303103804,0.04055541536747276,0.025301398077630537,-0.06570049797339314,-0.21780941486162558,0.30070246613338325,-0.058849583029116415,0.08124935626983643,0.3759337544884246,0.34056463246074836,nm
4.874437570571899,147.56049687012302,2.6585588664886353,125.38813327108797,0.02660769810061689,0.0161232042280876,-0.04876692364426346,-0.21546623150184252,0.2993510765847085,-0.05651804389489888,0.05784583091735839,0.373136775533765,0.3194660233280825,nm
4.880960702896118,149.2649634132731,2.6116669452411814,125.10091887216208,0.06928511716251423,0.04620397694640065,-0.04469856727382736,-0.21393327605994172,0.29791554616962534,-0.05587251412538897,0.09451559057753232,0.37100250280823877,0.3194660233280825,nm
4.888039827346802,150.97160912477787,2.5671202313474573,124.82137508542307,0.04590411965221844,0.030834504641251377,-0.020051480060968303,-0.2096799456172743,0.293192463497435,-0.05492734701250187,0.058821906889797014,0.3646155697383062,0.3194660233280825,nm
4.895991086959839,152.70127040369042,2.524052009906765,124.47958465149468,0.041625424261866356,0.028162838473792962,-0.00792304752434564,-0.2103414015322716,0.29685020029869036,-0.05511258074746134,0.05087824778777631,0.3679686714552998,0.3194660233280825,nm
4.927484750747681,156.18137737570405,2.4458579847539137,123.76203578605084,0.08462380664081931,0.05460917945166835,-0.038154700297621844,-0.212300239711975,0.3098657629173787,-0.054526470890150926,0.10769926780423643,0.37955410528390504,0.33815248336013387,nm
4.934133768081665,157.96698425337655,2.4035493728154576,123.43278514890879,0.04382858620526501,0.030015806780999573,0.021476087927225877,-0.2110822663070829,0.3127242838315416,-0.053218048071012214,0.05729848146438597,0.38103065688704557,0.33815248336013387,nm
4.935455322265625,159.78494534911354,2.359242686845063,123.08310896812311,0.08486855696134761,0.05400975443068594,-0.026025552001796848,-0.2185013292584092,0.32691085159366196,-0.05300406553396611,0.1039088778274635,0.3967656320052355,0.33815248336013387,nm
4.9566075801849365,163.56641047309205,2.271746251776443,122.34903260741049,0.07579481358617031,0.04762381256556783,-0.00814590777755718,-0.22552047450525484,0.3447020783251108,-0.05038515318451188,0.08988457655995888,0.4149911696459972,0.35403597438737755,nm
4.965914249420166,165.5245589934545,2.2361875359264163,121.97286558247103,0.10045164029237207,0.06087268984838076,-0.03976243615156447,-0.2321615655819241,0.35667166895839714,-0.05037422813913502,0.12400430531039035,0.42854548747085425,0.35403597438737755,nm
4.9805076122283936,167.5314413908817,2.2041119267900986,121.59751082171768,0.09665083984957533,0.058701896749791545,-0.016648792421201004,-0.23443651158105228,0.3649342365339683,-0.04997274566884297,0.11429995544502931,0.4366173957443817,0.35403597438737755,nm
4.982192277908325,169.65065710541487,2.1802987007258814,121.2537091557025,0.09240560703761574,0.056963475960013596,0.019809081135806067,-0.24435795218342127,0.384353075651239,-0.051461540806742714,0.11034506559371948,0.4583518143741184,0.35403597438737755,nm
5.010416269302368,174.1341434553159,2.1662723296921906,120.53010461843304,0.12759889456420045,0.0747777842954209,-0.010794582626646215,-0.2627154342266964,0.42286697577756643,-0.05311158086534226,0.1482893048477264,0.5006562878924047,0.3675369417605347,nm
5.022801399230957,176.5624050173137,2.1609583810793396,120.14790770608103,0.1510021931531435,0.08653657644538904,-0.026700271110350178,-0.27715510424010836,0.45416458066653626,-0.05415857122395278,0.17607710208120225,0.5348023644070545,0.3675369417605347,nm
5.033843040466309,-178.17983045446542,2.167057837483163,119.3976769589654,0.1659787513808991,0.09078185367383837,-0.06293594581884471,-0.303694046081448,0.5094836644121811,-0.05505814626116547,0.19937709031514395,0.5956803483395272,0.3790127640277183,nm
5.0533881187438965,-175.07987451153178,2.188721782213886,119.04655192545626,0.18087415838548465,0.0947709915020387,-0.1299567379967447,-0.31889667599447197,0.540136729354157,-0.056128854988800055,0.24204494572845647,0.6297564804907393,0.3790127640277183,nm
5.065610885620117,-172.0584716042522,2.2185500366753366,118.57324018048428,0.16502039280385658,0.08509257341728399,-0.10834680138707588,-0.33119207117556215,0.5677253184463597,-0.05694832671914065,0.21496861506444484,0.6597297455251575,0.3790127640277183,nm
5.067932367324829,-164.94366363381693,2.34188497170578,117.75374235957985,0.18584967747404096,0.08862097760482981,-0.19853289667147134,-0.3644982799411233,0.6394344383137821,-0.059723091120971405,0.2860228860591507,0.7384458305080632,0.3790127640277183,nm
5.076217412948608,-161.13051830119423,2.420956649078622,117.42357161697446,0.17597566367669346,0.08081713977730126,-0.22027189142571932,-0.37795131379468827,0.6710696752283102,-0.059163111266756226,0.29328919250545266,0.7724519262354927,0.3790127640277183,nm
5.107524633407593,-152.7920954049211,2.600543409410874,116.65830095276736,0.1989004978929008,0.0856862875560816,-0.2787970518067733,-0.4137336379841897,0.7622420633933241,-0.05987674551160469,0.3530316473537974,0.8693524665282812,0.3887672129548243,nm
5.114055395126343,-148.19017640112793,2.6969171448736824,116.3173313507567,0.22439402934093403,0.09114151346276815,-0.377635303784825,-0.43608566930992343,0.8190153583303242,-0.0634774428233908,0.44862888732760065,0.9300463719115462,0.3887672129548243,nm
5.115344285964966,-143.40915241823566,2.8035850019508772,115.97625960885682,0.16879434119261733,0.05321725831497299,-0.5327795722448861,-0.44791139703612987,0.8532642167295134,-0.0647065797122482,0.561406874559491,0.9658526723077102,0.3887672129548243,nm
5.124274969100952,-138.54255685421975,2.928314334753632,115.69184827044789,0.11213664114814752,0.029884417779710987,-0.4239159971281586,-0.4533811770892029,0.8697383081801631,-0.0642908702085781,0.4395139102863318,0.9829204100267018,0.3887672129548243,nm
5.13388466835022,-133.3129416826062,3.0843182127067013,115.4263297780477,0.0663728037862599,0.002888716805159432,-0.480448281551748,-0.48523607056953394,0.9350520565691128,-0.0699916914074438,0.4850198398140611,1.0557818096282792,0.3887672129548243,nm
5.145618200302124,-127.8420534954626,3.25260838978526,115.13468059238329,0.002031736982949743,-0.03311060798923089,-0.5426450314388097,-0.5021251526504973,0.9805059873720781,-0.07498561276449756,0.5436580455229291,1.1041487682003934,0.3887672129548243,nm
5.160612106323242,-122.24805282223907,3.4296612435322156,114.91075995560425,-0.04398700198805229,-0.05266022282067805,-0.4877882055249697,-0.5089541005889532,1.0044925142423522,-0.07584408592289167,0.49259038648829767,1.1286238580876762,0.3887672129548243,nm
5.164477825164795,-116.43907332822381,3.625585086834333,114.73475351587287,-0.10322103025952242,-0.08085368853282363,-0.47734783215803905,-0.5258195314052218,1.0439748267842832,-0.07643881048594965,0.4950281334461502,1.1714147473525285,0.3887672129548243,nm
5.175947904586792,-110.47021231605859,3.834486955946456,114.61696621487653,-0.19382573597358074,-0.12453914815639681,-0.48462894247279903,-0.537809788958925,1.0734835967306569,-0.07709647715525705,0.5366037898035427,1.2031418321792249,0.3887672129548243,nm
5.200399160385132,-98.29712677215802,4.278226708729628,114.48232624974324,-0.271623562747036,-0.12483164269025399,-0.3564812614989926,-0.5512759206662899,1.108653956357695,-0.07687880506449479,0.4652324028440553,1.2405358061427247,0.3970584945428644,nm
5.202404499053955,-92.04545715777493,4.504424080371907,114.46585455798399,-0.2963221757125663,-0.1317309044331648,-0.30551488424491996,-0.5565311742779162,1.1261514181188903,-0.07547434771886481,0.44553249881124884,1.2584277260287664,0.3970584945428644,nm
5.218729734420776,-85.70297939786175,4.712451936705005,114.5624840694589,-0.35974565929533936,-0.18777237532646812,-0.25765613991155184,-0.5608217187692015,1.1436390540339276,-0.07204879526039773,0.48068918310245295,1.2757830203656626,0.3970584945428644,nm
5.224862098693848,-79.3405272346286,4.885359328444141,114.6947371454176,-0.36972938614945505,-0.18758439110390795,-0.1867525437626431,-0.5571259870471924,1.1492230689576377,-0.07020170632523054,0.45471335517014966,1.2790743947240495,0.3970584945428644,nm
5.2390828132629395,-66.45937965553858,5.104475464304974,115.05264324413778,-0.39094812023202724,-0.14704832542372606,-0.04288010871261252,-0.5576736483832585,1.1751748178008055,-0.06968977845950902,0.41988372967535087,1.3026482317632746,0.40410608389269853,nm
5.258798360824585,-59.89641776779232,5.169983120868029,115.26669370971595,-0.4403530215399248,-0.15356783000196464,0.029897141537103395,-0.5621374936267213,1.1898526885965124,-0.06790683326140558,0.46731969898875797,1.3177098771371767,0.40410608389269853,nm
5.271184921264648,-53.33427133972142,5.224630466567231,115.50570323944561,-0.44425303233957253,-0.13393300147710657,0.1318482888095257,-0.5639877072213694,1.1885391838813657,-0.065486219989005,0.4823720316203791,1.3171924576638936,0.40410608389269853,nm
5.273549795150757,-46.77634881146913,5.272168098073641,115.78317433951732,-0.38831682073559237,-0.11147469056600622,0.19940800225404828,-0.5670092968570993,1.185923711529033,-0.060175880927744355,0.4505331411405109,1.3158783108382817,0.40410608389269853,nm
5.281957626342773,-40.22145216963764,5.304192618899705,115.47286334449551,-0.39690180908659356,-0.11265204336295749,0.3028112207323095,-0.5565173940301785,1.1900022630152858,-0.05353607233657236,0.5117774558648045,1.3147939408442941,0.40410608389269853,nm
5.285243272781372,-33.7504014407469,5.302128410127042,115.19405308637239,-0.3248099952941245,-0.11506859559578728,0.367919030864001,-0.536738545797913,1.1805971340657209,-0.04673833076534571,0.5040899999080142,1.2977219775715378,0.40410608389269853,nm
5.293343782424927,-27.38431642748481,5.267831686531551,114.95331362008373,-0.26384736064587133,-0.07910171734577544,0.4294327729146101,-0.5168451085245319,1.1665809187792575,-0.043739733370590374,0.510181357813057,1.2766961543534632,0.40410608389269853,nm
5.327519178390503,-15.127019559310586,5.078910108923715,114.6149157577259,-0.1005440529986507,0.0024099450432433387,0.4958481312323223,-0.4688058178635343,1.1159526918424876,-0.04383938679543062,0.5059449413474684,1.2112188890236937,0.41009653484005754,nm
5.336129903793335,-3.6796915979497853,4.796881443788806,114.4734130404818,0.003093424322744123,0.048368699683816706,0.5093265811548021,-0.4245046977350806,1.038116069474648,-0.042593537909447865,0.511627468627304,1.1223651017259437,0.41009653484005754,nm
5.345623016357422,1.568483911529674,4.645946445518131,114.49743527626993,0.07414644014106786,0.07709845304243972,0.48499241678526167,-0.39642929521554315,0.9767523777808759,-0.03599139179442099,0.4966482763348114,1.054749626162051,0.41009653484005754,nm
5.352319717407227,6.425777101827891,4.499549912415344,114.71675332567926,0.13837272688284677,0.10724418089753932,0.5027199568942384,-0.36894658319439055,0.9038977280452801,-0.025105112133628486,0.5323304245871393,0.9766181191599286,0.41009653484005754,nm
5.384130001068115,15.207431612512499,4.180834023547975,115.39354782967257,0.18939344023429547,0.10925646833027482,0.23915842660196754,-0.333615221668147,0.8105257977133029,-0.001542508429975965,0.3240425961050718,0.8765007496971862,0.41518841814531265,nm
5.390429735183716,19.318151970361544,3.9984926335792617,115.85086212431332,0.10638866211340368,0.08046425156487583,0.37229693070217834,-0.3169297906889554,0.7651213047217157,0.004314016167099317,0.3954719305038452,0.8281749295292001,0.41518841814531265,nm
5.393252849578857,22.922846166053695,3.824874377643887,116.3791301274244,0.10595346800782934,0.06326439704510278,0.14360476289602092,-0.281693421860693,0.6705193495685627,0.005957473171301357,0.18934320490260248,0.72731208813825,0.41518841814531265,nm
5.411529779434204,29.86411319162007,3.4858617472723736,117.40429526847372,0.056984238135775904,0.04531741023944425,0.229894396330678,-0.28004481452764873,0.6347376303532689,-0.0013420954808602693,0.2411478893355108,0.6937714023729921,0.41951651895477954,nm
5.430870294570923,33.07644412835757,3.3258088186707733,117.797867341354,0.06432453990260509,0.04898207563706405,0.2294116058738326,-0.2664499709608747,0.5919403491040355,-0.002977028019711794,0.2432418037200999,0.6491516206698467,0.41951651895477954,nm
5.433474063873291,36.12221905404937,3.1642368138830195,118.23495873020713,0.04285177809706394,0.06720109193184294,0.09328572701681864,-0.2556290732099651,0.5604691695762739,-0.002715159083060275,0.12269673389283198,0.6160189000384242,0.41951651895477954,nm
5.4433605670928955,39.22361962103466,2.995918456265842,118.72087648354245,0.04942465093014764,0.03690082690275531,0.16451829355255232,-0.2650009723152748,0.568546094737748,0.0019064437401787808,0.17570070022375503,0.6272749091884035,0.41951651895477954,nm
5.456824064254761,44.96136025943483,2.624144377830375,119.77506230463906,0.04969692766984949,0.0315386194554128,0.058815600238581574,-0.24053662236491605,0.5078277615483859,0.013301667190738685,0.08320903778076172,0.5620710243803889,0.4231954046428264,nm
5.473682880401611,47.80687178843042,2.4352429631204364,120.38889105298028,0.06855723128760764,0.04383532333426663,0.07364587451370415,-0.2535782531681544,0.5180052595659377,0.018070819329990093,0.10975128412246704,0.5770250721840813,0.4231954046428264,nm
5.488939523696899,53.11568776714413,2.098119498827918,121.62626681723438,0.060559518573871464,0.03962893841154144,0.05425162227702748,-0.24005738851243358,0.4567144781672417,0.014986887365159745,0.09044969081878661,0.5161785264226723,0.4231954046428264,nm
5.497278451919556,55.62437019083175,1.9654987477233234,122.22318289298698,0.07305474597498339,0.048477289489841965,0.059926324104559156,-0.24559148566914696,0.4457482799352122,0.011764444891524405,0.10619890689849855,0.5090629716076243,0.4231954046428264,nm
5.5248823165893555,60.451167617595225,1.7653294395085903,123.36360316036334,0.07354248319763043,0.05028794527119578,0.050474414499925346,-0.24847426764194483,0.41568463856911453,0.007616951437035367,0.10239648818969725,0.4843461555248791,0.42632245747766623,nm
5.537621259689331,62.623842194245405,1.6409290710460431,123.95995695569208,0.03523652427412629,0.057870635426544866,0.031075699591301596,-0.23729574056870834,0.3887916945123554,0.009071385133041001,0.07454074183077321,0.4555771507023507,0.42632245747766623,nm
5.539482355117798,64.69996801631031,1.5109397436513892,124.58735395848717,0.04969254742629686,0.03518617700880297,0.028769688566145556,-0.22931542998806725,0.37182043756323363,0.012443476208126058,0.06734323501586914,0.43702499278699025,0.42632245747766623,nm
5.546834707260132,66.69771387592563,1.3680193256452873,125.18673269678457,0.04437833893900987,0.031978279646103155,0.02355200078074815,-0.22097339596656088,0.35664860594620645,0.014664670157288274,0.05955454707145691,0.4198124848062394,0.42632245747766623,nm
5.571412801742554,70.56388638870649,1.1067236773568037,126.40452443564523,0.03304641727185191,0.024717396724229474,0.014558807171840915,-0.2169141313935107,0.33201244999282814,0.01638714451747657,0.043760418891906745,0.39692889269222775,0.42898045238728005,nm
5.58460807800293,72.37529395692323,1.0075347151971001,126.95374476073907,0.020379250257675313,0.015510113201354408,0.008134774869980134,-0.2119425434503783,0.30978612358499896,0.015123036892886738,0.026871025562286377,0.3756538171440554,0.42898045238728005,nm
5.585864067077637,74.13345226087074,0.9341310575857267,127.47800112247123,0.0,0.0,0.0,-0.21245960225121138,0.29488811691169864,0.011559421857154056,0.0,0.36363677525539445,0.42898045238728005,nm
5.590559244155884,75.79459199768766,0.8877055682209029,128.0058081252173,0.02122383788352482,0.01671982213560063,0.00683859227278981,-0.20949990838792668,0.2744300185900756,0.008009308500524191,0.027870595455169678,0.34534938213431843,0.42898045238728005,nm
5.598694086074829,77.45213793564268,0.8521660197261645,128.48210652704736,-0.0408809684993229,0.0014740408235301779,-0.04881237016795812,-0.20679760012677456,0.2583760662516352,0.006162255406099324,0.06368731320448236,0.3310006229926957,0.42898045238728005,nm
5.629136800765991,80.68479436952633,0.7634064527624741,129.45258774461146,-0.01962762423638901,0.0238503959533321,-0.0004115782664334924,-0.2060287497780374,0.25086909237071997,0.0035594166259075915,0.03089100867509842,0.3246472188217955,0.4312397480604518,nm
5.635793924331665,83.69890822573589,0.6240674288231111,130.41397940701242,0.0,0.0,0.0,-0.19426152987448483,0.2371139223040641,0.0022637271047647838,0.0,0.3065382171932204,0.4312397480604518,nm
5.645913362503052,85.19857615194346,0.5536671271631609,130.87270159237102,-0.04137541683686153,-0.03586479547141615,-0.004599135528499279,-0.18896272064775774,0.22604561637343812,-0.000685771959181722,0.05494870990514756,0.2946251869060588,0.4312397480604518,nm
5.668731927871704,88.13114368803487,0.4665187734871659,131.75908533265542,0.0,0.0,0.0,-0.20065083584541438,0.21905998009830638,-0.009074078822261657,0.0,0.29720425924371685,0.4331601493826478,nm
5.682170152664185,89.53648802429525,0.45296062233216655,132.08874501266067,-0.021325817066754127,0.023611071635057705,-0.00025153343911614277,-0.1968254154894574,0.2039479966378694,-0.014173647028905494,0.0318172350525856,0.2837885159503427,0.4331601493826478,nm
5.688865661621094,90.90031832246956,0.45165400177686155,132.4067211838972,-0.021934790213402704,0.024016002054046675,-0.00025639835084173573,-0.2006941173941503,0.20156092807990408,-0.01910375223242112,0.03252643719315529,0.2850787432173907,0.4331601493826478,nm
5.7165749073028564,94.78302709539615,0.4447588067873498,133.24183714510252,0.028986995072760532,0.027225001694535397,-0.00332739825764497,-0.19197737336580342,0.18987817478705124,-0.029354512184713057,0.03990636765956879,0.27160765918968033,0.4347924905065144,nm
5.728089809417725,95.98323698376241,0.43618850516408936,133.4944000406673,-0.0023524401099657578,-0.002580664345589452,-0.03322906206784251,-0.17749459325515146,0.17415793908829816,-0.03177185963088639,0.033412039279937744,0.25068859057942744,0.4347924905065144,nm
5.740183353424072,97.17740243157986,0.42821393290216053,133.720381150459,-0.0032036779446831683,-0.003449597476429881,-0.03731784973482852,-0.17377972812265208,0.16917386244293378,-0.03335122302589616,0.037613630294799805,0.24480909647634955,0.4347924905065144,nm
5.767045736312866,99.3560498359918,0.4584559574603358,134.21133361295026,-0.0043813202786049665,-0.004697021846040589,-0.03893806095803392,-0.16057601578514,0.14357287557090573,-0.036924736833208745,0.03946429491043091,0.21854350513188453,0.436179980461801,nm
5.769812822341919,100.4676763001949,0.4929064906256911,134.4199804252578,-0.0038990965531986947,-0.00419385835940074,-0.03095965341424211,-0.17015680759083754,0.14767682686238381,-0.038680208329783236,0.031484782695770264,0.22859996255048518,0.436179980461801,nm
5.773205995559692,101.53230015060137,0.5394409596060573,134.59401094453648,0.02902072956138084,0.02850261141034526,-0.008299287419241437,-0.17567507025232487,0.14882985000605853,-0.04051657829136573,0.041514813899993896,0.2337811961587705,0.436179980461801,nm
5.782542943954468,102.54327184680461,0.5900972243755301,134.760442258156,0.0,0.0,0.0,-0.16069572643469188,0.1295637625408753,-0.042340774798045926,0.0,0.2107193068245539,0.436179980461801,nm
5.79888391494751,104.50650218999682,0.675195651793545,135.01606203336468,0.03875237699490465,0.03853838451531098,-0.014139804574103248,-0.15881044181898055,0.13285971144342185,-0.04600489402283429,0.05645252764225007,0.21210589249151315,0.43735934692379463,nm
5.817525386810303,105.46359412740573,0.7029472719832808,135.1215379174327,-0.03791450891778274,-0.038720710131936384,-0.03709409841969861,-0.14370117990961026,0.11867247952548308,-0.046843027468218675,0.06567172540118277,0.19216517823614315,0.43735934692379463,nm
5.824064493179321,106.43563838133221,0.7341653211132351,135.2284785587361,0.021562665552788796,0.021571633788064013,-0.008996617668242479,-0.15779140014512058,0.1357932156238571,-0.046937757066131215,0.03179973363876343,0.2134035529404889,0.43735934692379463,nm
5.855783939361572,108.2328636009571,0.8250409762538209,135.39900912443144,-0.029896214378469625,-0.030963802164380324,-0.03160887692048707,-0.141302021269337,0.11193364851212008,-0.046934511061079744,0.05340095297663514,0.18627466605144571,0.4383618084164892,nm
5.862268686294556,109.0547830147034,0.8871852405255254,135.47973480344706,0.051977017935543046,0.052292431612599895,-0.02546272897926588,-0.14925293836627965,0.11685835219027534,-0.04672116589023295,0.07800294458866118,0.19523109749662723,0.4383618084164892,nm
5.863562107086182,109.84224335489768,0.959392075238151,135.58039832223614,-0.00963961647213441,-0.010795357930852118,-0.04005822347989115,-0.13231088269026128,0.09403069145840984,-0.04690706632404564,0.042592525482177734,0.16896216584061405,0.4383618084164892,nm
5.865254163742065,110.70271788274353,1.0258910146733806,135.65812862337754,-0.011425276991903485,-0.012855265246011325,-0.04545020207858868,-0.13917314402199005,0.10039904278464144,-0.04782809467905778,0.04859542846679688,0.17814785558537258,0.4383618084164892,nm
5.8915159702301025,112.20962958642426,1.1466312886463217,135.6708416331428,0.0,0.0,0.0,-0.12312788811081354,0.08857369585375367,-0.050451394112243496,0.0,0.15984717575137572,0.4392139006852796,nm
5.9019129276275635,112.97547229896605,1.1912874205970985,135.6791976691425,0.0,0.0,0.0,-0.12766271188099865,0.09850457899558833,-0.05227538410855836,0.0,0.1695099875275976,0.4392139006852796,nm
5.9064295291900635,113.68336105161018,1.237885795144884,135.68451066347242,0.016819049085816808,0.016902390300619664,-0.010455937011943464,-0.12252559207949501,0.09547008867680466,-0.05337590778827791,0.02603647112846374,0.16424386161622753,0.4392139006852796,nm
5.914510726928711,114.45058399008055,1.2813770384756347,135.7124123973947,-0.027616316357018174,-0.027741782948186324,0.017792907246857326,-0.11887756875368617,0.09192054713368113,-0.05246055752092481,0.042998313903808594,0.15916461112178468,0.4392139006852796,nm
5.949287414550781,115.97945702330357,1.3680873279906276,135.6551535225551,0.0,0.0,0.0,-0.12675031843992837,0.09791015431162042,-0.05196948135747754,0.0,0.16838310050154612,0.43993817911375144,nm
5.95476222038269,116.76292528008005,1.4099455615356713,135.61473092881707,0.0,0.0,0.0,-0.12672367106038007,0.09711782892262326,-0.05270762388806202,0.0,0.16813344437555763,0.43993817911375144,nm
5.964235067367554,117.48386877639999,1.4465311316435183,135.57453044043078,0.02297859170719832,0.02283638223464177,-0.016845998285485584,-0.12668854686591066,0.09859914872680671,-0.05416416428764579,0.03651443123817443,0.1694270838137341,0.43993817911375144,nm
5.965593338012695,118.252795477687,1.475949920468427,135.53367423914275,-0.02798171941277748,-0.028994950526063046,-0.013241307202839192,-0.11938638018559074,0.09420497572173461,-0.05469271109804706,0.04241480866094073,0.16161366857975057,0.43993817911375144,nm
5.968556880950928,119.04191687452925,1.4927267037935914,135.43569905308098,0.0,0.0,0.0,-0.12918494631560015,0.10963316345450512,-0.05719548080884808,0.0,0.1788281407065511,0.43993817911375144,nm
5.980240821838379,119.7435073236769,1.4996409961327866,135.29147541089137,0.023063340552197865,0.02261270776567783,-0.01844739752786215,-0.1174010831463349,0.10142601076013266,-0.05898498155470233,0.037196218967437744,0.16598035435453126,0.43993817911375144,nm
5.988685607910156,120.45900386849392,1.503307838229425,135.15326859920415,0.0,0.0,0.0,-0.10843243628737415,0.09648669143579243,-0.05905285214087017,0.0,0.1566988009188735,0.43993817911375144,nm
6.001837491989136,121.12407311193641,1.5062892460355648,135.00856806703823,0.02783705826846177,0.026975264541807487,-0.02339449377107277,-0.10964055689841636,0.10037342997986015,-0.05958913255126168,0.045275479555130005,0.16014600176441682,0.43993817911375144,nm
6.008702754974365,121.8269420955604,1.5017435554122691,134.84315839452228,-0.011540247412741941,-0.012488964925464936,-0.02736281683543023,-0.10386033100361734,0.09421280031349566,-0.05723664105331555,0.03221607208251953,0.15145643987020707,0.43993817911375144,nm
6.02427339553833,122.5550649618977,1.494974468580885,134.69461720776076,0.0,0.0,0.0,-0.11521012879268214,0.10653181995041418,-0.05513913481593168,0.0,0.1663211550784306,0.43993817911375144,nm
6.025917053222656,123.21548697587129,1.4832193861211647,134.52793747398863,0.016151492011637143,0.015357746863311518,-0.014586129570261662,-0.10880718622899278,0.0974012249693536,-0.053938452680245004,0.026636183261871338,0.15567709875938843,0.43993817911375144,nm
6.058197736740112,124.52961366138673,1.4587873141769787,134.0699660708021,0.0,0.0,0.0,-0.10433981108475468,0.09282829592123726,-0.05769962621249755,0.0,0.1511063716919476,0.4405538157779525,nm
6.075557231903076,125.23093961998504,1.4282201713330347,133.91249173138718,0.0,0.0,0.0,-0.10349182091746811,0.09722228609859082,-0.058217267403101604,0.0,0.15346654402485832,0.4405538157779525,nm
6.080851316452026,125.95605948465052,1.384880544839074,133.6942579684922,0.0,0.0,0.0,-0.1113196646628112,0.11282757679980197,-0.05977254022028344,0.0,0.16939565045048044,0.4405538157779525,nm
6.08259391784668,126.66566715512771,1.3395069377414568,133.43608964775186,0.0,0.0,0.0,-0.10498611818555925,0.10966900218005296,-0.06157804396195642,0.0,0.16383293487275785,0.4405538157779525,nm
6.08440089225769,127.3371480120211,1.3032098908953627,133.16559286453136,0.0,0.0,0.0,-0.09851942114688034,0.10385170512431342,-0.06364785009250931,0.0,0.15665982835986467,0.4405538157779525,nm
6.095442295074463,128.05665948991998,1.2600203953736655,132.98015162032675,0.0,0.0,0.0,-0.09787214949865045,0.10564227207155545,-0.06273109053985951,0.0,0.15708098871679788,0.4405538157779525,nm
6.119251251220703,129.5018975957405,1.1598530913631129,132.48039174405343,0.019925997988633433,0.0176441500416218,-0.02193369383861923,-0.10376427062689858,0.11569347964936431,-0.05818055124231425,0.03448837995529175,0.165942705880583,0.4410771069425234,nm
6.126259088516235,130.2069195137084,1.1128043675675292,132.22978538175457,0.0,0.0,0.0,-0.09676496878055219,0.10444823134716684,-0.05877045577186293,0.0,0.15403525144032784,0.4410771069425234,nm
6.134321928024292,130.90888701783862,1.058624261912833,131.97519927319485,0.0,0.0,0.0,-0.0977916081679236,0.10628260261927497,-0.059274825517647324,0.0,0.15611756847883249,0.4410771069425234,nm
6.142103433609009,131.58950006105633,0.9895454525998141,131.7220920329506,0.0,0.0,0.0,-0.09500323184541848,0.10745923736498517,-0.05860324297330844,0.0,0.15494335043210852,0.4410771069425234,nm
6.154343605041504,132.2739987873741,0.9049173335602961,131.40042165176035,0.0,0.0,0.0,-0.09334967142269811,0.11059843543702992,-0.05986520989667782,0.0,0.15662061943377018,0.4410771069425234,nm
6.159541368484497,132.9488170156225,0.8231006473269242,131.02700995001337,0.0,0.0,0.0,-0.09118795677663447,0.11090000773361262,-0.0638597009157946,0.0,0.1571372539452928,0.4410771069425234,nm
6.172714948654175,133.57855158823227,0.738220690130324,130.6082773350018,0.0,0.0,0.0,-0.08372492807947722,0.10592740518373023,-0.06682265673961373,0.0,0.15065107435598338,0.4410771069425234,nm
6.189446210861206,134.8957770846565,0.5494126935616,129.7398570004795,0.045997894820658164,0.0383691046338466,0.010170521031042682,-0.08796891230372478,0.12131814928612689,-0.06585766027575196,0.0607571725508872,0.16368828392743248,0.44152190443240863,nm
6.208464860916138,135.5029617794382,0.46197624304187457,129.28548073333553,0.020018927370697985,0.016643302972510716,0.02557903138695864,-0.0804968524559324,0.10958142204694123,-0.06381026813183577,0.03649717569351196,0.15019847413405632,0.44152190443240863,nm
6.214662075042725,136.15560060054665,0.37939921729448856,128.83189030844326,-0.015664138327639767,-0.01243166747531084,0.020820229131025502,-0.08177217950393642,0.10741767888824491,-0.06259374838414533,0.02886855602264404,0.1488059958984845,0.44152190443240863,nm
6.219419479370117,136.81329146210953,0.2896337742164626,128.3628038725579,0.0,0.0,0.0,-0.08821165791982247,0.11550546430927273,-0.061044683942528065,0.0,0.15763648789511772,0.44152190443240863,nm
6.22600245475769,137.50083893265023,0.18806134223649956,127.86385950717614,0.0,0.0,0.0,-0.08932295183904339,0.11915118765708062,-0.05935124276863509,0.0,0.16030647293080327,0.44152190443240863,nm
6.238876104354858,138.22898119656028,0.08543845285657461,127.38687923879138,-0.01927663934297305,0.0252247673115766,-4.734073378664014e-05,-0.09413730123223524,0.12513857257734015,-0.06116173704198884,0.03174712508916855,0.16811380641689194,0.44152190443240863,nm
6.248372793197632,138.9436189483654,0.0013003164492728604,126.93012359772787,0.03592403123837169,0.02700195820676539,-0.004005271735041515,-0.0964474464025831,0.12734202436974806,-0.06464944033153609,0.04511855459882256,0.1723300647691676,0.44152190443240863,nm
6.255854845046997,139.68152718890832,-0.07799009696965852,126.4019730235692,-0.015120332449107935,0.02050724150129215,3.4681413351600685e-05,-0.09208570185342461,0.12108895369279325,-0.06776000065133056,0.025478865951299667,0.16653446754507475,0.44152190443240863,nm
6.270073652267456,140.50066661784254,-0.15394268545918138,125.83751005376406,0.0,0.0,0.0,-0.09994114119176478,0.1390659919693418,-0.06810140874662338,0.0,0.18429699861474677,0.44152190443240863,nm
6.27661395072937,141.26748928946847,-0.21102714387616883,125.26347932894033,0.07923837274498377,0.05606624163949355,-0.008455037811659462,-0.10330002126143695,0.14966540747659038,-0.0668475901505191,0.09743526482361332,0.1937504294103085,0.44152190443240863,nm
6.283639430999756,142.03992071180045,-0.24406261851768926,124.68199099449227,0.020927908241473087,0.014378826876234768,0.01980924580172901,-0.09483687161594326,0.13529712202677635,-0.06581025093271486,0.03220456838607788,0.17784918491366275,0.44152190443240863,nm
6.296090602874756,142.87174329745528,-0.2852190100398547,124.15429521882598,0.01697434094798046,0.011422790018312085,0.015489282713296996,-0.100556483924575,0.144042717377109,-0.06423440828155547,0.025661766529083252,0.18704536908444586,0.44152190443240863,nm
6.316686391830444,144.5885661523176,-0.3897740648609055,123.13698934448372,0.04445331661581104,0.029026958547067352,-0.0008978822955536565,-0.10502809797308088,0.16005874216141805,-0.05623535579333045,0.05309866168987103,0.1995297410095569,0.4418999822988111,nm
6.335534334182739,145.49564779191653,-0.4408969620406037,122.64434454617218,0.018924354230557074,0.011982572665609046,0.015396209967456425,-0.10819949568861983,0.16269589854121488,-0.0568985557377091,0.027180075645446777,0.20350560659215788,0.4418999822988111,nm
6.3405187129974365,146.47335786020577,-0.517734551318627,122.10828157024105,0.0,0.0,0.0,-0.11086006598253312,0.17155398900665483,-0.05749375132503304,0.0,0.21219391323780187,0.4418999822988111,nm
6.34577751159668,147.4975371283113,-0.5989875402381927,121.54097469055026,0.027267895610575233,0.016487596912979446,0.020300617397693285,-0.1138666391156949,0.1886051878834534,-0.05701677011305379,0.03778219223022461,0.22757073729761804,0.4418999822988111,nm
6.361465215682983,148.49886805373612,-0.6596178680560667,120.96895109736472,0.05902054900128448,0.03553325021912366,-0.00846371847950454,-0.11424471133539724,0.19096033636741458,-0.059134224544856125,0.06940944896804888,0.23024891019543572,0.4418999822988111,nm
6.37359881401062,150.67324791497123,-0.7482339321256349,119.7518592242773,0.04038660355130231,0.022693137660028957,0.026022213784779386,-0.12256915529961186,0.2112232291340593,-0.058990749485434334,0.053133904933929436,0.25123367386067685,0.4422213484852532,nm
6.39166259765625,151.79836752231577,-0.8014164373022333,119.15366489890195,0.0920307013363979,0.05143970956351314,-0.00643779359584895,-0.1224242487764345,0.22412178289620205,-0.05281654889266508,0.10562735864741961,0.26078316298023907,0.4422213484852532,nm
6.393446445465088,152.96641818687257,-0.8516225783567587,118.57203016142634,0.04760423143961615,0.02545834855439641,0.027542339651608252,-0.12051299053953794,0.22118718953186012,-0.048339065901320546,0.06060421466827393,0.2564835647639006,0.4422213484852532,nm
6.397100925445557,154.2292357753705,-0.9099161259300306,118.01611493567104,0.03998807369057068,0.02088468603178094,0.021776876498843776,-0.12929952827591884,0.2346648464523378,-0.04646658899894721,0.050094395875930786,0.27192848704406,0.4422213484852532,nm
6.434439182281494,156.84550211756218,-1.0453867433035302,116.99725491912525,0.08349059867101845,0.04278761111038976,-0.012308384503885687,-0.13435063179583465,0.2569245061736459,-0.041389505397173613,0.09462006161525424,0.29287093623904437,0.34888814621246517,nm
6.435785531997681,158.23578463862606,-1.0776711961142298,116.41098517014042,0.03902836664276634,0.019019186747112036,0.017330132079095183,-0.13896221484949126,0.2593740531868627,-0.04357992354489788,0.04674693942070007,0.29746362190801884,0.34888814621246517,nm
6.43998646736145,159.71309135423922,-1.1109977726178062,115.81696949508806,0.07180795384585002,0.03490169673243241,-0.0075259846000003345,-0.14745284480177315,0.2843255165312956,-0.04538969892293916,0.08019445812853811,0.3234865770928354,0.34888814621246517,nm
6.445966720581055,161.2139514434379,-1.1353058320983858,115.25054874263505,0.09583524299741394,0.04582695730573249,-0.028615791594966803,-0.14749021902138706,0.29666468294791126,-0.044889138218703474,0.11001530504834943,0.33433266897744124,0.34888814621246517,nm
6.480802774429321,164.3836137075035,-1.1415818511595435,114.05128751265939,0.06327889795871637,0.0287643257850597,-0.023960136796959446,-0.15053103793830788,0.31198414078679304,-0.04233553169490834,0.07352342157481315,0.34897850181515244,0.26955492428059535,nm
6.489100933074951,167.7597229240452,-1.1625939808264896,112.99637844648896,0.06243970502852626,0.028122161234315414,-0.07360727103867833,-0.14959984467796092,0.33133962577358345,-0.03559795394981341,0.10053657576374705,0.3652851974291614,0.26955492428059535,nm
6.492192506790161,169.4834351089139,-1.1737254203826413,112.57113812872502,0.010934153639888778,0.006027981014923372,-0.06683840677591146,-0.14733550301073625,0.32799247502141865,-0.03355630286443562,0.06799459457397461,0.36112717923196025,0.26955492428059535,nm
6.520726203918457,173.04799759316037,-1.199739047130167,111.6504215586359,0.04057503512730559,0.01852170134712162,-0.10720686185570294,-0.14423874240198167,0.3365106630167352,-0.03435519158055895,0.11611502110115565,0.3677288679478467,0.20212168563850602,nm
6.532008171081543,174.7323460879631,-1.2071073987921683,111.11143020428487,0.007186168455032567,0.004843864630385676,-0.09161439336854292,-0.1345172372234023,0.31955209711833754,-0.0352758666766184,0.09202337265014648,0.3485008129871881,0.20212168563850602,nm
6.533298015594482,176.41473267075082,-1.2168369059482684,110.58723561649687,0.003283590122447165,0.002688576091675892,-0.06413345489586324,-0.13071748195364608,0.3153129406618281,-0.03726964826900832,0.06427371501922607,0.343363273107662,0.20212168563850602,nm
6.553786516189575,179.60584477696153,-1.2305722103122783,109.47680796380872,-4.730991707324519e-05,0.0015801984362390806,-0.07008796386896708,-0.11410058736183928,0.2919823412662139,-0.038117050563676265,0.07010579109191895,0.3157935103691816,-0.2,nm
6.571346998214722,-178.92184095696538,-1.2273753024079554,108.97664026698904,-0.0022816271479583843,0.001302520601356535,-0.09212014590306594,-0.11022023265614075,0.28438505133978276,-0.03736651773216022,0.09215760231018065,0.3072777469322055,-0.2,nm
6.580776691436768,-177.52084866265344,-1.2260994506298264,108.49257875918364,-0.004229188552523857,0.0005798397910228602,-0.08836818979710764,-0.10287580061830887,0.2716027900712275,-0.03571127571269743,0.0884712338447571,0.29262057538792724,-0.2,nm
6.582848787307739,-176.16813196891266,-1.2214856258826492,108.0187660729197,-0.0038205437848990906,-2.4273193921348976e-05,-0.054343433412650154,-0.0970334504140716,0.2611057094308764,-0.034297768415190465,0.054477572441101074,0.28065640722228913,-0.2,nm
6.593509674072266,-174.86440645275894,-1.2101234173528481,107.57017059803316,0.030362044626157592,0.011344531610411757,-0.07810091093862544,-0.09524540032697468,0.2585331226513346,-0.0334464077761539,0.08455947280336792,0.27754229224466753,-0.2,nm
6.6114397048950195,-172.4127346040076,-1.1823758446457668,106.6910269066608,0.036219788527926865,0.01156121173401581,-0.03253043632058882,-0.08463192543121108,0.2437080408902335,-0.033401881402375884,0.05003762569281612,0.26013815113890576,-0.24501349398456918,nm
6.629275321960449,-171.20263534951565,-1.1664425923630701,106.29023050065977,0.06610889981961988,0.02051684431018538,-0.05645130655693327,-0.0847269406842241,0.25126998163142183,-0.034189523976806115,0.08932008479504361,0.26736525895584057,-0.24501349398456918,nm
6.631436586380005,-169.93986392918612,-1.1721255807382873,105.85666371930381,0.075263614139517,0.023680545371308644,-0.10826097556410133,-0.08040907584439538,0.2466343881205555,-0.03407208766485619,0.13396200458531388,0.2616391561666414,-0.24501349398456918,nm
6.661181926727295,-167.7289860383759,-1.1733831083091883,104.99592447032909,-0.007799892249280571,-0.0013216930363202232,-0.03620415424539483,-0.06589608728124927,0.21452418257557432,-0.032228884036648676,0.03705841302871704,0.22671925413370633,-0.28327496387145296,nm
6.673285007476807,-166.5755523185025,-1.167143114343049,104.56950616221722,-0.01157521454920183,-0.0019768753409249457,-0.0490096912272383,-0.06790928933145861,0.22508060780418757,-0.03222261565054821,0.0503968596458435,0.2372999126556291,-0.28327496387145296,nm
6.676981210708618,-165.1754338016503,-1.1850026314160342,103.80847546327414,-0.21005261423642832,-0.052136721437059885,0.023938257176891457,-0.019035568491487086,0.053582547147765336,-0.022961438374108394,0.21774613343623428,0.0613243008834554,-0.28327496387145296,nm
6.6835949420928955,-164.69642600964744,-1.208446771081853,103.4584975099227,-0.26581156608529627,-0.06379063811772981,0.008230996319462197,-0.014527683555209956,0.04118248841007209,-0.024781340578232555,0.27348269319391305,0.050211211715914555,-0.28327496387145296,nm
6.714520454406738,-165.27108826920227,-1.3219446874611267,102.82388813553271,-0.2593387153554052,-0.05947947713272366,0.0188217802511844,0.03455655914470382,-0.1418521544444133,-0.026410396688102387,0.26673701822956253,0.14837014037085097,-0.289820265061118,nm
6.721538782119751,-166.04008733918312,-1.392927592519091,102.51922169201289,-0.20886159588880301,-0.0438530811074688,-0.10132963278381822,0.04387063714141749,-0.19444303317258388,-0.029185130859058023,0.23624976918494406,0.20145594509919237,-0.289820265061118,nm
6.723432302474976,-167.4464747492994,-1.4565241382048333,102.23846373967235,-0.10477230131825697,-0.016759490472971168,-0.22933116995603142,0.0610890817833356,-0.2682507015713238,-0.030428766022406607,0.2526873585240057,0.2767963594563427,-0.289820265061118,nm
6.749090671539307,-171.2891397117251,-1.5851872537909286,101.78277441205529,0.0002207865814553742,0.005028738927265028,-0.17625670515636954,0.08144846822814082,-0.3826715566730661,-0.026846810231834224,0.1763285656792243,0.39216339003395284,-0.2953837710723333,nm
6.759332180023193,-173.45420551891462,-1.6512521730668648,101.60395633512883,0.07546643081181072,0.020846091998684646,-0.18177919733958972,0.08837402250113842,-0.41768711922083923,-0.022796516086514368,0.19792275846025625,0.4275420196445234,-0.2953837710723333,nm
6.761637926101685,-175.79389660946097,-1.7290895953139844,101.44467647671895,0.06514614907591468,0.014209237966673128,-0.0331364589297843,0.09609146250799368,-0.45177399084929243,-0.01761758889125339,0.07445769331251222,0.46221606139679194,-0.2953837710723333,nm
6.769590139389038,-178.10633543601085,-1.7946715223561718,101.32361631967595,0.08290573756239672,0.01978038448597052,-0.09947181134313005,0.09133415857138723,-0.4471536120166555,-0.013557838489064071,0.13099338221093873,0.45658744643932175,-0.2953837710723333,nm
6.787821292877197,177.12128087069627,-1.9002358971202662,101.24415391285153,0.06527050970452368,0.017346070543351882,-0.12918387552786198,0.09233342425740979,-0.4711415416010282,-0.005850416555941937,0.14577242296395226,0.48013960556401747,-0.30011275118186637,nm
6.816933631896973,174.70485209175772,-1.9574974528052693,101.18829416959338,0.055582548898299895,0.014294337853615696,-0.0947323931623584,0.09182227289154961,-0.46820290035041884,-0.003659864765857858,0.11076088727963883,0.4771359138711095,-0.30011275118186637,nm
6.8238701820373535,169.59329307900148,-2.038893730136327,101.13549062392356,0.02397537838801965,0.009734946172592511,-0.13823732473557862,0.0953033502813339,-0.5122019383561622,0.002823768635266075,0.1406383514404297,0.5210005066215981,-0.30011275118186637,nm
6.827423572540283,166.88133210916774,-2.074049150246252,101.13690010620806,-0.004290562535919029,0.0055844338063608945,-0.17418315793115582,0.09768841076425969,-0.5272281267693961,0.0062909307832257665,0.17432546381605366,0.5362388451655964,-0.30011275118186637,nm
6.844104290008545,161.02301152613566,-2.09779362396896,101.27604492247406,0.026706828458397707,0.014150746054847011,-0.23629511734536363,0.10539623944319956,-0.5962853576504078,0.013874265316823231,0.23822023587737928,0.6056872875297323,-0.3041323842749694,nm
6.856544256210327,157.8190868802723,-2.087329900502392,101.39835640949104,-0.03124671365056611,0.0008246899609652823,-0.1916126525390016,0.10986592990302418,-0.6251264045443496,0.01576195966129349,0.19414542446456043,0.6349031292916789,-0.3041323842749694,nm
6.868679523468018,154.564545527374,-2.0688436883454777,101.51148753208547,0.07876038206419297,0.025981509980563873,-0.2696589674210425,0.11151885492149553,-0.6351349306729215,0.015343411363979828,0.28212443239526536,0.6450335304743333,-0.3041323842749694,nm
6.875300884246826,151.10497263995225,-2.038860460970339,101.64018743131857,0.12953498268970048,0.035505909330033156,-0.24269971014347308,0.11892040880542365,-0.6755163892776219,0.014286597119060518,0.27738624811172485,0.686052886205114,-0.3041323842749694,nm
6.897710561752319,143.77612504228813,-1.9615062461293797,102.00927768244894,0.13365698662015751,0.03502567374421753,-0.18830461887345382,0.13190331783480835,-0.7226962633481525,0.009434373327233125,0.23355859518051147,0.7346954346620714,-0.307549072404107,nm
6.910560369491577,139.93750054935987,-1.9188145687934128,102.24996450242983,0.14526778078315392,0.037650040133043024,-0.17820654295401725,0.14014210060632942,-0.7487451012558572,0.007606877431369612,0.2329760193824768,0.7617853369560577,-0.307549072404107,nm
6.917038202285767,135.97136131320087,-1.8650500011008888,102.60806180963935,0.14848827025485528,0.03850227645855851,-0.15851641147180984,0.14848186192190077,-0.7731760311352499,0.005983972262114261,0.22058704495429993,0.7873270263149139,-0.307549072404107,nm
6.92041015625,131.92827390884005,-1.7981800062380369,102.96782616800613,0.16170719746543014,0.04206778011474303,-0.14993634042264212,0.1545602900369179,-0.7877480519219997,0.005121939674068303,0.22449904680252078,0.802783975194589,-0.307549072404107,nm
6.955860376358032,123.57878905322863,-1.6135407888375848,103.58467922192439,0.16891178449659228,0.044173258649191194,-0.11583950259629072,0.16515202431054057,-0.8211807757739741,0.0038257497318167815,0.2095262706279755,0.8376321949373876,-0.31045325731387396,nm
6.95850944519043,119.25754405318963,-1.4919188010855886,103.95971757772999,0.22189489204412266,0.05751140102304648,-0.08765620138768068,0.17243515804988263,-0.8413246870388,0.0015837437945983564,0.2454149832520911,0.8588152426436257,-0.31045325731387396,nm
6.959954261779785,114.80860961116959,-1.3575820405693952,104.33748296830218,0.1902309600209824,0.05084748221907179,-0.09098978739424535,0.1825435920328462,-0.8654321257260774,-0.0009827252539888105,0.2169157117605209,0.8844749250148,-0.31045325731387396,nm
6.981135368347168,105.60808477865086,-1.0715943485225488,105.09106028453844,0.2489088780310128,0.06754594358780981,-0.022032364136086127,0.20437188429538866,-0.9052136199338819,-0.006074161103348084,0.2588503604927957,0.9280174891872242,-0.3663578358849491,nm
6.995724678039551,100.82783836285829,-0.9127398281101332,105.50674053318556,0.23065995138204656,0.06376758641512359,0.013869009642715258,0.21583728224282914,-0.926193700929098,-0.008912192926726705,0.23971372025240456,0.9510520128938655,-0.3663578358849491,nm
7.001276731491089,95.9616322784759,-0.7410966348502551,105.9146546686076,0.26798019478891516,0.075573473846147,0.062211799361230675,0.22574131314585064,-0.9416548060557858,-0.01116750885425278,0.28529816460685686,0.9683995185267197,-0.3663578358849491,nm
7.011195421218872,91.00394744782638,-0.5522354561918318,106.38328885691271,0.23945310031071376,0.06930176123618287,0.1092151318496468,0.23635881614676482,-0.958079595308476,-0.011538710143593627,0.27215522479604426,0.9868713911896175,-0.3663578358849491,nm
7.033301830291748,80.81869527861913,-0.11560572001911301,107.3128203248708,0.22272921041503005,0.06895662222134218,0.2226105800911419,0.2580812506146999,-0.9917151525903063,-0.015340656527540056,0.32236437037736404,1.0248610693839229,-0.41387672767036293,nm
7.0469443798065186,75.62799914280997,0.12395978324010945,107.73613003259224,0.20478187259455383,0.06613784245581927,0.2823261257062109,0.26727792794087707,-0.9987642762594673,-0.01696052567975124,0.354989958737317,1.0340479823140702,-0.41387672767036293,nm
7.0482587814331055,70.37453230516817,0.3735964259825549,108.15190759903993,0.17179079545384437,0.05857915587242908,0.3289026043661552,0.2778488177435342,-1.0089884912940392,-0.0174915345065767,0.3756601097591153,1.0466917859927514,-0.41387672767036293,nm
7.055479288101196,65.13389095156498,0.621178313234077,108.54654589436817,0.12482830045946368,0.0458498482622286,0.3471588419591059,0.28573715040720643,-1.0040622682624427,-0.019089260796533777,0.37175741382204475,1.0441030397182598,-0.41387672767036293,nm
7.092803716659546,54.6679156534176,1.1118334287475555,109.41844777557381,0.05588076022794547,0.028013575194222706,0.40405095142459213,0.30427162334774166,-0.9998565252545385,-0.01768007733608234,0.40885766607211077,1.045278372972176,-0.4542677856879647,nm
7.0988616943359375,44.295371722004084,1.596502273861999,110.33493776795076,0.011245088405432988,0.016194327750739822,0.4046185493614303,0.3170639101787016,-0.9767594907554702,-0.0163132439960162,0.40509860373974704,1.0270612191336828,-0.4542677856879647,nm
7.100736379623413,39.19041854898443,1.8436160918858395,110.15821384608574,-0.028942715871128878,0.0017923169122970944,0.3621374860726505,0.31051126203312335,-0.9677397729492723,-0.01611968852098422,0.3632966446596089,1.0164631603532543,-0.4542677856879647,nm
7.127930402755737,29.24786691368728,2.365036374616652,109.72206622702072,-0.06436481910748545,-0.006841821180679059,0.3699638896678722,0.2905608224953327,-0.9404947600559397,-0.018400524744729845,0.37558343961627116,0.9845275844651207,-0.35912761783477,nm
7.1383631229400635,24.383663296854714,2.6381675990152673,109.46074933405707,-0.0757793165898562,-0.012027046255244523,0.3018141374329023,0.2807509266925396,-0.9262974769911716,-0.01943664359752827,0.3114143995046123,0.968104272190381,-0.35912761783477,nm
7.141868591308594,19.686409162646257,2.903280332320058,109.18199963934818,-0.08734170302709013,-0.01639780769047033,0.260483224911178,0.2674791068300447,-0.8951401205862305,-0.019271632656756695,0.27522531069081085,0.9344475929119764,-0.35912761783477,nm
7.158155679702759,10.805389955856704,3.388238239275951,108.63803099622974,-0.12570388641183483,0.0012305955521193137,0.16067913252486518,0.24313125672679545,-0.8284075121940521,-0.010427634210273925,0.20401167871814485,0.8634121552377594,-0.2782584751595545,nm
7.175764799118042,6.722395503029555,3.6105140819222146,108.40701445188945,-0.14978873818816255,-0.009825739484060871,0.12107766879242089,0.22549030504206924,-0.7784751542768283,-0.0030716434142230163,0.1928549017386328,0.8104806465842113,-0.2782584751595545,nm
7.182447195053101,2.963421982715042,3.8191493717616125,108.2089783812371,-0.16373259653941896,-0.05034046038375128,0.05009636431650882,0.20512881284036527,-0.7166670789211094,0.00309972056305073,0.17847176482267596,0.7454523057407376,-0.2782584751595545,nm
7.193484544754028,-0.41320613549263063,4.018901577509856,108.03636922429126,-0.2442268333349448,-0.07464661991637413,0.0660301438218413,0.1809707236951183,-0.6439004838132918,0.006286141196650176,0.26377802008296214,0.6688779795006488,-0.2782584751595545,nm
7.201631784439087,-3.580828640180738,4.218870815245575,107.86355134347532,-0.22340034065751527,-0.07313641887032661,-0.014670202920157447,0.16630557661201495,-0.6044888443299709,0.006219079042302464,0.23552465438842773,0.6269792537841846,-0.2782584751595545,nm
7.21554160118103,-8.804964673248634,4.60733702974473,107.52924322794328,-0.124378478233411,-0.049326086322020145,-0.11879934312720229,0.11609170178651469,-0.45072337545985924,0.001504272685074624,0.1789311391763916,0.4654364696131249,-0.2095197038856213,nm
7.223780393600464,-10.865798028980056,4.7835675312572965,107.37902337813486,-0.14183820661710042,-0.016425422084194993,-0.07534498797194898,0.09960631723626776,-0.3931255109951344,0.00044479265188339894,0.1614457759109614,0.4055481274387304,-0.2095197038856213,nm
7.235994815826416,-12.716071399195421,4.955168186323289,107.24521888963449,-0.03119116865502924,0.02384791732099702,-0.16733079455379907,0.08705457999917705,-0.35284579564405094,0.0017785268192256228,0.17187555663508788,0.36343062413638616,-0.2095197038856213,nm
7.244352102279663,-14.159431884751502,5.122663053601466,107.1573541905154,-0.024975362583518807,0.022748967576332765,-0.14515276887101466,0.06317123105201596,-0.2751189349322497,0.0052066512599981615,0.14903224675515522,0.28232630413800597,-0.2095197038856213,nm
7.262358665466309,-16.244939803970855,5.440892707423321,107.11197862221692,-0.02236608472807147,0.016809451802955355,-0.14202319357050075,0.035421890486078314,-0.18018801695007397,0.01457405916882513,0.1447528477369032,0.18421410092244372,0.2,nm
7.288615942001343,-16.908694143673305,5.603334660132533,107.13911561818048,-0.011141633862822374,0.013213965251756716,-0.15057387885921403,0.018015666179389763,-0.1261501515372997,0.016185373899424555,0.15156265330719532,0.12845384886812486,0.2,nm
7.295418739318848,-17.288660371576203,5.765672708260243,107.18867369763795,-0.002867682328328859,-0.018472406132664616,-0.16638351319500785,0.0014303694790476012,-0.07207032593046239,0.015485161381228333,0.16743036419174293,0.07372901775808732,0.2,nm
7.297245502471924,-17.31987007768236,5.922334777586076,107.25700261444702,-0.018164484098862562,-0.027173046660156863,-0.19821064648288472,0.0,0.0,0.0,0.20088748922353525,0.0,0.2,nm
7.300626993179321,-16.98447835513943,6.076138155447767,107.34201114771031,-0.13036168465824471,-0.029951618779245653,-0.1520232633271564,-0.03914067651649282,0.06445858045315088,0.007928516158232155,0.20249034763926607,0.07582718853205231,0.2,nm
7.319910049438477,-15.299876521272326,6.365071376989082,107.5821328239216,-0.17665442764688158,-0.03475058318326257,-0.16928832158060633,-0.08175438925610262,0.20633023370956297,0.0017229833206802358,0.24712937029499943,0.2219434932067272,0.2,nm
7.329928636550903,-13.968007558058481,6.498395967014225,107.75303077252683,-0.1739499183842784,-0.02857299348062657,-0.14367919975009863,-0.09586264624794416,0.2541889764908526,0.0015691164374969022,0.2274174630567534,0.2716691827232528,0.2,nm
7.344604015350342,-12.25213465482263,6.630227871232216,107.96733855237306,-0.033908858979772166,-0.006412830166960474,-0.2988838109232487,-0.1198863897282715,0.3265228903911197,0.0004707174102848797,0.3008695191275857,0.3478364069017654,0.2,nm
7.351191997528076,-9.86397632851096,6.749536449716883,108.24185841337349,-0.29040844382082553,-0.09449719914717906,0.009785504861746199,-0.1604981916548786,0.4536732530835399,-0.004430523725924401,0.3055528448476539,0.48124704635807763,0.2,nm
7.360821008682251,-7.398039662990036,6.847463599051931,108.52818367747544,-0.2236549273192886,-0.07882754759331019,-0.03056754766292582,-0.16360761031346316,0.46869595941552494,-0.005344552252112148,0.23910182714462283,0.4964593807792305,0.2,nm
7.3767523765563965,-1.3501636270731086,7.023744423553299,109.17723904201107,-0.21405090255251658,-0.053074728795293014,0.16382779887605844,-0.2089939426002982,0.5917225465902199,-0.01656081268687753,0.2747257967589049,0.6277645264776289,0.2,nm
7.389908790588379,1.7294890758742567,7.093475427380337,109.49763415903287,-0.08868260725472042,-0.012190362716535811,0.14551561939849358,-0.2069184878871162,0.5821164578705336,-0.01775537958574743,0.17084497435272405,0.6180534642387027,0.2,nm
7.4050612449646,4.926829570497191,7.167187812394877,109.8301011520032,0.0048409391023507015,0.018307919521532354,0.12389983248215279,-0.21908606146194756,0.6023984034464436,-0.019667645969443835,0.12533867359161377,0.6413028575483753,0.2,nm
7.411395788192749,8.202928601358419,7.2390151866582695,110.17700543685656,0.005351007466515107,0.0009554410419879445,0.2667064018338881,-0.2279243038398984,0.6156174262630624,-0.020191340635274387,0.26676178685799584,0.6567663161553804,0.2,nm
7.414754629135132,11.26990279077218,7.30048042401625,110.51942828006977,0.08951909982249076,0.051919391336874475,0.13462182979295942,-0.2155216612827193,0.575721672740128,-0.017114155961037728,0.16980085243197432,0.6149779876377796,0.2,nm
7.437337636947632,17.099753631009538,7.434165767698963,111.21611348360487,0.10860275393641451,0.06342067701646834,0.15189828932082725,-0.20579473987958002,0.525869961263461,-0.01247798858710556,0.19720504743640396,0.5648419171064749,0.2,nm
7.452380180358887,19.67761779078473,7.477481436758429,111.54500695745001,0.12622061387175681,0.06444852958143761,0.10356531917205064,-0.187988594183067,0.4817925906680174,-0.010545956388899977,0.17553071431114636,0.5172765499823883,0.2,nm
7.459649324417114,22.09399305863646,7.509575135418672,111.8637467563365,0.11126118632947836,0.058600142790937386,0.09824892180402624,-0.1770745966646086,0.4515396173028502,-0.009078541450950404,0.15958032132507696,0.4851039668904129,0.2,nm
7.468419790267944,24.31006578289169,7.535597903313269,112.1711397707002,0.08775464557907235,0.0523602812932445,0.11620738090332698,-0.16380627785052818,0.4139542031196336,-0.006680220209389925,0.15474699433018793,0.445236121946211,0.2,nm
7.483290910720825,28.03341532647411,7.543930775140873,112.7279128605644,0.05758663748534959,0.032398105490337205,0.057640502456185676,-0.14120327788432063,0.3561207752864959,-0.0030570062878791256,0.08768286936245663,0.38310536091704034,-0.2,nm
7.501895427703857,29.81526834652642,7.557231871190422,113.0164261360927,0.04897292985628195,0.03550512018408682,0.1019869222236811,-0.13492848863977688,0.3325592803264465,-2.1158936530445137e-05,0.11857610940933228,0.3588890809505898,-0.2,nm
7.503157138824463,31.358713892869364,7.574965665786845,113.29799996853598,0.06385680319312119,0.04555481522267433,0.12470736856282959,-0.11902556747923114,0.28788336066521786,0.004578063926006015,0.14732569456100464,0.3115523611384826,-0.2,nm
7.512792348861694,32.475618589440025,7.597564475578335,113.55539951468658,0.12472468640498867,0.06578032271294637,0.07837970100223429,-0.10023610444030046,0.23514377878845513,0.010769691126558569,0.16132785185528808,0.2558434278679877,-0.2,nm
7.522231340408325,33.24729411867132,7.636804756372525,113.80006629578416,0.18129559125051836,0.07663990250775105,-0.022663618405103145,-0.08204432070116266,0.18508658513788867,0.01714416540827211,0.19812976975327243,0.20318030653797708,-0.2,nm
7.532189846038818,33.768033591936344,7.671163074067429,114.03463301162073,0.21783025821073856,0.0978502555777542,0.004801777599745321,-0.06606115539013732,0.14610052624313188,0.021655639873213332,0.2388467102074179,0.1617974250670209,-0.2,nm
7.541415214538574,33.845960086251104,7.7035014987640995,114.24359146649597,0.24873784439799043,0.10915578405600897,-0.0192717370530528,-0.03497399309526215,0.0727907123804197,0.028312421620204642,0.2723176459168281,0.08557605517828373,-0.2,nm
7.549723386764526,33.457476921362016,7.752406295390597,114.42849948059606,0.2720230388721891,0.11118518919476245,-0.08275098280515106,0.0,0.0,0.0,0.3052972406176545,0.0,-0.2,nm
7.579839468002319,30.34299683762683,7.896199210073142,114.88719646924882,0.17850025506459075,0.07881035321955422,-0.02615072898127509,0.08645154304843194,-0.20459235317863433,0.054025430325627885,0.1968686705876965,0.22858400511955163,-0.209892431837523,nm
7.590909957885742,28.8525903271166,7.95408008790558,115.03051356786686,0.10648353468450564,0.06050599015498975,0.06992480368589545,0.10425852496301419,-0.24391493868394754,0.058950694430749205,0.14102906145207464,0.27173428512891945,-0.209892431837523,nm
7.601456165313721,27.185359820627703,8.009563157951037,115.1679531998547,0.0351156192319966,0.02982933607295093,0.08573428194348857,0.12730939453478904,-0.2898041271814458,0.06320686725609952,0.09733068943023682,0.32278355307627493,-0.209892431837523,nm
7.616229057312012,23.66388150027263,8.14997847239129,115.44427743892238,-0.09154205759072777,-0.024019541086884425,0.12317314064272976,0.1403823796568949,-0.31658751958502046,0.06748677254795744,0.15533354189537538,0.35283046147415903,-0.21830099889941756,nm
7.631375074386597,21.988922749857384,8.210434428902248,115.59214281071591,-0.13110818781349093,-0.0537493303042593,0.056537480894379,0.14584062585542334,-0.3233934092430683,0.06742360558672116,0.15256091952323914,0.36110764029866493,-0.21830099889941756,nm
7.63424015045166,20.407260099391973,8.255309295913897,115.7384215974263,-0.13561428578465207,-0.056674824708249825,0.05403909620760837,0.14150833706941188,-0.3087030066308367,0.06495352726819847,0.15659978985786438,0.3457471857696738,-0.21830099889941756,nm
7.659536123275757,17.571924662555908,8.35160947436619,116.03236686593121,-0.12718434520084734,-0.060970851633896185,0.007039192797728422,0.12807347568945499,-0.2726365782750807,0.05994572613092763,0.14121916530122416,0.30712702432395267,-0.22544828090202793,nm
7.672643661499023,16.357820170249877,8.385993253778103,116.1804126681123,-0.11394429517874313,-0.050087472911046566,0.036109432211958004,0.11438154786246488,-0.2373965543049274,0.05602777190888565,0.1295991837978363,0.2694055933204428,-0.22544828090202793,nm
7.674580812454224,15.246446310866926,8.416682709738602,116.32882260762595,-0.10676519113839217,-0.043159815486820755,0.058596136547834736,0.10522328053565816,-0.21440507459045172,0.05342336847433151,0.12920945371762207,0.24473563507582458,-0.22544828090202793,nm
7.681264638900757,14.109924082561205,8.447347847535205,116.46893835634714,-0.06056949559797636,-0.027417184178632363,0.016519763388876365,0.10461908021496133,-0.21028491060294519,0.05281593163899407,0.06850743293762207,0.24073723892910306,-0.22544828090202793,nm
7.705163240432739,12.029321400710447,8.508381245692819,116.75007943668074,-0.02993744237180061,-0.013924623729813188,0.006954827991856696,0.09139816176537316,-0.17834103579794436,0.04993658176981647,0.033741891384124756,0.20652557038397584,-0.23152347060424674,nm
7.719817876815796,11.032821819519691,8.541303401159002,116.88962930618102,0.0,0.0,0.0,0.08967659709410022,-0.17399174081302507,0.04945822212149922,0.0,0.20189386734852555,-0.23152347060424674,nm
7.725808143615723,10.113273313183086,8.570802768021478,117.03092804753092,-0.0248132911367986,-0.011839713720262806,0.0048473870145195165,0.08402236883571353,-0.1618680754005013,0.04778462644218076,0.027917295694351196,0.1885322328485127,-0.23152347060424674,nm
7.7289745807647705,9.288596867088073,8.592984980073686,117.1769835209973,-0.054396834882727764,-0.020455430758746253,0.04399489940148505,0.07942168172993329,-0.15041290290142498,0.04613123756977238,0.07289027003744328,0.17623829313677292,-0.23152347060424674,nm
7.7506935596466064,7.572618187144191,8.614600173529784,117.44639284983462,-0.03036622588612501,-0.01501162365544108,0.004451610291888888,0.08741815798882809,-0.1585097789267164,0.04543076130302823,0.034165382385253906,0.18663129007250884,-0.23668738185113272,nm
7.758763074874878,6.725395246602921,8.621371299840616,117.58063179021127,0.0,0.0,0.0,0.08239224572149019,-0.1455322558734086,0.04502098408561732,0.0,0.17319067140776115,-0.23668738185113272,nm
7.7709410190582275,5.880397762175312,8.628899785580971,117.72081639147325,0.0007958461129458297,0.006726389415341484,0.03679804087016377,0.08212438384139686,-0.1423856681240679,0.04633234722494951,0.03741621971130371,0.17077698705574934,-0.23668738185113272,nm
7.794867277145386,4.174489051811872,8.643490542313208,118.00844292051515,-0.00023877675603819194,0.006497974031810827,0.0384774882837506,0.07882292804466191,-0.13430837749906044,0.047357307152211515,0.03902304172515869,0.1627713389779447,-0.2410767064109858,nm
7.802319288253784,3.3619041768555658,8.649884991315187,118.1568621870454,-0.024916202943826408,-0.003334196108529914,0.05796499993388692,0.08193408494638597,-0.13778413448533566,0.04755727390181102,0.06318128876624464,0.1672105148991729,-0.2410767064109858,nm
7.814799547195435,2.5060222033841995,8.660343325625394,118.29686947728473,0.0,0.0,0.0,0.08453694575281413,-0.1420542881149199,0.04736865200499207,0.0,0.17195844021687612,-0.2410767064109858,nm
7.817645311355591,1.753824802526584,8.666838517849499,118.44211524785676,-0.03934088239416478,-0.012881729875789134,0.04861285308934324,0.07818056765348122,-0.13032614858651936,0.04545390100283393,0.06385024258082636,0.15862901147139355,-0.2410767064109858,nm
7.839763641357422,0.26079999175857116,8.670753062065335,118.71988725461384,-0.029017936661932996,-0.015874068428292087,0.0001488365693061826,0.07680830614466769,-0.1230630916723656,0.04361260972566294,0.03307640925049782,0.15147970211172535,-0.24480763228686092,nm
7.849467754364014,-0.35052604765786916,8.671951516117343,118.86956413423118,-0.048433005952155335,-0.02676118397509021,-0.00033466174714805186,0.06865880155508401,-0.10771188934096229,0.04253928759762256,0.055335603654384606,0.13463087731160842,-0.24480763228686092,nm
7.862120151519775,-0.9213009429722328,8.665118220235787,119.02337811298437,-0.04924373092157625,-0.027478762475630036,-0.000896488737163298,0.06613243709642455,-0.10020357332715607,0.04225007264017383,0.05639885738492013,0.1272765649361392,-0.24480763228686092,nm
7.864568710327148,-1.4402147852865212,8.659118753481785,119.18130912674604,-0.04267909120363333,-0.0240466517576295,-0.0012175784696319232,0.06109557121036055,-0.0893650093448328,0.04160706355998754,0.04900233447551728,0.1159737964145657,-0.24480763228686092,nm
7.883732795715332,-2.4097400892980585,8.65655495018424,119.4966684895063,0.0,0.0,0.0,0.05312008921222965,-0.07421092046424195,0.04039636251180063,0.0,0.09980416172810677,-0.2385988204811234,nm
7.9026641845703125,-2.8056689248301008,8.651838948238101,119.65880404195599,0.0,0.0,0.0,0.046044386367080616,-0.05984334281421504,0.03901550472071997,0.0,0.0849912983999726,-0.2385988204811234,nm
7.903977155685425,-3.188055848059204,8.644748395722027,119.82039875182578,0.0,0.0,0.0,0.043775231305766986,-0.05637724349658314,0.03857033172970062,0.0,0.08113159033253063,-0.2385988204811234,nm
7.909953832626343,-3.5519456579088713,8.648077220805648,119.98053418762196,0.0,0.0,0.0,0.040484263356891696,-0.050909888256518696,0.037798027104631725,0.0,0.07522953645240583,-0.2385988204811234,nm
7.93108868598938,-4.142043652125569,8.628195491206103,120.31019461000581,0.0,0.0,0.0,0.03591645971299174,-0.039055475165543065,0.03666167709546331,0.0,0.06449341661110325,-0.23332133044624653,nm
7.945296764373779,-4.382863817499247,8.612901585019811,120.48197646397666,0.0,0.0,0.0,0.032645960129551226,-0.03252183649339261,0.03657677287021969,0.0,0.05883271942790721,-0.23332133044624653,nm
7.9517457485198975,-4.625006007323568,8.596034282468933,120.65828116961485,0.0,0.0,0.0,0.03213898372778937,-0.030269029128300644,0.03755879063428916,0.0,0.057963705483133066,-0.23332133044624653,nm
7.961082696914673,-4.819777957357521,8.576079035477816,120.84491777901816,0.0,0.0,0.0,0.028076965575226664,-0.021398792413363194,0.038243031052947934,0.0,0.052045688935582486,-0.23332133044624653,nm
7.9775941371917725,-5.097398557676691,8.52990365673428,121.24728610149722,0.0,0.0,0.0,0.0,0.0,0.0,0.0,0.0,-0.22883546391660117,nm
7.996503829956055,-5.163195244000533,8.508509028070637,121.46106185537924,0.0,0.0,0.0,0.0,0.0,0.0,0.0,0.0,-0.22883546391660117,nm
7.998311758041382,-5.210895840194349,8.48054733653428,121.6776236534217,0.0,0.0,0.0,0.0,0.0,0.0,0.0,0.0,-0.22883546391660117,nm
8.007455825805664,-5.246711842233842,8.45787389763923,121.89448673870044,0.0,0.0,0.0,0.0,0.0,0.0,0.0,0.0,-0.22883546391660117,nm
8.025389432907104,-5.202220178690859,8.390153088322194,122.34800962615942,0.0,0.0,0.0,0.0,0.0,0.0,0.0,0.0,-0.22502247736640263,nm
8.033310651779175,-5.126750344196193,8.350820092455757,122.58747239425549,0.0,0.0,0.0,0.0,0.0,0.0,0.0,0.0,-0.22502247736640263,nm
8.045880556106567,-5.006364578349958,8.31233973563443,122.83973078419932,0.0,0.0,0.0,0.00026381860257908486,0.0316967509285434,0.042139413191202325,0.0,0.05273029265782678,-0.22502247736640263,nm
8.079927444458008,-4.738860586392588,8.215232263943633,123.36465120565711,0.0,0.0,0.0,-0.00033900776384223735,0.035799558239572676,0.044287621331526576,0.0,0.05694836871778848,-0.22178143879873385,nm
8.086413621902466,-4.579616543329732,8.168017245696099,123.6325182892587,0.0,0.0,0.0,-0.004376685233086057,0.04220221629317245,0.04414007317328274,0.0,0.06122522758984223,-0.22178143879873385,nm
8.087634801864624,-4.403730756181205,8.113830507335908,123.90297110180059,0.0,0.0,0.0,-0.005113294091599114,0.04533881314502813,0.044187365958770236,0.0,0.06351595913029452,-0.22178143879873385,nm
8.089461326599121,-4.263166729911849,8.061937814733438,124.16865850194957,0.0,0.0,0.0,-0.004079044232105168,0.04302283075168406,0.044235238587078105,0.0,0.06184140118554273,-0.22178143879873385,nm
8.122129440307617,-3.9014255092009993,7.94980074986032,124.71278657878378,-0.0051995909874689855,0.0028868552446817534,0.038196306702705005,-0.00882983294561481,0.05006995793050699,0.04463359899682804,0.038656532764434814,0.06765445141614744,-0.2190265560162154,nm
8.132458448410034,-3.7454345160890465,7.8830466378905575,124.9906186383113,0.0,0.0,0.0,-0.00520297091923759,0.046038373877860854,0.0462392013005099,0.0,0.06545736408237969,-0.2190265560162154,nm
8.134248495101929,-3.566939310699002,7.817111885743627,125.2761104912624,0.0,0.0,0.0,-0.008140057410545964,0.04994432360578937,0.047164050448315814,0.0,0.06917473274092262,-0.2190265560162154,nm
8.13777494430542,-3.334403171382487,7.7483650063983545,125.57227804968792,-0.0032465205372329896,0.0019550796825984493,0.025567375486120387,-0.011101244693841768,0.055275258665567956,0.04783429921314076,0.025846719741821293,0.07393721684990769,-0.2190265560162154,nm
8.160567045211792,-2.844750310503733,7.597388165666358,126.16821076222017,0.0,0.0,0.0,-0.014010824390302325,0.06156080525719527,0.04762261628256307,0.0,0.07908191655243602,-0.2166849056510747,nm
8.167220115661621,-2.513239510483597,7.521251608400521,126.46944867993251,0.0,0.0,0.0,-0.018955752712770297,0.06895382142961239,0.04627216770752029,0.0,0.08517666085852071,-0.2166849056510747,nm
8.181326389312744,-2.1562414578747666,7.43813413944671,126.76920161968535,0.0,0.0,0.0,-0.020905119170710723,0.07378847601467153,0.045339078231253035,0.0,0.08909206033631199,-0.2166849056510747,nm
8.199634075164795,-1.7512565659312762,7.349442093461776,127.07013269651374,-0.020413657610721676,-0.015547787229639249,-0.0007781048911959982,-0.02605515579185951,0.08126600433622864,0.04437364751145056,0.02567209675908089,0.09618760417842033,-0.2166849056510747,nm
8.201406717300415,-1.3289584288167244,7.256362198543959,127.37276936382017,-0.002982392929596753,0.00270615297671075,0.031107591051052135,-0.028010564974700822,0.08508029265231694,0.04432204701561406,0.03136718273162842,0.09993844005016354,-0.2166849056510747,nm
8.21414566040039,-0.45778135938887055,7.048457034269177,127.99268160121149,0.0,0.0,0.0,-0.03349312426633534,0.09537918486927728,0.04614461458897767,0.0,0.11112292173540636,-0.2111821698034135,nm
8.233175039291382,-0.01568626610486497,6.939334262116079,128.31345958920008,-0.002504778217724571,0.003155342894975617,0.033100422713673666,-0.03377071090562342,0.09515052097081526,0.04769691827367176,0.033344686031341546,0.11166502840591619,-0.2111821698034135,nm
8.240090608596802,0.4022167863547758,6.823904590729935,128.6365439561093,-0.003030299208754141,0.0042869366625729695,0.043794197805619266,-0.03192911661368789,0.0939614832055928,0.04884207495131717,0.04410773515701294,0.11060640623162594,-0.2111821698034135,nm
8.246817827224731,0.8169454211426784,6.700191371506592,128.961722147415,-0.0029786660950215475,0.004767999736989538,0.0475025156012812,-0.03094322769571344,0.09493089187220105,0.04944025929314273,0.047834038734436035,0.11141677077914923,-0.2111821698034135,nm
8.251109600067139,1.222067564798191,6.569575426910378,129.28612921519505,-0.002462458613553739,0.004493250693825959,0.04373656942196297,-0.028630724614120518,0.09277643555937949,0.049623195567809975,0.04403567314147949,0.10903965758105817,-0.2111821698034135,nm
8.274215698242188,1.9614027603893163,6.297317441133766,129.92670970743688,-0.0011920198308846143,0.0028654065394758546,0.026844877343880587,-0.023592172214901248,0.08738804741391569,0.04970979891441997,0.027023673057556156,0.10326822129167522,-0.20650484433290148,nm
8.293760299682617,2.6206714877017356,6.001924156972418,130.56145507391278,-0.0015657150047151624,0.00514679534003357,0.0468734854196614,-0.01869241351881466,0.08232078786261833,0.05041606103834485,0.04718118906021118,0.098325467952625,-0.20650484433290148,nm
8.300461530685425,2.942858504881343,5.836539360498398,130.880022657702,-0.0014185000257358955,0.005663167567247118,0.050970067300601496,-0.015987731481404352,0.08214039580027223,0.0509087898449842,0.05130332708358765,0.09795078898930643,-0.20650484433290148,nm
8.326042413711548,3.5829295704022135,5.498365041614465,131.52108171680166,-0.0006298332639732984,0.004287528342686408,0.03768572260101697,-0.014125685320053653,0.08227277529636927,0.051691604573911365,0.037934064865112305,0.09818536817751239,-0.20252911768296625,nm
8.337324619293213,3.903688575557714,5.324909207030248,131.84002501917033,-0.000540945171943159,0.005604395095676627,0.04866838136719046,-0.011838272575250145,0.08096881497821758,0.05143489666459681,0.04899299144744873,0.09665217168507133,-0.20252911768296625,nm
8.344956636428833,4.206112192056756,5.148421666467316,132.1561312202108,-0.00024330775252199443,0.004939464268921063,0.042453203528760655,-0.009482906827091778,0.07921982732280718,0.051356111940037544,0.04274028539657593,0.09488496612501032,-0.20252911768296625,nm
8.347642183303833,4.505668984959756,4.968630430656183,132.55302521976586,-3.787120775762188e-05,0.008477918883561824,0.07213137743445558,-0.008406153589784278,0.07837974202215924,0.05115002868081148,0.07262790203094482,0.09397006338022293,-0.20252911768296625,nm
8.356178760528564,4.763835062169488,4.785145809105881,132.9234198525671,0.00016090924217521205,0.004499437381020293,0.03804979007519514,-0.004332745962601702,0.07430815026151011,0.05120112023067314,0.03831523656845092,0.090343946093468,-0.20252911768296625,nm
8.378644704818726,5.284646047538608,4.4149207262683055,133.78073168265496,0.0005294298789948943,0.004682316785222691,0.03904123888090803,-0.002563119897523865,0.07044288964286124,0.05170713989131618,0.03932458162307739,0.08742081331459661,-0.2,nm
8.387007236480713,5.4713115721478225,4.225176109427443,134.26029901127768,0.0,0.0,0.0,0.0019294752348016705,0.06565315545962623,0.05221646580518335,0.0,0.08390839646704878,-0.2,nm
8.399105310440063,5.698141429173554,4.028531234577869,134.68396462026433,0.0008366470042352758,0.004665061053899759,0.03874232489130025,-0.0016120158776782576,0.06953821628537324,0.05246522745682953,0.039031147956848145,0.0871249804099725,-0.2,nm
8.404307842254639,5.893567926201923,3.8292681513770757,135.14010251472033,0.0006640631428122012,0.003135316631764978,0.026009067971338718,0.0023292642635654934,0.0654092876201802,0.052194653326117765,0.026205778121948246,0.08371428919140744,-0.2,nm
8.41396689414978,6.073063101317827,3.6258694473873145,135.62282428110515,0.0,0.0,0.0,0.0035227857388138053,0.06474912571191568,0.05129870578914444,0.0,0.08268262523323901,-0.2,nm
8.442962408065796,6.4667178907219105,3.210274407815621,136.44112771987264,0.00185693329228155,0.005974172260368312,0.049406536072442504,0.0034388383407281155,0.06597355685766502,0.047625785876664044,0.0498010516166687,0.08144047699980074,-0.2,nm
8.454489469528198,6.652390992920464,3.0015754709981195,136.74853508325296,0.0017497130390943842,0.005060603281068185,0.04182529373280014,0.0034499457200775924,0.06620264068273773,0.0462445984201322,0.042166650295257575,0.08082855090794623,-0.2,nm
8.456977367401123,6.84670919287364,2.7911381410404053,137.01756209172507,0.0017551376852270853,0.004594566088136553,0.037914764402012684,0.0029025177475317204,0.06797894502272786,0.04523252793082246,0.03823244571685791,0.08170399720142478,-0.2,nm
8.461510181427002,7.04770948419274,2.583158692654519,137.36520778877468,0.002140220180697192,0.00514017462577504,0.04227018703283067,0.002346560602268494,0.06797095705150696,0.04509980656102568,0.042635321617126465,0.08160606534443293,-0.2,nm
8.473570823669434,7.242965534335037,2.383935796690099,137.72021803430985,0.0015744533716169828,0.003510344040791969,0.028745037538019998,0.0021123382206821657,0.06675732778697449,0.04509634000040528,0.029001355171203613,0.08058959403948046,-0.2,nm
8.480392217636108,7.465990855773714,2.187308625817252,138.07346056707576,0.0017226388395510186,0.0035811497943905547,0.02909324279051005,-0.0016623400777590225,0.06916954144139342,0.04510261857299381,0.029363393783569336,0.0825919792709179,-0.2,nm
8.512648820877075,7.925427002563124,1.8041541694847223,138.79477797288965,-0.01718549008555437,-0.016399310484564684,0.0675075508675582,0.00027445816668352196,0.06471146438840576,0.043402641410218205,0.07156499058887522,0.0779194342379432,-0.2,nm
8.525960445404053,8.094991119116376,1.6091806394596455,139.15949660673135,0.0,0.0,0.0,0.001595222749432616,0.06254334574017054,0.04181526845501397,0.0,0.0752511229680973,-0.2,nm
8.532914161682129,8.56190504561349,1.2089788941065354,139.8576116671053,-0.013227593283835815,-0.014150238019372754,0.04687570381845568,-0.005359283054212552,0.06869900073783566,0.03848816552981623,0.05072011502907955,0.07892790066309156,-0.2,nm
8.538000583648682,8.740019983761208,1.001340039236705,140.15222973312825,0.0,0.0,0.0,-0.001937374391794604,0.06542916304815267,0.03646753259633109,0.0,0.07493069951882339,-0.2,nm
8.549564361572266,9.025405502767512,0.7950561689725508,140.36820845362575,-0.014098063842577868,-0.0156717236343014,0.0620819256789668,-0.013630146361429677,0.07622850416385994,0.03548656919836289,0.06556312852349315,0.08518134966272727,-0.2,nm
8.565873146057129,9.358990480022673,0.3868306360615881,140.88755966860137,0.0,0.0,0.0,0.0025195672949398186,0.0625773235499079,0.03199161383095134,0.0,0.07032590559340351,-0.2,nm
8.576880693435669,9.579415411211016,0.19375472246820338,141.1948737900539,0.003865867584993817,0.005009572874229016,0.037486236224711686,-0.010145531490572929,0.07196291236636113,0.032639732875359595,0.03801655769348145,0.0796677144623191,-0.2,nm
8.589003801345825,9.795215042214403,0.0012079944642760646,141.4680834484344,0.008257677415330546,0.010372060579715016,0.0767926268004919,-0.006793439985222845,0.06931947309552353,0.031928481561257535,0.07792866230010986,0.07662093781650937,-0.2,nm
8.59580135345459,9.895365998089588,-0.1872594320734948,141.77372692450564,0.003682314241328952,0.0044989719308305975,0.033321419630440025,0.005783686139152253,0.057134956487749196,0.03059689325417061,0.033824801445007324,0.06506937954998747,-0.2,nm
8.629451036453247,10.17260202564438,-0.5589557952642862,142.41979998398537,0.00948973389286575,0.01103588038295863,0.08099190985343233,0.0002836777830722723,0.06039723271096022,0.0304516262839624,0.08228933811187744,0.06764028190039277,-0.2,nm
8.635485172271729,10.212337900424814,-0.7563473236487772,142.64150938313873,0.003507449569641165,0.003957584527694823,0.02927307279640243,0.014882592218322,0.04917957240448489,0.02839340604234554,0.029746890068054196,0.05870525870576106,-0.2,nm
8.636707544326782,10.273788834759946,-0.9538759630269106,142.88435396266894,0.0,0.0,0.0,0.010932961265319308,0.05142358741621385,0.028440867255553223,0.0,0.05977288611929291,-0.2,nm
8.641823053359985,10.364707235818564,-1.1465542338081862,143.19177672543125,0.008330014927205037,0.00891667102194144,0.06630753807383115,0.010247109912860696,0.05257233570742804,0.02794858890385221,0.06742095947265625,0.06041504253923266,-0.2,nm
8.669885396957397,10.33378370814827,-1.5462964681499063,143.80432382755706,0.006823435791950043,0.006916038356995565,0.052689056066462306,0.01968134544486215,0.045358468252980046,0.025637652395351866,0.053577303886413574,0.055695917454706555,0.2,nm
8.682114124298096,10.328141762829036,-1.7296055580347662,144.096222454359,0.010808216071842288,0.010692682099830078,0.08226861463821165,0.022236211678944868,0.04193694889529656,0.024822384875936798,0.08366167545318602,0.053565918114102135,0.2,nm
8.683510541915894,10.257083868991572,-1.9164104396509547,144.3522894716154,0.0,0.0,0.0,0.02959594045824295,0.03580945466006507,0.02333755697604658,0.0,0.05198921330689029,0.2,nm
8.691777467727661,10.353056385791325,-2.1004216024573674,144.61226322968145,0.0,0.0,0.0,0.009132240482349521,0.04900996422323953,0.025294417299111988,0.0,0.05590332687678165,0.2,nm
8.712818622589111,10.867778198677241,-2.449198162232348,145.23309304234675,-0.050436851920722774,-0.06546403502710059,-0.09591745303392062,-0.011172682039863853,0.060335289662001045,0.025474406165239997,0.12660795279213996,0.06643885438531495,0.29603306800980456,nm
8.730406761169434,11.682357683690698,-2.625164403090427,145.55470691594948,-0.10999539610986032,-0.1566511475566136,-0.04590315278924622,-0.0790483712832041,0.10711468187600409,0.03187510785722751,0.19683919485753312,0.13688762755207184,0.29603306800980456,nm
8.73276948928833,12.562607926663205,-2.7820291236112578,145.8456012060738,-0.18127381217239683,-0.27813683861139676,0.12643311582325098,-0.12782578495996896,0.1373997303134476,0.03479063016075237,0.35525431559522425,0.19086252942320192,0.29603306800980456,nm
8.737218379974365,13.902891319686839,-2.940761706050356,146.04089030695394,-0.18044640760980363,-0.2601240742867158,-0.08493554450511036,-0.14475851871359116,0.144727668677954,0.031120283305787234,0.32777963140375854,0.20704974970798976,0.29603306800980456,nm
8.746033191680908,15.727910587296234,-3.097149440773306,146.2403206162003,-0.19421396209806527,-0.2921213880065071,0.016082622146558756,-0.22613610322705197,0.19790608532436962,0.036211496223984084,0.35115896562637555,0.30268073650285743,0.29603306800980456,nm
8.766103029251099,19.578391082117502,-3.3724681349595618,146.64428037426535,-0.14589447929279778,-0.232061315886664,0.09730046447885111,-0.33129780057932534,0.2622201994888074,0.041415629680989344,0.29086944460868835,0.42453847890447016,0.3776611758181384,nm
8.78157353401184,21.93071837449247,-3.510505209327027,146.81487048073902,-0.10342502903317428,-0.17491338085091068,0.14965894740593427,-0.3790569529388577,0.2922355957561671,0.04582215089269517,0.2523672482115317,0.4808175189307127,0.3776611758181384,nm
8.799294233322144,24.486612533061397,-3.6428084886501333,147.03926465077384,-0.06447774330116532,-0.11090912162327242,0.09804538105348515,-0.4151142795475498,0.3116235119752717,0.05045381822851839,0.1614655052522981,0.5215119040577311,0.3776611758181384,nm
8.802453994750977,27.275641689586653,-3.770416491945163,147.28059026072387,-0.03597218389877877,-0.07218019635969769,0.13278685649377864,-0.4562840933360951,0.3339467799723282,0.05671284007263261,0.15535870757209405,0.5682710373708421,0.3776611758181384,nm
8.805411577224731,30.12073143414418,-3.897201755641911,147.46953509275423,-0.00506739529727223,-0.02989457647837585,0.17326319499407317,-0.46713663379561043,0.33790998098657643,0.05883132199023969,0.17589627323361487,0.5795350846423035,0.3776611758181384,nm
8.838375091552734,35.66546776316973,-4.12189771391573,147.9120289239744,0.05459465718241951,0.07036405476406318,0.12316062423781668,-0.45836771358132833,0.32077499127796294,0.05937999117426304,0.15198755264282227,0.5626042474377592,0.4470450674552222,nm
8.841760635375977,41.01432814304375,-4.26638205966267,148.4393610084991,0.05385957974866607,0.07292100270931719,0.10356695567234524,-0.4490049062812914,0.2979829194888048,0.053618343725645154,0.13763880729675293,0.5415479230461735,0.4470450674552222,nm
8.873637437820435,45.65531098285239,-4.300672250843044,148.94890509431474,0.03910319871417502,0.06191493573516661,0.02079920593660593,-0.3996592745379248,0.2506569827720104,0.04557676539633008,0.07612572748002751,0.4739553779424181,0.5060213753467434,nm
8.87978458404541,47.86246472593217,-4.322595071676097,149.2267805602793,0.030822415806549926,0.04926834909022759,0.016866261348053975,-0.391648159862384,0.24290731736433,0.04472295246547448,0.06051332340971902,0.46302525679487067,0.5060213753467434,nm
8.881079196929932,50.047257135569396,-4.34884109860746,149.52362391383443,0.029291747751881016,0.04324584623080055,0.0435409823648991,-0.3852283019542347,0.23747751416168267,0.04534642192326038,0.0680001974105835,0.4548106334950817,0.5060213753467434,nm
8.903871297836304,54.129740790385526,-4.422836249757592,150.1372487926696,0.005012414348246605,0.00277677218895846,0.038324139747596464,-0.34856366052876453,0.2137473050652052,0.043968913654144,0.03875015417751502,0.41123934786420335,0.5561512370545364,nm
8.91664743423462,56.146188727211864,-4.466455661890961,150.4249892617387,-0.006877796699093022,-0.016240084050816,0.026036852883251846,-0.3466651229516442,0.21216071266904438,0.04333291644460363,0.031447768211364746,0.4087378342151732,0.5561512370545364,nm
8.92377257347107,58.18618026038583,-4.4956095789918,150.74653236819842,-0.013052665594633186,-0.03222178853697354,0.05542716734863186,-0.35351890926831736,0.2111961809665817,0.04392847684516606,0.06542772054672241,0.4141366406671429,0.5561512370545364,nm
8.944264650344849,62.164586630191074,-4.497518923004363,151.30211778025242,-0.009531611061494697,-0.025835417555024782,0.051426996727512934,-0.3463648996070505,0.19403306078840904,0.036454094295009086,0.058335721492767334,0.39868079129748657,0.5987616195061605,nm
8.95847749710083,64.11356070785749,-4.490152980668544,151.58687565163183,-0.006518708032202942,-0.018667893932538236,0.04010251533782744,-0.34756170936213204,0.18852785828766996,0.03289800318510648,0.0447123646736145,0.3967671530996867,0.5987616195061605,nm
8.965309619903564,66.08724904879193,-4.477010039543012,151.8481407262044,-0.0038802739698961235,-0.011824483226942184,0.027557191213231573,-0.3511200552183351,0.18543536012006925,0.032028151457469574,0.030236959457397464,0.3983683828382582,0.5987616195061605,nm
8.967274188995361,68.05521390484273,-4.480131402073117,152.08499842303473,-0.004338009981360663,-0.014239735151588979,0.036160022493382855,-0.35389619819656587,0.1861840749786886,0.03028668171474515,0.039104163646698,0.4010290662320417,0.5987616195061605,nm
8.995453834533691,71.81482636141959,-4.548860705103283,152.52505975246206,0.0,0.0,0.0,-0.3347323426266465,0.17964238217323975,0.02495899757677923,0.0,0.3807099660282571,0.6349804445900409,nm
9.00186800956726,73.76088607754518,-4.593525968496309,152.7363256481044,0.0,0.0,0.0,-0.3472686738265357,0.18762071282782466,0.025742697233762532,0.0,0.3955499338441748,0.6349804445900409,nm
9.007955312728882,75.65782930189397,-4.639534979494506,152.89178241705318,-0.0018455929462254808,-0.01096647038048046,0.04133286601172689,-0.34187331665177034,0.18395907996995342,0.021815482418868586,0.04280275106430054,0.38883701343241656,0.6349804445900409,nm
9.01259732246399,77.51568688833153,-4.675092539093497,153.01912333630364,0.0,0.0,0.0,-0.33402439663635436,0.17677085690609695,0.01675966758850586,0.0,0.3782870865589699,0.6349804445900409,nm
9.024475574493408,79.38274748934123,-4.69837796262012,153.15103457399096,-0.00035380243489993194,-0.006238832203022246,0.03044351357036888,-0.33928835040403127,0.1747773574545904,0.01473717068559247,0.031078219413757324,0.3819435738411037,0.6349804445900409,nm
9.038235425949097,81.27801476999954,-4.70468129226556,153.27999768122072,0.00014220189466418342,-0.00577593678557494,0.033100220024092256,-0.34240589172572883,0.1713778355528623,0.012577027702194639,0.033600687980651855,0.3831061717502045,0.6349804445900409,nm
9.041589498519897,83.18170051934109,-4.710994597379502,153.38969697026943,0.0006422666386765345,-0.004643647386265148,0.032208166204227714,-0.34617171172292305,0.17007933672115497,0.00961354296409838,0.03254753351211548,0.3858163487788058,0.6349804445900409,nm
9.053986310958862,85.04354562619224,-4.7166383870057516,153.480048105451,0.012626422894741288,0.01864055692563392,0.03605343653200601,-0.34503308112081615,0.16821101250848222,0.007743795009719051,0.04250584904906655,0.3839306423795905,0.6349804445900409,nm
9.079440832138062,88.87535374200557,-4.768544790601718,153.58185684105356,0.02500377442293993,0.039642962418459826,0.05699811322258501,-0.35654212868288426,0.1782620133211609,0.008668294648501378,0.07379388941937742,0.39871640830438543,0.6657664459113393,nm
9.09688401222229,90.76157277370137,-4.805615397003114,153.5789172139413,0.002160454550898188,-0.0006772554567834564,0.026598286455445052,-0.342657287588536,0.1725398492516544,0.0057505388711305075,0.026694476604461666,0.383688786667821,0.6657664459113393,nm
9.099318265914917,94.67286211845871,-4.890540056320994,153.52244446633455,0.026225211137452555,0.042326269250995266,0.05380042866979374,-0.366663586542307,0.18393095261255762,0.006695132956992402,0.07330594036614821,0.4102652871378989,0.6657664459113393,nm
9.11957335472107,98.50457051585545,-4.88932342709311,153.4228094612369,0.0,0.0,0.0,-0.350831654030471,0.1640772326203228,0.0024750654294117963,0.0,0.38731164929934586,0.6919345470344429,nm
9.137372732162476,100.50717026060863,-4.851401564010366,153.3876506784432,0.00513068868175975,0.004136269012159443,0.03221507726086505,-0.37477851210396246,0.17301125296784386,0.005380943714736829,0.03288227319717407,0.4128205195283107,0.6919345470344429,nm
9.140345811843872,102.42036264046959,-4.810810038664032,153.29930949273952,0.04475219695283966,0.08085256038041945,0.0433760226815274,-0.3724610048027291,0.16908523445604928,0.004870570904118239,0.10208513601814666,0.40907302412973623,0.6919345470344429,nm
9.147278308868408,104.38782359666895,-4.775466250640141,153.19602021985563,-0.017385329709329763,-0.03631764180689367,0.010290814026056576,-0.35686211431297027,0.15974450578914387,0.0028430476822856273,0.041558653116226196,0.390994832039843,0.6919345470344429,nm
9.159467220306396,106.43748810288182,-4.751174278244771,153.0934112764834,0.008716229344212834,0.00948260295910188,0.041887257610044526,-0.3842177842905979,0.1779791439480757,0.004394384989869721,0.0438227653503418,0.42346096876229977,0.6919345470344429,nm
9.166032314300537,108.39485313488916,-4.722913238921677,152.98811468057372,0.051706803830466185,0.09246452175373489,0.04927673739603699,-0.3806092676676178,0.17868557614120573,0.0023696018821136975,0.11683954037014702,0.420473025018817,0.6919345470344429,nm
9.180527687072754,110.41328692412476,-4.7073836582311746,152.86149760451966,-0.017510902410983645,-0.036895965978410515,0.015140886573012644,-0.3637665037280261,0.1714119692718535,-0.0007034490136879874,0.04355674982070923,0.40213011238240015,0.6919345470344429,nm
9.183892488479614,112.50310890313199,-4.691207302924264,152.61802535274813,0.02991022064809121,0.050847230648670784,0.038671503989062224,-0.3928899861960983,0.1913812168550422,-0.00033594241169002494,0.0705375600983808,0.4370233681113528,0.6919345470344429,nm
9.197943449020386,114.46707454754784,-4.6657914037712835,152.31380678395305,0.06400273682787873,0.11596235736579673,0.03425085769184721,-0.384077539538114,0.18808732584271476,-0.001679899512673859,0.136809136755988,0.42766250780573195,0.6919345470344429,nm
9.241326808929443,118.67802723135294,-4.590110309283474,151.72216031872864,0.041573835238233076,0.0717977447287594,0.03236532133326776,-0.40494169380431255,0.2006068059410722,-0.00020328574892282308,0.0890551174810158,0.45190807394433696,0.714177432989081,nm
9.248418092727661,120.6514737841997,-4.542633091580484,151.42693984018874,0.0683559678338435,0.12352902852877945,0.011949787960943318,-0.3884949904065255,0.18953944600637737,-0.0034333580007191934,0.1416854144225049,0.43227924668035117,0.714177432989081,nm
9.254305362701416,122.80329260767938,-4.500053645004732,151.0661994135968,-0.03377354724958419,-0.06912719851507192,0.049372476479272065,-0.37652627481024487,0.1851360131883896,-0.0032869127968612926,0.09141588211059569,0.41959287743895957,0.714177432989081,nm
9.256794214248657,126.99260913652368,-4.4299795012620855,150.16527400353604,0.04075413334461922,0.06803794827243048,0.019411886175755916,-0.385419667638358,0.20005149887458773,-0.008174986600900297,0.08165098355006775,0.4343221762820273,0.714177432989081,nm
9.259836912155151,129.2410155714756,-4.406915325366107,149.67158011381568,-0.016629766304705546,-0.03301115611979185,0.030042251933163434,-0.39739653346741677,0.21451016422382926,-0.009616920171921447,0.04763215780258179,0.4516980191686112,0.714177432989081,nm
9.281378746032715,133.64958474757302,-4.3509554036439635,148.50019240183812,0.01610458295580531,0.0221279456449139,0.02851667983348512,-0.39572579992401713,0.22607559160465887,-0.011035184437190159,0.039524734020233154,0.4558846971992617,0.7330838860505233,nm
9.299592018127441,136.0004198603048,-4.304170454555797,147.82113930477504,0.05673661021512393,0.02900156746357793,0.050580537616750756,-0.42393381095588545,0.24863669571479055,-0.010004766726340349,0.08135431543345999,0.49156909777242735,0.7330838860505233,nm
9.300869226455688,138.30694886884876,-4.271266632521181,147.19253429720496,0.0732020221341365,0.11279947663487626,0.005479615770984175,-0.42697448123928883,0.2548441439330973,-0.008259321355811068,0.1345818864581197,0.4973137457539371,0.7330838860505233,nm
9.30890965461731,140.69726044941618,-4.241156930176244,146.5392730486336,0.03534695290940192,0.04703493855759635,0.047941876955477546,-0.42527746073067796,0.26167235860694116,-0.004757436378779677,0.07589542865753174,0.49935555976213086,0.7330838860505233,nm
9.326987028121948,145.68100707405705,-4.2028974663977205,145.10040500267124,0.05114972673378572,0.07156230990969031,0.013704410271862174,-0.44535072346561927,0.2893383860952838,-0.009689308660335554,0.08902398331602016,0.5311759136688045,0.7491543711527494,nm
9.351090908050537,148.29104276726295,-4.192359365436017,144.85081050377477,0.07588830629466853,0.10799580116624359,-0.0016844832714206384,-0.4656006499894824,0.306380514832465,-0.013053903615724683,0.13200365747093504,0.5575153715721598,0.7491543711527494,nm
9.35240125656128,150.98506507515188,-4.165839817493866,144.59009553222634,0.06614388283382903,0.09279297095597114,0.0019605367862763055,-0.47451030256561105,0.3159384240605457,-0.01371979490121746,0.11397101561213425,0.5702327137326483,0.7491543711527494,nm
9.358675956726074,153.79068599783173,-4.125626704863984,144.32227488921765,0.07952425435247004,0.10937392739845347,0.011211832711243545,-0.49592512312980397,0.33194463540587893,-0.013249662937624754,0.13569255033944727,0.596912491320138,0.7491543711527494,nm
9.387805700302124,159.61676589007152,-3.9937493080544106,143.80556261831327,0.09631359323106331,0.131580372634951,0.0003575712040811714,-0.5261239697154925,0.352600205195558,-0.0080118297563116,0.16306388490710405,0.6334015516472802,0.7628142834896415,nm
9.400978565216064,162.69795799180514,-3.933405245248384,143.5592093434424,0.09278069208896003,0.12704242294134735,-0.011965948904958298,-0.5452274118312712,0.36761458857339907,-0.0048717765529681396,0.15776950904566658,0.6575995366109971,0.7628142834896415,nm
9.40320611000061,169.21909217052357,-3.77629690277924,143.03318961425373,0.11375156353464486,0.16026689579819736,-0.08319425493507132,-0.5933180895632421,0.405930758098207,-0.007316347399396322,0.2134155105646453,0.7189295269443515,0.7628142834896415,nm
9.431444883346558,176.61311824127282,-3.5617624841752153,142.37815619915978,0.1311527629961828,0.18451230743595645,-0.14064746839563141,-0.6471205025494506,0.4508362260476521,-0.015797800670585387,0.26650994203401485,0.7888395388434652,0.6192808906065358,nm
9.444718599319458,-175.04748369109186,-3.242210836678493,141.65626954714148,0.1539539715256108,0.15489929306456038,-0.24555047783255057,-0.7014400447183569,0.4951999685212314,-0.015953336063871056,0.32861931395492117,0.8587756715752292,0.6192808906065358,nm
9.453236818313599,-170.61177213280922,-3.060522677374011,141.32356104719787,0.16299942720220317,0.14456547167079523,-0.30963510825710316,-0.7280639581003439,0.519262904368056,-0.010581808714410673,0.37860518899380374,0.894328276201282,0.6192808906065358,nm
9.483806848526001,-161.31742005275314,-2.713051473326072,140.76140258669497,0.13018694329606842,0.1013224881571109,-0.3380365350286899,-0.7652512762637683,0.566751998161606,0.0014879080161010335,0.37614303904940777,0.9522707372978357,0.497277506655896,nm
9.490983724594116,-156.449671909035,-2.558569593075003,140.5044938111988,0.1111895089496561,0.09490292059972429,-0.28301398613829293,-0.7825692421873816,0.5908748924933539,0.002934072988633198,0.3185382042843669,0.9805898052606237,0.497277506655896,nm
9.492282152175903,-151.25831014719503,-2.38572714540226,140.22557328905972,0.1289931027261967,0.13023203063164204,-0.33883773964103153,-0.8315292408212522,0.6337437085105898,-0.0007249940255312113,0.38524098452581024,1.0455010722298952,0.497277506655896,nm
9.498463869094849,-145.88216743818043,-2.171813613839044,139.92843717308054,0.06921729583620263,0.07901451838474986,-0.6869637387806588,-0.8614518954711429,0.6561843569224048,-0.005737710843575863,0.6949485639656733,1.0829174482878274,0.497277506655896,nm
9.521065950393677,-135.2960981865946,-1.6623639865024804,139.30184308169785,-0.008706319442421498,-0.04214575741845213,-0.45708238669806,-0.867828172470408,0.6626166433039514,-0.01836345153236947,0.4591038805065836,1.0920273665384517,0.3935746302978521,nm
9.540822505950928,-129.68986550089667,-1.344775456436702,138.98613092526008,-0.047093954558422364,-0.11169111428212275,-0.5662207977424927,-0.8973691031525682,0.6874073144600596,-0.02140627395528124,0.5790498574058004,1.1306008808729475,0.3935746302978521,nm
9.543209552764893,-124.1791894354022,-1.0197923025816502,138.70153676876942,-0.00449426030131819,-0.07199957302242178,-0.3298220756451706,-0.8797049947478024,0.6794197316751387,-0.02161824501144381,0.3376192211263388,1.1117371083539145,0.3935746302978521,nm
9.54542851448059,-118.44243284288751,-0.683543920239439,138.4523454550438,-0.05467936957358566,-0.1455037982638234,-0.41133915161949386,-0.9112623601485803,0.7128276780187903,-0.02008561270691527,0.43972842348568864,1.1571196219108175,0.3935746302978521,nm
9.568275928497314,-107.1158778407638,-0.11633525477183232,137.46681151303662,-0.09375184055699491,-0.18516167269065562,-0.2947157372289706,-0.8633684743709876,0.7211548160962823,-0.02091600889892735,0.36046028687199555,1.1251252689122262,0.3054271853935148,nm
9.589730262756348,-101.46528609754253,0.11356262756862118,137.0191565534667,-0.10282726239658381,-0.18627686563019957,-0.28166306229568444,-0.8632346515159837,0.7427286524437798,-0.022967358483700084,0.3529965966164121,1.1390115953292985,0.3054271853935148,nm
9.591161012649536,-95.75279344024308,0.32981662485719465,136.56492133219598,-0.13537180739134166,-0.19787028623135441,-0.2656049811095334,-0.8636463289689569,0.7609377686624217,-0.028049227958100685,0.3578046707351264,1.1513896076079315,0.3054271853935148,nm
9.599990844726562,-90.0429612116988,0.5550199823771748,136.11474884914097,-0.16813709645056218,-0.1779161868725528,-0.2222540638887546,-0.8576769579898741,0.7669133733189645,-0.03262087921622944,0.3306374474695227,1.151012601235572,0.3054271853935148,nm
9.625945806503296,-78.59172165735801,1.0932166012029074,135.57552211047135,-0.17247693587143498,-0.17986906937331057,-0.14275836430695174,-0.8580411601443202,0.7696039375408491,-0.03343688162512824,0.28719527521255683,1.1531014171498546,0.23050185722482813,nm
9.633214950561523,-72.81997084844566,1.4020469326120977,135.48027412931464,-0.17177262952398192,-0.17864531446088538,-0.11368923044524264,-0.866795908153105,0.7759205369518362,-0.03473732853683383,0.2726632093841105,1.1638704859426876,0.23050185722482813,nm
9.63447117805481,-66.95750018128157,1.6986070895999585,135.43559110685524,-0.2053186099071786,-0.2505766666876993,-0.07848017790099275,-0.876315836111977,0.7920445193076163,-0.03214180175382035,0.33332197015184284,1.1816501430651325,0.23050185722482813,nm
9.667276620864868,-55.28317844474166,2.177339352920174,135.36183653655686,-0.1943447890258023,-0.1941985090209083,0.048355567878471825,-0.8589381573854592,0.8017962348854629,-0.043842818638103985,0.2789645476978695,1.175829134370877,-0.2,nm
9.674363136291504,-43.61470290680258,2.4722624432979767,134.4591193748623,-0.23812422996592328,-0.2185736208473188,0.24956623653574309,-0.8277326404292602,0.822652282179137,-0.05436781739583196,0.40836366518801087,1.1682696439499418,-0.2,nm
9.691846370697021,-32.84587147253159,2.703859122780176,132.75990675217608,-0.12997025706862667,-0.04634603539683369,0.5462536098777592,-0.7185598711827165,0.7607026198214271,-0.05087981199129498,0.5634121307036019,1.047657157444922,-0.2,nm
9.712708234786987,-28.18537545977627,2.81896676805586,132.02204977148332,0.11804084708855926,0.18338369615281835,0.5787539109823712,-0.6359106015681059,0.6904521796289849,-0.03928551678149976,0.6184814557231642,0.9394944690470061,-0.2,nm
9.718799829483032,-23.987514453924337,2.940922403482756,131.1247695981024,0.22266632287765087,0.2424098161216005,0.7037503253565236,-0.5647643110869349,0.6299588163638065,-0.025044417890609204,0.77692170180487,0.8464242791056196,-0.2,nm
9.720630168914795,-20.598446473404575,3.0600416096396588,130.061018045198,0.36492849647454256,0.3559652806370135,0.7028293374570728,-0.4483537674860221,0.5168645971287462,-0.01315774567432267,0.8682471803285663,0.6843560760709305,-0.2,nm
9.728617668151855,-18.194828394640858,3.166689358280873,129.2897621893379,0.5406864840106489,0.485157146850518,0.5983371073189723,-0.31479851242276485,0.3717215929187883,-0.00480023266914221,0.9411305037702093,0.4871325161589451,-0.2,nm
9.746401309967041,-16.325758008864238,3.365676696173477,128.80817207269882,0.5821335056431527,0.5062992791427953,0.5050386067772568,-0.062188909171473,0.06591675304716797,0.0020459897104004314,0.9221075711588173,0.0906458208088719,-0.2,nm
9.76398777961731,-16.768971528764055,3.4572891858764114,128.75936857387322,0.48261870368754883,0.42218887811157285,0.4480954368982838,0.046911542489374417,-0.06762257609688299,0.004198715437555926,0.7822747487419125,0.08240834198087402,-0.2,nm
9.766591310501099,-17.930468554269726,3.5363603579196616,128.79237768647815,0.2820762408933208,0.26086432727762726,0.4304624211433711,0.13888168804969742,-0.17783898113845212,0.008145787904788477,0.5769879538942981,0.22579012455925965,-0.2,nm
9.782773733139038,-21.756857699101094,3.6708881959007615,128.92768413101368,-0.0037377305043534217,0.009610852792977971,0.15314371691777112,0.2540618404837535,-0.3149485934994868,0.02298619596457953,0.1534905116029062,0.4053003831014958,-0.2,nm
9.807861328125,-23.88313596316445,3.728191928348777,129.03389528488668,-0.13234113251045768,-0.06656987212834797,-0.0041128583943683145,0.26423489850799753,-0.32419741937745233,0.03371773738424589,0.1481979717590873,0.41959615600580097,-0.2,nm
9.809294939041138,-25.874870731011114,3.7954660656457344,129.17325590473783,-0.19254139468127712,-0.12755448270910588,-0.17803676178367964,0.2463131385293268,-0.3040443886786678,0.043230556395752885,0.2916151972573062,0.393677575568432,-0.2,nm
9.81733226776123,-27.542775038422416,3.8812867540666596,129.2607548725644,-0.21601436668566007,-0.20324627097309755,-0.3045681333799892,0.20283940145392942,-0.25594306344253587,0.0486489326259731,0.42512704118845174,0.33017782050311123,-0.2,nm
9.839783430099487,-29.590268754107722,4.046331228660384,129.4526659340744,-0.17607927925412206,-0.18554118702050143,-0.44356695358297754,0.09140780868089778,-0.11584554542740162,0.044190981576052245,0.5120362164676548,0.15404032178579338,-0.2,nm
9.848154067993164,-29.78258865618046,4.109882234185968,129.5813728014719,-0.1957194984803282,-0.19765775222861437,-0.3845506136148878,0.0,0.0,0.0,0.4746091903166712,0.0,-0.2,nm
9.856706380844116,-29.533472545132934,4.14680328223878,129.69239006139213,-0.15695462647108985,-0.15986166902229937,-0.3140538470512518,-0.031980984995850795,0.046769626705446786,0.02453787142269839,0.3857723769802156,0.06174373261658671,-0.2,nm
9.859724044799805,-28.897363425233706,4.163658910167031,129.7961484516154,-0.060701048250682975,-0.07364783249470272,-0.24359806669335107,-0.07835181570997889,0.1087077375675097,0.017736833494092562,0.2616269072298143,0.13517016865601011,-0.2,nm
9.880131006240845,-26.663591412021116,4.210532663369689,129.70294848914753,0.0,0.0,0.0,-0.1539537620830485,0.19772624788090506,0.017958033593177554,0.0,0.2512367825998389,-0.2,nm
9.898600339889526,-25.33006753783245,4.244762272269116,129.4835467368091,0.07776891405103487,0.06878018191017637,0.04897759671112813,-0.16862420342921242,0.2146133203878701,0.024133077433209256,0.11479339003562929,0.2739989136774821,-0.2,nm
9.89998459815979,-23.936286246431646,4.290378412125272,129.5455801743942,0.07780919511965871,0.07464014288139975,0.10684803815546554,-0.17815922412688653,0.22231307600686726,0.030475019171537096,0.15179566868720828,0.2865179570264923,-0.2,nm
9.908937215805054,-22.64977965169227,4.3409121095130985,129.64024067224221,0.08721521095024266,0.0861116113321587,0.14058133281174418,-0.16561333141573545,0.2048579392337757,0.0341719164171191,0.18650687323110232,0.26563559754171906,-0.2,nm
9.934033155441284,-20.529771251846267,4.429962427191533,129.96884783737494,0.10225647870488067,0.10005623479165866,0.1419338755007481,-0.12849114976442413,0.16066358586875015,0.031219537841163204,0.20152633220615887,0.20808032808270163,-0.2,nm
9.94419264793396,-19.696148433906462,4.4609766300785365,130.05378232383208,0.09326405959634332,0.09052538120561843,0.11889539708688612,-0.10610720584122726,0.13668126199258288,0.02711163964802083,0.17615091513603084,0.17514436192958593,-0.2,nm
9.947175979614258,-19.085880294389668,4.471906472315815,130.18409848900697,0.07335752401649334,0.07073090700708233,0.08570731010465478,-0.08924994027838881,0.11972874334595089,0.024580475290386983,0.13315378530575234,0.15134306587484567,-0.2,nm
9.97985053062439,-17.9421674965671,4.447735426176586,130.55790647797627,0.0,0.0,0.0,-0.0708690170393631,0.10041887065747578,0.0287548321866857,0.0,0.12622680988733273,-0.2,nm
9.986697435379028,-17.312677911191315,4.436387796650265,130.57037193172224,0.0,0.0,0.0,-0.0732354298352906,0.10370638366412083,0.03433996799952254,0.0,0.1315206280324795,-0.2,nm
9.987975835800171,-16.593326142334035,4.4298621248218595,130.70977918029374,-0.04497458115946866,-0.04053549256119076,-0.017983258795544996,-0.07980824671321816,0.11152285092438176,0.039928070788391015,0.06316040456295013,0.14283190595459594,-0.2,nm
9.997680425643921,-15.780301692451127,4.439229983472867,131.02992336504977,-0.049366964829091926,-0.048688362482183126,-0.05566834959438254,-0.0910165441232072,0.12289647113737383,0.042811440343895016,0.08891917118482182,0.15880923570897873,-0.2,nm
10.004960536956787,-14.824396329709817,4.456750191223081,131.28015058735846,-0.05928935992510137,-0.05783700125962404,-0.055790598197981205,-0.10822269583345895,0.14160429462772547,0.04215768414625815,0.09986459714194292,0.18314256327531492,-0.2,nm
10.025147199630737,-12.5685451929846,4.478532403463996,131.66082067557076,-0.05081136845899815,-0.04681878155789961,-0.015354853265746678,-0.13963061200597338,0.1781427009695643,0.03310716118646497,0.07077828049659729,0.22875229799877608,-0.2,nm
10.030461549758911,-11.305044853867651,4.46572450831446,131.8913938451707,-0.0319533616583484,-0.029571704543759004,-0.008676138192795006,-0.15444406111197495,0.1953154589147506,0.028524357827333598,0.04439345002174378,0.25062868050823883,-0.2,nm
10.043617486953735,-10.00784753102984,4.433825228481135,132.1421609598583,0.0,0.0,0.0,-0.16339806253001923,0.20654179934627553,0.02667394490987183,0.0,0.26470727427257473,-0.2,nm
10.056337356567383,-8.70425520366843,4.386188517029029,132.40145032938523,0.01538111261365496,0.019462478368837525,0.05214937254688512,-0.1690212760309847,0.21356642860904346,0.028205625488174377,0.057748798658718604,0.273814478231417,-0.2,nm
10.062578916549683,-7.414148595432602,4.332339276942107,132.6798507693447,0.03304862782998051,0.03869810697777279,0.07979785023745357,-0.17059234847029872,0.21568771396173683,0.03219925354273221,0.09464381748232041,0.27687493790403095,-0.2,nm
10.06865406036377,-6.177348793485223,4.277946850901212,132.97812419695052,0.049053755847036265,0.05514697881431815,0.09231439783726138,-0.16628936888369383,0.21150199413069673,0.03694983646551762,0.118192251366592,0.27157050307392916,-0.2,nm
10.089871168136597,-3.893081237601852,4.1746318480347675,133.68897017540533,0.05083578451886309,0.05644022906286365,0.07805783998646897,-0.15022232728617152,0.19320742219122483,0.04136389481624684,0.10891649474560772,0.2482072267268247,-0.2,nm
10.10237979888916,-2.8492438858191207,4.126254549808514,134.0630119182637,0.04127900219059298,0.04684897505834533,0.06871327672823482,-0.13957615766150386,0.18161387458014935,0.04011618205364158,0.09284555393016632,0.23253905325799387,-0.2,nm
10.108099460601807,-1.8609040136735906,4.07176158355217,134.3825513557967,0.02877323303543507,0.03466243928232754,0.06528624511202097,-0.13003826934748705,0.17064197467533304,0.03755627301588782,0.07932009478776092,0.21780520806176903,-0.2,nm
10.116434335708618,-0.9155953113509234,4.013215483929864,134.70479225588988,0.017961164252932246,0.02429303992679258,0.06601037269264798,-0.12287176150969116,0.16147923982922988,0.035193271977568094,0.07259562323740898,0.20594072221104653,-0.2,nm
10.14235806465149,0.8545598334424956,3.8390668633472167,135.41730789500792,-0.0031079906370686063,0.004811932443449927,0.08332200347135109,-0.1062884534601831,0.14524048697444691,0.03665883274564331,0.08351868391036987,0.1836733633758718,-0.2,nm
10.153933048248291,1.5647739627784836,3.7230388048839034,135.87303320188835,0.03053865083238294,0.034344663329371194,0.030611121419725888,-0.09123913326008327,0.13278038718289922,0.040942120436694755,0.05521961470748649,0.16622715748139558,-0.2,nm
10.15562105178833,2.2475650417831856,3.5963950626056604,136.38681175500517,0.037610406266431556,0.04291170537914311,0.037699588542127085,-0.08785132821549133,0.1321755427753478,0.045536800210016236,0.0683901754224837,0.16511156879683117,-0.2,nm
10.16372561454773,2.8877463625777287,3.4623504888512047,136.8350531831224,0.030236567949501747,0.04023944612058361,0.09046939168909075,-0.07917325019754215,0.12647727907461992,0.04828358534794773,0.10352861390963519,0.15683178977176296,-0.2,nm
10.186348915100098,3.793913205904731,3.1884089645775666,137.75512751683348,0.05508284258170671,0.0658453259398981,0.06267246835333627,-0.05293089599957895,0.10427708491583451,0.04557695264941863,0.1062900032200227,0.1255095566188876,-0.2,nm
10.19925045967102,4.173225353499532,3.045656269171439,138.17646086702453,0.04103123074029053,0.052586422333855555,0.08438952625182021,-0.04269413181687565,0.09571137478211389,0.04221294316552292,0.10756619288114755,0.11298401977702284,-0.2,nm
10.204809665679932,4.425587267245191,2.89881262557869,138.598737057549,0.04332417837184673,0.05274227709010501,0.04705353149444436,-0.02496664454166338,0.07922748286897723,0.03990303506424828,0.08290215347229332,0.0921551929560265,-0.2,nm
10.21301794052124,4.636531549668452,2.7431940956151464,139.07567925459793,0.037193188889538986,0.044999833435319825,0.028705392933649206,-0.017813186363481427,0.0725741258325782,0.03987484035051078,0.06505626712665469,0.08470133553706069,-0.2,nm
10.243829250335693,4.9831882833200245,2.399346916195335,140.09362764029981,0.0009306544795449597,0.003662006877490498,0.039030241092158476,-0.0009827228390525855,0.059154915956749245,0.04533778266520199,0.039212703704833984,0.07453713412135961,-0.2,nm
10.250433683395386,5.121911881449441,2.2093123065313107,140.58553553445182,0.0008704739759084599,0.003007462085485132,0.03206441196022426,0.0016906292831683131,0.05876389373316881,0.04852378816838079,0.03221690654754639,0.0762273668197069,-0.2,nm
10.25199294090271,5.3179533527664065,2.0104778636868446,141.09941419991142,0.0016180055344955828,0.004906871295100862,0.051908287415710755,-0.0018290630658889119,0.06398722220370873,0.049706399805650926,0.05216479301452637,0.08104588983215008,-0.2,nm
10.280672311782837,5.722510025145966,1.5927347528600075,142.10861011150897,-0.016988171717313413,-0.02170403734329588,0.0027609110834407938,0.0011672439244918282,0.0655584801494659,0.04401289800736168,0.02769992500543595,0.07897095648967156,-0.2,nm
10.288265228271484,5.9554163508797515,1.3787572582904768,142.5969617225732,-0.015336587563859382,-0.01872369395898834,0.03365425103730955,-0.005281304046934979,0.07169966126545332,0.040273753444350975,0.04145354323162296,0.08240575716849698,-0.2,nm
10.299742221832275,6.2066626846317465,1.1629973727848761,143.0983263300077,-0.014335691440430686,-0.01678358664140783,0.06828183383155938,-0.008854677850448788,0.07492451746750307,0.03764086248145892,0.07176078079999944,0.08431443035401179,-0.2,nm
10.301025867462158,6.410460309268573,0.9509880015192533,143.582068482341,0.0033089996271009454,0.006219448426882824,0.06202189931737425,-0.005824402119226851,0.07169266762152811,0.0368342069870659,0.06242072582244874,0.08081163935413867,-0.2,nm
10.309908628463745,6.607329195683944,0.7418155697140537,143.98946427491975,0.0026567448359045547,0.004670444730861737,0.046096368113300604,-0.008125443600715048,0.07215510939188803,0.03822640589800318,0.046408474445343025,0.08205876402275762,-0.2,nm
10.34193468093872,7.012722037911055,0.3398201383272337,144.87448642577345,0.0020973380288778682,0.0033093265137873256,0.03181329867698485,-0.00751552830008139,0.06662830663148842,0.04202441988543244,0.03205364942550659,0.07913195484073483,-0.2,nm
10.347872257232666,7.179676991788659,0.14581291766085275,145.3188432446296,0.0026748141832052086,0.004037560623191195,0.038439528254924665,-0.007154335363840829,0.06454331981930504,0.042463722251054936,0.038743436336517334,0.07758989853847044,-0.2,nm
10.351814031600952,7.32235610472356,-0.05411281792703644,145.6829018835319,0.005778157664261093,0.008332842632623261,0.07891005398102642,-0.0028020817284953614,0.061287368147996665,0.040881975035044815,0.07955890893936157,0.07372468405688336,-0.2,nm
10.3566415309906,7.402461235890224,-0.25481742531587587,146.0405610758588,0.004684037870552366,0.006465993212869679,0.061418565462415496,0.005474238101698263,0.055050636924575624,0.03798882476110726,0.061935365200042725,0.06710954265471976,-0.2,nm
10.371859312057495,7.4905507027760585,-0.4556141182940536,146.41340039105063,0.005658656041595192,0.007496352745605239,0.07130026210603158,0.007446411647214647,0.05430029955580522,0.03522411696497229,0.07191622257232666,0.0651514389267958,-0.2,nm
10.389927864074707,7.524905471607476,-0.6607684617201628,146.78626767224884,0.0044276246036280284,0.005625860234067621,0.053988513579055326,0.01854805258555433,0.048076105123981104,0.03257878673420817,0.05446112155914306,0.06096490370435755,-0.2,nm
10.392181873321533,7.376972926907566,-1.06412389482472,147.31874109634006,0.003503509371229511,0.004052520877272525,0.040950556582488654,0.036675236204660504,0.03632645074429403,0.031964872094985,0.04129946231842041,0.060716035957513,-0.2,nm
10.42697548866272,7.094683985695681,-1.427351982034,148.00910550934657,0.005950741777421419,0.0063129355369939575,0.06832728683839828,0.045666556836720315,0.027723481786762254,0.034288843883293715,0.06887584924697876,0.06348031719009628,-0.2,nm
10.430028676986694,6.87475980619642,-1.598933392124201,148.37328451050996,0.0025851385715211107,0.002616237387595499,0.029708853546999092,0.05604427415356766,0.019341400754111945,0.033157526045211626,0.02993565797805786,0.067929904916541,-0.2,nm
10.431884527206421,6.662177955265639,-1.7717124962095374,148.71225452836734,0.0,0.0,0.0,0.05596173055418715,0.017565327719791485,0.031631383852310506,0.0,0.06663933124615919,-0.2,nm
10.441038846969604,6.462545170265945,-1.941549709160512,149.04711971704535,-0.015735345602179908,-0.02646660892720414,0.0034857692997300707,0.05632830700458623,0.016835508965104495,0.02915431643527551,0.030987627804279324,0.06562230336497803,-0.2,nm
10.468959331512451,6.064966828834882,-2.3032553138649323,149.6529517604663,-0.02104198877828052,-0.04069742384182947,0.05974445718119209,0.05594500196452282,0.018184946136564184,0.023789310740587655,0.07528908129989427,0.06345444678123388,-0.2,nm
10.480061769485474,5.844034388443774,-2.4869800394745476,149.9402342467289,-0.016412356408244424,-0.030937766924852308,0.02974385798943989,0.060989763521313294,0.01563480282618,0.021816579357245753,0.04594788301177427,0.06663453645558169,-0.2,nm
10.482441663742065,5.6410899194035515,-2.6703718622815598,150.2088607505935,-0.014432345586417875,-0.025480571726861977,0.002889353387545243,0.0571832500549389,0.01860150333728401,0.022258206310449752,0.02942618727684021,0.06411994823306709,-0.2,nm
10.491518497467041,5.484453141338842,-2.8444047422637575,150.45844101850219,-0.019789078387047278,-0.03788227152329488,0.02941667374995137,0.05118317603468684,0.02192622120169534,0.02354682753670384,0.05188462984048762,0.06045601518646999,-0.2,nm
10.508649587631226,5.087514244821937,-3.1522445212228876,150.95717156748768,0.002461986601967855,0.0013790652907891005,0.026926693868420497,0.05201395309307015,0.017459595276596587,0.02489309032296605,0.027074158191680908,0.060249105631685534,-0.2,nm
10.525866508483887,4.894293238540481,-3.284289955135348,151.23927547314761,0.003406986072834213,0.0017701621055093686,0.03720462983117927,0.04904008653411538,0.01645785795178862,0.02513024695600604,0.037402212619781494,0.057509307835381114,-0.2,nm
10.527124166488647,4.691185889522709,-3.403762133880482,151.4651234733217,0.0028120718749298956,0.0013460353952335032,0.030726029150249818,0.04913432692316212,0.01332016949673476,0.024113196137576474,0.030883789062500003,0.05632987862212336,-0.2,nm
10.536018133163452,4.469835588649343,-3.5196531354377276,151.69240518744155,0.0,0.0,0.0,0.0508296689513162,0.009866870822776907,0.022146846061315967,0.0,0.056316011719557975,-0.2,nm
10.543397665023804,4.240650079587353,-3.6336527784030985,151.9442734454254,0.0,0.0,0.0,0.05102369661138939,0.00845753728576268,0.019954692454501734,0.0,0.05543588462165029,-0.2,nm
10.566999435424805,3.699157686614702,-3.856311474875792,152.30579651994785,0.0,0.0,0.0,0.05737356652612288,0.0031604845033238534,0.01671072637574598,0.0,0.05984114950624069,-0.2,nm
10.58478593826294,3.4534355415355003,-3.9567537876047,152.36015240470007,0.004793553977375286,0.0011536115871125317,0.053656670870764735,0.05428167237377969,0.004125845270503297,0.01687008605865781,0.053882718086242676,0.056992300870529984,-0.2,nm
10.586066484451294,3.131429327022357,-4.049653586564087,152.4534869115107,0.003769274796133093,0.00067938875601335,0.04276659739893176,0.06594115594467372,-0.0032560374013693607,0.015107193157125704,0.0429377555847168,0.06772787544257977,-0.2,nm
10.591104745864868,2.7396239225559653,-4.134217090637209,152.64125268231982,0.0,0.0,0.0,0.07191702762610497,-0.008373833818385636,0.014738346174753602,0.0,0.07388774460868837,-0.2,nm
10.605942964553833,2.4117878185855495,-4.201373599677963,152.7427077159291,0.0033806326996739544,0.00015572385989575885,0.03993933206646748,0.06390629034760328,-0.006121875397815309,0.01681021263184797,0.040082454681396484,0.06636320179969085,-0.2,nm
10.623695611953735,1.6382469150035577,-4.288598293175932,152.95598592058988,0.0,0.0,0.0,0.07366727013173888,-0.017360117241222887,0.01455424173203255,0.0,0.0770718256672698,-0.2,nm
10.645784378051758,0.920719608449065,-4.329618486602071,153.18461538399177,0.0,0.0,0.0,0.07139853724260387,-0.021455938847864335,0.011203369535209345,0.0,0.07538981311270934,-0.2,nm
10.657175302505493,0.5464399183328434,-4.342652943977664,153.28215135586586,0.0,0.0,0.0,0.06945473353222845,-0.022272732988637592,0.009251902603159584,0.0,0.07352300556012625,-0.2,nm
10.658451080322266,0.1865162829068179,-4.350115676289516,153.30607416046328,0.0029301664114293334,-0.001319109626412228,0.04220375649845886,0.06716826707693364,-0.022392172343445305,0.007731141272756634,0.04232591390609741,0.07122328291897367,-0.2,nm
10.68411111831665,-0.5979396132884512,-4.344425649604991,153.21485873270305,0.0016984735426837933,-0.0011729869583864765,0.02691626977531001,0.06626488075723462,-0.02537248781795882,0.005803497576100999,0.026995301246643066,0.07119324507254043,-0.2,nm
10.692203521728516,-0.9798578846766248,-4.325630130630868,153.1838075784403,0.001787072459887603,-0.001478005394144707,0.029900217667695878,0.06531921398046558,-0.026662566420368468,0.005869449390356553,0.029990017414093014,0.07079507468244078,-0.2,nm
10.698192119598389,-1.36648465691541,-4.288842861024716,153.2245907778567,0.0,0.0,0.0,0.06437412024332956,-0.02903800133302785,0.0054739279828341075,0.0,0.07083217324126681,-0.2,nm
10.719916820526123,-2.126930805634112,-4.167223155462662,153.2601888437084,0.0,0.0,0.0,0.06457226607934387,-0.03495206401260615,0.0025926872636276217,0.0,0.07347071765410951,-0.2,nm
10.72795581817627,-2.4768691421414957,-4.086245215629332,153.25647559893198,0.0,0.0,0.0,0.056206024766926516,-0.03384845502433759,0.001529411476344549,0.0,0.06562906541387692,-0.2,nm
10.739688396453857,-2.7858357041357418,-3.9942250469477365,153.19331731439763,0.0017099456484956298,-0.0031815816261467223,0.04240595533984087,0.05060133820445397,-0.03402223213509387,8.699011141818688e-05,0.04255950450897217,0.06097553013148169,-0.2,nm
10.742758989334106,-3.100778086573485,-3.895885605042152,153.13110611607306,0.0009162196071323328,-0.0020043720527539322,0.02530335505446392,0.050502090702981374,-0.03646187888760459,-0.0024434252128927364,0.025399148464202877,0.06233698825061653,-0.2,nm
10.773739576339722,-3.634027930975949,-3.6885472664787633,152.98062223689166,-0.01440923429127347,-0.02797308582242526,-0.001994289304527445,0.037526889265401375,-0.03290617807859114,-0.0033644409208887305,0.031529299914836884,0.050024028590146555,-0.2,nm
10.78520393371582,-3.8936831188749497,-3.573647758669453,152.88826511876033,0.0,0.0,0.0,0.037438701283242164,-0.03437960902642798,-0.004250701979091967,0.0,0.05100668914859054,-0.2,nm
10.78647255897522,-4.134917792361543,-3.4493836314125104,152.80925512729686,0.0,0.0,0.0,0.0,0.0,0.0,0.0,0.0,-0.2,nm
10.791437864303589,-4.358723429414098,-3.310257883254734,152.6947708220559,0.0007090229555626898,-0.004087281467010131,0.043309359093346975,0.0,0.0,0.0,0.04350757598876954,0.0,-0.2,nm
10.815686225891113,-4.80823933854515,-2.9922904441572955,152.39443463428552,0.0002737212964971989,-0.003711923096448993,0.03754528613352477,0.0,0.0,0.0,0.03772932291030884,0.0,-0.2,nm
10.831563711166382,-5.020233570676287,-2.8182054829498373,152.23366089447728,0.0,0.0,0.0,0.0,0.0,0.0,0.0,0.0,-0.2,nm
10.838016033172607,-5.269379519779495,-2.643548340579773,152.08833204021673,0.0,0.0,0.0,0.0,0.0,0.0,0.0,0.0,-0.2,nm
10.840931415557861,-5.479915240014164,-2.461967209080226,151.94295098201587,-0.0003156774255631067,-0.004588034236155785,0.04371126529598677,0.0,0.0,0.0,0.04395252466201782,0.0,-0.2,nm
10.863708734512329,-5.934732295554374,-2.079627728777401,151.73584322170768,-0.00046207686736773754,-0.0029106015451207806,0.02674832675426659,0.02339542226289722,-0.04340377933568105,-0.008339921560293959,0.026910185813903805,0.0500078807300571,-0.2,nm
10.86980652809143,-6.133135828439342,-1.8884231612172562,151.63818445322318,-0.0007076735957705967,-0.0035375511040005437,0.03208085707397587,0.0,0.0,0.0,0.03228306770324707,0.0,-0.2,nm
10.8817138671875,-6.393129529611639,-1.6934971700892567,151.526372611387,0.0,0.0,0.0,0.027116540383687285,-0.04563009700261766,-0.008821048193445804,0.0,0.0538072802330645,-0.2,nm
10.886891603469849,-6.683549688283772,-1.4951317584369777,151.34274656937507,0.0,0.0,0.0,0.028297477052807628,-0.046398618284666154,-0.008839032885729034,0.0,0.05506094340487938,-0.2,nm
10.898084163665771,-6.9303156972722135,-1.2894146226850556,151.1049962776956,-0.0026246362949690887,-0.007886931183611496,0.06722516386798347,0.02449680655146546,-0.0451276546794603,-0.008499631845453662,0.06773710250854492,0.052046541571912214,-0.2,nm
10.925585985183716,-7.531520319054201,-0.8603288258147115,150.8267853362428,-0.0013964294166154538,-0.003339247980925655,0.02719832655329331,0.029924851787495703,-0.050273218113691745,-0.008802408877312894,0.027438104152679443,0.05916397228088903,-0.2,nm
10.9386465549469,-7.809117106668925,-0.6449543408626522,150.70209311107456,-0.002186987653812029,-0.004775516436761199,0.038167893570786905,0.030023554389585917,-0.05084328347653471,-0.008944700722207254,0.038527607917785645,0.059719854017483545,-0.2,nm
10.944048404693604,-8.154279739882579,-0.43147825246163607,150.57295168892813,0.0,0.0,0.0,0.038030709377896606,-0.05582295985453584,-0.009456398327132364,0.0,0.06820528698003216,-0.2,nm
10.946234703063965,-8.468749964947195,-0.2220887327666001,150.46549273538034,-0.0026929982878389045,-0.005055582450893853,0.038457830645263376,0.03506876294154855,-0.05344465890696817,-0.008476366658311658,0.03888207674026489,0.06448254408488269,-0.2,nm
10.980262994766235,-9.162836579239551,0.1930152439832576,150.24008927204608,0.0,0.0,0.0,0.043499918777261,-0.057648073687790256,-0.00827954738756472,0.0,0.07269177559039351,-0.2,nm
10.986516237258911,-9.476448823161956,0.3959578323937756,150.14453085435164,-0.0031230858228255363,-0.00495434344916644,0.035055086887293786,0.0366022020710573,-0.05222208908031755,-0.007361506958848344,0.03554093837738037,0.06419547935071679,-0.2,nm
10.988847255706787,-9.804192244893533,0.5970183799391402,149.9985934916361,-0.0035956402250366544,-0.005442314978679118,0.037676261155646804,0.0397736291646519,-0.05358559838300857,-0.00786578988988195,0.038236737251281745,0.06719545060183843,-0.2,nm
10.99570894241333,-10.154447832787035,0.7973722758355694,149.83793491135322,0.0,0.0,0.0,0.04046111082101345,-0.053640931837424556,-0.00786493567948681,0.0,0.06764841661487742,-0.2,nm
11.003148078918457,-10.428895893905658,0.9956657943110754,149.73339288172642,-0.0048349830409013615,-0.006738528595585523,0.044854346041088,0.033188792615066236,-0.04886023238237724,-0.007150060023020225,0.04561465978622436,0.05949740853212493,-0.2,nm
11.033876895904541,-11.024810433794103,1.3874038895547653,149.5257774555495,0.0,0.0,0.0,0.03428494782738588,-0.04926394719442091,-0.006552295527957806,0.0,0.060376541118111096,-0.2,nm
11.041588306427002,-11.292593506904831,1.5781719132547223,149.32491103813624,0.0,0.0,0.0,0.02972154282711448,-0.04582476750804803,-0.005806276459511319,0.0,0.05492715422734852,-0.2,nm
11.044924974441528,-11.544454848595926,1.762585701047628,149.12064178133164,0.0,0.0,0.0,0.02765455637377793,-0.04366279384944697,-0.005106154894349546,0.0,0.05193541058637022,-0.2,nm
11.053460597991943,-11.798054812145395,1.9431472601437065,148.89957278483075,0.0,0.0,0.0,0.02664490642920696,-0.0423458268082778,-0.004819632747119905,0.0,0.05026279883288399,-0.2,nm
11.057119369506836,-12.019058073500284,2.119794746780299,148.7294030115037,-0.004213390683084594,-0.004825391209506697,0.02962437061599736,0.0,0.0,0.0,0.030309081077575684,0.0,-0.2,nm
11.08249568939209,-12.457790831312701,2.451281958176061,148.49606747097266,0.0,0.0,0.0,0.0,0.0,0.0,0.0,0.0,-0.2,nm
11.097989082336426,-12.643089405509865,2.6123154428862927,148.2882796322049,-0.005638912658942955,-0.0060054586382011065,0.03595168067693394,0.0,0.0,0.0,0.036883413791656494,0.0,-0.2,nm
11.105097770690918,-13.033450325133916,2.9240958430783808,147.91189800502423,-0.0046777658869298945,-0.004757475210251573,0.028110627394712394,0.0,0.0,0.0,0.028891563415527347,0.0,-0.2,nm
11.120443105697632,-13.2314007151372,3.0741356306439322,147.73410330016557,-0.0057292994558327814,-0.005706496587700186,0.033482172700232064,0.0,0.0,0.0,0.03444480895996094,0.0,-0.2,nm
11.13508415222168,-13.620238338952609,3.3571352903592797,147.39946846423356,-0.009159101961278433,-0.008787135040548589,0.050830730696793024,0.0,0.0,0.0,0.052391469478607185,0.0,-0.2,nm
11.153952598571777,-13.846221571741042,3.488981669347578,147.21450689423352,0.0,0.0,0.0,0.0,0.0,0.0,0.0,0.0,-0.2,nm
11.155943632125854,-14.05353290282311,3.614895953481407,146.98618468392246,0.0,0.0,0.0,0.0,0.0,0.0,0.0,0.0,-0.2,nm
11.163000583648682,-14.186516092579277,3.7309631862150447,146.8431021432044,-0.011217572440114551,-0.010245815528278834,0.058078730299193373,0.0,0.0,0.0,0.060032904148101814,0.0,-0.2,nm
11.200735330581665,-14.57836124929586,3.9507973250308996,146.57552977304988,-0.005404794800853063,-0.004821855731110975,0.02685704344471895,0.0,0.0,0.0,0.02781659364700317,0.0,-0.20297948056772036,nm
11.202982187271118,-14.947623819975503,4.145595856097446,146.27930881715926,0.014194974228045849,0.022183226489666596,0.007011251640122699,0.0,0.0,0.0,0.027253448963165283,0.0,-0.20297948056772036,nm
11.230634689331055,-15.16651115464464,4.329465302371929,145.7807915504371,-0.007522252346772947,-0.006360929925948119,0.034910040878057054,0.0,0.0,0.0,0.03627336025238037,0.0,-0.20551203905028267,nm
11.24244475364685,-15.345085840618113,4.412725689828609,145.6236829053701,0.013867341906764651,0.021218363683050204,0.006933712607982635,0.0,0.0,0.0,0.02627924084663391,0.0,-0.20551203905028267,nm
11.243947982788086,-15.434499670895645,4.487871956334236,145.4052856131586,-0.005646402157536199,-0.004668116913429423,0.02545140372189597,0.0,0.0,0.0,0.026484847068786625,0.0,-0.20551203905028267,nm
11.251395463943481,-15.503263020241185,4.559858894961652,145.23240567084545,0.0,0.0,0.0,0.0,0.0,0.0,0.0,0.0,-0.20551203905028267,nm
11.26056718826294,-15.554792698014495,4.621255551272823,145.05325457023292,0.0,0.0,0.0,0.0,0.0,0.0,0.0,0.0,-0.20551203905028267,nm
11.279194355010986,-15.60287760167219,4.723433944205982,144.74079595574386,0.0,0.0,0.0,0.0,0.0,0.0,0.0,0.0,-0.20766471376046064,nm
11.292400121688843,-15.603587866143451,4.767653141663754,144.55937672667616,0.0,0.0,0.0,0.0,0.0,0.0,0.0,0.0,-0.20766471376046064,nm
11.304934978485107,-15.596536457598166,4.803452702102204,144.38864275700269,0.0,0.0,0.0,0.0,0.0,0.0,0.0,0.0,-0.20766471376046064,nm
11.306824684143066,-15.588132036797303,4.835943766513165,144.25915024725515,0.0,0.0,0.0,0.0,0.0,0.0,0.0,0.0,-0.20766471376046064,nm
11.335697889328003,-15.582241265385862,4.890771633341154,143.75947010628744,0.009797440522219526,0.018610004962080557,0.03622551027123119,0.0,0.0,0.0,0.041888061782400114,0.0,-0.2094944872641119,nm
11.349357843399048,-15.619275318250345,4.9181115634785,143.42352759537872,0.010464441363491882,0.01948431501157944,0.03726973290163253,0.0,0.0,0.0,0.043337928597008996,0.0,-0.2094944872641119,nm
11.352779626846313,-15.655623220193116,4.920788641494013,143.2981035283679,0.010661858880843766,0.01952477154270595,0.03624806970891551,0.0,0.0,0.0,0.04253015984230821,0.0,-0.2094944872641119,nm
11.362405776977539,-15.696383288627763,4.916909460437776,143.1415469877731,0.008539457734632277,0.016171245571159933,0.03333320240211058,0.0,0.0,0.0,0.03802017759169993,0.0,-0.2094944872641119,nm
11.384315490722656,-15.776914173354278,4.894952922093368,142.5218305104727,-0.006212070182265503,-0.004466608060995817,0.02582928388578511,0.0,0.0,0.0,0.026938676834106445,0.0,-0.21104979474221547,nm
11.398310422897339,-15.803519281033674,4.877176243747476,142.42938059067876,-0.007031957517996529,-0.005054827030767008,0.029197845330424813,0.0,0.0,0.0,0.030455112457275394,0.0,-0.21104979474221547,nm
11.405730962753296,-15.821509903491075,4.85890212353982,142.38170502545535,0.0,0.0,0.0,0.0,0.0,0.0,0.0,0.0,-0.21104979474221547,nm
11.41402530670166,-15.826160685194216,4.83553873015672,142.21592082922425,0.0,0.0,0.0,0.0,0.0,0.0,0.0,0.0,-0.21104979474221547,nm
11.41843581199646,-15.816676521093099,4.810613259076175,142.0365558270157,0.0,0.0,0.0,0.0,0.0,0.0,0.0,0.0,-0.21104979474221547,nm
11.433457612991333,-15.79736707700971,4.781677634038843,141.9670679058411,-0.006656346253734172,-0.004756722773770261,0.02764163170826179,0.0,0.0,0.0,0.028826951980590824,0.0,-0.21104979474221547,nm
11.442433595657349,-15.772657390806105,4.747587168069135,141.86322987632138,0.0,0.0,0.0,0.0,0.0,0.0,0.0,0.0,-0.21104979474221547,nm
11.460407733917236,-15.62811398209189,4.666445520720622,141.86982963920124,-0.010024639975222826,-0.007191199221477075,0.04220836773119872,0.0,0.0,0.0,0.043974459171295166,0.0,0.2,nm
11.483790874481201,-15.58949952767613,4.627719373034344,141.90895491781075,0.028263906414032727,0.03062523964700178,-0.04140437552538333,0.0,0.0,0.0,0.05874585961465244,0.0,0.2,nm
11.50214695930481,-15.270172102050578,4.595753191518381,141.97881683932613,0.01823581821661878,0.013066390569797791,-0.07859312371062485,-0.042668824897097,0.059347982563459474,-0.0016961843322567233,0.08173221349716187,0.07311421676897598,0.2,nm
11.508061647415161,-14.508828932916073,4.5625169663829155,142.02890875080826,-0.11845585581775597,-0.14875482493778966,0.02328095955520666,-0.08001966651180714,0.08847399298165436,-0.004604775042212865,0.19157711449335643,0.1193817340130727,0.2,nm
11.50995135307312,-13.109143323531455,4.473430171672837,142.08036499403886,0.008693080968401762,-0.024660156721082172,-0.28136696406754697,-0.10761571234380168,0.11218608439611037,-0.009967471197051972,0.2825793011790138,0.155776152081951,0.2,nm
11.514002799987793,-11.378410032509874,4.42982824938678,142.0977656808133,-0.1888819912238883,-0.2442519497051585,-0.01301964063966646,-0.21104894368443375,0.19188095263980381,-0.013279737396595147,0.30903872344070143,0.285545632152895,0.2,nm
11.535107135772705,-7.996746314537761,4.317238707171613,141.97127070282554,-0.06805393916509206,-0.11387291698551856,-0.2191718706059591,-0.24156870749034506,0.2204557032042322,-0.016532094010820245,0.2561926789031883,0.327459108357381,0.2701069948383223,nm
11.552767038345337,-5.8741136452172285,4.252612207341037,141.92598293916802,-0.167568654547817,-0.20472191586196842,0.07618239978194813,-0.32289976649557917,0.28516545544888994,-0.018079743214707213,0.2753072372054485,0.4311733680307518,0.2701069948383223,nm
11.555625915527344,-3.6243089085124476,4.190874717331469,141.9019933337706,-0.08615871362017592,-0.10253218703648073,0.061957152335342755,-0.32140318887894526,0.28305025108691506,-0.01880227834361708,0.14756307816209385,0.42868517601245726,0.2701069948383223,nm
11.563480615615845,-1.3471864031340237,4.11986707487736,141.90176288395207,0.0,0.0,0.0,-0.3460678582747633,0.3049644690076687,-0.019451887676829895,0.0,0.4616759316037636,0.2701069948383223,nm
11.574043035507202,1.1573639250292809,4.043100278951837,141.9273748829047,-0.03696392906817368,-0.025528664372517707,0.1889654624391311,-0.3817350965497692,0.33376950898633895,-0.020846621429494346,0.19423179644856373,0.5075020696429405,0.2701069948383223,nm
11.595524787902832,5.685276421049996,3.9031612586103517,142.07709056349844,0.06330896869550434,0.08581869880308253,0.04109249961873187,-0.3607371221230867,0.3137903139325253,-0.023340441215563976,0.11428678010364116,0.47868612742762534,0.32969794045089623,nm
11.6094491481781,8.059026156228052,3.832955064183466,142.2914408107545,0.007243336979079799,0.03284682963481659,0.2143383762015688,-0.3645572733128049,0.3136790006200871,-0.02442232101597989,0.21696156263351443,0.48155266660988527,0.32969794045089623,nm
11.615862846374512,10.06293748593248,3.768229045331076,142.49783593732337,0.05872675704108177,0.08286116652047756,0.058537371652585955,-0.32608714250697546,0.27756711259273076,-0.024159090034152248,0.11722384053463498,0.42890557018148934,0.32969794045089623,nm
11.62795114517212,14.183057519551344,3.631391790787861,142.92988373423674,-0.001626215965205132,0.01572143741093493,0.1697684352332384,-0.32274620984196367,0.27331481403458496,-0.025046517882910818,0.17050257996339438,0.4236666515034805,0.3803502442215841,nm
11.64122223854065,16.004390072904233,3.561801568220883,143.18454288315604,0.007278994976513685,0.015902853242034852,0.059478743110744144,-0.28900156939318755,0.24434575527347915,-0.025518974035897587,0.06199681758880615,0.3793125008060467,0.3803502442215841,nm
11.649217128753662,17.86408735583852,3.494666435769262,143.43451811436995,0.007590048186230858,0.015661843536148305,0.05296051481745864,-0.2933797259084168,0.24571065943546708,-0.0262699769810676,0.05574691295623779,0.38358245974613553,0.3803502442215841,nm
11.660380363464355,19.751093122263004,3.4235220174356398,143.73715294601055,-0.004937410789945677,0.003954563335404169,0.10564809647700325,-0.2949917468969744,0.24564368141957654,-0.02743245361607912,0.10583731329590988,0.3848551525835263,0.3803502442215841,nm
11.675582647323608,21.545247247948375,3.359439407060364,143.9813067090235,0.012602831357660065,0.024131119521599145,0.06808789070706514,-0.2831307210913782,0.2327729087884422,-0.02836900946215714,0.07332873344421388,0.36762893383059525,0.3803502442215841,nm
11.677748441696167,23.31709699349663,3.3002246564150233,144.2719033425303,0.005399587122845339,0.010103780518656404,0.026301269549436394,-0.2832297489597965,0.22864404362701019,-0.029252547367862217,0.028687953948974613,0.365175164694217,0.3803502442215841,nm
11.68721628189087,25.164432212724087,3.2474690015093683,144.53058314180478,-0.0014182405144775576,0.006782479041299768,0.08972024722624114,-0.29536540308876236,0.23382041353289496,-0.029716153643092307,0.08998742240135787,0.37788325831375613,0.3803502442215841,nm
11.699573755264282,26.960055713351558,3.1818079754455244,144.8280437946326,0.0010436403272073619,0.009425935954559634,0.08232647513226804,-0.2886826491108602,0.22688234442309357,-0.03149595845213067,0.08287089936434854,0.3685176596954366,0.3803502442215841,nm
11.7074556350708,28.710828677242542,3.123732961742815,145.12319391096383,0.014641033623949406,0.026202123315824204,0.05444903951777042,-0.28448536045481915,0.2213050689551058,-0.03289112012279497,0.06217402219772339,0.36192496410342384,0.3803502442215841,nm
11.743653774261475,32.2487363692741,2.993121197101015,145.59667235644892,0.02473960675180433,0.043422043651326465,0.07883221569065796,-0.2927880485891518,0.22295843737363383,-0.03581470771242866,0.09333831071853638,0.36975397155576684,0.4234047024266688,nm
11.754915952682495,33.946259379264156,2.9288927015635435,145.8428628975448,0.02055574581749307,0.03586869491638088,0.06115898700158718,-0.2816793633006018,0.21335143147298324,-0.036082051411619145,0.07382088899612427,0.35519573681995986,0.4234047024266688,nm
11.757231950759888,35.55400088669741,2.849366871572471,146.12398870979828,0.023873581517129046,0.04152187460020402,0.06676968160091847,-0.2706612785564043,0.20644136223923346,-0.037014663949168365,0.08217179775238037,0.3424115201044611,0.4234047024266688,nm
11.7591233253479,37.167231081862305,2.78200787328624,146.42206439579235,0.018727034994975352,0.026075533740774856,-0.02429383602189358,-0.2716032022664629,0.20317591804632598,-0.03611030115211113,0.040259480476379395,0.3411051260310532,0.4234047024266688,nm
11.761759757995605,38.82144837956223,2.7229105515666188,146.67859133603267,0.031853790950615454,0.05530029392755449,0.07908598317460817,-0.2809309773859661,0.20546393716535644,-0.03599578444732,0.10162371397018434,0.34990475851080055,0.4234047024266688,nm
11.787024974822998,41.714433463227486,2.628858422514877,147.08354849687564,0.03808059063355608,0.05843035127653768,-0.004689605900773501,-0.24285068612122965,0.17551927892466504,-0.041573001212322325,0.06990157177635305,0.30250915267737954,0.46000099190099075,nm
11.798335313796997,43.168930946059774,2.585609490266921,147.30813430307919,0.030786374331910303,0.04904566606345457,0.012869457159461526,-0.2537051258572112,0.17799543948581822,-0.04188067319476439,0.05932032646312409,0.31273416530852466,0.46000099190099075,nm
11.799923658370972,44.57132468984947,2.5497097127775574,147.59021323809444,0.03249985106537759,0.0566922946952018,0.06619928929483088,-0.24660734110029858,0.16964972497897277,-0.04218876955288646,0.09301936626434326,0.30228480303579053,0.46000099190099075,nm
11.810468673706055,45.83112854727877,2.5104808846556073,147.86563091855612,0.02778781382319003,0.0437392035983497,-0.006058536534370986,-0.22214369841221793,0.15323925620531725,-0.043300450948726504,0.05217265944370161,0.2733221934621855,0.46000099190099075,nm
11.841448783874512,48.259050694714716,2.415405488470067,148.42590340007283,0.024693758870165023,0.040332330819441396,0.001893068376616497,-0.21364535608021018,0.14558507667587223,-0.03916481797709048,0.047329296892572384,0.26148276366242196,0.4911078379541644,nm
11.847826957702637,49.42089104885703,2.3677104705627854,148.71550670907232,0.017329029646130492,0.030933027031069475,0.03032238410443508,-0.2047781163709641,0.14007645208093236,-0.03898742937516634,0.04665398597717286,0.25114838048712446,0.4911078379541644,nm
11.849130868911743,50.527563748977066,2.3199916868059485,148.99734501246306,0.0,0.0,0.0,-0.19276614799713399,0.13154178238501485,-0.03859226666535851,0.0,0.23654046455744038,0.4911078379541644,nm
11.857787847518921,51.578231930082836,2.277296218148192,149.29665661740313,0.013956244298023602,0.025283732218185858,0.022878278340552817,-0.18668627532794987,0.12453995256328984,-0.03769790941532507,0.036843717098236084,0.22755899796443038,0.4911078379541644,nm
11.89434003829956,53.73606037644837,2.2170183076649903,149.79117035404624,0.008653280046227216,0.01979673473055511,0.06412858892802241,-0.19055940948960068,0.12057657171466724,-0.04081340062588764,0.06767027323315371,0.22916660285071386,0.517548657099362,nm
11.898263454437256,55.72783657307895,2.1752961874214463,150.26977751431156,0.0,0.0,0.0,-0.1748149547686774,0.10521801674912114,-0.04231416626989298,0.0,0.20837847328001327,0.517548657099362,nm
11.934348106384277,57.7308780464194,2.1193152279032357,150.75380616998856,0.00632685455511693,0.015320205291104061,0.0530869045924767,-0.17744754887930356,0.10684994932276369,-0.04373929206368542,0.05561436161580838,0.2117018420887791,0.5400233533727801,nm
11.936346769332886,58.66398551870006,2.089373301201583,151.01978078403346,0.0,0.0,0.0,-0.16441125635659332,0.09763816340511886,-0.041552642367170524,0.0,0.19568059243975144,0.5400233533727801,nm
11.937560319900513,59.556270113196504,2.0582567685379844,151.28242928507123,0.0,0.0,0.0,-0.16208477668046845,0.09641371975541228,-0.041817091169782196,0.0,0.19317284825392614,0.5400233533727801,nm
11.947186708450317,60.478960905539566,2.0348978552210286,151.55357110629012,0.0,0.0,0.0,-0.16283347118886154,0.0945605586971679,-0.04198022598484435,0.0,0.19292168870884616,0.5400233533727801,nm
11.955944299697876,61.38545254602202,2.012265858745778,151.77551076749404,0.008482762012017211,0.01883659797391065,0.040818711277782534,-0.16726455206111907,0.09417419777183178,-0.04335343018531773,0.045748681565289155,0.19678854085288633,0.5400233533727801,nm
11.966220617294312,62.25557424942092,2.007881049874593,151.9709736853363,0.0,0.0,0.0,-0.15663495283667234,0.08423278081874687,-0.0454575030572407,0.0,0.18356485066265998,0.5400233533727801,nm
11.991924047470093,63.97351495278642,2.0104274535738376,152.2988253979044,0.0,0.0,0.0,-0.16043825453803176,0.08174295378669323,-0.05101609374961864,0.0,0.1871496348766238,0.5591268452051853,nm
12.001930952072144,64.86002081276693,2.007382387504922,152.49253855610164,-0.00564954927855011,-0.009120246847363693,0.022783509136333226,-0.16256000272776713,0.08239528193222927,-0.05327261010087416,0.02518302202224731,0.18987550647332838,0.5591268452051853,nm
12.003192663192749,65.72143974995143,2.002882204122652,152.6577684988756,-0.005958541994223884,-0.00962034024671311,0.024997261456318167,-0.1569588433304083,0.07981175730330806,-0.05408200947620361,0.027439355850219723,0.184203308473127,0.5591268452051853,nm
12.007898092269897,66.5445351617585,1.9956296327663428,152.8285510974523,0.0,0.0,0.0,-0.14933302155153375,0.07683853244842039,-0.054462233131006225,0.0,0.17655210628070644,0.5591268452051853,nm
12.018396377563477,67.38144809018507,1.9867241682100127,153.00404214399714,0.0,0.0,0.0,-0.15138939227291404,0.07984797004874523,-0.054749131609976354,0.0,0.1796995098093316,0.5591268452051853,nm
12.037527322769165,68.89858219839012,1.9740409168931874,153.2683870095429,0.0,0.0,0.0,-0.13348422120423753,0.0701275845326543,-0.05449434901926419,0.0,0.16032950289301023,0.5753648132627298,nm
12.058913230895996,69.58297499425254,1.9647390002157803,153.37079956240962,0.0,0.0,0.0,-0.12654653768030186,0.06514354453063212,-0.05595377872470836,0.0,0.15293309957775697,0.5753648132627298,nm
12.065031051635742,70.27579749904226,1.9546488875642867,153.4735305250516,0.014357828577272719,0.02966643910114299,0.011808705107386321,-0.13471152283565868,0.06812506334574331,-0.05712551829613383,0.03500986099243164,0.1614049053813596,0.5753648132627298,nm
12.067901849746704,70.90850331104012,1.9346086986094244,153.56307040267706,0.011290077668946496,0.025540249978684905,0.037344241836647904,-0.12415339991611028,0.06192258240442079,-0.06020672652826678,0.04663006134564485,0.15123929000630557,0.5753648132627298,nm
12.086406946182251,72.08147275094225,1.8728168906432316,153.6717754912829,0.0,0.0,0.0,-0.11090313495182824,0.05806734564427764,-0.06579177307688022,0.0,0.14142092976966011,0.5891670861116426,nm
12.104513168334961,72.6716764051818,1.8300119987083978,153.6903432084121,0.00922364767733597,0.022584645704603095,0.05451641266794978,-0.11313794726505165,0.06318780635884302,-0.06703815519380942,0.059725883402928975,0.14590067935270737,0.5891670861116426,nm
12.106076955795288,73.19486400040005,1.783750612555056,153.7112426701173,0.00911175556440983,0.022900929677784936,0.06336561445586944,-0.0998532462863916,0.059832132610790935,-0.06662876771244639,0.06799027698827455,0.13412661023661632,0.5891670861116426,nm
12.112765550613403,73.6968726382252,1.7272715958173246,153.71863949533625,0.0,0.0,0.0,-0.08770580790377819,0.056303430617216606,-0.06623617248182741,0.0,0.12348933388906329,0.5891670861116426,nm
12.133000135421753,74.90422188176683,1.592612762344336,153.72089014147258,0.012969652710060441,0.030839577924874274,0.07282664010978684,-0.1118657503307664,0.07189645118622422,-0.06521498331078825,0.08014368950631351,0.1481082031437316,0.6008990180332184,nm
12.151341915130615,75.46108937391223,1.521223685821163,153.69607705812666,-0.0038111130477285773,-0.006064008029359364,0.02746345454773125,-0.09691410372420835,0.06338508487938617,-0.06719536095076342,0.028382003307342526,0.13388513367486693,0.6008990180332184,nm
12.152629137039185,76.0409491274236,1.4350122853404943,153.6407438273553,0.0,0.0,0.0,-0.10100034513937882,0.06570717662888567,-0.06940927552324425,0.0,0.1390544868297131,0.6008990180332184,nm
12.160246133804321,76.6773336337824,1.3529598985568818,153.59873752215418,-0.0030949048559230892,-0.004934611928435702,0.024469177303691594,-0.11147961197262986,0.07149347809251731,-0.06884414038516927,0.02515292167663574,0.1492599643598586,0.6008990180332184,nm
12.19371771812439,77.82247714554765,1.1489836943248903,153.4368701472603,0.01326898930370799,0.026829837149664866,0.0064578118229813375,-0.0977324271064223,0.07010310564196627,-0.07148807216664695,0.030620411038398743,0.1399164650456284,0.610871160166558,nm
12.199710369110107,78.45337623205089,1.0186063884708467,153.3648410005135,-0.02036304757620822,-0.04097247687932153,-0.00934592797954891,-0.09963361072377956,0.07527668670296808,-0.07032369116749954,0.046698436141014106,0.14331384261911445,0.610871160166558,nm
12.200961351394653,79.09287683444975,0.880519050061105,153.29038293012474,0.012575609196281017,0.026966492281773096,0.0577038419538048,-0.11343715477530979,0.08761421239896712,-0.06909692046316294,0.06492357837388663,0.15911826644135355,0.610871160166558,nm
12.236089706420898,80.25796771400343,0.5709255978099885,153.1212167648503,-0.012236159676209047,-0.02486253649314883,-0.03273873829823729,-0.09166860286569922,0.08024615512860184,-0.06724627720237451,0.04289165781192551,0.13915688973906934,0.6193474809798966,nm
12.24272608757019,80.86891941555821,0.4241099573201709,153.04228925741967,0.017374712224750233,0.034262924153729,0.006174531034195148,-0.10792841406724588,0.08893369596854914,-0.06050212351109339,0.03890955448150635,0.15237536477741015,0.6193474809798966,nm
12.243963241577148,81.35580039862502,0.2701708437490109,152.94492941366875,0.02102198950657698,0.04123307072706006,0.007036047970063405,-0.087701382970265,0.07749369291217446,-0.06268023805145134,0.04681448638439178,0.13276150518222551,0.6193474809798966,nm
12.25065302848816,81.75717507940313,0.1061970314593355,152.8184865107328,0.002129024702257405,0.004018560296178758,-0.03138999904002892,-0.06541768025490388,0.06512820861984381,-0.06556426812821436,0.0317177176475525,0.11322468680968442,0.6193474809798966,nm
12.273143291473389,82.54403667951185,-0.22287146784229087,152.59507618266736,0.02483214384296739,0.04747831348383968,0.049422139535972534,-0.06563418057764005,0.06581922190810603,-0.05924941833916685,0.07289289056842728,0.11022934820734616,0.6265523536712344,nm
12.28478217124939,82.85679103412743,-0.3892711607451247,152.48664140015046,-0.026637984616811907,-0.051035868422444446,-0.0072145785521738216,-0.03707175669474241,0.0517718369435954,-0.06435261009392304,0.05801975727081298,0.0905311917012523,0.6265523536712344,nm
12.286055326461792,83.26495512962929,-0.5845312954489258,152.3932823750176,-0.024061779197786903,-0.04587811340672927,-0.0061175062805211965,-0.05392137949254643,0.06359112478421433,-0.06258980310590488,0.052165068686008446,0.10425367988966464,0.6265523536712344,nm
12.294671058654785,83.64302173695147,-0.7445140966111239,152.27415925332699,0.013012159556088927,0.023636665132481412,0.0401233287916188,-0.06327676368700727,0.06927750678770754,-0.05402209802422983,0.04835172952665215,0.10826684092722814,0.6265523536712344,nm
12.306703090667725,83.91331913439754,-0.9011975363373893,152.1401363172886,0.0,0.0,0.0,-0.039922395559128056,0.05606853699686177,-0.05523319174422267,0.0,0.08825068826021705,0.6265523536712344,nm
12.313157558441162,84.13423468668192,-1.0929834767318805,152.02097414067174,0.0,0.0,0.0,-0.03139391344327046,0.05295023011937085,-0.05920113700383314,0.0,0.08540538211099173,0.6265523536712344,nm
12.347082138061523,84.55681871355317,-1.4433714388871413,151.7830528492903,-0.0012738333934506243,-0.005342928473994487,0.05571086635419664,-0.022532739906151414,0.04904218177378051,-0.05270965708326252,0.05598098039627076,0.07543982973632644,0.6326764954588715,nm
12.353285789489746,84.74179755120728,-1.6300037601203619,151.6043624381621,-0.03176781042928207,-0.05839807519795754,-0.0061157124234793,-0.009900026877359552,0.04297133111438377,-0.059300265820744165,0.06676024943590164,0.07389903488087897,0.6326764954588715,nm
12.354541301727295,85.06643025172056,-1.8336650855028036,151.43582873577284,-0.022719770926363916,-0.043855912980596726,0.03170499341772494,-0.03713068129998204,0.06015505561040667,-0.05588234790352891,0.058691870833413595,0.0901119027459913,0.6326764954588715,nm
12.360312700271606,85.38912203631321,-2.0184370951415893,151.23669058445006,-0.0006317358209474357,-0.0069801188480636,0.07959012668734533,-0.046422671363637584,0.0653347686552987,-0.04947475319580197,0.07989811897277833,0.09418836242107204,0.6326764954588715,nm
12.375552415847778,85.62816981448879,-2.202351104688145,151.02165504313575,-0.00011869487888695142,-0.002966084173145655,0.03466633656492872,-0.02875244114094554,0.05494286783312202,-0.05303028609062144,0.034793198108673096,0.08159431867565664,0.6326764954588715,nm
12.406711101531982,86.19056482879373,-2.6171076651993284,150.59393909579984,0.02253588376033832,0.03388960733778712,0.06547393689804384,-0.0428962510613189,0.0672143211256014,-0.048552588359108924,0.07709220424464397,0.09335527385134837,0.637882015978363,nm
12.412113428115845,86.40999826390659,-2.8257808220466467,150.38316063259222,-0.016030934737238916,-0.027998326005233182,-0.0020216888432722908,-0.01947917347882209,0.05457520362963817,-0.05172633978140662,0.032326217740774155,0.07767564147025789,0.637882015978363,nm
12.414008617401123,86.74336320963651,-3.06007939777836,150.0888842675335,-0.03828532445454386,-0.06109077006446813,-0.050925588513027455,-0.029228249837522605,0.06373782206388623,-0.05516657400393071,0.08826813593283594,0.0892196807736019,0.637882015978363,nm
12.419827222824097,87.06480183721644,-3.271556350265691,149.8079767293825,0.03937537205239058,0.06165800956828925,0.05293958598724235,-0.05407508620359574,0.08003161740242164,-0.04632126159317991,0.09030354274715946,0.10712065163897068,0.637882015978363,nm
12.444181203842163,87.68638481441485,-3.668452041345753,149.32386006680395,-0.042554138947069275,-0.06434532369870533,-0.05882177658762502,-0.035718591418152854,0.06479739315791914,-0.04316139752800486,0.09701122009511125,0.08565877753931207,0.6423067084199309,nm
12.456179857254028,88.06495363283551,-3.8835230053962646,149.11844950019452,0.03767716823055757,0.05816856930061093,0.03652980052766009,-0.06462506038597374,0.08261976619900548,-0.03323145904986003,0.07834269453461726,0.1100306960227536,0.6423067084199309,nm
12.45747685432434,88.28873965148102,-4.063158876622453,148.93342075559985,0.03279892273528786,0.05038339541056543,0.029492400542407423,-0.03841318600858851,0.06236094888113335,-0.02684186293980985,0.0669631059274177,0.07800606649976195,0.6423067084199309,nm
12.490394830703735,88.86578816413629,-4.493035987456554,148.4034058765787,-0.005143461311945292,0.039810369881068564,0.0026031579721094112,-0.04930577450131995,0.06977752559894926,-0.028581924969054286,0.04022557862558009,0.09009377843571485,0.6460676969952636,nm
12.50149416923523,89.40053578293428,-4.869811583832984,147.92865312897584,-0.03136858315625688,-0.04406679193217921,-0.037359229792544586,-0.028184842810970046,0.05290506713503799,-0.023072179614554118,0.0657387420865134,0.06423127715535644,0.6460676969952636,nm
12.504815578460693,89.79696630671899,-5.045704269781778,147.63973337732136,0.0,0.0,0.0,-0.05764170879326554,0.0733879355013521,-0.019273448327496674,0.0,0.09528809726398638,0.6460676969952636,nm
12.51765251159668,90.09546181622004,-5.192943273439952,147.40476198031138,0.05642559979204135,0.07632411726095602,0.07066834981442459,-0.057399024577049915,0.07129925451040227,-0.009688329183969169,0.11833526462153902,0.09204398643318774,0.6460676969952636,nm
12.54832148551941,90.95520474312093,-5.4930105564159994,146.975807497616,-0.02416117659953037,-0.03730072835829112,0.0007375812871225652,-0.07213877686342555,0.0779468006704857,0.00518187260587078,0.04444829374551773,0.10633230302132558,0.6492645372842963,nm
12.555374145507812,91.38110356690939,-5.630358446299883,146.86200502201194,0.0694425449617279,0.09674054982155635,0.05339737726618088,-0.08557893024174998,0.08390073591335204,0.01784736719009719,0.13050778110689598,0.12116771560008263,0.6492645372842963,nm
12.556782007217407,91.72990632646756,-5.74398738103798,146.75403418800767,-0.004668715738610684,0.0013788596439671973,-0.04633224879071538,-0.05425898777621828,0.054766560241300534,0.018484321431337426,0.04658728837966918,0.07927852176939731,0.6492645372842963,nm
12.565402269363403,92.24226628891438,-5.887890947963568,146.61609054180994,-0.05968413674289969,-0.005788488009128667,-0.06799559040635099,-0.07733998070490283,0.06574512656781023,0.01915351011882836,0.0906592691724637,0.10329932832658782,0.6492645372842963,nm
12.583430767059326,93.00027030733625,-6.010137445963895,146.38825860679847,0.01994250105157538,0.03764426732432875,-0.040179027445581356,-0.06784180286922364,0.04407924878377508,0.030696918458270515,0.05855893148829127,0.08653202408774596,0.4746488404618394,nm
12.602041482925415,93.46506525516278,-6.061732064437307,146.25222713204764,-0.04678130428909207,-0.008115839198757068,-0.07375680986810026,-0.07875078905892624,0.04844561251590228,0.0320357854329422,0.08771786750034338,0.09785170257971987,0.4746488404618394,nm
12.60431957244873,93.7786295570733,-6.07277889755039,146.21537888396722,0.11823927566914592,0.16548778231433442,0.058741595877014566,-0.09569375292059565,0.058904492192275476,0.042709374715250215,0.211700986044608,0.12021282892031743,0.4746488404618394,nm
12.613014221191406,93.83428496805024,-6.040835884355881,146.22763180978632,0.05254048201414202,0.07977794794007158,-0.006366469171143321,-0.03997139859654236,0.012545281305291395,0.04170615531011182,0.09573690593242644,0.05911429758987018,0.4746488404618394,nm
12.617729425430298,94.07025273771954,-6.02648118269278,146.20877830986473,-0.04656969053427131,-0.05067133928797029,-0.09965626356489836,-0.040566841559895504,0.00766195579584364,0.0412973793547543,0.12111024551792011,0.05839390158512799,0.4746488404618394,nm
12.652598142623901,94.1836667140226,-5.666520181411006,146.33173835094811,-0.018829922191749313,-0.0009420516515881829,-0.15267766233089924,-0.030665963467933016,-0.032389251194332176,0.046537012078095,0.15383732318878174,0.06446051816036627,0.32622549816275104,nm
12.65917682647705,94.26965190610393,-5.449090899482144,146.29002347477734,0.025964207361071356,0.1357781090318176,-0.11688013576855485,-0.048057401717155945,-0.027252965572859635,0.04673633207744019,0.18102707281901423,0.07236382195802223,0.32622549816275104,nm
12.667705297470093,94.19377540930292,-5.198375254264562,146.28977831749913,0.062141335411037134,0.11331819082839724,-0.12308613372620535,-0.024959459651005926,-0.050760670409487674,0.05644044342274431,0.17847339929231296,0.07990709568146519,0.32622549816275104,nm
12.679971933364868,93.94917425610335,-4.914850463263184,146.31671341695255,0.00890976759522438,0.0407827498216315,-0.1768110975078439,-0.0005700748491101037,-0.07496486017269872,0.051879536869942344,0.18167217960805937,0.09116765650100679,0.32622549816275104,nm
12.68411636352539,93.63332897088124,-4.610151778138206,146.33904799646984,0.050846783505954084,0.10281851299344519,-0.18190986365187858,0.009031172812951745,-0.08638484153516669,0.04385835559975816,0.21505404088491265,0.09730086477184105,0.32622549816275104,nm
12.705625534057617,92.44492966489666,-3.9339634648867174,146.52571946582998,0.02663918548753071,0.06486294733298398,-0.1971149175165231,0.0655455341287964,-0.13466007156110826,0.05935498649784666,0.20921553204221294,0.16109800228193885,0.2000656572085259,nm
12.724922895431519,91.64800111319263,-3.552977234719296,146.62086081678655,0.051253100519730754,0.09498852143020037,-0.15238442221979157,0.08147965816841982,-0.15204248128182066,0.054512462722883015,0.18673701200255122,0.18090732268675316,0.2000656572085259,nm
12.73284125328064,90.68306416839853,-3.1289404466442954,146.72704231178324,0.05338300877776226,0.09458891709327584,-0.13285391264520177,0.10526254085999878,-0.17750925252458374,0.05233026523661495,0.171601197455566,0.21290418948408182,0.2000656572085259,nm
12.744597434997559,89.54323648116403,-2.6588633974798537,146.8160541127239,0.040768941424043546,0.0724961946704005,-0.11970479319465602,0.12996165728363426,-0.20416606371067397,0.04978439375403424,0.14576365232903937,0.24708763586322263,0.2000656572085259,nm
12.746362924575806,88.25710985567318,-2.1501394276094357,146.8551862667129,0.0474278114433036,0.08001689798129939,-0.1075760767446654,0.15071414773362948,-0.22642513642081172,0.039238019391164065,0.14221361942031213,0.27481397143522174,0.2000656572085259,nm
12.749800205230713,86.78415306886835,-1.6134420907281641,146.86709369719154,0.06925591803532705,0.11041450895190542,-0.08362331394289911,0.1793577285585399,-0.2513754663630646,0.03190009395345998,0.15485672282726057,0.3104455441412659,0.2000656572085259,nm
12.784562826156616,81.5730041246877,0.020411688957747323,146.8651315631925,0.05415368955304644,0.08290450158652961,-0.08697630592944913,0.23724508026328933,-0.28780260274809294,0.0333336744730457,0.13179778552256388,0.37446855690643266,-0.2,nm
12.7915940284729,79.63552362507207,0.5584925029718987,146.8713352929806,0.032139788380623,0.04753654001421455,-0.09598028892400198,0.25840603199320544,-0.30159790387090335,0.037123192245688295,0.11182533029510419,0.39888983992113225,-0.2,nm
12.80167531967163,77.50540200201407,1.1066343249284138,146.87317068802966,0.05774082283211688,0.08776502302650895,-0.020330672701116607,0.27085486746958615,-0.3098392143739054,0.03522434380559725,0.10700485101458476,0.4130417078121057,-0.2,nm
12.814826965332031,75.24588245202422,1.6539822262297414,146.82703263468812,0.04179522553128577,0.06500924342226708,0.0203444354761875,0.2968315825624012,-0.3291479462751351,0.02641054676901368,0.07991832494735719,0.44400999529771523,-0.2,nm
12.832602262496948,70.75712592061637,2.788356876020152,146.5739453289895,-0.03032407494071742,-0.04768520150303822,-0.01970024281597197,0.3082305488394606,-0.34512457264035773,0.016913016929760476,0.059845864772796624,0.46303681497234217,-0.24722601622981247,nm
12.846177577972412,68.66475376339173,3.3577439382792713,146.38457599634313,-0.03373649999704982,-0.053355776315280226,-0.02460808276176631,0.2923373803694747,-0.3334334139574702,0.010741416257477857,0.06775358319282532,0.443570020997629,-0.24722601622981247,nm
12.853943586349487,66.58044551872334,3.9203720103770534,146.11419626512102,-0.010559692064632168,-0.01138121446809699,0.0353223958450333,0.2808175004898137,-0.3234105559540668,0.006086351645028275,0.038583815097808845,0.42835721070178334,-0.24722601622981247,nm
12.857113361358643,64.44108812595141,4.47945314208511,145.81316448928803,0.060579843697717975,0.0478902875459598,0.11909732477100554,0.28633213595161,-0.3289094470906592,0.006360582119037122,0.14194213564437103,0.43612839103753315,-0.24722601622981247,nm
12.868149995803833,62.120705946170574,5.056898150812231,145.4933399196221,0.07780285831861168,0.03215299601067957,0.1173292438699615,0.3124131910721765,-0.3533493810296221,0.006931572949057944,0.14440654895850685,0.4717052403074037,-0.24722601622981247,nm
12.879608392715454,59.65124210492279,5.7035187920265304,145.11843871085702,0.05089907496173938,-0.0086931845255292,0.01759815264445519,0.33040927375304413,-0.37379187515951723,0.005553413896186912,0.054552564244526675,0.49892032883335646,-0.24722601622981247,nm
12.907704830169678,54.0040614562189,7.013714603686816,144.23691410582836,0.08002319836251766,0.08896484390531081,-0.10517886108820516,0.3817931245361515,-0.4299138626044059,0.01019577949861009,0.15931430741485564,0.5750616254994777,-0.28736813002515305,nm
12.927162408828735,50.721208960474115,7.625891607454322,143.6871850462844,0.16504966900597295,0.21885237995434506,-0.025344970845331636,0.40198494592028633,-0.4430807890003983,0.00827920197282927,0.2752819009630182,0.5983151573485815,-0.28736813002515305,nm
12.92947244644165,47.37667701974925,8.198592005992486,143.10386451559728,0.20948488259081008,0.3094606539566862,0.1267336130123602,0.461746487974119,-0.4822178417229628,0.010199533314380995,0.3946026115582005,0.6677184260691154,-0.28736813002515305,nm
12.930726766586304,43.47946467520593,8.734562295577318,142.46399955691066,0.1801365998625839,0.22730701821526472,-0.028339276808410627,0.5478957976555098,-0.5464648930853095,0.020931595941181207,0.291411718621594,0.7741135680066272,-0.28736813002515305,nm
12.932675838470459,39.31031864174753,9.243966262293004,141.80380687556286,0.15172462324100774,0.1887647165326471,-0.015460591661749042,0.5870501837137657,-0.5802235996679279,0.03162631423291309,0.24267572890548347,0.8260070021264547,-0.28736813002515305,nm
12.943510055541992,34.86062563425426,9.761467254327467,141.04516926369104,0.14115520951558494,0.14147788795756291,0.1022844843997273,0.6211993160800752,-0.6224073320263446,0.04645759375392403,0.22450590572018247,0.8805894533072208,-0.28736813002515305,nm
12.966717004776001,25.117587626320752,10.816324469984508,140.02930680637863,0.054284029606075423,0.10812783309930901,0.45127625841766567,0.6895727086094838,-0.6976443811605129,0.06451138679604886,0.4672137043928325,0.9830462461401318,-0.32148892675119256,nm
12.97528862953186,19.859869790571846,11.299746008459351,139.39662132686198,-0.02853249428786167,0.00818263754890743,0.5073942551301324,0.7279274701086754,-0.731675047134783,0.06552795637022416,0.508261732699409,1.0341763338060688,-0.32148892675119256,nm
12.987547159194946,14.47275390507901,11.725285857155535,138.4929172787654,-0.10847739364560614,-0.10107554521826108,0.4362761078480029,0.7428002453355171,-0.7487749077250642,0.062377798001850816,0.46078243570291916,1.0565543320590487,-0.32148892675119256,nm
12.994139194488525,9.11669913530871,12.101849110364407,137.51008244190427,-0.1709405882824151,-0.2090696348585134,0.31195133337910924,0.7314606842111773,-0.7481031800942104,0.059149420336681954,0.4126068726272194,1.0479464464083648,-0.32148892675119256,nm
12.998187780380249,3.8761741127686897,12.437467743484882,136.50314854540795,-0.19348347341628874,-0.2659137048598056,0.16150422338735787,0.7066614221844766,-0.7378256346887891,0.058341675097535385,0.3663735349195587,1.0233087431762165,-0.32148892675119256,nm
13.008533000946045,-1.150905048144413,12.760402607414319,135.4762697970126,-0.20449792288632077,-0.26111152274358274,0.05937460030434122,0.6643137052006296,-0.7182462554527587,0.05913998202381242,0.3369331846755264,0.9801468868812855,-0.32148892675119256,nm
13.029970407485962,-10.301365811634499,13.392428838197329,133.39287984921242,-0.19228331178326943,-0.19775342611857277,-0.048726202985944815,0.554765230286678,-0.6496679846911801,0.05531774502868952,0.28009557723999023,0.8560917030218138,-0.3504916039683261,nm
13.053526163101196,-14.18179455188864,13.636308407025048,132.34660151779403,-0.283634298086513,-0.2512775660294961,0.022032092318258388,0.4815776327454925,-0.575496358446153,0.03972029543565788,0.37957113079455473,0.7514590985642741,-0.3504916039683261,nm
13.059221029281616,-17.939015233845883,13.814367869720726,131.24753684837,-0.2784665923532116,-0.24505065781839477,-0.0026394120643133804,0.4641001777101975,-0.5570922081240848,0.02948828466618618,0.3709453254188317,0.7256791730756502,-0.3504916039683261,nm
13.062317371368408,-21.577421093461705,13.933738239797034,130.06985020317438,0.0076300406449869625,-0.06879675534627193,-0.23199937232976733,0.4464337775158772,-0.5405454942014761,0.013845740667303114,0.2421051833972684,0.7012020062316137,-0.3504916039683261,nm
13.064046382904053,-24.747672557505613,13.993434711453538,128.77804580701593,-0.12069402486577965,-0.1050352463630831,-0.02524767343125975,0.3857955053987534,-0.47196761948276933,-0.013463738186830826,0.16197807144964574,0.6097318083158162,-0.3504916039683261,nm
13.092079639434814,-31.02342939518158,13.934483182199681,126.22120268819538,0.023973783317457486,0.023527715283307236,0.01940472066709577,0.3759842557982852,-0.4637695719337129,-0.01939714620606104,0.03879225254058838,0.5973463197682806,-0.37514387960288964,nm
13.098557472229004,-33.82934475419037,13.83174335232406,125.04372223082498,-0.06926033564313211,-0.04298962294579152,0.12394382355624248,0.3391361814985624,-0.4196000692949131,-0.020021224937547204,0.14834814852960454,0.539887411597753,-0.37514387960288964,nm
13.104820728302002,-36.678549203682294,13.725242336768337,123.9017156011119,-0.02211797229948184,-0.04022687489062312,0.06152535081087104,0.3358465040991342,-0.43308843852552414,-0.009461502633599806,0.07676441203127424,0.5481313619308533,-0.37514387960288964,nm
13.112189292907715,-39.52555913334835,13.64371337932109,122.79585448299245,0.056400175845491174,-0.00469437179537788,0.04646773240707686,0.32281046998738466,-0.4420951668536551,-0.004504198738085549,0.07322750246329085,0.5474258158829464,-0.37514387960288964,nm
13.123613834381104,-42.25214969117432,13.59103143706627,121.69038413439564,-0.04261437342551166,-0.0756617953263875,0.09623478128077807,0.2967239244834821,-0.4315786402424475,-0.008713072955550055,0.1296218547260465,0.523814020158613,-0.37514387960288964,nm
13.133373260498047,-45.00955816337444,13.528921390775377,120.5685462763651,-0.0019491669051626959,-0.061443166268764185,0.04634560099277831,0.2927845162215339,-0.4415578472397189,-0.009702036776514008,0.07698686033432586,0.5298964379156227,-0.37514387960288964,nm
13.149856805801392,-50.309657496887795,13.285858100347756,118.44056584245993,-0.034624803493272766,-0.05161274198094424,-0.012792905982777481,0.2754551910503588,-0.4182374357160638,-0.024192116737101657,0.06345400377614845,0.5013814649776753,-0.3960983138922686,nm
13.164655685424805,-52.9242837195423,13.086794407419475,117.38528009972272,-0.029331936134706797,-0.028391213944369775,-0.050406236257708174,0.27884056202259405,-0.42043295668423164,-0.02643206283912222,0.06486302614212036,0.5051876720994412,-0.3960983138922686,nm
13.183381080627441,-55.499533995653884,12.835830211033452,116.37121864129979,-0.019035398509795676,-0.018565461720536334,-0.035892594826086976,0.27703123144740904,-0.41426798259985853,-0.026820292023194008,0.04466879367828369,0.49908275132369984,-0.3960983138922686,nm
13.184649467468262,-57.93899786424953,12.549423228995947,115.40966820389667,-0.01849088111004866,-0.018197206523745246,-0.03819703972791527,0.2646920094257815,-0.39252758092968054,-0.026815462567764573,0.04617428779602051,0.47419282014502084,-0.3960983138922686,nm
13.188668251037598,-60.270687069810755,12.242942474793306,114.53983090774656,-0.01672028888358226,-0.016668731774214976,-0.03787565277541544,0.2532681612387343,-0.37635242666546587,-0.02498844218934973,0.04463160037994385,0.45432403942261834,-0.3960983138922686,nm
13.215599775314331,-64.72296233192885,11.663436297319034,112.84775030855596,0.0,0.0,0.0,0.2316054121575431,-0.3614486175903654,-0.027354334961229784,0.0,0.43015628524970173,-0.41390958303824077,nm
13.229374408721924,-68.97980153158599,11.095501476216743,111.16554609360142,0.0,0.0,0.0,0.21720845889986692,-0.35309850808765947,-0.0324899899446546,0.0,0.41582889567463904,-0.41390958303824077,nm
13.25672698020935,-73.0170014454353,10.434197267416378,109.60286860850731,0.0,0.0,0.0,0.20284833413905057,-0.33777936345326753,-0.039142337904784594,0.0,0.3959475566972662,-0.4290491618123171,nm
13.258529901504517,-75.00623251492603,10.076046299303703,108.88087917693268,0.0,0.0,0.0,0.1995651062803035,-0.33547665555227446,-0.03884714538623207,0.0,0.392275309916221,-0.4290491618123171,nm
13.271937131881714,-76.95336504020524,9.700558853616982,108.21439873296109,0.0,0.0,0.0,0.1944721989528262,-0.32565798317247285,-0.035866202912598434,0.0,0.38099730009657273,-0.4290491618123171,nm
13.273246765136719,-78.80589004975776,9.32439749418401,107.58674923210239,0.0,0.0,0.0,0.18780009531942207,-0.31230386388642356,-0.03475370959675284,0.0,0.36607430875589897,-0.4290491618123171,nm
13.296971321105957,-82.46146032390051,8.579577255469912,106.38050881936263,0.0,0.0,0.0,0.1814249755289312,-0.3112069947199744,-0.03543907192681113,0.0,0.3619678758223513,-0.441917803770282,nm
13.316857814788818,-86.04537173995091,7.842757646526091,105.29462460422637,0.0008639152388728126,0.004218696108921067,0.027888058342112585,0.17023783040600873,-0.31016110955057186,-0.040454189108898336,0.028218567371368408,0.3561142712605679,-0.441917803770282,nm
13.322428703308105,-87.83287536633706,7.475845481355,104.75862895287773,9.449132979379245e-05,0.003711826048326818,0.027169590325012913,0.16489651468126967,-0.3126078035579607,-0.04123712674167926,0.02742213010787964,0.3558300156272262,-0.441917803770282,nm
13.340077877044678,-91.35849648100528,6.734823545051159,103.82175866301351,0.0,0.0,0.0,0.15647481763739374,-0.3147338232207661,-0.03831329765735886,0.0,0.3535670471228865,-0.45285614943455216,nm
13.363664627075195,-93.1253664982546,6.364672846586462,103.3854901849993,0.0,0.0,0.0,0.1540864609480046,-0.3131938353448407,-0.035920832894416437,0.0,0.35088933038968384,-0.45285614943455216,nm
13.370160579681396,-94.83119685088673,5.995523190030061,102.97825295619229,0.0035885352638888876,-0.00280793448225234,-0.03372641203008189,0.15143417780997784,-0.30524960146358465,-0.03349171528695597,0.03403282165527344,0.3423906020841164,-0.45285614943455216,nm
13.371642589569092,-96.51488972234763,5.623137316549826,102.65978322470367,0.004649710377563244,-0.0024692180974080647,-0.034818957651736815,0.1511739315308628,-0.30188331195799845,-0.03210980032012944,0.03521472215652466,0.33914323064131296,-0.45285614943455216,nm
13.37895941734314,-98.19555990127733,5.242205724344105,102.3453933970915,0.0,0.0,0.0,0.14965490728161182,-0.2981515751712753,-0.03370755243444049,0.0,0.33530158386399106,-0.45285614943455216,nm
13.411550283432007,-101.40229323732132,4.502706555941377,101.83205919468939,0.0,0.0,0.0,0.13724934982159112,-0.28180964390942853,-0.03637889930358995,0.0,0.3155590019970103,-0.4621537432491818,nm
13.418225288391113,-102.93842130093482,4.15104568652346,101.54748479007584,0.0,0.0,0.0,0.12814621253179592,-0.2750432510979702,-0.037452622708198886,0.0,0.3057334471537388,-0.4621537432491818,nm
13.420212984085083,-104.43767462536847,3.8249274579405217,101.26948413957109,0.0,0.0,0.0,0.12002189702875497,-0.2728304477358466,-0.03893662918502018,0.0,0.3005956920356899,-0.4621537432491818,nm
13.43724513053894,-107.43658766597858,3.2243335992461177,100.78983918478228,0.0,0.0,0.0,0.11030137059409689,-0.2746075899485061,-0.03608161611818538,0.0,0.2981234707867921,-0.470056697991617,nm
13.445379257202148,-108.93333829778518,2.937499376156414,100.60914689076748,0.0,0.0,0.0,0.10907424842368126,-0.2749393019923425,-0.03434972712798931,0.0,0.29777292557080265,-0.470056697991617,nm
13.469881296157837,-110.41997726028765,2.65188690889832,100.45462032997715,0.0,0.0,0.0,0.10896781560903057,-0.27464781009935907,-0.03252692854013825,0.0,0.2972598282836626,-0.470056697991617,nm
13.476263999938965,-111.92337449089597,2.368390389269797,100.3037549550164,0.0,0.0,0.0,0.10868838460629258,-0.27672040400863324,-0.030774464121316816,0.0,0.2988886324117744,-0.470056697991617,nm
13.47753357887268,-113.40558372838142,2.089024457192805,100.16992910923987,0.0,0.0,0.0,0.10563310330044978,-0.2746243843830483,-0.030800550394143124,0.0,0.29584722225370635,-0.470056697991617,nm
13.484243392944336,-114.86416217149123,1.8261226053389614,100.04746871137833,0.0,0.0,0.0,0.10091723782124143,-0.27328737320826896,-0.03271110816436597,0.0,0.29315575014296674,-0.470056697991617,nm
13.510413646697998,-117.84935793410601,1.3735351868714107,99.78286109868236,0.0,0.0,0.0,0.0863754391628468,-0.27402709436279815,-0.03564856835031947,0.0,0.2895209584139289,-0.4767742095226869,nm
13.520279884338379,-119.25559547245231,1.1946663416951087,99.67604320009661,0.024712432430353978,0.003272955258135116,-0.04446189794898298,0.07701319531186686,-0.26286957705446434,-0.03626813358163018,0.05097329616546631,0.27630929102444546,-0.4767742095226869,nm
13.527305603027344,-120.68303044235722,1.041930909327611,99.59268290686613,0.02777855767409584,0.0038236303790535426,-0.04722743878046115,0.0737544728733847,-0.26548780319221454,-0.034667969478561225,0.05492448806762695,0.2777145369267251,-0.4767742095226869,nm
13.531088590621948,-122.09109080369693,0.8963455054566831,99.53891777390602,0.020899768395787097,0.0029781551327323634,-0.03365068291368339,0.07153801945873602,-0.2626258062871031,-0.03134330064277853,0.039724528789520264,0.2739934394309708,-0.4767742095226869,nm
13.569247722625732,-124.81452888864663,0.6219583411270361,99.46192948305936,0.0,0.0,0.0,0.07017831701424473,-0.2549351852929054,-0.023590294242329328,0.0,0.26546835378575634,-0.48248409432409634,nm
13.575762510299683,-126.14044399427675,0.48640313996463963,99.4633764823,0.0,0.0,0.0,0.06844464765792674,-0.25175699090717935,-0.020460992734983894,0.0,0.261696206482548,-0.48248409432409634,nm
13.577178001403809,-127.44869333899548,0.36302415625197076,99.4536281658391,0.0,0.0,0.0,0.06519896481615309,-0.2500858481125546,-0.019506170692025353,0.0,0.2591801055913438,-0.48248409432409634,nm
13.578452348709106,-128.74463963448565,0.2520403503257519,99.44404268977271,0.0,0.0,0.0,0.06113151646824941,-0.2518050724884934,-0.01933043352745034,0.0,0.2598394167500428,-0.48248409432409634,nm
13.605194330215454,-131.41120279842883,0.10125682611422093,99.44583680021356,0.0,0.0,0.0,0.05204993482397643,-0.2579846999177977,-0.01699645767927335,0.0,0.2637312660275601,-0.48733749640529433,nm
13.617383480072021,-132.77189259248522,0.05735480103047307,99.47858239678186,-0.02261368127667182,-0.0037970716037232033,-0.02121273882059296,0.0496443378907566,-0.26552246506189575,-0.012849912969660949,0.031237423419952396,0.270429029507716,-0.48733749640529433,nm
13.619719982147217,-134.17739416803397,0.02905711998279058,99.53345869548401,0.0,0.0,0.0,0.050346547061091505,-0.27430686007910055,-0.007833513316327239,0.0,0.2789989107833703,-0.48733749640529433,nm
13.628148317337036,-135.58682656982148,0.002150845458504809,99.62264453698528,0.0,0.0,0.0,0.05002837860261769,-0.274080241680597,-0.002308936019146596,0.0,0.27861828499013097,-0.48733749640529433,nm
13.662179708480835,-138.43241910821087,-0.02968308392455096,99.85926723224414,0.0,0.0,0.0,0.050397466805770216,-0.28144579193500646,0.008527938045024181,0.0,0.28604958343906295,-0.49146288817431266,nm
13.664588928222656,-139.87290013832956,-0.03626877037110223,100.0270515162203,0.0,0.0,0.0,0.04898134777887985,-0.28142582074908157,0.012139922431239202,0.0,0.28591439755837106,-0.49146288817431266,nm
13.665854930877686,-141.30907310706925,-0.028591010876926917,100.20694161236811,-0.017838815452935947,-0.0032004669835679622,-0.022629336248940073,0.04672143947426444,-0.27939989781282343,0.0154867985434518,0.028992295265197757,0.2837023735069712,-0.49146288817431266,nm
13.69070029258728,-144.2506171709894,0.029251328111374507,100.65807645412842,-0.022984840645974627,-0.0043424947660839885,-0.03249350628563763,0.04537821289015125,-0.2943107136705795,0.02479860645912353,0.040037333965301514,0.2988192585304772,-0.49496947117797824,nm
13.702956914901733,-145.74341985903985,0.07531151439310743,100.92857733526047,-0.016761622126185736,-0.0032700196970784257,-0.025075580901374787,0.04437291251959037,-0.2961583859385821,0.028787113339398457,0.030338585376739505,0.3008445492636235,-0.49496947117797824,nm
13.704224109649658,-147.23020222907172,0.13689741826716123,101.2285185771586,-0.020459228526758966,-0.0041406112543989826,-0.03242734943298186,0.04354984022489313,-0.2963541591503964,0.03207186185975636,0.038564980030059814,0.3012490341104906,-0.49496947117797824,nm
13.7128427028656,-148.7305806860015,0.21069055384069882,101.52153687913807,-0.017965348350606956,-0.0037755697779019016,-0.03022884620044912,0.043525860252305336,-0.2997882057925797,0.035112656038639486,0.03536653518676758,0.30495961610863354,-0.49496947117797824,nm
13.73623514175415,-151.77035588035125,0.37326238350718693,102.05306612439725,-0.03760380395301623,-0.03434796829517331,-0.08169364763523852,0.04667051544091521,-0.30937604397790514,0.040795137060539506,0.09626879588783492,0.31552482755993644,-0.49795006673109393,nm
13.753793001174927,-153.39428361114219,0.4505322233089165,102.32310883063082,-0.05927879972181721,-0.013177855040959746,-0.028319343653084975,0.050758894231832344,-0.3290839419797945,0.04499265323805763,0.06700460569902182,0.33600155514223323,-0.49795006673109393,nm
13.75686764717102,-155.0172072126297,0.5302848630594905,102.65224457095468,-0.07030094518443787,-0.015949776870936575,-0.0177458600577288,0.05083554532574464,-0.33144698446699855,0.04585570751178526,0.07423970518022344,0.3384436468486874,-0.49795006673109393,nm
13.768505573272705,-158.40159250312763,0.7534704177945654,103.32813754268179,-0.07733176849343466,-0.018676029519692376,-0.026301272873093366,0.05139502176979132,-0.35514761381448035,0.045116340984424734,0.08378993645830932,0.3616721721181483,-0.5004835729512424,nm
13.78377389907837,-160.16782810842864,0.904609849072652,103.65611537794565,-0.06751272988214731,-0.018070363961687687,-0.10260926691903705,0.05139836913623748,-0.36222158375966096,0.04535218596151449,0.12414978214845904,0.3686503612675699,-0.5004835729512424,nm
13.794877767562866,-162.07155720698353,1.0571858457630467,103.97809157977943,-0.07499661257740725,-0.02039267262015414,-0.09067735356504342,0.06005974740474788,-0.39033216560547856,0.04789936919912207,0.11942669485604294,0.3978199622118763,-0.5004835729512424,nm
13.79825210571289,-164.0561971051002,1.211269861025418,104.30035294772686,-0.09166128260946382,-0.024062968008789425,-0.031998248390940544,0.06598846405800864,-0.4085438217378544,0.050046370024503926,0.1000235225289149,0.41685389625327535,-0.5004835729512424,nm
13.832527160644531,-168.26580149736262,1.5539178354203311,104.94360211282658,-0.060320941420053314,-0.02027709366187791,-0.14879573957488296,0.06951153192887712,-0.43123541608004384,0.05592443346288004,0.16183308875755434,0.44036732327793343,-0.5026370532383685,nm
13.839491128921509,-170.53626708694782,1.7476818907903853,105.28078115127268,-0.08670654822371747,-0.026353119466631877,-0.08422715081773845,0.08060131752834244,-0.46463667356757393,0.0613729550948023,0.12372035137910203,0.4755527840611529,-0.5026370532383685,nm
13.841273307800293,-172.95650199037274,1.9226280211991857,105.61680486224354,-0.08871401252750298,-0.028620087480743905,-0.10967096873835966,0.0834203855647736,-0.47247739599152994,0.06386295325743212,0.143934036315757,0.48401686669936766,-0.5026370532383685,nm
13.85636019706726,-178.13805054214714,2.3247155974539484,106.34653021042085,-0.07532379710478092,-0.02839938994656072,-0.14907336603502036,0.09605962713727012,-0.5211772190958373,0.07106820190320609,0.16941979878582722,0.534699761540976,-0.5044675114824256,nm
13.868704557418823,179.07459569900462,2.5455354112692765,106.75588346833764,-0.07017946200348883,-0.05602512292204932,-0.15834230507116978,0.10417075949583177,-0.543780104182618,0.07344591534138281,0.18203366958005673,0.5585182640873357,-0.5044675114824256,nm
13.876526832580566,176.16830336843105,2.781028631042201,107.17847229821204,-0.06528915338485705,-0.058349330664988625,-0.1664760162694862,0.11211508254052319,-0.5665820992796794,0.07586904244658937,0.18809992538999531,0.5825299808241625,-0.5044675114824256,nm
13.888481855392456,173.17162137122742,3.0345840743272547,107.6323881405923,-0.03213811103291824,-0.061627045804303664,-0.205003225787488,0.1183875777486325,-0.583958993238689,0.07787412628514243,0.2164649475980019,0.6009060691108105,-0.5044675114824256,nm
13.891770601272583,170.00712887253624,3.3042264471136837,108.07358782067342,0.0006258635426153241,-0.05077735844290051,-0.2392311867061625,0.12993859098140653,-0.6158804597483143,0.08247806420641121,0.24456142894669952,0.6348191941027501,-0.5044675114824256,nm
13.902117013931274,166.66295838391068,3.583403131764166,108.53262457156467,-0.04395105202739131,-0.055697148311254815,-0.19132390641040112,0.14419906044405548,-0.6494117309998569,0.0877098909498572,0.20405564061906326,0.6709858346966907,-0.5044675114824256,nm
13.920320272445679,159.6276445139328,4.189826209433743,109.49660641220616,0.03273421550946177,-0.04433469748190443,-0.2735070488483167,0.16721864149096782,-0.7021109886265111,0.09811602363779882,0.2790039426881767,0.7283877185309172,-0.5060234009898742,nm
13.93413758277893,155.82413619576346,4.520335874620406,110.00744838091788,-0.004010486656192422,-0.0705557252914635,-0.24225651588989297,0.18197470870719165,-0.7347642000994067,0.10504481323824161,0.252353747477096,0.7642170091963704,-0.5060234009898742,nm
13.941261291503906,151.91404101764135,4.8701683291048,110.5489222821038,0.076819772953755,-0.04339111197134784,-0.3160137082934883,0.19267044542374664,-0.7540105502252784,0.10991623526289315,0.3280986588576345,0.7859614425435765,-0.5060234009898742,nm
13.952787637710571,147.76170826165793,5.252079825802179,111.10320697397441,0.106165571980947,-0.03673138531389537,-0.32251375911170355,0.21126688373720753,-0.799164276140889,0.11777491353596038,0.341519323256359,0.834965967379644,-0.5060234009898742,nm
13.960495233535767,143.3650417838314,5.6576928921506555,111.69029111170265,0.13450761105691406,-0.03498671827370786,-0.3498529457116234,0.2329986466387638,-0.843527117697727,0.12628305618318278,0.3764484712558971,0.8841797203656593,-0.5060234009898742,nm
13.970711946487427,138.65372485394133,6.08270840491767,112.31681779361529,0.19795647728613525,-0.011898349060005557,-0.38559236319757306,0.2623918162338852,-0.899843514588915,0.13757923051008838,0.4336009780503026,0.9473625814027045,-0.5060234009898742,nm
13.995452404022217,128.55083391258702,7.003742749456574,113.54337330166784,0.34237027884826887,0.030131362383032993,-0.3894959921358856,0.303553364333214,-0.9649701371405464,0.15005666184487038,0.5194539774875315,1.0226578178135066,-0.5073459070712055,nm
14.002126693725586,123.1163739694073,7.508556969717277,114.14123550304693,0.33876181167474495,0.05235348571305855,-0.2975707760700032,0.33584772771337135,-1.0260121492544025,0.1638118202582947,0.45392600640012554,1.0919381571701803,-0.5073459070712055,nm
14.01231074333191,117.45368553226423,8.038620033966149,114.75124573810237,0.3218177506046623,0.04447815442988835,-0.2267565689499933,0.36143983810185526,-1.0642892458941646,0.17547720027937969,0.3961862092346308,1.137603886821311,-0.5073459070712055,nm
14.015326499938965,111.6590066785346,8.590056182408233,115.32388091332696,0.41944177175324404,0.09152698887810591,-0.15338952447130025,0.3799087086155915,-1.0844595495060512,0.18200190907319072,0.4558913640354739,1.1634035569410641,-0.5073459070712055,nm
14.036518335342407,99.44845147077106,9.75806611535168,116.34298133194265,0.36212962728353887,0.10771503903933885,0.05074103044338354,0.4275589158287661,-1.1455058509976035,0.20125023487888993,0.38120211012298644,1.2391496835383617,-0.5084700372403371,nm
14.054444313049316,93.19415102946097,10.342434691801847,116.7667817102113,0.38582191134307925,0.1300525277568975,0.1832764835392893,0.44377228318937834,-1.1521659001462343,0.20892161097609518,0.4465002538262581,1.2522253552455098,-0.5084700372403371,nm
14.056385517120361,86.8158876160761,10.925381016488116,117.1414615734655,0.30948403724027734,0.11615141308800905,0.2601450552247317,0.46338529645249754,-1.168189945783603,0.21574790214101888,0.42065065057213613,1.2751238526811883,-0.5084700372403371,nm
14.064536333084106,80.3731473579177,11.498814323466972,117.50584336039108,0.23451337877759618,0.10789591905965402,0.3321959202560535,0.478949726330024,-1.172774110554633,0.22204578740712583,0.42070438981567326,1.2861167468173587,-0.5084700372403371,nm
14.074854850769043,73.93935220907403,12.05781629614577,117.85501357094137,0.1768075630816765,0.08700662466492799,0.3937537228119539,0.48816450297638103,-1.1641032816351624,0.22970112781544105,0.4403101876254259,1.2830446759172562,-0.5084700372403371,nm
14.107239007949829,61.01419667946472,13.133298864067456,118.33390554426862,0.06382898154153054,0.06005291198007319,0.4917011040497265,0.5086577253582443,-1.1608474180922173,0.23678510050045348,0.49945016452658764,1.2893279619542113,-0.509425547884099,nm
14.113251209259033,54.55501230514972,13.658633425270965,118.49251931863974,0.009525810343750654,0.037727272334432384,0.5075792896669735,0.5109208037830141,-1.1503689592422555,0.2377452450268288,0.5090685842195832,1.2809807225947072,-0.509425547884099,nm
14.114827156066895,48.169392992732945,14.163962760316576,118.55188381859368,-0.06020828396917668,0.008075227540568742,0.5212339874656751,0.5092038356938455,-1.1320879622256907,0.23463296145116402,0.5247619617004575,1.263314817098646,-0.509425547884099,nm
14.121878147125244,41.813326197908175,14.640725367205818,118.54718844103468,-0.11207637217158979,0.0044161088640343755,0.5868537270478076,0.5117630262133522,-1.1211120232162133,0.2331120954627424,0.5974762858612435,1.2542467112374782,-0.509425547884099,nm
14.131385087966919,35.47344695300382,15.088076138335733,118.51141739494882,-0.1813883953869855,-0.036605995618576574,0.5441965745256008,0.5149165107255885,-1.1127475749036797,0.2347737937810451,0.5747970603801749,1.248384921696101,-0.509425547884099,nm
14.13866639137268,29.22476149252931,15.488376530499515,118.41787974809267,-0.22260026655788906,-0.06607818248948669,0.5121110829980936,0.5130509354419879,-1.090656468202344,0.23231984429791586,0.5622943768189733,1.2274873946579319,-0.509425547884099,nm
14.162938117980957,17.17763408709464,16.127077814825935,118.06456987211156,-0.31593876739668686,-0.11945086266397878,0.41977066716392486,0.495307658602405,-1.0257843355882883,0.2279157274032357,0.538788665755464,1.1616835879903997,-0.5102377319312966,nm
14.167319774627686,11.434408273963772,16.383967715733014,117.82976800027026,-0.3494364092946419,-0.1483461894194864,0.37163037675972027,0.48093915074272786,-0.9897177267724858,0.22511120649968377,0.5312452663192269,1.1231734953677355,-0.5102377319312966,nm
14.18401050567627,5.86088706332434,16.59518667266225,117.56155094103325,-0.35599831795216474,-0.1657151903427807,0.31053298558208936,0.4690813553997425,-0.9571451338460704,0.219834834165859,0.5006266691154605,1.08834345660807,-0.5102377319312966,nm
14.186994075775146,0.48819838432269724,16.770842157565365,117.23413199292962,-0.3227740017940691,-0.19178575526582076,0.2079943505245088,0.4520776473135679,-0.9208692014249995,0.2110279363622881,0.42921612505490897,1.0473333162174365,-0.5102377319312966,nm
14.204524993896484,-4.588223852370282,16.907722378334228,116.88021731677424,-0.33246485777370355,-0.19661698317027798,0.19872608773588854,0.42731559390194856,-0.8683570783053126,0.19625102340737152,0.4343767692594557,0.9875004285685929,-0.5102377319312966,nm
14.210775375366211,-9.391492188431844,17.013461045321687,116.46896134284555,-0.29295269419097536,-0.20872053885428768,0.07202500793131408,0.40302691163565885,-0.8209075947733481,0.18234356850801894,0.366842126998633,0.9325069155965436,-0.5102377319312966,nm
14.215684652328491,-13.7940227041831,17.09187272754384,116.0121127984856,-0.3682209860806666,-0.23302177526630058,0.1002618964567342,0.36724555806404924,-0.7521770109247778,0.1631240130630281,0.4471445965452089,0.8527889535631282,-0.5102377319312966,nm
14.231401681900024,-18.08997477326075,17.140317345372548,115.55497885632211,-0.4130469227623767,-0.23271962877993432,0.11489568965416408,0.35763068114638324,-0.7335547587885193,0.15861353500709227,0.48781882448717084,0.831360656830689,-0.5102377319312966,nm
14.236137866973877,-22.319435870101994,17.160648780517324,115.11206750432791,-0.10767278989049983,-0.13342303877108846,-0.10777552088956441,0.3513628007284947,-0.7220297771345962,0.15891743026689986,0.20251098701238912,0.8185582242256451,-0.5102377319312966,nm
14.244213342666626,-26.02447854507772,17.174286715576994,114.78829607873752,-0.21047565979887103,-0.12588998694426812,0.013971704306409163,0.3056057738434621,-0.6324045151110622,0.14077187705901287,0.24564914146364084,0.7163428516499881,-0.5102377319312966,nm
14.25792670249939,-29.574816660381696,17.183183293409158,114.48205675065448,-0.25144815785955726,-0.13749731635449228,0.05477745780810408,0.29039614094058236,-0.6065970736031643,0.13862761152052755,0.29177432714269225,0.686664068561179,-0.5102377319312966,nm
14.264315366744995,-33.060147162167745,17.166807481650462,114.15057659442762,-0.09801126295434996,-0.0970218711475429,-0.020863675905050998,0.28606914315882975,-0.594756856714782,0.1398232075750084,0.13948026426397447,0.674627158253682,-0.5102377319312966,nm
14.283388614654541,-39.413019637704714,17.064368332961415,113.50213272192177,-0.1645379954104279,-0.1254537360201099,0.01225263417964735,0.2591540735487255,-0.5307248307657954,0.1181565459955011,0.2072716064959831,0.6023210515911488,-0.5109280883714146,nm
14.308225870132446,-42.48926419731603,16.969387331016303,113.14201530053457,-0.11556064053261776,-0.11874142486873261,0.0007763093271019513,0.25866597021558313,-0.5216739823484055,0.11023143534334409,0.16569366395954047,0.5926236557417087,-0.5109280883714146,nm
14.321416139602661,-48.188399132764445,16.692536029433136,112.43769655134528,-0.10424006973549503,-0.09014143735008182,-0.009371268237863994,0.23689381921312117,-0.4652290773606479,0.09296229413484512,0.1381278086932012,0.5302817780520391,-0.5109280883714146,nm
14.32354998588562,-50.84535818414208,16.562201648986512,112.1066851327878,-0.1311383865198078,-0.10711040453953438,-0.01812426596038842,0.22472986732043196,-0.45017577823508553,0.0897053231202689,0.17028917815364578,0.5110858925577341,-0.5109280883714146,nm
14.331881999969482,-53.44271866676484,16.43761418731943,111.8119858159953,-0.058583199851132944,-0.06899562246370895,-0.04043922422554072,0.21673949276496923,-0.44150451984299816,0.0929497670563866,0.09913484795931247,0.5005416146152576,-0.5109280883714146,nm
14.353551864624023,-58.20885161320417,16.26231993737975,111.29289457906098,-0.08467714415689075,-0.07618208666867507,-0.04088710162586267,0.1843901818011514,-0.40019031227667573,0.0850802181362755,0.12101935444846829,0.44876571694246115,-0.5115148913455149,nm
14.364778518676758,-60.432011678757796,16.181870929290028,111.0559357948335,-0.052951660528250545,-0.07857182433933606,-0.04713866911904513,0.1757782853542745,-0.3811970004932039,0.08242951074580991,0.10582752032919125,0.4277894143488102,-0.5115148913455149,nm
14.37172555923462,-62.54573777766813,16.074202690229342,110.83789392985432,-0.08436255250280107,-0.08449435235018411,-0.04363447624090934,0.1715957911819607,-0.36049356088831364,0.07979457468397051,0.12712318183826038,0.4071460390846202,-0.5115148913455149,nm
14.377442598342896,-64.61491851045311,15.944936519505484,110.60845558825437,-0.008532684674790889,-0.053727033867988605,-0.04544242554494252,0.17097844534930054,-0.35186832651340755,0.07456881419258461,0.07088310740521363,0.3982530050451571,-0.5115148913455149,nm
14.401965141296387,-68.3263790420059,15.693234213055698,110.17207188605494,-0.040818307787285596,-0.06355123638260567,-0.03367694371984866,0.15831545432416427,-0.3101921837483459,0.06283068629726189,0.08269843066639933,0.3538794555735315,-0.5120136738735,nm
14.419264078140259,-70.03787831099625,15.573822446167854,109.9817069704008,-0.03583854207892143,-0.05042323596072683,-0.03181949378148901,0.1524566138311583,-0.2986728948049342,0.06146660118638133,0.06956568124875925,0.34092031364151343,-0.5120136738735,nm
14.421027660369873,-71.70655851507092,15.465314209963681,109.79671096516952,-0.036821360198530745,-0.021722151600807767,-0.02879783397458501,0.14438833200202283,-0.2908274702868969,0.05982700860280543,0.05154589875699309,0.3301634123432856,-0.5120136738735,nm
14.429758071899414,-73.35043441642595,15.378666254763049,109.61685187978502,-0.0049501449290438445,-0.008997928701463704,-0.024773269447668445,0.13456503209956827,-0.2831426598562495,0.05922191202938361,0.026817560195922848,0.3190372212749567,-0.5120136738735,nm
14.433820724487305,-74.91093140033098,15.31743198856566,109.4561973941786,0.0,0.0,0.0,0.12352149321453784,-0.2709243009720129,0.05845341878879691,0.0,0.3034375360946985,-0.5120136738735,nm
14.461756229400635,-77.81962665875935,15.241896203921732,109.16328378325721,0.004350092012648075,-0.03512609757316428,-0.026206487881198632,0.10939703263410529,-0.2469287617121949,0.05465255405658259,0.04404027745490908,0.2755511309626094,-0.5124376390222874,nm
14.468980312347412,-79.1645924749098,15.19548092467783,109.02879696329694,-0.00433699076593247,-0.01408978012697897,-0.04383426850308488,0.10665743581117847,-0.23516938146227273,0.052247098187305975,0.046246886253356934,0.26345816719198056,-0.5124376390222874,nm
14.475712537765503,-80.49300500066398,15.127857374407913,108.89255292664375,-0.0028289943688680347,-0.011521145059766107,-0.03693264478514296,0.10733536646761796,-0.22864355099515163,0.05092921323582645,0.0387912392616272,0.2576674971105798,-0.5124376390222874,nm
14.481960535049438,-81.7935289306641,15.03852559965401,108.76282483889887,0.0,0.0,0.0,0.10589969479365918,-0.21965553649532646,0.05057161476333762,0.0,0.24903973235251295,-0.5124376390222874,nm
14.490126848220825,-83.02919240905065,14.940067830349516,108.65359702071056,0.0,0.0,0.0,0.10115966969287286,-0.20864481455836276,0.05102917542139865,0.0,0.23742349116852907,-0.5124376390222874,nm
14.510031461715698,-85.33908352815402,14.798800143102168,108.48029868794185,0.0,0.0,0.0,0.08526218583497401,-0.19240190070625587,0.051460933928595576,0.0,0.2166480081827222,-0.5127980093987567,nm
14.524342775344849,-86.43587977255592,14.769665679068181,108.42284032246195,0.0,0.0,0.0,0.0773406879776924,-0.18598141101462398,0.0538181921870081,0.0,0.20848756574465302,-0.5127980093987567,nm
14.534047842025757,-87.43145989880826,14.766400722836579,108.39315129833038,0.0012459539678624806,-0.00842625616010116,-0.031826395452133255,0.06874307685329464,-0.1739170433803291,0.054253725865954304,0.032946527004241936,0.19472086525010968,-0.5127980093987567,nm
14.540270805358887,-88.37797122415546,14.775166257748689,108.387688424969,-0.03597104608719595,-0.02399027454797256,-0.043293376137021555,0.06647722373006477,-0.1713755853372606,0.05670493708785191,0.06118632074929741,0.19236491991702392,-0.5127980093987567,nm
14.547916412353516,-89.40154903402897,14.763240165405781,108.38412351707169,0.0,0.0,0.0,0.06766512875389807,-0.17151013387304576,0.061081432374307035,0.0,0.19422985623052066,-0.5127980093987567,nm
14.579039096832275,-91.13457640662546,14.721182798576502,108.46740275975924,0.0,0.0,0.0,0.06210033317661159,-0.14684609176519517,0.06296019159876855,0.0,0.17141823640882534,-0.5131043242187557,nm
14.584909677505493,-91.96459222649369,14.692436684709106,108.54140732472784,0.0,0.0,0.0,0.06032043718886429,-0.14071683172685814,0.06677488481776975,0.0,0.16702894095433596,-0.5131043242187557,nm
14.586442232131958,-92.70283420242957,14.67597616113291,108.64697588580954,-0.04203917667697783,-0.014748456079523123,-0.002034425855468304,0.05604416561518393,-0.13252747616570673,0.06843631513728263,0.04459762573242187,0.15933615304733445,-0.5131043242187557,nm
14.606678247451782,-94.11596649910615,14.703607259929965,108.88794561332293,-0.04598045173104353,-0.023870597373556644,-0.029345155926426173,0.04613010403569358,-0.12154279924420693,0.07018297199492371,0.05954112475178428,0.1477372265358388,-0.5133646918157548,nm
14.624948740005493,-94.8137345851435,14.733381654650145,109.02571710584945,0.0,0.0,0.0,0.04476974654465576,-0.12307570737995462,0.07305970134408625,0.0,0.14996559576528212,-0.5133646918157548,nm
14.626370429992676,-95.44761488655541,14.77036190554224,109.17466107457443,-0.044824639940661624,-0.016819402108245386,-0.004413609959784431,0.0411598302870715,-0.11682067836143822,0.07215296931306862,0.048079315572977066,0.14334313203910312,-0.5133646918157548,nm
14.63873815536499,-96.09862742611433,14.806585720665645,109.31919021456766,-0.0235329697922619,-0.008978490297920791,-0.0026008328823132866,0.04061087204678915,-0.11535005004748501,0.07225783345496545,0.025321498513221744,0.1420424988162469,-0.5133646918157548,nm
14.643238067626953,-96.69769653513451,14.840169652033579,109.4838961323888,-0.03229371966166535,-0.012530234292200048,-0.003930325429343633,0.03827675446274545,-0.10769344592873763,0.0737401353090278,0.03486170619726181,0.13601689521379676,-0.5133646918157548,nm
14.652933597564697,-97.2753531822862,14.868721771914476,109.65944864768554,-0.02555693878880557,-0.010085581433487674,-0.0033883518644767063,0.03732412753266735,-0.10182648115348329,0.07490768969420955,0.027683153748512268,0.1318062393648324,-0.5133646918157548,nm
14.689686059951782,-98.32944795833916,14.926542576335052,110.04254739768993,-0.03970457425026586,-0.016204971883244403,-0.006062468890568949,0.03496630080751939,-0.09171958449446721,0.07612767371896358,0.04331059753894805,0.12421975317098573,-0.5135860042732041,nm
14.700469493865967,-98.82647085560576,14.958175501632994,110.2572527111018,-0.04755224435367242,-0.019747806641724888,-0.007718266158009708,0.03449325499196602,-0.09138589938279805,0.07882432596373408,0.05206499248743057,0.1255166985288439,-0.5135860042732041,nm
14.702598333358765,-99.36302314966186,14.98838210160119,110.46617628748568,0.0,0.0,0.0,0.03310601009000359,-0.09189420362881057,0.0797764975995299,0.0,0.12611440097744794,-0.5135860042732041,nm
14.70376992225647,-99.83130479902283,15.036958912160012,110.68149918451844,-0.030436253097695085,-0.01308006518858307,-0.005538645014152364,0.027345297075952443,-0.08417782628040622,0.07761110212188628,0.03358764946460724,0.11771641721544282,-0.5135860042732041,nm
14.71178412437439,-100.29293019749268,15.093988271680363,110.90185075424598,0.0,0.0,0.0,0.02339572916980339,-0.08070305684193256,0.07836180844880493,0.0,0.11489524163509202,-0.5135860042732041,nm
14.719108819961548,-100.68829247599606,15.167791492177708,111.14131017466444,-0.03607515065788975,-0.01603790789602745,-0.007183042961988025,0.018843218871027318,-0.07369554926151531,0.0788392231366776,0.04012763500213623,0.10955238008903645,-0.5135860042732041,nm
14.729438781738281,-101.09891005401879,15.239739165612836,111.38037603277056,0.0,0.0,0.0,0.0185413034600557,-0.07294204322622744,0.07966274792493008,0.0,0.10959231273664069,-0.5135860042732041,nm
14.759423732757568,-101.81243968002381,15.37748740426164,111.72097637383155,-0.03141074888610119,-0.014577228026937361,-0.006972126840988687,0.016585749435156196,-0.061175873990929365,0.08153370418067074,0.035323381423950195,0.10327303404229479,-0.5137741198620359,nm
14.769665241241455,-102.15719212235184,15.431468385410604,111.90013737298767,-0.025905195408431652,-0.012179478889349692,-0.005934613411109752,0.018412552559569896,-0.06051281608846726,0.08516360128569757,0.029234200716018673,0.10608327854409881,-0.5137741198620359,nm
14.775718450546265,-102.48730455213452,15.472464103373579,112.08665619314539,0.0,0.0,0.0,0.01754348665229676,-0.05674598003108152,0.08685833900292915,0.0,0.10522476527868799,-0.5137741198620359,nm
14.778223991394043,-102.77316219243951,15.525810448488128,112.29185277539399,-0.02509541269258565,-0.012112370223126565,-0.00607548498896008,0.013950905504488777,-0.05046409003121083,0.08613646089723076,0.028520181775093075,0.10080050616427227,-0.5137741198620359,nm
14.786552667617798,-103.06048793409495,15.58828497749486,112.47662524371997,0.0,0.0,0.0,0.011522099157864776,-0.048958257423913736,0.08730407645722008,0.0,0.10075550359676637,-0.5137741198620359,nm
14.797165393829346,-103.31006760914505,15.663426169848583,112.67740352009045,-0.023739742270949087,-0.011749432931473286,-0.006021479187515536,0.007611030081046978,-0.045138940639707546,0.08872351667862195,0.027163997292518616,0.09983643699968138,-0.5137741198620359,nm
14.821669578552246,-103.79563358256287,15.834471106585834,113.09160177040027,0.0,0.0,0.0,0.003667618978976093,-0.04026506013408983,0.08845507487488138,0.0,0.09725752807725316,-0.513934018112543,nm
14.835750341415405,-103.9789138205565,15.929825048263902,113.29598063853724,-0.026139554518758695,-0.013436524488027363,-0.007019124563086196,0.0008468848544443639,-0.03331113610627738,0.08871721278025968,0.030217289924621586,0.094768627963823,-0.513934018112543,nm
14.841784715652466,-104.18020366864617,16.011904974328136,113.51133885414505,0.0,0.0,0.0,0.003363342827598704,-0.034559150077276134,0.09258760158723466,0.0,0.09888433089583078,-0.513934018112543,nm
14.84353256225586,-104.38620542619458,16.07052586170234,113.72996979090152,0.0,0.0,0.0,0.004199184042773589,-0.031681150953708416,0.0946376299747085,0.0,0.09988798466085191,-0.513934018112543,nm
14.865249156951904,-104.66649093861048,16.184949452865375,114.20254297173173,0.0,0.0,0.0,-0.00029348453149663983,-0.017865858029645496,0.09626731560263577,0.0,0.0979115471721449,-0.514069931625474,nm
14.884031295776367,-104.76058044737111,16.241065834621843,114.4413076582006,0.0,0.0,0.0,-0.003740824517965196,-0.011501867195967543,0.09751159426032674,0.0,0.09825883030170098,-0.514069931625474,nm
14.885478019714355,-104.81627422684512,16.313533731704,114.66792863956974,0.0,0.0,0.0,-0.00731001960651125,-0.005046882997136143,0.0962567502058966,0.0,0.0966657611299613,-0.514069931625474,nm
14.89316439628601,-104.86035863701709,16.392209666063263,114.8995609636659,0.00876018255918923,-0.003515428106293924,-0.023377603391731137,-0.009987336521635555,-0.00013798426152230274,0.09743026389041591,0.02521133422851563,0.09794091204501267,-0.514069931625474,nm
14.917229175567627,-104.85210753927383,16.524677096857147,115.41593224061967,0.0,0.0,0.0,-0.012059789906744032,0.009583034789540064,0.09955163883044924,0.0,0.10073629873188983,-0.5141854581114653,nm
14.929602861404419,-104.74610757751763,16.582724501768,115.67651683892261,0.0,0.0,0.0,-0.016637088732087912,0.022293701866602015,0.09821581803963265,0.0,0.10207912998057209,-0.5141854581114653,nm
14.932584762573242,-104.63703718425852,16.616941312793468,115.95898737635618,0.0,0.0,0.0,-0.016858460169837868,0.027530127045266507,0.10021399631277175,0.0,0.1052851396513428,-0.5141854581114653,nm
14.940664768218994,-104.47427603255007,16.64242385818829,116.24194279508022,0.0,0.0,0.0,-0.018912073573672576,0.035984208049592174,0.10059379416049126,0.0,0.10849719433891193,-0.5141854581114653,nm
14.96207880973816,-104.02897140962054,16.672979003332017,116.84371006541103,0.0,0.0,0.0,-0.02258009272913918,0.049657436137047484,0.10210729954430986,0.0,0.11576537552996101,-0.514283655624558,nm
14.975411891937256,-103.76003613983256,16.681590803385983,117.12358899247467,0.0,0.0,0.0,-0.023908411455899253,0.05447981130336463,0.10210762262161611,0.0,0.11817626062552987,-0.514283655624558,nm
14.98143744468689,-103.47270974691898,16.688077301872912,117.43330147767236,-0.023246859801877805,-0.014172606738895832,-0.0062333187762460725,-0.022880639657125237,0.05487537904298718,0.10205086186793563,0.027930870652198788,0.1181067707805916,-0.514283655624558,nm
14.984346151351929,-103.23058703789269,16.67628534002701,117.72823993929687,0.0,0.0,0.0,-0.02203856743104674,0.054251003024396546,0.10353502230085117,0.0,0.11894692356847077,-0.514283655624558,nm
