timestamp,roll,pitch,yaw,acc_x,acc_y,acc_z,gyro_x,gyro_y,gyro_z,motor_input,markers
0.0,9.576918628284897,1.8289456572315903,133.6350434657146,0.06786014937969562,-0.028426073809552893,0.023380453349854318,0.0,0.0,0.0,0.0,nm
0.009480999999993855,9.391466153417648,1.775079875856131,133.72688171968062,0.06881308160941157,-0.02523351329680236,0.027267722019205944,0.0,0.0,0.0,0.0,nm
0.028488999999979114,9.006176149573596,1.6370446689353082,133.92248031221817,0.06297572926231815,-0.016826448333144513,0.02785225149594021,0.0,0.0,0.0,0.0,nm
0.04755399999999099,8.604152907587114,1.447716999950519,134.0841544073542,0.056265517356686764,-0.016771327692546335,-0.0030575635747053845,0.0,0.0,0.0,0.0,nm
0.057019000000025244,8.400564039845111,1.332327363933903,134.13695206754733,0.05738066590940512,-0.01318986070917376,0.022756958092022085,0.0,0.0,0.0,0.0,nm
0.0665740000000028,8.194889681279879,1.209050378003583,134.1853222740147,0.060506244514412603,-0.015600804356703602,0.03303911270291992,0.04977435697251785,0.0007037920400903578,-0.009741213380191495,0.0,nm
0.07608399999998028,7.98628143161677,1.0812207186076324,134.21189550134045,0.06434555968126647,-0.018164667073791153,0.03142594436437373,0.05140177896956321,0.0017834809915898153,-0.009805322002862129,0.0,nm
0.0856019999999944,7.777680556321631,0.9502050092029086,134.24131560953674,0.06662356508398172,-0.021351285643880277,0.027308881771405353,0.052568918247578596,0.002797614059917838,-0.009677739186920366,0.0,nm
0.10458399999998846,7.359823045774524,0.6878818286528166,134.24179406254945,0.06888892181451879,-0.02307467200254952,0.021754239942933337,0.05293924247964763,0.003238355797296554,-0.00880568943489745,0.0,nm
0.13315399999999045,6.732717329276881,0.2630854053845933,134.3808942601345,0.06056603625687749,-0.014346970306138025,0.028739376107274475,0.053725008089827386,0.004433297954775154,-0.007424174958618046,0.0,nm
0.1426630000000273,6.5294870401582505,0.0997511917849525,134.45346483247198,0.0535816208909015,-0.01438898174106398,-0.003141111051323132,0.054588053370981486,0.005943648557901194,-0.007425121896609223,0.0,nm
0.15218099999998458,6.3284895901268765,-0.07371182091079238,134.4518092940698,0.054303619161986366,-0.012441625632335205,-0.00339315142551871,0.05534382347068636,0.007835233854800065,-0.007713632846999035,0.0,nm
0.16169000000002143,6.132134141780247,-0.25666807943728476,134.5201826316257,0.057711655824645804,-0.010951890236708353,0.02591805497811318,0.05607813129936824,0.010164383828189145,-0.008153125683002275,0.0,nm
0.17120299999999133,5.941688099347556,-0.44595292224352234,134.58243020835513,0.060618867281976,-0.011493108426937819,0.031963833605350156,0.0562544257934113,0.012507308228444338,-0.008402796118795675,0.0,nm
0.1807099999999764,5.758083500625278,-0.6361968401316094,134.61625143202238,0.06391412592919103,-0.01476455649981442,0.0332642783411843,0.05612793357201334,0.01433963280170433,-0.008850876953696872,0.0,nm
0.20924200000001747,5.230146165543629,-1.1875054018049649,134.85706976255665,0.06753292285861344,-0.01631943359214325,-0.00455632483832706,0.05309293765075371,0.016031618320697934,-0.00809963942373808,0.0,nm
0.21871099999998478,5.059878734367872,-1.3655031349122693,134.91607762655076,0.06739696775925451,-0.012729930412598843,0.022609053230439453,0.052086576458563225,0.01567341615334724,-0.007400995725594022,0.0,nm
0.2282730000000015,4.890431510823935,-1.5457675844998662,134.95652429217654,0.06568476463264124,-0.008514339437724958,0.038251873907605906,0.05134593973061748,0.015561738971715984,-0.007007010023325156,0.0,nm
0.23773899999997639,4.725529807553858,-1.7319574375457278,135.0202933506905,0.05981627021206711,-0.006712511491231382,0.03918268594028564,0.05115022344427384,0.0158380805736035,-0.006812127760149089,0.0,nm
0.24725200000000314,4.567133585025762,-1.925806840439282,135.06848205087334,0.05569462329516662,-0.005300873159223582,0.02949566535110737,0.05101536348618992,0.017121310365563365,-0.007063492405196784,0.0,nm
0.27577700000000505,4.15073145074469,-2.542217066316617,135.15120367412078,0.054615127032681406,-0.01092096008750379,-0.0042966175419101894,0.04983726934676973,0.023369869787420856,-0.007936589387678753,0.0,nm
0.28533600000002934,4.030284373549702,-2.745382704601168,135.1458012840348,0.06211933541577805,-0.01320422066489404,0.035779374545390555,0.048615502232105874,0.025179432950486184,-0.007687985891977877,0.0,nm
0.2948509999999942,3.9175574154796173,-2.9396012149112893,135.0828563129603,0.0687330119113061,-0.01633647881651334,0.04839890327670953,0.04689544149110323,0.02618821859438342,-0.006972277180540396,0.0,nm
0.30436000000003105,3.8128553284518594,-3.1270339195572667,135.0565164282328,0.0676028737096825,-0.016354045011150037,0.028825200815607865,0.044871460625009615,0.026373965271981565,-0.006352224317762638,0.0,nm
0.31386900000001106,3.7161245159876444,-3.3066275414449073,135.03329252009934,0.063255888906384,-0.01628286634817668,-0.005409329762116172,0.042661215550346465,0.02599329692041004,-0.005712723548754508,0.0,nm
0.323332999999991,3.6217252673881513,-3.4830934758048127,135.08162888523464,0.061844567757703674,-0.012319635220399274,-0.005410920767692959,0.0,0.0,0.0,0.0,nm
0.33288299999998117,3.532858268368016,-3.6592818408039935,135.15788360190854,0.060575869329557226,-0.009169555612588922,0.024675610719276625,0.0,0.0,0.0,0.0,nm
0.34239000000002306,3.4465956252133627,-3.8391623219657682,135.3210057657456,0.05693915570035545,-0.004193139635410754,0.04047684618763885,0.0,0.0,0.0,0.0,nm
0.3519049999999879,3.365405784994284,-4.020928144691673,135.4557000178638,0.05463873231374877,-0.0028108206157813407,0.04099596300210662,0.0,0.0,0.0,0.0,nm
0.3614279999999894,3.292565153497874,-4.207904720888702,135.4801334623467,0.05019993288773822,-0.0020157996922427015,0.02409708039632041,0.0,0.0,0.0,0.0,nm
0.3804400000000214,3.165676454054286,-4.576679854648763,135.53310646850366,0.05277192180000897,-0.006844819233669501,-0.005178561075036509,0.0,0.0,0.0,0.0,nm
0.3899139999999761,3.1126981415621753,-4.750835751065944,135.53590690506843,0.059619250387095,-0.010584006085792222,0.028005341540863638,0.0,0.0,0.0,0.0,nm
0.4089840000000322,3.021257407400907,-5.06028520785823,135.55481442858624,0.06432449277259256,-0.013540747730127043,0.03474877493483896,0.0,0.0,0.0,0.0,nm
0.41845599999999195,2.9830882502681195,-5.196560800015198,135.58916148470286,0.062334337839252234,-0.014746189060607411,0.02297404568838618,0.0,0.0,0.0,0.0,nm
0.4280019999999922,2.9500733251143805,-5.327452466726198,135.68626087297156,0.055544688915445076,-0.011289618629079935,-0.0060317996545155746,0.0,0.0,0.0,0.0,nm
0.4374779999999987,2.919927873529733,-5.456404845983459,135.80959831884377,0.05404176423380318,-0.008834930359471102,0.0214759342849588,0.0,0.0,0.0,0.0,nm
0.446975000000009,2.8933772231319437,-5.585197408963373,135.9413821135817,0.04997965647073562,-0.00563445455627077,0.028743320445329897,0.0,0.0,0.0,0.0,nm
0.4564889999999764,2.871028539705177,-5.714523789490243,136.05323473806,0.049457560897761675,-0.004783314165247739,0.0355863136766458,0.0,0.0,0.0,0.0,nm
0.46604899999999816,2.8542779353344465,-5.842520429225651,136.2081669122205,0.04853193119378402,-0.0043531623251884324,0.028226765276674965,0.0,0.0,0.0,0.0,nm
0.4850710000000049,2.8364078015563705,-6.085150700720765,136.53487019865176,0.050347476252737965,-0.007180791919375557,-0.005888255059914115,0.0,0.0,0.0,0.0,nm
0.49457799999998997,2.8323056191985647,-6.189964520918235,136.78624420587045,0.05832147873166496,-0.011287707647584654,0.026277986041036205,0.0,0.0,0.0,0.0,nm
0.5040850000000319,2.8305081130607745,-6.281637474124004,136.97664395233636,0.06104961680646349,-0.012936854934218272,0.03165007308559979,0.0,0.0,0.0,0.0,nm
0.5136029999999892,2.8273827970934278,-6.358394642465669,137.06804071535777,0.06397395413220673,-0.012124775402460194,0.033881783172527234,0.0,0.0,0.0,0.0,nm
0.5230720000000133,2.82308646088066,-6.425046644173429,137.1828422323078,0.061783550019729794,-0.010476283106910322,0.02787810886969337,0.0,0.0,0.0,0.0,nm
0.5326130000000262,2.819207977480199,-6.485541963837769,137.28887379523184,0.057352457335486676,-0.008713975573510046,0.022877915330487313,0.0,0.0,0.0,0.0,nm
0.5421329999999784,2.8146139665422902,-6.542642293222309,137.1485147358978,0.05339978887294476,-0.006000579098594984,0.023281052420467855,0.0,0.0,0.0,0.0,nm
0.5611569999999801,2.813229635130515,-6.648346681501071,137.18494641433756,0.04933857069235572,-0.00658075416083391,0.03346913333454296,0.0,0.0,0.0,0.0,nm
0.580126000000007,2.8246616801078828,-6.73336855149172,137.2781298055855,0.05066152987182835,-0.008684905869511131,0.024484338708765287,0.0,0.0,0.0,0.0,nm
0.5896940000000086,2.8364966393112296,-6.763804004803098,137.33983404768074,0.05304644317338147,-0.011142627352081581,0.019951020993321068,0.0,0.0,0.0,0.0,nm
0.5992069999999785,2.850275776582013,-6.783698384075433,137.442208799678,0.05599756222816775,-0.012664082688564235,0.025706535898650344,0.0,0.0,0.0,0.0,nm
0.6087150000000179,2.862593836998227,-6.789723688515898,137.53950175993822,0.06071667201963311,-0.012439922196141076,0.03253318820762161,0.0,0.0,0.0,0.0,nm
0.6182210000000055,2.8747130600184954,-6.78384650240483,137.60867813893358,0.06117358081490467,-0.012804438425448346,0.03245760485042916,0.0,0.0,0.0,0.0,nm
0.6277410000000145,2.886273246653342,-6.768829271713002,137.47336116297168,0.0588117358902244,-0.010464063146134397,0.02889765784073878,0.0,0.0,0.0,0.0,nm
0.637205999999992,2.895617550858026,-6.746259944610322,137.32468483960798,0.05694254914553183,-0.009025799490185015,0.024244171698889566,0.0,0.0,0.0,0.0,nm
0.6467539999999872,2.9031963566686336,-6.718343290695015,137.5029325492913,0.054893990040742656,-0.006532665795854942,0.0230843634639025,0.0,0.0,0.0,0.0,nm
0.6562710000000038,2.911541888194536,-6.686537195269675,137.7472298395914,0.05337225879171911,-0.006297232082679351,0.028644883720285973,0.0,0.0,0.0,0.0,nm
0.6657799999999838,2.922218674393563,-6.64863306306265,137.88927381788736,0.05337106878845677,-0.008157682360616512,0.029012318812095504,0.0,0.0,0.0,0.0,nm
0.6752510000000029,2.9360345322842862,-6.606102610306085,138.0087205816314,0.052263018509481986,-0.008289250811515233,0.029826627533720847,0.0,0.0,0.0,0.0,nm
0.684757999999988,2.9518739578870434,-6.5579779570612535,138.14923604243967,0.05406126921917807,-0.008970762251364088,0.025836994353327085,0.0,0.0,0.0,0.0,nm
0.6943120000000249,2.9706958060024897,-6.502696961744803,138.00110007213516,0.05531526156224715,-0.009011140606328112,0.022921973844243694,0.0,0.0,0.0,0.0,nm
0.7037819999999897,2.9920018342336374,-6.437690416832745,137.85940659402198,0.058516587568938266,-0.010966161395959156,0.02609037157119284,0.0,0.0,0.0,0.0,nm
0.7133309999999824,3.0154358417719367,-6.361481319532611,137.9916880511407,0.06106297180367035,-0.011743216878708895,0.027650306923378127,0.0,0.0,0.0,0.0,nm
0.7418759999999907,3.088553914922825,-6.081887476872839,138.15871274841655,0.06065368091535604,-0.008346963310936265,0.024101777603054195,0.0,0.0,0.0,0.0,nm
0.7513670000000161,3.115234941890106,-5.976444137835487,137.79241883070287,0.05950045055090485,-0.007787944578934171,0.023668360760214124,0.0,0.0,0.0,0.0,nm
0.7608369999999809,3.1449456056352805,-5.867464690096576,137.43285300498644,0.05814625861841731,-0.008082055994979142,0.025686351743459908,0.0,0.0,0.0,0.0,nm
0.8084400000000187,3.360234113419489,-5.261472899587825,137.2575816322609,0.059153913764447535,-0.00993661620245004,0.020917856963120263,0.0,0.0,0.0,0.0,nm
0.8179450000000088,3.415260855039688,-5.125693551369164,137.31012608941643,0.06181135075063293,-0.009680035844456465,0.0244911824356418,0.0,0.0,0.0,0.0,nm
0.8274680000000103,3.4741779605179444,-4.9831977294193175,137.23281526392074,0.06431541733212041,-0.0109765419108839,0.028311375337316064,0.0,0.0,0.0,0.0,nm
0.8369769999999903,3.53767052836914,-4.832210737525879,137.1531733016143,0.06506587823273743,-0.012606923317123582,0.027418790572686133,0.0,0.0,0.0,0.0,nm
0.8464969999999994,3.605873865108738,-4.6749493895148415,137.12874424658295,0.06464952129382773,-0.014072314159814019,0.0254401147982391,0.0,0.0,0.0,0.0,nm
0.8750299999999811,3.835120426466368,-4.185521029349687,137.05323209503834,0.0623890302172278,-0.008761366716230469,0.029530099030441678,0.0,0.0,0.0,0.0,nm
0.9035559999999805,4.112748728296093,-3.6929525045579785,137.27156392309178,0.05767860832513907,-0.008409636314893417,-0.005477789077632641,0.0,0.0,0.0,0.0,nm
0.9130650000000173,4.216243947943708,-3.5279091705321175,137.3753821565748,0.06238293042019801,-0.009903467924602798,0.023464706357787968,0.0,0.0,0.0,0.0,nm
0.9225850000000264,4.324692794989619,-3.362059147277808,137.3500932458406,0.06469308898532418,-0.01235778283825952,0.027014127094460435,0.0,0.0,0.0,0.0,nm
0.9320969999999988,4.43744565093819,-3.193631681240012,137.22685078657835,0.06680446117807588,-0.013956494164984984,0.030841831803116775,0.0,0.0,0.0,0.0,nm
0.9511090000000308,4.674003228301351,-2.844025345757617,137.08547980227868,0.07000591162751589,-0.016729220695502606,0.02985168209381055,0.0,0.0,0.0,0.0,nm
0.9700770000000034,4.932741738595599,-2.4944127251163812,136.734926796749,0.06522288979423137,-0.01624316170325186,0.020272288632562408,0.0,0.0,0.0,0.0,nm
1.0081260000000043,5.503322979001884,-1.836204618132254,136.51402986376294,0.06121897046233901,-0.012308756954222424,0.03253997624972709,0.0,0.0,0.0,0.0,nm
1.017639000000031,5.658728105925259,-1.683643329687029,136.4849446466979,0.0609246554167982,-0.013013069205385114,0.026953788938881208,0.0,0.0,0.0,0.0,nm
1.0366539999999986,5.980627628721053,-1.3860489018147975,136.42498792115526,0.06310713493277806,-0.01748858458374964,-0.004628666235133926,0.0,0.0,0.0,0.0,nm
1.0461629999999786,6.1460748663367255,-1.2344741313605714,136.39718194525366,0.0691012003849891,-0.019456980900503705,0.030403543334740112,0.0,0.0,0.0,0.0,nm
1.0556780000000003,6.3120104304489555,-1.08170942627904,136.37215297318355,0.07015852757829519,-0.020958661964319523,0.038115165435940304,0.0,0.0,0.0,0.0,nm
1.0747140000000286,6.640562849138602,-0.7790845495181632,136.32906127358288,0.06690767283915387,-0.020065043647661488,0.02433787984909253,0.0,0.0,0.0,0.0,nm
1.0842210000000136,6.8033449936084915,-0.6340455136358518,136.3088369269731,0.06157509432991405,-0.020745843701635163,-0.0039363188204884145,0.0,0.0,0.0,0.0,nm
1.0937250000000063,6.966859864895885,-0.49813441188196395,136.28818558441856,0.06020840998493483,-0.01704333073632752,0.02742428758092395,0.0,0.0,0.0,0.0,nm
1.1032390000000305,7.128005934153192,-0.3714854509307591,136.26735254305555,0.0422082665138393,-0.034413394209002336,0.03413115508656565,0.0,0.0,0.0,0.0,nm
1.1127460000000156,7.287785665476397,-0.2577714606285943,136.24530882677524,0.04054428272369914,-0.032827853539135435,0.03360509768952844,0.0,0.0,0.0,0.0,nm
1.1222470000000158,7.446835970139822,-0.1519436837734872,136.29638259327416,0.04190904762195256,-0.03461916894708816,0.02991650617504557,0.0,0.0,0.0,0.0,nm
1.1317640000000324,7.606384538946202,-0.05231941140153562,136.30080850175995,0.04176308465858742,-0.03990854308789318,-5.274830250394976e-05,0.0,0.0,0.0,0.0,nm
1.169811999999979,8.215460278051484,0.33594839308125146,136.3215157462136,0.06974882939838653,-0.024185755212384294,0.03215508207112621,0.0,0.0,0.0,0.0,nm
1.1793329999999855,8.355544869570437,0.4259452006965907,136.37096836735705,0.06619933384357432,-0.022022009024226866,0.028726173895793138,0.0,0.0,0.0,0.0,nm
1.1888450000000148,8.489562558865003,0.5062577876970561,136.3458500851536,0.06174893180355252,-0.017968850360529257,0.023402299742541446,0.0,0.0,0.0,0.0,nm
1.19834400000002,8.618416368697078,0.5741576918438073,136.3217327091992,0.04043046612049716,-0.03283564225129431,0.028060514830974704,0.0,0.0,0.0,0.0,nm
1.2078539999999975,8.74089041692844,0.6289848353710555,136.3588862352656,0.039366764320335076,-0.031059887370593897,0.031061528185593816,0.0,0.0,0.0,0.0,nm
1.2173569999999927,8.857613003982488,0.6703299851611098,136.39390960372026,0.03863939320122327,-0.03001539897154048,0.032113118150663304,0.0,0.0,0.0,0.0,nm
1.2363960000000134,9.075187198433868,0.7310891494224531,136.41475325582928,0.044839492748905994,-0.03687030300773395,0.027078219452322975,0.0,0.0,0.0,0.0,nm
1.245902000000001,9.177485668779953,0.7569976995374634,136.4404782565297,0.04745878743486048,-0.039089288078391904,0.027909617596532287,0.0,0.0,0.0,0.0,nm
1.2554059999999936,9.27259722542336,0.7840395015888233,136.48960967426936,0.05047849885917652,-0.04116452701015279,0.030899217486406786,0.0,0.0,0.0,0.0,nm
1.2649260000000027,9.360779738813477,0.8123708467291242,136.49476084738282,0.05248957256428206,-0.04212341743527582,0.034818345413472035,0.0,0.0,0.0,0.0,nm
1.2744240000000104,9.441743894879023,0.837432255732255,136.50597933507504,0.05055680474787398,-0.03993130290517227,0.03599421368166153,0.0,0.0,0.0,0.0,nm
1.283933999999988,9.515539862344747,0.8586339722125963,136.56640762748358,0.04769549964367451,-0.03823945281288518,0.0308821094381198,0.0,0.0,0.0,0.0,nm
1.2934619999999768,9.584033414412135,0.8676907119782378,136.66952469481396,0.04115269692672983,-0.032938255318495674,0.02614438459809266,0.0,0.0,0.0,0.0,nm
1.302960999999982,9.64713313156061,0.8647388686040091,136.74359389056124,0.03807369348566254,-0.02986739806276193,0.026252174246930687,0.0,0.0,0.0,0.0,nm
1.3124859999999785,9.703722171030646,0.8496272256588284,136.81193017045422,0.037300134319348345,-0.028539105501028415,0.028297508027385388,0.0,0.0,0.0,0.0,nm
1.3315549999999803,9.792374997020305,0.7901949247153885,136.88436599394242,0.04143861904950478,-0.030909332871751995,0.03407992937621187,0.0,0.0,0.0,0.0,nm
1.341019000000017,9.82411633541862,0.7552248476144936,136.92047037163326,0.04549585033502979,-0.03541146803600568,0.03084370702287709,0.0,0.0,0.0,0.0,nm
1.350541000000021,9.847773702433091,0.7210956205311,136.95296903861234,0.04877462926546257,-0.038911664647997043,0.028765572999718856,0.0,0.0,0.0,0.0,nm
1.3600890000000163,9.863128408458527,0.6892779570158278,136.91470664305763,0.05063416369066601,-0.04023049216040493,0.030718532578950134,0.0,0.0,0.0,0.0,nm
1.3886180000000081,9.849860489933857,0.5837037579500849,136.9556319852643,0.044113082061835285,-0.03312960372769131,0.03453049015474467,0.0,0.0,0.0,0.0,nm
1.4076469999999972,9.802159880414177,0.4740832531124876,136.94171945784515,0.03709538480411717,-0.02825813749602151,0.02747013988686955,0.0,0.0,0.0,0.0,nm
1.4171509999999898,9.767320805799828,0.40241293306177084,136.90657622668866,0.03582791771343399,-0.027216763253632006,0.027051473532247086,0.0,0.0,0.0,0.0,nm
1.426670999999999,9.725946166221885,0.32331484660942045,136.86986087491726,0.03785627970161404,-0.028535158805777713,0.02976309739246519,0.0,0.0,0.0,0.0,nm
1.4551460000000134,9.55300053775244,0.08201455720143591,136.84316622351432,0.04798105218504997,-0.03763308421602247,0.03197285359307271,0.0,0.0,0.0,0.0,nm
1.4741769999999974,9.400928868246137,-0.06366452224638444,136.9988716635013,0.04800181200659839,-0.03785816869823014,0.030437725704480986,0.0,0.0,0.0,0.0,nm
1.4836710000000153,9.313627864026904,-0.14007010448505816,137.06166839200762,0.0447286765067207,-0.034083926722784874,0.0335049283847895,0.0,0.0,0.0,0.0,nm
1.4931960000000117,9.217931410541429,-0.22290561990344757,137.12305719956387,0.04075881545172105,-0.030503917065773677,0.032952070077993584,0.0,0.0,0.0,0.0,nm
1.5027000000000044,9.115248629224498,-0.3154466839986913,137.1558823517486,0.03701638158065975,-0.02729277256177514,0.03190981666296617,0.0,0.0,0.0,0.0,nm
1.512217000000021,9.006277471847579,-0.4195035990346054,137.16107785940358,0.033807641897912674,-0.024873447189185573,0.02965347584011577,0.0,0.0,0.0,0.0,nm
1.5217289999999934,8.891185265939601,-0.5280456448604206,137.1930606208167,0.03593760751004717,-0.02721621665008109,0.028056366629565253,0.0,0.0,0.0,0.0,nm
1.5407480000000078,8.642441189000207,-0.7550100404065805,137.2670741973517,0.04272912299355621,-0.03210905714484232,0.03489801669662088,0.0,0.0,0.0,0.0,nm
1.5597660000000246,8.374935096386983,-0.9705110334786046,137.43410667398803,0.047392441843851545,-0.03701543501623086,0.031567429946524145,0.0,0.0,0.0,0.0,nm
1.5692789999999945,8.235296093444333,-1.0716856130908232,137.48674524114375,0.06478971931692028,-0.019461713103787758,0.024840791910073386,0.0,0.0,0.0,0.0,nm
1.5978150000000255,7.79400350834678,-1.3898628335064291,137.63746114538844,0.057845891091679716,-0.008538829454365984,0.03271233050193524,0.0,0.0,0.0,0.0,nm
1.607328999999993,7.640569676427973,-1.5082872128456546,137.6391408879717,0.05424049765496269,-0.0068612400033768025,0.029928971401420538,0.0,0.0,0.0,0.0,nm
1.616831999999988,7.484983027685074,-1.6324479691801073,137.62469739466528,0.053998940707001335,-0.006404404287953024,0.028365404122968788,0.0,0.0,0.0,0.0,nm
1.6263529999999946,7.3291405116526365,-1.7628294936206317,137.58910844733214,0.053129248002983874,-0.006860093547089057,0.027936199430551655,0.0,0.0,0.0,0.0,nm
1.6358640000000264,7.171376443058673,-1.8929071526384056,137.5528704781782,0.057166511234400405,-0.009020647856839011,0.02439068176455646,0.0,0.0,0.0,0.0,nm
1.6453690000000165,7.014613320356843,-2.0226778174812736,137.61626079234725,0.05865674455004782,-0.010506733460506547,0.026009000627929057,0.0,0.0,0.0,0.0,nm
1.6548240000000192,6.89292789266501,-2.2071099401854695,137.68635308759636,0.08330743043513648,-0.02063050811047953,0.12209245094748981,0.0,0.0,0.0,0.0,nm
1.6643930000000182,6.830712867277459,-1.8497684262736775,137.74369072849464,0.3175528037878243,-0.47382692329322784,-0.15440606257984194,0.07075978487945149,0.012030547475921883,-0.011556342232291161,0.0,nm
1.6738110000000006,6.382695307791009,-2.8231941049340534,137.71237426757818,0.5725023174086541,-0.31376890587282996,0.3166022798272967,0.19743337949486023,0.0840865992861473,-0.0249153971740647,0.0,nm
1.6833250000000248,6.450331963181617,-3.2388895102916675,137.8674105904382,0.2474927379649107,-0.08720156740533538,0.5343827785677872,0.04591644716843729,0.07075698393331238,0.03175181038048738,0.0,nm
1.6928359999999998,6.70006379966029,-2.1971498796809272,138.3808200728073,-0.06164645634659146,0.0036186728256520097,0.5488780888635336,-0.17648296149045353,-0.12200965827185482,0.10512382535000338,0.0,nm
1.7023310000000151,6.786975211587227,-1.0679444956587227,139.07105477048208,-0.00976567119002654,0.1651056640585786,0.9967063642909294,-0.1620745098415937,-0.1587089749813199,0.10965180635971096,0.0,nm
1.7118429999999876,7.025770457249136,-1.1297672167631614,139.3948098169092,-0.7438967724931574,0.7300021088655282,0.2492137734371549,-0.02814927264835219,0.04059031353344448,0.05659915009542809,0.0,nm
1.7308820000000082,6.710155124914767,-2.1235780909135853,139.33742115836193,-0.48576016896201346,0.49881017147919854,0.5518160454030755,0.13935537817112942,0.020066523220248836,-0.025851666955552334,0.0,nm
1.7499050000000125,4.578612349535648,-5.0711043102251105,138.45237166062287,0.18079247713802463,-0.3388853360699223,0.8847861178904536,0.42033029049815174,0.10589093595716007,-0.10427503960685805,0.0,nm
1.759412999999995,3.236525298692511,-6.334215686628105,137.84885755837294,0.2585191480675156,-0.6285254080284907,0.5761014850916851,0.36804971050762003,0.00919747440982858,-0.0984218296974998,0.0,nm
1.7689159999999902,2.1008367369441907,-6.72011034856718,137.31089467638918,0.32500346610915953,-0.9755712440763701,0.3854183743420332,0.21866903698082255,-0.09607476233340118,-0.061834693491437255,0.0,nm
1.778441999999984,1.2816154428545032,-6.881581644356504,136.82654961250108,0.11305339855303505,-0.9806351514184768,0.234719672181923,0.1409539047843401,-0.08788019179553694,-0.021063043390699546,0.0,nm
1.7879480000000285,0.9653069249025356,-6.900752367217032,136.16247939203774,-0.2529608644756537,-0.7145456773828157,0.3627695842098806,0.0479789530845383,-0.04084666845703002,0.018497030444596736,0.0,nm
1.8068460000000073,2.3310764708385565,-5.924075355400035,133.86749278348037,-0.6510053394307991,-0.3345264162248815,0.1960521581850902,-0.20868941184006465,0.07294043800119149,0.05256982260404722,0.0,nm
1.8258559999999875,5.917095687148323,-6.657631893352884,131.23761897166216,-0.5622432890737797,0.07901963560900653,0.541084076149313,-0.17722668773910788,0.378965509901289,0.03393035112603404,0.0,nm
1.8353779999999915,8.191305735724434,-7.27965922721499,131.12889580464298,-0.19519565405873854,-0.01849396088137891,0.4856030197625686,-0.20396360395711668,0.422305009876834,0.0335144322284944,0.0,nm
1.8450750000000085,10.615330716049623,-8.075645880813976,130.97938132481664,0.16988855122500435,-0.1762311401120144,0.5731526226905314,-0.19580096626440202,0.46752587877865254,0.034956565213142575,0.0,nm
1.8545230000000288,12.922099138685747,-8.968437860568313,130.81445320068806,0.4418267633821772,-0.1945587971589877,0.6824923560885278,-0.16399438039314043,0.4624368526823128,0.035479054552892776,0.0,nm
1.8640330000000063,14.964586544505467,-9.523651209457086,130.75036159215563,0.5863683654093487,-0.18659665538266693,0.5295523348641504,-0.179542370310932,0.37836304347938937,0.05291703362448908,0.0,nm
1.8735429999999837,16.70887046023422,-9.685414121262633,130.82937014505907,0.590900637067469,-0.20089333148846528,0.40192731719191477,-0.2005048294928718,0.28195869954656605,0.07410795531586371,0.0,nm
1.9020849999999996,20.15886503409637,-9.775326037604243,131.38965179261334,0.021088721210505597,0.14264788811586956,0.3204631718470754,-0.12691500412833648,0.14544264240352026,0.07942051240700657,0.0,nm
1.911580000000015,21.02964424452723,-9.960661766348563,131.54478676227032,-0.08061028945672595,0.11865864353156123,0.20533165702312878,-0.08596921445581203,0.1533333524115112,0.06094910643525544,0.0,nm
1.921243000000004,21.94893096456084,-10.444598399271015,131.5261539454506,-0.08520007948297868,0.04750985010087976,0.25943016694862764,-0.0476014672669522,0.19991214874225577,0.02890116674810043,0.0,nm
1.930612999999994,22.930820514058006,-11.042186725344909,131.35457584812343,0.001597865679477781,-0.0762096568637768,0.2985550264303197,-0.038145396540168845,0.22405490014612917,0.002337493581464288,0.0,nm
1.940115999999989,23.984384166203817,-11.58474912519796,131.0838640701126,0.16105822768522277,-0.23431845988307262,0.24752578157608754,-0.054595283231648827,0.22724587161402807,-0.012769082216522102,0.0,nm
1.9496340000000032,25.16690046861636,-12.048435135153612,130.76003283696195,0.2876677127544602,-0.3127829588581285,0.29524060540278985,-0.08166588953573978,0.2359986740314009,-0.01629825853030656,0.0,nm
1.9591419999999857,26.40836339300913,-12.344993534086777,130.49150530965255,0.31009724798805793,-0.2932764599724902,0.3145002266139473,-0.11315175609466947,0.22313103450417265,-0.0012057006002901827,0.0,nm
1.9686419999999885,27.645326194588556,-12.412011831035468,130.39067544055007,0.24329551926004206,-0.22583487535921065,0.2875126979122209,-0.1467462863594734,0.19287356332061417,0.03292800337534899,0.0,nm
1.98766999999998,30.194669774268448,-12.47774150551281,130.55666727873265,-0.001580949659192558,0.030081401809429458,0.29093555403618915,-0.15287621489498274,0.20531186798825515,0.07917350736047958,0.0,nm
2.016202000000021,34.981857532015106,-13.733032550160363,130.6132636081447,0.11162680725505741,0.07568816892945429,0.3085990820074169,-0.129774146336113,0.336323267920794,0.05924036492851824,0.0,nm
2.027971999999977,36.88541259522253,-14.413446447545612,130.34921419654663,0.3007125382921963,0.011289254056614254,0.27755151896810637,-0.13641000644805773,0.3697430740840311,0.039891737644235294,0.0,nm
2.04465399999998,40.95134573005992,-15.327472242808087,129.68523640987905,0.655621207851552,-0.09833231322158191,0.1552245868640189,-0.2003333087644393,0.3489551485789451,0.04084736654780901,0.0,nm
2.0637350000000083,44.791939507725154,-15.356377840287536,129.21127869193856,0.7027062725622598,0.10881365507014813,0.08635134332934788,-0.2413805330792157,0.26504463602150674,0.062474425517736555,0.0,nm
2.0922740000000317,49.37585090494406,-14.856938795975248,129.30915910977097,0.30512366394733087,0.4284662486790953,-0.03118964543965313,-0.17707512515244025,0.19988670891721294,0.0837284994344711,0.0,nm
2.101775000000032,50.67517429779242,-14.992026581135002,129.3373926704453,0.22167537590887956,0.39774728972295775,-0.08030138405320389,-0.13840168390508575,0.21164647935837338,0.07267642047256602,0.0,nm
2.1137350000000197,52.00258285559563,-15.298249073805513,129.26275630396077,0.18302779376304418,0.2746856793222073,-0.17436206584295694,-0.11505951653265552,0.23741422371467688,0.05453777562582088,0.0,nm
2.120798999999977,53.4881920442397,-15.719869227512461,129.0211385356666,0.21993937025915078,0.1499781476730784,-0.23970877871126878,-0.11545734831874319,0.2756528923509498,0.031223461870761242,0.0,nm
2.130314999999996,55.181892716292396,-16.13579044612172,128.64327796476854,0.2656966251534882,0.05202457593076318,-0.3153350186367322,-0.13960201669063807,0.30631380034427497,0.01748214778552621,0.0,nm
2.1398120000000063,57.07422021021354,-16.447649499844257,128.2083810542352,0.2833365259158707,-0.007249552043022074,-0.40467244270637875,-0.17710503287140003,0.32378310461990667,0.01928581454953941,0.0,nm
2.149348000000032,59.119572538500464,-16.653199636891564,127.76616275684611,0.3085689834969601,0.036375340127790486,-0.43916977921750905,-0.2091813995525788,0.3347917020659017,0.028182571512707817,0.0,nm
2.1588689999999815,61.21432084709358,-16.801668552431057,127.36963839606291,0.26531232905086627,0.13970328548776786,-0.4692480268458084,-0.2213411516578725,0.33656048379358566,0.041381691400841004,0.0,nm
2.2064359999999965,70.6916542272297,-18.45752118646401,125.34880856400991,0.13138543184556054,0.2093016747749057,-0.6552145241690618,-0.1083016811626452,0.3048300434583738,-0.015689170123068894,0.0,nm
2.215966999999978,72.16613336835589,-18.83576711142215,124.66182641750412,0.20046968080102265,0.14388873514442982,-0.7032176112707301,-0.09837854556131884,0.27261642249450513,-0.043070921575071745,0.0,nm
2.2254330000000095,73.47942051987778,-19.106418896259544,123.92741983424669,0.22874405311163298,0.09660787700310111,-0.7342414443156604,-0.09528604359300509,0.2360107601120764,-0.06148657303887157,0.0,nm
2.2540159999999787,76.33340235239987,-19.47026154606861,122.0445073067115,0.08859849160454425,0.0613405374206654,-0.7641062488350076,-0.06158441930662422,0.13575232910547663,-0.06176119673309849,0.0,nm
2.263516999999979,76.9323267913648,-19.605720260853985,121.52696242260129,0.033172943389765765,0.07459925548304569,-0.7236896990571898,-0.03643139461658779,0.1103684982812282,-0.06348096218073815,0.0,nm
2.2825359999999932,77.62202769534133,-19.901975488528553,120.56336497168004,0.03847723849015281,0.043974515949466074,-0.5814156262522726,-0.0013122023057241176,0.05625605014844445,-0.07967565331388847,0.0,nm
2.29204900000002,77.74321594320526,-19.963447582561827,120.05370932437052,0.027721132169240225,0.019133463527290825,-0.5160443256562649,-0.0008447679274016275,0.025914657418495007,-0.09374265008838138,0.0,nm
2.301526000000024,77.77625908562926,-19.909357012522655,119.53341721903948,0.01391076610752214,-0.017915193231202782,-0.45616775709665686,-0.012453583356632188,2.127779682113191e-05,-0.10190036114816134,0.0,nm
2.311087999999984,77.75991990041045,-19.74152950221149,119.00689039144842,-0.011848803173114448,-0.04575412942021599,-0.41582323071425015,-0.02777985350837725,-0.019114199650179887,-0.1065252372705071,0.0,nm
2.3205930000000308,77.73790348098667,-19.495826058681665,118.4999028332178,-0.02256435515993011,-0.05224152864068399,-0.37542246708539806,-0.04111145820118023,-0.027308304342838395,-0.10299298918030779,0.0,nm
2.3300560000000132,77.71405415631149,-19.222377769433827,118.07022119643707,-0.019641287400576996,-0.052518483781809296,-0.3440559518014498,-0.04606470828793361,-0.029916645988250404,-0.08762531141549784,0.0,nm
2.3396129999999857,77.69387830630669,-18.97306254041271,117.74970921096075,-0.01632190465317241,-0.05828953033360381,-0.3275675819805052,-0.04231853132727777,-0.026744694334141023,-0.06550746909392717,0.0,nm
2.34912700000001,77.69522612619753,-18.78180724958891,117.53795577150859,0.027613153711362658,-0.04869399107825135,-0.28793095815423925,-0.03403764643080827,-0.01754550470619193,-0.04232125407035872,0.0,nm
2.3681379999999876,77.69106961033417,-18.533471050249897,117.39528659253229,0.052489100703114244,-0.008849314093183472,-0.21631039768101581,0.0,0.0,0.0,0.0,nm
2.377648000000022,77.70302272437561,-18.415424821599693,117.3933267093874,0.07829520803864577,0.02995398896484444,-0.1749406344573561,0.0,0.0,0.0,0.0,nm
2.3871599999999944,77.73921557981308,-18.270130514958904,117.3650903780819,0.053272637833556576,0.0840156358715281,-0.1518345601728406,0.0,0.0,0.0,0.0,nm
2.39669200000003,77.81331136395751,-18.09387360073525,117.28554663432632,0.07147545866710979,0.09179893633129804,-0.14941470519709696,0.0,0.0,0.0,0.0,nm
2.415685999999994,78.01626051615278,-17.718439173687727,119.53118034872602,0.14952942911547354,0.08531173982088229,-0.17541580281827363,-0.041715170121063,-0.0008229595233304199,-0.029719238177249432,0.0,nm
2.4252099999999928,78.09513202020565,-17.559824362686154,120.59468987370447,0.20923612310885428,0.07715425326256937,-0.18060792894425431,0.0,0.0,0.0,0.0,nm
2.444246000000021,78.0134760646059,-17.30278001083398,122.88223097537119,0.2421061194571702,0.055311333980339626,-0.14669148725031705,0.0,0.0,0.0,0.0,nm
2.4537129999999934,77.8349248597948,-17.177107918863236,124.11306759592412,0.20631890471586647,0.06602091056644524,-0.09811095877701885,0.0,0.0,0.0,0.0,nm
2.463400999999976,77.58053002908629,-17.03347281578766,125.35608121585085,0.14232681743044037,0.08428375267183542,-0.05297494341709483,0.004649695553677909,-0.05635926942623344,0.005993099212697536,0.0,nm
2.4729070000000206,77.29506038239306,-16.874150884459887,126.55497751132334,0.06832773450396094,0.0961863241387706,-0.019739159389600146,0.00687524654949453,-0.06293351437833522,0.0011553233548204543,0.0,nm
2.4825440000000185,76.96192679218184,-16.78794705004421,127.70208786645574,0.013481002095976614,0.09650594704010435,-0.002030059534376856,0.003922832764514644,-0.058085793719109456,-0.009002603260613567,0.0,nm
2.4920660000000225,76.74088776766264,-16.708005984152727,128.76614540499475,0.0008842707816102166,0.07404762826338643,0.028740433708869185,0.0,0.0,0.0,0.0,nm
2.5300960000000146,76.59267171220179,-16.126433238380844,132.52584099326972,0.14614354345455535,-0.03590891019839988,-0.015510667674788167,0.0,0.0,0.0,0.0,nm
2.5396010000000047,76.63130892604416,-15.933993682219235,133.5312285885636,0.1597532354252059,-0.02642080947571857,-0.04570220734233762,0.0,0.0,0.0,0.0,nm
2.5491289999999935,76.67635016233062,-15.76123922234957,134.55656505605356,0.15306668467700776,-0.0015303297504858798,-0.047378848954377766,0.0,0.0,0.0,0.0,nm
2.558630999999991,76.71871845477263,-15.626156542910323,135.57944607413853,0.12445104603140963,0.033426610063832775,-0.046966545098824454,0.0,0.0,0.0,0.0,nm
2.568099000000018,76.75423315316222,-15.53049958538586,136.60518507213675,0.08561027350506302,0.06774178005345405,-0.04453343578062511,0.0,0.0,0.0,0.0,nm
2.5776369999999815,76.78341961976501,-15.464437745994685,137.58618182925522,0.05892430876220656,0.0832043291121916,-0.045602829858572905,0.0,0.0,0.0,0.0,nm
2.587161999999978,76.81469695807695,-15.41571160345117,138.5041852553148,0.027349169499145926,0.09370374011139485,-0.049730335915850875,0.0,0.0,0.0,0.0,nm
2.5966740000000073,76.84826817464942,-15.364793738560785,139.36516821455777,0.03966886377062082,0.07357720891793784,-0.06482296533677696,0.0,0.0,0.0,0.0,nm
2.6061409999999796,76.8597753900975,-15.294242438927665,140.16451219703117,0.04183850602847072,0.07888853108276908,-0.06731343992746026,0.0,0.0,0.0,0.0,nm
2.6252170000000206,76.79201542723497,-15.076164127787642,141.64290764438613,0.11094610132715127,0.03274125195167426,-0.08864934080893408,0.0,0.0,0.0,0.0,marker_1
2.6347190000000182,76.69484926931611,-14.94538582037062,142.4237677096392,0.12324947645385147,0.028923117791370027,-0.08835946894877553,0.0,0.0,0.0,0.0,nm
2.653733999999986,76.41338680853829,-14.730771586740742,144.0854184458351,0.09019068799868454,0.040078883982869136,-0.06539932919822859,0.0,0.0,0.0,0.0,nm
2.663222000000019,76.2506141486041,-14.673803203472763,144.90728656537183,0.06275028157396519,0.05377050878645657,-0.05061688280530752,0.0,0.0,0.0,0.0,nm
2.672713999999985,76.09155183002379,-14.64685167119565,145.70919328484587,0.032974050031093514,0.06618063715124543,-0.038426645331816556,0.0,0.0,0.0,0.0,nm
2.6917980000000057,75.77405372583765,-14.608238080336514,147.15795403710467,0.04680662002728985,0.08013762115746599,-0.015865785939244502,0.0,0.0,0.0,0.0,nm
2.7013019999999983,75.61952135079518,-14.571077080854405,147.8219748397792,0.07852957012194933,0.06761474218236908,-0.01903149058616066,0.0,0.0,0.0,0.0,nm
2.7108109999999783,75.47558144437042,-14.521265832353102,148.48906494052085,0.08968959439332522,0.06540550278091005,-0.01678589900728146,0.0,0.0,0.0,0.0,nm
2.72032200000001,75.34678174984074,-14.462820315881315,149.14850577924273,0.09330775855586677,0.05799884153914154,-0.019616884875294893,0.0,0.0,0.0,0.0,nm
2.72983099999999,75.2354270547567,-14.413359790269483,149.78181178540783,0.0854510858795259,0.05665104196554902,-0.02116515974507954,0.0,0.0,0.0,0.0,nm
2.739342000000022,75.13822501788869,-14.385909434349564,150.45583744104084,0.07363135080405876,0.06025193803888193,-0.02185645500405649,0.0,0.0,0.0,0.0,nm
2.7583609999999794,74.94044144175881,-14.401435358529698,151.74838643050703,0.04331285772943331,0.08805212800488388,-0.013730151708328812,0.0,0.0,0.0,0.0,nm
2.7964170000000195,74.547449588533,-14.40633742643274,154.0034440555343,0.07984015457472877,0.062198442235206534,-0.026858203163799794,0.0,0.0,0.0,0.0,nm
2.8059240000000045,74.4214925434527,-14.336111557249193,154.52043986076458,0.1003901131648184,0.06362236560890971,-0.028561053641171844,0.0,0.0,0.0,0.0,nm
2.8154480000000035,74.27301487604794,-14.24249600884232,155.0625670961911,0.11463689004840989,0.06947279801506134,-0.026875026613149385,0.0,0.0,0.0,0.0,nm
2.8249480000000062,74.10378118570065,-14.139559038727601,155.61000552566952,0.11771211996006667,0.07229878157798912,-0.02708416064820224,0.0,0.0,0.0,0.0,nm
2.8344510000000014,73.9239803634768,-14.044279593565209,156.18622070721534,0.10666045907207641,0.07124739849177324,-0.023452538684404178,0.0,0.0,0.0,0.0,nm
2.8629549999999995,73.39281726115365,-13.891357239621211,157.9605199777586,0.032556666945179225,0.06635348009412836,0.021344317462687546,0.0,0.0,0.0,0.0,nm
2.8724920000000225,73.23933851221203,-13.877268708210858,158.49744839627104,0.030909123588632403,0.06441409961246632,0.020835006970816108,0.0,0.0,0.0,0.0,nm
2.8820120000000315,73.09732677799435,-13.867684512752438,158.98190915196085,0.03212462551866586,0.06831861337034592,0.02221331804507685,0.0,0.0,0.0,0.0,nm
2.8915269999999964,72.96360460336808,-13.85695121107287,159.45959564469064,0.03363238323458237,0.07299539276408133,0.023846776126521647,0.0,0.0,0.0,0.0,nm
2.901025000000004,72.83610417752368,-13.842387483775893,159.92692330842425,0.03559699860757163,0.07884116764809893,0.025871483433346974,0.0,0.0,0.0,0.0,nm
2.910540000000026,72.70937692311878,-13.821591855561715,160.35013882082922,0.036683035698990826,0.0827687036597522,0.027290392435148476,0.0,0.0,0.0,0.0,nm
2.9390829999999823,72.30799207384582,-13.729962094649506,161.62145214033518,0.08428413345520916,0.07401049219939823,0.01794824794130272,0.0,0.0,0.0,0.0,nm
2.9485819999999876,72.16766221922839,-13.690510772724028,162.09702509446967,0.0772368855214923,0.07243496138845362,0.018203195864740396,0.0,0.0,0.0,0.0,nm
2.9580550000000017,72.02792066990213,-13.654979289193433,162.57160178432474,0.06221079115545023,0.07474320945990852,0.021043967168846312,0.0,0.0,0.0,0.0,nm
2.9675700000000234,71.88836514631774,-13.624587461613922,163.04346598878047,0.0333103497470333,0.08516326907471476,0.02898214769652419,0.0,0.0,0.0,0.0,nm
2.977115000000026,71.74846980625857,-13.602655654985043,163.4702562762233,0.03274725924642261,0.08546674708825304,0.029248866983036047,0.0,0.0,0.0,0.0,nm
2.9865930000000276,71.61256832739379,-13.587833879973937,163.87770198424548,0.031094462048974328,0.0827790958930032,0.028484593605313194,0.0,0.0,0.0,0.0,nm
3.0056519999999978,71.33695739772843,-13.570834506727635,164.67688489084128,0.03185651188815074,0.08822087637237286,0.030700122673819507,0.0,0.0,0.0,0.0,nm
3.015123000000017,71.20484076325572,-13.553718506567558,165.08087271772155,0.03150250090003607,0.08906228313566852,0.03115681961295736,0.0,0.0,0.0,0.0,nm
3.034185999999977,70.98740887022882,-13.480233384211221,165.85192767818552,0.027435101307282647,0.08086567128147763,0.028521630438226267,0.0,0.0,0.0,0.0,nm
3.043658999999991,70.90497392930335,-13.431965296883927,166.22736829710186,0.025172282338264695,0.07580231497155643,0.026807727374917965,0.0,0.0,0.0,0.0,nm
3.0532230000000027,70.85112534910854,-13.390897975892068,166.60540065495894,0.021037753451707643,0.06477716659199446,0.02293251361811274,0.0,0.0,0.0,0.0,nm
3.0626809999999978,70.8292617840877,-13.372982154900926,166.954072905416,0.018219862526390053,0.05728622754609116,0.020267335052464138,0.0,0.0,0.0,0.0,nm
3.0722279999999955,70.83064574421338,-13.375105987444478,167.2675618024967,0.01846465649084092,0.05917362868933865,0.020897243473535047,0.0,0.0,0.0,0.0,nm
3.081740000000025,70.83525174423055,-13.388614672481085,167.57352595975476,0.020412369420713457,0.06665141376933612,0.023492112661099244,0.0,0.0,0.0,0.0,nm
3.0912170000000287,70.82947510404718,-13.402782424001481,167.8791754479467,0.023304129534557367,0.07753851676128555,0.027293136908693012,0.0,0.0,0.0,0.0,nm
3.1007510000000025,70.7980175892617,-13.410362052898016,168.19026789598684,0.049174172265887724,0.09086283325788509,-0.003256550728435719,0.0,0.0,0.0,0.0,nm
3.1197839999999815,70.66460713014816,-13.388903873871046,168.8571858524045,0.047301326392272136,0.08556202853470601,-0.0023674896374470795,0.0,0.0,0.0,0.0,nm
3.148315000000025,70.45629726577812,-13.356737237888739,169.77190185933367,0.014099055210412966,0.05292822044494429,0.01885426191539991,0.0,0.0,0.0,0.0,nm
3.1577879999999823,70.42975889059657,-13.363895966978724,170.04899939455058,0.010716781851248388,0.04100052308807647,0.014608144926588096,0.0,0.0,0.0,0.0,nm
3.1673410000000217,70.42949618671285,-13.377643183381158,170.3181426932268,0.009556719889869643,0.03726420356320345,0.01326041938023534,0.0,0.0,0.0,0.0,nm
3.176811999999984,70.44577546335731,-13.391142654501563,170.59364382002337,0.00910549855756843,0.03622668111861942,0.012863194787479921,0.0,0.0,0.0,0.0,nm
3.186354999999992,70.47015546332148,-13.397488816742984,170.86780429225763,0.03740765794483769,0.03324326318762955,0.006592218029999881,0.0,0.0,0.0,0.0,nm
3.195822000000021,70.48752645175436,-13.396811545418203,171.15967374515537,0.04225987507920014,0.05221727461558128,-0.018341994736366656,0.0,0.0,0.0,0.0,nm
3.2148450000000253,70.48213031050334,-13.392482485638507,171.7860188975916,0.005676744898906842,0.0748515228408704,-0.021317383061688493,0.0,0.0,0.0,0.0,nm
3.2243970000000104,70.45555007832908,-13.394652606938891,172.07272619586848,0.003815076286260506,0.07350288366952475,-0.02670169169721791,0.0,0.0,0.0,0.0,nm
3.2434319999999843,70.38241223764199,-13.434041707847593,172.62609397371216,0.0014429376072320752,0.06283522405714403,-0.027771387621091864,0.0,0.0,0.0,0.0,nm
3.252890999999977,70.34835598364677,-13.462840312374516,172.87081760205012,-0.0006528804897503348,0.052364033538484595,-0.02985288727399818,0.0,0.0,0.0,0.0,nm
3.262405000000001,70.3193798143085,-13.486546052177449,173.0811448175156,-0.0005332367406188686,0.0518098113804589,-0.028230557490043443,0.0,0.0,0.0,0.0,nm
3.271960999999976,70.28558887530366,-13.497651440184745,173.28790213995265,-0.0001991007347546006,0.05710287976382844,-0.028628883959509802,0.0,0.0,0.0,0.0,nm
3.2909839999999804,70.15143432396681,-13.462845217375193,173.763838679354,0.0506753959015895,0.07606011543931114,-0.03421630442868003,0.0,0.0,0.0,0.0,nm
3.3099980000000073,69.92119091172518,-13.39638412321059,174.28331174078315,0.043318167217440966,0.07788954556224004,-0.02839639524957533,0.0,0.0,0.0,0.0,nm
3.319472000000019,69.78447968256812,-13.372488868721042,174.56479127414423,0.004416084220729224,0.07756956066036008,-0.012414133657094996,0.0,0.0,0.0,0.0,nm
3.3385430000000156,69.51817385366083,-13.370429361081237,175.10001825422296,0.008902385368076901,0.05134326589659303,0.018866233683212687,0.0,0.0,0.0,0.0,nm
3.3480089999999905,69.41866353746755,-13.38727824832304,175.32394156872223,-0.025546528012112685,0.03847112862714055,0.020802486778128827,0.0,0.0,0.0,0.0,nm
3.3575549999999907,69.3669045091895,-13.413961860466399,175.52788795058197,-0.030500708113583283,0.002385520594863175,0.0072963628071125485,0.0,0.0,0.0,0.0,nm
3.3670290000000023,69.37067046173064,-13.448434833643113,175.6955577788302,0.0,0.0,0.0,0.0,0.0,0.0,0.0,nm
3.4335590000000025,70.09639756202066,-13.703316817705334,176.62296620154137,0.012328736146130484,0.05212270324574889,-0.23426984382369728,0.0,0.0,0.0,0.0,nm
3.4430619999999976,70.0895221021148,-13.718077484531637,176.7982095904582,-0.008708394208748525,0.06112129714411506,-0.2535872695232112,0.0,0.0,0.0,0.0,nm
3.452545999999984,70.00746552093966,-13.737642185046862,176.96341198333602,-0.029828170875206967,0.05843977713101687,-0.27075923972702465,0.0,0.0,0.0,0.0,nm
3.462098000000026,69.85105993308579,-13.766468628148683,177.09042943245421,-0.03838098754540758,0.051277684412949255,-0.285625181017521,0.0,0.0,0.0,0.0,nm
3.481070999999986,69.34197252424325,-13.839550605231555,177.32567439212397,-0.019707126888895258,0.018449454854146157,-0.32382236436966483,0.05566906000392199,0.004844494585265577,-0.03084622271511291,0.0,nm
3.490573999999981,69.00554798491171,-13.87200887961409,177.42447352535842,-0.00103220735248478,0.0020342551767964165,-0.34542761900865415,0.06562990819069,0.003612825558790221,-0.03413774350121675,0.0,nm
3.5001379999999926,68.61929274392647,-13.894569959155058,177.54132172695103,0.01847318426394088,-0.004127801309553904,-0.3682165039666962,0.07521367144531711,0.0013461998424158176,-0.03323855564203528,0.0,nm
3.5095910000000003,68.18354321174643,-13.910973699914107,177.69100632459742,0.03094940023671995,-0.002975656015158215,-0.394962425657814,0.08476252487208312,-9.784142734378543e-05,-0.028776186541071922,0.0,nm
3.5191649999999868,67.69474077783418,-13.93391900760188,177.89937723638874,0.03283907366219511,0.015748672279923152,-0.41646523997137,0.09510918041394355,0.0011036948128642261,-0.02207641427560607,0.0,nm
3.528536000000031,67.14124992142321,-13.979464563593615,178.15977047444454,0.02020328780351546,0.0437018525704955,-0.4299622811070233,0.10780050425802976,0.005603104139246053,-0.014646218201719227,0.0,nm
3.538185999999996,66.51194150516582,-14.055105107222923,178.4608451480319,-0.003491291824316509,0.0752007742729838,-0.4305903920559185,0.12263667002081302,0.011726902507789362,-0.00696317103292646,0.0,nm
3.5667119999999954,64.00554734469397,-14.389593893887637,179.56050451182372,-0.08775188233753521,0.17549367630073992,-0.34726564204589194,0.18458721653361349,0.021193119117162804,-0.007623919212139679,0.0,nm
3.5762320000000045,62.93792955609692,-14.488808840871487,179.72763859202814,-0.07753300464458043,0.19896572408486365,-0.3036963336559217,0.2071516294477403,0.018574662668128784,-0.019852197120512685,0.0,nm
3.5857480000000237,61.7266423207377,-14.572727489122567,179.84063051031194,-0.06257323815883253,0.21983281089504136,-0.24304310378579655,0.23486319249963247,0.015915571327338448,-0.03823973890678979,0.0,nm
3.5952460000000315,60.36804947920665,-14.666465516140224,179.901300706412,-0.09693349051904909,0.15758386243190328,-0.26062468222230406,0.263293238706069,0.018177603942211674,-0.05652010407814875,0.0,nm
3.604754000000014,58.95918638117972,-14.803065794597607,179.94728244170145,-0.08465437983691301,0.17544156053112067,-0.21732442189723905,0.2728864159352529,0.02699534170590823,-0.06254657045522223,0.0,nm
3.614266999999984,57.513261936645875,-15.005605579273507,-179.9950331313442,-0.060801279586137895,0.14949116844038218,-0.2267763499035146,0.2798288449131665,0.04044496085393577,-0.06291749538882488,0.0,nm
3.6237760000000208,56.10140041975273,-15.28390675615498,-179.9209242036766,-0.06710256540863577,0.1194315723526615,-0.2449532129951401,0.27287272374407884,0.05593466074196633,-0.05901753251245801,0.0,nm
3.6332859999999982,54.76879646344767,-15.607928088724705,-179.83351545586842,-0.01085553807309094,0.12960190578777125,-0.2434392168766027,0.25708641240386526,0.06544223472301776,-0.053560221318071394,0.0,nm
3.6522520000000327,52.30551644770331,-16.142656504329512,-179.6668961792106,0.024153756530252996,0.1605080795869245,-0.27654628486655475,0.22951914887502373,0.04736220884185446,-0.05139510216691985,0.0,nm
3.6712909999999965,50.01766605074471,-16.305406182851954,-179.65277767535972,-0.025058654591881308,0.2307399447647114,-0.27995071846527175,0.218518162148399,0.0071296678220405,-0.06574503598072251,0.0,nm
3.6807790000000296,48.87234163708958,-16.248836289888654,-179.65850536459072,-0.07380012683258927,0.2867121791806142,-0.2473481567821472,0.2202388801865936,-0.010006366467385702,-0.06543778643665911,0.0,nm
3.6902489999999943,47.69034206428551,-16.153142098589047,-179.64244862503074,-0.10652612476032261,0.3187021055112869,-0.24478932827339175,0.22742687771581882,-0.017779747928951102,-0.06283736054037989,0.0,nm
3.7093380000000025,45.22466498222035,-15.988177356955601,-179.50692982068668,-0.11644429009309507,0.38097640217286693,-0.21888687667641787,0.2404613892671393,-0.012376377244044261,-0.05214547181465683,0.0,nm
3.718857000000014,43.95100519278363,-15.932429042257638,-179.39913147178373,-0.06018174702932134,0.4357887232466048,-0.19479609618436866,0.2453368185446993,-0.00882938692492493,-0.04856752180286642,0.0,nm
3.7378909999999905,41.37057748474382,-15.657189501900257,-179.05984499344407,0.03704785886949427,0.5963988835495694,-0.12265721451024914,0.25048321432031123,-0.034110418336325166,-0.030107384366317328,0.0,nm
3.7474060000000122,40.07872662323636,-15.333429800694264,-178.76112719008574,0.052435545132747306,0.6696167395849948,-0.12153875453075624,0.2505007178549673,-0.06010532488024686,-0.009353258258473064,0.0,nm
3.7664120000000025,37.23394980091603,-14.447696464471594,-177.8713578150853,-0.014414964128560519,0.7374298803098517,-0.0590260005950001,0.2977472206073654,-0.08477670608671341,0.022300126146693716,0.0,nm
3.7759340000000066,35.41942002336504,-13.956991973515406,-177.28646121187845,-0.09988331535443545,0.6608353359203243,-0.10849309092635252,0.3561288142521593,-0.08333002075069558,0.027869121042502287,0.0,nm
3.785437999999999,33.31547629679869,-13.490829610580919,-176.68142410976137,-0.08235360608005864,0.5875966776268606,0.06950879984116455,0.41367887100002765,-0.07171413017123468,0.021091804435466082,0.0,nm
3.8232980000000225,22.23661373124351,-12.331512398996454,-176.04328484700264,0.07743585228576175,-0.056658680149115785,0.10517142139321853,0.5478044745769464,0.0011542478205894282,-0.1604331667740227,0.0,nm
3.8327970000000278,19.6524208076216,-12.185954573674785,-176.43259358177278,0.12106645456356219,-0.21706468786563668,0.1312376326522791,0.5066062119361187,0.004108245878543202,-0.1878034327378403,0.0,nm
3.8447689999999852,17.285692985817732,-12.053523294409267,-176.9242260535959,0.12430826747900926,-0.2862901083396601,0.06986515457578946,0.4642275590029377,0.0003862658847264704,-0.19790996550627735,0.0,nm
3.8519110000000296,15.330962983322785,-11.912767168962953,-177.3968365971135,0.10812096870812783,-0.3160106811386649,0.07006737653694099,0.38391181646682376,-0.009174595159847905,-0.1758698985102932,0.0,nm
3.861409999999978,13.803068712403354,-11.709321661583145,-177.73204378336246,0.08832955749812048,-0.31593175336156687,0.12621096561195375,0.3010062796142259,-0.027974220464644893,-0.12972653099800507,0.0,nm
3.880420000000015,11.7517862289172,-11.045001632905633,-177.7397878675651,0.0027905031556371834,-0.20618929713871942,0.15036530556424832,0.17302602848720844,-0.06651443771111948,-0.011601189960317768,0.0,nm
3.9184640000000286,9.656086980210327,-9.798631216004077,-177.0919964494661,-0.07495341574973463,-0.052961760765235746,0.24961176531250592,0.0862706650896875,-0.042244591198850275,-0.027864568294022105,0.0,nm
3.9304270000000088,9.253193888386056,-9.64960230652632,-177.4084521735158,-0.0523788779104721,-0.022517515238811348,0.25946961550619385,0.08087979312839884,-0.025995412378055433,-0.07696769132307645,0.0,nm
3.937480999999991,8.85283575269175,-9.558325455554659,-177.89959951804445,-0.014957785547878922,-0.008252370299480206,0.296212082582585,0.07975122852799221,-0.015024566015496505,-0.11167891675596338,0.0,nm
3.9565109999999777,7.983113628021075,-9.414076624615783,-178.8624932419277,0.0364709571299817,-0.05301357132360863,0.21357695317093367,0.08659047173235551,-0.011856780829223762,-0.10075427250149942,0.0,nm
3.9660089999999855,7.512047167572517,-9.326209378067102,-179.1070647848755,0.04690602334312788,-0.10572084695976057,0.27555176634038153,0.09339047173649778,-0.015944296953444598,-0.06431121332382919,0.0,nm
3.9755289999999945,7.049055239477471,-9.193744336501828,-179.15245511995437,0.03938422098373729,-0.16292182135424207,0.22841761019474421,0.09191646922982795,-0.02513770647632201,-0.024007674746720328,0.0,nm
4.013528000000008,6.588641627694352,-8.2841294418721,-179.1245402158075,-0.0656938447646971,-0.2748441927900197,0.11491970460215793,-0.02010765310361268,-0.04452747923418143,-0.03179445695132344,0.0,nm
4.023100999999997,6.7863170558187695,-8.118078688146188,-179.4705197927761,-0.127700195328216,-0.21789242063268072,0.04455080014674859,-0.038773219834409144,-0.033733227234443976,-0.06359925156533021,0.0,nm
4.032624999999996,7.052517136793512,-8.051621764088388,-179.90667421845274,-0.11320954087972257,-0.14353176701360837,0.07736103093279191,-0.05270956125232269,-0.013593413086815519,-0.07979564655144682,0.0,nm
4.042131999999981,7.338443853713095,-8.16082787093776,179.67409506907273,-0.0620596492831909,-0.07772624027917288,0.018994220239259053,-0.056646813675118174,0.021991743171692175,-0.07583005988411111,0.0,nm
4.0516059999999925,7.625204186645695,-8.43253621329235,179.36930772643174,0.030815044866134417,-0.021269343650229793,0.036020906722881336,-0.056374255418812275,0.05489571109078838,-0.05271072684329621,0.0,nm
4.061149999999998,7.886859138115332,-8.743282899880267,179.2340513267662,0.15907631862219945,0.004055863697001875,0.02069672710561886,-0.05105500661094801,0.06286760461134502,-0.01924186324474203,0.0,nm
4.070740999999998,8.102579122530157,-8.705921069982933,179.24210642873174,0.308332068670409,0.00016416502270960037,-0.017062013703752647,-0.04244862235762995,0.06065243902418,0.008043001950114086,0.0,nm
4.089655999999991,8.448834352758718,-8.786805659116524,179.3424178691401,0.40537483753348147,-0.00837554533816435,0.1148004323704097,-0.028027786624884313,0.03968925885807265,0.011978768898470266,0.0,nm
4.108689000000027,8.589028068115992,-8.608833624302948,179.16317353956413,0.3204663634628973,0.0374970490751934,0.233973640825168,0.0,0.0,0.0,0.0,nm
4.118196000000012,8.63673148422527,-8.478630260779685,178.90467608280446,0.21391151470228517,0.04591492630681163,0.30103943857902576,-0.009883979381606046,-0.025912730158494324,-0.05031861393529293,0.0,nm
4.127702999999997,8.63264519948473,-8.338696908826828,178.57769436120577,0.11659786938032858,0.04725772022808913,0.31686017785727955,0.00019721086467554144,-0.028034875127206933,-0.06556454105270092,0.0,nm
4.137186999999983,8.563030969817934,-8.147234299088677,178.25119078080724,0.034873185610488716,0.03485750680340787,0.23604802406675937,0.012735906024809956,-0.03871202553790921,-0.06734880833628043,0.0,nm
4.156252999999992,8.225555490380417,-7.953418508683313,177.8195407429096,-0.0326201611501967,-0.018488463224089455,0.17856729518460546,0.03997075907860676,-0.00977719938023643,-0.03786542692240777,0.0,nm
4.194319000000007,7.740407264076531,-8.004069472018102,178.28933219136843,0.20585055066992014,-0.10591418962407896,0.20154514817798885,0.0,0.0,0.0,0.0,nm
4.203866000000005,7.901267341192056,-7.903397593655637,-178.37843498686746,0.2116888627239837,-0.05908641581241913,0.18892100211730875,0.0,0.0,0.0,0.0,nm
4.213377999999977,8.163021448170493,-7.739478455128473,-175.25699636787766,0.1866836187467338,-0.0005762921577225676,0.21962747811478597,-0.04899831133874607,-0.037073690805945136,-0.021735559022007328,0.0,nm
4.232361000000026,8.705989453863914,-7.33148047917923,-169.44301261721722,0.05122357774273526,0.09814371151180758,0.24207916225767379,-0.040989616781285924,-0.05227400853427517,-0.05353325272951993,0.0,nm
4.2418610000000285,8.876584804189335,-7.080589386167051,-166.587943838195,0.00517093786437905,0.10348601785093611,0.23374254816891776,-0.021199796759609067,-0.056783922260753635,-0.042916050359767303,0.0,nm
4.251408000000026,8.958696333685833,-6.867656240855665,-163.68580254249946,0.0031516312625306827,0.08573727228632862,0.22507966247549088,-0.003630947652854339,-0.045519346754668726,-0.02590755757140299,0.0,nm
4.26085999999998,8.988262189919672,-6.728529126996862,-163.76138480892186,0.017403310773042555,0.04707249732581926,0.2532025207167809,0.0,0.0,0.0,0.0,nm
4.289425999999992,9.34414021810499,-6.6461657650205215,-164.45367434213824,0.03742764123921254,-0.07045683783337339,0.14739593579701646,-0.04678830237844908,-0.0012320027860119698,-0.07312214063259176,0.0,nm
4.298907999999983,9.69174213068901,-6.776838774949721,-164.99771360820873,0.021264544783534307,-0.008917380521151293,0.15342077042813804,-0.0735931177217871,0.007040418477087182,-0.10074876173463679,0.0,nm
4.308430999999985,10.19589899614019,-6.927530089897456,-165.5716263221614,-0.005703400983618039,0.08450745224845783,0.12784408774769546,-0.1046309781818342,0.0037337345906013233,-0.10281685986038688,0.0,nm
4.317903999999999,10.844448972197956,-7.09827660715245,-166.02927320012674,-0.002805785513392874,0.1962748812036292,0.12246138975801986,-0.133372752237248,0.0015353969828982054,-0.07573440326590747,0.0,nm
4.3274450000000115,11.560707043709815,-7.286547423703623,-166.26183332758436,-0.016646087624183414,0.3083276395221429,0.11725278043727992,-0.1472163132429574,0.0025334591068464883,-0.028581813507453615,0.0,nm
4.355993000000012,13.98086454083248,-7.774841526620026,-165.81153464468792,0.048401585824515474,0.437936498646767,0.05737268740261795,-0.18023142243529558,-0.015017068678830826,0.07206921121186466,0.0,nm
4.365493000000015,14.868378020232557,-7.865406242607277,-165.66092558137257,0.0825415797357949,0.4264932813859838,0.21116875329010443,-0.1751456509325691,-0.025813194638978257,0.05433050778236364,0.0,nm
4.377448000000015,15.499256405163214,-7.86723956941968,-165.68231755233214,-0.002588221909614438,0.5080719506615685,0.03874259526074032,-0.12136467626624846,-0.03062016485659308,0.013011929784070965,0.0,nm
4.3845230000000015,16.13293424804708,-7.808128192899605,-165.85606066486488,-0.057813963134226716,0.5478760104950244,0.039472104109716084,-0.1189619590841566,-0.04238054010876322,-0.01746772173106734,0.0,nm
4.394023000000004,16.608582099557562,-7.7411445819293565,-166.1267880671208,-0.08765094782862265,0.5596565900519116,0.12706599082761588,-0.08833389738360221,-0.03585974673150509,-0.04129851443014003,0.0,nm
4.403501000000006,16.71375877876396,-7.700333377673067,-166.409666071159,-0.14523546304914056,0.6032438452867985,0.004290682750330279,-0.018336193233089017,-0.012889180347270516,-0.05378742727149754,0.0,nm
4.413050999999996,16.61242711921624,-7.700245143597604,-166.60667749693576,-0.12956922128066456,0.5774316024050682,0.05700618070303458,0.0,0.0,0.0,0.0,nm
4.422511999999983,16.191120916083893,-7.7329899974538705,-166.69414538760293,-0.04623224032025246,0.5171853921908195,0.08707274100964904,0.0798448267822948,0.02568968331822607,-0.028835794191205816,0.0,nm
4.432051999999999,15.481626458935901,-7.771826081221089,-166.69619783183077,0.003467364085521331,0.431589595923042,0.037129993926376406,0.13523436389781124,0.03997305347648799,-0.019578419304179053,0.0,nm
4.44157899999999,14.642169201549956,-7.771307072879548,-166.66196567636035,0.0776619658382031,0.2961812964327931,0.1117688092694497,0.16212947135992384,0.038280740213214474,-0.015883919387937588,0.0,nm
4.451104999999984,13.651711328211002,-7.709517079937987,-166.66216538345762,0.10778753912676,0.170264821736291,0.11182113760872271,0.19412112051268662,0.033305313185017386,-0.02675935982083399,0.0,nm
4.460558999999989,12.522538644242742,-7.599691870683516,-166.74463807447023,0.1029606216646692,0.0911191851012747,0.14535988778294048,0.22319423157860663,0.030146112404929138,-0.04663265622459907,0.0,nm
4.470126999999991,11.369246883228328,-7.477390404698912,-166.90313549952538,0.006655491619606659,0.09455567186256933,-0.09023351051635227,0.22854957656113487,0.028350488391076834,-0.0620274608949847,0.0,nm
4.47963500000003,10.540546231327331,-7.369366938826248,-167.07416531550973,0.004864129598627666,0.012251621079495213,0.05784598537192232,0.16523401549112568,0.015978319570909696,-0.05567602597365515,0.0,nm
4.489227000000028,9.899468294617586,-7.323384107124342,-167.21221091561927,-0.0148086677583918,-0.040976674337038034,0.06857643471767812,0.13471796489022536,0.0162641982350874,-0.044071401895771946,0.0,nm
4.498728000000028,9.37612612555458,-7.336087281304533,-167.25651083771152,-0.024874715039643086,-0.06135124431492321,-0.0422986561307341,0.115045651017728,0.01967443768653663,-0.022280218299625766,0.0,nm
4.508252000000027,9.040814427094826,-7.359612433820936,-167.16515722552586,0.011959394896896305,-0.04795764696121448,0.007798049737135289,0.07542903520389485,0.021080867528629307,0.00969091686832791,0.0,nm
4.527278000000024,8.963578942328837,-7.3233863819669995,-166.6593126521887,0.09440837760174914,-0.013599351858426596,0.030719917677448885,-0.00040457248478838886,0.011219992223240584,0.05888937029716837,0.0,nm
4.536788000000001,9.165577848722117,-7.237783153769318,-166.3614389066255,0.11773590401832115,0.04105599937440406,0.0600641624704346,-0.04083065081330908,-0.0007785708261643308,0.06470092819968866,0.0,nm
4.555704999999989,9.92719786147108,-7.331068041064647,-165.99350698941961,0.14507731097337243,0.2089730185222174,0.578685148630065,-0.08332022068840854,-0.011055180615226668,0.03785361339291426,0.0,nm
4.565216000000021,10.198221891950572,-7.353297746829831,-165.9593123418943,0.24163649194267528,0.3982068782929569,1.334093669363691,-0.053312292786946845,-0.008726843448738896,0.013780686126645193,0.0,nm
4.584217000000024,10.553768021767162,-7.365147312367969,-166.10206996299814,0.055506139697974986,0.026592070169904985,0.059759834220211326,0.0,0.0,0.0,0.0,nm
4.631816000000015,9.961010536142705,-7.8101351492810425,-165.60268227482655,0.13329088375209616,0.1376454448919199,8.037752298232337e-05,-0.006147489407334136,0.03014831450922454,0.050457676604347544,0.0,nm
4.650863000000015,10.083395273190593,-8.218746431309206,-165.42429883408207,0.09031884608738712,0.17606648898097824,-0.07473940744875025,0.0,0.0,0.0,0.0,nm
4.660417999999993,10.293718576906315,-8.376328819679658,-165.50352856278704,0.08784305307939626,0.2132282815480748,0.02514225926953553,-0.04827111863765293,0.020090669241024997,-0.009776486015737289,0.0,nm
4.679433000000017,10.805309282539108,-8.75292334947663,-165.7189646989646,0.00533836474998137,0.2524132398706845,-0.002757422483439461,-0.06516779674385895,0.02642215747451691,-0.009758553083667906,0.0,nm
4.688959000000011,10.802514077410889,-8.900346607178676,-165.68411963547146,-0.014019068484277246,0.24128161277147464,0.0019822048057135016,-0.05929078482441271,0.025680338710619244,0.006955041452381026,0.0,nm
4.707979000000023,10.770118275332699,-9.140232226961002,-165.37110475772664,0.0018337311704188528,0.20292788852338886,0.005058846883394674,-0.05361830408743853,0.02117843584013224,0.03705634779471503,0.0,nm
4.7174870000000055,10.763793764361287,-9.207883389956294,-165.17268413462793,0.0035652489068447243,0.1931359124629604,0.05924127404326036,-0.04233747776232774,0.01409092586514435,0.03953391710427137,0.0,nm
4.726990999999998,10.795951600044095,-9.177403680124888,-164.99883526567186,0.03168920223552685,0.16433635202907457,0.05668287265571921,-0.03887791404485063,-0.0009788893423396182,0.035809283600628704,0.0,nm
4.736473999999987,10.882984214587184,-9.129646045427496,-164.90581646794615,0.047655982048951565,0.11564874154100785,0.011579059255878177,0.0,0.0,0.0,0.0,nm
4.7555340000000115,11.073609470454986,-9.072717288794893,-164.96280596754707,0.0357218642877848,0.0988086881472311,0.01218523019568993,0.0,0.0,0.0,0.0,nm
4.774503999999979,11.403628833932615,-8.905099989413634,-165.09698062029634,0.06056595340951687,0.11264814436082377,0.019919210662638492,-0.052121929880612324,-0.009461912365302394,-0.006491421910382836,0.0,nm
4.784031000000027,11.621594204897463,-8.81417828433237,-165.1024092266161,0.06681488549410712,0.1104225954158224,0.022702606930939145,-0.06088518802703019,-0.014246633907158813,0.0055827554951713605,0.0,nm
4.793534000000022,11.84809558442545,-8.645193168851497,-165.04737496475602,0.0847572067231685,0.11853300254670489,0.026692181735450116,-0.0601230465576083,-0.026041078484988642,0.017821198340341845,0.0,nm
4.81259,12.353923055774247,-8.23143632220623,-164.9067600842175,0.08029211076004332,0.12887420583602646,0.038472989800462286,-0.06752957908898041,-0.035422736825899546,0.019680359520361134,0.0,nm
4.831621999999982,12.806202896606303,-7.7735746137564945,-164.92866744063932,0.03500237084158639,0.14986309222979402,0.054016304397254834,-0.06091265794946684,-0.0503883467124837,-0.0018210852771345636,0.0,nm
4.841134000000011,12.984664360176323,-7.582203190388884,-165.01848832090786,0.0046574511058010415,0.14866459953418004,0.02669867692809639,-0.056244863131433405,-0.04518114400139746,-0.01327038659154641,0.0,nm
4.85060900000002,13.109405549471315,-7.44293506481394,-165.1246706801409,-0.03516034473172487,0.1504065724827901,0.03544005600828932,-0.04980346781353592,-0.03731443694240157,-0.018033861206661953,0.0,nm
4.86011400000001,13.198570162960353,-7.29850794392004,-165.20492418134123,-0.007217576786025616,0.14737181334990845,0.007259420973212469,-0.042014773912577616,-0.03405865170169351,-0.013819730050741465,0.0,nm
4.869669999999985,13.248242994874833,-7.135392688914954,-165.24050139628034,0.029444930640570268,0.14724909498284924,0.01195378574977711,0.0,0.0,0.0,0.0,nm
4.879178000000024,13.277726569978347,-6.96322990509263,-165.23553348975582,0.06160874794990162,0.14038783699114146,0.023893540466043837,0.0,0.0,0.0,0.0,nm
4.888645999999994,13.314636268302564,-6.738574796127749,-165.20259419052286,0.09381625086144833,0.12547680391299076,0.04270000891983911,0.0,0.0,0.0,0.0,nm
4.898163000000011,13.358601927097224,-6.442609614936681,-165.16972906318233,0.11451770718766222,0.10791509034934456,0.02672453724490653,0.0,0.0,0.0,0.0,nm
4.917175999999984,13.526676979672922,-5.819502885814561,-165.20406311338087,0.07571359263583453,0.07903697081372889,0.02661509373325484,-0.01981106204144738,-0.04773554492741426,-0.005325693855770052,0.0,nm
4.926727000000028,13.634515064618345,-5.51922050601555,-165.2636400966609,0.04298415151012177,0.07540930243392396,0.019051681302385978,-0.02186341082129011,-0.05427139105077547,-0.009841932118166748,0.0,nm
4.93624299999999,13.752889788782461,-5.249071491642754,-165.32616217370006,0.018886306363219498,0.08081788678021637,0.03211405285728523,-0.026466872306291328,-0.05425866191013026,-0.010338694897908025,0.0,nm
4.945716000000004,13.864522527399942,-5.034147101028689,-165.3734078705127,-0.019062011945056283,0.08306929607781864,0.02874675155936741,-0.02984375354658578,-0.04662698686589823,-0.007496418525963433,0.0,nm
4.955230000000029,13.965885598802828,-4.848215715317787,-165.38625692314963,0.0053087892000185264,0.10057837751270471,0.03782940278968057,-0.03165179602479298,-0.040004708171824124,-0.0008645871634474962,0.0,nm
4.9647469999999885,14.055146895213484,-4.645580828586086,-165.3651671138506,0.033541375680504346,0.1071155427103416,0.009238261856283066,0.0,0.0,0.0,0.0,nm
4.974256000000025,14.126433527906292,-4.421463189133481,-165.3317981902796,0.06704499992578213,0.11863707961212272,0.011760951602768374,0.0,0.0,0.0,0.0,nm
4.993313999999998,14.190391218770388,-3.875683047159845,-165.3140000993959,0.10087833511799946,0.13588613326449178,0.038859811861945565,0.0,0.0,0.0,0.0,nm
5.002830000000017,14.173812032419915,-3.545382428066511,-165.34806363928135,0.09663394798198516,0.1354224248294361,0.039525889854505114,0.0,0.0,0.0,0.0,nm
5.0123459999999795,14.130355177039267,-3.22466055591767,-165.40578103073028,0.07107082555791369,0.12554152612589428,0.035771452490234806,0.0,0.0,0.0,0.0,nm
5.021844999999985,14.063099215757031,-2.9325411168919846,-165.4640547302705,0.03680411347753461,0.11039309903751833,0.026111044515346675,0.0,0.0,0.0,0.0,nm
5.031351000000029,13.984702571752264,-2.6654078693128156,-165.50143282478348,0.01583601838822221,0.09407951201825442,0.008062506212959635,0.0,0.0,0.0,0.0,nm
5.040839000000005,13.907994124209823,-2.4360588373849428,-165.51172331368141,0.00902265579055017,0.08143639044218706,0.011096240965895655,0.0,0.0,0.0,0.0,nm
5.050386000000003,13.833421435126114,-2.2435821228882027,-165.50029840796168,0.012841096137341659,0.07679775065813313,0.02590482510154467,0.0,0.0,0.0,0.0,nm
5.059891999999991,13.769200654096167,-2.0535509904305203,-165.48133154782238,0.03532774974159901,0.07459037753344595,0.03914399702905853,0.0,0.0,0.0,0.0,nm
5.069407000000012,13.71892112317022,-1.8401700512179109,-165.47461812915904,0.06765845193610975,0.07378509386613911,0.026142040454768166,0.0,0.0,0.0,0.0,nm
5.078914999999995,13.675542269682445,-1.6077946536412782,-165.49695540122397,0.08905905315018257,0.07901162044701163,0.019626670434112863,0.0,0.0,0.0,0.0,nm
5.088429000000019,13.632454847941029,-1.3503929657448164,-165.5481496829701,0.09662507420689456,0.08665116721168982,0.013992897064296132,0.0,0.0,0.0,0.0,nm
5.097950000000026,13.58141957557314,-1.0647040653874438,-165.61235003426086,0.09135659506679322,0.09617993749836715,0.01779446065773492,0.0,0.0,0.0,0.0,nm
5.107449000000031,13.510218690723814,-0.7732487431243794,-165.6731745516909,0.07548615230925285,0.10677209774034796,0.03010896306834593,0.0,0.0,0.0,0.0,nm
5.116965999999991,13.41894397973932,-0.501132297757694,-165.7161154824636,0.0516483201109074,0.1078909026134145,0.037820093899835636,0.0,0.0,0.0,0.0,nm
5.126439000000005,13.306845613032973,-0.2548728213559603,-165.73364421550357,0.029857050976534853,0.10329773921340682,0.037191756522617934,0.0,0.0,0.0,0.0,nm
5.135986000000003,13.177772622764811,-0.032645305978108774,-165.73274045350644,0.021629129361807404,0.09452035263803958,0.01777460469559386,0.0,0.0,0.0,0.0,nm
5.145444999999995,13.037846421677123,0.1554593589852849,-165.73094090222673,0.020550295382552708,0.0862596819658836,0.010573315517581306,0.0,0.0,0.0,0.0,nm
5.154958000000022,12.887119381994934,0.32190066393122607,-165.74644250794987,0.030442584362495508,0.08203463749455488,0.011588748860651352,0.0,0.0,0.0,0.0,nm
5.164504000000022,12.727408145876167,0.4894753703572404,-165.7866462027733,0.04722463769467341,0.08317415019351898,0.01913340899641977,0.0,0.0,0.0,0.0,nm
5.174031000000014,12.55396038579394,0.6657566343109842,-165.8522942499517,0.06550522197121013,0.08938649302825022,0.03199490038337374,0.0,0.0,0.0,0.0,nm
5.183536000000004,12.369494084111762,0.8494694242196881,-165.93158927833883,0.07613092310886177,0.09199793301978992,0.03220155909363125,0.0,0.0,0.0,0.0,nm
5.193000999999981,12.17959476255078,1.0428039348267255,-166.00576940480312,0.07898110760108991,0.0910189828586885,0.028950743361979673,0.0,0.0,0.0,0.0,nm
5.212039000000004,11.800608149522272,1.454685830980931,-166.08985814316415,0.07263061678514933,0.08153887873812306,0.016977272114233586,0.0,0.0,0.0,0.0,nm
5.221580000000017,11.617674145091469,1.6432838180829752,-166.10270747738505,0.05909712010845089,0.0750548765561302,0.02182446384101673,0.0,0.0,0.0,0.0,nm
5.240600000000029,11.263907272546096,1.9570953549700658,-166.13378000339068,0.03729241413300754,0.06669271241462978,0.02301926357018038,0.0,0.0,0.0,0.0,nm
5.26909999999998,10.710564467632945,2.224498805677003,-166.33044458800103,0.04514293088963109,0.07620843340203377,-0.009593760297121943,0.0,0.0,0.0,0.0,nm
5.27860400000003,10.504488561704562,2.294940974707741,-166.41365451979883,0.05588777640893619,0.08826084743301031,0.015007788234385309,0.0,0.0,0.0,0.0,nm
5.28810900000002,10.28734664711175,2.369796930953671,-166.4845104688316,0.0684268417850245,0.09549247100654974,0.02744679286276818,0.0,0.0,0.0,0.0,nm
5.29762199999999,10.059783642205497,2.456918933410317,-166.53705054628168,0.07678053363227894,0.09784294326630776,0.03545442440512178,0.0,0.0,0.0,0.0,nm
5.307130000000029,9.825064113668716,2.555925224437255,-166.57504906619468,0.08032178840496376,0.09420847681854372,0.031425353717189776,0.0,0.0,0.0,0.0,nm
5.326203000000021,9.345677807044629,2.7309764970397503,-166.65074483281234,0.05826634339112498,0.07272256636609895,-0.005936481583346709,0.0,0.0,0.0,0.0,nm
5.345175999999981,8.862739248601816,2.801956054043962,-166.77794539500584,0.031193866582062586,0.06030054984913484,-0.005889221135293712,0.0,0.0,0.0,0.0,nm
5.354743999999982,8.625478651088486,2.7818858122939742,-166.85785233226957,0.027288683627992038,0.05843050495131435,-0.005762312885354328,0.0,0.0,0.0,0.0,nm
5.364251000000024,8.395626845695187,2.7364046248469833,-166.9359785134165,0.03124329249907808,0.06025938653097503,-0.005524172909773254,0.0,0.0,0.0,0.0,nm
5.373761999999999,8.17892005181103,2.6842285645692456,-167.00272610378093,0.04552032000245839,0.06221721847704091,-0.004514216661795715,0.0,0.0,0.0,0.0,nm
5.392764,7.772918766867161,2.5978505481560363,-167.0989960764073,0.07511990123155546,0.07563849986649498,0.028229276441606166,0.0,0.0,0.0,0.0,nm
5.411800000000028,7.3870273109237585,2.55274947295654,-167.1876797802847,0.08006229315392582,0.08064266889661247,0.024876130493247637,0.0,0.0,0.0,0.0,nm
5.421265000000005,7.193165205337962,2.523730698289838,-167.24557709822957,0.06860466971979876,0.07655292641517909,-0.003824826946451062,0.0,0.0,0.0,0.0,nm
5.430821999999978,6.992396363834304,2.474787814941718,-167.31268742786355,0.05066684816984339,0.07610885555233063,-0.0048903845342610774,0.0,0.0,0.0,0.0,nm
5.440332000000012,6.786432997729869,2.397973337317398,-167.38197334772346,0.03505895741786862,0.07415260135515911,-0.005595524671335487,0.0,0.0,0.0,0.0,nm
5.449858000000006,6.577767619228773,2.2879087940955016,-167.4471196537355,0.02305892107022855,0.07479467087530473,0.021942037144467835,0.0,0.0,0.0,0.0,nm
5.4593510000000265,6.3680794694795875,2.1491945243303614,-167.50378599963324,0.022304030557749818,0.07211606929463477,0.020566522155329423,0.0,0.0,0.0,0.0,nm
5.478377000000023,5.9688989174229645,1.8341483033705408,-167.59344423661332,0.045859841550359666,0.06453458674636753,-0.0036842866754364665,0.016860400211871986,0.04975601435764973,-0.007185467302886614,0.0,nm
5.4878909999999905,5.783963655802395,1.6771148452921685,-167.63684986988127,0.06069213142683742,0.06325458138336387,-0.002812174721360554,0.015229035564028885,0.05169690173173719,-0.007510480548141496,0.0,nm
5.506917999999985,5.441430106387068,1.3840889871978306,-167.74065136501082,0.07047998565344954,0.06547429888504003,0.028543450501531474,0.012535651154403086,0.05016320302474187,-0.010155904880399556,0.0,nm
5.516379000000029,5.281828705803779,1.2427347763462884,-167.79928369637534,0.06662608015813168,0.06558267974965955,0.027728589097574544,0.011093199477242606,0.0488197357688078,-0.010963402957320114,0.0,nm
5.5258870000000115,5.12953591858629,1.090647517853864,-167.85501891198408,0.05503183915238101,0.06435562502557884,0.02602787236204395,0.009478791940224563,0.04811150952764787,-0.010498129997982558,0.0,nm
5.535408000000018,4.9825696229679375,0.9253221730665216,-167.90346466484274,0.04390902759630429,0.06325585810499813,0.0231813361912112,0.0,0.0,0.0,0.0,nm
5.5544720000000325,4.709967930741324,0.5482935917212957,-167.97305018141392,0.03456422123913029,0.058987562050295504,-0.0037189748890230196,0.004727934473655106,0.051614237016031246,-0.005936334573138078,0.0,nm
5.563941,4.583809738751905,0.3382116035136364,-168.00340918834104,0.03594455858550463,0.05727895773611269,-0.003615219912140688,0.003103595408590562,0.0541472686533143,-0.0058479659274947625,0.0,nm
5.573478000000023,4.461683706806026,0.12280785512906951,-168.0378768383995,0.04080815278308384,0.059605079879483304,-0.0037779048523461033,0.0016159404641751566,0.05608073484409872,-0.006765558972772576,0.0,nm
5.583001000000024,4.343369571693507,-0.09478095058657056,-168.0800874118786,0.044487488700722326,0.06324551510097862,0.021946494521653214,0.00043724256587366115,0.05720599900224366,-0.00840667174206265,0.0,nm
5.592508000000009,4.227682920177639,-0.31356026868729503,-168.1299187676716,0.04828333693917498,0.06567716005822184,0.025710671160154026,-0.0005603835382551102,0.058104148307185494,-0.010018933924464148,0.0,nm
5.602025000000026,4.114656561122928,-0.5291500434502265,-168.18216991340077,0.0496783650208656,0.06744995116315552,0.027058534283424723,-0.0012713803481502778,0.057644370367310994,-0.010587268197835372,0.0,nm
5.621040999999991,3.8950806096826365,-0.9551594603924145,-168.27088645864632,0.04641579469615932,0.06700683716992721,0.02495323022696369,-0.0019764980964290402,0.056031524202863614,-0.008328294422112113,0.0,nm
5.630555000000015,3.7927784837109164,-1.167851926464139,-168.30225081173617,0.04453724227165094,0.0636862524821689,0.024532505509316807,-0.002379967794024757,0.05552247801407442,-0.00662362210260695,0.0,nm
5.640019999999993,3.6970738332226127,-1.38066646128418,-168.32678871489244,0.042337422330032265,0.060695303126237624,0.02436561211675371,-0.003014860966626832,0.054798457572925854,-0.005306686037671702,0.0,nm
5.6495800000000145,3.6124628832905983,-1.5978870434989016,-168.35024676547042,0.04117087250105328,0.05634661113217279,0.03922579317630865,-0.004237654628523856,0.054830692025024,-0.005107795901440589,0.0,nm
5.658945000000017,3.5226036627729265,-1.9352338538195386,-168.3699754755823,0.3115037497226793,0.031419540666453215,0.3917936122487634,0.003987065639564068,0.06980687783236586,-0.00450221630507616,0.0,nm
5.668505999999979,2.85615018946607,-2.7395523041216006,-168.306782706797,0.09346787081143111,-0.4949323447924477,0.6845821811200101,0.09805773588418987,0.18472767574081297,0.007206203554766291,0.0,nm
5.678056000000026,0.3944320678327358,-3.429373546034509,-167.91495214796393,0.44650128313169285,-0.840352332081392,1.9748588242796004,0.4533201185244512,0.23661097329194192,0.051880063158123914,0.0,nm
5.687553999999977,-2.895673945399204,-4.037828743812317,-167.04699925457135,-0.1613628130589149,-0.8763387307453214,2.0491595415604364,0.6155300470817517,0.26148053368611435,0.13075590664537035,0.0,nm
5.697105000000022,-4.563643764277833,-3.567127897081898,-165.9693586795195,0.17242493275005308,-1.2538108141079776,1.8541030055894065,0.3461336722759738,-0.013891654583880522,0.19351725946767642,0.0,nm
5.7065600000000245,-5.079243489285562,-2.8254741156960272,-165.14489759111984,0.39700182382213767,-1.4686574700507953,0.14599104837736732,0.1368965186795298,-0.11812904268241305,0.15925678380821345,0.0,nm
5.7256419999999935,-4.2304478735145175,-3.8359381706613576,-164.99568534857102,0.11820516400546174,-1.083922714677744,0.5729979138162862,-0.2443696574088223,0.07792331475280476,-0.02707356124328227,0.0,nm
5.735139000000004,-1.914657576297939,-3.7664860739828274,-165.7015509293163,0.3246562526747147,-0.9458829414889184,0.471347511259724,-0.4442375801750927,-0.13051757420247675,-0.11050765329467636,0.0,nm
5.744653000000028,0.746131191469547,-3.6275220031583677,-166.55744560621977,0.3345364572996876,-0.511027606861548,0.42234790210415446,-0.509638373536857,-0.15450602457410495,-0.13690998074094268,0.0,nm
5.7541610000000105,3.958006275744346,-3.9569172055326782,-167.14516057499173,-0.14140378129590264,-0.30659585932139527,0.5641249729517999,-0.6400692903434728,-0.08178531436398885,-0.0750502829257758,0.0,nm
5.782645000000002,14.346846943016669,-4.043066185806481,-165.68470797784866,-0.1677930491137721,0.2515269208325453,0.5589718286572645,-0.7011021817103272,-0.09305052256089642,0.2258699642437829,0.0,nm
5.79459700000001,17.728813476851077,-5.007084284181032,-164.83200673270437,-0.23428271330506528,0.43088394678378733,0.861812513444651,-0.702158935701309,0.014825405418469948,0.22407141177199202,0.0,nm
5.801667000000009,20.830018503054358,-5.754658056217943,-164.15009671253176,0.003501248558465049,0.5865611091452875,0.5691808355009047,-0.6359096960691042,-0.02112659194308018,0.19471089827516283,0.0,nm
5.820798000000025,25.89854982255396,-7.050533584436958,-164.3235009552817,0.26394228509739975,0.8346992877351598,0.4308502640358676,-0.453642639162448,0.012937479839261398,-0.029787873993419773,0.0,nm
5.832740000000001,27.631730986553293,-7.355943289783018,-164.925339864706,0.13913326050244557,0.9181276871970163,0.29866923372079157,-0.34827728589274637,-0.03231371393389735,-0.0769115167323406,0.0,nm
5.8493159999999875,29.581143196326774,-7.146367013839686,-165.50265330431884,0.02660390225927475,0.7734565390148332,0.10606152020310215,-0.1214002392578262,-0.04328593974804978,-0.019312929363043314,0.0,nm
5.858830000000012,29.88399247581871,-7.398667223641878,-165.33583706821275,-0.1722369986576064,0.675335316130748,0.3480350807115369,-0.0709504261309589,0.03375277654689296,0.04107443700859975,0.0,nm
5.877867999999978,29.05501598524818,-8.139411610234736,-163.83767996621802,-0.0630078550743349,0.34010507817895896,-0.09461272383473028,0.08487796036069235,0.11438454156619221,0.15555511690272508,0.0,nm
5.896874000000025,28.88841314808518,-9.609550968580088,-162.88109868885266,0.20840757355785527,0.12756705945053462,0.3905115818681458,-0.028551169517334763,0.14311659583563952,0.0565296689936212,0.0,nm
5.906406000000004,28.933605707050052,-10.046606890598103,-162.9549922643663,0.2904289790545603,0.07141802517851793,0.0682785051600604,-0.034238363891109035,0.08105960827858043,-0.013230662958106104,0.0,nm
5.915903000000014,29.53100427417539,-10.384622517345925,-163.40167326936424,0.34260623954545644,0.0769497128679873,0.23846875651843755,-0.1323037112599943,0.030744824669595876,-0.06817022572386704,0.0,marker_1
5.925410999999997,30.289457705997055,-10.713380927955782,-164.0419182990471,0.15497854637097347,0.13630141498509407,0.23861931419713292,-0.1618047202069157,0.021373025741616553,-0.10031916613225551,0.0,nm
5.9349280000000135,31.257294918697177,-10.926865059457382,-164.46337623716389,-0.02109020078275925,0.22373653834229937,0.20516971183556398,-0.19484869659894571,-0.01050142030864925,-0.04795524270014568,0.0,nm
5.963463999999988,34.518358673223865,-12.266445599887806,-163.43526785094116,-0.24125734092018433,0.511653789226778,0.33770966258657353,-0.2400423446496056,0.062473832547428505,0.18006133046243541,0.0,nm
5.972974000000022,35.50534677423409,-12.817756146847824,-162.5456100167944,-0.18225817363047805,0.5665031567093263,0.35929538624234053,-0.2168221003531316,0.049105359890537,0.22100316236195858,0.0,nm
5.98248000000001,36.27796301549047,-13.277840180208607,-161.76578256991928,-0.16839104418603426,0.5708949412556625,0.19968724437475371,-0.17173235264201978,0.04148912048495772,0.19102843485763712,0.0,nm
5.991989999999987,36.94666130987655,-13.627919320488385,-161.3316513071867,-0.2160077707697672,0.6073329891617917,0.23737637159756678,-0.1457481910380391,0.025269057486340923,0.11805951925223633,0.0,nm
6.00149399999998,37.35893937114598,-13.703063933827185,-161.22955758283928,-0.26182464379254167,0.6141970879649921,0.1778298053191275,-0.08081898927747354,-0.011499174349815474,0.03994353388177442,0.0,nm
6.0110200000000304,37.53750639355311,-13.532407923589624,-161.4115971563113,-0.2569890464859685,0.5627620591669248,-0.029325931315759814,-0.02197827846114461,-0.04350387907606334,-0.02802129312806304,0.0,nm
6.022992999999985,37.59379759293288,-13.336929628997911,-161.84580227133756,-0.2488521987671417,0.5382423436040751,-0.09091237472851442,0.0019345241933740576,-0.04059291890067395,-0.08429318050473342,0.0,nm
6.039557000000002,37.064564108220075,-13.087675703080894,-162.73795949287475,-0.1190356205333048,0.4703181376553324,-0.2704921065313155,0.0737832177210308,0.0009257714966499528,-0.09288867378589262,0.0,nm
6.049069000000031,36.60757439158418,-13.060482555535499,-162.95870689574218,0.04387933211779637,0.45192156811925366,-0.29719059607147674,0.08679390595086653,0.021096775514494966,-0.06488635730825885,0.0,nm
6.058582999999999,36.08751095861551,-13.085245703203473,-163.0682351914468,0.14980135295783067,0.4151677109999836,-0.3259740341030693,0.09558217505238618,0.03438872367682357,-0.0454799731573677,0.0,nm
6.068055000000015,35.56309309521062,-13.004987681989743,-163.08202563099573,0.21721750026229583,0.39928658799232597,-0.308758179754793,0.102566102502248,0.014408445422276562,-0.02646984304475411,0.0,nm
6.077574000000027,35.0559181980226,-12.741798129216193,-163.0688395747705,0.2402784371009935,0.3376435334860552,-0.3554736923858187,0.11007932864461985,-0.0216053878974222,-0.020002263481539377,0.0,nm
6.0870780000000195,34.58228916022311,-12.36878926926358,-163.13009215505693,0.16621791475991365,0.3016518805265961,-0.380443955795291,0.11030875397067459,-0.04456430237364906,-0.03289434837010274,0.0,nm
6.096607000000006,34.13419496584525,-11.95302952206373,-163.24819673238656,0.049175356081861424,0.28064500817461385,-0.37109630800882626,0.10806437267740447,-0.05433668941439388,-0.04255902038135418,0.0,nm
6.106116999999983,33.6467265206645,-11.556424028202773,-163.33703261782395,-0.02910892808414217,0.26222200799462736,-0.4145943101460288,0.11438431650924312,-0.04860096870093868,-0.037684720004758344,0.0,nm
6.134655000000009,31.87282492210566,-11.187046764719508,-162.9033612424764,0.008671448232338145,0.2487139797368825,-0.4843562434451988,0.1240531065638168,0.038370924692380626,0.03304119470985143,0.0,nm
6.144159000000002,31.175081053677424,-11.210744941786443,-162.5097581180014,0.0938403189753702,0.21578640548243058,-0.5466291319921478,0.12947454000073508,0.045266336943756,0.051637608057717214,0.0,nm
6.153683000000001,30.508097242545077,-11.207990046584525,-162.14129553412488,0.13654684222469865,0.1817651988250759,-0.6142358129034057,0.12501656153919544,0.03924326070654989,0.04777752673380819,0.0,nm
6.1631889999999885,29.944723476081187,-11.123161021080879,-161.89766043598587,0.12106915079598488,0.15390378758199783,-0.6726955517117904,0.1105354829990304,0.018001381029906404,0.026910019599586513,0.0,nm
6.172707000000003,29.483847151835025,-10.926356353630954,-161.8182437844135,0.10195046944892758,0.1701053048398397,-0.6767874528666572,0.09837067801018963,-0.009250610847765317,-0.0017630661590172362,0.0,nm
6.191736999999989,28.643043923923162,-10.494645722631018,-162.08811038702115,0.016045092410696703,0.20087019424798938,-0.7398357810456286,0.0901272016827969,-0.01184567744093092,-0.051912771061637,0.0,nm
6.210735999999997,27.583967680374688,-10.228882500752524,-162.25366297670786,0.009012701181164134,0.20436511756610728,-0.7587327733484035,0.11516065973899187,0.013315485181215319,-0.02466056517586016,0.0,nm
6.220216999999991,26.91503769858306,-10.179198690876948,-162.15382990927853,0.03800382724604449,0.17520751684407312,-0.7235101010131815,0.12858686530853575,0.03082097083696506,-0.0037547041669281456,0.0,nm
6.229721999999981,26.161172951004787,-10.161895918654778,-161.99081110213882,0.05604237423076514,0.11192084311104301,-0.703584662545122,0.14246336680681024,0.042442628686135776,0.005965041637099933,0.0,nm
6.239283999999998,25.38177726300221,-10.12457658024396,-161.8485756923443,0.08953204292784865,0.047259725349059326,-0.6607874750297263,0.14839168307897435,0.040578079656277376,0.000976166158237576,0.0,nm
6.248790999999983,24.616834632784524,-10.082219151778595,-161.8337132838441,0.12423919923004731,-0.026761239836625657,-0.6509921635006166,0.14596104363855095,0.03894462558141002,-0.02390273949686633,0.0,nm
6.258263999999997,23.902790349817757,-10.084888244382409,-162.00700269305167,0.12999772270527676,-0.07649623367612034,-0.5955053099781114,0.13368507600169927,0.04421008388431776,-0.059721294538124484,0.0,nm
6.277170000000012,22.623495107639886,-10.171080127374164,-162.6613190794322,0.10931523443412312,-0.16698135940212303,-0.47779757504181936,0.11390588755707455,0.046573191943472515,-0.09067653664742183,0.0,nm
6.286682999999982,22.05350903792159,-10.259816319357665,-162.94705776205043,0.0923939693541643,-0.21769151058629935,-0.4417414690701906,0.10207460506727983,0.050201925956851606,-0.0774329804685171,0.0,nm
6.305773999999985,21.177415939671192,-10.608984839559994,-163.2419747818234,0.15063714638627546,-0.30242308217198755,-0.24388779034050298,0.06386330266221267,0.06133267715726478,-0.036471199463027605,0.0,nm
6.315204999999992,20.908908221472373,-10.83643142075209,-163.3398426524347,0.19437784764508773,-0.33616191902000836,-0.2130430587395974,0.037510733396791875,0.05882682305264997,-0.02958840278729048,0.0,nm
6.324717000000021,20.862313174560576,-11.08685848745067,-163.50768172810592,0.24310650508686513,-0.3597438162192223,-0.14161844345433292,-0.0055271954046329334,0.05069261199259139,-0.03536088497975671,0.0,nm
6.334227999999996,21.033982187674535,-11.337845406744679,-163.7954094100183,0.2469917719239721,-0.35146997197079133,-0.12667871262150637,-0.046511273113138935,0.03875317883620237,-0.0508961877672582,0.0,nm
6.343734999999981,21.509696174404628,-11.543442194746655,-164.1883900486971,0.22910456924373873,-0.3296113032934617,-0.1279106480992537,-0.10111766430925025,0.01384082999860348,-0.059749268799174624,0.0,nm
6.362752,23.29800264108472,-11.740354168151779,-165.08199923785548,0.16896991098007721,-0.1913389972306859,-0.15554862529179905,-0.19518867344128077,-0.03868857589935206,-0.04795190054091812,0.0,nm
6.391294000000016,27.405742190088894,-11.764237251301008,-165.80993849072584,0.07901072878637577,0.1675291882120357,-0.10026448927925946,-0.2739528897675438,-0.0728391021923126,0.038022724626802465,0.0,nm
6.400994000000026,28.758430842502268,-11.72245687429269,-165.79176863986868,0.047447237334703546,0.2772055618404265,-0.01724605404474473,-0.25509163309634014,-0.0731767184521858,0.058774863962981795,0.0,nm
6.410391000000004,29.520617766439926,-11.57276338847013,-165.63814669005683,0.007855902439788714,0.3339440045025271,-0.00041802091626442524,-0.2091802659514197,-0.06445770821398421,0.0613434433004333,0.0,nm
6.429593000000011,30.088702008406468,-11.50008666395546,-165.42177009084133,-0.04398053470654583,0.3403181058747945,-0.044442958549479245,-0.10039667550332088,-0.014435424593543678,0.019797672472911886,0.0,nm
6.439053000000001,29.969899944448258,-11.531095065457015,-165.42219076882327,-0.029454321641726063,0.3169494244555182,-0.09481954516208066,-0.053859797244829075,0.004937092565215092,-0.0048042116672541236,0.0,nm
6.448603999999989,29.685200003409967,-11.492543428323165,-165.49038335726797,0.03205680846470395,0.30308025046582565,-0.09337565293700197,0.0,0.0,0.0,0.0,nm
6.458111000000031,29.24956509504985,-11.381739600535656,-165.61420386176474,0.08361168943538733,0.27958625112389446,-0.08357870359385741,0.022719175623458068,0.0196085232933822,-0.04200852571670393,0.0,nm
6.467597000000012,28.693309871824898,-11.213458748013705,-165.750025423639,0.10949086424349114,0.24211837963661423,-0.06030208933562043,0.058418460765562064,0.019730376523618347,-0.048899018687473816,0.0,nm
6.477138000000025,28.061205027144936,-11.000896483442132,-165.84181818866264,0.11461851300696305,0.1835799551859104,-0.04550895686020355,0.08887427699460301,0.015546319886221698,-0.042633724122132566,0.0,nm
6.4961680000000115,26.78821869687981,-10.65643738434796,-165.82590932804754,0.0887437073272464,0.036695549140462844,0.010028527808910524,0.11710226875239892,0.02112183117692677,-0.015392713802685483,0.0,nm
6.505675999999994,26.239631554230144,-10.56367516207087,-165.76399451689662,0.0808981797020838,-0.034376761157936205,0.013636367944730922,0.11631022793082892,0.026167468749863396,-0.007757192784667418,0.0,nm
6.515190000000018,25.804632735453,-10.495243234842823,-165.73499508254835,0.09371276559437329,-0.07324130560946003,0.032778716594031684,0.10462497897487388,0.028002729379606482,-0.010045085841399848,0.0,nm
6.524704999999983,25.517372181573972,-10.43138303321366,-165.79175034574928,0.1140654923111994,-0.10927915487442069,0.0017146937575921576,0.08206531695717553,0.026604649358437926,-0.021742099645289715,0.0,nm
6.53421800000001,25.37992522331912,-10.35200287979287,-165.9465185812918,0.13343017938691307,-0.10374555514580476,-0.008751669385782845,0.053234254447278105,0.020803327184263927,-0.035890037864968034,0.0,nm
6.54371900000001,25.360498288291716,-10.249030544784649,-166.1630716810511,0.13963738846333523,-0.07097265933481002,-0.009758974182435933,0.024550904595510296,0.011976307324278655,-0.044010110404864064,0.0,nm
6.553234000000032,25.411364654383707,-10.13356080742162,-166.3715185417411,0.12713141161115693,-0.018663273849596547,0.0019134324708941428,0.0,0.0,0.0,0.0,nm
6.562747999999999,25.492061567595385,-10.027348125329544,-166.50300998388602,0.10346781855089503,0.024834676667566183,-0.018814715936090704,0.0,0.0,0.0,0.0,nm
6.572261000000026,25.58577132691454,-9.957488153947406,-166.51601933688508,0.08209646301750297,0.049291747368781204,-0.03002960395970747,0.0,0.0,0.0,0.0,nm
6.581732999999986,25.67736094317143,-9.925651724913324,-166.4123269942342,0.07039837679874303,0.06832814557036875,-0.039127413404628116,0.0,0.0,0.0,0.0,nm
6.591268000000014,25.765828233531504,-9.913896224811548,-166.2335137947594,0.06803386682862451,0.08714033854992674,-0.04871273918424385,-0.036392938015811706,0.009389584079709221,0.038825844714156364,0.0,nm
6.600752,25.867673282349493,-9.885925452733856,-166.04507273051132,0.08376751415988352,0.10205517685215627,-0.057261640479490866,-0.04243025808528452,0.009292996327077167,0.04119779954042513,0.0,nm
6.610254999999995,25.972877347716153,-9.82625152021132,-165.9109566410285,0.09839941407767802,0.117216388051899,-0.06583837484150556,-0.046880068363052856,0.006240575624704569,0.03041250595215563,0.0,nm
6.648166000000003,26.011892489562292,-9.438175826815927,-166.06270076568964,0.03190256513589584,0.1732119617281734,-0.09144414061217099,0.0,0.0,0.0,0.0,nm
6.657854999999984,25.878735357404185,-9.43661972953762,-166.0828878024892,0.02438539172533871,0.16575553515190816,-0.08679664382960585,0.0,0.0,0.0,0.0,nm
6.667382000000032,25.70124985990841,-9.472373869602757,-166.02963674833055,0.04106929942642258,0.15152372188070565,-0.079663692453517,0.0,0.0,0.0,0.0,nm
6.676875999999993,25.508696572079995,-9.526258253923045,-165.9200709286994,0.07539141011486725,0.12837888883838855,-0.06888674831977137,0.0,0.0,0.0,0.0,nm
6.686384000000032,25.339310491687474,-9.55900402028657,-165.7931201297124,0.11601897922922966,0.08962563381986256,-0.09020330916757957,0.0,0.0,0.0,0.0,nm
6.7149180000000115,25.156879505037967,-9.388628628446646,-165.63043212922582,0.15557932828411283,0.02715642230719376,-0.052588305632266,0.0,0.0,0.0,0.0,nm
6.733939000000021,25.234213839856405,-9.20567626313497,-165.6423793645797,0.10754131634755495,0.02752714526595869,-0.017990733685304374,0.0,0.0,0.0,0.0,nm
6.743416000000025,25.292015590380576,-9.154243819927236,-165.57658907141067,0.08357498089559987,0.06117731454146752,-0.0338931588734054,0.0,0.0,0.0,0.0,nm
6.75296000000003,25.345534077259693,-9.116090350731062,-165.42356665993387,0.08270671105113989,0.07933678041516944,-0.04289767297516846,0.0,0.0,0.0,0.0,nm
6.762430999999992,25.37798846844403,-9.06368847281492,-165.18374418582212,0.09296235545899467,0.10010059328025055,-0.05348654580169077,-0.02556286784505425,0.010091020210573842,0.04901368262607749,0.0,nm
6.809746000000018,25.908596797840033,-8.49758363191096,-163.80101545993065,0.1304834122639522,0.11422498639503542,-0.1581243215796486,-0.026854996469228128,-0.040136719371440956,0.04818342456490993,0.0,nm
6.819484999999986,26.128940189997962,-8.278689095781878,-163.61501351575095,0.13523663184417065,0.11077626817520964,-0.166740016069983,-0.02960610741861144,-0.05433593071609912,0.04365886896337298,0.0,nm
6.8384849999999915,26.60909441809186,-7.695426483774772,-163.28889476378197,0.13274971789443124,0.09332951325140755,-0.1796951025087856,-0.028540792580000016,-0.07355316757394657,0.038165085898615995,0.0,nm
6.847957000000008,26.83686055583335,-7.34899642175696,-163.13833474037816,0.12065051022100158,0.07473514589440865,-0.17737314455891853,-0.023258445474811713,-0.07949612309198774,0.03609465704407251,0.0,nm
6.866968999999983,27.303602917637548,-6.565881530822913,-162.84545173424272,0.09091938067314821,0.024962296640850135,-0.17308766989358884,-0.022639965413474523,-0.0910414738579489,0.03433416021740323,0.0,nm
6.876471999999978,27.580669134436956,-6.160266853107192,-162.7163057998518,0.06579899200859426,0.005662365666666069,-0.15938009447444734,-0.028627949126568252,-0.0939294415539709,0.03198468537389049,0.0,nm
6.88603999999998,27.905120412831515,-5.7611575986438,-162.60559650971788,0.04030362169751389,-0.008064902568646103,-0.15690792744037627,-0.03786960870342248,-0.0955701869472966,0.02889296743433043,0.0,nm
6.895544000000029,28.286858040470037,-5.378489919312926,-162.51536080242363,0.019650041035529413,-0.01013028717136367,-0.15941908253390724,-0.04962553496941619,-0.09592953804214173,0.025468498192919332,0.0,nm
6.905057999999997,28.730918988455333,-5.025449496749988,-162.44583459982752,-0.014184122014642928,-0.0034550066608421263,-0.16563877930009724,-0.06317616653373435,-0.09409490322451247,0.021967225412019436,0.0,nm
6.914572000000021,29.236124973604966,-4.707574156136415,-162.38654828929774,-0.020597602713561813,0.019024205295635317,-0.16849670458395885,-0.07687315486060253,-0.09115115655024111,0.020439809704250144,0.0,nm
6.924079000000006,29.77866138404752,-4.437612240096342,-162.32442506629272,-0.030109242331007365,0.04919702115818533,-0.17718015107098722,-0.08682777284872792,-0.0843595460205657,0.021086712642325228,0.0,nm
6.943097000000023,30.90356743918716,-4.059138466699628,-162.13466893861076,-0.04472322414635414,0.09414720169946866,-0.19283172771428897,-0.0970756007723989,-0.06624382514860645,0.03029760220916844,0.0,nm
6.9620780000000195,31.995585992719228,-3.884467854447236,-161.88938783384378,-0.0788887518738136,0.09312436924428796,-0.2231923634638841,-0.0996938243763636,-0.043426563908371865,0.030166640196489975,0.0,nm
6.9716510000000085,32.5077195144165,-3.907274515400471,-161.81940367618319,-0.08622343054183426,0.10035420931291388,-0.20158115342745261,-0.09866448486446205,-0.027531450667164482,0.020977009999280566,0.0,nm
6.981138999999985,32.96543805074788,-3.9713881391939387,-161.79095271658744,-0.04920083329243063,0.1045386012955218,-0.2026683418316415,-0.09089147194482032,-0.016358507672438027,0.01199456593213712,0.0,nm
6.990604000000019,33.38155235089094,-4.070037020668923,-161.80543733623944,-0.044236191964271275,0.09018620644323186,-0.1948455244940615,-0.08514641278629653,-0.007197973244521284,0.0029474366350859932,0.0,nm
7.000180999999998,33.7659072175371,-4.194482111680841,-161.85870465668916,0.006165096937283247,0.0889693157602607,-0.18247045182380656,-0.08072083934048453,-0.00025473061854082446,-0.005109268902156299,0.0,nm
7.009693000000027,34.14111289299006,-4.316273451867539,-161.9305702390674,0.03033072064826739,0.08095700384745701,-0.19161038861381532,-0.07880752288409734,-9.929262756861578e-05,-0.00880249045109056,0.0,nm
7.0191879999999855,34.58083823010454,-4.429549322092782,-162.00914241295956,0.07296457925078442,0.0791190908164705,-0.24397907388398532,-0.09052044392931836,-0.005601723301413782,-0.009006503598061783,0.0,nm
7.038198000000023,35.77434338179344,-4.723848547523766,-162.21013852010563,0.0830044852391931,0.17834413871914545,-0.22299371586999198,-0.1297400844571549,-0.008621465023320871,-0.010979564807832352,0.0,nm
7.047720000000027,36.45458504225246,-4.89766902489786,-162.3177039085152,0.08575336757204051,0.23423412436910052,-0.2283231374239985,-0.13990994546077018,-0.008191679228775626,-0.010096090895586458,0.0,nm
7.066754000000003,37.6542665490747,-5.364442078643456,-162.54434698012398,0.05357842821287961,0.35189301671712886,-0.15405717848581488,-0.11984977983148468,0.01635082049476573,-0.01243519438281909,0.0,nm
7.076256000000001,38.10511405519258,-5.695674975460715,-162.63911353016286,0.02977537641216126,0.3675749406626437,-0.09268984069494934,-0.10560513402069104,0.03641969591977852,-0.010252018470555752,0.0,nm
7.08600899999999,38.0706010623461,-5.962091942939247,-162.6494398609172,0.010829906717319048,0.3498020625915438,-0.012920710933040763,-0.08507560071262726,0.05533604393854323,-0.002581245370181109,0.0,nm
7.095355999999981,38.010986274317034,-6.2364460236188455,-162.61245569598066,0.04436625622945066,0.30177014981943684,0.055072820213307366,-0.06698430065931973,0.06507147087783764,0.006298313114904056,0.0,nm
7.104872,38.034612021180635,-6.49079545112038,-162.61326679429703,0.10994782480668125,0.16919869053703895,0.02953746025311993,-0.055795477237886616,0.0706566749106111,0.0004328020840239959,0.0,nm
7.123847000000012,38.462089791534,-6.82463387906754,-162.85856226331495,0.11321971474166212,0.011090797696139965,0.004878256768229363,-0.06407816122829096,0.020411584884774524,-0.024105382563829388,0.0,nm
7.142873000000009,39.43461788729711,-6.7032868595893165,-163.43615185307064,-0.03701885295169484,-0.0872248017164801,0.10826495908658926,-0.07166350147181469,-0.05066152656222958,-0.04874339652582307,0.0,nm
7.152379999999994,39.50932683009187,-6.1295535075183425,-163.53905145427578,-0.06518756347200529,0.0766813007866734,0.11660182829454864,0.01840490744492687,-0.11439497266496086,-0.018948262989642365,0.0,nm
7.1618910000000255,39.667040492996136,-5.371606165785383,-163.532695823579,0.0013133956382179665,0.12228542334549977,-0.13872832966989576,0.01288716420214825,-0.15449151583507179,0.004403274485240114,0.0,nm
7.1714020000000005,39.83926639130283,-4.7873202929289045,-163.56087880113765,-0.03243838488549663,0.20662020392661315,-0.10648005697042245,-0.0503047544869949,-0.12988601669680117,-0.002881227256657148,0.0,nm
7.1809749999999894,39.833328290261335,-4.461118214241614,-163.43844565210597,-0.1522820875297662,0.29210441200847315,-0.14458613030141593,-0.05273269064021214,-0.10017207500761366,0.02415930069773479,0.0,nm
7.1904140000000325,40.12334410432505,-4.073085017013614,-162.99070335127962,-0.07594283723945139,0.29153317548956337,-0.22140525459238694,-0.03300490013958597,-0.09115533921135517,0.09391792587614836,0.0,nm
7.199917000000028,40.15215984496776,-3.8913915175426057,-162.399572277597,-0.007909657692668397,0.27323712732652855,-0.22735914265949006,0.005334588346276307,-0.036483773949413004,0.1187056374755653,0.0,nm
7.20937200000003,39.90957272942598,-3.944793759245008,-161.88678835080665,-0.03288567556022927,0.24436463456049487,-0.24196718602565784,0.04286081583977839,0.025020289661744275,0.0993152184517127,0.0,nm
7.228426000000013,38.70831076673271,-3.792166156584843,-161.26543219833582,0.06891920679178264,0.11316698923632103,-0.16826722642499492,0.11957614706460137,0.013300361493125952,0.030393650946335178,0.0,nm
7.237946000000022,38.10730150690175,-3.655644092160161,-161.48634158545516,0.04318396537140508,0.05497960879447012,-0.18950557436489965,0.12255246785817576,0.012456502349052106,-0.05203828471485168,0.0,nm
7.24745999999999,37.54948156519557,-3.521314194134265,-162.0337225942955,-0.04264871131075242,0.12216406664619632,-0.04691075798886901,0.11431182980547559,0.0093693619728,-0.11655395511124614,0.0,nm
7.256965999999977,36.98568773800101,-3.35726525369364,-162.64941038945784,-0.04849726327975316,0.11782324176743757,-0.1901308742472342,0.11736130976185208,0.0029070153731972272,-0.1300080758024802,0.0,nm
7.26649900000001,36.492114049716406,-3.3313194011052607,-163.1634349061963,-0.06293641323452422,0.17973831076259583,-0.14050876473129895,0.09584581884474036,0.02406044287785931,-0.10864746340618726,0.0,nm
7.2760000000000105,35.90751146554665,-3.545803160642446,-163.44320137976962,-0.027440602820055206,0.215485701158541,-0.1576943004902973,0.09960007379493188,0.0747366482673897,-0.06300708643524518,0.0,nm
7.2854730000000245,35.2038737514708,-3.9005480270085866,-163.35397389620087,0.0354564446747497,0.2170048965640194,-0.14639872219009467,0.11446267941663459,0.10826314543659499,0.008721596502943487,0.0,nm
7.314119000000005,32.37808017807784,-4.5465035375515965,-161.97419378704606,0.19239596967226674,0.08323712507251357,0.014436729740144616,0.16341975810342627,0.12460470737185768,0.07430890237469252,0.0,nm
7.323640000000012,31.432164177278924,-4.518186493726874,-161.6952152361673,0.15801127609664492,0.020942206542126345,0.048980955950786255,0.17674594423414652,0.08670490982148747,0.04114358206675576,0.0,nm
7.333143000000007,30.534329280451214,-4.42537959303031,-161.6704064550386,0.09298471909837114,0.0036857818999822363,0.060275432647649986,0.17526308619347594,0.05814111947691847,-0.008904451382409997,0.0,nm
7.342597000000012,29.69809237312257,-4.420981169222184,-161.88552703619067,-0.029325651195397998,0.017173066610310525,0.1294458565587456,0.15888261243106147,0.0513862219763478,-0.05597162017029003,0.0,nm
7.352082999999993,28.891635384432803,-4.42856708931396,-162.17614874799042,-0.12648125814011413,0.04475456644251845,0.15606992401435307,0.15271098425779264,0.05113574895027208,-0.07062662286385361,0.0,nm
7.361608999999987,28.095659615066467,-4.492646211016566,-162.3767102367091,-0.12371570414531016,0.05769559943378243,0.10738368583606135,0.14748501360995986,0.06061589801893644,-0.052537086078022356,0.0,nm
7.371118000000024,27.25546766136587,-4.719892972074426,-162.42627152045972,-0.06637281641667267,0.07448289416139046,0.10098757610598794,0.14611970221434958,0.09409826579376371,-0.02342653439081232,0.0,nm
7.3806410000000255,26.349232997684002,-5.083366834446101,-162.29936360220495,0.013935537636745356,0.09200985477739838,0.10224472884640341,0.15028151501046366,0.12416433567036333,0.009902899673447424,0.0,nm
7.3996740000000045,24.547463907267147,-5.693629024004527,-161.69685430900367,0.26783160764653474,0.09339162409905297,0.08574373575906835,0.15212607262536657,0.10429445799811761,0.04610135515395604,0.0,nm
7.4091849999999795,23.75599038744469,-5.839877045767483,-161.51278732052452,0.3093827914197544,0.09050966087843951,0.06509855791981048,0.1404141440342204,0.0775596653265408,0.02091582971411302,0.0,nm
7.437497000000008,21.952732301951695,-5.253255695672515,-162.08688588230652,0.03311725878381766,0.1490319288201525,0.16337256433025232,0.12434546507400548,-0.02621531630457972,-0.07702597438282197,0.0,nm
7.447016000000019,21.336841866874426,-4.988759783806126,-162.4085171158801,-0.10775621523188177,0.1450153904480107,0.20775026705170432,0.13316240129653817,-0.012983668395717013,-0.07539018936562944,0.0,nm
7.466132000000016,19.776720923092178,-4.789858562217289,-162.5059301003624,-0.16728565930072775,0.007895591320922908,0.06647004750430277,0.15848372631261223,0.04232311445460073,-0.00045073567485631744,0.0,nm
7.485135000000014,17.899192749701264,-4.715819332406743,-161.82310918969378,-0.00042753806637778504,-0.07987103664981822,0.21222992913521227,0.1938772909210505,0.04344885651709498,0.06366236110878845,0.0,nm
7.494645999999989,16.986003343245777,-4.509117056065194,-161.48557118839602,0.11925595696822403,-0.12859053564045203,0.08029804656208699,0.18607205896164433,0.018078474024706748,0.05284387843360277,0.0,nm
7.5041120000000205,16.25848776500812,-4.268195951006732,-161.36667852743565,0.16761493430753704,-0.10953036458673587,0.18678342834128728,0.15308694004020987,0.0005346243707770612,0.012641310797498468,0.0,nm
7.513672999999983,15.68661048312825,-3.9518093864592414,-161.47155382331547,0.12802854254242146,-0.08709067662878683,0.15798443033872522,0.128481630521513,-0.023659789555987142,-0.029205506135443066,0.0,nm
7.523174999999981,15.277155652350507,-3.535880887694713,-161.69032287420808,0.07613863414401523,-0.06541585907130545,0.21271598446316187,0.10396239683504185,-0.05317726210135819,-0.04914805825432897,0.0,nm
7.5422080000000165,14.60221712883162,-2.898807008435628,-162.01304870682029,-0.07309518062011199,-0.09282643495748293,0.13880306152049093,0.07525727321016608,-0.027194315966028917,-0.02471590910372763,0.0,nm
7.5517019999999775,14.305201461538429,-2.770828112624008,-161.95245568905568,-0.06415758250206198,-0.12864983014851053,0.17131737444213987,0.06443024052619681,-0.005999443252099923,0.009183416234372048,0.0,nm
7.57075100000003,13.951508451773774,-2.8055670520379916,-161.63875681123082,0.1748327747431965,-0.1844527878990719,0.088304375766253,0.0,0.0,0.0,0.0,nm
7.58025600000002,14.026585013269164,-2.878185435936572,-161.66375906099583,0.26294371489824814,-0.17149755583941986,0.08228274893407651,0.0,0.0,0.0,0.0,nm
7.589765999999997,14.324423988853358,-2.802370951556543,-161.9154140087973,0.30972233214232325,-0.12468925777394065,0.10638124030130683,-0.05185104506658092,-0.03303881175314698,-0.04741323812990731,0.0,nm
7.599246999999991,14.817221662038499,-2.5684275438850768,-162.39567883351367,0.2956689113216989,-0.06185907379289142,0.10631633526516218,-0.0794924102615432,-0.07480509038314154,-0.0915026539139228,0.0,nm
7.618294999999989,16.174073785090254,-1.9165090449249147,-163.6967768600365,0.06493996658613678,0.09861178150547222,0.16474142420184812,-0.11935624255986628,-0.10759083892291946,-0.12717523477613368,0.0,nm
7.627796999999987,16.89509669709258,-1.5847159552485695,-164.2608906498762,-0.037069236098878376,0.14631187211722568,0.14490218057270235,-0.12039935541707933,-0.1036987674277182,-0.10849887469116996,0.0,nm
7.637307000000021,17.537910468926544,-1.3779421038495918,-164.68124519109537,-0.0899800872781624,0.18188969329259663,0.16971661418808082,-0.11291944293016495,-0.07435035502747718,-0.08080752063851285,0.0,nm
7.646816000000001,18.030217571656998,-1.3302246829230375,-164.96521305279282,-0.10125071366540714,0.20195281463169945,0.2398495356506986,-0.09263630855935813,-0.03502426318581199,-0.05450635729793686,0.0,nm
7.675358000000017,18.47550716139807,-1.7431352292689044,-165.7403706239357,0.14720461690388567,0.2069168942555393,0.3730854831955568,-0.009201871247945187,0.025956493181567706,-0.0654451339991407,0.0,nm
7.694372999999985,18.357344273180683,-1.505393665814072,-166.78631748456917,0.13776378575966797,0.11694185874636796,0.24404432921419061,0.01867952903842315,-0.03552352666289576,-0.1190845846432803,0.0,nm
7.703846999999996,18.378446893517875,-1.268647918156168,-167.4934353863363,0.022309325044335106,0.08239260621135193,0.226745370908052,0.006432010076996715,-0.04715289199269216,-0.1414296278045148,0.0,nm
7.713358000000028,18.502408803320286,-1.0730742945763432,-168.22125770162376,-0.09474900537297432,0.05786209965654125,0.22861973252025886,-0.016030663155015636,-0.04349990005254146,-0.14516739465020245,0.0,nm
7.722859000000028,18.762167546935107,-1.0104255610409403,-168.86128776485808,-0.13525893644500853,0.06832701420827861,0.2764287374368736,-0.04848982470842917,-0.022616774460201865,-0.12715424111284146,0.0,nm
7.732376999999985,19.109278351797652,-1.1849901483411458,-169.34078514462453,-0.10684000672344936,0.11305822001623801,0.24397877474520663,-0.0748668694768939,0.021201588510566898,-0.09463293282832115,0.0,nm
7.751441,19.78243283533372,-2.0274326595201226,-169.63455040264535,0.10538127182485178,0.20795603840875485,0.30886688657953154,-0.0774148543985875,0.0779825087396931,-0.003645217268590366,0.0,nm
7.760869000000014,19.9889636973916,-2.4561687754644006,-169.48953360226724,0.23650160672000328,0.23048556220639485,0.31078434368912805,-0.056206375538039914,0.07695800714275504,0.030652640200257982,0.0,nm
7.770395000000008,20.062681132051978,-2.8343327299108063,-169.28507497040195,0.28415769704904525,0.22253893520744536,0.2887045624019711,-0.028445427826556208,0.0717251395284151,0.04161198390507538,0.0,nm
7.779911000000027,20.01152116562302,-3.0941859697575764,-169.10619105541352,0.267850551497295,0.19517738397336432,0.23528103742941475,0.000294787008153909,0.05303685010797061,0.03527898717212953,0.0,nm
7.789365000000032,19.87505801946633,-3.213362226802808,-169.007699158082,0.23365991086352525,0.17390151551141567,0.19346549975147068,0.0,0.0,0.0,0.0,nm
7.8084499999999935,19.53249291544509,-3.4153581571543,-169.15660598513676,0.11574565804269055,0.16517419636766417,0.12676516083086137,0.0,0.0,0.0,0.0,nm
7.81796700000001,19.406415098327642,-3.5930284422952816,-169.3250046535774,0.0954097289485411,0.17755958253933246,0.0977294705373181,0.018118519230573497,0.03966913520136924,-0.03524335791330924,0.0,nm
7.836970000000008,19.29746556061369,-4.120067667144474,-169.62586737298577,0.16485801138333633,0.21891206039325858,0.11705425365597225,-0.0033920903609326045,0.05900688435651556,-0.02861637133959815,0.0,nm
7.84648500000003,19.26101322250788,-4.404428507175937,-169.74410466980808,0.18234278844243776,0.2217220577417413,0.13234432042624525,-0.003035153651097955,0.05734054303172661,-0.02420081039588016,0.0,nm
7.85618599999998,19.19769849211469,-4.595734001422735,-169.8443549104402,0.1885179735235762,0.21224891246495722,0.1110028533014008,0.0,0.0,0.0,0.0,nm
7.8656950000000165,19.12372516787335,-4.712203850166714,-169.94934486178667,0.17086710884403078,0.20524585099160073,0.09117367884883767,0.0,0.0,0.0,0.0,nm
7.884681999999998,19.036808490525647,-4.9386091676153665,-170.15027573593002,0.05175014794729891,0.21340667027080892,0.06604210005227064,0.0,0.0,0.0,0.0,nm
7.89419700000002,19.045053315875244,-5.082337046714424,-170.1456904208891,0.031092064543917414,0.22697967812868078,0.031505802554467,0.0,0.0,0.0,0.0,nm
7.903707999999995,19.08116479073674,-5.305756662812138,-170.03022361725792,0.056618708699007626,0.24889277386407346,0.029788961795128712,-0.014798783048779168,0.04283788597708929,0.02376987980530272,0.0,nm
7.922660000000008,19.14337195542707,-5.91558347168717,-169.50511711652393,0.15421180790613298,0.2726978257051532,0.0285945145215493,-0.016089542277221276,0.059272781674090794,0.06139373644018219,0.0,nm
7.932178000000022,19.127474995942293,-6.164611751315754,-169.18325534169327,0.2226110342464097,0.269002353594396,0.05086931310497425,-0.006111934890368727,0.049595346427990177,0.06408953907473744,0.0,nm
7.94186000000002,18.853360471156588,-6.046510247920302,-168.90837033126678,0.24733301333405242,0.2350975496898358,0.02932597168277852,0.008942841088692009,0.03862492400959549,0.04928320034923438,0.0,nm
7.951325999999995,18.580489734677368,-5.869798345297631,-168.7575600846025,0.23224790844323825,0.18702577976993198,0.043056993412871475,0.0,0.0,0.0,0.0,nm
7.960796000000016,18.383259158680023,-5.87022775520456,-168.7478265177337,0.23165378524099556,0.2412420037015176,0.5507764879624708,0.0,0.0,0.0,0.0,nm
7.970301000000006,17.80255352120477,-5.7822419476771145,-168.84631756851152,0.14003663282916673,0.3161246666951372,1.3696025502496407,0.1169259940520276,0.005195502185814751,-0.03152060933235099,0.0,nm
7.989347000000009,16.943937512492294,-5.733573955894971,-169.08193164211573,-0.10639581396896,-0.3861344482874324,-0.03623656101657624,0.0,0.0,0.0,0.0,nm
7.998784999999998,16.677541768029226,-5.908545359245879,-169.13792089524102,-0.1466395062369779,-0.4174515571745227,-0.4807246588716408,0.04550333209583759,0.04444323497123428,-0.01661410768913165,0.0,nm
8.00833,16.822888322039063,-6.153011626142998,-169.07776621159834,0.029063004097631275,-0.29052804290784706,-0.24592255958065923,-0.03768079203275335,0.04261018666757508,0.0151026769596119,0.0,nm
8.017809,17.252421121676587,-6.457801298671635,-168.94277665523447,0.20631460667035834,-0.08049568847333056,0.4265220502117159,-0.09557924375252197,0.04362255535126694,0.036471453960672424,0.0,nm
8.027369000000022,17.69938688791548,-6.677765210701736,-168.7968872394723,0.27000322123890846,0.026977246493852042,0.14416123683278448,-0.0957659212049599,0.026056702253567057,0.03944240317871893,0.0,nm
8.036832000000004,18.373031617684312,-6.734216965103675,-168.7153172418299,0.3403855398865224,0.08378104445661747,0.17390856781099842,-0.13363120950001994,-0.015040087657247656,0.03208228214350158,0.0,nm
8.065442000000019,20.121738750847825,-6.037560376867907,-169.40938619444597,0.061530602471869145,0.25916209641423144,-0.10112302878790785,-0.08950539778384421,-0.08679254846725674,-0.05923418449287359,0.0,nm
8.07491600000003,20.44936250854221,-5.696955823443693,-169.77069939937496,-0.028774049561706344,0.4169001980434504,0.18551229999711485,-0.05187285297367131,-0.07888154103749387,-0.06561472938881323,0.0,nm
8.093951000000004,20.43663082482799,-5.4083930161551566,-170.31553315798752,-0.1132391225473408,0.3721479877870518,0.13088219599854348,0.02372491888066125,-0.010422665735116863,-0.04855104433983058,0.0,nm
8.103476,20.116582617056977,-5.436425963210318,-170.4977507440702,-0.04883346105657191,0.26212760205551394,-0.05137938993145991,0.061986351042587706,0.01617570155291468,-0.04252649937602705,0.0,nm
8.122569999999996,19.151981139154657,-5.384727177148637,-171.02805063221714,0.1563842605519833,0.1241187313814337,-0.050644676929374154,0.08644382816833134,0.028395866682911542,-0.07361241502347442,0.0,nm
8.160521000000017,17.712890042203476,-4.337399622259093,-172.8160723065136,0.1526340209349744,0.03527013338683692,0.03812278208242254,0.0478364293525304,-0.04586756285318774,-0.07349528111871889,0.0,nm
8.169947999999977,17.596956500433016,-3.9659177207243297,-172.9496838675891,0.08519477228972044,-0.002180080050594279,-0.045730912544415823,0.02888941296911189,-0.051608253339413095,-0.028411783140719547,0.0,nm
8.198476000000028,17.78011798000868,-3.253304703446364,-172.48480649238766,0.04814009177698355,0.060901716793628255,0.08259335828126191,-0.02983721285058935,-0.031308468079563986,0.03907906934723688,0.0,nm
8.217461000000014,17.9746652456309,-2.887954771164614,-172.55782129397963,0.08800871809396982,0.12388452866041347,0.016059783351719946,0.0,0.0,0.0,0.0,nm
8.227013999999997,17.965196927538177,-2.688695526258868,-172.83204632811623,0.09732528563943663,0.16011683597588197,-0.053099603563756356,-0.030207005850270297,-0.016751003084521716,-0.05503571536928237,0.0,nm
8.236522999999977,17.83016952582237,-2.45447769479691,-173.14066094631406,0.10943797895615864,0.20622047803350652,-0.06742096358221726,-0.01587903958971755,-0.017910330258831934,-0.06303860131038444,0.0,nm
8.245991000000004,17.560231554372074,-2.2022920575913654,-173.36984683804118,0.12471329088160495,0.25790234621600683,0.017316312768272148,0.004692208809237578,-0.01712760672357598,-0.048104991779976826,0.0,nm
8.264965000000018,17.138874881252733,-2.0165537435811927,-173.37663407109432,0.14288691270642112,0.23906033195994708,0.09017472971271169,0.05731186679673228,-0.013215341875502978,0.013626311661805668,0.0,nm
8.274523999999985,16.624294856262434,-1.7298006292406591,-173.19625999838306,0.14038203177021213,0.15016091369640183,0.01729770832754761,0.0765910297451641,-0.014773866926523554,0.03280893298820102,0.0,nm
8.284068999999988,16.147489476649064,-1.440642052777072,-173.02819312587465,0.12426093502292278,0.0737138189113308,-0.020150094369302797,0.08591004653149314,-0.01754859427728773,0.031087284146175218,0.0,nm
8.312563000000011,15.011788857174977,-0.7904946101111733,-173.2462855816142,0.04017284786122023,0.02219419569227749,0.06398994623639448,0.06585021984083195,-0.01479769105799314,-0.041349975986018854,0.0,nm
8.331704000000002,14.463635943986928,-0.6533550108447098,-173.6819863585473,0.049384440270858906,0.05536822783494008,-0.013423227380235467,0.03917887574830174,0.006553016311730824,-0.038860509517816944,0.0,nm
8.341223000000014,14.243021301066696,-0.5853071830911062,-173.75686500969826,0.0934832675860999,0.07457573440842409,-0.04322181576769032,0.0,0.0,0.0,0.0,nm
8.350733999999989,14.039511188589787,-0.4691349011890936,-173.71106003006088,0.14582088266150103,0.09764448649267268,-0.021550814967979507,0.0,0.0,0.0,0.0,nm
8.360252000000003,13.83241752167172,-0.288374617577016,-173.59970002488706,0.18940128208534265,0.1254130771873147,0.050798031065829315,0.0,0.0,0.0,0.0,nm
8.369663000000003,13.714888370590359,-0.2668186406776076,-173.5059927806451,0.2024720140901133,0.140509151518171,0.07891370131799226,0.0,0.0,0.0,0.0,nm
8.398294000000021,12.70756714829855,0.4443834219979204,-173.81789173413927,0.047088354060858637,0.13194977825588022,-0.0279655134794014,0.05324818534474454,-0.01731120915533409,-0.04018423600786425,0.0,nm
8.41747700000002,11.736355778983116,0.5210703328583297,-174.2283508899683,-0.015155034835557786,0.1469986910986419,0.03248408399083672,0.06987729422601108,0.007449164705017775,-0.035502379780088064,0.0,nm
8.426821000000018,11.21078547358862,0.44954243195344507,-174.31726370865982,-0.013486539481685374,0.13179674334471245,0.04712566956498825,0.07515420986398298,0.025154204130500343,-0.01687010430998446,0.0,nm
8.43633299999999,10.69837896341087,0.37900453783236077,-174.31331577343445,0.06458582123602537,0.10510635314090258,0.02987352481883756,0.0781379638755507,0.038099025271956515,0.001619135592712126,0.0,nm
8.445852000000002,10.223924882536704,0.3631828574335,-174.2620628849864,0.13735473597429085,0.07116357222415308,-0.009382728428605573,0.0782322985948331,0.042961397176690314,0.011009099816189699,0.0,nm
8.455315999999982,9.797307420693013,0.4256493280392352,-174.22822214864792,0.193450977329927,0.050636897092753555,-0.0038727045131309447,0.07516167476209856,0.038833351837319605,0.007521680648762319,0.0,nm
8.493397000000016,8.365096250259256,0.9346388890216559,-174.7339805164172,0.06147898959143171,0.0766293643336222,0.02150720416834363,0.050584860006251904,0.004686210648883236,-0.03473072246503068,0.0,nm
8.521927000000005,7.404819912276661,0.7156778918505481,-174.89693909775653,-0.00867090928691751,0.09890908657279397,-0.01290278521778628,0.0,0.0,0.0,0.0,nm
8.531391999999983,7.08192070067887,0.5697592466977972,-174.86129958124872,0.046727226562101064,0.10890544251737068,0.037550723892758237,0.03856264752131364,0.04484264670730971,0.00792269106643201,0.0,nm
8.540962999999977,6.755421799019567,0.44287098502927336,-174.85746690945788,0.10200502069530583,0.10882529182082708,0.06238471787891572,0.040223006866516475,0.052378008600703164,0.001435947710445931,0.0,nm
8.559984999999983,6.041224091451906,0.310170320922917,-175.06241418818092,0.16157672616089297,0.10564928762602878,-0.008747211802440605,0.049515451933938096,0.05083760369928387,-0.027260709473651834,0.0,nm
8.569496000000015,5.64814135671002,0.290860481924718,-175.2418668916745,0.1495497309324983,0.10759465472805033,-0.008575739765224966,0.054342816998144056,0.043167215023799194,-0.03537977415781505,0.0,nm
8.578970000000027,5.233753948076233,0.2764988479036429,-175.4105995181574,0.11955312217719924,0.11033428213956734,0.03228620583136078,0.058953026837894634,0.03520366758103188,-0.0332569532674259,0.0,nm
8.588501000000008,4.815551608195195,0.2350313000197816,-175.52161864100347,0.0784265723510739,0.10297779438002676,0.04710755028496162,0.0611024035459885,0.031489968678256874,-0.021771143610604563,0.0,nm
8.598022000000014,4.417506392794383,0.15435149877822996,-175.5549491393051,0.04582422866093497,0.0827119693480875,0.04025802112621604,0.0605981300240896,0.032084168616489016,-0.006348624785921014,0.0,nm
8.607531999999992,4.05451817393982,0.032932305131496885,-175.52530328071967,0.02766015398171719,0.05828651576321448,-0.003947503060711152,0.0575824167086399,0.0360186417032427,0.006088788910786385,0.0,nm
8.626520000000028,3.4576770725653696,-0.30403160659298767,-175.45908090616453,0.046385299700974485,0.03453292751449931,-0.0021179830962809905,0.04501323766739679,0.05105471421673447,0.003287475781595857,0.0,nm
8.655087999999978,2.745810472135346,-0.8890724994659157,-175.77486607773352,0.09819068501706604,0.07626312094987449,-0.004907915662531924,0.025864927401021007,0.0628901578389097,-0.03126987218910977,0.0,nm
8.674071000000026,2.2560653415779766,-1.2009528657893385,-176.01466247567853,0.10387969050763364,0.1045965797676292,-0.006151974966458119,0.02505312295847815,0.05431405039514584,-0.019873457600404414,0.0,nm
8.683655999999985,1.9948025859181837,-1.3180481263009458,-176.04085921098735,0.09897715000394168,0.10703949091615057,0.037596811599172324,0.0277843905308016,0.04809725223154829,-0.006319408892683009,0.0,nm
8.702643000000023,1.4782315098185235,-1.5260894399308766,-175.9597738077922,0.07383933375038464,0.08259226390682214,0.04044055472824771,0.03173818726320315,0.04017311087029489,0.00890353052927001,0.0,nm
8.712153,1.230926559164224,-1.6524166943652978,-175.93168286954605,0.05383313338832002,0.06840165717225347,-0.003073621902347801,0.03251047522276625,0.040635877332999566,0.004292205536271086,0.0,nm
8.721667000000025,0.9936193260484504,-1.8188195858619356,-175.95657749533677,0.03788452750341934,0.05894422793824634,-0.002305938989385852,0.03189131696139504,0.04504309733329871,-0.006384514027730916,0.0,nm
8.731149000000016,0.7628126680412515,-2.0311332685767134,-176.03888253662242,0.02824001242618423,0.05882796971438781,-0.0018991445975339429,0.030107503646347508,0.05194656842346101,-0.017987723829915828,0.0,nm
8.740691000000027,0.5370305989052122,-2.2808593323733817,-176.1561562800098,0.02918802684556704,0.06490330798989054,0.02397995466542214,0.027618815646841773,0.059319772295588456,-0.025128775305770797,0.0,nm
8.75023600000003,0.3193898749576601,-2.542980197929199,-176.2713094643882,0.043450353527328824,0.07218107387823888,0.032099349678964495,0.02448680651114236,0.06461738064293568,-0.024828211214463845,0.0,nm
8.759740000000022,0.11306980262793474,-2.7926642945059816,-176.34958407486457,0.06556877381372031,0.07565050095452476,0.02416345347253645,0.02161602168452008,0.06676308684577573,-0.017528738414653543,0.0,nm
8.76923099999999,-0.08060395824605485,-3.001627730275807,-179.74184896623862,0.09610329637831716,0.07052026733827463,-0.004957174110798647,0.023109454848434907,0.06326418104020569,-0.006741137902780932,0.0,nm
8.778789000000017,-0.25608047127341893,-3.158357532216754,177.0012862148685,0.12131373749975001,0.05734327178215541,-0.006234611804129499,0.02419763425482071,0.05621772353372381,0.002555176361530625,0.0,nm
8.788302999999985,-0.414847296666441,-3.2713283653953287,173.7602413724968,0.13236747142374247,0.04333184196549988,0.02210968227193602,0.02465122008879727,0.04764350725163939,0.006598109053779054,0.0,nm
8.797961999999984,-0.5540635352605784,-3.366014618607639,170.56737318895142,0.12330641767428334,0.03167836582997268,0.0320026993881767,0.0,0.0,0.0,0.0,nm
8.807320000000004,-0.6797929480504166,-3.4720518083955585,167.413016538219,0.09765966941068102,0.030428611396688263,0.02613945339768647,0.0,0.0,0.0,0.0,nm
8.816799000000003,-0.7949201486456003,-3.614559147091409,164.28916374013346,0.0667459993909953,0.03704210310356607,-0.0026781866768348607,0.0,0.0,0.0,0.0,nm
8.826340000000016,-0.9030324385640792,-3.8112039868066705,161.1482249393277,0.018940374051742093,0.05528313897484848,0.0009190686412242154,0.0,0.0,0.0,0.0,nm
8.835847999999999,-1.0096938518104563,-4.057081030877597,158.0733367293125,0.02503286993539504,0.061964422280946105,0.0011748779875252722,0.025485280819955203,0.04534787338013397,-0.01652987181372045,0.0,nm
8.845369000000005,-1.109952301173698,-4.331326826826965,155.06216493289315,0.03165624529989621,0.06293420765644929,0.028644682786022623,0.029053968411019204,0.05111822402312401,-0.012588074440286553,0.0,nm
8.873863000000028,-1.3777234283349158,-5.0722569758443665,146.5248149145527,0.12375814958354688,-0.005858030645893837,-0.007919218305050178,0.03923475893955435,0.05377788153578365,-0.0001380958454190082,0.0,nm
8.911905999999988,-1.6342134903680428,-5.666619842452393,135.58728496853254,0.089063428492112,-0.013000730201149469,0.02161715243025013,0.0,0.0,0.0,0.0,nm
8.921402,-1.6730142682653957,-5.854573638194922,132.89742761775253,0.06485511617914064,0.012586190365267045,-0.0019347240153032002,0.0,0.0,0.0,0.0,nm
8.93096300000002,-1.6933364214016555,-6.087684160918686,130.32338603537647,0.040743311088274045,0.03436226593783854,0.0015667797212666364,0.0330097167192475,0.037843373870074686,-0.006169616314872461,0.0,nm
8.940474999999992,-1.6945250602358723,-6.366011302432411,127.76743921219072,0.037403672421477206,0.028783388899410286,0.0013876313363911307,0.037695831590167546,0.04178285840262243,-0.0013995939021609904,0.0,marker_1
8.94998099999998,-1.6852084169248867,-6.625889861544279,125.24800730480497,0.021410504838071776,0.015021611788044613,0.000764345788603733,0.037660811667516836,0.03577265452353056,-0.0020368432964546893,0.0,nm
8.959492000000012,-1.7098815452806668,-6.763571624937398,122.76999962100882,0.0034778996765829607,-0.010366233923559431,0.08936850118179784,0.0,0.0,0.0,0.0,nm
8.968946000000017,-1.7734732047825301,-6.717189368624707,120.14680922255044,0.020033180000458648,-0.0460077425890345,0.18217197228312157,0.0,0.0,0.0,0.0,nm
8.978475000000003,-1.9014547940480555,-6.498089631590733,117.43601650281582,0.02445343505089202,-0.05346780388602103,0.08221862459220326,-0.015038605469471032,-0.04000378419846389,-0.062276588216260316,0.0,nm
8.988042000000007,-2.0544743044568885,-6.270905297970364,114.7232327592527,0.015198065224626916,-0.033007701627758845,-0.003993135748975169,-0.02044921241653504,-0.04423944233545441,-0.08904100196655522,0.0,nm
8.997425000000021,-2.1870129154969957,-6.025286368024452,111.95538761680334,0.013854261163351325,-0.030389472950286073,-0.04268451131989829,-0.028376096421983327,-0.040152147105244174,-0.10816743217821112,0.0,nm
9.016503999999998,-2.4133701807963153,-5.443551595379572,106.46633749645822,0.05441893374791409,-0.0481320066718109,0.05997829111917561,-0.04354264172298975,-0.0231436594871699,-0.1142999290680902,0.0,nm
9.025957000000005,-2.480102368984594,-5.068345273760862,103.85494366727781,0.06636266005790677,-0.05512810790958383,0.03640507246527363,-0.057767947173938884,-0.01709697206753341,-0.10755606102550852,0.0,nm
9.035513999999978,-2.540920943832005,-4.587400951261286,101.35841464458622,0.08478315075117139,-0.07200632369498672,-0.003934959661754626,-0.07583680567010605,-0.012415604251733227,-0.10273768026554726,0.0,nm
9.04500999999999,-2.553159444353415,-4.048571030494104,98.96041217554477,0.08018182944342672,-0.08623894709698736,-0.003973190467196467,-0.08685924436526067,-0.001534847931180414,-0.10366990955022007,0.0,nm
9.054529000000002,-2.5613881660502873,-3.5153431902312797,96.53686607301128,0.0890543943672873,-0.06389972769037862,-0.0008834053665864144,-0.09158324646555893,0.004762319866948325,-0.11201947747958202,0.0,nm
9.064051000000006,-2.5487069484937814,-2.9763806720218664,94.13742957965881,0.10114375390253057,-0.04027733887120232,0.0018988213760817287,-0.09873348014163617,0.015817965988056022,-0.12226844054739658,0.0,nm
9.083056999999997,-2.3768045354113303,-2.0292326853709155,89.64024898065881,0.08866289150362404,0.0021343577676194996,-0.07594947909667342,-0.08326107893234713,0.04272874492490948,-0.12259414322354098,0.0,nm
9.092503000000022,-2.255557829128519,-1.7713004449546403,87.67084492589608,0.10835221482872012,0.04512791170633047,0.16202542365130615,-0.050745070690792884,0.026134171648630994,-0.0966758888436306,0.0,nm
9.102081999999996,-2.3967085694998405,-1.664955571572963,86.06799168462436,0.15163578413683207,0.022125817731855676,0.0323688280464497,-0.027812780532384056,0.005655117108883274,-0.041357605189228284,0.0,nm
9.111534000000006,-2.4219463007515394,-1.6913255922559982,84.98085481813774,0.13806506983892602,-0.016366936066872013,0.1430875025723268,0.0,0.0,0.0,0.0,nm
9.121040999999991,-2.5025461662612445,-1.876612988045035,84.31086071929894,0.047163706775573466,-0.10676415121954048,0.2068351959360745,0.03523770967368396,-0.019899376881817383,0.10716208584517549,0.0,nm
9.130534000000011,-2.7300058280540282,-2.0883465125345038,83.7615589122502,-0.030445076237572692,-0.18578598465436214,0.2045967457351491,0.03689392813533445,-0.05010377824085011,0.1444887369018413,0.0,nm
9.149545999999987,-3.208887760436779,-2.2910638594073816,82.34891143845853,-0.14310601021246,-0.3334829537716337,0.6202047491729912,0.007767642935648647,-0.04469188139876949,0.08811107749190997,0.0,nm
9.159064,-3.354417979029224,-2.334912715231297,81.21201920949024,-0.08373611235195025,-0.2654130449856703,0.7094257887898318,0.0,0.0,0.0,0.0,nm
9.178215000000023,-3.7121599905962683,-2.525958588914753,78.00815893206394,-0.1733540487090832,-0.10004213206287901,0.8440504262008429,0.013467704363181855,-0.06515271488371926,-0.07285232611202629,0.0,nm
9.187560000000019,-4.280638411687848,-2.703416455741133,76.42488985373393,-0.1962794814175461,-0.07241047151014351,0.8245231036954712,0.008159189981009368,-0.11888663589659866,-0.06474234136901291,0.0,nm
9.197118999999986,-5.005729213101053,-2.873306336765726,75.13517575835544,-0.38111151822168043,-0.09239456879007513,1.0037486747361812,-0.0042015736461967785,-0.1489344876199776,-0.026111697765097086,0.0,nm
9.206807000000026,-5.939917124317017,-2.990022466441484,74.13063571736505,-0.4401349155940304,-0.13335375689267354,0.8686869092931379,-0.02882925562383824,-0.18609927351342576,0.017465440842436876,0.0,nm
9.216312000000016,-6.706973368859833,-3.0022206552483435,73.32859883837496,-0.742939354435678,-0.15282076825186477,1.0423760052629127,-0.04206676819790027,-0.14756247459657168,0.05344895397878903,0.0,nm
9.23534699999999,-8.157981798641709,-2.7821433860247167,71.58769227789931,-0.9991458080317093,-0.0483810412159709,0.8583945337429519,-0.06857894246465844,-0.11843635010587726,0.0325026034724298,0.0,nm
9.244858000000022,-8.3384101523228,-2.633065876836953,70.50878371553505,-1.1418574948255278,0.11328455764726607,0.9361145902989569,0.0,0.0,0.0,0.0,nm
9.254173999999978,-8.128802829609764,-2.531164391436911,70.41864416754653,-1.039225393526492,0.21380187073712179,0.7691566414535832,0.0,0.0,0.0,0.0,nm
9.263697999999977,-7.204173373571737,-2.5392674869459335,70.37336741209072,-0.9028562078201999,0.28781296581331267,0.7253695630021696,0.06360298729682502,0.1737427681743099,-0.0008743264196953894,0.0,nm
9.273208000000011,-5.422270739698769,-2.636079314512551,70.53888673724913,-0.8833114168855695,0.2650945380477598,0.9630839758055656,0.1375431819675599,0.32950451798854474,0.0492525995755001,0.0,nm
9.282717999999988,-2.9947834195648766,-2.750753582061946,71.0021405338666,-0.6914260195060191,0.0978270219126848,1.032061262720595,0.1816406384889198,0.45100530352992046,0.11559507589027182,0.0,nm
9.292401999999981,0.15196622937411292,-2.8871649508193693,71.77974438973132,-0.5335336894391501,-0.14272734216050237,1.1879524620428803,0.22676903508837443,0.5878790437213167,0.18666614578595225,0.0,nm
9.301732000000015,3.8258065939827297,-3.0731432168251644,72.76709288762927,-0.34168940679643334,-0.3894767272441022,1.3191656072414961,0.2592097452883857,0.6886256482005693,0.23589485123865042,0.0,nm
9.320679999999982,11.846814379753107,-3.2939545526098333,74.71848314568456,0.2079822823845947,-0.7319690869734415,1.3426121619720504,0.23104189830049673,0.778594838075069,0.23119117005057355,0.0,nm
9.33021500000001,15.911288724969522,-3.2261917390742454,75.454574436908,0.4757712074237309,-0.7398936164359977,1.0702312462610168,0.19604787438860602,0.7888754038373802,0.19362317310614138,0.0,nm
9.34955100000002,23.53977896656664,-2.6958299538142723,76.47076561565622,0.800611983711305,-0.5624582323729745,0.9240442627443697,0.10204616532815713,0.7001698232452932,0.12521212654644492,0.0,nm
9.35892100000001,26.507046062230565,-2.3296128384016304,76.90219540750351,0.9169910634487618,-0.4213045693207972,0.35865718230000493,0.06534596074798756,0.5946587259188013,0.11240802262781574,0.0,nm
9.368394000000023,29.3035265541654,-2.079076048680595,77.40729089556453,0.930485531151882,-0.33250978322486885,0.40683554511203657,0.07549297953637628,0.5568225385942343,0.12265029975238018,0.0,nm
9.377762000000018,31.588616146573298,-1.9777062065503783,78.00836097108402,0.8553133430176391,-0.24818249011340748,0.08476100518981945,0.07751591593728702,0.4512144609007301,0.1365314384593744,0.0,nm
9.406469000000016,37.80292755746068,-2.4174650081057614,80.01472416880229,0.4909847854335226,-0.26717931769966907,-0.27235823349962535,0.11178795633703205,0.38438228838500216,0.13833686166936215,0.0,nm
9.41581500000001,39.954127962845796,-2.5510216062189124,80.49553405102043,0.43825859989479193,-0.28775451666750773,-0.2839317785914424,0.09919431676770996,0.41969229089369176,0.11494238196449556,0.0,nm
9.42532,42.17344843949636,-2.577773461735585,80.80703531904062,0.41465184507521136,-0.2679065628787444,-0.35716433422060534,0.07740048911681195,0.43725792547198306,0.08225224840074091,0.0,nm
9.434834000000023,44.45374504233044,-2.514481944132768,80.97667880537767,0.4294486100124609,-0.1967135396361767,-0.5071153649538156,0.059695645426621195,0.45247874054203596,0.05424745839124033,0.0,nm
9.44435199999998,46.84290791445601,-2.3820019845554836,81.11243190199994,0.4959308431352295,-0.14612071460617443,-0.5106723664873785,0.048199118927498716,0.4763394498710867,0.04760951143918917,0.0,nm
9.453865000000008,49.14193722402438,-2.2179904920481537,81.2988176001039,0.5284210685917137,-0.09472879530045823,-0.6214616631350888,0.03786685157078237,0.459660312508041,0.05578309399810724,0.0,nm
9.472838000000024,53.46169057798333,-2.0078796879714815,81.87998566037533,0.5306446394436154,-0.019855512075711523,-0.7112277112832655,0.04473368335693814,0.4182312922719864,0.079267331249444,0.0,nm
9.482213999999999,55.36055411891086,-1.9513824844044299,82.22342604542155,0.46690574335152824,0.006199485211212854,-0.777745358174018,0.04132526847270882,0.3779561942628316,0.08189273880172153,0.0,nm
9.491895999999997,57.11695477113461,-1.8944657640510594,82.52084333259317,0.4196941523973972,0.017047774845211906,-0.7568369074301999,0.03534609701153147,0.34993889929313504,0.07134423565349429,0.0,nm
9.501432000000023,58.69340819193233,-1.808979003489553,82.71628015977683,0.3609513375311108,0.03611417386164512,-0.746826439078745,0.023545604057237855,0.3151149784088128,0.04932462968288192,0.0,nm
9.520462000000009,61.473685863487184,-1.5086222127403957,82.8064581883525,0.26498464000424593,0.03894651572232444,-0.7246355715431195,0.00025265566154110083,0.27218723288018426,0.007981602702290511,0.0,nm
9.549028000000021,64.93131152083582,-1.057851450291608,82.69260128899101,0.20451289362205458,-0.011738403473741988,-0.7781972334169034,0.004677482040369973,0.21098069816239043,0.0006993871943985052,0.0,nm
9.558483000000024,65.94255958227319,-1.0101605836098029,82.73300120518942,0.21179779996370243,-0.013732476985793059,-0.7468515974767754,0.016204307765139016,0.20204239146083044,0.01173978280994034,0.0,nm
9.568050000000028,66.85375140847368,-1.006125662321218,82.82709475817343,0.21250525429770917,-0.050905575164448165,-0.6913970469245478,0.02211962462507818,0.1810895171019916,0.02204859885034536,0.0,nm
9.57770800000003,67.57213898244427,-1.006884764216751,82.95082751245155,0.22371688152354824,-0.05431523289265174,-0.6340076660462335,0.01794718371573887,0.14270808766863308,0.027301610447899072,0.0,nm
9.596541000000002,68.56465229135333,-0.9306210766276186,83.15630731120604,0.14698150214734698,-0.0077394684319117965,-0.6051627331331848,0.0019161108567425824,0.10078415588041864,0.018989936677396225,0.0,nm
9.606083000000012,68.93738149683143,-0.8516560167546305,83.1905846621768,0.12135680717954354,-0.006510526867982713,-0.5330756548986296,-0.006835281951029834,0.07597816464433083,0.00801908290163067,0.0,nm
9.615602000000024,69.19977396655237,-0.7707159081861967,83.17318440579021,-0.012887924645667802,0.035205251774252926,-0.6007427997868323,-0.009858572737536844,0.05409018156862263,-0.0027465435018799917,0.0,nm
9.625118999999984,69.56767525831803,-0.7262197374711645,83.12517504772097,0.06024168878794482,-0.0015993756020635914,-0.44361525826774123,-5.8887393636014925e-05,0.07419978308221815,-0.008653431123477164,0.0,nm
9.634627000000023,69.84044706377698,-0.7137496121076609,83.07445556090703,-0.011161305905173415,-0.02069520954134743,-0.45766720567457436,0.0040851921634143815,0.054518982688709305,-0.009470214449982101,0.0,nm
9.644130000000018,70.17606226096102,-0.7357974730568579,83.05273562989217,-0.04872006007345177,-0.049082076290060575,-0.47191565498829313,0.012500164159619874,0.06617288527041648,-0.0034977852822059294,0.0,nm
9.66310900000002,71.09479823472758,-0.8180958620111245,83.10983683965509,-0.011582589460865472,-0.10424847096606461,-0.40543071850326734,0.018319186218104296,0.08824393973853323,0.009519347980040756,0.0,nm
9.672669999999982,71.59220429610636,-0.8332229112659252,83.17533238313999,0.03229113866276124,-0.11346860167419746,-0.38009504224751545,0.014894287793134845,0.09851726714631868,0.014551172639979728,0.0,nm
9.691679000000022,72.49296473762804,-0.7533476823964521,83.32729741148924,0.05699168286273004,-0.09163942765332014,-0.3720484302679323,-0.0018719340250442497,0.08426164830491618,0.015445551322878014,0.0,nm
9.701208000000008,72.86759215145432,-0.6718919501232041,83.37857982854592,0.09169248356905106,-0.08882010546367011,-0.32962584581116616,-0.00752658333107242,0.07639373072551413,0.011196315693156628,0.0,nm
9.71073100000001,73.12941175820258,-0.5769290940647992,83.40941154723151,0.08546569809189435,-0.08219322360302471,-0.311804747976797,-0.012864406201013307,0.05426301784074688,0.006737199841858949,0.0,nm
9.720204000000024,73.29955034418786,-0.48242103237524553,83.4302755384165,0.07676774551862206,-0.08464301180645832,-0.2871151026404827,0.0,0.0,0.0,0.0,nm
9.758271999999977,73.64545621589674,-0.21598242276903545,83.57122530519023,0.01138869938896359,-0.09393339015344947,-0.2026883737519497,0.0,0.0,0.0,0.0,nm
9.767753000000027,73.75170698161308,-0.1554790109157982,83.63604701834726,-0.002158544149380081,-0.0930386977943186,-0.19688500285411856,0.0,0.0,0.0,0.0,nm
9.777299000000028,73.88666428573427,-0.0842912620096433,85.5695078425311,0.01808997645189521,-0.09021960830431412,-0.18434177317273068,0.0,0.0,0.0,0.0,nm
9.786823000000027,74.04433092497639,-0.0007328621427933774,87.45938910935423,0.04641760978625277,-0.08853113673193883,-0.17591890477411357,0.0,0.0,0.0,0.0,nm
9.805690000000027,74.36367420540553,0.16399828030681832,91.0335057596384,0.0481204898293156,-0.07117888885426944,-0.1671068008473345,0.0,0.0,0.0,0.0,nm
9.824658,74.594110154868,0.23241104176188337,94.33908369890159,0.04819842898158631,-0.056541645713555445,-0.1586450226962711,0.0,0.0,0.0,0.0,nm
9.834221000000014,74.68485391666825,0.20319648337596286,95.89861424556176,0.04791980791580455,-0.0648696279580393,-0.14946818617054777,0.0,0.0,0.0,0.0,nm
9.843731999999989,74.7603182906098,0.13750210723578662,97.42252684106394,0.047366425823578265,-0.08277311040952778,-0.13294362105863675,0.0,0.0,0.0,0.0,nm
9.85321700000003,74.81133702890484,0.061559190016070374,98.93045688807521,0.04921646397264385,-0.11158960307509769,-0.11515627183714344,0.0,0.0,0.0,0.0,nm
9.862713999999983,74.83988883040618,0.0024780633939365097,100.41611963103814,0.0535359117876089,-0.13872415490969506,-0.10175885335700928,0.0,0.0,0.0,0.0,nm
9.872235999999987,74.86452944499064,-0.02263206610422517,101.87953930256819,0.05651965060057813,-0.1478055687102967,-0.09205452841793266,0.0,0.0,0.0,0.0,nm
9.881790000000024,74.89715043844964,-0.008818989182857733,103.34751100986959,0.08385702365210397,-0.1312145441625155,-0.08377614831767836,0.0,0.0,0.0,0.0,nm
9.900803999999994,75.00752921977538,0.07804608129650864,106.23403141662195,0.08144263338428184,-0.09112541358328337,-0.08429993564314385,0.0,0.0,0.0,0.0,nm
9.910270000000025,75.06464537896478,0.0995839814307216,107.62394957228445,0.07966434488327798,-0.06750121147949348,-0.08940939698808202,0.0,0.0,0.0,0.0,nm
9.91985299999999,75.06119971245923,0.1729606229722546,108.97825322444017,0.04948140434897716,-0.06241660719841614,-0.09907194921822979,0.0,0.0,0.0,0.0,nm
9.929370000000006,75.04763737171568,0.20540214676746069,110.30086648131912,0.07737370157673953,-0.05453503177848674,-0.09094514850935319,0.0,0.0,0.0,0.0,nm
9.938879999999983,75.03409505999745,0.22596270716630842,111.58689889638148,0.08324228523396089,-0.06998989702066813,-0.08701522760956537,0.0,0.0,0.0,0.0,nm
9.948426999999981,75.00076697695098,0.2733216655895218,112.8423999366846,0.10402435413041815,-0.09220315381024369,-0.06642816039052078,0.0,0.0,0.0,0.0,nm
9.957949999999983,74.91615901061189,0.37830966060097,114.08201345743417,0.12604698791068428,-0.10811280745330701,-0.05050184279426074,0.0,0.0,0.0,0.0,nm
9.967456000000027,74.79381083435435,0.5505949473923533,115.3180216197219,0.1358187727309762,-0.11286044841856632,-0.03865893103054653,0.0,0.0,0.0,0.0,nm
9.976962000000015,74.65847655822962,0.7693411945672738,116.53796513281762,0.1301488835065762,-0.10230849440514672,-0.025989899190215333,0.0,0.0,0.0,0.0,nm
9.986488000000008,74.52276255760867,0.9971652081905376,117.73871226675752,0.10979292077735078,-0.07970609834677685,-0.025691151211246998,0.0,0.0,0.0,0.0,nm
9.995943000000011,74.4064479989013,1.18240933686054,118.92329947469821,0.07959618972146382,-0.05020882260015644,-0.02846465469326024,0.0,0.0,0.0,0.0,nm
10.005453999999986,74.31508499965167,1.2910861072270001,120.08544988073695,0.06015838209674279,-0.021320614601798522,-0.027373530350076475,0.0,0.0,0.0,0.0,nm
10.014966000000015,74.24800140622361,1.3150493374063337,121.21849640272649,0.053970281979491073,-0.0033375480891905274,-0.025506147379134408,0.0,0.0,0.0,0.0,nm
10.024523999999985,74.21089056559325,1.2876365236558345,122.29678348676782,0.0633641659656656,-0.008411236713468358,-0.021501459574913385,0.0,0.0,0.0,0.0,nm
10.034037000000012,74.20561614326799,1.2522178629302299,123.33282975113097,0.07799012692493282,-0.027845321264357754,-0.016931731692462645,0.0,0.0,0.0,0.0,nm
10.053062000000011,74.22670785019676,1.3563944045415322,125.43560923433903,0.12309296253640677,-0.07943342106769481,-0.0167872694834426,0.0,0.0,0.0,0.0,nm
10.062752999999987,74.2332323895704,1.5305424262826006,126.46005693293533,0.13850236731985435,-0.0906687668537782,-0.02250836602785115,0.0,0.0,0.0,0.0,nm
10.091227000000003,74.23916824520958,2.197871001656151,129.54734202099885,0.07429603663835192,-0.056484190963155975,-0.07212733929809084,0.0,0.0,0.0,0.0,nm
10.100757999999985,74.24632454117283,2.3298651983187284,130.60237635821937,0.05450513241052325,-0.0263775891112054,-0.08365543771357424,0.0,0.0,0.0,0.0,nm
10.110261999999977,74.24518633782522,2.3879795192703326,131.645779983908,0.06004486650001214,0.01071005483811302,-0.08456408780768053,0.0,0.0,0.0,0.0,nm
10.119807999999978,74.23970059212897,2.3931577288682533,132.65611784129732,0.0411502115379959,0.03290852214408634,-0.08808230462831461,0.0,0.0,0.0,0.0,nm
10.129329999999982,74.20753566304955,2.3853364825835475,133.59917519906665,0.06780548640964551,0.015464363262811864,-0.08353123485906182,0.0,0.0,0.0,0.0,nm
10.148310999999978,74.02552259417475,2.4917802889517446,135.2890950032565,0.11591094974225245,-0.003045385973503454,-0.07462519005922247,0.0,0.0,0.0,0.0,nm
10.157820000000015,73.88305781634031,2.6380907752088305,136.09365107180633,0.1297167652234679,-0.014774294467458569,-0.07563458900734932,0.0,0.0,0.0,0.0,nm
10.176846000000012,73.49205602238938,3.002776869187388,137.6857154982684,0.13100368689861736,-0.004377311343659016,-0.07593080381748109,0.0,0.0,0.0,0.0,nm
10.186395000000005,73.28314004732391,3.1558731071882806,138.49845696876028,0.11655767398482307,-0.002838469190127725,-0.07368715516602926,0.0,0.0,0.0,0.0,nm
10.195910000000026,73.07315420040312,3.255657599015353,139.33740504623566,0.10056569799652157,0.0064853789003353444,-0.06738672402430955,0.0,0.0,0.0,0.0,nm
10.205376000000001,72.86680492598084,3.315069538841171,140.17352958417976,0.0898235263325733,0.013145242986512881,-0.05856472577370683,0.0,0.0,0.0,0.0,nm
10.214898000000005,72.68474179642955,3.36413486493985,140.99252874489935,0.08011445510129513,0.005890726118603362,-0.050378073152258465,0.0,0.0,0.0,0.0,nm
10.224390000000028,72.52206686552961,3.426607028564713,141.78885720498047,0.07452166668327506,-0.001018785690213222,-0.04561613242350968,0.0,0.0,0.0,0.0,nm
10.233945000000006,72.36866600828306,3.527871278422522,142.55041431682918,0.0636527716340581,-0.024934369862000864,-0.05556110841175403,0.0,0.0,0.0,0.0,nm
10.252925000000005,72.0714643187373,3.8593465034115684,143.98076522282864,0.07503320222691678,-0.024935319687710514,-0.06912692887469761,0.0,0.0,0.0,0.0,nm
10.262483000000032,71.9070929731158,4.0458945113357485,144.66318461673387,0.09184126126454331,0.013289592775216125,-0.06962189771133981,0.0,0.0,0.0,0.0,nm
10.27194000000003,71.7358952651163,4.208559851008734,145.35845145493332,0.08198145932082344,0.024369649692676208,-0.07958998734076878,0.0,0.0,0.0,0.0,nm
10.28144900000001,71.56421680611952,4.332879294949828,146.07132363366725,0.06763082099391546,0.02837023187984974,-0.0915904029458958,0.0,0.0,0.0,0.0,nm
10.290997000000004,71.38250314534852,4.413525400546965,146.79660797002788,0.03903650405946063,0.04594965635084269,-0.09717740298455535,0.0,0.0,0.0,0.0,nm
10.300524999999993,71.1835404983775,4.4650929921236076,147.50007516323834,0.03903265298986608,0.0471228503576968,-0.0973353925829666,0.0,0.0,0.0,0.0,nm
10.309986999999978,70.97731236097155,4.518661609283842,148.17232035336997,0.02616378516148076,0.026439790222487183,-0.10485069759283872,0.0,0.0,0.0,0.0,nm
10.319487999999978,70.81550261009048,4.5624796499916425,148.82097790563952,0.026592410794728284,0.027482556980124515,-0.10680757505431576,0.0,0.0,0.0,0.0,nm
10.328998000000013,70.63472737221844,4.633556089844252,149.41220099708065,0.059912044737981035,0.010479806585063917,-0.10902797647382259,0.0,0.0,0.0,0.0,nm
10.33851500000003,70.44321808392668,4.733547671961235,149.95828498110197,0.0729183828704803,0.0072905373196513945,-0.11601763290917583,0.0,0.0,0.0,0.0,nm
10.348028999999997,70.24095520478937,4.853589543878506,150.49683589701786,0.08179612075368103,0.006857461159187027,-0.12345954541046522,0.02333663777511205,-0.040765540751321494,-0.023687879339710307,0.0,nm
10.357467999999983,70.02248416100579,4.976297561973067,151.02102993216488,0.0831963547552841,0.011738225293060857,-0.13381146100575042,0.026270848431644147,-0.04257986575857482,-0.021656936650769617,0.0,nm
10.367024000000015,69.78363943991087,5.082272521589394,151.5347091197025,0.083752068203256,0.04249792639187272,-0.12963555029074064,0.03180999122339848,-0.04132850098531062,-0.018554527330768684,0.0,nm
10.376546000000019,69.52391246541295,5.163220883398238,152.06302719342918,0.03683546959357133,0.04165379460668245,-0.14417882956819916,0.038202245320287626,-0.03855594438334802,-0.01380213459791081,0.0,nm
10.386013999999989,69.25012001442173,5.220317056714537,152.6017096051863,0.037029370137571405,0.04274428983881416,-0.1445413339170134,0.04323956680606733,-0.03524463914001444,-0.010504478073398124,0.0,nm
10.405072000000018,68.68756999099658,5.299237697055254,153.63233031986573,0.01099506140442884,0.056437954062224856,-0.14415085212173062,0.047031930642472804,-0.03183385597366168,-0.0167295512630367,0.0,nm
10.424101000000007,68.0853235957183,5.4288474305688075,154.44799907553684,0.0535729977883318,0.08161465274458032,-0.1381625258402546,0.04909327474376535,-0.04047062299096229,-0.03293122720920956,0.0,nm
10.443116000000032,67.43448831083604,5.650230969501867,155.09460116042845,0.06450933961278273,0.1023700251036512,-0.1556566445791828,0.04981177754176317,-0.04942631392670212,-0.041851487119027954,0.0,nm
10.452589999999987,67.08514470892523,5.772624166559399,155.39590575768668,0.06876219284945936,0.11102475249719233,-0.1611807195989117,0.05318933494921807,-0.051144975481665716,-0.03994338957807634,0.0,nm
10.462083000000007,66.70130014689934,5.877255644385629,155.70450803101454,0.07225164184628312,0.11900141392511397,-0.16408265734841687,0.06117472194982414,-0.050429141051322415,-0.03670796816602193,0.0,nm
10.481157999999994,65.82898574922378,5.988564037211336,156.36625615324024,0.06851920283001739,0.11173751540673109,-0.17137805368544423,0.07880765518752032,-0.04265755257343412,-0.030132460558913738,0.0,nm
10.500162999999986,64.87589880595274,6.0152194822058345,156.98880450457887,0.06604075361585386,0.11237971605817931,-0.1599589666511733,0.08827535526994403,-0.039855180584404654,-0.031513965927620284,0.0,nm
10.50970000000001,64.3758504007666,6.045969204767805,157.2757780339003,0.0666177275844204,0.11722638609415731,-0.15259744511240145,0.08956453141696182,-0.043952496614859865,-0.03585481879488298,0.0,nm
10.52871399999998,63.312671519820285,6.202638896153096,157.68784332000385,0.07336383741960158,0.13602472526070625,-0.1493255635455854,0.09284343078608828,-0.05819036220366473,-0.04655968256873401,0.0,nm
10.538229999999999,62.74960225736918,6.316352868133122,157.84575042640992,0.10559407915110325,0.13366616663131856,-0.14440295142119208,0.09538960231576957,-0.06309141025253873,-0.047928585893340175,0.0,nm
10.547743000000025,62.15845482638088,6.436862866134426,158.01532118663118,0.10928887286979334,0.13379805019577595,-0.14442587415131747,0.10022278920846553,-0.06615635783454787,-0.0438123819733434,0.0,nm
10.557251000000008,61.53798303818162,6.552066827107789,158.21519732743195,0.10333198281781776,0.12991910946774324,-0.13938333087785915,0.10622244042389362,-0.0669942809086603,-0.036081161304757955,0.0,nm
10.566763999999978,60.8958597405873,6.655810250875432,158.00035093689334,0.09411292188482577,0.11179732788236735,-0.13878526226914276,0.11077810615836829,-0.0668939071287728,-0.028219071874728795,0.0,nm
10.576272000000017,60.25226115739293,6.745354808462993,157.79869867780934,0.07811723081525163,0.06269531769814347,-0.14853612171213917,0.11185368951453939,-0.06476324933354831,-0.025327417785855687,0.0,nm
10.595296000000019,59.01392995105945,6.929573669101255,157.33316702357462,0.04692391997628741,0.06949795892558344,-0.13590107340189028,0.10400395201993899,-0.06495681836251586,-0.03488024717906073,0.0,nm
10.623773000000028,57.25797100700653,7.3150858331939395,156.38377846749125,0.04852675250745199,0.14237630540083335,-0.17228168779799613,0.09862068599597001,-0.06749492319989216,-0.05546247279999534,0.0,nm
10.633334999999988,56.63349181064952,7.3709789225744835,156.0420697131316,0.047750106305093264,0.16981047349091502,-0.18082857757313078,0.10898443077019089,-0.06024968556241186,-0.05241127944604768,0.0,nm
10.642836999999986,55.955991632801165,7.348482989941042,155.74422433176244,0.05838201223813261,0.17740083140478205,-0.1841206861174952,0.12466663829227481,-0.0508282353017671,-0.04223217410772866,0.0,nm
10.652345000000025,55.23110627445701,7.243069361461395,155.4949766510932,0.07268861637163175,0.17286919828698863,-0.1708843005378841,0.1398678650092886,-0.0401927827704637,-0.03144514238729947,0.0,nm
10.66181499999999,54.46466387896935,7.081782385716087,155.28130808363787,0.08698581370627113,0.14317711320176887,-0.1540968801118369,0.15191023327828856,-0.03404242100097221,-0.023618454469093917,0.0,nm
10.671337999999992,53.666176965008965,6.909592915676677,155.07250997201768,0.07408697562426425,0.12123872594076217,-0.1327459135709206,0.15853324034730848,-0.03531854101894256,-0.02230516357790964,0.0,nm
10.718885999999998,49.6740444165608,6.3449445660671335,153.26404870136568,0.07572507518593256,0.11161958898647026,-0.15660665622842881,0.15175249018686585,-0.049464532159685715,-0.06632344881746739,0.0,nm
10.73791399999999,48.035428922133335,6.030754549977682,152.57982382242182,0.13949481541844513,0.08390837328679727,-0.14611580795484327,0.16255532636462927,-0.045536789409872054,-0.04509109512093628,0.0,nm
10.747411999999997,47.189290550680866,5.85703988480533,152.31078205744134,0.13646776615364736,0.04809167168108896,-0.15285410944719813,0.16552337749072993,-0.04710698371858515,-0.036291614918838595,0.0,nm
10.766438999999991,45.472280063770796,5.596624795448641,151.79002539082396,0.08773010994394369,0.0364523244182826,-0.15232965901322185,0.16139170849016346,-0.06056214285906612,-0.03721672039523518,0.0,nm
10.794975000000022,43.004963692409206,5.249290047165304,150.60919778065738,0.044866207485954684,0.14027359634945738,-0.13782734313590103,0.15627485547040718,-0.055464777683282646,-0.07449477867535627,0.0,nm
10.804479000000015,42.14978909505243,5.077420885386001,150.1472319992002,0.10650312826344434,0.1692737086539756,-0.09128913638991647,0.16530237835717163,-0.054363805997614194,-0.07704070148498245,0.0,nm
10.813997000000029,41.23775720468042,4.8668172503094835,149.6946846217688,0.15582412856998934,0.16905101107762002,-0.06284070116254555,0.17861093899052483,-0.0546799511975991,-0.07473633535552678,0.0,nm
10.82358099999999,40.028966199720706,4.7509274318240555,149.2422655811575,0.20115282325116385,0.11482317967467512,-0.05224152659938232,0.1933110930213,-0.05617769726387574,-0.06991651986989361,0.0,nm
10.83304800000002,38.798199059198375,4.668079380471008,148.82476640060742,0.21853398368842564,0.05759245769401536,-0.04086206200013767,0.2062161482971917,-0.062369926362140594,-0.06289733461550635,0.0,nm
10.84260599999999,37.57782030890823,4.6102395605499495,148.44775273150495,0.18823778363476684,-0.004630184887530888,-0.059864277235144786,0.21249782973830383,-0.07243677352266621,-0.05527210555469293,0.0,nm
10.852117000000021,36.406616940323254,4.529974230905728,148.1026836193098,0.12884624285299423,-0.007900521976877387,-0.036404557808677865,0.2098185488740666,-0.07988395554072043,-0.050089034780941614,0.0,nm
10.871136999999976,34.317414169268424,4.058826151144784,147.44878586835944,-0.051298563654527334,0.04863925033459346,-0.06354637417992101,0.19142826943065583,-0.06748609106993482,-0.0506821052495695,0.0,nm
10.890162000000032,32.48757588940146,3.0005907838545625,146.84726677245325,-0.0957841304908848,0.1878446870370654,-0.013849066696636237,0.17035906945434573,-0.021980246308363073,-0.04620817433447437,0.0,nm
10.899676,31.60594424644363,2.394320346656936,146.5957381924831,-0.032683584357365826,0.18931469412827331,0.007174408789722646,0.17277786824299834,-0.002310215092448702,-0.042074310985987524,0.0,nm
10.909185999999977,30.710466691682175,1.7923755879253334,146.33749306606526,0.04283004872192185,0.13604134094649722,0.004953716633038944,0.18612276878599318,0.010965752525082771,-0.045024357811809836,0.0,nm
10.918701999999996,29.774448779136286,1.2595573220120786,146.05654538198368,0.09856502108610367,0.0733798873104493,-0.0030390223097476097,0.19886231177757516,0.006333042976330151,-0.051024124640521064,0.0,nm
10.928208999999981,28.817242831405128,0.859008602774735,145.75497028587483,0.12301987480823265,0.0072589265246807535,-0.039927512413027964,0.20262595018232146,-0.012858277844464272,-0.05655020416189713,0.0,nm
10.956680000000006,26.217817895491578,-0.45321415731909676,144.8327627934757,-0.022990112374416345,0.05451166402997377,-0.12717368212120628,0.18549877324342423,-0.005012646671823271,-0.05375017965624106,0.0,nm
10.966236999999978,25.500689078998693,-1.1619002450574099,144.6766360332161,-0.00036326540290325464,0.09146427270750584,-0.08473376999631088,0.17705981189738476,0.03299008846344013,-0.03322152297298253,0.0,nm
10.975751000000002,24.837528638759025,-1.9458218472966986,144.63801884652392,0.06467111005109183,0.09423233476259892,-0.0528629924247525,0.17923422476251147,0.07124258309525629,-0.011087541269304071,0.0,nm
10.985273000000007,24.191109148975766,-2.6519760301888526,144.69127638200146,0.21502978731729822,0.03947113365695211,0.022646484297544206,0.17886498934599704,0.08661318667443509,0.005886004239921283,0.0,nm
10.994782999999984,23.5390135234004,-3.097470053673704,144.76732815217807,0.3420436057305676,-0.04366164046608803,0.026643608756546772,0.16711069781702623,0.0689917519164935,0.00918839503880927,0.0,nm
11.013684000000012,22.482388272411672,-3.900636488712497,144.60800461637868,0.42890358129157446,-0.058054218395507035,0.0725905804021311,0.12088525016437661,-0.021053237647083327,-0.0366999207949377,0.0,nm
11.023150999999984,21.8496363483959,-3.9059198745227657,144.35584826756883,0.3459291229104627,0.018207195797944827,0.04583574249120277,0.10353029687592552,-0.07258843151941533,-0.05909771667936309,0.0,nm
11.032871,20.907370248337315,-3.6494058646461114,144.0919226250543,0.22500796261076778,0.10318129039958616,0.02657728547588308,0.10095470674796832,-0.10388557419927917,-0.06515302777671125,0.0,nm
11.04222500000003,19.897066603319203,-3.5372005495410814,143.88472509544448,0.12444231886408048,0.1665415909098963,0.03829231437137583,0.11654144716449974,-0.10839520723517306,-0.05417197540467102,0.0,nm
11.061129999999991,18.035133071183267,-3.716371299877109,143.794919349369,0.14077344219668741,0.03238439205176407,0.1038426756841171,0.15635962468614079,-0.07755290619057502,-0.01007567584988033,0.0,nm
11.080188000000021,16.443056754041283,-4.0115552834585895,143.79009147682422,0.3003051002673287,-0.2207284348963768,0.17401439340177982,0.13450880377675167,-0.07091716616550793,-0.018521632506131126,0.0,nm
11.089701999999988,15.799731155733664,-3.9503730939160713,143.59946429562336,0.32830829315236043,-0.24998107767940597,0.21783367198961104,0.09633346799016974,-0.08597875972036581,-0.04710151801929163,0.0,nm
11.108719000000008,14.885204348900272,-3.3234753801298575,142.8459287384957,0.1958359634362458,-0.03877723222036846,0.3188363771209598,0.019305281623174467,-0.1095076285278629,-0.08761533016447294,0.0,nm
11.137250999999992,13.797499480896496,-2.3575714663032676,142.17753891998458,-0.14880890273880162,0.2522368316704085,0.34183064546110953,0.03723744906929169,-0.07619262516509544,-0.019493207043859408,0.0,nm
11.146763000000021,13.38005426641868,-2.3763430132507284,142.17025069310858,-0.14808617489915663,0.21917681269975867,0.356681868418297,0.06829013155427865,-0.04826110730621578,-0.004911333359266636,0.0,nm
11.156274999999994,12.932710793899123,-2.559260620860629,142.1315119519403,-0.08855670362747836,0.1061257666832337,0.36055565680836527,0.09316307505651374,-0.025995023711108668,-0.011607839340841558,0.0,nm
11.175297,12.029032816873416,-3.1333855337401646,141.66238907350873,0.11091595008076563,-0.0951169160118552,0.36319988789161894,0.10608448663811623,-0.00824646452338365,-0.06592893257530612,0.0,nm
11.18480199999999,11.606821911175054,-3.3654848818445164,141.28333927697577,0.15989186036152916,-0.12200308773272779,0.3488540671560053,0.09500998075416364,-0.01621834445374807,-0.0806591890851647,0.0,nm
11.213336000000027,10.139380937874725,-3.67091127388999,140.7691109936825,0.05068394639394483,0.030539659392938085,0.310880506802595,0.09231860865520458,-0.06267639926981533,-0.005096498000445046,0.0,nm
11.222860000000026,9.551276513046009,-3.701122220777724,140.9358031681197,0.046251450127312424,0.026646413312016337,0.2955653831583428,0.09497858545247201,-0.06951809807040979,0.025792813664770868,0.0,nm
11.232366000000013,8.97903532011801,-3.7960053932519506,141.14196215015414,-0.003841645422381771,0.018372407493013648,0.2919022598668445,0.100876840202687,-0.057138070105793776,0.03377233601523675,0.0,nm
11.241878999999983,8.429378929876222,-3.986029885546057,141.26260400091584,0.021084250563260097,-0.009428570608540084,0.3206881670560868,0.10944804748331961,-0.03915865452638074,0.01668011372760558,0.0,nm
11.251547000000016,7.91619539548197,-4.235381410739548,141.22058796136147,0.06547140083027121,-0.050947412964943865,0.30142153084888085,0.11121093519709767,-0.025236924228108516,-0.01577364955572497,0.0,nm
11.260857999999985,7.439098763199504,-4.534130983873076,140.99624893894494,0.1310930413980536,-0.1071599004515578,0.2828582268464692,0.11172839600515048,-0.013246610315349476,-0.052204556240460186,0.0,nm
11.270408000000032,6.977334800387199,-4.8580168725573944,140.64004441342175,0.17542691661582457,-0.13246816300871045,0.2729981904954381,0.11243790059144933,-0.00795012580556509,-0.0788644201702792,0.0,nm
11.279922999999997,6.518498617217355,-5.132299221967366,140.25621651569352,0.19856768346509565,-0.12362838828041271,0.25945840565657624,0.10557624813733384,-0.01593880344982283,-0.08482529945183274,0.0,nm
11.289424999999994,6.045346287673548,-5.3063240495600486,139.9511742492966,0.1667728313821124,-0.1464834506868295,0.23862503721689007,0.09476401994863938,-0.03379021582919263,-0.06967607738689277,0.0,nm
11.327518999999995,4.296726249385475,-5.494039419951282,139.91069559683854,-0.019877570919673602,-0.18588670711688285,0.1166800343477908,0.053663341313759896,-0.04170465648580614,0.007495454397434485,0.0,nm
11.337036000000012,4.0869236091778705,-5.540911342926899,139.88577865625345,-0.022524022923616993,-0.1892461330499096,0.11437304512853898,0.0,0.0,0.0,0.0,nm
11.346548999999982,4.0153374989385044,-5.607831889368849,139.71876187740514,-0.00590663131589656,-0.16187568255545204,0.11202777226861661,0.0,0.0,0.0,0.0,nm
11.365594999999985,4.234125590688903,-5.693459316727929,139.07821277881536,0.058227684929420265,-0.03815065993835022,0.11955202486146158,-0.019274281897033136,0.025113731685721022,-0.06665770322055116,0.0,nm
11.38455399999998,4.626752981910169,-5.646958686608557,138.5592949688909,0.04804835533209155,0.06703613454272227,0.17737772821169553,-0.03511897832618311,0.018575713416227654,-0.037196552363230766,0.0,nm
11.39409999999998,4.769918965383265,-5.5726332262524085,138.48289575370046,0.04409026955560064,0.08580425553948204,0.19232339413212288,0.0,0.0,0.0,0.0,nm
11.403576999999984,4.84453991058029,-5.5116012450263945,138.4954365666106,0.041325510431932035,0.07990419071479168,0.1866308035346013,0.0,0.0,0.0,0.0,nm
11.413139000000001,4.8553199285974165,-5.477779130527202,135.89320215735046,0.06348975542416331,0.03893421275135209,0.19281273940490132,0.0,0.0,0.0,0.0,nm
11.422646999999984,4.8121830117332625,-5.458732526082774,133.3147998254141,0.0513864569061347,0.025792866478324197,0.17250193088288618,0.0,0.0,0.0,0.0,nm
11.432108000000028,4.739358251926613,-5.458145412750034,130.70189847754378,0.06306297099280675,-0.00466070769336063,0.15192108509668192,0.0,0.0,0.0,0.0,nm
11.44167600000003,4.655820483560706,-5.472618151357124,128.02302293358403,0.0678768274108192,-0.01324418630239425,0.1333865597585941,0.01256975753534435,-0.011308368719387103,-0.05111787863058561,0.0,nm
11.460614000000021,4.497461394866455,-5.446388787648447,122.83183302789737,0.0902558489947017,-0.022199891040579393,0.37691173412559725,0.0034521599783532042,-0.01622884785242086,-0.05632310830509385,0.0,nm
11.470121000000006,4.237482724827845,-5.365219816835633,120.35118243130562,0.08094453038044408,-0.16716136724302072,1.9714777703217865,0.01225866239445763,-0.05292871512736069,-0.04472860404190137,0.0,nm
11.48914000000002,3.5299194013138226,-4.957353674651552,115.9981244075125,-0.3434262668673031,0.05716257246592986,-0.4425031536517576,0.0,0.0,0.0,0.0,nm
11.508178999999984,3.040558230400602,-5.079344433310744,112.38806170593563,-0.2139732407304101,-0.09289877204685888,-0.5181863273821621,0.05162682957450904,-0.03970776715208076,0.026334200565332803,0.0,nm
11.517635999999982,3.227680979641806,-5.290718421835432,110.71654306810245,-0.17391779054453138,-0.2868706612629836,0.3780942913619428,0.02648562605248276,0.04984051466828676,0.04567446557925674,0.0,nm
11.527186000000029,3.5525319381051617,-5.3373234861443315,108.95725376514802,-0.03598313494483584,-0.2982980397872593,0.2731872120324548,-0.012111754616701217,0.06432444072861969,0.04434240232104476,0.0,nm
11.536697000000004,4.11699422290855,-5.296527753557513,107.12173164506186,0.040502231851310626,-0.30187277664248136,0.11500000304596854,-0.04084203126431964,0.10521769218230093,0.0340926166840423,0.0,nm
11.546222999999998,4.735764681861625,-5.2836233283004495,105.21335722995057,0.05135872701504965,-0.1888574962578716,-0.018099631940800314,-0.03487149095974373,0.11840406473167225,0.012566730840786123,0.0,nm
11.565267000000006,5.447911261476887,-5.0743852120497825,101.3333017278335,0.1812081852986285,-0.028745231213785322,0.004973223484723487,-0.0369724928121091,0.052079315326093424,-0.013693077936107523,0.0,nm
11.574770000000001,5.600554964866502,-5.068855012285143,99.51578278009654,0.22268005397632815,0.026353905253118568,0.12200745110895368,0.0,0.0,0.0,0.0,nm
11.584274999999991,5.6674346118155245,-5.164645229786393,97.86154498073614,0.2543387574842044,0.08038539845751941,0.08378067410197292,0.0,0.0,0.0,0.0,nm
11.59383600000001,5.742200196253749,-5.231095025538984,96.27806321993297,0.24069627016030465,0.05126246631201618,0.007133828831462335,0.0,0.0,0.0,0.0,nm
11.61283000000003,5.860058867212466,-5.502993767764138,93.37339747502132,0.22104494442340816,-0.06370052486674693,-0.029745605107032832,0.0,0.0,0.0,0.0,nm
11.622333000000026,5.868060046280805,-5.6588399158705025,91.85244293771166,0.21921696334008225,-0.1143725047742673,0.09365346922833838,0.0,0.0,0.0,0.0,nm
11.641413,5.220498138502763,-5.49471784254488,88.92933900608926,0.1998673223558048,-0.15752820624314953,-0.0032713172890357434,0.0,0.0,0.0,0.0,nm
11.650926000000027,4.887919668373251,-5.487395862212361,87.35842871644654,0.1638107266261067,-0.11703174745603133,0.005302125783930272,0.0,0.0,0.0,0.0,nm
11.660444999999982,4.542279784532794,-5.443682034231324,85.8783193597245,0.13053666581487708,-0.0911591005264578,-0.018683930307799346,0.0,0.0,0.0,0.0,nm
11.669940999999994,4.240069878545996,-5.3604818709556525,84.56507973641757,0.0801148131687247,-0.09218431915291195,0.024770158461742485,0.0,0.0,0.0,0.0,nm
11.679452000000026,3.986174445742446,-5.323165337402156,83.30986261529269,0.026278395425278142,-0.07015647965318066,0.019694862402564704,0.0,0.0,0.0,0.0,nm
11.688966999999991,3.7858806072296884,-5.308679812533372,82.13930637442323,-0.0029943101326062077,-0.05822276707088526,0.07043775527871139,0.0,0.0,0.0,0.0,nm
11.698472999999979,3.7095630910396387,-5.27370064620578,80.85280429480248,-0.009572456404222175,-0.059449230020373514,-0.005558098110929012,0.0,0.0,0.0,0.0,nm
11.707993999999985,3.736064947477383,-5.264964484586257,79.36305069072432,-0.042148117598916325,-0.06351583649311243,-0.004521773812442061,0.0,0.0,0.0,0.0,nm
11.717493999999988,3.8279006910806035,-5.319438775656787,77.90838689486294,-0.014785932734872517,-0.052254822679905576,-0.05775888626725862,0.0,0.0,0.0,0.0,nm
11.727003000000025,3.9855052130304776,-5.359747747395437,76.5393561979301,-0.015718598606062346,-0.06567136618065075,-0.006335255448558216,0.03109398710412348,0.030110706082826316,-0.025563940668953438,0.0,nm
11.736520999999982,4.133836821649968,-5.358402293510916,75.20571290925555,0.04277755579596409,-0.10777844926526972,0.022906743058200098,0.03059742228167718,0.03791061984861338,-0.02182618534143823,0.0,nm
11.745999999999981,4.2791834875944526,-5.352540076674573,73.95913071273097,0.06895847398321157,-0.13188987872905797,0.049748982992422544,0.034620454502359496,0.042679881884051855,-0.010025336633735784,0.0,nm
11.755511000000013,4.403815142780708,-5.321545282396027,72.78005520466522,0.07955805774766207,-0.14190376022117163,0.049352112635257496,0.031255787524781586,0.042306535640294365,0.004090739284401072,0.0,nm
11.774557000000016,4.514712264610941,-5.108095155957986,70.51364934498787,0.07428516308855387,-0.15040768009082098,0.007190159837724714,0.0,0.0,0.0,0.0,nm
11.793587000000002,4.473929605901441,-4.958432966703348,68.13876448075821,0.0798716410608321,-0.10122869293229553,0.06436773323540132,0.0,0.0,0.0,0.0,nm
11.812608000000012,4.34644209971018,-4.948550733059043,65.54367985241575,0.0773374331077994,-0.03746908856044542,0.024133859881357075,0.0,0.0,0.0,0.0,nm
11.822119999999984,4.277708009253583,-5.02859330601932,64.21940675807201,0.06651736424139597,-0.03159180507752497,-0.005486763361106707,0.0,0.0,0.0,0.0,nm
11.831811000000016,4.236659546144827,-5.095373527696263,63.09904886235763,0.03361265357510192,-0.05673773730087458,-0.007294171611633989,0.0,0.0,0.0,0.0,nm
11.841328000000033,4.222421881200422,-5.1300426551170215,62.16678947127362,0.003357969045900867,-0.08570901109607469,-0.009850127599339436,0.0,0.0,0.0,0.0,nm
11.85083400000002,4.259848859280792,-5.134023305502724,61.35875228379592,-0.02692505176564446,-0.1136270698492711,0.03508035411075509,0.0,0.0,0.0,0.0,nm
11.86030599999998,4.346989038814484,-5.082074656744005,60.50052667494589,-0.0641034178680966,-0.11948373905441284,0.028128410177270295,0.0,0.0,0.0,0.0,nm
11.879368999999997,4.650973007318731,-4.845610578221205,58.65391241734746,-0.06340510692111714,-0.1040943648724311,-0.010332649421623598,0.0,0.0,0.0,0.0,nm
11.888835000000029,4.834480599290982,-4.74994039053035,57.64603804829321,-0.007139535542779559,-0.08911324442485893,-0.010108085263501761,0.0,0.0,0.0,0.0,nm
11.936390000000017,5.560042693970976,-4.790287929387583,52.48259431677125,0.04361214963952506,-0.09865315521158187,0.01672727575634002,0.0,0.0,0.0,0.0,nm
11.945947999999987,5.639025013219236,-4.800860681182342,51.668048284143154,0.011010908142029699,-0.13029646647317433,0.03031996393154827,0.0,0.0,0.0,0.0,nm
11.955429999999978,5.706252131642591,-4.775102552589528,50.79667649507692,-0.017448719685116413,-0.14723507178781597,0.04902639203552551,0.0,0.0,0.0,0.0,nm
11.964922999999999,5.7626071937586,-4.700139136379795,49.86153711321219,-0.03472283441778444,-0.14669818142984292,0.040390705563042,0.0,0.0,0.0,0.0,nm
11.974486000000013,5.819828311913768,-4.590985768278124,48.96962709946854,-0.037525205111072595,-0.12884773673689465,0.016909611054769128,0.0,0.0,0.0,0.0,nm
12.00300900000002,6.107664735909131,-4.333132623207994,47.35868329412504,0.0003231057021669238,-0.04353893572089356,0.023334325015048576,0.0,0.0,0.0,0.0,nm
12.012518,6.271973898148739,-4.301793089840237,46.70345938024207,0.0007802363796584517,-0.0035516050799084117,0.027250623846594414,0.0,0.0,0.0,0.0,nm
12.02202699999998,6.475829054222457,-4.304068479815461,46.14980919646635,0.0,0.0,0.0,0.0,0.0,0.0,0.0,nm
12.031498,6.709083161943237,-4.317188420592954,45.54001023253635,-0.002463302157744332,-0.03974371592779517,-0.005348180194204367,0.04370690014834794,0.030970077284143145,0.006087380908273736,0.0,nm
12.041059000000018,6.955217161659648,-4.318773138709665,44.639747010395084,-0.01573294715610938,-0.06729465606336284,-0.008921819334153798,0.05051463890860845,0.030961445213126118,0.0002874042934479022,0.0,nm
12.050569999999993,7.193891399287393,-4.303106317699375,43.708882548301354,-0.023653767222051515,-0.10192032169641616,0.0230030079378651,0.054347013290097716,0.030091544282670298,-0.006502284570621388,0.0,nm
12.060026999999991,7.408317184264943,-4.258104391764819,43.63753464337737,-0.025039853047343786,-0.1279844285383203,0.0414924113344201,0.05192995913921445,0.030761850002989075,-0.011132901980511586,0.0,nm
12.079050999999993,7.733668763170525,-4.057885017747254,43.524164406941935,-0.01654062906116616,-0.14052286690544205,0.036279168549923184,0.0,0.0,0.0,0.0,nm
12.107540000000029,8.063542167521788,-3.738002808025328,43.55395276760026,0.00802960960055622,-0.06507211565514014,0.023514081767206308,0.0,0.0,0.0,0.0,nm
12.117032999999992,8.176026730891845,-3.6832455104839106,43.565243110413796,0.02529691899187373,-0.0296305332888366,0.03248043816683858,0.0,0.0,0.0,0.0,nm
12.126595000000009,8.30386588085017,-3.6644528139351515,43.54499036533316,0.001976037764789767,-0.005459851247349418,0.03636748958755985,0.0,0.0,0.0,0.0,nm
12.136077,8.44385080598863,-3.6622028745955273,43.49013260838491,-0.019298721972742402,-0.025190909699312026,0.031703313925947496,0.0,0.0,0.0,0.0,nm
12.145583999999985,8.589497641423623,-3.6578429735269182,43.41182846774364,-0.035940965347085005,-0.03936460572244088,0.02244562455725457,0.0,0.0,0.0,0.0,nm
12.155095000000017,8.72856778575828,-3.6396116022342895,43.32963607197114,-0.030547239777399114,-0.07842036977159283,0.018136842687262133,0.0,0.0,0.0,0.0,nm
12.164647000000002,8.859466726937788,-3.590068313800906,43.266261901007006,-0.038625667879003865,-0.10018934361706722,0.024159584459391724,0.0,0.0,0.0,0.0,nm
12.174153999999987,8.992987368473711,-3.4968672380380603,43.23409442247769,-0.049156751298615936,-0.11231789819842283,0.032646574305690276,0.0,0.0,0.0,0.0,nm
12.183670000000006,9.117848019722024,-3.3749969732249565,43.229373044283285,-0.04909192275493364,-0.11191138587843363,0.03554459211884797,0.0,0.0,0.0,0.0,nm
12.193130999999994,9.23822942706791,-3.2379070411553084,43.239403806801676,-0.040713614687776414,-0.09888998891780322,0.030206056907240878,0.0,0.0,0.0,0.0,nm
12.202694000000008,9.35861299900256,-3.1074508175031244,43.24736057982225,-0.024578480872482503,-0.07604067697065267,0.02802051515852311,0.0,0.0,0.0,0.0,nm
12.21215699999999,9.473784217908777,-3.001683051999002,43.23852093468351,-0.005369767947918245,-0.056014184371434385,0.02034492982296406,0.0,0.0,0.0,0.0,nm
12.221705999999983,9.583602489966136,-2.942499652858113,43.20616071372817,0.025792440639284528,-0.02917928260949365,0.02289619750583675,0.0,0.0,0.0,0.0,nm
12.231037000000015,9.683476066102314,-2.925400590049298,43.15578636751898,0.028391037926246285,-0.032343039384736316,0.027610630919728325,0.0,0.0,0.0,0.0,nm
12.240558000000021,9.766205143327843,-2.9305504308637453,43.10042093609468,0.032200341757885935,-0.03658615265416894,0.029051998981283883,0.0,0.0,0.0,0.0,nm
12.278734999999983,9.961984340499873,-2.765587981573843,42.99965213078251,-0.06252825074112617,-0.11166091239944795,0.030947728696019135,0.0,0.0,0.0,0.0,nm
12.288114000000007,9.982741053895722,-2.633701202823752,42.98781434040683,-0.061289722830616976,-0.10536093683195517,0.033306743731753574,0.0,0.0,0.0,0.0,nm
12.297572000000002,9.996604011935998,-2.496337544334177,42.9636594797392,-0.04568728115226467,-0.0865288327301309,0.032387685725688016,0.0,0.0,0.0,0.0,nm
12.307092000000011,10.006289796834547,-2.376920833801494,42.925597144865314,-0.03886016880774568,-0.04445214639054262,0.03207351738573644,0.0,0.0,0.0,0.0,nm
12.326110000000028,10.007942705111628,-2.2672462346589595,42.82844931296331,0.023639132168631297,-0.02662509551169024,0.01927499357058377,0.0,0.0,0.0,0.0,nm
12.335619000000008,10.003780095765562,-2.2766899554910243,42.78715131541518,0.022963653436914415,-0.024463528859495067,-0.005913737862754247,0.0,0.0,0.0,0.0,nm
12.373667000000012,9.890508985737029,-2.2381639723253177,42.69418613650915,-0.05396198592462059,-0.10606362566651151,0.030231145816845464,0.0,0.0,0.0,0.0,nm
12.383218999999997,9.830807199388103,-2.140143250422658,42.65893256878137,-0.060545372574642244,-0.10970374929283308,0.030731166445284234,0.0,0.0,0.0,0.0,marker_1
12.392695000000003,9.757540271566047,-2.022182116592156,42.613195577938974,-0.051836227496163206,-0.10064284274613075,0.032272396253586834,0.0,0.0,0.0,0.0,nm
12.402210000000025,9.675572260348954,-1.9075020337361286,42.563786540876954,-0.0326502184795249,-0.07933504668672717,0.0281669287867115,0.0,0.0,0.0,0.0,nm
12.411935000000028,9.58672972742605,-1.8174880635334587,42.51933354064888,-0.009086962004534951,-0.05742858191573573,0.02609948548900788,0.0,0.0,0.0,0.0,nm
12.421444000000008,9.496189420643061,-1.7665246105120853,42.4843224846867,0.02257624350035023,-0.025753386011061436,0.0241368039106324,0.0,0.0,0.0,0.0,nm
12.430947000000003,9.402119899170446,-1.7558763291642219,42.45937326611957,0.023782655766430336,-0.029050656602093102,0.06737292923296133,0.0,0.0,0.0,0.0,nm
12.44029599999999,9.285076383079963,-1.7509794040529687,42.43950828288161,-0.022513738527949634,-0.08713118681147658,0.0770440133153953,0.0,0.0,0.0,0.0,nm
12.459395000000029,9.132659467597778,-2.519630378490626,42.39648284187116,0.052555080034401104,-0.13015128923217015,1.11224956922671,0.06666602594470426,-0.09062333970953555,-0.002991337715803213,0.0,nm
12.46887700000002,8.730169183292407,-2.536366289508471,42.503050056510624,0.12987465386886488,0.2038559318569063,0.019956121749546807,-0.05716283300554019,-0.05682922973341271,0.017786721431051044,0.0,nm
12.47838200000001,8.11870057282888,-2.2859340950936313,42.664718039915016,-0.051772246819807265,-0.21204201309806553,1.5467521126104384,-0.12403477217437615,-0.04586574549389184,0.027221404324467225,0.0,nm
12.48771499999998,7.460307277061864,-2.748148656408474,42.69145683745714,-0.06158480966044201,-0.010624606191964096,1.0930971030361971,-0.03409819544112068,-0.15736392521128365,-0.0004311200325127071,0.0,nm
12.49744099999998,6.731547088254936,-3.348992600042363,42.62322356365897,-0.18666279348941403,0.20083232666661469,1.6207258826496953,-0.025647319167884458,-0.18726820597178628,-0.021419926252887776,0.0,nm
12.516500000000008,3.938848742111487,-3.2795025771619577,42.314147843730446,-0.7887405665950106,0.17129721788929897,0.9727428414346236,-0.21951542992016237,-0.20064829537243556,-0.05694447017877584,0.0,nm
12.526008999999988,2.3336942711356223,-3.6736267118539403,42.029514178311636,-0.8602925884020238,0.4096251839999177,1.5126830394447182,-0.18484111652830246,-0.273943655458565,-0.07649194937467836,0.0,nm
12.535533999999984,0.7697498303796566,-3.6694018194280353,41.2154297173848,-0.7657147004405052,0.5093692680666968,1.0818316534716539,-0.23520577548460733,-0.20590752519513922,-0.07598988135365256,0.0,nm
12.545059999999978,-0.11178211180832874,-3.2281037671871173,41.05202533053575,-1.0208767493814421,0.5495616165693624,1.1371640536005398,-0.1908837046628423,-0.04936596729867021,-0.043346914158654666,0.0,nm
12.554568000000017,-0.48396115765850145,-3.0344352935708816,41.07034336540018,-0.9858351258671955,0.5937335513973475,1.0568205793494423,-0.08160204895567012,-0.019644141182559624,-0.00040430013024816817,0.0,nm
12.583100000000002,2.998080110486405,-2.071704198633416,42.00666911753298,-0.938651425011183,0.19123138457411556,1.264225382918003,0.21550365450709164,0.3121442072051868,0.08843520800786818,0.0,nm
12.592606999999987,5.509861424520793,-1.885296215940723,42.33424945643282,-0.7023262398268859,0.008835084689515422,1.5529256384799894,0.3475769265412082,0.3652068111428913,0.08296108329861268,0.0,nm
12.602052000000015,8.50202507863269,-1.5054192572487377,42.64581409231802,-0.42466638134148477,-0.14323840778948085,1.71449333964081,0.39034359563956333,0.46072116155185566,0.08010986834993936,0.0,nm
12.611582999999996,11.642259618720589,-0.8260518932051126,43.015916619820146,-0.1337101819532197,-0.36033568323487336,1.4535716904915301,0.3686729286877469,0.5272672894843602,0.0868872836896944,0.0,nm
12.621073000000024,14.972297940685616,-0.3103354153545762,43.485206787048554,0.22206628927325717,-0.4379797361078966,1.2034472110397025,0.4150114249268982,0.5321975173176623,0.10056348583711072,0.0,nm
12.630601000000013,18.390209662776734,-0.03919960594551092,44.123411305983915,0.5747893962962682,-0.42235015464716624,1.167118012807965,0.4564646533613717,0.5130429668095285,0.12985691015804407,0.0,nm
12.649765000000002,25.084146218984774,0.17542364556963944,46.032595445544864,0.614152154785229,-0.5376662736551411,0.5507895156872472,0.48126901209580625,0.486256635964624,0.20149852635181556,0.0,nm
12.659129000000007,27.95044227429112,-0.20206936979947562,46.8916906763314,0.6562824825138903,-0.6160474591705027,0.3582482883981985,0.4502188683189619,0.3641046594309391,0.17215802183239076,0.0,nm
12.668592999999987,30.288571994539772,-0.6319840849411118,47.55529761220844,0.6817078522705582,-0.666320515379988,-0.19043607979756932,0.3812002309891904,0.2852600897693641,0.13630223232676533,0.0,nm
12.678152000000011,32.57317008876888,-0.9202504663276518,48.0332544378276,0.5813647236867464,-0.7137094465657244,-0.1113508275547753,0.3501050415276099,0.3001286913048691,0.10191424903550346,0.0,nm
12.706760000000031,36.306933924203875,-1.6205416492311904,48.15886301292157,0.6867745185699012,-0.44732680351161463,-0.3407378503346075,0.16419087243077088,0.1192229185714473,0.008724620522553003,0.0,nm
12.735131000000024,37.268363834167,-3.306770788143693,48.81434158902479,0.3161381019243993,-0.2586481928231352,-0.23406567403166567,0.1357421307309348,-0.07019238648536189,0.06476430565540911,0.0,nm
12.744647999999984,37.21776889840362,-3.953689963622423,49.1612749888277,0.10306136476124747,-0.278709736140523,-0.3012167477188097,0.09112471818375752,-0.09264614235974537,0.06886749528986896,0.0,nm
12.754150999999979,37.18805982456722,-4.479021727971917,49.329928066258844,-0.05078177266966969,-0.2783919645276453,-0.525576810507959,0.0758253284881071,-0.07317791975898792,0.03336315640050353,0.0,nm
12.76366200000001,37.61019168858015,-4.825392567773424,49.25147408685363,-0.08751605954988066,-0.28438680228961155,-0.3386198665983061,0.10754959560438158,0.018624838865832015,-0.008837860834334502,0.0,nm
12.773155000000031,38.214892943335755,-4.87350012708074,49.02340242907615,-0.08587300787847052,-0.25014525256741094,-0.29342108143129086,0.0862433302402157,0.08495084439634035,-0.03543332577604562,0.0,nm
12.782674999999983,39.01287354529607,-4.731331025973867,48.75713407416098,-0.04424943228473046,-0.1770326770681834,-0.49498547199470544,0.08326331875407349,0.13870292073452437,-0.03995015301374626,0.0,nm
12.792183000000023,40.24423718757125,-4.629599920236513,48.56172910581277,0.08321812175190656,-0.15053498755130704,-0.3896610624243699,0.14705867453564492,0.19798680278123604,-0.019013198724944134,0.0,nm
12.801694999999995,41.62816544659111,-4.6399306985166,48.57571448171431,0.19828625055157134,-0.12553197522809312,-0.4566849865151463,0.1843543677375287,0.20575346808277498,0.025196058378512548,0.0,nm
12.820718999999997,44.92745128346989,-5.090476133499773,49.23465652782106,0.2306892162503649,-0.20308142168458745,-0.5576660026578477,0.2738582759177221,0.22099066274132417,0.10630107209070644,0.0,nm
12.830231000000026,46.617868088261346,-5.489087032627394,49.52348731179735,0.24836914972460516,-0.23252606164914244,-0.6665950756657766,0.2800512986514855,0.20390254933267993,0.08907150661412426,0.0,nm
12.839738000000011,48.39446028079321,-5.799009578021646,49.65549830027241,0.21772049469539884,-0.23519361267711614,-0.7535655227046234,0.27678280847113934,0.22936114855224607,0.06144375174086188,0.0,nm
12.858914000000027,51.67445659989422,-5.851584005710778,49.29030466793487,0.2808964707010621,-0.31970704411310147,-0.6770211314905529,0.1777528615841791,0.22794671079335332,-0.029793909838386663,0.0,nm
12.86809599999998,52.89164907811155,-5.675560419091939,48.90256520838513,0.2993607564670629,-0.18507716856449385,-0.9577363931605997,0.1321707911236902,0.2063697357684619,-0.05318037118892744,0.0,nm
12.887125000000026,54.99483893095334,-5.473567438880511,48.49539330987044,0.34337927376040456,-0.14962896471594475,-0.9368583995988312,0.1109720668729871,0.1346914959399771,-0.00852966413956769,0.0,nm
12.896627000000024,55.77807854038192,-5.707160609952647,48.50707258778569,0.2957247568432383,-0.0911795453702496,-0.9450980851174781,0.13847615067673208,0.08591762346258318,0.017634053281210278,0.0,nm
12.906320999999991,56.49607990810847,-6.145651828795872,48.660187334628056,0.2514426841680419,-0.11174948347845927,-0.7632376505334083,0.16046428567547988,0.04916024060074288,0.045537752811546525,0.0,nm
12.915855000000022,56.990500286452,-6.636335492986098,48.88614790573535,0.08232984973186616,-0.04763706522982316,-0.8151573379881234,0.1387540969814933,0.009245572000822166,0.05630634273831294,0.0,nm
12.925365,57.45569605252259,-7.049938499398879,49.02991552482712,0.02425355625270162,-0.11556345575208185,-0.6559869865313571,0.12320756435915657,0.015374860901532467,0.03991935876813508,0.0,nm
12.93484699999999,57.71170512718341,-7.239759993413214,48.97741772627873,-0.023260830559745666,-0.1268271525748733,-0.6768332937132927,0.06206873995739932,0.013450590844432116,-0.004123221265342866,0.0,nm
12.944377000000031,57.95183787177891,-7.150834431878505,48.70168842830793,-0.1572529992530634,-0.102762447726554,-0.8318260766180668,0.01800260127363127,0.04762853826650463,-0.049201537926665304,0.0,nm
12.963414,58.654711053101174,-6.3952741196452845,47.73677028888037,-0.03519056967078894,-0.1431224070119999,-0.5999554824328028,-0.03422631686255389,0.10257932441672613,-0.08798391265249035,0.0,nm
12.972944999999982,58.85141778244788,-5.8477427222769265,47.47720215920407,-0.11143983460904397,-0.04920832022356355,-0.6939531580704638,-0.054575468494727275,0.10285098568278331,-0.04781989565948301,0.0,nm
12.982461,59.12303621119221,-5.442500789183377,47.32691705279054,-0.10373298678734783,-0.07168216024630862,-0.565891123006528,-0.023105317167432093,0.0947749317236492,-0.024774300183621888,0.0,nm
12.992068000000017,59.296427004897055,-5.22620384103405,47.258204403648506,-0.05947299333370746,-0.012274142039806072,-0.524809879460285,-0.008382778350529314,0.05478435708872601,-0.010546991588053814,0.0,nm
13.010957000000019,59.60136172735718,-4.927714181788808,47.61793990786895,-0.17106509522615146,-0.005222669879616971,-0.4220612708335657,-0.0008229377629169266,0.04244306089799959,0.047621547645805506,0.0,nm
13.020514999999989,59.72292349704325,-4.78516115171898,47.71448011146456,-0.16790572089998412,0.03231193829317587,-0.4160838986893686,0.0,0.0,0.0,0.0,nm
13.030020999999977,59.8985788967342,-4.566676962586191,47.71442822183186,-0.10911660551891086,0.03277743198266905,-0.3633346090181626,-0.008785762125017126,0.055378924554262146,0.0028419903616417595,0.0,nm
13.039535,60.07859763661919,-4.235798594976339,47.70082800760832,-0.11106880510134413,0.03179651545628482,-0.3548888510058409,-0.0248349622381792,0.0711829185253231,2.090660043493379e-05,0.0,nm
13.04904399999998,60.22452468652349,-3.899368123006122,47.62273369676867,-0.10471338792668532,0.02867322732092638,-0.38331507647319385,-0.030172869898398878,0.06692641871192247,-0.013589034123250316,0.0,nm
13.058496999999988,60.35848607448322,-3.6517266957816252,47.49810297268046,-0.03597632347883649,0.005832349428365003,-0.34593338561763975,-0.018535392925159485,0.05321899589513439,-0.023209445238326756,0.0,nm
13.068016999999998,60.42084234093601,-3.4944429827778567,47.45842654764495,-0.014721949880123993,-0.016181284909597977,-0.3338782370455805,0.0,0.0,0.0,0.0,nm
13.096589999999992,60.26745567024833,-3.581836708261349,55.4820452654033,-0.0049491463196642705,-0.019950869554223205,-0.23989757047568025,0.0,0.0,0.0,0.0,nm
13.106061000000011,60.09597936226304,-3.639501436252254,58.05755451588351,-0.006425174296581393,0.020416813407054958,-0.21893788568724787,0.0,0.0,0.0,0.0,nm
13.134640999999988,59.24110156691841,-3.714402418969566,64.80094673567041,0.03812510538075118,0.08602928848737777,-0.20091021281906113,-0.018968310846165775,-0.0630872321169304,-0.06572099132312718,0.0,nm
13.14415200000002,58.88101974001576,-3.827530703699773,66.75937027475821,0.028088238486147887,0.0033122623556125067,-0.21115678502056728,-0.00731503917506753,-0.07508767302017592,-0.07720285417126184,0.0,nm
13.153628000000026,58.518865048323875,-4.038779955016238,68.6822809200957,0.03613296786277275,-0.09526574828592405,-0.2135573901364072,0.013397712136410833,-0.08275124386111836,-0.07810717114695893,0.0,nm
13.18213400000002,57.319500013757086,-4.97043692098091,74.74799493012452,0.12825415038789423,-0.315132039607895,-0.1003245171429556,0.033406994321282434,-0.10541375742311204,-0.021902474139291868,0.0,nm
13.191654000000028,56.747676588709766,-5.200944420044782,76.91578323847241,0.13288766291078774,-0.27738249163848216,-0.061078803919365966,0.0191260488528403,-0.12155461327311767,-0.006395677658914215,0.0,nm
13.21068200000002,55.310809132114926,-5.338085679011945,79.11272537748816,0.071817633645357,-0.09918498144660903,-0.011338231244036117,-0.010193160716816295,-0.13785018286433598,-0.009986565702423825,0.0,nm
13.220196999999985,54.58543563622904,-5.363616032527606,79.05465379625646,0.016534496061344026,-0.0009985564362213874,-0.02299627619451573,-0.018064432326570845,-0.13584980866753701,-0.02515116400567682,0.0,nm
13.229670999999996,53.90943515082189,-5.41485323323122,78.90063886498709,0.029310439599662032,-0.007872628845565634,0.021972786475446017,-0.01463970839163771,-0.1284828869525387,-0.04354473813347759,0.0,nm
13.239176999999984,53.295658825866234,-5.516147494104764,78.65333538490505,0.0,0.0,0.0,-0.0018923826926490626,-0.1234215546398641,-0.06120537411931637,0.0,nm
13.248732000000018,52.75066152152807,-5.6362749464056385,78.3810082424451,0.0035893163048882205,-0.05580062277783649,0.0579241398231955,0.013688193350312305,-0.11052265932499389,-0.06506593570152228,0.0,nm
13.258203999999978,52.299443643384365,-5.748658317175958,78.13911316256115,-0.013508513823913541,-0.1133492926484165,0.06577926671855809,0.027306454654195175,-0.09548317800629719,-0.05728814899332207,0.0,nm
13.26774499999999,51.96882328686763,-5.8437372259341,77.9488808358431,-0.032552982733562046,-0.15622474176203388,0.05555543001291117,0.0376396078633988,-0.07525746630298484,-0.044665742209447946,0.0,nm
13.29628600000001,51.430995074493886,-5.947657279146741,77.67882617126274,0.050594533586530224,-0.14878448558434598,0.05106376550716226,0.0,0.0,0.0,0.0,nm
13.305793999999992,51.34067779212987,-5.946111125556933,77.6140148056679,0.0385303275993912,-0.10746162969427488,0.03873748796049232,0.0,0.0,0.0,0.0,nm
13.31529999999998,51.2596589685065,-5.958279463431322,77.524163037079,0.0659636954179088,-0.09089552904593338,0.00021964771821599108,0.0,0.0,0.0,0.0,nm
13.32477799999998,51.15403821357133,-5.977254434945,77.42834537890722,0.07843012195133504,-0.09189966811590325,-0.02086841706524553,0.0,0.0,0.0,0.0,nm
13.33433500000001,51.02405452035881,-5.968303908356856,77.35308955364673,0.07120911686493728,-0.11506362685720599,-0.03803514543891138,0.0,0.0,0.0,0.0,nm
13.343803999999977,50.870200399319266,-5.929052559236815,77.28607415967055,0.05450844537532659,-0.14078330456788116,-0.036804470813609894,0.0,0.0,0.0,0.0,nm
13.35335200000003,50.69876823371924,-5.873864277134737,77.20657258097133,0.03139257633427557,-0.14353964521893892,-0.03159707326203444,0.0,0.0,0.0,0.0,nm
13.39135600000003,50.17641110936735,-5.4249210487894235,76.63587146246131,-0.015249330615982616,-0.06418822313669202,-0.006265405393937793,0.0,0.0,0.0,0.0,nm
13.400869999999998,50.14216381344389,-5.310847896120918,76.46653447824235,-0.01350160681441774,-0.05609388381878212,-0.005363304920279593,0.0,0.0,0.0,0.0,nm
13.410380000000032,50.13081477807831,-5.218324968689771,76.33737896124451,-0.014169987308045912,-0.05829287138098794,-0.005478899822579131,0.0,0.0,0.0,0.0,nm
13.419929000000025,50.10504835976029,-5.167787070142163,76.26872441239253,0.05103222943388132,-0.07408490699410757,-0.01619257138289726,0.0,0.0,0.0,0.0,nm
13.429450000000031,50.042950041766204,-5.140781996290834,76.2814791363359,0.09065850452604529,-0.09366943340384962,-0.012743792858935609,0.0,0.0,0.0,0.0,nm
13.448456000000022,49.76922523709587,-5.117936468823268,76.4898716713776,0.12275849021515359,-0.10969359407654675,-0.009344816257068815,0.0,0.0,0.0,0.0,nm
13.457928999999979,49.55329583575171,-5.110303935018075,76.60829973695353,0.12474912537238296,-0.10335830682979419,0.003599698235788752,0.0,0.0,0.0,0.0,nm
13.486504000000025,48.77250284337007,-4.906396103125424,76.65906141637159,0.09635662507714156,-0.10302567690221091,0.05961354894913344,0.0,0.0,0.0,0.0,nm
13.496025000000031,48.512263398105084,-4.7897005409598785,76.56683376630046,0.07622819524212628,-0.09967260995138594,0.0797068111981748,0.0,0.0,0.0,0.0,nm
13.505529000000024,48.29201147721088,-4.65373796657474,76.48028166226656,0.06977682101784578,-0.10331839338733574,0.07541116673173491,0.0,0.0,0.0,0.0,nm
13.515044999999986,48.116504243418895,-4.52284090124354,76.42267745281723,0.07253312315478122,-0.1084005461471298,0.0793252303852069,0.0,0.0,0.0,0.0,nm
13.524511000000018,47.98487772178266,-4.423742765121529,76.40283626597234,0.07583833513379601,-0.10197258399459898,0.08197800211199369,0.0,0.0,0.0,0.0,nm
13.53406799999999,47.88489484878113,-4.35281439775935,76.42970502697196,0.08717051338093205,-0.09267202663418737,0.09124259407877827,0.0,0.0,0.0,0.0,nm
13.562558000000024,47.71167785902193,-4.224106378277797,76.60549357688487,0.06550835396470939,-0.05970934128153191,0.06756667238893382,0.0,0.0,0.0,0.0,nm
13.572062000000017,47.68263554092011,-4.19079699839056,76.63413144623249,0.07739921512985151,-0.06357074417453121,0.03358893732097779,0.0,0.0,0.0,0.0,nm
13.591093999999998,47.62396195954748,-4.082118527785831,76.63342700662602,0.07706000916428185,-0.0933448242547658,0.0053993843619447295,0.0,0.0,0.0,0.0,nm
13.60064699999998,47.58199129787118,-4.002297843518761,76.6147040360554,0.08050677263783867,-0.11086174136057086,0.005526959869656778,0.0,0.0,0.0,0.0,nm
13.61966799999999,47.443904336887876,-3.7557039760041064,76.59831195598389,0.07736656677102442,-0.12139122061122126,0.0038563446781692953,0.0,0.0,0.0,0.0,nm
13.629256999999996,47.36946331459924,-3.6200869181331408,76.59557076401546,0.06620868631241153,-0.10151061926988662,-0.0029310918839995726,0.0,0.0,0.0,0.0,nm
13.638717999999983,47.311429971241964,-3.4998519781031363,76.5943379238752,0.055638226462072525,-0.07227908339527327,-0.013707500210011523,0.0,0.0,0.0,0.0,nm
13.648200000000031,47.28691542503909,-3.4017881597933024,76.60182512205192,0.030316228529923835,-0.03682693293972585,-0.04297255567313193,0.0,0.0,0.0,0.0,nm
13.676672999999994,47.49670428300722,-3.2424542127087803,76.63464453040018,-0.0013823857948621922,0.0076006604017571115,-0.12488971098278669,0.0,0.0,0.0,0.0,nm
13.686243999999988,47.63634717106585,-3.206249951858515,76.63581192047276,-0.0044850082033206255,0.009980799297989082,-0.15484031037574805,0.0,0.0,0.0,0.0,nm
13.695758000000012,47.78663579652109,-3.1576975833245404,76.62492026355,-0.020835194638968456,-0.026600695639405557,-0.19584467101108233,0.0,0.0,0.0,0.0,nm
13.70517000000001,47.94196523489773,-3.093542068167305,76.59466438092065,-0.020916751624621505,-0.03531358679511399,-0.23433447710708669,0.0,0.0,0.0,0.0,nm
13.714679999999987,48.099175226025764,-3.0098651121788476,76.55334350751342,-0.0126508736267805,-0.036310002125489606,-0.26348705380620796,0.0,0.0,0.0,0.0,nm
13.733656999999994,48.39263797755274,-2.7940574185613456,76.48639917251307,-0.0031405783916623824,-0.02349861273125119,-0.33696789954517387,0.0,0.0,0.0,0.0,nm
13.743164999999976,48.53238777215381,-2.681942049102215,76.47151466500829,0.007964963017448805,-0.015225927222504293,-0.3590912033188412,0.0,0.0,0.0,0.0,nm
13.752722000000006,48.668040700969314,-2.5627903094355546,76.4729155448086,0.005536339484428824,-0.009358318642934196,-0.4058322086842864,0.0,0.0,0.0,0.0,nm
13.76219900000001,48.82928628085171,-2.4224869678809724,76.48263094842225,0.0047814029102024895,-0.013055252423185974,-0.4265515919362256,0.0,0.0,0.0,0.0,nm
13.77170799999999,48.994300757829826,-2.2395129432703142,76.48199101348622,0.0035195953250030847,-0.02252341862354232,-0.44891997747405415,0.0,0.0,0.0,0.0,nm
13.781268000000011,49.15231252099548,-1.9918922396852854,76.45487835729358,0.0045056710891572945,-0.03168383852231624,-0.4749772565024513,-0.04081881937283156,0.042348413176301,-0.004276217658404651,0.0,nm
13.79078800000002,49.29120033124125,-1.6664356279836698,76.39735451894279,0.018795774241024084,-0.04372495863200756,-0.47183693924603654,-0.056836613006331825,0.042321398149797476,-0.010648916991663829,0.0,nm
13.800247000000013,49.37642340784553,-1.2725613831187652,76.31688540282838,0.02612048823732035,-0.03312270974303909,-0.499951851094824,-0.07263385485777413,0.03518703454869633,-0.01569742254743337,0.0,nm
13.809799999999996,49.45293719605817,-0.8499350712790321,76.24486805213446,0.04882118635993369,-0.004116427140970168,-0.5129661921284828,-0.07859508404798267,0.03495718518655719,-0.014160383566575853,0.0,nm
13.819313000000022,49.53559323035116,-0.4638302091664901,76.23097113693589,0.0651176377030274,0.03706307049822439,-0.489306853415548,-0.07117429396264065,0.03447312152041973,-0.0026149610756780284,0.0,nm
13.82877400000001,49.59901151555509,-0.18370212404324907,76.30959684399006,0.06342486896577337,0.07756912920345907,-0.4975658040452073,-0.051492597240173014,0.025655540887755,0.015800835094949398,0.0,nm
13.84779500000002,49.88103964802282,-0.10470924473683654,76.71064725175475,0.028372888449468704,0.08022300281136549,-0.42726464598259417,0.015572771886547517,0.03155476542511633,0.04609640238540416,0.0,nm
13.857344000000012,50.10321751109067,-0.24501265720760082,76.93780961257139,-0.010369011372739934,0.040634578277103525,-0.40809866396206423,0.03749084937876098,0.0369197901809117,0.04562805915265621,0.0,nm
13.876371000000006,50.749594554981265,-0.50659045831246,77.09927075996302,-0.048009613651442795,-0.08328237811549763,-0.34851206595977197,0.03545036694401583,0.06306939211780102,0.0027182548452765526,0.0,nm
13.895363000000032,51.63461571842664,-0.39323670780816977,76.66990832210818,0.02585829057259132,-0.15298443267145811,-0.337490086429387,8.602075417624616e-05,0.09827212561994085,-0.055617202239830243,0.0,nm
13.904907999999978,52.15493455671827,-0.21557374268387855,76.28291370463933,0.07774039628357535,-0.16487174784201533,-0.3598445087633067,-0.010209843080116866,0.10962509532621778,-0.07694592629414679,0.0,nm
13.914408999999978,52.68155664500949,-0.03766125565349831,75.81362756598196,0.14514539966399242,-0.18008624006659543,-0.3454870991228039,-0.009129367867112584,0.11093482354993586,-0.09374412961089659,0.0,nm
13.952422000000013,53.59678190049951,0.566878921406158,73.74713353812429,0.1868606889995222,-0.14967936275045582,-0.299218442168541,-0.026533183972967812,0.014366114267872454,-0.1107068848992272,0.0,nm
13.96198099999998,53.57439523838397,0.6845142526985285,73.09825042327103,0.1936919138189207,-0.09766546573372632,-0.2891883690831366,-0.023824840561235423,0.0024145216164451885,-0.12988944654388368,0.0,nm
13.971488000000022,53.52573467985049,0.793722384878464,72.42046816390871,0.22353256779231376,-0.07449818432819331,-0.25304102482509866,-0.023740126470752933,-0.002835417623970981,-0.1355983383848458,0.0,nm
13.990466000000026,53.39013745908389,0.8137741325596661,71.09722094535894,0.18994263388919938,-0.10566767903826528,-0.287438445464302,0.00467439491255215,-0.012986945502934567,-0.12988100926955815,0.0,nm
13.999977999999999,53.34024833615092,0.6660560687449033,70.5313643735111,0.2255248238497844,-0.14323908797320686,-0.2743038194501283,0.024691445784309582,-0.019168418372580088,-0.11316941863902874,0.0,nm
14.009529999999984,53.32799047659808,0.44504417670130947,70.09042646173407,0.26276939479423056,-0.2308470095918143,-0.24014302571265767,0.040875465850170135,-0.01723402754841693,-0.08825759496779069,0.0,nm
14.019019000000014,53.29607682813052,0.18074770835253878,69.72980688844771,0.2717654481962606,-0.2927169339882105,-0.18739796756497526,0.04754017157310456,-0.024191449316377435,-0.07215930278200985,0.0,nm
14.028520000000015,53.095443161308005,-0.04986628112289787,69.40131925930918,0.26695306837143085,-0.2981877900886578,-0.14960627359278,0.02927386842700732,-0.05378303520763053,-0.06571651519605239,0.0,nm
14.047578999999985,51.94783742255703,-0.09727746185078327,68.73063036460475,0.19509697996867106,-0.20588180692177205,-0.10154024401458304,-0.06171056875357514,-0.1273978860980281,-0.07032742122654942,0.0,nm
14.057098999999994,50.942514352967066,0.11819350712514945,68.33269357271526,0.26445283199764746,-0.1491388774324247,-0.038971092252948036,-0.11382351686519221,-0.171574499784745,-0.07965589083038922,0.0,nm
14.066678000000024,49.31141882586982,0.4073985774131645,67.90010101439185,0.3443690663480671,-0.1404297094231687,-0.07774399607854376,-0.144607946639465,-0.20206984903834369,-0.08536724757703111,0.0,nm
14.07618500000001,47.73469610518592,0.5015878590231154,67.41340291414265,0.33545986396240457,-0.07599577070052073,-0.12329235227990451,-0.11875554186760172,-0.20389072977980346,-0.0952085036211952,0.0,nm
14.085703000000024,46.007203301432114,0.2418364160505401,66.94614095703872,0.4158840682207476,-0.027909829646123936,-0.06392389039449466,-0.07959516560186816,-0.2461471442675671,-0.09156489534581211,0.0,nm
14.095215999999994,44.04015897149117,-0.2704589918160575,66.68116394392172,0.42800917886069983,-0.00815977621050955,-0.0519749357778612,-0.058763337994394954,-0.3082329416792641,-0.053353370773402777,0.0,nm
14.104652999999985,42.27339998970351,-0.745010594952221,66.66007181352236,0.4253577687019817,-0.11225233285420448,0.12124860506664166,-0.05284572700874335,-0.3625252751350046,-0.007333831182445869,0.0,nm
14.133117000000027,35.806285647271515,-2.4996961109921085,66.6320892095237,0.11071519467626001,-0.059693472479165295,0.2493112135844119,-0.07116266827182581,-0.455008787923975,-0.03749403954229263,0.0,nm
14.142678999999987,33.53065527242368,-3.060177985312624,66.4364992277763,0.06797621166319201,0.028534350463737593,0.26453797557874364,-0.07830187655414739,-0.4622719888256557,-0.06123803108744147,0.0,nm
14.152193000000011,31.397788378842527,-3.7162162134168804,66.22430523253738,0.05624387795289871,0.06982388709016162,0.2831254428472066,-0.05085540667651649,-0.44329845479336527,-0.06770210168053391,0.0,nm
14.161861999999985,29.554348799129198,-4.522037570116465,66.1046051275299,-0.00655393481299878,0.08264667404956345,0.28436350147407324,-0.0011932735288246526,-0.4020625499020512,-0.050453267735014164,0.0,nm
14.171213000000023,27.964802031922694,-5.403911380822519,66.1616551580692,-0.05896603123769528,-0.003402254264327869,0.2848256813591369,0.033184953261337996,-0.361504322676713,-0.016082714729262194,0.0,nm
14.18072699999999,26.645401956742273,-6.278342217467232,66.37295746918069,-0.13592502039277027,-0.12541369416580914,0.22680360387182041,0.05451355877957358,-0.3111317828807993,0.015453540814408808,0.0,nm
14.199833000000012,24.560759889029512,-7.6843157697463464,66.7877846933276,-0.11281864375272929,-0.2765135882293202,0.2783797816341426,0.03339880166122052,-0.22729359800649537,0.008880483580655895,0.0,nm
14.218844999999988,22.683822140521308,-8.228324489578014,66.65939219085308,0.02157780981796878,-0.15456371134312244,0.30209381560159226,-0.0400824114258115,-0.1899116968323038,-0.05746065745787116,0.0,nm
14.228364999999997,21.63557797372946,-8.357432032150836,66.40945854923243,0.10566832763610556,-0.02824650405124754,0.2779759616739991,-0.059001526013246264,-0.20087271193212416,-0.08032261485157877,0.0,nm
14.237870999999984,20.485733357402836,-8.473324844728072,66.20286144233384,0.13209526964230042,0.04263109944419975,0.29428311603701096,-0.07028949141936652,-0.2179452979098741,-0.07506790812525233,0.0,nm
14.24740300000002,19.23253968643234,-8.62621116951331,66.13982266835838,0.10396306736949099,0.030718899276393156,0.2502628890483296,-0.07226518950688761,-0.23942161759003516,-0.049932334126838014,0.0,nm
14.256812000000025,17.97245740317204,-8.835603401809701,66.24176339874575,-0.010252027567322254,-0.0377903236755122,0.24907951451916713,-0.06233522819610398,-0.2451506920596177,-0.017888978302665236,0.0,nm
14.266478000000006,16.773751975510518,-8.99514178395324,66.4692372450883,-0.0993183586898425,-0.08556625482471916,0.2544744371409834,-0.06585804248057196,-0.2300834240795461,0.008347414399969798,0.0,nm
14.275838000000022,15.720674663146902,-8.971669444170598,66.72946265062784,-0.17940469724267769,-0.12766304363351194,0.20237176148285357,-0.08705836893029946,-0.1893234554646972,0.01917183961813505,0.0,nm
14.285353999999984,14.900340378317741,-8.770041581300218,66.89428935090301,-0.206930130956657,-0.10498319381684322,0.18233433526128648,-0.10104356522203961,-0.13331914429495823,0.007662987302894232,0.0,nm
14.294853999999987,14.317453375454178,-8.473377305977209,66.8821567087436,-0.13922914601709327,-0.008762769410423475,0.22048152516670813,-0.09995693725873976,-0.08283864229865581,-0.01994016449220351,0.0,nm
14.323397999999997,13.798992985818611,-7.824041265230201,66.32438446269487,0.13013701383933263,0.14345455143370753,0.27831157754492847,0.0,0.0,0.0,0.0,nm
14.35194100000001,13.599423477902002,-8.296930643504679,66.89706957206032,-0.036216261455620014,-0.31669691612021506,0.3354043962132928,0.015571815983079513,-0.048176519174773155,0.06623433914830408,0.0,nm
14.361440000000016,13.293655904994694,-8.321969870447589,67.27749320329751,-0.10769812085299804,-0.39963349527783487,0.3643432130122219,-0.01897785168995555,-0.05776376267167251,0.06732734484417564,0.0,nm
14.37090999999998,12.89774520315839,-8.112104037270944,67.54358840470874,-0.1571055971109272,-0.35941931229981,0.33660428950889326,-0.06895900215173992,-0.056310546293961546,0.041944673173542335,0.0,nm
14.389972,12.04544799382185,-7.17587820476382,67.40815360564343,-0.10811145155601996,-0.06650806639865714,0.27040711916956867,-0.12602267262676653,-0.03743198899962441,-0.0481061121223287,0.0,nm
14.399483000000032,11.689799265573985,-6.704127977040887,67.05948857177142,-0.02663585799732669,0.10440112348425358,0.2347035486948983,-0.11448489029445674,-0.028642985516685454,-0.0784359048920726,0.0,nm
14.428018000000009,11.212808095763187,-6.239767573123924,66.10572201252836,0.07908398754091378,0.05952749988349359,0.2540163362762562,0.0038219911332602816,-0.015497468094507664,-0.04759781898295435,0.0,nm
14.437710999999979,11.210256380914723,-6.418047775440355,65.97800935427492,0.07173833371338136,-0.10719270705184214,0.30019088725384924,0.0,0.0,0.0,0.0,nm
14.45670100000001,11.220007398466365,-6.775621604758264,65.89289236765396,0.020069488123995165,-0.38251115563612753,0.33272345455326313,0.0,0.0,0.0,0.0,nm
14.46619800000002,11.134468285721937,-6.8456134628147,65.8625637065071,0.019713192417766336,-0.4063727834116584,0.3388529762035194,0.0,0.0,0.0,0.0,nm
14.485265000000027,10.553998788755035,-6.630983025308043,65.80971435363539,0.052788460525582455,-0.27552250770901004,0.30989671114557604,-0.058512228362250604,-0.05279175146994238,-0.012937390506327303,0.0,nm
14.494736999999986,10.067214426579794,-6.433929222669813,65.79681953556373,0.057309741435827816,-0.16847281242170087,0.2824123184375577,-0.07570205799543342,-0.07217780874964694,-0.013678690453900123,0.0,nm
14.504300999999998,9.498122186867645,-6.2342661455825,65.7818997252031,0.03977134041834703,-0.07976526065586187,0.24870324002739963,-0.08293049889826308,-0.08692284210054295,-0.015567738441266313,0.0,nm
14.513806999999986,8.90334326377084,-6.046798984971466,65.73924597550986,0.021225483467747896,-0.03420524251602425,0.21205550203419563,-0.0828638939745241,-0.09258698826853488,-0.02128635481488349,0.0,nm
14.523318000000017,8.34636999375971,-5.890745781808473,65.63247472091923,-0.046512039290734025,-0.06260111469092806,0.2066738529295783,-0.07416529896707577,-0.0882414443817018,-0.03298298031689341,0.0,nm
14.542367000000013,7.5115940324294534,-5.625302738522611,65.16727419000377,-0.09218870238451937,-0.1364708328061248,0.22697118207166092,-0.05511314618103086,-0.054401194526886604,-0.06160766595221531,0.0,nm
14.552028000000007,7.2492020068425695,-5.473568996053669,64.85404811255273,-0.08216900561366605,-0.16397400165463621,0.21726928295196418,-0.04964135922594498,-0.03457576961176437,-0.06780613345270876,0.0,nm
14.561382999999978,7.068851539886409,-5.3131514754532,64.55773559664705,-0.0511582800429022,-0.17241821160332818,0.2092303024296781,-0.044413398540728725,-0.0187893597688287,-0.06273338418338088,0.0,nm
14.580435000000023,6.821638695023437,-4.968431479851949,64.23042507851368,0.002215915202865369,-0.1749231691447436,0.166698379649017,0.0,0.0,0.0,0.0,nm
14.589964000000009,6.69703909650128,-4.815741371234317,64.22506617335948,0.0008442288052777644,-0.18153910996359032,0.12479526391306268,0.0,0.0,0.0,0.0,nm
14.599469,6.569555987189755,-4.680630127713026,64.27848392205313,-0.01873225887130766,-0.20291378066395088,0.08781492513460194,0.0,0.0,0.0,0.0,nm
14.60898800000001,6.446568470727494,-4.530185265698748,63.48081198438409,-0.0476165778676053,-0.23484851004158555,0.041930442806054666,0.0,0.0,0.0,0.0,nm
14.61845599999998,6.348436085956807,-4.332642596488221,62.661555276884904,-0.06750066511662368,-0.26468619366057705,-0.0005826693199440419,0.0,0.0,0.0,0.0,nm
14.637479999999982,6.277546407850997,-3.7300338852995734,60.97845415143008,-0.019268346411704843,-0.2628724588064705,-0.02779634802444874,-0.06111351492110982,0.03094350109887858,-0.03399328492301332,0.0,nm
14.647091999999986,6.151368742172314,-3.110467575140045,60.144864100543984,0.03702724693452038,-0.2180556447947945,-0.058310581916111756,-0.06966132041347389,0.04822286517578406,-0.03572519195672927,0.0,nm
14.684815000000015,5.220799447570466,-1.196721761298583,58.06759289896749,0.024067074481132118,0.20381638851401024,-0.9525967010058563,-0.08214236251591549,-0.010599186207744674,0.0352732587516558,0.0,nm
14.69455499999998,5.353743605903949,-1.3374096288245738,57.74882823670867,-0.22083190913053916,0.4308038987413889,-0.592139154492777,0.03804748859094683,0.007416252852724188,0.037595174177738035,0.0,nm
14.703973000000019,5.121746021340783,-1.516293512956386,57.472658926742824,-0.14280759143569285,0.28617035313591066,-1.230082874646761,0.005179178721771365,-0.05843440547799916,0.018977975163084644,0.0,nm
14.713660000000004,5.399323117495974,-1.699061451054802,57.19908499217114,-0.28336232113116194,-0.07648255495126395,-0.08528899779479729,0.06088447820660258,0.026861096144029702,0.009698873133493328,0.0,nm
14.723095,5.983383821938604,-2.0813815686421413,56.77401450475848,-0.24000804984217616,-0.23233635554220575,0.9051084141194644,0.12809952345788747,0.05589034865765279,-0.00431284946163818,0.0,nm
14.732565000000022,6.633623612462704,-2.3759059814367762,56.31078433937862,-0.1682796880545411,-0.38061552766144624,0.5949064990934908,0.12122871275264227,0.07562404604448349,-0.006961624794222013,0.0,nm
14.761157000000026,8.943607572129205,-2.2712241006236997,55.42857422808625,0.06868606185200953,-0.24474595073322253,-0.2634909768123124,0.050852078476162695,0.12042549859685794,0.03664515970698535,0.0,nm
14.770670999999993,9.536796520013088,-2.0345950649072417,55.39381059243674,0.18016266590654373,-0.20889741299360537,0.1345901674953148,0.028691507815789673,0.12457547905762266,0.054998517583943085,0.0,nm
14.780159000000026,9.921807909585072,-1.8568888596422581,55.406736275118256,0.2614012399465965,-0.19433559796430264,0.35681209348451814,0.014656218739198801,0.08361785876167646,0.05836269653153586,0.0,nm
14.78967399999999,10.131087569376865,-1.8990957988347632,55.48329474204873,0.2999900898059538,-0.08285534626164005,0.2391634524730856,0.0307618880299708,0.029668515059833953,0.04766440295493827,0.0,nm
14.79920199999998,10.171526902432396,-2.0732488885465887,55.64076139410938,0.21072885560246296,-0.023064786821416043,-0.029952432306676192,0.0,0.0,0.0,0.0,nm
14.808716000000004,10.026622256864671,-2.318202580911275,55.7708642175743,0.12505268880499282,-0.07169602261010141,-0.2733224151131027,0.02421993443964709,-0.051588701411241784,0.012218060641303534,0.0,nm
14.837237000000016,9.4033904517979,-3.4107782693135396,55.67194201727282,-0.05112852404678015,-0.3145095377783164,0.2158043754404236,0.02665422886483459,-0.07688097755662822,-0.011027076448444256,0.0,nm
14.846737000000019,9.202107097617462,-3.6391500508683867,55.53994031043329,-0.15368609539508976,-0.3296365643161146,0.11573334218733998,0.0149310455042137,-0.05906216119917641,0.0031351024693624203,0.0,nm
14.856288000000006,9.021944874410563,-3.8159844162456085,55.41837239995633,-0.17063508249725276,-0.2475194013686331,-0.020052484370836603,0.008683101303943357,-0.049754396242296606,0.015760247993277382,0.0,nm
14.865749999999991,8.956123475397375,-3.8629980532776633,55.364342475580635,-0.14416995734143098,-0.17354343814244233,-0.1422793197406049,0.0,0.0,0.0,0.0,nm
14.875339999999994,8.995685603523373,-3.790637417025765,55.23200626937666,-0.12949406814940642,-0.09478884357122615,-0.09832008721066718,0.0,0.0,0.0,0.0,nm
14.884863999999993,9.136072789527843,-3.743221734215654,54.92804411800829,-0.040384607010179895,-0.057521310073256594,-0.004598202453114435,0.0,0.0,0.0,0.0,nm
14.89429100000001,9.406789731574028,-3.8000311835556317,54.61923947053947,0.013121427175020805,-0.0203479959491227,0.13539154374298903,0.04061989797165792,0.037506626494484205,0.013745895333985316,0.0,nm
14.913365999999996,9.980507964692015,-4.17862523051692,54.24879478722213,0.07657907388853823,-0.050666447228740884,-0.04959814827309557,0.08099723894791724,0.03032139908596773,-0.006336975503297667,0.0,nm
14.922917999999981,10.208910518105643,-4.4760483647875535,54.057892634070484,0.05992489382892022,-0.1182137293478647,-0.08326339628258027,0.10348120096539147,0.016429119301718136,-0.010311678130325868,0.0,nm
14.932427000000018,10.339739864343139,-4.71893964078517,53.904035561311076,0.047670655961339174,-0.21385862287383006,-0.04206315966839925,0.10358189852790278,0.003242511365219359,-0.00822411008109598,0.0,nm
14.960889000000009,10.79497248481235,-5.567506977438846,53.855711594324916,-0.027112749037706142,-0.35837746718857316,0.09795573824442916,0.0,0.0,0.0,0.0,nm
14.979990999999984,10.433867191221944,-5.280576673594761,53.19672625924057,-0.025116853347341872,-0.17322875783272773,-0.07389006459087026,0.0,0.0,0.0,0.0,nm
15.008520000000033,10.039485829140682,-5.536334788451211,52.704918342008135,0.0469844214629219,-0.014631720852503275,0.09056793080350935,0.0,0.0,0.0,0.0,nm
15.017990999999995,10.012538712092276,-5.785375870403315,52.6373836733038,0.004121007296012585,-0.009749492205164452,0.051798448519996085,0.0421671839558474,-0.03074331533665569,-0.014036696902167646,0.0,nm
15.037013000000002,10.161421487040121,-6.323247980905185,52.553238716118464,-0.06262010587378793,-0.1152115375903907,-0.057296150870473954,0.07741865491502789,-0.027960180613066838,-0.004311680710821161,0.0,nm
15.046517999999992,10.289064904504924,-6.434804944392863,52.534504733233305,-0.09729061475103049,-0.1966784439204437,-0.03202935977818973,0.07761106691001726,-0.015255435921005448,-0.0009503125032539065,0.0,nm
15.056083999999998,10.41059358799235,-6.456614766317335,52.14381786761292,-0.10089447944649128,-0.25946745635145774,0.03991869094375787,0.07249094466021819,-0.004661027703907123,-0.0015859052349598704,0.0,nm
15.07511900000003,10.671583785552125,-6.585352723974986,51.134125541669405,-0.03512115644738784,-0.24649202364150674,0.06366208272336203,0.0,0.0,0.0,0.0,nm
15.084604000000013,10.67333236312247,-6.501105670299012,50.59646837717339,0.01046836000287756,-0.18605937312277135,-0.0039495610613413555,0.0,0.0,0.0,0.0,nm
15.094116999999983,10.629363598879086,-6.508986375921259,49.98247084557979,0.05865446060462308,-0.12420705268900067,-0.03012151470931391,0.0,0.0,0.0,0.0,nm
15.103627000000017,10.543203341422142,-6.612390973556237,49.585946192264174,0.0932060398062244,-0.07597983244546128,-0.02222702056006205,0.0,0.0,0.0,0.0,nm
15.113104000000021,10.421034424782649,-6.770949731086274,49.366502097725025,0.08776738941644992,-0.08358982059629061,0.052892343365062953,0.0,0.0,0.0,0.0,nm
15.141691999999978,10.005245145691655,-7.3866548035448245,48.46710965418672,-0.038950033911355826,-0.12456563865880607,-0.02494280351532852,0.039000128643418674,-0.051697291940671554,-0.013911164126324609,0.0,nm
15.151194000000032,9.904762016084446,-7.487158646609085,47.9584696216013,-0.08413698239798834,-0.15583271070831475,-0.02998897086978468,0.03683134834299253,-0.04760581138248573,-0.017838865094287882,0.0,nm
15.169984,9.75987832358176,-7.502621910084703,45.46946370725057,-0.10645257914412713,-0.18212536838142793,0.053376977293649895,0.0,0.0,0.0,0.0,nm
15.189233000000002,9.691082452140058,-7.357093188764716,43.451783011979856,-0.05651298241572433,-0.12344155040481274,0.022537185779319954,0.0,0.0,0.0,0.0,nm
15.198741999999982,9.686797157464001,-7.333820713632903,42.62391593188546,-0.01289236860721591,-0.07992100760154151,-0.01680484927372517,0.0,0.0,0.0,0.0,nm
15.208213999999998,9.68994459539578,-7.364968560225294,41.69954423198708,0.021841380109676227,-0.060227265214005045,-0.013314615319275592,0.0,0.0,0.0,0.0,nm
15.246298000000024,9.525293066315243,-7.7811715532600765,38.22189166738733,-0.009083123284513975,-0.14070685636923996,0.024153105147262224,0.0,0.0,0.0,0.0,nm
15.255811999999992,9.409169494168239,-7.824972783022604,37.24307557549637,-0.04506098847895359,-0.15893453526226536,-0.007165623918899775,0.0,0.0,0.0,0.0,nm
15.265324000000021,9.263219099064926,-7.813812103610865,36.535385596075116,-0.069200309581786,-0.17182187432412369,0.0012424328064713228,0.0,0.0,0.0,0.0,nm
15.274830000000009,9.096187932586963,-7.739131820625844,35.58941905182475,-0.08551015994247001,-0.173261061142228,0.032222674136877995,0.0,0.0,0.0,0.0,nm
15.284152000000006,8.922841789940275,-7.617368964020811,34.28464208147849,-0.08784674539522837,-0.15204646386436504,0.050262155431105834,0.0,0.0,0.0,0.0,nm
15.32237600000002,8.459632731881273,-7.271069872079396,29.521312137550083,0.013305485163558462,-0.022498600833984767,-0.0038556597655955514,0.0,0.0,0.0,0.0,nm
15.331864999999993,8.411569975462847,-7.280394835000069,28.667821186915514,0.015474020589503824,-0.03694029811364603,0.03243899336287019,0.0,0.0,0.0,0.0,nm
15.341408999999999,8.3734321714677,-7.299557667512273,27.777353414616112,-0.012560190547790659,-0.06772320320365294,0.04525138707128888,0.0,0.0,0.0,0.0,nm
15.350918999999976,8.334219615852206,-7.296585580534401,26.717703313663836,-0.038595307168825525,-0.0937628378762832,0.03229627469340081,0.0,0.0,0.0,0.0,nm
15.36038400000001,8.285019554792788,-7.25516282431258,25.79607663416875,-0.06701560973161506,-0.11464430387912534,0.010376751037327856,0.0,0.0,0.0,0.0,nm
15.388785999999982,8.000096121827607,-6.80371225172613,23.09279765372753,-0.10361130604051792,-0.1420139084281096,0.044968177487801034,0.0,0.0,0.0,0.0,nm
15.39840300000003,7.955108034682917,-6.752933415331857,22.222056618417344,-0.3067563075271875,-0.2708944926526838,0.1735199051572231,0.0,0.0,0.0,0.0,nm
15.40790800000002,7.904409958015901,-7.393803776564396,21.484447840760375,-1.1860207139733558,-0.42427514503471314,0.33435224448759654,0.03773765243241707,-0.1231014900942699,-0.020486777558775877,0.0,nm
15.41736400000002,7.112459241735911,-8.278546775066259,21.12189090518793,-0.09838319836743567,0.06635372371575814,2.0706618563225905,-0.08251504186370638,-0.22200371434683322,-0.04357425119792138,0.0,nm
15.426912000000016,5.425879468823248,-7.392200631474116,20.310374591602432,-0.8847155059104227,-0.06844340167739422,2.820519534513025,-0.37536743576528936,0.05101310121714761,-0.0036410449246960944,0.0,nm
15.436247999999978,3.6076455780251377,-6.525496600306767,18.89507976005466,-0.4638607773369154,0.5699609077298069,1.1754893637425707,-0.39809848639190415,0.04819808546636295,0.015596041987538807,0.0,nm
15.445943,1.7256512242187605,-6.328603082849238,18.119720568439245,-0.2671252113141452,1.1417994377282148,1.3607566258236314,-0.36839245374206964,-0.07840087153756882,-0.0038432455570363414,0.0,nm
15.464961000000017,-1.4842761309135564,-5.654453092333896,17.20195439427177,-0.30163809106259154,1.1556864901021722,0.3350337221945878,-0.21941204786419807,-0.011403632944016879,-0.07204540418882319,0.0,nm
15.474482000000023,-1.5349930235221456,-5.934670756537149,16.7425169418728,-0.6593028769913298,1.3011104595145195,0.7005702067914217,0.006713792012169317,-0.05663061357471859,-0.09304443242012317,0.0,marker_1
15.483992999999998,-1.0490229950334797,-6.278793268218471,16.113940186001173,-0.44093243876237476,1.0411071983438935,0.7410462350997319,0.11231944619048961,-0.03873919749114194,-0.1155394530407269,0.0,nm
15.503006000000028,3.545487601197951,-5.66885366452153,15.095143314454681,-0.7725397922069088,0.46779922225028203,1.1958732650367465,0.5176849328028604,0.21609623482891496,-0.02498101078809407,0.0,nm
15.512520999999992,6.951430597151955,-5.232365352465828,14.981794128443171,-0.4919294300732212,-0.06826728337549928,1.2056108341565883,0.6331547963387567,0.26060594326035247,0.04209901234551819,0.0,nm
15.521969000000013,11.261355268971704,-4.386939540960276,15.259108052858432,-0.3477580970702058,-0.36516213700809647,1.5218259804816483,0.7862702745320772,0.3877772369782286,0.1278830783588659,0.0,nm
15.540997000000004,20.547138356165075,-2.6573663314828098,16.369948628950514,0.13820846566067813,-0.7998170404710595,1.036199771487506,0.8687823868746279,0.3994607923923672,0.16407593559826023,0.0,nm
15.560112000000004,29.005585068098792,-1.5662197415965888,17.251412767668384,0.543072303247058,-1.0921060567209722,0.3931694456792883,0.7152653513549133,0.3412013059218094,0.10540123043424508,0.0,nm
15.636202000000026,45.48395870534275,-0.5169667237317007,18.718343314235923,0.09421812704784527,-0.4464701150503734,-0.5815719886910757,0.14767131139985754,0.045579908891907474,0.11074296225654948,0.0,nm
15.645699999999977,46.159296016086756,-0.5751663238429658,19.128191596059736,0.09218262074744685,-0.35339300562476705,-0.5713735986438886,0.1317054949598428,0.03285248033133433,0.08337718041445429,0.0,nm
15.65524499999998,46.81812015686768,-0.5169392803491568,19.455343141561954,0.11459166951921977,-0.3113228378556788,-0.4827584109653665,0.12066822454740474,0.05461203736988898,0.06677739630716381,0.0,nm
15.664752000000021,47.40510956276989,-0.2905098580284415,19.708050002174723,0.04490247711342378,-0.2427112954399474,-0.5096264018714902,0.09554811242038477,0.08213798630293488,0.05142911482539861,0.0,nm
15.674245999999982,47.89188566584377,-0.02051975050233823,19.7851234108753,0.045114964492935,-0.2037891421441071,-0.5046303000182786,0.07347941351229768,0.08383564095374393,0.01568655986481249,0.0,nm
15.683757000000014,48.2264119799479,0.23832971454957655,19.727899350591304,0.1079694600940304,-0.1413245903223539,-0.5889716069480864,0.04552649600601871,0.07143532277860228,-0.011602516059357039,0.0,nm
15.693271999999979,48.517613156307746,0.5034427345660991,19.698826237567257,0.09957874596926432,-0.09390987866076209,-0.5981612551097069,0.036987922360912584,0.06965680750747252,-0.006214354087515766,0.0,nm
15.702739000000008,48.77657422170154,0.6956563370990361,19.714902093273476,0.04085967906915666,-0.0014840823599625475,-0.6671863376228583,0.03583816656475274,0.05373128179350608,0.002666658527590575,0.0,nm
15.714731000000029,49.07281215683228,0.7351714236599179,19.729883931018623,0.021297977197109574,0.030655230551234966,-0.6282935001480658,0.05316977599430906,0.027469514968015862,0.002257714412293643,0.0,nm
15.72180000000003,49.47809505079665,0.6831983079663705,19.793912841633816,-0.016984262482211677,0.10944007913101106,-0.7059678162590458,0.07989585979405633,0.017647096965309444,0.01182228878844572,0.0,nm
15.731122000000028,50.18490587879674,0.6154118652166094,23.357490514493374,-0.10513402154824986,0.11011953976067182,-0.6056404770216858,0.13537390318527312,0.04349096293065037,0.026937377393291936,0.0,nm
15.740827000000024,51.04698521296028,0.5307697260520816,26.81134060695777,-0.17584786028972013,0.13089835069299158,-0.6373430654746544,0.16178407039885623,0.06257341008079696,0.02235576981088575,0.0,nm
15.750333000000012,52.13397624692427,0.43622736404961165,30.140648710009714,-0.16794830023193275,0.1049593691774635,-0.6556561278219688,0.1978046324438524,0.09281032287821984,0.011813160239362668,0.0,nm
15.759847999999977,53.43989382827727,0.3807101122168085,33.44648513800385,-0.13893661376861724,0.033430262375003746,-0.5815791307030532,0.22443680390685877,0.13469422589819208,0.015441941436528118,0.0,nm
15.769359000000009,54.75321145956374,0.34904497190998607,36.71109152024649,-0.13580848008248622,0.009369113882027214,-0.6493448895004337,0.21476583572408764,0.1519335563690274,0.020017059494216245,0.0,nm
15.788368999999989,57.31745521151237,0.19115024792095825,43.021766766597985,-0.03554713638329087,-0.08306063777073493,-0.6173350565726923,0.19337158206352392,0.1554957351080881,0.01563219908850909,0.0,nm
15.797896999999978,58.361612064593814,0.1315333036615881,46.10918422587537,-0.05473517419252187,-0.09358750149961681,-0.6744653249138735,0.15369196170983954,0.14227704273034295,0.019976926833462597,0.0,nm
15.80740800000001,59.293887396289485,0.1161718770785859,49.10427766238267,-0.05315807435641442,-0.13444990459499273,-0.6573426154539574,0.12464302031274313,0.139022180702628,0.015624394495267254,0.0,nm
15.816912000000002,60.0776893722104,0.16335352302726525,49.128337392824584,-0.013483056173318754,-0.16605898862920782,-0.6399189959496356,0.09558750058086128,0.1248521866303639,0.004431390553336281,0.0,nm
15.826420999999982,60.73039577716385,0.2956755125599274,49.135079620563786,0.029524731092058602,-0.1873424822131595,-0.6444893644200723,0.06548088021150954,0.11618198517059375,0.0008177831011580185,0.0,nm
15.845432000000017,61.6200268801253,0.6544349244965657,49.149866021443785,0.11103619231756723,-0.2233936243148278,-0.5915746223979403,0.019509405176892328,0.07506904748646455,-0.000571140024852338,0.0,nm
15.864463,61.71425510274096,0.7726188450315569,49.18145530235105,0.10202880242199343,-0.22238171001273108,-0.482194294461202,0.0,0.0,0.0,0.0,nm
15.873932000000025,61.42121878638925,0.7229346280759177,52.07583818075598,0.0398636652422819,-0.20619297406755235,-0.4229199310370774,-0.028228169826690064,-0.05239267867081996,0.006455939492968014,0.0,nm
15.88349599999998,60.93930628206045,0.6513656627743545,54.86303328837434,0.006264905563720597,-0.22182983508581244,-0.30601646262138565,-0.04379928067601033,-0.08717064013014554,-0.0025120853856105997,0.0,nm
15.893014999999991,60.271097900626195,0.6349618164576105,57.5356784247927,-0.012061713581778703,-0.2392743147217315,-0.20479180719787934,-0.06896507765077022,-0.11470534203156162,-0.014383368451856287,0.0,nm
15.902516999999989,59.491089865390784,0.7265394464992305,60.086098501421255,-0.0629337011805531,-0.22355301872953262,-0.14778124056676908,-0.09363407955009094,-0.12634686015721236,-0.024954030736617155,0.0,nm
15.911997999999983,58.68283048874062,0.9302696993108104,62.55058781815699,-0.08293065208220986,-0.1968384094703814,-0.07536094122027014,-0.11061001278131555,-0.12498861603987725,-0.03327091984285635,0.0,nm
15.931062999999995,57.157148189819175,1.5248936653975214,67.42118067383633,-0.10501669476637684,-0.06148437979181939,-0.04478721352761274,-0.11180954232886633,-0.10879728572947726,-0.024294169899628567,0.0,nm
15.940577000000019,56.645895727822136,1.775669599119827,69.9242460481287,-0.09693775337124828,0.0053569881970892885,-0.029417952264454452,-0.08226322402169646,-0.0789195940733581,-0.008325750789348921,0.0,nm
15.950078000000019,56.34884575286824,1.9152179969332812,72.43840091674589,-0.09230156390795448,0.059090792426050476,-0.03166106900879762,-0.04460184122154311,-0.04823784020664254,0.008181269499086081,0.0,nm
15.959550999999976,56.26334431081218,1.9271855521612997,74.96269890344483,-0.05574192230027377,0.06531419361216821,-0.04893161899000047,0.0,0.0,0.0,0.0,nm
15.969099000000028,56.32502456867028,1.8277438486240283,77.39256218222407,-0.025273865714566794,0.034858067882274205,-0.06131843733171654,0.0,0.0,0.0,0.0,nm
15.97862200000003,56.479005387944056,1.6608079705391467,79.68823769823567,0.054576598794640614,-0.012416553233565107,-0.08437975982644445,0.0,0.0,0.0,0.0,nm
15.988055000000031,56.63643081561486,1.4962863895815413,81.83567378036909,0.11710346061789208,-0.11229951962560124,-0.10602608403759178,0.03707108182933915,0.026556187892745876,-0.026850310496027215,0.0,nm
15.997562000000016,56.69584949059179,1.3999942244236536,83.82761086371214,0.15268427345481192,-0.18574106893094525,-0.16479879831098124,0.02044735385113659,0.00979104955208565,-0.046145441054281776,0.0,nm
16.00707699999998,56.63317039578282,1.4003182944132162,85.7338581226361,0.21689748177416895,-0.2368267337422637,-0.16681445957103824,-0.0009520045465928351,-0.012512796191317312,-0.05539686619531055,0.0,nm
16.016547000000003,56.38518739734489,1.4966678893603107,87.61709902728079,0.24640809952773182,-0.2409641885002451,-0.1912964612789138,-0.021220680598293087,-0.04884629214171565,-0.05002008764209952,0.0,nm
16.026094,55.99223718409112,1.652643500409634,89.54491739292581,0.24904867051156038,-0.20134873512780954,-0.20276933853974652,-0.03174390119946927,-0.07845503448023819,-0.029989747911444563,0.0,nm
16.045117000000005,54.865167294752275,1.9156825743916748,93.74865240111524,0.19110301391651532,-0.06767153294525878,-0.15199818681906702,-0.012929823458085535,-0.12584477499875074,0.02124312548465239,0.0,nm
16.054624999999987,54.19339915867792,1.9445223562193286,95.90845743139957,0.14642769158895497,-0.023299260281117593,-0.1278657368169508,0.007894528090136564,-0.13434440218455806,0.03723494927113127,0.0,nm
16.064134000000024,53.538452937223795,1.9198347974220242,98.0466124935262,0.10614079586856137,-0.02794371391294059,-0.09132491588363181,0.023022896610097442,-0.12914063452788777,0.04219376720272593,0.0,nm
16.10226499999999,50.75124083713196,3.051161366121531,105.38815689038348,0.16091283391702565,-0.22158012877269673,-0.02426183872693408,-0.008580032156706949,-0.12760973011300009,-0.03027565755311931,0.0,nm
16.11176999999998,50.01175985179588,3.6290559403387013,106.99187428633897,0.1421452285750334,-0.22077103296035513,-0.0692994350322097,-0.018046514836063943,-0.13880594305937866,-0.03127678420773087,0.0,nm
16.121267999999986,49.25424411712879,4.163863726412812,108.62965308527555,0.1736469327767178,-0.16404164658318693,-0.006123721652531242,-0.016859144476345508,-0.13961723221466088,-0.020341138339872084,0.0,nm
16.13074499999999,48.49416108711826,4.589188103283686,110.32526660565166,0.1236808781084589,-0.10611028695600332,-0.036682172198234275,-0.0028033155370174876,-0.14365115834405487,-0.0009139001021567381,0.0,nm
16.14029499999998,47.80931507630495,4.8607949732710924,112.11242123875056,0.07301409823621086,-0.05373994187378953,-0.0459256957657677,0.013119223286879823,-0.12954145168208941,0.018108667702638723,0.0,nm
16.149770999999987,47.22797662464749,4.971828748545339,113.8993311598881,0.016291524708369372,0.008839396687320209,0.01702770104982594,0.028445239031219344,-0.10591123994347841,0.025795721878065878,0.0,nm
16.18782299999998,45.42781314439067,5.181507930492683,119.99553417040042,0.06089535857563466,-0.046461867570077225,-0.02366883542794736,0.027086323097380835,-0.06965446333184337,-0.05186715039820736,0.0,nm
16.197365999999988,45.056413572395,5.368722617613708,121.19897314725047,0.08988805327452346,-0.0463312243566321,-0.04512526671443403,0.016664382110823762,-0.061121352369233835,-0.06863262225118323,0.0,nm
16.206890999999985,44.69255401342664,5.567010544530451,122.38004155264262,0.11168858738584796,-0.04154176767674398,-0.062394764344788106,0.013563984648446015,-0.054259667004298746,-0.06809002738063064,0.0,nm
16.216387999999995,44.329979612979955,5.716052086025994,123.6277495937595,0.13011475240246972,-0.018701303031850424,-0.08742552756513795,0.020942577248896053,-0.04610011442991739,-0.052566346261192644,0.0,nm
16.22591,44.0182076018768,5.768956005089317,124.97485220110102,0.12525909367056087,-0.00726771941737461,-0.08778238300154273,0.0,0.0,0.0,0.0,nm
16.235366999999997,43.758914012204954,5.740271147184254,126.40251187534982,0.11580585057626336,-0.009755904897067222,-0.07643533462779388,0.0,0.0,0.0,0.0,nm
16.24491599999999,43.54804853977042,5.666047504817352,127.82011405385855,0.0904904998342012,-0.031759689321340004,-0.09488257026231423,0.0,0.0,0.0,0.0,nm
16.25442300000003,43.39955058582032,5.595298223390948,129.20604565286982,0.09695450121564832,-0.030723488181315727,-0.04459469118675415,0.0,0.0,0.0,0.0,nm
16.273413000000005,43.111417681889975,5.637965175217942,131.71072261440077,0.08533600738542017,-0.04256205637972473,-0.08927633991257268,0.0,0.0,0.0,0.0,nm
16.30193300000002,42.75325821030407,5.792944975683226,134.9445416680703,0.11757134779115042,0.04670556087069265,-0.13942008970905034,0.012225152747400398,-0.015273196787085514,-0.05440187678706661,0.0,nm
16.311440000000005,42.65127196004919,5.73325722318053,136.03982184605675,0.126997166672133,0.0758876495925456,-0.12830260637997457,0.0,0.0,0.0,0.0,nm
16.339965000000007,42.24750375890107,5.154232074281704,139.6994863951554,0.1464555966931738,0.049403528682383034,-0.11355324790342682,0.053996502863559136,0.01558301100004784,0.0022240426549495,0.0,nm
16.349552000000017,41.88106799090501,5.055117622694808,140.82033731953732,0.15289759699351088,0.03594736714810068,-0.10355689613411168,0.057840345972567854,0.007967172097808523,-0.009960141089370269,0.0,nm
16.359065999999984,41.46307676253145,5.020739057844505,141.83643736580441,0.16520488518923937,0.04141501185252446,-0.0742430369209586,0.06011765623413095,-0.006743444012982526,-0.029795439647622882,0.0,nm
16.36852600000003,40.98274811822082,5.0469404464681835,142.73281797224857,0.15484924021497587,0.027795059180280753,-0.09167213767065363,0.06456041817723923,-0.023666422375350576,-0.04889513358977791,0.0,nm
16.37826100000001,40.45724295588671,5.097929649802479,143.50950606062696,0.1453040038512181,0.03374334591901602,-0.08857819017252733,0.06946901485474204,-0.03480666767467481,-0.05890386154274277,0.0,nm
16.38776999999999,39.92237702885936,5.147356083492126,144.30950796971408,0.13356500132062368,0.03474918543351041,-0.08123567930789699,0.07514559820096885,-0.03884310404948893,-0.05441949326606835,0.0,nm
16.40679,38.944341535537504,5.1514242433930875,146.16960836734586,0.09893262114961272,-0.018216357647257226,-0.10317414320888502,0.0836254173414238,-0.023822075557414637,-0.01993911152044258,0.0,nm
16.425767000000008,38.22257575520613,5.090746759684835,148.32331807198568,0.08806078028639475,-0.033863584034410296,-0.08610472929701819,0.06629930626172181,-0.009108359571301601,0.0036334710408986192,0.0,nm
16.43527499999999,37.92924403039696,5.0898151597021535,149.36548322682276,0.08690914279002708,-0.016168071399381524,-0.08697665973454172,0.05439036950540075,-0.008536782385591609,-0.005106794650825687,0.0,nm
16.44483200000002,37.60593367646685,5.099617852849691,150.28235337293026,0.08848676988492284,0.03216786328619197,-0.08794479672837381,0.04730208054344292,-0.012093995111266858,-0.025395636462883706,0.0,nm
16.454287000000022,37.361124183727775,5.0656245476414,151.10320339218464,0.054272260986568066,0.07200731148154584,-0.14348090566944782,0.04609041686881132,-0.017522003077284742,-0.0482725753722149,0.0,nm
16.46374400000002,37.08418990171265,5.0430022349985935,151.8409055260467,0.051374701998577195,0.1305470767148596,-0.15208096546190078,0.05091618053121065,-0.021915527120323887,-0.06207216832759058,0.0,nm
16.50182799999999,35.46178428357895,4.257068850555452,154.9695752902443,0.13437162916290787,0.09316907298648716,-0.094775726993578,0.11662290749321479,0.01129277564258892,-0.011094181762100091,0.0,nm
16.520849999999996,34.31212622268259,3.7606205291739596,156.71990329452703,0.14074012703511818,-0.05765491787323686,-0.10710417035497988,0.12579679793996218,-0.0077708386820514825,-0.004998249523553129,0.0,nm
16.53276199999999,33.73240801129851,3.661083131146292,156.5816546521969,0.0978019329027092,-0.0642239982376174,-0.11559749998857526,0.11427507042869722,-0.02761063858605432,-0.020151415452621356,0.0,nm
16.53982000000002,33.22084303317685,3.638651522821685,156.34124275172087,0.031044112365817972,-0.028115496357975462,-0.133179055317575,0.0955363405826112,-0.0367061280056312,-0.04159573262425655,0.0,nm
16.558847000000014,32.43749482254828,3.5223515161343064,155.66701971454123,-0.06415683931857409,0.09420774980759031,-0.1428618091631537,0.07383181375587734,-0.013268659987223921,-0.06492341351323555,0.0,nm
16.577855999999997,31.747575340593794,3.0040163910154924,155.13587714128255,0.05100725583325158,0.09433891353146358,-0.12601058944705135,0.09023943891841704,0.030119859910864837,-0.042615386271941245,0.0,nm
16.58737000000002,31.369144478824513,2.5946984629117247,154.9605496371252,0.13459805627359459,0.052720676201145636,-0.09982803316065152,0.10322144323318806,0.04240110716961683,-0.03137470810804811,0.0,nm
16.60639500000002,30.50712471692628,1.940087882483249,154.6555520491381,0.2285510224129502,-0.058798665544179084,-0.10764754278047477,0.10368477773447647,0.011654068154951139,-0.029525062413363945,0.0,nm
16.615901000000008,30.0774548016551,1.771502465576477,154.41111296764245,0.18873722509344062,-0.05793439326736483,-0.13855357614982491,0.09217366739014768,-0.006489368378992601,-0.04613125270143216,0.0,nm
16.625400000000013,29.71100136160408,1.661118162062304,154.08097249804493,0.11057226517178229,0.00109932959712506,-0.16235792168170907,0.07568302800420561,-0.011951625259114572,-0.06387452780039142,0.0,nm
16.644390999999985,29.239811509295233,1.314776962189121,153.3682630040047,0.04468808213426649,0.18028551384953237,-0.10239357622443385,0.054552569161863476,0.022353181448686695,-0.06812965325572842,0.0,nm
16.653980999999987,28.811241736707846,0.9386625313105362,153.089831952173,0.07213905337586075,0.20968983223895588,-0.05759683508374101,0.06200830202038807,0.04543975349136451,-0.05388607482063116,0.0,nm
16.673001999999997,27.71571303370012,0.2934601493980047,152.7501568701333,0.21280889903509656,0.10617975822907452,-0.053144191075498774,0.10674333743398506,0.04311480244919729,-0.028423046508461308,0.0,nm
16.682551999999987,27.028240459770736,0.14566327622254135,152.57403839067237,0.24713184366189084,0.039008159361487056,-0.07522119420250496,0.12599247258448473,0.021035292521474958,-0.0343834342870484,0.0,nm
16.692072999999993,26.27095242497984,0.12709671507949166,152.31995651507776,0.22783310207540075,0.007404707225508349,-0.09632833865133901,0.1345311356329209,-0.011943174089772923,-0.050162698460152706,0.0,nm
16.70151500000003,25.598673039671482,0.00608307386478009,151.96938669932064,0.164337950446904,0.013439968075402972,-0.1389328123356844,0.13037419892567947,-0.041473349054352376,-0.07000665908439523,0.0,nm
16.71103599999998,24.9615987259473,-0.06155103584384264,151.53765385918413,0.07818110058046333,0.07009769922562319,-0.14383846717759963,0.11881785316244944,-0.04844151249608503,-0.08647101327483961,0.0,nm
16.720591000000013,24.23835150104194,-0.2639388291804937,151.08868743148406,0.013254162674476096,0.1619687981129281,-0.06641204722379099,0.10930793236894473,-0.031609327032925995,-0.0903087357982773,0.0,nm
16.73009400000001,23.58860071388776,-0.6269567627835088,150.72286527061104,-0.0358412364490497,0.19607744656840229,-0.06564040002766021,0.10257964602855135,-0.007179584714909378,-0.0742729531164623,0.0,nm
16.739634000000024,23.001170341148843,-1.030284371383806,150.50111671437847,0.004933613072097048,0.17002848933989526,-0.016221151565910537,0.10409874750700722,0.013843240567644641,-0.04604610289970932,0.0,nm
16.758618000000013,21.805899124392067,-1.836075807400542,150.27198328806375,0.17386970323684575,0.018199956328719378,-0.006463110172328172,0.13847201761628336,0.04625280964268813,-0.0248612528768819,0.0,nm
16.768148999999994,21.17424327054535,-2.0506728462233608,150.0975981492426,0.2708474985148607,-0.047182392152749865,0.029146964603774597,0.1411322043721628,0.03159016882429304,-0.03884297533924214,0.0,nm
16.777674999999988,20.515890092623565,-2.03527756868432,149.78759519975728,0.3274860827478296,-0.07589699639887472,-0.007324109017586049,0.1291095603523175,0.0020103325918774213,-0.06634258235279082,0.0,nm
16.78718200000003,19.87129442430026,-1.8976832491594076,149.31781901114852,0.3170705759190157,-0.025820990240781577,0.015837203130863856,0.10303993798349922,-0.021903762208154508,-0.09814491284424422,0.0,nm
16.796692000000007,19.21549317378625,-1.7450154321250158,148.75067563733333,0.23519651765006053,0.07772523389299847,0.013384958194473247,0.08037981715236002,-0.04306176237872793,-0.11754410201938569,0.0,nm
16.80616500000002,18.519015935080564,-1.6759481896933355,148.20589606555598,0.12991141892248387,0.20824286584282192,0.023966444175919057,0.06842753511453724,-0.05509960489838629,-0.11321985319019327,0.0,nm
16.818179999999984,17.802598390531074,-1.8027463007454494,147.78813336335867,0.038695484045906475,0.2898387977100549,0.033019737542262124,0.07432916310908559,-0.04611509596618539,-0.08806780499987106,0.0,nm
16.834630000000004,16.424666461260106,-2.5427964290186638,147.4596934500161,-0.017281653848104442,0.2841855373136575,0.10776666623887983,0.14364026053615178,-0.0035549244773116816,-0.023066405562169677,0.0,nm
16.844172000000015,15.681972756216991,-3.044445080365619,147.4252744902783,0.04513835572983151,0.1717686304569616,0.1352746934736863,0.17929676577257922,0.004729704387419134,-0.014126940972363649,0.0,nm
16.86319100000003,13.927780838483274,-4.134849913257883,146.95389072197338,0.19460052448979243,-0.07653103638991032,0.1548635175877891,0.2087607052334086,-0.008946106095507033,-0.08031808417323925,0.0,nm
16.872725000000003,13.057954605690876,-4.516170987973823,146.39452616493998,0.22996292119196401,-0.10939097852376767,0.13652319056477524,0.18712101854167548,-0.03162136579363891,-0.12508896369301295,0.0,nm
16.882195000000024,12.267863695100989,-4.71588447986411,145.7060704831724,0.22205315704018783,-0.04948592648679238,0.08642188526512061,0.15319222206718164,-0.0549012331078879,-0.15052804763703254,0.0,nm
16.89175799999998,11.578509594366311,-4.780326600824791,145.04932633932566,0.16047170050899884,0.07094012908606671,0.07478492454305811,0.12057232157480179,-0.06755035040295174,-0.14287635485510988,0.0,nm
16.90126600000002,10.97920793695425,-4.772709467360978,144.60131885802892,0.08206678422170983,0.19310402809215915,0.12389682830532163,0.09690151822351833,-0.07015141291297594,-0.09966676679534374,0.0,nm
16.910787000000028,10.39110759801025,-4.794603852274145,143.4446089516842,0.02487287653190351,0.2689557861544822,0.1363210308456809,0.096985041993205,-0.06626711527480866,-0.038408682332071765,0.0,nm
16.92962399999999,9.132087691084685,-5.303548936730644,140.36296907245736,0.02227969881243062,0.19985579669306625,0.18685858092196256,0.14356362243233922,-0.03103088441281061,0.04066742681750856,0.0,nm
16.939141000000006,8.385544129829738,-5.7538604154937705,140.56519241329028,0.08573370416060994,0.07022373603259117,0.21446547557620477,0.1721907532840467,-0.025181868671097778,0.026076452760338337,0.0,nm
16.948649999999986,7.552950137072442,-6.227101375432068,140.54377975727607,0.1418258496177218,-0.03012608366137595,0.25291856159177156,0.1882940536780542,-0.03217672745997906,-0.02168275981828812,0.0,nm
16.958172999999988,6.694666258913247,-6.657529040393954,140.23102669171703,0.17121339236760327,-0.09956123273417167,0.26024160228068866,0.18656518807297787,-0.04250067211254148,-0.08188099924663099,0.0,nm
16.967758000000003,5.845875762713511,-7.030080114506014,139.68931728041684,0.16850419310407225,-0.11021383772309142,0.22106681258936153,0.17723689942066878,-0.05146155887235178,-0.1286794109898109,0.0,nm
16.989363000000026,4.317820356032329,-7.770851199409825,138.66225051009675,0.11999637174226949,-0.020616434135152708,0.1422126801002644,0.159116632047969,-0.03732021454762135,-0.10564071973393906,0.0,nm
16.996212000000014,3.6382456742314306,-8.160528923811604,138.5499510677957,0.11941795870156825,-0.014614384043624078,0.16056026533239512,0.15273267510733882,-0.030583624888372987,-0.04133428386258551,0.0,nm
17.00572199999999,2.98684437747046,-8.538322895288951,138.7710846155133,0.14302224652064724,-0.06954854703584736,0.14958366929885622,0.14689702172503274,-0.028451143241284952,0.025320545029053995,0.0,nm
17.01525700000002,2.3569974051567244,-8.901132330568036,139.1873927811994,0.17808999392167016,-0.14512767033524276,0.12528597610089914,0.14176759334854191,-0.02701345915310896,0.06420727587774548,0.0,nm
17.024763000000007,1.766995320679228,-9.22674768418183,139.5842265311562,0.19103703703334252,-0.19657436316514978,0.1119469774671369,0.1310352785799638,-0.026455175747115537,0.060817340262908345,0.0,nm
17.043767000000003,0.76301831167722,-9.771740883788892,139.68614647200235,0.17123973768534306,-0.1417412501619204,0.1680694211399162,0.10602011458542415,-0.01826315544133026,-0.03346179014222209,0.0,nm
17.05328400000002,0.33485089654021605,-10.094919548808425,139.39172165331487,0.10493153736936471,-0.08788380991186832,0.2500342234004296,0.1062787179641803,-0.0055698524208761535,-0.0737222874641008,0.0,nm
17.06274300000001,-0.10962635345132528,-10.460140164802603,139.06424283418733,0.044194699944695645,-0.03915460867270689,0.31979947855374663,0.11411212387188592,-0.0018101993882912745,-0.08142965714698323,0.0,nm
17.08181000000002,-1.1916765682305621,-11.239862208415765,138.95259373888342,0.006126960698109849,-0.12123356584853781,0.2885005744059944,0.1370425614660981,-0.014215802214136994,-0.00848515992378002,0.0,nm
17.091319,-1.7767959161689841,-11.593289666966385,139.23704247984136,0.013158449457403007,-0.2507084136664301,0.28689128784503903,0.13317211618839925,-0.02171674348252871,0.03373993338564826,0.0,nm
17.100832000000025,-2.271342151308246,-11.796171325256799,139.606209714645,0.04539900444745144,-0.38536981266217263,0.22613551836398993,0.10010010159123271,-0.03222741762223712,0.053816019423035134,0.0,nm
17.119854000000032,-2.6308108639178642,-11.67541292301748,140.02116158964355,0.08732915313926971,-0.46531030778085963,0.1673788282525645,0.0,0.0,0.0,0.0,nm
17.129373999999984,-2.4607226162409006,-11.386109203952152,139.95227229066901,0.05512237692822177,-0.3484249632255616,0.19756943716250525,-0.06282140038182916,-0.02291891886026172,-0.006980745834482862,0.0,nm
17.157921999999985,-1.2089179335655589,-10.341760041194973,139.64286289448202,0.008601867318365848,0.16293757819086427,0.12780627724159496,-0.10631342660215236,0.01985042603616815,0.0177379943884018,0.0,nm
17.167408000000023,-0.630777892874825,-10.199720044186792,139.83268723790388,0.03801844894422765,0.14623406335833067,0.14980487712013582,-0.10533555575101952,0.05193064895879315,0.058640916849365614,0.0,nm
17.176916000000006,-0.073935938313231,-10.157208619255417,140.15230946260783,0.07428164192938838,0.02142972744706268,0.24167950175917463,-0.08956053862041156,0.06405388939068564,0.0836830020908104,0.0,nm
17.186425999999983,0.25051101600565384,-10.168343820193794,140.47756312927305,0.20812286817064965,-0.06660880589879521,0.2803257065732241,-0.047803717870897065,0.04256450859336639,0.07656881922525097,0.0,nm
17.224488000000008,-0.7196161906130659,-9.641107977809293,140.38665940917724,-0.09000231372164313,-0.17459695078971904,-0.19227220151465044,0.07778453065947341,-0.09254015756792112,-0.06521390527414685,0.0,nm
17.243492000000003,-1.6441620044201901,-9.57358553933747,140.166709885315,-0.0054331090955388114,-0.1336871678855649,-0.0669764720328527,0.0,0.0,0.0,0.0,nm
17.262613999999985,-1.3885597164495433,-9.809335634444766,143.5332018766138,0.14852570029753515,-0.11108459802005619,0.012191131998228272,-0.035070771440614254,0.0530131324477868,0.03547525525440356,0.0,nm
17.272302000000025,-0.7799279587569248,-9.849638109098967,144.576405588586,0.20760944976436188,-0.14835162280661252,-0.002833041307289417,-0.09316719303107908,0.07623937309745446,0.030973676553877626,0.0,nm
17.281646000000023,-0.20601011140774922,-9.910451918879906,145.8553046855467,0.2602467131089006,-0.06240238482584325,0.05861213819506463,-0.08695820264301679,0.073558358406904,-0.0026199085725011283,0.0,nm
17.30056400000001,0.895586713038716,-9.99356006217024,147.96506615509762,0.19557973347356597,0.07921196152129353,0.1871774951154886,-0.08495715712665661,0.05765696394644191,-0.03718318500932951,0.0,nm
17.310135000000002,1.1314942468199343,-10.023913656810377,148.90700094184788,0.16399630182573505,0.1984356972870479,-0.011816095699237394,-0.0367561208610826,0.02916890655246879,-0.03289699026914663,0.0,nm
17.319861000000003,1.2689391890993007,-10.137949197440289,149.89269691645995,0.13551111802648197,0.22515187671159956,0.023981030480472405,0.0,0.0,0.0,0.0,nm
17.329320999999993,1.2950873493166317,-10.287697317577924,150.9433501776714,0.11010314576925209,0.16746752439547638,0.08214970563610209,0.0,0.0,0.0,0.0,nm
17.338685999999996,1.1701039351057005,-10.44384718563849,152.54254636885034,0.1677969197578218,0.12816119556821262,-0.02052152342472352,0.0,0.0,0.0,0.0,nm
17.348392999999987,0.9553198276741367,-10.462757125826032,153.7156793162285,0.19329522264328838,0.028291339346499234,0.022127251898706107,0.0,0.0,0.0,0.0,nm
17.367413999999997,0.6314784585604525,-10.385861057513342,155.21404148723556,0.18780387683465635,-0.029996668502580152,0.0026041081842019705,0.02669371106596759,0.016791347704155954,-0.04733636954012492,0.0,nm
17.376935000000003,0.5992880784845436,-10.295044684341327,155.67666001853618,0.14575417939224905,-0.06558826362258954,-0.0030214639444724163,0.009444576489687342,0.014581810309501292,-0.06619757148444229,0.0,nm
17.40547200000003,0.6349257814711298,-10.165722300973421,158.90758685486517,0.039349652997529655,-0.015177781397337577,-0.00756249758020683,0.0,0.0,0.0,0.0,nm
17.41497800000002,0.7358055275811353,-10.079468406519904,159.82893897175768,0.04544514916747358,-0.0166945033663046,-0.008606045310044842,0.0,0.0,0.0,0.0,nm
17.424443999999994,0.9032460654682046,-9.973086133262502,160.8243006323195,0.06267965413211786,-0.020941894038145194,0.04042860734890307,0.0,0.0,0.0,0.0,nm
17.43399499999998,1.1047001459645995,-9.787446328018259,161.66962800350254,0.07609947742802597,-0.024091858703662688,0.042200705322883295,-0.04645418907548978,-0.005849039999816011,0.026209849189842104,0.0,nm
17.443448999999987,1.2746962258473362,-9.53435288928484,162.42505861979896,0.12220167026765967,0.014614839429359577,0.02934858303255412,-0.050448398607251296,-0.01192487377451236,0.0037489950047894906,0.0,nm
17.462481000000025,1.628673135011622,-9.266389967176844,163.71709709938312,0.10522647440801994,0.08245384070729424,0.06647137568998489,-0.05172522233224225,0.011333241872265412,-0.03503183864683719,0.0,nm
17.472034000000008,1.666036299976205,-9.096064583081327,164.17325382945276,0.11944478791868562,0.12556982920556678,0.009741453261678088,-0.04370632208607749,-0.004744794114162027,-0.03375481611196566,0.0,nm
17.481540999999993,1.6720898559451802,-8.877024053999326,164.8995255237169,0.15488830912094184,0.11496072964075585,0.06418490099576184,0.0,0.0,0.0,0.0,nm
17.491056000000015,1.582344622337638,-8.693276091324021,165.7982506765692,0.1430725941853853,0.11594743531877273,0.05811247404076501,0.0,0.0,0.0,0.0,nm
17.500571999999977,1.4673750719340055,-8.445217857519246,166.56455759080222,0.14003592098190903,0.08438503846585176,0.04744029297394046,0.0,0.0,0.0,0.0,nm
17.519543999999996,1.262173665152873,-7.754469849967401,167.9281591739335,0.13678644638370588,0.007536416681727234,-0.018800133572824992,0.0,0.0,0.0,0.0,nm
17.538614999999993,1.2256591135854285,-7.202798567754527,169.26265970523178,0.07791599761193155,-0.013856309433732238,0.032521387494826116,0.0,0.0,0.0,0.0,nm
17.548136999999997,1.2533994368841472,-6.945471186601824,169.72812520571316,0.06990799507572688,-0.01204135069925676,0.019793966047552947,0.0,0.0,0.0,0.0,nm
17.57661999999999,1.4618287435175896,-6.38787420249535,171.12724631807347,0.09072411098582518,0.044332073177574455,-0.010753933773172027,0.0,0.0,0.0,0.0,nm
17.586119999999994,1.5435741569342911,-6.1224148419615725,171.85562538373136,0.1360430140332452,0.04446664652214116,0.02711016990544968,0.0,0.0,0.0,0.0,nm
17.595684000000006,1.6123397309365142,-5.842888132730862,172.61498532482145,0.15356979330099216,0.05236696146883726,0.03621406835253095,0.0,0.0,0.0,0.0,nm
17.605150999999978,1.674934895264386,-5.502548857906637,173.373849941446,0.1660518052784269,0.05315305749487479,0.04764378347238797,0.0,0.0,0.0,0.0,nm
17.614686000000006,1.7023546763889317,-5.127807289781641,173.9872124879701,0.16042050334463015,0.06175243309029103,0.020167984114461336,0.0,0.0,0.0,0.0,nm
17.624224000000027,1.6913502243894003,-4.809111807736373,174.50393932526006,0.11967569956434672,0.07639821520508229,0.022995954800313714,0.0,0.0,0.0,0.0,nm
17.633681000000024,1.6416756277407754,-4.545373957518888,174.9957528823263,0.07022069684357077,0.08537578189841495,0.04143661538647747,0.0,0.0,0.0,0.0,nm
17.643232000000012,1.5479237756118547,-4.301672024642296,175.33141203504854,0.045536036611416246,0.08897083808477957,0.03371491187203049,0.0,0.0,0.0,0.0,nm
17.652694999999994,1.437495060533277,-4.102050719453666,175.65924468511287,0.03876915512018736,0.07907664972237738,0.03167663814689386,0.0,0.0,0.0,0.0,nm
17.66221999999999,1.3310324325459897,-3.945297458525062,176.11971909333212,0.044313162131589104,0.057951508553960036,0.03065772288948104,0.0,0.0,0.0,0.0,nm
17.671763999999996,1.244341760955868,-3.757382816769999,176.5423974329788,0.07635529246369,0.03469425029899487,-0.005722022644791315,0.0,0.0,0.0,0.0,nm
17.68126799999999,1.1973559870846762,-3.511653552602892,176.84289574415803,0.12161583827776377,-0.006708049795042205,-0.007474516206809967,0.0,0.0,0.0,0.0,nm
17.70025800000002,1.2048790258026187,-2.964798971496629,177.46492923651155,0.14705095010345695,-0.005827334456214427,0.024874850991691493,0.0,0.0,0.0,0.0,nm
17.709807000000012,1.235925569681115,-2.6584227894578474,177.67379689408506,0.134424570822187,-0.004702108246917928,0.02892194674660647,0.0,0.0,0.0,0.0,nm
17.71927800000003,1.2597815529978147,-2.367659785432745,177.85238331303202,0.10765069262015478,0.04341715567011009,0.020499995842866423,0.0,0.0,0.0,0.0,nm
17.73830700000002,1.261404384985489,-1.9141448287531888,178.2727207503996,0.04923183753617632,0.07555462423101157,0.024065555563437067,0.0,0.0,0.0,0.0,nm
17.747847999999976,1.2336450954099485,-1.7055099640803189,178.72958908283377,0.05144981549715787,0.07797191799247159,-0.003184089346863999,0.0,0.0,0.0,0.0,nm
17.757331000000022,1.1947201363987268,-1.5192004844446305,179.19575547323987,0.06356600958822393,0.07362997273184392,0.031936364991585205,0.0,0.0,0.0,0.0,nm
17.766887999999994,1.1449624606371873,-1.3452045398843135,179.4471257544028,0.07905485728180695,0.06670988219760936,0.04162684073635973,0.0,0.0,0.0,0.0,nm
17.776387999999997,1.0886450688969775,-1.1551429962437314,179.62775635563412,0.10020873411202996,0.05702376606018892,0.029407126567925625,0.0,0.0,0.0,0.0,nm
17.78590600000001,1.0211550579252937,-0.9592266703505232,179.7012893780964,0.11434690126774809,0.052601679069672475,-0.002858258304796962,0.0,0.0,0.0,0.0,nm
17.795379000000025,0.9440670326595036,-0.7781443981165305,179.7561889939735,0.11163140386375862,0.052355079375227556,-0.00238377700774971,0.0,0.0,0.0,0.0,nm
17.81438700000001,0.7716009156141679,-0.4054885035890621,179.90412089394442,0.09670008924766092,0.0552250807367352,0.03129790128615773,0.0,0.0,0.0,0.0,nm
17.823900999999978,0.6943715397014244,-0.2246046303891752,-179.83023819163267,0.08685759835276635,0.050102221952475164,0.03150264760682338,0.0,0.0,0.0,0.0,nm
17.842923999999982,0.603018313651308,0.11101125219222986,-179.05803570960944,0.0736942863814972,0.030774298839268986,-0.00016736182177128726,0.0,0.0,0.0,0.0,nm
17.86199399999998,0.5942795298777818,0.4037299522851075,-177.85192286707039,0.07975090702926037,0.02924384220028137,0.00029717681711948147,0.0,0.0,0.0,0.0,nm
17.87151,0.6014455665027882,0.5145707681425061,-177.74625830654696,0.07935028221117531,0.0388136315417017,0.026713439292508464,0.0,0.0,0.0,0.0,nm
17.900036999999998,0.5485715344688326,0.7684665601427727,-177.90484167487844,0.07847145459969461,0.07764219141519715,0.0003744159897993762,0.0,0.0,0.0,0.0,nm
17.90950600000002,0.49869323412176647,0.8469834146236194,-178.00979571860225,0.08301443094529273,0.07995423265695889,0.0005970861089675306,0.0,0.0,0.0,0.0,nm
17.919054000000017,0.43835223094114606,0.9387566369784578,-177.92954978297425,0.09222562243330565,0.075182036449042,0.03012156984687567,0.0,0.0,0.0,0.0,nm
17.928574000000026,0.37353425863678663,1.0294388299610715,-177.73785263018505,0.09555675625324635,0.06545434359004808,0.03391298180706994,0.0,0.0,0.0,0.0,nm
17.947561000000007,0.2544731430352981,1.198065315336573,-177.4891168928002,0.08840602112864618,0.040317366991450755,0.0017222906960075383,0.0,0.0,0.0,0.0,nm
17.966570999999988,0.1662961790040187,1.2673144948081911,-177.41866268391533,0.05984226977068783,0.033936212666159545,0.0012657274112977518,0.0,0.0,0.0,0.0,nm
17.976084000000014,0.13790208264633885,1.2538335400146097,-177.39792271828713,0.0518575568761258,0.03725173977813186,0.001086931714756859,0.0,0.0,0.0,0.0,nm
17.985588000000007,0.12479401751925157,1.2234889734010965,-177.33759733911072,0.05537896566503339,0.040418303015057264,0.0011392032497477042,0.0,0.0,0.0,0.0,nm
18.004625000000033,0.1380728323882491,1.1526083426385942,-177.3463538369464,0.08443277770079545,0.04638492180016697,0.001637872911411664,0.0,0.0,0.0,0.0,nm
18.014134000000013,0.1559468093880338,1.1435021880640373,-177.2680657159832,0.10072374138657635,0.050035745023791975,0.0019328274409667603,0.0,0.0,0.0,0.0,nm
18.023664999999994,0.1745062901351917,1.1477912433673476,-177.10769245353174,0.10750874003989175,0.051968950235181215,0.00206218999378041,0.0,0.0,0.0,0.0,nm
18.042710999999997,0.17855068888277362,1.1362935330840125,-176.87880904737156,0.08453326151268611,0.05914311715256508,0.03243219088462142,0.0,0.0,0.0,0.0,nm
18.05222200000003,0.15746821780914158,1.098628365709449,-176.71250646372684,0.06550255303528754,0.0610173416115328,0.0011640539059036992,0.0,0.0,0.0,0.0,nm
18.061734,0.12296320729429223,1.025290348503583,-176.62070828020137,0.04669129344553306,0.06039167135649818,0.0007743759657450725,0.0,0.0,0.0,0.0,nm
18.07119,0.08429974299028217,0.920214798996418,-176.49776320556128,0.035965196352651344,0.0559891850750773,0.0005525350380056318,0.0,0.0,0.0,0.0,nm
18.09026799999998,0.023614802932937384,0.6653617534673439,-176.18460306281858,0.05568531423255652,0.04276447199097241,0.0006622422772348034,0.0,0.0,0.0,0.0,marker_1
18.109235000000012,0.01604974017959591,0.4279227885840021,-175.8390046321345,0.09310201694518971,0.03298657458227812,0.0007040801808658662,0.0,0.0,0.0,0.0,nm
18.118758000000014,0.028529422567096546,0.3341746396727215,-175.73125375921424,0.10390297489888775,0.034190944753171755,0.0006060513375333768,0.0,0.0,0.0,0.0,nm
18.12829499999998,0.04694106455637267,0.2460727875014557,-175.60015762808962,0.09972013152601973,0.03786129171925532,0.0004148310604462816,0.0,0.0,0.0,0.0,nm
18.137812999999994,0.06404885623329519,0.1574594736273646,-175.45156437353833,0.08595294045717126,0.04396921490496161,0.02549618437936738,0.0,0.0,0.0,0.0,nm
18.156802000000027,0.08816143871022482,-0.06265414393239338,-175.12718172357026,0.04630169084951986,0.050347411223064464,0.026627507501357256,0.0,0.0,0.0,0.0,nm
18.166361999999992,0.09377455524717458,-0.20970038671090357,-174.84380203201871,0.03417088730198364,0.05029569773164882,-0.00021806120583452734,0.0,0.0,0.0,0.0,nm
18.18536499999999,0.09824274490816857,-0.5623655363214864,-174.4471587663897,0.042221130148224865,0.04608720617193201,0.03115527141666435,0.0,0.0,0.0,0.0,nm
18.194868999999983,0.09520735158063784,-0.7501708149477225,-174.27600452997476,0.058464473379814905,0.04608035125963784,0.02888136635553509,-0.013089589659627896,0.05010081823526566,-0.0025115183306087673,0.0,nm
18.20435600000002,0.0889931629293845,-0.9333693966182637,-174.1504866854786,0.07360472954982042,0.04667295792404919,0.026290751117589686,-0.012594583046385197,0.05253810929492186,-0.0068952495080669115,0.0,nm
18.22336100000001,0.058200843580608994,-1.2549581270923296,-173.96883788335109,0.08725167355569416,0.05026249373809785,0.02640537700254933,-0.01047041749200228,0.04965703542179402,-0.012064444298794627,0.0,nm
18.24242099999998,0.014642495619883835,-1.5347640446226622,-173.6882213857915,0.06935383288511887,0.04623296084487277,0.0312298707699674,0.0,0.0,0.0,0.0,nm
18.251938999999993,-0.06255163769054597,-1.5737707242016599,-173.51048659104563,0.14222689852303144,0.10839745696790956,-0.004119083436835871,0.0,0.0,0.0,0.0,nm
18.261211000000003,0.27181960129394617,-2.265584258965491,-173.074623104119,1.2057138984086122,0.27826797874785847,-0.36482650623508545,-0.08314529607519079,0.12948586890126046,0.003589894816992363,0.0,nm
18.270862000000022,0.47010694063820213,-3.7384278301849325,-172.89179939296457,-0.4406518702208635,-0.06664386761722495,1.7539884265818082,-0.07583082111504341,0.2878276215554565,0.004436505180418519,0.0,nm
18.28038600000002,0.07383903047026759,-2.802915019347491,-172.4677656410884,-0.1549196322420918,0.17330069164704218,2.104765506635043,0.10276517122514699,-0.17557552516680186,0.04146702225131208,0.0,nm
18.327945999999997,-4.304080463793343,-3.2281138976053985,-168.59634384513814,0.6139776736830143,-0.5155539355201672,0.5751668705761565,0.2699624615081964,0.26423529652663924,0.02988015081220478,0.0,nm
18.337439000000018,-5.754761905851491,-4.309815525480595,-168.51296965043392,0.4246116237218152,-0.559530671450665,0.7988841163175604,0.2405710867876879,0.2704068218905324,-0.054003187324777165,0.0,nm
18.34691700000002,-6.518873851141237,-4.040177398525673,-168.76342396456872,0.8642491466831641,-0.6932497152756608,0.47568522337549635,0.16036774041395113,-0.02233290494790877,-0.13976268184485266,0.0,nm
18.368386999999984,-6.968473006447178,-3.7899423919511177,-168.41811071918,0.2678135119534232,-0.6805465337999776,0.36972887150426087,-0.010164422271881324,0.027781375751820988,-0.1064299994678257,0.0,nm
18.384956999999986,-4.452917223395926,-2.4532374850755634,-167.95923193831715,0.007907142435411092,-0.6363425079600152,0.4539363380709473,-0.26448026780014045,-0.2544787225793983,0.11904025997592632,0.0,nm
18.394475,-2.052263764449481,-2.1542696002154007,-166.84729302461068,0.02346969861342206,-0.41238122534422617,0.3971267535930617,-0.4558266675514959,-0.1632099567971402,0.24184576930883653,0.0,nm
18.40403900000001,1.130098656860488,-2.537583021528941,-165.46324809586935,-0.07641448822974171,-0.3053733489541221,0.9302755780695973,-0.6367465105029853,-0.07787921903535641,0.3030283053071196,0.0,nm
18.413534000000027,4.546082969317389,-2.69013222678338,-164.22471895147504,0.2593751594453414,0.1174026987872611,0.9726306853767671,-0.6677043282240043,-0.14922460422164696,0.2790157771043515,0.0,nm
18.423046,8.279961873008148,-2.9430435007863145,-163.4679895100375,0.49707969378237987,0.4642287583638547,0.5873224479506564,-0.7315576263630027,-0.1591860229774552,0.18815331383011175,0.0,nm
18.43501500000002,12.166754560233993,-3.559767253614607,-163.40948943457346,0.47105503337433363,0.6101336866298672,1.366229454047947,-0.7801827447462232,-0.10318905377061001,0.0558644491870887,0.0,nm
18.45158200000003,17.720209509530818,-3.2190355714840115,-164.4030447166636,0.04678384198747933,1.234409531469047,0.3269394081820834,-0.48557406306927325,-0.243071955966643,-0.0750029253630378,0.0,nm
18.461089000000015,19.966398424888514,-2.822819454870414,-164.9161811547129,-0.10456308989281303,1.2592705134256315,0.5362532440776099,-0.4122592750809638,-0.19535943633842087,-0.07898867618757364,0.0,nm
18.473055999999985,21.152776974828015,-2.752458870540187,-165.22357115828135,-0.5153418325882476,1.2931932829247348,0.08870244225279794,-0.22569138648779366,-0.07475461941186685,-0.04996672666296784,0.0,nm
18.489638000000014,22.010741072659286,-2.6751432750241833,-164.39267822487105,-0.25308388133528387,0.8902946748511278,-0.09041946139698856,-0.023581103332793472,-0.0010027242070222888,0.11902207878238583,0.0,nm
18.499167999999997,21.61948183726001,-3.085441251400119,-163.8608758297679,-0.21739909853406958,0.6830033821646001,-0.3520459210850648,0.052804976708418945,0.10043663010273653,0.10251026816143206,0.0,nm
18.50867599999998,21.235305047653927,-3.4713438675015946,-163.4941321838504,-0.08765334503211483,0.47007500264235236,-0.18815627356280762,0.05200145658530199,0.09575658538962833,0.06901147522837632,0.0,nm
18.518166000000008,20.714785740947598,-3.508161148790017,-163.3904335876981,0.12021459090012218,0.29580792258617405,-0.40170262829070197,0.09764218055844283,0.03672034550143303,0.014409730880236445,0.0,nm
18.527635000000032,20.352533909004638,-3.4858176873519726,-163.68970234342513,0.179315463213406,0.19115018004377027,-0.6848513710173884,0.07071785186360433,0.016235177193426868,-0.06432413165171785,0.0,nm
18.537199999999984,20.43309416422957,-3.5099382940635553,-164.25797055845845,0.014613130173343,0.1026580561072865,-0.5840047120719766,-0.016814140415192788,0.00021191510190255323,-0.112750817309439,0.0,nm
18.54670600000003,20.798544606272216,-3.3171731725095035,-164.72034144039418,-0.09632830002497858,0.06030029347649353,-0.6764132931078942,-0.06008027647241413,-0.05672959219976393,-0.08818826946552218,0.0,nm
18.56567000000001,22.37741401321499,-3.1404323974244677,-164.7098898183777,-0.1596184368866588,-0.034669936428691615,-0.7931873956764154,-0.1811118962241483,-0.0348270971590662,0.041043879950637914,0.0,nm
18.57522799999998,23.469662645791928,-3.4402098873702287,-164.28027716527447,-0.17780877193740918,-0.027954286699540514,-0.7164979106593936,-0.22650008715284567,-0.0005399615260810622,0.0985464118638453,0.0,nm
18.58470299999999,24.68831877152921,-3.762831297613619,-163.6346259271358,-0.04211702253747487,-0.032150268680430735,-0.7521751767121512,-0.251960960405535,-0.0053744499891101695,0.13203246576035826,0.0,nm
18.60376500000001,27.25557499919075,-4.700377367893004,-163.05708496855297,0.08873033365235056,0.09910080018093716,-0.6530057779023541,-0.27521854975982224,0.0231091266536686,0.02595414570182502,0.0,nm
18.613267000000008,28.455265868239696,-5.010799819327208,-163.2598024708103,0.06293040382884428,0.16259575927572556,-0.6057949625378827,-0.2471513861620259,-0.01002902641647069,-0.036989510267089624,0.0,nm
18.622787000000017,29.478122301443257,-5.089452272883603,-163.66047837404048,0.0696138078711581,0.1871949100090541,-0.6739271929642543,-0.20007106993307966,-0.043140353772662676,-0.08122941461598196,0.0,nm
18.641818,30.992481758882917,-5.365373461107746,-164.68740261065994,-0.08200557305166477,0.20453371283614727,-0.63331098802836,-0.1384858905740922,-0.00092884431950818,-0.10683373879269757,0.0,nm
18.66082899999998,31.820866404993623,-5.846519990566702,-164.9895638428193,0.026785174470545237,0.13052971992153747,-0.625949832533667,-0.08046996643747507,0.03627658598169165,-0.018560538175642665,0.0,nm
18.670303999999987,32.05953231342575,-6.2267433317015835,-164.96202741797038,0.07281255917496428,0.0889356039124697,-0.5718029995658724,-0.06568739421065953,0.061193873368858544,-0.0022988831024812885,0.0,nm
18.679810000000032,32.197816875317635,-6.525453481962732,-164.92968610409753,0.10972243222061381,0.06597388200937025,-0.5060092863688331,-0.042141785274431846,0.05060905535348831,-0.0003789922385770754,0.0,nm
18.69182699999999,32.24266565994193,-6.615494406312154,-164.9119115897529,0.15839295135532766,0.03797626342131754,-0.5029768646942726,0.0,0.0,0.0,0.0,nm
18.698865000000012,32.1986563799354,-6.577218124006934,-165.02302716863704,0.13649241854139815,0.04626893119055206,-0.43901177328821556,0.0,0.0,0.0,0.0,nm
18.70834400000001,32.01391900345893,-6.489723723951401,-165.25624459895693,0.03720220316443729,0.056002067294673295,-0.40552476452760133,0.04003190548550146,-0.00745281128918307,-0.07594975406810339,0.0,nm
18.71789899999999,31.691130829391735,-6.367130162128182,-165.44206912680662,-0.061382963786406036,0.06835193470429242,-0.37846079714401454,0.06837119038409502,-0.007411473050698704,-0.07239434989233547,0.0,nm
18.736869000000013,30.7508392510578,-6.334693147773543,-165.3836594728869,-0.08569840015770941,0.08812427676759774,-0.24670983589794784,0.09392068607119922,0.03487019273660985,-0.007717894337408827,0.0,nm
18.74645800000002,30.118107620801506,-6.488922845479647,-165.1157976223088,-0.04284272462777533,0.10216497069820382,-0.13330850438809724,0.11387438659313404,0.06200395203759193,0.024189703615771243,0.0,nm
18.75594799999999,29.43050434449478,-6.691509465634402,-164.76003586726878,0.011754628755490241,0.06125094860317113,-0.15711104758442157,0.1215153233176912,0.07479390140998186,0.041797560104232405,0.0,nm
18.765469999999993,28.819468941782002,-6.911400531540635,-164.41974901401355,0.10012368383391453,0.05401322206848889,0.03257172397338037,0.10538773968389506,0.07482250689538256,0.03559994102254149,0.0,nm
18.774989000000005,28.156751460272954,-7.077732798846915,-164.17049301766332,0.14033866582108975,-0.015384514781315865,-0.045752100834091265,0.11772098191896754,0.06787535359678391,0.0048730849494657644,0.0,nm
18.78449599999999,27.66689767853113,-7.134839292580584,-164.11234987474066,0.16279705383812473,-0.029579532446547378,-0.03812279048753166,0.09048755362977026,0.03769465026249415,-0.022498179310284534,0.0,nm
18.794003000000032,27.37661950493836,-7.09998263102119,-164.22005818303552,0.17377144282254012,-0.045295913458698406,0.028111641881119632,0.05739955060424921,0.009066661346787368,-0.043358619294559586,0.0,nm
18.812985000000026,27.19912481701242,-6.969045969993205,-164.39621591787844,0.05695760551590094,-0.04070762110335317,-0.11226095772281657,0.0,0.0,0.0,0.0,nm
18.82252699999998,27.349292845288744,-6.936268970771627,-164.28381293819055,0.034023922795753656,-0.04192945992693234,-0.09916280915172496,0.0,0.0,0.0,0.0,nm
18.841533000000027,27.81805779460439,-7.073493783805962,-163.60693500383252,0.02474087819145577,0.011887833726112176,-0.16383718139926906,-0.05764568801662299,0.00531367583678807,0.06301648746770713,0.0,nm
18.85104799999999,28.05543852622823,-7.220575494142755,-163.23347397825887,0.04590809882038711,0.0458187421228435,-0.17830311680644165,-0.053628529136271856,0.014723651451393796,0.06388962321232307,0.0,nm
18.860563000000013,28.253024935655,-7.363429407963901,-162.94471189803497,0.07386395036186287,0.07531677083730251,-0.20683326219462264,-0.04589116520070059,0.015912086921034917,0.0438233391084739,0.0,nm
18.870089000000007,28.409561986278707,-7.476077073815869,-162.8267239961915,0.10644724317919524,0.11022647251923598,-0.1555097959045963,0.0,0.0,0.0,0.0,nm
18.879545000000007,28.45647615036601,-7.542462571778137,-162.88195056341547,0.113813537383104,0.12608219366589732,-0.16812431126265676,0.0,0.0,0.0,0.0,nm
18.889065000000016,28.442575517572777,-7.561200346444724,-163.04229547871788,0.1217561021057985,0.12678853364110265,-0.15036085451635245,0.0015344494610673401,0.004407817295455505,-0.05317075133488103,0.0,nm
18.917609000000027,28.124405955296965,-7.566533470509568,-163.19274237403755,0.11714537686162185,0.04633071363849036,-0.08864580085308951,0.0,0.0,0.0,0.0,nm
18.92714799999999,28.05661996192067,-7.6122255709043785,-162.95836425630188,0.12182043722392871,-0.0007707276310563229,-0.08451114867417263,0.0,0.0,0.0,0.0,nm
18.936669999999992,28.071637209739755,-7.680941231161161,-162.6517092991356,0.12167445814380175,-0.00787309303941625,-0.09821019985082488,0.0,0.0,0.0,0.0,nm
18.946176999999977,28.184299298724554,-7.761080009732363,-162.36081065981702,0.12432160958395973,-0.0025503648679784437,-0.09157412948982757,-0.026156756801565272,0.008561624285909002,0.04529677517159999,0.0,nm
18.955647999999997,28.36611684071802,-7.838496994726413,-162.19057411194802,0.11607785739983986,0.03499316056407031,-0.12164135927902672,0.0,0.0,0.0,0.0,nm
18.965165000000013,28.597927439680458,-7.893218476058228,-162.18308918749423,0.1089808122483329,0.08886321889668636,-0.13050579130402878,0.0,0.0,0.0,0.0,nm
18.97465900000003,28.805604868990315,-7.911606837896735,-162.2844300182684,0.10544479737621586,0.15669954064401578,-0.14008843820064992,-0.04035242938514175,-0.009081772227029217,-0.02837109823265957,0.0,nm
18.98417599999999,28.935642007738995,-7.900523181468681,-162.44497574584636,0.10822952337060383,0.20793666253540333,-0.16339568713531458,0.0,0.0,0.0,0.0,nm
19.003237000000013,28.843601448681156,-7.878719361562646,-162.56867312541698,0.11240717461893004,0.2287791611276057,-0.17157755075044218,0.0,0.0,0.0,0.0,nm
19.01275800000002,28.610188293046978,-7.875575526018512,-162.475256653339,0.12366379757137827,0.19214230077018274,-0.15875287902382107,0.0,0.0,0.0,0.0,nm
19.041291,27.598912246895146,-7.800709611346547,-161.93974412581784,0.10327085523242822,0.027480137155429896,-0.10823669344365923,0.06627293597166739,0.010332192242010391,0.011154372354511548,0.0,nm
19.05079599999999,27.318982987262174,-7.7167178508780845,-161.91042323066327,0.08678182853598596,-0.021476873746753583,-0.10279864773084472,0.058028881779260764,0.0012607710990816816,-0.00874726862213877,0.0,nm
19.069770000000005,26.96105050141408,-7.581759168107432,-162.01005553913024,0.041845552503411154,0.0103860692044154,-0.12061121244584071,0.030979663757946623,-0.0007043053159915125,-0.04583831168609079,0.0,nm
19.088850999999977,26.763620234075987,-7.620617690026718,-162.24560342238223,0.07147801290301499,0.09151870413160076,-0.13947423200610062,0.0,0.0,0.0,0.0,nm
19.09836100000001,26.678427823741977,-7.711022621876403,-162.3156015298874,0.10082317018048942,0.13319887498941074,-0.1393935463030419,0.0,0.0,0.0,0.0,nm
19.10787499999998,26.577441150388943,-7.811519938077474,-162.32602863205142,0.12467745962970266,0.166534994382148,-0.1357269660129209,0.0,0.0,0.0,0.0,nm
19.117387000000008,26.4497182270017,-7.885291336241237,-162.2581373000671,0.13836197677629,0.18188891855380754,-0.1342247773178035,0.0,0.0,0.0,0.0,nm
19.126891999999998,26.272751726280646,-7.916526151042962,-162.20929252915573,0.128686997200671,0.1840984114106357,-0.13099374265307653,0.0,0.0,0.0,0.0,nm
19.13639599999999,26.03778588764287,-7.90168152824918,-162.23158545162545,0.10022530497312208,0.17077664743256404,-0.14129698286627804,0.0,0.0,0.0,0.0,nm
19.145868000000007,25.744758536275373,-7.859313684199817,-162.3209627304025,0.06934539468145041,0.15608835048543854,-0.1408573427750727,0.057955258442488757,0.009633379533092332,-0.03184841101924901,0.0,nm
19.155377999999985,25.396181763179875,-7.8281215324394156,-162.47043997860334,0.049182630518430186,0.14688594174487143,-0.13321820805926854,0.06780564176380628,0.014995497782712062,-0.04855710732501223,0.0,nm
19.174439000000007,24.601146998878043,-7.906413019018607,-162.90151155815246,0.0478910006134656,0.1550381149544554,-0.07467789443084515,0.07352291632843502,0.03599623474213499,-0.06477672834864999,0.0,nm
19.193493999999987,23.63733769014106,-7.951572040662992,-163.20707544846147,0.098926171746189,0.14518728053467583,-0.06788154017231467,0.07251023017332767,0.045599253781286944,-0.0510860727280839,0.0,nm
19.21256699999998,22.604345632075475,-7.812951013652768,-163.2989269331965,0.10744588369890548,0.13504869018331034,-0.060830178290637985,0.06995590050030746,0.03892901131769823,-0.03484789547644896,0.0,nm
19.22206799999998,22.104182125509876,-7.710739136579091,-163.2997566222023,0.09665565338898037,0.13491252899087383,-0.05936179972114265,0.07063106496039535,0.03205000887906598,-0.032083282083936696,0.0,nm
19.231578000000013,21.59626639893762,-7.611724183954491,-163.33756310236134,0.07963806671903988,0.1284084853274458,-0.08394508337646484,0.07140843475426382,0.02921146277421854,-0.03494520866851694,0.0,nm
19.260109999999997,20.008575707271277,-7.3444797761796226,-163.599354336988,0.0781213247246235,0.14183841490435714,-0.05668021436276966,0.07577978987474773,0.03165863416884581,-0.05241675929514487,0.0,nm
19.269626000000017,19.458003005670992,-7.256774523022813,-163.70176046479705,0.09127474223581168,0.13593063030828414,-0.05335608225572929,0.07897782578885636,0.03555873690056872,-0.05620826848510322,0.0,nm
19.281583000000012,18.912738777746664,-7.173183200007468,-163.92226769838229,0.10244655583892351,0.11343859437865719,-0.07995161587389274,0.08161663648425962,0.03873257508208154,-0.057714886248887536,0.0,nm
19.288657999999998,18.372532482840036,-7.100353308020111,-164.14085641239893,0.09985461435067794,0.09328845851294865,-0.07787414833844997,0.08496048694166865,0.03947302487380191,-0.057063952565367906,0.0,nm
19.29810500000002,17.901799869048197,-7.168361866372176,-164.3624125604486,0.092426506457866,0.06780862308738927,-0.11019046303968295,0.08634320432411964,0.03850651323260722,-0.05605177708357483,0.0,nm
19.307615,17.444842668121595,-7.254019911843802,-164.59066336589876,0.08437297373353984,0.043648113456218586,-0.13109142106246074,0.08289564922734913,0.040836624982139635,-0.057169694533702145,0.0,nm
19.317132000000015,17.009478453796213,-7.369853134504353,-164.83912075837057,0.07640956184891276,0.04196150732076665,-0.13037923531880202,0.07731387975573234,0.04518569574680334,-0.06082314439318394,0.0,nm
19.326617999999996,16.623086621781503,-7.513763189052109,-165.11727848807786,0.07859992842874962,0.04025622427723187,-0.15012134154350137,0.06664547380576517,0.04773438878740878,-0.06569255487540773,0.0,nm
19.33613600000001,16.285482144478625,-7.676259337501372,-165.43185071740044,0.09630049140098992,0.049495823270264694,-0.14524411681970353,0.05655198740392433,0.048521342607657225,-0.07189365142100632,0.0,nm
19.34558500000003,15.98327408087931,-7.848585035923783,-165.7850568857096,0.11573746366586601,0.06215467899554107,-0.16150941648798903,0.049515297960907326,0.04834610816475086,-0.07886451074117147,0.0,nm
19.364645999999993,15.45904518385219,-8.164997986942751,-166.58186502990765,0.1397423411788751,0.06774221660464007,-0.1822339947206322,0.04243901454925231,0.04114529491833889,-0.08945710255751246,0.0,nm
19.374162000000013,15.214057905735977,-8.297777349620793,-167.01276741663324,0.13444379826658193,0.05886163452031116,-0.2007753511410506,0.041207864503773776,0.03699213484730723,-0.09326515870233941,0.0,nm
19.39318700000001,14.764521702724922,-8.553323571578712,-167.9492938505854,0.1033651210201808,0.03405529531198897,-0.24160760254439903,0.03644620484722821,0.03495418678868288,-0.10326957667650781,0.0,nm
19.40270400000003,14.593745835434056,-8.726669931361334,-168.477641125233,0.09959181675728677,0.034777883063666,-0.2646889338020223,0.026014973452035333,0.040905935883221764,-0.11088102609084938,0.0,nm
19.41221300000001,14.480033958581293,-8.956395611996877,-169.05371653604084,0.10990136553062282,0.051843892238986444,-0.26893762781431446,0.013113782364656604,0.04952648725632747,-0.11879447197224745,0.0,nm
19.42172199999999,14.431495434773856,-9.219262098963561,-169.66475877179388,0.1287893348980673,0.0820635190233722,-0.27373479687469066,-0.00028203161587641906,0.05352948514798755,-0.12382733493855419,0.0,nm
19.45023100000003,14.658507871897283,-9.984382691450866,-171.17255086534573,0.1713018848329183,0.21573560107003634,-0.18713064987043349,-0.03267989954483518,0.04017809002434125,-0.11690484156311089,0.0,nm
19.459735000000023,14.85007184110599,-10.098126509347148,-171.33952273095318,0.15389459306585318,0.2750033765333671,-0.10144795413532194,-0.0408547548126741,0.016650302286590497,-0.10252620718197102,0.0,nm
19.469289000000003,15.068798489223283,-10.076648272955184,-171.38323063223822,0.12368777503124914,0.31278744549490967,-0.06522287971887948,-0.04195084929794998,-0.010876661895280349,-0.08571032487404603,0.0,nm
19.47880600000002,15.266023522617798,-9.946104867972467,-171.33632890505916,0.0727041471154603,0.33297420031513164,-0.04029083554515812,-0.03440636082889683,-0.031816915200436155,-0.07088367903081332,0.0,nm
19.488388999999984,15.055860668833436,-9.67406071632317,-171.21038237873648,0.013635023674501796,0.308733743014186,-0.0013299680382579484,-0.017223094116013474,-0.04427635551998057,-0.05946060882028301,0.0,nm
19.49789800000002,14.671698250010948,-9.452772607551848,-170.9104999244131,-0.05172913137773534,0.281866104927196,-0.03934742162064822,0.019083264693211918,-0.04563403501806314,-0.05423865234621399,0.0,nm
19.51692300000002,13.53694557212273,-9.368585264856101,-170.45465969275543,-0.1372995469220665,0.21911166294694134,-0.04193809018844078,0.06543996885640724,-0.006860118570018312,-0.0511613210631872,0.0,nm
19.53592900000001,12.098965577079287,-9.580310409925662,-170.52625088352383,0.02691156017680997,0.14605258311234134,-0.06731998469870785,0.10671523324264447,0.05061409717972459,-0.0859029044138605,0.0,nm
19.545458999999994,11.379167583937347,-9.548426554424296,-170.77622427838662,0.16811666493133678,0.10627109431723905,-0.08909767514671299,0.11595720841806233,0.057599479743614984,-0.11764258148911882,0.0,nm
19.554958,10.674439036349902,-9.33378329508324,-171.15716250867268,0.26584041477104314,0.09445617822849593,-0.10969058638847295,0.12189667408967321,0.044176913381111085,-0.15084026257988145,0.0,nm
19.56447300000002,10.043385933541408,-8.965667727624625,-171.62727838708122,0.28288564945731376,0.08148641569349528,-0.10004989898108257,0.11560800224132456,0.013808439725068648,-0.17107215623680008,0.0,nm
19.573982,9.474608044118554,-8.555144783609657,-172.0475621303944,0.19937160313750302,0.06452691546077718,-0.08280598680458695,0.10831287929144484,-0.01739072549338215,-0.1716568640636926,0.0,nm
19.583493000000033,8.954388823734046,-8.254022649413168,-172.42419902636996,0.04308488594925574,0.05602281760111139,-0.06697294363918749,0.09715094677995313,-0.035198996677288916,-0.15139287113183866,0.0,nm
19.60495400000002,8.25150117477318,-8.245715734582795,-172.78045693469969,-0.15961562928360062,0.036548405711684,0.05166239214665671,0.04765945547120753,-0.006719197585791404,-0.08458936171490339,0.0,nm
19.612032999999997,8.07666545948446,-8.497016533730168,-172.96038641164066,-0.11444663467824932,0.043749102844969044,0.0537481343372977,0.01880319498240298,0.030272069914482988,-0.069365425058606,0.0,nm
19.631056,7.963587853806907,-9.03959282626229,-173.5895806531336,0.14512721949223803,0.1173602773091453,0.059946630325161954,-0.02153821765347715,0.07878056883344971,-0.10723078220784779,0.0,nm
19.640469999999993,8.076614330984043,-9.406568131524603,-174.1896560418794,0.23969337025657741,0.17970377766619947,0.06963059663893612,-0.030104825494457074,0.0706850442371463,-0.13922163772893842,0.0,nm
19.64997699999998,8.196333791018937,-9.650181340062625,-174.8570224910817,0.2501828021067702,0.2415333768647164,0.13387061333228542,-0.02824455086596667,0.04628907050225398,-0.15772581858975432,0.0,nm
19.659519999999986,8.245919627970396,-9.712536464152093,-175.3893577501569,0.16269761827189252,0.2791046300525731,0.17510919865951063,-0.010831201136034927,0.011598491349228059,-0.15160750956436173,0.0,nm
19.697539000000006,6.820573285977186,-9.434646646444248,-176.59389619826175,-0.03518376085519186,0.12739749609386627,0.3059590189340069,0.11037344126711365,0.0075389658608184884,-0.04543230127079197,0.0,nm
19.70704999999998,6.260426968767355,-9.507409282106455,-176.85642535178303,0.04351879027054593,0.0324779998466724,0.270095192086106,0.10965271218104639,0.020873699971306652,-0.07100320703716788,0.0,nm
19.716565000000003,5.793036898153164,-9.68503881183143,-177.5128479714819,0.09158867463672261,-0.0008918985992718055,0.26945232642848044,0.0904939638699172,0.039977733144675745,-0.12295085367089531,0.0,nm
19.726068999999995,5.48582075675776,-9.922854071211969,-178.4621921243053,0.11628455023414999,-0.0059929620720861835,0.2847936493531222,0.05898547641791264,0.04967879153551245,-0.17720111823550472,0.0,nm
19.735590000000002,5.349452530291269,-10.174946774039725,-179.65526456949647,0.12687266290374163,0.027714088463392208,0.2696120889217969,0.026154595301117408,0.050894108243382974,-0.20779400372599324,0.0,nm
19.74509599999999,5.339009052371909,-10.483554484402745,179.35642416186826,0.13464861959572624,0.09801957691420335,0.3086622116248873,0.0022327234991127596,0.06181333178561098,-0.1981750863583763,0.0,nm
19.754575999999986,5.363684684320874,-10.863718661469925,178.61595308421883,0.15252355010998006,0.18546293127268762,0.3974055459177972,-0.0034980413839841057,0.0762234657298441,-0.14728068315081091,0.0,nm
19.764121999999986,5.382451439045778,-11.255551835769461,178.27178088574993,0.2006431714096657,0.24049161868351565,0.41595536635716795,-0.0015512250509463568,0.0785547838989637,-0.06815904058505129,0.0,nm
19.773639000000003,5.385295084436646,-11.620594150197062,178.3178209155015,0.2861002025028624,0.2515976645351215,0.3979602417094901,0.0016169244049077638,0.07309933982770035,0.009330235438082363,0.0,nm
19.78313700000001,5.369285348236465,-11.950418727117638,178.59821826926012,0.3498200559806489,0.2459749469325063,0.36427263852697533,0.004911153114798598,0.06595127066494283,0.05546657978614291,0.0,nm
19.792659000000015,5.366720424201591,-12.188601578282046,178.90008382033298,0.36624525332212976,0.23635515699452192,0.35724390737923717,0.0015388872337152788,0.04768215183577364,0.06031009188545147,0.0,nm
19.80210900000003,5.421835960277043,-12.273373796032018,179.0512997335164,0.34508061003140894,0.21092706629572971,0.3492053850743686,0.0,0.0,0.0,0.0,nm
19.811673999999982,5.494435151701759,-12.235572525535654,178.97561866532087,0.26966840899962713,0.18191864404605385,0.3465509518520868,0.0,0.0,0.0,0.0,nm
19.83069499999999,5.27117061098698,-11.992048873323439,178.27316379746128,0.06462148097089902,0.2519557277521657,0.2683451176587174,0.03279481848908607,-0.029167225756650043,-0.06276218217066085,0.0,nm
19.840212000000008,5.016866794547055,-11.847516192397281,177.90242868056717,0.046745532585768745,0.19959464675054453,0.32366259495084326,0.04878542920522793,-0.030690150958061064,-0.03998590047404471,0.0,nm
19.868749999999977,3.5304410974460105,-11.59852909305055,177.95050138215873,0.12569034278579722,0.00885320571112529,0.1950561187471321,0.10217901028007785,-0.01866164341811934,0.03558251459670376,0.0,nm
19.87826000000001,3.0634742050368824,-11.502299991527368,178.1698681323195,0.152997126950441,-0.04114970440060627,0.09895087099581232,0.09092706032862077,-0.022365213576505942,0.025176340523692137,0.0,nm
19.897297999999978,2.7364421754523485,-11.223856643554571,178.16432726640508,0.1489896933137405,0.00046583413524980765,0.0821839581137479,0.0,0.0,0.0,0.0,nm
19.906800000000032,2.8265401553005876,-11.056410012037192,177.66882128462223,0.10233828940015796,0.0537275542326528,0.09319919383880075,0.0,0.0,0.0,0.0,nm
19.916307000000018,3.0375845163088075,-10.888601993834113,177.16813251343885,0.030943113450027884,0.12393038647118809,0.12883176514609326,-0.04306159706583676,-0.03157843885377024,-0.023630156604618084,0.0,nm
19.935315000000003,3.4658265195265265,-10.596464649594301,176.67040438814126,0.017428021946708797,0.2451327692568438,0.2319500133930955,-0.04100972197333374,-0.024043660882265897,0.032787073486803674,0.0,nm
19.94482800000003,3.5156754478985563,-10.517729064464412,176.5269284982974,0.45303958738377886,0.12696792904575213,1.8216347828094948,-0.010792866627571864,-0.015122178700003276,0.05711948675825422,0.0,nm
19.95433300000002,3.0855778785264683,-10.487831848318494,176.49699378590444,0.3288107534189218,0.17657903687533114,0.7826061748734304,0.0841402115249921,-0.011395938662562645,0.05047637687921624,0.0,nm
19.963814000000013,2.9098632283522337,-10.481388089318678,176.53250480597242,0.21174946207013673,-0.10191252254556733,-0.263168278055963,0.03445022380908941,-0.0034848882484671616,0.06177620567873565,0.0,nm
19.98284000000001,1.8274201568163653,-10.742858583067948,176.3251631585888,0.22692928422654343,-0.029485934712578193,-0.5180400355904485,0.1290841226211533,0.030086622918295048,0.015520550306184759,0.0,nm
19.99240900000001,1.71592063308406,-11.034498570269774,176.1364005256721,0.29725046847199177,-0.07004426845892388,0.01819335484965766,0.02592423665673002,0.056751948378438805,0.04063607144401537,0.0,nm
20.001912000000004,1.832637288458394,-11.270738430135271,175.84001487764016,0.316837453070499,-0.07821200105256788,0.029490841701124804,-0.01935300227981828,0.048892809362366375,0.048269943881564345,0.0,nm
20.020989999999983,2.676567722993558,-11.536012565481778,175.2963826280345,0.18381329194717688,0.0459142135388111,-0.03952523662966165,-0.10693407942274412,0.03185038360798298,0.03466592797164507,0.0,nm
20.030501000000015,3.228420413412481,-11.657633621253025,174.82017866844336,0.0759353017432063,0.17367061115055185,-0.0227244113539399,-0.10563127811203275,0.03404277720420656,0.02379676697098703,0.0,nm
20.040010999999993,3.805674398500137,-11.818340897238494,174.3528137203859,-0.016311773153156937,0.2737481478116243,-0.009371428366134133,-0.10945578723436768,0.043246396414049475,0.03936027753859291,0.0,nm
20.049521000000027,4.380724322428144,-12.070981718669438,174.1706823607307,-0.027743765848339756,0.3146791242569686,0.03724229875449626,-0.10682279885161475,0.06203131074444945,0.07693243721056425,0.0,nm
20.058993999999984,4.835751964236744,-12.403581269442274,174.24431742377948,0.00895583497473421,0.2833427210036588,0.10029678289408722,-0.08162595469651283,0.07555873119471539,0.11667578169396774,0.0,nm
20.06854800000002,5.021597751125283,-12.733920868734236,174.50122275303292,0.09078284805372894,0.265928166529429,0.03726647489989911,-0.029446874585070188,0.06950459902061103,0.1363882992237411,0.0,nm
20.08751799999999,4.891001877924895,-13.294160254868746,175.1014852667163,0.31684426715759173,0.130411078460221,0.0805872595296237,0.03188239239062986,0.05061511872240778,0.09065538477918483,0.0,nm
20.11606899999998,3.885065132957041,-12.635110487826962,174.4520329311068,0.20614313650881233,0.03864282331392105,0.016484519844635295,0.051096233445246796,-0.009934010897158889,-0.07217081272095488,0.0,nm
20.125632999999993,3.564105684271607,-12.488369215945129,173.98287450691575,0.09560573607150183,0.05405277440002313,0.020554379685159153,0.047768236248857184,-0.014848341650975396,-0.07915271106848863,0.0,nm
20.13510500000001,3.2917008791727227,-12.384902434858478,173.65954306771872,0.01832910160953136,0.0498208195075238,0.057903738975059064,0.040340132611935114,-0.02175446269397513,-0.05122287354482524,0.0,nm
20.154164999999978,2.854118699845111,-12.203658447137304,173.7615636192421,0.0030037635177100025,0.030445235867199952,-0.001490668081904211,0.025884861661567476,-0.020485486081877943,0.041661657858970164,0.0,nm
20.16362300000003,2.771346334031349,-12.063093412482779,174.070467317019,0.04861215974637127,-0.005048903742585379,-0.010444678469792265,0.010244146235012283,-0.017915923531081582,0.07163940667920356,0.0,nm
20.182688999999982,2.833204962203765,-11.5045285379147,174.59121640397794,0.17488433016856178,0.04575994026383119,-0.03769190935132519,-0.03172915220129314,-0.021770715801668266,0.06130052507002884,0.0,nm
20.192206999999996,2.9375176479879035,-11.174420942394116,174.63534425076665,0.2140595829260369,0.08919231708915547,0.028737593461632304,-0.04569067583172258,-0.018403699561977866,0.03416945374030172,0.0,nm
20.20172100000002,2.989070202222676,-10.833671946664948,174.62120910650597,0.20983565473398194,0.15000024686576538,0.05676988349645613,-0.04748796425625198,-0.023705574091412787,0.010521368576466327,0.0,nm
20.211193999999978,2.965195584032697,-10.448643815164202,174.63491631532926,0.19506466700600555,0.19019224247464958,0.0303310563896089,-0.042667079637986174,-0.03607123354149396,0.0017167155068424707,0.0,nm
20.230255,2.5793788740239902,-9.688663315402884,174.7732183647621,0.14290603575027047,0.21882064308489604,0.020892857492924525,-0.004881822358302331,-0.04803528968677887,0.024072035685315026,0.0,nm
20.25875000000002,1.625299939232826,-8.47632960363978,175.44130679380226,0.1347202584621296,0.09177662516819621,0.03887063942501535,0.035354680890558474,-0.056493747465506734,0.044260806190648184,0.0,nm
20.26825100000002,1.365474479329065,-8.106492393916195,175.60256996562742,0.12338389304344793,0.05054572321991487,0.009144207864757779,0.034453168077693136,-0.05085439340033625,0.02478554334039908,0.0,nm
20.277766999999983,1.1669951691403875,-7.748068637799041,175.63346083664598,0.1219289191402684,0.027079698114498674,-0.01700688484879021,0.027645702746568482,-0.04718322339805489,0.000719199343880115,0.0,nm
20.287323000000015,1.0362910873036948,-7.412565290917846,175.56048226718488,0.12525868074138238,0.020257111987112077,-0.016588565906287694,0.0,0.0,0.0,0.0,nm
20.30635000000001,0.9269914332015241,-6.786204573844556,175.28429128422687,0.13242627025722295,0.04394576599129801,0.01846205259469943,0.0,0.0,0.0,0.0,nm
20.31580200000002,0.9415014752642988,-6.4174580972638395,175.38588837918124,0.1501489193106333,0.053224373282064495,0.01274909416828775,0.0,0.0,0.0,0.0,nm
20.33483000000001,1.0610478545328343,-5.575937824727461,175.73196823218228,0.17067496678564914,0.06886381832126276,-0.01763021767579032,-0.036763189071359254,-0.04799895974984705,0.03402896323818298,0.0,nm
20.344349000000022,1.1488320652827637,-5.1109844101788005,175.97097482716867,0.17439123847171353,0.07652317986645048,0.01076872079157555,-0.040814097132316325,-0.053742410382536084,0.031198782245124193,0.0,nm
20.353893000000028,1.2260460591290798,-4.651931044195795,176.09971316470143,0.16247219882193709,0.09255103064410665,0.0238118196232196,-0.0415919908650994,-0.05578506201478503,0.01635677520831003,0.0,nm
20.363411999999983,1.2784031142102872,-4.248570358534454,176.07746779479183,0.13076467985914159,0.11061464372051574,0.041290431669903864,-0.03934526519817269,-0.052211433010984826,-0.003740453211206719,0.0,nm
20.372883,1.2807702164985906,-3.908957173422816,176.04148699311094,0.09360285204044014,0.12902288059056113,0.03185695371256887,-0.03267179188177736,-0.04779614235369085,-0.020254912196290855,0.0,nm
20.391953,1.130222601788924,-3.3877397016262556,175.84822470712285,0.06808086286829584,0.1385683936602728,-0.006254466830412624,0.0,0.0,0.0,0.0,nm
20.410960999999986,0.8941943874622514,-2.9222471013608917,175.84942619910382,0.1269635907300641,0.08995690136106105,0.03177757602903027,0.0,0.0,0.0,0.0,nm
20.439506999999992,0.7869324789731084,-1.9091430309897575,176.02961394623742,0.18308850745549843,-0.012707705049435246,-0.00611760259221753,0.0,0.0,0.0,0.0,nm
20.449005,0.8505953336277869,-1.5378860511154415,176.06128815845676,0.15744620057927752,-0.010840482857159888,-0.004237063750068457,0.0,0.0,0.0,0.0,nm
20.45852500000001,0.9523839626683296,-1.2053109557314443,176.0227039559417,0.11804697357090438,0.02655118242781753,-0.0030155083013720862,-0.030776787891816367,-0.03896585315146288,-0.013389756269191155,0.0,nm
20.468029,1.0740375051343087,-0.9351786299695637,175.97691934034697,0.07791345578631136,0.051218787905176914,-0.0022705103369222096,-0.03930880344397343,-0.035185659988579705,-0.01428327271808661,0.0,nm
20.47754100000003,1.2042063649124513,-0.7203655823336557,175.93675129089812,0.053781231913666926,0.07374334356646685,-0.0022352707031917263,-0.0451900450001034,-0.029294009282268954,-0.0077069160573205505,0.0,nm
20.506046000000026,1.556575194338153,-0.22759178772111996,176.0172715729515,0.1139687182346882,0.0938672131640417,-0.0031854389015263146,0.0,0.0,0.0,0.0,nm
20.515547000000026,1.6351224048626924,-0.04561943306834028,176.06699291736396,0.1486396952775012,0.09027266789529967,0.031762885125950505,0.0,0.0,0.0,0.0,nm
20.53448400000002,1.712629190781478,0.3649626543966365,176.007730121608,0.17004840588921522,0.08193045530078985,0.04012523685485626,0.0,0.0,0.0,0.0,nm
20.54410899999999,1.7189485860691522,0.5763920330045984,176.0042066268981,0.1520935869183004,0.07748525741560963,0.026589074684170124,0.0,0.0,0.0,0.0,nm
20.563147000000015,1.7252477484632731,0.946476166676533,176.01194224328194,0.0917430010600938,0.0621605781613461,-0.0006196716674400832,0.0,0.0,0.0,0.0,nm
20.57261900000003,1.7597227042084025,1.0765072426110704,176.0515720964764,0.06734023246563829,0.0505710967324723,-0.0004958070832954731,0.0,0.0,0.0,0.0,nm
20.582114999999988,1.832987707857438,1.1754956756165678,176.1275755947253,0.0616368935245682,0.03643102218559039,-8.534950783037409e-05,0.0,0.0,0.0,0.0,nm
20.591631000000007,1.948201172676681,1.2452809661380309,176.19463253963386,0.07058495645975388,0.0247174207304664,0.000496802470550151,0.0,0.0,0.0,0.0,nm
20.601129000000014,2.0992470047354055,1.294956194150272,176.2409436258796,0.08944717241686481,0.020304588751523554,0.0010296542864337151,0.0,0.0,0.0,0.0,nm
20.610702000000003,2.2676035790499696,1.3378375609174469,176.24244112632036,0.11232742761054257,0.026383529931821408,0.001242924204860361,0.0,0.0,0.0,0.0,nm
20.620214000000033,2.4389738256674462,1.3832004259479642,176.29101786934459,0.12825549110377893,0.0394252032238623,0.0009990677216733567,0.0,0.0,0.0,0.0,nm
20.64165600000001,2.7328336357855454,1.4866133837823228,176.88995732250936,0.13344062404150014,0.07684956381354334,0.035916434229902455,-0.04422788984849497,0.019124593361860873,-0.01464595345504932,0.0,nm
20.64874100000003,2.8440629919056213,1.5443766941830304,177.55545827969223,0.12228940105925705,0.08842546820206854,0.030845812947438243,0.0,0.0,0.0,0.0,nm
20.658206000000007,2.936676822707696,1.5975567936479316,178.2603691971555,0.10862315966667967,0.08749713502625807,0.024355616273395882,0.0,0.0,0.0,0.0,nm
20.667748000000017,3.0147924660383296,1.6316404138067302,179.00899480397945,0.09302680305812973,0.07894300570289839,-0.0016329031513328293,0.0,0.0,0.0,0.0,nm
20.67727500000001,3.0836289933667658,1.6398343877846493,179.70542957141967,0.07966276728884365,0.06927877812589044,0.023755658016232688,0.0,0.0,0.0,0.0,nm
20.686735,3.148120747271323,1.6151826092817303,-179.65486763601322,0.07205467760282819,0.05551157199021243,-0.0009892671592033708,0.0,0.0,0.0,0.0,nm
20.71526799999998,3.3409271307370445,1.3387123674706107,-177.96740647345177,0.07691967718626572,0.04340092729181882,-0.0005409870931362583,0.0,0.0,0.0,0.0,nm
20.724796000000026,3.413676209605985,1.2191650804962382,-177.44994793348462,0.08952054744995941,0.04593898852968506,-0.000553793108595838,-0.025851821016432894,0.0427155141569457,-0.015405700897805805,0.0,nm
20.734353,3.4997434179714553,1.1097557405737954,-176.95997644170828,0.1054403949806901,0.04687188330088592,-0.0004332491628919572,-0.02882378423573111,0.043638776178292156,-0.009413092665216113,0.0,nm
20.743859999999984,3.596616170030216,1.021812870911834,-176.41791029908234,0.11570371996835786,0.04973512872617899,-0.0005509852959772767,-0.031528270651395914,0.041293029141374574,-0.0016277008199629306,0.0,nm
20.753318999999976,3.7083372740133416,0.9560628625143455,-175.84312038304884,0.11893416491729526,0.049867936593914246,0.024757720378233053,-0.034034208199137835,0.03718405422309145,0.004125164843011245,0.0,nm
20.762876000000006,3.825273963585056,0.8996020202747903,-175.25057357997727,0.11077670655407693,0.051888180886735955,0.025439166775773136,0.0,0.0,0.0,0.0,nm
20.772387999999978,3.9416222106888337,0.8298392012911174,-174.66334588165492,0.09100627335463797,0.05456841593312774,0.025319875962774192,0.0,0.0,0.0,0.0,nm
20.791406999999992,4.14077337391871,0.588827000211706,-173.72705289011628,0.04644138685934538,0.06215612177447822,-0.0035615396430974046,-0.034988993285722136,0.03631956503992834,-0.009753002080503803,0.0,nm
20.80092300000001,4.2101632666528115,0.4028457985133728,-173.29292636088388,0.03261681042638524,0.07053344394244772,0.022764832325069272,-0.03347277134869419,0.04244770217656659,-0.01320894432748748,0.0,nm
20.81994500000002,4.282749857849917,-0.0368879650771592,-172.31580527468088,0.052282074516979665,0.0773079366429517,0.02731160858850729,-0.028091377677065148,0.054712092863627,-0.009004695535290787,0.0,nm
20.829408,4.299753355784246,-0.24943556048700077,-171.7707500973043,0.07553290037891575,0.0749599512447454,0.027705567341299666,-0.02562778214514928,0.057929267898620504,-0.004244926460215159,0.0,nm
20.838954,4.313515882242217,-0.4388196026373563,-171.29461972342403,0.09732711871860951,0.06777325955098026,0.029103355541360617,-0.023044289250541975,0.05801236179312727,-0.0011409834541463869,0.0,nm
20.84846399999998,4.329766941529634,-0.5974641113726311,-170.83771397789536,0.11306123974319578,0.060848829245334,0.032395038807256214,-0.02131038483343806,0.055075297338210795,-0.0010390430442369048,0.0,nm
20.857932000000005,4.352888339466342,-0.733918827031585,-170.40664626799162,0.1137364256122507,0.05367678685573653,0.03276872736114431,-0.02061995941742744,0.05054202573860884,-0.0039027526713897986,0.0,nm
20.86749900000001,4.3840909066276295,-0.8663521673601273,-169.9648790317266,0.09847091219348623,0.04824064724946501,0.02914675649312205,-0.02115952395116022,0.046223657301126445,-0.00812309573087594,0.0,nm
20.87697000000003,4.421320106033933,-1.0157880826392895,-169.55856164685025,0.06888590645172339,0.04554123770659455,0.02393227813361059,0.0,0.0,0.0,0.0,nm
20.886517000000026,4.461541194410733,-1.1934907079718382,-169.15014333921354,0.0405532527722902,0.044252648584933094,0.022627203915398728,-0.02423384357147807,0.04224401142919236,-0.01235298384128744,0.0,nm
20.905547000000013,4.539902666473657,-1.659700041128189,-168.37800297190526,-0.008739459232853327,0.04200273518446864,-0.0034051119295220237,-0.02837600984209836,0.05035531127334262,-0.0065348182709024216,0.0,nm
20.915048000000013,4.570854252025381,-1.9251494789210615,-167.95328340817858,0.023506780326181177,0.05603365714193353,0.024230987790588236,-0.02931117325521466,0.05579893911285192,-0.0026776113138090945,0.0,nm
20.924510999999995,4.648976646298634,-2.2488292947823307,-167.53248736523125,0.08431625166613081,0.08844696533706524,0.10862640873786703,-0.029268103007488232,0.05992341728096115,-0.0010497248806697348,0.0,nm
20.943494999999984,5.21855411354505,-4.428437441371814,-167.2008116667433,0.1997502747808058,0.030955080541273605,0.9713313696951276,-0.14821053906356838,0.2900769433053424,-0.05289639907676439,0.0,nm
20.953010000000006,4.786475603236582,-4.7649596093309485,-167.0879667916959,0.40749035119545246,0.452240348429192,2.7797444904941675,0.06883402989818331,0.08512745763675185,-0.05753353201942864,0.0,nm
20.97201899999999,4.0973650866061835,-4.2283854739592925,-166.2509351116308,0.015491281497420484,-0.0012576580190761842,1.3302842919300604,0.049479325530331415,-0.015418575561987776,0.013237218267998984,0.0,nm
20.981538,2.7024304669248336,-3.9995931853996214,-165.57036470711432,-0.4001142189679956,-0.11600385474634206,0.8872839677643771,0.2813492569086958,0.024494218596762204,0.026438469170202008,0.0,nm
20.99105800000001,0.8549972942878163,-3.8068215540540757,-164.74800779682553,0.017508081239539494,-0.08645214210902867,0.4148143708195885,0.3665206849921815,0.05860735028920621,0.05362857641671632,0.0,marker_1
21.010081000000014,-3.160637412492406,-5.557771233212127,-163.27546608829397,0.37835639609349153,-0.4456123201183929,0.5994041850320595,0.3643490472992093,0.3228334891048425,0.00239466380296854,0.0,nm
21.019588,-5.032589937333652,-5.764806457811668,-162.84005893076693,0.8567424384468332,-0.28659819944585374,0.08832603353299892,0.34406366986638665,0.15016121729293755,-0.06782296292794805,0.0,nm
21.031555000000026,-6.126436505194618,-5.830792014600801,-162.69078087559012,1.0310720759464858,-0.544354384188247,0.18160589325766907,0.20386547765725693,0.07825894327414419,-0.11125062892857435,0.0,nm
21.067138999999997,-5.986455775902771,-3.9624878041106633,-159.78226282306352,-0.08369139712031229,-0.6135791204026247,0.030460819847195352,-0.11946950017907994,-0.19172555952137646,0.11071529216099278,0.0,nm
21.076656000000014,-4.339513268986419,-3.642363448546064,-158.92777703699383,-0.34722895602091713,-0.5999207789602787,0.39596593230898575,-0.285407548066307,-0.17604322783157542,0.19288837078199317,0.0,nm
21.085972000000027,-2.103177108143535,-3.2762850714323455,-158.04412070720946,-0.1593732335164546,-0.4086333590800569,0.5496385233737549,-0.3890732382568693,-0.23217316120631512,0.20386855590476954,0.0,nm
21.095681000000013,0.36654332839788195,-3.2217736639993233,-157.43086149759753,-0.021286439974877405,-0.035883313235872676,0.402893407195617,-0.4529216413639476,-0.19720770633059148,0.15075865744369854,0.0,nm
21.114702000000023,6.3395950085170245,-3.9223370721880912,-157.50972099127208,0.13856729630422052,0.3218710322927912,1.1252375272017332,-0.5849296245449481,-0.18442836584404074,-0.01013600950517436,0.0,nm
21.133725000000027,10.550786337769376,-3.406338997733513,-158.51755756077486,-0.09784540177666899,0.9561953954926093,0.3675988379077242,-0.3580783837792847,-0.21155862335313622,-0.07176590898014423,0.0,nm
21.145691,12.089695120511756,-3.060592533992233,-158.72353425515126,-0.3045797950130448,0.8861241768534336,0.705592394031893,-0.2613175622890443,-0.17666032078232868,-0.02384291598737334,0.0,nm
21.152750000000026,12.563445413584278,-2.4905802157921,-158.46499186321205,-0.44335516155678434,0.9271851702163633,0.15593970201848545,-0.046569470291842774,-0.1408866947110042,0.05633307297017699,0.0,nm
21.162247999999977,12.745491925530013,-1.9171545051892094,-157.78435147332925,-0.29425428938041304,0.734291010533625,0.1559383914051334,0.008983812866224511,-0.12016874275892905,0.13762124128319161,0.0,nm
21.171746999999982,12.459967534021231,-1.6024237205669547,-156.99937446272858,-0.20459041075528797,0.4985889838283951,0.23212458389777813,0.0770053224079628,-0.03623161016027346,0.15535019795402816,0.0,nm
21.181291999999985,11.850836500021652,-1.3342926490416387,-156.35778561957406,-0.12931975700227444,0.3622730377248673,-0.016789717160360578,0.1332619680885874,-0.001041533437395457,0.12528105332295927,0.0,nm
21.209825000000023,10.962837146841862,-0.30991853558111854,-156.6643286709603,0.12017743949515458,0.13813949096180794,-0.1662239143828746,0.04552613945199469,-0.04261108810336655,-0.096951786272732,0.0,nm
21.219337999999993,11.290238099394543,0.12609743036128598,-157.1544631638282,0.05657377655091034,0.11251856719228719,-0.08104185299290369,-0.026074866375868883,-0.10604454637046673,-0.09800006228192935,0.0,nm
21.228846000000033,11.858107155018402,0.6456016532013427,-157.38362279265968,-0.002460360857998962,0.13275707902303746,-0.15393510475967023,-0.0646976619271357,-0.13991396964064262,-0.04663908213940764,0.0,nm
21.238354000000015,12.694220036519047,1.04052836992132,-157.20560653518817,-0.12182563271490385,0.13990144330652413,-0.1791941584900284,-0.12393644066595477,-0.1376042785720669,0.03315867931105382,0.0,nm
21.24793699999998,13.77818572161714,1.3433645173186948,-156.61309012918412,-0.1704282878891544,0.10882000033347937,-0.07472073100395332,-0.1758773113918698,-0.14093192766930598,0.11406610825279638,0.0,nm
21.257368999999983,14.898075747716977,1.5914692880940386,-155.79425118806145,-0.12947166899648238,0.1197960626868315,-0.1696401887075336,-0.18510804732399605,-0.1359545904257159,0.15813605277213869,0.0,nm
21.26684799999998,16.064442529035876,1.6802833822554124,-155.06271213844445,-0.05658896024990692,0.1362122571655419,-0.20853911694204497,-0.20496371244712694,-0.1132929932729763,0.13974121405461135,0.0,nm
21.276400000000024,17.20939445919121,1.6414871004707066,-154.6677211491431,-0.0643016700548699,0.1481261668947951,-0.1835417141061988,-0.21081419026675802,-0.09033558589879205,0.07240892295979046,0.0,nm
21.29541599999999,19.264150691743946,1.702047958810726,-155.0120843193921,-0.053508890194635096,0.2573002315894987,-0.3232332347419115,-0.17539497634089202,-0.09592322724295213,-0.07302046218872123,0.0,nm
21.30492700000002,20.209034748672106,1.7600221644825413,-155.48724709154902,-0.12645756064978286,0.304254555819296,-0.3636480372898779,-0.16692950401710005,-0.08972903437076737,-0.10081924610578878,0.0,nm
21.314433000000008,21.0879796174614,1.8186435587434318,-155.84305269018935,-0.17541222509771134,0.3401980740395326,-0.3981910949579594,-0.15548755621085028,-0.08319456701642487,-0.0767107267499263,0.0,nm
21.323941999999988,21.868589771267317,1.8606016642795105,-155.89522745114246,-0.1869188372383123,0.336420294369131,-0.48866954531755175,-0.1391738192005987,-0.07155223670051694,-0.015462646738398254,0.0,nm
21.333465999999987,22.556948475005207,1.7925631241039628,-155.62809714416312,-0.16336090534217748,0.30158138393591877,-0.5576282241251582,-0.1312409037760904,-0.044151114497614066,0.04907367018680164,0.0,nm
21.34537499999999,23.12850296062071,1.5806852398592632,-155.14874812450458,-0.10450755584269852,0.26319963924222495,-0.571946612875994,-0.12169583513542978,-0.009084570895340363,0.092576718661151,0.0,nm
21.361927999999978,23.876191652268215,1.000933226039057,-154.1278375230307,-0.0020876691162561144,0.1222723909823891,-0.6782534166654448,-0.08361764565052678,0.026373322040078095,0.09346845766695382,0.0,nm
21.371448999999984,24.007523218935667,0.6635651245444778,-153.83346173503438,-0.049620931472833564,0.1150919882857711,-0.5368615909079976,-0.05327300038885957,0.04917756683988328,0.05854730371139686,0.0,nm
21.380943000000002,23.997806331409418,0.2752492466570682,-153.72017373322404,-0.04517159681036744,0.09776233984469178,-0.57910536169324,-0.032619733367289905,0.0706279153447653,0.02270191192929807,0.0,nm
21.399924999999996,23.824874896471886,-0.7242792923052992,-153.71637665462686,-0.06646391889187221,0.12461503603658533,-0.3489250761463201,-0.022794975082833645,0.10871891433458186,-0.0008088574929490506,0.0,nm
21.409491000000003,23.686843740506898,-1.3330307159993324,-153.6609333455055,0.0023222179786935105,0.16601068805996405,-0.27336981246947095,-0.029265732303846027,0.12154560342222974,0.01061836541384251,0.0,nm
21.419006000000024,23.56083272644828,-1.951521154246671,-153.53498310617184,0.09607183378442254,0.20146416186904584,-0.2192252750091368,-0.03248644370617772,0.1221713061703572,0.02450420969090263,0.0,nm
21.428462000000025,23.45416612677278,-2.489660910494583,-153.39170961110338,0.1876765067517247,0.22465507178523744,-0.2418209513219871,-0.029054803674683553,0.10596245463921573,0.027862958487464336,0.0,nm
21.43803700000001,23.4226955388292,-2.887343295323293,-153.33060763749936,0.24296465011974042,0.2331528635031113,-0.21548870515649873,-0.030084455014239193,0.07401831781690127,0.011945213295860062,0.0,nm
21.44748400000003,23.433630061705433,-3.1142559756336103,-153.437895097985,0.24057731910621866,0.21130149414793042,-0.27604902425240335,-0.0223174676128112,0.03965560830141043,-0.021352407894026607,0.0,nm
21.457026999999982,23.481617940814484,-3.171730626330292,-153.7187256962207,0.17533467003276548,0.1947112040526737,-0.28986199282698916,-0.013719302770757254,0.006046885361790732,-0.05567894535259294,0.0,nm
21.466566,23.50513740058456,-3.0955357441473517,-154.08825001887047,0.06341209593910202,0.1364070014662643,-0.33454840578313744,0.0024853944602579686,-0.015764035234722928,-0.073705802302464,0.0,nm
21.476020000000005,23.44219508707573,-2.9446557624130785,-154.39612824116983,-0.05613811516374806,0.07033217555246098,-0.3933130392768928,0.02446792318368784,-0.02173778113900404,-0.06228970643594215,0.0,nm
21.485567000000003,23.295096605644773,-2.8296086172674304,-154.51330247040687,-0.08522095733674753,0.015963034586887786,-0.39131185276009656,0.0,0.0,0.0,0.0,nm
21.50455599999998,22.574833997646493,-3.1155711434970486,-154.10533560622926,-0.004706534879315837,-0.04072288318406323,-0.4045223627521941,0.05873515025769544,0.07761817009844516,0.05650607407275841,0.0,nm
21.514106000000027,22.134891680036663,-3.332239339802911,-153.6633522375357,0.13388949170254907,-0.0641746490326464,-0.29323489628332255,0.059894436331508795,0.07767931003666838,0.08351287090641907,0.0,nm
21.533079999999984,21.341887803285413,-3.4965201297019965,-153.0607542252464,0.3422613262057949,-0.041185451093078626,-0.2568515569332381,0.05504047728001944,0.0350222121280556,0.035990547231718795,0.0,nm
21.542607000000032,21.173148967431576,-3.3471318139669464,-153.10908958300828,0.33793637663161097,-0.05881912470757173,-0.2386204031607502,0.0,0.0,0.0,0.0,nm
21.552153000000033,21.19324082568047,-2.9872780452945173,-153.34036299540568,0.2826022267790776,-0.05678885117475149,-0.24946028021546335,0.02887986258432921,-0.06615182296666632,-0.046076630623262387,0.0,nm
21.561665000000005,21.43703941241634,-2.519245223556736,-153.6380809450739,0.20106890921269036,-0.06567030705395119,-0.22182137885892167,-0.0018037394062461688,-0.10564846715788671,-0.05725413423427695,0.0,nm
21.57112699999999,21.81518678039425,-2.060516698121619,-153.86222481617395,0.09564082853814965,-0.04419195569462268,-0.20689221872338012,-0.027238471101848485,-0.1158687805721601,-0.04184793849664452,0.0,nm
21.580677999999978,22.296014386605467,-1.6625704237549337,-153.87895604598305,0.0460505054275581,-0.02814031383230603,-0.18771642540760572,-0.051313424413682765,-0.11394760055875637,-0.000230876753652441,0.0,nm
21.599710000000016,23.369730634938104,-1.1918485556681604,-153.23853836272207,0.10782598323905648,0.05520996024143443,-0.10469335225872238,-0.08047602113373906,-0.07920051855379155,0.08435294430969331,0.0,nm
21.60917699999999,23.905181741399907,-1.0883447232991637,-152.76799741410886,0.17415613530901558,0.0896270989733126,-0.0037209556417764594,-0.08612147162885365,-0.06715681449231163,0.09630902315287325,0.0,nm
21.618708000000026,24.364983777171297,-1.0002338217419777,-152.37389303023468,0.22513437290910687,0.11782805667751102,-0.004436442351562408,-0.07359001582172707,-0.058089199918146366,0.08055612450739116,0.0,nm
21.628286000000003,24.709111223521983,-0.6350935883466493,-152.1485325298077,0.21473936100520521,0.11346585497955551,-0.002692234305675167,-0.05760379390236686,-0.05359700634467208,0.04590537828408679,0.0,nm
21.647356000000002,25.317273278204794,0.2206112192899614,-152.1541198428118,0.11531126063383673,0.15889392930951954,0.01140583390050033,-0.041682413416800526,-0.08243025637270655,-0.013194321428170362,0.0,nm
21.656857000000002,25.52614569746589,0.6520732285830416,-152.29572424239348,0.06936338030393663,0.17919779711724254,-0.015940006152668548,-0.036707867455782306,-0.08042364039939957,-0.028834051347548732,0.0,nm
21.675842999999986,25.600033377573027,1.1766427517561793,-152.50018147113846,-0.01630745405026743,0.2281189974830914,-0.02996553604266822,0.0,0.0,0.0,0.0,nm
21.69486599999999,25.311988590530063,1.3573809293514838,-152.2625168590359,0.009189035998406526,0.2159971186822022,-0.08584508920411944,0.0,0.0,0.0,0.0,nm
21.704371999999978,25.077161011385176,1.4323368963357808,-152.10093839589462,0.04629174766137686,0.20329538483225462,-0.10575652697481398,0.0,0.0,0.0,0.0,nm
21.713919000000033,24.79028590998987,1.5421981880657891,-152.05903878845385,0.08070369798211156,0.1819621454023559,-0.10637849460394073,0.0,0.0,0.0,0.0,nm
21.732848999999987,24.0610410452234,1.6941146044204982,-152.53978976898412,0.09264331588017216,0.1394537916670688,-0.12712971042951066,0.06282925017614346,0.033209731429867474,-0.06380724976318078,0.0,nm
21.770911000000012,22.26221529373511,1.627529965780631,-153.74677400932276,0.11257107320240353,0.010720570998665736,-0.18445950962878835,0.07055322038887187,0.050898530505011245,-0.017157798006700184,0.0,nm
21.78040199999998,21.889796199932903,1.5304313398362397,-153.69494327822355,0.13580448385447721,-0.022908041369225723,-0.19798513453383648,0.058245859905106355,0.05044834218331958,0.01243131989795828,0.0,nm
21.789919999999995,21.59870684212727,1.4387503447667287,-153.5817218446365,0.15235686420075004,-0.04574435080154208,-0.20003477324621616,0.044068476639740436,0.04232937872881708,0.024173800684587757,0.0,nm
21.799397,21.391421403730757,1.3796720149206263,-153.51698996704067,0.1520685011266524,-0.047892403222045174,-0.2015057961816867,0.0,0.0,0.0,0.0,nm
21.808903999999984,21.25930942632242,1.353014907020739,-153.5896018710132,0.12628557577834065,-0.030058284601617746,-0.2112736283884631,0.0,0.0,0.0,0.0,nm
21.81841800000001,21.186642691623113,1.3387096764565807,-153.8230350015946,0.07924214665166733,0.00820526590517651,-0.20876903106394915,0.0,0.0,0.0,0.0,nm
21.837488000000008,21.078206823859706,1.2722642235132928,-154.52050554847733,-0.012401374753187226,0.10568026416071885,-0.21358378143579737,0.006681833156659876,0.01379840119652917,-0.07083938692433062,0.0,nm
21.84695499999998,20.967782197391934,1.1624824900354436,-154.80243214522253,-0.024093129503943572,0.1373028532650766,-0.22094943665308844,0.010570594098659394,0.029342448112121777,-0.05595423392200253,0.0,nm
21.856499999999983,20.782522674118045,0.980042972767004,-154.96259107024,-0.011779444232396448,0.15036339715779376,-0.23043656208658067,0.01807781518622595,0.04883641668802884,-0.03135783875044552,0.0,nm
21.86597499999999,20.527011754946862,0.7411195237729177,-155.01149919489993,0.0230353564744998,0.14659377778521865,-0.23333261177162337,0.026135550609473004,0.06500237939912656,-0.00901408940473427,0.0,nm
21.87553300000002,20.22100992831834,0.4753196222880657,-155.01232377313346,0.06334680246515935,0.13891499822165215,-0.22966427239801698,0.03305940079147328,0.07414221235412183,0.0004922572262468194,0.0,nm
21.885019,19.896813945122847,0.2096359987582297,-155.05274749798787,0.0975223857649858,0.12904252639377065,-0.23025284011103508,0.036400926136813096,0.07564923320230468,-0.007695807237858509,0.0,nm
21.894547999999986,19.570632361506032,-0.038915472380261856,-155.20706724397544,0.11099872993441257,0.1275399843022477,-0.21930881698510488,0.03833296683124995,0.07264420225513445,-0.030783660902508662,0.0,nm
21.904060000000015,19.233485092318386,-0.26149831136828483,-155.50433200769342,0.10289181029198198,0.13178108945448427,-0.21664597426130355,0.042782521902562015,0.06868399690438065,-0.05966908969568427,0.0,nm
21.923072999999988,18.51377967197304,-0.6923199349331918,-156.38341702541695,0.05569420017665239,0.16318336414028925,-0.21225781856750695,0.049244709075975376,0.07013379313491278,-0.09364198934186473,0.0,nm
21.932547999999997,18.164555509161016,-0.9418209241925023,-156.80427871518944,0.03152158209377499,0.16940897461138002,-0.21128519154126596,0.044327729571996086,0.07365194804147976,-0.08522688450098029,0.0,nm
21.942101999999977,17.816931441624867,-1.217346362794986,-157.1017737224684,0.030954121644336856,0.1642769022868794,-0.17639573679206752,0.04244934794662051,0.0780386896002186,-0.06084880724041364,0.0,nm
21.951610000000016,17.43464881367456,-1.516467525627228,-157.25003517059469,0.05559946554864796,0.15052785030390906,-0.1839378459297326,0.04731069217719517,0.08491481507416139,-0.03149463474715436,0.0,nm
21.961118,17.033267129107546,-1.8401858235999984,-157.28645467413276,0.09607969633448636,0.11933824826235406,-0.18128220635261974,0.049061068781412344,0.09085326841695393,-0.00963711725761461,0.0,nm
21.97059200000001,16.613569102408785,-2.1615546633725775,-157.2877615053329,0.13249026288313379,0.0862193654287013,-0.1731802336107343,0.052641413622976155,0.09181232716332435,-0.0031894401551452,0.0,nm
21.98962899999998,15.807097539376187,-2.7420362748747973,-157.5233122292506,0.18419713709740973,0.03012044634999726,-0.15930599123760097,0.049776590058442996,0.08234143533442029,-0.03942838557480825,0.0,nm
22.00870100000003,15.223794325722974,-3.2225772893525564,-158.2096523162438,0.10651393807010973,0.08529175661386691,-0.13116624419567893,0.03059522609767031,0.05827127487136551,-0.07822414691113305,0.0,nm
22.018204000000026,15.032376172470443,-3.3874791414558825,-158.58176093336053,0.07790897721096157,0.13083627523970442,-0.1117271256607459,0.023424649162358833,0.04480791559446259,-0.07668374718097563,0.0,nm
22.027719999999988,14.874944342501557,-3.555125045679124,-158.89311549126285,0.043597463361760236,0.183433472161196,-0.09309177577048798,0.017154179711700464,0.042711997749972364,-0.06422300444702382,0.0,nm
22.03723500000001,14.743357588333373,-3.7305491516371063,-159.10453477180195,0.020004709056121655,0.22312426663289794,-0.059496777672973816,0.011962045547538576,0.0422322026285813,-0.043986655434047124,0.0,nm
22.046812999999986,14.362109047066316,-3.7689086918671912,-159.20265797601402,0.031186795392429856,0.23871082788524803,-0.035823656160542845,0.014539442263706208,0.04140252069690597,-0.024529372675524998,0.0,nm
22.05628999999999,13.934466204784576,-3.777400284724212,-159.25724747677677,0.07152739383617641,0.24888227708551355,-0.022512112940439363,0.0239822472918227,0.04784283144620734,-0.016427599590091657,0.0,nm
22.075353000000007,12.9213247043091,-3.7501741977427705,-159.46200859744226,0.15336539834098267,0.2246491053575287,-0.0018929020109055901,0.05320196300603531,0.06461955489178814,-0.03272899577943907,0.0,nm
22.08486099999999,12.357343423574186,-3.631835075074727,-159.65288438983384,0.19337534199618472,0.19875739832011458,-0.013334377827938185,0.07032699192443469,0.05972972587207417,-0.04522920235818346,0.0,nm
22.09437700000001,11.805472117839097,-3.4558858887490693,-159.8943580073142,0.20233204015376385,0.15933461453493405,-0.031548380498724146,0.07992169088419779,0.050033164643178016,-0.05492732938918707,0.0,nm
22.103886999999986,11.292772099711524,-3.2486668280386555,-160.16033279967579,0.1716882096556522,0.12186382251703003,-0.02278720471180349,0.0833713486654553,0.03468118402035552,-0.05905627600563694,0.0,nm
22.113388999999984,10.84571818938221,-3.0095614267095767,-160.41878555848876,0.12043246584777954,0.08202361155581651,-0.04348769369481885,0.08146918574253441,0.012899243222018504,-0.056507907732840944,0.0,nm
22.122861,10.464464905062657,-2.7784308155724444,-160.6521837740771,0.05945674571093281,0.06108017429322369,-0.04659181206326328,0.07315646131709538,-0.004371958389251896,-0.05052926818337044,0.0,nm
22.131997000000013,10.137925410278141,-2.6125160463171424,-160.85303893249682,-0.020882723416733723,0.054321654354932046,-0.0418687868477577,0.0592008348695217,-0.012255747787057783,-0.04329181000626369,0.0,nm
22.141930000000002,9.86582816370315,-2.5240017021984,-161.0203108442451,-0.06412409041274719,0.05953769563460174,-0.05841333956620653,0.043207089299853556,-0.014047899189645685,-0.03596057964954694,0.0,nm
22.160896999999977,9.343520060795369,-2.5552240532589727,-161.30329507137264,-0.08492007890245885,0.103423606036562,-0.018508226917320392,0.0,0.0,0.0,0.0,nm
22.170458999999994,9.073113808224475,-2.6335687353154227,-161.47432000837532,-0.041199556245571936,0.12443299263430452,0.01024857896320093,0.0,0.0,0.0,0.0,nm
22.179929000000016,8.778314375313261,-2.6890537148230895,-161.70443947898625,0.037811957875877024,0.14722338885087619,0.025096530579851686,0.02076999439141791,0.03738378958436264,-0.04873848913651714,0.0,nm
22.191823999999997,8.45431354020841,-2.6502225354152262,-162.00344251272278,0.10747620678837334,0.1680287394150516,0.04454183492433849,0.028743955963780453,0.035502314637921015,-0.06278247775051064,0.0,nm
22.20839799999999,7.7778687086625355,-2.2820094333706953,-162.7279857917352,0.11505031539023657,0.16236591671943287,0.07393529695101353,0.045162248408147525,0.0016017652314699272,-0.0769559434965315,0.0,nm
22.227431000000024,7.304710063324903,-1.8317966564314825,-163.36144785889917,0.007162957876737928,0.129179127400266,0.07306872008813442,0.04258892170310079,-0.03601530105710226,-0.059358452968380535,0.0,nm
22.236933000000022,7.056905403799961,-1.6224176204877965,-163.59431562844046,-0.030273873936990686,0.10860563999790934,0.0576508618503861,0.03787294383248597,-0.036250072145500974,-0.0481571361171113,0.0,nm
22.24645300000003,6.7920266492738115,-1.4853404806877604,-163.7817809748111,-0.07795365490273108,0.08393261452209072,0.08568794041903842,0.041456856136964426,-0.0273288952396323,-0.03900963838520365,0.0,nm
22.265416000000016,6.2126673185189265,-1.3955723756645817,-164.080154833054,0.03969153900055622,0.061236259147278295,0.11372026890390477,0.0643974803984692,0.022288921610616266,-0.029818209707523732,0.0,nm
22.27491100000003,5.787475776670692,-1.4926239150866536,-164.20687087121263,0.1397087103758917,0.05475334189263405,0.14082331485890368,0.07658399821837827,0.04196090236004747,-0.027507212391441157,0.0,nm
22.284403999999995,5.306804602860731,-1.5615045819640962,-164.3166039162021,0.2595280664236722,0.05105359430809565,0.13859724298908943,0.08888950555673532,0.03938390903259133,-0.024527314703330385,0.0,nm
22.29392200000001,4.834573055263812,-1.5620173656230247,-164.41626120556742,0.34368818722661354,0.05287967992176119,0.11381285409350668,0.09102271990246792,0.025578773930398667,-0.022523685599480682,0.0,nm
22.331988000000024,3.4807503988603825,-1.0409328255681172,-164.7532369983163,0.11679075012486657,0.08378623612453417,0.19520130936689606,0.06584356808352393,-0.007201996620157482,-0.01820016677519021,0.0,nm
22.341514000000018,3.1911293455677763,-0.947158693751213,-164.85313563796544,0.003999619402018804,0.09722809178780503,0.1203500288866005,0.06089485773197166,-0.00292108520950428,-0.021000798717475996,0.0,nm
22.35101000000003,2.9467532466855384,-0.9105451604593969,-167.7178766201264,-0.014125337793632429,0.07587542717555838,0.14714353964089308,0.04937537551264521,0.003309886997905917,-0.030557663852738733,0.0,nm
22.360509999999977,2.668786872175436,-1.0198926779064805,-170.59356532709353,-0.010195723327704418,0.07093681699319919,0.08622751642619153,0.05127336900408052,0.03081380733529322,-0.04937267092315157,0.0,nm
22.370087000000012,2.3594084668264053,-1.2643919769601217,-173.53960628526048,0.036245607841148254,0.06954286722156469,0.07918668624341528,0.055889673847390534,0.05579309030282834,-0.06741074955602584,0.0,nm
22.38909799999999,1.6814327287386643,-1.8707863358098618,-179.41804486810767,0.24768210475495023,0.07408158095605663,0.05782546630571818,0.0653054252845971,0.06353163916523816,-0.0582778266171106,0.0,nm
22.398612000000014,1.4102794959690585,-2.1849684425790272,177.9136544635173,0.3263604351785673,0.0459463782916026,0.08655025134660965,0.05646702297633932,0.0609691576313746,-0.025892588374584226,0.0,nm
22.408101999999985,1.2316157896101634,-2.3963187859648536,175.61360104835103,0.3641770923043368,0.016546794404728827,0.0948438584198831,0.0389149922990491,0.039446747028793236,0.01386433707937501,0.0,nm
22.41761600000001,1.1849919712667538,-2.4362667955558273,173.42630347693728,0.3706838872550139,-0.03951088503677658,0.13826458435527836,0.0,0.0,0.0,0.0,nm
22.42712499999999,1.249957135871902,-2.37223482281982,171.27665218734495,0.3117511920923543,-0.0448237781703718,0.12346490793936839,-0.014818623613549207,-0.010673782584507643,0.049235147989657405,0.0,nm
22.43660699999998,1.4143797439223385,-2.3026725031971473,169.02401471520216,0.1951901607326972,-0.034474677918400316,0.1265911850445382,0.0,0.0,0.0,0.0,nm
22.44617199999999,1.6380000837940285,-2.2828575720458217,166.64073835709215,0.07724393682488974,-0.014605141194013588,0.12418137638527281,0.0,0.0,0.0,0.0,nm
22.455587999999977,1.8678370387965768,-2.3675816290211387,164.1999399828243,0.020734980824409135,0.05369436955334263,0.12895184765136244,-0.039701030553964865,0.028764449490915816,-0.049078520038861054,0.0,nm
22.474612999999977,2.3013098162326577,-2.9789560576421694,159.41411167272562,0.1109360194947441,0.11367681301609345,0.22250946833288576,-0.012708453262183356,0.08416321625171076,-0.05637565626431214,0.0,nm
22.50310300000001,2.695918736708388,-3.986968909243834,154.0056076447278,0.3863971760979542,-0.03975069593528417,0.2951865681453984,0.0036132309397761803,0.05384823036646159,0.043314733822575696,0.0,nm
22.512609999999995,2.7899179159170737,-4.101104102562387,152.47232270764127,0.3602503740334635,-0.06673148965273669,0.3029686296935272,-0.006028957390172566,0.028964808405710703,0.04983888724793279,0.0,nm
22.52212000000003,2.876882094470952,-4.09351437624254,150.95799797816588,0.28851659554693754,-0.052829795537678116,0.26765099434007267,0.0,0.0,0.0,0.0,nm
22.54114500000003,2.9928767065045943,-4.074326881205089,147.69160037715184,0.11351111253742871,0.047508033398871066,0.20637130547459018,0.0,0.0,0.0,0.0,nm
22.55069800000001,2.977809439436664,-4.168591550649188,146.2129621605758,0.07411107056847412,0.08709984794389747,0.18052704312721507,0.0,0.0,0.0,0.0,nm
22.560172000000023,2.915145406869074,-4.364879522269791,144.754568548551,0.11576193235813215,0.054797120572361295,0.14774513101452072,0.0,0.0,0.0,0.0,nm
22.579242000000022,2.7346921243098046,-4.999389368955941,142.38135675457818,0.2290837890859454,-0.07690729776339121,0.10421066183768397,0.05465595683091625,0.041851657333316486,0.025518170233941675,0.0,nm
22.588765000000024,2.6808334350650975,-5.286409717722476,141.39458927567472,0.279669358051011,-0.14137633856778567,0.07716855071352437,0.04431629703073468,0.03816074329247058,0.030184776489328272,0.0,nm
22.59841,2.6860739571083863,-5.51082058245844,140.39409906939966,0.2991128686704679,-0.16027049253619843,0.061449480308480645,0.0,0.0,0.0,0.0,nm
22.607957999999996,2.7570416889954217,-5.679080911598218,139.40728690571396,0.28072632447418344,-0.12128799939782323,0.07028766613862773,0.0,0.0,0.0,0.0,nm
22.626933000000008,3.019777312204644,-5.918958071184151,137.38320175946475,0.22139416165502154,0.03627820852450611,0.06918631418218762,0.0,0.0,0.0,0.0,nm
22.64599199999998,3.335116756180291,-6.344574027479568,135.64460802464043,0.19280045815295782,0.06999819473222131,0.07534734161973969,0.014448043999526842,0.0551317309639508,0.00788724305102278,0.0,nm
22.65551099999999,3.4010822527953763,-6.63133006125144,135.0771191560339,0.23559378491716645,0.01956944819412512,0.04728448107722205,0.031327427264947784,0.04989616804313972,0.03194020639841283,0.0,nm
22.66502300000002,3.4108410112111844,-6.915317506785773,134.68837109749998,0.29064874634947097,-0.07299132517860521,0.07721018239472567,0.0391575018924436,0.04130021351080077,0.04802998759812222,0.0,nm
22.674486,3.3607731659356865,-7.135357049946543,134.3634334053982,0.32616858589397957,-0.15002071815918147,0.11064424506228361,0.0385144710128991,0.023619972712487086,0.04697769434282041,0.0,nm
22.683981000000017,3.275471696541204,-7.247570048002442,134.00614251491038,0.31928517664205114,-0.18391785478940714,0.1033298111925685,0.0,0.0,0.0,0.0,nm
22.69354400000003,3.1983946316024334,-7.265074778837917,133.56196801149116,0.2691136207695103,-0.17120455129084225,0.11163134366892508,0.0,0.0,0.0,0.0,nm
22.722027000000026,3.0853857178248156,-7.244938801735379,131.75832695781514,0.11956082080697733,-0.08636778354279868,0.5739153348892991,0.0,0.0,0.0,0.0,nm
22.741074000000026,2.3425148102503153,-7.4230963457042565,131.04988900441816,0.008388726757330756,-0.005116613223147425,0.07189992119071799,0.07225365987364667,-0.05707937645284373,-0.03965480403052787,0.0,nm
22.750621000000024,2.305091873024283,-7.517114376094089,130.77571093049718,-0.16446189312333653,-0.1545352149680944,-0.15907169965984597,0.0,0.0,0.0,0.0,nm
22.760114999999985,2.103781398854656,-7.5594762000044256,130.39322073277975,-0.15247915206367177,-0.1810721347109797,-0.4906188153676707,0.0,0.0,0.0,0.0,nm
22.779134,2.01051514248624,-7.557959135594001,129.30129762567978,0.07945008667109656,-0.30666011918519553,0.21203392969684098,0.0,0.0,0.0,0.0,nm
22.791119999999978,2.1629785715227117,-7.517903258708041,128.59979111407742,0.14478019560855668,-0.3037262177186893,0.13250743227268144,0.0,0.0,0.0,0.0,nm
22.81722400000001,3.2962765933825247,-7.390337929978068,126.05672918469195,0.24470869941909357,-0.1309252194056616,-0.03942441460625548,-0.061667572093986094,0.06563250935641814,-0.016690658205073254,0.0,nm
22.82674400000002,3.8001724174458387,-7.351482905901796,125.00073017271032,0.25227821567878633,-0.07441167071281388,-0.03751486369811268,-0.06394004618528336,0.07739607282013589,-0.033271349952169,0.0,nm
22.836238999999978,4.277937390695585,-7.374200564240407,123.98181900510919,0.25663924155236234,-0.0315785880450136,0.08789513119398688,-0.04945676651442702,0.08112260675446734,-0.040987452921619434,0.0,nm
22.845788000000027,4.609399622436628,-7.4418600867812605,123.26201799954607,0.27613473641208086,0.04975191137428604,0.01016708391145505,-0.02490444956031646,0.06242903765867257,-0.03926333523021652,0.0,nm
22.864769000000024,5.1010353305048275,-7.657406501006218,122.25904234252378,0.2831538614148938,0.011090424025745383,0.06495641010469842,0.0,0.0,0.0,0.0,nm
22.874344000000008,4.815315888818255,-7.646335710734184,121.54033464528919,0.3061769893906214,0.02224546061042127,-0.042125350169979474,0.0,0.0,0.0,0.0,nm
22.902881999999977,4.073136653761495,-7.2902658643794185,121.2076445431514,0.22237803247990937,-0.08771671614977704,0.02718695562068948,0.0,0.0,0.0,0.0,nm
22.912342000000024,3.901430635530647,-7.078869599944916,121.23428518473393,0.15832619105427992,-0.12332301235508841,0.04261356034101387,0.0,0.0,0.0,0.0,nm
22.92187899999999,3.7296302667305348,-6.874143467245931,121.1335741972171,0.1321416821220816,-0.11573915968392975,-0.023677279311742957,0.0,0.0,0.0,0.0,nm
22.93140900000003,3.684003619086639,-6.707328057733009,120.94477321569805,0.0714517624358281,-0.12505629165338752,-0.06422186037624497,0.0,0.0,0.0,0.0,nm
22.94091800000001,3.732312133530617,-6.543124740549029,120.86617058384492,0.0873875013321926,-0.1381294397987903,0.0452232053229175,0.0,0.0,0.0,0.0,nm
22.950433000000032,3.789014959470667,-6.374853318893298,120.66949592914622,0.09243899644202895,-0.14765809236440475,0.044215483290107355,0.0,0.0,0.0,0.0,nm
22.959895000000017,3.9778526235943787,-6.21177863428145,120.3626397144638,0.09861746173262426,-0.15941521378046597,0.04486580534792279,0.0,0.0,0.0,0.0,nm
22.969449999999995,4.203477448989675,-6.0438834663527246,120.14543230945554,0.09196100741183376,-0.1583515336451211,-0.019388242002719724,-0.018302235481876216,0.04607100733501045,0.010158961408778606,0.0,nm
22.988477999999986,4.693615014762291,-5.652977394709299,119.81436155698474,0.150443009360966,-0.12467983404526879,-0.02376669737704301,-0.032766482933837535,0.05951810530157641,0.006225271049638418,0.0,nm
23.007442000000026,5.175359230080414,-5.486605550076973,119.4319289580371,0.20959149659607815,-0.07679966400127955,0.08940397220495445,-0.026933186530033484,0.0516441268975554,-0.0013027341402433964,0.0,nm
23.017012000000022,5.268652569063098,-5.33847872639649,119.451904813379,0.20535486498143082,-0.06837709547839929,0.06696291639360416,0.0,0.0,0.0,0.0,nm
23.026479999999992,5.26736841465428,-5.213168595073568,119.51866314143545,0.19691552241894048,-0.05396223928162215,-0.02653845929185074,0.0,0.0,0.0,0.0,nm
23.035983999999985,5.235969007660781,-5.102450769159714,119.57657370165232,0.1803388203670903,-0.06095326111957745,-0.024343399643244994,0.0,0.0,0.0,0.0,nm
23.05505199999999,5.074946223170419,-4.876708403443862,119.86796969515662,0.1600572078178939,-0.09451123995358297,0.039125918924625004,0.0,0.0,0.0,0.0,nm
23.083586000000025,4.958683453805202,-4.577360611200033,120.9306336442123,0.10005271119245125,-0.11483185445291276,-0.014336077967904873,0.0,0.0,0.0,0.0,nm
23.09304800000001,5.010060577031127,-4.484261460809132,121.2431930067513,0.07082645001791796,-0.12139961174375731,-0.038616921373452615,0.0,0.0,0.0,0.0,nm
23.102612000000022,5.0867821082331295,-4.402227572279625,121.48085035857699,0.09410765872874949,-0.1018204507960803,-0.012886328547307018,0.0,0.0,0.0,0.0,nm
23.12163099999998,5.319292740865021,-4.259320108312923,122.02240586518218,0.12051634311286687,-0.09301150625927546,0.04920299149092295,0.0,0.0,0.0,0.0,nm
23.150109999999984,5.626223268903096,-4.078593274662439,123.04815790459669,0.1531373688140069,-0.07110603960569577,-0.019052463824585354,0.0,0.0,0.0,0.0,nm
23.159629999999993,5.666002533947017,-4.0174638794259865,123.37398383014623,0.16483719422115015,-0.06662875326906977,0.034665456367815324,0.0,0.0,0.0,0.0,nm
23.169185000000027,5.666987696566063,-3.967291388130233,123.92334937725883,0.166389444437914,-0.05807321105599095,0.0670768431935985,0.0,0.0,0.0,0.0,nm
23.178668000000016,5.627023629923539,-3.928945233351279,124.45929062375009,0.1581513337742617,-0.049590283739546284,0.04680101246321023,0.0,0.0,0.0,0.0,nm
23.188175,5.5679433674197165,-3.9016991388232833,124.92247577827244,0.137148595728706,-0.04843720698582601,-0.016342017140530494,0.0,0.0,0.0,0.0,nm
23.207234000000028,5.421544231319112,-3.8895119635140007,126.09462090411418,0.11343449591709462,-0.05725957567928328,-0.013199661170499005,0.0,0.0,0.0,0.0,nm
23.22625499999998,5.307180383263776,-3.8786162336269676,127.01820897010614,0.11291872227067067,-0.08109187353923274,0.044766928534858676,0.0,0.0,0.0,0.0,nm
23.24527999999998,5.28057749835426,-3.859361015268421,128.22995979959236,0.09982853574701121,-0.08570621320427114,-0.01106049780680591,0.0,0.0,0.0,0.0,nm
23.25478099999998,5.29285620278688,-3.84193425623252,128.8140787760958,0.10343574414549817,-0.07766983491865607,-0.011381100895863834,0.0,0.0,0.0,0.0,nm
23.264301999999986,5.3171332351479155,-3.825964430307199,129.29965006584374,0.10923467763133943,-0.06932861526800542,0.01731857987565962,0.0,0.0,0.0,0.0,nm
23.273772000000008,5.339286808832874,-3.8179732274955582,129.7825835761682,0.115792179276525,-0.0549136677780565,0.042334177409512244,0.0,0.0,0.0,0.0,nm
23.302337000000023,5.332206821561317,-3.8505223741293424,131.45893215470488,0.12094298688169196,-0.02419626275410552,-0.01359014047580321,0.0,0.0,0.0,0.0,nm
23.311853999999983,5.282885231912399,-3.8747866718991775,132.17100043122292,0.12947281671282487,-0.02247983330858803,0.012603499036978416,0.0,0.0,0.0,0.0,nm
23.321366000000012,5.203815135000857,-3.8987570398537628,132.73088641736803,0.13645112193632244,-0.026010425956129422,0.03568313035629326,0.0,0.0,0.0,0.0,nm
23.33083099999999,5.0983217141299475,-3.9209835279014773,133.252532306531,0.1389971074361966,-0.02954574411228656,0.0501737588331553,0.0,0.0,0.0,0.0,nm
23.340378999999984,4.974524867487826,-3.9400046804819717,133.94444677539116,0.13293000378815992,-0.035130617514730504,0.038646694607414454,0.0,0.0,0.0,0.0,nm
23.349849000000006,4.842341564291225,-3.9511011187924585,134.6335737738962,0.12218079078214963,-0.04040452278896611,0.017792394403014864,0.0,0.0,0.0,0.0,nm
23.359413000000018,4.715527363712681,-3.961278297708393,135.36541201900056,0.10635804788946852,-0.04410057952343662,-0.010970431767997023,0.0,0.0,0.0,0.0,nm
23.397463000000016,4.3806206076923955,-4.0328349983030956,138.24480715374602,0.0896999120684752,-0.03862787630361832,0.02218798195606881,0.0,0.0,0.0,0.0,nm
23.406954999999982,4.338165075002577,-4.068248135300598,138.84116694948025,0.09008540544586993,-0.033072933626122694,-0.00898744750966895,0.0,0.0,0.0,0.0,nm
23.41642300000001,4.2943493322132085,-4.102089189432232,139.37180247360124,0.10166669877141772,-0.02624442974849366,-0.010243592389327523,0.0,0.0,0.0,0.0,nm
23.425986000000023,4.239341753170018,-4.131858252155235,140.06924125643116,0.1159761323587762,-0.019709110333152886,0.01977235895711488,0.0,0.0,0.0,0.0,nm
23.435467000000017,4.163089673688037,-4.157080048403874,140.82608459140008,0.1269074789595501,-0.012798233790338433,0.03698416368938934,0.0,0.0,0.0,0.0,nm
23.454476999999997,3.9385818134354125,-4.187374709091364,142.38481704491446,0.12928442134736565,-0.0064543419904666876,0.03450998756849309,0.0,0.0,0.0,0.0,nm
23.46399600000001,3.797051102685921,-4.198035599779841,143.17844663236164,0.12132343253047402,-0.006005818772568683,0.02183244367738924,0.0,0.0,0.0,0.0,nm
23.483064000000013,3.486885513031661,-4.236357081091866,144.5238434420335,0.10010710020216737,-0.007609239791702958,0.02439206336556733,0.0,0.0,0.0,0.0,nm
23.511582000000033,3.0493853837897005,-4.3585365235798825,146.88529404220787,0.08750398881665533,-0.01376627385412435,0.021380499499092157,0.0,0.0,0.0,0.0,nm
23.52109200000001,2.9221430863422473,-4.405577107547671,147.38300176539963,0.09183179733725771,-0.016903685860533296,0.017036222589238918,0.0,0.0,0.0,0.0,nm
23.530601999999988,2.8008082229241547,-4.444718367981431,147.83112898448246,0.09946793045001852,-0.018292729234038328,0.016062514107540823,0.0,0.0,0.0,0.0,nm
23.540115000000014,2.6813498779236395,-4.475088181934228,148.46653924869895,0.10631793439353,-0.0176735957675862,0.022283697227230802,0.0,0.0,0.0,0.0,nm
23.559095000000013,2.4432274233899984,-4.506792150218513,150.33107568392887,0.10794937288968394,-0.009037173841273062,0.029019161014006867,0.0,0.0,0.0,0.0,nm
23.578118000000018,2.1810050569514057,-4.53973579686761,152.10013499845743,0.09654541958210566,0.0055584194926972886,0.022985920057418875,0.0,0.0,0.0,0.0,nm
23.58767499999999,2.038412623240925,-4.5690550940846215,152.9549437434579,0.09079610011419723,0.012257301003604093,0.02451404052725079,0.0,0.0,0.0,0.0,nm
23.597141000000022,1.886039805091082,-4.608375790265716,153.747485723712,0.08837635095842016,0.017280368706426134,0.024781567576817393,0.0,0.0,0.0,0.0,nm
23.606691000000012,1.7239854950155042,-4.654455591587547,154.65395301153262,0.08931917961641195,0.019302242268688874,0.027936256060088253,0.0,0.0,0.0,0.0,nm
23.61620800000003,1.5534393701924787,-4.70399552893947,155.57363226071635,0.09155128988110221,0.018650868064040833,0.029009831023031212,0.0,0.0,0.0,0.0,nm
23.625670000000014,1.3779150154137958,-4.7488971395801665,156.40069466677278,0.09653034735928442,0.014520906884934843,0.029817313678577602,0.0,0.0,0.0,0.0,nm
23.644736000000023,1.020421267275856,-4.813517411983117,158.00193935551985,0.10338074088297043,0.0067324162973031116,0.02654205976030384,0.0,0.0,0.0,0.0,nm
23.673276999999985,0.515598804116421,-4.860871626078264,160.36297932164857,0.0887295904488866,0.006890447743302283,0.02130548080185644,0.0,0.0,0.0,0.0,nm
23.682795999999996,0.3662175774165433,-4.879997830783083,161.4082334874829,0.08124632871414056,0.010231138836403197,0.023986680921673637,0.0,0.0,0.0,0.0,nm
23.692266000000018,0.22570498484534796,-4.906539381802787,162.36179110974692,0.07581426775410394,0.015973109399321263,0.021662397396475932,0.0,0.0,0.0,0.0,nm
23.701632000000018,0.09221385205875451,-4.9395859277913745,164.44419547683185,0.07450387624080324,0.022759031155139314,0.0201867582317305,0.0,0.0,0.0,0.0,nm
23.711230999999998,-0.07595687459526138,-4.93959898536191,166.7570936682473,0.11959191973186599,0.058177270348448155,0.030847350607132378,0.0,0.0,0.0,0.0,nm
23.730253000000005,0.5003963263594202,-7.415038414588193,167.46367393271962,-0.14772998307537832,-0.13192382104064382,2.756929929433802,0.03717798306495754,0.3915349824486432,-0.006639538371757868,0.0,nm
23.749078999999995,0.29954194485753655,-3.783640796688071,170.1844021734959,-0.34375860327423075,-0.039109018196830145,0.4197512626383584,-0.18269766760680958,-0.4593587056126457,0.08123082499432623,0.0,nm
23.75859200000002,-0.11100660985406878,-3.202336479821158,172.28885301026872,-0.305740478308355,-0.2506085961958505,0.5189255684772759,0.06521403405503823,-0.12664643756402671,0.08501200318839998,0.0,nm
23.768294000000026,-1.48469329161988,-3.8913624168129397,173.1807335146289,-1.5154997645361472,0.005094724103447401,0.1451867352222322,0.28954023968375125,0.10305852265708641,0.09076025353278228,0.0,nm
23.77779099999998,-3.101555152851424,-3.6775034763114074,173.8883213613123,-0.36919980473399205,-0.7757617126596946,0.7509918656684299,0.31638541710275114,-0.07842716783537453,0.08286441022722872,0.0,nm
23.787207000000024,-5.568176219442025,-4.3057837696115095,176.81144444734488,0.3440524618330961,-0.4209272319835583,-0.5532571314092802,0.49927595117954926,0.09720983599367079,0.01172601763712886,0.0,nm
23.79672199999999,-6.705505550440949,-6.192120656664555,173.41744903925422,0.2800029925512425,-0.44612805787470056,0.11420992775995893,0.2686352250172355,0.34933246960709485,-0.022836866986740083,0.0,nm
23.806241,-6.527723364467307,-7.053782430271065,169.69286881675225,0.5565233705481519,-1.0664390651661186,0.7504175369358115,-0.004522533702517243,0.17610929202938777,-0.07471165614448033,0.0,nm
23.815766999999994,-6.425651806490728,-6.742241873983969,165.73733654802913,0.7113073134404623,-0.5610791526000831,-0.33654985822637024,-0.03472972701095408,-0.05567697547779072,-0.12556361789659215,0.0,nm
23.834764000000007,-3.938742377139827,-6.447547326507897,172.26665696319594,-0.04665914187613239,-0.3518282540039437,0.5978078755074087,-0.2807081110342727,0.006548242170518724,0.04374616692835365,0.0,nm
23.844276999999977,-2.7647268516739314,-5.395628610362455,176.0102974986643,-0.15252151579417728,0.034864641962132556,0.28483807758535784,-0.2486977648863899,-0.19298801946231237,0.10831854854224807,0.0,nm
23.853807000000018,-1.1383393984380783,-4.473898173678916,179.85783790202777,-0.03603055894350406,-0.0010930992106185904,0.06251121912786753,-0.32619619763954527,-0.18168594608701927,0.1767675319263002,0.0,nm
23.863293,0.6367864919298035,-4.661326063896005,-176.2042345039291,-0.23071791335073022,0.023249058950682498,0.39854078984429087,-0.35602292582049483,0.016468837930635766,0.18791202813842506,0.0,nm
23.872807000000023,2.3609266407675555,-5.00394855246445,-172.29468137991265,-0.10676180046430885,0.13523573579421985,0.6447245437517256,-0.35008563262049475,0.02364796612756532,0.14618263552935648,0.0,nm
23.891835000000015,5.41571527322948,-5.4431699430510685,-172.3466407224967,0.5444277768327727,0.49759552813877805,0.27234259084403,-0.29378991957574585,0.04180736651762839,-0.026703052961574162,0.0,nm
23.91085400000003,7.659586027072932,-5.917607589994546,-173.45250916450726,0.3500318244416455,0.6455526350161944,0.5182752425454736,-0.17920216300370537,-0.0420805173605764,-0.08655073223148173,0.0,nm
23.92031000000003,8.098572357330664,-5.457214315224688,-173.7139321251705,0.33040780454453234,0.6744995793189186,0.19571575787772547,-0.07663693061439636,-0.10141003975569078,-0.04361207086988366,0.0,nm
23.92973599999999,8.307973256545251,-5.31234523575904,-173.6415896185006,0.0509377747012151,0.5703856064969158,0.30511392997119663,-0.038307217613898256,-0.03343848062409207,0.01841313203740874,0.0,nm
23.939261999999985,8.22423910106805,-5.155899838649405,-173.1756175144121,-0.16096429489263572,0.437799528136089,0.38429577718992863,0.020185363989769695,-0.029215850643113737,0.09172931393130486,0.0,nm
23.948756000000003,7.962553508121982,-4.721222281313486,-172.43051975911652,-0.06477853603807081,0.27986447847607665,0.14480621321197834,0.06271131321632566,-0.07984263010246428,0.1446083897447561,0.0,nm
23.958293000000026,7.709753765478084,-4.5129392279663945,-171.76061383561253,0.08514717926577262,0.12276671766766939,0.08241393435175537,0.055723899349487745,-0.034387397279145616,0.12999854525752358,0.0,nm
23.986913000000015,7.401691995569206,-4.306494735585421,-171.9817524397175,0.278812075351705,-0.0004446197726840253,0.0655914015183082,-0.003365463842428366,-0.05139767425737452,-0.08978108141377697,0.0,nm
23.99640900000003,7.582839670401688,-4.2387657600252835,-172.6723598035278,0.1819814462104017,0.03605012348861266,0.08077755618319386,-0.03404341176316066,-0.01826773860797547,-0.13551725610333817,0.0,nm
24.00586800000002,7.946420855042344,-4.150601547770325,-173.29622003716656,-0.0024920206823323926,0.12213643244911392,0.16236718948312542,-0.06992385064321392,-0.026390206016242004,-0.11953468860170041,0.0,nm
24.015434000000027,8.465921422624058,-3.8075026457916805,-173.58366501756905,0.030484528144619893,0.15349178366158897,0.1351220609221278,-0.09526902339680898,-0.08012464333287908,-0.05031264729344406,0.0,nm
24.02494999999999,9.071249921432122,-3.525094191808767,-173.4900228574698,0.05365210921941946,0.1929942966694552,0.03760870585010328,-0.11385734892313876,-0.06982465520559739,0.02649159642077877,0.0,nm
24.03446200000002,9.809627267664386,-3.477074158128438,-173.10881633069422,0.010278142645165482,0.2121806060059677,0.1176093784700136,-0.14548435844659832,-0.026781019042714405,0.08532548112479106,0.0,nm
24.043958000000032,10.604525444948212,-3.3938357287209184,-172.59777819498908,0.056461764707881085,0.21354579731288834,0.16452700007215723,-0.155616714707758,-0.0363214946594657,0.11181858587611086,0.0,nm
24.05347999999998,11.38689606131783,-3.2248760819952307,-172.2075634862906,0.1819223273455494,0.22784060760417682,0.035977916490981844,-0.15059308892949316,-0.054232651476889326,0.08714107611221761,0.0,nm
24.065447000000006,12.20359309694359,-3.1686161111389968,-172.18079862665903,0.1828346664473423,0.2418012760257979,0.036271813755603656,-0.1602774631384958,-0.03334588317573387,0.014477501670373333,0.0,nm
24.101114999999993,14.182297184698054,-2.7774643142871436,-174.28971672860217,-0.2131555841411707,0.32252470007481193,-0.04297852161797331,-0.11541722262954952,-0.03238480451341581,-0.09386159880937801,0.0,nm
24.110720000000015,14.343226455090262,-2.988845781573424,-174.42004513834442,-0.2501606610382248,0.2981757949797566,-0.07072812526658778,-0.10366721106670966,-0.01665155436947426,-0.024262722957307113,0.0,nm
24.120173000000023,14.87990715851931,-2.9930003903990645,-174.2006879034667,-0.14854218935143373,0.2304947566846027,-0.16630114096633297,-0.10689881876648999,-0.009818412424193707,0.049511096737258134,0.0,nm
24.12963000000002,15.502374759533534,-3.111055379657214,-173.77276471012232,-0.030756828566586892,0.1588619731060538,-0.24549950024622585,-0.12628945411763967,0.010464179408005326,0.09228493153692524,0.0,nm
24.13925899999998,16.07855612479183,-3.1704802313241953,-173.30916335652623,0.0445161075164751,0.12353980122456505,-0.09233013880386527,-0.1459344715631914,0.009553236200825719,0.09905444260095912,0.0,nm
24.148712999999987,16.800168550336004,-3.09543677812565,-172.96582174890767,0.12993820290964092,0.10100013388321286,-0.13564430532754848,-0.14148473508633894,-0.03217405110440096,0.07661393190058026,0.0,nm
24.15822400000002,17.57562917118286,-2.8076933580390113,-172.83333825938035,0.1890360614270346,0.09485116949839668,-0.1675027064798301,-0.14679575474330617,-0.07636553940542591,0.034506358132189136,0.0,nm
24.167669999999987,18.39604492854762,-2.403359693196308,-172.9112767322171,0.16256461047106452,0.07267962264722765,-0.23638065400833963,-0.15283191141088218,-0.10072310773168315,-0.008137738487744572,0.0,nm
24.177208000000007,19.22665997245148,-1.888648251228579,-173.06498120181945,0.10928466017663022,0.08173909718790122,-0.30594529323619457,-0.1524166649626193,-0.12260976547044053,-0.02454437675035981,0.0,nm
24.186673999999982,20.09075174648764,-1.298849052933269,-173.13612607998667,0.10356318948757416,0.08775516053080092,-0.3409380393185153,-0.1575563801406957,-0.13805392549897116,-0.009440131385555894,0.0,nm
24.196241999999984,20.973259270962757,-0.7497213728158408,-173.0489339842317,0.10930557045197906,0.0730373668641157,-0.40615002399938915,-0.16221603991856057,-0.13044142240811143,0.02059601579503453,0.0,nm
24.205718999999988,21.885587698215286,-0.28015926908771643,-172.78861216162798,0.1338906305422625,0.0694948755523521,-0.3946986635850366,-0.16973081685957794,-0.11586206505822191,0.05372984936328579,0.0,nm
24.21525200000002,22.823119236581118,0.15616197414604588,-172.39951292091976,0.18972126087446078,0.01995646507740307,-0.42113755448352813,-0.17494154911575197,-0.11087551217062694,0.07806421008393964,0.0,nm
24.22476499999999,23.73697638936854,0.5709453954463651,-172.00342384408103,0.24248581436545774,-0.009446522975587875,-0.4297539825736352,-0.17006106252693112,-0.10715447911388497,0.07809891028930875,0.0,nm
24.236717999999996,24.629969249850202,0.9484161678009138,-171.73152730503995,0.24150633740184746,-0.039096077719971443,-0.4891079745652891,-0.16634240143234838,-0.10014963041322743,0.05203396202378158,0.0,nm
24.243777000000023,25.539286560777615,1.3431438761084444,-171.63325524806692,0.1695789567614243,-0.026086511942673182,-0.44718486305815497,-0.16873266399904935,-0.10457087922661057,0.016013536659833304,0.0,nm
24.253291999999988,26.426087043619734,1.8183775652596308,-171.67911389943794,0.08266581114778258,-0.008408758612093906,-0.4396047581373076,-0.1618526358367618,-0.11993809856843758,-0.014093076581242125,0.0,nm
24.262812999999994,27.252533649334534,2.3137879005632582,-171.81994306876936,0.014978533037208851,0.02332158877406092,-0.44906211362648873,-0.14946623906730067,-0.12193022725067132,-0.034169543886502916,0.0,nm
24.272310000000004,27.98573634310477,2.7110568518126157,-171.98392378651963,-0.08094332539475206,0.06895313295713143,-0.4289890022986767,-0.1340363078619445,-0.09943546171849868,-0.039269931272203566,0.0,nm
24.28183899999999,28.59507369945845,2.958437389737688,-172.06468084784055,-0.10654396424281184,0.10219751627499139,-0.42761025534926794,-0.11383688031743928,-0.06597816164229194,-0.022207156999519827,0.0,nm
24.291354000000013,29.088442857236934,3.043394218576215,-171.99266029228434,-0.056035368503374344,0.10636942385025838,-0.4284153048805378,-0.09536362419984079,-0.030538428182345683,0.009238091489421013,0.0,nm
24.300849000000028,29.491524725015626,2.966741923094956,-171.7903992848471,0.008364440398042286,0.09179421217990534,-0.4126609474839156,-0.0819763737552249,0.003820965003077927,0.03625160171778743,0.0,nm
24.31035700000001,29.823150722171672,2.798444626925766,-171.53206943531404,0.10798674596887704,0.07776142385289642,-0.3761383216479363,-0.07052028258169035,0.023722250163325173,0.048368578002419574,0.0,nm
24.33890100000002,30.420594140161064,2.6410722018784627,-171.27841767982474,0.20480569810864982,0.03917765561047174,-0.3707748432929142,0.0,0.0,0.0,0.0,nm
24.34841799999998,30.474732548725925,2.7137246446491714,-171.50078550579767,0.14993479359204948,0.05156719853865167,-0.3678062707605973,0.0,0.0,0.0,0.0,nm
24.35791899999998,30.454331313132123,2.7904654334130647,-171.77335881110588,0.10196026485837405,0.06925675156762523,-0.367088571602296,0.006270995301820666,-0.014603374135679116,-0.05436036612284258,0.0,nm
24.36738200000002,30.38255109724582,2.8074866685239783,-172.00372704189155,0.0786880556534985,0.09493136827594062,-0.32800598538371284,0.0,0.0,0.0,0.0,nm
24.37695500000001,30.24531737420551,2.732704632227053,-172.13171284392183,0.07679402497422633,0.11347983514118275,-0.27879798812192197,0.0,0.0,0.0,0.0,nm
24.395983,29.770196338943446,2.445963842436293,-172.05926375921126,0.1498665665032246,0.11768879505437407,-0.1561276180019834,0.04969329939816332,0.036805233966796726,0.018102514767005508,0.0,nm
24.424517999999978,28.719064512034677,2.3229231975951565,-172.01495103992156,0.1945907877937861,0.0442921173896263,-0.07520385259673758,0.07173740266023612,0.002114628737565057,-0.00981890880879994,0.0,nm
24.43404099999998,28.320401849953953,2.4411754628809876,-172.14773155430146,0.18296391180980517,0.0418120957539619,-0.11552206303617328,0.08227710887119255,-0.012463915825036243,-0.023260495622964315,0.0,nm
24.44352600000002,27.966638670379766,2.5914048271216408,-172.2961864232221,0.1745598207715815,0.05107855188388962,-0.12212141567768324,0.07420346163077735,-0.020228035237298856,-0.026606820011845885,0.0,nm
24.453007000000014,27.660620869808238,2.7376244178411873,-172.39670462439602,0.17189379536489482,0.05774689215451248,-0.07453819498844579,0.06457762059019549,-0.020868257288673565,-0.01727397417949681,0.0,nm
24.462559,27.352920392953017,2.885987212444348,-172.39065775663397,0.18020198648535146,0.06220440016949126,-0.0787011057694728,0.06494458132901006,-0.021306983770746885,0.004228139950523226,0.0,nm
24.472065999999984,27.084284145091637,3.0492929457578697,-172.2599739842764,0.19673328641869386,0.054685951312264225,-0.04606347716550211,0.05761934760577442,-0.025244175846876847,0.028935109538864003,0.0,nm
24.48166200000003,26.804504876833462,3.45436216219741,-172.04895449468222,0.19173457610541333,0.04951637094799466,0.0004781557855995402,0.055679492838751406,-0.030608229835679852,0.045494064968791326,0.0,nm
24.49116300000003,26.53995576330862,3.8591280640296035,-171.82012040193166,0.1544770186614879,0.022205107504754424,0.010527588664595055,0.055647308110289284,-0.03975613685818581,0.04923658558189735,0.0,nm
24.500685000000033,26.305575690856383,4.268146743945582,-171.63125309438902,0.10300189801594672,0.015152592094503904,0.0077699018945464405,0.05418485401249284,-0.05254626080750329,0.041158613258928105,0.0,nm
24.510199,26.035444858855293,4.631091164105804,-171.5428910063609,0.03877869248828973,0.017335600375637243,0.0268171275171952,0.05973093294411172,-0.05568128909672121,0.021882894470755393,0.0,nm
24.5197,25.744118748362286,4.885947447077965,-171.58183580800377,0.0,0.0,0.0,0.059597023427948856,-0.04474450842468773,-0.0029806205448885967,0.0,nm
24.52921200000003,25.44185982541065,5.007046151634599,-171.7318887784523,-0.04044196564278706,0.03891183219442159,0.010401689392611074,0.05462821595991815,-0.024123137983051463,-0.024847007614316775,0.0,nm
24.538726999999994,25.12621028911428,5.029903922829181,-171.94534558673314,-0.005733598134613381,0.05744300076746117,-0.026947153946725384,0.04924219676942539,-0.0010125726912418235,-0.03720456220151609,0.0,nm
24.548231999999985,24.839328875939195,5.005343860618192,-172.16945912203806,0.03227583280734062,0.08943790432393754,-0.0028065681728748353,0.036138309693881425,0.01999687184061674,-0.03979751081705321,0.0,nm
24.557694000000026,24.576596883890478,4.968006452571254,-172.36267396636697,0.10286368023488135,0.11698891210343133,0.028758975876520283,0.025876140897440583,0.036570339886669065,-0.03402595750515909,0.0,nm
24.586228000000006,24.080508029895594,4.701542974230504,-172.54373000973249,0.2696821885905835,0.10438824780083057,0.09942389558312628,0.0,0.0,0.0,0.0,nm
24.595729000000006,23.944992517362255,4.6597851324884205,-172.5251243358727,0.2498116731807783,0.06393927006752954,0.09067417460713857,0.0,0.0,0.0,0.0,nm
24.605250000000012,23.830292168486935,4.878361093071001,-172.50422373248313,0.19178801557911412,0.0416294038602117,0.05362725457694441,0.0,0.0,0.0,0.0,marker_1
24.61481900000001,23.792427827893405,5.077845811799382,-172.48793282529704,0.14006690950440784,-0.005750255827129907,0.022901150539538135,0.0,0.0,0.0,0.0,nm
24.62429000000003,23.843278624390788,5.206153824036038,-172.48931342094647,0.09286725116735098,-0.0026653013224164366,-0.025226303664675143,0.0,0.0,0.0,0.0,nm
24.643343000000016,24.115090524005755,5.275895463078694,-172.54161362016765,0.07948340669088728,-0.010665002859970062,-0.039720892793148194,0.0,0.0,0.0,0.0,nm
24.65283900000003,24.280349041700088,5.2916895691577075,-172.58815328374396,0.11236981694318167,0.013593664860700428,-0.052941361681578925,0.0,0.0,0.0,0.0,nm
24.662352999999996,24.435981325528406,5.317321079269505,-172.6575757540968,0.15043379422750985,0.03875224296826859,-0.05791919195067936,0.0,0.0,0.0,0.0,nm
24.671876999999995,24.57159355516211,5.369774180615633,-172.74617504955094,0.17601708190618998,0.06234832874565669,-0.05806436450653526,-0.039980299445693625,0.027174369237984268,-0.020310879840284894,0.0,nm
24.681384999999977,24.677768812221398,5.478554800978634,-172.8396071344879,0.1910325937458211,0.08218496200866104,-0.06002671695182168,0.0,0.0,0.0,0.0,nm
24.700401,24.771839927681338,5.785878919569985,-173.02621674885475,0.16644390762071057,0.10615320651143313,-0.0762851775165666,0.0,0.0,0.0,0.0,nm
24.709879,24.749094688590397,5.9292212931418815,-173.10876353322746,0.13444768667852255,0.11018060143846432,-0.0768043791300119,0.0,0.0,0.0,0.0,nm
24.719400000000007,24.67311496039241,6.068437747988151,-173.17958046439927,0.11103915009677279,0.10695808357365137,-0.09120703368073146,0.0,0.0,0.0,0.0,nm
24.728895000000023,24.557847378162815,6.189208478090274,-173.249530091024,0.0959818348585779,0.09748159464269981,-0.10426294250366433,0.0,0.0,0.0,0.0,nm
24.738415000000032,24.407261106818037,6.269640058790548,-173.3324685243255,0.07912722322911547,0.08833276671395612,-0.10655838253220205,0.0,0.0,0.0,0.0,nm
24.757366999999988,24.199002778689724,6.197789355206078,-173.510652504451,0.08305472242937491,0.05741153989869571,-0.11819108760875027,0.0,0.0,0.0,0.0,nm
24.76688999999999,24.0516354557896,6.141735974155493,-173.6254433489937,0.0899422990862122,0.0361856719607261,-0.13511582806891895,0.0,0.0,0.0,0.0,nm
24.77640500000001,23.888455182530848,6.068155794251506,-173.75876528328118,0.09130422651719662,0.01640454643420287,-0.15134263419077873,0.0,0.0,0.0,0.0,nm
24.785912999999994,23.72767695502555,5.996081355806505,-173.89614567673192,0.09102779078645298,-0.008257604893063611,-0.1812991218128568,0.0,0.0,0.0,0.0,nm
24.795440999999983,23.579059341695874,5.925123706894558,-174.03338772496966,0.09131806542516947,-0.024298164734394268,-0.21076458143027435,0.0,0.0,0.0,0.0,nm
24.804936999999995,23.456360114875068,5.835252516123139,-174.17274410800002,0.07740082088161639,-0.03683749827357411,-0.23884839525838875,0.0,0.0,0.0,0.0,nm
24.814460999999994,23.3667507329653,5.725289067184991,-174.309613120065,0.030279544958968604,-0.04193394397066626,-0.25905354740570763,0.0,0.0,0.0,0.0,nm
24.823961999999995,23.309097686913837,5.588849943202834,-174.4424266129509,0.03342536426553543,-0.043341873381776676,-0.29708184071678423,0.0,0.0,0.0,0.0,nm
24.833482000000004,23.290128062548348,5.400009651939783,-174.5781092297194,0.035719980136491615,-0.044060346953606166,-0.33214457523466445,0.0,0.0,0.0,0.0,nm
24.84298799999999,23.298424663157924,5.142177877838337,-174.72684134544758,0.03529050016442949,-0.03444075224258814,-0.3553285227632102,-0.006461557308866793,0.051266682356038935,-0.02991237566106545,0.0,nm
24.852501000000018,23.34260374832938,4.824185501415927,-174.89225759669915,0.06259925798508971,-0.009162199234691793,-0.36003868767994257,-0.014542131977793837,0.06263738804100895,-0.0338657412843187,0.0,nm
24.862014999999985,23.431056010171407,4.4600852132100846,-175.08171106402838,0.10475612412187499,0.031540657685351525,-0.34303222788222876,-0.023963473821780386,0.07110984010069044,-0.03934015681194995,0.0,nm
24.871526000000017,23.565349890655423,4.074129785381588,-175.29749227701714,0.15513221131794735,0.0740746071628506,-0.3130628042360062,-0.03321186967778303,0.07478830756559096,-0.04517630594182323,0.0,nm
24.88099299999999,23.700360040717705,3.697216198484395,-175.53363853751281,0.20639042924717446,0.13231806604791405,-0.23103260917525004,-0.032927546559672484,0.07310156390193331,-0.04908376323721393,0.0,nm
24.900026000000025,23.820839771437175,3.0872772441531136,-176.01800977931651,0.22707024332699846,0.2262640625863368,-0.1274491296413394,-0.011300579144907836,0.05345005883475068,-0.04781130545740137,0.0,nm
24.90957000000003,23.77957152935622,2.903832261562164,-176.2222564385236,0.17702823975368398,0.23884977432526575,-0.12104361120789724,0.005747897591878622,0.03722273584316849,-0.040440911304139605,0.0,nm
24.91904900000003,23.643749356626238,2.7664390362339084,-176.3861204390748,0.09428980394824608,0.22674985551670246,-0.14460231425010758,0.0,0.0,0.0,0.0,nm
24.928608999999994,23.41610859231012,2.6120874943473957,-176.51672205335856,-0.004860057458484747,0.19287571526681432,-0.15053361139010757,0.04354105369507475,0.03367855720169491,-0.023995064942418345,0.0,nm
24.938106000000005,23.08347689640969,2.3895764681901155,-176.63935488342142,-0.052658038101688356,0.14418371980723052,-0.1773020896365421,0.06377816491215886,0.04846365272618758,-0.021630402883374943,0.0,nm
24.966650000000016,21.987993630769125,1.1204804354838245,-177.37238857556193,0.10442316164103466,0.09964913339098236,-0.10386188396761657,0.06023410325885668,0.10164017146691814,-0.0647771962993262,0.0,nm
24.985668000000032,21.472920728304715,0.25219097838394083,-178.1933418044595,0.25059917793886743,0.15028908064633817,-0.05485839619357219,0.04656176465520486,0.0823010344595096,-0.08410816220912551,0.0,nm
24.995265000000018,21.023566511229134,0.19452634816495715,-178.5862129118459,0.2428812726323793,0.1663381135197626,-0.060769174640851686,0.050808755270431154,0.06884476206141721,-0.07803200507531179,0.0,nm
25.00473199999999,20.509813184271408,0.14019049203288103,-178.89648407024276,0.1967799322291133,0.18879636717660808,-0.025556695827986482,0.06074964997012929,0.05703963479046254,-0.06156983116783054,0.0,nm
25.014282999999978,19.959836328752516,0.04427815510992873,-179.10553902873238,0.14087851076367483,0.18059790630409872,-0.00730177745973987,0.07010452848400078,0.05221460880310295,-0.0414713589820946,0.0,nm
25.02379000000002,19.416996937098624,-0.12476395573356017,-179.23884507296995,0.09617935284838953,0.14829713866122227,0.032287150985221925,0.07661270369329246,0.055980491614943964,-0.026603814771367307,0.0,nm
25.04281800000001,18.431820797552355,-0.5761918393137445,-179.50186346950335,0.09744608405969764,0.025553086030084608,0.07314981514659119,0.08371303034027298,0.0672153662354412,-0.031011719508351864,0.0,nm
25.06165299999998,17.755739732220377,-0.9077450238720516,179.93795248549958,0.1469187842460998,-0.029387206509884935,0.03431997376443709,0.06524830093827703,0.058713881448630365,-0.06561018271100133,0.0,nm
25.071167000000003,17.55898450999308,-0.9863280047446596,179.56365709210772,0.14572974188793017,-0.025378921089839503,0.005168210893697675,0.04436675096522168,0.047282598902824075,-0.07550679727629091,0.0,nm
25.080683000000022,17.448218365166316,-1.0485792643373535,179.200919388753,0.12124283951322616,-0.0016910335297067338,-0.0022193482762088166,0.019734206378608163,0.039197836852132475,-0.07296092484186968,0.0,nm
25.090183000000025,17.38701639394069,-1.136353906061997,178.91257906552005,0.09017472364015532,0.06323853029557246,-0.022102876454328287,-0.0025676720197198564,0.03760779242180278,-0.05791616436154542,0.0,nm
25.099672999999996,17.34109204917982,-1.271178320027212,178.73561091795344,0.07403882705197992,0.12398491069652212,0.0013856576944057141,-0.017564806995633397,0.04318186742344745,-0.03556857499502537,0.0,nm
25.109171000000003,17.263470992758748,-1.4566282536854827,178.65864906914436,0.07955612249562,0.16656661605331352,0.015935596096489864,-0.019664019202011374,0.05402999700245467,-0.015697684163005494,0.0,nm
25.118712000000016,17.121392276390697,-1.6751073184997198,178.6298119402033,0.09892943797327604,0.18564801005370574,0.017745342681864774,-0.010514107995414216,0.06439781203665942,-0.006439957971125693,0.0,nm
25.147242000000006,16.17020846086132,-2.081146213206432,178.2061722438681,0.17973984095423087,0.1180396374200529,0.018623755464875352,0.058511452164223196,0.049334414643013844,-0.051055545081227505,0.0,nm
25.156772999999987,15.701057677188386,-2.081009017147132,177.8898283723175,0.17279551601801443,0.08618860445302487,0.04271303632052327,0.07578225579514898,0.03326428793883538,-0.06657563919129426,0.0,nm
25.213836000000015,13.772172883399739,-1.7465708794712544,177.33175773398924,0.10871616543808538,0.01391388806279079,0.07409704474934363,0.0,0.0,0.0,0.0,nm
25.223345999999992,13.662529411435049,-1.7447854926019413,177.25577314821612,0.12004669020973723,0.002643493800175031,0.03087423341064462,0.0,0.0,0.0,0.0,nm
25.232861000000014,13.56956175763541,-1.708415488809872,177.02511336939523,0.11891473842241565,-0.006179793770140773,-0.0035515746422942066,0.014509534237306932,0.018391078993645317,-0.04670434714900516,0.0,nm
25.251873999999987,13.185230619151767,-1.5558321867880796,176.25633925604194,0.08513438847594532,0.1122363392829949,-0.02965894726544907,0.01970148903018816,0.002750439569035401,-0.08264901882539964,0.0,nm
25.280411000000015,12.247014298310555,-1.6021486265508231,175.8511704146891,0.011683060790555536,0.15314843027045225,0.020469855735812777,0.0,0.0,0.0,0.0,nm
25.308897,11.134040855850566,-1.7502393348175047,176.22316837555132,0.14377065057458788,0.0010729107031245864,0.04920203083385027,0.07507907810800761,0.029016663770880944,0.003049256234804649,0.0,nm
25.32090800000003,10.749329866607601,-1.7128327108478323,176.04080122646786,0.17951590453962385,-0.003510391018411471,0.04150136005037041,0.08205823080525926,0.0247979686738072,-0.03869755566317327,0.0,nm
25.327967,10.379895754537033,-1.6575245870288056,175.67449450509054,0.16667842750724826,-0.03130098039347056,0.04182955495353714,0.07970665346541211,0.018851927180300307,-0.07537047512045011,0.0,nm
25.33756299999999,10.0322349162107,-1.5940794731303862,175.23635180681168,0.12297454372108414,-0.0012092441525070716,0.04752259660589921,0.07035688507817436,0.007637312943715429,-0.08958653877789124,0.0,nm
25.347065999999984,9.714409549848742,-1.5317755958151997,174.87318825502783,0.07885342940333792,0.027661509966766685,0.0459997275816263,0.05650874493757239,-0.0011693939651709882,-0.07437942619114903,0.0,nm
25.366097000000025,9.230287862532615,-1.5597178932283426,174.74597759122994,0.008006949047439796,0.0721150032702956,0.050300410442601015,0.0,0.0,0.0,0.0,nm
25.375561000000005,9.020543660792093,-1.5887349371097355,174.9552996465816,0.06298968968360556,0.05904811670170624,0.0450081245928073,0.029786865530108307,0.015365812605581475,0.04076675865632515,0.0,nm
25.394615999999985,8.544576155172765,-1.514534567549879,175.26120261934688,0.17571968996583803,-0.009343528040480796,0.03000602711198021,0.04906083881501483,0.022517495195971238,0.014586235323347784,0.0,nm
25.41364900000002,7.892498876495758,-1.2646641377895724,174.6862477283344,0.15241187507823908,-0.014175720074231365,-0.0033791877123254487,0.06803974683210885,-0.0012194981315094024,-0.0831953973735586,0.0,nm
25.42315500000001,7.538866163723123,-1.1581628611815924,174.14215466678326,0.07759257467584935,0.021167167230850603,-0.005352301449033096,0.06432245111083638,-0.010563754561451174,-0.11034595268887919,0.0,nm
25.432664999999986,7.209469736570951,-1.158102392758856,173.62776443832368,-0.020658952394469344,0.060623584840778615,-0.00678172675729259,0.05208851994458748,-0.01165697391036115,-0.10430231940704277,0.0,nm
25.442172000000028,6.949530434550796,-1.251091389492575,173.30081454603882,-0.08923174042242228,0.09216527147453892,-0.007720665477183793,0.033156585364183096,-0.006836334964501989,-0.06656528493701015,0.0,nm
25.461150000000032,6.715309933012794,-1.642032222481337,173.39523584956194,-0.0579593015169065,0.09588112710336273,0.03809694974784714,0.0,0.0,0.0,0.0,nm
25.470681000000013,6.706337723128579,-1.8649471483734388,173.65077388626443,0.04241580727279934,0.06979771459980248,0.05723769918206496,-0.007849008896270281,0.05302796360539155,0.05112188196200034,0.0,nm
25.48021,6.714473900457578,-2.034688796804831,173.84193899392028,0.15670157014073133,0.04341258725079793,0.07197185896800068,-0.006906611049412545,0.06621122656746138,0.038334671347981124,0.0,nm
25.48968400000001,6.747678190186049,-2.3630618717443723,173.84335858506992,0.2427256172256527,0.0351321921708702,0.08122248712351932,0.00044714764252038895,0.06610366597795309,0.0005423381736282981,0.0,nm
25.49918100000002,6.733984636247785,-2.634492016283696,173.62334076848748,0.2656831049436394,0.04768970177470167,0.1000732241359378,0.00865896615675716,0.05374302598197446,-0.04415170620911695,0.0,nm
25.50869,6.65720172854136,-2.828094895479288,173.25230198824957,0.22287597124891903,0.07700473162714583,0.11211716940636268,0.019694194338651463,0.036770408607262356,-0.07499158127784164,0.0,nm
25.518215999999995,6.516748351297965,-2.963738789931149,172.87226491757306,0.1406818860601572,0.11001778873483156,0.1202964125263903,0.031173479816074524,0.023578773063021374,-0.07748122633280914,0.0,nm
25.527721999999983,6.321880577113778,-3.084015052096086,172.63196108437793,0.05624236592815674,0.12238866788313603,0.11546746156487182,0.04170500220831769,0.018982357499830828,-0.050152730645234796,0.0,nm
25.537222999999983,6.083094429788831,-3.2285354588014212,172.61956593414135,0.020384247453725114,0.1069128067689354,0.1149064008306091,0.05107448874070445,0.02257764290959819,-0.00511284749185108,0.0,nm
25.546734000000015,5.822696486015976,-3.4219323564113506,172.81991285511447,0.015690120135807357,0.06807206060921882,0.11805084512833355,0.05655545196478876,0.03182397603261724,0.03707398639569176,0.0,nm
25.556200999999987,5.566916717126901,-3.661332265605145,173.11635392519923,0.10070353796203597,0.0007248076150855791,0.12509138718693386,0.056616306908489455,0.04132746791168638,0.05616742876058005,0.0,nm
25.565739000000008,5.333565942962248,-3.9157242809376975,173.34599600963236,0.18700257415789964,-0.009555018778785989,0.11795915086511857,0.05231502808987093,0.04509927557854515,0.04287473295731682,0.0,nm
25.575260000000014,5.133454112610542,-4.1412790839817895,173.37283860764904,0.24444335713404797,-0.016119625555780233,0.11842963388695064,0.044937522560758475,0.04024992844134938,0.0025584790018867262,0.0,nm
25.584750999999983,4.972060349867376,-4.30483884310883,173.15259864085849,0.24266583906064795,-0.01598528227311721,0.13227214035316487,0.03586005165795723,0.028752676837930737,-0.046458307648976176,0.0,nm
25.59423099999998,4.8398932277122695,-4.398359353661137,172.75522893901183,0.1858424136904892,0.05306805942493393,0.1481803732051691,0.028496606886459677,0.015354365173476716,-0.08153797076359844,0.0,nm
25.613294999999994,4.543387969766473,-4.500469328724678,172.0487057801251,0.0007787163110378429,0.1651672975683572,0.21485265358024797,0.03407546787740227,0.006105814661000723,-0.0590843539026579,0.0,nm
25.62283000000002,4.314892813130894,-4.618303159502026,172.0194446355275,-0.04787420229377465,0.16800287804403238,0.2149432271496714,0.048451526100461786,0.01705119989509156,-0.009493553696225288,0.0,nm
25.632308000000023,4.010525797170559,-4.833033744449653,172.2582396970699,-0.027271593225406263,0.1259771840834311,0.2053753057574213,0.06606474828562389,0.034293876269060546,0.0427716382551758,0.0,nm
25.64179200000001,3.6455257304694513,-5.132967527443052,172.67739516042218,0.0700633112004043,0.04800976878868161,0.19329697083734484,0.0800734865829419,0.050007541247681496,0.07754221659520333,0.0,nm
25.65132299999999,3.2579842995378416,-5.473467217260178,173.1208885142152,0.20509229927281442,-0.013513988295847023,0.1770751178807548,0.08512355695864045,0.058120479948389196,0.08158868592652799,0.0,nm
25.69887699999998,2.2336594657042634,-5.934113325925389,162.99930267919456,0.13087210100799104,0.03472063297733668,0.1626716468921392,0.010447021915251655,-0.02709622025020536,-0.058339325437821846,0.0,nm
25.708334999999977,2.1409670062024513,-5.788964971659469,160.6306938036231,0.053834562295788625,0.09716967606458908,0.18307704854690643,0.0,0.0,0.0,0.0,nm
25.717895,2.027402417161551,-5.683236969874939,158.4165148247297,0.008450721690717275,0.11934066482158709,0.19712925403482318,0.0,0.0,0.0,0.0,nm
25.727407000000028,1.8753903302209591,-5.66004225609054,156.4994236217109,0.022964819286444206,0.08857769038641435,0.19416627023110294,0.02589927029929385,-0.01639104474557371,0.04082261839573836,0.0,nm
25.736913000000015,1.68893436569174,-5.721653990505828,154.66677528382343,0.08560574967377707,0.025082904576797696,0.1738066764571893,0.03885472733855852,-0.0048384783741826694,0.050431125724449036,0.0,nm
25.74641600000001,1.4960286967482868,-5.835603257827632,152.8872268041602,0.1666324981676647,-0.05020239458581425,0.18515093146851236,0.044621595918605934,0.002719074907469349,0.03579513126832127,0.0,nm
25.755898000000002,1.315585097489668,-5.953036005022196,151.04276478367663,0.21770736950375044,-0.115100612930587,0.1798110429091871,0.0,0.0,0.0,0.0,nm
25.765457000000026,1.168540015348125,-6.026946796313191,149.083334042914,0.24267884785497473,-0.10744762080500074,0.16518818607886587,0.0,0.0,0.0,0.0,nm
25.774914000000024,1.0378689764247007,-6.038846844937877,147.07958771739658,0.21920729512334178,-0.07945753217981509,0.15220699596367587,0.023167484896516034,-0.012102182080274276,-0.04527438942519585,0.0,nm
25.784474999999986,0.895838180272229,-5.997680099354159,145.0499059118744,0.17184824140542546,-0.029206319580391438,0.14926999880029226,0.01850531737281268,-0.02293455350316381,-0.041699532377484694,0.0,nm
25.793988000000013,0.7311566031102236,-5.922803354714246,143.2159463933801,0.12100509572612052,0.008042278435784216,0.14984575325686086,0.0,0.0,0.0,0.0,nm
25.80350500000003,0.5431486059776642,-5.8459516299596,141.6662658585797,0.08602949693753785,0.014779734187073821,0.1369403123687746,0.0,0.0,0.0,0.0,nm
25.813016000000005,0.34917447270219343,-5.805033740692705,140.28523677458938,0.07026466958443797,-0.016174813767934844,0.12023944476708669,0.024435728328136418,-0.031045434959449215,0.038843572124785404,0.0,nm
25.822532000000024,0.1656189751838585,-5.816096899799657,138.91964602888498,0.07792355646582835,-0.06747829516761833,0.1079051437486439,0.028977654681776717,-0.02242464666727537,0.044881271845621726,0.0,nm
25.84155099999998,-0.08963795130614419,-5.944727569785853,135.96212647414725,0.1139312044414643,-0.15902889327968972,0.07035462488265748,0.0,0.0,0.0,0.0,nm
25.851022,-0.14035622399774478,-6.018252430930302,134.25762286935907,0.14029785280618418,-0.1442446013380271,0.05417173451346647,0.0,0.0,0.0,0.0,nm
25.86052699999999,-0.14074826620854633,-6.0668455566765225,132.4745616910303,0.143318136090163,-0.11197620292749766,0.045451464000417864,0.00721671155516898,0.006531003347181727,-0.057460209148522706,0.0,nm
25.87004300000001,-0.10396508791512125,-6.080102605903191,130.71039954852378,0.15406136534522924,-0.0600399092250204,0.050037909198474326,-0.002782617785989809,0.007276231900125787,-0.0574979096152171,0.0,nm
25.889170999999976,-0.23054192245098892,-5.843272479610609,127.28009653599122,0.15580149404806165,-0.007157165013194696,0.0684821835401095,0.0,0.0,0.0,0.0,nm
25.898629000000028,-0.16997980603556315,-5.860341296728689,125.6163538036614,0.14097783230802405,-0.04326214753848374,0.10868667106824732,0.0,0.0,0.0,0.0,nm
25.927148999999986,-0.456615358743323,-6.012110545644269,121.07385594548795,0.052484374719154195,-0.13629784364503553,-0.05869911707781124,0.0,0.0,0.0,0.0,nm
25.936654000000033,-0.4931201216868729,-6.021601906027553,119.56996251509851,-0.0084176833489846,-0.17210101124465615,-0.01614984079214971,0.0,0.0,0.0,0.0,nm
25.946166000000005,-0.6173295907527827,-6.036264898695651,118.02557119212742,0.05377510528760496,-0.09686821275845596,-0.19410023745436714,0.0,0.0,0.0,0.0,nm
25.955714,-0.5391915721393153,-5.973488399952278,116.57482135486383,0.049681344617858836,-0.10045512025815034,0.042511691229174066,0.0,0.0,0.0,0.0,nm
25.96525200000002,-0.48115861192353593,-5.906557491014653,115.21425307342584,0.04766890116081318,-0.10180644512596501,0.017451594561817343,0.0,0.0,0.0,0.0,nm
25.974782000000005,-0.39788849027962214,-5.80551455583497,113.85893353334694,0.11958104700507073,-0.09201610935103494,-0.012970362517263478,0.0,0.0,0.0,0.0,nm
25.984280000000012,-0.17994014173472453,-5.689752602606303,112.4265029826577,0.10896391674444571,-0.13199421819789942,0.04341400758018394,-0.010121618463609646,0.05438627646799138,0.026450479719022802,0.0,nm
26.01281799999998,0.29286870955251304,-5.287951561605012,108.08627655447947,0.12734930959544427,-0.10065428905629419,0.04489102232403997,-0.014693984369435573,0.054956798310254344,-0.015230232600238331,0.0,nm
26.022333000000003,0.3661986395819644,-5.235968097191326,106.80648587495946,0.1318917910470053,-0.0600341650974531,0.037545065762759955,0.0,0.0,0.0,0.0,nm
26.032027000000028,0.3589719393750778,-5.214627984777817,105.69619567578725,0.14002793923814075,-0.03956115929607284,0.033374295047954826,0.0,0.0,0.0,0.0,nm
26.041530000000023,0.31935393385279387,-5.178255626603255,104.73543729874613,0.1328006687655942,-0.05803291351130575,0.040325413087722785,0.0,0.0,0.0,0.0,nm
26.051053000000024,0.23045293315638546,-5.140055565438794,103.8491552839644,0.12575661708667282,-0.07981146740885264,0.032329036576792924,0.0,0.0,0.0,0.0,nm
26.07007900000002,0.04653805175357555,-4.975683414118235,102.22518495654316,0.08764059780467853,-0.12399145852620827,0.022343603297831617,0.0,0.0,0.0,0.0,nm
26.07958500000001,-0.030979138545214755,-4.838893021086145,101.42246430406561,0.0732232752905978,-0.1347391026132399,-0.012383702158642195,0.0,0.0,0.0,0.0,nm
26.08905299999998,-0.07396417373151815,-4.732110938552325,100.55585597198832,0.05779472482976989,-0.12137780025360878,-0.010709165973296396,0.0,0.0,0.0,0.0,nm
26.098592999999994,-0.09225020781274809,-4.646959496863918,99.61065077355711,0.05217796122377356,-0.10467341325769554,0.021100106512506066,0.0,0.0,0.0,0.0,nm
26.108063000000016,-0.08692600986833712,-4.5674149128735655,98.7058097228942,0.051500172995879716,-0.09484442145782525,-0.008056508642115186,0.0,0.0,0.0,0.0,nm
26.127089000000012,-0.012641798644933542,-4.483965621767857,97.04862456570028,0.05655652529523864,-0.07941498299596368,-0.006714647452045507,0.0,0.0,0.0,0.0,nm
26.136640999999997,0.05214146923533971,-4.4071160339898325,96.35505447881629,0.05501788276954568,-0.09520539665265795,0.04279899091582862,0.0,0.0,0.0,0.0,nm
26.14614499999999,0.11288306720725776,-4.292788397083256,95.61292148426375,0.05889907501647934,-0.11095944424949583,0.07808553285264828,0.0,0.0,0.0,0.0,nm
26.15566000000001,0.17285581898640073,-4.168125650873529,94.82323633994243,0.058189127730332135,-0.11436998521350149,0.06324224582087236,0.0,0.0,0.0,0.0,nm
26.165178000000026,0.2301821498578568,-4.035149450788828,94.07383291012977,0.05388863086296206,-0.12046326723067623,0.03946471169471908,0.0,0.0,0.0,0.0,nm
26.174679000000026,0.25644804372483315,-3.910373672979638,93.30616811265642,0.05964751454449317,-0.11738327203459079,-0.008482307137137473,0.0,0.0,0.0,0.0,nm
26.184204000000022,0.26606259676357935,-3.8072769068009666,92.55214943306505,0.06558668768133376,-0.11517398454893561,0.019191523667420596,0.0,0.0,0.0,0.0,nm
26.193669,0.24856775543916354,-3.7261739057548464,91.77356287099887,0.07553852855705455,-0.10288619752436297,0.028865425835599298,0.0,0.0,0.0,0.0,nm
26.203186000000017,0.21061382546730203,-3.658766316508764,91.03865596266373,0.07944433070853708,-0.09189987993541028,0.03849582227161995,0.0,0.0,0.0,0.0,nm
26.212692000000004,0.15408473827460853,-3.5955683391604865,90.38046870214188,0.07854423909320554,-0.08951681589136971,0.03562765830423851,0.0,0.0,0.0,0.0,nm
26.24126799999999,0.018788620022235268,-3.3665582308682684,88.76428749887233,0.03132729743252716,-0.11293291899234144,-0.0066131073840757035,0.0,0.0,0.0,0.0,nm
26.25073900000001,0.02329588716324624,-3.2650832935741105,88.13886415493498,-0.003938565092883429,-0.12157200282971696,0.022216804864577364,0.0,0.0,0.0,0.0,nm
26.26980900000001,0.09530893649447399,-3.0948012977388157,86.91709919633341,0.02239088632333421,-0.10602408160584718,0.022548397824263468,0.0,0.0,0.0,0.0,nm
26.279277999999977,0.14059374942567865,-3.0416851489996795,86.3665495459265,0.035535460726214205,-0.09125512317835674,-0.004820999411520611,0.0,0.0,0.0,0.0,nm
26.29833500000001,0.20287134671851192,-3.009215264897738,85.3751123892,0.06084141477545957,-0.07854796889038812,-0.00409533489423967,0.0,0.0,0.0,0.0,nm
26.307812000000013,0.21703275456172896,-2.991643402979766,84.9706504449886,0.06094852894359447,-0.09532410266884855,0.03176793633874503,0.0,0.0,0.0,0.0,nm
26.317349999999976,0.22169210837889905,-2.9604761873003493,84.5920907861909,0.05371866207778603,-0.11210488462666107,0.03459102278832867,0.0,0.0,0.0,0.0,nm
26.326835000000017,0.22113610186828683,-2.9108847109905587,84.19965885755406,0.04352102650626811,-0.12539297276298947,0.030790772180309223,0.0,0.0,0.0,0.0,nm
26.336388,0.2178130158363078,-2.8435994619086413,83.75509281210871,0.03423459609996319,-0.12905817277036544,0.022144375919207003,0.0,0.0,0.0,0.0,nm
26.345889,0.21339350312087163,-2.774492718395706,82.93498124982175,0.0273389099351708,-0.12112477182475713,-0.005819131816560138,0.0,0.0,0.0,0.0,nm
26.35540400000002,0.2091604236414601,-2.7298780966194403,82.06783258139276,0.027242513551985134,-0.10036907239867945,0.0219949454023965,0.0,0.0,0.0,0.0,nm
26.374431000000016,0.2003351493746519,-2.7219393729137784,80.88152007919828,0.03511099849995242,-0.06724235016246162,0.02731093285804385,0.0,0.0,0.0,0.0,nm
26.38389699999999,0.20124876191868132,-2.751919772190707,80.37322222625576,0.03615156630039256,-0.0631882563137034,-0.0028664028097274328,0.0,0.0,0.0,0.0,nm
26.39344299999999,0.20936190264432744,-2.787388270688105,79.90578726744772,0.032249274990499954,-0.07216811137114033,-0.003346532385338242,0.0,0.0,0.0,0.0,nm
26.402923999999985,0.22817069609875187,-2.8090084534799873,79.53230795256808,0.022668846169767373,-0.08991104915959355,-0.004290067901239631,0.0,0.0,0.0,0.0,nm
26.412461000000008,0.257055301878096,-2.812700888573802,79.20242160153651,0.014328730506288209,-0.10835770528898994,0.02250540456903377,0.0,0.0,0.0,0.0,nm
26.42192799999998,0.2906512548619913,-2.8016713793261863,78.84470095695251,0.011185508803817811,-0.12039604984791871,0.026299172875579566,0.0,0.0,0.0,0.0,nm
26.431486000000007,0.3242857287640677,-2.7843533372645495,78.4369811653327,0.012643999511870103,-0.12078538245731099,0.029472397738466775,0.0,0.0,0.0,0.0,nm
26.44095900000002,0.35009427540402904,-2.7677557949238927,77.9344182962514,0.02175803570638857,-0.11158765459675919,0.02581855140514827,0.0,0.0,0.0,0.0,nm
26.460032000000012,0.37219281467058296,-2.7831620551314775,77.27828129222502,0.03841521446413146,-0.07951008346031832,0.024026137520596395,0.0,0.0,0.0,0.0,nm
26.469490000000008,0.36899980882880973,-2.813848867393749,77.08238480140763,0.04068137562472831,-0.07166986594784563,0.027111124158209255,0.0,0.0,0.0,0.0,nm
26.479040999999995,0.3618756049767331,-2.8538142219461142,76.83525581497501,0.036622087936499154,-0.07129195287155417,0.028828749750049402,0.0,0.0,0.0,0.0,nm
26.48851300000001,0.35467074146584204,-2.9009113113313165,76.6464829316459,0.029033093996776393,-0.07751299648281561,0.027742567261095422,0.0,0.0,0.0,0.0,nm
26.49803000000003,0.34997409870258156,-2.9425588364191517,76.37941946507283,0.018210703937962123,-0.09040074099953584,0.026525564976393134,0.0,0.0,0.0,0.0,nm
26.507547999999986,0.3462951134227463,-2.9767198660780916,76.08239436219867,0.011367636295194675,-0.10062139146257641,0.02178761057892153,0.0,0.0,0.0,0.0,nm
26.517090999999994,0.34403816860474973,-3.0018890184455786,75.72539021245643,0.007194601044855779,-0.10753028901678194,0.02114316182107938,0.0,0.0,0.0,0.0,nm
26.54558800000001,0.3325123663549188,-3.073427764966257,74.40777626552953,0.01746537450881856,-0.0848975915341501,0.02559096176887569,0.0,0.0,0.0,0.0,nm
26.574162,0.33925977166118076,-3.1847628671094084,73.07295331099465,0.01570675467082846,-0.07649740851961512,0.021876770696811796,0.0,0.0,0.0,0.0,nm
26.58366699999999,0.3479827786211344,-3.2289825139736927,72.6220815008118,0.012807649986610112,-0.08044436170345431,0.024068881604766033,0.0,0.0,0.0,0.0,nm
26.60268400000001,0.3553242310200014,-3.3280909860657544,71.78667481211679,0.014870586461185324,-0.08769566377697785,0.02856404229978408,0.0,0.0,0.0,0.0,nm
26.612205000000017,0.3432130236826461,-3.3830962026638463,71.32585193284258,0.018661259436410404,-0.08830154552178839,0.028340706020142197,0.0,0.0,0.0,0.0,nm
26.621711000000005,0.31718045643145687,-3.4409349220004497,71.05921521709607,0.022418017527283462,-0.08832487003010549,0.028161254239401114,0.0,0.0,0.0,0.0,nm
26.640736000000004,0.24042028370700128,-3.546416023385625,70.48967433791582,0.01822816743469228,-0.08720273186720054,0.03042165669257626,0.0,0.0,0.0,0.0,nm
26.65024900000003,0.20113272728624948,-3.5893096408302085,70.2306349525149,0.01074854159697529,-0.08611035789315305,0.026962978124430725,0.0,0.0,0.0,0.0,nm
26.669219999999996,0.14527676046303462,-3.665671697826669,68.92973031194451,-0.0016768624445512698,-0.08147620193377253,0.02021434992083238,0.0,0.0,0.0,0.0,nm
26.68825400000003,0.11962257842146061,-3.7563271925496626,68.6098064614432,0.0027434628708745547,-0.07579925244906587,0.022134313044486334,0.0,0.0,0.0,0.0,nm
26.69780400000002,0.10896597747330965,-3.818020334277804,68.25646577530843,0.009583212256060203,-0.07280234737832825,0.025673233420421382,0.0,0.0,0.0,0.0,nm
26.70731999999998,0.093704178562705,-3.88476995332868,67.80672742479042,0.014963053251638806,-0.07307410001314797,0.02802026567904964,0.0,0.0,0.0,0.0,nm
26.73584699999998,0.002982372259393271,-4.068605733623658,66.83109490156454,0.0122463486051788,-0.08377072427780334,0.028368913948452316,0.0,0.0,0.0,0.0,nm
26.745319999999992,-0.03603794195734308,-4.11375109704219,66.70451476715009,0.006233007934192464,-0.08629976477543139,0.03002351243664472,0.0,0.0,0.0,0.0,nm
26.754822999999988,-0.07595424445721453,-4.150100298746022,66.49179818281398,0.0016163848296895356,-0.08829097520435177,0.02563219989226726,0.0,0.0,0.0,0.0,nm
26.764363000000003,-0.15244157401622296,-4.125875776117119,65.87005864333804,0.03365049119192525,-0.15529528427501693,-0.09453274680321753,0.0,0.0,0.0,0.0,marker_1
26.77382399999999,0.07498519485992569,-4.583516342674618,65.29109339454581,-0.15657803800750636,-0.33912435484533543,-0.40207354601961154,0.10225574637796762,0.002937937529325955,0.005391542053324302,0.0,nm
26.783321,-0.15585440047568597,-5.290461339822267,65.49992440714294,0.21939508996564025,0.350521422253741,2.328818079961153,0.1095607210898558,-0.1008339032328352,0.03784345864918995,0.0,nm
26.811846000000003,-1.1389289007257712,-3.8565329073522268,67.25056634748545,-0.23343010408030138,0.1875812852069972,1.6542651517931741,-0.04525516459385993,-0.09523325864038279,0.2134432790778222,0.0,nm
26.821352999999988,-2.137419546244235,-4.097103395004456,67.59418612765246,-0.4345475224726121,-0.03142054753817335,0.44367299130997984,-0.03312485613174174,-0.2025508885724401,0.1705469977755652,0.0,nm
26.830872,-3.508906167537414,-4.509231303872815,67.25969906806162,-1.1184844465842751,-0.3307402597452561,0.9198524773710441,-0.031007305298459423,-0.2844029120848962,0.08017905166186516,0.0,nm
26.840377999999987,-5.637251047116098,-5.2345580598858295,66.56636753569703,-1.0380800583852072,-0.7115349859466987,0.2253913077877488,-0.03544279660576461,-0.44750346055660534,-0.046270439677025176,0.0,nm
26.849896,-6.942609471131174,-5.9788829483746495,65.31274574088854,-1.2133528566232805,-0.4725947714146367,0.5782692657454058,0.027932611936473305,-0.2985809110821231,-0.11502041974429036,0.0,nm
26.85940499999998,-7.649694433303837,-6.080608672566727,63.50287581867619,-1.2451859657765236,-0.2858783948045775,0.622801529784397,-0.043773377398895176,-0.13541203525411435,-0.1569079278676892,0.0,nm
26.86873300000002,-7.73586139077902,-5.724904358081489,61.685340544741045,-0.7397962444796321,-0.07854593610566445,0.2101901887813693,-0.07097678554981512,0.018275926545016436,-0.1318759711281412,0.0,nm
26.88793099999998,-5.194649787754232,-4.696445716960455,59.53981069134204,-0.18354143566873815,0.4863597110949085,0.6435901023514794,0.049536912610484096,0.31441555103777324,0.06308083616927439,0.0,nm
26.89743500000003,-3.152499693106152,-4.138106396771764,59.09693384623018,0.083999947390623,0.38788795835950357,0.5049347704064973,0.11553154530075643,0.40678156262605497,0.14562561405165692,0.0,nm
26.906952999999987,-0.5387486279669028,-4.033001031881362,58.92614225265073,0.043908162517209325,0.2046558255001469,0.6466218469148975,0.2544676049937344,0.456479970035705,0.18625593985897446,0.0,nm
26.916476999999986,2.2064134826350563,-4.366204378086565,59.51766141686273,0.21082839654619379,-0.04010589316649978,0.6348242285792902,0.3379334039401919,0.43698748931698383,0.1586986643946624,0.0,nm
26.925928999999996,5.248756582182184,-4.671798155012469,59.748443771218504,0.12837262842134667,-0.32145408362800615,0.929121647627912,0.359892880838899,0.49318943845256824,0.09421795093896514,0.0,nm
26.935434999999984,7.993149136096624,-4.796592356036326,59.524903106551264,0.2961063871780768,-0.6075282670543002,0.7331126934772516,0.2984682120508928,0.460030173483849,0.0006116973904404006,0.0,nm
26.963971000000015,14.946516592664876,-3.886841719988001,58.20780238824459,0.9307121995683044,-0.545792614160531,0.2843803141394968,0.09569397858111535,0.37740219573575334,-0.02295455650349962,0.0,nm
26.975937999999985,16.355203493318204,-3.3641986117587592,58.337303237246076,0.9636618352364011,-0.4452644026893772,-0.014943761812747727,0.05904255920776257,0.29455042206385246,0.043761365694358276,0.0,nm
26.98299800000001,17.401844897017412,-3.0518560987047105,58.78393751069948,0.8635464851820149,-0.33391493984012816,0.06793634200828032,0.05578984884247477,0.21121235213709624,0.10116264311222484,0.0,nm
27.001846999999998,18.273191852195495,-2.464260769607389,59.88108543947184,0.4218028662887885,-0.375200128588546,-0.18766949729541116,-0.020322477312578004,0.09130511563833513,0.10297817439838688,0.0,nm
27.02084100000002,18.451504497587944,-1.5954720026705997,59.70677451299597,0.16639120859701678,-0.3511142038620224,-0.24518763257312243,-0.08837982724167004,0.05371612377743178,-0.059854074245778016,0.0,nm
27.030340000000024,18.49493906987555,-0.8373334036870732,59.13373176124656,0.10869771091275111,-0.26629328967605487,-0.24621265865795824,-0.12629457553537657,0.08473172823313023,-0.11458753078996912,0.0,nm
27.03984200000002,18.457745678064864,0.00799114159791253,58.48264716427692,0.11890507880183537,-0.1515103914664033,-0.2936665661361972,-0.14868130668893326,0.08130659323786438,-0.1304546281681352,0.0,nm
27.04939300000001,18.361966808347994,0.7577372159287096,57.9869400465647,0.1768574321382719,-0.02449738858048133,-0.35310032081613413,-0.13776343631246182,0.06273879326758516,-0.09915712510190294,0.0,nm
27.05891200000002,18.294949188107545,1.3862444813392047,57.853901410992705,0.15620601221137329,0.04759383460900074,-0.2879390486740061,-0.11378818343470615,0.05548432905586583,-0.026403558630975203,0.0,nm
27.068415000000016,18.18575713693075,1.8763521129113634,58.1073863494524,0.06333071511694235,0.01780812485112152,-0.35213231125601546,-0.09482737323655613,0.033514390398435616,0.0513728435481409,0.0,nm
27.087604999999996,18.382724713889157,2.4370558368939994,59.14139546278357,-0.179764691510654,-0.08865223400539368,-0.21515763211839503,-0.024041585007214934,0.05581184191349083,0.10593103149701538,0.0,nm
27.106583,19.100586310779114,3.2851381357350906,59.687320807651865,-0.25957937559898336,-0.15674445125102224,-0.3221782439114634,-0.033729232888249534,0.13718799944843657,0.02533061543786175,0.0,nm
27.125655999999992,20.46641234602211,4.5718669984436,59.44202203902738,0.013675225291432041,-0.04444044016344476,-0.391623069156523,-0.04689490666825729,0.19657747565770994,-0.04326150353585827,0.0,nm
27.135166000000027,21.378764161684856,5.328756725312093,59.384438138131976,0.1601627753460125,0.05358214781694569,-0.3750285766633324,-0.03786585506597416,0.23385865071137513,-0.027316062792629763,0.0,nm
27.144492000000014,22.282224025570297,5.9666683851643425,59.49370796753139,0.2726690337329482,0.1025667843810223,-0.47831565078043414,-0.018462095807395707,0.22002361328679362,0.004059704294516328,0.0,nm
27.153999999999996,23.21047354020956,6.370739163389309,59.756347966555424,0.3310306815057407,0.12583307991037748,-0.5542549110551068,0.023636125777980802,0.200392795793425,0.032607402414204956,0.0,nm
27.163519000000008,24.170589297859333,6.568957756241863,60.09473974363712,0.2915221014533822,0.0975413488922322,-0.5247069326376654,0.0613847601768758,0.18524735910409787,0.04608987206928076,0.0,nm
27.175663999999983,25.002989873741896,6.619297171494573,60.3573242807516,0.207482984890727,0.006514848941267192,-0.532964017777929,0.07348093738698715,0.14876126898009578,0.033436579150404405,0.0,nm
27.182702000000006,25.671225132070138,6.5859487750698,60.4125627680975,0.14496706763781472,-0.09156110134778336,-0.5828721032727744,0.07150488508110579,0.11228179977692437,-0.00432604919184158,0.0,nm
27.19205199999999,26.217806461264814,6.583851318202786,60.24245124597714,0.12863802272643812,-0.14342108117504632,-0.5255803672368504,0.054206674417740366,0.0942797218885112,-0.04661868097898067,0.0,nm
27.201566000000014,26.576314744680737,6.691529086238412,59.914145045635976,0.11067493197109222,-0.18474747351644044,-0.5435877168076857,0.016895071247262045,0.07257061584998103,-0.07404717466367253,0.0,nm
27.21106800000001,26.787621951495417,6.859259230144327,59.52888416963024,0.12258316391000819,-0.15379188497646606,-0.5851475437785275,-0.0078098769802107115,0.05322849240586466,-0.08214674677073704,0.0,nm
27.22058199999998,26.89879417130017,7.0006957896611945,59.20438759774982,0.1353121628564892,-0.11836910493661863,-0.5435430055435144,-0.013101352709544076,0.03345064601736734,-0.06767228332040541,0.0,nm
27.23004500000002,26.90780668623334,7.099731119744191,59.06107827837305,0.1255279574658768,-0.058215558736737,-0.5534337015095914,0.0,0.0,0.0,0.0,nm
27.239606999999978,26.85045510756193,7.135876956192604,59.14044347436344,0.0625104643148458,-0.029387273260619347,-0.5077441174637689,0.0,0.0,0.0,0.0,nm
27.249078999999995,26.676273298414515,7.0705250968466675,59.36178605707603,-0.009129115893404581,-0.023584174273020713,-0.45218361185690925,-0.0064576929436480895,-0.03644147463126938,0.048640939159581315,0.0,nm
27.25862699999999,26.395952315770373,6.946859311002683,59.615743977272594,-0.08335315706984028,-0.05752667500488719,-0.5109736302953346,-0.0069607208450731565,-0.06058181986788535,0.057709981650784725,0.0,nm
27.268146,26.236878839093112,6.856055873492845,59.814239815080796,-0.17215243174084366,-0.10059617762484963,-0.4669795825825578,-0.0002523357841233915,-0.03648281734030523,0.04358008040138368,0.0,nm
27.287166000000013,26.026185751628926,6.9540332586295355,59.766371519471626,-0.2280810630079439,-0.17090952158529504,-0.375497824267124,0.0,0.0,0.0,0.0,nm
27.30618099999998,26.17355915199708,7.403128357877601,59.40117349380959,-0.14172835452048502,-0.15077805960823915,-0.26310173569942286,-0.029820532916198655,0.04884172168325451,-0.03832716237037187,0.0,nm
27.31569300000001,26.26418622898306,7.637019999526495,59.31093874509752,-0.08420043072606895,-0.13074693666011317,-0.2756582766481105,-0.03112961306360991,0.03935920911913838,-0.020450918377747596,0.0,nm
27.325158999999985,26.36862388095432,7.820412028253479,59.34558894247323,-0.06329176154777948,-0.09289870351292527,-0.1997150747914442,0.0,0.0,0.0,0.0,nm
27.33472599999999,26.365604723277432,7.978177793755239,59.46881792634769,-0.08499926856061331,-0.07943865294139524,-0.10902899727188871,0.0,0.0,0.0,0.0,nm
27.35374999999999,25.967647954342045,8.324098222217291,59.581567219931564,-0.1730849942457151,-0.11039644541754771,-0.05221905468706874,-0.056373053186068216,-0.02033330327871703,0.00718095004677902,0.0,nm
27.38228300000003,25.40245731710094,9.581544484479327,58.938916391777376,-0.09786645537948044,-0.10199951427183647,-0.04337180846408862,-0.09373321633886389,0.041574023760600126,-0.05071002464939272,0.0,nm
27.391786000000025,25.48559123567923,10.090621869732198,58.76757224576311,0.01599786683090432,-0.06943080829616055,-0.04791256906332625,-0.07877486443870133,0.06677950185227122,-0.0371674725595497,0.0,nm
27.401343999999995,25.72163301983286,10.55551822508641,58.77814740916233,0.08436806408163751,-0.06189521621684392,-0.049362418406147204,-0.05551304201302546,0.0880459188100172,-0.006365162326819161,0.0,nm
27.410883000000013,25.914067560644163,10.890954137263169,58.92983597925773,0.1123665341973859,-0.04331177921729049,-0.06270123748846644,-0.027762893142034402,0.09336139729985872,0.02312774628064346,0.0,nm
27.42058400000002,26.08622353689646,11.103796023303444,59.13931623015349,0.099941030593873,-0.0732722215235213,-0.0592738386704498,-0.005311280012007049,0.07783630397966207,0.035316135065215803,0.0,nm
27.46795800000001,25.465772769574095,12.340797887997404,58.2322128105882,0.06298173329897362,-0.16149701895043564,-0.044769454964244476,-0.04390790503600157,-0.0166078532019539,-0.07232927907984017,0.0,nm
27.47742900000003,25.076881587150126,12.555966728039627,57.87542561444415,0.06703448459359963,-0.15550091117949083,-0.045467045483466986,-0.04067449384563533,-0.027510751448455634,-0.05463762817577809,0.0,nm
27.486939000000007,24.691818835691258,12.677887329305708,57.67548128261075,0.05489695390346782,-0.14659954136212464,-0.03753950914616221,-0.027170175448655083,-0.03825942426447947,-0.023150241557517923,0.0,nm
27.496673999999985,24.344913931868028,12.72815576983859,57.654780134168924,0.019816539490264472,-0.1371923641470541,-0.018027928409189726,0.0,0.0,0.0,0.0,nm
27.506197999999983,24.026816460915125,12.770509873474024,57.75921966941316,-0.014799986096470066,-0.1411132495271587,0.028822904881882504,-0.01006476148792721,-0.051126602382242654,0.03504848130256043,0.0,nm
27.525213000000008,23.422280893486004,12.957934238838854,57.93545700070211,-0.08131271787871444,-0.10978249410287412,0.006165101213116808,-0.030880670871061264,-0.05568785522175866,0.023700732963276874,0.0,nm
27.544240000000002,22.84603305760537,13.179915883953239,57.614169753804504,-0.04251470438544935,-0.029345965543921056,-0.038067654410382984,-0.037015442473936476,-0.04742086078056646,-0.03303808421012919,0.0,nm
27.553735000000017,22.581684986203033,13.192873504051548,57.323290597284355,-0.032305459110407664,0.0022134439011072845,-0.06645660895436506,-0.030054741981635352,-0.04495349942667379,-0.04616937147648823,0.0,nm
27.563199999999995,22.37265749081869,13.129636939201179,57.0568184391377,0.005929691754461545,-0.003082613296453015,-0.11038911464651391,-0.011434670874738744,-0.04112585006486117,-0.04382972827386312,0.0,nm
27.572700999999995,22.242113616159997,12.957070593458381,56.87337841254592,0.006141151530397044,-0.03305320216367935,-0.10572367491442035,0.01509663450833339,-0.04019676619747327,-0.030831887972531367,0.0,nm
27.582224999999994,22.10714215064567,12.750996927819886,56.780835739836384,0.01120432931873055,-0.06831823220362708,-0.08493682412490396,0.036699577535965165,-0.041940727232605196,-0.012478439168264736,0.0,nm
27.591781000000026,22.016613223517968,12.575221344823433,56.76922201677771,-0.025748722971756375,-0.12751168645673336,-0.06132685007046616,0.04976950926286426,-0.04015082502418136,0.0016951675860408283,0.0,nm
27.610813000000007,21.78368552783718,12.429328461072203,56.71493539705152,-0.09032948386006645,-0.21600616452167876,-0.005155873109392393,0.037298502710044645,-0.04538863887446181,-0.004998125461743846,0.0,nm
27.620292000000006,21.600534593765573,12.489112443085059,56.57385366110891,-0.0885580961400068,-0.21511490573368566,0.03248913684803405,0.016159344011242985,-0.04318411114586412,-0.02025930433742646,0.0,nm
27.629781999999977,21.360797181084745,12.624501800968552,56.35738226855855,-0.07077863338038608,-0.18682968742202571,0.025750909849838112,-0.00827014259620382,-0.04022924019860675,-0.03283055718501511,0.0,nm
27.639305999999976,21.09764511711298,12.765095106881782,56.113878067050955,-0.03430234457259827,-0.13243416508104086,0.011295082068496057,-0.02294182277800613,-0.03520558734735258,-0.0371277214174392,0.0,nm
27.64885700000002,20.84606753146014,12.844532757266098,55.91153239011722,0.0023127085494286325,-0.0712092250266069,-0.0031843866848819554,0.0,0.0,0.0,0.0,nm
27.658319000000006,20.64249646356085,12.851519796169503,55.811960931687295,0.03012231998778078,-0.02437326037217149,-0.014181872638363053,0.0,0.0,0.0,0.0,nm
27.667836000000023,20.52005691568794,12.783845206528468,55.83082478263689,0.0,0.0,0.0,0.0,0.0,0.0,0.0,nm
27.696416,20.498793323065314,12.58743672260277,56.13000755914323,-0.07517906173441645,-0.14169907569274734,0.08098214418673674,0.0,0.0,0.0,0.0,nm
27.70586000000003,20.54114509554037,12.455852697889057,56.10136862013529,-0.09295439331853522,-0.16900880283327907,0.08919014955067885,0.0,0.0,0.0,0.0,nm
27.715334999999982,20.57313969825726,12.37941898898733,55.968684646235076,-0.0837500751194886,-0.16285433182821082,0.0991943775391066,0.0,0.0,0.0,0.0,nm
27.734403999999984,20.408301223674158,12.630866580373953,55.55442809235401,0.008130841619894264,-0.14162402530530543,0.05556710992869997,0.0,0.0,0.0,0.0,nm
27.74396200000001,20.284457350129983,12.683137130477704,55.398685917060405,0.039310095644870834,-0.1161938356399932,0.04853516413325326,0.0,0.0,0.0,0.0,nm
27.753480000000025,20.1733234922814,12.67600501037828,55.32851397972892,0.045160176733865784,-0.09679032986523561,0.046433212100808696,0.0,0.0,0.0,0.0,nm
27.76295600000003,20.091663519453654,12.64002769758169,55.337535785065256,0.027641844391335452,-0.09165300872361481,0.050440733743822415,0.0,0.0,0.0,0.0,nm
27.772494999999992,20.033307271198673,12.605417229139366,55.38093846301783,-0.004841628805303036,-0.10095787794714252,0.04467518458476073,0.0,0.0,0.0,0.0,nm
27.80102099999999,19.89844568333001,12.711752460949901,55.272972998367116,-0.05918382825147956,-0.13821522482517545,0.022062662867075495,0.0,0.0,0.0,0.0,nm
27.820062000000007,19.73123253869432,12.954321188180266,54.97985737266055,-0.03556377518386013,-0.12034494136906439,-0.03183237861767271,0.0,0.0,0.0,0.0,nm
27.829519000000005,19.63545095022667,13.071946821771457,54.8721092346342,-0.030414241625995667,-0.1028312260294003,-0.07002370066942507,0.0,0.0,0.0,0.0,nm
27.839013000000023,19.578471949826117,13.055137722820017,54.82897892525863,-0.040205715517506006,-0.09135556773484675,-0.10664295125468515,0.0,0.0,0.0,0.0,nm
27.857976000000008,19.464218356165627,12.951929383440559,54.83560881052877,-0.07250565169956777,-0.07079654983008103,-0.1588033450564478,0.0,0.0,0.0,0.0,nm
27.86754000000002,19.40874394763629,12.893189452152061,54.813610851785555,-0.08481899822494052,-0.06787237925508864,-0.18009882304101296,0.0,0.0,0.0,0.0,nm
27.87698899999998,19.344449919243957,12.834405265989123,54.728009468999055,-0.08869917345017818,-0.05943663755364594,-0.20574491522294577,0.0,0.0,0.0,0.0,nm
27.88654600000001,19.261485164248914,12.774657693872173,54.572797174130194,-0.07798066670665349,-0.050409305578501776,-0.23659767248698585,0.0,0.0,0.0,0.0,nm
27.896050000000002,19.15773256527126,12.711250599341593,54.37388462965335,-0.06050384386907602,-0.03314517303400478,-0.27568270305314696,0.0,0.0,0.0,0.0,nm
27.905530999999996,19.030281673411032,12.631955357629263,54.1689377776797,-0.06410125825605457,-0.03925263850276856,-0.30943724353638247,0.0,0.0,0.0,0.0,nm
27.91506800000002,18.87472118349592,12.527303160848982,53.9922698575319,-0.07179400071866278,-0.043177767870707526,-0.3471524119241252,0.0,0.0,0.0,0.0,nm
27.92457999999999,18.693846481290358,12.401895141337983,53.86004031782476,-0.0876180766075085,-0.04205501794895285,-0.3894350491150023,0.0,0.0,0.0,0.0,nm
27.943615000000023,18.262526015375173,12.10065508198564,53.655059478668484,-0.09825330423936646,-0.010623629133292026,-0.4982834054017472,-0.00048067833429863295,-0.05443010561623673,-0.01133968413294247,0.0,nm
27.962630999999988,17.765515774215544,11.727882436160838,53.309539134589556,-0.04487025352958215,0.028816791954826122,-0.5884627931893909,0.0019863032898125225,-0.06390262796711525,-0.030058075819424386,0.0,nm
27.981642000000022,17.196493454579382,11.112509693936813,52.72764536172871,0.07462775599131614,0.04667229072835455,-0.640696263880276,0.021947001849534443,-0.0894253250229343,-0.05130316801968103,0.0,nm
27.991169000000014,16.9402535378017,10.656128199131091,52.42047988958933,0.11850448523615503,0.05078980276442283,-0.6570270941766222,0.04197128666752578,-0.09557799024673956,-0.051817803579976535,0.0,nm
28.00067899999999,16.67312957597985,10.101114929264385,52.16731955762596,0.1305530207348316,0.03370325615141684,-0.592060233921246,0.055769273325376824,-0.10962770473197064,-0.041053227598623995,0.0,nm
28.010132,16.317274038290723,9.410541028646223,51.98297684192522,0.12361652468709287,-0.006703835047441435,-0.5892890024942916,0.06593779236753922,-0.14042402050385733,-0.024830647384254424,0.0,nm
28.029201,15.489469595766456,7.696038251596154,51.81861820889993,0.004389885663127937,-0.0838714719226623,-0.4677859379763492,0.08559965915060952,-0.17902188022346707,0.0018633497455101198,0.0,nm
28.038729999999987,15.005648908076074,6.793747460515153,51.769392077970416,-0.07535825453278974,-0.1260898902530697,-0.46999210292003524,0.08255382049106444,-0.18731419111140504,0.0023742030077639983,0.0,nm
28.05773800000003,14.134440940934004,5.12284312125928,51.43563156008181,-0.14369611236330987,-0.18580383875839557,-0.3163985862047475,0.07209151399238556,-0.16412072942004044,-0.03636843475309616,0.0,nm
28.06724600000001,13.797058127827107,4.43647280901581,51.090901127384875,-0.11990032529331528,-0.2023383198054452,-0.26244981834650305,0.06510316728618612,-0.13855303730830856,-0.06339561478926169,0.0,nm
28.076765000000023,13.55630360312317,3.7953310216808704,50.646782802466944,-0.054846046265419474,-0.2012502764824296,-0.2100371114346224,0.06926625902529289,-0.1183550215908338,-0.08547063145893598,0.0,nm
28.08629400000001,13.399433172928438,3.142533116699877,50.176064857066095,0.04139142670905518,-0.20046160423082252,-0.1660420455100872,0.08078311931920798,-0.10749641117285742,-0.09235687556649891,0.0,nm
28.095804999999984,13.321552225592576,2.460427879853863,49.78034433988539,0.11250677350487401,-0.22233472156116393,-0.08342323533562042,0.09461059748956008,-0.09979265112719246,-0.07847607846092029,0.0,nm
28.11483099999998,13.14300911991064,0.9649323270885377,49.45388662637479,0.1188490737181674,-0.27096607067716966,-0.0318317166974141,0.10108826996731816,-0.11785277281098057,-0.01517695511552137,0.0,nm
28.13388200000003,12.51193915504993,-0.335551946171575,49.61305586582695,0.012270511363779749,-0.31804896547180916,0.009585458355707953,0.08852072847214558,-0.13336523130894723,0.021419736814561333,0.0,nm
28.143429000000026,12.008549066044772,-0.7589077930449986,49.68286795704258,-0.0048159513378458986,-0.31353789746133687,0.03967614701521946,0.06446136769945086,-0.132697204021668,0.01340246031823162,0.0,nm
28.15294499999999,11.507341375309682,-1.0825260299885677,49.6407404470948,-0.011895594419679306,-0.30047974739844774,0.05582743685769122,0.04607532703478889,-0.12093228975489625,-0.009722006924071432,0.0,nm
28.162397,11.193484955594588,-1.6151403920380363,49.43803565535115,0.024864781212879786,-0.2513079658831559,0.07226382638444903,0.04038631382747172,-0.11704442703377926,-0.04206542317959183,0.0,nm
28.171906999999976,10.8467674769734,-2.1093486772063303,49.11519042895537,0.13026298984246304,-0.2012151932865341,0.11888637484732431,0.029738817419368464,-0.11718468723510664,-0.06690304660030214,0.0,nm
28.181416000000013,10.48051207086528,-2.5401499172731414,48.76430338707296,0.18663300947497746,-0.17180868772775432,0.13931021039155167,0.01691843720248843,-0.11194889754965026,-0.07323861011662622,0.0,nm
28.200372000000016,9.47304439698513,-3.562727920299,48.210459740366964,0.2485470043468626,-0.11813714590573622,0.2631613493029837,0.008747149943559114,-0.15956849648184693,-0.05446800596932829,0.0,nm
28.219385999999986,7.817733720998558,-4.814571514871629,47.990304815725835,0.15027158546857208,-0.17162384334340125,0.31998356541866835,-0.026944384650165985,-0.22023147815829133,-0.02893787637211337,0.0,nm
28.228938000000028,6.770094409076958,-5.488833739877325,47.945342734664024,0.0897438547063393,-0.16481591499786738,0.33376960719345955,-0.039618660475372686,-0.2456490200010593,-0.0278357401901139,0.0,nm
28.23846100000003,5.604370999959604,-6.174619927587208,47.88939019861033,0.03502373433312373,-0.16314375467301828,0.33906530018665904,-0.05373253825485667,-0.2644467714914276,-0.03491994297189425,0.0,nm
28.24796200000003,4.3881994702118945,-6.820132688169107,47.802972673111604,-0.034236864499375894,-0.14989986680487846,0.2868641857167785,-0.0665835838303918,-0.2661934525847129,-0.044862020528117615,0.0,nm
28.25747899999999,3.1538688351621245,-7.424541192771055,47.67745619701384,-0.09684030456096611,-0.12670237674781318,0.23019106314134097,-0.07538437115783866,-0.26297176118513427,-0.055782157161352285,0.0,nm
28.26699100000002,1.9312442354095543,-7.989720198275177,47.52374837240287,-0.10196277818436969,-0.12093356400823686,0.1713111317066434,-0.08004089383079148,-0.25553346093843715,-0.06361637797126858,0.0,nm
28.28601100000003,-0.2780735527357564,-8.851094432130413,47.23946454584216,-0.11635466146015895,-0.08382209460813903,0.1415822463995119,-0.08517310884198945,-0.20394430871392374,-0.057703130715985644,0.0,nm
28.29552000000001,-1.137519105285469,-9.138945149963108,47.14605429525988,-0.06986115008698995,-0.07045428738542467,0.15219123380953917,-0.07324059705550437,-0.16391550711313274,-0.045618104624163075,0.0,nm
28.305039000000022,-1.813157869840356,-9.350154245586184,47.082788105467614,4.231804969218613e-05,-0.044725684238825614,0.19875176083135487,-0.05990235105740377,-0.12665650954636962,-0.034408867344705225,0.0,nm
28.314557999999977,-2.343606771487873,-9.526077256382127,47.03998827112067,0.08198840752029686,-0.040867242626126926,0.23372759302813778,-0.045600711869795564,-0.10073115221918269,-0.02599185167919673,0.0,nm
28.324056999999982,-2.7034832352100104,-9.76179915105016,47.024175699669755,0.1375665533189667,-0.03251757039566924,0.24633439651069547,-0.013887441642659613,-0.08417905011810634,-0.01524028126076377,0.0,nm
28.345542000000023,-3.2763320097286575,-10.526326586689107,47.103706879480995,-0.01185538356560037,-0.08157632587961032,0.36504927747114263,0.013657347520033761,-0.10846146955699204,-0.0016406309977086096,0.0,nm
28.362123999999994,-4.20093244320906,-11.366476676265274,47.30619649481104,-0.21069569802460356,-0.195141550996046,0.25541498057644363,-0.0019169237064268624,-0.12062387692068861,0.004699033650755076,0.0,nm
28.371639000000016,-4.8153013716104285,-11.647868736871066,47.39489234555993,-0.2290482625057894,-0.22582786859231974,0.12425083779427601,-0.040239352118239875,-0.12687290973551643,-0.006783704935056276,0.0,nm
28.381191,-5.359096052512568,-11.747036898156642,47.45233342083114,-0.25465229239551357,-0.16276977350309887,0.05800839398148426,-0.057533314050186794,-0.09197735508514607,-0.010578414476927674,0.0,nm
28.400179999999978,-5.982198078089205,-11.544806747568554,47.53044831012881,-0.08954304918638568,0.02748063175851932,-0.01725804576111661,-0.05094620999215962,-0.01387497270417881,-0.0005126710465095562,0.0,nm
28.409689000000014,-5.8832200261701475,-11.427530381980327,47.63131008059963,-0.014447464825336329,0.10730471572017129,0.005332913059480305,0.0,0.0,0.0,0.0,nm
28.419240000000002,-5.564254122544622,-11.403853634654709,47.81100884391397,0.0681400361298937,0.08224227153954507,0.07120718000662372,0.0386230017339609,0.04952470777096915,0.04863295795402247,0.0,nm
28.428699999999992,-5.053115281517813,-11.485411883930059,48.07437451660787,0.08567065297688886,0.015034281238066065,0.12107880583794117,0.07934945641539,0.06356042568248485,0.07305784078756969,0.0,nm
28.438237000000015,-4.396651118610235,-11.643934109860366,48.39981608431608,0.03573655589713824,-0.08663788700446479,0.19925748287665584,0.10948616487399479,0.07493982332803227,0.0915348122223745,0.0,nm
28.447748999999988,-3.739453315598245,-11.837003289639346,48.72991553604172,-0.01815754485885174,-0.23195273053455706,0.21094718585376315,0.11428450811874243,0.07103299547334002,0.0928931601871773,0.0,nm
28.48580199999998,-1.721202239724805,-11.919573914265294,49.347605284824944,-0.12761945307367117,-0.3493177224836408,0.2910060185732564,0.029174454938392602,0.07595125254492921,0.02596151861356678,0.0,nm
28.495311000000015,-1.477527616005848,-11.725339891611227,48.93936303810849,-0.07930685213488806,-0.29238476724492685,0.24918520275292927,0.0020565692070969475,0.061574246239117114,0.014336569881904501,0.0,nm
28.504822999999988,-1.2739265737589984,-11.543080098116246,48.5992027998958,-0.04672506058111123,-0.2419476328519474,0.17731772964838877,-0.000955629667048054,0.054103137039441994,0.013451710931989316,0.0,nm
28.514327999999978,-1.0700959225045077,-11.409175446549886,48.2626228837372,-0.08417638009319876,-0.21296506932918666,0.20170811140860256,0.006639553086502502,0.047708362991086904,0.01653745804930895,0.0,nm
28.523856000000023,-0.8963655625149316,-11.32124009273653,47.99091389266949,-0.06479020743830001,-0.2316114847831235,0.10314906852546228,0.0,0.0,0.0,0.0,nm
28.542862000000014,-0.3568314365888316,-11.15793479527735,47.56724297733864,-0.10868902268982637,-0.304709264421693,0.14597175913886454,0.023348164901788933,0.052172181218503755,0.007872349078893122,0.0,nm
28.552369,-0.05958057281418558,-11.009893407495944,47.3042955585629,-0.06166450258465882,-0.3387878532564945,0.18899181846555949,0.017780236405779054,0.06306054823105112,-0.005091639514714406,0.0,nm
28.571394999999995,0.4235257131412803,-10.525393375131749,46.66673004493671,0.06462678385907127,-0.2759112859907754,0.2671830651462952,-0.013617168011888489,0.06099878116256293,-0.03972055533791339,0.0,nm
28.590408000000025,0.21598033677253306,-10.223812733812352,45.98258543453812,0.12100707810125572,-0.18284046019329162,0.2628156758312972,-0.044105588766298214,-0.01620311117949546,-0.06346345142008171,0.0,nm
28.59992699999998,-0.19928755101988818,-10.17389016549789,45.796357831942025,0.09260306520673413,-0.15028194072010237,0.24054773772924642,-0.06413653482245887,-0.05184814947242112,-0.06264721499372414,0.0,nm
28.609447999999986,-0.7247736127894271,-10.171364876166685,45.72421332794532,-0.008516727764701536,-0.13641892462372723,0.20999799945152156,-0.07256732553086649,-0.07393946052683957,-0.055547318561238554,0.0,nm
28.61895199999998,-1.3052269995975045,-10.219717349985277,45.65063679053805,-0.09883643061084245,-0.09493107777371515,0.16784013734065653,-0.07295399377972875,-0.08868493132870044,-0.048701254151384515,0.0,nm
28.65697899999998,-2.4971785305512135,-10.29782395339528,45.69519401933605,-0.12231339409127881,-0.07410058488864309,-0.02674305433246679,0.0,0.0,0.0,0.0,nm
28.676022999999986,-2.585710181755154,-10.298596515166635,45.86514965965786,-0.620687553808216,-0.304333627530375,2.147696131896755,0.0,0.0,0.0,0.0,nm
28.685501999999985,-2.724157156914398,-10.266268846484254,45.922964680871964,-0.03684692173736203,-0.13166393121664102,-0.30514049467120413,0.0,0.0,0.0,0.0,nm
28.69504999999998,-2.272959917126789,-10.251581459051083,46.04606045524119,-0.34188595202700195,0.12893316143421962,-0.1425783825642612,0.05963267823414253,0.066035644152358,0.02558676865659789,0.0,nm
28.704548999999986,-2.4747873313796855,-10.219824577984014,46.167757104233395,-0.08520901645726899,0.04060087276350552,-0.6278503438925697,0.0,0.0,0.0,0.0,nm
28.733060000000023,-1.9266768667042178,-10.587632662371453,46.90051990110741,-0.05402154220119942,-0.19144448136347508,-0.11217432445103077,0.04263898367879622,0.002753978228674434,0.044388156352238604,0.0,nm
28.742674000000022,-1.3752044229482199,-10.701439829345611,47.08705448899821,-0.14892545233934992,-0.21258212977715102,-0.10903309037043035,0.09066179071818774,0.06391113402545902,0.039108989235745614,0.0,nm
28.761667999999986,-0.5280141434136072,-10.94746379559277,46.81921486576088,0.03150987253743066,-0.33731701265073544,0.004320156276392977,0.06244605650350726,0.0336004194890617,-0.06345770868544136,0.0,nm
28.771143999999993,-0.016431335625335216,-10.963105506545679,46.5029963078062,0.026845574434478135,-0.2845919245781688,0.14445906399556535,0.07120146191872624,0.07112630324579892,-0.08079898712265966,0.0,nm
28.790190999999993,0.3166231344329198,-10.91408011891087,46.02468587518378,0.2607416404485933,-0.2198122299166755,-0.11855378351234123,0.008901640870799782,0.013574487849841577,-0.06230894339783401,0.0,nm
28.809258999999997,0.04623851113271545,-10.837537891251298,46.543361607967675,0.1510302573896989,-0.16004764896357604,0.0642416590489046,-0.04655337694402759,-0.03153337852386647,0.014729125288993736,0.0,nm
28.818708000000015,-0.25397356271202215,-10.759926605750131,47.003198516440065,0.018518491067236253,-0.16397942792137835,0.05438446830106857,-0.05171924388487963,-0.03248220545569017,0.03943268828161008,0.0,nm
28.837804000000006,-0.8949349984332213,-10.405543710915664,47.74609085325924,-0.13450339676867365,-0.14805639403515042,-0.03673231646878576,-0.051190729717460394,-0.036732694320158986,0.014623565375508215,0.0,nm
28.84731499999998,-0.9396345537301765,-10.063091836460746,47.80881779776987,-0.1821508982224532,-0.13295558990194548,-0.10085243499452484,0.0,0.0,0.0,0.0,nm
28.856822000000022,-0.8989063870861128,-9.739384794633084,47.6827775120956,-0.16719044777729714,-0.12842013895334412,-0.10002861215894379,0.0,0.0,0.0,0.0,nm
28.87580600000001,-0.5954100946244669,-9.125938668447134,47.50140044594358,-0.0924510101899035,-0.1545702554960025,0.07479663100293298,0.015017881084407558,0.05628962550978789,-0.02666838718929939,0.0,nm
28.885355000000004,-0.41387847288057344,-8.794662793695823,47.58860154816953,-0.029931217768397828,-0.17749331765840742,0.03459067476388761,0.01298353012271118,0.0648955684449875,0.0005634189667899682,0.0,nm
28.89486800000003,-0.1872694121950113,-8.461398677647932,47.85985603313186,-0.004158416335172928,-0.18431420970547155,0.021663824690247125,0.020386542427698464,0.077245262245008,0.03279417009736181,0.0,nm
28.904372000000023,0.053085820634649346,-8.11435428298552,48.20584962645459,-0.0023156924110047904,-0.17860433132739165,-0.019314965690132736,0.020094068513159917,0.08139570637377949,0.05151015677232402,0.0,nm
28.91388699999999,0.21986446595356499,-7.759791473765427,48.57519149510187,0.011505634451859089,-0.2014389249765391,-0.020094694290426658,0.014343435042069988,0.07502946693119272,0.048373455793049545,0.0,nm
28.923405000000002,0.3983728143820693,-7.436865015540973,48.92183231810453,0.005811450225373849,-0.20465571466779367,0.008975203017320998,0.01909445232298565,0.07056199380990999,0.028556604908329824,0.0,nm
28.932818999999995,0.6735778111980211,-7.320698890004988,49.1014965704845,0.017922614669194495,-0.21922834186528406,0.08324943162630526,0.018180790707599682,0.05656000930308833,-0.0019715129346218976,0.0,nm
28.942316000000005,0.892974186365011,-7.231285294655614,49.144072181926475,0.04247827798542766,-0.22974646387789158,0.0784214157704988,0.01490282033074808,0.044705007152876036,-0.027903583814469547,0.0,nm
28.980463999999984,0.6305718388154,-6.360366373296536,49.9078091892724,-0.03509149142283873,-0.18510109633431351,0.019008103149935316,0.0,0.0,0.0,0.0,nm
28.989981,0.5985293191209349,-6.0520055628171745,50.34831789823549,-0.07650270270978096,-0.17858204485993467,0.027939674248047865,0.0,0.0,0.0,0.0,nm
28.999486999999988,0.6721295525382651,-5.731292899951447,50.70494481898241,-0.1205196503813487,-0.14834520145497607,0.039035318882845074,0.0,0.0,0.0,0.0,nm
29.009000000000015,0.8375517584504532,-5.4021631771999115,51.00596202873524,-0.1109692334601165,-0.1370647507756918,-0.01667712798871157,0.0,0.0,0.0,0.0,nm
29.018507,1.0800456841219626,-5.099232124232849,51.24493196726536,-0.09318126743003455,-0.1148578457437045,-0.053954045474819544,0.009647702539392946,0.053882732801508425,-0.000433089134922684,0.0,nm
29.030462999999997,1.3829245138905342,-4.859739997922197,51.23213475228567,-0.07055389004112675,-0.08667263181555769,-0.04020720196053158,0.023045690488174023,0.06423056834178392,-0.016446227469823077,0.0,nm
29.037481000000014,1.6905877003985674,-4.6802392447565655,51.17386200618907,-0.006277593412475634,-0.10137774485618138,-0.008525416731521514,0.033014728830661796,0.06891674817837097,-0.022011423166935107,0.0,nm
29.056551000000013,2.2861788374300547,-4.403960103640772,51.31787975475399,0.035831805631731176,-0.15174382825231186,0.05307836832748996,0.047398812139208726,0.06863237935220992,0.0023642936734055604,0.0,nm
29.066017999999985,2.535925296732889,-4.266913913765009,51.49100969569286,0.027433223169682858,-0.18263289009400666,0.026982087307298674,0.04873000262737456,0.06202460554255699,0.019012334850517752,0.0,nm
29.075574000000017,2.7546942359295694,-4.085985628842516,51.795152724169846,0.0006821811953989966,-0.20938165189099286,-0.017995858123722855,0.04469244630256489,0.056929539399395455,0.02830904033256993,0.0,nm
29.085084999999992,2.9334496082424124,-3.8534932950401233,52.175289119038254,-0.024385386644780193,-0.23060621818163626,0.008921816394573028,0.035133314631725164,0.051557861626708064,0.025117761653971612,0.0,nm
29.094591999999977,3.0762770196854325,-3.596688330920713,52.39577274931819,-0.033190495345926364,-0.22952409201288718,0.032737256837313704,0.025302026359723628,0.04700811032600517,0.011396726189247443,0.0,nm
29.104107,3.191754445603615,-3.351519814423729,52.596784484975835,-0.02447444672451768,-0.19983568300140486,0.056844842970636175,0.0,0.0,0.0,0.0,nm
29.113616999999977,3.2778279182309364,-3.139571417920152,52.78361322635162,-0.004543727886916527,-0.15850960223367833,0.050170823521004715,0.0,0.0,0.0,0.0,nm
29.12312800000001,3.3557195120709937,-2.9850926622631913,52.925606054923485,0.012370504001035884,-0.11418625804629516,0.017995129492118178,0.0,0.0,0.0,0.0,nm
29.132599000000027,3.4460606876539073,-2.893228817334056,53.09401495315032,0.01673720358370819,-0.08240648608953217,-0.0066129330018578755,0.0,0.0,0.0,0.0,nm
29.15166499999998,3.7261535363526375,-2.7745419651315393,53.7955173989837,-0.02559695761801034,-0.08819814785973572,-0.006231775812365824,0.0,0.0,0.0,0.0,nm
29.161166999999978,3.9396287672695833,-2.695263142373068,54.1120353737579,-0.07209818582078494,-0.10450135254559464,0.03541788165369595,0.03679861232296029,0.031603561420545864,0.020694705191456626,0.0,nm
29.170641999999987,4.19397320031725,-2.5890154093068705,54.365321132796964,-0.09030808170279847,-0.1309660472687702,0.03246453907677597,0.042452310067633295,0.037322237169134784,0.01800169287907876,0.0,nm
29.180189999999982,4.479964395270474,-2.449263952437549,54.72516179261925,-0.09981391102151388,-0.14509378930113057,0.02190543928787015,0.04432801748333815,0.04534826053849897,0.007512295272685674,0.0,nm
29.199216999999976,5.040764114178371,-2.1430440741144694,55.402260124706984,-0.02666260786687373,-0.1567897200358053,-0.011317057746809408,0.04096870432437333,0.05599563235359773,-0.014974389984588362,0.0,nm
29.208725000000015,5.275651279712269,-2.0164377787515573,55.652890267132726,0.01326402024434486,-0.14788682634574798,0.02905871764829793,0.037282769655301785,0.05595184726621873,-0.016303605879549526,0.0,nm
29.218242000000032,5.4666524361676245,-1.919282746032839,55.967883323920965,0.04320195819259981,-0.13626892929756163,0.045298738961056906,0.0340607835863217,0.05169832500062889,-0.009508483258992104,0.0,nm
29.22771399999999,5.619088280181529,-1.857086020906046,56.3325913450028,0.054054762838362615,-0.12427584634757255,0.04564694455641396,0.03282693495722647,0.04373455872131265,0.001735363123221555,0.0,nm
29.237256000000002,5.744677578158194,-1.827474147078139,56.79290721157614,0.04446354861256316,-0.11350912336611133,0.02707894060805355,0.0,0.0,0.0,0.0,nm
29.246775000000014,5.854094364029062,-1.808954478169319,57.32562999986492,0.02103988315100905,-0.11240139376020793,-0.01067097360811554,0.0,0.0,0.0,0.0,marker_1
29.25627800000001,5.958975987732863,-1.790846649427449,57.89562739788295,-0.006277353266026692,-0.1202482012825045,-0.009407743188140132,0.0,0.0,0.0,0.0,nm
29.265798000000018,6.058840861599528,-1.767491754777508,58.384906033246075,-0.02379734926553437,-0.13314328050492485,0.024608616777494027,0.0,0.0,0.0,0.0,nm
29.275316000000032,6.158581477821452,-1.7362405983154914,58.886928775432494,-0.0339695434916083,-0.14055547534085294,0.04542582861211029,0.0,0.0,0.0,0.0,nm
29.28481800000003,6.2574614573885965,-1.6980243056747237,59.40099708478172,-0.031219879833428027,-0.1375758977927592,0.0388915857198219,0.0,0.0,0.0,0.0,nm
29.294283000000007,6.360892989418058,-1.659460459819968,59.862806724689264,-0.025660209057519475,-0.1239128035392701,-0.007941230294193627,0.0,0.0,0.0,0.0,nm
29.303845000000024,6.471763034333254,-1.6273333569953996,60.34165538784688,-0.014664638460090728,-0.11146026675916781,-0.007770680076993234,0.0,0.0,0.0,0.0,nm
29.31331499999999,6.594907946471194,-1.6043103248736783,60.855045026217226,-0.009101504602945785,-0.10027389420139897,-0.007305902179481689,0.0,0.0,0.0,0.0,nm
29.32286700000003,6.7296166735741725,-1.5919576861220142,61.29615743388864,-0.006447878662398855,-0.0984672025582794,0.022946022941177983,0.0,0.0,0.0,0.0,nm
29.33236900000003,6.872331153534855,-1.5937467718635605,61.787134235241496,-0.006997485303087104,-0.10017963003967846,0.03666186001023706,0.0,0.0,0.0,0.0,nm
29.341885999999988,7.016209855726235,-1.6060262875073037,62.3893044194797,-0.007207654976238002,-0.10380784638593303,0.03152826491927092,0.0,0.0,0.0,0.0,nm
29.351362999999992,7.151245407461698,-1.624999086451439,62.964473043304544,-0.005453623952899289,-0.10719133748663033,-0.008284740638889038,0.0,0.0,0.0,0.0,nm
29.36090999999999,7.265329256577059,-1.6529950959943376,63.48857349815472,0.005740437837195566,-0.11010144262392585,-0.009692644146480904,0.0,0.0,0.0,0.0,nm
29.37041499999998,7.346890065652651,-1.6936433340984764,64.0713367963383,0.02246788084299114,-0.11454693704132167,0.021426382351364952,0.0,0.0,0.0,0.0,nm
29.379886,7.393746056575191,-1.7396790450548403,64.67251524839823,0.033699666194290746,-0.11810723805100155,0.0385265998507836,0.0,0.0,0.0,0.0,nm
29.38944600000002,7.409210926904114,-1.789677644888634,65.24463440200897,0.03541164682560205,-0.12021290640256423,0.04216837985210922,0.0,0.0,0.0,0.0,nm
29.39894700000002,7.400173088968258,-1.8368934299755355,65.80168810503044,0.02910726947553512,-0.12083028709199076,0.03173910242913062,0.0,0.0,0.0,0.0,nm
29.40846099999999,7.383854385733942,-1.8752347297310443,66.41140453094089,0.01226130625007013,-0.11871366146386986,0.017742188165329832,0.0,0.0,0.0,0.0,nm
29.41796499999998,7.367750345791005,-1.9035243272862352,67.13461059428441,-0.004309792682517599,-0.11264479383967543,-0.00865427039777649,0.0,0.0,0.0,0.0,nm
29.42749900000001,7.354083538588068,-1.9321680839424336,67.62550196093504,-0.007939191048695516,-0.10701702246436146,0.018017823831104066,0.0,0.0,0.0,0.0,nm
29.436941999999988,7.34602613704377,-1.9714875331837736,67.59052640955998,-0.03073058471544793,-0.0880024942659432,0.03667952342523146,0.0,0.0,0.0,0.0,nm
29.44651399999998,7.342673185071408,-2.0281416563629886,68.16496895094812,-0.0015350323179854097,-0.08695841150908254,0.03346288254205324,0.0,0.0,0.0,0.0,nm
29.465495000000033,7.341031388528284,-2.2005452990232013,69.31641304594827,0.014535269680998074,-0.0741911875041536,-0.007601490580999314,0.0,0.0,0.0,0.0,nm
29.47502800000001,7.335680570403068,-2.3026280947392666,69.82525124697347,0.019818894117654685,-0.07942419241346763,-0.008648869305974494,0.0,0.0,0.0,0.0,nm
29.494017999999983,7.2961757453819525,-2.4806313673575566,70.79199994845203,0.023759782428590955,-0.1056090694107606,0.03883584633376168,0.0,0.0,0.0,0.0,nm
29.503574000000015,7.257271822073505,-2.5497363525720504,71.34737695575993,0.021195414683705373,-0.11333368208931639,0.04115863717697424,0.0,0.0,0.0,0.0,nm
29.513036999999997,7.203557167636614,-2.607629361193427,71.88448022318575,0.019357432449704132,-0.11294654733471694,0.02855332023595302,0.0,0.0,0.0,0.0,nm
29.52255600000001,7.1320773323989375,-2.660920095056166,72.42301437931435,0.020857476445864463,-0.10930803527561062,0.018305916647212324,0.0,0.0,0.0,0.0,nm
29.53210899999999,7.040476913412641,-2.718009218429972,72.97859536823067,0.026196758397100364,-0.09976987074038673,0.019190320493103836,0.0,0.0,0.0,0.0,nm
29.541623000000016,6.92973815777303,-2.785181336979762,73.48824271071005,0.032374264718583706,-0.08909990082191015,0.029154304679151945,0.0,0.0,0.0,0.0,nm
29.560651000000007,6.672536644428886,-2.955257575566701,74.31102089944416,0.03240209808282893,-0.0714450016750102,0.034484548097525304,0.0,0.0,0.0,0.0,nm
29.570157999999992,6.540336814158087,-3.0538021791428176,74.83060118181061,0.026644694470741134,-0.06806196861059377,0.022396576332732097,0.0,0.0,0.0,0.0,nm
29.579616999999985,6.41592999018397,-3.1479944913150044,75.35885623838233,0.01424068991295462,-0.07254793124940292,-0.007279337216879194,0.0,0.0,0.0,0.0,nm
29.589125000000024,6.298472650698359,-3.23787764770517,75.84917045632348,0.00843129295445672,-0.07972210266674122,-0.007315004452930533,0.0,0.0,0.0,0.0,nm
29.608186999999987,6.066547558063549,-3.3813234562872725,76.59919751398087,0.013949576465696214,-0.09881748678676566,0.0340637128591023,0.0,0.0,0.0,0.0,nm
29.617710999999986,5.940071914005855,-3.437359425186937,76.8903469866601,0.0208050179672566,-0.09869832176305023,0.033071974032858185,0.0,0.0,0.0,0.0,nm
29.627227000000005,5.799245732573082,-3.493564261324918,77.25323186094217,0.03011818218694397,-0.09048885737270503,0.02813455688964257,0.0,0.0,0.0,0.0,nm
29.63673,5.642777489923817,-3.550736380422626,77.58269884480698,0.03700711657437068,-0.08295707517791577,0.02730314688740969,0.0,0.0,0.0,0.0,nm
29.646248000000014,5.474108694131324,-3.6115423077383255,77.81402982013799,0.0384417085813221,-0.07534028102372657,0.026207144863784552,0.0,0.0,0.0,0.0,nm
29.655718999999976,5.292366027499783,-3.6747348025183038,78.04974653580663,0.038946322980727546,-0.07323298225834779,0.02768677772576302,0.0,0.0,0.0,0.0,nm
29.67472700000002,4.907699126240335,-3.8073951381330207,78.57919787932018,0.03136735163235481,-0.07420527557670273,0.0286489507838797,0.0,0.0,0.0,0.0,nm
29.684245000000033,4.708227694261997,-3.8750037064439713,78.82036318057341,0.027837610722936734,-0.07447768723752075,0.027508207334200414,0.0,0.0,0.0,0.0,nm
29.693802000000005,4.504701726705176,-3.9425881295082332,78.94773593534494,0.02629257388822884,-0.07744196040498434,0.025751733677461735,0.0,0.0,0.0,0.0,nm
29.703262999999993,4.296645723705233,-4.012375870518171,79.07740284740146,0.02719363171688424,-0.07888450683030188,0.0269146970194583,0.0,0.0,0.0,0.0,nm
29.731853,3.6437237582754682,-4.188359440001419,79.03855398955521,0.029138539770030943,-0.08785026145636457,0.03823124745702637,0.0,0.0,0.0,0.0,nm
29.74135000000001,3.4210734698751653,-4.227547407134705,78.73597924340996,0.02632949061919123,-0.08604311048170482,0.028619188930390897,0.0,0.0,0.0,0.0,nm
29.750868000000025,3.2039119875149153,-4.257624187669377,78.73580006231626,0.022163803617903415,-0.08255095355691315,0.0223980460002974,0.0,0.0,0.0,0.0,nm
29.760338999999988,2.9874092972075874,-4.288505074692317,78.67413787818803,0.020707173092886045,-0.07413197787624813,-0.006970343879942992,0.0,0.0,0.0,0.0,nm
29.769841999999983,2.772062834941654,-4.328155467398336,78.62774861662652,0.024722802380506625,-0.06883891347065742,0.020893188955905116,0.0,0.0,0.0,0.0,nm
29.779401000000007,2.557361697618723,-4.379349872646444,78.45520644899305,0.026981234041805167,-0.06411079057112111,0.030511306408247292,0.0,0.0,0.0,0.0,nm
29.788873000000024,2.337574069644335,-4.442364902262047,78.2794144419086,0.0316870808355841,-0.0627055710301019,0.034687267064607556,0.0,0.0,0.0,0.0,nm
29.798384,2.1089453588718206,-4.510193653143512,78.08468101327638,0.03552475360540792,-0.06618959010770155,0.034855219922585806,0.0,0.0,0.0,0.0,nm
29.807941000000028,1.8706211631233043,-4.578048760037478,77.8523286454832,0.03733915443652703,-0.0703495067617294,0.023296678397606786,0.0,0.0,0.0,0.0,nm
29.81743799999998,1.5785192036700748,-4.592140046057216,77.59042576638154,0.0688275991717743,-0.11956779183927348,-0.09638016424914513,0.0,0.0,0.0,0.0,nm
29.82685300000003,1.6221739001832962,-5.081754993828457,77.33180501562839,0.025678177503956182,-0.8252354780860163,-0.4912567328405205,0.09758479904177118,-0.013041742050449666,0.009223399693797707,0.0,nm
29.836364000000003,1.8789490974101872,-6.9749935021338105,77.31578286220015,0.0335189237823772,-1.3918709942640972,0.8723729265412588,0.38110164902273647,-0.034225993390681456,0.057407142364340344,0.0,nm
29.845878000000027,1.8330411707368952,-9.017405975082468,77.72948955240336,-0.30692938654057245,-0.3121773498843701,1.2597018733575631,0.3972447418260464,-0.09812089408509642,0.13082824143225025,0.0,nm
29.85539799999998,0.2649192452693314,-8.672190302092263,78.65253426036121,-0.5544388985083403,-0.9210710127675236,3.216365554126659,-0.13118868656149676,-0.2896220886188942,0.1365137380785424,0.0,nm
29.864886000000013,-1.4590742063187698,-7.214562091806542,79.7944822196009,-0.08350610806185031,-0.4175052640625244,1.5309131600541477,-0.3501751995359058,-0.28206321713313975,0.13590121058658133,0.0,nm
29.874412000000007,-1.916933150314665,-5.776213171400631,79.56151492832038,-0.7530521754771773,0.390154177031508,0.9531782222533667,-0.30005662156995855,-0.0355439360593337,0.13239081443202272,0.0,nm
29.902963,-4.582899625327774,-4.0188744097630815,75.21139410271455,-0.6628201124225166,0.8325060722049223,1.1021223413563337,0.13194650289188092,-0.06410387633750232,-0.1522796913076766,0.0,nm
29.912465999999995,-5.108183931356013,-4.7369867022978065,73.36143174800408,-0.2580723052565933,0.6088076297487695,0.5458937378438148,0.10904629787863507,-0.14071748096159128,-0.21625841455189543,0.0,nm
29.92197299999998,-4.819773220087002,-4.909712103243118,71.54175556270488,-0.4249391321416531,-0.192953784643669,0.23332630576372548,0.05066226168234335,0.04407383973042511,-0.18927941664604586,0.0,nm
29.931488,-4.0825893700322995,-5.371618365151086,70.09149438458995,-0.6289327306455196,-0.3214177074089882,0.6859423202223192,0.13655753101035298,0.10740476105844275,-0.09412138649299687,0.0,nm
29.94100100000003,-3.441907572541394,-5.5738518861493915,69.22447707611487,-0.34951695222463364,-0.39742412704399904,0.5078470910572904,0.08320611168097153,0.10504591146265413,0.017596820725845903,0.0,nm
29.960015999999996,-1.1826458430185585,-3.5411454867323267,68.87723218869856,-0.4286383395830224,-0.382622471218114,0.48824597906617834,-0.14437449055526125,0.30166492315822946,0.19781612416685776,0.0,nm
29.988485000000026,4.607409011512764,-0.8911090202408721,69.69695172628117,0.17895597431037824,0.06927044730112256,0.4793878619766726,-0.031738507832482055,0.46936243754561474,0.04292138796888255,0.0,nm
29.997996,7.154209462865629,-0.4431979115387098,69.37324327094458,0.32072984051833386,0.06796581969046064,0.4591996653303225,0.09430278199994363,0.509237422074229,-0.058874077889700435,0.0,nm
30.007511000000022,9.81841681323934,-0.3999212874788102,68.72721509812662,0.4286697081699169,0.05785046831194812,0.9462569167572887,0.1827036149134931,0.5014257432450195,-0.12541521888506268,0.0,nm
30.01701700000001,11.91815653465088,-0.14454625668645296,68.08862994814562,0.6779799740041091,-0.19801406732382307,0.5483422772650556,0.10721641896914555,0.4098610301663492,-0.1258620257847681,0.0,nm
30.026549999999986,13.944148429234094,0.2049090330763448,67.71701361293005,0.6858473441351993,-0.47433404838135185,0.22819966011703954,0.0878092991474117,0.4023056503130541,-0.07462599930322002,0.0,nm
30.04550999999998,16.971509983137047,0.5331449465816881,67.96683380701886,0.8216779250526675,-0.40271375523654634,0.24233573217772222,0.05160245873225323,0.23672301868934936,0.06071031271369134,0.0,nm
30.064585000000022,18.608543038325777,1.376524719960308,69.27894801793369,0.5447221939642203,-0.29128789535326094,-0.0008940548449557801,-0.018159033306744878,0.15235326725162962,0.12775934369931385,0.0,nm
30.074108000000024,19.04224482415532,1.48503460785181,69.67812051971512,0.5470515491124379,-0.11454612226179008,-0.11259825767753551,0.010077868203303786,0.08894925599054057,0.07776022285377143,0.0,nm
30.083612000000016,19.489743830813136,1.6677824966571289,69.8407780764076,0.445555583844052,-0.05769785769146188,0.006991039836491659,-0.0033503809252345383,0.096726271552336,0.030100638755926088,0.0,nm
30.093121999999994,19.792316477245752,1.9200458738476491,69.73157833207817,0.30678353287979565,-0.11919583950560214,-0.1652469774846961,-0.0264823873827615,0.0742985477294992,-0.023768601050407984,0.0,nm
30.102621999999997,20.102430438781322,2.0030562564664844,69.34669760184602,0.278782551518732,-0.11408337366192059,-0.24078917134649136,0.006131906051352256,0.06396847031357726,-0.07919673431079956,0.0,nm
30.131173999999987,21.49005642490629,2.446363651601962,68.45990845760112,0.1388234785261808,-0.21467375156169022,-0.2453470236582343,1.3550093866144533e-05,0.11498794813860698,-0.02777971064361644,0.0,nm
30.14068400000002,22.101216183583297,2.5793930473748263,68.50171128150895,0.12667000413068719,-0.13843483479364926,-0.21037561159304174,0.02006863193887804,0.12353893722693161,0.003000715751809306,0.0,nm
30.15020800000002,22.742694711982658,2.7899100749183634,68.69104802493864,0.11561948605935596,-0.060587924018500855,-0.29611250732316363,0.007573287604971359,0.13487606736528218,0.03188965103358612,0.0,nm
30.159688000000017,23.50860326871711,3.088188433628187,68.92953055468912,0.04918494430655054,-0.04115864247120186,-0.3841234287757551,-0.00033533401787361037,0.16443705253729476,0.039879209946854455,0.0,nm
30.16921400000001,24.380128443106425,3.3125708871903012,69.05052735130383,0.03877046441000385,0.033990506471219394,-0.44890703512533287,0.020528048631207295,0.17880877930210168,0.014478721774183436,0.0,nm
30.178703999999982,25.357246798456156,3.4782352910770338,69.02684624565917,0.07498749706390066,0.11088002774942965,-0.5485800633261705,0.038903011135950016,0.1943000029331193,-0.016336914224488106,0.0,nm
30.200184999999976,27.76708906028478,3.903576802520586,68.87891290349563,0.07962337489705502,0.06727356493303006,-0.7569842543132328,0.0526240344452768,0.2515082624013474,-0.03160182457809169,0.0,nm
30.207246999999995,29.1242212933139,4.007764384138969,68.85132321672229,0.10157695826435403,0.06028977797991421,-0.8338059050628115,0.07830925586416723,0.2604462712595347,-0.024278290283112954,0.0,nm
30.21658400000001,30.51189581482172,4.062311323800435,68.9557199048199,0.09851808679036145,0.03623389880001124,-0.8492757023022444,0.0895920873636867,0.2625890229153733,0.0013460614107942506,0.0,nm
30.22604799999999,31.829200411445736,4.10644055171558,69.20080944498072,0.020499653091483955,-0.011442125938360566,-0.9184928753007562,0.08570739310841646,0.24896894986301044,0.030282065406400452,0.0,nm
30.235603000000026,33.04314407448715,4.121301442164216,69.4869435172166,-0.04063267011637207,-0.053933643097075386,-0.8986571154195444,0.08274847877348733,0.22796606188033236,0.03985239151960926,0.0,nm
30.254616,35.00769622854323,4.245678012983857,69.8555975677171,-0.14087662717617622,-0.08786471415232634,-0.8073605226283133,0.044187006489042356,0.1738391203557675,0.013530393155080391,0.0,nm
30.264130000000023,35.72676087534606,4.354884064936099,69.86382294762454,-0.14098326865322755,-0.08714023014187253,-0.7551033211608118,0.028911099073913156,0.1423577560563129,-0.009155416495326878,0.0,nm
30.28314899999998,36.837966445395615,4.428058555351006,69.78925795664098,-0.02988801410488921,-0.07772511421346405,-0.6313493831295112,0.0344992657119147,0.0963296261508575,-0.010917093091728617,0.0,nm
30.29267299999998,37.33733834397746,4.334789296995359,69.89084829393857,0.016204218186342108,-0.12806107969644828,-0.6474342846293123,0.05189965734544746,0.0871740234499533,0.012705660756181538,0.0,nm
30.302186000000006,37.950882713375485,4.136884191914368,70.1185868281827,0.08027810741634836,-0.20921690968566775,-0.5087354265161846,0.0791415077620276,0.10160488477645539,0.0365346896289701,0.0,nm
30.31165199999998,38.51617946837078,3.914927189894314,70.42896009375325,0.11951676479344123,-0.28925233604543443,-0.37021511264814183,0.07995207396954643,0.09130744804114653,0.054209052786493274,0.0,nm
30.330707000000018,39.063667434525755,3.7633599357201963,70.94887640105786,0.13160385107056202,-0.3458875732358827,-0.3102816651803426,0.014156027703895239,0.035042665762499654,0.03995967951094587,0.0,nm
30.34974299999999,38.780429908306765,4.141591311368352,70.94432327275113,0.16664173823283912,-0.16691352850792618,-0.27907674675952593,-0.06313005307406278,-0.030177779081508052,-0.008916571338450656,0.0,nm
30.359245999999985,38.37520104700705,4.4224680254782545,70.83623845606861,0.16867148667208964,-0.07931008853502663,-0.25271937412159146,-0.07964709285369823,-0.058054190955733095,-0.015595835773597837,0.0,nm
30.368763,37.79982504046103,4.594069112789333,70.72698035453871,0.17861056111595375,0.010059051379413205,-0.2612435687403217,-0.07026383068233735,-0.09716297603519332,-0.012827112437264079,0.0,nm
30.37825700000002,37.12927651679731,4.567762619693099,70.66048682527652,0.14635487855724924,0.025889151650220998,-0.3085408015424915,-0.039283163755162304,-0.1280805688619601,-0.0025885562942135577,0.0,nm
30.387779000000023,36.507303838885534,4.367548140662315,70.66930257056235,0.08659588766860372,-0.04579380851695236,-0.19046738478496553,-0.003279064748565554,-0.13046052201327235,0.01147676935295727,0.0,nm
30.397290999999996,35.860766591583484,4.0734195561193705,70.7063960096835,-0.019872539958901862,-0.12300293871388913,-0.16032243376020666,0.01288745469434816,-0.14135120691585906,0.01697013494549882,0.0,nm
30.406825000000026,35.26899603062437,3.771936232892901,70.69107824346969,-0.10153078768937153,-0.20247434313237864,-0.12775889049088696,0.017907817941254206,-0.13155454509919123,0.005052013640208754,0.0,nm
30.416330000000016,34.793227482891595,3.5738356460076317,70.58521306587424,-0.1153268016401097,-0.24906389467044845,-0.02039583084415083,0.005912323744814234,-0.10286795311925519,-0.015086356188953062,0.0,nm
30.44484799999998,33.85435935570801,3.8127696381461083,69.97207912096627,-0.035583752433325615,-0.06557597664941203,-0.07854482643567867,-0.04418222676572526,-0.02831451798615241,-0.03516101634514426,0.0,nm
30.463911999999993,33.67002214628067,3.8362804635530767,69.95143862774177,0.0746481721663807,-0.031073868861850155,-0.05369015249889454,0.0,0.0,0.0,0.0,nm
30.48296399999998,33.43981262114625,3.527731610726463,70.25234404005211,0.057669057883253036,-0.12913718123097437,-0.05848858536916888,0.05129516832223688,-0.016587174975142987,0.03222802061154504,0.0,nm
30.492493000000024,33.30099713397741,3.4593680439081123,70.3236621009161,0.04201992690106758,-0.19089708197647495,0.0046435194215974215,0.045246402815519775,-0.021528278389758723,0.01604393601542565,0.0,nm
30.51147400000002,32.80260639146069,3.72096654817591,70.05778943819317,0.006154044001852985,-0.21291618361857081,-0.03776015092632586,0.0,0.0,0.0,0.0,nm
30.53053,32.14035186221707,4.0625698045265235,69.53633503537884,0.03945943515505809,-0.12917343979095236,-0.04411504560194685,-0.02187755730343732,-0.044247933805747416,-0.0444540061882524,0.0,nm
30.54003899999998,31.846178870692352,4.125602413996161,69.40540323901902,0.024467842092787715,-0.10196418212206049,-0.03033578357484627,0.0,0.0,0.0,0.0,nm
30.549553000000003,31.585897479383824,4.115911374495217,69.41749947934471,0.007929608853280262,-0.10350002203615333,-0.020234711409980788,0.0,0.0,0.0,0.0,nm
30.559075000000007,31.405349157509896,4.0860010361601145,69.54627798098667,-0.04412920463718686,-0.11832016967650943,0.009020967429919199,0.020716122377854047,-0.040628631529394964,0.028424017011932926,0.0,nm
30.568576000000007,31.287681577760555,4.096710659845988,69.71106999441085,-0.057395110332665436,-0.15525132276489492,0.011855135102313827,0.02306991099534506,-0.03236517319207147,0.034723093055487715,0.0,nm
30.57806199999999,31.207014731801543,4.1805074259386235,69.8150873614106,-0.062146860759483794,-0.1690475724155897,0.013164787085708517,0.0,0.0,0.0,0.0,nm
30.58754600000003,31.14126912188188,4.325725937659493,69.79598296466956,-0.05653107913288652,-0.1536137385539126,0.012381487904396544,0.0,0.0,0.0,0.0,nm
30.606623000000013,30.887066168147065,4.662904104143113,69.42823726387805,0.03391084804129489,-0.09235360935610103,-0.03245012311584206,0.0,0.0,0.0,0.0,nm
30.616141000000027,30.680284104914506,4.744741209784347,69.21826652543834,0.06837199192308371,-0.05977132414761821,-0.04805638087394634,0.0,0.0,0.0,0.0,nm
30.625599000000022,30.430437580238603,4.746856996774843,69.09155937653111,0.08474089309262131,-0.03718351100972004,-0.05410859824538436,0.0,0.0,0.0,0.0,nm
30.635156999999992,30.16584783158358,4.685305167516553,69.06972989639154,0.060952558924757046,-0.0651704854000424,-0.04357240637611359,0.0,0.0,0.0,0.0,nm
30.654169000000024,29.661783522900194,4.566895081758016,69.18793232183545,-0.015194961558835703,-0.1243632847375855,-0.007413247258437897,0.01769029591660691,-0.049446917096417194,0.017082092411891344,0.0,nm
30.663702999999998,29.455249109184255,4.607989696366627,69.20290618027579,-0.05350717711719986,-0.14088016333695239,0.012146117694358395,0.0,0.0,0.0,0.0,nm
30.673198000000014,29.27378775513854,4.717729752039593,69.12285613987441,-0.05449051600085853,-0.14286754024042134,0.01261882669479718,0.0,0.0,0.0,0.0,nm
30.682675000000017,29.109477319038152,4.858589596445638,68.95236242207837,-0.04520812509007091,-0.11747915007040392,0.010699861156268508,0.0,0.0,0.0,0.0,nm
30.69222000000002,28.968804324627172,4.990618299262272,68.74297483403889,-0.007114785688976819,-0.08782380918980161,-0.006636737675562136,0.0,0.0,0.0,0.0,nm
30.701689999999985,28.851233609392033,5.077810012376448,68.5603152152548,-0.0009978872462984875,-0.054875465641286834,-0.06032121710578015,0.0,0.0,0.0,0.0,nm
30.711187999999993,28.756903046028896,5.101802605166464,68.45501852515414,0.008536703231394778,-0.042792840612266,-0.08305562487089659,0.0,0.0,0.0,0.0,nm
30.720721000000026,28.689938248598857,5.078027639643963,68.44515656703567,0.005791380212574345,-0.05118049545985062,-0.09518105067794334,0.0,0.0,0.0,0.0,nm
30.730160000000012,28.668559060878003,4.956747524392373,68.50491377138661,-0.011658439982371963,-0.07426052514682237,-0.10677045480446745,0.0,0.0,0.0,0.0,nm
30.73971499999999,28.65034269376344,4.825393041448326,68.57209182379586,-0.023206315968958793,-0.10601000729514284,-0.114594969140003,0.0,0.0,0.0,0.0,nm
30.758695999999986,28.60972419684645,4.633080358532818,68.49788860229452,0.0006690950281891771,-0.1435894628636602,-0.11449211068945646,0.0,0.0,0.0,0.0,nm
30.787279000000012,28.34057592212337,4.54250974811241,67.89324153198879,0.08067038342397799,-0.12478848259757667,-0.14485490271629362,0.0,0.0,0.0,0.0,nm
30.79677700000002,28.15752548241604,4.489597810591951,67.73968348953824,0.09149247521522723,-0.11322182774180992,-0.14789935890667427,0.0,0.0,0.0,0.0,nm
30.81574599999999,27.628981431862304,4.293105123897165,67.64882233110333,0.062628164121705,-0.09130959726215811,-0.13922094976122176,-0.0018168823454307913,-0.06241209943285507,0.0014046714741450291,0.0,nm
30.825311,27.291852968213725,4.181209794234024,67.65063394879415,0.024064186882922216,-0.08923307136143911,-0.14679299758518297,-0.004878133814185281,-0.07080048227531929,0.005354629700141467,0.0,nm
30.834794999999986,26.92905985780512,4.070338259294993,67.61017263562493,-0.016873299392971976,-0.07748380532804323,-0.1690109140852616,-0.007044762258552006,-0.07547065645061946,-0.0028699712256976934,0.0,nm
30.863336000000004,25.869504496098603,3.729867043283831,66.9819502654931,-0.036341673789888236,-0.05117218827189488,-0.21544755270027457,-0.00401784873665966,-0.07003337565428028,-0.05231454644783321,0.0,nm
30.872839,25.58017845625968,3.5847787659732857,66.68020691676739,-0.02705787931401308,-0.07120586614089588,-0.2326773562952358,0.003973305713615851,-0.06460163038433152,-0.05672156384833884,0.0,nm
30.88235400000002,25.331590400759,3.4019846053512848,66.41062046657859,-0.00924075707330587,-0.0933172869403609,-0.2232421682297047,0.013815458538019874,-0.06016446379403488,-0.05094548317902032,0.0,nm
30.891869999999983,25.100442997584114,3.208296362202706,66.2204886919363,0.008224314011837175,-0.12084349761740155,-0.210969939675804,0.0169665395428771,-0.0579106081508573,-0.035398783497975,0.0,nm
30.911062000000015,24.61913535230424,2.8824754102325123,66.07715751560603,0.030340909944117825,-0.14721556471928882,-0.16801173330562683,0.0072663682507867035,-0.05784330898675897,-0.006013030224862903,0.0,nm
30.920592999999997,24.335267743440063,2.7611701040986683,66.04014060340042,0.04361152811052298,-0.13385666275203748,-0.15065099645828262,-0.0008367710096236475,-0.06176017617802718,-0.004611695131146464,0.0,nm
30.930115,24.00768355794814,2.6686611019005073,65.96350521966615,0.053775365694651175,-0.10746351734268282,-0.14682442121118988,-0.009725134526155811,-0.06740840786213363,-0.01223621896813351,0.0,nm
30.939557999999977,23.630435479386183,2.5836218869288943,65.81669023272579,0.0544145948601281,-0.0824989939274051,-0.16602601000336017,-0.015280860982451034,-0.07585253385945574,-0.025935179813010825,0.0,nm
30.949108000000024,23.216744486500172,2.47421967601706,65.59211256272648,0.05663454432920441,-0.06295242177344992,-0.18590599198144095,-0.01407985838284017,-0.08446235326575924,-0.041311413623883096,0.0,nm
30.95857699999999,22.790559152214534,2.3238595999489102,65.31114187821316,0.0679398237804817,-0.040122552209899257,-0.19903559735546195,-0.008031207022627907,-0.09009012856854166,-0.05268724473186586,0.0,nm
30.968139000000008,22.38048394354338,2.1268800678377224,65.01202210769566,0.06310613928774218,-0.06702481840562313,-0.20899254785487242,0.001337271869756706,-0.091054315149589,-0.05670390821872274,0.0,nm
30.977651999999978,22.017978701405916,1.875175435580244,64.72725826495692,0.06471126296052417,-0.0860669164602555,-0.2147050111303389,0.01483491160141416,-0.08710469139776039,-0.05448147339411441,0.0,nm
30.98715900000002,21.70515356413447,1.5771652385871886,64.47845291916927,0.06819952885220619,-0.1076281469601911,-0.20718036071152618,0.027067021175963664,-0.0821762123487985,-0.04792586486302622,0.0,nm
31.01567,20.790146753367722,0.6009677268751263,63.90751737108285,0.05788436326910716,-0.154867792479751,-0.15484069846923038,0.02828964855690852,-0.08889295442158127,-0.035470877117093916,0.0,nm
31.025232000000017,20.39744009556544,0.3032550343528069,63.7088606491969,0.04978014980485525,-0.16459613406248347,-0.14382488846662225,0.0187960597716262,-0.09689721657071622,-0.03915183877157757,0.0,nm
31.034730000000025,19.951754266027493,0.04435626083712499,63.489626471168,0.03685759448114222,-0.1653948164503716,-0.10180044747059835,0.00676070484037514,-0.1030148500549629,-0.04362352023872465,0.0,nm
31.044236000000012,19.449761158608435,-0.1613439799711008,63.259038081298705,0.023992798469237752,-0.15176005025949532,-0.11646688094905351,-0.008223489922155134,-0.10834720051118778,-0.04627279835901701,0.0,nm
31.063265,18.556676026200137,-0.47611634058740837,62.8473009075929,0.04392962423361844,-0.07009329584981223,-0.10657584443790866,-0.010662847167984718,-0.08551777747364508,-0.037854675104080714,0.0,nm
31.091872000000023,17.896888217634412,-0.8716778462428707,62.81530144614112,0.1005616111174525,-0.12403593446017874,-0.008026566090505864,0.0,0.0,0.0,0.0,nm
31.101380000000006,17.75954847053493,-0.8883319517616801,62.921803900496066,0.08667762276505316,-0.2078083043362874,0.015379302811294933,0.0,0.0,0.0,0.0,nm
31.110885999999994,17.626035832513132,-0.7847642629383538,62.98446532260851,0.05989689170687247,-0.2799369930495528,0.04190000988091002,0.0,0.0,0.0,0.0,nm
31.120314000000008,17.617324700892592,-0.8375358470100938,62.94185577412281,0.03659884705344063,-0.3088233675321516,0.0811576780595749,0.0,0.0,0.0,0.0,nm
31.12991599999998,17.310407878107995,-0.5393179224355413,62.78198871991873,0.027721168705515914,-0.2760469922646347,0.012261820035417313,0.0,0.0,0.0,0.0,nm
31.148889999999994,16.491463779415714,0.006442213330859324,62.25554063846946,0.05858314796854471,-0.11670890691836262,-0.03142600946119507,-0.05573999213799474,-0.04384933053265493,-0.0559028541831857,0.0,nm
31.158442999999977,16.03657271072381,0.08784837724445876,62.02154933940639,0.09329260532940542,-0.04961228928851034,-0.030371643318321494,-0.04816110712458212,-0.05098469341947872,-0.04680815896289709,0.0,nm
31.167958,15.638282173853044,0.043607037022485876,61.891536859625774,0.10786594756555726,-0.000620337303140139,-0.02675328838113329,-0.029467722094811754,-0.04998755701439486,-0.0259746617084139,0.0,nm
31.177418999999986,15.28963518361133,-0.06146402129555202,61.874572400916406,0.08535071640054269,-0.04558955079654313,-0.02645263560929131,-0.008614473672973997,-0.049625377510732024,-0.0034027781090192406,0.0,nm
31.186982,14.988874024228165,-0.16473417525476616,61.93214802446559,0.06577683045465023,-0.0884181042122241,0.010368224312772243,0.009248311746523973,-0.04845379923442531,0.011461696324960961,0.0,nm
31.196487999999988,14.68845675653092,-0.19902712557328348,62.00035246581167,0.02642782514085166,-0.15242185739593342,0.03289493186933199,0.01034597973488036,-0.05067160260479258,0.013543951420401778,0.0,nm
31.205964999999992,14.353143767384303,-0.11078975204411945,62.015079580927946,-0.008104140673924858,-0.19329720147433985,0.02857290333827316,-0.005827135083785369,-0.05273286832958783,0.002866087140575639,0.0,nm
31.21548200000001,13.977569078413502,0.05984839995675579,61.93132374409954,-0.02331358533444619,-0.18270372671173457,0.010072907827449002,-0.025739414896736142,-0.05544776491681001,-0.01670341641110689,0.0,nm
31.227479000000017,13.573967225759217,0.2348608614472689,61.75539028495103,-0.0006949152288014399,-0.12771061026820468,-0.013982068416611178,-0.040326144905097484,-0.05593421434951148,-0.03495118263918812,0.0,nm
31.23454300000003,13.195780479720101,0.36287664772126155,61.54920906412463,0.02422183775584621,-0.05557904378324955,-0.07487078180235708,-0.04518073391202255,-0.04870205074011954,-0.04087801883625469,0.0,nm
31.244055000000003,12.860346837346109,0.4192740016999095,61.39011482673289,0.04756953953132597,-0.026745715205015834,-0.09589120915415057,-0.04005175288264564,-0.039425673902949585,-0.03142124971163728,0.0,nm
31.253562999999986,12.572724398477622,0.42274334961901916,61.32820792301977,0.08017125207401167,-0.012600564630801487,-0.09646499211109535,0.0,0.0,0.0,0.0,nm
31.263070000000027,12.352500673078575,0.4171499636646764,61.35975772209468,0.08912391551947954,-0.04910524556815655,-0.05208347358757821,0.0,0.0,0.0,0.0,nm
31.272543999999982,12.179972267664654,0.4743276129327968,61.42231755259205,0.06225521260328009,-0.1419794146259098,-0.025674512334892933,0.0,0.0,0.0,0.0,nm
31.282077000000015,12.027499694086998,0.6307318026297709,61.420798271598095,0.046340265979431805,-0.22050076108948313,0.04831318446319198,0.0,0.0,0.0,0.0,nm
31.310524999999984,11.683275067371078,0.989306540483851,60.498779109188945,0.11317688699834567,-0.1864477406168502,0.12201909969829915,-0.052833745950017726,-0.02040223305203334,-0.08882984849324294,0.0,nm
31.329522999999995,10.968883957699587,1.2993711707636424,59.70254870311386,0.15896448799403642,-0.048911611608633554,0.14614618810554073,-0.061943981636746734,-0.05539538858149471,-0.06696529981486582,0.0,nm
31.339068999999995,10.511943125447226,1.3547010170999443,59.53219696664869,0.1293939786921622,-0.020426948456339133,0.16256722313813068,-0.05583434002097016,-0.07332682569479995,-0.03199471435065955,0.0,nm
31.367598999999984,9.234614625341093,1.1608979186327246,59.49318993834891,-0.047479624520265266,-0.09782566889682415,0.22667132708690665,-0.021072311883876517,-0.07932882900809762,-0.007664922569312684,0.0,nm
31.396136000000013,8.02983388909956,0.6345750025812944,58.50205371381331,0.02343541041063591,-0.14545037255461124,0.1878246925821485,-0.004213312320825733,-0.09634923282224263,-0.0854540820585911,0.0,nm
31.405646999999988,7.612981263214137,0.3153640516391719,58.12776451832266,0.06173471835178142,-0.15896113623872005,0.21198081801430432,0.010556031672675123,-0.10462881683608449,-0.0742578613477706,0.0,nm
31.415143999999998,7.182841004123705,-0.07359186403780861,57.92561272720715,0.06062617513566516,-0.18790171034603043,0.2534826790818729,0.020467187664149386,-0.11433658428100403,-0.040296219456850406,0.0,nm
31.424658000000022,6.726492380435899,-0.5252161908048573,57.930813983605816,0.006925078653387548,-0.22733720149503236,0.23568485579001017,0.028118437900711588,-0.12548266620798865,0.0005680038147673208,0.0,nm
31.43417800000003,6.259395287605435,-1.0337458134575774,58.08719064012305,-0.07488823486006446,-0.2598118539149455,0.22946422318885415,0.036824319949199366,-0.13330019395051307,0.030046813736762927,0.0,nm
31.472244999999987,4.849413281761032,-2.684347312526789,58.1410521286965,-0.11757435959848761,-0.21063989951884443,0.12227796720940358,0.03221639101419245,-0.06958573202962265,-0.04088158214905924,0.0,nm
31.481738000000007,4.763007083508147,-2.970913242672616,57.896985561320115,-0.010557734095445474,-0.15881538780003981,0.14635780152221592,0.03953121855792366,-0.04506299021272444,-0.04972701466027081,0.0,nm
31.510230999999976,4.966551843497699,-3.9437070675799073,58.003085741942265,0.1701186093427539,-0.19664150369616465,0.22464236777493926,0.07147426184002426,-0.02305453521756265,0.05001373804264454,0.0,nm
31.51978600000001,5.044295366263424,-4.32648751804488,58.41003775729345,0.09268248856751082,-0.24103809927333641,0.2728997224853387,0.07334571428178073,-0.02718938115483866,0.08262180966577541,0.0,nm
31.52928400000002,4.982266839270802,-4.696327769337242,58.851783488509696,0.00597512759265922,-0.28601758363090607,0.2847220405817995,0.056800448782704176,-0.04913155761249564,0.08748873547556821,0.0,nm
31.548272999999995,4.434643630189316,-5.2872475158092955,59.38421552284178,-0.05838831421775265,-0.30179229660927936,0.23952211416935432,0.013600538768595792,-0.0799728971063929,0.03125388739677972,0.0,nm
31.567338000000007,3.5830386385477646,-5.6399341566972545,59.3109112546727,-0.05194476009478426,-0.1689573948281444,0.18320948633046286,-0.018740393487577115,-0.09401913092207406,-0.026628897560802122,0.0,nm
31.57683400000002,3.1212950150890553,-5.798074804126085,59.21184652527184,-0.04086038458069963,-0.08941009922253895,0.18664462891000785,-0.019810906800326884,-0.09528492283286219,-0.0290534794372021,0.0,nm
31.586348999999984,2.6463588210937594,-5.972618192446848,59.17286051275621,-0.06862852345488017,-0.0167291676865385,0.16250468620105762,-0.018436320360341676,-0.09917734300505807,-0.01755924378409704,0.0,nm
31.59831600000001,2.225073803309162,-6.185354941698935,59.21263577874114,-0.10545700860751758,-0.00022416695093382402,0.14714343658366438,-0.006375431642308064,-0.09388826132942941,-0.0009688394325415294,0.0,nm
31.614907000000017,1.724337809076928,-6.747892101068663,59.31276581998672,-0.18524853961295773,-0.09827967179044061,0.12048970974527244,0.03335364536874952,-0.06087747794619415,0.0015247304729699932,0.0,nm
31.62441000000001,1.6960544578565473,-7.036828253853198,59.22695793266655,-0.2110122324623958,-0.16166616170251252,0.1331583880056098,0.04687162987153476,-0.03440729091040772,-0.017860342720193517,0.0,nm
31.633943999999985,1.7520002431101456,-7.279672551874147,59.0022279239985,-0.1706021692787853,-0.21330387043578405,0.12320789895133294,0.0474491721496307,-0.015428538224230298,-0.04360509608359558,0.0,nm
31.64345000000003,1.8824830087750188,-7.454540241681396,58.679823160140636,-0.12463963435682157,-0.21617460208691303,0.14825274107761738,0.04338183047201029,0.004054300584123791,-0.06121016770194971,0.0,nm
31.652968999999985,2.014458310172057,-7.560277348376122,58.341805785776245,-0.028464915349491044,-0.20831961601225238,0.17559108781313315,0.03174766906589489,0.011282279994380287,-0.06423498799813529,0.0,nm
31.662472999999977,2.0826171127846784,-7.621464695033319,58.07765995979968,0.04884833984087237,-0.1723041697107428,0.17549140168440125,0.017544930880192263,0.005043050911753821,-0.05109232312467092,0.0,nm
31.681488,1.9845986224490622,-7.781039502208248,57.66051765795592,0.059646670114381024,-0.11811306846665727,0.17226274483864468,0.0,0.0,0.0,0.0,nm
31.70056900000003,1.6009943105462758,-8.10685837843715,57.49950575263486,-0.03687097497487665,-0.142709593934581,0.10651650900649912,0.008851160583606662,-0.05339034948872215,0.0002434418062167424,0.0,nm
31.710039999999992,1.4073794776141526,-8.303161678679995,57.34161616805559,-0.09239280879040561,-0.1479876975325202,0.05979780957863648,0.012413146935703816,-0.05352670742895003,-0.01573422464354373,0.0,nm
31.719583,1.2714772013161149,-8.485352005921236,57.01232260847568,-0.09789220471679384,-0.15272639588188558,0.020423042867068655,0.01600162396679722,-0.04243624863549741,-0.03379919584851868,0.0,nm
31.73860000000002,1.2188669187400076,-8.726067767756762,56.15446022562757,-0.1291553469536529,-0.2155982429345227,0.5705890170156278,0.0,0.0,0.0,0.0,nm
31.748107000000005,1.01827327620182,-8.769000973830051,56.02014264341211,-0.1948065671736843,-0.32500150890188156,1.0860699342058495,0.0,0.0,0.0,0.0,nm
31.786215000000027,1.0594931758135626,-8.329742672239368,56.155029018443635,-0.10671782734133095,-0.09714936320449404,-0.08039694621442617,-0.013630007777946951,0.03489613568960248,0.0773739907742619,0.0,nm
31.805240000000026,1.5206715422890045,-8.296307227435738,56.00330098976103,-0.03850434084983199,-0.18412216800885006,0.014873605487792567,0.027704028066019036,0.03701409199183098,0.04249953839775238,0.0,nm
31.824264000000028,2.4803884123276068,-8.39664397393996,55.478825208718966,-0.043281347319085235,-0.24940863214508438,-0.03858017837933403,0.06462418269760815,0.06496511641833096,-0.051443237785340296,0.0,nm
31.833788000000027,2.917052048423487,-8.510522431587413,54.97914891727692,0.04920620864066165,-0.2594628332578197,0.0017274647968930493,0.06807124951481332,0.058049373516937834,-0.08720543384136348,0.0,nm
31.85282699999999,3.1385397290495027,-8.266716828262593,54.162207289160634,0.08636829208202147,-0.23855715216248088,0.05562284251591151,0.02808917907588436,0.02981497693202398,-0.0682814281904855,0.0,nm
31.862326999999993,2.902404500297792,-8.194688115346741,54.18661475370656,0.1506705458299428,-0.22658643047958452,-0.026814356426428324,0.0,0.0,0.0,0.0,nm
31.871778000000006,2.9703799711262446,-8.19005764953133,54.39551810316904,0.08812277852617212,-0.19492332801737886,0.0817344819614861,0.0,0.0,0.0,0.0,nm
31.881306999999993,2.7677938711535344,-8.014038463537013,54.75964173103307,0.04098861884995661,-0.17092879714087109,-0.02277469087575655,0.0,0.0,0.0,0.0,nm
31.89080899999999,2.5912378886377274,-7.8445774054465405,55.006436250225434,-0.010153403743576208,-0.17456062082380303,0.045860702973584924,0.0,0.0,0.0,0.0,nm
31.900260000000003,2.531383065427418,-7.879258119562316,55.23895718584722,-0.06246744104837497,-0.14858509834195668,0.11410456813417758,0.0,0.0,0.0,0.0,nm
31.928904999999986,2.4218306084832233,-7.617844887583002,55.11006265664616,-0.04762628789237851,-0.11024719047802609,-0.07085309876345941,0.022256204499041192,-0.004122164201599014,-0.047793670060792715,0.0,nm
31.938371000000018,2.415200306394537,-7.589816638417678,55.0227653372323,-0.014706643008012308,-0.12373515749783946,-0.050600103905236865,0.0,0.0,0.0,0.0,nm
31.947926999999993,2.459684156307821,-7.49238623663589,55.07862323186779,-0.03233148121524132,-0.15606076809174751,0.01974359212775337,0.0,0.0,0.0,0.0,nm
31.957328000000018,2.576416520777026,-7.537994601306163,55.243179921931755,-0.05067036069069121,-0.19641045305373092,0.09141785364763977,0.0,0.0,0.0,0.0,nm
31.966940000000022,2.6369377275973975,-7.365577293825513,55.531835624393466,-0.05329554015603379,-0.19878276216165594,0.04778450269335878,0.0,0.0,0.0,0.0,nm
31.97645799999998,2.7463481779164893,-7.136827988386296,55.851389336928634,-0.06980623790823316,-0.19231328564094147,0.0239692438358569,0.0155933684696976,0.028861009957526235,0.03852455693127647,0.0,nm
32.01450399999999,2.9572649362412347,-6.553356579009058,55.64131783475739,0.06674736206452163,-0.12963030672590503,0.08640931735892944,0.0,0.0,0.0,0.0,nm
32.033484999999985,2.7924050279478183,-6.573342270488187,55.81003155826052,0.0541983946412264,-0.13536610811186853,0.01822223312068241,0.0,0.0,0.0,0.0,marker_1
32.042981999999995,2.6647688985307583,-6.54986343196311,56.05211938214776,0.010961572149502646,-0.1554066879352268,-0.01859079258368372,0.0,0.0,0.0,0.0,nm
32.05250799999999,2.553313622335134,-6.439317298759096,56.35107108822589,-0.04799449527535897,-0.1814197899311668,-0.02276456944835489,0.0,0.0,0.0,0.0,nm
32.062010999999984,2.4618601518234975,-6.277252845997527,56.625782047352914,-0.0864437723362856,-0.1987350132754671,0.02797621053369768,0.0,0.0,0.0,0.0,nm
32.08103299999999,2.4129823132590795,-5.888660819889352,56.45574375751784,-0.09578924221970851,-0.14949680478621855,0.04783569893974579,0.0,0.0,0.0,0.0,nm
32.128603999999996,2.5241307922093266,-5.5962721340535175,55.9085331199837,0.021714459382584202,-0.1122329257533924,0.061669896557177556,0.0,0.0,0.0,0.0,nm
32.13815599999998,2.527889200881372,-5.572296397876724,56.08099823715522,-0.0022587244721437518,-0.14488551332599978,0.051390262963668304,0.0,0.0,0.0,0.0,nm
32.14760799999999,2.5219344710719236,-5.497269828458363,56.25819723035335,-0.029721100367232186,-0.17318097096354865,0.012907744815571304,0.0,0.0,0.0,0.0,nm
32.16663900000003,2.446711419421446,-5.24824986221144,56.500054880434156,-0.033863728435731405,-0.18760992044204305,0.007304902109258197,0.0,0.0,0.0,0.0,nm
32.20471700000002,2.0269591098858717,-4.892124926184964,56.328633760303376,0.02268024727124355,-0.07700235929572401,-0.006595721293083344,0.0,0.0,0.0,0.0,nm
32.21423199999998,1.9332734225058048,-4.865153154844656,56.511753884442975,0.002654072243538005,-0.07236606774563213,-0.006440133794169572,0.0,0.0,0.0,0.0,nm
32.223749,1.8753230249193051,-4.835306696295289,56.65013123540749,-0.045790918247275166,-0.06957796345121028,-0.0070460899421174545,0.0,0.0,0.0,0.0,nm
32.23321900000002,1.8489194116034955,-4.802949650978715,56.73073753180959,-0.0603668582060192,-0.09420537505473148,0.028084705815697768,0.0,0.0,0.0,0.0,nm
32.242726000000005,1.8477001615355009,-4.7587728384662205,56.755059020540536,-0.07072333616009943,-0.11103316702979162,0.04261101575016086,0.0,0.0,0.0,0.0,nm
32.26180199999999,1.8574346557874823,-4.641855471670163,56.8078626651453,-0.02232574194495986,-0.13366896101402045,-0.011847641959285109,0.0,0.0,0.0,0.0,nm
32.27126099999998,1.837823858443382,-4.590061230649438,56.821163569606874,0.0025062868565628236,-0.12988543636392044,-0.010973109775736838,0.0,0.0,0.0,0.0,nm
32.29024099999998,1.7231872794265135,-4.470189457546422,56.88143607452359,0.02018976232963149,-0.12825186448930823,0.04467895301234784,0.0,0.0,0.0,0.0,nm
32.29969199999999,1.640886715722937,-4.4101145890093925,56.940724203817766,0.013459910799629193,-0.12340355973813676,0.051895130201331914,0.0,0.0,0.0,0.0,nm
32.30935499999998,1.55170187177148,-4.352507261721527,57.13080445658957,0.001343919709399279,-0.11559936624647407,0.03743365590288669,0.0,0.0,0.0,0.0,nm
32.328333999999984,1.3748758965680519,-4.254692142308825,57.36930508929526,-0.014937055396353316,-0.10163519024011894,-0.007983167655602837,0.0,0.0,0.0,0.0,nm
32.33786900000001,1.2898557366242263,-4.239435953809581,57.40148100297851,-0.012241809692380133,-0.09522814352695293,-0.007361357117035787,0.0,0.0,0.0,0.0,nm
32.34730000000002,1.2041282655840504,-4.240822110457898,57.26548786832133,-0.005585513632314317,-0.09649489224645738,0.036016722172657736,0.0,0.0,0.0,0.0,nm
32.356854,1.119740319610742,-4.245633302407983,57.16820117912961,-0.0030344550516420046,-0.10037500059875847,0.03926165449543893,0.0,0.0,0.0,0.0,nm
32.36641400000002,1.040896343621051,-4.249395094717923,57.19890190574081,-0.004219529501704386,-0.10186825349812047,0.024728813284362397,0.0,0.0,0.0,0.0,nm
32.37587400000001,0.9746707413405346,-4.237054964066769,57.2936238043573,-0.012060251647839025,-0.10436447847674853,-0.00777769684154571,0.0,0.0,0.0,0.0,nm
32.38543900000002,0.920156118805745,-4.19656019916674,57.23581835324164,-0.022441089095973577,-0.11225680061881735,-0.008491986036909201,0.0,0.0,0.0,0.0,nm
32.394946000000004,0.8794462344705524,-4.137471106642705,57.00161815592516,-0.03160953039165511,-0.11739063933798081,0.016945083643492367,0.0,0.0,0.0,0.0,nm
32.423434999999984,0.7784240943865666,-3.9891806708795827,56.77224888434305,-0.0033123078874147858,-0.10185691842834621,0.026465456284100002,0.0,0.0,0.0,0.0,nm
32.43298199999998,0.7234563554766814,-3.984049360624456,56.689428499078396,0.0158209089521352,-0.09038603088921286,-0.0054514177328430485,0.0,0.0,0.0,0.0,nm
32.442475,0.651339722469279,-4.005264501522814,56.690647953475995,0.02845588185837266,-0.08398049751111572,-0.004616648929248637,0.0,0.0,0.0,0.0,nm
32.451977,0.5660801655813348,-4.034336765363266,56.694634231197156,0.025472022213072695,-0.08727248725225811,0.026223624101143782,0.0,0.0,0.0,0.0,nm
32.46151800000001,0.4733051463119994,-4.059137232248874,56.69927174493941,0.014012740119080979,-0.09697733545721286,0.03683674054713622,0.0,0.0,0.0,0.0,nm
32.470995000000016,0.3924496851978895,-4.0741150544361755,56.72702727630145,-0.014127018802079207,-0.10209784546104139,0.06990067034261854,0.0,0.0,0.0,0.0,nm
32.48051400000003,0.2663626388157627,-4.204499707946419,56.75879057233921,0.03556901764447248,0.05462021607362325,-0.0366232486094762,0.0,0.0,0.0,0.0,nm
32.48998599999999,0.06593485705389737,-3.785161540037487,56.89540020203136,0.29979636490122424,0.2614419570130198,0.30362048506963674,-0.09221345892499909,0.012437236795802943,0.02455920134327532,0.0,nm
32.499480000000005,-0.16035184951376935,-3.1741844590010353,57.30282691753094,-0.3571846987747962,-0.4532978577914445,1.2670778782650327,-0.12731948625851663,0.028489293216997207,0.07883503645228747,0.0,nm
32.52797199999998,-0.7797518365408874,-2.5633287155422737,59.33956823655567,-0.7016936825784436,-0.5220914900401635,1.2517253171921363,-0.10119469802286732,0.06041854252228193,0.12285158773030257,0.0,nm
32.53753499999999,-1.1806244208075165,-2.586478393450126,59.035060602623666,-0.5551980350100376,-0.49539412862865734,0.26326854701135605,-0.03722622190313132,-0.07120032232879735,-0.02540281291870365,0.0,nm
32.547041999999976,-1.4470423524564182,-2.768925235577505,58.012664491676226,-0.7051292594867956,-0.2062087337343063,1.2828080618590914,0.0032001744211077143,-0.06454928788516738,-0.1606804600178684,0.0,nm
32.556512,-2.3426408267556464,-2.4919784767114534,56.66411019787087,-0.5611573096221436,-0.13473717114127393,0.8491335903639362,-0.14364617202020052,-0.12064564923705416,-0.2335819714054731,0.0,nm
32.575556000000006,-3.434366057461773,-2.5672538025225413,55.18076074371782,-0.35286984320632575,0.1285555905322487,0.856246373491945,0.024297679055576723,-0.04216984361162022,-0.016188486420677467,0.0,nm
32.585082,-3.5793385674827407,-2.276918784934973,55.44721277359954,-0.2950422620667573,0.22036180205171985,0.5536931067976,-0.06429120151253015,0.009458541413732036,0.13094394791351838,0.0,nm
32.59459900000002,-3.2819982055912127,-1.5117841056085037,56.11651585448383,-0.278879456963222,0.07040276912780043,0.10507679369425363,-0.09268099522199313,0.13578816523390438,0.23168047971082092,0.0,nm
32.604105000000004,-2.1468775015700134,-1.1196457706672538,56.829302412452016,-0.4373612537180587,0.23579135661161518,0.3582512770476918,0.06113403398362684,0.23258785054554867,0.2523044070439708,0.0,nm
32.62311399999999,0.8695633631109887,-0.8704711881820008,56.92409140589375,-0.05967796676008353,0.10459057033942905,0.3860173957352712,0.15941844913891082,0.31278393271577914,0.0618375839167886,0.0,nm
32.632633,2.9362588321501137,-0.7850463699007418,56.279456000199424,-0.05401319516778655,-0.11711686588733651,0.3899838729494152,0.21484126526818917,0.35418691922109785,-0.03957226163226275,0.0,nm
32.642087000000004,5.042319381915089,-1.0588886601228777,55.77946163581675,0.20758131395704663,-0.2126707343150831,0.3757748562720572,0.28115714558019667,0.3191409722125909,-0.09332687093124363,0.0,nm
32.651598999999976,7.296421141222566,-1.2262569738228484,55.390584160987686,0.2361285523574015,-0.3070531750889946,0.5498030123812417,0.28277078026898705,0.3534336695203665,-0.06886203347459288,0.0,nm
32.66110500000002,9.151767649643668,-1.120458866067551,55.35142911686306,0.2051345492794555,-0.5471117634604664,0.4391332120688583,0.19369187109105931,0.3177547525665218,-0.00023207195132087937,0.0,nm
32.67062900000002,10.591083100442072,-1.0973741990841408,55.66884373502679,0.3002344796404833,-0.6337065331779456,0.17800398850666302,0.15939816531464485,0.24018598969244362,0.06913965998269378,0.0,nm
32.689651000000026,12.633198342508468,-0.9546629313899745,56.871612741155296,0.2999970175582223,-0.4504700331793842,0.2594454143827708,0.05518959504213973,0.14932649153979266,0.12918683016247207,0.0,nm
32.70868300000001,13.442821436678333,-0.5347828570064422,57.40619481837951,0.2956109884300599,-0.1196145825428733,0.13439238877657272,0.013808754805895641,0.07035329894799977,0.018544816197882744,0.0,nm
32.71819900000003,13.522591968624091,-0.510363301995938,57.193107175057015,0.3661489595230028,0.035567126959977116,-0.0012178575836496643,0.0,0.0,0.0,0.0,nm
32.730165,13.612102903025287,-0.5613903730327938,56.86868014208527,0.2869953059016268,0.0464330351561334,-0.10862563928846701,0.01833489132610505,0.009475196102568703,-0.06480035483016618,0.0,nm
32.74671999999998,13.834652728449267,-1.4184183249289688,56.44053378704439,0.13321171860903264,-0.08632673309369816,-0.06876010920910816,0.10257825209345937,-0.042003647945016535,-0.026102416775933904,0.0,nm
32.75625400000001,14.030121614213847,-1.923183648570032,56.557953150899955,0.015486101311901061,-0.18240626784900174,-0.14611877495404718,0.10590351736946783,-0.023167923116529317,0.024664761795584876,0.0,nm
32.76579300000003,14.373457706387494,-2.3305865158460666,56.842044538696804,-0.14112417419030043,-0.2928919508545517,-0.11735536998627037,0.10592607950009887,0.012640105639378577,0.059452877269155706,0.0,nm
32.78478999999999,15.368839118015426,-2.18223371965628,57.24688395756021,-0.1763578324669252,-0.21978123767457608,-0.11776562712025655,0.09730714407101558,0.06643052314783904,0.031886419423182995,0.0,nm
32.79435599999999,16.136880025042185,-1.9025311496412802,57.22483978541358,-0.13816097221974066,-0.1796876088348791,-0.07283817183470707,0.07533291403457532,0.12301389895194657,0.0007362118719578013,0.0,nm
32.803799000000026,16.950178385174972,-1.7956297792099583,57.026083690277716,-0.10523296213496376,-0.09263782719355065,-0.12852371378793961,0.07039431661657981,0.14835691233167533,-0.03454770790658238,0.0,nm
32.81330200000002,17.888939136641106,-1.7024258222626112,56.71561766956116,-0.013942683320851718,0.014707052098923262,-0.15620879766207732,0.08708448488229,0.167582860833715,-0.05643544177688343,0.0,nm
32.822811,19.004844566001317,-1.5395207488191582,56.42059516120824,-0.04214381004043503,0.032973404698591315,-0.1548359237539137,0.09586507573552921,0.20441936996889334,-0.05275998272516267,0.0,nm
32.832313,20.225809746281353,-1.331908128240756,56.168946389658764,-0.12158239662960685,-0.03209791352928238,-0.2278709873789583,0.10107350925964534,0.22644390374977721,-0.04427182992691992,0.0,nm
32.84181799999999,21.57595699973246,-1.165307748976154,55.9042297034716,-0.19234807783206945,-0.07074837081389557,-0.30595367745209867,0.12336729529179646,0.24286578880095386,-0.047121720898583776,0.0,nm
32.87017100000003,26.673044826965082,0.006530500474336121,54.889810662330845,-0.21112690395991077,-0.1980511046030169,-0.27213326751232486,0.12125585126737363,0.3634301324294747,-0.07532638498053058,0.0,nm
32.879683,28.696538107527704,0.6337202150537146,54.51206418685993,-0.09361718590274107,-0.18848168259752307,-0.2427037639277937,0.13167783144966166,0.4033328984906944,-0.07792552958890343,0.0,nm
32.89870300000001,33.068702431268214,2.1726025435669016,54.36196084073439,0.20087934509826805,-0.15884329422577775,-0.3176110610714114,0.1312293208832128,0.4561318293525564,-0.0003119433543731045,0.0,nm
32.90821399999999,35.34334404136946,2.837545054504727,54.71641207724581,0.30161342298997373,-0.11534685290993502,-0.3708768170923795,0.1555633123409326,0.44797232268697296,0.05103478432248629,0.0,nm
32.917726000000016,37.53580750439014,3.297990528476114,55.322104490457505,0.39171273045180016,-0.05289067682939576,-0.3941896084143904,0.1757994619951254,0.4121409831987907,0.09776274923261324,0.0,nm
32.92724400000003,39.54575190668919,3.6282378534178124,56.11847836727792,0.3964003619622664,-0.03469905485056008,-0.40646504016328394,0.17162856962787326,0.3692853861288169,0.13513520146807395,0.0,nm
32.93675000000002,41.30512526224632,3.8689873012619675,56.908402514804415,0.35402314350200503,-0.05819670021720401,-0.41096493181736266,0.153746688915023,0.31986443222704125,0.13512901978440478,0.0,nm
32.94870700000001,42.81966275793827,4.0630070406098975,57.47215089169807,0.3261732998156136,-0.07123517774961112,-0.3995857833466495,0.1312758760748109,0.2753916957802672,0.09190069450521013,0.0,nm
32.96529099999998,45.21743761395123,4.762897784232699,57.82344299378698,0.23067887163476203,-0.09805295743150912,-0.4221854528721606,0.045183881614097136,0.23128894829870397,-0.004379502022866611,0.0,nm
32.97475400000002,46.15654957907008,5.250426719009297,57.72931076924873,0.18347291050287978,-0.11032129133739939,-0.45350493353680826,0.017302222411300215,0.21056479046435125,-0.03528767631899695,0.0,nm
32.984306000000004,46.96483819557634,5.690706232481738,57.596803272267664,0.1651369719886861,-0.10185960146963076,-0.47829806567948563,0.011691344585449672,0.18331488247032218,-0.041988568316958456,0.0,nm
32.99377800000002,47.66758423362028,6.035668255932085,57.59908510236558,0.12304584469749154,-0.08902850952993205,-0.5029460510698781,0.016685327549448983,0.15522819117507736,-0.013936970985763705,0.0,nm
33.00332800000001,48.27802360041702,6.249495610982774,57.80788595302325,0.050216682344869215,-0.09817873278316001,-0.5144051426490752,0.028731391034421096,0.12563275690477702,0.028721067819830047,0.0,nm
33.03188499999999,49.71868288295427,6.263102666918723,58.89958208783085,-0.025614050069139124,-0.08799363669287322,-0.4476041992313617,0.04647721595393055,0.07310959359331953,0.06250439570909191,0.0,nm
33.041403,50.11084809676559,6.341213725520499,59.14484136677753,-0.018705482440903972,-0.10043257364633058,-0.4398413237190541,0.02675238823923929,0.07498637387047498,0.040489473478672544,0.0,nm
33.050873000000024,50.45857386562361,6.502275011766194,59.23215005719105,0.04447028543282391,-0.08434064415457523,-0.43623457128268656,0.007734391787738683,0.0759584231655733,0.009686313241011203,0.0,nm
33.060449000000006,50.75335026163401,6.723502583834768,59.2269461768328,0.10018039383834158,-0.11763900787865383,-0.4225956481421349,-0.008071212141934445,0.07305420872475417,-0.007851771293346238,0.0,nm
33.06992200000002,50.98145118118946,6.941557022137464,59.226238717902284,0.14108996241076607,-0.10827432998568874,-0.43464398163907025,-0.014319060679366783,0.06131532979107915,-0.00558785984319459,0.0,nm
33.08893499999999,51.16184410986047,6.959205175531091,59.30903235340485,0.1511215114706008,-0.14088239114685036,-0.3606027324763282,0.0,0.0,0.0,0.0,nm
33.098506999999984,51.08890731142302,6.728997302549695,59.400361632323694,0.15812599295823382,-0.13559275310693403,-0.3069767718039259,0.032272530224207445,-0.03597667857942765,0.020042200265734916,0.0,nm
33.108002,50.937330240330226,6.429094773775807,59.499904832609005,0.13088753671970052,-0.1779796745176199,-0.24204677709036126,0.03639685829916922,-0.056499026148695765,0.02342804531716015,0.0,nm
33.117481999999995,50.70631725534073,6.134770659203404,59.53480820490765,0.09681111337163872,-0.1930210565809766,-0.21023670211735726,0.027472936240242076,-0.06953366456168486,0.012067345564365353,0.0,nm
33.127049,50.39755103394641,5.913487649319019,59.457976779590034,0.07064080105755557,-0.20278198553521548,-0.1847772053194062,0.006977668749212978,-0.07548121999416868,-0.00888383232764166,0.0,nm
33.136562000000026,49.9963344390223,5.797977356230509,59.26835886584259,0.06804033940838884,-0.22561261500419227,-0.15007865940841575,-0.020815774962981544,-0.08056758322024632,-0.029768922341479435,0.0,nm
33.155546000000015,48.93804614332262,5.756780189600123,60.61810834863669,0.02741677179588961,-0.21733135686177776,-0.13284124186729968,-0.05395840142103063,-0.09896321066862812,-0.04341219576136114,0.0,nm
33.16508299999998,48.33658691766192,5.7365343816387675,62.266239152250044,0.018988489645160284,-0.19920572624481228,-0.10686408426667837,-0.05199018379383061,-0.10805798273427131,-0.02662314068609294,0.0,nm
33.193580999999995,46.682157585910666,5.446184152113607,67.64730653160369,-0.13342425608315617,-0.050341616785887076,-0.1262287304147331,-0.014140304937554252,-0.0992876693402124,0.03467026365129589,0.0,nm
33.212563999999986,46.04716247377636,5.266426281635047,69.38056928707373,-0.19216946608941518,0.008879001166944421,-0.1716925371056366,-0.004428524794493288,-0.05292983648408201,-0.0013280397298558488,0.0,nm
33.22207400000002,45.911811058440954,5.2230908818676935,69.16623679379535,-0.16843323900189194,-0.0038183455474254343,-0.1883913493777458,0.0,0.0,0.0,0.0,nm
33.23159800000002,45.8621028694154,5.19469508027094,68.7873298623768,-0.12763469731295127,-0.043345918315266414,-0.21190569387999292,0.0017726273987163674,-0.011299621659064722,-0.07496834268436137,0.0,nm
33.241061,45.84335940581073,5.16784834577242,68.32202139539037,-0.07669260388704287,-0.10593164994780367,-0.2213904175613543,0.003662776044794426,-0.005452531665862225,-0.0928340059712307,0.0,nm
33.260077000000024,45.593022526462704,5.0800268763896765,67.46440772834264,0.007485733734900233,-0.23104414768492637,-0.21627527859346285,-0.003912706136114944,-0.03753826538310264,-0.07587515457356343,0.0,nm
33.27917100000002,45.00914016347145,4.950885263937669,66.99558143029705,0.07162567303475255,-0.2861285334277449,-0.158081840293828,-0.015053669649386852,-0.06509334853629095,-0.029384274927593608,0.0,nm
33.28868,44.55965766979826,4.95959275113554,66.92896450728698,0.0911979273541851,-0.29144913951394774,-0.11669534879357989,-0.036696730249786265,-0.08184785968668604,-0.005564327473900513,0.0,nm
33.29817600000001,43.97674203941976,5.044801723313997,66.89672393268947,0.09092721325161145,-0.2937897328372994,-0.06955000774329881,-0.06130160524424349,-0.10029046428913334,0.0037183307669317583,0.0,nm
33.307728999999995,43.05281589489752,5.429514476638511,66.7831260952008,0.09101410433120745,-0.2646147200129315,-0.04318131604386783,-0.08348363673590084,-0.11855105902640455,-0.005626005543548523,0.0,nm
33.31728500000003,42.08187167890799,5.828959719864664,66.57274761021486,0.09788996159052135,-0.21060102335632638,-0.020601572504645754,-0.10310541218077962,-0.12426140858854423,-0.022902894671069953,0.0,nm
33.32680099999999,41.10097159891455,6.232482516190889,66.27765499156507,0.11690999482439418,-0.1437151836036062,-0.010158662331288594,-0.12023928509824343,-0.12083048802402721,-0.038429796593535535,0.0,nm
33.345821,39.2526845530366,6.733667011633482,65.55944978881834,0.18075057701922953,0.016839168894983426,-0.020712212911269973,-0.10770731990037095,-0.10847928166682134,-0.05263236826870551,0.0,nm
33.355343000000005,38.408143754244826,6.706225548079263,65.24863046515154,0.19567648968503762,0.07109161881984637,-0.03872460030471435,-0.08101350632431314,-0.11043113725409943,-0.0426885409343217,0.0,nm
33.37435399999998,36.98400731275048,6.261981730362365,64.87301181115602,0.10828710215394616,-0.006523158043724391,-0.04011317302667359,-0.006256926801825391,-0.11706310020085323,-0.016581613977545998,0.0,nm
33.38386000000003,36.39414554168951,6.006761716598701,64.71519300136657,0.024515099586328554,-0.10448896281433791,-0.04066764856322345,0.02065441142168902,-0.1205499624297489,-0.018828985821474308,0.0,nm
33.393370000000004,35.850669027013616,5.907243822549101,64.51611529649672,-0.04536974780675477,-0.21437171794745677,-0.01520838717283556,0.019240238574788668,-0.11375962215534532,-0.028323349217663066,0.0,nm
33.40288099999998,35.312494506363954,6.0690443149237785,64.24396561438998,-0.09175267087803801,-0.30400695627984065,-0.0018867675953203322,-0.0102500083128204,-0.1002412443531203,-0.04294994327379364,0.0,nm
33.41239999999999,34.750645598115646,6.464163736327832,63.87635697113752,-0.09325073617902495,-0.3249010526745916,-0.0037210572654852976,-0.05061138035283116,-0.08323844773496991,-0.061038170603279596,0.0,nm
33.42191500000001,34.15048802150253,6.972572630459768,63.43043783728333,-0.03413482120112963,-0.26553136124364873,0.004153851845858034,-0.08678122188266339,-0.06936090879153625,-0.0750356706674144,0.0,nm
33.450338999999985,32.37385802438372,7.902675043324625,62.24838846550106,0.11795969764995182,0.12066594456173764,-0.13351755775175256,-0.07795225442796615,-0.08504893847542452,-0.04788613990175003,0.0,nm
33.46945299999999,31.442043939341968,7.397495886626874,61.87737312782252,0.010865898751180122,0.1356438887466344,-0.10584247798515405,0.004009547577833579,-0.11050167136519906,-0.019996198918679937,0.0,nm
33.478976999999986,31.148355071944813,7.00831100475534,61.698118067050586,-0.10185087243309157,0.044204268325617024,-0.07621359179389396,0.03119822642249265,-0.1130295060962276,-0.02859203244513746,0.0,nm
33.52640500000001,30.95711370163704,7.3039272665870065,59.304761531609536,-0.028471059252599996,-0.08537007098193432,-0.1645353291211828,-0.01272039189885749,0.01717652540563867,-0.10834127197458024,0.0,nm
33.53607599999998,31.06390963206698,7.355319418752382,58.906201597169066,0.050992775291491585,-0.06189371590990302,-0.20658007116351923,0.002074985254498791,0.023485222317106928,-0.08254477697975525,0.0,nm
33.54542500000002,31.201646167077616,7.278397662139798,58.66104823880006,0.0915366838687014,-0.04092928658019064,-0.2561354962324178,0.02736656325773396,0.015412212644906893,-0.052604456315484244,0.0,nm
33.55492400000003,31.33602713717955,7.048405065714484,58.51706327073708,0.06587780826031933,-0.07985612197321265,-0.2725333690400487,0.053238140903833935,-0.0012197255376138316,-0.03218255769661665,0.0,nm
33.56446199999999,31.417095693391065,6.719425869879839,58.38865552270552,0.0011637848540076434,-0.14549256803202149,-0.2805928214641461,0.06459256051562089,-0.020739091961847245,-0.027649327376013024,0.0,nm
33.57398899999998,31.415839156593403,6.395263476939806,58.19708694296365,-0.07418337972648373,-0.21815565587415794,-0.2913931990688818,0.055112767062357966,-0.034339245013080784,-0.03832304961339556,0.0,nm
33.58350200000001,31.328801643094547,6.1669804806134705,57.90016752856109,-0.1070931736564044,-0.2727125477179337,-0.2853928077012833,0.029637533727400345,-0.03890301583968498,-0.05754500844996478,0.0,nm
33.60252800000001,31.021219442204377,6.256638515052848,57.21602372600707,-0.08448231354460771,-0.23314931989599194,-0.388952989565393,-0.042192815927433854,-0.010914463058696384,-0.06102677934218149,0.0,nm
33.61204099999998,30.86025252151945,6.539853500562242,57.01928148803797,-0.054929510603983565,-0.18091667487748495,-0.4598212602887182,-0.0650243076528664,0.0038895518093137135,-0.035815928310700046,0.0,nm
33.62156600000003,30.714239259547643,6.802762149353196,56.96497051638143,0.010515738362510813,-0.11479068530363473,-0.47158415045296653,-0.05998002562500578,0.004327885052834452,-0.007486288340377587,0.0,nm
33.63106099999999,30.582903884185164,6.957764159519739,57.04585413434757,0.08555313120447827,-0.06493952353370791,-0.43508987842080915,0.0,0.0,0.0,0.0,nm
33.64057200000002,30.48103656292615,6.975384374690106,57.20963738882406,0.09841464430114218,-0.03699085594739304,-0.4331547590085617,0.0,0.0,0.0,0.0,nm
33.65959200000003,30.25370294898697,6.525339373541017,57.34951838353177,0.0854175286768002,-0.10232618554159394,-0.35033405460700445,0.03642166823809082,-0.05495042947365129,0.004118905720277494,0.0,nm
33.669111999999984,30.04226531239488,6.136857667603981,57.19359995314977,0.0763740839346446,-0.19140676533355205,-0.2812825135299316,0.0427072988401846,-0.0774775804896179,-0.0265413820265475,0.0,nm
33.68814900000001,29.272577218783486,5.43185537080874,56.62993441902638,0.11901554208957545,-0.3604955187231513,-0.14521431087088357,0.005389034165031361,-0.10763779557588093,-0.05000524328562766,0.0,nm
33.69765699999999,28.733302194849422,5.199167831010934,56.40251206274312,0.14308303675672746,-0.37028380726576904,-0.08673312926413299,-0.02045316686904595,-0.11541092826965095,-0.03553003341043103,0.0,nm
33.707131000000004,28.050322461182585,5.018084453531032,56.285206386561114,0.1788434084939328,-0.32336688787367124,-0.040426103829427365,-0.045315082672642136,-0.13351011904392215,-0.011305207796626186,0.0,nm
33.716639999999984,27.24573425649605,4.864935817555437,56.29661432902782,0.20002983321856316,-0.24912934737343606,-0.013785604899548453,-0.06358368857630219,-0.1505766411275817,0.016169997656692504,0.0,nm
33.72890000000001,26.109004286636186,4.78567833718244,56.37950554650982,0.17309715563126737,-0.18922555011228778,0.002451560087224401,-0.07150903321320892,-0.1599697003115506,0.035925705084840026,0.0,nm
33.73594000000003,25.025642061749384,4.689746992961521,56.474243147372654,0.12288704752144722,-0.1686591986131589,0.011103311494682976,-0.06704441879766128,-0.16408262252092048,0.037083923549074214,0.0,nm
33.74547100000001,24.021605039396707,4.60715199814293,56.49104617997167,0.07133026057823463,-0.18771847467097807,0.058169459030438166,-0.05791961417852142,-0.1613919747557939,0.01990636698762606,0.0,nm
33.773927000000015,21.6612960299001,4.237272826957684,55.76791321465568,0.0054719527195129245,-0.2807846520773961,0.1712129217753158,-0.0743811815280624,-0.13457624104969715,-0.06317057573960771,0.0,nm
33.783446000000026,20.870199137108973,4.194146552511013,55.34946413807564,0.024463532745083075,-0.2379021786358129,0.15370566373804304,-0.08223480635470802,-0.135207902407555,-0.07214737330781831,0.0,nm
33.792956000000004,20.045896568698886,4.156913786836241,54.991630437518076,0.026926447497721207,-0.15140012336470035,0.10118347442996814,-0.08791283066585182,-0.13942454027485227,-0.05963544948568169,0.0,nm
33.802525,19.121726136634646,4.1526643206186336,54.75831767599614,0.014825154910249282,-0.08054453005810719,0.0343088366054108,-0.08823595453877821,-0.14833116899902354,-0.03321064926320477,0.0,nm
33.812028999999995,18.266945059335,4.030562123001086,54.65634263596151,0.02637601989350091,-0.019640553408836057,-0.010824984014457202,-0.07158898709229954,-0.15035232578058,-0.008164938054117223,0.0,nm
33.84055799999999,16.544517476578815,3.374764179841519,54.542362958689495,0.03613399442197462,-0.1498346285601351,-0.028662502855278087,0.01799365153131929,-0.0937498735589887,-0.011227477061475444,0.0,nm
33.85955200000001,15.63493922485536,3.001402035364759,54.110624355505024,0.10073178933651435,-0.293740542620699,0.046800022508105624,0.02895451014188308,-0.07501611638345079,-0.04403250983645745,0.0,nm
33.869012999999995,15.34363958058411,2.74873135188483,53.88633095728322,0.128689615391341,-0.3160557356736829,0.07463579225616401,0.0066940044562052384,-0.07689074982756143,-0.041986062613171955,0.0,nm
33.87856599999998,14.914403551456555,2.560505595439043,53.7387648643425,0.1780139645950754,-0.27437885049357724,0.09344297066203618,-0.02027558498563929,-0.09157220125536918,-0.02556529085883229,0.0,nm
33.88804299999998,14.34583899394518,2.4067056826352387,53.72746214712564,0.20802099190156442,-0.18613808340040283,0.07723737086073004,-0.04246370646479116,-0.10995230058312534,0.002674409539155674,0.0,nm
33.90712500000001,12.509379957291513,1.8773257210474406,54.055136826443686,0.14639726485216434,-0.011407005086395562,0.07350616574436263,-0.05683372458616826,-0.15824467458783756,0.04745573625234127,0.0,nm
33.916674,11.595450328656232,1.4900122868729724,54.22250937914602,0.06678631294203294,0.011085047536055449,0.06762210399569418,-0.046651160009527674,-0.17984536245057117,0.03885430636767497,0.0,nm
33.93562800000001,9.943697772466999,0.46346113910961434,54.00831826279101,-0.07046679120292432,-0.1298118224022293,0.1111131661455622,0.0002505175311514406,-0.19475112062368727,-0.04222854904153688,0.0,nm
33.95462600000002,8.751250004182884,-0.7775626014913595,53.110744527473,-0.027574366118011454,-0.35786302290842187,0.19972036975545793,0.033522482688715355,-0.15911642876587945,-0.09739902726691554,0.0,nm
33.964135999999996,8.285864512031225,-1.2968772104528667,52.729462982578134,0.015911749575095217,-0.4012547076679849,0.226923882212211,0.026793537023533383,-0.13706892833553852,-0.07803614714245712,0.0,nm
33.97364900000002,7.7836313099013505,-1.6911868242301242,52.5769657005441,0.04920213710045944,-0.38814283491431395,0.29176627694978263,0.0017828737394477892,-0.12785371827789463,-0.03315677139542707,0.0,nm
33.99258000000003,6.385079713010983,-2.0360726578331296,52.940707487907915,-0.005958997080846747,-0.24531924558080584,0.3905277367119458,-0.07757774678655628,-0.1356331344047827,0.047135849979294625,0.0,nm
34.01169700000003,4.568839993529678,-1.9540916416857679,53.26925219032511,-0.12597009664254755,-0.07325041629794615,0.3666539796190441,-0.12160473834447391,-0.13884421378894926,0.00891741599417117,0.0,nm
34.03071399999999,3.039085199309108,-1.8505151312927857,52.696763297344575,-0.11668541588257718,0.024566962779704195,0.22838079637365136,-0.08739333663142913,-0.10583093899086951,-0.08317046432404517,0.0,nm
34.04026099999999,2.5592561683444677,-1.9126652209949544,52.23788424347991,-0.07163723565803858,0.01194476003787461,0.19135209318712476,-0.04864573042427341,-0.08375729386309191,-0.09505204365449757,0.0,nm
34.04971899999998,2.256029474095674,-2.092555032456179,51.89250886152128,-0.0248808734194749,-0.04348249682899505,0.18252339878663132,-0.008896440114245192,-0.07002401937112324,-0.07128719589292584,0.0,nm
34.07824900000003,1.5193514722300787,-2.9046390482183537,52.264984065728655,-0.17967564072796038,-0.24441403840043124,0.267269946240137,0.0028691839047187595,-0.08049824079926093,0.060613664727411004,0.0,nm
34.09025200000002,1.1099250669478868,-3.092757965618961,52.57651589188298,-0.23704962130066257,-0.2573943970965899,0.2617227281244189,-0.020081883440717263,-0.08787823418949825,0.05809863820668164,0.0,nm
34.09731399999998,0.6530959212735352,-3.176971504672596,52.73181030894646,-0.2563765515189576,-0.20777431339416355,0.2143434230729468,-0.04201316461048357,-0.08286354516761434,0.026096072450063654,0.0,nm
34.10681699999998,0.23908413197253817,-3.170462017347026,52.664566515376684,-0.22010955262106127,-0.12674162521373525,0.14504493387524034,-0.05121289652113282,-0.06507067728120147,-0.018058120253024362,0.0,nm
34.11637999999999,-0.03869514462538218,-3.1247975928824854,52.41745235845002,-0.1207436160392428,-0.04167772387664282,0.07177273843185807,-0.04104780959819755,-0.0385356532929995,-0.05254239968244148,0.0,nm
34.12589600000001,-0.10908053617219299,-3.0799478631833637,52.12024362758483,-0.0018479645015863693,-0.0022094279288615323,0.053497911824747835,-0.015719934472373985,-0.005637042482926535,-0.06028301273625254,0.0,nm
34.14486699999998,0.33566726987425355,-3.0322566468005023,51.951035705098676,0.15120066063372697,-0.07244361721251454,0.0009540301389716467,0.03541242053278667,0.04952628579134393,0.007773919723711942,0.0,nm
34.154499999999985,0.5067371999187027,-2.9875763302311715,52.214670572990734,0.15097803743350705,-0.1723598030886493,-0.06917697889483497,0.054249043814277066,0.0679486245237994,0.05455806671260436,0.0,nm
34.164007000000026,0.9629408214172261,-2.843858327667415,52.61463655447557,0.034483071521757266,-0.21182309921356615,0.04338449617662825,0.07733915705853388,0.09728546758231967,0.08458014977285591,0.0,nm
34.20198199999999,1.5652491051853352,-3.1427794694910545,52.77995640494251,-0.011422083367760067,-0.16915219532003248,0.243503757254811,0.011737605285597492,-0.04899371758460766,-0.028714608731113866,0.0,nm
34.21145200000001,1.1449113394904662,-3.4774978172316855,52.64070132988748,0.03919933515994856,-0.15122523353544987,0.1276233830103921,0.0024152894338604646,-0.10748602246169485,-0.03274724531733834,0.0,nm
34.230508999999984,0.2854688957101838,-4.499016865512371,52.76367508967108,-0.1337932509031668,-0.12081626703937677,0.11872224220633901,0.03268285067719907,-0.13852074400371608,0.030952922772627196,0.0,nm
34.240027,-0.07487984590970174,-5.047725793583674,52.977811285067006,-0.2062808063629252,-0.18049145786572823,0.02118739202360083,0.044088224573800225,-0.12372389684831472,0.05916733946667021,0.0,nm
34.24953599999998,-0.19730107341109582,-5.553796237203001,53.29488787497517,-0.27983862353512334,-0.23263662892932768,0.005735139881769156,0.06643589979162896,-0.08035308429090969,0.06554699854211449,0.0,nm
34.259005,-0.08679658645419504,-5.976998509506216,53.48582185488995,-0.28284351290556325,-0.2686762423947917,0.005285887426025716,0.08116967395950393,-0.032886160122258125,0.044481912492802145,0.0,nm
34.268552,0.22359995929683785,-6.29894900003313,53.45155738742656,-0.21125560172280522,-0.2852942192440388,0.007316317440118624,0.08861415781279203,0.011256043479610562,0.007105994949650552,0.0,nm
34.277985,0.707598881114766,-6.538232868127683,53.18740284307414,-0.0588648250515134,-0.30379629440407335,0.038769310583289925,0.09601282902810562,0.04856347207708382,-0.026827638462040407,0.0,nm
34.287577,1.3009432322762766,-6.730244477122711,52.8468184226389,0.0565953229479149,-0.2796997888310172,0.13477391675121134,0.10177037066010255,0.0711078621954809,-0.04275463313320245,0.0,nm
34.30659200000002,2.1872798600928816,-7.072908536876727,52.46065691774951,0.2468729428062096,-0.28801992590950765,0.16496026046397902,0.07405969884204287,0.03912973121095338,-0.016479987242525508,0.0,nm
34.31609800000001,2.4046644181609795,-7.286584080129758,52.56595435730787,0.20992150356577427,-0.2909665218612456,0.23378145226778843,0.0602445663516587,0.008270975184895675,0.012044653728941555,0.0,nm
34.32555500000001,2.338423030576042,-7.543168939699751,52.71839158207901,0.1746743116317227,-0.30822041992481725,0.19758609562063273,0.03286682202122483,-0.04164065643666529,0.028817740840672942,0.0,nm
34.344583,1.7274771766871158,-8.034918533465055,53.22057538502669,-0.0073305769308579785,-0.27520138826393903,0.20989449416453118,-0.007152862450628171,-0.08698338882174066,0.019648541577564328,0.0,nm
34.35414500000002,1.2968981377086708,-8.234231050287597,53.40602306569382,-0.09246849711148111,-0.2658136771412349,0.4975412185454716,-0.01887461220164024,-0.09233697841453355,-0.004381980521542889,0.0,nm
34.36366099999998,0.6970227603196927,-8.388972186042885,53.46453057322355,-0.3329741343302452,-0.3163724482691541,1.7397412490085178,-0.0457823489145667,-0.11401497884634475,-0.035958797433458124,0.0,nm
34.37316199999998,-0.033582464932476325,-8.47978991267978,53.41754228248595,-0.10288672716923146,-0.07315005186123795,0.21359695867576056,-0.07147461686219424,-0.12718531181233786,-0.05564660199421063,0.0,nm
34.382667000000026,-0.4791185378299785,-8.576115434666166,53.370363829413115,-0.18685374209070316,0.14179593358696077,-0.19593032611568403,-0.03708415715577312,-0.08237422452316923,-0.03766538546195924,0.0,nm
34.41117000000003,-1.6567712036713111,-8.772276300355456,53.943120713828435,-0.2654035318826917,-0.0632219915723111,0.1335647654940469,0.013684980288823397,-0.007136008807712891,0.07254739366149826,0.0,nm
34.42073499999998,-1.4180393480254698,-8.863587923587588,54.16789001109921,-0.29324934035599043,-0.1625739815850572,0.04145505565940916,0.042562400819180016,0.027494668849845055,0.06649705513979737,0.0,nm
34.43030600000003,-0.8821675060623959,-8.894310739179703,54.06249896845574,-0.26902088920337125,-0.25427677816825484,-0.014168914646291273,0.06724047866877889,0.08223290962060227,0.02208633114756525,0.0,nm
34.43977100000001,-0.08728066443752724,-8.82517741615614,53.58935681719329,-0.20394151892024562,-0.27651199404522026,-0.05334446269463721,0.08184719224261915,0.1350489911166841,-0.04032228093425128,0.0,nm
34.44928900000002,0.7917314133855134,-8.692536502295871,52.838741648220726,-0.06979564231318167,-0.2680965767029116,0.00930170463606496,0.08313496674190606,0.1551465898296039,-0.09165195639880773,0.0,nm
34.458766000000026,1.6388660137196098,-8.520526465169695,52.09642665055419,0.04231367595836158,-0.22893077537572706,0.14051801676159834,0.07500235115111678,0.15396149924690414,-0.10500688373607067,0.0,nm
34.48729700000001,2.862117125062258,-8.08369499430636,51.1585648070659,0.18292283051400063,-0.2694141320031262,0.21417829828760207,0.019702625815549345,0.05183854275272212,0.0029670569935821758,0.0,nm
34.496827999999994,2.8424251300733525,-8.063925668009206,51.36119444117979,0.14620191779773808,-0.29836070106756835,-0.0015494914820281072,0.0,0.0,0.0,0.0,nm
34.51588800000002,2.239992022496203,-7.529918379866197,51.38299126893731,-0.0748296713437944,-0.27592692395408763,-0.12952633519289117,-0.014916249296467708,-0.02627221690362986,-0.07420185563324917,0.0,nm
34.53490499999998,1.4889157039593894,-6.904517496704232,50.45032459570122,-0.07071968214058116,-0.2223545661754308,0.02012818274988805,-0.0466031312558961,-0.028143502625199036,-0.16201633949120464,0.0,nm
34.544377999999995,1.2450427340284858,-6.802266283498388,49.89741832250669,-0.05498421253560044,-0.18297746916252303,0.1505716876871105,-0.046751308568338236,-0.02421480728256321,-0.15580677813109084,0.0,nm
34.55395199999998,0.9506408850946002,-6.627416493709601,49.46059937795437,0.00670521477948291,-0.11687873142925236,0.058507296989042896,-0.040121355964731056,-0.02076768223064838,-0.11417712244131742,0.0,nm
34.572925,0.8298166928560962,-6.317922259218064,49.400181657375775,-0.05739511553685114,-0.06403752524806897,-0.14183023232877523,0.0,0.0,0.0,0.0,nm
34.59201300000001,1.246571606004829,-5.953401799537648,49.7372023723506,-0.1483763270475613,-0.1318968976987311,0.06568686007357091,0.0245691177918912,0.04976662480536318,0.007651447436172213,0.0,nm
34.601519999999994,1.5881404186734305,-5.668752179293687,49.69515898405387,-0.11443115242751525,-0.1778870203976224,0.05721628558684583,0.03728860549099071,0.06498207181113162,-0.03141758281357258,0.0,nm
34.61103000000003,1.9811130536087591,-5.430113291533468,49.46843145425333,-0.05858312510704141,-0.2031292861370839,0.07541164817955745,0.05568806459086097,0.07856023026264272,-0.07400780809197138,0.0,nm
34.63006100000001,2.4842177987082943,-5.177903265824246,48.72870243717457,0.11951253859530096,-0.21424805364979913,-0.05008064892604735,0.05745709726495401,0.06815550165546155,-0.09776364724490215,0.0,nm
34.63956300000001,2.54967792433226,-5.064482706209393,48.533521579446344,0.14008609800209826,-0.23818180751747864,-0.019339970050231706,0.04396839425716691,0.055245843567411294,-0.06669014179947891,0.0,nm
34.64902599999999,2.76417881135565,-5.0653759792552195,48.64662961189477,0.1284759967751261,-0.2702959507089209,0.09059224014405937,0.0,0.0,0.0,0.0,nm
34.66804000000002,2.8574141958941492,-5.06655152623953,49.34077212650247,0.001718847869788524,-0.25578707956073093,0.07595514318519885,0.0,0.0,0.0,0.0,nm
34.67760400000003,2.6828346776812406,-4.820478707634171,49.6841844499925,-0.055515526100535846,-0.22071533353829134,-0.02194637007499785,0.0,0.0,0.0,0.0,nm
34.68710800000002,2.558251994914604,-4.600946817260144,49.85624694160033,-0.07804767792036664,-0.1694228208734774,-0.08286954254518418,0.0,0.0,0.0,0.0,nm
34.69662800000003,2.481895267435347,-4.43900212276219,49.768868605131345,-0.06921431245538684,-0.13163761472145982,-0.012671105090768839,-0.005074473838270381,-0.0065392095881884275,-0.06044681228126096,0.0,nm
34.70613900000001,2.4448339129717365,-4.333534906845605,49.53288073293329,-0.03866074186865866,-0.10781744618707904,-0.009854014751955185,0.0030576294453158715,-0.0006136453895649728,-0.07997516293169889,0.0,nm
34.71564599999999,2.4692398193121994,-4.301483545510564,49.402831605498854,-0.008245473436987337,-0.09787981515964046,0.06230093459778701,0.018693752104197464,0.006083923971941476,-0.07393622116622386,0.0,nm
34.73461800000001,2.6874434056371133,-4.302952234918863,49.62357904159272,-0.002574837364302147,-0.11202220610190372,-0.0098702134194383,0.0,0.0,0.0,0.0,nm
34.74413900000002,2.881258009182142,-4.23256129000065,49.99713203081421,-0.03501998568361279,-0.14221199987493713,-0.06394403755359421,0.047641570832689405,0.03049121315884841,0.02695256985516761,0.0,nm
34.75365499999998,3.11361862993809,-4.115656985364153,50.435220736741115,-0.06187968588903672,-0.18127570951904345,-0.016587050852042103,0.05237456264037533,0.03675440847113281,0.03923145056104515,0.0,nm
34.76321200000001,3.3691843417210876,-3.9686255815805307,50.826198583537334,-0.06863055716182774,-0.21191090401613963,0.046387089416561174,0.05386738028647066,0.04386351941039041,0.028105173330577986,0.0,nm
34.77261199999998,3.7150668810527376,-4.014776853340346,51.05699992891153,-0.046937998878519016,-0.22995495994948903,0.0828376079319593,0.05062000890466517,0.04794940465984359,0.0010374970068337977,0.0,nm
34.78220299999998,3.902654032245763,-3.882415470657905,51.13710201628497,0.003254077043617492,-0.21469622804939772,0.05626710248460551,0.047399022245893443,0.04644377450054123,-0.028583482583350386,0.0,nm
34.79171100000002,4.013533638790414,-3.818094611640625,51.12245261996365,0.06099432626273965,-0.1792539076676496,-0.018008834949768134,0.043513084704733015,0.038656118991557985,-0.04583612009529797,0.0,nm
34.80124699999999,4.03232066403673,-3.8196913492911864,51.147073819555395,0.1062358295295982,-0.15393690704077986,-0.016221956427546504,0.03714758840597347,0.026587673240037992,-0.043171619340146704,0.0,nm
34.81072399999999,3.9867860727557454,-3.866050619686035,51.288321221699945,0.11242522575144269,-0.14283770996256961,-0.015148665237446965,0.0,0.0,0.0,0.0,nm
34.820267,3.9119927932217395,-3.93691195637463,51.63183010467964,0.08183176483092731,-0.14729704770691623,0.0569201145093284,0.0,0.0,0.0,0.0,nm
34.82978200000002,3.8360144592059804,-3.9925140156050474,52.110833274927586,0.021616677795707948,-0.15748540428529706,0.07500307117981231,0.0,0.0,0.0,0.0,nm
34.839260000000024,3.795146585995492,-3.993347957566215,52.61853879336109,-0.04817727544945093,-0.16732416072471942,0.03730959174762234,0.0,0.0,0.0,0.0,nm
34.84880900000002,3.810590450404307,-3.939190529098488,53.04260953962393,-0.11585961063716933,-0.15398902907595835,-0.013269891155231943,0.0,0.0,0.0,0.0,marker_1
34.858317,3.8825043368108174,-3.863384728888602,53.35671369383889,-0.11387404895956402,-0.15019288410134463,-0.038261699921667267,0.0,0.0,0.0,0.0,nm
34.86782599999998,3.992172234574184,-3.7940343125769433,53.43052572557453,-0.09534386247873654,-0.12852361696784248,-0.010612273315143339,0.0,0.0,0.0,0.0,nm
34.88684000000001,4.272626673555881,-3.769185786028356,53.55476692064327,0.007820307902578276,-0.10327079640712916,0.05275972547153286,0.04130339359215636,0.02349149160693707,-0.02897492575970304,0.0,nm
34.89635700000002,4.423117884365103,-3.8271682038377004,53.77875344942805,0.03746180932354622,-0.09368167302351844,0.028783019020865542,0.047316758457720674,0.02547634161124789,-0.01060044237030224,0.0,nm
34.905866,4.572326637533806,-3.8960202717639008,54.13338930450501,0.03913887277697375,-0.10115551733485853,-0.01131411321700399,0.051304376112558836,0.02483851494045512,0.012103117637781118,0.0,nm
34.91534100000001,4.7132846163557645,-3.953749847748598,54.55489972431392,0.02346627972920212,-0.12473574089146448,-0.01364113071195229,0.05373164900236713,0.021506867858630842,0.02798018876760258,0.0,nm
34.953378999999984,5.044281003578068,-3.9975040473364167,55.29537546442854,0.005668782823839486,-0.17372951583562377,0.03816078076593476,0.0,0.0,0.0,0.0,nm
34.96289899999999,5.032589513970515,-4.020501374910723,55.39534857897243,0.026014180759179325,-0.14623245381909206,-0.016642997468782846,0.0,0.0,0.0,0.0,nm
34.98191600000001,4.928682409303895,-4.121210272807215,55.862305644600596,0.03750489364503041,-0.11109111108109368,0.017601012647774812,0.0,0.0,0.0,0.0,nm
34.991423,4.875220364919586,-4.1863112506022295,56.225103191097276,0.020678347315911172,-0.10373036504046793,0.04395974681062273,0.0,0.0,0.0,0.0,nm
35.00092699999999,4.853072631704808,-4.243476550186465,56.30879403446064,-0.010943401675064779,-0.10150287335091321,0.04489339402218301,0.0,0.0,0.0,0.0,nm
35.010497999999984,4.8751653594148,-4.28500306085274,56.692281845539405,-0.05734410285533728,-0.09149800345415258,0.019192277916555468,0.0,0.0,0.0,0.0,nm
35.02000700000002,4.9431404349309584,-4.314643041886025,56.98288854320691,-0.06541980028096528,-0.10067182346338156,-0.009058265586439334,0.0,0.0,0.0,0.0,nm
35.038927,5.150097255122857,-4.3665127733792986,57.18517359157307,-0.027370209623259423,-0.1184224034817215,0.01335805675415026,0.0,0.0,0.0,0.0,nm
35.04848800000002,5.245135461910686,-4.403339888517665,57.04002913841229,0.0061123433173329335,-0.12113350549179844,0.04115120394525493,0.04225339348054467,0.013200050250449409,-0.027622610105734687,0.0,nm
35.057957999999985,5.313968733719448,-4.455258788316238,56.925702554591005,0.03496987285830762,-0.12102777563924859,0.053169595727624364,0.0,0.0,0.0,0.0,nm
35.06747300000001,5.350029962866953,-4.5172630365119995,56.88211869094249,0.049983479894351174,-0.11753009538982379,0.033137239151272105,0.0,0.0,0.0,0.0,nm
35.08653199999998,5.336852173847624,-4.6317533935316675,56.99417594301136,0.03030782732656852,-0.12241124277845089,-0.015610754218480967,0.0,0.0,0.0,0.0,nm
35.09604200000001,5.30088763091822,-4.671513886816436,57.06755900966849,0.011583360882037886,-0.13174815627696407,0.027116011534529947,0.0,0.0,0.0,0.0,nm
35.10551400000003,5.2531231337974935,-4.699262156687479,57.08998324451651,-0.0037528883191353347,-0.1339296737921948,0.04676115060100301,0.0,0.0,0.0,0.0,nm
35.11505900000003,5.196019857666915,-4.723819830099825,57.03923635164099,-0.01028344900376761,-0.1264970781598415,0.0465797251571897,0.0,0.0,0.0,0.0,nm
35.12702899999999,5.133304310320353,-4.760871601321758,56.929688808331655,-0.0049908644616977966,-0.10963850266345819,0.02377914339188316,0.0,0.0,0.0,0.0,nm
35.13407699999999,5.072530545526587,-4.81806088894578,56.800632318833976,0.001819108409591505,-0.0883109672872648,-0.010587740157944196,0.0,0.0,0.0,0.0,nm
35.15311300000002,4.968315576313872,-4.960048998762473,56.65695469036563,0.0051695379389883655,-0.08393252294295335,0.020329665957102318,0.0,0.0,0.0,0.0,nm
35.16256099999998,4.936391140859361,-5.022649692353201,56.67595564355266,-0.004573508072931497,-0.09283110135176617,0.03620874855781681,0.0,0.0,0.0,0.0,nm
35.172077,4.923991119233221,-5.0648383297389,56.73095800473932,-0.018576671265280863,-0.10125179381276123,0.031093226521932277,0.0,0.0,0.0,0.0,nm
35.18158199999999,4.920731306653039,-5.184777859745595,56.77488071059789,-0.0795278575661552,0.038748757689853044,0.12300550225832046,0.0,0.0,0.0,0.0,nm
35.191033000000004,4.479367813423524,-4.955864656428541,56.82394815586187,0.19784949795165357,0.41424104209904805,0.08784989245340385,-0.08658181420773706,-0.04857509944401484,0.0020108228477930703,0.0,nm
35.20057000000003,4.058866150940894,-4.413954274438415,56.96363981481493,-0.1403143965672919,-0.34609022821212543,0.597920553748807,-0.13676838031446184,-0.011029972904875502,0.021089508422857204,0.0,nm
35.21007700000001,3.75872193147973,-5.08034712860008,57.085864164084654,-0.10682296419344657,-0.22656878971369113,1.1775329733365265,0.07936338288068367,-0.12290473070489205,0.019507528322314883,0.0,nm
35.21958999999998,3.420607552469348,-6.2160733215412725,57.182321749644906,-0.12146091833381475,-0.1661864720248264,0.5234628507249979,0.15449477790760263,-0.18005244145194205,0.012663897917774261,0.0,nm
35.22910000000002,2.866708334404934,-6.687288873932639,57.186421481363006,-0.49003602128957474,-0.5427806006889173,2.0499294704341775,0.019576113321245127,-0.14379568020591396,-0.011640038023238717,0.0,nm
35.23861499999998,1.8740531330379986,-7.0687507156201415,56.92703351027163,-0.48084857581797474,-0.757799657264019,0.2150542444618925,-0.043226207995720786,-0.20720321764136088,-0.07574906680816076,0.0,nm
35.24812700000001,1.3164847947500706,-8.017080177361006,56.4720073542049,-0.7585106422037075,-0.7039084945195411,0.8237137514808324,0.09796886586514748,-0.1968225178410834,-0.10576908020331573,0.0,nm
35.257632,0.2664322338766853,-8.462466483722977,56.01062810935003,-0.6303590408913256,-0.5127450992658247,1.5230283352425513,-0.04150532829601319,-0.22262733538929297,-0.12253036508704986,0.0,nm
35.27669800000001,-1.8516852946752607,-7.092528732393526,55.84300471273105,-0.7859266231440822,-0.36536670099773105,0.8300607938131511,-0.2100529445515857,-0.062465895592591685,-0.00923783334183438,0.0,nm
35.28620000000001,-2.913774704858633,-6.440429041563614,56.04433616698597,-0.5904054259494033,0.028365451898725844,0.5944743637539939,-0.2265053378632733,-0.10187410125234904,0.015250577496219287,0.0,nm
35.29574100000002,-3.644036263871293,-5.264494903086212,55.81853835025963,-0.5108036847410715,0.25703589642840763,0.37286484769449374,-0.2765709410258655,0.012373979265613733,0.02008055717279487,0.0,nm
35.31476600000002,-3.4520042262784427,-3.2414685582986995,55.79688348763511,-0.40886439500502797,0.5095161061074849,0.061898520922099305,-0.08672498327957899,0.1332553604716077,-0.01072613702367677,0.0,nm
35.324273000000005,-2.188204604793729,-2.7988461433267253,55.69700769081567,-0.27771428541349996,0.6547967663889411,0.4311817840909897,0.06900062561920027,0.25883279847454754,-0.006663862771600735,0.0,nm
35.333776,-0.21200293048002516,-2.2243092189866025,55.327583386463495,-0.23348745095751228,0.4096262898059444,0.46023371780689,0.13028256287962686,0.3906892734925448,0.014665823323931019,0.0,nm
35.34328099999999,2.3796102335078118,-1.8652919493938611,55.249647060565664,-0.010725707131429205,0.09659482914888852,0.3335192619388113,0.23752235943519248,0.46674924053133066,0.0630731877154487,0.0,nm
35.352750000000015,5.710674201505622,-1.76485150411829,55.781172909375734,0.11449019784071436,-0.1055732083875143,0.7436627602750605,0.3609824673978866,0.5610631560301392,0.1275449621011596,0.0,nm
35.37177200000002,13.134359378263532,-1.1465089095088776,57.5456617130013,0.25196032618391423,-0.5952894160712575,0.721970666837049,0.3592019708540443,0.6872867427011372,0.2093742487560508,0.0,nm
35.38374299999998,16.412165940884513,-0.918986319050908,58.37566910668725,0.4668248133297924,-0.7121687974373955,0.717589334428202,0.3095929864496877,0.5806076608025081,0.1779978283311275,0.0,nm
35.390782,18.983647750159268,-0.6509719072794947,59.02135496736828,0.7907327155019567,-0.6714950820274801,0.14603392399599718,0.22168730254053615,0.4679272875667879,0.1363309229627271,0.0,nm
35.400306,21.272542180287402,-0.17847594773550593,59.58577479633625,0.8164976940803653,-0.6476691139241691,0.4131498851845843,0.1526425648034345,0.4425073224283917,0.11631786412334753,0.0,nm
35.419331,23.044692950380863,0.3876012894635958,60.3412684489006,0.8653253032420954,-0.4422220212502659,-0.028779627272346012,0.027112499728780284,0.10896447832690517,0.06676869272308882,0.0,nm
35.431308,23.147111607431306,0.4836072652334788,60.77573503957347,0.661809939607944,-0.3671878638331359,0.31567196286223925,-0.006674657781641345,0.02732158186687752,0.08684540365168196,0.0,nm
35.438357999999994,22.530842571022188,0.6342967801670754,61.29192399285617,0.40572896273804293,-0.30999869192225527,0.02310313115961339,-0.0861932025920074,-0.0933614047698756,0.10456755378532132,0.0,nm
35.46687800000001,20.171710006290283,1.51180358789665,62.284519557638625,-0.06014715045894542,-0.05276033905354331,-0.17690285129031597,-0.17077403119441947,-0.10921500735313808,0.03855792134960989,0.0,nm
35.47639200000003,19.66793325520541,2.107890952207744,62.27773624199826,-0.11633864814872694,0.013140938475434537,-0.3038784626438285,-0.1525983790003899,-0.03374437468643702,0.0018134509448924712,0.0,nm
35.48591600000003,19.655105665372695,2.600794019507906,62.14365380682963,-0.09582933743604177,0.13934744742106164,-0.0535838764135735,-0.08853222389593585,0.04375518826931259,-0.026754095689509944,0.0,nm
35.49546600000002,19.781097946047705,3.040319864181293,62.04104575766773,-0.03751804627428184,0.19521769462153662,-0.07703772991782674,-0.06599625646992158,0.06347605884671294,-0.021798533987088645,0.0,nm
35.514497000000006,21.080630802897613,3.6234622440856796,62.37855807363871,-0.10914329155540643,0.05547375329002258,-0.02290425991972934,0.04316032429998528,0.16736000106593002,0.041454939582003414,0.0,nm
35.52400799999998,22.074515251935352,3.6688157226600473,62.74569456899688,-0.13228691501857212,-0.05437072670497836,-0.07933080707779296,0.08346763666959581,0.18050128385937997,0.06085696031984347,0.0,nm
35.562073999999996,27.942201094897467,6.0076008416896585,63.84827778547031,-0.09472284727038882,-0.2724484560600849,-0.08169770652098739,0.051509435811206115,0.34485653844790026,-0.008737562704065048,0.0,nm
35.60935999999998,36.8975735345354,8.811525575907783,65.64721451610848,0.25849445958013517,-0.011393300382343865,-0.3669712929421729,0.08936954191382611,0.3646044503215938,0.06613975636617624,0.0,nm
35.62134000000003,38.69642542571197,9.021621115581523,66.18818004095871,0.2563832653348645,-0.038917344961883975,-0.3766174401530377,0.10678982119828527,0.34211023490787934,0.052471189454616304,0.0,nm
35.628382999999985,40.34288061301644,9.20112887470487,66.58287993786878,0.2376784810120256,-0.08523849429991262,-0.42402059344214377,0.09746207722946564,0.3127247718111727,0.02680867227470877,0.0,nm
35.647418000000016,43.06566134321796,9.76415819352065,66.85213907596905,0.20585491391144414,-0.17090673632682368,-0.4429473022314432,0.038067490442449274,0.25124725281801286,-0.03255967022522196,0.0,nm
35.65694500000001,44.10439237328289,10.151234601043209,66.80762990374765,0.1977183410215563,-0.1741032938594226,-0.45891284814224886,0.009346486944109193,0.21887279072760443,-0.04490115411809829,0.0,nm
35.66646300000002,45.001325662692096,10.577856828957275,66.80864102722056,0.16104632454834136,-0.165006246199081,-0.47258203642481483,-0.008957756263641398,0.19607089104453027,-0.03213323393756664,0.0,nm
35.675974,45.81065080801821,10.950977916715388,66.92108314031603,0.12293308170519726,-0.1092641294094293,-0.5168709771087426,-0.0061673243826716965,0.17579009808287518,-0.007772973086483958,0.0,nm
35.69500099999999,47.41084784347254,11.333646642607098,67.51194189253786,0.06413186729053989,-0.019571265056216484,-0.491441550888556,0.03501797549751119,0.15530322947269473,0.03972619373532468,0.0,nm
35.70451000000003,48.19763083911364,11.417294219055531,67.91542268058384,-0.0007771063593216215,-0.011800589837135255,-0.49636336660695446,0.04305513535672573,0.1492888951846212,0.04971175285498353,0.0,nm
35.72351500000002,49.74247172814449,11.628283302420462,68.43656995242489,-0.024806808196412254,-0.023816935576650444,-0.46593770201258683,0.03040190547500511,0.1487469609479613,0.007371646709743358,0.0,nm
35.73554100000001,50.490954844209405,11.860514266497773,68.50224969740776,0.006419474169143558,-0.038302935010897224,-0.47387044011729357,0.01058768975754932,0.15358938779542686,-0.01736854913724094,0.0,nm
35.74258000000003,51.219763336049674,12.16125376616809,68.48792466450614,0.06547885983891467,-0.05491985299631972,-0.4820701799190491,-0.0037086816617847573,0.15490268392666678,-0.033255272943617235,0.0,nm
35.75209699999999,51.901118838300775,12.448531247449507,68.45104888517528,0.13562052805759275,-0.06461784413806419,-0.5070566782461896,-0.004596716922137887,0.14513065796229363,-0.03647729216697835,0.0,nm
35.761600999999985,52.517692795418405,12.646693811357997,68.46269246718518,0.20443223051473866,-0.08229945751059216,-0.5055727693616031,0.00734015067601113,0.12668254906803986,-0.02450309495394479,0.0,nm
35.780621999999994,53.39818726773669,12.65469546270576,68.73074020015416,0.24909620194660564,-0.15438743482121237,-0.45237981843886366,0.03761176835216363,0.06299476477609785,0.017534384214187605,0.0,nm
35.79008399999998,53.59955163838479,12.522125861434423,68.92195326130764,0.23934021149103188,-0.1834233433210322,-0.3830466181196935,0.03896313302322055,0.02710934086337376,0.02950705952974885,0.0,nm
35.79965199999998,53.593236978964924,12.404940311323706,69.08067914922086,0.1842067238413749,-0.22266211134165537,-0.31800653352295694,0.0,0.0,0.0,0.0,nm
35.809122,53.3864439723117,12.368290672771382,69.15250856274044,0.13001616352230635,-0.2457797101800384,-0.24770457883013272,0.0,0.0,0.0,0.0,nm
35.818640000000016,53.00881019560333,12.434072659573816,69.10722946760207,0.0847332461084971,-0.24419763568411998,-0.18234976660995317,-0.038622024670146186,-0.06432102995999542,0.007171550076519116,0.0,nm
35.82815800000003,52.511817157669164,12.588400362064968,68.975117867928,0.013530977561566897,-0.21340407061682326,-0.17117186701362438,-0.0636137859756051,-0.07968143181220316,-0.004901063841868007,0.0,nm
35.85673600000001,51.01304729584144,13.025457944975978,68.68694694444284,-0.04836089668356253,-0.07416022511541161,-0.13976524259724643,-0.04518614755491138,-0.07186060822222037,0.01498539865023662,0.0,nm
35.86622799999998,50.73695721642415,13.003088076651336,70.39879062145644,-0.06423666692510634,-0.036072551691852035,-0.10654165894769035,-0.013890422598629625,-0.05224388465476115,0.027822949475785237,0.0,nm
35.87575700000002,50.59250730502988,12.895461734534493,72.14321621178628,-0.08720023525415707,0.002308628762650575,-0.10719309600990456,0.0,0.0,0.0,0.0,nm
35.88526999999999,50.59216506887518,12.744350977426057,73.8345947327022,-0.10746797313038127,-0.036080462028647155,-0.09796812485776436,0.0,0.0,0.0,0.0,nm
35.89478100000002,50.730468378984746,12.604199703323864,75.39553372453413,-0.09661563165329,-0.07105742399308754,-0.08063411907005213,0.0,0.0,0.0,0.0,nm
35.91380400000003,51.23259849771232,12.502034552029594,78.12260684542319,0.0034079282279965172,-0.15588937150033313,-0.10945273017347588,0.01433834848331072,0.05307945351352166,-0.04969732631059582,0.0,nm
35.92329000000001,51.52629471063167,12.537874037130104,79.37190518485954,0.08652085376776894,-0.18403826216485536,-0.11669905215813739,0.0034367348335890163,0.057766009462447566,-0.05669573039192751,0.0,nm
35.93278099999998,51.77001089812353,12.581287545434192,80.62464117863459,0.12454449011833238,-0.19924688878870705,-0.1626923652300655,-0.0008856261415807658,0.04841993970337897,-0.04776558886486253,0.0,nm
35.95183400000002,52.00975988189626,12.540181724438703,83.33318038831469,0.14963945794740022,-0.18371690437286814,-0.18620500035676302,0.0,0.0,0.0,0.0,nm
35.961348999999984,51.96680203208206,12.446040323757408,84.77813317775305,0.14147543839076462,-0.15814814734536786,-0.17137419691118636,0.0,0.0,0.0,0.0,nm
35.98037199999999,51.63748688078195,12.245507352281534,87.56110271592216,0.062219094896255704,-0.11401544103812139,-0.12794874435838405,0.0,0.0,0.0,0.0,nm
35.989896999999985,51.39110229041341,12.191595817177353,88.80280807008927,0.02984762044520048,-0.1028494444343163,-0.11120045892004952,0.0,0.0,0.0,0.0,nm
35.999393999999995,51.137551165015346,12.178030221903747,89.89017031016166,0.01596883964115459,-0.0948100015717726,-0.09898077912102053,0.002702678368356175,-0.049631366446087635,-0.02216768525666794,0.0,nm
36.00890300000003,50.90877132272352,12.183815268453298,90.87411819142737,0.006023209001765399,-0.09760309700490677,-0.11053218186182173,-0.0003721465615362085,-0.044794922684170624,-0.03634057350294989,0.0,nm
36.018415000000005,50.74031903568651,12.171903083893874,91.85948215364941,0.019005787866934173,-0.10055992645789026,-0.11870027520559906,0.0035375178385165383,-0.03286866113205667,-0.04099263796554357,0.0,nm
36.02793300000002,50.64061275496536,12.107349649868937,92.86566621927912,0.037657938718044195,-0.10650901390893093,-0.12301481300083797,0.0,0.0,0.0,0.0,nm
36.03740700000003,50.593504741268546,11.971040110998574,93.9141658964811,0.0588597858189309,-0.1173788678309183,-0.12234478242827111,0.0,0.0,0.0,0.0,nm
36.04695800000002,50.57290468327912,11.771999144178906,95.01584276439944,0.10509416967009733,-0.12363481768237114,-0.08905526948999408,0.0,0.0,0.0,0.0,nm
36.06622600000003,50.38272503082365,11.53501093883978,97.24128416875212,0.10796832194935845,-0.15232165070290138,-0.07476892970335097,0.0,0.0,0.0,0.0,nm
36.075740999999994,50.178216626344266,11.577331490248913,98.21980516193472,0.12696437838601843,-0.14904767789991655,-0.05345678010468855,0.0,0.0,0.0,0.0,nm
36.085207000000025,49.93196819475026,11.67425143735583,99.10442573677396,0.10994133762952196,-0.14188048606262257,-0.07199156381475985,0.0,0.0,0.0,0.0,nm
36.09475100000003,49.65388200392866,11.806210266123372,99.92540966298101,0.11205921516292494,-0.11600420582980307,-0.08078433757064803,0.0,0.0,0.0,0.0,nm
36.10428400000001,49.36232628908261,11.927362818126836,100.73338982731761,0.11230596538657273,-0.08257585764632239,-0.09153300352337994,0.008757380469184377,-0.03673903572258913,-0.03678226162618205,0.0,nm
36.11368199999998,49.169111917862004,11.889276692644263,101.56077585910938,0.08943041775544956,-0.05934091185608543,-0.1228160522800208,0.015139082127151584,-0.0355298957007972,-0.03488695584025458,0.0,nm
36.12319600000001,48.99409107516912,11.784625901577881,102.4229689973574,0.07890690019772598,-0.0394677571830957,-0.13867915099914754,0.0,0.0,0.0,0.0,nm
36.142221000000006,48.706106357576964,11.371796814579572,104.17497669793106,0.056654532772906566,-0.053667835039676,-0.15618061202065706,0.05222623683767819,-0.014615809502898048,-0.011746096956692077,0.0,nm
36.161248,48.437863864013586,10.879098178642186,103.9632965093442,0.04453667894982547,-0.10011019924405895,-0.18624788052235658,0.05264635503050577,-0.0145086970226506,-0.020060214407858476,0.0,nm
36.17076800000001,48.29232064435119,10.685978440510329,104.72059731671571,0.05227643860679269,-0.10442652840785059,-0.2098562372629115,0.04472706929079751,-0.017786103374175993,-0.032120069210313414,0.0,nm
36.180229999999995,48.134441390913295,10.538077587004427,105.40776826287579,0.07608135348379896,-0.09145845019170917,-0.22485251847213814,0.03687636243505511,-0.022003061580359716,-0.043582284311365155,0.0,nm
36.18978099999998,47.951328969923054,10.408523320171804,106.06560487621672,0.09867242499634664,-0.07776597866864142,-0.24311107817752003,0.03499894490593014,-0.02737700589366151,-0.05067101819097716,0.0,nm
36.208804999999984,47.469041285711484,10.058821633455032,107.3316188284348,0.15947316300178863,-0.0662322088713841,-0.23739507560063786,0.05320296099405836,-0.03763883716584645,-0.047040370383464765,0.0,nm
36.21827999999999,47.162811986419314,9.827899270981664,108.00166136825761,0.18238036235373,-0.0886635369978004,-0.22719622914191942,0.06275197755445272,-0.04302374491296307,-0.03515153513209386,0.0,nm
36.237348999999995,46.42276893599476,9.382377134180848,109.41291881858635,0.2251596321310478,-0.1328481298478991,-0.18502502278491192,0.0651125945710754,-0.059360770993178665,-0.012961140696034212,0.0,nm
36.26585499999999,44.89742194351458,9.20800892284938,111.49955320733734,0.22165729957433128,-0.027324464570259048,-0.18078091290866277,0.037840992589861074,-0.10595555776707377,-0.010122531467739013,0.0,nm
36.27536200000003,44.26084283412629,9.246301962222564,112.10967569752358,0.2173153044790484,0.058167052859249,-0.17140393967940615,0.040445820178162145,-0.1194060475740491,-0.014356540489884616,0.0,nm
36.28487000000001,43.54497245959788,9.24384749958531,112.67689180103342,0.20905452411743888,0.1122724958199651,-0.16340169189092685,0.0552533281502544,-0.13027085084259107,-0.01848438177142118,0.0,nm
36.294370000000015,42.749476910588356,9.15225834865491,112.44472596624823,0.20471389808624046,0.13175137888754315,-0.13754027165756327,0.07728738450460548,-0.13818660795278592,-0.021006073492416157,0.0,nm
36.30387200000001,41.87610600361314,8.957351472178978,112.20015833039027,0.19993074595278557,0.10245694727845,-0.10521754976839472,0.10172919384486616,-0.14495402039592353,-0.021422707995965275,0.0,nm
36.31338800000003,40.94330391333944,8.685463562354698,111.95636674121332,0.18856516549130614,0.03387863923541501,-0.06861821095706201,0.11986118892839911,-0.15059316273501988,-0.020142475352579736,0.0,nm
36.32297299999999,39.822819505706065,8.520479974501686,111.70358297929296,0.16944681619608207,-0.053607830066424916,-0.03179789463962565,0.12539558798092842,-0.15520320494785586,-0.01672816093362383,0.0,nm
36.341995,37.76701052748915,8.460470413102406,111.24372175337808,0.11778321371708557,-0.1755038711074471,-0.005498814966352162,0.10664154352585509,-0.15622097443662147,-0.016164501366177704,0.0,nm
36.35150199999998,36.88127743912315,8.52411326331884,111.00527415489981,0.1002322912642391,-0.17489566026978823,0.0064286010565407945,0.08958258738931917,-0.14650674505917824,-0.02119910524061909,0.0,nm
36.361018,36.09798459072144,8.608129401921293,110.7507237600922,0.09278081489953438,-0.14575569592929413,-0.00029061839422122676,0.07370495649766506,-0.13255546117280928,-0.027329810299608154,0.0,nm
36.370528999999976,35.40478126656561,8.659235573124178,110.4807128519613,0.07218689480473213,-0.10703322392544014,-0.041902033058009,0.06347172651983715,-0.11545487863931765,-0.033038392201095626,0.0,nm
36.38004000000001,34.766663027603215,8.646467461100668,110.21066735681615,0.0773647653594104,-0.05563212206467396,-0.07172511621404462,0.05964440120333065,-0.09912729791818241,-0.03472253355926633,0.0,nm
36.39906100000002,33.59412282819706,8.41959084811052,109.74570802931268,0.13726000341258002,-0.0016405848402051596,-0.0792843407900846,0.06847304383320676,-0.06642671996294158,-0.026360640284119722,0.0,nm
36.41802000000001,32.601781084876414,7.909086389100168,109.39026477065799,0.16089758153687567,-0.05691241848659192,-0.11866968935316023,0.08809090291557208,-0.05632228485216056,-0.020716737410683774,0.0,nm
36.42753299999998,32.14672068707269,7.586084888565832,109.20726979707428,0.16598968773057288,-0.09177890389769008,-0.12049520439956836,0.09091230132010461,-0.06384804056633657,-0.024335992016631725,0.0,nm
36.437051999999994,31.63423816140034,7.299763611850332,108.97922380761831,0.16279091972642262,-0.10146284207453234,-0.12904332963719498,0.087492702865906,-0.07741373699160639,-0.032348836560833,0.0,nm
36.446551,31.095032069901897,7.068312385144342,108.70489879078751,0.1534822707314977,-0.08209313767936986,-0.15060261291269736,0.07848631206735826,-0.08642536474604591,-0.04140327241649327,0.0,nm
36.45603699999998,30.567379604709313,6.8703224483475145,108.40222571804958,0.14512299459893677,-0.03949779323523493,-0.17408861446632884,0.07098274837281943,-0.08682210432146999,-0.04776261910993809,0.0,nm
36.48456500000003,29.198747255767394,5.994791060816169,107.6440355565792,0.2026343058855885,0.012052450716023748,-0.17688758327377146,0.09662644864684458,-0.0577382164431803,-0.031059992222033508,0.0,nm
36.494061999999985,28.760419070273333,5.5435130311704395,107.47902211701006,0.22455408136679,-0.05113288800400768,-0.167044357264174,0.11253484100397805,-0.05599896460228098,-0.024196366744942407,0.0,nm
36.50360899999998,28.271163003949066,5.043223912258768,107.30241618175641,0.23892756187949737,-0.12738754279160036,-0.15555145865239434,0.12479159639694207,-0.06315961209872122,-0.02629925956004137,0.0,nm
36.513116000000025,27.715354609980942,4.552155851097472,107.06746896558103,0.23719458850466493,-0.19133366165238905,-0.13238825465446177,0.1267480774652496,-0.07691351123905565,-0.037708782722584065,0.0,nm
36.52263900000003,27.073450769568776,4.122239525574975,106.7423563841992,0.22380648176416124,-0.22347938405835943,-0.0986703952736097,0.11967434177228915,-0.0976117870766081,-0.05535003200102281,0.0,nm
36.54172599999998,25.35333620952548,4.106439583680443,105.85248518168267,0.14091315867698415,-0.17144269683085225,-0.08217871995943903,0.08613895205319905,-0.13264247048109157,-0.0807729107676004,0.0,nm
36.55123200000003,24.544541252604933,4.1043676634761095,105.41749951235273,0.10083213924829469,-0.10038120492435562,-0.11114046730500836,0.06893803845425582,-0.13055467291430375,-0.07526166000449973,0.0,nm
36.56069400000001,23.93720479374491,3.9556306509159773,105.09566589093248,0.07143661149609172,-0.02796069137414741,-0.14596867823590412,0.06067887769977133,-0.1092198958776463,-0.05587600162746486,0.0,nm
36.57018199999999,23.481585826299654,3.7486510354272875,104.92799355904639,0.07002996346716607,0.03740220053877282,-0.14939159286255865,0.06362919581718296,-0.07720096061894331,-0.027432234192605535,0.0,nm
36.579701,23.183024735570417,3.451994800244499,104.90861457315766,0.09704424711789518,0.06827272054006382,-0.13010953025303423,0.0727797207005804,-0.04237140653709873,-0.0001174694379154075,0.0,nm
36.589203999999995,23.01430664995785,3.0512600088626414,104.95976402915498,0.15139392221833894,0.03680654020190582,-0.06607002132797245,0.08624623786003832,-0.011914021566776798,0.012167276840600176,0.0,nm
36.60125399999998,22.6912835305394,2.5985916223737173,104.94065609229513,0.18501153886227487,-0.004711409077144301,-0.025879050212199134,0.1053311229377659,0.002687924294782646,-0.00042898447933050946,0.0,nm
36.608299999999986,22.31900806573176,2.1475489214826533,104.7555444331288,0.21273583005711688,-0.06247216860978583,0.05237244186203002,0.11949206679140202,-0.004579296879473315,-0.033720628372199385,0.0,nm
36.617696000000024,21.98227467064871,1.6232624269950169,104.36710454581397,0.2240120489375398,-0.11794850941377957,0.12967183149530986,0.11859515254488502,-0.03883724044477727,-0.07552998407634255,0.0,nm
36.62726600000002,21.43802461783108,1.2144402205316487,103.79857039622105,0.20168856494758883,-0.13796882609040018,0.1150704844178015,0.10595287111007483,-0.08576909789605487,-0.11110833096798348,0.0,nm
36.65578599999998,19.442584656090112,0.5852671437896472,102.33128381948246,0.11857491508268404,0.11802545073883669,0.14018926873819532,0.056604433937849155,-0.1164065699373907,-0.055380874418555645,0.0,nm
36.66530999999998,18.964034128055903,0.3723699573044731,102.37827909271618,0.08829389366415612,0.1381834888863608,0.11019450929528203,0.06216016325490759,-0.08450151555326435,0.010215398170570976,0.0,nm
36.684393,18.10294022980719,-0.4112661673944151,103.08344762952498,0.07080482859274422,-0.08896491213834103,0.04741679018690318,0.1101020899996026,-0.04584790403610446,0.078850963114142,0.0,nm
36.69391000000002,17.744981622644445,-0.646530986838304,103.33106474222897,0.06302294372182844,-0.26596163621414526,-0.003084375175702328,0.11925646023664511,-0.04392429861962876,0.049109257807952146,0.0,nm
36.712875999999994,16.973979341227306,-1.1118319658181783,102.78727805841422,0.1657984027042717,-0.3638177696763697,0.04545969549964429,0.09073683335761855,-0.054902226045060065,-0.09272418031089207,0.0,nm
36.75088299999999,15.804949400732452,-1.9202062762299736,100.57062109874363,0.26804001601154476,-0.018508942928414186,0.15697707400406505,0.05467278549423196,-0.05425113944619673,-0.04653100783721101,0.0,nm
36.76038900000003,15.431601731020809,-2.170368359231759,100.68727096956378,0.2404707758800558,-0.018878637063064238,0.16971982005195368,0.06302684749067233,-0.06420607818917282,0.020691280077784195,0.0,nm
36.76985100000002,15.03265766320962,-2.4316945324211483,101.01428800952074,0.19943489618393975,-0.050777581801450776,0.16765897914801287,0.06642902659088028,-0.06855940661223763,0.062266919854611094,0.0,nm
36.77940799999999,14.64183701575255,-2.672154324552284,101.35086113577682,0.14574039771555616,-0.0728067265689425,0.16497671094047708,0.06240690739731388,-0.06737511423971983,0.06390164899789365,0.0,nm
36.78893800000003,14.24079598450929,-2.872894576735726,101.51440336636468,0.09831351413401698,-0.06503539478032053,0.13964699608400735,0.055308750604615764,-0.07066893610645687,0.028861235380603478,0.0,nm
36.80796800000002,13.381516205366962,-3.272113657101095,101.0834766641066,0.07133946250327763,0.008730563896983045,0.09001893797704962,0.05942933895491665,-0.07655406778059239,-0.07103050885827052,0.0,nm
36.84599000000003,11.67801804675309,-4.638861329218562,100.16637236547304,0.12933509165507998,-0.20384820278444118,0.20607954203081527,0.08528481326845132,-0.07059076573343902,0.0007017885170891369,0.0,nm
36.865008999999986,10.902744026416464,-5.128358215603579,100.4201176888683,0.07640599705628527,-0.33345697492433335,0.26379109492654434,0.05237154858444925,-0.06501093553695009,0.014604131622154756,0.0,nm
36.874526,10.588221151762832,-5.259095342935072,100.33805130618907,0.05496684992854283,-0.3117064265066943,0.2579939844425946,0.03706104792028526,-0.056993863915493465,-0.02213080354779302,0.0,nm
36.893507,10.14848153380375,-5.458546669386759,99.50712754837657,0.03820175882886036,-0.12675126080342958,0.2481685965012018,0.025738038975606847,-0.035426613717771144,-0.10528848898573016,0.0,nm
36.90301299999999,9.980709930142721,-5.5916712256305585,98.94895738739324,0.04390758416757593,-0.04912503192193916,0.1985941695614971,0.03169056368689725,-0.028741330817472547,-0.11498030744462465,0.0,nm
36.912574000000006,9.849252054347902,-5.809333777346775,98.48431517718744,0.03728086922812856,-0.01487960635581267,0.19871203071702936,0.047069677257466996,-0.01929295226587714,-0.09563475677424448,0.0,nm
36.922082999999986,9.746590481160162,-6.098503716964227,98.21066447468743,0.06273044223338518,-0.03837263337003829,0.1624107745836637,0.060277998725526416,-0.011827939532919576,-0.0569130373370188,0.0,nm
36.95062999999999,9.65719316096622,-6.950311761355117,98.20840802817564,0.07466278992830008,-0.2133879908355806,0.07957503119668823,0.04920791458352883,0.0090926198471967,0.005828355262221089,0.0,nm
36.96015299999999,9.717630719862795,-7.118772324132846,98.11137147534143,0.09541811573577956,-0.21528038656524429,0.09726628133477964,0.0,0.0,0.0,0.0,nm
36.97916200000003,9.884094122288582,-7.278085940819795,97.44235852973542,0.15933259507083292,-0.10250007302145456,0.12652237858752327,0.011490560108615624,0.017936453688817813,-0.07817659859277677,0.0,nm
37.026703,9.312975983349562,-8.110843086296535,96.63789038696129,0.0650697685619909,-0.34319384816255066,0.10410414839157608,0.03797786942943924,-0.036074807548422044,0.012166192461893113,0.0,nm
37.04571800000002,9.032879368989455,-8.011198939831042,96.59064515581935,0.05550273195107018,-0.47049390545344044,0.11253968363687933,0.0,0.0,0.0,0.0,nm
37.055240000000026,9.0187704404332,-7.7075375875125065,96.33873736834768,0.08053421589171172,-0.38583302783811446,0.18495682353463025,-0.06011626878964942,-0.009631874159684176,-0.05082615122289744,0.0,nm
37.07428299999998,9.189249064946518,-6.814289394522575,95.62150893993538,0.10943224906890252,-0.11224558905205373,0.12696122642318114,-0.09238387744741361,0.01346293723847359,-0.06995218205364456,0.0,nm
37.08379500000001,9.28065153830407,-6.419394641017693,95.34210194134015,0.1377316059968022,-0.0004497703662212891,0.11795262491365079,-0.08046661212307478,0.010544022358711788,-0.053838873110904045,0.0,nm
37.093299,9.314656798266563,-6.055618709631829,95.2067100828465,0.16101508098219589,0.0056204673831691575,0.08497571171772564,-0.07317392313028863,4.296010932929717e-05,-0.02637367398440191,0.0,nm
37.10283800000002,9.28369835473025,-5.7055976624675875,95.19727600613614,0.16340768790696764,-0.0895886572404342,0.07512638633491306,-0.06925866195143994,-0.012499217346502493,-0.0025314505384785298,0.0,nm
37.11235800000003,9.164273714961007,-5.338441549080773,95.23556126766279,0.15310219608909556,-0.15910289415928316,0.05004633374160156,-0.07106986247349033,-0.030395777797771233,0.005356856930628517,0.0,nm
37.121849999999995,8.975892197547752,-4.86901696262623,95.24457508922949,0.18226751756775814,-0.21894980319755547,0.377726107605305,-0.09019708682846056,-0.04601153717513702,-0.0015618130576174822,0.0,nm
37.13135599999998,8.457140136886311,-4.255705906706777,95.16813414919775,0.3056879268389701,-0.2886895223962533,3.404431768673132,-0.11293465964008044,-0.11429301822761923,-0.02358076181391803,0.0,nm
37.140836999999976,7.457809883833416,-3.5883209043236826,95.02533312098318,0.11061156961130894,-0.059054318812285324,0.5054631580240859,-0.11539870419809967,-0.2107755232780722,-0.04228958653501944,0.0,nm
37.16924499999999,5.934042624950208,-4.91458720016872,94.88017129363776,-0.16117928023064337,0.15915571828620298,-0.9819019191693222,0.09704871181704824,-0.08630677127063782,0.023041344515175123,0.0,nm
37.18846300000001,6.557824984068604,-5.279409722664617,95.65816179349379,-0.009951320422695066,-0.40766908770631793,0.0114922935885441,0.04255401590219438,0.0560801497139546,0.07856852145082065,0.0,nm
37.19796100000002,7.465188078111639,-5.444023141062857,95.86407477790836,0.06792891605456707,-0.3508740129546044,0.20928362763418704,0.014638359867255483,0.1833394894940342,0.058209459267983814,0.0,nm
37.20748400000002,8.578296913886941,-5.150407551323358,95.82535248406506,-0.002822338478484776,-0.39926584966015183,-0.08944442814133703,-0.0811072269486198,0.21485187914761208,0.012826872480713895,0.0,nm
37.216995999999995,9.399753510883844,-4.841101094884545,94.7740659229283,0.301973071219715,-0.2461328487979016,-0.23625258949120656,-0.07584624011528242,0.15795296599393746,-0.05436708168813928,0.0,nm
37.226515000000006,10.531125284067464,-4.759952543564243,93.85544650223973,0.4242897073114888,-0.013907270939442112,-0.020656137709775615,-0.03229187488907493,0.2240755379178274,-0.07305538829257605,0.0,nm
37.24552799999998,12.258091222305541,-4.362814782975057,92.82139622394628,0.40224694428414903,0.08937679362292004,-0.0088878958775874,-0.05356978013907008,0.09827643252025395,-0.0023525690745104444,0.0,nm
37.274069,12.853781990188633,-4.927953917613234,93.2117351790678,0.3264721405303217,-0.1337984641041933,-0.05408016782720322,0.03409102973648525,-0.021937982080160172,0.05750527825538158,0.0,nm
37.283529999999985,12.725351302538602,-4.996596796166623,93.35842098989984,0.23954127715375828,-0.3008169041561659,-0.07769443871583886,0.0,0.0,0.0,0.0,nm
37.29304000000002,12.54140835234972,-5.105897739197384,93.20371752463375,0.12001725374556328,-0.3540907915342319,0.04845974180647974,0.023959298092468932,-0.035386598592973745,-0.03421356903837726,0.0,nm
37.31208600000002,11.850231560063541,-4.91752182071522,92.2046968438784,0.10687893404767565,-0.25304263163872887,0.12756464498833706,-0.035096543141127104,-0.06229806648475218,-0.10501801141389241,0.0,nm
37.321639000000005,11.471656028390921,-4.743898991781059,91.69205407753658,0.09807974081989211,-0.17544666656644894,0.10628758189126591,-0.032227657758050456,-0.07667778917432531,-0.09475064152445721,0.0,nm
37.35969799999998,10.700888030758632,-4.410241412606083,91.42904725775637,-0.0017884321000431445,-0.11743390012965053,-0.03408459250409938,0.015805258508909095,-0.0023745321978800994,0.06534299156661076,0.0,nm
37.369147,10.850763560057716,-4.545361995694535,91.38560301008117,-0.002768170251060223,-0.1641983904264066,0.0968235173869737,0.026383091204797596,0.030527557898866037,0.04275034095323961,0.0,nm
37.37875300000002,11.0803673068128,-4.386323523522407,91.16674466844334,0.018401784380694765,-0.21982305083168507,0.05441137123137733,0.012908341765304015,0.04934614552247935,0.0013043298568320833,0.0,nm
37.388229000000024,11.32120123714268,-4.182417895320491,90.72045541220518,0.07344781961130706,-0.23338877551329545,-0.031286774427087466,0.011658185010003848,0.06337821230341892,-0.04256250706620315,0.0,nm
37.40728999999999,11.626235649883496,-3.9282932031949147,89.78087400894442,0.21351862652993958,-0.14694403925762264,-0.0014417921031463997,0.004676351166147005,0.06464408315326031,-0.054827675730103685,0.0,nm
37.42620099999999,11.757874601307263,-3.7636177008591103,89.5199125235969,0.26169356916249886,-0.15285218189644525,0.08543684300211174,0.0,0.0,0.0,0.0,nm
37.43582100000003,11.55231009266868,-3.6999740963870447,89.68852061073015,0.22699388345240257,-0.1316470069683869,0.067237752199983,0.0,0.0,0.0,0.0,nm
37.45481799999999,11.061849756359493,-3.4218511159713993,89.94990913610658,0.10133936106694615,-0.15568886033805948,-0.05781578098287507,0.0,0.0,0.0,0.0,nm
37.483385,10.253302633003399,-3.317043263445158,89.14581127663249,0.0907210935004721,-0.10409801358805919,0.05107096042548014,0.016810061322638355,-0.03621548480348149,-0.06571436628281117,0.0,nm
37.492886999999996,9.993594476923812,-3.364542145688442,88.80499159794078,0.08911862794782588,-0.09961856976116742,0.009389552993252415,0.030419796121566107,-0.032635654980285735,-0.057375432131886166,0.0,nm
37.50240100000002,9.774228787034094,-3.4544534418531727,88.54007717847718,0.07835852513087949,-0.10373671130519761,-0.020114376422901162,0.04032639103466466,-0.026567321947268668,-0.028118614255957818,0.0,nm
37.511923000000024,9.602080031151925,-3.4611472775447396,88.46922193695816,0.06382308603398469,-0.14805567926252966,-0.020331843066318328,0.0,0.0,0.0,0.0,nm
37.52142600000002,9.489747568158188,-3.376349428051517,88.55409402035757,0.0463159628512737,-0.20398230688601668,-0.020576493769111692,0.0,0.0,0.0,0.0,nm
37.549913000000004,9.350947682028155,-3.0242013275672193,88.07076421516228,0.0741504250978615,-0.15923544808699786,0.012984988612709726,0.0,0.0,0.0,0.0,nm
37.55942600000003,9.27332436407234,-2.961988721976533,87.6131165686921,0.10699055302436088,-0.09762749786823884,-0.02295873998619807,0.0,0.0,0.0,0.0,nm
37.56897500000002,9.12660637212339,-3.0251439441983465,87.26677770575415,0.1485167726186084,-0.03347254032827967,-0.02551483452916719,0.01904351041878176,0.003722682526767839,-0.04967643187748851,0.0,nm
37.57844899999998,8.90536448376861,-3.1469513907560347,86.94923077532188,0.1815702020858677,-0.011221882022373465,0.02805866946630302,0.0,0.0,0.0,0.0,nm
37.58800000000002,8.61503537774686,-3.2916838391521974,86.83455253175438,0.18577239222797626,-0.05074201572663578,0.04637581049464171,0.0,0.0,0.0,0.0,nm
37.62604099999999,7.284456127759109,-3.522538105850609,86.26317001905693,0.0348392987607753,-0.2273710636349767,-0.020177019877569376,0.033886553404987585,-0.0533554053493989,0.0006950210061501097,0.0,nm
37.63555500000001,6.995405180878497,-3.4642872961422237,85.93910722499191,0.03141624234836236,-0.19697208425214446,0.03602014142556883,0.026086626262965592,-0.05021170413694898,-0.023365555081381082,0.0,nm
37.64506799999998,6.727308743140278,-3.4127597628435424,85.65924499528055,0.040053551734267404,-0.1419599864109019,0.04361540900231376,0.015799371416778098,-0.04426667599045271,-0.040835821559411935,0.0,nm
37.65458799999999,6.4805396350181415,-3.4078788147616765,85.3297292554178,0.05352861670587321,-0.07883844201382885,0.016098533935588823,0.012321673008279905,-0.037459657044939296,-0.044340060802632635,0.0,nm
37.66404499999999,6.248549921646071,-3.495866664348166,85.06603224323315,0.07215270675333976,-0.0057437265042890005,-0.007910227185206698,0.0,0.0,0.0,0.0,nm
37.683115999999984,5.838991125279218,-3.8128997001111906,84.75687260007358,0.07812283134888903,-0.03366585008388498,-0.010047194570687132,0.0,0.0,0.0,0.0,nm
37.69262900000001,5.653024395747885,-3.952778227576083,84.67662961544582,0.0758862546940515,-0.09255026464731174,0.02959079670771643,0.044287713557148334,-0.023293430889503548,0.02106607650323373,0.0,nm
37.71164500000003,5.279772756728588,-4.134777083588142,84.25662001810956,0.07220606123849954,-0.17689087620372895,0.0280658422111891,0.04658604364395396,-0.023922847542888474,0.0005389547822870735,0.0,nm
37.73067500000002,4.80382630363116,-4.143844589724154,83.29423555050869,0.09624170658064791,-0.16879497583574127,0.010312250094795496,0.030960350113000787,-0.03059199569602421,-0.03432246424754877,0.0,nm
37.74018699999999,4.501564940202066,-4.165509942716314,82.98045221093693,0.11248634408632603,-0.12839617797740668,0.03322610909281399,0.024433690299253248,-0.03651994130200778,-0.03671432953699847,0.0,nm
37.74965300000002,4.164265568068572,-4.203123793577717,82.73535288902552,0.11777789578983891,-0.09145500455238774,0.05140138812105125,0.018256447269602936,-0.04307304066064092,-0.02625513108005428,0.0,nm
37.759208,3.807471787416914,-4.269600242955248,82.57397105986526,0.10760127581957689,-0.06595390851275752,0.046595482782713804,0.017955441829982415,-0.04964736101965373,-0.008733859556447668,0.0,nm
37.778219999999976,3.138698829291146,-4.491730926035059,82.37833921637402,0.05119335174285538,-0.057910686775701985,-0.007189144589010019,0.02777016491223756,-0.0553774982129635,0.013868212447859936,0.0,nm
37.797214,2.606895850915263,-4.702109903490777,81.9550788313193,0.014616313889686683,-0.10881043656591788,-0.010050388428324553,0.03782220970679323,-0.048830074396284846,-0.0063674503990075095,0.0,nm
37.806759,2.3821355883249473,-4.801604743078388,81.57999724248245,0.020244909708389904,-0.12682632835947796,0.0264686689485318,0.04051727071402868,-0.042952304185520575,-0.02320554050814384,0.0,nm
37.816235000000006,2.1670756475589736,-4.88771695918749,81.13848739512416,0.03670277398884335,-0.1319770679210663,0.043174713958014796,0.03846922234975916,-0.037316153159399505,-0.03374700694936232,0.0,nm
37.825737000000004,1.9504963546926468,-4.960967498255529,80.68882330632218,0.056564667329041106,-0.1256999775375248,0.032605794832849574,0.03446703890814327,-0.03294641843173498,-0.033254943469301496,0.0,nm
37.84479700000003,1.4879311818236776,-5.091304677615975,79.88859326220448,0.07810916652527511,-0.09834611872800071,-0.00985981903952224,0.0,0.0,0.0,0.0,nm
37.85427099999998,1.248245790148031,-5.1366822645094095,79.58357401745546,0.07444464122302691,-0.0928413251932963,-0.008967348394196679,0.0,0.0,0.0,0.0,nm
37.86381699999998,1.0155949309514174,-5.181253008819168,79.37066160433942,0.06544083510830866,-0.09491653895883188,0.033090333567209765,0.0,0.0,0.0,0.0,nm
37.882855000000006,0.5931536874994991,-5.321796176971402,78.8760391516752,0.04624539428749014,-0.08602721589580638,0.03362716804967558,0.0,0.0,0.0,0.0,nm
37.89231100000001,0.3775983430050082,-5.4236335979999755,78.54479926175539,0.05120629012774295,-0.08134640075576673,-0.007043146435426764,0.0,0.0,0.0,0.0,nm
37.901859,0.15655949943954392,-5.550803672621008,78.11170999562644,0.05831013971161405,-0.0808961805289814,-0.006728202487517247,0.03398327428553158,-0.03550776555635063,-0.02717020925683512,0.0,nm
37.91137600000002,-0.07703431018662808,-5.682220913276726,77.66180109268429,0.0666996208365326,-0.08828295450284081,0.02134420322096533,0.03497576780902513,-0.03665647307211572,-0.02739831590249126,0.0,nm
37.920883,-0.31907760064014246,-5.795344958593002,77.23506139804928,0.0693751705348966,-0.09928737258318675,0.039481865127620835,0.032624841222063286,-0.03728994180760093,-0.01880545480486153,0.0,nm
37.93991199999999,-0.7910637476238901,-5.9243976418259665,76.55164483185257,0.049545954723352735,-0.11652694103487447,0.02800023495983119,0.0,0.0,0.0,0.0,nm
37.94937399999998,-1.0051149833561626,-5.940173194226419,76.25740663700928,0.037760502051028925,-0.11411262633817576,-0.009474843315691985,0.0,0.0,0.0,0.0,nm
37.968447000000026,-1.3712847873068246,-5.953255974361074,75.57278367148844,0.03205219874505831,-0.09414381981322192,-0.0073632909032628965,0.0,0.0,0.0,0.0,nm
37.977959999999996,-1.5275675528639454,-5.992695965789436,75.06899658285654,0.0387673148682759,-0.07865796060918778,0.02811949423278175,0.0,0.0,0.0,0.0,marker_1
37.98743400000001,-1.6719292890632962,-6.06023346768721,74.57537767709192,0.05204291306454521,-0.06084504067999473,-0.0028099123415161282,0.0,0.0,0.0,0.0,nm
37.99697900000001,-1.8117368045386053,-6.149064665788898,74.07469876408524,0.06126097879915619,-0.057392044662021906,-0.0017597462770092844,0.0,0.0,0.0,0.0,nm
38.00649500000003,-1.9464273265864551,-6.243758296235318,73.57142455899816,0.0629997915074099,-0.06361218454188132,-0.0020452064818756665,0.0,0.0,0.0,0.0,nm
38.015963,-2.0758968085825216,-6.319506446224148,73.14104697642706,0.057353478338519844,-0.08011765496704014,-0.0038001844219398956,0.0,0.0,0.0,0.0,nm
38.04449599999998,-2.379759556603655,-6.330291801267875,72.01369318867873,0.023167479220401452,-0.12395402156469465,0.02221855144497029,0.0,0.0,0.0,0.0,nm
38.05400300000002,-2.4493005828899617,-6.290469801804322,71.6120986120935,0.026166066350413433,-0.11281914903264602,-0.008291491531498092,0.0,0.0,0.0,0.0,nm
38.063507000000016,-2.5108685512513436,-6.255949369612944,71.20198047881945,0.03422865009705377,-0.09723230709136105,-0.006069691335172966,0.0,0.0,0.0,0.0,nm
38.08253100000002,-2.625265591888323,-6.244988138066269,70.30206493863666,0.053506182951205315,-0.06607180522728162,0.02683756285290574,0.0,0.0,0.0,0.0,nm
38.09204699999998,-2.6784325184006086,-6.259281672840881,69.90356616175971,0.05508018987806279,-0.06159049418238524,0.02804617492928386,0.0,0.0,0.0,0.0,nm
38.101557000000014,-2.726673016787277,-6.272054103646658,69.54941458648464,0.05221511587129765,-0.06514623553221162,-0.0012689944868758062,0.0,0.0,0.0,0.0,nm
38.111062000000004,-2.7651200211190177,-6.271363701776447,69.21501659008479,0.03990282767275425,-0.07851811873694446,-0.0033445977787133,0.0,0.0,0.0,0.0,nm
38.13005900000002,-2.690925551867865,-6.34424174138059,68.54043390897515,0.048735568319863316,-0.24592463884914198,-0.48004243175426536,0.0,0.0,0.0,0.0,nm
38.13957700000003,-2.4636415450529894,-7.018205777818486,68.10252074255152,-0.38271347670489897,-0.7046038593483666,0.2914406344314029,0.14211596462000742,-0.008351958887249492,-0.0012077980542888336,0.0,nm
38.14907299999999,-2.592922986809694,-8.072350460943035,67.64110512572626,-0.04270935607652333,-0.36360128087991644,1.648435011333084,0.18563935943101287,-0.10380870883873787,-0.034487030141015215,0.0,nm
38.15857699999998,-2.3523385822128446,-8.22464469522759,67.24056542586374,-0.005279169899574462,-0.31070095960623617,0.8543775374300674,0.04654725167629494,0.032233995337572256,-0.017300684047696368,0.0,nm
38.16808900000001,-2.3974651609535975,-7.960459217139203,66.99652523170468,-0.4254725116636395,-0.19631443876418023,1.6694049130277346,-0.05218925806121781,0.012500101225702637,0.02412193929014336,0.0,nm
38.17756300000002,-3.729311580786614,-7.744189187425672,67.10348326569442,-0.06624850968256292,0.038781746860736314,0.6376114054385954,-0.14364777474116935,-0.22598941876609027,0.05831727755049693,0.0,nm
38.18710800000002,-5.01614556835195,-7.616058889483057,67.52543587086838,-0.3954238731052767,-0.03167032414385863,0.6600933351886135,-0.12289593186088953,-0.22538107530056256,0.12253063538948045,0.0,nm
38.199070000000006,-6.4242262236164525,-7.6736931599008145,67.83519389071571,-0.686151719401354,-0.016234651809309275,0.3709859953879246,-0.09640692449990688,-0.26261696521465705,0.10643851616713981,0.0,nm
38.206142,-7.957473449356532,-7.791999535821253,67.65987328191802,-0.7250569444022413,-0.15185590344831654,0.2889362699103834,-0.09446158956244734,-0.2902384077844094,0.015086485199992143,0.0,nm
38.21564599999999,-9.013966008394442,-7.835615584794147,66.82334427292056,-0.9278961508175476,-0.14031371794350156,0.31225748051117813,-0.07402314029724145,-0.19633685651390353,-0.08238306430282975,0.0,nm
38.22516000000002,-9.772242948909698,-7.943227727066241,65.49790858869478,-0.9350850039455283,0.007581922034935201,0.15455804455056307,-0.04193726941073458,-0.14608159444483654,-0.15480573529617855,0.0,nm
38.23465600000003,-10.22890637440096,-8.088990821227945,64.14763094332706,-0.7577681451420222,0.19037146102784705,0.13472467410596287,-0.01263839899179719,-0.09432363699746926,-0.1574314617074288,0.0,nm
38.244181000000026,-10.086442000456017,-8.075855959734215,63.14907578123723,-0.6095251995726277,0.37288175401253165,0.003851572794097669,0.01031907219845727,0.026426386862292994,-0.07193000324223542,0.0,nm
38.253693,-9.36472331206983,-7.931913918807505,62.734521976137124,-0.6184266724626841,0.3946021631006297,0.030838138243538954,0.04025278496810102,0.14036523540590995,0.06892010333317604,0.0,nm
38.26320199999998,-8.113194614916448,-7.8269873119832925,62.939661063274016,-0.5661523264055611,0.3311604099470802,0.03766647601189089,0.09608953642690762,0.22993449542025676,0.21657255509226928,0.0,nm
38.272703999999976,-6.218538275785294,-7.759327468895345,63.50271051937227,-0.6887898600007107,0.1380218507355315,0.2417702795038657,0.15958490124455452,0.3407291833907902,0.31642925889499385,0.0,nm
38.282172,-3.9392179636854525,-7.724156709066545,63.98805808257443,-0.7190925540978271,-0.17857698815124787,0.3512349935671624,0.19666518272656952,0.4074747241512649,0.319045708283147,0.0,nm
38.29173800000001,-1.2936679944463656,-7.767644025778267,64.03295746698008,-0.632414698141364,-0.422574758818652,0.4207403979880366,0.24113324785373058,0.4665039406063127,0.23827386820292962,0.0,nm
38.310698,4.439132372041088,-7.458043980679167,63.706624624474955,-0.17540037205884643,-0.5554304023147888,0.6563148183759674,0.19173192648000667,0.5274163297681667,-0.020667502100227764,0.0,nm
38.320222,7.217660951664042,-6.858859425213142,62.95955823800985,0.08558220055368342,-0.47155857399915924,0.6253913468772174,0.1405976574344819,0.5472900785971313,-0.0802299078218268,0.0,nm
38.32972000000001,9.724595447765791,-6.143989824115948,62.35058203055232,0.24813722078274938,-0.3367421850959604,0.8354212818362016,0.10200475738297617,0.5088977828104442,-0.06508797410825866,0.0,nm
38.339230999999984,11.538028278440965,-5.461214483319487,62.19169515124942,0.5110186279031282,-0.22878027286715,0.6275500068216977,0.04709582612658217,0.3834804899017724,0.004892942560864844,0.0,nm
38.351203,13.066901154932182,-4.887071217379733,62.63886564976713,0.5355892069818929,-0.18910278691740576,0.559534815997943,0.03929648096244981,0.3235601474052938,0.11714314872438762,0.0,nm
38.35824600000001,14.351643631653948,-4.499839740758411,63.538339639650275,0.38186819007893086,-0.20028253270958535,0.6614294742620743,0.046906895784075066,0.2638047440951204,0.20116024995870113,0.0,nm
38.36776600000002,15.31222465273785,-4.259191394357372,64.53969757479078,0.25886919175552847,-0.2390658697513819,0.4660812371549037,0.04062688652221631,0.19359173880117242,0.21520286879686273,0.0,nm
38.37727899999999,16.302554776205273,-4.012941803365811,65.29808664983582,0.08451238233220365,-0.2975166814440529,0.5150816158260542,0.039180007249843656,0.20010094723532185,0.16616242256221792,0.0,nm
38.386788000000024,17.238126994640176,-3.6510168725641363,65.55234065971527,0.026476536390193914,-0.3393811763410138,0.5124203574445101,0.011827547204428534,0.20018139655201908,0.06342548035129707,0.0,nm
38.39629400000001,18.170733270290732,-3.1568239623602943,65.2725029036758,0.1049945797845289,-0.30232679075092833,0.337724666831363,-0.012417246530351575,0.21073481721067838,-0.04495905180501571,0.0,nm
38.40580699999998,19.34760993322107,-2.536315398643429,64.69427821207773,0.19891476248339748,-0.22145310044841893,0.3977738618519469,-0.013050994834073293,0.26588675798928935,-0.10409500951971537,0.0,nm
38.415322,20.575642804935296,-1.834996676874269,64.15241492954605,0.30726167378295643,-0.16193807281753508,0.36762211751526364,-0.02057827037896868,0.2823320456834225,-0.0991407778405598,0.0,nm
38.42483400000003,21.846697204687903,-1.1899641681832436,63.93179492680786,0.40222629194476767,-0.14046841508085958,0.23055028700995664,-0.004759188163625155,0.28535948111224957,-0.037476150918576305,0.0,nm
38.43678,23.32756594003772,-0.6944164277073422,64.16765451196076,0.4016706632932764,-0.15873736647698503,0.2730902759868979,0.040523082996729756,0.31009168594797865,0.05208890922546946,0.0,nm
38.443848,24.89274280837895,-0.31085949276633873,64.78264070709632,0.3541665446393946,-0.21548552953997088,0.2837104894281533,0.06573713110871553,0.3159873076236656,0.12588001640060284,0.0,nm
38.462695,28.21736744347374,0.550675937659811,66.18505494398492,0.2561167114214628,-0.3019430306400058,0.23757164429372887,0.05143222563468531,0.35101928490109874,0.12599804877486037,0.0,nm
38.472215000000006,29.89857248851504,1.217337973616483,66.49865646151542,0.28672231478833105,-0.2713065278378401,0.1715195426798953,0.012794463409471529,0.3619646123851826,0.057574543521662656,0.0,nm
38.49123300000002,33.26105510493873,3.056559632939387,66.19687771802634,0.49814742076915847,-0.12603658321270703,0.06981066159471762,-0.04487460310429732,0.38535220134314313,-0.06792164536563657,0.0,nm
38.50074999999998,34.90235693301362,4.0075176352021264,65.91868061056405,0.5968396912784956,-0.062141420696259504,-0.06578274627015301,-0.04091129336762852,0.37715358692861006,-0.07599173844411478,0.0,nm
38.51026400000001,36.57338885878657,4.784868940403212,65.83134164853895,0.6411195934957485,-0.05057089092460052,-0.15326397236391243,-0.00569661547771839,0.36817564513341594,-0.04317129665998461,0.0,nm
38.529289000000006,39.9013822451809,5.560337576162102,66.4830900924689,0.5523685648042891,-0.16742232083333408,-0.27551704843630165,0.08474823159461793,0.3234344542675566,0.05930854851431765,0.0,nm
38.54837500000002,41.667654413399504,6.15022625967171,67.44672689734018,0.38690167101778683,-0.31346516959553333,-0.246409857058783,0.07596643862212869,0.28637611534592655,0.07348111814838953,0.0,nm
38.567387,44.16746071582062,7.2872804273082545,67.94774605605325,0.33634011044958273,-0.24146331673877436,-0.2510111644149378,-0.04498052110647343,0.2696037734493515,0.0017369478797735875,0.0,nm
38.57686100000001,45.17276671778146,8.210479330206319,67.9288160335954,0.3025466385959323,-0.11567829938334338,-0.3301107826109591,-0.09643538601531382,0.25434098880779715,-0.030977643742468555,0.0,nm
38.586365,46.087557479693494,9.143372650455962,67.83231861996596,0.28087811045436123,0.019437013112418258,-0.40972827136276513,-0.10489668075575587,0.2381359022999855,-0.04700274976970586,0.0,nm
38.59588400000001,46.996176363918394,9.899795624901811,67.80350332546993,0.24370838670301614,0.11923479341392473,-0.484589862751483,-0.07253389749264763,0.22338146617165197,-0.035904003564067664,0.0,nm
38.605391999999995,47.9922604707813,10.38062671519909,67.97463138439704,0.17491111563237027,0.1378489618698991,-0.5459493443507409,-0.015319359958206522,0.21817845716654388,-0.0008759780756359456,0.0,nm
38.617380000000026,49.19442451315544,10.578793415543254,68.36605782895576,0.08425376864166094,0.08485986460400383,-0.5472545539508925,0.05116374587165381,0.23452500467263812,0.03457970260009931,0.0,nm
38.62443999999999,50.60902353517896,10.593750814809066,68.8813710521973,0.015353849019634446,-0.002650231595949725,-0.4969318545072099,0.09868153757259877,0.2604140123276301,0.05113740997350096,0.0,nm
38.64345900000001,53.766627605176225,10.768319078202175,69.74724080084962,0.0004526583525979427,-0.14863513167506498,-0.5051697523370606,0.07995621874549398,0.309528184670988,0.013055435704441922,0.0,nm
38.65297700000002,55.3457596695468,11.166212135792785,69.91375790561054,0.09230150738273833,-0.14687789027103126,-0.5382411482482858,0.032232789151108644,0.3189042931420554,-0.02684093582833244,0.0,nm
38.662487999999996,56.7922931876917,11.767827949888135,69.91810901652299,0.1654939326235833,-0.10545968746783708,-0.6371651389030396,-0.015676584970286258,0.3080138668413732,-0.05674943777253685,0.0,nm
38.67202100000003,58.07306162871429,12.441503474892341,69.85193967541889,0.2194212922506842,-0.05559464556125559,-0.7244933575742374,-0.04044863528837015,0.2818885366857075,-0.06706806752059498,0.0,nm
38.70055300000001,60.686312041838114,13.350361718251348,69.95951356380854,0.13794674675393642,-0.06167281378571575,-0.7769187227419972,0.0407158270351355,0.12933134105939656,-0.005653274043442875,0.0,nm
38.71005100000002,61.23426303952517,13.194792283292244,70.1842639658587,0.05422874066627073,-0.10957330967246985,-0.7095968406240628,0.06568073672724312,0.08978305093539005,0.019819482540672295,0.0,nm
38.71956799999998,61.674546975730266,13.008423055577342,70.43293817944075,-0.019717570639121103,-0.14936435570402692,-0.637781385101091,0.0640648457979521,0.06827506670929866,0.029819222602520158,0.0,nm
38.729038,62.02241117371324,12.937857302613333,70.61026148909652,-0.0452154374797252,-0.16389026576720997,-0.5780360262102525,0.03594829097149443,0.059286280727908924,0.019873196242981818,0.0,nm
38.75762100000003,62.495748986308236,13.727150088727536,70.32952521531222,0.0690371413556052,-0.053218284301228824,-0.5736511252216958,-0.06542950504203922,0.03429957927662181,-0.04496668389393037,0.0,nm
38.767079000000024,62.41714666219046,14.00806427037089,70.07666893347591,0.09390020515496617,-0.039705775630301386,-0.5731795254363159,-0.058098920955139036,0.004676118016067967,-0.04687468825420841,0.0,nm
38.776433,62.20743146291819,14.088058226480012,69.85142417562821,0.09183671133071723,-0.06098122030034987,-0.5330776966131708,-0.028995450224188767,-0.03278633792111418,-0.034913903660387324,0.0,nm
38.78599000000003,61.87663877293229,13.944276113321209,69.70804397154879,0.059731515463752334,-0.10984443252784035,-0.4509767009856079,0.004820194876172729,-0.07026383919879017,-0.012659528739450546,0.0,nm
38.79549400000002,61.45076314163993,13.651658067629198,69.66579274873742,0.004872594718542085,-0.16531114511772396,-0.35278643887142985,0.026215497253634992,-0.09801967026469974,0.011894441740248065,0.0,nm
38.814482,60.460024741452976,13.12191866754234,69.71420579550309,-0.09754884482763096,-0.19152249528677348,-0.22117354130508166,0.006970416328334275,-0.10636053528612265,0.027827321285735007,0.0,nm
38.83349900000002,59.53266262457072,13.11166312737301,69.52945663562177,-0.0691867645223372,-0.09316694648495419,-0.19579902744148106,-0.04094865128035578,-0.07796135490922353,-0.008575275557811072,0.0,nm
38.843053999999995,59.13571080415728,13.202158661619864,69.29090794532323,-0.01911922956113073,-0.04283723970355977,-0.19962877544662655,-0.044173352640155546,-0.0660885050075779,-0.029679087315254052,0.0,nm
38.852521000000024,58.786462585623894,13.232239815807716,70.75868862281385,0.0182416235513984,-0.05305128393694193,-0.18744579505285477,-0.027957707728140033,-0.06236696198342633,-0.03931476162644635,0.0,nm
38.862078,58.46961247518772,13.127070937810618,72.21677388733598,0.043706720089760835,-0.05788827634719834,-0.17912771720999993,0.0013541701210999112,-0.06525950196838953,-0.037078703706894575,0.0,nm
38.87160699999998,58.174563807967026,12.863468918821933,73.68205690297582,0.03349470418646025,-0.12640522899146675,-0.14123332230505914,0.03463702745150915,-0.07002673696822502,-0.02846150737575426,0.0,nm
38.88112100000001,57.88067533957749,12.491039080877762,75.1640706036295,0.02759144426151951,-0.19402854183755353,-0.08458945840466889,0.05751552976676905,-0.07452936083721635,-0.01726615212032619,0.0,nm
38.89062799999999,57.578574134110674,12.106405359014758,76.67668275261109,0.001174254124789758,-0.24438751135629425,-0.041574833188302816,0.061420463006666745,-0.07521660917256089,-0.007794434156440445,0.0,nm
38.92874499999999,56.219765824032194,12.086319342335363,82.31718817209565,0.059739500304127814,-0.16843494754582317,0.004195629782631003,-0.021421741764843082,-0.051973809378349556,-0.02484718863719242,0.0,nm
38.93825800000002,55.82337121656763,12.324829025225174,83.6045722405417,0.09375095071049805,-0.1321169111668604,0.001119782245025598,-0.026865647945534758,-0.05127007772562115,-0.0240651060477575,0.0,nm
38.947766,55.40487037413393,12.52709399256631,84.90345924250757,0.1047038352410896,-0.11703339262680228,0.00738173808241792,-0.021850266870865432,-0.055090092952317656,-0.017367788221275354,0.0,nm
38.95727900000003,54.97364184729901,12.693786011000977,86.1977306405047,0.09279763772243957,-0.1290869901063868,0.02188562383841422,-0.01092616356753948,-0.061898593771829095,-0.008820298932480543,0.0,nm
38.966789000000006,54.53153928391579,12.827758960377585,87.49883465752647,0.08078057692636723,-0.14276338007712855,0.043819067270087025,-0.0003271733496161381,-0.06805547498012694,-0.0022133607390694868,0.0,nm
38.98581300000001,53.725306563494264,13.121465242521776,90.07351233918973,0.04553699091322799,-0.14595516473498216,0.06821014949776283,-0.0020886494814890302,-0.06657781310106335,0.006074711080517547,0.0,nm
38.99532199999999,53.396258689492576,13.286513916080523,91.33692871759384,0.01452312961862342,-0.11743924666459522,0.07655570765863608,-0.007355213855280481,-0.06193137199411772,0.001726356884665924,0.0,nm
39.00483600000001,53.11046720857839,13.424945094970726,92.5181705968501,0.007670865019851252,-0.07668028122691488,0.07187803188117643,-0.009324722189749494,-0.05527957022204863,-0.006424892768518235,0.0,nm
39.01431100000002,52.86554418718278,13.530604068964335,93.65290157479608,0.013098101045128136,-0.0491598174156125,0.07191319984759378,0.0,0.0,0.0,0.0,nm
39.02386899999999,52.66620775353034,13.612901381438649,94.74355325992617,0.021004352323715458,-0.05135653669966946,0.07491030160918616,0.0,0.0,0.0,0.0,nm
39.033367,52.51240332312166,13.679724494819938,95.81894993661888,0.0321528378315909,-0.07251030193313417,0.0775431450302687,0.0,0.0,0.0,0.0,nm
39.04288200000002,52.39857180466967,13.769332802044124,96.87859758749968,0.058630115283111114,-0.11119251653758996,0.06436850522779329,0.0,0.0,0.0,0.0,nm
39.05234899999999,52.32383266837396,13.919736591293006,97.92665665927531,0.054757055656570616,-0.15005284499480787,0.06538998601936297,0.0,0.0,0.0,0.0,nm
39.090618000000006,52.296603143264775,14.808044686764749,102.13336691154642,0.03152225709115572,-0.07752421492439018,-0.05672907139440152,0.0,0.0,0.0,0.0,nm
39.10006500000003,52.367685169640296,14.849767332780972,103.1779357458232,0.02300120368383198,-0.02325537624711748,-0.10517695772627345,0.0,0.0,0.0,0.0,nm
39.11904800000002,52.574690710234655,14.719319866775441,105.14136529964404,0.03741928257506952,-0.029057522963235397,-0.14397391467933146,0.0,0.0,0.0,0.0,nm
39.12854199999998,52.68532708062315,14.56427951033833,106.04504356705463,0.04517496308243014,-0.03277062409817496,-0.16927468170704957,0.0,0.0,0.0,0.0,nm
39.138094000000024,52.79455843933912,14.389886605507925,106.88611887664955,0.0597585237859146,-0.033741535251803886,-0.19349557600722816,0.027245953478172148,0.030448287632645878,-0.03040505534288721,0.0,nm
39.147549000000026,52.89332413379395,14.235157336984384,107.69128314071641,0.08505947243630846,-0.08588435902685573,-0.21224826924680434,0.02367460054922006,0.027712780772295817,-0.03481548103482942,0.0,nm
39.157104000000004,52.971581205683044,14.12437287054913,108.4829499588506,0.10676282584663645,-0.09446607855720517,-0.24206941521164402,0.0,0.0,0.0,0.0,nm
39.16657200000003,53.01753246084013,14.061112844016503,109.27052177336337,0.11438067351012209,-0.08284034878052064,-0.282265397172713,0.0,0.0,0.0,0.0,nm
39.18559700000003,52.9538338060897,13.99910266480512,110.86751969122807,0.07988778448607993,-0.01564043218879536,-0.3894153525698002,0.0,0.0,0.0,0.0,nm
39.19510600000001,52.82681068975909,13.934114741701645,111.66423451059352,0.06498220711186241,0.024445749000352995,-0.42287158322703916,0.0,0.0,0.0,0.0,nm
39.20461499999999,52.633826885545645,13.8131185710848,112.42715404270811,0.058534713274236476,0.05370353844713292,-0.43452661893947087,0.0,0.0,0.0,0.0,nm
39.21416900000003,52.37068807086827,13.632659510597444,113.1195153648682,0.0550841703629898,0.059828154857103986,-0.43306507225198976,0.053400679704700575,-0.03280081335198111,-0.022038781599349667,0.0,nm
39.22368399999999,52.03167030395677,13.412688109984408,113.73440621654125,0.06591329595790003,0.04941024603072317,-0.4223078947081837,0.06700136691282438,-0.04254754092728552,-0.031165058886668633,0.0,nm
39.23318499999999,51.62093917834244,13.183937824489714,114.27297996024228,0.08103277022946107,0.023611113848514397,-0.41095201371896695,0.07483203124981087,-0.053927067776475546,-0.04209589397531779,0.0,nm
39.25221600000003,50.627853757387165,12.791320010799652,115.13697146338569,0.13098096334787895,-0.03829669714639222,-0.39777273250311224,0.07660326331423431,-0.07603834293678449,-0.05838691406467316,0.0,nm
39.27119800000003,49.50820490263174,12.469491423094569,115.91847639479377,0.17352323597513747,-0.011660029463587915,-0.3904058452624447,0.0781294542617992,-0.08620327735635631,-0.057684940774386524,0.0,nm
39.28074800000002,48.90352790716405,12.28000141460186,116.31731902671076,0.17683697193274137,0.030478072700640495,-0.38955106358355623,0.08678331686368192,-0.08888379915764107,-0.05292174346091084,0.0,nm
39.30928499999999,46.75715228391039,11.350074376377457,117.5098844302938,0.19254221917708214,0.11073203011035163,-0.34169653319051346,0.13709680641794036,-0.1009179662737618,-0.039730495878818314,0.0,nm
39.31879500000002,45.91269637011664,10.932519612163626,117.88033080574213,0.20095143802899013,0.11007602322747083,-0.3154192404564818,0.15186654139040562,-0.10707844909586275,-0.03855460256570506,0.0,nm
39.32829400000003,45.00259322687549,10.486817186695452,117.50778835585875,0.20746701161297168,0.09309251475338176,-0.2904206006866465,0.16229164815427405,-0.11707304731077348,-0.04068190321751731,0.0,nm
39.366285000000005,40.65467274370244,8.701241925342755,115.6483129075497,0.21659967381930476,-0.02725368705425756,-0.1412748802295889,0.17955950820777558,-0.17359934983722383,-0.06845690909321184,0.0,nm
39.38532900000001,38.22252835908771,7.8773635593704485,114.54034061629467,0.14314381999633297,-0.06012770885443132,-0.1198421683466356,0.17499879662501297,-0.18374046243743997,-0.07688129725618074,0.0,nm
39.39483100000001,37.06878496578707,7.459246760275622,114.01016113764932,0.09262845833149308,-0.04738962844739979,-0.13782377702545362,0.17050702304439314,-0.17431164857729867,-0.07528097584947085,0.0,nm
39.41384399999998,35.08007025450169,6.447488614261424,113.06077730824688,0.024721414755807303,0.02730147641290747,-0.21626110483943833,0.1741461457384288,-0.12747476904225272,-0.0694427555157783,0.0,nm
39.425814,34.28507575784494,5.799487236318727,112.63624418004929,0.05310059669875859,0.08391060540799251,-0.2314170616489123,0.18109189795689842,-0.0954852277484117,-0.06797590310776545,0.0,nm
39.45203700000002,32.41169378542442,3.519071379600371,111.40672645595282,0.2867577298377287,0.18143959563919343,-0.1542039284634445,0.18469335259344516,-0.05342745663763988,-0.07522427114205676,0.0,nm
39.46150799999998,31.770801386661535,2.8246836973142573,110.95683066879216,0.3597470627841776,0.17876898107937522,-0.08105791301134099,0.17600815788160198,-0.06924265397352507,-0.08293301908383031,0.0,nm
39.47115500000001,30.50023433177093,2.171437139342148,110.4325341893805,0.41427854422697535,0.15333830628555664,-0.024672995216122515,0.1755894314045521,-0.10425893781426028,-0.0933390248007951,0.0,nm
39.48058900000001,29.510526151742816,1.5784017047964576,109.88808220997035,0.4350807800466146,0.15755009435582165,0.005303249940377203,0.17979997278647925,-0.14503352500253863,-0.10248151175233453,0.0,nm
39.509116000000006,25.66993283545644,-0.29721468530581885,108.48958799159101,0.38454273255628285,0.003235061141032276,0.09175104259533748,0.2128290874900886,-0.21600723364942734,-0.07244749427117178,0.0,nm
39.51863100000003,24.289258672668723,-0.9808109733928694,108.28241019751916,0.32656150446298915,-0.03532895630298111,0.11498830915281823,0.21714667368838378,-0.21921223459066422,-0.044533437009918464,0.0,nm
39.53764000000001,21.595766717891635,-2.248741101304634,108.24346106322567,0.21138482684903478,-0.07305470209366874,0.14467247633795227,0.19751651711445795,-0.21663143521393777,-0.004035641916949353,0.0,nm
39.54961500000002,20.316209931335155,-2.7458829316147453,108.28240350887025,0.18740440195975067,-0.05667850139867329,0.10980974486953828,0.17478938382138592,-0.21193704544466874,-0.0033562789548719175,0.0,nm
39.556670999999994,19.14911446950611,-3.154459172441358,108.26295756781654,0.1783614583382618,-0.025258273606240878,0.11650171874558583,0.1509005047350165,-0.19601684552274767,-0.015912401157584972,0.0,nm
39.56616500000001,18.059783166916176,-3.5053717391307457,108.14381031392601,0.1961768606900638,0.054850496419568476,0.1463818848127002,0.13481131611722635,-0.1849556472526606,-0.03651378173849258,0.0,nm
39.575665000000015,17.043547781158708,-3.824571395909543,107.93273891290153,0.24912602968749054,0.06688088210490599,0.1955741435025702,0.12369236086273215,-0.173344714367773,-0.05525732373127358,0.0,nm
39.58517899999998,16.071638343954984,-4.148540074189848,107.66555987133103,0.2682628016134209,0.10343086140364219,0.2506509938538553,0.12114818789883097,-0.16506217890279198,-0.06700832959816073,0.0,nm
39.61371200000002,12.866061056941279,-5.479296489786688,107.02104715189972,0.25116682660517303,-0.01331710358754481,0.33323886444270023,0.1629330372936359,-0.18862652554381518,-0.04893659833020162,0.0,nm
39.632744,10.37935967717371,-6.427213607358975,106.98251771410568,0.13028780343972682,-0.20490363557459235,0.32943089908235956,0.1599024735845594,-0.21460693145457108,-0.02593407850916956,0.0,nm
39.642245,9.120289028842484,-6.802948132650028,106.98134789465185,0.0972571843058389,-0.2534456979151573,0.3344548565558514,0.14513736248417758,-0.2176009904345323,-0.02927682447989441,0.0,nm
39.65176100000002,7.933105822591809,-7.091694794981048,106.91938260091416,0.04255763451600549,-0.2574747873303035,0.33407214076285197,0.12413552698629718,-0.20892379548390447,-0.04116054743366698,0.0,nm
39.66353400000003,6.866586229987936,-7.322995510528311,106.77272077797232,-0.004117003193876413,-0.2243813333297199,0.32710574538443743,0.10575729663488168,-0.1894094786765144,-0.05615648755459687,0.0,nm
39.67059999999998,5.940339213184565,-7.550245651357694,106.55920960341655,-0.04279502194461554,-0.1693997780399562,0.32577776508193557,0.09636433420751205,-0.16318060927887515,-0.06674945009930534,0.0,nm
39.68963500000001,4.430138065430356,-8.137828863679545,106.1740108110951,-0.07382778747360007,-0.06687648241224406,0.3053565572644623,0.10038623217691116,-0.11646808925662491,-0.05186319464030002,0.0,nm
39.699141999999995,3.807223836815549,-8.49082403054326,106.13006724749464,-0.07230196299378798,-0.062185165767185635,0.26559736923711763,0.10225503061554458,-0.09891335979786296,-0.02683168031677548,0.0,nm
39.70864399999999,3.2478770482174704,-8.863774075101643,106.21333684065124,-0.058167288761567,-0.0993503504054448,0.2118850962113364,0.10258873897798491,-0.08556321656672272,-0.00022604408021629666,0.0,nm
39.71815600000002,2.7495514717553236,-9.24844440716783,106.38724187232549,-0.037927632534928625,-0.13318062759221772,0.161897381882481,0.1016136822601813,-0.07297843838001337,0.01911050848301935,0.0,nm
39.72767600000003,2.317092593636676,-9.639987945362574,106.58641544442078,-0.01147231045347477,-0.18457394235241523,0.15291736916474044,0.09944675186102532,-0.05967327005187525,0.025666739624087886,0.0,nm
39.737179000000026,1.9403733500867886,-10.019687953850498,106.73967944535667,0.019609527755283955,-0.24023382914533725,0.14714972348015723,0.09417550972259399,-0.04941561949931079,0.017806060406643932,0.0,nm
39.746645,1.6029363087302668,-10.35473539034461,106.7933868194876,0.05993473905982155,-0.2898601836768855,0.1692166012881293,0.08344437248762147,-0.04433361172481721,-0.001196783831016708,0.0,nm
39.75620900000001,1.2977318508369475,-10.610678025085624,106.73059206568466,0.10138970171764183,-0.3153575314416118,0.22157700734801417,0.06642157806645971,-0.04277270502959714,-0.023691540984431266,0.0,nm
39.77518300000003,0.6342432890025754,-10.859584967184427,106.37235055103116,0.08899867042833595,-0.2876064889200229,0.33958028594522743,0.036768020885849115,-0.06288367445798307,-0.05364707287457311,0.0,nm
39.78474,0.19119216335035596,-10.902933332047244,106.19988619360787,0.02720966179720985,-0.23916507619666888,0.34100656853786665,0.03277311913127377,-0.08121575409261407,-0.05127702599032083,0.0,nm
39.794239000000005,-0.3260782561803621,-10.960231986873742,106.11793086535249,-0.04438163002398922,-0.1997671196845077,0.31969143222514196,0.03933422393211784,-0.09451437936105575,-0.03605273033730114,0.0,nm
39.803787,-0.8762517816275627,-11.086225160040465,106.1565688320627,-0.10679729489220119,-0.18341188290691215,0.2634953397241218,0.05430373748244381,-0.09688705112679236,-0.013334669408803332,0.0,nm
39.813288,-1.3691509469711194,-11.298218053723108,106.30736318959349,-0.14684272473435317,-0.21442675940519337,0.22810414889476552,0.06783935194887102,-0.08111517722096569,0.011027360009517342,0.0,nm
39.832359,-1.9384102303942032,-11.905892262487999,106.74038713034214,-0.118295531167878,-0.34397793911374613,0.13777029142174071,0.07386026163958158,-0.019604106605595056,0.03495144714774143,0.0,nm
39.85137500000002,-1.8042007625795111,-12.558221602160842,106.9806418461027,0.050651359944115966,-0.3897324602481408,0.12659019876901378,0.052019890789380775,0.046574689939099856,0.022649144890930877,0.0,nm
39.860884999999996,-1.5583822025134737,-12.850204001051846,107.00920068795939,0.13164794441074007,-0.33648774519096547,0.13685534027187377,0.041890264158817477,0.06302736385810391,0.01655002037474925,0.0,nm
39.87039800000002,-1.3157124673715956,-13.118512274965632,107.05708746046548,0.1784631588471262,-0.24087010560729402,0.1714922167666516,0.03750973294108445,0.061028282754658644,0.020510884565414386,0.0,nm
39.87990300000001,-1.1596464988034418,-13.375213186953598,107.22074770646775,0.144637419203475,-0.10481520526810009,0.18089228127591214,0.04016573660322943,0.04423088609648418,0.03992980711129972,0.0,nm
39.889432,-1.232307539051089,-13.659936623640842,107.58284668582668,0.06688754135612895,-0.02889126209834612,0.1964637481886563,0.05864984146166641,0.0035594226665642916,0.06909367913393946,0.0,nm
39.910905000000014,-2.310111605404081,-14.641850360981406,109.0044792782114,-0.03387251594869206,-0.0007458817163429034,-0.03952026945597736,0.14957919673899323,-0.08272879413376724,0.1321666893621447,0.0,nm
39.92744499999998,-3.5871052095250686,-15.769669839777466,110.86092868483631,-0.014084841756863361,-0.33071375252717755,-0.26948220993552285,0.16505381107953218,-0.07737910733947273,0.15336533900499746,0.0,nm
39.93698999999998,-4.021285522716305,-16.232170825381843,111.72904727560515,0.01578240785221027,-0.44313452987561897,-0.28563665766914054,0.11667033085831692,-0.04422522268507942,0.1498226403606852,0.0,nm
39.94650999999999,-4.213569063874188,-16.424142834469702,112.51246731797518,0.04832138284882871,-0.41285992847198544,-0.2435077019045879,0.049536734212551344,-0.019742582160283354,0.14600588050752605,0.0,nm
39.95599800000002,-4.220747713541971,-16.329752130373063,113.27175235267293,0.056201406219937036,-1.204996610257585,2.4822061851600354,-0.016883540801968595,-0.00860826425876458,0.15159189034606807,0.0,nm
39.96551099999999,-4.3285450212366055,-15.841324781516404,114.04509024657919,0.46910358152433357,-1.096139209682243,4.100279438623073,-0.08128749266137708,-0.05824371228559005,0.14881776685769835,0.0,nm
39.97492799999998,-3.167108609572785,-14.868659376425253,114.84914956344129,-0.18053016607119313,0.463805187731956,-1.5914564399312476,-0.2701967013979681,0.12360807793115318,0.22253813149635954,0.0,nm
39.984347000000014,-1.8649121259477457,-14.170239945701992,115.41274762223857,-0.6562492312470894,0.18193195085289243,-1.0562415012343334,-0.23388124292779808,0.16919728406247123,0.17819642236471608,0.0,nm
40.003551000000016,-1.5950867263911577,-14.625586653199587,112.14641851893396,0.1500231784467443,0.1603516141152191,-0.477302306792302,0.08565785456953269,0.11291590761035393,-0.048565250242247796,0.0,nm
40.032084999999995,0.9690574735345143,-15.444862976656973,106.38864908060991,0.37747400711574064,-0.1000098611100567,-0.4078072875419916,-0.023584473160487784,0.1604536002113613,-0.021417347747381073,0.0,nm
40.04159099999998,1.4451304104389946,-15.561750617851859,105.25340209489423,0.2602114232919659,-0.06019460462639114,-0.5569325646179002,-0.0015406780854392182,0.09481033300827003,0.036592745108302654,0.0,nm
40.06080300000002,1.102040414254207,-15.265729811231182,104.2913306101702,0.38822357365774085,-0.35169438983441,0.29830210588550826,-0.03281092743264345,-0.046248082661560073,0.12441202035011428,0.0,nm
40.070268,0.8278405593624882,-15.205584519544656,103.93526394274294,0.22262165969660389,-0.25033115426824215,0.3959198046048235,0.0007627864844538453,-0.05432456771086262,0.11338926023658802,0.0,nm
40.08915200000001,0.33787410298226694,-14.946838861727802,101.97539517903027,0.003928739073761704,-0.024059753856147757,-0.20815901806355636,0.0,0.0,0.0,0.0,nm
40.09885400000002,0.15451534997369706,-15.107434690218486,100.5743406771437,0.0023667765223322917,-0.014953627839971922,-0.1644687526293811,0.03823521885367264,-0.028836022740087456,-0.09188549748571852,0.0,nm
40.10838899999999,0.13755082946950006,-15.603457756751276,99.02083255025022,0.07654727455007626,0.00012029138022257892,0.04255134538454196,0.09857135784738011,0.012863843060886388,-0.1253741405393436,0.0,nm
40.11786999999998,0.323822386420193,-16.08542932560322,97.47192430212408,0.07861114856627699,-0.12968336145434878,0.23216979143297217,0.09080556485754464,0.04859459637513434,-0.10738617285911892,0.0,nm
40.127414999999985,0.5176252081236171,-16.474640365656256,96.13861004501062,0.12954731500489272,-0.22906052935105858,-0.07243165896284658,0.07338273741861148,0.04561058851758279,-0.06244782091975232,0.0,nm
40.136960999999985,0.7762216080859126,-16.9342422569808,95.13239438334034,0.11505811165650465,-0.3097374873703542,-0.09829404185645664,0.08721711227097925,0.05769557088425825,0.0015606553030252978,0.0,nm
40.146479,1.0103623048591226,-17.316585680098168,94.43029723412457,0.08304872742729466,-0.3623040538314088,-0.07699751152167511,0.07296545631987342,0.050497558051777115,0.047279004047646275,0.0,nm
40.15598899999998,1.22935165824691,-17.471330673562775,93.74799417484216,0.09017584729437238,-0.41659087056620153,-0.10628212135674792,0.028282102590398876,0.04374140362017734,0.06023676072081798,0.0,nm
40.175010999999984,1.9370460324973657,-17.54958895838553,91.8294684411817,0.07606760875557098,-0.20466046269097296,0.014212594025760642,0.0004736890964870005,0.07295707461719778,-0.0016506636984864045,0.0,nm
40.193985999999995,2.8275126362621212,-17.538397096880555,89.11979863215863,0.14915800268911578,0.0814688276259999,0.018807921787504064,0.007375074026960893,0.08631195907861493,-0.06519496636500789,0.0,nm
40.20349500000003,3.2107396038013802,-17.79732818921105,87.98847793295222,0.20424416809805288,0.13074846181632968,0.08460916169933122,0.05413401903561282,0.07146505669367036,-0.06232981133532203,0.0,nm
40.21299800000003,3.5104320752806126,-18.20618210026233,87.11954512365689,0.21742880003300338,0.0759444931711379,0.11339736934217479,0.08454171658684356,0.053083397855796424,-0.03253516120940028,0.0,nm
40.22247600000003,3.694859231578337,-18.658007516324627,86.47769075595538,0.18466894047329496,-0.10751570000563132,0.09762403644940734,0.09247412690892606,0.029445862919850043,0.004829206103653429,0.0,nm
40.23209200000002,3.6049545284272337,-18.878691304869882,86.02299592011363,0.1323071437357468,-0.2567881632036713,-0.007371911516464228,0.09881672760902042,0.008774866511019185,0.029711508744038093,0.0,nm
40.241600000000005,3.5590266102144077,-18.912738269688234,85.49349724580398,0.060951244678736416,-0.3750473034038301,-0.05033218853335798,0.08960356974532714,0.004483343719387202,0.034640439000497306,0.0,nm
40.25111199999998,3.5644847846010053,-18.6977175749798,84.80760457648519,0.01401532804149459,-0.41892521363736324,-0.08801280795333201,0.05293520973086701,0.008232076215275845,0.016480024746960097,0.0,nm
40.289165000000025,4.199408945903049,-17.61469147711761,80.72130554096945,0.09012497138669276,0.022596158616793326,0.05195439137778496,-0.0232215392886686,0.06003827438394532,-0.028220489806488336,0.0,nm
40.336708999999985,5.117490747536278,-18.15024153755673,78.01711636269087,0.04026038886939454,-0.27991166514611737,0.0036260922680462393,0.06423596849474704,0.046284635265958295,0.0222219779479695,0.0,nm
40.35573800000003,5.472354459607295,-17.68565251961728,76.80646774082255,0.05698593584112549,-0.33802741396433084,-0.04278731782505408,0.021596378865877418,0.055824378512648716,-0.031099009086647426,0.0,nm
40.36524000000003,5.57290169677594,-17.312229840869115,76.19647013051767,0.08124493425912294,-0.29052331751008487,-0.025412566862522957,-0.0038174417344324202,0.054233707915277485,-0.03755148343613995,0.0,nm
40.37471099999999,5.602033375975424,-16.965518147670682,75.65250259243814,0.10599326562116063,-0.20186611546906788,0.029547839022044553,-0.022997674696328275,0.045009819900486844,-0.02517593673082405,0.0,nm
40.38426700000002,5.573442939452188,-16.654856129330124,75.32817847926032,0.11095620855389454,-0.10759701364655735,0.057288680075229685,-0.039115717066064586,0.03363330951785209,0.0005930083570107767,0.0,nm
40.412784999999985,5.574975321981905,-16.16456431798111,75.30890742285654,0.0,0.0,0.0,0.0,0.0,0.0,0.0,nm
40.441328,6.141436585747987,-15.811639021259223,74.53444949276637,0.008902664632697099,-0.18616447041558754,0.021520085239916838,0.021231146333564998,0.05238630765899305,-0.03398697968606968,0.0,nm
40.450845000000015,6.352123626566861,-15.567201244339053,74.29057454584645,0.033769318060297024,-0.2195404450929869,0.009082044970383406,0.011383026883101242,0.05953000025546216,-0.03754800102978712,0.0,nm
40.460397,6.509954557904204,-15.221097559971438,74.13282477199955,0.05626193377672657,-0.23399697883674256,-0.009420954241425769,-0.006880662163984899,0.06052244864416963,-0.023345546245242127,0.0,nm
40.46982600000001,6.602367863504049,-14.813628687564332,74.19226992800951,0.07149469586396447,-0.22411444634567512,-0.0038392565442574153,-0.02454452888290659,0.05509739256558574,0.0014772418354877465,0.0,nm
40.479330000000004,6.642950348622091,-14.371684151851609,74.36800283172438,0.0748186851104445,-0.19294294034937037,0.019648879437687505,-0.04160424553768778,0.04766151165722025,0.026187766922292917,0.0,nm
40.491286,6.654598577001545,-13.904275146734959,74.56687831535142,0.0664323625418166,-0.15529465707491247,0.04263296605699724,-0.05679000970792328,0.0413561394483941,0.04028480128088015,0.0,nm
40.49830000000003,6.66377525016993,-13.459983186127873,74.75143994568604,0.0560773943934016,-0.11000658897017193,0.05232937889103817,-0.062229445007681336,0.037101038723345955,0.03730964569456144,0.0,nm
40.51731000000001,6.7326868639191515,-12.802949489956257,74.80539544438349,0.05098685889553257,-0.019046627353224658,0.022078073787883727,-0.04797695569121759,0.03394355270140477,-0.005240702898742684,0.0,nm
40.536382,6.814575398591851,-12.350974746261512,74.50261266378018,0.05576623458327555,-0.06776980023464148,0.027182426773957307,-0.02458215628641328,0.029977266526929412,-0.03216788212579419,0.0,nm
40.54589400000003,6.827613357770853,-12.116319609758092,74.37822050398987,0.0524646565466982,-0.11861496951972206,0.04367334068769931,0.0,0.0,0.0,0.0,nm
40.55535800000001,6.819449598452175,-11.792986532882715,74.35011175952961,0.037050340987128075,-0.17479991271991768,0.037312000019004726,0.0,0.0,0.0,0.0,nm
40.56491299999999,6.798833717676775,-11.360937019246766,74.42137363484942,0.015276627523561405,-0.2190549096149466,0.01822976973585586,0.0,0.0,0.0,0.0,nm
40.583934,6.793785431084606,-10.258118366118804,74.6716099845571,-0.010959654675857989,-0.20755169049527009,0.005217971388442408,-0.06712792899913803,0.029772368121056676,0.024683709553639382,0.0,nm
40.602959,6.843711520065388,-9.103042374272617,74.71168141175743,0.023947792067560512,-0.10270521583254798,0.036568570454266196,-0.0834477132128853,0.039499668073477684,-0.003629859218624203,0.0,nm
40.61247100000003,6.859629594665519,-8.642836549356419,74.62125297323297,0.06111357365252456,-0.02398257382475829,0.045503916843855054,-0.07907759164700853,0.039353045369498664,-0.017684022768619034,0.0,nm
40.62193000000002,6.851189446706582,-8.270529261241387,74.51167968148822,0.07641535547113026,-0.026962047006426685,0.03836580570453628,-0.07044283505948142,0.03558976675015677,-0.022252987192544465,0.0,nm
40.63149800000002,6.807896561059661,-7.959186514723591,74.43612199631633,0.08799466499143077,-0.02817980673135745,0.025293761460616893,-0.05886167493493156,0.028133353687635303,-0.01641541338146966,0.0,nm
40.640998000000025,6.736899006358798,-7.671292623439408,74.42697476814575,0.08206158588627159,-0.056367471156243375,0.03064246974876832,-0.047203282862472475,0.019550867938420712,-0.0038189955537281063,0.0,nm
40.650514999999984,6.643554399368619,-7.345900637028683,74.48499761410848,0.05947112795839042,-0.1213732645496743,0.048659919845121684,0.0,0.0,0.0,0.0,nm
40.65998400000001,6.540196312198724,-6.935733930046158,74.57837656477182,0.02616742290682453,-0.18239701128735536,0.02615161382143583,0.0,0.0,0.0,0.0,nm
40.688559,6.248764666697636,-5.2558063557944115,74.63852298019845,-0.006246492756477342,-0.19615588012223917,0.026978838581611812,-0.07991211980142948,0.01253019527147478,-0.010302530485955728,0.0,nm
40.69810100000001,6.142023785419761,-4.662842582641557,74.55035550301226,0.017074310060418756,-0.1454342907099086,0.059228291014210066,-0.08981925026516085,0.014551015190520095,-0.019544313252205348,0.0,marker_1
40.72666600000002,5.7968024056603795,-3.300573445440552,75.11576484886929,0.05484381309935633,-0.014233983537008754,-0.005742563267916181,-0.0770747533195955,0.010392623273645723,-0.0021061048406312358,0.0,nm
40.736155,5.696818658498831,-2.963134171932815,75.4417587901421,0.05210570619133801,-0.01324553782541096,-0.005355993588309456,-0.06479479855149792,0.00851749666402589,0.00847541665943557,0.0,nm
40.74564200000003,5.605348197709602,-2.627050239167282,75.80850786673558,0.03540235423399515,-0.07325798563968897,0.01766046777230418,-0.05378141472580965,0.006531645678531183,0.012738283155444086,0.0,nm
40.7552,5.514065376181164,-2.2628753836431006,76.11693172195746,0.024752316579654897,-0.12997670274332832,0.05266889175270969,0.0,0.0,0.0,0.0,nm
40.764703999999995,5.41534301908723,-1.850871403242,76.28125775619563,0.018145442842085528,-0.17782599558947013,0.05732000085010979,0.0,0.0,0.0,0.0,nm
40.774179000000004,5.299452346808295,-1.3892986647016825,76.35935300205622,0.01833361066084943,-0.19804566388653086,0.03439842844455037,-0.05325663153505099,0.003077680981854886,-0.012093006445588039,0.0,nm
40.78366699999998,5.269117363705539,-1.103133421888716,76.43281164257694,0.01664682075038495,-0.452938420154953,-0.7067250345643011,-0.05714849419508158,0.007488589964122506,-0.020926788762004527,0.0,nm
40.79315700000001,5.918695469224427,-1.6068224965483549,76.33624108284663,-0.16388204604133702,-1.5316070872258682,-0.06384156405191876,0.12849086700082768,0.10288829663324237,-0.05621736804851315,0.0,nm
40.802610000000016,6.254512164633077,-3.0470491790525185,75.94148767888842,-0.16598598575480572,0.24702942086805332,1.2319095838792427,0.2961782067457442,-0.0033218807975347324,-0.11802386888023782,0.0,nm
40.812167999999986,5.00216754550993,-2.575444071226366,75.99985671559364,0.4339244665789216,-0.06926400503643634,2.0641430292057716,-0.15183289261509303,-0.22053521000416906,-0.056594423231604844,0.0,nm
40.831188,1.5889074930076992,-4.912452739880691,77.30455230587138,-0.8668190126647571,-0.46891071974201015,0.8766731640333166,0.3539569087386743,-0.5657543287839697,0.10215367400775673,0.0,nm
40.850211,-4.021679475801463,-5.188648651555022,79.1211169111804,-2.098411708174659,-0.7051555957460153,2.2180895522402952,-0.3985542735988762,-0.46269197159675673,0.07326950501469795,0.0,nm
40.859554,-6.920746512014375,-3.139174641334142,78.426691708803,-1.1917257081605819,-1.0438289282989768,-0.9865132218177696,-0.5178221876297293,-0.48551029167723136,-0.06265903253623385,0.0,nm
40.871684000000016,-7.260143452147707,-3.1171167610926402,77.17564938653746,-1.4905783173792977,0.07936617730229582,0.059768233424586335,-0.019096174252569684,-0.06528794303286016,-0.10322146691017245,0.0,nm
40.87875100000002,-6.820703380736891,-2.4653787874156086,76.07476328251809,-1.5792639094217888,1.0457971153108336,1.2682058487343195,-0.10667327981779212,0.11572445589107318,-0.21614283421642574,0.0,nm
40.88810000000001,-6.284939967373757,-0.2954471933151951,74.79633961816337,-0.6245576677946401,0.6281483644785318,-0.6207365131929616,-0.39369080918648824,0.21313584102866015,-0.25335331354299,0.0,nm
40.89779800000002,-4.023942945321909,0.4980760261459514,74.41274404454553,-0.7179364960994568,0.4920240860951286,-0.33633863606438025,-0.03298972748184454,0.4788025427996438,-0.07759372198252944,0.0,nm
40.90727700000002,-1.1672996146192016,-0.21124620867366256,74.34826793589988,-0.37952675044019435,0.8331490832921137,0.7684749183068355,0.29400446021586146,0.510993307298224,0.12686553379078755,0.0,nm
40.91679499999998,2.0871530381617833,0.0015359218090126832,75.02045873351256,-0.16560971527915866,-0.012222275848206567,0.6123030517764878,0.1347728465412671,0.6391929895336929,0.2681648558873895,0.0,nm
40.93575099999998,10.404181465855954,-0.09320752164382407,77.61423472744046,-0.19730350683497094,-1.2063738240522561,1.0273434421493794,0.3033959224888728,0.7967618043777529,0.20130556500462488,0.0,nm
40.954789000000005,18.14593965345134,1.1866028162154774,77.76793269989149,0.3815225464893526,-1.1445739174891596,0.8944461806403063,-0.12022098129957376,0.7799440548030807,-0.033501455366563127,0.0,nm
40.96429599999999,21.115227553583207,2.7505194758660347,77.17648202971331,0.7215148077242187,-0.8797273954796699,0.693271443618912,-0.17677129298759903,0.6481610713039261,-0.13885783543004668,0.0,nm
40.976264000000015,23.359931743304053,3.688861644859751,76.44646139096015,1.1158632327619995,-0.10250519522011657,0.569587978405493,-0.08052688811247301,0.4799176489735941,-0.17142610147591023,0.0,nm
40.983317,24.872809440537385,4.671414967413231,76.43968011878643,1.163947395411433,0.24101821085420044,0.3982267665314532,-0.12046354388901269,0.3399140632335521,-0.023469503687520286,0.0,nm
40.99282499999998,25.76340849783758,5.43964166098484,77.2533293201599,0.8131658937593376,0.04378455658429028,0.08643489083709886,-0.10942504827332196,0.20803534656193448,0.14717766880941083,0.0,nm
41.011851999999976,26.728152183527378,4.455846637434893,79.17381585161431,0.4546461817150263,0.012711676453138556,0.5634854623619994,0.1506000496994292,0.04904859911726097,0.18208042511351702,0.0,nm
41.021334000000024,26.95659242944628,4.404015330209504,80.02120591393644,0.1291469111296339,-0.3383703469677039,0.3904148480979005,0.018417941470964278,0.04299268666101361,0.1661401749585313,0.0,nm
41.03086200000001,27.304997608177537,4.6731635557869735,80.2376602339938,-0.05058344719777916,-0.5789890901256303,0.14126144556013573,-0.041193382412258644,0.07777215865823435,0.037809771674182625,0.0,nm
41.04037599999998,27.983037693956177,4.916351723699414,79.6351005539059,0.11715453379299419,-0.31107887801572043,0.3479296954983572,-0.02429057112077178,0.14175538467682638,-0.1320077047213657,0.0,nm
41.049897999999985,28.81580712468993,5.604244109008511,78.80703483560308,0.26055818142872983,-0.03183257930326456,0.19720507506081997,-0.10425547473883665,0.1889272674706267,-0.18111176917263455,0.0,nm
41.07844299999999,33.123735956960616,7.200351065190829,78.35149862412707,0.5637831812485996,0.2807115587399042,-0.0859622112999762,0.06467365388722592,0.3190630192530644,0.01618420245989652,0.0,nm
41.08795700000002,34.997554623990695,7.035427011464614,79.24122308588728,0.5242968037447517,0.08331970287202667,0.003734232453366207,0.10471764045692562,0.3588817032697561,0.13163835031073548,0.0,nm
41.10941700000001,38.64194380726543,6.205685675318893,80.84987211887089,0.45752079387097655,-0.296188611347803,0.07408570431668575,0.1509034027403195,0.33233787507165075,0.08052086903645943,0.0,nm
41.12581899999998,41.85781655938654,6.753203223598369,80.91224122252967,0.46691069460265866,-0.33210351327607235,-0.020012878099915705,-0.06974774559347338,0.31496805327922056,-0.06108340552795356,0.0,nm
41.13532700000002,43.202250664981605,7.603578221579722,80.39558044090076,0.48965146747607025,-0.18125143305899752,-0.20210612271905987,-0.12464665954629955,0.2912607105261895,-0.13712748290166518,0.0,nm
41.14482800000002,44.44862157264801,8.43575088359075,79.78304797587448,0.596770159825708,0.07979773561428252,-0.28933515055655107,-0.12161191837601837,0.2721751161648416,-0.15749993238853918,0.0,nm
41.15437800000001,45.623201425924776,9.139607878804796,79.53321730878852,0.5594800734456391,0.18213415656070422,-0.462773050878339,-0.09693569584246381,0.2540062309062077,-0.08598760303748576,0.0,nm
41.163887999999986,46.85803505908025,9.432974015255768,79.69469691069759,0.4233658539693133,0.1463853517517711,-0.5798272661825585,-0.013804448178193771,0.25065198616258977,-0.007586289182388052,0.0,nm
41.18290999999999,49.62896591667468,8.705097936724904,80.59534087899301,0.33811057007132067,-0.0044718173324512734,-0.4055660386553766,0.14111946403399708,0.2605007708960787,0.06059789307278312,0.0,nm
41.194861,51.02054458113273,8.362866292562426,81.0781076969238,0.2104597085902122,-0.203037475287014,-0.39301032887735526,0.11152919922061508,0.26116699641122465,0.05531927250712792,0.0,nm
41.20194200000003,52.343862990963274,8.300816414492243,81.18421320462627,0.16175304765366305,-0.29241923316989965,-0.4161793256417476,0.05269987060969569,0.2571643860675012,-0.017154147438120528,0.0,nm
41.21142000000003,53.610376579518544,8.628153325646231,80.87571935375084,0.19179644617175548,-0.22795853311732714,-0.4941605348977926,-0.025625262715164347,0.25802774694574215,-0.09911898227859564,0.0,nm
41.22096499999998,54.83068246173611,9.351301848624715,80.41711586995122,0.2484179510161381,-0.14335466967250188,-0.6072482173235563,-0.10365276251304532,0.26171216671148406,-0.1300441829329263,0.0,nm
41.230466999999976,55.985565906040506,10.192304277974138,79.99356418457758,0.2782892619653837,-0.07302626943674863,-0.7467072729827174,-0.12718706575845604,0.25325774320675387,-0.12410135276981504,0.0,nm
41.249315000000024,58.028107172521196,10.994729778976524,79.719549846817,0.35869124201245256,0.05888673919728885,-0.8421907448508248,-0.006336106911561634,0.19628051922501288,-0.033781925572250876,0.0,nm
41.25904000000003,58.916871610013196,10.860251352885076,80.07697604638233,0.26674450818345785,-0.007352529993899333,-0.7959419379599615,0.05714391954998442,0.1673200575792092,0.0378350048939154,0.0,nm
41.26854000000003,59.69933140462483,10.534257050441255,80.55019230152777,0.1518894552339441,-0.08495716903212465,-0.7176914236600599,0.09023883664148209,0.14078666505871792,0.06568153992703211,0.0,nm
41.278047000000015,60.38536676916946,10.28427762445261,80.92617188094353,0.09472334630859336,-0.1280314911855476,-0.6144524335047115,0.07113820394840292,0.1252997053298643,0.050471340122729046,0.0,nm
41.28756299999998,60.974137350335575,10.386104415054431,81.1410726516172,0.027635046630363425,-0.11023198793425891,-0.5710335544576951,-0.002082731399372306,0.11775156398915221,0.02187038234879358,0.0,nm
41.30658,61.88551805788662,11.732623958763067,80.93806854980451,0.02233063906280881,0.019393430863369,-0.5924456979233093,-0.14917173066299425,0.10522999284329607,-0.05830361843659968,0.0,nm
41.31609300000002,62.19635563523313,12.587872799947936,80.5978842526135,0.04627245791529199,0.07106403053376331,-0.6492041777631168,-0.15929785313129843,0.08754622261910613,-0.08126978456264823,0.0,nm
41.325594000000024,62.46181399350328,13.222748411611065,80.27341417952337,0.08242437777173282,0.057030736606627046,-0.6602810845505857,-0.11676462558194411,0.07222714160801011,-0.07687388516749342,0.0,nm
41.33512400000001,62.69080513296474,13.479257224313807,80.08967348906829,0.1189525754937863,0.004603910004765626,-0.6207405891820126,-0.04300439458420211,0.05272634785516115,-0.04739277682408439,0.0,nm
41.34463199999999,62.888317460151065,13.371334853705958,80.12363762938634,0.12635281548916655,-0.0727880800424882,-0.5535607567016274,0.0,0.0,0.0,0.0,nm
41.35409800000002,63.0650442006928,13.053245404885793,80.35236918945871,0.09484008879838192,-0.12795182897897514,-0.47552051125071076,0.06861567435338072,0.023150185793986422,0.03772689067049366,0.0,nm
41.36349100000001,63.180753470911036,12.726830319663403,80.63527290878346,0.06174374114077879,-0.1866024428861675,-0.39217915526017566,0.0681924889080072,0.01147680542770526,0.05149243497779205,0.0,nm
41.382521,62.988677682188964,12.654886935647719,80.85500986390807,0.10470030469735209,-0.08525588464327365,-0.30076646543219576,0.0,0.0,0.0,0.0,nm
41.391975,62.60820983690853,12.938203341237337,80.723377227092,0.15324796640754243,-0.014447281137912481,-0.3064955957208666,-0.06789890278847138,-0.0642551489389646,-0.009496347104020114,0.0,nm
41.401550999999984,62.10511690018615,13.252268754222051,80.48515524323405,0.16997031402054352,0.05606267521249505,-0.3269867877243733,-0.07806471915398124,-0.08653943232282066,-0.024889674098433727,0.0,nm
41.41101100000003,61.54844398470126,13.41783700121196,80.24668281754002,0.24500809739019128,0.08204151097631199,-0.2634969445059195,-0.05083233283954998,-0.10138898767527277,-0.02204651649813277,0.0,nm
41.420555999999976,60.94813747133019,13.320246775330169,80.11060908707968,0.24122366970042858,0.044397595140261314,-0.22127583670272843,-0.0006807878779453994,-0.11857546871656106,0.0005552897240376788,0.0,nm
41.430038000000025,60.38176858599628,12.93789035848731,81.61750744030726,0.20650587434008105,-0.06311464967296442,-0.1407577580313713,0.05964726907093193,-0.12044555576534594,0.02852606569091051,0.0,nm
41.43959799999999,59.87856870352642,12.353257594598297,83.20107023295552,0.17129345230092383,-0.1703699932333641,-0.03674516711259144,0.1044975713518176,-0.11161809900124399,0.04862376200351955,0.0,nm
41.44910500000003,59.42074721006632,11.722656825329759,84.79791907042821,0.11318799884270608,-0.29000436633034304,0.03389840888879692,0.11748971040837722,-0.10092893821272661,0.05416278758269165,0.0,nm
41.45858099999998,59.02548565304459,11.205539210110741,86.31810371874771,0.06145172261528117,-0.3713253762387138,0.07207166928844544,0.098275319430973,-0.08417778238243111,0.04180224915612194,0.0,nm
41.48723100000001,58.27609694583897,11.55678377320514,90.13669804730796,-0.0243195903414459,-0.2536060515712734,-0.02975843699318689,0.0,0.0,0.0,0.0,nm
41.496689,58.18510828481338,11.900323029688375,91.31177692435143,-0.005140387433332022,-0.18416385773487662,-0.07966174640295526,0.0,0.0,0.0,0.0,nm
41.506192,58.18411423435868,11.933886233021143,92.5285457908327,0.012867144309712142,-0.1414253098956844,-0.11988579232452823,0.0,0.0,0.0,0.0,nm
41.51570800000002,58.285912211262946,11.819689938111686,92.55440632524089,0.03004950800174986,-0.12986026185464963,-0.12814953438947765,0.0,0.0,0.0,0.0,nm
41.52520500000003,58.45339746495034,11.58760677813691,92.6748315474002,0.04902558343684391,-0.14645526645240878,-0.12641880879144451,0.04493083294367762,0.03492653066481649,0.017318047949885194,0.0,nm
41.53472900000003,58.655558224192156,11.321816587554977,92.83507394879666,0.05862617024157615,-0.16762544133681845,-0.12719716873217363,0.05125835932224767,0.04218713428400952,0.02405456962385011,0.0,nm
41.544239000000005,58.83255534407325,11.118552994382842,92.96162595484044,0.07406980261784336,-0.17501080164263555,-0.12383450611632384,0.038894928573437855,0.03677824063731298,0.018450035603629112,0.0,nm
41.55375099999998,58.91803916674578,11.04495151908705,94.26934459088432,0.10848937448683968,-0.15444670815119857,-0.13178697984958368,0.0,0.0,0.0,0.0,nm
41.563203999999985,58.88621527809407,11.105616341671855,95.43404555960717,0.11759202474346543,-0.12880519261195336,-0.1497030275166742,0.0,0.0,0.0,0.0,nm
41.572699,58.71131901250011,11.248471653749451,96.47532185883466,0.12239060391321399,-0.09102050157273416,-0.16606791979353683,-0.02448788785536043,-0.0374020672305809,-0.028175181591204582,0.0,nm
41.58225900000002,58.40839963715533,11.394563761693549,97.46115220604813,0.12000526205807294,-0.056174726091846365,-0.1709024391833219,-0.02115212572368154,-0.06281470733177001,-0.03308168776729228,0.0,nm
41.59172799999999,58.01411257421549,11.477077538311345,98.45668352240979,0.12610113562788083,-0.010407225805041635,-0.1420376486147602,-0.004818134257076779,-0.07898296689628852,-0.023732486548991214,0.0,nm
41.601293,57.565532021552976,11.451568607107157,99.49068298745844,0.08965061867589312,-0.04671086728114416,-0.11728059002648723,0.019659599602360644,-0.08596657049858768,-0.007776740028340914,0.0,nm
41.62052299999999,56.64378815709303,11.233076839596588,101.59386227795368,0.044907419089553556,-0.10987026767687508,-0.010765919527970182,0.05780252882636398,-0.07589961877038183,0.007597749324443367,0.0,nm
41.630082000000016,56.22131596906971,11.210171117478328,102.6428907472333,0.03378614050778747,-0.15062078658163636,0.03059329609802281,0.05457933511422452,-0.0720501953755971,0.005096587332524406,0.0,nm
41.64910100000003,55.525732393584846,11.511844407359957,104.49514958434249,0.034318213794130595,-0.19713233710143116,0.0645743032417641,0.01750375972198385,-0.06675076800224532,-0.023052546555731492,0.0,nm
41.65861799999999,55.216292852621145,11.7971234634956,105.2950919327765,0.04957174417658888,-0.18126478345783395,0.039248883445927495,-0.002154499147090005,-0.0630539912181181,-0.03433375671927425,0.0,nm
41.668128000000024,54.93209783237061,12.112038421781847,105.06549746606406,0.07001484572750917,-0.1442500842450231,0.0554185737895826,-0.0159415485598411,-0.054772867277783424,-0.034120364850262076,0.0,nm
41.67763000000002,54.68163983280537,12.380815155037524,105.906237646413,0.09146562711647399,-0.10914269603139667,0.03576144581639611,-0.014927805895350464,-0.04246172062716992,-0.026336333619583496,0.0,nm
41.687096999999994,54.46259195229435,12.532895662798682,106.78514636843099,0.105403486110688,-0.06666572486141273,0.030580530565274114,0.0,0.0,0.0,0.0,nm
41.696657000000016,54.27830991360533,12.56986371372852,107.71731136818464,0.1113023698930318,-0.036358418612647866,0.028821464840830563,0.0,0.0,0.0,0.0,nm
41.70617600000003,54.13962280871449,12.536786985666064,108.67586495725607,0.10793208294492293,-0.031415256110866735,0.028907836143000572,0.0,0.0,0.0,0.0,nm
41.715670999999986,54.02897370646604,12.470897650993523,109.6056408886545,0.10287415037245913,-0.03734952904586945,0.03358485008876169,0.0,0.0,0.0,0.0,nm
41.744163000000015,53.50390916646284,12.466738630031893,111.9269463212888,0.14079176975122,-0.029429031290174823,0.05120576886390508,0.0,0.0,0.0,0.0,nm
41.753675999999984,53.224462318935515,12.548908847425585,112.57240365788198,0.1653401579704813,-0.004730148763847842,0.05259724788476653,0.0,0.0,0.0,0.0,nm
41.763198999999986,52.88875971452199,12.600485230665218,113.22440071905802,0.18993520978672762,0.03477491373814044,0.047928552201657385,0.0,0.0,0.0,0.0,nm
41.772699999999986,52.53020674030555,12.610994043429931,113.96115969861341,0.20462267446590338,0.056187844924856845,0.03895972983948454,0.0,0.0,0.0,0.0,nm
41.791713000000016,51.80061154224063,12.427173487932393,115.7322607593466,0.1875063910654688,0.08766933989638773,-0.011043495236498,0.03489205075635093,-0.010403544228605281,0.03854890486682433,0.0,nm
41.801248999999984,51.43879390758441,12.268353916445454,116.73144926360229,0.15613374437104,0.07176897361463604,-0.028197663057013673,0.04104994434833709,-0.01498495570320076,0.05731726248835984,0.0,nm
41.82019200000002,50.70763267835089,12.046324008146165,118.6908934755721,0.03284324726999562,0.07088183065314425,-0.08842995523780522,0.044198972284676286,-0.0514382668354782,0.05938117961360564,0.0,nm
41.82970799999998,50.300170769827254,12.040083841828807,119.5441254410021,-0.039590228567710196,0.04875636494695053,-0.11692751240259591,0.04035678316811958,-0.06886132309612455,0.04225868726309563,0.0,nm
41.83921800000002,49.833748583214074,12.09708598992816,120.27835250481306,-0.08080932637132673,0.015850342157314005,-0.14796245223509608,0.03618649858180912,-0.08464383705948117,0.02201597272363345,0.0,nm
41.84870999999998,49.37762405024438,12.20707564851506,120.90106018561852,-0.09182453784849007,-0.040651657251307066,-0.21086796846735745,0.027025789429583374,-0.08791424984570506,0.0023846578156623776,0.0,nm
41.858249,49.03069951056695,12.341100223629342,121.44030316908486,-0.0659251473463057,-0.11128735959052011,-0.2768055076433701,0.012609203092407182,-0.07190048244885687,-0.01559698678538405,0.0,nm
41.86775799999998,48.82003587668071,12.473382072653532,121.93336797762903,-0.003082654860257854,-0.13291431168035955,-0.3370802597364304,-0.0006121023869977012,-0.04897470878333822,-0.02543013290424317,0.0,nm
41.87723399999999,48.741786808725976,12.59693058302636,122.4566784854573,0.05778317281381598,-0.15202428396934511,-0.41312448804721985,0.0,0.0,0.0,0.0,nm
41.88673499999999,48.763994425819966,12.697828817421954,123.05323946781574,0.1367911620361153,-0.12931756604298206,-0.4427399607099403,0.0,0.0,0.0,0.0,nm
41.90581100000003,48.8364016267392,12.775710171725672,124.33772513669138,0.24578622591600136,-0.020317937069837165,-0.4709545788060613,0.0,0.0,0.0,0.0,nm
41.91531900000001,48.76302920697026,12.726273065918623,124.93635555028585,0.2547463365846462,0.001504125607955802,-0.5033585995617146,0.0,0.0,0.0,0.0,nm
41.92482799999999,48.54321708296471,12.599210192283214,125.44537256111526,0.2649357688090885,0.0006810438227460228,-0.5074143169300156,0.0,0.0,0.0,0.0,nm
41.93430000000001,48.13361439961503,12.412360811716702,125.84243427786673,0.3015269785484359,0.023099428391018688,-0.45067314138316633,0.0772905830198332,-0.04290106744323679,-0.010959598994370162,0.0,nm
41.94381099999998,47.52232933175648,12.220256156889228,126.15490700030203,0.32292447730383833,-5.350694422511513e-05,-0.40128172946646656,0.10179009535927346,-0.07365262653274968,-0.020629728806448016,0.0,nm
41.95336400000002,46.72867383621311,12.059549482990073,126.38184648161814,0.33728153982163966,-0.03549993263791057,-0.35149244095330484,0.11838899940793599,-0.10566784013079135,-0.029897180010396825,0.0,nm
41.962879999999984,45.79329091596606,11.946467464433473,126.52681541993866,0.322811356842435,-0.054898678217937376,-0.32056069195294895,0.12771711769768768,-0.13332080027998694,-0.0372729518711912,0.0,nm
41.99140399999999,42.47390533983818,11.843577961409164,126.97127715838606,0.15287852313942601,-0.04690479667946945,-0.2705518817858,0.14408039962216548,-0.17859594024277975,-0.016693012693801527,0.0,nm
42.000913000000025,41.30402960077109,11.747005433146033,127.14213263649185,0.09552268025294469,-0.03756153201985484,-0.23762517416314674,0.15433052826068655,-0.1707483643349135,-0.009148543861518007,0.0,nm
42.01043600000003,40.162367281051424,11.589403248941357,126.89485701595866,0.0579467456805227,-0.045424661295382335,-0.19332718856707018,0.1600274316149056,-0.159772781585675,-0.003247806470851471,0.0,nm
42.01988,39.08966990145848,11.389354927123296,126.65597153171005,0.04485693683484268,-0.0752813392347033,-0.16539976169067777,0.15814194215488653,-0.1446362199903204,-0.005017793736505092,0.0,nm
42.02941500000003,38.142268844449276,11.157445475238347,126.36611019911666,0.045346480808879014,-0.11521481244081921,-0.1481763797613741,0.1480558884651768,-0.12191393013868655,-0.02091813991678394,0.0,nm
42.03891900000002,37.32659386905803,10.931371983322954,125.98699185963385,0.0840420610986891,-0.1270561071715496,-0.11051804604502272,0.13120418790724256,-0.10268138994021984,-0.044584571176966174,0.0,nm
42.067451000000005,35.29870474076116,10.576839838123401,124.41739543610728,0.2617293824825702,-0.09267388436634937,-0.035278412156475134,0.08493982324958997,-0.1001885526266023,-0.08857642502590889,0.0,nm
42.07703900000001,34.37110715785994,10.795315604184571,123.8595143080435,0.26413682847049497,-0.05106788911363869,-0.05745741017083845,0.07818654550808209,-0.11498573047590897,-0.07695278022522818,0.0,nm
42.086540000000014,33.39843971092736,11.019630526053986,123.40378774089355,0.23309523085466857,-0.0193117805019874,-0.09544025817123002,0.07211692251154275,-0.12766748290585844,-0.05416207076585449,0.0,nm
42.10547100000002,31.794631843487718,11.088205440982822,122.85266241786195,0.15387838187186198,0.06852687687239967,-0.1322021639736124,0.08501014816793283,-0.13632148936374452,-0.01675338706637352,0.0,nm
42.11746599999998,30.953010848580114,11.051683431037548,122.6337270170599,0.10415833429592852,0.10472559419718977,-0.12743486552756572,0.09563269732108871,-0.13517625570328823,-0.011459325069214233,0.0,nm
42.124686999999994,29.919867440082427,10.89407002326814,122.34345435154364,0.08772190591028398,0.10774519746669468,-0.08570236163347314,0.11123783048273653,-0.13441199011279892,-0.018759689692491983,0.0,nm
42.134232999999995,28.881381231698384,10.682603415381667,121.97175932463355,0.06890120057632866,0.06403562468153465,-0.08838921478299773,0.12907952274187245,-0.13365015691612167,-0.03546153848022474,0.0,nm
42.143760999999984,27.859625157342833,10.483469057655633,121.52543900268752,0.05295626160360106,0.010763022687504642,-0.10005979629259559,0.14078784046690854,-0.1348281454702486,-0.05164882733076493,0.0,nm
42.153260999999986,26.835139523879405,10.335480508751424,121.04131796877802,0.08196849065500758,-0.05843529013085395,-0.06779674379414713,0.14407229014393055,-0.1376293867232404,-0.059620354376235474,0.0,nm
42.162779,25.854677360710635,10.234650448906354,120.58083062307878,0.0938860223516995,-0.10041891125910943,-0.05463728638199282,0.13983014918617245,-0.13372381274743803,-0.05683907908110822,0.0,nm
42.17229000000003,24.95194551383996,10.158369913282424,120.21818321953144,0.10542136876165469,-0.10875370871495865,-0.034931563944380475,0.12812657881793757,-0.12169778800799168,-0.0403096829326369,0.0,nm
42.18178999999998,24.176263771338586,10.134617192551037,120.02685097508387,0.11002152334605939,-0.11663834556926778,-0.09007066521552365,0.10909059793597115,-0.10329044161445484,-0.01067051685743139,0.0,nm
42.19130899999999,23.535564434128958,10.14878576140844,120.03281391986165,0.14004932986345672,-0.106281432929842,-0.06147976827699267,0.08561488005196322,-0.07796109006716749,0.024003357220527797,0.0,nm
42.200830999999994,22.932829679028004,10.155475982505243,120.19450402601562,0.19037972879612491,-0.0507671813088564,0.04680677229106581,0.06901951699796809,-0.06347538569628211,0.053800958988794,0.0,nm
42.21033399999999,22.358688494431572,10.182473171776547,120.43408211652077,0.20135769990239594,-0.015312254280596235,0.06281437422919382,0.055497445143013975,-0.05880945790328299,0.06837585622321439,0.0,nm
42.22929800000003,21.472484550342607,10.13825018552195,120.80306713659294,0.16137628717071167,0.12010521560475025,0.11477315402944514,0.04943747724499365,-0.0829614459891454,0.04272896963665704,0.0,nm
42.23881299999999,20.86577148320296,10.176169952984853,120.80277332449629,0.1802720984789678,0.13151475611841365,0.11503183136404843,0.05472861662442842,-0.10662895873454738,0.021369550286068004,0.0,nm
42.248377000000005,19.927240291199926,10.210346251441953,120.68678687070195,0.17964871904073237,0.12276538643137788,0.07712742005735446,0.06261188036157028,-0.1265096424446235,0.010003848305378727,0.0,nm
42.25788699999998,18.892066168842412,10.27732088026203,120.56923591803633,0.18785374781725614,0.06481322631551349,0.04690287101095379,0.07877589883054799,-0.1429774217718588,0.013397154378375617,0.0,nm
42.26740000000001,17.777200553465423,10.380319104645974,120.51441107838798,0.1977088945086831,-0.00796410814512115,0.04864675027445655,0.09548073119409715,-0.15824735551469446,0.029249614349856574,0.0,nm
42.27691800000002,16.64750842853167,10.595103243872986,120.55205370823558,0.19997250858345506,-0.1004146820321256,0.03888944454487643,0.09705185918568093,-0.17129455149456865,0.049060835609615126,0.0,nm
42.28889300000003,15.581733662393974,10.92212355007796,120.64081613640455,0.18302906510329547,-0.17187264674999753,0.026690161163779383,0.08665006438293135,-0.17489776080342398,0.05804255912084608,0.0,nm
42.30539500000003,13.739477838101662,11.44502355721172,120.64044214413698,0.11649733458409066,-0.09447821921834482,0.08294377045644402,0.07258275454122715,-0.14381443494456733,0.023910389535629534,0.0,nm
42.32442100000003,12.525738400678959,11.286352173472531,120.31485711349485,0.07996988695965519,0.04165153504402709,0.11828684493783102,0.07926945946632254,-0.0786241381396854,-0.01504221833951391,0.0,nm
42.343391,11.64598297984219,10.484842353378054,120.19256664361531,0.1164662986028328,0.021581176725954967,0.15962666584510754,0.12261189871521161,-0.021218557007614866,0.017239948910835374,0.0,nm
42.35286300000001,11.244635588890766,9.925948321029782,120.3714582602951,0.12442738952162281,-0.057852249691006205,0.18798904025990174,0.1365622851529414,-0.011875720481246967,0.05005377156034422,0.0,nm
42.362438,10.826869042182327,9.359839242165041,120.66520966913308,0.11081508139014391,-0.13762054269994628,0.16199978092132664,0.1395695498216289,-0.013490462075847505,0.07282089446497676,0.0,nm
42.37194099999999,10.401114570376444,8.847158373670709,120.9635533310757,0.06802068477245234,-0.16911054211025373,0.16892790113743125,0.13132194755966722,-0.019717919767035408,0.07321400937509062,0.0,nm
42.39094499999999,9.547625054667899,8.004274026982864,121.15402780228229,0.013186989488405014,-0.12381777564633611,0.07425905549628499,0.11303735696122522,-0.02783386431868759,0.012731644606237567,0.0,nm
42.40999199999999,8.779150112224254,7.0273172903360575,120.7905324753038,0.052085706436983605,0.0040610276550940684,0.13590728443296765,0.1279008240625879,-0.01179803478711663,-0.03182976904530479,0.0,nm
42.42901599999999,8.042416512738965,5.8736264073855535,120.70594925087026,0.1254053742597225,-0.021337783472513867,0.13251599070078623,0.1391377441737239,-0.00342874912418952,0.016298302792518884,0.0,nm
42.44802400000003,7.209939342566951,4.769674192093416,121.22516235408634,0.13123123145902568,-0.17015164778997666,0.208298980289973,0.1354286618051581,-0.02217178842695409,0.06898923659344877,0.0,nm
42.45753300000001,6.6703784305121445,4.357410382253561,121.49157896398802,0.13476201738109056,-0.23825305673863786,0.23635392875174208,0.12657030892984292,-0.049023952430025476,0.061930952041707316,0.0,nm
42.486064999999996,4.832346533003322,3.264931270353753,121.12031701350861,-0.00645373897358705,-0.2577249282022568,0.3015052843075325,0.12868656117998586,-0.060928167199303,-0.05908698478166457,0.0,nm
42.49556999999999,4.3628723423455185,2.8615909419466,120.72471638998978,-0.060000968868110786,-0.2133783591458077,0.36160750504407224,0.1175563352085458,-0.039035142881476435,-0.07416193141169596,0.0,nm
42.505086000000006,4.032240554599594,2.4213750007990273,120.40641385713535,-0.08192768257710606,-0.18163104546239364,0.3704665287412988,0.10956124069417723,-0.012121554023566121,-0.06066266142666232,0.0,nm
42.51459900000003,3.8814252373450673,1.9333106380592935,120.27112596231427,-0.0851671893556949,-0.17938590436706897,0.34681810271701213,0.09961564411560202,0.02332642081650144,-0.025932950376792278,0.0,nm
42.533435,4.07625351469494,1.031201627390035,120.578651224241,0.03296763243017708,-0.3041605413081243,0.34520950452168153,0.05432326910801944,0.07128226675765464,0.04557506213057281,0.0,nm
42.54295300000001,4.361063208834517,0.7273560650122673,120.84589274809646,0.09758987258671895,-0.3626176558043654,0.32828360994716166,0.023189728876006798,0.08011914192107171,0.05262107286257664,0.0,nm
42.55265000000003,4.686963034485316,0.5365155010637277,121.02306872993928,0.15827411762638435,-0.3585882673784557,0.31163725017104005,-0.0007673504965125924,0.07563524597421674,0.03474824002972138,0.0,nm
42.56217800000002,5.031690228049555,0.45014231815948075,121.04177428735599,0.19534492184091942,-0.2815952312611841,0.25440022807220525,-0.020769883194890502,0.0680800358686514,0.003149651927431593,0.0,nm
42.600212,5.949957940136385,0.6037107309775471,120.61828088612306,0.05073484881382081,0.09914003657756923,-0.010440222080752097,0.0,0.0,0.0,0.0,nm
42.609718999999984,6.0319268047570835,0.634805741290208,120.75539591608296,0.04101110219924215,0.07906882404256817,-0.0640708548360902,0.0,0.0,0.0,0.0,nm
42.61906099999999,6.1280104445265495,0.6552621065528882,120.95905787867693,0.050880696514822465,0.02981106932601285,-0.05336072933907082,0.0,0.0,0.0,0.0,nm
42.628826000000004,6.217201781665028,0.785375482986148,121.11158292782797,0.10168826739099872,-0.05626446971653441,-0.052031299584331656,0.0,0.0,0.0,0.0,nm
42.638337999999976,6.369160712183658,1.034200381162928,121.1119403333725,0.1584277966154902,-0.1029139758008468,-0.047239297127897435,-0.03468486901740311,0.03679882469652939,-0.000504277623992505,0.0,nm
42.647852,6.545155563984113,1.3911553607145979,120.91947059507096,0.2309234081452219,-0.11277429525469762,-0.010854753173216386,-0.05382965005206279,0.04462626501074778,-0.03944489305186309,0.0,nm
42.65732000000003,6.705406663789751,1.7934581073653246,120.56982627976221,0.28278380744122567,-0.06349199362110784,-0.018626266932545845,-0.07092056637307813,0.04933954862834067,-0.07110713327565658,0.0,nm
42.66686099999998,6.889473810206574,2.2730821658148517,120.16709795270253,0.28516730520803707,-0.01244181875984632,-0.05234498563018563,-0.09844038925052645,0.04819789703136388,-0.08221079089850035,0.0,nm
42.695303000000024,7.631642684325925,4.102910470546532,119.37292453903976,0.1336536573699571,0.15624407013211067,2.4085907791625285,-0.14385821563499285,-0.019893349447623325,-0.038225578316228366,0.0,nm
42.704819999999984,6.2045668438116275,4.768141153165504,119.16344947949077,-0.04201023352350417,0.2813418456145954,5.008347133053816,0.02310010619462028,-0.3137328614808679,-0.019827459526461432,0.0,nm
42.72375299999999,2.59658562385052,2.961396535560144,118.94938488875897,-0.5904283931486038,-0.37509483756788153,-1.5137053420013487,0.37337531228996085,-0.06268076409119798,0.015955491014418732,0.0,nm
42.742706,-0.18937533296064352,3.993988144740374,119.5154849805101,-0.02701666058526231,-0.7371342937391678,-1.0535461656949854,-0.0889387463775147,-0.3101203351555127,0.08300114834066119,0.0,nm
42.761927000000014,1.0992890101077857,3.062059960526516,119.90974100001414,-0.4677037872492812,-0.2546070510451275,0.7638205566142674,0.0790506264404541,0.20982411452468852,0.0018628526589810556,0.0,nm
42.77141799999998,2.512547625199751,3.1323008691291903,119.70790432629926,-0.212698105969047,-0.2357708907667832,-0.6371541922670637,-0.15271461795289115,0.2382612639155479,-0.05569530667501771,0.0,nm
42.78076800000002,4.4646840894832085,3.4522327299020694,119.34543224105539,-0.1723065687827661,-0.5061781471896155,-0.7190500523072496,-0.2481287608772443,0.30808230118410695,-0.095006907081888,0.0,nm
42.79046199999999,5.962677978147939,3.030254168962599,118.87441756552266,0.14132612680132284,0.11957468034529586,-0.08539403908240903,-0.07188901235158741,0.3028388988234666,-0.11124395914425685,0.0,nm
42.809432000000015,10.048758977163914,2.5071648690791024,118.65998359519,0.29815705641506757,0.026126433420204556,0.6080838238761904,-0.184611810966346,0.39298503690749537,-0.009994950538699622,0.0,nm
42.828464,12.00245369613167,0.9574870493456871,118.83205925555883,0.46982274144131125,0.179915822000434,-0.3223993455366221,0.08612824788197217,0.21622118983211022,0.014486121290953538,0.0,nm
42.84750100000002,12.605673945226123,0.26757161377405464,119.03309652335366,0.5521669498832203,-0.18915430313880033,-0.1667854719159925,0.05863061184300277,0.01870012500722628,0.004310915442579598,0.0,nm
42.85695700000002,12.252898945028504,-0.46467011622425847,118.77341371858924,0.5268956250004596,0.02086635555711064,0.24623014740942178,0.1625483192813023,0.009031636981199862,-0.0520913658773914,0.0,nm
42.868952999999976,11.630801254983968,-1.0726620869144594,118.43650567827171,0.29924861312511114,0.09313121869896507,0.5810232334239388,0.16656581724965827,-0.05107879236980337,-0.06910259300987784,0.0,nm
42.87604099999999,10.476632792700403,-1.3292018172173838,118.15368025125815,0.21206113769066287,-0.03151038947004046,-0.034799746782712915,0.1547988543333914,-0.1791476919005108,-0.06145528687868536,0.0,nm
42.88554800000003,9.33617664285705,-1.8900055567285332,117.90419543832348,0.03678284027357259,-0.09435473116295567,-0.23788485858702738,0.20644811648458605,-0.14877037779001046,-0.05634596446270872,0.0,nm
42.895061,8.124587529945217,-2.7624117578109586,117.73021842053267,-0.1056308709770344,0.006658260122137312,0.015576471810137556,0.267690850894354,-0.13291518729377447,-0.04466237718525269,0.0,nm
42.91413799999998,5.896043249096494,-3.903100696044243,117.80446144936312,-0.0412389890166879,-0.2512447259562645,0.05363918715015201,0.1843054664678372,-0.12161285252341278,0.004521759841625349,0.0,nm
42.933122000000026,4.7703375646461845,-5.658396476622943,117.78253497726486,-0.1475627894378915,-0.23893525459300355,0.08508031117396027,0.1948482913102645,0.004115445923530403,-0.01868718921881986,0.0,nm
42.952135999999996,4.661728482194532,-6.779396838346992,117.44901198366422,-0.040614287466750394,-0.3049322003520151,-0.2726274950049094,0.09584806058951145,0.07071091987128128,-0.038819077486954845,0.0,nm
42.96171199999998,4.936850185495903,-7.521183951918374,117.22662336596393,0.015562030208004621,-0.15102013012431023,0.025919622082634423,0.10687411747527849,0.1167997546839906,-0.03764763541933239,0.0,nm
42.971115,5.303304901876563,-8.034138584117464,117.09923739803034,0.11010196670117642,-0.06782259255360268,0.2261486336173976,0.05821171669982894,0.1116053862929532,-0.01555898255247316,0.0,nm
42.98066,5.699478611805295,-8.395849958182287,117.1011463549414,0.18549090276782415,-0.08355798880411693,0.14632441984189357,0.028717037803501797,0.10291774782420453,0.01172609059171298,0.0,nm
42.99024400000002,5.912217686494578,-8.908696286224282,117.20340279345479,0.16981319465646558,0.0103838637126947,-0.0015563808853474124,0.06984056129959784,0.12181163396786192,0.027016455271772287,0.0,nm
42.99975899999998,6.097228809011243,-9.591083956057059,117.34532382325715,0.12072360918347366,0.06517962912813108,-0.014448106168002971,0.08839601435288562,0.12113005563301502,0.03456261704327402,0.0,nm
43.009221000000025,6.08872212237925,-10.031989096861048,117.48644368868884,0.1518985332179047,0.008849801910580272,-0.10077842826362324,0.07694961826191066,0.07637301504985179,0.02809829631670854,0.0,nm
43.02821799999998,5.814712525863949,-11.221264586541668,117.44611554967904,0.2512844278145834,-0.06613415729381815,0.24412811044916433,0.14584956828162496,0.05329917547941114,-0.02280822285397503,0.0,nm
43.037666,5.531604408897606,-11.862970467587687,117.30175859133594,0.24834113545645864,-0.07123511804748699,0.26578517459156703,0.13968572213544728,0.009759078406755979,-0.04022925192713368,0.0,nm
43.047323000000006,4.927016078958612,-12.149312044104708,117.2030505775017,0.21171155865141777,-0.09674824465706289,-0.013154131272007659,0.12672224076786626,-0.03223815595053918,-0.04465509545107632,0.0,nm
43.056771000000026,4.407879488187679,-12.73776295285034,117.10862343330712,0.1421454664672999,-0.0860417435418304,-0.11828781445228104,0.15121556159738614,-0.036551803100624086,-0.041294412777428416,0.0,nm
43.06877400000002,3.7619957235098265,-13.2478371098837,117.10041057852403,0.08610595895078926,-0.06305870952249891,-0.02568822992290595,0.16281102388269494,-0.04606103963340739,-0.030550082793679944,0.0,nm
43.075851,3.1386606059799695,-13.552059589668204,117.16789456978437,0.06764748052633525,-0.1233881641343738,0.038224848279441816,0.13586177865515633,-0.06585554595767396,-0.015256135583657382,0.0,nm
43.08529800000002,2.5536545821268954,-13.971893638460605,117.26983794770767,0.05105979233541322,-0.18939750518337,0.083548003896843,0.1268334062302922,-0.06274328124246432,-0.007457520563989034,0.0,nm
43.09486900000002,2.1101574202642017,-14.344697151438043,117.32983836730374,0.0024430125164082743,-0.14334992717932943,0.08403766259582106,0.13508981265445588,-0.041803048042227724,-0.009650915793736371,0.0,nm
43.11383699999999,1.5087029408361565,-15.088486433084622,117.28773816006694,-0.030334308660451868,-0.08191355234091223,-0.13611572954636464,0.09171354185921829,-0.015744357662762398,-0.0234846030183729,0.0,nm
43.123402999999996,1.3411968260406764,-15.484678899214561,117.18710076692041,0.0319521408790912,-0.06533653205362198,-0.08352695860323132,0.10326872060720783,0.011245109388418616,-0.02897475721045945,0.0,nm
43.132677,1.2197765995276253,-16.041477851938062,117.09039355010344,0.07300085860413696,-0.06940909711965076,0.10277534744074855,0.1099248320810699,0.030041610824335988,-0.025952558039215392,0.0,nm
43.142172000000016,1.1066182373784148,-16.489680499830524,117.04548953305812,0.1355822653422846,-0.09180000605912786,0.13998596446424533,0.08984267640808499,0.02147598924512473,-0.01532687046783196,0.0,nm
43.15170699999999,0.8460706102500117,-16.699787498247094,117.1085653400067,0.17129486051311268,-0.10017483759125077,0.03252706819683262,0.08155116845601995,0.011065025920153002,-0.0021568555276532796,0.0,nm
43.16126600000001,0.5160016562772978,-16.972069178745272,117.240080010201,0.16512582125834013,-0.06578002690751082,-0.04201560595694202,0.09291163142309826,0.006460597215292106,0.007331302321956145,0.0,nm
43.180285000000026,-0.30742619909182306,-17.313351127022298,117.56002862891009,0.16573754768860424,-0.10758452409085997,0.033689768452760914,0.07866805184644461,-0.028333543424839222,0.005285570871129986,0.0,nm
43.199253999999996,-1.1244008429514964,-17.922927226422768,117.66636575965939,0.12800525723765224,-0.06436219148100741,0.09780651050862693,0.09286244128020463,-0.042486453666641145,-0.020064790754693432,0.0,marker_1
43.208822,-1.6370206801087042,-18.097257902104438,117.68599534333808,0.08633219216976094,-0.031766332797445514,0.022216674184713486,0.08318991328029945,-0.051535310327531766,-0.027732531027085592,0.0,nm
43.22779700000001,-2.6889580829666584,-18.554749571234783,117.74265609327541,0.06139066693858908,-0.029459869485283598,-0.01633164021280621,0.10071812233500725,-0.04701821396254499,-0.024403534305286002,0.0,nm
43.246868000000006,-3.639100022534127,-18.91439824085398,117.92680295388895,0.05651508746068469,-0.11732944076529524,0.03879036900601969,0.08477697003071988,-0.050299182404059006,-0.00802350339919447,0.0,nm
43.256335999999976,-4.043768457515302,-18.994204224757933,118.04770666836465,0.06822754154222133,-0.13444984473601732,-0.006939295572722695,0.07900505574310314,-0.0431774238527765,-0.002009274646913136,0.0,nm
43.26588099999998,-4.413290302044723,-19.08395318207463,118.15731476402081,0.06153200861522105,-0.11496228270427407,-0.04511196929592225,0.07502248413226556,-0.0364120921250791,-0.002105544405777819,0.0,nm
43.27540099999999,-4.753577589499225,-19.10281731846976,118.23690911361693,0.08463737043729244,-0.10417550010407664,-0.043430182320601585,0.058145542880718465,-0.035445123463198835,-0.006274832351807338,0.0,nm
43.284875,-5.0640230112219315,-19.062701165014158,118.28348812779858,0.10012802658705015,-0.11149035246063384,-0.007433656727326052,0.045542507859901715,-0.03331469458067728,-0.010927429524079983,0.0,nm
43.29442599999999,-5.36462667563248,-19.067042318114154,118.31964704749281,0.10238658185042554,-0.07975548958358084,0.03717048407042658,0.04476684983715854,-0.027866130050593588,-0.012367490621859614,0.0,nm
43.30641600000001,-5.65171432062769,-19.086439865455123,118.36587521628377,0.09041288481517658,-0.04122893365756141,0.061359458849411345,0.0,0.0,0.0,0.0,nm
43.31345299999998,-5.962728507563565,-19.078341712803255,118.44217901817771,0.08602229004653286,-0.01894705723610537,0.017256176046891128,0.0,0.0,0.0,0.0,nm
43.32298100000003,-6.312728580011539,-19.10222429711996,118.56434880839804,0.09341100458744662,-0.010781890678816488,-0.009746587185646142,0.03697245827866834,-0.0349091330577078,0.0015619421064407566,0.0,nm
43.34200800000002,-6.9799685831072935,-19.13267874143586,118.85368892446746,0.09474197452900418,-0.06424878039808515,0.05147079024349922,0.04492268722496843,-0.041237351867797416,0.0056272134259026454,0.0,nm
43.351541,-7.347438956408834,-19.05557029249344,116.95426471045728,0.11179277752492804,-0.09083105323929634,0.028679031078714026,0.03718241834049948,-0.0450075511315152,0.0025249257964246093,0.0,nm
43.36101000000002,-7.668711007168983,-18.968491856362856,115.06676374812378,0.09486491635664103,-0.11147828931168031,0.029636798874513898,0.033837496803616494,-0.04215717481525921,-0.0013056562776326125,0.0,nm
43.38007499999998,-8.384428206645923,-18.743578711760126,111.60721922557887,0.09143133726105997,-0.07883114724082248,-0.027582274818960164,0.018236754967776384,-0.05186167150710189,-0.011009874289875878,0.0,nm
43.389590999999996,-8.726736042097436,-18.59117517404888,109.84124294534901,0.07896457156588976,-0.09660391230380092,0.030602671252622556,0.014040985825069853,-0.054511639788171876,-0.009326330580405344,0.0,nm
43.39904799999999,-9.09086144018014,-18.45629814314162,108.13579935419881,0.07691322543009403,-0.07392084691321556,0.044865659786357294,0.011472565528824518,-0.0578159031799846,-0.004794642601770026,0.0,nm
43.40857,-9.42587194728649,-18.289474063769198,106.48194550193138,0.06111858007713904,-0.06808397039563911,0.03802063956642381,0.0005013635742282793,-0.05746896258507352,0.0015886007999670185,0.0,nm
43.42762399999998,-10.096608259548278,-17.94094261976167,103.25112863002875,0.0561971223834021,-0.061299491749100814,-0.015881595932033196,-0.003338809581306766,-0.056542392096596734,0.005424414393699035,0.0,nm
43.437138000000004,-10.397107000365729,-17.78833611632877,101.66429359779416,0.04622484294938426,-0.06911096814119265,0.011238749883943317,-0.0032502698429360717,-0.0521220664614378,0.002670062684225947,0.0,nm
43.446642999999995,-10.56032240612544,-17.699184299673234,99.96612198740918,-0.10988785062244076,0.025499884783908418,-0.006232047458083334,-0.018350609397688185,-0.05819962668221891,-0.00913012584119383,0.0,nm
43.456075,-11.432357966804412,-17.116006459776802,98.04902191980457,-0.490116286946235,0.05160799701253517,0.7887872952659944,-0.09202064036079823,-0.18153789061278144,-0.09055027199712164,0.0,nm
43.46558500000003,-12.764901278088695,-15.945398624134882,95.92317609383105,-0.16382482999403386,-0.3291523453288174,0.6165723930601191,-0.20542619218912073,-0.27974307109206054,-0.19004818479227176,0.0,nm
43.475098,-13.753038562011117,-16.23057286834338,94.2181294450832,-0.3983031277440832,-0.9696295149318837,0.33780035055422003,0.07149962850041111,-0.1852468799863066,-0.12332217451618993,0.0,nm
43.484617000000014,-14.790849972714163,-17.36912549225621,94.35652726446294,-0.39732792383474985,0.017352567901013208,1.9864263057734286,0.2422864019155307,-0.18138984638546088,-0.03236862672399761,0.0,nm
43.50363900000002,-14.523418878780001,-15.406152450178425,94.93122518961616,-1.0112267580930685,-0.8741425912618411,0.7397389717886539,-0.20387093456892474,0.017260771219572504,0.09115112537718167,0.0,nm
43.513139000000024,-15.549099062636822,-15.874289772132476,95.55777468198879,-0.636305982101359,-0.0471623584144227,0.7740037911956363,0.11146683822122781,-0.18841675275040445,0.0700526080580952,0.0,nm
43.52262300000001,-15.767059960656987,-15.699958365938938,95.78924380557918,-0.5081268924915356,0.15752540441724672,0.42109559157792215,-0.030590676064900672,-0.04524963729005568,0.03446365867673978,0.0,nm
43.54170399999998,-14.814292385612914,-15.72423470774269,95.47438095741867,-0.28301144262511274,-0.34322052926642416,-0.0034171806338817194,0.13818187348927008,0.08300195486510108,-0.0013271987075051679,0.0,nm
43.56069600000001,-11.375888076767115,-16.28040536258567,93.73881851197646,-0.5015772883072112,-0.6883885046098345,0.6260945023263587,-0.11505656496131286,0.3665785617305779,0.06674900080776802,0.0,nm
43.57023600000002,-9.674819390087432,-15.618726678862313,93.62922385051557,0.1177047933654191,-0.7484443019881273,-0.23311621447051972,-0.15330015420725882,0.3184045936511767,0.07168074768795736,0.0,nm
43.57971600000002,-7.243607841423551,-15.692707919738702,93.87330422040864,-0.04762597169622656,-0.4907602853500136,0.5225820694781879,-0.015891143269247184,0.4688647341726647,0.1802709638566988,0.0,nm
43.589219000000014,-4.753379361630827,-15.192518006670776,94.19639606507508,-0.1364153904768782,-0.37425236165563713,0.9956239071574865,-0.13375156074359723,0.4725441115412253,0.1974824002383418,0.0,nm
43.59868599999999,-2.5444194337647,-13.955014228272626,94.46420527531487,0.22155754233490135,-0.3766889843645836,0.27070362352901156,-0.2794650767215036,0.4082864861009171,0.16492312521917732,0.0,nm
43.617705,2.4960064820213725,-13.429029623875637,94.61967334617287,0.280565346017042,-0.016798631025695863,0.9746295914735353,-0.035671214524787116,0.47507564417729486,0.10841944742493187,0.0,nm
43.627211999999986,4.579713620244415,-12.93445121007297,94.4518943362947,0.5316625166911864,-0.03399950283952512,0.6023040422525885,-0.13087575385737696,0.3972501054985059,0.061574227692550026,0.0,nm
43.636731999999995,6.6732493785359965,-12.435460567157564,94.19052357527393,0.49639280556350707,-0.2962064960638245,0.4210677325472198,-0.130472158923849,0.40039112330828747,0.03974258260663099,0.0,nm
43.64642900000001,8.364930353584171,-12.522391637782318,93.80820807508033,0.5863779578510825,-0.17273350261024062,0.5777833928116102,-0.005700606101086391,0.3312301011396376,-0.0033200250305710946,0.0,nm
43.65574200000003,9.691830534843811,-12.436015781074618,93.53796333604477,0.629105105438414,-0.07898413966268673,0.5335290524461139,-0.03388476679990186,0.25784439544118326,0.003321494927763387,0.0,nm
43.66527000000002,10.77265472471862,-11.86995900588339,93.51327043133148,0.49472675917464615,-0.28785366511344335,0.3482913917422509,-0.12617476002753159,0.20425792923413463,0.04061277699649988,0.0,nm
43.677404000000024,11.561051431745852,-11.4928330854107,93.5651343130296,0.4073856606877604,-0.2338478314638626,0.1325166134440883,-0.08493828060107927,0.14968287256769397,0.04234515982645185,0.0,nm
43.703506000000004,13.743001241914875,-10.086706927741702,93.86465434121476,0.0968888539284726,-0.10718087707427691,0.049862973142682225,-0.13973144366837303,0.13245678264889096,0.03865172759418764,0.0,nm
43.722504000000015,15.83141829390712,-9.402334370720713,93.3651076175234,0.15274334730915867,0.05026142275890169,0.2637542251353921,-0.08391477653208487,0.22577699376894705,-0.024833145838278975,0.0,nm
43.732012999999995,17.17699501222398,-8.832783513608927,93.0427358527897,0.1569765131123062,-0.0704203034387524,0.15728419668070515,-0.12875969974819854,0.2593064199663859,-0.021853373757951364,0.0,nm
43.74154299999998,18.643980472101973,-8.405718234221121,92.695109549467,0.1978690349405663,-0.11141717490951558,0.07446391736302398,-0.09995823074845261,0.28585522921951717,-0.02557450641443165,0.0,nm
43.75104299999998,20.218666514283715,-8.137894395136472,92.40276015243741,0.2840016264627264,-0.057217606910136165,0.18938452094475747,-0.06745977369961188,0.3094133286110248,-0.013162514495032276,0.0,nm
43.76055600000001,21.800325136910654,-7.690878355106226,92.33659818341634,0.3352682577466353,-0.07414562573791864,0.172701062747357,-0.10242425324042864,0.30979999373297323,0.030355640614515858,0.0,nm
43.770028000000025,23.387980366422656,-7.136716343160839,92.45162057703425,0.33611571844804367,-0.10818791526181627,0.06021736267823577,-0.12406737358827973,0.310419293238883,0.06403623469162682,0.0,nm
43.789086,26.571053533835077,-6.283921135517039,92.64955461560508,0.39818256697860777,0.14278504928333696,0.12746625220174584,-0.10039975030081068,0.3084060609258955,0.05224764515566641,0.0,nm
43.808126000000016,29.65379303912423,-5.2346287906952735,92.54680338164624,0.3821151997671555,0.18726010959440134,0.007329026970336334,-0.11088862939812293,0.30133580489399736,0.00011338264779057925,0.0,nm
43.82696400000003,32.55248284251868,-4.571410249062706,91.76342541304037,0.4264446979954582,0.11978342122829623,0.011386703562790606,-0.07677038042961089,0.2795588060295334,-0.06069240130887703,0.0,nm
43.83647400000001,33.89135310459956,-4.242531595915417,91.3596732137089,0.3819610953218918,-0.04839628592755762,-0.08745679380598012,-0.07311354816174831,0.26546120214259444,-0.06024401110454136,0.0,nm
43.84605800000003,34.815422386145144,-3.8161768822786386,91.00732086439218,0.3459142151555926,-0.1517924775684556,-0.12603869893980124,-0.05251566438864455,0.2657795941114459,-0.05816800376011755,0.0,nm
43.86503600000003,37.144712221934476,-2.876266432147089,90.67969329534982,0.2706474108247227,-0.26389642359587323,-0.2163101867064114,-0.0872318090562148,0.2747611478242238,-0.003456666248616424,0.0,nm
43.87454200000002,38.608234069804425,-2.3740169458579023,90.63642946262806,0.24607475942935533,-0.23346443376478856,-0.20437265992816722,-0.10394603227393176,0.2916274901147151,0.004737119981578103,0.0,nm
43.90303499999999,43.25590274078049,-0.5696008110969314,90.32967628046333,0.21870433899045885,0.15095782162752028,-0.3495049580190313,-0.1257216545896087,0.3209910325629767,-0.02074472200351321,0.0,nm
43.91253599999999,44.87587366953986,-0.13061806744567275,90.10098679640336,0.21416484446875117,0.20721051232124651,-0.43021664597432613,-0.08912543672206295,0.32409577507642257,-0.04382516471139836,0.0,nm
43.92206399999998,46.5410518965424,0.11834070280406726,89.8302690470138,0.23684617796273652,0.18196892851375493,-0.4516556922777198,-0.04964592713467958,0.3335151423470935,-0.05417577749624402,0.0,nm
43.93159700000001,48.19682826399551,0.25350003029848267,89.60279151809581,0.21983614387592665,0.03636150621142412,-0.4895092068181804,-0.025416048471615636,0.33172691445278574,-0.04662534904650282,0.0,nm
43.941107999999986,49.79042052167696,0.3064249226637332,89.38575857558224,0.1915697406142515,-0.13992269951676325,-0.5439538543050445,-0.007770648335512367,0.3192207581528571,-0.045013590764736135,0.0,nm
43.96013499999998,52.77695254610549,0.5668780580418737,89.00627165395795,0.19152659924562718,-0.3254784478340763,-0.557687483120485,-0.036958753670288426,0.2906806241430277,-0.03326708938855311,0.0,nm
43.96965,54.129322987270356,0.9901623258565196,88.94517118585766,0.15181068505363216,-0.3439534356964216,-0.6014093455053694,-0.07991884253832991,0.27227471802228215,-0.015939021143002618,0.0,nm
43.988688000000025,56.50832636244612,2.205842230102727,88.91207419560264,0.12600369446217705,-0.1376891192224843,-0.651601873079757,-0.12473215002393157,0.22770378565675084,-0.007787069225952487,0.0,nm
43.99820799999998,57.513506628730184,2.840713948569181,88.97048716792435,0.09117507984318673,-0.03588377436536457,-0.6900336929022766,-0.12342369174428983,0.2034155515109345,0.0027932576718188657,0.0,nm
44.010185999999976,58.40494816253632,3.349101642430226,89.0433611814851,0.044983715090807355,0.01977520551334285,-0.716494280056133,-0.09872451339759758,0.17999595663971935,0.004922364442339222,0.0,nm
44.017240000000015,59.184008836971266,3.6668575761289457,89.08670586711911,0.025131855557736657,0.04174017409632005,-0.7129714475749611,-0.06109782310385016,0.15673672326513693,-0.0008872443346759597,0.0,nm
44.026748,59.85222486501545,3.8395289668945782,89.131107754865,0.012909227505528467,0.00870388528504834,-0.6783073530186179,-0.03250733260917751,0.13404732666143454,0.00011931224528498378,0.0,nm
44.03625900000003,60.39132796504304,3.948287876408098,89.18308885435835,-0.009739366362897616,-0.04459809299192535,-0.6481088988988898,-0.020200991214081625,0.10801714480027025,0.003069408144831413,0.0,nm
44.06479300000001,61.14479339629988,4.44175007385979,89.06241083170544,0.042921598357261705,-0.1593684041012042,-0.5379674871898824,-0.04616314591860297,0.021515358898143638,-0.01663620053687216,0.0,nm
44.074321,61.092126619126965,4.708924666326342,88.96111747219541,0.05133340125085753,-0.16582390063669558,-0.5081792648742766,-0.053679231879918216,-0.009587689688009065,-0.01945620530690871,0.0,nm
44.08378399999998,60.89157202702454,4.945218027636277,88.83120306532301,0.06750944683598217,-0.1503893682165488,-0.46627480819744443,-0.04808089082472506,-0.03909961755455298,-0.022646071159810918,0.0,nm
44.09334200000001,60.55239239519989,5.121681281108271,88.72656200497842,0.097344595640812,-0.14071056012639102,-0.378313370218815,-0.03677087270252112,-0.0668916418381463,-0.015003100603079576,0.0,nm
44.102840000000015,60.0243009771608,5.233183082225808,88.68421960730626,0.02910541629749272,-0.15512555251833696,-0.40707052024855395,-0.024704163748657904,-0.10478887955953792,0.0010605400198391477,0.0,nm
44.12170100000003,58.9780733659637,5.240557597478181,88.71660591541175,0.006716332760068055,-0.1589546255786925,-0.23088969108397564,0.00221988808012082,-0.10264543904756465,0.015102749570230183,0.0,nm
44.150239,57.562484625395996,5.220252645241565,88.74041881329153,-0.05285532657189029,-0.11202045561809705,-0.1658859928968761,-0.0020794340984373293,-0.07622268870060477,-0.0013754301233495597,0.0,nm
44.15975500000002,57.23449354223605,5.21908078690164,88.6380694409365,-0.04858919343310019,-0.08334192445326316,-0.1843120769167601,-0.001255761276088259,-0.06539792241770613,-0.014515089076721619,0.0,nm
44.169264999999996,57.008540242773485,5.205703339903311,88.51629789293477,-0.016416206866741775,-0.075334929688055,-0.15355730702080486,0.0,0.0,0.0,0.0,nm
44.17876799999999,56.82333694392308,5.155249225856005,88.38824227728587,-0.0030091069952174975,-0.08484379746610272,-0.15727921486308513,0.0,0.0,0.0,0.0,nm
44.188286000000005,56.67814049672001,5.052170604727723,88.26678032601558,0.025764081395384233,-0.10698237307789162,-0.15909093745952999,0.0,0.0,0.0,0.0,nm
44.19776999999999,56.584195605244204,4.912278654529666,88.18091705288445,0.08247486379718896,-0.14207057918434113,-0.12028363825063915,0.0,0.0,0.0,0.0,nm
44.20732099999998,56.49729267732446,4.763066113316701,89.5192263425756,0.0941459564331645,-0.18241488331228287,-0.1298995436721593,0.0,0.0,0.0,0.0,nm
44.22634499999998,56.328381374995075,4.5018615361136805,92.10911266748172,0.17005362983336783,-0.20096285906687975,-0.0991637589717129,0.0,0.0,0.0,0.0,nm
44.235851000000025,56.2014668255268,4.42490049226801,93.35797022808086,0.17898645260398627,-0.18500983246348152,-0.10700924046620282,0.0,0.0,0.0,0.0,nm
44.24536499999999,56.038700778641854,4.368934231184581,94.57502797547832,0.17721891484957894,-0.1586961858369938,-0.10739164415871354,0.0,0.0,0.0,0.0,nm
44.254835000000014,55.83891772863118,4.299272531832664,95.73784139410247,0.1618109914922557,-0.12887199818076345,-0.12208026913880766,0.0,0.0,0.0,0.0,nm
44.264385000000004,55.62744026727131,4.190955909378926,96.8682338679677,0.15087387570063163,-0.10541243096239358,-0.1273506103092876,0.02663708691027426,-0.039308703417292305,-0.02002780549846043,0.0,nm
44.27386000000001,55.40827919044913,4.034543177630313,97.99881194660146,0.15578467109296898,-0.10056581616574263,-0.11173333547979888,0.0371573247188658,-0.038954750023315624,-0.018055525958017772,0.0,nm
44.28340400000002,55.158556088810755,3.8358871401485124,99.12773258596741,0.1569942892613054,-0.11202502864384868,-0.09267863277170564,0.04724041692174775,-0.04291015801213502,-0.01474596699050514,0.0,nm
44.302503,54.18545600464555,3.818622322223794,101.36897335674627,0.14572371902185757,-0.13840276234158863,-0.0416758595107213,0.04859090607366424,-0.0681340433365422,3.23939183859174e-05,0.0,nm
44.32166699999999,53.08513470753774,4.032262457255919,103.59095864022599,0.09980814298089485,-0.13815761594942272,-0.02146166756609868,0.03264403144041,-0.09261761586227614,0.006707644900396224,0.0,nm
44.33121699999998,52.54516808448292,4.170114885769317,104.65581333129592,0.06939273911293835,-0.1131262845323041,-0.041146186264062024,0.02608766637674006,-0.09406034629283892,0.004352180379635103,0.0,nm
44.340723000000025,52.08455736014218,4.285539773628088,105.68976100445487,0.06325338210038509,-0.08769499835297778,-0.04026030116076102,0.023044587469179156,-0.08060032336617301,0.0009973581779271238,0.0,nm
44.350251000000014,51.71833496282378,4.332770354225444,106.68582286557753,0.05924053760483934,-0.07251117496216677,-0.03909995744193341,0.030006891584830206,-0.06196887555334098,-0.0066079906589055545,0.0,nm
44.369257000000005,51.171512689947455,4.185645379171618,108.53097467800158,0.0817090223416742,-0.07819067204482824,-0.05823105601151612,0.05542808709604275,-0.025415295578357176,-0.015071053472534644,0.0,nm
44.388284999999996,50.80735776386409,4.013201392230916,110.39316611769041,0.14220170718186997,-0.1314821971995491,-0.09542107087243687,0.05840950854449311,0.00648601574128094,-0.0073739930243627945,0.0,nm
44.39775500000002,50.61914302800312,3.9815180468040854,111.32973234639194,0.16626356985600685,-0.13044724873858823,-0.11852239518571699,0.05002930079584774,0.011017306042074959,-0.004628959483363241,0.0,nm
44.416765,50.471175706382304,3.6631433351657607,113.16292511155436,0.19019078334194273,-0.07445299755228171,-0.16760340067999357,0.0,0.0,0.0,0.0,nm
44.426266,50.298483869597625,3.563447461090458,114.02064647408363,0.18923318003932074,-0.02683238848612911,-0.18908101099602836,0.0,0.0,0.0,0.0,nm
44.435715000000016,50.060256000061685,3.4619334233375736,114.82541799560043,0.18472701287440926,0.009705723482989958,-0.20131533960191741,0.03848615702446321,-0.034642262866850945,-0.019015833771180823,0.0,nm
44.454725999999994,49.43491598083798,3.1318826208255084,116.33332054267466,0.1975680074123697,0.0027219938173363694,-0.20390171343473681,0.064163762456931,-0.04220527078843414,-0.023895408881167802,0.0,nm
44.47380800000002,48.690519447500975,2.6550376241398808,117.7606651613079,0.18960846411394255,-0.0893263669074383,-0.22168760456891076,0.07852332729143133,-0.04574650721649019,-0.01938383318477027,0.0,nm
44.492774,47.883844056821054,2.303467195136516,117.56649621722863,0.16948093208506912,-0.10286141118344383,-0.23294178369253632,0.06356888229374873,-0.05835929078899436,-0.015302318698316948,0.0,nm
44.502229,47.47828689819499,2.21093256140311,117.4716012970308,0.1361996589217415,-0.051344613257885856,-0.25323745762559396,0.05393980428161178,-0.06340833311851675,-0.015791776704631163,0.0,nm
44.51185099999998,47.07622617259278,2.12690267931725,117.3598246566525,0.08962424281555162,0.034551489667125214,-0.2827998762063454,0.05199310739630014,-0.0636725469419784,-0.019323209142748567,0.0,nm
44.52135099999998,46.68079914175517,1.9916527325295121,117.22294802484898,0.06762401340014755,0.09491350154135123,-0.30540490961295236,0.06036768043987445,-0.057906297362927454,-0.024547477220822563,0.0,nm
44.530857000000026,46.2799442873618,1.763689670172645,117.06956070793431,0.0777029260070896,0.14402712151482575,-0.29865469853866433,0.07724530267534534,-0.05056081163162846,-0.028063171654386012,0.0,nm
44.54034300000001,45.84770308336081,1.432705776039974,116.90886917778066,0.1199898078191543,0.1435777897061064,-0.2775374979333118,0.09835139960872959,-0.04701772725485174,-0.029734761996072178,0.0,nm
44.54989699999999,45.35991441363924,1.0275770501676948,117.57349209526245,0.19843169527242036,0.09907753824811434,-0.22452252390250407,0.11721291533211305,-0.04884342472000361,-0.030326607860094747,0.0,nm
44.55934500000001,44.781580575340044,0.6162475365010152,117.41896691217998,0.22293410943796185,0.03531675073090382,-0.2117722078431641,0.12655500333773345,-0.06468868744632633,-0.02924908560554684,0.0,nm
44.578374,43.29987767627945,0.019563222354674295,117.11822564855484,0.22760591168174266,-0.08544257315813696,-0.20039265457983893,0.11724233761925143,-0.11794626468815425,-0.030960632937268816,0.0,nm
44.59033900000003,42.439250957334764,-0.1478541624105457,116.93085644734387,0.18729329777764592,-0.08751308196322982,-0.20442864587032084,0.10819435154442035,-0.13829979643104098,-0.03769057183323514,0.0,nm
44.59751899999998,41.55322655583112,-0.26242547124714793,116.7210089744555,0.13922598981250273,-0.05251121390132662,-0.21248188972024257,0.1005651098837371,-0.14798935850307215,-0.04263645928155528,0.0,nm
44.60704500000003,40.698895226530226,-0.37472660831833665,116.50973008494346,0.10471909502156529,-0.007725158244362823,-0.2210240835219932,0.09677033486633109,-0.14288606471840262,-0.04323977933672602,0.0,nm
44.626059999999995,39.21428268611188,-0.7996285103554436,116.14532777169816,0.10817898513021854,0.05671966311492716,-0.23264585100760998,0.1081240768065344,-0.1032713966242793,-0.035088272971336654,0.0,nm
44.65459500000003,37.36472371222281,-1.9378686579254985,115.75810305204449,0.23929778395718848,0.08052184344128867,-0.22898281403448037,0.1262283408909698,-0.07395268482865047,-0.031023532513700512,0.0,nm
44.66410300000001,36.73470707816518,-2.3212180841586068,115.58005774029121,0.2513344540470612,0.10075035669084129,-0.23978141084522303,0.12383006118810966,-0.0803857521410233,-0.04031323322568786,0.0,nm
44.67361599999998,36.01423644604841,-2.6919168960338995,115.33708808946265,0.2713454361628553,0.14182028761086476,-0.25644987245465345,0.12901476587591978,-0.09823925389367097,-0.05493114735236032,0.0,nm
44.68308200000001,35.211420495862455,-3.0969458287334883,115.0315508994022,0.2581887880117239,0.19891579441183796,-0.30265016757773106,0.14175695445810407,-0.11079317341574507,-0.06926164471448353,0.0,nm
44.70214299999998,33.35032012718882,-4.112212839429307,114.36809400461676,0.24543214606892516,0.25526722833836885,-0.2673689692217647,0.182262416383588,-0.1335698244980916,-0.08014356845829525,0.0,nm
44.740189999999984,28.898547774285962,-7.224878859895969,112.64241099560999,0.28277222900543486,-0.10448256521820161,-0.2191308273799339,0.2395988778878678,-0.14409846622122144,-0.12594242930814398,0.0,nm
44.75217200000003,27.787200901329097,-7.988452033017859,112.1478594937212,0.27629872638858743,-0.1712227381500959,-0.24821217589116154,0.22547602874285502,-0.14572069935104526,-0.12842786784296914,0.0,nm
44.75921599999998,26.70026112978958,-8.667335418851405,111.69735902235989,0.26123347792868273,-0.1680003068277053,-0.2608639966172606,0.2065782866252204,-0.14906175884583822,-0.1216803375560134,0.0,nm
44.76871900000003,25.63298445715461,-9.257930871546709,111.32745239141137,0.23347120491516835,-0.10174550609776101,-0.2559324062656704,0.18749199297131958,-0.1530654243346568,-0.10732337569358906,0.0,nm
44.77822600000002,24.595801307796407,-9.795953512618695,111.03866271694515,0.2072385461863504,0.010794551112372455,-0.2492241545874885,0.1745176617572124,-0.1520886827029262,-0.09216881157294572,0.0,nm
44.787735999999995,23.62833620040289,-10.350530349352361,110.80034395328327,0.20400112578494262,0.12122584154060799,-0.22383355070229868,0.17188365019726665,-0.13854877511964173,-0.08157197667486024,0.0,nm
44.80679100000003,21.97193157046818,-11.762627412041008,110.34802789768344,0.33409423546402933,0.19953198661566401,-0.09013488501369979,0.19823925103164117,-0.09007333297011073,-0.07640632929232925,0.0,nm
44.82581499999998,20.441439361920068,-13.523397498925192,109.99213886465256,0.551157556267725,0.009815503323647157,0.08178215903248408,0.21973287510482775,-0.08248878125062614,-0.06498970167451878,0.0,nm
44.83531800000003,19.52525991342026,-14.332002570619643,109.93472090883377,0.5767201068180832,-0.12170159426577142,0.17170288554299315,0.21303721035391246,-0.11211069128562291,-0.05562666908628262,0.0,nm
44.84483,18.297398861622895,-14.989927784698528,109.95523144451592,0.5440506001930397,-0.17671489228820594,0.2219052845772584,0.20503081435689974,-0.17870169815420783,-0.0581078423547316,0.0,nm
44.85432000000003,16.767105902122623,-15.484876809864623,110.02734596702886,0.4557734804364817,-0.1342486046204791,0.2221149696747985,0.1942593123316101,-0.2440195462324333,-0.06609794586145257,0.0,nm
44.86379599999998,15.107598236737731,-15.87910836896449,110.12520727313499,0.32118362166493564,-0.07123209573699166,0.29652603609927203,0.18400973274965493,-0.27346354460562017,-0.07023590679524042,0.0,nm
44.88268499999998,11.801493451289645,-16.816263886514047,110.35252366327525,0.12813724891168496,0.029997086803731175,0.3579245503704768,0.2066632079759825,-0.25431918551864796,-0.06743367943645226,0.0,nm
44.91122200000001,7.926698686856487,-18.942371577312965,111.05709603732825,0.1704150822283594,-0.33576524763579835,0.3804136342773064,0.2111349444697315,-0.15946591379170116,-0.018038727987246997,0.0,nm
44.92072400000001,6.786536233129305,-19.45961342353899,111.34439583748546,0.19750855554609112,-0.4515217174152821,0.3757699686982699,0.1745765511370969,-0.16359783224754942,-0.017577306454102982,0.0,nm
44.939768000000015,4.525810765971532,-19.85633842970643,111.75443838443043,0.06263604729134507,-0.40292154311398043,0.3472733877589087,0.09875365393803627,-0.19434169048533,-0.04368336360641363,0.0,nm
44.949261999999976,3.328692196256635,-19.75964505433874,111.90900624223598,-0.024962854960490118,-0.28315253918224004,0.38197726799351506,0.06591338660585608,-0.21661120594530212,-0.050316323397056176,0.0,nm
44.96122200000002,2.1966800397045767,-19.576430487604288,112.11231486747651,-0.0769592398416039,-0.15108129199869041,0.3121295196796639,0.045994338224012034,-0.21169682310934126,-0.03562050665566998,0.0,nm
44.98729900000001,0.14890027692315386,-19.54288451474203,113.23178731371151,-0.030370117284452786,-0.10019981426480033,0.3303384983677783,0.04958541125323452,-0.07783743060717115,0.05188752478447805,0.0,nm
44.996827999999994,-0.08415921973033541,-19.684739644212886,113.5595372404688,0.048594705019084077,-0.20796255690576076,0.355320394857381,0.043534345326543704,-0.029066995102298418,0.04994331021990328,0.0,nm
45.00628899999998,-0.17389059564687454,-19.839486021299578,113.66949979107281,0.11391314276112009,-0.2630076183344016,0.33680728827431095,0.0,0.0,0.0,0.0,nm
45.01579600000002,-0.14982234267870115,-19.91706311691118,113.51260772901915,0.1634023708971571,-0.2694645959803299,0.326337048040758,0.0,0.0,0.0,0.0,nm
45.03488900000002,-0.38390565569352225,-19.815043947260772,112.66711209237698,0.1611043550035957,-0.14757348412207902,0.2761318740415654,0.0019896494214981303,-0.044031267522195695,-0.10835099384911194,0.0,nm
45.072969,-2.262644100332884,-19.654445556477718,112.49474465280896,0.03243471701140996,-0.09969137573425134,0.1823724914018559,0.042750154907030234,-0.0831862958637238,0.018566880758073397,0.0,nm
45.082471,-2.6667380326763164,-19.76347885820936,112.77782491219783,0.028477913143527676,-0.18695689694710016,0.15877781247565276,0.04948214127514123,-0.06191404606654848,0.02937476632047422,0.0,nm
45.09198300000003,-2.9971628546967857,-19.940135325951058,112.94580197539727,0.06144120697221901,-0.26688179256226735,0.11440582456603246,0.05678869900193197,-0.043608180927620754,0.011155644861384472,0.0,nm
45.11100099999999,-3.5147328481850044,-20.481013618146452,112.71780650205777,0.13377971927623977,-0.356914439026705,0.10864549685457188,0.07178719758344371,-0.02058707587983869,-0.058084216538484154,0.0,nm
45.12052399999999,-3.757987596858425,-20.739955255478502,112.43183665869402,0.17480500167628749,-0.3575357982775711,0.10778399623380039,0.0654016962085982,-0.022207747838251073,-0.07439247062118456,0.0,nm
45.13001800000001,-4.0095463938758895,-20.940215755399542,112.19654230500421,0.19028973389047393,-0.3449229446589953,0.08076438779878338,0.054989835389413974,-0.028340290955887044,-0.06502423868935682,0.0,nm
45.139522,-4.279053051202824,-21.07459107548534,112.12260883543888,0.19273485490714548,-0.31457579101389654,0.059548248881460666,0.04393595330759175,-0.036521299404212906,-0.03414822223155809,0.0,nm
45.149062000000015,-4.535987801853565,-21.11741984607661,112.25064434565252,0.1844617601834744,-0.2896858846478381,0.07514564945762381,0.0,0.0,0.0,0.0,nm
45.15858000000003,-4.735635805121824,-21.06917519308117,112.53560327807232,0.1694684584215288,-0.2508306869737343,0.08994288416307647,0.005276788073258468,-0.03816926757614708,0.04265220276814396,0.0,nm
45.16808400000002,-4.826573990711699,-20.99653799471459,112.87615623851647,0.1520917059903547,-0.17704489067639032,0.05060402352839531,-0.0068608639253299325,-0.02128927959914278,0.061634347900060116,0.0,nm
45.177606000000026,-4.766363626427307,-20.994328416333854,113.1685675769074,0.12421669154280005,-0.11906208413295455,0.03944806800365992,-0.004812588340288135,0.010198531835740647,0.06285658197743242,0.0,nm
45.18711200000001,-4.611668272778973,-21.115573635340887,113.35453317784595,0.13647082628598742,-0.08067491327517967,0.058926240567400465,0.010890614093091229,0.03616267550122533,0.048362777020967966,0.0,nm
45.19669299999998,-4.582361307651626,-21.30847552677571,113.5116614474817,0.1552871272404123,0.009560863875703166,-0.0582848033125376,0.0309819440971694,0.056721120830125066,0.03363004376634622,0.0,nm
45.225166,-4.7594922089676786,-22.332132519005047,114.10190556329648,0.2765083792233965,0.0659930975863557,-0.18248189351610203,0.07855395542720328,-0.014345308320636031,0.04475009164049912,0.0,nm
45.234662000000014,-4.982634188165185,-22.73932167137361,114.67898550074155,0.2709396806511296,-0.029315376289552154,-0.20357291770839134,0.09132641338823352,-0.003898607738333146,0.0984000479331716,0.0,nm
45.24425100000002,-5.494194036098908,-22.921124074189997,115.52947070323096,0.23618505671659726,-0.15105100042779068,-0.0852191331413254,0.10953213955770968,-0.014901052847576335,0.1307781081999829,0.0,nm
45.25370800000002,-5.9170446762112014,-23.258636307219117,114.43541159072966,0.25153735625313445,-0.17866231837617863,-0.15987374974876667,0.09346654859636218,-0.04360661474180436,0.13002689363624004,0.0,nm
45.27525600000001,-6.518096311425025,-22.823717711036327,115.4878916372014,0.2175522399853591,-0.34559335736148983,0.011137723736914452,0.05506008590972436,-0.01406309478203942,0.052803066445212966,0.0,nm
45.282197,-6.631420697553986,-23.019600651358154,113.74159184720713,0.3159872920845137,-2.293627939918029,4.28355942282241,0.0,0.0,0.0,0.0,nm
45.30112300000002,-5.081956280421768,-21.26285919372555,110.91825209660918,-0.5478455831199079,1.2898516130161173,-2.9527950202802487,-0.35064926539495017,0.1594536330087328,-0.014160787612250954,0.0,nm
45.310722,-4.868094439519832,-20.721458436299226,108.59221740508848,-0.6856141503124268,0.10747017701351601,-0.08071166185602638,-0.1155507237122842,0.0027077032352143095,-0.10492399578956697,0.0,nm
45.320064,-6.458925528945726,-21.59640290316038,106.78238769366729,0.1309988926618941,0.6416232044394405,-1.2415059000759368,0.2540981648807238,-0.23335237461431796,-0.16571692211161998,0.0,nm
45.32976100000002,-6.909844001814465,-22.56541671773087,105.654979509897,0.14787236473353016,-0.14118172613904603,0.6499770286607813,0.20939667842096304,-0.02882291610908993,0.03402610141071917,0.0,nm
45.339271,-6.603437619516338,-22.31494919617893,104.78269182666462,-0.16610382625073644,-1.1638576524613728,1.5135029861591964,-0.06275565567481547,0.04240536552967662,0.14706205761710467,0.0,nm
45.367816000000005,-4.595310621137887,-22.38839984619421,100.96030230797047,-0.08903812191133542,-0.38511479567467044,-0.13388255649004113,-0.05689663962436329,0.17544206537559023,0.027483093251436677,0.0,nm
45.39633500000002,-2.0958239072312086,-21.80089776638422,95.15976970489533,0.34033269852078835,0.17968537123805678,0.7088130102241335,-0.0011321967313320564,0.1594921766703721,-0.03110181997836708,0.0,nm
45.405872999999985,-1.8289803391003259,-21.35446469837933,93.90668120221504,0.5439733098978565,0.4828689798240979,-0.22600950051146165,-0.09264232335407904,0.04340362095001415,-0.002132487864992411,0.0,nm
45.41532999999998,-1.564338961823169,-21.190016505885946,93.00694223322374,0.34578277352515596,0.04249482943004103,-0.2125092028544023,-0.03538340262765577,0.04768267156565928,0.06810588858727819,0.0,nm
45.425051999999994,-1.7757200486814226,-21.779455349403246,92.30844613510632,0.3156534191866157,-0.07166402159940523,0.211034703713714,0.11945250122042529,-0.034962282600794994,0.05422979446582919,0.0,nm
45.44408500000003,-2.288456886990147,-21.960362404634928,90.45164717961916,0.08625839742995359,-0.6305912519681744,0.03076984899574692,-0.031881691485619625,-0.031141944829039876,-0.027066415124231663,0.0,nm
45.45354600000002,-2.5534633637366633,-22.034953881224418,89.01116612426566,0.09994683272551057,-0.4857978129011618,-0.34824412588766124,0.014285166793572501,-0.04942411495463535,-0.11182687225411984,0.0,nm
45.482167000000004,-2.8843973742488114,-21.325069000745636,84.2209896896492,0.08353215028270917,-0.22308814690890236,-0.017253030432647757,-0.10440674313563125,-0.020775266021549898,-0.09744390676003443,0.0,nm
45.49168100000003,-2.8891783482942626,-21.114452790187798,83.22180610576558,0.05668860129143618,0.011097398741293552,0.07001552638395994,0.0,0.0,0.0,0.0,nm
45.50118400000002,-2.831095319438445,-20.796683754724643,82.62781123820378,0.01230406394975651,0.11881779167266082,0.11119041799273884,-0.06167312602358782,0.019129360212165752,0.07032485303338158,0.0,nm
45.529697999999996,-1.8218191510872348,-20.33860399834718,80.77080529705727,-0.009051108936233954,-0.2070784743624579,0.14746087005558345,0.05091749664388201,0.0948284102916721,0.042465793737453725,0.0,nm
45.53917899999999,-1.0981264898016598,-20.27209921643729,79.59689322615783,0.08371525824403316,-0.3009222942659142,0.0895979529675697,0.01104561991229148,0.1361399911090761,-0.01685167903329378,0.0,nm
45.54878100000002,-0.24478183769589806,-20.08741817497614,78.23351425417626,0.12457963686625657,-0.39788860773897183,-0.06152297885201743,-0.0043153092136130064,0.16456816370478183,-0.05449801543945148,0.0,nm
45.567758000000026,1.0697548396580483,-19.957864413274507,75.89885424380293,0.3191195757882523,-0.2715721131267475,0.06341483189715533,0.0008686308418710285,0.10919592817982539,-0.03226265756334067,0.0,nm
45.577269,1.349597791754062,-19.513769871801543,75.25007709985974,0.2814851638952423,-0.33716153004619964,0.05271662419109115,-0.07257851113895522,0.07367914974667504,0.022197731807251538,0.0,nm
45.58676600000001,1.3708441817523818,-19.104086019449134,75.02156891474503,0.24416980914478562,-0.33426734847524076,0.04717998726394544,-0.07815924643291021,0.025325219686166238,0.06829074803302185,0.0,nm
45.60585000000003,1.0278867881260532,-18.214759190101326,74.83728179071925,0.07961925920303844,-0.157216895301668,0.02194740718561714,-0.0936520364816073,-4.102042732251279e-05,0.07583859092407925,0.0,nm
45.61530399999998,0.9520603949317487,-17.74123432547205,74.49073767310006,0.02047038087708769,-0.1543799796257108,-0.15215107036534214,-0.0952386300423768,0.011586995585417944,0.029397448994496478,0.0,nm
45.62487299999998,0.9920904193605989,-17.385524203499212,73.87828173378958,-0.008098908754772647,-0.1305877543748413,-0.04050050141266596,-0.03649853889231039,0.0252230700557646,-0.025402049370953042,0.0,nm
45.634387000000004,1.112542188198571,-17.175197510443574,73.04257670196797,0.030353028235077965,-0.10270250696480045,0.08619263657245489,-0.012713441868355876,0.04034191476996597,-0.06502650098079372,0.0,nm
45.643846999999994,1.3045871214279794,-16.784974416585143,72.1705494035985,0.044655164382794967,-0.15804026852403374,0.02678804664230934,-0.02938262005411857,0.06822101883150612,-0.06645419521068464,0.0,nm
45.65336100000002,1.5327910917560807,-16.366185802964356,71.4437099846047,0.04756278736978535,-0.20875213239605192,-0.056783171039123136,-0.017035452049338498,0.07851340613238746,-0.03498259456625514,0.0,nm
45.66291699999999,1.7399060139230622,-16.020551599359653,71.01526076932092,0.06997185845259954,-0.21767389715203186,-0.05689477061200064,-0.002045251524640763,0.07610106788478938,0.014797181755115145,0.0,nm
45.70091000000002,2.9038168732392444,-13.305095164290014,70.62408661732645,0.04756648235299442,-0.2841331453307316,0.09071678360089064,-0.061307844572750535,0.11585160203526018,0.05168763805599996,0.0,nm
45.710436000000016,3.1832537921933257,-12.527554657502082,70.27020378650629,0.09712187787526425,-0.20690168797910993,0.021028777122956872,-0.08387772617187328,0.12473330093088507,0.00933414042567341,0.0,nm
45.719989999999996,3.404719543060244,-11.88619152508104,69.80191165999963,0.14625939129725787,-0.13876843287045568,-0.028041255709240938,-0.07476349840446582,0.11864773215674118,-0.024749393130670486,0.0,marker_1
45.72949399999999,3.55086114368599,-11.511619843026057,69.39727808404595,0.19837706486708617,-0.08225738643912762,0.03530480760494584,-0.04481078723222778,0.09577469728986286,-0.03696964317758811,0.0,nm
45.73894999999999,3.8353669717366894,-11.192134758575742,69.08611298250095,0.21154104018890757,-0.10210375601168516,0.10039453020279501,-0.03993765310579859,0.07497309952589613,-0.02106516941345782,0.0,nm
45.75802399999998,3.991858250139638,-10.469911291501866,69.03651925981866,0.07859937936321773,-0.24940985760130324,0.016459331048174403,-0.028232350001977928,0.039147497159270274,0.039398967064880296,0.0,nm
45.76749699999999,3.9850618095109906,-9.984120203937561,69.18055598504485,0.0034274020626853825,-0.29138293935939713,-0.023117642134082586,-0.02690031097569928,0.03445272355389025,0.0527373662338739,0.0,nm
45.77700399999998,4.047030327024498,-9.269275533775513,69.26166553774547,-0.06669406882549254,-0.3408146409125343,-0.060053378739126494,-0.052401266522560316,0.04753553659128601,0.04643368245276341,0.0,nm
45.786512000000016,4.176563021755045,-8.426565702423712,69.19369037872067,-0.09010058601966005,-0.35177854362422634,-0.056462312353108085,-0.06909735969550819,0.06364409849203556,0.022283003923011708,0.0,nm
45.796081000000015,4.371766223932761,-7.665500394449069,69.01113106885194,-0.05351459234112383,-0.2891044437880584,0.04266664627478767,-0.06841656277787063,0.07954225706056053,-0.006131713038897385,0.0,nm
45.80551300000002,4.682069280556524,-7.1364168550159395,68.76639562310999,0.014922620353954653,-0.19349289055797572,0.09255198374795576,-0.07658241800086954,0.09572605259055991,-0.02248200310466196,0.0,nm
45.81509699999998,4.918873589077481,-6.46762568050271,68.54872449018846,0.07070340226258395,-0.11679490827100487,0.035864192256886473,-0.08261548192106447,0.10776976856321639,-0.019797718845662296,0.0,nm
45.824612,5.155016729463176,-5.962352716082786,68.48206264789287,0.11580048038989486,-0.04049191833466575,-0.04600731944243136,-0.06396483765725956,0.10632378802390673,-0.0016112775126728026,0.0,nm
45.834112000000005,5.383053273867535,-5.60957047181563,68.55506430268035,0.12737070133629846,-0.045688705163597944,-0.04115228736095905,-0.04091680254601439,0.09839020687295634,0.02408438959232493,0.0,nm
45.84358500000002,5.60154800050011,-5.235127308140074,68.72589795041411,0.11320077693421284,-0.09912963402696012,0.011465856923998272,-0.032375407529111846,0.09265537019093513,0.04591833610198964,0.0,nm
45.85314699999998,5.810938052991843,-4.797780382877463,68.99376846692955,0.06956155909428732,-0.2004621802279443,0.027795604260704137,-0.023923308207939836,0.08547973503222868,0.051436505262389604,0.0,nm
45.862595999999996,6.147738623436993,-4.607775641390903,69.27612651999274,0.04123400316594096,-0.2798624666046538,0.07388817326777913,-0.011697579104039901,0.07636602306704444,0.03748805133890444,0.0,nm
45.872157000000016,6.314554846757901,-4.101298520614102,69.48015673465356,0.02535201097091974,-0.31384772860263666,0.037563843018896675,-0.018007787424548345,0.07210819107380925,0.012424728269533619,0.0,nm
45.88167199999998,6.439105213197771,-3.4686395610788163,69.45116461470853,0.0160365328427802,-0.32812327339002156,-0.03300200078625864,-0.03815788546164374,0.07152223907689345,-0.011903106596737491,0.0,nm
45.89117600000003,6.512272847963894,-2.816491904514835,69.36744429756939,0.03239514197270915,-0.3015927665520753,-0.028935127604228353,-0.05083545916543594,0.06686251533503025,-0.026593853313182914,0.0,nm
45.90070400000002,6.542836602415426,-2.232424037665546,69.43411888411883,0.06883427969217062,-0.232682187208247,0.03403161191941858,-0.05827351856074592,0.061190247560424536,-0.0244603512806606,0.0,nm
45.91020100000003,6.552238445264482,-1.682900116261596,69.49558097950204,0.08220291066405173,-0.16573289467028537,0.05452592999843286,-0.06784822673576192,0.057437946264727625,-0.006005598210110187,0.0,nm
45.91968000000003,6.5677647560740064,-1.178840024093944,69.68030795298421,0.06926236263114041,-0.12310183260855984,0.025125915786722023,-0.06704818048750279,0.052996764825826374,0.01795193593022246,0.0,nm
45.938717,6.738556522082235,-0.4562102272515498,70.24220464719434,0.019707116007858225,-0.08782569679668796,-0.0063046172128050455,-0.0342316183522955,0.04792446518026017,0.03899182043242781,0.0,nm
45.94819799999999,6.899866172215155,-0.11838936511955551,70.4584168893321,-0.005287062646829633,-0.1253620758564465,-0.004719125050160528,-0.02458657955570648,0.051360065885952405,0.028183002450500247,0.0,nm
45.957718,7.090901426112763,0.21621013875228395,70.58368528309674,-0.01570512837452561,-0.17209843223623933,-0.004642038319171356,-0.012063937724074637,0.0545688338995695,0.0064465679775174475,0.0,nm
45.967219,7.282965861795998,0.5248413930411779,70.58677236069656,-0.0001692652312646929,-0.20262353881948547,0.027578599045301435,-0.002268050904015211,0.05673205762548593,-0.015530174539153684,0.0,nm
45.976744,7.450851410852359,0.8587609626541933,70.55114870789694,0.026922966534819463,-0.22462363786180736,0.03786093269080831,-0.004546197388170428,0.05953755855922004,-0.026960289563209037,0.0,nm
45.98625099999998,7.586027279243633,1.2385795133956858,70.52384484745762,0.04772924339037544,-0.24044045475541556,0.02001090058213021,-0.011302944931273302,0.060978315525462144,-0.02392142298647413,0.0,nm
46.05282699999998,7.977962275351579,3.3133785466464905,71.32502068236239,0.034202689700775855,-0.11243531649626853,-0.004070157419154305,0.0,0.0,0.0,0.0,nm
46.062381000000016,7.997506091476504,3.435706917521339,71.40288592726048,0.03824473462263608,-0.11999689861564386,-0.00439234340187247,0.0,0.0,0.0,0.0,nm
46.08140500000002,8.029971742223617,3.6378098589432333,71.42634078600129,0.03877244961944362,-0.1633903850496758,0.022691348214373484,0.0,0.0,0.0,0.0,nm
46.09092300000003,8.058939429434007,3.7865591566005077,71.53451290882956,0.02533236323880295,-0.19454836718761623,0.02743872029067692,0.0,0.0,0.0,0.0,nm
46.100431000000015,8.104869846625842,3.9568464401684826,71.8409389197206,0.008466002942723457,-0.20566850002069725,0.0030368975222491903,0.0,0.0,0.0,0.0,nm
46.11920100000003,8.528171879548289,3.643524920991127,72.13912230206476,-0.5319686671126274,-1.2701187473263889,-1.5680282258051337,0.07668261429428543,0.0367059518143377,-0.01704735091515881,0.0,nm
46.128873,9.047763823042132,2.236595662519704,71.85246521224883,0.3810998361570773,-0.09241887867316458,3.1664262261730207,0.30010461242458164,0.012385468239051033,-0.11158732845600987,0.0,nm
46.138373,8.613180239707715,2.050504346953063,71.57293741901019,0.1310260285523103,-0.8357853416492967,2.593378186089164,0.008346104366260626,-0.09426483537753227,-0.11182712151476723,0.0,nm
46.14785999999998,7.858748350558742,1.371872173025042,71.21186650978251,-0.5402248983480743,-0.6679913666759782,-0.4186696697154487,0.08117197298145086,-0.18628274931736313,-0.13435781748478476,0.0,nm
46.157353,6.104781218064389,-0.2562125340575102,71.04496803364306,-0.5251929987621998,-0.3486213208150702,2.079458693106454,0.19652674919597937,-0.43716675080676265,-0.11434658912300119,0.0,nm
46.16689600000001,2.710769130988708,-0.08432466638874667,71.53239627533212,-0.18949411985458803,0.3576352629851773,1.282610433961389,-0.24842826413125577,-0.6337071588224217,0.01412325478064986,0.0,nm
46.18593800000002,-1.4136506616060336,2.1621786364476177,73.3898302334337,-1.189235263006421,0.12859897737396864,0.17301719215018516,-0.13750882022167135,-0.2555103294175441,0.2143960225180851,0.0,nm
46.19545099999999,-2.916211257228688,1.670337132050804,73.84154272686997,-0.8761782360391177,1.107096735240527,0.7012914449099275,0.008814096062032494,-0.3163862592591506,0.16211717293787598,0.0,nm
46.20495599999998,-3.53193388677437,2.800327645253239,73.55229337235625,-0.93438327548476,0.5231129702925423,-0.3274179042099685,-0.25202403753400515,-0.053793876239692416,0.03344824385748117,0.0,nm
46.216744000000006,-3.148258396387757,3.306309367935451,72.67300493210651,-1.288692167199618,-0.04381546682450677,-0.47360784281091395,-0.07418665428838983,0.10322940084529995,-0.06962235798415978,0.0,nm
46.22398700000002,-2.423402345463324,1.8109592788138003,71.64638785185446,-0.8345765653060941,0.20900603829372572,-0.034290556551283775,0.32974240411837563,0.044832050210108214,-0.10898085291556153,0.0,nm
46.23350800000003,-0.6911987906890855,0.8422929784678774,70.72553174441354,-0.6087085416639952,0.19579477704436202,0.6093168597423587,0.29656678212807325,0.26456915711301504,-0.09993004187101015,0.0,nm
46.24301200000002,1.6496401454530667,1.384575070418952,70.08961035784168,-0.7427268661569552,-0.638243086455206,0.3224840327291102,0.057110457497880816,0.47778010199280413,-0.029252825807029585,0.0,nm
46.26196600000003,7.289356166176084,1.218639901821868,71.47574920747832,-0.1013196474510149,-0.5185500603205565,0.8750024096732377,0.2536564700732031,0.5667212510647869,0.1760717820274499,0.0,nm
46.28098899999998,13.401193631707727,3.1227028403977304,74.21984386984975,-0.035852112354648365,-0.7602498333969339,0.3935425822547151,-0.052022629348615596,0.6244686732883818,0.2463636152589378,0.0,nm
46.29295300000001,16.32062504118654,3.414895976907002,75.01045731704595,0.17787483411048785,-0.3944481458907103,0.49233133959821,0.09844674824801997,0.5783892244005611,0.12492853920844588,0.0,nm
46.30001199999998,18.990900354301044,3.592849622232296,75.30717019564852,0.42363350913597997,0.004805862354191507,0.691471855469682,0.1022802940671102,0.5251468980055721,0.02671386426557858,0.0,nm
46.319030999999995,23.019285719971467,4.681511407388968,75.2962571565835,0.43304736642455244,-0.33291865365337325,0.15252198590816796,0.025122233513029224,0.3803320046446979,-0.057659967061334985,0.0,nm
46.32850300000001,24.643199623224003,4.414241414591929,75.02962349852443,0.6357403967012341,-0.19111254663737076,0.4313883073683093,0.13477734222731685,0.2997061334139354,-0.07916915957203935,0.0,nm
46.34755799999999,27.14596925523842,4.6454014655856515,75.91461430663917,0.29818552777476587,-0.5934765761175443,0.2319405681342518,0.01127197151069397,0.23871340079124934,0.1195402662184752,0.0,nm
46.359523000000024,28.142944983069956,4.557834737742583,76.64178157813379,0.2653173301868468,-0.5550542631240672,0.32965152245940493,0.06422499233328423,0.18919597174112066,0.12958251962242753,0.0,nm
46.36654800000002,29.0511650083328,4.491193894896046,77.37774619901866,0.2828472496989569,-0.34316364159207313,0.3031352346669791,0.05373994214938669,0.17369641295278812,0.13301473902441274,0.0,nm
46.37605400000001,30.055357091282026,4.91019591447519,78.20192289912313,0.15263712989576156,-0.3319372128800059,0.2643537889470262,-0.03966082561578575,0.2136634598126663,0.14852743770904359,0.0,nm
46.38557000000003,31.07988331810402,5.389289926122133,78.75861091553176,0.07023712601178929,-0.2966936199256075,0.1414239376497781,-0.05323329872039625,0.219413692780977,0.09302911233878743,0.0,nm
46.39509099999998,32.23575546964122,5.623639702242548,78.88739123954205,0.17042364086971518,-0.06369740935219141,0.21483139644403387,-0.0013850148858263478,0.23515899173039542,0.0035622314895305753,0.0,nm
46.404607999999996,33.54544641632573,5.963183414950553,78.93221885292859,0.23561340879475295,0.020472732172357663,0.2685206922601145,-0.01653922982858345,0.2691738681301801,-0.017514380210954045,0.0,nm
46.41409299999998,34.99854529848517,6.42588572763974,79.07625540819284,0.17795301462078483,-0.14157189684184754,0.14032655167908448,-0.03579067188037503,0.30169133238180207,-0.002580438845074974,0.0,nm
46.43312700000001,38.49318508664029,6.633040235080535,79.40819656300684,0.36755388638368736,-0.23973325987906008,0.30871063043423014,0.06433525426958747,0.35739209980175557,0.00035155136240101027,0.0,nm
46.442475,40.42531898291134,6.797338859802635,79.92809351293009,0.34945915636218233,-0.36929991124675976,0.2612563355661119,0.0365273510914353,0.38397458917785093,0.05883412871929997,0.0,nm
46.45196900000002,42.421992294131755,7.032237593625514,80.58763290494396,0.3448646259446451,-0.4643732200124544,0.2432237568174337,0.02077395399909991,0.39920884857705274,0.08389405907479064,0.0,nm
46.470992000000024,46.42100554239521,7.609489127762818,81.76920163998716,0.4743028855477546,-0.2461609911716599,0.1920933995161872,-0.01355255796687959,0.4042700870547528,0.0676242093997338,0.0,nm
46.490053999999986,50.3706547770055,8.625743237773037,82.8597626465198,0.44971788425056447,-0.10877764788210989,0.013423994017467548,-0.04554364620487514,0.39769253564258866,0.036706067141767315,0.0,nm
46.50910700000003,54.34920733562578,9.312848883361568,83.67312608967416,0.4786618221281583,-0.018648098351420082,-0.07704042517453497,-0.018838665116619982,0.4013280105601649,0.026412977405162404,0.0,nm
46.518610000000024,56.41790036362789,9.528074274083895,84.17479086826215,0.42805945594578987,-0.09504022946968796,-0.132981215538948,0.0003655452084135968,0.41095315658629133,0.03261734595541395,0.0,nm
46.528133000000025,58.55132670400408,9.592139968023837,84.62219609337356,0.45644327599425455,-0.10968645380250223,-0.142927379186685,0.02832398116589587,0.42053948430074073,0.018612629889459453,0.0,nm
46.53772300000003,60.1216925837128,9.71613432373731,85.0012987571918,0.4762751654873806,-0.11722637884100029,-0.16775885686540654,0.031465743104364896,0.42600075142843385,0.022804101206270716,0.0,nm
46.547236,61.712984692926554,9.970839623986786,85.44842584397887,0.43788056337769793,-0.15799732180946258,-0.22316853445602258,0.015843426563159773,0.43009032195099217,0.03436348265909855,0.0,nm
46.55669599999999,63.86403738252796,10.10092128553271,85.92597605610484,0.4383478539094338,-0.15126237686209368,-0.2798838303353306,0.005886249517984618,0.4249154112874809,0.020534021431634342,0.0,nm
46.566197999999986,65.94832979121554,10.244940256125648,86.29782939652075,0.4736745342934388,-0.09174686531862197,-0.33733967761328,-0.0009457857249828351,0.41182346217404664,0.0007204376043690567,0.0,nm
46.58520500000003,69.87577976286565,10.531474928909908,87.03097836143637,0.4205003341322774,-0.10631925031171532,-0.45396973822746917,-0.003696219896393164,0.37827630560085973,0.0031041371361279304,0.0,nm
46.594700999999986,71.69665362587129,10.544221240835697,87.33176015954245,0.3998584368777757,-0.10884703105356854,-0.4841288186140368,0.015055872024056846,0.3581529982729833,-0.006465677801047496,0.0,nm
46.62323700000002,76.65924435689453,10.086057665344107,88.2702569680331,0.25938060249457984,-0.1780859720472631,-0.4830030404643853,0.050519885779360695,0.30927485385188613,0.008894930756538752,0.0,nm
46.63532900000001,78.16777654253936,9.887409592422005,88.56999199092277,0.22953095403038906,-0.1620808576128432,-0.470450862591388,0.047950603821816075,0.2962671803968868,0.0076379520365773765,0.0,nm
46.64224200000001,79.61268864779338,9.733522958872877,88.89995712236556,0.17066630870090505,-0.14079394543592363,-0.47559151188292703,0.037082375323244446,0.28433283802471065,0.01677572197918263,0.0,nm
46.670631000000014,83.85805348401912,9.503696648393667,89.96076287310228,0.05901268764493679,-0.05841487924353481,-0.5466315257388622,0.012945662472814354,0.28174845193495435,0.020796667183072437,0.0,nm
46.689662,86.74061275434516,9.331037780822836,90.59409411704318,0.0363401233013153,-0.05715512187262342,-0.6266462505349477,0.017881884374198603,0.28404961238183,0.012578457045274612,0.0,nm
46.699161000000004,88.12373398561627,9.205997920985295,90.84000421870662,0.0226057353923687,-0.052828529075306746,-0.6664314169411741,0.021602913047364367,0.2736016301080378,0.004637853795576117,0.0,nm
46.70867700000002,89.40861755381306,9.073825668749462,91.07407529645128,0.008208146623045857,-0.05304707120962221,-0.6990982867995221,0.022207764016860178,0.25439467802478843,0.006007218912647035,0.0,nm
46.71819499999998,90.55549788271078,8.955411801344829,91.3011335092227,-0.005639981653740303,-0.058404380756730295,-0.7180241973858602,0.01899457737020549,0.22722690242711313,0.009487355502998623,0.0,nm
46.72770200000002,91.52473003140429,8.866830012693088,91.48809662277732,-0.018242452063291496,-0.05025707891582024,-0.7352641455784361,0.013056202411453232,0.19208790697196534,0.007380091320976071,0.0,nm
46.73721699999999,92.30550470935479,8.807441839485422,91.63228914931936,-0.028667978303706678,-0.03831191557584566,-0.7418910559525672,0.007674788939441315,0.15472991813865242,0.004857304943961009,0.0,nm
46.74672099999998,92.89199671367786,8.766300549237837,91.74699883852338,-0.03532870230218835,-0.04553956807771872,-0.7282229102506456,0.0048068845355321915,0.11623555420139436,0.005031174997883245,0.0,nm
46.756230000000016,93.27227202039958,8.732702559564611,91.81460010103835,-0.0380248332867412,-0.06744398982978801,-0.7001557175795683,0.004382849950993293,0.07542254837742358,0.001956688980754219,0.0,nm
46.78475700000001,93.37691119757264,8.700979952087144,91.85518356586158,-0.08116461427217762,-0.12148449392332802,-0.5523955932151856,0.0,0.0,0.0,0.0,nm
46.794280000000015,93.1905184582875,8.73898479771798,91.85470898575633,-0.0814317916741142,-0.11469241174232668,-0.5116423747645166,0.0,0.0,0.0,0.0,nm
46.803944,92.96408237655776,8.79790268613738,91.84916606199567,-0.08271756570907964,-0.07746960909496177,-0.48303781695046405,0.0,0.0,0.0,0.0,nm
46.813301000000024,92.71273370355944,8.860848509441752,91.82875133829293,-0.07845916239080293,-0.07392437352825787,-0.45788854334490464,-0.011003924059664619,-0.050105984425583255,0.0036319677077769554,0.0,nm
46.82281899999998,92.4360643170171,8.906117542043534,91.76946963128617,-0.06698755872900278,-0.07126076802086147,-0.4413275985089222,-0.007340076218169609,-0.05498527254289635,-0.0033172079163218057,0.0,nm
46.83233000000001,92.12548562558206,8.92015717679781,91.66757959658432,-0.04747149564311082,-0.06669595601905252,-0.41595187783566034,-0.0009592383089017789,-0.061488001268275944,-0.01076748756736728,0.0,nm
46.860862,90.83432407474874,8.941426507358228,91.26281535592732,-0.04033048123552313,-0.13330588219528577,-0.3315524519958832,-0.0050942332212340225,-0.09584853244131376,-0.01343013576843462,0.0,nm
46.870318,90.33731508671009,9.041963219652056,91.12711389820288,-0.060696483135065024,-0.13796289846407178,-0.32260803003520583,-0.018072677025076027,-0.09868321861808654,-0.011623069754535354,0.0,nm
46.87987199999998,89.87201501312403,9.198529180817925,91.01287566583864,-0.07835795277297745,-0.1136365593432672,-0.3319163257430818,-0.029627283984272234,-0.09255003410134335,-0.008114914660167479,0.0,nm
46.889387,89.46709525896352,9.376968530900813,90.92018249482581,-0.086218504362179,-0.060340042312627046,-0.3569642358795371,-0.03437917771841984,-0.08059914811766282,-0.005484970612957105,0.0,nm
46.898911,89.12753452003477,9.528862835519185,90.82591739880101,-0.07530773777691957,-0.01810711862572505,-0.3928133166689988,-0.029391525706398025,-0.06751757171948015,-0.007717787772884172,0.0,nm
46.908412999999996,88.83979069013668,9.612539394069216,90.70024891359492,-0.0417760538271869,0.01885541434973238,-0.43160348883690525,-0.015991192169054876,-0.05702611898736141,-0.015587241170155213,0.0,nm
46.92745000000002,88.24758786263043,9.560245033672416,90.25750861674659,0.054058152424462144,-0.004497691792335051,-0.4717248821825989,0.011447506193471894,-0.06285153768651787,-0.04137049010763262,0.0,nm
46.936909000000014,87.81861494700496,9.498278676246612,89.91735225464372,0.10709103617334602,-0.0777413772519125,-0.4637261386024508,0.01256720021785932,-0.08467985251178298,-0.05388187643431626,0.0,nm
46.94641899999999,87.23240523672897,9.482904526477313,89.50608607684725,0.16427799333942336,-0.1314787743827559,-0.44313653584416873,0.002527034889744158,-0.11577218846792127,-0.06298673340809437,0.0,nm
46.96547800000002,85.49070717523662,9.685534430675112,88.61571134701478,0.2211556860972795,-0.21892708353689064,-0.36022957681485834,-0.03179780590388036,-0.1900871992009709,-0.05597424457407431,0.0,nm
46.97499499999998,84.35979818199259,9.870245763488917,88.21409427037574,0.2111074713528744,-0.22090129718252957,-0.3028079812918558,-0.043123974544235534,-0.2220326014213026,-0.04196593973229995,0.0,nm
46.98450700000001,83.11335844773122,10.05449296598526,87.85583926878424,0.18889150243350208,-0.1937804023375788,-0.2497523299154053,-0.04528164197649369,-0.24439204469390188,-0.028563575921375668,0.0,nm
47.003562999999986,80.51743063268897,10.288082420070541,87.21521564682917,0.11382065753603123,-0.09837916346581113,-0.17238359231021863,-0.02950001211690797,-0.25437701869015505,-0.016380762288389562,0.0,nm
47.02259099999998,78.1350111965543,10.335295698293985,86.53390882613985,0.09392894949748053,-0.05344014272209213,-0.11251686608521219,-0.014796192210519825,-0.22496322402743846,-0.030957437228931635,0.0,nm
47.03226699999999,77.08146936698233,10.347416095004471,86.1101712177274,0.09852046024666974,-0.07085679581056172,-0.08895330923943305,-0.015703344934585424,-0.2069398201681396,-0.04697012675640126,0.0,nm
47.041585,76.10417172293121,10.384354485685,85.6193477919073,0.10297763522359038,-0.10533509856936572,-0.07945082306596327,-0.021223986214242097,-0.19145535716308382,-0.06306193379977347,0.0,nm
47.07016600000003,73.54636656814517,10.654706071758364,84.09055810474021,0.14234508267991378,-0.22687758638355277,-0.11605976293989649,-0.03522336011004933,-0.15365030450157546,-0.06709090307815949,0.0,nm
47.089184999999986,72.06665591273176,10.7522142641143,83.33944917223364,0.16370253580769661,-0.21190183945651794,-0.16463724397860877,-0.021171466156071343,-0.14252518240610848,-0.039985184288841395,0.0,nm
47.108202000000006,70.58998499822044,10.632957834867849,82.85839116912508,0.2386852164333261,-0.1691841785145934,-0.16154327224226311,-0.001065446947182072,-0.14825658521072693,-0.016001981545881293,0.0,nm
47.11772000000002,69.79246070904247,10.523870157383405,82.64583013153015,0.2501779738510286,-0.16517103522149978,-0.14943986512276822,0.0018837841305260595,-0.15848566696517966,-0.01323485868253523,0.0,nm
47.12722400000001,68.94085284659322,10.432476541070542,82.40824480168963,0.2572199122215402,-0.1825833035616032,-0.129225351483386,-0.003641543379383015,-0.16864144190424749,-0.016551205383505692,0.0,nm
47.13681100000002,67.70744998880417,10.603651297945694,82.06201637901854,0.2410510180854062,-0.21689489682360868,-0.11761629714368742,-0.01431684898912408,-0.17782724137103684,-0.02385670160779812,0.0,nm
47.155835000000025,65.13908211597041,11.161679258449409,81.27178583238431,0.2317614148883961,-0.28296460276481816,-0.10061518047998702,-0.03138395856070706,-0.18992592078713585,-0.029212834182118164,0.0,nm
47.17485800000003,62.46844012423324,11.72850294530243,80.67820834211649,0.22893088181238183,-0.3174743474423232,-0.07771107158569954,-0.02027862607182852,-0.19796498571901736,0.00407693371640175,0.0,nm
47.184375999999986,61.14579211572989,11.892874808990847,80.53850674664805,0.2083388268343904,-0.30317853687316165,-0.05670955575397651,-0.006695369823712073,-0.2035121096967283,0.02684781243338162,0.0,nm
47.193870000000004,59.85202940653253,11.967672571751347,80.51325486267216,0.16652580014725832,-0.26591343705203835,-0.04548771555184453,0.0032630244897485323,-0.20996068841901744,0.04907126863098816,0.0,nm
47.222398999999996,56.26700499743033,11.90343086405455,80.61914335644327,0.03537994359569289,-0.07156785326104877,-0.05760875304893845,-0.010934074412263836,-0.21262242470374537,0.0472956649851448,0.0,nm
47.231922999999995,55.20367343433862,11.850842122155017,80.52346263634942,0.006711296440094714,-0.01982430719821639,-0.08791958215770182,-0.02211826392643136,-0.20511962413402596,0.02468591037215898,0.0,nm
47.241330000000005,54.18405825916785,11.816801588934126,80.31071558535513,0.01869781087814826,0.030518109293612174,-0.1230727329789191,-0.026532862154780745,-0.19819442086741645,-0.0007206354084975804,0.0,nm
47.27947399999999,50.26376029652205,11.01362468159354,79.00149575898396,0.15823845743530304,-0.14885626489940065,-0.11576697543527467,0.046366189473554156,-0.1888725851191325,-0.015892316572431432,0.0,nm
47.28899200000001,49.07842804048849,10.786819834737804,78.80202000584418,0.1479437477517606,-0.21403412153661924,-0.08466075368521402,0.05036412960453273,-0.20246627780919582,0.0054996863573748824,0.0,nm
47.308014000000014,46.531016791893684,10.612121077528395,78.54925116891073,0.13302639392828816,-0.2276605584215328,-0.025806499359784303,0.007377906781835269,-0.22186406245896959,0.022869011091258835,0.0,nm
47.32702999999998,43.753455216541695,10.616758612753289,78.00729386004095,0.156801928855941,-0.06718308983955353,-0.002435946236487542,-0.04135072995864612,-0.24108960776889649,-0.013123661849446607,0.0,nm
47.34606200000002,40.7076869586949,10.419241198024837,77.12577606484959,0.12566605300804937,-0.0251544890663455,0.01891276131388853,-0.0358850787251813,-0.27271392284280715,-0.036529184152444855,0.0,nm
47.35572300000001,39.209375491833384,10.194234656422694,76.68082067121188,0.07384273183778665,-0.05759066759321228,0.026111162129493617,-0.010515657343656693,-0.281826066412541,-0.03524339271674551,0.0,nm
47.384026000000006,35.34976887225995,9.257960042653503,75.90881460990241,-0.030758379513662146,-0.2665010570406226,0.17375310023629625,0.003924589650209981,-0.2414315715873861,0.004452251088756725,0.0,nm
47.393475000000024,34.220495860096165,9.095781694464648,75.74373958969775,-0.019465735544681916,-0.24170868292391098,0.21984415384254155,-0.023171020298007883,-0.2244322441941215,0.0030215656933434043,0.0,nm
47.40298899999999,33.09227579290211,9.11949554497529,75.51683671327571,0.005567348533886954,-0.17660439771311925,0.2476932515747859,-0.05996266755486688,-0.21495246470151172,-0.009665970723780117,0.0,nm
47.412485000000004,31.93404777681032,9.246457716519377,75.14961655611208,0.014010916375444526,-0.10214837144489597,0.21311942235141446,-0.08256668920779572,-0.2150977940714233,-0.03651266903187182,0.0,nm
47.44104199999998,28.5138716780248,9.130305889448811,73.42212807959503,0.04643015193390181,-0.0643937433219747,0.1250056433352144,-0.030151943448108887,-0.21926901291230547,-0.07903791600031376,0.0,nm
47.450558,27.446712364261607,8.840479601541324,72.97396274002773,-0.010173322763337645,-0.15710058890964368,0.09450366261526885,-0.0054377770966351,-0.21887936263226349,-0.05634700496332792,0.0,nm
47.46971300000001,25.372271026219014,8.159988393419992,72.49215644420437,-0.03450973372402978,-0.2966412260201778,0.1620459957052591,-0.00016613968398417883,-0.2111052056523832,-0.005795088176489561,0.0,nm
47.479247999999984,24.413803282773923,7.9853241984714165,72.37912813487901,-0.06984569173840668,-0.29528041253290155,0.19746828738791897,-0.02400114279836035,-0.1917616094499038,0.0043295467410836555,0.0,nm
47.49827499999998,22.50970607099485,8.004126338116572,71.93574954366066,-0.047518411806469235,-0.1463345457477335,0.1957232656712419,-0.06983974244260675,-0.1761369677001246,-0.03022863973895747,0.0,nm
47.507789,21.552728148177295,8.125337461859756,71.50611026336679,-0.03876780994107741,-0.06441990981600641,0.1653169019010144,-0.08256176077738278,-0.17258460467934822,-0.05914223796241814,0.0,nm
47.517313,20.5972685143504,8.205249639416198,70.93788131763982,-0.027607445281562087,-0.01160370319248896,0.09881613733197657,-0.07611463957975484,-0.1741922051818936,-0.08660299210950079,0.0,nm
47.52682900000002,19.682279623416857,8.161051679593742,70.2907018396914,0.0010566574468165854,0.013822937026816869,0.0932266833966631,-0.051841785067244274,-0.17404965729605004,-0.10350521554954142,0.0,nm
47.545838,17.96296966631702,7.7840315177005195,69.15954808521063,0.04615957462998129,-0.009478478402289978,0.055331050053626527,-0.016999880854515596,-0.17169620086778115,-0.07896410778331041,0.0,nm
47.55536599999999,17.162160670506424,7.509498088045764,68.78031935883881,0.024263227644183104,-0.053057893553305285,-0.007665308163185085,-0.00571358965600242,-0.16811129519804688,-0.05459156612847536,0.0,nm
47.56485300000003,16.368302845353384,7.204556186036661,68.48725628862995,0.039871079864393824,-0.09625422857651593,0.1520762768033554,-0.000565598227988698,-0.16910661037070895,-0.038319203216239064,0.0,nm
47.57436100000001,15.523908858564537,6.940988680406178,68.20423453442098,0.019913323394319917,-0.12506738339555687,0.2487039041452709,-0.012862013331211508,-0.17547141036992828,-0.035844461896097815,0.0,nm
47.60289599999999,12.53905918282355,6.3194823659406225,66.60235710478767,-0.10512097891977219,-0.03315840112831375,0.3540236956034739,-0.04511265791708091,-0.20787568362126502,-0.1136664505312284,0.0,nm
47.612364000000014,11.51106700617716,6.121769244860684,65.87567101617533,-0.1396811559969548,-0.003273058548106319,0.34083163513903814,-0.04621716822159771,-0.2032903682481407,-0.12319935285450705,0.0,nm
47.62191100000001,10.561161361608368,5.875884544416877,65.23921002726264,-0.17502820534080146,0.01126351967799189,0.3506322595184073,-0.03344981407728927,-0.1926356102095911,-0.10756240921656693,0.0,nm
47.631438,9.707157944466504,5.575725972753323,64.80691561711521,-0.21392020816799143,0.0002715851126903367,0.35715808432825336,-0.01736345208737842,-0.17966433499479484,-0.06949721812269397,0.0,nm
47.65044899999998,8.431857775290593,5.00177094465235,64.60061483923563,-0.36814112486021017,-0.12595084775081422,0.29758560066994294,0.0020620458290112353,-0.12336412214628908,0.006662561920924149,0.0,nm
47.65995800000002,8.053846308474201,4.767491562359915,64.62186041943387,-0.41912580055298565,-0.18034630470837437,0.241038675607343,0.010047615291094684,-0.08827103191384293,0.010703610874807987,0.0,nm
47.68849599999999,7.977044345072105,4.581631139831496,63.99410448635786,-0.22798360351011415,-0.14018109878592985,0.13573298759694,0.006501566958313275,0.025931564397931497,-0.07055579394050522,0.0,nm
47.69799899999998,8.220447258163988,4.64259358125002,63.621206111340285,-0.09815594207201217,-0.0900644696053143,0.1459304065827766,0.010496572599537186,0.048993752466674555,-0.0785934647993925,0.0,nm
47.707554000000016,8.525839611327934,4.6943663451665465,63.327914998089646,-0.019711176347979642,-0.05395178943959706,0.04888863633663357,0.017952253654408085,0.059178647156911464,-0.0637087674820886,0.0,nm
47.71703600000001,8.841794617778909,4.7005961178161755,63.18975630939333,0.011226987595630853,-0.11198798905301714,-0.0016456214785911772,0.0272667161785178,0.056886686654101286,-0.03284901294694676,0.0,nm
47.76456400000001,8.99696645987221,5.6404704161456065,63.618297337085814,-0.10414612667316878,-0.38214587925697846,0.13660648536222605,-0.12332895202437098,0.013765619537903874,-0.0030081874255435083,0.0,nm
47.77413200000001,8.727468561734387,6.364336446559603,63.43933623213115,-0.061749268223644,-0.266415432150356,0.051611597925734484,-0.15371134706757064,0.016572600612567375,-0.03019674034975146,0.0,nm
47.783641999999986,8.413875678001157,7.121116920532766,63.18768119357037,0.00555506477581165,-0.13299423846872657,-0.040882929559932515,-0.163441694517143,0.012344082141245627,-0.04302072700730623,0.0,nm
47.80267600000002,7.308940984831559,8.357442752608776,63.53499001449962,0.360317648749016,0.5084850451889984,4.930344515129588,-0.16303659626949382,-0.09253866080169434,-0.005261015643421896,0.0,nm
47.821594000000005,4.777811520246695,7.015549772729539,63.534386492464066,-1.050181877688806,-0.2798240667629854,-2.4062253022692315,0.166170485188778,-0.23740549152255452,0.029952664327409746,0.0,nm
47.831214999999986,3.5325702896464675,6.337169402532363,63.591552221229264,-0.7945085659764052,0.14050362144245634,0.03902418261698346,0.011371014987020034,-0.2823087931664899,0.0404421535954248,0.0,nm
47.840642,2.5593369349717006,7.338660699551995,63.635821999644406,-0.5360156639179063,-0.5491722191256787,-1.461958918497023,-0.2657069584803401,-0.08423839057124097,0.03207773881012467,0.0,nm
47.850228000000016,3.4278361082921007,7.867708468588404,63.593827925061106,-0.8993324078608773,-0.17062549310673356,1.1775069713151618,-0.018297486508759505,0.20155398524674528,-0.03142332432088097,0.0,nm
47.859887000000015,3.936665788823298,7.289548380884147,63.326275260107465,-0.13932317395141347,0.17292103893969682,0.4590005869536012,0.14874131592668902,0.038638772317149,-0.06702044645490532,0.0,nm
47.86925500000001,5.374662019606848,7.337417035007127,63.163307153204734,0.07461685392935176,0.23521057224914793,-0.45580477819909165,0.12004702490512625,0.25940926245451584,-0.06929757703707701,0.0,nm
47.87879300000003,7.347133728856565,8.11284219268514,63.214073740238874,-0.21361755720813372,0.04312718183027441,-0.16940913140743494,0.037979531794723694,0.4194498027312419,-0.04293995761631146,0.0,nm
47.888289999999984,8.720629875953742,8.141991193199942,63.26506244182541,0.2718130695204256,-0.15001236731937762,-0.5601159610858742,0.11740955654392737,0.24579815208102046,-0.028682255721817523,0.0,nm
47.89779299999998,10.754517451092791,7.59977232104325,64.0161710209816,0.6149527444473682,0.08589945776184874,0.3651999557914996,0.2748170672339871,0.31481230129816357,-0.026024647114281523,0.0,nm
47.907302000000016,12.782349851815136,7.497239132753063,65.03464751071009,0.27342405168367173,-0.060345034707545424,0.7118930385671022,0.18961258149041035,0.35578497085197897,0.015079214812365977,0.0,nm
47.916837999999984,13.608237844079802,7.3430754324198215,66.07367718864718,0.1413962186744338,-0.5548696880551668,-0.2625222061365867,0.09503231777700433,0.13721506503014974,0.026674275133952007,0.0,nm
47.93582900000001,14.689664750611941,6.243266820808863,67.76820166130629,0.24389964397699018,-0.3963308893618683,0.339805103807809,0.10722029059315705,0.052233731676822145,-0.027641275453640698,0.0,nm
47.95486,13.756058074043423,6.657276668736792,69.2393081522184,0.16541919192124485,-0.46728603877644653,0.17616978621685317,-0.06414776032118212,-0.09112547151153397,-0.029602306957320735,0.0,nm
47.97384699999998,11.64806040622393,6.505587094581305,70.26864456709018,0.08474413793003813,0.041050959734941404,0.026540788785319108,-0.09123803848704636,-0.23424657114495712,-0.01648423357740774,0.0,nm
47.983408,10.405205457589084,6.6180668436073455,71.03466472446787,-0.08709505587354918,-0.02034495351575509,-0.4097969910117225,-0.1014753452176697,-0.2266456225425423,0.0081363971240059,0.0,nm
47.992974000000004,9.36821725488249,6.283282625533396,71.73306075735388,-0.13307188756279617,0.035842443551776446,-0.06970068126929532,-0.0008588026958207328,-0.2170027626763372,0.006810068090933804,0.0,nm
48.002444000000025,8.417349259265366,5.7880150123128775,72.36634490902894,-0.09129179554309784,0.11220796726849801,0.11321978562788994,0.03726095683072544,-0.21052867078366969,0.009299538244175924,0.0,nm
48.011998000000006,7.751364218858065,5.456599425112488,72.95566061966333,-0.23115247341602083,-0.08376658363235168,0.040984176554047416,0.02456398793751061,-0.14637424824127404,0.01143670117798454,0.0,nm
48.02152100000001,7.324728221650056,4.954077361793688,73.45067008593091,-0.33438699298038477,-0.24721100793734516,-0.12578207116487744,0.07230170033707532,-0.11020504079479164,-0.0045418879163585954,0.0,nm
48.03097700000001,7.1231300317232,4.262831849711857,73.8543325282443,-0.27070811193365,-0.23895301930360036,-0.12968317460258033,0.12188935070018299,-0.07701964503092375,-0.02338869937006907,0.0,nm
48.05004600000001,7.40111759532345,3.7870072591806445,74.57957801765245,-0.16962866027423137,-0.37016552520315277,0.035079734678854696,0.0,0.0,0.0,0.0,nm
48.069023000000016,8.130958174340444,3.271742039643561,75.38811513111969,0.06082555648261629,-0.12301489933951062,0.10576122488026979,0.07447461347382953,0.06391878661619411,-0.00870589354888381,0.0,nm
48.07858299999998,8.318863689685012,3.2742484710100253,75.8441817326138,0.10734441825204957,-0.10162879641432951,-0.07244273206699661,0.032864949999638654,0.062073490815654234,0.005251668820702504,0.0,nm
48.08804900000001,8.63706295435738,3.114268220539924,76.34674998371551,0.12433242569212356,-0.10882057750559157,-0.14093588959400652,0.04617637325613016,0.05425572043948451,0.004481782120356571,0.0,nm
48.097567000000026,8.697671772155958,2.657886316178762,76.7676452227286,0.15971270074208693,-0.03494672973001454,0.05470333954397143,0.09828657264058482,0.024509039633092193,-0.009873534484676198,0.0,nm
48.107061999999985,8.706609228416621,2.1603271299965674,77.15615037133288,0.2063047446335079,-0.04255053048296223,0.11596632791505414,0.09758137062763043,-0.020321146287806874,-0.020873280288131957,0.0,nm
48.11662799999999,8.351232994924562,1.836542680010427,77.54070937925376,0.16224909065714754,-0.17334920310918983,0.02765873780013039,0.0849926654198778,-0.04893545874377449,-0.028693534388431637,0.0,nm
48.12615199999999,7.878009547731234,1.4287240612472454,77.85128103530123,0.11584388697806228,-0.24631553558761357,0.020397514466398186,0.11261610776897747,-0.08512542192010362,-0.040585822292361275,0.0,nm
48.16418399999998,5.371663827698252,0.4314121574479307,79.09738389491805,-0.04171045164111284,-0.2459855745709915,0.061097815584026556,0.06841257354927521,-0.13827246791587758,-0.016951040146754644,0.0,nm
48.17364700000002,4.811312894883424,0.039790268114525455,79.46729019573581,-0.07797892831922161,-0.14654255289203488,0.0944404279098608,0.05667101568537851,-0.12464887891197231,-0.012412565218699892,0.0,nm
48.18337300000002,4.388639809449235,-0.09314650951173167,79.66031236964739,-0.09925450938238069,-0.1109602737646683,-0.04277592347839766,0.0365993405452886,-0.11093997430714014,-0.011540204366924874,0.0,nm
48.19265899999999,3.987943570122166,-0.46715569382432226,79.76925266051768,-0.09139503536084267,-0.06025223659122394,-0.11672960005400175,0.05953368462571993,-0.09224113906958967,-0.017233200121588674,0.0,nm
48.202245000000005,3.7963887318029523,-0.9844947104672527,79.97071788784253,-0.06515327935480685,0.012195790677183972,-0.03857498247698449,0.09254860649588813,-0.07076312653057736,-0.02341123894466042,0.0,nm
48.22124500000001,3.48041738807764,-1.9586394068609725,80.23858309684192,-0.015385608361475206,-0.08943219154696176,-0.0031033338109736136,0.10798904882843724,-0.043900199501053144,-0.022607579629532876,0.0,nm
48.24027799999999,3.110659091019011,-3.0468637566278964,80.4881134637405,0.06966087325108195,-0.1945154661966243,0.07385675492233408,0.13675128786716464,-0.04693032584441659,-0.013699335663866425,0.0,marker_1
48.259275,2.4746296020195855,-3.640236312664582,80.85310137534825,0.07288636787352226,-0.2929521085430343,0.008707121492362736,0.10280431889093981,-0.06272914833071012,-0.009464616518376797,0.0,nm
48.27826700000003,1.660904974942669,-4.392533242718823,81.04417333674608,0.07738856245517126,-0.1845507266576916,0.0914390872618669,0.07497349242376623,-0.08977172778822955,-0.02211074062342129,0.0,nm
48.287848999999994,1.1040909784512132,-4.649665451668996,81.01302756986361,0.07017421410135555,-0.13624762048984734,0.046933566264266945,0.06235176396486653,-0.10306927553384902,-0.02837569240308785,0.0,nm
48.297353999999984,0.528663511159193,-5.061937532980996,80.9010944735636,0.06147175061554073,-0.06344375180031195,0.053401985525132895,0.07687560238843393,-0.11346772549327704,-0.03205449578998838,0.0,nm
48.32588800000002,-1.1408770576141998,-6.699351820137928,80.54086969835299,-0.010127572853562089,-0.060786319492138974,-0.007238475199874643,0.10617723813910351,-0.12207511623974424,-0.022204485521383936,0.0,nm
48.335398,-1.6243506596598207,-7.2845660382284,80.48389363737962,-0.019954563444345375,-0.10755926166874691,0.053484397347396524,0.12241458029014259,-0.11801994272823528,-0.017957038594630357,0.0,nm
48.34491200000002,-2.0597000001808143,-7.785187225463072,80.43558030752321,-0.029518214553743857,-0.15966307985535758,0.05017718879294059,0.11810877311594736,-0.10785882441504074,-0.01572650387705857,0.0,nm
48.36392699999999,-2.8272148520757048,-8.481298506510878,80.04106621570457,-0.03750784358866234,-0.21361273623265872,-0.03234067021081744,0.10084471622509714,-0.0880406613355221,-0.017827454359137396,0.0,nm
48.37343500000003,-3.186036004403802,-8.80008072737918,79.67177252647085,0.003151064051805872,-0.18663072781203213,0.008141828835774854,0.09080490659946577,-0.08067932546452816,-0.01917861255081699,0.0,nm
48.39245900000003,-3.9135737204558176,-9.345922986563796,79.09510933963202,0.04759164480801823,-0.11212995751590207,0.027114525504483754,0.06530635280765114,-0.07127111929830143,-0.01574297736520692,0.0,nm
48.40196000000003,-4.254064643489752,-9.719501890221547,78.75402002609694,0.05345595079790401,-0.052498267996082246,0.04005711482101202,0.07147875742916686,-0.06915784814457213,-0.010512399684157769,0.0,nm
48.41162700000001,-4.59231395938482,-10.142662402412265,78.3944158760343,0.05268205048160058,-0.016925242851016712,0.03343288074345984,0.07383237467449548,-0.07123233513081798,-0.006963981306337765,0.0,nm
48.420991000000015,-4.947234327219621,-10.581270343422851,78.02451913518854,0.054378186375515634,-0.012440413182070837,0.004745916522280227,0.0775172308366527,-0.07540458034584316,-0.006120711950951276,0.0,nm
48.44000699999998,-5.610035427200816,-11.51465342659237,77.25220473459002,0.017405645833833,-0.09757150907711888,0.07619101098995416,0.09698449288245208,-0.07929981313268668,-0.009040676262955944,0.0,nm
48.449479,-5.9596816290941215,-11.91018139367484,76.83847736975783,0.01540145395560865,-0.13793751174533775,0.05724819472000018,0.09036883003472702,-0.08161063859022173,-0.013234640168209012,0.0,nm
48.459029999999984,-6.343317214810787,-12.230884484617524,76.39338496685603,0.024098355041867348,-0.16826866100317758,0.01471330838528227,0.08128773898661351,-0.08293830798029674,-0.015701847054052507,0.0,nm
48.46855199999999,-6.725629433080131,-12.518153870386952,75.86083759970734,0.032761697088700546,-0.16383143272754816,-0.02482412067957043,0.07456772249360699,-0.07984764639356598,-0.0135994446574937,0.0,nm
48.47807799999998,-7.08511024425219,-12.752051242706314,75.26840953227625,0.006675855642824303,-0.1562577164891737,0.0268632031986042,0.060999938267911585,-0.0784490613026222,-0.01034468169086504,0.0,nm
48.506591000000014,-8.313811168278614,-13.314610264885852,73.38967874293327,0.01935369097909984,-0.0747929880463669,0.06099981357703633,0.033650528158544676,-0.07910417217952843,-0.0009218234079833798,0.0,nm
48.516053,-8.713937862210601,-13.546233708282971,72.79112936811853,0.04514586931247888,-0.043483639521415554,0.0020375772355932524,0.03136650839831813,-0.07921764613283842,-0.0025858931948028003,0.0,nm
48.53511900000001,-9.4097498366117,-14.09832482757319,71.5240439523953,0.024936774806746127,-0.04909593759084215,-0.0030103262429981353,0.04635583201619487,-0.07781782706962151,-0.009108180660040434,0.0,nm
48.54464100000001,-9.762602267099611,-14.39908955724159,70.83634046709886,0.022348145525926472,-0.07777676003025495,0.023516691522440323,0.05126491747696166,-0.07965178646668929,-0.013054726427167552,0.0,nm
48.563672,-10.41946932322115,-14.839064922575371,69.39334514348073,-0.00039093838634387813,-0.14218268580604668,0.033133584955493116,0.044138917235213126,-0.0744785475739185,-0.012439183231312686,0.0,nm
48.57317599999999,-10.756955903980655,-14.986300053573485,68.61095856636467,0.0030189504067041233,-0.14451152386269706,0.003927630261413615,0.03539508509565953,-0.0709241420497276,-0.008129088050824443,0.0,nm
48.58268400000003,-11.095486244574758,-15.074690501689878,67.87993623972959,0.0024345517349265954,-0.13782061371398277,-0.023144218708466304,0.022903904678553664,-0.06712785164070012,-0.0039995485098149285,0.0,nm
48.592187000000024,-11.438979232585769,-15.123356899362436,67.13650097355762,0.00237415115340063,-0.12551563587689407,-0.020326874364618042,0.011561594153998466,-0.06523953649618185,-0.0010091099179413785,0.0,nm
48.60170199999999,-11.75775089788952,-15.168070524577296,66.37528903645959,-0.007197896322602909,-0.10653646030116266,0.025882712313324858,0.006469486105673566,-0.06159353176070306,0.001029750656392707,0.0,nm
48.61120699999998,-12.052906468239435,-15.222115612999549,65.67953622248021,-0.0054171975953632955,-0.0803368649135227,0.054684597362727905,0.003234740833870268,-0.05757714362866944,0.00017407454767572966,0.0,nm
48.62067999999999,-12.333214655014284,-15.298684404798353,64.9913616676838,0.01333976714075434,-0.0565401903307076,0.024500456062226113,0.0032285682354361656,-0.052673607643089225,-0.0021662661379609066,0.0,nm
48.630228999999986,-12.58996906508086,-15.416339953499042,64.2501010891236,0.019931142389383587,-0.0422716795540326,0.0003024880057141444,0.008894680753347775,-0.04996465680621965,-0.004175857691310475,0.0,nm
48.639752999999985,-12.845629742670148,-15.568470462058537,63.499178675361044,0.02285189982959561,-0.04797392614855163,0.0007875710587152455,0.015779071867496195,-0.05230521958509689,-0.006184485377006927,0.0,nm
48.64927,-13.091723276116891,-15.711914421157202,62.74970129936187,0.010588891582809358,-0.07264997076215525,0.022003543318923072,0.019572155558478823,-0.053059776076943226,-0.0063598312746996725,0.0,nm
48.668285000000026,-13.566351679624084,-15.869800125859918,61.2705726464203,-0.013057096671697554,-0.12395631444512165,0.03132863922589939,0.014185255321699192,-0.04854341446564136,-0.0019013809380329196,0.0,nm
48.677794000000006,-13.80459220761834,-15.8755433682342,60.52255480877302,-0.0176097423834543,-0.1291489654481501,0.006098844193450729,0.0,0.0,0.0,0.0,nm
48.68729999999999,-14.051685922580853,-15.834656448036512,59.8559287245336,-0.014256476582990125,-0.12652672372342583,-0.019740857980595727,0.0,0.0,0.0,0.0,nm
48.69680699999998,-14.300712654276348,-15.81041141713064,59.18262456126144,0.0060310030537221926,-0.08063162518369998,-0.006417544850943997,0.0,0.0,0.0,0.0,nm
48.70626199999998,-14.478272973123017,-15.670297247039597,58.42450870424477,-0.015108134620824932,0.07147931679232435,0.001374677730267928,-0.05708244839753396,-0.019075530466688105,-0.013589106673363082,0.0,nm
48.75378499999999,-16.720897006131178,-14.110334260160695,57.3245920760084,-0.19047067592420452,-0.0839026446412353,0.35121769456313545,-0.045607411271782035,-0.11200333899913374,0.17461242209411595,0.0,nm
48.763306,-16.970337778485572,-14.63257260958425,57.41803614805926,-0.6912072772420771,-0.036417077991353596,0.5785351964450437,0.061448378359410506,-0.09752180901636016,0.14158600102847407,0.0,nm
48.772808,-17.493197084331783,-14.961780207206129,56.85016094629619,-0.7417880822808259,-0.07168919443151317,0.38958962702767,-0.00025378066969525053,-0.12082923102676214,-0.008477736249898225,0.0,nm
48.79183599999999,-18.054690987771487,-15.23937437526787,54.29984050409121,-0.7122101727076394,0.0914914262313539,0.37682378793082094,0.02935989693233364,-0.044721338916176384,-0.12168291447280923,0.0,nm
48.80133599999999,-18.149129569946467,-15.435340088404399,53.22122294144055,-0.3178147188629375,0.34166501370129265,0.3286018733671936,0.020625137200338352,-0.038047543161872935,-0.07702097405715981,0.0,nm
48.81085300000001,-17.846683258428378,-15.020218599413669,52.50427114152302,-0.16933487253178842,0.3369306455552691,0.3166506514901463,-0.03040312961413841,0.09698360010425923,0.013031570610715885,0.0,nm
48.820335,-16.880943166130088,-14.471340617569158,52.288684650895306,-0.26514932629179755,0.2913069606729237,0.07376175861039277,0.028433101821389205,0.2151071134606655,0.1524048548425047,0.0,nm
48.829822999999976,-15.563017048666579,-14.353775049027163,52.50830106828091,-0.3229063104273236,0.25019644776944927,0.26252700605485324,0.13875173121611414,0.21604948850886538,0.2560441759950125,0.0,nm
48.839380000000006,-13.830774493475234,-14.318421702482691,52.713157604908886,-0.34172916548784704,0.03683779875805543,0.3371784461253061,0.2002088286755912,0.27014934552073117,0.26978897387587725,0.0,nm
48.84888999999998,-11.46896473551604,-14.206791507976078,52.521019823717495,-0.47870554554333244,-0.2719059783740955,0.1653678937370153,0.26294986740838244,0.3762558031531635,0.2205373099243204,0.0,nm
48.858412999999985,-8.791674384803889,-14.367346045364823,52.51854770816966,-0.5854020025189077,-0.3791715936191787,0.49412841725676987,0.3417216932265471,0.3928184981854771,0.13184025014476902,0.0,nm
48.86792300000002,-6.3778783999401165,-14.551624080138613,52.01575752499884,-0.09631852316578926,-0.44500817097881895,0.5286977232700871,0.31567853796605677,0.3476600080987331,0.020045308679311428,0.0,nm
48.877377000000024,-3.897170425628176,-14.273570680077082,51.33618387612107,0.15325264960053117,-0.4577420451002334,0.6348363648005507,0.2547198863072003,0.4120587269186812,-0.012404555375374661,0.0,nm
48.90590400000002,0.7201576968696384,-13.44138283714472,51.42671163127354,0.5361658605473715,-0.21813558749743095,0.6394491561937986,0.10593549821687538,0.17170976626940848,0.15750512000552788,0.0,nm
48.91557899999998,1.262185240352588,-13.34318080803723,52.31148888892438,0.31164273228090394,-0.276652633567759,0.45574366070358147,0.04974918839662154,0.0952353463824702,0.2023326854072706,0.0,nm
48.924937,1.5181846639258028,-13.500687295851982,53.17713011935874,0.14619769177022135,-0.34906299268213853,0.20922809269124568,0.055311884186647474,0.020613034736104322,0.18526107222161384,0.0,nm
48.93444199999999,1.819760151635118,-13.796483731764631,53.705894953211974,-0.07606367838499348,-0.370156302764633,0.31095763124000575,0.08255874532750918,0.011868009735750239,0.12014992929148749,0.0,nm
48.94394799999998,2.1076651362794627,-13.888608541015673,53.734174070815115,-0.1366489496373005,-0.40956684571191554,0.14870494040984178,0.04800665817258653,0.03421814569886001,0.019460989839019064,0.0,nm
48.95344399999999,2.5787874646139644,-13.814544764258242,53.327884574665646,-0.11080366308082275,-0.4009955835321086,0.013688128275647568,0.04252421864467886,0.08248905154968597,-0.05877474598402435,0.0,nm
48.96298100000001,3.2386349920761215,-13.72975954895476,52.73013986905002,-0.010275687353574878,-0.28742008556102566,0.1236811832377955,0.06362725423889658,0.11275856471583376,-0.08824465801770155,0.0,nm
48.98200000000003,4.580337861190694,-13.145148097423476,52.20639184205406,0.24161581430000317,-0.11447560559486752,0.1445211631442719,0.022297931435271583,0.15048817156975447,0.018708628024126213,0.0,nm
48.99151699999999,5.230752589325416,-12.866320329278045,52.576381476451274,0.24406593057093304,-0.07672456228931746,0.13794217979867102,0.03322220620616601,0.13464466878827133,0.10340766850318299,0.0,nm
49.01052500000003,6.530828245800614,-12.651067986855704,53.96088396808058,0.16106803373397172,-0.11952502399538237,0.19230532696906016,0.062232070345909295,0.11821875110291664,0.17445522780819775,0.0,nm
49.02005300000002,7.227051828946874,-12.603541851488181,54.47906476816163,0.09647350044915491,-0.18151928477053667,0.10410493513681575,0.07183963389536213,0.11597068815627927,0.1342547919693022,0.0,nm
49.039062,8.801476542524616,-12.779251771491998,54.53472388313851,0.18966519542075277,-0.1751942205772098,0.1439261937171926,0.10690894778894984,0.12105915851124266,0.013991203502580958,0.0,nm
49.05810700000001,10.536322575760131,-12.840977108927248,54.29104580700982,0.2447533396448127,-0.18257729434275277,0.023675014287112814,0.11026071899955617,0.1316711657889725,0.02675370438205643,0.0,nm
49.06761599999999,11.380565890452463,-13.005191322257156,54.471838660566725,0.2197341001773172,-0.2111157035905837,0.03312931181561073,0.12272245403111467,0.11482782279279956,0.07402750669995357,0.0,nm
49.08669600000002,12.699157927487862,-12.89354517775802,55.415156291693286,0.01785595714774821,-0.3675696567047063,-0.08244137182842862,0.10308890012291748,0.11716853508172098,0.12902443435999347,0.0,nm
49.096036000000026,13.300545642996642,-12.534224697442019,55.74136435454541,-0.03601345350775291,-0.43193501247830446,-0.07807227994696093,0.10445472785983348,0.12988683009360588,0.09123982189172568,0.0,nm
49.115138,14.539999396040397,-11.287771113692946,55.42450385117087,0.02864308632761692,-0.46647986252731605,-0.08494765935786246,0.05151133690890307,0.1865285806868306,-0.03922537185042872,0.0,nm
49.12465700000001,15.022522632852036,-10.513634135369395,54.92975509666029,0.11441891357814994,-0.43438146059924704,-0.09419578381117034,0.02597877813733534,0.19216012057266277,-0.08162469898456298,0.0,nm
49.14367299999998,15.429819795996673,-9.293788919645475,54.2568427038942,0.27107300017481684,-0.3312179312486498,-0.07746052230697481,-0.004247024274308909,0.14592408810990692,-0.038710039221231264,0.0,nm
49.172072000000014,15.840743841575192,-8.108811137034916,55.195990263799025,0.06040131768323727,-0.33144473989713785,-0.18329504440306962,0.01193190327915932,0.08518134032509411,0.09508431675616125,0.0,nm
49.18155899999999,16.25219282459638,-7.853521412484615,55.490388621560605,-0.02945182677300518,-0.3463749941972378,-0.247634267035438,0.00434530677140377,0.09621457799096499,0.07039136163418387,0.0,nm
49.19115099999999,16.71106679777832,-7.520655750086361,55.48131714255054,-0.06838423252471099,-0.3493755987814705,-0.2731767250511128,-0.0033277963939903512,0.11282637926261356,0.010467358225945592,0.0,nm
49.20064000000002,17.204910853851263,-7.120769399065835,55.12957611014259,-0.04454683488330404,-0.30522903916999694,-0.27408228913437827,-0.01000668517846264,0.1262453840729782,-0.05784685892616117,0.0,nm
49.21007300000002,17.663417341799533,-6.63972925860981,54.56187075034934,0.001598436056748424,-0.24019074049025685,-0.26206533214657135,-0.026271931439089836,0.13000800088071154,-0.10270100338373513,0.0,nm
49.21959800000002,17.99990104629594,-6.108196262042991,53.98790390997175,0.05948847206176619,-0.17092476310754867,-0.2599651539301169,-0.0473138033044627,0.11652560795943852,-0.1074776685441862,0.0,nm
49.22911499999998,18.201156873676503,-5.599841449803214,53.606222914730175,0.09729454050731086,-0.09226799195644449,-0.27903448090785715,-0.05847170114670764,0.09248948753333577,-0.0723397042263681,0.0,nm
49.23861499999998,18.28138892035415,-5.170341475995003,53.531079956310165,0.09357496905988882,-0.039575428706254676,-0.2629596929471899,-0.0597118793816394,0.06395787219471608,-0.013553031469855866,0.0,nm
49.25759399999998,18.29264504634713,-4.636094319238726,54.14699978819796,0.0007191526208596462,0.0022058878597823067,-0.3846185803999225,-0.03019562869167462,0.029689899893596713,0.07958435514580109,0.0,nm
49.26709900000003,18.400469986363817,-4.520069709961148,54.52947810183765,-0.07783693054878284,-0.01592357627493846,-0.3145249567339259,-0.006336585733278291,0.031046011508481852,0.0783167426182871,0.0,nm
49.276657,18.487814949054407,-4.438510865795766,54.73124580241479,-0.11287111551761954,-0.023362567828413377,-0.34066344834465806,0.0,0.0,0.0,0.0,nm
49.286163999999985,18.566101737506106,-4.349643438101277,54.67316285002835,-0.09737635512073,-0.015826500728814783,-0.3155442303635572,0.0,0.0,0.0,0.0,nm
49.29567500000002,18.60704501026184,-4.254795509878232,54.375739520745185,-0.06311696628583606,0.004026964229460907,-0.32987732056316155,-0.01071992941306645,0.01767906870986131,-0.05895014229630368,0.0,nm
49.305154000000016,18.62095329289303,-4.209194988894389,53.93498675360022,0.004766366650192367,0.028746814102049482,-0.35386676056375427,-0.005769645817606837,0.0075921492265239995,-0.08806185618794,0.0,nm
49.324216999999976,18.68928129671281,-4.330726730971067,53.1657304481982,0.036277800391594214,0.008370120069801031,-0.37564973248933864,0.019050399564058115,-0.005286445070392364,-0.06494434403052073,0.0,nm
49.33369499999998,18.726134869234883,-4.469749708046095,52.98885627100344,0.001081114477219641,-0.015717597881388386,-0.4035605548588766,0.0,0.0,0.0,0.0,nm
49.343245000000024,18.762974114082635,-4.638440182142745,52.91024958640747,-0.0653675557059759,-0.0435360777467604,-0.4123279633467492,0.0,0.0,0.0,0.0,nm
49.35269599999998,18.778703146696134,-4.782696807470821,52.83211724545067,-0.12063022434293973,-0.06056408405752566,-0.4187463024345965,0.0,0.0,0.0,0.0,nm
49.36221499999999,18.78805229968503,-4.844301860231862,52.65733880114925,-0.16990087851970304,-0.06601644457121092,-0.4248393818560345,0.0,0.0,0.0,0.0,nm
49.371733000000006,18.79262970970245,-4.815872044661757,52.318647619930424,-0.19711245394601276,-0.034672204834351295,-0.41002138437860175,-0.003955025191041506,0.004185328442634855,-0.06775079567584132,0.0,nm
49.381286999999986,18.787773141284795,-4.72310264612115,51.8172107841686,-0.1435081339000081,-0.022007883381065952,-0.40771977333182435,-0.015244250130693957,0.010647459889664593,-0.10050417932059877,0.0,nm
49.400296000000026,18.813269810774955,-4.493231205541784,50.68021552990972,-0.037020898102770254,0.02670785328900172,-0.39171239315146844,-0.01474289011616135,0.01652626921450834,-0.11014249649898264,0.0,nm
49.409812999999986,18.861834154054183,-4.422357552078672,50.269438008325295,-0.011452709631575611,0.04819577193391743,-0.38460945337046065,-0.0047713322429849625,0.016506236941366593,-0.08150946756669224,0.0,nm
49.428800000000024,18.966323166845577,-4.376998501717961,49.97398633963639,-0.06782446792108478,0.024994751705981446,-0.39280863354067425,0.0,0.0,0.0,0.0,nm
49.43830600000001,19.048580041030043,-4.381357642197635,49.96824785658068,-0.12469279310533372,0.005795358836904899,-0.3788043452942802,0.0,0.0,0.0,0.0,nm
49.447858,19.132636762783893,-4.368928164370075,49.93020278906209,-0.17216634498273206,-0.012040707244108778,-0.3676486749884304,0.0,0.0,0.0,0.0,nm
49.45736199999999,19.220104067563238,-4.302896692749024,49.80278270232702,-0.19471139937816745,-0.024359258655272633,-0.39343813890542395,0.0,0.0,0.0,0.0,nm
49.46683899999999,19.340341699783387,-4.177998858793754,49.58017035065845,-0.19080076977766178,-0.02579416422003956,-0.3776582956111243,-0.0035370661047812984,0.034492622914850245,-0.042805116003255234,0.0,nm
49.476387999999986,19.456500724831884,-4.011977508773877,49.30433717042964,-0.1299275048558498,-0.035616270050636716,-0.38395860370160784,-0.010171039782594654,0.03924661180188059,-0.053584057667111225,0.0,nm
49.50492300000002,19.750847320189486,-3.558505959174712,48.78896287227595,-0.0361752991677637,-0.009160181675536899,-0.3726565355015589,0.0,0.0,0.0,0.0,nm
49.51439199999999,19.782058438891863,-3.495574445239196,48.77905599547264,-0.039842775900641864,-0.005556391654065666,-0.3820953807133181,0.0,0.0,0.0,0.0,nm
49.52391,19.789288434750357,-3.4413731614258514,48.79151616072161,-0.08504365021290577,-0.010632815201023792,-0.3787513821665566,0.0,0.0,0.0,0.0,nm
49.53346499999998,19.738572889512277,-3.407527541395963,48.73855358452934,-0.1293505510616533,-0.02265100174271549,-0.4147538006107762,0.0,0.0,0.0,0.0,nm
49.542935,19.649045844937657,-3.3938272647874395,48.565793239348785,-0.14992668524031935,-0.02837578397264264,-0.4153366636313375,0.0,0.0,0.0,0.0,nm
49.56196,19.3630225955826,-3.276014100038065,47.949368691276696,-0.1417156924263704,-0.04304527150147129,-0.46170124177558197,-0.03182079932074598,-0.012704841657537803,-0.06900189770916926,0.0,nm
49.571506,19.22024287831296,-3.208691836064431,47.62775079420585,-0.10222758434460746,-0.0485859552623808,-0.44765151381946333,-0.02916534792809309,-0.012094350670736186,-0.06602947794734515,0.0,nm
49.58101800000003,19.078684424826147,-3.1578377912478466,47.39786688371791,-0.047936388129277974,-0.0459756898044379,-0.4366687041445146,-0.02662792234248345,-0.01400032003036603,-0.04761383188793438,0.0,nm
49.59053399999999,18.934427003315115,-3.1111051375450227,47.311111592683744,-0.011220966404460589,-0.05633146506984954,-0.41330439865761803,0.0,0.0,0.0,0.0,nm
49.600032999999996,18.76998985772928,-3.0907814659577073,47.35045112740707,0.0038977913988399475,-0.06650543680252304,-0.3877593837638993,0.0,0.0,0.0,0.0,nm
49.609554,18.566360551179635,-3.1139169613382873,47.45021468422985,0.017035916910806175,-0.07933782496512727,-0.34888925295614176,0.0,0.0,0.0,0.0,nm
49.61905300000001,18.32746724683801,-3.150546070889312,47.5370029123752,0.017742963300166212,-0.09636479162946465,-0.31271757032366293,-0.026873750286605377,-0.04017606375134768,0.014768142549049554,0.0,nm
49.62857200000002,18.050808818957723,-3.18588967216197,47.535886069357296,0.005255955130163543,-0.12160318306458913,-0.2866663123842421,-0.03213027458639737,-0.04559448681325024,-0.0032852446285490636,0.0,nm
49.65705700000001,17.02164961757237,-3.32018469216814,46.79119080810522,0.017817390963605927,-0.161172563174885,-0.2305510150887824,-0.04611108882520678,-0.0605885159937064,-0.07254505362620076,0.0,nm
49.68559099999999,15.56292285804024,-3.475316385678089,45.869005900047185,-0.013353666436085756,-0.11265184089010316,-0.25248665499115963,-0.06495350857211207,-0.08028245760452354,-0.055944797381334975,0.0,nm
49.69511,15.073177657663495,-3.5092134648869635,45.675186834544775,-0.030149670937824148,-0.08876979775426008,-0.27504943500467327,-0.06342577733544841,-0.07489778226101526,-0.044790626154703465,0.0,nm
49.704656,14.644222742878119,-3.56834537327396,45.490504348835515,-0.0283618530437794,-0.0602578769184388,-0.2864798618524416,-0.05155420307697704,-0.06954153066771844,-0.04228745450452158,0.0,nm
49.714178000000004,14.287400376376178,-3.662211185338591,45.273470374007566,-0.005878949714192404,-0.03070318001734215,-0.2855059243076792,-0.036713178253893114,-0.06397898209859565,-0.04797029199941592,0.0,nm
49.72386499999999,13.992528010802204,-3.7938227570760996,45.00028331599375,0.03220501424766375,-0.005073211688800857,-0.2893149924695472,-0.022887011020425233,-0.06037287821462801,-0.05854844319038145,0.0,nm
49.742876000000024,13.591187884327848,-4.313879671750467,44.27587845559211,0.09250090063691829,-0.0251634171902439,-0.26361920862350274,0.020099272917960116,-0.06843600588877616,-0.07993166073473026,0.0,nm
49.75239399999998,13.467133372839069,-4.7191125538765935,43.874625703539735,0.11928029814420103,-0.05445973211337233,-0.23529328701629648,0.038666973503681354,-0.07554816761571917,-0.08230609312136454,0.0,nm
49.76186000000001,13.393662996388459,-5.175984029130805,43.49250385928815,0.125015241147,-0.10197162896020011,-0.2264310873862323,0.05260328551023199,-0.07630811612532401,-0.07778693994736234,0.0,nm
49.77141799999998,13.387997020706267,-5.651947092563554,43.14369035812112,0.1509396082651321,-0.1326129943423624,-0.19650064114094454,0.06458298116287338,-0.07014097302672676,-0.06995339957291191,0.0,nm
49.78093999999999,13.45235852836925,-6.102148255479916,42.83349815788418,0.15914857575024216,-0.19347327101249634,-0.17307350662613397,0.0708661307724599,-0.05722229433270023,-0.060792737807260855,0.0,nm
49.790449000000024,13.603552489028075,-6.481968768186903,42.57078185967382,0.19058418553662657,-0.22787241653222004,-0.16348715577605227,0.07371508352187398,-0.03549862182431488,-0.04928664797272273,0.0,nm
49.80943300000001,14.154453249696726,-7.035688943654388,42.19096266610595,0.2463051518416574,-0.2554103995925407,-0.08876827873071226,0.07720699861124704,0.002304254570652373,-0.02681194675363454,0.0,nm
49.828486,14.788910824769458,-7.58007995765705,41.87811414989182,0.1933550831584998,-0.34083350718774574,-0.15606726319183908,0.08683303810348435,0.0012435088651837122,-0.02343656894549917,0.0,nm
49.83808600000003,14.566749671915113,-7.591714693835397,41.75290491956739,0.10660905183923264,-0.42718591709926923,-0.12947352093658865,0.06922800532936998,-0.006187066381312453,-0.030847589751682447,0.0,nm
49.84759300000002,14.12712729866507,-7.393367537501944,41.584140045117856,0.0442432003458869,-0.5277427506648075,-0.14879384528510278,0.03217042843329523,-0.018314625917625876,-0.04517167016841246,0.0,nm
49.85707100000002,13.612536729892874,-7.069301536760073,41.355435151247754,-0.011761008774352308,-0.5682594952125144,-0.07846632964875906,0.0032474614317003206,-0.021937417202147754,-0.05866518842349286,0.0,nm
49.86652700000002,13.375023898665438,-7.066618604025969,41.03689624481772,-0.012458243215099354,-0.5370217547998383,-0.0201247242176325,-0.03587614407149948,-0.030696439825787653,-0.06964818105255474,0.0,nm
49.87613099999999,12.613213064128132,-6.703812561699164,40.77327619927938,0.028327940688848127,-0.4384968080047728,-0.013203047393966135,-0.06910447823418554,-0.0385595479970719,-0.07095603539851744,0.0,nm
49.885602000000006,11.889813703412113,-6.464825493304752,40.54168355596212,0.05632953973003962,-0.2983898899609793,0.03877550591724292,-0.07821061048724261,-0.045910869576407755,-0.06291673828680927,0.0,nm
49.89515799999998,11.177376940304796,-6.419321592576649,40.353333462935616,0.09708797437032055,-0.17428806859968604,0.04123023981892504,-0.07699904156764428,-0.06465967141282794,-0.05369914525391126,0.0,nm
49.904673,10.553040547676156,-6.5143978651692445,40.19952243544031,0.08951638208642368,-0.1199733441019295,0.07937824184869297,-0.06052202731614159,-0.07355865792407744,-0.04487414918824548,0.0,nm
49.91411900000003,10.184530397547015,-6.680959332011423,40.02585332334313,0.06314067293005146,-0.09808711487760882,0.12577537028882185,-0.03457969153540868,-0.07275685064579605,-0.04325840689103711,0.0,nm
49.923608,9.921157049053543,-6.924099736364019,39.79530539312642,0.040941371511661835,-0.13195965854992658,0.15459190236622578,-0.008932634289861642,-0.07096512975455803,-0.0524170918633035,0.0,nm
49.933055000000024,9.77038288794801,-7.196323729647603,39.4904910827516,0.03849198944550375,-0.2079467813205817,0.25191558886535054,0.011709155372736237,-0.061111981278132506,-0.06475265191761137,0.0,nm
49.94260200000002,9.668337380339342,-7.4597027502758575,39.13807533694285,0.046734243647085436,-0.28860901232537367,0.3001019786300103,0.017739212119619055,-0.05366386347523425,-0.07318233923835049,0.0,nm
49.952080000000024,9.507812046811043,-7.738321087117937,38.78767415709777,0.053965086003016055,-0.34226912310348756,0.3059788089937424,0.010311031550390305,-0.06343778648235303,-0.07442364090188049,0.0,nm
49.96160500000002,9.155899127835594,-8.052827956426844,38.48772028686682,0.03618536236299019,-0.36139361652885804,0.2846143318936745,-0.015202372961208707,-0.09280338105817675,-0.06975059132928685,0.0,nm
49.97114800000003,8.521063891880457,-8.390869342610483,38.25227406216905,-0.013645425488065136,-0.3349097198334639,0.2054438225620341,-0.056637894584686675,-0.13120483530103966,-0.0653315209166628,0.0,nm
49.99031100000002,6.497445644975914,-9.075570805593788,37.7854531892117,-0.1530828265733968,-0.1332844708082479,0.07025133666458525,-0.1322173207052007,-0.1892321262186806,-0.0862990415557409,0.0,nm
49.99970400000001,5.265928290844453,-9.422183817972027,37.406403862906835,-0.1894014548063474,0.01313204838465523,0.06981205676346368,-0.15054910252398956,-0.20354249340413264,-0.11555177338263715,0.0,nm
50.00919600000003,3.976813023260405,-9.837469847179365,36.88155092565336,-0.16856536372429212,0.11800954969139055,0.08280012418907819,-0.1526993879736351,-0.22002002292972506,-0.14829910292116522,0.0,nm
50.01871599999998,2.75386754408282,-10.418445072576029,36.27074930378121,-0.06659977562605363,0.13663835100006916,0.0515282331703368,-0.12431245118807109,-0.23714391015146108,-0.1653911604276943,0.0,nm
50.02838700000001,1.8930745182701527,-11.201919469312339,35.717785823435506,-0.04643141016354548,0.13443258201560024,0.13635202999708906,-0.0448009712290261,-0.2265003823665018,-0.1430710236347557,0.0,nm
50.037724000000026,1.3530360765351712,-12.115094584628402,35.36514832595354,-0.12928072102926685,0.09991062769499594,0.22174467644844703,0.020116677869977846,-0.21041216339551155,-0.09247263365302054,0.0,nm
50.04723999999999,0.9618683942601264,-13.04652911446227,35.29808874773418,-0.18442772808069977,-0.018797847230033728,0.14355279124923445,0.04550536068765366,-0.19642417525413652,-0.030485185289702937,0.0,nm
50.05675500000001,0.7371879885683397,-13.888520096196494,35.51437897584911,-0.30894522781800554,-0.11903780942212479,0.18245599742665367,0.062041099705163257,-0.16281293500725325,0.03284692602796614,0.0,nm
50.06627000000003,0.5118954598626152,-14.54236958790011,35.887190611578745,-0.38737259628171344,-0.19721060436654975,0.21975674049379426,0.040907214825866886,-0.13187522141437172,0.06359265530850627,0.0,nm
50.085285,0.07390674071204582,-15.18159632119028,36.38395317624103,-0.33348196141228864,-0.20150892572632864,0.29164059419616534,-0.0017741848654286875,-0.05679454645623951,0.02105784488927487,0.0,nm
50.10426699999999,-0.2523206580723956,-15.604528358652443,35.85969747982599,-0.1865228141952191,-0.19711526342182287,0.31080153548699085,0.008958224262497958,-0.06001917740421579,-0.08584103402560561,0.0,nm
50.11381699999998,-0.42353169370647387,-15.964015458951462,35.339934611182315,-0.1341644955169576,-0.1723275393222408,0.551271720447541,0.01507388216176852,-0.077763545913711,-0.11342239330744741,0.0,nm
50.12332300000003,-0.7220249756378911,-16.206315815822897,34.837697178878834,-0.08191982432080945,-0.15371525181869605,0.3810992496681385,-0.019116938936000426,-0.07274152032347536,-0.1171504912438918,0.0,nm
50.15185500000001,-2.0066618708138177,-16.89861216401423,34.187585787655564,-0.2266007820668045,-0.08729245322358796,0.2515120224278849,-0.05099544646171353,-0.07783146953700944,-0.038029397152284844,0.0,nm
50.16132099999999,-2.344067422450692,-16.84259342511698,34.22710409735927,-0.29552321542044574,-0.07102171329943173,0.16777012925399717,-0.059791975810508706,-0.027078252476322603,-0.0116985032826485,0.0,nm
50.17088899999999,-2.5142533691059032,-16.72348930247203,34.30737036769722,-0.32883480276465554,-0.07464239988127302,0.19714899586414994,0.0,0.0,0.0,0.0,nm
50.18041900000003,-2.4800451192074857,-16.587075108560853,34.38526255106483,-0.29575809969067335,-0.07358687643599703,0.2987346262941218,0.0,0.0,0.0,0.0,nm
50.189930000000004,-2.2775082359978045,-16.324957763016105,34.447506502183806,-0.2560743775635666,-0.09318128692444026,0.34587368826224146,0.0024223860433719557,0.06530155513640817,0.02395651191507416,0.0,nm
50.21844199999998,-1.6813141586272273,-15.576469958244322,34.667919000666814,-0.12029014634783827,-0.16059796550860123,0.39008053653783514,-0.004976228506495732,0.046423999932293986,0.023650620217165918,0.0,nm
50.22797600000001,-1.6927617638180457,-15.32404819053654,34.745837493066134,-0.16518472831719258,-0.16765433139544833,0.32652479660953543,-0.030603115362181393,0.040306346703280996,0.014992103980669245,0.0,nm
50.23747500000002,-1.8661737460749241,-15.109975328971048,34.7830973089879,-0.21730942653579113,-0.1856648687998476,0.3056409727915915,-0.05198224814475448,0.016113962822485697,-0.0016562569196336373,0.0,nm
50.256463,-2.4227396579177,-14.696311784213155,34.720151710945856,-0.32748362815865056,-0.14067237168311317,0.25253822922412983,-0.07319716692270845,0.0068508963735788055,-0.024959849130512284,0.0,nm
50.275577,-2.9088758522860605,-14.069248493329528,34.71029160815693,-0.36405021199948895,-0.08917375322835755,0.06413566131301254,-0.06809357455938829,0.03324291710098014,-0.01604764032602323,0.0,nm
50.28508399999998,-2.9564313282901513,-13.629707885998949,34.7227866005207,-0.3517175615691248,-0.06651733882510374,0.03124965077892208,-0.0577412757923389,0.06709924815980399,0.00021960333434614725,0.0,nm
50.29456299999998,-2.8183858829558486,-13.045665075823084,34.77604566716375,-0.31383473301719156,-0.08370292468800519,-0.07636311512512128,-0.04457167351289758,0.11145412720633062,0.01704082762101791,0.0,nm
50.32320199999998,-1.18192133432409,-10.821584266153213,34.81122294384673,-0.1270493846877633,-0.16943363233037714,-0.037029923429558256,0.040993818620635586,0.1977969949562661,0.015194167893047048,0.0,nm
50.33270900000002,-0.46466120434113956,-9.984074393417812,35.056072474959194,-0.029413977497540676,-0.17460609094729107,-0.09124815044486534,0.06120959542347016,0.2113868706239522,-0.0053029373749803954,0.0,nm
50.35173100000003,1.0687700228389778,-8.85257183598445,35.25287417535701,0.12421191739312913,-0.17467098687087565,-0.003950884416191045,0.07736679701895838,0.18152569866525492,-0.04120455511925537,0.0,nm
50.389522,0.9533794187815438,-7.407817099020843,37.69199870787699,-0.030317665054883165,0.24482509832287574,-0.9667995950304393,-0.13271770564616517,-0.07173586971532527,-0.0029576387456979715,0.0,nm
50.399118999999985,-0.09357358285780448,-7.375071009808027,38.778094909279076,0.03602296905531658,0.025894294556401923,-1.4604933966709626,-0.16649321717803817,-0.12476933723768266,0.022646506695830442,0.0,nm
50.40871600000003,-0.384462447296363,-7.5920734542618815,39.970727022757124,-0.38105391098983976,-0.3161340502285055,0.3115277461628101,-0.01662005196401344,-0.07035222920644071,0.08168670590140001,0.0,nm
50.418227,-0.10652008614827062,-8.047353257402799,41.09292966921077,-0.5495013228743579,-0.3492065171159912,0.7163635147470218,0.10134852241701629,-0.03296416244536966,0.1193201638509328,0.0,nm
50.42768899999999,0.4555254103138629,-8.344283977126869,42.122723808045706,-0.5470594937555708,-0.31603068102982124,0.3327172273106627,0.1226789841666615,0.030062957277667578,0.12166517896938137,0.0,nm
50.43726300000003,1.017308383957043,-8.19106372330853,43.02819335720012,-0.5048921209241157,-0.2214851669272685,-0.2737498227352872,0.06076165707265761,0.09823488056892339,0.08605365548616761,0.0,nm
50.47528299999999,2.7791159489705155,-7.461162867382328,45.46383535510356,0.17862614734878213,-0.048093871225918045,0.30218105076162183,0.08381647256924843,0.06400951497138377,0.01738641238100088,0.0,nm
50.48497000000003,3.111470104130541,-7.7542693651222345,46.295550563519214,0.18269772614460097,-0.030432817250481765,0.06427525645569582,0.0880406710782374,0.007017054571847864,0.0403558421486663,0.0,nm
50.49432200000001,3.240559095217361,-8.205514167666518,47.20894653569799,0.08289833964752819,-0.11965556964438252,-0.012671070912137433,0.08363346730186472,-0.04277739480291985,0.050535221214507674,0.0,nm
50.50390299999998,3.2364737072248957,-8.739575375960776,48.07653845581576,-0.060739671496673656,-0.2601898089926472,-0.08570847537771777,0.0789325383757143,-0.07219838635868579,0.037068244581136986,0.0,nm
50.51336100000003,3.2077753356215486,-9.31060866991382,48.74017262867176,-0.17714698492106962,-0.3921497847196001,-0.028045856093919533,0.0822257230643857,-0.07970424140132515,0.00176656568793925,0.0,nm
50.53242999999998,3.1849701334777483,-10.178786239736827,49.480215972720735,-0.2268914680473047,-0.40888705005960774,-0.019407145589957132,0.05027146351437942,-0.04969781516078052,-0.07553736413432284,0.0,nm
50.541897000000006,3.0989386210856926,-10.335192691608725,49.76446981482604,-0.14981915733465787,-0.3271810444780259,-0.11471195639881995,0.01307913587508707,-0.03313868374951704,-0.08509138457493695,0.0,nm
50.551458000000025,2.980960589847616,-10.392698368318538,50.106909689420625,-0.07453048222280852,-0.23444730801731611,0.004328882082226521,-0.006006671291285262,-0.025241287351501884,-0.0646873404493411,0.0,nm
50.56096400000001,2.8300405687160692,-10.435671688242381,50.59628568979639,-0.0051397330716207185,-0.11845616469157465,0.06525836556669132,0.0,0.0,0.0,0.0,nm
50.57044500000001,2.67734451403363,-10.503560276076083,51.247343038828426,0.018724318463653234,-0.04084249154312322,0.10857719506020232,0.0,0.0,0.0,0.0,nm
50.589471,2.593364130652082,-10.926904733026566,52.79288370869412,-0.042511794617195765,0.008498590668748165,-0.06302101410065612,0.043874991914613935,-0.040274704208380904,0.04278374386926252,0.0,nm
50.59903600000001,2.694237711505197,-11.241754158087069,53.35544440144275,-0.07850126057897763,-0.05449481730949356,-0.08533404809903421,0.075632227110259,-0.040769718820445965,0.018109714458642664,0.0,nm
50.618011000000024,2.9983527984604903,-11.668312802502063,53.914984954154306,-0.12508552436097148,-0.2850283948821551,0.05312415988150084,0.10409946040509818,-0.022565059884956322,-0.04522053729297869,0.0,nm
50.637069,3.2481125914282667,-12.068291165430484,54.30136773138512,-0.06178415303368576,-0.36946593966032365,0.032436474868068076,0.07232073617570471,-0.006947393005031903,-0.039085616369596475,0.0,nm
50.64657399999999,3.1347016249088333,-11.929059662366814,54.74672890288426,-0.021388358040049144,-0.33349573694057927,-0.04241112388406038,0.0,0.0,0.0,0.0,nm
50.656086000000016,2.9387744244956533,-11.764567313945793,55.37481436752456,0.0023306246566000568,-0.267568572241402,-0.05365272111378976,0.0,0.0,0.0,0.0,nm
50.67511400000001,2.460407292924926,-11.550312923620657,56.784592346585384,0.0017245260347625152,-0.1436794678028054,0.09011866399592508,0.0,0.0,0.0,0.0,nm
50.68458500000003,2.250193456724796,-11.57646950719001,57.342132428835846,-0.002155810678280317,-0.08818574794474215,0.07174563598178887,0.0,0.0,0.0,0.0,nm
50.69413300000002,2.0835294581689126,-11.729874573065793,57.69351212394704,-0.024119656441118863,-0.04008507835414691,0.019413053019836583,0.020044721475361727,-0.044853055881924765,-0.021055829589285764,0.0,nm
50.703637000000015,1.9554291001434423,-11.972940051733607,57.84748914699638,-0.02624294330966291,-0.03965653024488009,-0.0434350285477095,0.0401896950863749,-0.04833593071413213,-0.04724624597843091,0.0,nm
50.71311000000003,1.8455850975283739,-12.232475940636778,57.95703789883769,-0.017730843554342162,-0.10327182910515448,-0.022328905337502855,0.05581528403902843,-0.04958411605502862,-0.05654103973142021,0.0,nm
50.72268300000002,1.7374754444708813,-12.43828531844727,58.110907092466086,-0.04057224255158049,-0.17546223767262453,0.013536573427173057,0.061970624757884694,-0.04858247810713288,-0.04553110891077919,0.0,nm
50.73219,1.6298908139437869,-12.533057236012171,58.45743516694742,-0.07253967912747179,-0.24691441602986286,0.0595972737421268,0.05600309236085428,-0.042834501303920434,-0.01975851945338119,0.0,nm
50.741693,1.5236573918740262,-12.479732602720828,58.90673303505757,-0.10015116541888006,-0.2870435461488878,0.042436629142066695,0.0396973544226815,-0.03302244330433062,0.008627386272982738,0.0,nm
50.75120099999998,1.4268644954708694,-12.295972827138417,59.396369034729226,-0.10769321020124388,-0.28384355497499847,-0.01981449951312073,0.0,0.0,0.0,0.0,nm
50.760666000000015,1.3545891913087134,-12.044190133522726,59.86890310640064,-0.0953132925225662,-0.24478101173938377,-0.05635641219314774,0.0,0.0,0.0,0.0,nm
50.77017999999998,1.2955562293382972,-11.799747685622913,60.239048303301175,-0.05796082203593507,-0.18822030073729826,-0.04114066529599542,0.0,0.0,0.0,0.0,nm
50.77968199999998,1.2398681990121534,-11.632905272963008,60.50815198821593,-0.006406866229859448,-0.13130512588345594,0.03477353316368653,0.0,0.0,0.0,0.0,nm
50.78925400000003,1.1677824231367493,-11.592778407693405,60.63977616555091,0.062135834747284555,-0.05422197144515057,0.08185794685390559,0.0,0.0,0.0,0.0,nm
50.79872899999998,1.0612656689687745,-11.680944507670333,60.7016878574299,0.09391364521092702,-0.03955323281241828,0.0770271490466765,0.0,0.0,0.0,0.0,marker_1
50.80827700000003,0.9096146683593166,-11.851638143922795,60.79866357737481,0.09320897651278821,-0.05797749094084265,0.024466687377711346,0.0,0.0,0.0,0.0,nm
50.81777900000003,0.7118289455853867,-12.03466453667934,61.01476496906359,0.06899452173642981,-0.09488156845573284,-0.01191717200502089,0.034677480786428065,-0.03643236610012823,-0.012404141178250361,0.0,nm
50.846318,0.03423340276284082,-11.942597962056356,62.08519248565266,-0.10217676968416599,-0.2901326362414331,0.036988312150340444,0.0,0.0,0.0,0.0,nm
50.884322,-0.5428836770926855,-10.945360019771105,62.466035564745766,0.008483312178781859,-0.06757394244633777,-0.010455560417778209,0.0,0.0,0.0,0.0,nm
50.89382599999999,-0.6556424345924099,-10.865090504787922,62.524449157329876,0.040540666724051634,-0.030869380503575634,0.045240191368038606,0.0,0.0,0.0,0.0,nm
50.90338200000002,-0.7672799257934195,-10.846926974711689,62.56407657961793,0.046354256176173926,-0.036661774005782535,0.05834942567232835,0.0,0.0,0.0,0.0,nm
50.91289499999999,-0.8816618470427287,-10.85637255421183,62.7001167571231,0.05136438833697441,-0.03485969088738978,0.03868385949345431,0.0,0.0,0.0,0.0,nm
50.922405000000026,-0.9993375514859901,-10.856026083105982,62.95948490456103,0.017228773417921252,-0.1018917323617457,-0.014806761213513011,0.0,0.0,0.0,0.0,nm
50.93191300000001,-1.121325429566338,-10.793482514892354,63.02915845604035,-0.014171057196584095,-0.16726111302251787,-0.02838430895539327,0.0,0.0,0.0,0.0,nm
50.95093700000001,-1.4051589180070707,-10.420056704782873,63.073117337720305,-0.046584473762434686,-0.2555634259372769,0.03634939285948881,0.0,0.0,0.0,0.0,nm
50.969926999999984,-1.7887596331991646,-9.851067552697131,63.07269404406002,-0.006597079785435015,-0.18912630546447223,0.034939932031097104,0.0,0.0,0.0,0.0,nm
50.97947199999999,-2.019040784988233,-9.570806993738355,63.04300844447624,0.017838580812282522,-0.12677774722535295,0.010742359465303239,0.0,0.0,0.0,0.0,nm
50.998496999999986,-2.464136407365542,-9.149593240689676,63.15840228164809,0.022065493422548668,-0.04168366955246577,-0.0027070685080758604,0.0,0.0,0.0,0.0,nm
51.01747799999998,-2.7867295523751707,-8.86892186148146,63.30018006679201,-0.03313135209008772,-0.061321279892249114,0.0316705894926718,0.0,0.0,0.0,0.0,nm
51.026996,-2.8975080559765716,-8.743602942595206,63.29220094012542,-0.045116126338373995,-0.08967302185537421,-0.01543892466341209,0.0,0.0,0.0,0.0,nm
51.03654999999998,-2.9930762718010326,-8.59830042315068,63.00500005122732,-0.030972265916587867,-0.13559310095343693,-0.018599056862790835,0.0,0.0,0.0,0.0,nm
51.04605200000003,-3.0940365481732437,-8.412800472148625,62.59017801542041,-0.024271420387789573,-0.1654053105387327,-0.02038559191598668,0.0,0.0,0.0,0.0,nm
51.055556000000024,-3.210246939204062,-8.178959879054348,62.3826444487462,-0.019337660069409963,-0.18935386550618577,0.030380974237713593,0.0,0.0,0.0,0.0,nm
51.06507700000003,-3.348343409042374,-7.903429624565801,62.29746360389128,-0.007671466857237148,-0.19069014707003698,0.051607663032850956,0.0,0.0,0.0,0.0,nm
51.08409899999998,-3.673721646315491,-7.266848657492178,62.136319357945645,0.0043756646796289595,-0.14609275959126056,0.023448068521258116,0.0,0.0,0.0,0.0,nm
51.10312099999999,-4.010741344398759,-6.695013351163285,62.081071790485424,0.008126267562394004,-0.08509479284227481,-0.005059891993464693,0.0,0.0,0.0,0.0,nm
51.112622999999985,-4.165253089366757,-6.484740199924699,61.97346569536482,0.008197290272570063,-0.07011480134875188,-0.003652149600518934,0.0,0.0,0.0,0.0,nm
51.12213700000001,-4.30932291791512,-6.326665040422375,61.83718623839994,0.004760689384267748,-0.07095389033900075,0.03510426916638822,0.0,0.0,0.0,0.0,nm
51.13165700000002,-4.447646619174366,-6.201570487053215,61.74801198961865,0.0040787547812618065,-0.08433482275586496,0.03367973094257184,0.0,0.0,0.0,0.0,nm
51.14115300000003,-4.5827373046814355,-6.077690174331079,61.4372771682065,-0.0019091851075199503,-0.10638036096877705,0.02167002473634235,0.0,0.0,0.0,0.0,nm
51.15066999999999,-4.718561377250168,-5.917044893835055,61.2128580603445,-0.010248469567086981,-0.1335493458430586,-0.008050627949209313,0.0,0.0,0.0,0.0,nm
51.160116000000016,-4.800117068882932,-5.86252318117846,61.210313648694495,-0.08731000760927433,-0.11736107332086083,0.22450923385047056,0.0,0.0,0.0,0.0,nm
51.17910899999998,-4.994153788723437,-6.183618535310831,60.77653461591819,-0.8597258434611404,-0.6127523932867023,3.9199489010750463,0.08748184409873265,-0.04356460488509565,0.009895514051756435,0.0,nm
51.18861099999998,-5.9291230525817085,-5.821297112812433,60.49529471464896,-0.5189227275095628,-0.45667231513576395,2.582878788638929,-0.15476031750250402,-0.12649894440467987,-0.04176643781402971,0.0,nm
51.19813599999998,-6.842050410236015,-4.956255879435461,60.21735481384129,-0.2099734409410609,-0.2340432894298204,0.5253578827215819,-0.24065169109322976,-0.07244161697899257,-0.06479017435850369,0.0,nm
51.207649,-7.746703282291959,-4.524869603080681,59.81467887253716,-0.8465436811837712,-0.1508773944472928,1.1919200300018373,-0.16517456396247712,-0.1131007430810953,-0.07782622455928874,0.0,nm
51.21716300000003,-9.642649327943746,-4.753898938654712,59.33574426204893,-0.6422930307259159,0.25636244602156294,0.4459443953562261,-0.15246648509067953,-0.3494600455221991,-0.10439555209066832,0.0,nm
51.22681799999998,-12.00404653235914,-4.920959839141156,58.81532381748268,-0.9373933253854125,-0.06718994204772412,0.3639320242994545,-0.2141391536848514,-0.4211600457261067,-0.10941079817287738,0.0,nm
51.24569200000002,-15.315689660204741,-5.111412849072421,58.70745014352979,-1.1890615079405211,-0.10909808979269288,-0.05915483053519754,-0.11913162197592639,-0.21152566172672913,0.02974950033279831,0.0,nm
51.264723000000004,-15.293590233113866,-3.4495307192156512,59.68287378738028,-1.0136103616450414,0.06842216415694301,-0.27644346481998494,-0.14465578839845458,0.20064029698046834,0.10944117131430438,0.0,nm
51.27421700000002,-13.688495260665745,-2.282644949872255,60.16303403056859,-0.9564595739089724,0.1663835175080221,-0.16292151654823245,-0.04130925681472136,0.3949776774076275,0.11223815980739783,0.0,nm
51.30277100000001,-4.633382054404864,-0.6329026474489169,60.219913492762366,-0.0633193270922667,0.15825187562434898,0.4132122251978999,0.3045652307673209,0.6553537026201594,-0.040714037064050586,0.0,nm
51.312269000000015,-0.7480060911903254,-0.6741294231484578,59.866898545596065,0.15666977224710302,-0.0615467511812859,0.5721221553786907,0.3957218870670561,0.6700825366320899,-0.06179037983219923,0.0,nm
51.34089599999999,8.503120425222063,-0.12991688722648162,59.3651201711874,0.6019936246161018,-0.7998334046937216,0.6464737225932987,0.19526567149197904,0.47043207294717915,0.002703104920116096,0.0,nm
51.35026399999998,10.315938422187045,0.28583786767453073,59.496777583002434,0.6880403554982522,-0.6695591302762477,0.8097745974836851,0.11296572905922629,0.3549774153823514,0.025862835049614525,0.0,nm
51.35977100000002,11.108488314602265,0.8906198963622642,59.72095318009881,0.8221855311297644,-0.5635494902119589,0.482819461546718,-0.024186748183127868,0.19820453832094484,0.04325318745744355,0.0,nm
51.369279000000006,11.381610126502778,1.5369090137131747,59.99067502354273,0.7489940361975767,-0.4191759918334032,0.4330748374099404,-0.08447979095465477,0.11230274140046673,0.052844656740466366,0.0,nm
51.38829500000003,10.520416422044592,2.130041897207671,60.32647391906866,0.5845392398411697,-0.11180462691701559,0.2555732581195583,-0.09534377914575354,-0.08858260147891885,0.03111896355516685,0.0,nm
51.40734500000002,9.257356957104252,2.2189944662538403,60.53682215866583,0.19751900577395315,-0.14536831656367208,0.09950064613695435,-0.057491466658648134,-0.11347711555004673,0.02370793205733219,0.0,nm
51.416855999999996,8.766544392935357,2.0387245433576164,60.62886300893549,0.12553715104280677,-0.15463640424354627,0.02321140724313594,-0.016800820674661144,-0.10330600016079995,0.022084439646701537,0.0,nm
51.42637300000001,8.54586224523212,1.9050698580294925,60.768763346182254,0.044566708191908444,-0.16560091301144175,0.036048913270611015,0.0017243408599021712,-0.05162398402135799,0.02953661811402638,0.0,nm
51.435828000000015,8.541587212462257,1.8493369742235355,60.94280405150095,-0.008626862799260851,-0.21158458322650295,-0.008202016401918637,0.0,0.0,0.0,0.0,nm
51.45488899999998,9.1315873451909,1.6081649772123847,61.24886351463267,0.06198173448670361,-0.18405866632067563,0.12169271243553527,0.059657269455750186,0.05233977539218437,0.026482693671456767,0.0,nm
51.49287700000002,10.852513854689994,0.9444626758277778,62.31776831198174,0.25561618072950226,-0.19071544202418603,0.1328933195238812,0.076995301791141,0.058469285348420656,0.08091633472266335,0.0,nm
51.51196600000003,11.895437766966825,0.5555345903137857,63.31790170808254,0.2797662362889985,-0.13947310792307244,0.1036827779163415,0.08750672790898967,0.07982848889515963,0.09975379030320736,0.0,nm
51.521454000000006,12.531016882071631,0.3463594301669045,63.78112263022378,0.313715628125502,-0.11391499085333318,0.13785808960118875,0.09420474751313308,0.0953134368546593,0.09176102895857224,0.0,nm
51.53096599999998,13.2406886432784,0.19612112376674135,64.18423335268776,0.33253013567419276,-0.10590763678769924,0.1225079826255699,0.08938408183478465,0.11453913205049432,0.08005143435968108,0.0,nm
51.56918400000001,16.383188337660997,-0.4819002765431908,65.08260194532873,0.3124744040410308,-0.2430998196125819,0.015357681197421239,0.09448091152856403,0.12727481200845334,0.03006915981382794,0.0,nm
51.57854000000003,17.1239876825766,-0.6412786517318484,65.17356702573608,0.2819327087566984,-0.28483435210381974,0.008801058479878285,0.0913611704588999,0.12118114097103566,0.019673071986731426,0.0,nm
51.58806500000003,17.819310677116906,-0.7828626537241896,65.21128615842792,0.26990842551062777,-0.29005806131037165,0.024328710759833085,0.0841681972774833,0.11450719375901151,0.009287087315075434,0.0,nm
51.59756399999998,18.472351073645235,-0.8339151387256585,65.22394843771926,0.2527354304779057,-0.27749982280773516,0.013407878544174988,0.06410466432620225,0.11445379124835833,0.004382958582734985,0.0,nm
51.60714899999999,18.763469342997173,-0.6596542953134348,65.22850593373187,0.22547836635986113,-0.2412113125421863,-0.03861224426349028,0.04647001286582303,0.11779546723064069,0.0014967125133568617,0.0,nm
51.61665800000003,19.088486901283595,-0.4995342884297256,65.22327970166383,0.21126655261249286,-0.18147397087009706,-0.0933667751954308,0.04131668370061349,0.12283634356384703,-0.0005291732882722216,0.0,nm
51.62617,19.45898919115602,-0.3622019830426823,65.22738325127517,0.20698270857994638,-0.13221380190774906,-0.13018291444851307,0.039054116429371406,0.1304659957897647,0.001279932995453646,0.0,nm
51.63556900000003,20.179297836756113,-0.2458777265667509,65.2459985479501,0.1902330638711733,-0.13668374648857187,-0.19014783570344376,0.03927263403008304,0.14076112105953295,0.004489329669374673,0.0,nm
51.64511700000003,20.97150897785508,-0.15728632854421765,65.25795184798616,0.17575528803932175,-0.1781593625440707,-0.23076355717987476,0.05030882067283171,0.1515247502852347,0.0029500115863242684,0.0,nm
51.67345899999998,23.699421160468304,0.40277185502917395,65.22367485717541,0.2311419714590231,-0.3198971101669493,-0.31866291693859006,0.02454576845293028,0.19598038547389904,-0.004736489543770828,0.0,nm
51.68296600000002,24.610336457823657,0.780386629781875,65.18311547380694,0.28104041888848036,-0.2928222511894841,-0.3693462717875032,0.00785445476105804,0.19733362418329012,-0.010017002107952741,0.0,nm
51.69247899999999,25.4651079974429,1.1998170041766054,65.14341793272493,0.335205701482438,-0.22100937825676345,-0.42172859353856307,-0.004337456240017859,0.19062657261173288,-0.010921078306712084,0.0,nm
51.71150299999999,26.972514110589927,1.9443768215821577,65.1874399931887,0.34043106675404755,-0.07382696558708207,-0.5567852206483593,0.0016098743690603123,0.1595066781741513,0.004470602079064471,0.0,nm
51.721006999999986,27.66983116916101,2.127763553780066,65.26730607458207,0.30430820820919247,-0.026207167805045926,-0.5604015521521339,0.025131017660586365,0.1421214254350187,0.01102549195977861,0.0,nm
51.733067000000005,28.350903276613884,2.201926897811046,65.37016194348952,0.19710975139597978,-0.00774118761159286,-0.6345973100479032,0.04341853962348151,0.13006159224410666,0.015441495540408448,0.0,nm
51.74027699999999,29.040400394569854,2.222791309692299,65.46509189969079,0.06654710553582907,-0.021434471349135925,-0.6335348736985084,0.053601684631999325,0.12722520523132103,0.013679702882438891,0.0,nm
51.74981700000001,29.6317186475383,2.2065997992502147,65.49799490374174,-0.004255392580665534,-0.17989558959707708,-0.47194260019580564,0.05205971415502776,0.10632584901606261,0.0020120330509842315,0.0,nm
51.759322,30.089178976734374,2.218036784845421,65.47539464531441,0.024478199433920253,-0.07828541753082231,-0.5531875188501024,0.03590264853608196,0.08425109992339251,-0.008063501032732744,0.0,nm
51.7783,31.129891938510372,2.6176070648482863,65.57741135449238,-0.04205107473750721,-0.05683364717658833,-0.5945715822388362,0.008179463805634325,0.11006588967033964,0.005186650539455162,0.0,nm
51.78781500000002,31.562542497886877,2.658892173580759,65.6119660099551,-0.013010776908469685,0.08875103715630296,-0.6693997196880276,0.02823381443320701,0.08224333658303504,0.0029287544852115493,0.0,nm
51.80684200000002,32.13559171606822,2.4043263310088596,65.87110248713256,-0.05934992641564466,0.1578437861498317,-0.7298408387860688,0.05732317850169182,0.0255215232169667,0.026665096393324157,0.0,nm
51.81638600000002,32.29504252075559,1.9476672490016471,65.9182475899377,-0.13300659069591722,0.06366860764733422,-0.7147124609729554,0.09652151721007377,-0.008226106644336696,0.008245994891891388,0.0,nm
51.82591000000002,32.3848247582163,1.3579206208524197,65.82494291832963,-0.15828702100027622,0.018357703028378816,-0.6500321900521028,0.11515328874863379,-0.03188492207008321,-0.019180001826245567,0.0,nm
51.83539999999999,32.373466400878996,0.8453117598038284,65.61467248093153,-0.25703065910029016,-0.11931245784537851,-0.6561594760604945,0.0926629504590236,-0.044295496741415454,-0.04204145918197133,0.0,nm
51.84489000000002,32.26560479908494,0.41055044313670097,65.24176880134941,-0.29441884955654474,-0.2105402788137806,-0.6547911349843881,0.07022547696463528,-0.05586228247293806,-0.07441708934869912,0.0,nm
51.863944000000004,31.8109331154415,-0.24676280071202447,64.22963629033342,-0.23019192497837518,-0.19470440220672278,-0.5609006558734754,0.025410588768525585,-0.07362980763621815,-0.10029458141799448,0.0,nm
51.88292799999999,30.795310256130943,-0.7206813142114982,63.53417407743312,-0.23504915024667522,-0.11742148736167002,-0.6114389766605306,-0.003335734975857183,-0.12505648585021514,-0.059701521467321404,0.0,nm
51.90199999999999,29.3734936571413,-1.3209750340456339,63.239886005539084,-0.31269163626081153,-0.07736248895428155,-0.49353706045335266,-0.018108634516903834,-0.162913987996475,-0.024726786220878694,0.0,nm
51.91150399999998,28.483903731393223,-1.560855414380319,63.11555057436473,-0.3724487440879547,-0.10040372355626204,-0.5357862068049315,-0.0374895437724764,-0.18063261735916697,-0.029370004258667006,0.0,nm
51.92100499999998,27.598965346817817,-1.779191846768131,62.894294799747755,-0.40691218254972744,-0.0845640627154375,-0.49080091435226814,-0.04144464709559781,-0.17771484359863324,-0.04946227944329761,0.0,nm
51.93052,26.744379839296457,-1.938841017951866,62.58027956081405,-0.4210849948298889,-0.06532342734412304,-0.4250670235744211,-0.04992932021393818,-0.1667205664444654,-0.06842827326273102,0.0,nm
51.949545,25.13346681345254,-2.1959214586955036,61.83364605604024,-0.4014510541808385,0.002682558979494353,-0.45033686509856885,-0.0457346415710943,-0.14862369486867916,-0.08127264393870998,0.0,nm
51.96857699999998,23.879431894403236,-2.71261908383862,61.284079026905296,-0.3505926500533583,0.04851659860189063,-0.45697512559928494,-0.005758611492041267,-0.1302754857516703,-0.04971862808140684,0.0,nm
51.97809000000001,23.40663666481394,-3.0351057500111316,61.174623671429124,-0.34306514620655537,0.02146027600075636,-0.4658335368622932,0.0111008407528996,-0.11399097085328541,-0.026654560463197124,0.0,nm
51.987555999999984,23.014004091675,-3.395287886319282,61.13003517155127,-0.3156538845273471,-0.014535086901169482,-0.45824186292940905,0.025308268876624726,-0.10358053051174003,-0.013326318868452043,0.0,nm
51.99711000000002,22.678263043429165,-3.745944856346791,61.10561535445799,-0.27062749671503444,-0.05531766505783091,-0.4482112740154341,0.029081814781004814,-0.0926903649003309,-0.009066090086243234,0.0,nm
52.006609000000026,22.372092465583787,-4.035405730139849,61.06895484414164,-0.23685130096401597,-0.09095820854081837,-0.41140791291940904,0.02117177976440809,-0.08158594133252275,-0.011491622442480918,0.0,nm
52.02564100000001,21.700146751220068,-4.456285853315992,66.27685595595942,-0.08182901648067985,-0.14257733324087188,-0.38218858134435274,0.007317572965891938,-0.07882364140041842,-0.02748665305523586,0.0,nm
52.04461300000003,20.868682723371553,-4.74276021409084,71.33792308181317,0.03316952990444214,-0.13651684899406755,-0.3100916316379609,-0.0034303842047227313,-0.09222267754291649,-0.02453954837072217,0.0,nm
52.05417299999999,20.396444865153676,-4.878063956736024,73.88164284362765,0.046888133158840856,-0.14448781369339733,-0.27250679903049013,-8.156163353967923e-05,-0.09807027690203723,-0.01917239191918012,0.0,nm
52.06368100000003,19.88754481823502,-5.026337453056914,76.38095322361444,0.045412748493980894,-0.16597809428309193,-0.25703960734967496,0.0049884446850350615,-0.10568281464524454,-0.016456443710266947,0.0,nm
52.082696999999996,18.904275348048234,-5.260880838885967,81.18275139939759,0.04256763391467086,-0.21870296560741656,-0.24363603597151753,0.004501505123221777,-0.09514715713428963,-0.015139484409223091,0.0,nm
52.092219,18.491640416968643,-5.288841319378654,83.51455041530643,0.058846000351585014,-0.23219873901114613,-0.22903497628029837,-0.0036951895995833983,-0.08240435318990987,-0.017270693625389452,0.0,nm
52.10172899999998,18.162846130232293,-5.245014779181531,85.75441687103698,0.08634910111703324,-0.22656548411291283,-0.2182352030703938,-0.013563172941856334,-0.06475636846617659,-0.021589519068613568,0.0,nm
52.120690000000025,17.780302250847352,-4.928609030201205,90.06840465989126,0.17353161616839838,-0.15324517886565328,-0.20637243377637293,-0.04031735842634382,-0.030134307777533544,-0.029488809474007487,0.0,nm
52.13019600000001,17.7269288590143,-4.634944187265521,92.16751356682087,0.21731639026277635,-0.09644145558725332,-0.18434192928177437,-0.05835697667225721,-0.012934677092198952,-0.02607403210072659,0.0,nm
52.14922200000001,17.741969405090035,-3.807942690710093,96.44718571389964,0.31297984585630084,0.04211880633678679,-0.10079413451826968,-0.08968384784004385,-0.005900473624208329,0.002992208284774872,0.0,nm
52.158705999999995,17.853433174166813,-3.3105371719799797,98.70173570281523,0.3277442009417664,0.10887002292030451,-0.10648097989011576,-0.1018454289805436,0.00708114843886269,0.030206195602086202,0.0,nm
52.16821500000003,18.04140755400325,-2.7830325962031437,101.08164621512563,0.33777847296721447,0.15639798330363802,-0.07328580680912578,-0.11087618239073138,0.01687067777944211,0.060676037767529375,0.0,nm
52.177817000000005,17.854090043630286,-2.3808322659497727,103.54675783235402,0.31941332069567097,0.1654438743380717,-0.10902611870707968,-0.10941400816968949,0.02058835731757569,0.08562904497956846,0.0,nm
52.19685500000003,17.610446222117098,-1.671847477719117,108.43646895854333,0.27380300932915075,0.09410187063021253,-0.0918569734810313,-0.08212085070291844,0.022751708883457986,0.1014545914371667,0.0,nm
52.215802,17.89244009243746,-1.135006806623741,112.85683856368281,0.269516015382274,-0.11477244951266631,-0.1587602051045953,-0.05307849763796596,0.002657773882030457,0.059886731264274774,0.0,nm
52.23490400000003,17.713910098202987,-0.02163650265258299,116.56398659794053,0.2724115509121121,-0.17680377744539774,-0.10746656518787973,-0.05666639463223231,0.0011590623456253577,0.005403882506901238,0.0,nm
52.24439699999999,17.68488207565152,0.572861497815214,118.25235622751013,0.2630371643814252,-0.1401143240127472,-0.05025439791896452,-0.06895535821615881,-0.0018938637461165444,-0.007226552627869401,0.0,nm
52.25386100000003,17.874478969067038,0.9158178904837379,119.87190940160697,0.21310337573323082,-0.08334629692476547,-0.13179420078323364,-0.07847572639313696,-0.0013201850659027383,-0.01050710626401858,0.0,nm
52.26337699999999,18.13263376455535,1.2452055276225749,121.4590071480209,0.17243318894259055,-0.020996369503287392,-0.15954587259796937,-0.08325856469206658,0.009643890299897028,-0.007413570774704895,0.0,nm
52.27285999999998,18.45780099830972,1.4891979745148067,123.0387898929161,0.16650798872340938,0.02840821260049329,-0.1869450213930701,-0.0764667271528677,0.0279332717056124,-0.002516009264820031,0.0,nm
52.30140699999998,20.07197503795952,1.434059819625889,127.68764192281711,0.32810834948976864,0.11345507278899764,-0.17154474362148003,-0.059259817886014345,0.11749235105628164,0.007942204679479214,0.0,nm
52.310990000000004,20.305398220844356,1.3573898589449123,129.1449131612286,0.4081883253979425,0.15761352378480267,-0.07282057968992538,-0.05291998775909569,0.13739258998487197,0.006913031409515508,0.0,nm
52.320438000000024,20.992284187002348,1.0504031054238414,130.5980485159626,0.471726885490867,0.19629397550391797,0.022518467886788407,-0.04275788660194695,0.144467101207375,0.007256895415154966,0.0,nm
52.32992300000001,21.583359474139247,0.7351398069670512,132.0432835708301,0.5382635699924816,0.1736048511404595,0.18105209319566937,-0.032304085224081215,0.13021230319412816,0.011588368829981092,0.0,nm
52.33943800000003,21.89672984821306,0.4574069256408302,133.45274324672485,0.5944422318618862,0.11187736766402348,0.20260632815120555,-0.0027318216068780462,0.08381954972559248,0.013311193435814358,0.0,nm
52.348884,21.922400399488613,0.26693397965736443,134.82076973684934,0.613791830805157,0.04964424415448622,0.15980440687961853,0.0,0.0,0.0,0.0,nm
52.35844800000001,21.705806579694805,0.24047990482702508,136.15224464994816,0.5748047528311224,-0.012410752392976426,0.15343838402473667,0.0,0.0,0.0,0.0,nm
52.377493000000015,20.567289430591558,0.7292804385488215,138.6914075189079,0.36526235279128777,-0.03434962912165162,-0.0094151104935128,0.05648873829212806,-0.13466770473933162,0.014253628686686497,0.0,nm
52.387001,19.823176327895045,1.1214904558207923,139.9630144304089,0.21885340463846098,0.012274667697129683,-0.018488125690788126,0.06342480948954579,-0.15606142532297648,0.021936770993476913,0.0,nm
52.39658200000002,18.854098161391118,1.562774062010425,141.27247496387832,0.1252267353696178,0.08646437552478647,-0.048616206806949565,0.07569260093564162,-0.16146741460906955,0.03431961272353606,0.0,nm
52.406278999999984,18.021546705637025,1.8051057276543379,142.5711740353325,0.09771612879532292,0.12499909610296663,-0.05158963382676362,0.07421702078525094,-0.11726847661802184,0.04300182332495396,0.0,nm
52.415782999999976,17.465512528378103,1.7483601777350841,143.81116896171326,0.07747583289561036,0.10692010120333931,0.019720689078204512,0.07640210193193213,-0.03566323513283179,0.041122154411654,0.0,nm
52.42520200000001,17.107097662947478,1.350597925359609,144.97022435159587,0.15894097441802246,0.0832150345431561,0.13270349812010912,0.10452189153413637,0.023904430161797826,0.0324150921755564,0.0,nm
52.43472300000002,16.75775604650369,0.8027545878296735,146.04276130481534,0.366120838764078,0.03336247032645065,0.23433605418575967,0.11936228709535943,0.05183259300415042,0.021391652593225983,0.0,nm
52.444237999999984,16.43513089044532,0.16779093336751344,146.99764304080432,0.5235406328070459,-0.08287015624869937,0.21337264500311448,0.12346099623722194,0.07146344204676056,0.0004564485965413676,0.0,nm
52.46326099999999,15.332052268284146,-0.7109017329669407,148.57541704757372,0.5910407646600832,-0.07949555012214822,0.2524486522777498,0.1419391029508491,-0.016579697595653607,-0.03321952326174351,0.0,nm
52.472725000000025,14.466853326621035,-0.7330917636364986,149.2928696593321,0.4796738150730419,-0.07115066769953601,0.2200234669660773,0.1513828081488104,-0.08442859893201408,-0.03728401741315995,0.0,nm
52.48472600000002,13.397704823874191,-0.6792311499645514,149.82224793186998,0.266262811053968,0.0024288772699600576,0.17850582275843657,0.17988784192328475,-0.11664503375504065,-0.04279322898480673,0.0,nm
52.491781,12.261102832415176,-0.6369401604692743,150.34621073870989,0.03728101593504395,0.06185561692645757,0.16144367889442507,0.19383428278335443,-0.11965901275845908,-0.04099649722237094,0.0,nm
52.50130999999999,11.142612149245041,-0.6667029828867727,150.87380395405083,-0.10702438145757709,0.07918582119022803,0.08825970215137283,0.19872010184242808,-0.10356719058916476,-0.03222056278671178,0.0,nm
52.51084400000002,10.15085769245698,-0.9550902361914245,151.3814197152461,-0.12235597270079127,0.07256227003950028,0.030811404227237923,0.20205863192189052,-0.0442587893140967,-0.022211977920926634,0.0,nm
52.520335999999986,9.345717020811234,-1.5613736320803357,151.95592832551148,-0.05222708189459797,0.05895939479934073,0.16906199159353605,0.19938177995762119,0.031406742295784267,-0.007236332430999495,0.0,nm
52.54883699999999,7.712583300241171,-4.028283485080175,153.91758993992025,0.43990038136228027,-0.16474092106834465,0.30346198916402006,0.157942460944729,0.11719621345961238,0.03286268777099263,0.0,nm
52.55836099999999,7.277621976196989,-4.83630752944339,154.5433610574223,0.5035855612918072,-0.1573028695187403,0.2961112556375563,0.14810262019840334,0.10863826714153849,0.017196885717234194,0.0,nm
52.57739200000003,6.287751702854266,-5.933523172588586,155.3674173470292,0.40882427466883964,-0.15202581043330127,0.24865430044542425,0.13587436612112888,0.04199157452896773,-0.05103189685649036,0.0,nm
52.58689800000002,5.683144830115251,-6.347354580529092,155.494726564372,0.2905249176102904,-0.10277553162891687,0.23868848586953081,0.14386001685423588,0.025942559625073226,-0.08650059393063374,0.0,nm
52.59639900000002,5.057637158265405,-6.737282401319789,155.52302999277012,0.18286629945274438,-0.10332766931358614,0.22179637326625629,0.1455688550727659,0.020086662124292113,-0.10504017639309926,0.0,nm
52.615448000000015,4.068103275707828,-7.495184904256201,155.64204387430627,0.1762356922229425,-0.17055052902334644,0.10358610488850084,0.10617806685925159,0.03517800127325352,-0.08698478711467272,0.0,nm
52.63691299999999,3.8970163714962025,-7.997457255791018,155.90590583397895,0.3197269279087177,-0.2529588082469009,0.04077361082590983,0.010593620672108013,0.035202278033763926,-0.04877606220631034,0.0,nm
52.643936,4.1126162198045115,-8.013207452650684,156.01523139804286,0.38380277236870225,-0.26391516805529247,0.03142486290821964,-0.037829387918435965,0.020181294340780996,-0.04478639634840128,0.0,nm
52.65347200000002,4.4395272017472935,-7.9048516068099195,156.07890633559109,0.41950748151413136,-0.2428169033776125,0.10734048232618641,-0.0680913767355423,0.006266067596717799,-0.05485806474381981,0.0,nm
52.66294599999998,4.788434523331503,-7.7320531683490685,156.03608717479906,0.42070397555092565,-0.19499898652603004,0.22902838846568047,-0.07730587208131724,-0.003781534846704968,-0.07226832354812537,0.0,nm
52.67249400000003,5.106754488129336,-7.554851161409262,155.94521937702913,0.3852469875188768,-0.14072657446508055,0.2677236165010627,-0.07213630587377869,-0.006952487428053669,-0.0871878091920422,0.0,nm
52.68200999999999,5.375834352761838,-7.399295139806235,155.8201782167214,0.3523685140909406,-0.1133647834626697,0.3906371510904438,-0.06147551714499879,-0.006801704892024523,-0.09279252997826565,0.0,nm
52.73908899999998,6.309338708692883,-7.277160027533712,156.29700039005232,0.192680225319528,-0.2655132311140487,-0.01769414860263253,-0.04126394206092185,0.032146183252090274,0.002610710405303141,0.0,nm
52.74856900000003,6.6228799627401385,-7.300028731759853,156.5260860226704,0.22225253966097225,-0.2197425080493224,0.10097229891750936,-0.05531845425003421,0.029003378385712444,0.0033886014795153985,0.0,nm
52.75811199999998,6.97445550407747,-7.230596747960678,156.72182793064457,0.28962076770005896,-0.16335259093031204,0.023492220847789864,-0.06967013845778218,0.014791243824705742,-0.0043020377917050885,0.0,nm
52.76756499999999,7.349213309850322,-7.213179321054196,156.58743090541458,0.3283813095986839,-0.11696807731717238,0.1368561576987931,-0.06975032809247342,0.02630639196033841,-0.017463427782860204,0.0,nm
52.77707600000002,7.616781605868855,-7.244655352187308,156.4221831015096,0.33010374398317555,0.005802543198877152,0.16945627939781072,-0.046242742617034725,0.026978533474622136,-0.0263290139980682,0.0,nm
52.78659099999999,7.7372768800284195,-7.216322031506522,156.3156705884256,0.34621084759452025,0.04518418607061091,0.19090353158395904,0.0,0.0,0.0,0.0,nm
52.796100000000024,7.64940173662621,-7.178177010115596,156.32154896846498,0.3616976832764884,0.04551116594308186,0.21343774549876884,0.0,0.0,0.0,0.0,nm
52.805611,7.376704421212008,-7.214304430498633,156.45412231464584,0.33030436166700977,0.031150135727328523,0.17040648289261956,0.052548933210263785,-0.015075505206461918,0.019693030346664267,0.0,nm
52.81512600000002,7.0012855474118165,-7.274408745215241,156.70415849460508,0.27828373526557554,-0.03487809856077924,0.18890869768067167,0.07322982555029946,-0.018603954630763146,0.04056262095711698,0.0,nm
52.84366499999999,5.85054751236972,-7.57538334032593,157.56396414021813,0.2173546260929582,-0.1991461149754443,0.04157606597816063,0.06362845827491544,0.006915287238314024,0.041375137208031355,0.0,nm
52.85316999999998,5.7141751729472094,-7.658541835650317,157.7397455915683,0.23331973721572416,-0.18831233038048528,0.0062726846614167215,0.0,0.0,0.0,0.0,nm
52.87213800000001,4.823171459717222,-7.696478690116115,157.89670989724968,0.6197956714949654,-0.2560380693539687,2.4658888669972483,0.1623259677993713,-0.06143733202412097,-0.01530313241032241,0.0,nm
52.88160199999999,4.42372110827967,-7.9679875519843195,157.98709543512356,0.07782639732291927,-0.31110486585372865,-1.2483315360223843,0.09388112707312968,0.020634739195232253,0.0071903551193604745,0.0,nm
52.89119699999998,4.456775518292348,-8.501159183743603,158.1185850173476,-0.014725139096330563,-0.7785728216801991,-0.11610936064582765,0.03383428349929971,0.10150099773989123,0.027270505239481137,0.0,nm
52.91024700000003,3.7556095999883006,-8.65278654761188,158.54029080954496,0.27502465274016324,-0.35481626136224903,0.014919232136915114,-0.03021864774201323,0.011131302875617217,0.062074067947974376,0.0,nm
52.919735,4.309920254201257,-8.920172492177173,158.91351389201643,0.2628605130470428,-0.4101901752644469,0.49377001845865703,-0.08282040506123063,0.08971489895068217,0.0916594449436616,0.0,nm
52.93877200000003,5.950639434219779,-9.266444201611723,159.85909623946063,0.19517458916860245,-0.07586648467508264,-0.07326183102883888,-0.21867803833692018,0.08973933043790296,0.1425072522070139,0.0,nm
52.957802000000015,7.957973565331682,-9.698268234023594,160.63391234458754,0.29113195767874384,0.30532262891222034,-0.08417881427252384,-0.15381795566421635,0.1255836019491049,0.09590985687764556,0.0,nm
52.98634099999998,10.243424598192764,-10.07775204218817,161.1773287766319,0.3527387135653746,0.32887215173307455,-0.276585229682254,-0.0423483207606651,0.040881397972621275,0.025362825773493674,0.0,nm
52.99832200000003,10.584885517560984,-10.24532297052297,161.2250782892867,0.3596144252658416,0.25031198279349604,0.09331127973434344,-0.05291371686696512,0.05346631143508235,0.021625750358452135,0.0,nm
53.00534099999999,10.500972713616362,-10.267168496644121,161.27048651450872,0.35171353491925383,0.20605318561680247,0.002288665502734188,0.0,0.0,0.0,0.0,nm
53.01491900000002,10.182000035622593,-10.276240539041185,161.31350001219113,0.3658267412664256,0.1909241900436171,-0.10614547389216727,0.06012487044560719,-0.018442425457482398,-0.00278270453467433,0.0,nm
53.02439700000002,9.870981108753286,-10.399176572361002,161.36009448315116,0.3527097263590444,0.0523504229705999,0.20101152277521142,0.06593984094373236,0.003717343093489181,-0.0018509616740079583,0.0,nm
53.03391399999998,9.300949801709285,-10.496332826529102,161.4333175450693,0.291220551762961,0.01473125811955716,0.1201155316961947,0.1126206541358851,-0.017376471439779103,-0.006047013363366686,0.0,nm
53.05300399999999,8.232268923234928,-10.643336855618768,161.74433738285072,0.24511656730414458,-0.14379106861919655,-0.12049077127926652,0.09743042391176829,-0.00739133145259252,0.017754747052425725,0.0,nm
53.062523,7.782768783385066,-10.840070257310279,161.95766844354745,0.21769760973160018,-0.13823578197663555,-0.09410649882456738,0.09632435704465402,0.009890570877275198,0.025918821567323898,0.0,nm
53.072044000000005,7.531439228997653,-10.672820381750512,162.21024647863936,0.2362031932460045,-0.1271138345743491,-0.08311273340425723,0.06663463990272424,0.008683454948421094,0.04130820299716337,0.0,nm
53.08151300000003,7.558289599790768,-10.463095953903448,162.47670544141891,0.28574438311498723,-0.18752162425445576,0.012315307660799553,0.021792444140405858,0.02219229811704389,0.05433757878945447,0.0,nm
53.100577999999985,7.902203754077616,-10.236496989487257,162.90599962450494,0.2448922578964238,-0.13177490460429941,-0.04165306773453847,-0.020375378843348047,0.04694117863688207,0.04740771462029498,0.0,nm
53.11960399999998,8.559655434865867,-9.895875399362415,163.19632706486175,0.255908338989881,-0.044179342935644274,-0.07944695623839121,-0.054301373797236464,0.04993198329703767,0.036360432643016666,0.0,nm
53.12912699999998,8.85088685752616,-9.851891232900972,163.3250254702223,0.24785964768388571,0.023592140402640252,0.009854386883891413,-0.06274788985899223,0.06160906414381252,0.03562940579085309,0.0,nm
53.138575,9.211832677554069,-10.028813758606807,163.1699066132168,0.2786663118908193,0.06112083836431481,0.0995646209078754,-0.05783704327453317,0.05460428575951979,0.03976915820725531,0.0,nm
53.167160000000024,9.224280679289526,-9.908583718230394,163.20135762426784,0.27529538070230053,0.06463053467259221,-0.01689013045810895,0.00015723326268913943,0.052875635449140264,0.034163591811190774,0.0,nm
53.186135999999976,8.810130585581822,-9.744380560319225,163.27666923091854,0.29250764167599796,0.024394436471611554,0.02199481263297576,0.0,0.0,0.0,0.0,nm
53.19569799999999,8.540486094640967,-9.732724690847142,163.2604695338983,0.26200981220802855,0.007789175855536414,0.06400046781831017,0.048712500801325755,0.03610526766261827,-0.004601634683993201,0.0,nm
53.205209000000025,8.25101953842908,-9.713756098119665,163.1975815879815,0.23124862667532106,-0.013513880954869752,0.03512212311376844,0.05649090760327058,0.02871301247097924,-0.012097536608922616,0.0,nm
53.22424000000001,7.784705838982051,-9.704414143537218,163.13404825481044,0.1958933169159227,-0.05938980712172721,-0.0350059301859448,0.05741191842809036,0.035732598088549034,-0.010446862423396373,0.0,nm
53.243206999999984,7.539425102956098,-9.736065473624624,163.1706527437364,0.20653068956683707,-0.08961143858986766,0.018723789582033846,0.035748309100078354,0.03758063193255313,0.0028658175097865694,0.0,nm
53.25276400000001,7.498911900092025,-9.718061198254341,163.19829169624836,0.2265827688786049,-0.06206102807705003,0.0066755190557203255,0.0,0.0,0.0,0.0,nm
53.26223399999998,7.509223453901658,-9.731434105235945,163.20076713196366,0.21586452535948558,-0.05873073332040497,0.009098228557934952,0.013757250587766378,0.04927822957548516,0.0008418800673350527,0.0,nm
53.28129200000001,7.540625901144226,-9.689595829470827,163.17424080003968,0.21481297137372993,-0.01382575672679809,-0.04236460410484748,0.0,0.0,0.0,0.0,nm
53.29076200000003,7.509737868155679,-9.687657128680776,163.15193423683957,0.21854844227432585,0.021604351759703863,0.005509256904246857,0.0,0.0,0.0,0.0,nm
53.34787299999999,5.917191478938846,-9.858594871809744,163.54572310189707,0.2039773774367641,0.002147118690023166,0.0177623911428058,0.07078380998484772,0.025341779983407954,-0.015623535602698956,0.0,nm
53.35733499999998,5.546339618068849,-9.873835557722007,163.62620271551395,0.20190474306440231,-0.017649949674277608,0.02873720238139794,0.0748833454620212,0.025403481814742376,-0.019953936054629574,0.0,nm
53.36689000000001,5.197386629456495,-9.898467987699982,163.73561387781365,0.18183589389884594,-0.04636563824625108,0.03888300112949782,0.07393744824285178,0.024969359763171294,-0.02316736791804478,0.0,nm
53.376401999999985,4.876390953647254,-9.905037548201687,163.84204952712614,0.1682054362448662,-0.045443344570906756,0.007191824138854747,0.06963194463232593,0.02087723587018936,-0.023580807044330434,0.0,nm
53.385919,4.590506797404338,-9.909346109919833,163.94764777632602,0.1560452863410114,-0.04489961126804808,-0.02836651891438993,0.06357459564653098,0.02096806261170679,-0.021012303814566927,0.0,nm
53.40489400000001,4.088719390224588,-9.963701999487457,164.24411450104813,0.1498753188071178,-0.03918059727242557,0.015239322539728479,0.05306116927643862,0.02556567025408503,-0.011396877450926397,0.0,nm
53.414405999999985,3.8536042210770542,-9.967589328568458,164.43933617403837,0.16735126712804213,-0.015540110015739612,0.022441916668574296,0.0482512134074383,0.02437377888349902,-0.0074773723221622295,0.0,nm
53.42391700000002,3.6145064604654413,-9.96741409723434,164.65805862919106,0.17572998804119727,-0.0041322133764663035,0.022302993668911367,0.04637743604859271,0.025332344261630422,-0.006867215956303369,0.0,nm
53.433464000000015,3.3597954855885006,-9.967790617571852,164.88651250190458,0.1766738542912234,0.010332392468514109,0.023861658277917527,0.04632182050763001,0.024962458938679388,-0.008871864583082464,0.0,nm
53.442947000000004,3.0816443165771954,-9.951454390758737,165.09695958518,0.17575273851465517,0.02321043899421154,0.011261896558012574,0.04715650883221974,0.020986254248995622,-0.012341908841817645,0.0,marker_1
53.46195599999999,2.4327955970957196,-9.923795517682315,165.51325028678767,0.16725476408142267,0.04293242229400997,0.026638347217216557,0.055693837257048656,0.01771738575837839,-0.017851387279787332,0.0,nm
53.47148199999998,2.063181082466421,-9.921406324009803,165.7211878042156,0.16084809729738558,0.044703262758861884,0.0401866670668302,0.06110963743067928,0.015662076545740186,-0.017556378814987696,0.0,nm
53.490544,1.2488094888142247,-9.896728657199265,166.21841180079622,0.15292655975676234,0.02973976650877799,0.016151243965655645,0.07334801038261278,0.0111916100115015,-0.013943337712288442,0.0,nm
53.50004100000001,0.8234386688530653,-9.88780311231421,166.5081465483972,0.14872865246176775,0.01833470742179307,0.01365490074144764,0.07722376914570127,0.011063438519567117,-0.013059179228096908,0.0,nm
53.50951600000002,0.3978733668394582,-9.86400351167135,166.7617599181393,0.15162403666209784,0.007004977382098991,0.01725996481601326,0.07915092178484583,0.009023464559582847,-0.013633149852260993,0.0,nm
53.51907399999999,-0.017412581338829877,-9.826662134125685,167.0300319056728,0.1567782720719333,-0.002880870264071641,0.028364028517619527,0.07882792927872488,0.007958859015536278,-0.015692441144582868,0.0,nm
53.53809899999999,-0.7912825675623453,-9.748633142602719,166.97211739013218,0.1496190533927336,-0.0072770082264933394,0.029086037136685013,0.0723281325657145,0.007307138054570045,-0.01960713355063198,0.0,nm
53.54762099999999,-1.1518523933403912,-9.697132147993782,166.93631974267456,0.1380861283815628,-0.0007974333727925602,-0.022395680887191433,0.06747296328912929,0.005167832105786531,-0.019270252720838044,0.0,nm
53.55712599999998,-1.4974357600379693,-9.645069281884513,166.90800487516736,0.13322358686452915,0.005172723487133836,-0.020919501984828334,0.06312139227364297,0.004523938793582992,-0.017213645722390352,0.0,nm
53.56659000000002,-1.825295054982113,-9.598096200311481,166.89206048068988,0.13056832597880377,0.005275310081426934,0.016738223807419385,0.059797642011741446,0.004558431681669547,-0.014093959155548034,0.0,nm
53.58558199999999,-2.692520391248229,-9.460543904065164,166.9027559102465,0.14614170043096572,-0.10927001574368667,-0.1534526772745479,0.09641951666972141,-0.05783148012097471,-0.013526836414957272,0.0,nm
53.595077,-3.6845269596198453,-10.170520889824116,167.06404574351876,1.481352554761572,-0.6804021406901527,1.8952241467518118,0.2227814723376801,0.09445164623124758,-0.0015941728128671298,0.0,nm
53.60458,-4.803748334596701,-11.267295093267782,167.44520264164527,0.6815983431170988,-0.19670588127794023,3.050688713655833,0.2632963544811775,0.1656686285589265,0.03458244998199258,0.0,nm
53.614089999999976,-4.785300365589595,-10.306320082760452,167.37658258458586,0.6451879501938232,-0.627603848585097,0.930383665044153,-0.04632117308084925,-0.18685544237900586,0.08769416828494173,0.0,nm
53.62361299999998,-5.064367260701639,-8.9318813811944,167.17684583543965,0.5479611919648274,-0.8884989635052385,0.6144840532531839,-0.007955258579003937,-0.2806403927218514,0.03888916919983214,0.0,nm
53.633126000000004,-5.914160144758766,-8.701987663786344,166.79586424201455,-0.42901325667655227,-0.5271181674322925,0.07163999108035156,0.15321150516298312,-0.08328573006668245,-0.020408868661474223,0.0,nm
53.642628,-6.746191516307962,-8.292073828013878,166.0026717249935,-0.6714021908587174,-0.5752946939761016,0.9694510278637074,0.14031579828462043,-0.11924632385965686,-0.07164695096348746,0.0,nm
53.652153,-7.213215994062211,-7.7250541986783405,164.92166692585963,-0.5028565461858824,-0.4403475644938777,-0.12120224466254782,0.06035000524251516,-0.13355933724004235,-0.09037353007145559,0.0,nm
53.67098900000002,-6.613983426833446,-9.6931942712172,162.34218599276196,-0.3273823929314375,-0.5668789772267061,0.6855797784632913,-0.011873668116059437,0.27076967423086,0.0020749065411637788,0.0,nm
53.682938999999976,-5.860510883820312,-10.062270904640569,160.81737079270493,0.23902367512983796,-0.681498744142175,0.3104040009046318,-0.11615683346887569,0.1186489928679531,0.0214383255507425,0.0,nm
53.689997000000005,-4.854843533833725,-10.191531530978558,160.89353959232756,0.7324175142646123,-0.787755288457692,0.08171560632392116,-0.1788346564031548,0.08948845159191272,0.05066095752699068,0.0,nm
53.699513000000024,-3.5815814291228816,-10.658722675674928,161.0731630750234,0.6282563776931556,-0.6620374653574996,0.3537630900804973,-0.20664158652276446,0.17019454532180944,0.08209604075040969,0.0,nm
53.70902000000001,-2.0277015535306817,-10.482494610255626,161.26166448710978,0.47589903215269047,-0.5121792878922423,0.5087640152520464,-0.30096912374413315,0.06535768075325638,0.09481966079190472,0.0,nm
53.71853299999998,-0.26701311537780564,-9.535269061516551,161.45739327066337,0.40780738999496696,-0.32874511670401757,0.3432741937650241,-0.3897144402758423,-0.06875346009968739,0.1004593518970897,0.0,nm
53.728049,1.7852247115961242,-8.922321900033406,161.68888231227422,0.1527178819523193,-0.09156412941135139,0.2841301788571492,-0.4237361797351224,0.011786421771475795,0.1122458409869889,0.0,nm
53.73756000000003,4.067194452388017,-8.792975326996714,161.94989271334515,-0.22637954964043386,0.17407474585531066,0.6768682603488443,-0.43715531407594305,0.1162983016859218,0.12261021939887101,0.0,nm
53.74707799999999,6.3590526157272995,-8.478267220400312,162.2669835625484,-0.16918546084958572,0.3225010340464829,0.6158751527659672,-0.4512618054452418,0.0794478471862009,0.13237673956601584,0.0,nm
53.75920500000001,8.721790763871978,-8.363428487220213,162.55319830412057,0.09667694991991792,0.29358639088304206,0.3115432033902863,-0.4532060143015406,0.11954710862495543,0.12657697667223652,0.0,nm
53.766278,11.054590595255048,-8.874487671437477,162.65091782310398,0.21152761948013668,0.3627063770518484,0.6004108219790982,-0.4102323338101631,0.23579658669055115,0.0895860561701551,0.0,nm
53.77578299999999,13.034506237453604,-9.271094162608042,162.63197367532914,0.40557560512982577,0.4642037772882712,0.6113852846545594,-0.35006755823084085,0.19264742703650203,0.05875053074113399,0.0,nm
53.78529600000002,14.678289118057606,-9.151195622436413,162.58973142626772,0.651541962669326,0.440908109017979,0.29095150764053035,-0.3173137167746656,0.07421158973186431,0.04424601745960181,0.0,nm
53.79481500000003,16.026114208989448,-8.997354793045648,162.4242337677453,0.6949690930527539,0.45529555708321373,0.30292321107768744,-0.26350929170525694,0.050746531726182355,0.00945056881198958,0.0,nm
53.804306,16.938771209945173,-8.86017944850937,162.19692091475338,0.452816220657797,0.5818784683477082,0.3246556117240727,-0.18038762070821104,0.028699126766004147,-0.017126428874420483,0.0,nm
53.81378000000001,17.487349896921238,-8.37696440968733,162.15397237102522,0.2982887675808698,0.5689053135176646,0.31159793077601394,-0.13304504997720407,-0.058884863867389496,0.00785639319862168,0.0,nm
53.823334999999986,17.70457045433788,-7.834242706321164,162.2836020430446,0.23784709193391795,0.41407391849756686,0.16547636076531946,-0.07421334935049502,-0.09036039739627848,0.032063324367292034,0.0,nm
53.83285000000001,17.67471798389151,-7.7061476296184805,162.430672789699,0.12970552517662634,0.32957379429628086,0.17862136218189908,0.0,0.0,0.0,0.0,nm
53.851878,17.19435085183148,-7.560990555384819,162.83488179357246,0.3245449394307749,0.04537325541046139,0.18901460890844454,0.050204692066361065,-0.05002721283900992,0.034186194975584026,0.0,nm
53.86140399999999,16.95307585185598,-7.415670832656661,162.89470174160917,0.46220670409269327,-0.03999496577453052,0.013230001158456248,0.037209244584577625,-0.04193207467307392,0.005671266883043887,0.0,nm
53.87089500000002,17.018309371708792,-7.287025589553241,162.77996615799887,0.43074676562793673,-0.060315491395825524,0.17536009746637532,0.0,0.0,0.0,0.0,nm
53.88036099999999,17.22584939067071,-6.8425223935372035,162.65560258765518,0.349483639884032,-0.03961780100895839,0.17415301818456894,-0.06583740154285969,-0.07275419135569701,-0.01978946697517653,0.0,nm
53.88989800000002,17.61105629319234,-6.159944137994141,162.63755853224222,0.27774140077368203,0.022866727544955258,0.04411926178546752,-0.11394543237855384,-0.10762839432110413,0.005106796774070348,0.0,nm
53.90894100000003,19.127180471534476,-5.08686039541247,163.06826616816815,-0.030604240735130305,0.23305500082373903,0.13177755849579167,-0.18896335653813023,-0.04575154884569454,0.07832899918487018,0.0,nm
53.920907,20.14529530653843,-4.578563705676697,163.56968583795597,-0.00398099302299724,0.27243999769789917,0.025403195446335992,-0.22387170713906115,-0.03920915147998222,0.11751727253731735,0.0,nm
53.927971000000014,21.352079424607965,-4.249731108721111,164.04392023571663,0.08143452845062848,0.28893611487245086,-0.015228245105389058,-0.2498008937287924,0.0039457540334349875,0.11350427005353347,0.0,nm
53.937486999999976,22.678579814826204,-4.127404107846919,164.48307425340366,0.15645782942047537,0.3611119608896013,-0.039805802581970924,-0.2617706100609514,0.04783152399036425,0.06838808986369074,0.0,nm
53.94700999999998,24.160109997932892,-3.9423340356655237,164.66496910642587,0.2684378258855519,0.39065080906518795,-0.00999242401539207,-0.29526691485554685,0.0424806231500154,0.016743375082560248,0.0,nm
53.96602300000001,27.07134928559044,-3.2404031847544927,164.30088152163043,0.413865821486682,0.49829794230527313,-0.1043406036025028,-0.2920846601336053,0.0035233576493642954,-0.10206136886876828,0.0,nm
53.97552200000001,28.44563811343759,-2.78298808309263,163.91471560576724,0.3816330412018728,0.6136258693321328,-0.08023104789856284,-0.28941028434109944,-0.013506635505174922,-0.11711778111125708,0.0,nm
53.985051,29.672271018369525,-2.20223837541101,163.69852357189833,0.3714907709061424,0.6653871427349523,-0.14737796853737398,-0.26803917662773236,-0.0438365319102172,-0.08405009617484697,0.0,nm
54.004076,31.622992903701814,-1.3197250999720151,164.1532371768322,0.24878895508351942,0.6835755633222111,-0.23955545125529148,-0.1940924869990313,-0.019465463704534856,0.016272837958604073,0.0,nm
54.01364799999999,31.601596495498647,-1.0158543307575507,164.7753531202734,0.16381090049807773,0.6170383598169386,-0.22418291015495706,-0.15919610042003246,-0.017476941122818435,0.06518421946830723,0.0,nm
54.02309600000001,32.22123178367272,-0.7488085312990286,165.40983556554204,0.15253836449782024,0.4608538747145249,-0.30574280120273556,-0.13363636611022622,-0.020040387826679815,0.0843636390485853,0.0,nm
54.03504600000002,32.80358816636565,-0.5603426724484403,165.67617879240495,0.11850343358614185,0.3467863452226464,-0.30316651217625407,-0.12236110604943112,-0.007447230156468241,0.054630788206671575,0.0,nm
54.061128,34.605581384158995,0.2916108969365005,165.1396700994142,0.09866043177049257,0.10755887270056562,-0.5097299488064648,-0.1407257112620715,-0.03775330683265997,-0.07228820989296098,0.0,nm
54.07063099999999,35.3839594859631,0.6329042030202193,164.73439453421858,0.07268695059590274,0.14801777543339645,-0.4626458697692293,-0.1682927611285357,-0.025479026736773068,-0.08238411331202378,0.0,nm
54.08014000000003,36.24638953966461,0.9699177731228833,164.46964351166935,0.05543486263043672,0.17155988459721183,-0.44158012728409235,-0.18443024350674023,-0.019207335598568926,-0.0554177069911215,0.0,nm
54.08964900000001,37.19156136826629,1.25584537425584,164.42900745625633,0.0404497387435336,0.0979637531215319,-0.5778883873891828,-0.19768588067872986,-0.0044307764415157614,-0.011822538146238468,0.0,nm
54.09915799999999,38.30041130399699,1.4048339179769866,164.9638622318205,0.00667578046465413,0.08617392046301353,-0.4910130304134025,-0.22212367739103178,0.02904194760772451,0.02267569810626878,0.0,nm
54.10866600000003,39.42202089924877,1.4509899176105279,165.57245300772138,0.02113198870296085,0.03289897055955964,-0.48435115497514747,-0.21968562391300947,0.04744789153837552,0.04259593666408598,0.0,nm
54.11818099999999,40.54478748493894,1.4797799778369658,166.20882299406222,0.017021044402657056,0.01710745042752225,-0.48203117561802705,-0.21957769122319187,0.048459472485454014,0.04501413588286173,0.0,nm
54.137201000000005,42.84547356478174,1.6940778398316607,167.07129080058365,0.022257364711842743,0.03328023207310561,-0.4817123019961812,-0.22882239086629058,0.022319011003143988,-0.0059655876951156496,0.0,nm
54.146703,43.97819231353489,1.949347760726489,167.29120432198212,0.03180869955652828,0.0608979898376373,-0.5180476696379767,-0.23242894559560173,-0.00021286069690854998,-0.029467204989257176,0.0,nm
54.15622000000002,45.04881960239878,2.2664981302006026,167.4564923671664,0.005473408023940954,0.09452445787536656,-0.5734962493779082,-0.22292842341386246,-0.015766042323445695,-0.03925302639866081,0.0,nm
54.16573199999999,46.015518656459065,2.529054939567854,167.6252621859629,0.001135390510159228,0.1102587660011953,-0.6508817580686508,-0.20019161777937028,-0.010178113902058186,-0.039575786427837864,0.0,nm
54.184747000000016,47.57559773858615,2.6304221234784215,168.21243694884336,0.04884345422955129,0.08332566058936443,-0.6702254300945,-0.1357414830970157,0.03275293664032855,-0.004435903962393371,0.0,nm
54.19671900000003,48.11210095215956,2.500840757079642,168.30832593515888,0.11892738643001263,-0.012357913704240196,-0.670979924051723,-0.09981196172887064,0.04724497190187313,0.014388896804917695,0.0,nm
54.213299000000006,48.68469194542479,2.2310924902041354,168.4474351461397,0.1493133253927651,-0.16500389953625794,-0.5893190197463983,0.0,0.0,0.0,0.0,nm
54.222803,48.77900054394977,2.255601569963214,168.37539896092701,0.11432698029857384,-0.22144882830262697,-0.5560004712649979,0.0,0.0,0.0,0.0,nm
54.232281,48.751136507681906,2.3953994174494513,168.1641705029163,0.06232251699404904,-0.2526765701979972,-0.5624609821378198,-0.00023174774240830527,-0.028537340026005057,-0.04205717560268339,0.0,nm
54.241828999999996,48.65007249242652,2.5713555675954614,167.8276485429933,-0.03015035592238498,-0.28203204777145713,-0.6679056954392034,0.012451928620776456,-0.03865863612657674,-0.06648493630901699,0.0,nm
54.25129300000003,48.63249976831947,2.6914588766772085,167.44485592732312,-0.02838353327844996,-0.2671504897609616,-0.6460014232449506,-0.0017136074258213144,-0.02422897876472902,-0.07645798968068457,0.0,nm
54.270321000000024,48.60860761784449,2.5303137064425307,167.20620593219095,0.0015133980246502558,-0.2590751296763451,-0.6739513167404053,0.010041044969149518,0.0304246192299862,-0.05101207847767679,0.0,nm
54.27982000000003,48.63616133446948,2.232298499557845,167.41027336112765,0.0857510998274599,-0.23672597288744812,-0.5997088245750613,0.007551428025269302,0.05947571353728975,-0.030938316357325125,0.0,nm
54.28938499999998,48.60415224424397,1.8832039953775592,167.6922286766092,0.15395234772228236,-0.24302507305880447,-0.5794939358428898,0.021120735529813098,0.06696671591104739,-0.015059281448165032,0.0,nm
54.29888900000003,48.510877414504016,1.581323924306514,168.0081562512392,0.18783252530969685,-0.25016531522270613,-0.5552843579265846,0.030803574257687247,0.05528144634581436,-0.009145602202639857,0.0,nm
54.30836199999999,48.32618144463112,1.3842814196076696,168.26649421642878,0.1728323525021864,-0.24796960033214505,-0.5250022602607963,0.04420332624606393,0.031163354667477886,-0.017639685547241483,0.0,nm
54.32742200000001,47.675252326916265,1.2839042302098724,168.48637241719797,0.03604395150461918,-0.21711225204960183,-0.545991222348541,0.06899716997658009,-0.010905929494894013,-0.05150220222452755,0.0,nm
54.33694400000002,47.25284659972053,1.2585572834735044,168.54169361333658,-0.028306430061972858,-0.20170938103009442,-0.5611536950652699,0.08393300384539226,-0.011566898181060386,-0.06379953227238819,0.0,nm
54.34644000000003,46.780085883406514,1.117422767308562,168.5554628304237,-0.026367277861361952,-0.18758747103293877,-0.5833294027790223,0.09835963249622665,0.009264835017291315,-0.07276520247387751,0.0,nm
54.35591699999998,46.309551795166676,0.8201184606225356,168.56713097021347,0.004785452483681805,-0.1639661789504922,-0.5641439343325712,0.10403046225625177,0.04004169974064711,-0.07155314053543262,0.0,nm
54.374978999999996,45.40751582962174,-0.08248065965629486,168.63675938507856,0.15652693381343327,-0.10275707816007532,-0.5081884301130887,0.10421753993803291,0.07805719889201798,-0.04980512532396548,0.0,nm
54.3845,44.985806951299125,-0.5641517464419965,168.6940864017647,0.21531558085136632,-0.040275513929706026,-0.4394952531012424,0.10156409318764202,0.07827797622939628,-0.0499849345560062,0.0,nm
54.394002,44.53734153056993,-0.9787272364935744,168.72605970819563,0.22175934705015474,0.03150888591311711,-0.401278740235693,0.10414837941178667,0.06415612325288635,-0.05937210242952992,0.0,nm
54.40352100000001,44.06143079614064,-1.3047145810265643,168.70521895895214,0.18766350319872377,0.09941243323196976,-0.365513997864316,0.1060982153260998,0.04571126797234019,-0.07290595024015205,0.0,nm
54.41301800000002,43.52260331503452,-1.5802879391903544,168.6439939198105,0.1149075391559079,0.1505431596675112,-0.37133225783855295,0.11651700481658843,0.033325908750949776,-0.08760947444510048,0.0,nm
54.42253199999999,42.96577299480743,-1.8809050926691562,168.54868238030048,0.02823172021640285,0.20123327342574757,-0.3740026427914384,0.12105831591715499,0.03739441325094998,-0.09590924020462278,0.0,nm
54.43203799999998,42.377187936558286,-2.282483205881229,168.42254043886464,0.0008490177732173684,0.24592872765502566,-0.29405988009709494,0.13133714031073057,0.05568616478009022,-0.09318507272484912,0.0,nm
54.47003699999999,39.56057991568609,-5.223626528426672,168.47704930421057,0.3232117473082152,0.15415604271719177,-0.23960321261251738,0.17425281499599923,0.13004047175241015,-0.06139237332147372,0.0,nm
54.47961600000002,38.86209689948582,-5.919023744994411,168.505659247719,0.40623998011535417,0.16647637702206186,-0.1897637276123008,0.16394288856668457,0.10913919876005422,-0.06713124606412738,0.0,nm
54.48912200000001,38.14667281393391,-6.422334910653355,168.55815629529062,0.41053554345376925,0.18446178521162673,-0.21135998509951087,0.15944371955467074,0.07096953219191675,-0.07433180058711888,0.0,nm
54.49864600000001,37.43838878192207,-6.7559420015656855,168.64168319860337,0.3378410102079753,0.21943088926216278,-0.2512777192277028,0.15122009027527128,0.038178365624287426,-0.07812273107972412,0.0,nm
54.50815,36.74701364808,-7.002393158931851,168.7903611919407,0.22959189533022992,0.32873554481904993,-0.18947123406500052,0.14439615245529588,0.022056077397684486,-0.07185246903860457,0.0,nm
54.51765599999999,36.04935240436435,-7.242529396431799,169.05173806993017,0.1073631373266144,0.39803486619672895,-0.19096068812494318,0.1452314756244564,0.021109309086378127,-0.050895765866683526,0.0,nm
54.527169000000015,35.359762912191535,-7.561459506502131,169.4109705651707,0.0497519835454535,0.4137513069766902,-0.2043596915001277,0.14636321832533064,0.037638712659104956,-0.020245126311079,0.0,nm
54.53910300000001,34.66041109228431,-8.023739186949255,169.53990384331726,0.03272161339432127,0.3779923712010696,-0.2585561320749973,0.1533481852536321,0.06567994303354843,0.006834439744616206,0.0,nm
54.555701,33.15878662473762,-9.307377728725701,170.03899704167193,0.1664735791725037,0.3072103181319435,-0.18536967439102636,0.17581644454220985,0.10558176662679854,0.030772362834784295,0.0,nm
54.56521500000002,32.33573321709705,-9.942550161580987,170.2985610043988,0.26192974973795247,0.2624688058530777,-0.12464622314988232,0.18185368499343876,0.09759099432027647,0.024414460535244768,0.0,nm
54.57480800000002,31.22188474484567,-10.159523585612433,170.51986100635114,0.32196538969608535,0.2190666549136061,-0.04929722588895709,0.17518477518137043,0.0776961222863361,0.006083760779016423,0.0,nm
54.584314000000006,30.218076490175456,-10.233620014410775,170.58582268629212,0.32612689086129404,0.1742337509462381,-0.03809331845664885,0.15924353443597816,0.05416226784458537,-0.021786886060005794,0.0,nm
54.593834000000015,29.37329365663945,-10.246337079751145,170.9544202697903,0.2937729279044146,0.16177258650586215,-0.021700372363382774,0.12957196323744066,0.0408756734290455,-0.04894196754710916,0.0,nm
54.60333600000001,28.690955341429536,-10.295849123397629,171.25328857924612,0.23103591759979597,0.17620400604968062,-0.008248319320690305,0.0961619528415671,0.04011729567973003,-0.06795701870814871,0.0,nm
54.62236300000001,27.62816984961741,-10.614134847637269,171.81220794373291,0.1716895816612314,0.28329533882412994,0.009076103794037532,0.042010647658299684,0.061467302950848665,-0.06713469806987148,0.0,nm
54.63181100000003,27.525238620864464,-11.01230547285761,172.0235861012826,0.20299996208098273,0.3594449363902253,0.026727371068682445,0.030948563373035035,0.0762512445178056,-0.057295672318935884,0.0,nm
54.65078,27.09651698427465,-11.852775711141147,172.67378849278802,0.29725113152044075,0.48987864679113646,0.060418806641787726,0.06607751846360113,0.07480495616086713,-0.034149393720679024,0.0,nm
54.660308999999984,26.617127427661003,-12.236216885791958,173.1370913885409,0.29135633016817986,0.5246374969015097,0.04783792999721559,0.10240516962273213,0.06503152825228022,-0.020252678362565227,0.0,nm
54.669917,25.94452144283995,-12.595822651472526,173.71667414529273,0.22926099351671658,0.5295349433768354,0.048772334486497176,0.13872152120802347,0.05702552719466286,-0.0016323255598712752,0.0,nm
54.679349,25.081727745704406,-12.931760121915866,174.45821829081333,0.14985916866173155,0.49045589406322604,0.06987404170763814,0.17436592430546344,0.050256211961302866,0.018507546520829518,0.0,nm
54.688872,24.04453727161155,-13.277789481330549,175.2878705349198,0.0833251665309832,0.41148496450144945,0.05712456344246154,0.20749812361941808,0.05176501001295064,0.027616538693835253,0.0,nm
54.698372000000006,22.927578817234334,-13.6856197772742,176.07202041360117,0.058443685794097644,0.3070317694564725,0.044765352391659685,0.22283176047617906,0.0658914072064265,0.018751524787653562,0.0,nm
54.70788700000003,21.80089394202304,-14.154231161262633,176.72331289309946,0.09971561032742937,0.1977431390413067,0.05401636329501344,0.2241984356476234,0.080736723704887,-0.00902456463671095,0.0,nm
54.726868000000024,19.669996750806874,-15.076148308867447,177.53596267084453,0.31368257195452043,0.036146464315581675,0.059698238166829114,0.20319880989939038,0.08000701829421765,-0.09405797104217975,0.0,nm
54.736406999999986,18.69671681068265,-15.397893726867885,177.63179485358532,0.3990267384540056,0.04452177380998693,0.07758196529963435,0.19041315775928477,0.05724392104966981,-0.12564468932262346,0.0,nm
54.745915000000025,17.77762906230461,-15.516750312680493,177.71303408244935,0.42959426531031997,0.041210896441143584,0.07005163075874753,0.1781865305624082,0.017334401819151846,-0.12866534996122844,0.0,nm
54.755449999999996,16.937181719260263,-15.447145508813382,177.97216894023893,0.38851295488889803,0.07027303433621576,0.04026448784062736,0.16168474978254158,-0.019285993053605573,-0.09907640951267108,0.0,nm
54.764948000000004,16.162418145454318,-15.280806418195697,178.5077087866609,0.27163438636687964,0.1040062285244158,0.05489236428299172,0.14872585932514532,-0.03716180193776502,-0.047279432109130715,0.0,nm
54.79348600000003,14.128585853042646,-14.926482234265528,-178.7681386685283,0.1143104702899473,0.1839324452190155,0.11857694699687334,0.11842015123627357,-4.3207367029063576e-05,0.06963892422188271,0.0,nm
54.80298700000003,13.568603023424346,-15.05212396405099,-177.95351430086916,0.24245520940656146,0.22029120111299086,0.15536273438824177,0.10745240080673722,0.028706300550586213,0.0363080830252021,0.0,nm
54.81249500000001,13.049480625197488,-15.195051784042244,-177.5272143733623,0.40495796015655366,0.2377880995364395,0.15091371236350043,0.09904419069692716,0.032942046049603456,-0.029462969067289364,0.0,nm
54.82199300000002,12.513887811588608,-15.222293914204414,-177.51161225487803,0.5329672509111207,0.24721865900461865,0.12695928827822867,0.10315696000174279,0.010318150948635769,-0.10927634858101505,0.0,nm
54.831502,11.908923305438382,-15.068245595279317,-177.79892753959578,0.5558978690921988,0.25064092226981405,0.1366130221965946,0.11824057931783234,-0.02558174223595088,-0.1766976020286634,0.0,nm
54.841020000000015,11.180301405639137,-14.713801027893576,-178.19745643570735,0.4352995818111728,0.24521140041535314,0.14975685034882896,0.14370490647537948,-0.06545489006574574,-0.20626489238259613,0.0,nm
54.85053099999999,10.326770828765266,-14.190605007837508,-178.44917315833834,0.23656511115801052,0.21309321238789097,0.17958025511848275,0.1689526444170884,-0.09922639465006632,-0.18400404276506713,0.0,nm
54.86003800000003,9.384812077108034,-13.625300380875471,-178.3492442326512,0.03227000231670773,0.14999450039147938,0.1509017694388433,0.18668993358141758,-0.10727827498779532,-0.12176408245922496,0.0,nm
54.879065000000026,7.638663388906718,-12.939108962658935,-177.03280926321673,-0.20458684663086935,0.014638665526020445,0.2396308623120563,0.1611759901056771,-0.04152866472560837,0.019470416981248313,0.0,nm
54.88856800000002,6.963164206649094,-12.880191527613315,-176.24157343305487,-0.1149000073344771,-0.054479516746826315,0.2788381642632765,0.13235113704752377,-0.003569993610061298,0.04518700802422844,0.0,nm
54.89808499999998,6.42975268025685,-13.008809868445816,-175.62640201632377,0.07372691794591336,-0.07422823099113018,0.2936915835001075,0.10192240146163291,0.033411428042509794,0.02416807392555438,0.0,nm
54.91710699999999,5.654401207164865,-13.560163057952058,-175.37062697553512,0.3551859356245941,-0.0353696157059145,0.27350535856902886,0.06508636967962761,0.06321303295486183,-0.09285999001465244,0.0,nm
54.926582999999994,5.300383658803458,-13.794374816881604,-175.60286370715838,0.40321897209520896,0.01156726480105673,0.2549130938908639,0.06484238987715356,0.052392468448701546,-0.13380098144003055,0.0,nm
54.95515,3.9674777048912855,-14.273373082338175,-175.26880933613774,0.24955841640326232,0.07384283145861695,0.3129229072964103,0.0935424246603465,0.03833825582051717,-0.02587611076924802,0.0,nm
54.964665000000025,3.4387914095118672,-14.478647767836165,-174.65831382458293,0.2606531861038681,0.04520127892313037,0.2883584230736778,0.09845168088939608,0.05018342253833172,0.04387214221016938,0.0,nm
54.974175,2.904870569097355,-14.758038428210979,-173.87660523935233,0.33970657946258687,0.017483430584312683,0.2735771130340772,0.09724318935542808,0.06618858455175627,0.08840081711624737,0.0,nm
54.98369200000002,2.4073933512626815,-15.062006834761933,-173.0896535381762,0.45544669224279816,-0.006631491248269997,0.24768107458850377,0.08861878746665885,0.07157056890431476,0.09179579001132006,0.0,nm
54.99319800000001,1.9876350558725733,-15.32478183863912,-172.49311095453436,0.5477062551129439,-0.017551870947513686,0.2055993789355737,0.07376183595123358,0.06254043075794158,0.052690398383780486,0.0,nm
55.00269900000001,1.6673261453098651,-15.505712447028115,-172.47423031596938,0.5664786870159372,-0.011951172709868523,0.19772432599343281,0.05657604741068329,0.0440189953345339,-0.013275103416812664,0.0,nm
55.021726,1.2577759193866296,-15.60648829940548,-173.3494864339418,0.2915288458418505,0.04042340363194805,0.2199212758825019,0.034683156923890575,0.006569169227810063,-0.11809352925476746,0.0,nm
55.03367500000002,1.0594558443914708,-15.60046756667226,-173.86371022010326,0.11404529270283377,0.04448346855315942,0.2583906756245469,0.03816602893184471,0.00306372042973547,-0.11360002661180767,0.0,nm
55.040752999999995,0.8097824358059655,-15.662819440383164,-174.12956412038662,-0.012887371004848895,0.05220900130163919,0.27891198631249486,0.04659428524204391,0.01745780879791133,-0.06668228203530291,0.0,nm
55.05028500000003,0.5098342821722256,-15.837494629161236,-174.0341200938328,-0.025430535007631823,0.04511097772899354,0.27971270605075205,0.053904950507858714,0.040762581807283045,0.0027937373642780874,0.0,nm
55.05977100000001,0.19824886327694038,-16.123322240751783,-173.61976947356996,0.07087705601924761,0.008820764136752703,0.24705696048092768,0.053484323286356765,0.063369214110019,0.06574459562490577,0.0,nm
55.069289000000026,-0.0643337429948761,-16.504418269323423,-173.06600562129105,0.28113424505996687,0.03391296814607602,0.17176126210755976,0.04127486256572373,0.08166897198227184,0.09605391675477966,0.0,nm
55.07880499999999,-0.21388072503355454,-16.923072779269507,-172.6082655246661,0.47176760777484383,0.06021877972262143,0.12851573461140728,0.017997713781885437,0.08677817559106119,0.08299497440989688,0.0,nm
55.088314000000025,-0.21394012965847573,-17.276334581146095,-172.43832177063646,0.5859453280839467,0.07683197188674963,0.08060110044482303,-0.00920003832461039,0.07015757765189595,0.0340073519776522,0.0,nm
55.09783600000003,-0.06972439109955181,-17.492277524846337,-172.62052560459114,0.596153572671409,0.11143164099001358,0.05079355497459789,-0.03295178362949839,0.039302564231266754,-0.027836042287947952,0.0,nm
55.107331999999985,0.1713927808657061,-17.559744296020718,-173.07018503252272,0.5047164238348764,0.15408741867178843,0.06018199397540128,-0.04736687778638919,0.0076739485853407775,-0.07545008914937043,0.0,nm
55.116795000000025,0.42062766299248955,-17.49328713830006,-173.59762076623136,0.35596638025310795,0.1774298165656917,0.09956330009297697,-0.04572402483820364,-0.01874488955566748,-0.09052586552547714,0.0,nm
55.145309,0.6151862564802362,-17.078345210998204,-174.05666536618108,0.09921061713484407,0.16556443556982178,0.099437742367873,0.0,0.0,0.0,0.0,nm
55.154822000000024,0.6215405532210699,-17.11233969540369,-173.85644636887216,0.16092413368829425,0.13296628737591829,0.08048588666965593,0.0,0.0,0.0,0.0,nm
55.17384800000002,0.9270050994999284,-17.46010747365796,-173.84463450513846,0.33252992141515997,0.09652504001387549,0.0015111598729586901,-0.04544383951844556,0.03644356403710917,-0.008667810642315308,0.0,nm
55.183403,1.2417543606088746,-17.659772117555487,-174.20896869358054,0.3611849302860005,0.11455520519109515,-0.023582118061404242,-0.06393223396057339,0.03352244440486187,-0.05389645455654788,0.0,nm
55.19290999999998,1.6251674504062472,-17.787343333426524,-174.7191827598769,0.35473499576044093,0.1563987199306591,-0.031814581888410506,-0.0752629175760203,0.018378888096886224,-0.0787336365730739,0.0,nm
55.21199200000001,1.988080015661168,-17.116035154244624,-175.29505793248498,0.2634467064796343,0.21417481583646789,0.030322774781703865,-0.06583380233059641,-0.01846155313212538,-0.025585488223300364,0.0,nm
55.221442000000025,2.276008097233558,-16.959549184087315,-175.22206934971496,0.25419604601527174,0.21721623799619702,0.09704237504335061,-0.052361933146908776,-0.03579502663849221,0.03150521768792213,0.0,marker_1
55.23092700000001,2.5075429236508966,-16.745755242804695,-174.90779378125495,0.26027998765504307,0.19734224973206504,0.10577574880883546,-0.040542495171893594,-0.0464841197084249,0.07634273528200958,0.0,nm
55.24993999999998,2.9723281923638396,-16.27362928840179,-174.27592433979524,0.2933087242803126,0.144213444439411,0.03557481494075986,-0.042452905759606925,-0.05255329116598792,0.06413045350887231,0.0,nm
55.25948599999998,3.2510777684367436,-16.021860985151562,-174.28803571053808,0.3327684182335664,0.138155243546014,0.0016721365765848554,-0.048338238935479706,-0.05552111783892241,0.013103333833330235,0.0,nm
55.278527999999994,3.4315141526888904,-14.619847183453176,-174.92120867111962,0.3408061784058312,0.1779739681642009,-0.006904475013325104,-0.03325587534206691,-0.07535839089489925,-0.07549846685057528,0.0,nm
55.28795200000002,3.538714802072765,-14.125119668765203,-175.32106871844215,0.44863138971645333,0.19922766837830871,0.5320769951225088,-0.012289368039986313,-0.1005001442500147,-0.07469852565067898,0.0,nm
55.307023000000015,2.640632781281,-12.50309641027338,-175.52308521859229,-0.21905038158596812,0.08405318748219932,0.22413580376240802,0.13835755252865461,-0.1776073417970186,-0.023283036147533326,0.0,nm
55.31635,2.5363158675616213,-12.109812505930533,-175.26137328518877,-0.5624947977365503,-0.2739472981341504,-0.731693514143521,0.02667209833790623,-0.07687981783517127,0.04792412120386251,0.0,nm
55.32603999999998,2.273832099350169,-12.329781018657927,-174.89792549830008,-0.40036788873086804,-0.37348648717997035,-0.5131970778868885,0.04740870278454093,0.048301810456178644,0.06161241286031602,0.0,nm
55.335555,1.8838553372248634,-12.840663681099656,-174.53062601909136,-0.16136519303291758,-0.21731508423806256,-0.6629107613023933,0.0664765345173271,0.10891404028159714,0.056491188062381736,0.0,nm
55.345054000000005,2.048796023867334,-13.478902516388379,-174.2528484342262,0.48831678890146824,-0.18790075926320293,0.06674655478324595,-0.04451349860607053,0.12408020817795702,0.06311568515682314,0.0,nm
55.354578000000004,2.500374302406596,-14.018520636472259,-174.2077193142293,0.8127719981614726,-0.08361232924228691,0.6765182908480204,-0.09827897761294656,0.09870337273851768,0.030529215115114892,0.0,nm
55.36407600000001,3.1250129200628214,-14.170612176646623,-174.44014498459075,0.811710721282036,0.09389420510682872,0.07348427889931476,-0.12375916591435873,0.018313773389966596,-0.01604905236254816,0.0,nm
55.37361199999998,4.053144354074088,-14.072048400177094,-174.8773936092069,0.6584382370263617,0.13772657531495278,-0.26582852216622876,-0.1776538945178608,-0.03643471733561452,-0.042153636292056526,0.0,nm
55.38312400000001,4.997183613461279,-13.785760210348476,-175.36453416178637,0.3212177775107784,0.21815449829145905,-0.34552561983073626,-0.17797552326790345,-0.07273870416926252,-0.05197810840661242,0.0,nm
55.39265799999998,5.824043280321995,-13.229876443249214,-175.68375040279722,0.12099735929929206,0.28458173543588067,-0.19669760330621774,-0.1518494536761323,-0.12356424946162754,-0.025204959312734816,0.0,nm
55.404606,6.430993606521937,-12.633233207539691,-175.71481615227037,-0.05039600155959464,0.34215300105434626,0.08096653313684357,-0.10918993617648126,-0.12805333457021886,0.020983870355892904,0.0,nm
55.41163999999998,6.784989566617714,-12.269361223993258,-175.46845301198408,-0.11104023928633318,0.40100475432445243,0.4171580672697252,-0.06343287980894283,-0.0779907522399281,0.06459101582006749,0.0,nm
55.421153000000004,6.936380786252276,-12.152612565009857,-175.04244539138708,-0.17127384906474746,0.37269909682694,0.40137655208942,-0.02760765254386741,-0.025759951520061112,0.09167318012374899,0.0,nm
55.43063799999999,6.90238586658011,-12.188892130444515,-174.6065342386588,-0.09680201561053169,0.2692983420402001,0.03662814647457734,0.005966567677946692,0.007832770057806405,0.08580754681440476,0.0,nm
55.440177000000006,6.712059064723404,-12.430099373052643,-174.3533191478703,0.0607609315387647,0.21495412074792286,-0.303626846485173,0.03242069688532113,0.05166890605761285,0.042552813103666244,0.0,nm
55.47822200000002,5.3184382917407405,-13.20571133735761,-175.25595485497226,0.56912172102869,0.21013837771054844,0.14817702657304646,0.07928376604926748,0.0015486084405650956,-0.07389243496306151,0.0,nm
55.48775699999999,4.883916506773421,-13.022685318449625,-175.3256274754395,0.38181073167333496,0.13368548336635466,-0.09948996648490424,0.08748728642471179,-0.029576095283862947,-0.03369226282469257,0.0,nm
55.516346,3.88498085503268,-11.807920365384208,-174.40602566131795,0.073967569422527,0.009813728284845596,0.022873673360178447,0.05077996479848694,-0.0668858029508921,0.06601834034213513,0.0,nm
55.525792000000024,3.8589002343539445,-11.581368026951424,-174.15255168743036,0.037522504309349655,0.01703606908508808,0.19061428407628,0.009609260119124373,-0.04464317343374874,0.04967027481345778,0.0,nm
55.535180000000025,3.998399565437466,-11.49165935580717,-174.11833438963163,0.07311727876174223,0.04237171559767879,0.11480566630498205,0.0,0.0,0.0,0.0,nm
55.554351,4.603694744907282,-11.822182047814895,-174.64569042398276,0.1560244130811375,0.16638493964552667,-0.17809748878574716,-0.06984447746023843,0.03971108697495239,-0.05309914271698694,0.0,nm
55.56390099999999,4.600793992440679,-11.684887759361198,-174.91259660786412,0.2697582871168754,0.265272684365429,-0.0801824255957566,-0.05836578398650586,0.035018952429352546,-0.05360422801251293,0.0,nm
55.573369000000014,4.790921822545613,-11.786737330178452,-175.0985250415367,0.41902122338294695,0.3366800750759412,0.09062059350084069,-0.03891713060355361,0.01707813723584318,-0.029465243433506903,0.0,nm
55.592355999999995,4.700405496601923,-11.691954918503908,-176.49966449622818,0.4428496475070785,0.315380130744407,0.06070021613194105,0.0,0.0,0.0,0.0,nm
55.601962000000015,4.250972715139243,-11.01075764173901,-176.82960975863074,0.3556359522318114,0.21936636905800222,-0.08654909909976455,0.04509096648527291,-0.05048674047411518,0.041248005909557725,0.0,nm
55.62102500000003,3.503191328869678,-10.19367769648048,-177.6724772430198,0.14973219831478457,0.11615292696676095,-0.03459058125221952,0.0647403326964384,-0.058805577078370926,-0.00209472890142277,0.0,nm
55.63047399999999,3.217646088825141,-9.965260660388697,-178.39184302057768,0.07671735961640443,0.09365287074735089,0.1123240165340492,0.0576169798557665,-0.04409488048939932,-0.032629638330472784,0.0,nm
55.639985000000024,2.9735504917889743,-9.873590881168388,-179.20582055955757,0.0167423836872216,0.09624836013033897,0.10384672739127267,0.04844671023038325,-0.017597896999461387,-0.05251957668729293,0.0,nm
55.66847899999999,2.532419245954824,-10.385166569916905,179.8362822243704,0.2445175145677521,0.09955593693218966,-0.14417768542752124,0.014815299527658534,0.04847861239653517,-0.009345688003746655,0.0,nm
55.70663200000001,2.30483197905963,-9.610373813072416,177.72127300575906,0.40989531703443716,0.12030536809335503,-0.02891903313360513,0.0,0.0,0.0,0.0,nm
55.716137,2.168059768522499,-9.064939705467673,177.22819952715662,0.2657368469970417,0.14230448200055246,-0.10931272212979007,0.0,0.0,0.0,0.0,nm
55.725640999999996,1.9946183313043846,-8.692545522517703,176.64376000712818,0.13104668339655595,0.1670046609681955,-0.06658650937892685,-0.009123352281839695,-0.045715083567402115,-0.02355310851341959,0.0,nm
55.73510700000003,1.7785100674429335,-8.486976404163235,176.09439697081717,0.05447103177559775,0.18842859674965823,0.044928158133378714,0.0,0.0,0.0,0.0,nm
55.773144,0.8390745619188476,-8.552514754005145,174.85614699386986,0.270507954314143,0.0954845928507296,-0.09437816776343395,0.0346433241657719,0.051301797902847654,0.002649903739533269,0.0,nm
55.782711000000006,0.5764787309451749,-8.393656217988392,174.52946912087543,0.37251756665198144,0.06158333929171507,-0.05483452027464044,0.035127071650825833,0.046273505806828354,-0.006492647886347554,0.0,nm
55.811195999999995,0.09475702274791688,-7.824302546407094,173.8340533680778,0.3362140277234911,0.06114200817908404,0.01683075645248838,0.0,0.0,0.0,0.0,nm
55.82075500000002,-0.04351298887362261,-7.488900822233565,173.61990948142594,0.2252973826817704,0.07864191669809333,-0.028205309030390008,0.0,0.0,0.0,0.0,nm
55.839766,-0.28130257101334166,-7.1151675867360815,173.37214415776538,0.0701531863577924,0.10255832947463824,-0.04054321485157352,0.0,0.0,0.0,0.0,nm
55.849245999999994,-0.3686648755208313,-7.075450988502989,173.2646180468703,0.07328641314793077,0.10311607922631924,0.027353570271312917,0.0,0.0,0.0,0.0,nm
55.85880100000003,-0.4429325379794394,-7.113065490501894,173.1508458807119,0.1153747592841436,0.10200149228803983,0.05459298834376167,0.0,0.0,0.0,0.0,nm
55.87783300000001,-0.6127653142360042,-7.21228777524114,172.8359342886464,0.2452327781398759,0.10036692897985412,-0.027804030716726637,-0.0028951189422297373,0.05911178476265977,-0.01728032417925912,0.0,nm
55.88729000000001,-0.739914999433808,-7.1781710266836365,172.69931126339324,0.2993896075283187,0.10368620850777306,-0.033906778872401344,0.001224234081195448,0.05666575540680851,-0.03047457749833635,0.0,nm
55.89684799999998,-0.9069960920085216,-7.073434863016373,172.5326966141302,0.32587658746887554,0.10899962421926014,-0.004616888532195733,0.006890607100623136,0.045044485842927494,-0.033230600341586536,0.0,nm
55.91581000000002,-1.0101455713761507,-7.280844285377846,172.55372952594425,0.28800343454815297,0.10380425687764214,0.057116042977215495,0.0,0.0,0.0,0.0,nm
55.92533900000001,-1.208983020964047,-7.068847204889644,172.74528255884383,0.22454110463546267,0.08711017708591912,0.019151571014846866,0.0,0.0,0.0,0.0,nm
55.934882000000016,-1.3794735931417872,-6.902932913235885,172.9248070781257,0.16323210089151557,0.06675711064790349,-0.01652109944813853,0.0,0.0,0.0,0.0,nm
55.94439699999998,-1.5082157688444937,-6.813292114837834,173.012924066474,0.11417884798860532,0.05327769312898359,-0.056714616235578726,0.0,0.0,0.0,0.0,nm
55.953907000000015,-1.5890825350755022,-6.80326369059745,173.03933030935812,0.10196427454623268,0.044583625958225834,-0.009848502677311514,0.0,0.0,0.0,0.0,nm
55.96338000000003,-1.6316837854189539,-6.873587316538066,172.98559529404145,0.11020012976288956,0.04993324777988919,0.021510211750152892,0.0,0.0,0.0,0.0,nm
55.972905000000026,-1.6469108944995345,-6.997068472637993,172.86983682365747,0.13842155504052925,0.06194823544006495,0.034042900408651544,-0.007144062267077415,0.05373666208449805,-0.023515438783167922,0.0,nm
55.982406000000026,-1.657656644671076,-7.122785474495553,172.73652593709468,0.17449597270667072,0.07864410976731959,-0.017468958232111996,-0.011678644885499183,0.06347491342639695,-0.02691927470703638,0.0,nm
56.001468999999986,-1.7315239660495445,-7.204685417569633,172.73075093925672,0.2581870632163277,0.0971519358722105,-0.0268898381696863,-0.011788351422095663,0.05639450754805017,-0.008724151729016093,0.0,nm
56.029942000000005,-1.8480009517190852,-7.071658631145778,173.51213502928385,0.19036588159066165,0.03556737244368808,0.12130477275693458,0.0,0.0,0.0,0.0,nm
56.03940899999998,-2.1867522459482784,-6.813831985605233,173.87396986975938,-0.5534227119339638,-0.0865169627087418,0.5530050601592645,0.06145317947230473,-0.05853724849735301,-0.006810811198403002,0.0,nm
56.048924,-2.6888473075433477,-5.886527347755657,174.1958063941705,1.3467752655389325,-0.10899021559955004,1.983642779494654,0.08082142970029765,-0.19481996308911773,-0.030617722579146463,0.0,nm
56.07746400000002,-5.085990635031792,-7.481598215698966,172.87921469535976,0.9966745542862594,-1.1688720438216769,1.7139966621326381,0.3166790188826815,-0.03443063160938986,-0.18288765056458747,0.0,nm
56.08696800000001,-7.932366480151051,-6.630157616881605,172.5116130840061,1.2879357312022275,-0.8087390675551882,0.12490265046889669,0.5401071708152608,-0.2397886320189112,-0.1979634214824208,0.0,nm
56.09647799999999,-10.254681366577026,-6.037046930271761,173.04042672087306,0.3638510880766058,-1.046088040882188,0.3164534913061664,0.4443483659501565,-0.17432306006965878,-0.03053791708180552,0.0,nm
56.10843699999998,-12.184029265650878,-4.850381486529863,174.46722748315966,-0.4068315467144766,-1.2523723270166747,0.3543607324198569,0.3578462239673218,-0.2764253383647285,0.14203319235065615,0.0,nm
56.124837000000014,-12.061504206325576,-1.284387976431937,178.17813892860002,-0.47565878772342174,-1.212827489221315,-0.4883236358298617,-0.242781203127021,-0.2830895963551141,0.3486629685282882,0.0,nm
56.14403800000002,-6.4027409540084905,-1.4135770106156529,-179.85475557895947,-0.3246659260044601,-0.775681248176381,0.09508482674898946,-0.6559308488794791,0.0738313020319307,0.12242062869957658,0.0,nm
56.16306500000002,2.487558044136176,-2.9961251234517894,178.69460965097196,0.2998930197211268,-0.05105339070870029,0.7120630416907338,-0.9100072356202593,0.20853524640914897,-0.1676883757254174,0.0,nm
56.17502200000001,7.1188670451656595,-3.6328547180077466,177.64484733817326,0.38589221413379565,0.44793675560424595,1.0549104740903752,-0.9215287275091553,0.15699023507044885,-0.156347180381782,0.0,nm
56.18208199999998,11.273665077237945,-3.4707726994251265,177.22532782025561,0.6218312439751262,0.7575656475822709,1.0664682999175379,-0.8311934855562464,0.00475930077190154,-0.03237396743433264,0.0,nm
56.19159400000001,14.394462073310395,-3.159510182659079,177.6445050900908,0.5721657485578184,1.0975363236995719,0.6854758004605161,-0.626192245947443,-0.034347360682066445,0.12001441463930501,0.0,nm
56.20110900000003,16.85397739118924,-3.108097451115927,178.8211802034984,0.3783333476680438,1.150499371009074,0.6830320798689654,-0.49198042809979503,0.004849524490657095,0.26239322025572603,0.0,nm
56.220140000000015,19.24565476130175,-3.082402019328852,-177.90552971830465,0.2207984424936571,0.8524629190103692,0.4902376157250489,-0.1504718442851465,-0.006779568630343207,0.33232604480772365,0.0,nm
56.23915299999999,19.553070126304075,-3.881726362556849,-176.7143262522781,0.14386581872838036,0.5015302678179686,0.5596664479075096,-0.0011059575796883105,0.10044767008992728,0.03708555538027599,0.0,nm
56.24866100000003,19.340012938887014,-4.300703457932225,-177.1593722543497,0.23586597209310523,0.3982137712650344,0.28291752123646585,0.03802155077378822,0.08608445879396537,-0.09210486309607496,0.0,nm
56.25818400000003,19.268502049734092,-4.802740681916585,-177.9685894462343,0.35112233988796687,0.33198555368790533,0.21234564517950782,0.009995751833480879,0.10109225120480317,-0.16307938635870028,0.0,nm
56.26769100000001,19.288315614845626,-5.489256351824114,-178.7757524155196,0.3546350346727285,0.3719600069077855,0.24653286132479882,-0.007851186519051933,0.13735878486656872,-0.16117004623003645,0.0,nm
56.28670900000003,19.722639138345535,-6.527498754157855,-178.86552768801033,0.3811597336606289,0.3193698215586534,0.07805456419313402,-0.06683359882685683,0.0859951976696793,0.0614237829085958,0.0,nm
56.305728999999985,20.664009175433076,-7.545982246108383,-177.31117512721588,0.30003901481452805,0.2061468800610636,0.10508507617480144,-0.10772416060907312,0.10131961605863374,0.18434266829139245,0.0,nm
56.31525700000003,21.39632232989037,-7.891608882725686,-176.53278082256358,0.32396476584409395,0.1649309216227903,0.17116890850108252,-0.14886145366116807,0.06129998360356845,0.17549437244317245,0.0,nm
56.324761000000024,22.249330955795156,-8.121084853029704,-176.09486267199316,0.32826154837727706,0.1678513460165553,0.11218820039050711,-0.17179215267921202,0.0349768463391878,0.11144557503524821,0.0,nm
56.35573900000003,25.726279144830055,-8.66214308640288,-176.25910961344323,0.1277826168500801,0.4396975710249679,0.06540970908792963,-0.250703305633123,0.0046958846454233,-0.040706027713158434,0.0,nm
56.36280599999998,27.099426646286737,-8.8508976839129,-176.24274654762448,0.10832032584806786,0.5411415917835677,0.03881538864044619,-0.2737592541920234,0.019189288649356075,-0.01957816593274726,0.0,nm
56.381800999999996,29.834790935771956,-9.4208470804948,-175.5302858480057,0.08959231268757972,0.621403555376836,-0.10460550241334436,-0.2704399571220479,0.03579033156649594,0.08242570610944529,0.0,nm
56.39135700000003,31.16510762405206,-9.706123034681452,-174.90753555025606,0.17719808526250524,0.6107046493002661,-0.11034146284623615,-0.2666768267193351,0.034369942658897534,0.11253233934649214,0.0,nm
56.40086100000002,32.402291950983724,-10.000254356101731,-174.39749736891162,0.17353736793837396,0.6172197610602778,-0.1555359486351719,-0.24863461254870303,0.03539290239503754,0.09857665684846818,0.0,nm
56.410371,33.61200014923723,-10.149732653333752,-174.00519792031176,0.1593372365077474,0.6361707971200135,-0.1899312828798688,-0.24036345984477733,0.0052167399312712985,0.07701290432221108,0.0,nm
56.419895,34.80640220181513,-10.09137049749392,-173.64595637095002,0.17534819003098973,0.6342972281410605,-0.22274937217057542,-0.23277833484864946,-0.037533379582805025,0.056819099069536826,0.0,nm
56.42946599999999,35.114574615376505,-9.688008640360122,-173.23738806218927,0.12911053637302813,0.6360104161360421,-0.2804430898947748,-0.2109128904512505,-0.0551129844106139,0.03274339482752152,0.0,nm
56.43897800000002,35.30839459565192,-9.362950588065349,-172.8817443156238,0.04799507780076117,0.631185203824635,-0.3061731444729494,-0.19400198779840114,-0.05711017182898333,0.03597814437668679,0.0,nm
56.457921,37.03805690749706,-9.106072244870376,-171.97785584513306,0.022446542662900092,0.5085198713564504,-0.3973652424184647,-0.15652221671891026,-0.03934071912063316,0.11588099109811423,0.0,nm
56.469898,37.83547033384029,-9.156527944098402,-171.40214052939916,0.021464332206862925,0.4494820250996436,-0.36135961637918995,-0.15749026812481742,-0.012818008712365377,0.14056866530384415,0.0,nm
56.476939000000016,38.64324265886099,-9.23678401965726,-170.78702026766078,0.048998755367555394,0.3967557134948002,-0.32907908056703694,-0.16026610256457172,-0.008871843202326328,0.14896789188909046,0.0,nm
56.48643400000003,39.512398153128665,-9.238605150111434,-170.2627942226052,0.0951538052963725,0.32444604034920904,-0.3782571526237022,-0.16953387029450642,-0.027950999048099754,0.13286058669830345,0.0,nm
56.495902,40.53779767633615,-9.138475916558583,-169.981081034025,0.11552565427771458,0.2903313562634183,-0.39859446100894314,-0.1962838589799834,-0.05455071719000972,0.08916898191221,0.0,nm
56.50546800000001,41.714073816644444,-8.91866018194387,-169.98607859822332,0.08040569257203305,0.25567588199005076,-0.4360055652311808,-0.2214561686563451,-0.08382196882031151,0.03595757646959605,0.0,nm
56.514977999999985,42.98847179343044,-8.573739610892924,-170.17711540768568,0.03461576056364204,0.2548599244046597,-0.47921379168453565,-0.2365909254621669,-0.11149117473033468,0.0005596198795677241,0.0,nm
56.52449100000001,44.33732500269267,-8.194003386827266,-170.4215610453116,-0.0024723236636064946,0.21848845942990844,-0.5593964007650947,-0.2506150651338006,-0.11998697389382161,-0.00955346338145711,0.0,nm
56.53399300000001,45.725591518781435,-7.9182345227664666,-170.60578808479445,-0.030585291353824578,0.21206710484285438,-0.5894253603761962,-0.26241819589121934,-0.09983727492296655,0.0020796744963617964,0.0,nm
56.55301000000003,48.52773120260096,-7.907639884828519,-170.4506116766443,-0.016366738945305697,0.12169112678989609,-0.6289407061075418,-0.27744810916354634,-0.028892866306466043,0.07388406532710924,0.0,nm
56.562476000000004,49.90848020794366,-8.134636589867275,-170.1525257363712,0.037979973887928564,0.06356511636447681,-0.6108012873620554,-0.27756115585516955,-0.0013310042629048316,0.09825406868730989,0.0,nm
56.572040000000015,51.22787842071036,-8.406977590886934,-169.85303555107993,0.07410386841628785,0.009354980665715433,-0.6024767250329258,-0.26698239631196624,0.008306097929513416,0.09796344257610202,0.0,nm
56.581548,52.492866565196906,-8.580169685660787,-169.6162679062497,0.10204686947890178,-0.029615586697756987,-0.6060084423334213,-0.25272446367796675,-0.010532439547996104,0.08481194794928283,0.0,nm
56.60057599999999,54.92587153171953,-8.396412288917393,-169.38564890137798,0.07903227220885056,-0.09772583695719267,-0.6812827640704516,-0.2279109852380451,-0.07849906240926664,0.03310695631106712,0.0,nm
56.610078999999985,56.09811755279705,-8.120476016599111,-169.4735967151164,0.01287876087695649,-0.1144919551009595,-0.7248504900548117,-0.2182394474014651,-0.09694075678321887,0.016101404796401,0.0,nm
56.629110000000026,58.22023924442188,-7.699840305450499,-169.5539399014456,-0.08192195904082536,-0.16522719871141453,-0.817451761074061,-0.1925426041391992,-0.06537588494076133,0.025282223200143228,0.0,nm
56.63861700000001,59.10527188768469,-7.750393371002269,-169.35910911779678,-0.07998994550164458,-0.19189548282123195,-0.8379692017548521,-0.17448543421320079,-0.0224011994548347,0.03445115845588058,0.0,nm
56.64813800000002,59.82997813152753,-7.977814917091888,-169.24865953730182,-0.07919691950499864,-0.209497051200202,-0.8340426814479518,-0.1497171054228997,0.01806991082929536,0.04197698793357631,0.0,nm
56.65764999999999,60.39238088968831,-8.30823484600243,-169.1281527342806,-0.0008380309578325451,-0.22158989440813234,-0.8295470347521763,-0.12192380487941787,0.04408492093453958,0.040092442025665705,0.0,nm
56.66711700000002,60.79839160795426,-8.65486704097661,-168.99693493461973,0.04983594711853288,-0.21999574490568455,-0.808917768570399,-0.09217030110617713,0.052835955121193955,0.02078139058469421,0.0,nm
56.676669000000004,61.04139325039023,-8.93133099641532,-169.07639751705108,0.07649727984137591,-0.2105701547983255,-0.7889233969800292,-0.05774216448860499,0.04522352486023173,-0.008446346282042338,0.0,nm
56.68617599999999,61.1124668237476,-9.087574603176892,-169.26692659727217,0.0804133259339958,-0.19951060546189686,-0.7773571347881175,0.0,0.0,0.0,0.0,nm
56.71466300000003,60.17489876075531,-9.318917533404665,-169.93921783005035,0.02429956028767462,-0.13636395791152328,-0.6998902004581591,0.09600242643326101,0.04238157418016163,-0.08066179958565427,0.0,nm
56.72420599999998,59.44037597008271,-9.562199897565156,-170.06468905090804,0.030978763551370102,-0.12346774140697306,-0.6636860260326476,0.13436987197253317,0.07331858843357006,-0.07037957710950826,0.0,nm
56.73373099999998,58.502426948358625,-9.947548810373362,-170.10933901964893,0.06954416256227974,-0.10285151453319472,-0.6144334415645168,0.16896512750639905,0.10806314556471089,-0.06185131696092693,0.0,nm
56.75275199999999,56.2954570740781,-10.959823797247608,-170.13108123588043,0.13086508569119915,-0.11840152405111248,-0.5125573983025191,0.1992738547981696,0.13976548341573525,-0.059417835448918696,0.0,nm
56.77178500000002,53.89764865133708,-11.829395954267842,-170.3301048685921,0.1976562154272157,-0.1993158081750985,-0.5334454846018531,0.21693082027153995,0.1195381495549631,-0.09650409237478028,0.0,nm
56.79080099999999,51.84142080136835,-12.43422547172251,-170.79320466732315,0.2480163176768281,-0.1004098734994639,-0.4445094000552548,0.18500050003014537,0.08497802726574323,-0.1193070582506657,0.0,nm
56.80030800000003,50.95225952438403,-12.682035816232549,-171.02379868368118,0.231798686205907,-0.04996154714524421,-0.4676838193125849,0.16369404772832258,0.07669492128709669,-0.11250293060824282,0.0,nm
56.80982,50.21199202003264,-12.951623930166306,-171.1500109701317,0.21983019590773295,0.01856271487001533,-0.4114427968082438,0.13434760143881463,0.07593910983590621,-0.0888778831137109,0.0,nm
56.81932699999999,49.476245801097335,-13.255992771513963,-171.11849436104583,0.20985201171068568,0.07292589869920962,-0.4236308667771657,0.13228318235330225,0.08254978900552125,-0.059873273256823456,0.0,nm
56.828846,48.77632116821372,-13.616827704755075,-170.96346680702936,0.24029506075006335,0.10799497933729083,-0.44194574085086247,0.12328870355100116,0.09279619094762831,-0.03365939470183835,0.0,nm
56.84787899999998,47.38285805652338,-14.366243039167655,-170.60518879311266,0.2935030737144889,0.23297441714950937,-0.39006295044200856,0.1261032028426674,0.09112708679242762,-0.025902345163751582,0.0,nm
56.86689200000001,45.923104255446454,-14.596688665670747,-170.35671398653906,0.32087521107702927,0.3480449130469425,-0.32954879790760494,0.14178816224783594,0.031251997341445924,-0.056382468948315785,0.0,nm
56.876395,45.127869811134005,-14.49419879374286,-170.3123353118535,0.2701191072245412,0.39021754024555155,-0.3354237827061574,0.1554054291226469,0.005988930312535047,-0.08009939771237924,0.0,nm
56.88592,44.28583819788672,-14.283549280528756,-170.3076989061888,0.2219133100581017,0.45083136699780757,-0.2811664855932569,0.16814597559964609,-0.013761861571716527,-0.08492361866825651,0.0,nm
56.923967000000005,39.70402671520301,-13.825726795957966,-169.72678531061882,0.05046430259188355,0.39941192398751957,-0.2304234734678923,0.2512566625685727,0.046524432784800285,-0.041064225999216455,0.0,nm
56.93347799999998,38.388394875319264,-13.892570803777602,-169.53522256031766,0.07446242072194921,0.3613414170730174,-0.2093165744607278,0.24916795669322875,0.059478039828187605,-0.04938566517145623,0.0,nm
56.96201300000001,34.592187157381694,-14.019488465761803,-169.74852177626548,0.11873983763761341,0.3343538588319998,-0.150078167276607,0.2354995980693464,0.041819169032104274,-0.14091875878803933,0.0,nm
56.97152199999999,33.36496902028453,-14.002875330937707,-170.0252001534233,0.11586736059632625,0.34044729251302736,-0.14497783665394776,0.2352852033120652,0.03909851041990227,-0.1613655903926724,0.0,nm
56.98102499999999,32.12654787286862,-13.98894084039081,-170.28355161648776,0.11097685832433432,0.3527165798827415,-0.11340988966880686,0.23753551789631575,0.038894608125647066,-0.15707808027696007,0.0,nm
56.990606000000014,30.455374183665096,-13.769132807602107,-170.2985779467198,0.12308306136810065,0.3557008476452535,-0.08846295246400124,0.2455682189854809,0.04099321928857503,-0.12820830399660108,0.0,nm
57.00963999999999,27.186867277891803,-13.426593442146684,-169.79264351567426,0.1597000129461883,0.33942162396843095,-0.06796951258345472,0.23432904620473435,0.061006677673907744,-0.04785659619755685,0.0,nm
57.02867800000001,24.264047712567653,-12.955339865322182,-169.25204730889965,0.23063381364280983,0.32960826918938746,-0.045343985651528355,0.20836333075715593,0.0460327081440942,-0.007625022259680824,0.0,nm
57.038182000000006,22.965977770949703,-12.618641789545126,-169.09979453830752,0.25000193563841844,0.3236572826251053,-0.021321202712633307,0.19210691957224976,0.0352505933682912,-0.026519896427570525,0.0,nm
57.04776099999998,21.73321726567678,-12.242326950908362,-169.1565764558874,0.23659354809222904,0.3236399985329975,-0.005577123902961935,0.18236636202000328,0.021936938251122147,-0.06405270083857204,0.0,nm
57.059641,20.544992697890706,-11.81914844951413,-169.07144301270253,0.20942767371917884,0.32945283343282245,-0.0015846361013880732,0.17496695229884512,0.006257972837708886,-0.10289152652143227,0.0,nm
57.06671699999998,19.37217503034485,-11.392452163527041,-169.03451362035105,0.17592390473706546,0.34362515494115875,0.011911209509622213,0.1703901940576956,-0.001889640758620762,-0.13140950756924363,0.0,nm
57.09518600000001,16.06524080010602,-10.563641673993061,-169.35598015727243,0.05560752238114234,0.35769972444678205,0.04091263596196174,0.1796023355185195,0.0026879018956279645,-0.08062130013907827,0.0,nm
57.11418200000003,14.170524460391105,-10.328346509124431,-168.4491668738842,0.10119999394622992,0.3171740230130107,0.1262498128190595,0.1904154501196278,0.015970145869984104,-0.0028320706382934592,0.0,nm
57.142697999999996,11.226745496205654,-9.85983404325263,-167.3753444820947,0.21996590376973996,0.21352193213587053,0.2266778411988429,0.19290542322089704,0.007610008390345207,-0.06199162297277283,0.0,nm
57.152210000000025,10.309418888552747,-9.68486000050096,-167.42201408930603,0.18266245641548345,0.1908122619044081,0.23116774937938483,0.18433977795573875,0.005862829748689764,-0.10960609078670182,0.0,nm
57.161707999999976,9.445002364096837,-9.541538174500753,-167.63969386850275,0.12612066993020232,0.18036807898562257,0.23162068460587695,0.17285667825228102,0.009346812230671527,-0.14015581408049568,0.0,nm
57.171243000000004,8.629380302731205,-9.467355167010284,-167.88823101181285,0.06987920380515247,0.18006805265032044,0.20850215592887283,0.16056134677397488,0.020082016972155413,-0.1405707711249699,0.0,nm
57.180762000000016,7.845352934469906,-9.475593031832805,-167.9812506030648,0.040410745883550814,0.1844774315554625,0.194311708021356,0.15103630348588915,0.034423883852910064,-0.10947255335757554,0.0,nm
57.192714000000024,7.065688831353964,-9.53319185533932,-167.77545984958525,0.06020686881945315,0.19206487248204954,0.18293520946309005,0.14802468514402647,0.044091407869071876,-0.057152434718986754,0.0,nm
57.21879100000001,4.55599915618404,-9.66673238962393,-166.09549339996812,0.2408660404000267,0.1347261844128328,0.16271447435256456,0.16834152865442525,0.04414553082528203,0.029819394174635777,0.0,nm
57.22831600000001,3.6602476865840203,-9.6607243854906,-165.6575160405747,0.24201441851483227,0.10223744895128878,0.16084029409387082,0.1717041807882827,0.04243482910487663,-0.0018467503692817697,0.0,nm
57.23782299999999,2.780734774477646,-9.671495376502385,-165.46191622120514,0.19321091010019106,0.06059348262041327,0.17757962629443966,0.16751732882836143,0.04583697625511903,-0.05081811809218611,0.0,nm
57.247333000000026,1.932793112994994,-9.725239269787307,-165.48984356282878,0.10962569754636707,0.08145611421551666,0.2073792278896097,0.15922542585394356,0.05283068511297878,-0.09521011962580646,0.0,nm
57.25684100000001,1.135645730310436,-9.84279706344374,-165.6070937094653,0.05914012559708669,0.10779806000642789,0.24215147333356163,0.14631966112486003,0.062478153107370316,-0.11459922592286743,0.0,nm
57.266347999999994,0.3833503634409739,-10.042755572303577,-165.65191790150197,0.06190555982767917,0.13913956886952836,0.2633627200388741,0.13361863273949814,0.07602319575151784,-0.10163277180766718,0.0,nm
57.275863000000015,-0.3621169158392203,-10.301471824904244,-165.49645183305518,0.11507470460639521,0.15883073529387132,0.263941647392695,0.12916944740443323,0.0871798514257324,-0.06279041864867066,0.0,nm
57.29484200000002,-2.0414924475054876,-10.702879706128916,-164.54738398261574,0.3129462048470028,0.12765111926684622,0.23680694651310236,0.15949436821971794,0.07694123884867897,0.022217771780151104,0.0,nm
57.304400999999984,-2.9760688551310825,-10.775911826131626,-163.9190044214278,0.3750869083228442,0.09290881574557182,0.21285002585513074,0.17286203385628304,0.06445460915867081,0.03730279762875901,0.0,nm
57.31390600000003,-3.8678116289577216,-10.78759929724876,-163.38055929244493,0.37469475914872125,0.04089812790486926,0.19188715069828094,0.16759595176853456,0.0519714493595721,0.028956586471581072,0.0,nm
57.32342799999998,-4.639689061031677,-10.774058288899012,-162.97797757592582,0.3196742639920065,0.001124210645831437,0.20304639396719287,0.14606971576495253,0.0416654043869989,0.002699556454933605,0.0,nm
57.33538199999998,-5.246004858086744,-10.800291906419233,-162.6428833736274,0.2469190813582251,-0.021864798394696502,0.19693643692827648,0.11228452833045678,0.04063709324306743,-0.02948173732382489,0.0,nm
57.342434000000026,-5.7096527155033225,-10.949851737182653,-162.4850363754026,0.1830305512409382,-0.01720866753229271,0.2372619233088039,0.07786483771099476,0.05614271250074492,-0.05561923094351957,0.0,nm
57.361467000000005,-6.39566894700565,-11.60508742956782,-162.41479354654405,0.21444283439025524,0.02552373770088562,0.32489930593363525,0.037565090850676795,0.089829235688064,-0.05575108275549738,0.0,nm
57.38999799999999,-7.749052505996121,-12.43242563814252,-160.98357999019927,0.4787368514970507,0.04898357342909883,0.2943047318006229,0.08740859601381261,0.05839643836611551,0.008160497994662442,0.0,nm
57.399508000000026,-8.267191132768515,-12.367392474262308,-160.5190018445861,0.48775152778975084,0.001692216576606817,0.24373845201095778,0.09992927426635502,0.021374963201250555,0.01179363188440964,0.0,nm
57.409018,-8.708182037543967,-12.162228542295814,-160.16659393182962,0.42232602636836386,-0.05048908070405092,0.20177996856162272,0.0951240422703778,-0.009459185925871152,0.002531682469902228,0.0,nm
57.41852399999999,-8.993074107121407,-11.917830168520036,-159.88734219934543,0.32322979633771004,-0.09997384276539575,0.14720739985664463,0.06923899294015733,-0.026771516786294303,-0.013630630101822853,0.0,nm
57.427999,-9.121843264110387,-11.72949531949786,-159.6865737644765,0.23881598894358586,-0.11901775140492551,0.13615149132639973,0.03680303851929283,-0.02657177298942233,-0.031553561613324045,0.0,nm
57.437562000000014,-9.111667960008273,-11.65202371121042,-159.5375678493713,0.19817085848750357,-0.09065916273879422,0.11957866194331836,0.0,0.0,0.0,0.0,nm
57.44707199999999,-8.984685496836738,-11.693412009661225,-159.37988362861284,0.2192354841084152,-0.03952157279157088,0.12361640674041628,0.0,0.0,0.0,0.0,nm
57.46603499999998,-8.544888598628358,-11.895819744525584,-159.63140160585104,0.33150430263822933,0.09518502209474494,0.10541066423372043,-0.05156099618355129,0.000755072934586286,-0.005871161932014813,0.0,nm
57.47554200000002,-8.260217274105976,-11.921092896584126,-159.6248289439816,0.3806823636990486,0.1152578064201246,0.0886280218967767,-0.054063719496819346,-0.014675814082864416,0.013080386755697785,0.0,nm
57.48511300000001,-7.920144400250195,-11.873712438887724,-159.5739982271081,0.35667751666980885,0.1441232824365214,0.06607531496897062,-0.059163935323356065,-0.03212785720717055,0.02421623001081639,0.0,nm
57.49463800000001,-7.500750139997317,-11.777907689290863,-158.8331949549707,0.2942657283073432,0.13738011635418423,0.06468593992441465,-0.0697581234293673,-0.047561859916027606,0.02403888147677422,0.0,nm
57.50414599999999,-7.005566336918643,-11.686803076252144,-158.86081910817586,0.19574776787391557,0.1261320806338049,0.0527818417951445,-0.08398169472869578,-0.05206171112393951,0.014640745123373579,0.0,nm
57.513645,-6.447345519042665,-11.678750869671829,-158.9535116207113,0.12050048350547006,0.10225942019447835,0.09502589086056552,-0.10157407573991765,-0.04090906005120382,0.004088992768923042,0.0,nm
57.52316300000001,-5.9277348030575086,-11.808429998382975,-158.9183480721015,0.037526046514454195,0.14491341534765773,0.08890098404716978,-0.10440284929800021,-0.012536055630206488,-0.00509621814386726,0.0,nm
57.53265600000003,-5.405566995674923,-12.094740118751782,-158.91321933026123,0.041963930303250525,0.17537606807561065,0.1219307290032699,-0.11611517661520852,0.016579339541014194,-0.0008536715879591013,0.0,nm
57.542171999999994,-4.991892964438384,-12.523942606812021,-158.8928147541597,0.10599464431174997,0.22721683691442077,0.16419155407909627,-0.10650027556669854,0.051001949135527434,0.007732254504379512,0.0,nm
57.57071100000002,-4.528022012827348,-14.047571101006028,-158.5771072045604,0.3127218950813536,0.3215280086303202,0.07555397089449156,-0.0355875284563924,0.09011069144965292,0.03152151421498476,0.0,nm
57.58024499999999,-4.59725307562117,-14.457780607535222,-158.4282078585033,0.2929539385339614,0.29152643480563245,0.0067733309642470495,-0.017608009965101187,0.08137363427977665,0.0263809640095227,0.0,nm
57.589740000000006,-4.694501672796103,-14.815378101732644,-158.32495202209276,0.23726444215983952,0.22242249147391518,-0.06993382023115566,-0.008876713785558807,0.0735304997753468,0.015738688040545127,0.0,nm
57.599265,-4.822298469456272,-15.181612196840835,-158.28088945448295,0.1325237380584162,0.18412960343548132,-0.15393541454938364,-0.004147319332060482,0.07730008479299376,0.0021887808665693614,0.0,nm
57.60876300000001,-4.890162828470705,-15.608433963991118,-158.27578376224253,0.07210732976860196,0.14827121552845643,-0.17692614644105553,-0.0194659313264733,0.08427159112799136,-0.002593043575618516,0.0,nm
57.64674400000001,-4.79008831256118,-17.704647204633186,-158.03518713422454,1.8511131853582687,0.12189661599269701,4.157558351262122,-0.01677848981879311,0.08947463781769074,0.018415192149428855,0.0,nm
57.65625499999999,-5.380970549063365,-17.719989072144237,-157.94043783004892,0.814493015260674,0.4498277323514467,2.214683234553154,0.10336878668456488,0.04510502997391825,-0.017044367189314607,0.0,nm
57.665666999999985,-4.630469806279709,-17.55436436361184,-157.77196515369843,-0.15677978989519445,-0.24264479563913338,-1.5681053333863577,-0.12019028570624739,-0.0847263799081734,0.07926623595871718,0.0,nm
57.675274,-4.474308000255503,-17.62520438241885,-157.60630849361232,0.04508967177443219,-0.5446525493954301,-0.5218905102973296,-0.03297500208338985,0.0018072487831716799,0.04260645591093968,0.0,nm
57.69431100000003,-5.615386265426215,-18.1993691604592,-156.6250544362623,0.0816353553616513,-0.12529637014626133,-0.11039095523452394,0.005518613548189915,0.09124183430320483,0.1250880300632337,0.0,nm
57.703823,-5.436664552713839,-18.49609375110757,-155.63502934240057,0.7537385954036581,-0.09979136269253182,1.3813173536053578,-0.055149452523875674,0.040597961339504385,0.2094069365045377,0.0,nm
57.74187999999998,-1.1967478103024505,-19.121847545612347,-154.36882810726465,0.21837719617141588,0.1162050660893249,-0.607809902441955,-0.2415992074111572,-0.07843002505427114,-0.024943206879800055,0.0,nm
57.75136600000002,0.13385727464045374,-19.236273762854214,-155.35801683791598,0.310839074431537,0.3891727618715223,0.12247339392311112,-0.2375980704229568,-0.08616650745475092,-0.11041576955461274,0.0,nm
57.76087899999999,1.2870230670615599,-19.29858642502906,-156.3997991313788,0.332294941457035,0.6023297225241948,0.9890244429118354,-0.20407790420532684,-0.07770060930839075,-0.13228228632198127,0.0,nm
57.770398,2.0248796612752775,-19.15179061844968,-157.12179531356233,0.06408894820970852,0.5941790814292373,0.6982645193274989,-0.1166086169028315,-0.08207058083076028,-0.09583316737686978,0.0,nm
57.779923,2.322036390240693,-18.914630470724067,-157.331440267856,-0.18282991541163524,0.410438221673238,-0.10901701007589983,-0.033486856495122494,-0.06557752540535242,-0.022546892257896328,0.0,nm
57.817902000000004,0.6612958417558733,-19.119671856094133,-156.5007352388733,0.5958716638655899,0.2680935212234232,0.5311881614858369,0.08788504470315231,0.05091821546093069,-0.05387622276276691,0.0,nm
57.82746400000002,0.31131820186659065,-19.17125909545496,-157.0360758728724,0.5014307915344215,0.2154400741948396,0.34270362919221264,0.05679082359959298,0.03562183866056201,-0.1301346378280703,0.0,nm
57.83696200000003,0.17227413961707705,-19.152687761938562,-157.85705162565702,0.23296381387380052,0.053194345572948096,-0.2179876758467788,0.025742498973706517,0.006663274341265134,-0.1734523407426747,0.0,nm
57.84644000000003,0.09857624426278401,-19.072354772846506,-158.68259303382737,0.02974677336515062,0.010625732213561237,-0.5737832763120022,0.018934648168199165,-0.009775337860761133,-0.1700573463701147,0.0,nm
57.884525999999994,0.06673459226474254,-18.635259302180494,-158.66247936447493,0.3667270813865016,0.14369324540836997,0.23480490660923745,-0.00584438276786509,-0.04938089712244898,0.09568501615777165,0.0,nm
57.89400899999998,0.35471163748459456,-18.442874239670527,-158.32540889538217,0.2500701585278443,0.09868658440947686,-0.2004132584894283,-0.03676158356136186,-0.0559044314389938,0.08580303510599763,0.0,nm
57.90356600000001,0.7672985703455015,-18.287432146227427,-158.30276767800208,0.14212302197958185,0.08085682436826663,-0.4675743537780979,-0.061375554272696344,-0.057913600968815315,0.030570633373759756,0.0,nm
57.91306900000001,1.2811205193535018,-18.148585028335905,-158.64432919861366,0.15813579312464682,0.16212425433866576,-0.29028114329837007,-0.0807270394804678,-0.06173852716899174,-0.0361830421291912,0.0,nm
57.93209999999999,2.220069647489815,-18.00550253103779,-159.84271174838204,0.22040587970988482,0.42682190693709304,0.47314547566167486,-0.0725042798294807,-0.039345424212913774,-0.09509544064687396,0.0,nm
57.951122,2.472459105145283,-17.78345897593204,-160.29298562568087,0.0484140117538021,0.34090233514081497,-0.14756820441192772,0.0,0.0,0.0,0.0,nm
57.960623999999996,2.261594117397618,-17.69571759329523,-160.05273033087218,0.07504833370738265,0.2634241316957692,-0.3298387370438127,0.04379851793268164,-0.0028908917855012864,0.03521637191017298,0.0,nm
57.98916200000002,1.1706923358791463,-17.22434787602503,-159.30724950493794,0.46439929518992634,0.21207192110694495,0.273520537321538,0.0715089101888894,-0.01588304121518348,-0.006142051358871549,0.0,nm
58.01769999999999,1.0439385472714013,-16.633048655416363,-160.34818147681415,0.055348463045992315,0.07361724391949144,-0.32704519710899743,0.003672002767000481,-0.03943433361858523,-0.08075844105795266,0.0,nm
58.02716300000003,1.121180497204298,-16.50074660515417,-160.6005167463786,0.06237158736215288,0.11987656123216597,-0.1656739779887875,-0.005113892458927262,-0.02993010306588472,-0.04609051405870249,0.0,nm
58.046223999999995,1.2606078520933244,-16.313956084186177,-160.33275071279772,0.27446027523205707,0.24879284007129235,0.24516954528873625,-0.006008418036678171,-0.02251496129727158,0.05485650320216184,0.0,nm
58.055717000000016,1.3633646323264275,-16.2141345392217,-159.97037082482623,0.32364800037417363,0.25008413118384937,0.06632149253012172,-0.011803151207215848,-0.025518244548832336,0.07829197270175152,0.0,nm
58.06523099999998,1.4940771044864383,-16.109971308924706,-159.67993930453318,0.3083233783222466,0.22984859342332736,-0.18723862080197262,-0.016413941316670354,-0.028259021095809404,0.06541524667159195,0.0,nm
58.07475199999999,1.6459768038073286,-15.954593894953245,-159.59166874495568,0.2865659450683449,0.2356333437853766,-0.2670667251573093,-0.01658571886084467,-0.03935346462502412,0.026070471255978354,0.0,nm
58.08430500000003,1.6087338130974602,-15.323022043952866,-159.6820589836117,0.2784850875056234,0.2695713332938484,-0.10175051590363204,-0.012416417162450658,-0.05089568519697489,-0.020277006378740345,0.0,marker_1
58.093794,1.723879203362864,-15.09523242367234,-159.97402787661915,0.25146417211628036,0.3182585836711551,0.13435417993129617,-0.0051513692031519434,-0.050499239888761815,-0.052383917562321775,0.0,nm
58.10330700000003,1.7827582608152046,-14.888956392660136,-160.26603795929884,0.18298456107375544,0.3247128615151798,0.23074483827458278,0.0033422657680355823,-0.04272597871195186,-0.05539141588386259,0.0,nm
58.11282499999999,1.7497163751725093,-14.707411809407295,-160.41799848071375,0.10496113577314714,0.2845101603018325,0.08851496235075874,0.0,0.0,0.0,0.0,nm
58.12233600000002,1.6164006036133098,-14.564462797079207,-160.36685274600796,0.06913845206951971,0.22856533345017654,-0.1456167766386802,0.0,0.0,0.0,0.0,nm
58.15081200000003,0.8968050337046528,-13.973518508027931,-159.65918632169507,0.3559330581716196,0.1928710558224023,0.08983992314826708,0.0,0.0,0.0,0.0,nm
58.17940399999998,0.9138853900409254,-13.245451367128847,-160.01463943594268,0.23794463123173004,0.17153338236749582,-0.18149764413767494,-0.011948522428226045,-0.032103368780595984,-0.04431144155299771,0.0,nm
58.19848200000001,0.9970850064802397,-12.651463400774695,-160.30536006148787,0.1672841359966345,0.22975719428155045,0.0016450846026548037,0.0,0.0,0.0,0.0,nm
58.207876999999996,1.100892995694379,-12.494991314431699,-160.23830336169175,0.17876715978107882,0.2520462347340496,0.13095849567528264,0.0,0.0,0.0,0.0,nm
58.21740299999999,1.1817915435397757,-12.363806178069549,-160.03926696496418,0.19327007901946908,0.2525888592223563,0.08497130955970525,-0.005958503657180653,-0.030090532201483472,0.04332366913154727,0.0,nm
58.22701000000001,1.0771381986153163,-11.963850909805618,-159.7734699291243,0.20200529075546236,0.23156688764964536,-0.05996311771183453,-0.006242549167713317,-0.022135060435972274,0.04871584501763896,0.0,nm
58.24604099999999,0.8572458455530251,-11.144608117995357,-159.56588460990528,0.23888215254566741,0.2275859398522602,-0.09321125826403051,0.0,0.0,0.0,0.0,nm
58.25554299999999,0.7394700452612217,-10.751708160508626,-159.68771703956344,0.253945634321571,0.24616910705632944,0.031552217248559215,0.0,0.0,0.0,0.0,nm
58.26500299999998,0.7608498606655203,-10.705566774994502,-159.9134211109264,0.24053012865794904,0.2595017043480999,0.10375881527570971,0.0,0.0,0.0,0.0,nm
58.28409099999999,0.3953251260839063,-10.086853104273189,-160.13756097562592,0.16967266458334554,0.2163936628041333,-0.04248883074306244,0.0,0.0,0.0,0.0,nm
58.303060000000016,0.026768391306514448,-9.425973695331235,-159.89434467786282,0.20420249466195936,0.16930131225647124,-0.04153845481837408,0.0,0.0,0.0,0.0,nm
58.31262600000002,-0.07493310716076226,-9.075624161507724,-159.7140546351108,0.24225982329897758,0.15778073882506213,0.031398127997752136,0.0,0.0,0.0,0.0,nm
58.32207900000003,-0.04913993956270486,-9.034937927427812,-159.61163914418108,0.2658460046323585,0.15559573447740446,0.05619553039654646,0.0,0.0,0.0,0.0,nm
58.33160300000003,-0.02066183026123097,-8.718129120888472,-159.61578097182422,0.2424217538714711,0.15267977104975314,-0.010388385619745243,0.0,0.0,0.0,0.0,nm
58.34115300000002,0.0253593569746841,-8.446225886974254,-159.72630725346835,0.19625229388696505,0.1600742674838576,-0.08812061712736197,0.0,0.0,0.0,0.0,nm
58.350615000000005,0.05192996047916621,-8.216361829553652,-159.8839958495633,0.15945256183346515,0.18039283320938618,-0.08868118183083099,0.0,0.0,0.0,0.0,nm
58.36016699999999,0.04701122284777819,-8.017520664585415,-160.0113898557128,0.1454451411383922,0.2064384646044274,-0.029311436037010197,0.0,0.0,0.0,0.0,nm
58.36962399999999,0.1753125235574784,-8.06662650831818,-160.07266569497588,0.16021130417298396,0.23319372801050858,0.07019770671565642,0.0,0.0,0.0,0.0,nm
58.38865900000002,0.1724059810174569,-7.911923858329206,-159.89397487171104,0.1959158532402321,0.22388261315716512,-0.003760908264586901,0.0,0.0,0.0,0.0,nm
58.40769399999999,0.07688255188133272,-7.713896136447057,-159.7117071553234,0.13601055969920373,0.13190743067928984,-0.14626003980948404,0.0,0.0,0.0,0.0,nm
58.41715800000003,-0.09005808862761495,-7.387958309988573,-159.69160606072407,-0.8072032235076247,-0.2015726883812858,0.4490528013107805,0.0537361320629753,-0.04973048815000579,-0.0003695722624977155,0.0,nm
58.42661700000002,-0.2707727456870637,-5.9558691890923,-159.49310054916,0.28029055542358716,0.17142893787513858,0.3868446464521459,0.13371410302680886,-0.256300199942211,0.03552667381539894,0.0,nm
58.43620500000003,-0.5989694413256831,-6.652022755342733,-159.1877216739157,0.8459557001188127,0.0693619984895261,2.2904243310359518,0.011939340937926184,0.15352061979870257,0.05389811766834487,0.0,nm
58.44570700000003,-1.8873335230564412,-7.9019424475446804,-158.868345905145,0.7934396525730454,-0.11066183218855334,2.922661224364724,0.14941724564036363,0.3253753247886027,0.031222597334130155,0.0,nm
58.45521500000001,-3.822971628438695,-7.333875131875469,-158.6528883752804,0.7885397785705669,-0.3979412859619397,1.1797392516421186,0.39938702165270296,0.03316839641727398,-0.00827310409139795,0.0,nm
58.474249999999984,-8.868105270690375,-6.892862201937671,-159.4310140354943,0.6337291760728667,-0.8717979874564986,0.46319790435223895,0.4602947239417896,0.27325738913628295,-0.09590547864379018,0.0,nm
58.49328700000001,-11.928124855736783,-6.249021580525663,-159.75973857453408,0.497455151960495,-0.90024224103414,-0.3309030178376978,0.24891194774170047,-0.057134656377341164,-0.0428262148443972,0.0,nm
58.50525099999999,-11.903095049911384,-6.181107915156632,-159.2964779728601,0.4892495079185318,-0.783451848081736,-0.40170346330624535,8.219929012163749e-05,-0.014481308183419776,0.09326257674168062,0.0,nm
58.51229999999998,-10.702817605772461,-6.46696498664545,-158.47123456976456,0.4895293315395663,-0.8415385781677508,0.1755864143150554,-0.24353913246767722,-0.032665622035337044,0.19163713637953972,0.0,nm
58.521816,-8.791728877664632,-6.092791130014279,-157.7776793869653,0.5416137073445532,-0.5282165175915805,0.20223166300543607,-0.32517457735818034,-0.21130341351003054,0.1806741357109001,0.0,nm
58.56230800000003,3.4444425114823516,-5.809457104796473,-156.84663173268262,0.08713417104082596,0.36875276758229664,0.5805511384174495,-0.5387762686955344,-0.29113714714949107,0.08568538650531007,0.0,nm
58.569379000000026,6.047685848695221,-6.052251427561425,-156.57347166723324,-0.04604205327185482,0.5950966260512954,0.42069547488636,-0.4955898128509563,-0.1603989290785357,0.10854007097826622,0.0,nm
58.578824999999995,8.228684115601919,-6.904047350205575,-156.04697748624721,-0.17768347255063893,0.7296377634565965,0.653031550226732,-0.4660240650637283,-0.018189706404272622,0.15465261951037582,0.0,nm
58.58838400000002,9.869377668888799,-7.591937717567456,-155.20558375691454,0.036133118181461234,0.7938213122531097,0.6851253036321505,-0.3538051980058502,-0.00905650648319754,0.20985370268134104,0.0,nm
58.59789699999999,10.87549105638432,-8.194327846885917,-154.29220625359432,0.4285417172669398,0.8695172284168018,0.326957807051558,-0.23201128368841586,0.0239568061717593,0.21048205565272576,0.0,nm
58.61937399999999,12.071114507663037,-9.891158528863478,-153.44611890969048,0.4946499419936085,0.6825008360227534,0.42616207513195986,-0.15896532408293862,0.09106516509660276,0.06327879166654764,0.0,nm
58.63594499999999,12.796095778850448,-10.293530805480447,-153.9853040346148,0.4490374953992131,0.47544774236734916,0.12631186997095387,-0.07942830980749135,0.00371128631503094,-0.073904775177756,0.0,nm
58.645460000000014,13.176220189717291,-10.706926990923387,-154.53467621623693,0.23396993227216814,0.3511906050189702,0.29159965234312957,-0.10339002444839987,0.04208649516227617,-0.0960737728390184,0.0,nm
58.654921,13.442910823234989,-10.996751669254369,-154.85252026750237,0.13597000707155407,0.29052166075413133,0.3501994651690762,-0.07223879982932872,0.03006217791640165,-0.053555059492946616,0.0,nm
58.66443199999998,13.64163948750257,-11.205559719506915,-154.79985467451715,0.21172503753779476,0.2897721470860865,0.13240097369118853,-0.05314000175359563,0.021235668526933118,0.018207074853253652,0.0,nm
58.673989000000006,14.017309081351462,-11.695256629275665,-154.49069537413789,0.2764601439866202,0.27091912819034697,0.1570971901744223,-0.10864662510080704,0.05704910398581448,0.07682015161685957,0.0,nm
58.68349899999998,14.627025539311013,-12.275310596446598,-154.05367184449952,0.31921055869138826,0.2678549899017923,0.3088522185628465,-0.15805522539953834,0.05279632060678717,0.11283461195672258,0.0,nm
58.693015,15.440721667396257,-12.60781150108434,-153.63135362574238,0.43358172066480943,0.28217446653306366,0.2135396306853379,-0.1722131404050087,-0.010393609681359025,0.11964118608551481,0.0,nm
58.702515000000005,16.599853700060482,-12.864176432685959,-153.62325738829523,0.45616696056743644,0.30948473471952676,0.13196519041459479,-0.2257822086163596,-0.054233493070792504,0.08950067673505056,0.0,nm
58.712039000000004,18.129891805229196,-13.181300892291704,-153.92641514388873,0.33594768116786144,0.38603518006830234,0.33841186303111753,-0.2960320722400074,-0.07445899346037259,0.04709252625260254,0.0,nm
58.72153700000001,19.810965918020308,-13.354271955063673,-154.26951533152103,0.15090467870660512,0.45641207298242764,0.3097616516557754,-0.3100466919333052,-0.1116570833371715,0.0330505638484114,0.0,nm
58.73105300000003,21.64284193025972,-13.410526842348112,-154.48476369128176,0.05964038104078008,0.5181493333611773,0.17514108815292587,-0.32684505323001695,-0.14390160692984758,0.06252795015356073,0.0,nm
58.740565000000004,23.569979093795084,-13.653448037623114,-154.5731501764033,-0.014434274276535533,0.5835409466909875,0.14070311704056915,-0.3598791706176855,-0.11697556929668064,0.1039139482818472,0.0,nm
58.752544,25.501414400979804,-14.123462302674362,-154.39673992744622,-0.08291209096014085,0.6542630164856972,0.11209393733632071,-0.37954667689131805,-0.0763998669021327,0.15358502168092478,0.0,nm
58.75958700000001,27.450630007728826,-14.651304281383801,-153.97518745231642,0.02520583947040402,0.7339749771807873,0.11836950834132803,-0.3865445753251071,-0.06908238615497381,0.20782202017261792,0.0,nm
58.778615,31.186774091433445,-15.852191485332604,-153.24564904458907,0.1758437797322395,0.8280916249626911,-0.020722324962846806,-0.3757170095157598,-0.04928679046140248,0.1816515406426901,0.0,nm
58.78812700000003,33.07677774898775,-16.27910903650613,-153.1945723037556,0.16973501065270968,0.8454719118446594,-0.03684785414622299,-0.36337152413448537,-0.0871328564630018,0.14267862556745226,0.0,nm
58.79764399999999,34.942784262472514,-16.406884496266997,-153.20669126858337,0.1418291742444554,0.8324529668554357,-0.11838597008187854,-0.33164657283819177,-0.13885092412334693,0.10274184980870427,0.0,nm
58.81668500000001,38.584909035654256,-16.31659316413395,-153.77113633454758,-0.09404555568807925,0.7601946030606358,-0.1816831763771678,-0.3039522392960245,-0.1652468235061986,0.03407507462288901,0.0,nm
58.83569299999999,41.8647832348255,-16.26295152292234,-154.13074135542493,-0.12113317391616779,0.638377074686758,-0.3285897678977711,-0.27759963564233014,-0.12975103194657647,0.06722217909279715,0.0,nm
58.84519499999999,43.41096203582305,-16.469792567854224,-154.159696761963,-0.08940946436798565,0.6031644560927316,-0.34287259315700735,-0.28544031303900014,-0.09228618168024069,0.08147074046475973,0.0,nm
58.85473200000001,44.92916719765212,-16.760326815641694,-154.11361402325153,-0.030269481782008164,0.5676947027602557,-0.3676793138300111,-0.2875624234659587,-0.0747403996285903,0.09617883330861436,0.0,nm
58.86421899999999,46.4578936857555,-17.01272919141474,-154.04947222337162,0.06481598095314295,0.5343867828604565,-0.407576838192969,-0.28559099317021336,-0.08258645571763376,0.1017822046482052,0.0,nm
58.87374599999998,48.04156598554159,-17.192914994294174,-154.11410536544798,0.10570668658727907,0.49342261946697263,-0.4475251941862349,-0.28842195569947776,-0.10003466497647957,0.08034799664924899,0.0,nm
58.883263,49.70703254090499,-17.261617720286985,-154.35560574571514,0.06734380490216235,0.46344083964967514,-0.4596597550260504,-0.29288818623887614,-0.12607248195614068,0.05045478052715458,0.0,nm
58.892754000000025,51.43526685794195,-17.18812264667701,-154.69221247316344,0.02878831022345824,0.39876635168202956,-0.5179137911650727,-0.29211120768553406,-0.15546276787337754,0.03512160237815235,0.0,nm
58.902264,53.21008581517108,-17.0707866512069,-155.0870967822386,-0.007214878784012951,0.38996775989788685,-0.5474320851110511,-0.297596168381283,-0.16539578834443208,0.02565230781905479,0.0,nm
58.930789000000004,58.50357727748988,-17.426166695690096,-156.13445331017513,-0.015288431313414595,0.3561864589571407,-0.6086194595976329,-0.3223027422521334,-0.08768184991039964,0.05303230527708477,0.0,nm
58.940304000000026,60.17415402290163,-17.78270639823271,-156.3347731221402,0.04927022523918017,0.3015875316070063,-0.6388423025319739,-0.3206157766200103,-0.06313546882306531,0.061113732625807,0.0,nm
58.94976700000001,61.787977443132846,-18.142877046283562,-156.53916851060413,0.06699276881563794,0.27721260040148016,-0.6249143121384576,-0.31063034806809114,-0.05675740274285992,0.05878429908121569,0.0,nm
58.95932099999999,63.319132971821325,-18.369656531899103,-156.73340089467519,0.07456211627508395,0.20107714284167236,-0.6393075354137641,-0.28532359729008977,-0.07376251297660778,0.05719725382045327,0.0,nm
58.96882900000003,64.78059930606804,-18.41239361005681,-156.96889621486784,0.061315896302845674,0.11209848488951558,-0.6798218107880449,-0.25872109388004866,-0.10128690676901617,0.045207189416897546,0.0,nm
58.97835500000002,66.21515304915174,-18.31142921719731,-157.31563918126122,-0.0003409192050917169,0.030622116272252132,-0.7132485936588987,-0.24337902807431996,-0.12451465536579864,0.021093633613934085,0.0,nm
58.98785400000003,67.59925669039109,-18.138570225589305,-157.73755485788996,-0.07804425639302531,-0.024761568813495883,-0.7541534229749727,-0.23003620567026878,-0.13259333078989416,0.00223192718053098,0.0,nm
58.99732999999998,68.88459819786713,-17.991760551075345,-158.15347670630686,-0.11773370401499669,-0.07066712155631556,-0.8230141555509548,-0.21575059456202664,-0.11910207627988702,-0.0034357571335164863,0.0,nm
59.016391999999996,71.073642636071,-18.165133223773754,-158.9427518893368,-0.09265434130307919,-0.10344055065732281,-0.9185504511365395,-0.1931318395116096,-0.03592858454378699,-0.015145698671059422,0.0,nm
59.02817700000003,71.86816047014479,-18.505261776233215,-159.30488579878082,-0.03416220727604331,-0.11740831905866045,-0.955379182256669,-0.16538446593014225,0.009867525084427608,-0.022404489872106522,0.0,nm
59.035233000000005,72.43074650668758,-18.912148970461452,-159.63393931439586,0.034619539211169954,-0.12927217785525053,-0.9759886926381894,-0.12850686302709188,0.03892846400862083,-0.02969239648151749,0.0,nm
59.054214,72.8621858106057,-19.538223980461737,-160.31492988150933,0.10292679787757646,-0.19431062737086893,-0.9876147799169204,-0.03535657705360422,0.041606086421495644,-0.06387753667806152,0.0,nm
59.06372099999999,72.7284023941324,-19.648746303669977,-160.68986608854937,0.07628978552924774,-0.23683429669459832,-0.9847024036949196,0.016402640211617348,0.029321496832739394,-0.08401471963040849,0.0,nm
59.082742999999994,71.80729224201161,-19.60148014177493,-161.44557773799406,0.039858955735489233,-0.3550994753771069,-0.9926493350093468,0.10364552824622285,0.026201112480315755,-0.11449030343380494,0.0,nm
59.092310999999995,71.03583290888804,-19.591487105033437,-162.1200068398785,0.039757522084775024,-0.3901686915202786,-0.9963328887143577,0.138981924518198,0.043252149033138294,-0.12547565539158934,0.0,nm
59.101808000000005,70.05621935083525,-19.63948658742311,-162.68489813994174,0.084437508120939,-0.3507220088736719,-0.978433400684294,0.17338562433892762,0.06462671820276998,-0.12284187184541208,0.0,nm
59.11131899999998,68.8683339891198,-19.72960105088568,-163.12911022391182,0.12907404671976433,-0.31593163155575826,-0.9651165449489119,0.2089702306621825,0.08258951323139989,-0.11358333517645987,0.0,nm
59.12084399999998,67.53710319811304,-19.8175248310684,-163.42219841816214,0.15022159563600343,-0.29890612453676874,-0.9541041186729418,0.23537612604706945,0.08852836076388534,-0.0973349505096974,0.0,nm
59.140041999999994,64.63026170644459,-19.821263763742376,-163.6371345926726,0.14133394097059915,-0.230395766445304,-0.8387692658913675,0.2744834986519943,0.07405953928771229,-0.06955790170236416,0.0,nm
59.14955900000001,62.92920289242598,-19.787676234310567,-163.70970307621968,0.052987841177655676,-0.18424981379667577,-0.776354213284964,0.309623136355615,0.08301871144557074,-0.08484688698455849,0.0,nm
59.187589,55.039060962099136,-20.54046640008697,-162.9501672898419,0.06636224384549139,-0.10492012057561484,-0.5918762717016275,0.33011157554034576,0.1757938408933391,-0.042333300741971655,0.0,nm
59.19709799999998,53.11462282466376,-20.872375490760902,-162.4540474857734,0.12977603845524976,-0.14105405683789837,-0.6449499342054412,0.32442436270494884,0.1706276471370171,-0.036964727471834005,0.0,nm
59.20905600000003,51.38782227981812,-21.092383096710552,-162.02365260661838,0.22243875987690973,-0.10862155269936803,-0.6635118743137597,0.29405285726997615,0.1404335504121871,-0.03768629049929354,0.0,nm
59.216117,49.85562570981687,-21.20874297274769,-161.79658260654836,0.249154496910221,-0.09265010491213786,-0.6727721115364518,0.264794399557626,0.11100047766842755,-0.06526879452924632,0.0,nm
59.22562499999998,48.434795162890445,-21.21228590494435,-161.72344749445028,0.1522625118844244,-0.028521978046388716,-0.7116068795381718,0.2517219937475491,0.0836996196234891,-0.08831281719037914,0.0,nm
59.24465500000002,46.01285247756816,-21.162921789907617,-161.55817003800553,0.025443299096645274,0.270385395897234,-0.6636999634796599,0.20499907529661984,0.07295825678905277,-0.06540925361352525,0.0,nm
59.25416999999999,44.94392196881276,-21.409615945734785,-161.41191298224547,-0.07910715655241052,0.5380453741573354,-0.5429713037092028,0.17345755025503717,0.11018960691001882,-0.04843292815453224,0.0,nm
59.26369599999998,44.04127088882247,-21.872689236481182,-161.1488165365428,-0.12136945598241639,0.7740302098520112,-0.3844942253649828,0.12937656761892505,0.1417608053220572,-0.01399191957905877,0.0,nm
59.27318100000002,43.2886901403139,-22.541058555738896,-160.87734490512756,-0.036350768787660394,0.9835913388227511,-0.17696202232398608,0.08839267284629261,0.1719778800075757,-0.002601881764104865,0.0,nm
59.28270200000003,42.5181063558506,-23.40836211152242,-160.81899904711693,0.02913889105408686,1.1281194193984243,-0.09476524247415538,0.07723200771391288,0.21072150197140294,-0.04851930507584381,0.0,nm
59.29222299999998,41.67507988914175,-24.306445620838986,-160.97346601880432,0.12398970413017923,1.2508778077169078,-0.016394169442436338,0.08704029579590225,0.22053030290851997,-0.0991585931640016,0.0,nm
59.30172399999998,40.56641166770771,-25.00838746130025,-161.18961997449858,0.27950833135703657,1.3189848925530336,0.055990621610591436,0.14531779238973758,0.1984469392512987,-0.13586019528533813,0.0,nm
59.31123500000001,39.02972862815197,-25.44743618704284,-161.38951753018242,0.38663611349738575,1.2929147834352948,0.028003303457863275,0.23549721839667262,0.17261651411260492,-0.1711610448094152,0.0,nm
59.32073500000001,37.207265104574766,-25.679537682467043,-161.76401878140516,0.43207015082092076,1.2054712056427472,0.12804302264058098,0.29801085171074276,0.14757842845976374,-0.1863114507545594,0.0,nm
59.332694000000004,35.1111739443775,-25.687517105122456,-161.96717426945798,0.4076271096125086,1.0537768789786301,0.27592363528741504,0.3592861966186678,0.11856060215910193,-0.1770187530950357,0.0,nm
59.34928400000001,30.28364292751053,-25.1069755270862,-161.58659910506998,0.1282046544247872,0.6102981042522335,0.2951156789176471,0.44467352474649624,0.07284588479574568,-0.12311257220952312,0.0,nm
59.358780000000024,27.98967246062563,-24.812088372410795,-161.10152409192233,0.004425931722152196,0.4397071756113891,0.3171067705505086,0.4135409479188165,0.07726814064716893,-0.09682255903808284,0.0,nm
59.36829899999998,25.90944249074295,-24.623137973377574,-160.79373285879896,-0.028902357141327602,0.33048654526114546,0.31104893332327793,0.3702053054785614,0.0872532066593218,-0.08146017660810502,0.0,nm
59.37781699999999,24.037226859815746,-24.53103470728407,-160.56351850035787,0.047592415805878314,0.2920543313537469,0.23239590455834028,0.32804350835456936,0.09492736681911643,-0.07637225064068406,0.0,nm
59.39926700000001,20.820398061867024,-24.561549095722313,-160.21381419043442,0.3274695600657231,0.39572417284501527,0.07906354453015019,0.262993048505663,0.09858913698516356,-0.08744442733179579,0.0,nm
59.40635000000003,19.380234558008436,-24.43465556113922,-160.1681729977225,0.43471801520443415,0.4708967293592046,0.033028782411147206,0.2556525657220436,0.06469592384036121,-0.08007806964210919,0.0,nm
59.415854000000024,18.004987621741336,-24.097429878088636,-159.9341644274778,0.47393921413008155,0.5192897856730322,0.011398230727802548,0.2590913690550423,0.02217684963887139,-0.0663799177567012,0.0,nm
59.42536899999999,16.690772570971745,-23.58582882783621,-159.6662013304099,0.39505524367322015,0.5283949682270953,0.03995725243037921,0.2613389410024379,-0.013041651387503612,-0.05278247709364572,0.0,nm
59.434871999999984,15.477474669623088,-22.93135022098897,-159.4701583321832,0.24706246324596762,0.4947421187284302,0.10191496249801915,0.2549433410684961,-0.045123710588902015,-0.03761293489341397,0.0,nm
59.44438600000001,14.404813969544819,-22.23060541122911,-159.31429586389254,0.10680343960382234,0.43761862268667284,0.15695215463458317,0.23501981852731857,-0.06179870034924466,-0.02819306846374715,0.0,nm
59.45389,13.465850256595386,-21.669427511104637,-159.26301639130912,-0.026348669432832632,0.39152104798260257,0.16932366867578874,0.20286683067173028,-0.04367975746543882,-0.034455851855500264,0.0,nm
59.46340500000002,12.662123467355135,-21.365640463717284,-159.38935683763987,-0.06417287844852845,0.3928972812115834,0.19999919381228146,0.16159464678048355,-0.004321927694667206,-0.046955469140967245,0.0,nm
59.472913000000005,11.913111965359066,-21.30588666003058,-159.65001277868038,0.0037049229253453045,0.4249181037172848,0.2657762669533469,0.13517338859092481,0.03741382439544871,-0.06115441878188009,0.0,nm
59.484871999999996,11.058864992377847,-21.427865759350112,-159.73355595874347,0.15902430565914294,0.5015382683893502,0.26520545074695695,0.14096045003850732,0.0782195295341931,-0.07905887586425514,0.0,nm
59.49194399999999,10.06799398123942,-21.614774681702215,-159.80673647376997,0.3091423166251519,0.592954853843173,0.2073819415174667,0.16029956204446658,0.09897374398552782,-0.08745229749230364,0.0,nm
59.501461000000006,9.0156237558024,-21.699621615515042,-159.81192913351344,0.5124129493137789,0.6237742652534277,0.26935627925630196,0.17800402030613843,0.08356726580097265,-0.07883062929450946,0.0,nm
59.52999399999999,5.384374312469606,-20.68217203184512,-159.78354357647564,0.46266568405325176,0.37681007592999827,0.31359449858601096,0.2489041330204674,-0.023354886229746054,-0.07225301402601414,0.0,nm
59.53950000000003,4.198249866676802,-20.045304096620896,-159.9257528082561,0.2751166538895108,0.24660901293560175,0.2715465500264611,0.2529786295225065,-0.04339770661610184,-0.07953875148363575,0.0,nm
59.54901000000001,3.103870140856685,-19.462105260491814,-160.24229295148305,0.12708685774500883,0.14323708697257984,0.25869653417690003,0.2336636969182105,-0.04010515551457171,-0.08304557730748315,0.0,nm
59.558536000000004,2.0856113662523605,-19.070209394559477,-160.6795922512722,0.058986259967934065,0.09595040480493895,0.25284891989390845,0.20767111917698006,-0.01021694148537413,-0.08472027093978544,0.0,nm
59.568029000000024,1.1280061539119328,-18.919366389353684,-161.19549822284563,0.10042184378052274,0.11624786091726093,0.2155795700425432,0.1813990753758278,0.03000709504192983,-0.08098577368855124,0.0,nm
59.57755100000003,0.21906735091701854,-18.96789379796074,-161.723157769082,0.2646893477219714,0.1638860768407499,0.2167218046993115,0.16042993987032292,0.06332082547424404,-0.07162073258209856,0.0,nm
59.587064999999996,-0.6812469382795076,-19.087706099592943,-162.291455738163,0.4528798811984512,0.22481105940597465,0.21414871173671068,0.15508560836861277,0.0747488612763685,-0.06348222863635965,0.0,nm
59.615583000000015,-3.0890396908856554,-18.7459334494228,-164.5172549289508,0.6248211022364949,0.15336229604804089,0.15350664321900892,0.15037146870046747,-0.014198403969983881,-0.07294183506259998,0.0,nm
59.625095999999985,-3.742889164864307,-18.337987908224147,-165.47382042927225,0.4695867572384969,0.10031100913350581,0.1739941441870807,0.1407855041394186,-0.047699317269140694,-0.0835346776905472,0.0,nm
59.63461100000001,-4.306227913221588,-17.86899189570429,-166.57977350249533,0.306107141237505,0.006179779530185635,0.11449123953985749,0.12628487822120862,-0.0661907246387682,-0.08824675936253903,0.0,nm
59.643957,-4.780278758622745,-17.459585698376255,-167.99561047289856,0.21296276853806004,-0.04998473528489635,0.12086315196428744,0.1057018852775606,-0.061146730683219096,-0.08250033300666818,0.0,nm
59.672488999999985,-5.40744073719271,-16.79437744762352,-173.390609205217,0.4119495161299904,-0.0948682378774493,0.0693271284326859,0.0,0.0,0.0,0.0,nm
59.69150000000002,-4.860252940705906,-16.57698540033844,-177.8239262079486,0.5597583118914822,-0.1091676899601051,0.1001887225920325,-0.071597643899097,-0.026565988731090406,-0.028926368983859748,0.0,nm
59.70107100000001,-4.332927115647166,-16.430516811919563,179.44807191939918,0.5287408694132103,-0.1037477653157438,0.10320112465104973,-0.10145293841213071,-0.028673163142750015,-0.04020763487492683,0.0,nm
59.71051799999998,-3.7140774066220135,-16.268982170252883,176.9095629245049,0.44672154006928727,-0.0881944534212517,0.14203700573846986,-0.12041179430519039,-0.02632159603325272,-0.04570484312995028,0.0,nm
59.720034,-3.0659793659192403,-16.093642977584118,174.46465691454554,0.35398060376915685,-0.04731193772070931,0.14859651275013008,-0.12739231623693503,-0.023347832205857042,-0.0385342945126811,0.0,nm
59.73906299999999,-1.7254987824865176,-15.840580901160392,172.00461188190621,0.34844170300832955,-0.055687146217644826,0.1303915868064029,-0.13366880608063614,6.965502511101465e-05,0.00982432822007937,0.0,nm
59.74855200000002,-0.9755586565123333,-15.81044020061488,171.95473103070472,0.43053095181743734,-0.10246417903906996,0.1383696897858245,-0.14394464135801638,0.014185549988530314,0.030980836663106717,0.0,nm
59.76757100000003,0.8407929784730137,-15.677651000406568,171.74954709529655,0.6009113112607434,-0.12200268030543414,0.16773806306516306,-0.1875398620107251,0.00764228506027376,0.022108985337245455,0.0,nm
59.77708999999999,1.9093069090499142,-15.514297638412438,171.44666389640904,0.5596925283854771,-0.07243757722911415,0.20484797357681597,-0.20870148403879954,-0.0022476709660115635,-0.0030778887950091553,0.0,nm
59.786602000000016,3.055857786606253,-15.310129211192399,171.02179373974562,0.42263777899123933,0.013473614956221394,0.21652073008247388,-0.22502838884987242,-0.0066762116319039385,-0.023999053217310183,0.0,nm
59.796114999999986,4.220595828165124,-15.149330302054294,170.5733609706056,0.2663975271257097,0.11189358185565187,0.2162945077835327,-0.22734318379501284,0.004207380354736442,-0.02846304094473122,0.0,nm
59.80562600000002,5.323773995175106,-15.115298100276766,170.2254537361704,0.15296878598714983,0.201728746666724,0.19727968603162932,-0.2114422300084624,0.028854491385229532,-0.011945725676245616,0.0,nm
59.81514199999998,6.30167556803331,-15.230654555955374,170.07252506016766,0.13372644891591337,0.2528561288540691,0.15643863904389468,-0.18229802239524798,0.05510805199660878,0.020661002541280078,0.0,nm
59.824836000000005,7.114963584002838,-15.467694358776725,170.13115400593182,0.20213808619802673,0.26557913293180285,0.10373825200765577,-0.14658967753213983,0.07377405927627222,0.05485642211465103,0.0,nm
59.853391999999985,8.78590574183815,-16.11638053885008,170.67294093234952,0.5040093374045604,0.21058203080658447,-0.06089477864900242,-0.08607520757148894,0.03729024898658869,0.049415506871297574,0.0,nm
59.862836000000016,9.239791688901974,-16.06321390628734,170.60245784869176,0.7463699202282095,0.2555328389650861,0.6668795056639687,-0.08791727762158187,0.003703138085016077,0.01108819263849051,0.0,nm
59.884344,8.78866083525465,-15.442708518219401,169.99812968344852,0.38698403025919503,0.2609749813900029,0.46618304256633974,0.06561226591619475,-0.0872203728388713,-0.08952765329500526,0.0,nm
59.90091899999999,8.561689980081775,-15.448884444742722,169.7937217218116,-0.35913615926286707,-0.18182996726294995,-0.7383810321454514,0.0792448365018304,-0.012067841420349026,-0.014655088753523749,0.0,nm
59.919944999999984,7.662106507247304,-15.5086079194659,169.49913016661722,0.5161611033796931,-0.12421247459157674,0.5789199474035422,0.043679975073999316,0.029079273661157572,0.17404516974340786,0.0,nm
59.929439,7.451969107081595,-16.073957774764477,169.4872468217674,0.6461333555710361,-0.22237639819350244,0.40753650411332537,0.061370408195875414,0.10340898208370794,0.19012589884569558,0.0,nm
59.948324000000014,7.9321224049838746,-16.716731037306232,168.1670486105149,0.7428525217265035,-0.41609606042164415,-0.5017964752249781,-0.07983127561135218,0.05168798278313719,0.07139214788039992,0.0,nm
59.958015999999986,8.416936593022893,-16.79756704163241,166.8176159176018,0.7448102327734626,-0.17445208647119773,-0.23092196753765196,-0.08696847102709032,0.036643216162138226,-0.05877565515387951,0.0,nm
59.977014999999994,9.866507937755813,-16.497447906724975,163.67730768117025,0.44396966176017266,0.1845174689704562,0.20730666091868752,-0.15719680863851132,-0.004507532195842397,-0.10302546657551889,0.0,nm
60.00556399999999,10.58275551228039,-16.613180674067966,161.09249651392653,0.16123013797390232,0.2930880397367677,0.0604542434564207,-0.0012629136962521487,0.04497089197446244,0.09394189463089975,0.0,nm
60.02458899999999,10.201107986430722,-17.34643719485502,160.25700899661226,0.4629055954952232,0.13162952714934495,-0.07112774146766308,0.06511742176089087,0.06973479618772736,0.05153858870961631,0.0,nm
60.034092999999984,10.094517844957513,-17.78098170583215,159.42073802622278,0.5598397735903555,0.02909363715898611,-0.03958618147698637,0.049576656866652025,0.0743825737452655,-0.030166788185606253,0.0,nm
60.043589999999995,9.962440278961632,-18.03009439032153,158.15024668228213,0.5818128105053318,0.041931856631845184,-0.16815975496160093,0.0417722023633923,0.03714848298160974,-0.11921653066740188,0.0,nm
60.062612,9.781376209977408,-18.212244498123578,155.50924257230122,0.5281945138528858,0.10322608962849397,-0.039578772291639856,0.02764257312604248,0.004226226512891305,-0.15778570766523647,0.0,nm
60.07217000000003,9.114418865810844,-17.900078544693255,154.78307626061738,0.39386084212778283,0.15392250944502847,-0.09465837734931519,0.05355402290088185,-0.019833255189002568,-0.0960549636281605,0.0,nm
60.10074300000002,7.160486355831661,-16.972657837885407,155.1282133283136,0.30029818208555403,-0.06991576237698456,-0.028937785064940366,0.08849731628438076,-0.025275857386878597,0.10346645599389939,0.0,nm
60.11024900000001,6.874899933613406,-16.689019323916984,155.20961823999195,0.2981528488122556,-0.13157143635726076,-0.04947357697928663,0.057940152094557294,-0.008728511197119416,0.07956066263706228,0.0,nm
60.119699000000026,6.770633632638698,-16.78422695270809,154.92257489136438,0.2907907574439042,-0.14653352576790799,-0.18149751509846523,0.0,0.0,0.0,0.0,nm
60.12922200000003,6.827411141447489,-16.570414277827297,154.24661376292968,0.3239022441672102,-0.08358969978061465,-0.10578687079284191,-0.007957643639882241,0.0432028349108503,-0.06334915244714713,0.0,nm
60.148210000000006,7.146722201713313,-16.657973737670677,152.2540116915668,0.41589705387066433,0.11480945173230071,0.02643976342670467,-0.025899630096153464,0.057715149434806774,-0.1073795021916018,0.0,nm
60.15774399999998,7.3190146081450616,-16.8539386166895,151.5463659636969,0.4679322831830027,0.14696659332455203,0.0019503238740878033,-0.010494255274603957,0.05022173853819845,-0.059352710317633985,0.0,nm
60.17683099999999,6.362336198785313,-16.4143815098734,151.58560094510466,0.4817777043717793,0.08430154784376873,-0.08325835068638586,0.046864489812871196,0.008532864190429423,0.05965799680536936,0.0,nm
60.18633900000003,5.786771004990149,-15.986384362632027,152.03182485506252,0.48842368013625265,-0.0011831047008735583,-0.0800861648292735,0.056853424828484454,-0.019381022377590942,0.07686801287300056,0.0,nm
60.195843000000025,5.2410839768712405,-15.53186139179971,152.51905233723684,0.4636439346424881,-0.04440099859725126,-0.04077028998920537,0.0602417345353001,-0.02941315175553282,0.047587928888889006,0.0,nm
60.20530200000002,4.7911798668161865,-15.152493105977786,152.71313420845595,0.390186954143967,-0.043609667979787096,0.01790407522779912,0.051460391297332805,-0.026057415838636997,-0.010255579632259123,0.0,nm
60.21487300000001,4.4091977098481845,-14.866718817795206,152.64224423460024,0.2966668286674835,-0.004409397419500983,0.0064777495529973516,0.04066671552821445,-0.020984222159119246,-0.07063356863796683,0.0,nm
60.23389900000001,3.699067030536318,-14.793815724028473,152.26177790731276,0.17632111205192122,0.0964805989066093,-0.04055276443055746,0.043083515465263365,0.018034174384370192,-0.10236598988832439,0.0,nm
60.24341500000003,3.3114361734028,-14.907097599614493,152.20011797868568,0.19563784205582532,0.10196674851828383,-0.04427389246140695,0.05427514222807902,0.03015833992529534,-0.06255685076964483,0.0,nm
60.25287400000002,2.9137501717723384,-14.934156909812195,152.41370454159608,0.2877974354992043,0.04396513071014986,-0.004846285156889387,0.06116796489057677,0.031671819291294666,-0.005787085671294113,0.0,nm
60.26244300000002,2.5398261009396714,-14.831118820484411,152.87540130202362,0.3856497391721933,-0.03935428821480253,-0.005284697830295982,0.06311577057887356,0.030698878835643453,0.04061312686468425,0.0,nm
60.27194700000001,2.221003311489319,-14.587418023873145,153.44117961178011,0.44680637821260427,-0.10002630430922636,-0.03785452942310385,0.05452357508130653,0.02503994876607803,0.057095411206892745,0.0,nm
60.281454,1.987031654432921,-14.19202239283731,154.04262889815885,0.4624562378006709,-0.12359336234023473,-0.08175390566048159,0.033347309938547114,0.012179576378400237,0.03987925943541969,0.0,nm
60.300437999999986,1.6469456647800411,-13.348104148349307,155.07057590833307,0.3530929677253314,-0.0030854997813727007,-0.04495128544856247,0.0,0.0,0.0,0.0,nm
60.30998800000003,1.455266072560715,-13.109128157637446,155.41790633351806,0.25918106988576356,0.09633066430065651,0.02573778683818635,-0.0060016571433136046,-0.004105808565139597,-0.06779494654187569,0.0,nm
60.32900999999998,0.8488754794835182,-13.036938413131844,156.30165899201148,0.15018849994934344,0.1967410802556537,0.027593733677026902,0.0,0.0,0.0,0.0,nm
60.348026000000004,6.0321501560755026e-05,-13.163033278481636,157.67711154765794,0.23834992467695515,0.09468551193397164,-0.04315421131647392,0.06093793995971853,0.027980236943644314,0.03294959422088109,0.0,nm
60.35749500000003,-0.4117552466368899,-13.08216596670257,158.42684884349825,0.3359612445098592,0.007818117907816752,-0.028333803010509917,0.06680102775262738,0.02924865760718514,0.03563598030421814,0.0,nm
60.36705499999999,-0.765946543449627,-12.899660012339163,159.11118115944603,0.40519313723017775,-0.04944282918710544,-0.0191665420254686,0.062042469537268184,0.028178866227813425,0.013474814775340394,0.0,nm
60.37656400000003,-1.0524817838827931,-12.646447268771364,159.6390946963332,0.41886226993456166,-0.06287018036843213,-0.013146191809022408,0.048319599793369174,0.02211805963283989,-0.021660586384079958,0.0,nm
60.38607200000001,-1.2914544619820365,-12.360582221124215,160.08535892988175,0.3750295097937497,-0.03369295298293638,-0.0229174588914674,0.032067866627107415,0.011729413674915328,-0.052428997740457776,0.0,nm
60.41457200000002,-2.0111478911190956,-11.817419897448978,161.82604283045902,0.14557831778842842,0.10650115726960173,-0.016730234298573395,0.0,0.0,0.0,0.0,nm
60.424076000000014,-2.2605229483793647,-11.743177238375022,162.66313504137304,0.13176737684946413,0.10332313381085888,0.011654698779557998,0.0,0.0,0.0,0.0,nm
60.43362000000002,-2.4841312350276987,-11.688942125246813,163.57648076779432,0.15712724969779107,0.07806428053970083,0.016447688791992567,0.0,0.0,0.0,0.0,nm
60.44309099999998,-2.6718688674990525,-11.636954400457743,164.46046281500696,0.20369693517148024,0.051688614467444875,0.0026503615552626804,0.0,0.0,0.0,0.0,nm
60.46216400000003,-2.9658721045567016,-11.471798032582587,166.15909426462807,0.2937387234822744,0.04535484132416413,-0.04963537838349203,0.0,0.0,0.0,0.0,nm
60.471676,-3.1188216211704005,-11.374463431312753,166.67605134964822,0.30870574611129237,0.06905592562949284,-0.01061852026108596,0.009890445069468855,0.041323713391163655,-0.046111022172736695,0.0,nm
60.48114099999998,-3.3080160744377136,-11.267528900258014,167.09406435478442,0.29443379121737623,0.09901137378041697,0.020688123330652185,0.01071511397217145,0.0331975253448281,-0.05570755366012405,0.0,nm
60.50971400000003,-4.124519080497187,-10.854095576037684,169.43412205505592,0.18294849771038102,0.11030277675895704,-0.020180750676124907,0.0,0.0,0.0,0.0,nm
60.51923700000003,-4.403255268302601,-10.693723232018211,170.73182792367754,0.17260898948732,0.07676506510646938,-0.021719443288108913,0.0,0.0,0.0,0.0,nm
60.538208,-4.7886008675536,-10.435788757749375,172.7503368040077,0.17625733258151738,0.03160066977334737,-0.02690420648228304,0.0,0.0,0.0,0.0,nm
60.557276,-4.964113359427707,-10.360931166882814,173.99410319074858,0.1741606454802319,0.0640515290826417,-0.023208123664033575,0.00026580850029167807,0.034796259718627515,-0.03846906315111231,0.0,nm
60.56678299999999,-5.037847188301424,-10.374254500447526,174.5150468770326,0.1709760027324465,0.09635628246988744,-0.01941067702041125,-0.006325930104585354,0.03959769880228515,-0.04471324599235596,0.0,marker_1
60.576301,-5.13204545923687,-10.376429586128026,175.0568766952688,0.1742195822914822,0.1213506215023138,-0.017458562330860093,-0.007669004626605979,0.037722368686702284,-0.03284831896643509,0.0,nm
60.58581400000003,-5.252203402622676,-10.325900337197591,175.69604583260576,0.19424546282591232,0.128457267321267,0.011180536499780677,0.0,0.0,0.0,0.0,nm
60.604827,-5.524513167888317,-10.027806557172472,177.3332129651016,0.22497271893674622,0.10558220910494073,0.021324590334531723,0.0,0.0,0.0,0.0,nm
60.61433800000003,-5.644695136501249,-9.822798485931527,178.2334817592482,0.21612532720567706,0.0900626384778909,0.006709119587919408,0.0,0.0,0.0,0.0,nm
60.62380999999999,-5.7445574504988,-9.631345395972287,179.04465338450467,0.1893045717941642,0.08362527486957377,-0.02303018470495731,0.0,0.0,0.0,0.0,nm
60.633354,-5.829499064777479,-9.504055020189991,179.71510164232518,0.15132362648005326,0.0857346973063107,-0.016309404600118618,0.0,0.0,0.0,0.0,nm
60.642831,-5.906352810801708,-9.455042478775503,-179.67575808151784,0.11359133379762418,0.09501737210391678,-0.009108761284870863,0.0,0.0,0.0,0.0,nm
60.66184800000002,-6.068406628605282,-9.50908275370184,-178.4819713640431,0.09459366268103564,0.11259212309596164,0.023553393662277343,0.0,0.0,0.0,0.0,nm
60.67140599999999,-6.155353719899655,-9.53330319928663,-177.84643804768055,0.11421640491084833,0.11462181764802497,-0.007834889213758087,0.0,0.0,0.0,0.0,nm
60.680863999999985,-6.236178681182167,-9.501172303473082,-177.1473429498017,0.152523062495423,0.10759603044128231,-0.01532621293652166,0.0,0.0,0.0,0.0,nm
60.690426,-6.298393817721401,-9.394134520347947,-176.34962564737603,0.19389822360055822,0.09724389000681977,-0.02356267058484747,0.0,0.0,0.0,0.0,nm
60.699900000000014,-6.3314369414438305,-9.229592756682521,-175.54962823130575,0.22057248517835493,0.0870372881529473,-0.0010368045598859862,0.0,0.0,0.0,0.0,nm
60.70944400000002,-6.33411569865318,-9.044317857482083,-174.86764997701937,0.21313005863448564,0.08354331556549133,0.0076198608293425694,0.0,0.0,0.0,0.0,nm
60.718957999999986,-6.316455073630005,-8.872306896096207,-174.28465228817973,0.1790173021750157,0.08816778103533782,0.010288434816669202,0.0,0.0,0.0,0.0,nm
60.728459999999984,-6.29326399524964,-8.747567075959545,-173.6949662266297,0.12264420173409633,0.09866140834555089,-0.010985312060797555,0.0,0.0,0.0,0.0,nm
60.74745999999999,-6.272177347783298,-8.660601304938735,-172.53015152965867,0.050652058841515614,0.114072754484232,0.0019339567296259889,0.0,0.0,0.0,0.0,nm
60.75698,-6.274829659382558,-8.657447554907446,-171.8956306419496,0.055281812774410105,0.11370427066842603,0.0008795599203458534,0.0,0.0,0.0,0.0,nm
60.77572100000003,-6.35615044747489,-9.308664077522913,-170.4817382301727,1.6556865310682745,0.17751370382203793,-1.0716242724117822,-0.013724970042492351,0.1357285061428097,0.03210918593360515,0.0,nm
60.78545300000002,-6.811912184522431,-11.92989779467974,-169.69794985066648,0.18316097988924843,0.18519119423786948,2.7619372062737235,-0.0028674525085102824,0.5326315856194798,0.10170205128313321,0.0,nm
60.79496599999999,-6.401213904196318,-11.531727366124949,-168.6276106545611,0.8724926774768252,0.06755486157613062,2.809318949125622,-0.06391061043365495,-0.09361747726481173,0.1782468211963465,0.0,nm
60.80445500000002,-6.0614223886348375,-9.24074334060235,-167.05835813310387,0.47422000204286263,-0.1825345138595162,0.5133141728726273,0.03376891807361744,-0.4625011015498714,0.1978379107327272,0.0,nm
60.813980000000015,-6.386164121491763,-8.342663451712884,-165.36668592312375,0.3999719260175326,-0.3046051245319835,0.9339318676842586,0.10621894022087192,-0.1587542700076185,0.19410432875112724,0.0,nm
60.83299699999998,-9.56766352330742,-7.5954864890718135,-163.31974493489028,-0.6905253333275019,-1.3064091597027692,0.47738791202416886,0.4859148249992853,-0.04239698140316207,-0.0015165367148607552,0.0,nm
60.84234600000002,-12.110674362349458,-7.323889429651483,-163.06426932901488,-0.37089537168605236,-0.566878657630847,-0.6836532814762231,0.4989119259046912,0.09544063934033038,-0.08251256169100066,0.0,nm
60.854483000000016,-12.743868539255288,-8.991126014705863,-162.93981200914112,-0.5022472110331513,-1.1839012569730305,0.10403310781769727,0.021861300839551265,0.35608529869482514,-0.030344695094450157,0.0,nm
60.88056499999999,-9.90932147413888,-12.367847210761587,-163.5342481808088,0.7651828910782199,-0.6764034195016222,0.1195346763138453,-0.44125108132261254,0.10171552770716696,-0.0062289811238415834,0.0,nm
60.89007400000003,-7.523970693041407,-13.344079347974342,-163.73141760512073,0.5566443729570738,-0.5738840468540555,0.7130813371860723,-0.502013793387018,0.05632567022559147,0.06683426099065337,0.0,nm
60.89958100000001,-4.8937943166182265,-13.046290805225832,-163.74342077410756,0.41573403416340254,-0.18989541040403823,0.5185378081549828,-0.4756811479777597,-0.2008831969705649,0.1178572605903309,0.0,nm
60.90909099999999,-1.82800720701366,-12.350000088741165,-163.41632337333476,0.4955912232971125,-0.12235389737146726,0.5770924573890356,-0.5352105110694552,-0.3030867123775278,0.2004371412300834,0.0,nm
60.918593999999985,1.0479323849632987,-12.385267743535001,-162.81844169577002,-0.04197414585805903,0.000837128901173655,0.7475180973505264,-0.5404877974900756,-0.15665510147846948,0.24301423504670996,0.0,nm
60.928120999999976,3.946226544552766,-12.484988063732144,-162.07104792227625,-0.2730086956644854,0.15292276824684045,0.8968949941125925,-0.5465387911585989,-0.15196296734300493,0.2745583255910502,0.0,nm
60.94006999999999,6.826127390799863,-12.42198292997397,-161.34740961201283,0.06716177444526635,0.2024042496510959,0.9367609085085159,-0.5308594220344596,-0.1887673637794951,0.2691926312349083,0.0,nm
60.947135,9.127710190913797,-13.033828944316578,-161.0033376950845,0.16565163031232555,0.42758999486546406,0.6864542277320239,-0.4651628711077294,-0.02912224528626671,0.17042503411745435,0.0,nm
60.96613500000001,12.75267524628731,-14.639743176451793,-161.51033493779266,0.4458532635701462,0.7697717606074713,0.9011916795117663,-0.3349400485454264,0.00047559394249290616,0.004899633623236018,0.0,nm
60.97567200000003,13.835181591957534,-14.783959834373594,-162.06683158601803,0.6373639760953075,0.8252321122369806,0.492121863201946,-0.20822682098170692,-0.038087237328941995,-0.056309676787326526,0.0,nm
60.99469399999998,14.974030244667805,-15.066271896951694,-163.10246043332438,0.3309295089900444,0.6415960278336428,0.7269244296594088,-0.07071502296018987,-0.019423170015608043,-0.0580796224165917,0.0,nm
61.004204000000016,14.975546787363964,-14.608311095527911,-163.0148072734052,0.2706450339037665,0.4793557732485926,0.5087101313299638,0.026446815884933198,-0.0878360813114632,0.017613473854450182,0.0,nm
61.01372500000002,14.868301831583905,-14.280764962329906,-162.619361694705,0.2002522283606989,0.34081832645839083,0.35613536793252937,0.03925024631203274,-0.05654350011452784,0.07378160651785048,0.0,nm
61.023195999999984,14.908065000290845,-14.273241370448265,-162.10338412864397,0.029682660732975572,0.2510104586140507,0.4142382864570546,-0.006905427702391104,-0.0037879231234797034,0.10523170482397923,0.0,nm
61.042254000000014,15.773497073984617,-13.91977573041204,-161.19077689420448,0.2771735261094239,0.18598826296290233,0.23629522114545629,-0.08659956640775852,-0.07594502765087754,0.0988016024819335,0.0,nm
61.051717999999994,16.586569449472204,-13.932861916653827,-161.23040224923272,0.2692054839449559,0.20646500480655441,0.29685702387071233,-0.15048610644656882,-0.048428930985963216,0.03126418905350731,0.0,nm
61.06372399999998,17.582825834727632,-13.915564365311317,-161.56144266552636,0.17408005572977123,0.29804062926468605,0.42201875627862834,-0.18244987034587526,-0.06506278384161615,-0.018236202954096337,0.0,nm
61.070785,18.622006909639175,-13.632979194726943,-161.96452059144855,0.14786712683803502,0.3626553420528379,0.3052189851797101,-0.1742831286324172,-0.1170086788017088,-0.03111842251820506,0.0,nm
61.08030200000002,19.72077370683811,-13.407606409523718,-162.37097391852762,0.07995349724430972,0.41877517422503774,0.23751348896452945,-0.18986774959905536,-0.10848500192130954,-0.029898760139672673,0.0,nm
61.08979499999998,20.867279815888516,-13.397515611938731,-162.7027755683326,-0.07514170369797861,0.4817862828047896,0.3002060618619029,-0.21247572229397108,-0.06895211569018578,-0.013177925782586369,0.0,nm
61.09931599999999,22.029951367988012,-13.37154059627201,-162.82314474359015,-0.07555759068521473,0.5548225500799767,0.22928270085967095,-0.2148285760008058,-0.07209654774598118,0.029815683592314485,0.0,nm
61.10883200000001,23.278834501621123,-13.338712944080395,-162.47126073910323,0.037425494202543985,0.5909712199694322,0.040424534531708106,-0.23011199528744028,-0.07951606178598594,0.06327023569448485,0.0,nm
61.127849000000026,26.165200771722578,-13.533681541826608,-161.99497890681218,0.15224767609712123,0.7310258040248105,0.04882670782262581,-0.2784854006102832,-0.07514748864154733,0.0408856430335781,0.0,nm
61.13737600000002,27.650538728017725,-13.339424517796072,-161.91074157303737,0.2227476675074355,0.7876804884838948,-0.07747939270414285,-0.26274591801913105,-0.12727801863149124,0.029060394906523776,0.0,nm
61.15640100000002,30.462216138340903,-12.613655614889531,-161.9056993404726,0.04710183583906316,0.8644723056028437,-0.2664344968678318,-0.2291654570989166,-0.1566201346294583,-0.005995612135017673,0.0,nm
61.16591399999999,31.735839232078614,-12.133448237162163,-161.72621630992177,-0.05323615377593766,0.8337697975044709,-0.28184899603780666,-0.2061908442533733,-0.16974894271536775,0.0213505432152091,0.0,nm
61.17542000000003,32.77467090056014,-11.652810549844526,-161.32923155313514,-0.09910408553949313,0.7462208155110726,-0.4193088640315146,-0.1621299827928826,-0.15631055395117807,0.05280404050400533,0.0,nm
61.18736899999999,33.69246636836252,-11.364472909341583,-160.8296518035678,-0.16269376659099302,0.6471834280912643,-0.5107063138006898,-0.1513362366427222,-0.11348400744555379,0.07025752498813387,0.0,nm
61.194433000000004,34.61501334298176,-11.237907621017374,-160.3349065992329,-0.1836328704765082,0.5671001438664526,-0.4907716425808795,-0.16227239864049364,-0.0845050429644239,0.08593338757609156,0.0,nm
61.22295500000001,37.88163431457979,-11.20975076089666,-159.53181270361512,0.016676482138962497,0.3539642248080521,-0.7626459102706489,-0.23672170960795372,-0.07390333369163343,0.03076282631686978,0.0,nm
61.23230000000001,39.26576817569519,-11.233984056512657,-159.6704983704168,0.08843770099613672,0.29709393882339497,-0.8873236251625117,-0.25644357222583625,-0.09051906888083937,-0.0012589389621081122,0.0,nm
61.24181500000003,40.753493690062925,-11.168342927930377,-159.93004670306613,0.15102609984942164,0.31930224314728284,-0.8631600607893076,-0.2696452069559349,-0.11352782151449194,-0.018479336991804304,0.0,nm
61.25131700000003,42.212119817037966,-11.06629942960464,-160.21012616808144,0.13321523097311164,0.2881858505247027,-0.8635850648373911,-0.2623698750343941,-0.117219487545725,-0.027671308984675326,0.0,nm
61.261011999999994,43.55808478236331,-10.9784411384393,-160.3963605303113,0.038620131484111565,0.2137589804101589,-0.8403253994567728,-0.24304427411149243,-0.10603472621998353,-0.014814610035940107,0.0,nm
61.280024000000026,45.75139022514257,-11.08015884145408,-160.31739058978937,-0.0740983371470054,-0.00015449807964579586,-0.8630338065695766,-0.1977125540780197,-0.042943982247903856,0.04383562787456794,0.0,nm
61.29199299999999,46.7134232754259,-11.395470894984303,-160.17147427376946,-0.07655359175063493,-0.04820280491061029,-0.8225716068571817,-0.19919519073018288,-0.004571003887847901,0.05182178005520697,0.0,nm
61.299037999999996,47.630213008397696,-11.779607889584753,-160.08633646786765,-0.015580768897449181,-0.08191179575042734,-0.8291197077868498,-0.19531113295865862,0.011142025827998243,0.044776052295103154,0.0,nm
61.30855600000001,48.53537783071346,-12.103076952992785,-160.10889040091837,0.07369295832282388,-0.06249255431566246,-0.8462071115112972,-0.18881781156277602,0.00045074464223400143,0.02101955973027214,0.0,nm
61.318082000000004,49.44023407515722,-12.304286454465545,-160.3864200589954,0.12133761466983341,-0.0024436018515903947,-0.8384992930382141,-0.1803192301056941,-0.021911549734542676,-0.017226979187790866,0.0,nm
61.32758200000001,50.26552737979669,-12.358587926498931,-160.81187056321272,0.10065453441322729,0.05962842604470698,-0.8396050814179908,-0.15591256532557704,-0.043349875903957585,-0.0498480633742296,0.0,nm
61.337085,50.93456019048011,-12.298797154146243,-161.23771176538844,0.0599931956153578,0.10942375709907251,-0.8418520213348933,-0.11988908152796461,-0.05386015174765226,-0.056623034774634255,0.0,nm
61.34660400000001,51.38346458688597,-12.24431671582728,-161.5563107982769,0.02652671024574229,0.13219074824746047,-0.8251789425354306,-0.07977674034075469,-0.038346092035146,-0.044660611265142085,0.0,nm
61.37509499999999,51.10196669233446,-12.864106049272404,-161.45948054256274,0.010440616192869174,0.09399462383191597,-0.5916345056551197,0.050318002365679376,0.08442414650783724,0.009286346871511074,0.0,nm
61.38464299999998,50.46166879163715,-13.210612259481639,-161.26701456200382,0.0419361543428547,0.04110109366428933,-0.5838548241867689,0.09612880166830412,0.10574042362815297,-0.005037298492385342,0.0,nm
61.39412199999998,49.71826106120028,-13.512625926666546,-161.22560315536924,0.07213934612513831,0.04634891230135323,-0.49432287721783863,0.11766196295504948,0.10390669422325219,-0.03702730200510905,0.0,nm
61.40367100000003,48.89833114770033,-13.693074046415878,-161.37215253354069,0.09183805372037204,0.05809527222601017,-0.41963877364545615,0.1395583609963641,0.08546251638345875,-0.07515094853969537,0.0,nm
61.41317700000002,48.03473965512322,-13.742795521708594,-161.63205985368657,0.10962346091134252,0.07935433395824741,-0.34948632874523894,0.15613883313237514,0.0628677884356223,-0.1072136463697715,0.0,nm
61.422685,47.143529963741834,-13.725966368919453,-161.95368039463477,0.10456897034127403,0.10456849712913356,-0.2838344016098356,0.16571361094094664,0.051127595074049056,-0.12502911103187067,0.0,nm
61.43219700000003,46.24019210610526,-13.722524170473513,-162.2324376698518,0.08329613433059162,0.08895634211785959,-0.2712328974266367,0.16740001946177982,0.05354982444695418,-0.11876971587699427,0.0,nm
61.45124700000002,44.53548716506577,-13.986413312535536,-162.33367642921928,0.10853622586041636,0.09076989163867258,-0.08691981748459382,0.14776727161317788,0.0869056964152756,-0.05316639903849934,0.0,nm
61.460757,43.709139633261024,-14.27933043844848,-162.1261020028098,0.13007728527154125,0.029517197481034627,-0.09256325701760677,0.1348020838669844,0.10500396825007619,-0.0255888250401879,0.0,nm
61.47027600000001,43.01717018633905,-14.620604612781724,-161.87321149132734,0.17492069346767566,0.002030188642248319,-0.04073848029591905,0.10637912028144887,0.10660282562022562,-0.011541849636320241,0.0,nm
61.47977800000001,42.46843211966975,-14.944787957718207,-161.70490310335302,0.20369288817422765,-0.012771848175459687,-0.027819053048559104,0.08052920489359022,0.09498603230361567,-0.02237097957954885,0.0,nm
61.48928799999999,42.11750066473873,-15.20278457817102,-161.70965625240527,0.20214434562688544,0.008694106984491193,-0.001195016432216339,0.048130207784485984,0.07043247904145127,-0.04719904365338876,0.0,nm
61.498763999999994,41.954297761602895,-15.366293678726143,-161.88480616530364,0.18169019161871272,0.04734447232174591,0.02961102167782596,0.019673031129994793,0.041002695262203716,-0.07159894702365867,0.0,nm
61.50839400000001,41.85037289183986,-15.284695470212386,-162.14426274104466,0.13565492738235777,0.09961806456308323,0.017968871983991205,0.004038693649796056,0.020725677274216345,-0.08448065290500881,0.0,nm
61.52741900000001,41.60902560587286,-15.299519971221116,-162.47860183243782,0.07515689497934565,0.18687181553689255,0.039661893698820706,-0.01618754806711605,0.03576637484349021,-0.05493533420589492,0.0,nm
61.54642899999999,41.17548688225585,-15.71915963483124,-162.1260304970335,0.11290146607259545,0.2070824637814435,0.04853178470881246,-0.015473137289827254,0.08334509899834021,0.009551596647652335,0.0,nm
61.55593499999998,40.94056945908783,-15.947970928909433,-161.77872203559212,0.1608924374650927,0.20339453554751677,0.03669873657712466,-0.014026315872610521,0.0913938026077453,0.025258715494254166,0.0,nm
61.56545699999998,40.764626558363545,-16.0849109231936,-161.46088774714923,0.20754535493887363,0.20201789379706644,0.028083402226587714,-0.019190564267036723,0.08044053437102477,0.023194812946085257,0.0,nm
61.58447799999999,40.5103393304266,-15.934894600758062,-161.1315682080503,0.21123044127982282,0.22081525201580832,-0.011993772206277063,0.0,0.0,0.0,0.0,nm
61.603459999999984,40.14223068007004,-15.497807086888926,-160.92467231233655,0.11267389751624694,0.22219194297347422,-0.04033976031077317,0.0,0.0,0.0,0.0,nm
61.61296299999998,39.83369363601662,-15.366891760399346,-160.74509809445726,0.06996337710669104,0.200453099001857,-0.04625100993532193,0.0,0.0,0.0,0.0,nm
61.622506999999985,39.46258285414591,-15.334833327551204,-160.45706892824222,0.06542371685922593,0.17355893225316105,-0.037008073653418044,0.0,0.0,0.0,0.0,nm
61.632024,39.075495029478326,-15.367724700595579,-160.08961347024697,0.10033852993142338,0.14594733457573028,-0.021456279086037,0.03527777499289849,0.05407091887270668,0.015245573686829593,0.0,nm
61.66052300000001,38.258711207449274,-15.223218175197445,-159.17553630802414,0.23418746584385602,0.09724175873246466,0.0025576297284210475,0.0,0.0,0.0,0.0,nm
61.67959300000001,38.07450339718308,-14.708537487154727,-158.9295569624726,0.15703011755758767,0.10986595180076535,0.01196206317736225,0.0,0.0,0.0,0.0,nm
61.68910199999999,38.01851298558787,-14.459427245186205,-158.85027513810005,0.07680147434737192,0.13273914658598523,0.009374264201217472,0.0,0.0,0.0,0.0,nm
61.698571000000015,37.94150065214529,-14.316164459999765,-158.67868803522182,0.007971659528813332,0.14530584449664544,0.005418329288053162,0.0,0.0,0.0,0.0,nm
61.70812000000001,37.81890550326484,-14.300033370681632,-158.3979175057221,-0.027324260886097382,0.1600793732462389,0.009358892591348804,0.0,0.0,0.0,0.0,nm
61.71758299999999,37.67348841758969,-14.384837658791755,-158.0153860131668,-0.017811507304461682,0.1534178582981272,-0.012894408422795585,0.0,0.0,0.0,0.0,nm
61.72713500000003,37.53670296161808,-14.499549475683375,-157.58457762165878,0.029223675191270296,0.14239804609629225,-0.045676464092775086,-0.017101163830046232,0.03800923626415193,0.04120904883344022,0.0,nm
61.736604,37.41451577713117,-14.556432506763546,-157.2217884020028,0.08752359461727732,0.1538543385002028,-0.05732671430766051,-0.018432740850803316,0.03999546558210262,0.03129043292114439,0.0,nm
61.74615299999999,37.32776371107856,-14.500417532345509,-156.9375288131243,0.1325056216865233,0.14006607675724553,-0.10634230842331487,0.0,0.0,0.0,0.0,nm
61.765038000000004,37.288672490550255,-14.272966022746656,-156.86347838596024,0.12176446920598835,0.14597819889561808,-0.1645416058739605,-0.002666789876706455,-0.011452970152994795,-0.05056659979637611,0.0,nm
61.774576000000025,37.307017501058795,-14.157308378524947,-156.96004988645444,0.08486278039606436,0.138774478487734,-0.1991404298537735,0.005846061966292042,-0.02268274963305854,-0.05744402575975057,0.0,nm
61.78412100000003,37.280235892987136,-14.039760436339158,-156.96315012034887,0.04859187849473359,0.12040471772496099,-0.24289888527954298,0.014039562458479905,-0.01959213472283015,-0.04654365050676726,0.0,nm
61.793589999999995,37.194682942973046,-13.976757533584253,-156.8403728105273,0.03074263635828731,0.09446556128929315,-0.28699056301922127,0.0,0.0,0.0,0.0,nm
61.80314299999998,37.05097758884052,-13.980185723467345,-156.56509219843034,0.03580827456877157,0.07314417035019563,-0.3213176732702244,0.0,0.0,0.0,0.0,nm
61.81265100000002,36.865578007767574,-14.022887914896549,-156.21004909023318,0.062002132230235374,0.05126652765437532,-0.3661765754810539,0.0,0.0,0.0,0.0,nm
61.82216299999999,36.6753083406041,-14.062963109042261,-155.79346112814372,0.09565640031721256,0.056195427391095135,-0.38839721202261945,0.0,0.0,0.0,0.0,nm
61.86020500000001,35.962061900891605,-13.604651169576428,-155.4674393615985,0.0624646287175586,0.1648450579202454,-0.41740975537229263,0.055855042090176506,-0.02220644765127354,-0.06319826683208381,0.0,nm
61.86971599999998,35.68712335982838,-13.371160396535402,-155.55511165300481,0.03782707690263068,0.17036342101879923,-0.43231455115258194,0.06814705254723195,-0.020244861580022203,-0.06634229197242329,0.0,nm
61.879186000000004,35.33104186157831,-13.156485012328915,-155.58183365251622,0.0258394391965348,0.15558626105921075,-0.4562620793117778,0.08099826243931545,-0.01030055450750134,-0.05799561156856866,0.0,nm
61.88869799999998,34.89148587965394,-12.971756063047826,-155.51098242679402,0.02885745013565701,0.12698799846758382,-0.49046190388728184,0.09337751987645518,0.0019802347867310063,-0.04419123053199686,0.0,nm
61.89824900000002,34.39357042916788,-12.81129985856809,-155.38931971521174,0.043629660990237865,0.10007543851820117,-0.5172367506082548,0.10175832625172981,0.01131255025125896,-0.03269554547317897,0.0,nm
61.90777200000002,33.885965438808604,-12.656855603491763,-155.23839724885443,0.037075064123692776,0.08575278276608458,-0.5691509121016609,0.10300043988575501,0.013469194845492248,-0.027805539029831502,0.0,nm
61.94580100000002,32.262981700299434,-12.080680571187079,-154.67415893217,-0.09167857310284042,0.23707434104075362,-0.4893680804079598,0.06955617187073176,0.019466911460262762,-0.02446911172399378,0.0,nm
61.955322000000024,31.828825512677117,-12.105980611103274,-154.54277717890142,-0.0928151929276466,0.29818959614193613,-0.4631047652209055,0.07458579560109116,0.04113161637659317,-0.020979579332333072,0.0,nm
61.967264,31.282021584414686,-12.202883482482275,-154.28258047656715,-0.06522694657909693,0.33927619961760536,-0.4551404434677817,0.08804241471884802,0.06393110071728095,-0.01989737911936135,0.0,nm
61.974334,30.59573882665935,-12.340682862924142,-154.27109340971873,-0.021004985239030553,0.3805416634740634,-0.3877263194220555,0.10902172099355896,0.08315895379603136,-0.026911411506378588,0.0,nm
61.98385400000001,29.723220115045915,-12.459422788367863,-154.30319168506952,0.011893979307870233,0.4014215148225876,-0.3269615075179285,0.1434572422403703,0.09547887198622845,-0.043945516091019085,0.0,nm
62.021907999999996,25.250065257419504,-12.51257227802966,-154.8949745627224,0.0055341995044383575,0.3328905478928622,-0.17695115102437495,0.20599744748301874,0.09613081686840759,-0.12255527783470103,0.0,nm
62.03141800000003,24.17342538995355,-12.561415920224094,-154.98474245101514,0.004208245303875739,0.3237463336909716,-0.19946676667015967,0.1863385115935927,0.09841370611366335,-0.11152185331813766,0.0,nm
62.04092400000002,23.21910111539345,-12.705867924902671,-154.95188290987508,-0.0047603007999710515,0.35413429795002566,-0.17480801249594108,0.15652599305386425,0.10547752015014746,-0.084643381793231,0.0,nm
62.05043999999998,22.374352930731327,-12.91686795706932,-154.73044713179118,-0.021434190033454075,0.3820662291424805,-0.13688792046193984,0.13112060436633527,0.10868768360352102,-0.04476671381813213,0.0,nm
62.05996099999999,21.5823852346779,-13.14327987907358,-154.34034615688088,-0.022582778391402325,0.3896119086594978,-0.12789244090599047,0.11980912488351568,0.10762557287127217,-0.0041136427420904766,0.0,nm
62.06946800000003,20.7893654449978,-13.38967608794358,-153.7995313681481,-0.020782931949924158,0.3860699320890242,-0.1118828421837233,0.1171939000231548,0.11224352711952822,0.01935877656129646,0.0,nm
62.088549,18.764546667651235,-13.798244138827261,-152.75768545484888,-0.031218152564117578,0.3407315016715117,-0.028174394459400186,0.12191707765094109,0.12432169868178017,-0.00395776193525924,0.0,nm
62.09807799999999,17.552630302337917,-13.93408008331673,-152.404524050176,-0.022804858110815902,0.32296141857671,0.0034539670431566337,0.12711936258156864,0.1283663370111237,-0.04100863752254858,0.0,nm
62.11953199999999,15.133162869334491,-14.343472393538253,-152.1339252023176,-0.04142271815520916,0.2913846801868159,0.032187539451052946,0.12378733922585552,0.14251075943986538,-0.10263848633497545,0.0,nm
62.12660199999999,13.911327903383759,-14.574989757756963,-152.05455580016076,-0.036453368557400605,0.29368825942860327,0.006246290888078197,0.12421365431853679,0.14477411242813965,-0.09903504639975265,0.0,nm
62.136122,12.717276995171575,-14.835290667617356,-151.8497867624455,-0.01567622145634101,0.29791455405659817,-0.014945829912042389,0.11399720087671847,0.15195220170761115,-0.07055046115028873,0.0,nm
62.14562599999999,11.571488614932878,-15.11471077790267,-151.39645194958538,0.021921113183134507,0.2966886871200554,0.014097339019746418,0.10478391744554956,0.1598080365672554,-0.029130619949188984,0.0,nm
62.15514200000001,10.432806328794193,-15.332398671915568,-150.7203934304232,0.062482372323241754,0.2988986193864362,0.015776950264766117,0.10750293954294997,0.15840041511636585,0.009333332083607279,0.0,nm
62.17408499999999,8.774425839185716,-16.08232081737263,-149.38722783498184,0.1370724627496809,0.32626573990799285,0.1489216524534534,0.09628591451557329,0.1400579380819296,0.025013641363804125,0.0,nm
62.19309099999998,7.392818141921557,-16.55305588760366,-148.4880554372216,0.09484736407416378,0.33403696401232724,0.24705162364724748,0.08797718786170301,0.09643563917210095,-0.024658479833490635,0.0,nm
62.202607,6.781255130867722,-16.64786249454082,-148.17450182904233,0.05437140080370298,0.326938178870078,0.26894053134982376,0.08971288915085769,0.07805373126410073,-0.03900086186810362,0.0,nm
62.22164099999998,5.332623800703949,-16.723623095351794,-147.36173385444988,0.005691866339611878,0.3078955627858115,0.3093419057991746,0.12463149361246614,0.08605261283939669,-0.009243861888207371,0.0,nm
62.23112800000001,4.4092510077846505,-16.74102563145588,-146.6413565999618,0.029182786003370615,0.2826157867275033,0.2944459385785456,0.14635743693172895,0.09979557953245292,0.025471958576936148,0.0,nm
62.24064299999998,3.383830383415548,-16.735996571142124,-145.76247924685225,0.09759496410961278,0.2420875790609268,0.2775896598947424,0.16368229234698434,0.10903927784902089,0.05024675720025861,0.0,nm
62.25966799999998,1.236318680570364,-16.62319781618682,-144.2316098236913,0.2225097766117469,0.12017554961525548,0.24219252809420214,0.175199492833327,0.10666237884432316,0.00967482030531598,0.0,nm
62.27869800000002,-0.5088711042788175,-16.36215106390471,-143.71321084160067,0.14321531184873776,0.006429300176176421,0.1419915776029274,0.13718322207848693,0.06494956699848399,-0.09970118320263929,0.0,nm
62.288227000000006,-1.0149671742330537,-16.211762867495214,-143.82816885260468,0.0661926709503002,-0.02240233171642937,0.13830468270066576,0.0961994144379019,0.03350855500682701,-0.12157585086894669,0.0,nm
62.29772700000001,-1.2992203206428536,-16.08864913956779,-143.8638221418956,-0.01260841312154007,-0.013784407347749033,0.17494867955621465,0.05866957627862935,0.012566716977340117,-0.1047310432055584,0.0,nm
62.30722000000003,-1.4293678996736332,-15.986227918845154,-143.5706804894815,-0.07151228830599159,0.02027987822045839,0.2353165256098898,0.03234693566297256,-0.001567501763906686,-0.04834047386507057,0.0,nm
62.316689999999994,-1.4500192494360393,-15.851652469357571,-142.91329310391728,-0.0411094679688432,0.06076910262355119,0.3298870099819847,0.0,0.0,0.0,0.0,nm
62.32624199999998,-1.493168681694885,-15.65462763766691,-141.9546535936401,0.04455750658718402,0.11230657218400618,0.372200648671624,0.03073906503300053,-0.02610457812587004,0.1059996801041686,0.0,nm
62.33570800000001,-1.6000039995855067,-15.41609313325302,-140.81959407019082,0.11103185029791285,0.11029837670964879,0.33546994529612306,0.045994131651596916,-0.02432310002174805,0.14523944872828798,0.0,nm
62.345256000000006,-1.7515807692925,-15.166903401205323,-139.77995467108138,0.190212184938081,0.0806989579464303,0.30026556646881825,0.05445765029458446,-0.019552353232020692,0.13584878235402564,0.0,nm
62.354772000000025,-1.9091268931433496,-14.909223577584962,-139.04419717714578,0.22636322403542897,0.04983050410791742,0.24612627142704435,0.056766446173888874,-0.019223718032549717,0.07899560032199558,0.0,nm
62.373778000000016,-1.8641913692772618,-14.496252452582823,-138.87964638417955,0.19831646864014082,0.021078777874439025,0.2061760106489284,0.0076278471375140775,-0.03809356955313316,-0.07999218361998223,0.0,nm
62.38331800000003,-1.6029619829722548,-14.438733886955621,-139.22517172293755,0.12354021070431355,0.05656576786641736,0.23645454938115665,-0.030577773071000857,-0.04199085794352788,-0.12591259692886086,0.0,nm
62.39281699999998,-1.2308264789005796,-14.435198287665548,-139.58287967108973,0.06874154233207513,0.1224062478153597,0.27665978906743444,-0.05419057543257516,-0.04766952399611665,-0.12428506935321389,0.0,nm
62.411834,-0.6607738662262757,-14.408875812962794,-139.5869593261764,0.06885925943321682,0.2875690590912173,0.37251489812722743,0.0,0.0,0.0,0.0,nm
62.43082300000003,-0.741315376383474,-14.145999743805598,-138.5999235700262,0.1869910176990441,0.23926635040090521,0.4465195432356354,0.042089213845300566,-0.0073193839581674365,0.058087464145629535,0.0,nm
62.44985600000001,-1.471532887673856,-13.879383378108274,-137.91929651078323,0.09106351364067129,0.025239123585263784,0.3419850255115222,0.06950095659954503,0.03478477252540086,-0.009033865079658096,0.0,nm
62.48795000000001,-2.633480855837292,-14.888754055130427,-138.922699635627,0.06131259189641064,-0.01989714082844904,0.12466632118133585,-0.03229315806259752,0.08943015492364118,-0.08883992125536067,0.0,nm
62.497469000000024,-2.767984841551094,-15.275778020174577,-139.101129804178,0.1526043906936112,0.12476182634726062,0.06648732683529683,-0.031207040191306594,0.07557973735287496,-0.0427310999544426,0.0,nm
62.506981999999994,-2.83910064898232,-15.559358308171872,-139.05626930474057,0.2542766853635181,0.2102205068421583,0.07228949766434203,-0.02683087579484716,0.05191336382337505,0.005187052844455791,0.0,nm
62.51643200000001,-2.897989577482626,-15.675727976091794,-138.88687456435127,0.301710488051713,0.25072525316631333,0.08464008792771383,0.0,0.0,0.0,0.0,nm
62.525990999999976,-2.917407988770989,-15.594959044778873,-138.73334045313354,0.287662657977629,0.2416365956337826,0.06031254809026661,0.0,0.0,0.0,0.0,nm
62.53550999999999,-2.870441647146863,-15.400134398041239,-138.7124631682805,0.2345340256178332,0.19879990388390362,0.026510918239970777,0.0,0.0,0.0,0.0,nm
62.544983,-2.8072157157652726,-15.20751828241326,-138.87648041632278,0.12945618575056583,0.18317795346756657,0.022923622711177986,0.016228904075126945,-0.037071725070263385,-0.029482570314432695,0.0,nm
62.554531,-2.7033574650732675,-15.049073387878968,-139.19298328496708,0.06021599017398456,0.16634842397125146,0.03299625131046338,0.005648296250435607,-0.03712630019914078,-0.05791866355635104,0.0,nm
62.56403899999998,-2.564628611582233,-14.899051146705498,-139.3412780025559,0.04471157486091154,0.18841157626172397,0.007945277495171151,-0.000642802695124883,-0.04028374634004945,-0.06991040523470773,0.0,nm
62.57362699999999,-2.5834761396154757,-14.510810582926752,-139.65728257762603,0.06855572821011285,0.2440647920017278,-0.047814947700486686,-0.0027261634811866415,-0.041421289227888985,-0.06430735616328251,0.0,nm
62.58313800000002,-2.598860110929584,-14.000507525815266,-139.88020675361264,0.12311127026229919,0.28499082034291157,-0.0627791908180242,0.0023866961810922772,-0.04814250855732291,-0.04550866454079992,0.0,nm
62.592647,-2.650586162096672,-13.266756515729712,-139.9927251447006,0.17617236205622952,0.3118902588253485,-0.07311595999647785,0.030733398549479266,-0.06562670309499595,-0.025106413813780364,0.0,nm
62.61156900000003,-2.7511580279729473,-11.531471645372303,-139.96854157465654,0.1895202761277872,0.2909538309995225,-0.18598715289282622,0.09318760215636215,-0.11619326823250313,0.007409045122085632,0.0,nm
62.64010400000001,-2.666904824348194,-8.289255254413305,-139.1997197031339,0.26318548816380216,0.21446757945636014,0.8229133748850299,0.149697352104834,-0.19164897255090244,0.031006316456147435,0.0,nm
62.652063999999996,-2.0246154250142934,-7.719252217533459,-139.13515411015737,-0.593074463768149,-0.8747670417375845,5.844590181632482,-0.021576897846644037,-0.1696995362016051,0.008747443211356457,0.0,nm
62.65912800000001,-1.6396663358286727,-7.574822777690041,-139.70570864238027,-0.0920547687209121,-0.29602162677275556,1.3577914024405855,-0.03912549576584624,-0.0717268759594432,-0.1325665346954166,0.0,nm
62.668544,-1.4673166510752143,-6.8635394227302795,-139.9560534329848,-0.7228850100637898,0.21539670614162404,-3.4463126775767234,0.06581392068424813,-0.13091278887900096,-0.06041397765228054,0.0,nm
62.678155000000004,-0.023734429368497012,-7.295473869399594,-139.5794522697551,0.8792614436150209,0.1339119607901874,-0.09700810039955733,-0.27490287699412047,-0.11936500878107753,0.10456901068914518,0.0,nm
62.70667400000002,-0.29355940855608015,-7.011196834531535,-137.08227502468418,0.7752891578702034,-0.03135102972136702,-0.26539907424519993,0.032417994309526514,-0.18458657125968242,0.20355104533514115,0.0,nm
62.71609599999999,-0.4271542339539578,-7.45894010786823,-136.6756200501222,-0.08766198380007172,-0.24626255709820763,-1.441677802359994,-0.0418448501452193,0.08364283677260158,0.10114913652452556,0.0,nm
62.725689999999986,0.2696311790159985,-8.042789075093456,-136.67426192897562,-0.2719143578124394,-0.4361148016412742,-0.17556483974781245,-0.1808494895394712,-0.009617868764076451,0.04399342105150953,0.0,nm
62.735221000000024,1.273956977126479,-8.200542713718878,-136.90747132337097,0.18278302200046867,0.13612460290144737,1.0809009508061436,-0.1668196128460801,-0.11325561697420605,-0.010099557171082157,0.0,nm
62.744744000000026,2.335921005241538,-9.264732947564365,-137.33040829334,0.4181688028249092,1.0896460834254034,3.1734024921469133,-0.2990912929129147,0.013285788141233016,-0.0400385378188695,0.0,nm
62.75423999999998,3.9025226647328664,-10.6090718394257,-137.72041140472092,0.09623720654489047,0.48648022828417364,0.3000246375347201,-0.40979599064060646,-0.009604917582046275,0.004715783199839339,0.0,nm
62.763577,5.185074717666782,-11.020894817863326,-137.86893621390237,0.3534863043637601,0.39914421410966283,-0.9458867132934289,-0.2424699851647071,-0.10807621388139328,0.050236552638458686,0.0,nm
62.77327700000001,5.567253768596737,-10.816025836553564,-137.76873410758358,0.244241445747121,0.7551343019650455,-0.47358865035950604,-0.028224219322400525,-0.08085332902743533,0.05700171995635083,0.0,nm
62.792281,5.977937621135056,-10.652788350026526,-137.24372316924095,-0.2663697440982072,-0.04362966307178646,-0.2058446251242719,-0.005532664539838789,-0.022914208656784556,0.08236983780854767,0.0,nm
62.80164000000002,5.524245471505751,-10.423566132412828,-137.04625818011797,-0.4852429775508852,-0.23293704695744286,-0.9899943173306839,0.09675122451462391,0.026982582088756354,0.05114598097068304,0.0,nm
62.830355,4.68394340269264,-12.396865554132303,-137.9786031017377,0.0166998842726055,0.300778515377266,0.026613272467623038,0.0032741259437417845,0.1509089407716343,-0.0674093795666476,0.0,nm
62.83966800000002,4.369035440921875,-12.608314341768542,-138.44659220083884,0.26618817714815096,0.22631574455391226,-0.9421397888202092,0.017826328976480364,0.07258529816767428,-0.06568732975321595,0.0,nm
62.84917899999999,3.945193845982446,-13.152124552319869,-138.93512727056097,0.3049011180954169,0.1676763083119822,-1.1794390721416665,-0.009518939007959852,0.13646955129698177,-0.08035044579813069,0.0,nm
62.85889100000003,3.4401783004846105,-13.575439370048075,-139.32696429001163,0.009411142783349626,0.08328057234826526,-0.721100118006685,0.019158390728218972,0.1284844143975838,-0.06358504623253415,0.0,nm
62.87788699999999,2.690395332275716,-13.082867235242853,-139.3412406968835,0.5096536393520901,0.4735635562067861,1.0542896631766012,0.08766516694413877,0.023455891934720627,0.016439225667767378,0.0,nm
62.906409999999994,2.630705085003457,-12.818415094208136,-138.9086483379915,-0.014070815929690634,-0.15801581831219214,-0.896364786336789,0.03597284774770417,-0.08762807991159294,0.03537216609577913,0.0,nm
62.91584999999998,2.7319728381572923,-12.912039805267662,-139.02875811204527,-0.11255411353202809,-0.05791154162752561,-1.3707384691284497,0.0,0.0,0.0,0.0,nm
62.92546299999998,3.052278494713634,-13.445466127997697,-139.43855349401224,-0.0866389082699357,-0.007063173804504078,-0.5425122409309194,-0.1170212512944657,0.04029079932268516,-0.0370894545258295,0.0,nm
62.93503199999998,3.1683963249690206,-13.603336682503215,-139.7955354305023,0.05294586691978306,0.26837536546749063,-0.09869772497226055,-0.037702546360721415,0.009466363975397001,-0.050124815970061416,0.0,nm
62.94448,3.1877827452962477,-13.485525109234834,-140.03592681990077,0.31530371580004407,0.821632030523413,1.7172614202640328,0.0,0.0,0.0,0.0,nm
62.96351099999998,3.1365722502667275,-13.568349110481773,-140.07038215391285,-0.0857506068129996,0.20886958268285155,-0.1650957188848195,0.0,0.0,0.0,0.0,nm
62.982305999999994,2.575974812349845,-13.089559589222974,-139.82228995238577,0.02683923182639549,0.055971089942294786,-0.9734438261506317,0.0757938365960845,0.0077437601963759985,0.024054285338564192,0.0,nm
62.99202100000002,2.137209239340849,-13.283079699614936,-139.93551073088977,0.02303212141401538,0.1601323310125948,-0.19390478938373554,0.04055694854364764,0.08472899546311835,-0.014427420607744205,0.0,nm
63.01104200000003,1.567820926243555,-13.146405704516024,-140.5054904713371,0.270140428380169,0.41400675826874955,1.0506389610359435,0.06781980864448767,-0.0020990497036513117,-0.045828982260486366,0.0,nm
63.02054400000003,1.4243838611524346,-13.153597063821612,-140.7543786709978,0.02106887340779897,0.15149638870477455,-0.3403052868210367,0.020726346705572257,0.01885116660072472,-0.0442135023693561,0.0,nm
63.04910899999999,0.9234726247888423,-13.292463267802455,-141.1543828291445,0.1740953109576334,0.2674645254392203,-0.12069000352077841,0.0,0.0,0.0,0.0,nm
63.05861500000003,0.7483137215648581,-13.406661164514029,-141.10062727275258,0.3274845911125713,0.42525653623863735,0.8251047371240987,0.0,0.0,0.0,0.0,nm
63.06811399999998,0.6448287841081292,-13.377642202220137,-141.01957697627697,0.26392676718010516,0.43219301254131065,0.9242836125961041,0.0,0.0,0.0,0.0,nm
63.096644000000026,0.6581739059579521,-12.876824474337411,-141.1637078774344,-0.12364957166213465,0.07260874113222511,-0.6718054329101394,0.0,0.0,0.0,0.0,nm
63.10618800000003,0.5426850611532569,-12.758962238967754,-141.36963750211197,-0.028942401009234526,0.18984001837088035,-0.023332912581203076,0.0,0.0,0.0,0.0,nm
63.115635999999995,0.3555858050531387,-12.638449002355713,-141.51981603055265,0.12819097205028476,0.3893086043280321,0.6992206115992953,0.043636953093857456,0.003892083229496825,-0.028667342533615095,0.0,nm
63.125178000000005,0.20298170488780043,-12.689600389522528,-141.61276708038758,0.12348984151827407,0.3877348511005151,0.708724178067392,0.0,0.0,0.0,0.0,nm
63.134704,0.07038730558726815,-12.74431563513982,-141.6730645920745,0.027318906285262245,0.2372372397940897,0.04238929877251584,0.0,0.0,0.0,0.0,nm
63.163162,-0.6793524442497054,-12.660129679041304,-141.60826719865128,0.16760133416273418,0.25562522351719036,-0.06399823974434968,0.04298201167654913,0.039498173924949476,-0.013162231877170914,0.0,nm
63.172754,-0.9512714926333028,-12.555964034334782,-141.67596461728755,0.26099664720047566,0.35661926051815646,0.5875060990612893,0.05462702272231474,0.01662372694497506,-0.025437032666186604,0.0,nm
63.19178199999999,-1.1524547311455569,-12.236453894475675,-141.84837531503445,0.08704292418498656,0.22082336152673535,-0.04196132347436228,0.0,0.0,0.0,0.0,nm
63.20123699999999,-1.183829303018568,-12.147380278708168,-141.88566018247226,-0.054290003271018974,0.11232844923315513,-0.4314555484962901,0.0,0.0,0.0,0.0,nm
63.210762999999986,-1.2742015520187298,-11.984052737477919,-141.8701891973324,-0.045475650385090646,0.11711826205515571,-0.4980257794289215,0.0,0.0,0.0,0.0,nm
63.22032300000001,-1.420387499737087,-11.879682334423562,-141.81622213794572,0.05666153767909089,0.21693670800935866,-0.08360164486252018,0.0,0.0,0.0,0.0,nm
63.22977100000003,-1.5392945021443112,-11.893956983007275,-141.84416075874887,0.1452430219776049,0.29831864762250676,0.41807647213836546,0.0,0.0,0.0,0.0,nm
63.239318000000026,-1.5890959132260487,-11.877946441717961,-141.90474815111457,0.1799921600527762,0.3351069375312607,0.4865404974222556,0.0,0.0,0.0,0.0,nm
63.24883299999999,-1.576447363664518,-11.816553077577582,-141.95302349136466,0.13510950212957346,0.3113674606613794,-0.015440768043855893,0.0,0.0,0.0,0.0,nm
63.258354999999995,-1.555342056943272,-11.813262246131957,-142.0732016388624,0.07138186945789,0.2581125821545026,-0.3874063813055809,0.0,0.0,0.0,0.0,nm
63.267848000000015,-1.616167500001159,-11.801140417441896,-142.31239833841258,0.03529322853094312,0.23828649790046055,-0.39256087884720814,0.0,0.0,0.0,0.0,nm
63.27743600000002,-1.7639923322189832,-11.682079934422559,-142.52753502216908,0.09345023942655709,0.2967018652564055,-0.047039919807169664,0.0,0.0,0.0,0.0,nm
63.29632800000002,-2.077020804923388,-11.474808478978627,-142.63200656484412,0.13875165846253326,0.32037908919132685,0.3670560967585795,0.0,0.0,0.0,0.0,nm
63.30586900000003,-2.1599490654539717,-11.387092973135069,-142.56261233568492,0.07602452721560149,0.2441973799512759,0.03516990088855035,0.0,0.0,0.0,0.0,nm
63.31541500000003,-2.2365229553199635,-11.270318769393274,-142.37695821391873,0.04147177688283012,0.18889636984676003,-0.3542857920379807,0.0,0.0,0.0,0.0,nm
63.34391199999999,-2.516975845151041,-11.17547691319172,-142.56477836513136,0.1701205234646529,0.2869736409662805,0.2830808094904002,0.0,0.0,0.0,0.0,nm
63.35342800000001,-2.492851998776439,-11.161517947960379,-142.72210382581625,0.17691315688260942,0.31563271503353,0.24585268313507708,0.0,0.0,0.0,0.0,nm
63.363020000000006,-2.3995516399965466,-11.20066954908059,-142.93989130815876,0.11256745206614185,0.28377052767161387,-0.044876147421131066,0.0,0.0,0.0,0.0,nm
63.37248699999998,-2.315502758393753,-11.212889408113533,-143.1818423377403,0.05427337857541025,0.2611721695668098,-0.27652983299411515,0.0,0.0,0.0,0.0,nm
63.38198599999998,-2.2812196513278598,-11.152778105166416,-143.3341739589839,0.07613443449927768,0.27348164604788183,-0.2583702770950611,0.0,0.0,0.0,0.0,nm
63.40097500000002,-2.330153171859337,-11.043296645442778,-143.38177164454774,0.15231046627391967,0.32840081616978717,0.25009261540410305,0.0,0.0,0.0,0.0,nm
63.42006600000002,-2.4494548123409383,-10.67088533823635,-143.43088795377219,0.09502053120379156,0.2694733599159554,-0.08855933088686414,0.0,0.0,0.0,0.0,nm
63.42956099999998,-2.3904398138123337,-10.6852829020836,-143.580090175015,0.055252009621295076,0.2329359767612839,-0.2502747221477125,0.0,0.0,0.0,0.0,nm
63.44864999999999,-2.527735994732468,-10.471525861783478,-143.88084235683175,0.09929665849856091,0.2657521242856543,0.028770906609768814,0.0,0.0,0.0,0.0,nm
63.458078,-2.4967825881595127,-10.517600388967871,-144.11667833447947,0.14484778004524262,0.29565592447233435,0.1922052554104817,0.0,0.0,0.0,0.0,nm
63.46754600000003,-2.421194262203146,-10.604250393796557,-144.27652785351393,0.14558573992654159,0.29302051995402806,0.13237432923357914,0.0,0.0,0.0,0.0,nm
63.47717399999999,-2.492152523322823,-10.3699237148858,-144.26926362011497,0.12425167846104798,0.270675942752754,-0.08694050022550982,0.0,0.0,0.0,0.0,nm
63.50564600000001,-2.371059999168039,-10.122595755251083,-144.31902315028995,0.14413454276012996,0.279153005307903,0.05648375490504426,0.0,0.0,0.0,0.0,nm
63.515153999999995,-2.2448662840122258,-10.123539850658608,-144.4174186310477,0.14763091601448908,0.28713170393666715,0.1663426078098663,0.0,0.0,0.0,0.0,nm
63.524643000000026,-2.0839481035327583,-10.155976351995692,-144.5221416324133,0.11165882128006553,0.272690902863355,0.07244204341726049,0.0,0.0,0.0,0.0,nm
63.534243000000004,-2.100849433816143,-10.00516003528678,-144.505555570914,0.060126147048925445,0.24151020519692876,-0.09659161508482424,0.0,0.0,0.0,0.0,nm
63.54365999999999,-1.9358012390618249,-10.089169500237238,-144.5547078576216,0.05085859688032695,0.23037716472085307,-0.17267073324073226,0.0,0.0,0.0,0.0,nm
63.55326400000001,-1.9959756265803612,-9.925421266036082,-144.58020513875024,0.07987281021787562,0.2500662720273393,-0.09178460778401222,0.0,0.0,0.0,0.0,nm
63.56273700000003,-1.8725909988412635,-10.035043558749015,-144.57440649604737,0.12747029129809373,0.2784620726103496,0.06884597534649756,0.0,0.0,0.0,0.0,nm
63.572216000000026,-1.7369468862521766,-10.16269250031699,-144.57030995039202,0.15552013084684466,0.29431247416151457,0.1397552138365899,0.0,0.0,0.0,0.0,nm
63.58176500000002,-1.727585006442006,-9.9831064702896,-144.5517177607067,0.15141343147386324,0.28332385455095155,0.03568152254928393,0.0,0.0,0.0,0.0,nm
63.60072200000002,-1.5531238245569459,-9.884796281878044,-144.59731034358953,0.11393958640431989,0.24861014934540213,-0.1440570676896895,0.0,0.0,0.0,0.0,nm
63.61028600000003,-1.5516688451999505,-9.6988179815385,-144.62131777838778,0.11246235522526545,0.24426336279239133,-0.03615900809832926,0.0,0.0,0.0,0.0,nm
63.61978700000003,-1.392117836663311,-9.764342668990876,-144.6601373497591,0.11595570444418479,0.2519434923594066,0.0666316671500941,0.0,0.0,0.0,0.0,nm
63.629301,-1.212546184536643,-9.85517505946552,-144.67560235027165,0.10971876180225554,0.25000957849233324,0.10753025167922363,0.0,0.0,0.0,0.0,nm
63.65789000000001,-1.0310677576776852,-9.570705879643615,-144.66616635258487,0.09058593543146093,0.22042919716719836,-0.11567935949158085,-0.05266448722798282,-0.00010265952272355461,0.007673389675110236,0.0,nm
63.67685599999999,-0.743502911143905,-9.642899602139405,-144.7115412896568,0.13424011380699769,0.2656631616760774,0.08310962441589073,-0.05440108867602687,0.0017938970735709894,-0.001523845731676796,0.0,nm
63.70503100000002,-0.3851475948180785,-9.562107662804607,-144.84842808194944,0.09032482479297266,0.23704319301738289,-0.0852604398816106,-0.05199861423098619,-0.0031426707513017645,-0.0008585783739472081,0.0,nm
63.714905999999985,-0.3433222329132374,-9.4449072197584,-144.8420031913836,0.08399477409367674,0.2247313626597331,-0.07434974171198136,0.0,0.0,0.0,0.0,nm
63.724423,-0.29764819228557854,-9.333269600628498,-144.82173881517045,0.0927592276264911,0.2236006740446815,0.013039203710108024,0.0,0.0,0.0,0.0,nm
63.733879,-0.11202438469187306,-9.459639751591924,-144.81790569493376,0.10142699674523957,0.22380965770462322,0.0795820365558104,0.0,0.0,0.0,0.0,nm
63.74349699999999,-0.03570658836707205,-9.395655369801121,-144.80200467195888,0.09807390257578977,0.21018794768398769,0.059178041942637816,0.0,0.0,0.0,0.0,nm
63.75286900000003,0.05231210989417942,-9.34105722322469,-144.80444016650193,0.0913991257602422,0.19515279175490838,-0.030886887606702357,-0.05193411958707248,0.0016790452598320713,0.002337180168656938,0.0,nm
63.76250700000003,0.14374534465830544,-9.294450623103673,-144.82894606088323,0.09070772070508099,0.19156872325845367,-0.08003212768088173,-0.054891837996013264,0.00350603271083709,-0.001985074241228693,0.0,nm
63.77202399999999,0.2393246980252896,-9.255034416987813,-144.8696346837978,0.09911024207672367,0.20067758933499896,-0.03247862095413731,-0.056510737165758836,0.004976828274090165,-0.005104508019314803,0.0,nm
63.78152699999998,0.34296718844758856,-9.20318728771271,-144.9121128893934,0.11177485814008595,0.21507569155630324,0.03578799492855412,-0.05613416741147195,0.0032992506066759166,-0.005224574945739913,0.0,nm
63.790615,0.5696355064810401,-9.365113137453523,-144.96062831183718,0.11999812400933074,0.23155908973875705,0.07157362050026236,-0.05530607908310871,0.0008069650627053662,-0.002387566320529377,0.0,nm
63.800568999999996,0.6757010321307221,-9.284888976229281,-144.96741763049766,0.11310046687118672,0.22481447112114245,0.03939679276335543,-0.055123558049445104,-0.001459552996902126,0.002021931764850216,0.0,nm
63.819569,0.8656836112939243,-9.099943142886168,-144.93761280070424,0.0876623250290436,0.19907478608274495,-0.05903432928725199,-0.04975759478419316,-0.005954240699950037,0.006573611534096985,0.0,nm
63.829048,0.9536335762919219,-9.01570577927822,-144.92701309370835,0.08289550728502035,0.19365339078876317,-0.03028857447134729,0.0,0.0,0.0,0.0,nm
63.83860600000003,1.0410481876017148,-8.95379920711422,-144.8716164895187,0.08170103732981014,0.1939408325584788,0.03636409300005869,0.0,0.0,0.0,0.0,nm
63.85759100000001,1.2158223821587042,-8.87846660324165,-144.82904584413652,0.07526011600595044,0.18732335946860476,0.041500700240851326,-0.050055350033921926,0.000965758805837669,-0.00458219106152938,0.0,nm
63.89561800000001,1.511390931440985,-8.753107664195825,-144.5562358271025,0.10173064507741288,0.19557582620455483,0.03719023212932117,0.0,0.0,0.0,0.0,nm
63.905168,1.5848264615342698,-8.685615780744039,-144.55738881683732,0.10705951460892847,0.19611451958815465,0.05971540157096593,0.0,0.0,0.0,0.0,nm
63.91464300000001,1.6609284131284414,-8.606910055201277,-144.56005717257526,0.10024109670543827,0.18505505486364243,0.03127338949471431,0.0,0.0,0.0,0.0,nm
63.92419100000001,1.7391728640524127,-8.52506666849787,-144.47805268013138,0.08621597541714734,0.1679417681705376,-0.027803702849075646,0.0,0.0,0.0,0.0,nm
63.93370299999998,1.8112935843313607,-8.459993673938394,-144.3398098460307,0.07163910326299276,0.159514603476077,-0.025297333419976354,0.0,0.0,0.0,0.0,nm
63.943213000000014,1.879557072598496,-8.41371288529825,-144.24701823632262,0.061518512323566504,0.1563272529752114,0.004707924753221492,0.0,0.0,0.0,0.0,nm
63.96218600000003,2.001803174000832,-8.356640334434548,-144.19819108480976,0.0598588321743084,0.15957084099908073,0.04952239454387784,0.0,0.0,0.0,0.0,nm
63.981224999999995,2.102437876151389,-8.313379670733987,-144.20015900104062,0.06754079661889774,0.15478533206253,-0.02442680353461418,0.0,0.0,0.0,0.0,nm
63.99073800000002,2.142799777340176,-8.266540588396495,-144.20800012382298,0.07873193991771052,0.16188729426065815,-0.02625814310491915,0.0,0.0,0.0,0.0,nm
64.04780900000003,2.275101484293825,-7.854106468564934,-143.53639402441866,0.044476752929519664,0.1347973021020687,-0.019272915951878758,0.0,0.0,0.0,0.0,nm
64.06685900000002,2.2691845360433702,-7.769240061992221,-143.4915973771049,0.052448041366557424,0.1391089493703663,0.034316585083716995,0.0,0.0,0.0,0.0,nm
64.07633400000003,2.265592546026118,-7.728093590608841,-143.4998665456459,0.06044562923470017,0.14106095670548613,0.04129146268816292,0.0,0.0,0.0,0.0,nm
64.08588500000002,2.258133083706433,-7.678710062599077,-143.5128192555521,0.06522972118805195,0.14356697723468104,0.02360216206474876,0.0,0.0,0.0,0.0,nm
64.09535,2.2484186227161094,-7.616524974021742,-143.47232993029732,0.06912630265557623,0.1439101614885742,0.0040239592798386676,0.0,0.0,0.0,0.0,nm
64.114419,2.2147429977585835,-7.46436666062308,-143.38765951985684,0.06863119660130296,0.14576154330257035,0.015965149123023874,0.0,0.0,0.0,0.0,nm
64.12393900000001,2.190346976221409,-7.374717435928181,-143.32908628863476,0.06606928513499767,0.1452160977869031,0.03349246715829193,0.0,0.0,0.0,0.0,nm
64.13343700000001,2.1593397254206477,-7.28552221665823,-143.28725413764678,0.05796501495857154,0.14000713730346123,0.0389079662773388,0.0,0.0,0.0,0.0,nm
64.15245399999998,2.0812994769924114,-7.124110317747988,-143.14973204782632,0.04329253589471756,0.12073898998684689,-0.01596752369014293,0.0,0.0,0.0,0.0,nm
64.161926,2.037208349583935,-7.051977191239007,-143.0858282685692,0.044596755094554075,0.11848339274060178,-0.01564955380544351,0.0,0.0,0.0,0.0,nm
64.17144200000001,1.989818913211619,-6.986411184099599,-143.02886525788105,0.04636203825650792,0.12128025858030335,0.01744824215643762,0.0,0.0,0.0,0.0,nm
64.18096200000002,1.9370422297766554,-6.920469990205472,-142.97352958203624,0.05097895052665412,0.1265759934772007,0.033790320447306656,0.0,0.0,0.0,0.0,nm
64.19997000000001,1.8179311583452236,-6.776881305746994,-142.91211096334177,0.05595711758636209,0.12958451564387924,0.02457008957439851,0.0,0.0,0.0,0.0,nm
64.21905199999998,1.6737618152602647,-6.600374424747791,-142.78723312323953,0.054079601049067255,0.12649887727561476,-0.01583715074146536,0.0,0.0,0.0,0.0,nm
64.22855700000002,1.5932766158310319,-6.4982454498054505,-142.71720821552725,0.05621140586278845,0.129047468513962,0.02033337087791339,0.0,0.0,0.0,0.0,nm
64.238069,1.5093027343869896,-6.392309273240322,-142.6420255650504,0.054832155903492545,0.12576929856259542,0.03258350373433571,0.0,0.0,0.0,0.0,nm
64.26660099999998,1.2411768931970448,-6.093784332476579,-142.47481399305136,0.04054095783718573,0.10720477198035236,-0.011718427078039129,0.0,0.0,0.0,0.0,nm
64.27606500000002,1.1445281095796171,-6.009035339093235,-142.44858146367883,0.03719660182675899,0.10596584497935861,-0.011134725800933885,0.0,0.0,0.0,0.0,nm
64.30463800000001,0.8256914745451083,-5.7490917682898,-142.0600274644372,0.04646666860291572,0.11678712005733052,0.032968231268308154,0.0,0.0,0.0,0.0,nm
64.31414799999999,0.7084620608337843,-5.649764389273428,-141.9355575014535,0.04941219183835663,0.11811969176414984,0.024920729568070347,0.0,0.0,0.0,0.0,nm
64.32365600000003,0.5852137584813519,-5.539392849466393,-141.8856806011375,0.05039718956161699,0.11886998849565035,0.015857409592762134,0.0,0.0,0.0,0.0,nm
64.34268600000001,0.3238992555178226,-5.301107559964514,-141.7860912288615,0.04831229918756251,0.11346780561465274,0.025221727730470832,0.0,0.0,0.0,0.0,nm
64.35219699999999,0.18717178283520977,-5.1835304975757035,-141.75941120526113,0.044419443992545875,0.10891245190221716,0.03277621661613096,0.0,0.0,0.0,0.0,nm
64.36170199999998,0.04670655471256337,-5.068690593795744,-141.71780798914017,0.040802404411774996,0.10539646742301151,0.033374895406167754,0.0,0.0,0.0,0.0,nm
64.37117799999999,-0.09534860194214154,-4.962254304578588,-141.65590051831697,0.037111305190295305,0.09966587743270525,0.021591121052286003,0.0,0.0,0.0,0.0,nm
64.38068199999998,-0.2411877031861504,-4.861667717795913,-141.6033285688453,0.033034245213506765,0.09710131938577286,-0.0070970099576465285,0.0,0.0,0.0,0.0,nm
64.390243,-0.3905924785112367,-4.762532164342264,-141.55181542990115,0.034047462162924105,0.09966850336981727,-0.006995745669642099,0.0,0.0,0.0,0.0,nm
64.39970599999998,-0.542077397425533,-4.661515437211032,-141.4992091425155,0.039679153771152685,0.103617255391853,0.024420892638559746,0.0,0.0,0.0,0.0,nm
64.418725,-0.8505902810985554,-4.441065847380213,-141.39708425233144,0.04640864264465323,0.11071800250447233,0.03144675188589134,0.0,0.0,0.0,0.0,nm
64.42823199999998,-1.0081839931681158,-4.321948593242501,-141.33052947130253,0.046514999766746924,0.10972500248701601,0.02144631500541438,0.0,0.0,0.0,0.0,nm
64.43778900000001,-1.1707266848711264,-4.198055871906916,-141.26396404591287,0.04356973088504683,0.10921312551411896,-0.006323757321329494,0.0,0.0,0.0,0.0,nm
64.44726800000001,-1.3394423948172538,-4.073393172220885,-141.20178261905284,0.04059042144551911,0.10837540224770971,0.019526462191078703,0.0,0.0,0.0,0.0,nm
64.46633000000003,-1.6783627294873662,-3.8389274267109528,-141.15487137889883,0.03267895548856068,0.09897059603252915,0.030675566826180195,0.0,0.0,0.0,0.0,nm
64.50438000000003,-2.3430799234318416,-3.427655924018207,-140.91286663585592,0.034380541707313944,0.09661403946682717,-0.003061536918160071,0.0,0.0,0.0,0.0,nm
64.523393,-2.666488788167094,-3.21933434474353,-140.77062365193623,0.04111346147487976,0.1010684316160538,0.02874602373246878,0.0,0.0,0.0,0.0,nm
64.53285399999999,-2.8275065096464154,-3.106728143686761,-140.7094837244585,0.04180883656389269,0.10272254358374275,0.024408099421760972,0.0,0.0,0.0,0.0,nm
64.54242800000003,-2.9903571058351885,-2.992854481878991,-140.66580442992193,0.03917424974803807,0.10192010572680806,0.024974830050860267,0.0,0.0,0.0,0.0,nm
64.551943,-3.152924333975326,-2.877028059388974,-140.60327630499702,0.035767246194515157,0.09866679688322856,-0.001582945864313448,0.0,0.0,0.0,0.0,nm
64.56143700000001,-3.3172968604248254,-2.7636306051753716,-140.55954937931176,0.034633449419967995,0.0960252519272203,0.02797649921925625,0.0,0.0,0.0,0.0,nm
64.57095900000002,-3.4801111216331835,-2.654195535725943,-140.4950020627549,0.032640753687834485,0.09315155493173334,0.02552676372236202,0.0,0.0,0.0,0.0,nm
64.580421,-3.6377043100564794,-2.5528134619961764,-140.41140572236714,0.031665212643286436,0.08946483335064147,0.025896376969414193,0.0,0.0,0.0,0.0,nm
64.60893700000003,-4.095825812054869,-2.285189383154764,-140.21461006502642,0.028918840188680815,0.09103320366788933,0.0004756327582245368,0.0,0.0,0.0,0.0,nm
64.61845599999998,-4.242763624305482,-2.1996241470688247,-140.11015342132785,0.0347434886119986,0.09377240558077547,0.02603674466600416,0.0,0.0,0.0,0.0,nm
64.62796500000002,-4.38889012881257,-2.113265309073339,-140.00852003678577,0.03513104688531369,0.09663819563123999,0.029183649536247358,0.0,0.0,0.0,0.0,nm
64.637474,-4.533117736006935,-2.022458524130627,-139.9191339327453,0.03392551111682736,0.09917347733394219,0.001115396301985595,0.0,0.0,0.0,0.0,nm
64.656499,-4.814438856378837,-1.8367717604376448,-139.75894037630076,0.033860292788582554,0.09588706818180535,0.0015093790499374937,0.0,0.0,0.0,0.0,nm
64.66600499999998,-4.949866724590934,-1.7460950935166237,-139.68059371169142,0.03158922209219707,0.09261528196290902,0.0017864423674099458,0.0,0.0,0.0,0.0,nm
64.68503400000003,-5.20485384243608,-1.5863846132909372,-139.42021028561658,0.026207035143504087,0.08714015023522927,0.002356440358231911,0.0,0.0,0.0,0.0,nm
64.69455599999998,-5.324630439477761,-1.5207506685492298,-139.3523865959829,0.023928152534933966,0.08607734125572646,0.002665232410644735,0.0,0.0,0.0,0.0,nm
64.70405800000003,-5.43885848989377,-1.4638355089504334,-139.30197582185625,0.023579231964869853,0.08676573164344441,0.002898265956932029,0.0,0.0,0.0,0.0,nm
64.71356700000001,-5.547943623007367,-1.4110481680287081,-139.25671432084187,0.024341987856417845,0.08852148396711952,0.0030954001700549787,0.0,0.0,0.0,0.0,nm
64.72307599999999,-5.652607767512608,-1.3590583853631433,-139.19362923057193,0.026722318178336264,0.09213165258401561,0.003267080374717278,0.0,0.0,0.0,0.0,nm
64.73258500000003,-5.750629775460965,-1.306082253955459,-139.1221904881464,0.02931179657916924,0.09321394055475167,0.003271068750774707,0.0,0.0,0.0,0.0,nm
64.74209300000001,-5.845149783345506,-1.2516044322453648,-139.05825196905377,0.030479332080558356,0.09442310020984611,0.0034034398659057346,0.0,0.0,0.0,0.0,nm
64.75160399999999,-5.935155343309975,-1.1981373473609362,-138.99096095996543,0.03005197643307511,0.09339641384013464,0.0035219427851285938,0.0,0.0,0.0,0.0,nm
64.76111400000002,-6.02044186835197,-1.1446458093996723,-138.91490937262952,0.03013491887293731,0.09325953591788969,0.0036474706212240525,0.0,0.0,0.0,0.0,nm
64.77063199999998,-6.09932406925211,-1.0956666689997463,-138.83554426908805,0.028289392293534697,0.0906242928832449,0.0037532944821852656,0.0,0.0,0.0,0.0,nm
64.78014300000001,-6.171585235462515,-1.0552945849600115,-138.72801010467109,0.024794820233926155,0.08673513917068099,0.0038842336467277048,0.0,0.0,0.0,0.0,nm
64.78965399999998,-6.236379009509087,-1.0227736896952535,-138.6339368959896,0.02370873893405591,0.08476906338446909,0.003923008500318754,0.0,0.0,0.0,0.0,nm
64.79916200000002,-6.293018999619576,-0.9968798881612579,-138.54364380613407,0.023313933307711816,0.0829403435643423,0.0038940473260377483,0.0,0.0,0.0,0.0,nm
64.80868400000003,-6.344032553026618,-0.9780794973563031,-138.45463270510618,0.023474726140402427,0.0839948189284686,0.004008050478794456,0.0,0.0,0.0,0.0,nm
64.83721100000002,-6.458136308100926,-0.9375881147598387,-138.14539109128646,0.02843532275454914,0.08761576551870488,0.003936768591895552,0.0,0.0,0.0,0.0,nm
64.846723,-6.487617147723561,-0.9272526053362319,-138.07932318398682,0.027389231200284036,0.08806791150566712,0.004089395954253004,0.0,0.0,0.0,0.0,nm
64.865744,-6.530986708776887,-0.9135834711143563,-137.77893435188034,0.02541147686122248,0.08516495827961164,0.004053428115367511,0.0,0.0,0.0,0.0,nm
64.87525299999999,-6.544032223313938,-0.9115644825341765,-137.68553270364015,0.023955220304355006,0.08370119135949515,0.004072400006695651,0.0,0.0,0.0,0.0,nm
64.88475799999998,-6.550932065811568,-0.915998910649123,-137.6109565848644,0.02319488231367714,0.0816632841322403,0.00397717740470336,0.0,0.0,0.0,0.0,nm
64.89427999999998,-6.550804760394332,-0.9256058465617225,-137.55656475772255,0.02228940958372202,0.07994601406796092,0.003910584405910032,0.0,0.0,0.0,0.0,nm
64.90378199999998,-6.546163188345828,-0.9410232287391479,-137.48657542411482,0.020603407655288473,0.07994221814617146,0.004028188119589419,0.0,0.0,0.0,0.0,nm
64.91330599999998,-6.533364153676739,-0.9600429361163332,-137.4027873646877,0.02193900180450281,0.07996326339849037,0.0038638657580231804,0.0,0.0,0.0,0.0,nm
64.93231000000003,-6.492851646665658,-1.0074777243962263,-137.24406277962842,0.023433209453968602,0.08190761430336299,0.003754426691936254,0.0,0.0,0.0,0.0,nm
64.94183099999998,-6.466563289370253,-1.0342030813273184,-137.19273884007623,0.02355804238017477,0.08240369783665025,0.0037157281022731897,0.0,0.0,0.0,0.0,nm
64.95134200000001,-6.436387691113727,-1.0623646692333852,-137.00496092661118,0.02310007070042204,0.08269006031156928,0.0036876738938059752,0.0,0.0,0.0,0.0,nm
64.96085700000003,-6.402184311232588,-1.0900057541817605,-136.8292827108733,0.023646379173398017,0.08332748026897899,0.003591811502895917,0.0,0.0,0.0,0.0,nm
64.97035299999999,-6.362056955375912,-1.11983032658301,-136.77052761350407,0.023167039936855913,0.08060907038410568,0.0033711300662660603,0.0,0.0,0.0,0.0,nm
64.979871,-6.31729173471179,-1.151544978777009,-136.70495846470905,0.02185840411045224,0.07989045017765514,0.003357732980213167,0.0,0.0,0.0,0.0,nm
64.98938600000002,-6.265138326628859,-1.1876075907625179,-136.66651200040462,0.020986113484684217,0.07670926796903502,0.003137754541757874,0.0,0.0,0.0,0.0,nm
64.99890299999998,-6.207163763713805,-1.2257608130854516,-136.60521950710145,0.01980185763542097,0.07674045851180251,0.0031502620715221884,0.0,0.0,0.0,0.0,nm
65.01791200000002,-6.071812165988091,-1.3120570623417833,-136.45306448620886,0.019445474531520672,0.07453426208951813,0.002823690794279805,0.0,0.0,0.0,0.0,nm
65.02742599999999,-5.996591740273895,-1.3619388308307434,-136.426805760689,0.018761565393509334,0.07472325954791009,0.002781832622731488,0.0,0.0,0.0,0.0,nm
65.036944,-5.918094403731206,-1.4123768735835078,-136.3941946670679,0.018772409067428632,0.07666788565899221,0.002775050958623143,0.0,0.0,0.0,0.0,nm
65.04646000000002,-5.836701435550767,-1.4636647285971136,-136.32846711966533,0.019509939783508484,0.0764125886686228,0.0025653467741107044,0.0,0.0,0.0,0.0,nm
65.05597,-5.7529324618642,-1.514994455727186,-136.28984785837417,0.019066993216168213,0.07672215045693404,0.0024946524034556846,0.0,0.0,0.0,0.0,nm
65.06546300000002,-5.6685479348764725,-1.564068260894415,-136.28341147084524,0.020357824976669728,0.07730878406628709,0.0022906786072291506,0.0,0.0,0.0,0.0,nm
65.09400199999999,-5.397835195534697,-1.7022026195057147,-136.2600751673692,0.021660981746226167,0.07233347214554468,0.0015732170691470225,0.0,0.0,0.0,0.0,nm
65.10351500000002,-5.300454654248657,-1.7490390943989174,-136.21258180006134,0.020929393679891148,0.07035088847856209,0.0014217947285142534,0.0,0.0,0.0,0.0,nm
65.132047,-4.991051820466658,-1.9030101490235465,-135.90856512034574,0.01896174438611094,0.06930375320769208,0.0011418248534975585,0.0,0.0,0.0,0.0,nm
65.14155099999999,-4.8839942469679105,-1.9544322843338968,-135.8757335357328,0.02146042151945172,0.06890719648473878,0.02698494150151768,0.0,0.0,0.0,0.0,nm
65.17009000000002,-4.566800932843384,-2.0973063130346703,-135.64282040461907,0.02218600334650934,0.07097696551111796,0.027704679788354423,0.0,0.0,0.0,0.0,nm
65.17960199999999,-4.463830885037434,-2.139010954707372,-135.66125178259057,0.02215178897937218,0.07106769026205523,0.027972433025957144,0.0,0.0,0.0,0.0,nm
65.18912,-4.362581133564422,-2.179339923025885,-135.68009442966445,0.021888202181873876,0.06958378691917548,0.02773224312282949,0.0,0.0,0.0,0.0,nm
65.19862899999998,-4.262960226963913,-2.217652766921946,-135.6993676276509,0.021222173831466375,0.06842156281646894,0.026810573388563057,0.0,0.0,0.0,0.0,nm
65.20814000000001,-4.163462117423477,-2.2585061562797635,-135.71890451782252,0.019942747533066945,0.06579487458541863,0.031048722312797202,0.0,0.0,0.0,0.0,nm
65.21765599999998,-4.063879255892895,-2.299008346825763,-135.737954126403,0.01730764765166878,0.06603525174399487,0.0001557818929691638,0.0,0.0,0.0,0.0,nm
65.22717399999999,-3.9622232845067895,-2.340767249684655,-135.69647090562825,0.01822576787432446,0.06504391131395237,-4.5839629921259474e-05,0.0,0.0,0.0,0.0,nm
65.25568299999998,-3.6613198207288113,-2.449014274209062,-135.65784518285204,0.021212654238677926,0.067887695209332,0.02976609356056445,0.0,0.0,0.0,0.0,nm
65.265199,-3.563919485221265,-2.476854119122375,-135.6780298824535,0.022910026343461103,0.07066838796158562,0.028770287488527533,0.0,0.0,0.0,0.0,nm
65.27471700000001,-3.4685142879864554,-2.5032827997247584,-135.69858889032255,0.020721395732415687,0.06932055997777757,0.027275073119757385,0.0,0.0,0.0,0.0,nm
65.28423099999998,-3.3776158149663,-2.5266164159116475,-135.7187619785708,0.019746875941520615,0.06976022431803319,0.02523471698594695,0.0,0.0,0.0,0.0,nm
65.32227999999998,-3.0213876709984704,-2.6179808111988945,-135.79753415594962,0.019939442374973707,0.06519366142706481,0.028505084147428215,0.0,0.0,0.0,0.0,nm
65.33178300000003,-2.9335796353749073,-2.6405524056537364,-135.81745356542217,0.019858685670458533,0.06435221275161701,0.0266586342806767,0.0,0.0,0.0,0.0,nm
65.341296,-2.8476784403865434,-2.659905062552879,-135.8374979110569,0.019426578975745793,0.06626648917320842,-0.001099049487011292,0.0,0.0,0.0,0.0,nm
65.35080499999998,-2.7643041473525787,-2.6757802912856237,-135.85774919586237,0.021373766260655614,0.06724979982337892,0.026801268752974478,0.0,0.0,0.0,0.0,nm
65.36022200000002,-2.6837821046935004,-2.686545460388452,-135.87760499006134,0.022512723403796075,0.0687260505640805,0.03052281607554362,0.0,0.0,0.0,0.0,nm
65.37934000000001,-2.5313877916282643,-2.698427311635211,-135.6676062482485,0.021764323913914765,0.06641523115038257,0.029606187752415337,0.0,0.0,0.0,0.0,nm
65.38884999999999,-2.461794395690306,-2.7010689740083293,-135.68628205854222,0.02027117223003212,0.06613108411410619,0.027408484872910897,0.0,0.0,0.0,0.0,nm
65.39835800000003,-2.394375481944913,-2.703084950624114,-135.7052467951548,0.020084184895136997,0.06355432243450244,0.02684945413573298,0.0,0.0,0.0,0.0,nm
65.417373,-2.2699094086291565,-2.707251580588267,-135.7448585610979,0.018621587929145283,0.06262130620603168,0.030208643942380774,0.0,0.0,0.0,0.0,nm
65.426895,-2.21021015199736,-2.708016642282139,-135.76617759975954,0.02070325148302807,0.06232362366361737,0.030987174756672297,0.0,0.0,0.0,0.0,nm
65.43641300000002,-2.1533482478035797,-2.7058974303190935,-135.78826585416468,0.021579292592203085,0.06332917202517442,0.02866121239128062,0.0,0.0,0.0,0.0,nm
65.45542999999998,-2.0494380321669907,-2.6959428932430747,-135.8314854742602,0.019489926872122587,0.06350292204145074,0.028663512624583876,0.0,0.0,0.0,0.0,nm
65.48398300000002,-1.9352448093630539,-2.663692731782911,-135.89032966676416,0.020207380497370104,0.0648692842517595,0.029951867423290052,0.0,0.0,0.0,0.0,nm
65.49348300000003,-1.9065426662211837,-2.6474576002626122,-135.90850582855856,0.021243316855891564,0.06380483887427894,0.030850500487931764,0.0,0.0,0.0,0.0,nm
65.52200199999999,-1.8521396995538322,-2.5687340399163405,-135.7744714928019,0.02079349452554336,0.06320686508283548,0.03131661015535011,0.0,0.0,0.0,0.0,nm
65.531518,-1.8453910171253285,-2.532823154141978,-135.77469884803168,0.022143469452297632,0.0648548023089442,0.027565840618810223,0.0,0.0,0.0,0.0,nm
65.54102999999998,-1.8435083969794075,-2.505371221496782,-135.795482106104,0.01949556969295169,0.061626260114126016,0.027494563966468162,0.0,0.0,0.0,0.0,nm
65.58858300000003,-1.8949297914689152,-2.397067234496717,-135.99884510164372,0.021819201872156094,0.06623881916422984,0.030372440426832528,0.0,0.0,0.0,0.0,nm
65.598098,-1.9219041633777854,-2.3661604598475425,-136.01855939562319,0.026483314890382335,0.07178634622172514,0.028921013579009825,0.0,0.0,0.0,0.0,nm
65.60767900000002,-1.9545497286479079,-2.3183280167279268,-136.0393065045481,0.03133050083096069,0.07600640237708761,0.02749089029632727,0.0,0.0,0.0,0.0,nm
65.63614799999999,-2.080077988811598,-2.1457661141099225,-136.10233724502956,0.021791633846182275,0.06340861619225895,0.031669114143782685,0.0,0.0,0.0,0.0,nm
65.664673,-2.226889730766379,-2.0372126968854634,-136.16001733655023,0.009797323245470236,0.05021973868670419,0.0251478810763205,0.0,0.0,0.0,0.0,nm
65.67418800000002,-2.2779459589940503,-2.0171393526574897,-136.17903427702794,0.013110651359069877,0.05338352614865615,0.02651725814617784,0.0,0.0,0.0,0.0,nm
65.68370800000002,-2.3311302145916324,-1.9938188638266485,-136.19909578098523,0.018808302816302955,0.059881289795156965,0.02607464151264116,0.0,0.0,0.0,0.0,nm
65.69321000000002,-2.388591488793389,-1.968729650213709,-136.2207987445634,0.022653599746111044,0.06666774651233037,0.028926197421019605,0.0,0.0,0.0,0.0,nm
65.74075099999999,-2.743369132669612,-1.6979404637941675,-136.15469625423603,0.021623078236010188,0.0673862001609667,0.029859348995301904,0.0,0.0,0.0,0.0,nm
65.75028000000003,-2.8198096932620076,-1.6358351417543007,-136.17192024783535,0.015582628206102806,0.05993694457624129,0.026065715795036734,0.0,0.0,0.0,0.0,nm
65.75978700000002,-2.8982950545517006,-1.5944874194376573,-136.18871726759374,0.005357727541061623,0.0533529993708369,0.0006263493933946536,0.0,0.0,0.0,0.0,nm
65.769293,-2.976220629576545,-1.5685485669361154,-136.20692435705215,0.006096912554072521,0.05019979792571334,0.02789681982875724,0.0,0.0,0.0,0.0,nm
65.778817,-3.057934733044743,-1.5477194005469934,-136.2271784306936,0.009915340381220362,0.054499840130022466,0.0005243703239196495,0.0,0.0,0.0,0.0,nm
65.788317,-3.140690349745873,-1.5282213013412398,-136.2494005436451,0.019579020699644647,0.06079295680586992,0.02589874231783123,0.0,0.0,0.0,0.0,nm
65.79783800000001,-3.219962654069185,-1.501661115315132,-136.27343799514765,0.02801166526349746,0.06614694847117863,0.026156821792867588,0.0,0.0,0.0,0.0,nm
65.82637599999998,-3.436830383033248,-1.3332843805266386,-136.24119885297668,0.0330217137714479,0.07117062048900455,1.521887348557202e-05,0.0,0.0,0.0,0.0,nm
65.835872,-3.5010298173356253,-1.2657093550094527,-136.0787165967245,0.028248270672131832,0.06868766701701755,0.00032626702403587636,0.0,0.0,0.0,0.0,nm
65.84537799999998,-3.5612276466736694,-1.2002973073777232,-136.00130371757155,0.021486240283694794,0.06556520540831771,0.0007287758515603707,0.0,0.0,0.0,0.0,nm
65.85490399999998,-3.619369029169144,-1.1410047926743934,-136.01867420144094,0.013694047576156308,0.06204673533313738,0.027977527546183784,0.0,0.0,0.0,0.0,nm
65.88343200000003,-3.836918958353039,-1.0537413046786737,-136.07903266248428,-0.01034521310007194,0.05844966888047946,0.0292408703552041,0.0,0.0,0.0,0.0,nm
65.89295400000003,-3.939559406037705,-1.0586671224415913,-136.1023618989973,-0.008771643462450343,0.06195074176454508,0.03119986895021368,0.0,0.0,0.0,0.0,nm
65.90245600000003,-4.058441157893917,-1.0662000463235535,-136.1250918717161,0.0026835676412579534,0.07004771628107631,0.033737977600077525,0.0,0.0,0.0,0.0,nm
65.91197199999999,-4.1858737505348635,-1.064963726293586,-136.147232835417,0.019691037738326006,0.07595818782300025,0.034383437639482685,0.0,0.0,0.0,0.0,nm
65.921468,-4.315225336657078,-1.045642255038102,-136.1688370849771,0.03743243299588057,0.07982397440852794,0.03146657762339667,0.0,0.0,0.0,0.0,nm
65.930991,-4.436893582463671,-1.0027378356982264,-136.1902027059772,0.0673600418462817,0.06180466681584193,0.024569785187294652,0.0,0.0,0.0,0.0,nm
65.94050199999998,-4.540609452178293,-0.9412463912119353,-136.21113911877663,0.06522569790533483,0.06252485770612057,-0.0014844466620525195,0.0,0.0,0.0,0.0,nm
65.969019,-4.7004091104389705,-0.7481142474208897,-136.21361664504045,0.03391160729085763,0.03250459501101735,-0.0006133755331656927,0.0,0.0,0.0,0.0,nm
65.98804999999999,-4.713331785626773,-0.7191034043610791,-136.18100515127597,-0.004162574041104768,0.04154755018939023,0.002386123126807195,0.0,0.0,0.0,0.0,nm
65.99755199999998,-4.724766025728781,-0.7377427830528841,-136.1772447411739,-0.012765310153560786,0.0559373834969883,0.003686326364522176,0.0,0.0,0.0,0.0,nm
66.00707499999999,-4.75637246574169,-0.7648329860790645,-136.15435250216197,-0.00981512027564479,0.073788316930333,0.031617589170127296,0.0,0.0,0.0,0.0,nm
66.01658600000002,-4.818772886121868,-0.783561830721019,-136.14200020035167,0.0009064461268598377,0.09503335369487718,0.04363436403380784,0.0,0.0,0.0,0.0,nm
66.02610800000002,-4.914783199768076,-0.7794367346180504,-136.16557183603567,0.016013596007027908,0.10961323277700777,0.047786581971696274,0.0,0.0,0.0,0.0,nm
66.03561200000001,-5.040332309738844,-0.7486167923157204,-136.19100295473876,0.02860697637743284,0.1133420961517315,0.047985044140517075,0.0,0.0,0.0,0.0,nm
66.04512299999999,-5.182273512946559,-0.6923815933824813,-136.2166591007659,0.038674218190998116,0.10371987778336744,0.04008533958733594,0.0,0.0,0.0,0.0,nm
66.05462799999998,-5.323917542696253,-0.6246479976653101,-136.24072610277676,0.04122706648501109,0.08189076729450209,0.0321976197131966,0.0,0.0,0.0,0.0,nm
66.06415299999998,-5.446006046401738,-0.5613023939589666,-136.26201830770248,0.046391748904226766,0.044391793147234446,-0.000629050687533437,0.0,0.0,0.0,0.0,nm
66.09267699999998,-5.584145999972749,-0.5472883717574054,-136.31157929464317,0.0,0.0,0.0,0.0,0.0,0.0,0.0,nm
66.111696,-5.516201995493464,-0.6680241928424526,-136.01135681681524,0.027349509173856132,0.02640063953153326,-0.0004432222680010049,0.0,0.0,0.0,0.0,nm
66.121215,-5.482450484332279,-0.7218376758849779,-135.98761933558563,0.014704922123027075,0.07814173387653782,0.0035963563322804265,0.0,0.0,0.0,0.0,nm
66.13071300000001,-5.468967877528772,-0.7489573499236576,-135.93858965290573,0.0240831225041029,0.1045079754447948,0.040362359709785266,0.0,0.0,0.0,0.0,nm
66.140219,-5.488084373037135,-0.7396671450701183,-135.90438200061217,0.02872377772396601,0.12374282381050761,0.04686156079054525,0.0,0.0,0.0,0.0,nm
66.14974000000001,-5.539935181894988,-0.6991089716452862,-135.86653975805356,0.028246197652561342,0.12519943257551872,0.04646423367208621,0.0,0.0,0.0,0.0,nm
66.159247,-5.622519839111289,-0.6445340766400064,-135.83910836830208,0.020730325504661296,0.11033482480293916,0.039820873074255275,0.0,0.0,0.0,0.0,nm
66.17827,-5.8113286291531425,-0.5745375204787281,-135.80002916363154,-0.0009824178957088413,0.05115013323892051,0.003451502611164091,0.0,0.0,0.0,0.0,nm
66.18777799999998,-5.887302137217499,-0.5962960153408199,-135.76452671342244,0.0,0.0,0.0,0.0,0.0,0.0,0.0,nm
66.19729999999998,-5.937038027366597,-0.6622597658078426,-135.75097582501039,0.0,0.0,0.0,0.0,0.0,0.0,0.0,nm
66.20680299999998,-5.956015501508708,-0.7529776708715941,-135.75216300659363,0.0,0.0,0.0,0.0,0.0,0.0,0.0,nm
66.216317,-5.942252698138052,-0.8451740545561093,-135.73249992571198,0.03292819949009772,0.03209683928100911,-0.0006783536092649713,0.0,0.0,0.0,0.0,nm
66.23534000000001,-5.8553927171086455,-0.9433695226949614,-135.69022713530924,0.07203609287429424,0.06668265682480702,0.023774987857099947,0.0,0.0,0.0,0.0,nm
66.244842,-5.80055708263485,-0.9341167112595172,-135.68859234923977,0.0553196501770494,0.098436883055433,0.03216952876187827,0.0,0.0,0.0,0.0,nm
66.26387199999999,-5.714925782382421,-0.8484669872578561,-135.70779178494467,0.02587714759844722,0.09220685353055583,0.033850630423102226,0.0,0.0,0.0,0.0,nm
66.27338400000002,-5.693328837886038,-0.8110915852107613,-135.708509948376,0.005366563014387125,0.07765898556480307,0.033353213652895265,0.0,0.0,0.0,0.0,nm
66.282894,-5.686953005539857,-0.80481868552453,-135.64488946176218,-0.013537203608288024,0.05901859328697332,0.03173326495995334,0.0,0.0,0.0,0.0,nm
66.29240199999998,-5.690785487358134,-0.8362127315433664,-135.47432222150067,-0.033484005428249614,0.03470078131862736,0.03160021610134753,0.0,0.0,0.0,0.0,nm
66.30190399999998,-5.700849268248911,-0.9045029449538233,-135.24654392434852,-0.031706980536142654,0.03208199260123029,0.0045023253315452615,0.0,0.0,0.0,0.0,nm
66.31142,-5.714479643293907,-0.9943802961389889,-135.1558374070254,-0.008957245977683234,0.04513295153195369,0.0033927154217994284,0.0,0.0,0.0,0.0,nm
66.33043600000002,-5.72765803045363,-1.1464667075305002,-135.10757100149382,0.05669181425838666,0.05647933877277213,-0.001601468093790501,0.0,0.0,0.0,0.0,nm
66.34947399999999,-5.674451497797553,-1.1535540566976104,-135.00402916207761,0.07116792890855304,0.07115792024962721,-0.002026482190259922,0.0,0.0,0.0,0.0,nm
66.35898100000003,-5.615568989703111,-1.1235477095655624,-134.94440857683222,0.0565932842422114,0.056703210582635666,-0.0015711810741572453,0.0,0.0,0.0,0.0,nm
66.36849699999999,-5.5416897164202945,-1.0990785460110322,-134.8824470577597,0.017859097815220333,0.05411681558397157,0.0015003991227724432,0.0,0.0,0.0,0.0,nm
66.387517,-5.394040389237505,-1.160195602635795,-134.74002601602652,-0.02870243891327051,0.028552114225191026,0.0038219409326592578,0.0,0.0,0.0,0.0,nm
66.39701400000001,-5.335473043923368,-1.2501327247203715,-134.60369494870656,-0.03045843904948527,0.031038373624422945,0.0325738961920584,0.0,0.0,0.0,0.0,nm
66.41604999999998,-5.267251198488106,-1.42517703425394,-134.59193381551856,0.013737551084443874,0.07903634450095298,0.030816843180321733,0.0,0.0,0.0,0.0,nm
66.42556100000002,-5.251485545172556,-1.4763817553968328,-134.588123017956,0.03075642499740504,0.09167616391175333,0.03137422766659462,0.0,0.0,0.0,0.0,nm
66.44458200000003,-5.22425256524569,-1.4747105643190546,-134.64305599532594,0.04501506902500401,0.0893392326139649,0.033212479290818546,0.0,0.0,0.0,0.0,nm
66.45409699999999,-5.201912720440997,-1.4520198836791474,-134.66140804561292,0.03835946685634794,0.0731743950004182,0.027118145759501194,0.0,0.0,0.0,0.0,nm
66.46361200000001,-5.167095730416916,-1.4367521712935964,-134.67242611856972,0.041295160922105625,0.04177007018892999,-0.0014731997967206891,0.0,0.0,0.0,0.0,nm
66.473116,-5.114418660605585,-1.436822062467297,-134.67885315667317,0.0267223204645124,0.02702357310414959,-0.0009532537429652138,0.0,0.0,0.0,0.0,nm
66.511169,-4.807246091977634,-1.710690765091233,-134.7473320667538,-0.00020362930755246354,0.04053951489171723,0.03239688263766628,0.0,0.0,0.0,0.0,nm
66.52067399999999,-4.740951654270199,-1.7989324621860596,-134.77715794392537,0.017797692817654594,0.06343593245412926,0.03188430870690484,0.0,0.0,0.0,0.0,nm
66.53018600000001,-4.6815124966662465,-1.8581179677681736,-134.80415459786462,0.038302440957022926,0.08507207797630684,0.029115638121003207,0.0,0.0,0.0,0.0,nm
66.539691,-4.625995263270899,-1.87171189506935,-134.82492504718456,0.05454980989437063,0.10199067479702023,0.029238530067116925,0.0,0.0,0.0,0.0,nm
66.54921300000001,-4.569336787970569,-1.8342792509242962,-134.8378781357785,0.05927790792697857,0.108420647505003,0.029752695484575566,0.0,0.0,0.0,0.0,nm
66.558719,-4.508715116682927,-1.762863206123869,-134.84408836492412,0.049044545948355285,0.09970945096395659,0.03293170567195231,0.0,0.0,0.0,0.0,nm
66.577744,-4.4005064025587695,-1.6427025104229773,-134.8541176312933,-0.005029588605218911,0.05330799295846024,0.03191110856183923,0.0,0.0,0.0,0.0,nm
66.58724699999999,-4.365418146114363,-1.6457940175041492,-134.8662703413893,-0.02864975294321951,0.02982650635037885,0.03231879330684347,0.0,0.0,0.0,0.0,nm
66.59675099999998,-4.345007364844659,-1.702088936096687,-134.88614896780703,-0.02795109182765545,0.02796617509681976,0.0030028920279215154,0.0,0.0,0.0,0.0,nm
66.606268,-4.331099899849534,-1.7936154596564036,-134.91289733815086,-0.022092141181458542,0.022129741538007466,0.002367076070158343,0.0,0.0,0.0,0.0,nm
66.61578700000001,-4.316258364804048,-1.8908926255421283,-134.9446761320003,0.018482299085190036,0.018518026005302203,-0.0008637592100048064,0.0,0.0,0.0,0.0,nm
66.625293,-4.294026491586231,-1.9696677334754236,-134.8487667104706,0.04005646551220063,0.040268485225452705,-0.0019533427275506385,0.0,0.0,0.0,0.0,nm
66.634794,-4.252291204043514,-2.009592326133927,-134.78764571799414,0.05991502509449338,0.060360803201129555,-0.0029842129553080735,0.0,0.0,0.0,0.0,nm
66.65382599999998,-4.11058772381803,-1.9632906963394567,-134.73748057234076,0.07439988267130715,0.07508480062595706,-0.003623416477470402,0.0,0.0,0.0,0.0,nm
66.663341,-4.022060384405425,-1.898897215847763,-134.67931638987557,0.0673637825292772,0.06812210289637383,-0.0031763162263104285,0.0,0.0,0.0,0.0,nm
66.67283400000002,-3.934142999248455,-1.8274436446470435,-134.59279348523575,0.03099842424050278,0.07835083873993759,0.030228729146714425,0.0,0.0,0.0,0.0,nm
66.71088900000001,-3.755828525287815,-1.775681401542688,-134.63413080602874,-0.03481304515302943,0.03575341404260578,0.03172614774214438,0.0,0.0,0.0,0.0,nm
66.720414,-3.76358943033,-1.8334380903632745,-134.6555501916095,-0.030819828175795753,0.031787610810914226,0.029691990357466065,0.0,0.0,0.0,0.0,nm
66.72992700000003,-3.78021222060988,-1.8952625263938092,-134.68132288786575,0.003958143194377066,0.05429612683894697,0.029056454447552994,0.0,0.0,0.0,0.0,nm
66.73934000000003,-3.7926135914715897,-1.9354154708883697,-134.70952359275313,0.03185796600063357,0.06649232675433672,0.02810769693282511,0.0,0.0,0.0,0.0,nm
66.777469,-3.6746067754516885,-1.7536394231975592,-134.80541103070084,0.05593707048130953,0.056318315733080646,-0.0024302335087036807,0.0,0.0,0.0,0.0,nm
66.786989,-3.605895765743866,-1.6837683877575738,-134.81821452382798,0.037213761569308716,0.037450654269700456,-0.00155197822936922,0.0,0.0,0.0,0.0,nm
66.79649899999998,-3.53640666502714,-1.6446734950350952,-134.82795610565717,-0.0013504107159981289,0.039130058498603605,0.0009952316487926998,0.0,0.0,0.0,0.0,nm
66.80600300000003,-3.472916236205253,-1.640081380293137,-134.83701022016677,-0.023450510006725753,0.024474411267442653,0.028652824906511533,0.0,0.0,0.0,0.0,nm
66.85355400000003,-3.3745826416076476,-1.7503825702878357,-134.93522016483502,0.034342104580633394,0.09294669763708646,0.037262858606009426,0.0,0.0,0.0,0.0,nm
66.86306100000002,-3.386366610408193,-1.7008158923452248,-134.95939154662977,0.04487610734774687,0.0959614994134593,0.03600444690586514,0.0,0.0,0.0,0.0,nm
66.872592,-3.399420815036268,-1.6321840251818245,-134.97994750418357,0.043124401798027304,0.08744320690286629,0.029922047194480335,0.0,0.0,0.0,0.0,nm
66.882093,-3.4054350549578682,-1.557381851036039,-134.99552507655764,0.03635064237056927,0.07020653924449985,0.029304208381593342,0.0,0.0,0.0,0.0,nm
66.90112800000003,-3.389822050969718,-1.4438209805661237,-135.02011648636724,0.024898630186733522,0.024881152558004042,-0.0008871982626702552,0.0,0.0,0.0,0.0,nm
66.91062900000003,-3.3643780981647513,-1.428285232954972,-135.03377076958773,0.0,0.0,0.0,0.0,0.0,0.0,0.0,nm
66.92013300000002,-3.3308195489002963,-1.4356330475533223,-135.05145948987015,0.0,0.0,0.0,0.0,0.0,0.0,0.0,nm
66.93914699999999,-3.2607033709424424,-1.477399401963109,-135.09934571026253,0.008416019343131537,0.05683500238384107,0.000767302874811199,0.0,0.0,0.0,0.0,nm
66.95817299999999,-3.2213926120868916,-1.466885692352814,-135.1494402385945,0.03145404266364513,0.08737416042385332,0.03687255779198049,0.0,0.0,0.0,0.0,nm
66.96768700000001,-3.22373396929293,-1.421721820859234,-135.16864748188084,0.035317695215613835,0.09517972269905724,0.03761114713613823,0.0,0.0,0.0,0.0,nm
66.98672299999998,-3.256628749402375,-1.27664503451349,-135.19453628513776,0.029264314213668048,0.08320334976503392,0.032508691775821545,0.0,0.0,0.0,0.0,nm
66.996239,-3.2771280888881273,-1.2014272272945978,-135.20499061683577,0.01794849070581424,0.06679716677341556,0.0007363744426482792,0.0,0.0,0.0,0.0,nm
67.00573800000001,-3.294070151167456,-1.1487017708395932,-135.21834592680335,0.006055576721228356,0.04769341865197852,0.0009434264478526283,0.0,0.0,0.0,0.0,nm
67.01525300000003,-3.3091850961131906,-1.1271111499188085,-135.23556477867413,-0.019597462330920287,0.01980427370318614,0.0016106594693868152,0.0,0.0,0.0,0.0,nm
67.03425400000003,-3.3290902303514573,-1.1558556184578939,-135.2811830523316,0.020576831196484735,0.020375851423732962,-0.0005842684886139594,0.0,0.0,0.0,0.0,nm
67.04378000000003,-3.3356303422911258,-1.1782577749622787,-135.3069403176551,0.034910716877974285,0.034538664706769355,-0.0010100398890336842,0.0,0.0,0.0,0.0,nm
67.053292,-3.33670406584649,-1.181973700054768,-135.3323250858709,0.05301673718572197,0.05035919055350721,0.02345578326986814,0.0,0.0,0.0,0.0,nm
67.06280500000003,-3.330430008272133,-1.1530857617603298,-135.3558170282284,0.06543193534206827,0.062444756373726686,0.02483252662773283,0.0,0.0,0.0,0.0,nm
67.07230800000002,-3.31795044221196,-1.0973616260973185,-135.37598737549428,0.04682405636774524,0.0851934626607743,0.028734699332526925,0.0,0.0,0.0,0.0,nm
67.08183200000002,-3.305209400277514,-1.0252413316070896,-135.39364533135694,0.03451693006527277,0.08297540963606366,0.02866956147539157,0.0,0.0,0.0,0.0,nm
67.10084799999998,-3.308363941088689,-0.9086802097966011,-135.42440257262487,-0.0019068087069450635,0.05997960556100932,0.029520451963786144,0.0,0.0,0.0,0.0,nm
67.11987599999998,-3.3797694560940807,-0.9077710917512324,-135.45538215108792,-0.029644880423369553,0.030885196880292568,0.033880348016168675,0.0,0.0,0.0,0.0,nm
67.12938400000002,-3.431475776239527,-0.937167500989113,-135.47298126184597,-0.003787054241430686,0.048423267880084386,0.030209078759167413,0.0,0.0,0.0,0.0,nm
67.13890800000001,-3.4829836717192486,-0.9675197004362929,-135.49210139762727,0.01283724295631823,0.055974125751618864,0.0010648830023005892,0.0,0.0,0.0,0.0,nm
67.14839799999999,-3.5281835067668674,-0.9819809396340508,-135.51412616238633,0.04982443703038651,0.04893819693948718,-0.0011970660178875986,0.0,0.0,0.0,0.0,nm
67.157916,-3.559834758459231,-0.9679705793386648,-135.53872673321226,0.06467716131621203,0.06124044327154242,0.024103075057332907,0.0,0.0,0.0,0.0,nm
67.16742900000003,-3.578680886632357,-0.9242175610407815,-135.56459465921105,0.07134882302135467,0.0676277956573415,0.025003234340092793,0.0,0.0,0.0,0.0,nm
67.17694499999999,-3.584050837154754,-0.8586010651997966,-135.59003405730397,0.06948223894211748,0.06575707094440553,0.02489943837730704,0.0,0.0,0.0,0.0,nm
67.20547599999998,-3.5482823192284068,-0.6750641975589958,-135.647376493098,0.00507282945693137,0.046602380920097435,0.001419943665741798,0.0,0.0,0.0,0.0,nm
67.21499399999999,-3.537000975990382,-0.6662392167215693,-135.66020717389074,-0.026375969050396006,0.027029768762935717,0.002334214209965988,0.0,0.0,0.0,0.0,nm
67.22449899999998,-3.5375809842962043,-0.6908439735584688,-135.67453198999303,-0.031632766339939035,0.03243481862359726,0.002800669136750423,0.0,0.0,0.0,0.0,nm
67.23400800000002,-3.5544407261785027,-0.7361890898902422,-135.6928149238454,-0.03329309806557209,0.034697620802960065,0.03204375449222924,0.0,0.0,0.0,0.0,nm
67.24351999999999,-3.5940110486518866,-0.7864994521379273,-135.71594019455424,-0.00270931087702788,0.06748409101088705,0.03311879733254249,0.0,0.0,0.0,0.0,nm
67.25302700000003,-3.6514075340750836,-0.8217665260223221,-135.6411050926463,0.018598860194784288,0.08426611038463049,0.03606251330621286,0.0,0.0,0.0,0.0,nm
67.26253200000002,-3.721258070148645,-0.8279656284493605,-135.5712208950479,0.0389391736701229,0.09462646389657417,0.03640741500853405,0.0,0.0,0.0,0.0,nm
67.272039,-3.793226260128932,-0.7968322542308719,-135.5999922765482,0.053432197906548615,0.09749959354140732,0.034659128631821856,0.0,0.0,0.0,0.0,nm
67.28155700000002,-3.85876907812909,-0.737797871948599,-135.62421939576325,0.05718120117340091,0.08893758074751941,0.030169048504659547,0.0,0.0,0.0,0.0,nm
67.29107700000003,-3.9101506315155414,-0.6677033265381985,-135.6419409450832,0.06120928460238341,0.057445053596723916,0.024210288199618204,0.0,0.0,0.0,0.0,nm
67.32910500000003,-3.9536575112932373,-0.6367859512790032,-135.69973433225806,0.0,0.0,0.0,0.0,0.0,0.0,0.0,nm
67.33862199999999,-3.949061506667606,-0.7033231136585747,-135.7256437036012,-0.019976074679467708,0.020523346585316012,0.001976971140634924,0.0,0.0,0.0,0.0,nm
67.34814399999999,-3.9506299830310345,-0.7666472011645621,-135.75711828175767,0.011040748975418688,0.059788970102841746,0.027384879196162334,0.0,0.0,0.0,0.0,nm
67.357642,-3.963988694562676,-0.8103834720453281,-135.7900164906798,0.023649737248564163,0.08169038128904321,0.032901030813560266,0.0,0.0,0.0,0.0,nm
67.367167,-3.9919573373906854,-0.8235346013011012,-135.81963719450937,0.03316683219832662,0.09722244382973808,0.037410026625304155,0.0,0.0,0.0,0.0,nm
67.37666999999999,-4.034914471649565,-0.8051997558548826,-135.84357444283836,0.03648111865187045,0.10245042889755127,0.03656578780423193,0.0,0.0,0.0,0.0,nm
67.38618300000002,-4.090029135331277,-0.7699552069298784,-135.86010224476107,0.03128652806431684,0.09394379365646732,0.036688268067131845,0.0,0.0,0.0,0.0,nm
67.39569999999998,-4.152545988597262,-0.7323176854607973,-135.87150756877477,0.022132174928104324,0.07780147232369838,0.032315154001158176,0.0,0.0,0.0,0.0,nm
67.43373100000002,-4.359457624974294,-0.820577133455124,-135.6824764829136,0.0,0.0,0.0,0.0,0.0,0.0,0.0,nm
67.44323800000001,-4.383241987503907,-0.8940930561353531,-135.67339966054533,0.026175345099157046,0.025567185005247326,-0.000571028787209866,0.0,0.0,0.0,0.0,nm
67.45275099999998,-4.395789495341343,-0.9626479980262512,-135.70586768570786,0.039793242218954306,0.03882464325668885,-0.0009341681728146971,0.0,0.0,0.0,0.0,nm
67.46226899999999,-4.401378932385892,-1.0099170359625718,-135.73628181449766,0.05520809582258697,0.051051902243196466,0.02431359351770836,0.0,0.0,0.0,0.0,nm
67.47177599999998,-4.405477874013609,-1.0280466483304855,-135.761737247223,0.04240101014361343,0.08265915463877077,0.030177335073569934,0.0,0.0,0.0,0.0,nm
67.48130200000003,-4.41225340992173,-1.0216002444187977,-135.78086232810514,0.0395667644373664,0.08752343121066615,0.03035305428382172,0.0,0.0,0.0,0.0,nm
67.509816,-4.478010622070949,-0.9867812016519576,-135.65840563485298,0.003187862596983453,0.05916511731718497,0.030970777267060906,0.0,0.0,0.0,0.0,nm
67.52884399999999,-4.5628320842395835,-1.0681149733264292,-135.52487221095495,-0.027715560486391826,0.02831218890837497,0.003161317829319258,0.0,0.0,0.0,0.0,nm
67.53835400000003,-4.610706210107734,-1.1369203069334486,-135.5272611885852,-0.003603680806521769,0.047752080370931184,0.0023393352228654046,0.0,0.0,0.0,0.0,nm
67.54787099999999,-4.658426051341307,-1.2087239120228366,-135.51504290649876,0.007244293017617409,0.05589196133778847,0.0019008132672558382,0.0,0.0,0.0,0.0,nm
67.56688600000001,-4.739628040458992,-1.3071699276754256,-135.4791238361981,0.03595413448369328,0.07107208171957984,0.02873176691089442,0.0,0.0,0.0,0.0,nm
67.576389,-4.771631880071354,-1.3210741628832532,-135.46190641527735,0.042770554382633184,0.07666252233624922,0.02851029088488532,0.0,0.0,0.0,0.0,nm
67.595439,-4.808884334722846,-1.3079718428775202,-135.49675935033875,0.052672027391282586,0.04872231722852713,0.024176817645024485,0.0,0.0,0.0,0.0,nm
67.60492900000003,-4.817026911430164,-1.3005317771861775,-135.4375206836669,0.0216397989286752,0.05912118304641726,0.0009789191069892681,0.0,0.0,0.0,0.0,nm
67.61444599999999,-4.8186073497815025,-1.3084674981997244,-135.37700471801548,0.010081519979013775,0.04980990830372775,0.0014291533943261198,0.0,0.0,0.0,0.0,nm
67.62396100000001,-4.81966236343141,-1.3359397480114659,-135.3260965342588,0.000722585808977931,0.046055662513832044,0.0019522890251379122,0.0,0.0,0.0,0.0,nm
67.63347800000003,-4.823218812624373,-1.3772417631227882,-135.28403750177182,-0.0021752316730995302,0.049294210651527656,0.002289077876472584,0.0,0.0,0.0,0.0,nm
67.642987,-4.833274825315412,-1.4278230604777569,-135.24538546387421,-0.00021492164049331482,0.0554765965043205,0.0023752410268245683,0.0,0.0,0.0,0.0,nm
67.652489,-4.850181104142347,-1.4764378642256486,-135.22284146285642,0.00768115312858194,0.06361129245558254,0.030905732830855858,0.0,0.0,0.0,0.0,nm
67.66200100000003,-4.874042510296715,-1.5140730240907614,-135.1939843194448,0.016036254114971723,0.07247665967580356,0.03261310090679187,0.0,0.0,0.0,0.0,nm
67.67151100000001,-4.9022298229112335,-1.536111555944077,-135.17495351938007,0.023004160742386846,0.07645158748305152,0.03398863600098186,0.0,0.0,0.0,0.0,nm
67.68102499999998,-4.934433623966479,-1.5445387178418581,-135.19385780691292,0.026187410087026186,0.07688177326016322,0.03234969041501833,0.0,0.0,0.0,0.0,nm
67.70005700000002,-4.996256889869781,-1.5405643055395415,-135.22886426494466,0.02248833015067709,0.06478569389992685,0.000980707934068901,0.0,0.0,0.0,0.0,nm
67.70955600000002,-5.018140929699742,-1.5411892501591422,-135.24636884331397,0.0192839587406561,0.0562552509748742,0.0008824202204990399,0.0,0.0,0.0,0.0,nm
67.72858100000002,-5.034791067140762,-1.5660429362098784,-135.06418220627495,0.029879258421987017,0.029812392354746517,-0.0011539528528882348,0.0,0.0,0.0,0.0,nm
67.738091,-5.026380265766963,-1.5906480008888257,-134.97975379521233,0.029965975326210724,0.029987160543120433,-0.0011772263642134842,0.0,0.0,0.0,0.0,nm
67.76663300000001,-4.9778339778819465,-1.660860792118087,-134.97373414041147,0.01809794780169021,0.06445432140091585,0.028316268735833663,0.0,0.0,0.0,0.0,nm
67.776138,-4.966047179631645,-1.6701315257999396,-134.99187369182388,0.019202973981505823,0.07097583700835518,0.03140421537466739,0.0,0.0,0.0,0.0,nm
